ID	Split	Source
mol_0	val	assigned
mol_1	val	sampled
mol_2	train	assigned
mol_3	train	assigned
mol_4	val	sampled
mol_5	train	assigned
mol_6	train	sampled
mol_7	train	sampled
mol_8	train	assigned
mol_9	train	assigned
mol_10	val	assigned
mol_11	train	assigned
mol_12	train	assigned
mol_13	val	sampled
mol_14	train	assigned
mol_15	val	assigned
mol_16	val	assigned
mol_17	val	assigned
mol_18	train	assigned
mol_19	train	assigned
mol_20	val	assigned
mol_21	val	assigned
mol_22	val	assigned
mol_23	val	sampled
mol_24	val	assigned
mol_25	train	assigned
mol_26	val	assigned
mol_27	train	assigned
mol_28	train	assigned
mol_29	val	assigned
mol_30	val	assigned
mol_31	val	assigned
mol_32	train	assigned
mol_33	val	assigned
mol_34	train	sampled
mol_35	val	assigned
mol_36	train	assigned
mol_37	train	assigned
mol_38	train	assigned
mol_39	val	assigned
mol_40	val	sampled
mol_41	val	assigned
mol_42	val	assigned
mol_43	test	sampled
mol_44	train	assigned
mol_45	train	assigned
mol_46	train	assigned
mol_47	val	assigned
mol_48	val	assigned
mol_49	val	sampled
mol_50	val	assigned
mol_51	val	assigned
mol_52	val	sampled
mol_53	val	sampled
mol_54	val	assigned
mol_55	val	assigned
mol_56	val	assigned
mol_57	train	assigned
mol_58	val	assigned
mol_59	train	assigned
mol_60	train	assigned
mol_61	val	sampled
mol_62	train	assigned
mol_63	test	assigned
mol_64	val	assigned
mol_65	val	assigned
mol_66	val	assigned
mol_67	val	assigned
mol_68	val	assigned
mol_69	train	sampled
mol_70	val	sampled
mol_71	val	assigned
mol_72	val	assigned
mol_73	train	assigned
mol_74	test	assigned
mol_75	test	sampled
mol_76	val	assigned
mol_77	train	assigned
mol_78	val	assigned
mol_79	train	assigned
mol_80	train	assigned
mol_81	val	assigned
mol_82	val	assigned
mol_83	val	sampled
mol_84	test	assigned
mol_85	test	sampled
mol_86	val	sampled
mol_87	train	assigned
mol_88	val	sampled
mol_89	train	sampled
mol_90	val	sampled
mol_91	train	assigned
mol_92	val	sampled
mol_93	val	assigned
mol_94	val	assigned
mol_95	val	assigned
mol_96	val	sampled
mol_97	train	assigned
mol_98	train	sampled
mol_99	train	assigned
mol_100	val	assigned
mol_101	val	assigned
mol_102	train	assigned
mol_103	test	assigned
mol_104	val	sampled
mol_105	val	assigned
mol_106	val	assigned
mol_107	train	assigned
mol_108	val	sampled
mol_109	train	sampled
mol_110	train	assigned
mol_111	val	assigned
mol_112	test	assigned
mol_113	test	assigned
mol_114	train	assigned
mol_115	test	assigned
mol_116	train	sampled
mol_117	val	assigned
mol_118	val	assigned
mol_119	val	sampled
mol_120	train	sampled
mol_121	val	assigned
mol_122	val	sampled
mol_123	val	assigned
mol_124	val	assigned
mol_125	val	assigned
mol_126	val	assigned
mol_127	val	sampled
mol_128	train	sampled
mol_129	val	assigned
mol_130	train	sampled
mol_131	val	assigned
mol_132	test	assigned
mol_133	test	sampled
mol_134	test	sampled
mol_135	test	assigned
mol_136	val	assigned
mol_137	test	assigned
mol_138	test	assigned
mol_139	test	sampled
mol_140	test	assigned
mol_141	test	assigned
mol_142	test	assigned
mol_143	test	assigned
mol_144	test	sampled
mol_145	test	assigned
mol_146	val	assigned
mol_147	test	assigned
mol_148	val	assigned
mol_149	train	assigned
mol_150	train	assigned
mol_151	val	assigned
mol_152	train	assigned
mol_153	train	assigned
mol_154	train	assigned
mol_155	train	assigned
mol_156	val	assigned
mol_157	train	assigned
mol_158	train	assigned
mol_159	train	assigned
mol_160	train	assigned
mol_161	train	assigned
mol_162	train	assigned
mol_163	val	assigned
mol_164	train	assigned
mol_165	val	sampled
mol_166	train	assigned
mol_167	train	assigned
mol_168	train	assigned
mol_169	train	assigned
mol_170	val	assigned
mol_171	train	assigned
mol_172	val	sampled
mol_173	train	assigned
mol_174	test	assigned
mol_175	val	assigned
mol_176	train	assigned
mol_177	test	assigned
mol_178	train	assigned
mol_179	val	assigned
mol_180	train	sampled
mol_181	train	sampled
mol_182	train	assigned
mol_183	train	assigned
mol_184	train	assigned
mol_185	train	assigned
mol_186	train	sampled
mol_187	train	sampled
mol_188	train	assigned
mol_189	train	assigned
mol_190	train	assigned
mol_191	val	assigned
mol_192	val	assigned
mol_193	val	assigned
mol_194	train	sampled
mol_195	train	assigned
mol_196	train	sampled
mol_197	train	assigned
mol_198	train	sampled
mol_199	train	assigned
mol_200	train	sampled
mol_201	train	assigned
mol_202	train	assigned
mol_203	val	assigned
mol_204	val	sampled
mol_205	train	assigned
mol_206	val	assigned
mol_207	val	assigned
mol_208	train	assigned
mol_209	train	assigned
mol_210	val	sampled
mol_211	val	assigned
mol_212	train	sampled
mol_213	train	assigned
mol_214	val	assigned
mol_215	val	assigned
mol_216	val	sampled
mol_217	train	sampled
mol_218	train	assigned
mol_219	train	assigned
mol_220	train	assigned
mol_221	train	assigned
mol_222	train	assigned
mol_223	train	assigned
mol_224	train	assigned
mol_225	val	assigned
mol_226	train	assigned
mol_227	train	assigned
mol_228	val	assigned
mol_229	val	assigned
mol_230	train	assigned
mol_231	train	assigned
mol_232	train	assigned
mol_233	train	assigned
mol_234	train	assigned
mol_235	test	assigned
mol_236	train	assigned
mol_237	test	assigned
mol_238	val	assigned
mol_239	train	sampled
mol_240	train	assigned
mol_241	val	sampled
mol_242	train	sampled
mol_243	val	assigned
mol_244	val	assigned
mol_245	val	assigned
mol_246	test	assigned
mol_247	test	assigned
mol_248	train	sampled
mol_249	train	assigned
mol_250	train	assigned
mol_251	val	sampled
mol_252	train	sampled
mol_253	train	assigned
mol_254	val	assigned
mol_255	val	assigned
mol_256	val	assigned
mol_257	train	assigned
mol_258	val	assigned
mol_259	val	assigned
mol_260	val	assigned
mol_261	train	sampled
mol_262	train	sampled
mol_263	test	sampled
mol_264	train	sampled
mol_265	train	assigned
mol_266	train	sampled
mol_267	train	assigned
mol_268	val	sampled
mol_269	val	assigned
mol_270	train	assigned
mol_271	train	assigned
mol_272	val	assigned
mol_273	train	sampled
mol_274	train	sampled
mol_275	train	assigned
mol_276	train	assigned
mol_277	train	sampled
mol_278	train	sampled
mol_279	train	sampled
mol_280	train	assigned
mol_281	val	assigned
mol_282	val	assigned
mol_283	test	sampled
mol_284	test	assigned
mol_285	val	assigned
mol_286	val	assigned
mol_287	val	assigned
mol_288	train	assigned
mol_289	val	assigned
mol_290	train	assigned
mol_291	train	assigned
mol_292	train	assigned
mol_293	train	assigned
mol_294	val	assigned
mol_295	train	assigned
mol_296	val	assigned
mol_297	test	assigned
mol_298	train	sampled
mol_299	val	assigned
mol_300	val	assigned
mol_301	val	assigned
mol_302	val	assigned
mol_303	val	assigned
mol_304	val	sampled
mol_305	val	assigned
mol_306	train	assigned
mol_307	train	assigned
mol_308	train	sampled
mol_309	train	assigned
mol_310	train	sampled
mol_311	train	sampled
mol_312	val	sampled
mol_313	train	sampled
mol_314	train	sampled
mol_315	test	assigned
mol_316	test	sampled
mol_317	val	sampled
mol_318	train	assigned
mol_319	val	assigned
mol_320	train	assigned
mol_321	train	sampled
mol_322	train	sampled
mol_323	val	sampled
mol_324	test	assigned
mol_325	test	assigned
mol_326	train	sampled
mol_327	train	assigned
mol_328	train	assigned
mol_329	val	assigned
mol_330	val	sampled
mol_331	val	assigned
mol_332	val	assigned
mol_333	train	assigned
mol_334	val	sampled
mol_335	val	assigned
mol_336	val	assigned
mol_337	val	assigned
mol_338	train	assigned
mol_339	val	assigned
mol_340	train	assigned
mol_341	train	sampled
mol_342	val	sampled
mol_343	test	sampled
mol_344	val	sampled
mol_345	train	sampled
mol_346	train	sampled
mol_347	val	assigned
mol_348	train	assigned
mol_349	train	assigned
mol_350	train	assigned
mol_351	train	assigned
mol_352	train	assigned
mol_353	val	sampled
mol_354	val	sampled
mol_355	val	assigned
mol_356	val	assigned
mol_357	train	assigned
mol_358	val	assigned
mol_359	train	assigned
mol_360	train	assigned
mol_361	test	sampled
mol_362	test	assigned
mol_363	test	assigned
mol_364	test	assigned
mol_365	test	assigned
mol_366	test	assigned
mol_367	train	assigned
mol_368	train	assigned
mol_369	train	sampled
mol_370	train	assigned
mol_371	val	assigned
mol_372	train	assigned
mol_373	train	sampled
mol_374	val	sampled
mol_375	train	assigned
mol_376	val	sampled
mol_377	val	sampled
mol_378	train	sampled
mol_379	train	assigned
mol_380	train	sampled
mol_381	train	assigned
mol_382	train	sampled
mol_383	train	assigned
mol_384	train	assigned
mol_385	train	sampled
mol_386	train	assigned
mol_387	train	sampled
mol_388	train	assigned
mol_389	train	assigned
mol_390	train	assigned
mol_391	val	assigned
mol_392	val	assigned
mol_393	val	assigned
mol_394	test	assigned
mol_395	val	assigned
mol_396	val	sampled
mol_397	val	assigned
mol_398	val	assigned
mol_399	train	sampled
mol_400	train	assigned
mol_401	val	assigned
mol_402	val	assigned
mol_403	val	assigned
mol_404	train	assigned
mol_405	val	assigned
mol_406	val	assigned
mol_407	val	assigned
mol_408	train	sampled
mol_409	train	sampled
mol_410	val	assigned
mol_411	val	assigned
mol_412	train	assigned
mol_413	train	assigned
mol_414	val	assigned
mol_415	train	assigned
mol_416	train	sampled
mol_417	val	assigned
mol_418	train	sampled
mol_419	train	assigned
mol_420	val	assigned
mol_421	val	assigned
mol_422	val	assigned
mol_423	val	assigned
mol_424	train	assigned
mol_425	test	assigned
mol_426	test	assigned
mol_427	val	assigned
mol_428	test	sampled
mol_429	train	sampled
mol_430	test	sampled
mol_431	test	assigned
mol_432	test	assigned
mol_433	test	assigned
mol_434	val	assigned
mol_435	val	assigned
mol_436	train	sampled
mol_437	train	assigned
mol_438	train	sampled
mol_439	val	assigned
mol_440	train	assigned
mol_441	train	sampled
mol_442	train	assigned
mol_443	train	assigned
mol_444	train	assigned
mol_445	test	assigned
mol_446	train	assigned
mol_447	test	sampled
mol_448	test	assigned
mol_449	train	assigned
mol_450	test	assigned
mol_451	train	assigned
mol_452	test	assigned
mol_453	val	assigned
mol_454	train	assigned
mol_455	train	assigned
mol_456	train	assigned
mol_457	train	sampled
mol_458	val	assigned
mol_459	val	sampled
mol_460	train	sampled
mol_461	train	assigned
mol_462	train	sampled
mol_463	train	assigned
mol_464	train	sampled
mol_465	train	sampled
mol_466	val	assigned
mol_467	train	assigned
mol_468	val	assigned
mol_469	train	sampled
mol_470	train	sampled
mol_471	val	sampled
mol_472	train	assigned
mol_473	train	assigned
mol_474	train	assigned
mol_475	train	sampled
mol_476	train	assigned
mol_477	train	assigned
mol_478	val	assigned
mol_479	val	sampled
mol_480	val	sampled
mol_481	val	assigned
mol_482	train	sampled
mol_483	train	assigned
mol_484	val	sampled
mol_485	val	assigned
mol_486	train	assigned
mol_487	train	assigned
mol_488	val	assigned
mol_489	train	assigned
mol_490	train	assigned
mol_491	train	sampled
mol_492	val	assigned
mol_493	val	assigned
mol_494	train	assigned
mol_495	train	assigned
mol_496	val	assigned
mol_497	train	assigned
mol_498	train	sampled
mol_499	val	sampled
mol_500	val	assigned
mol_501	train	sampled
mol_502	train	assigned
mol_503	train	assigned
mol_504	train	assigned
mol_505	test	sampled
mol_506	val	assigned
mol_507	train	assigned
mol_508	train	assigned
mol_509	train	sampled
mol_510	train	assigned
mol_511	train	assigned
mol_512	val	sampled
mol_513	val	assigned
mol_514	val	assigned
mol_515	val	assigned
mol_516	val	sampled
mol_517	val	sampled
mol_518	val	assigned
mol_519	val	assigned
mol_520	val	assigned
mol_521	test	assigned
mol_522	train	assigned
mol_523	train	sampled
mol_524	train	assigned
mol_525	val	assigned
mol_526	train	assigned
mol_527	train	assigned
mol_528	train	assigned
mol_529	test	assigned
mol_530	val	assigned
mol_531	test	assigned
mol_532	val	sampled
mol_533	train	assigned
mol_534	val	assigned
mol_535	train	assigned
mol_536	train	assigned
mol_537	train	assigned
mol_538	train	sampled
mol_539	train	assigned
mol_540	train	assigned
mol_541	train	assigned
mol_542	train	assigned
mol_543	train	assigned
mol_544	train	assigned
mol_545	test	assigned
mol_546	val	assigned
mol_547	train	assigned
mol_548	train	assigned
mol_549	train	sampled
mol_550	val	sampled
mol_551	train	assigned
mol_552	test	assigned
mol_553	train	assigned
mol_554	train	assigned
mol_555	val	assigned
mol_556	train	assigned
mol_557	val	assigned
mol_558	val	assigned
mol_559	train	assigned
mol_560	test	assigned
mol_561	train	assigned
mol_562	train	assigned
mol_563	train	assigned
mol_564	train	sampled
mol_565	train	assigned
mol_566	test	sampled
mol_567	val	assigned
mol_568	train	assigned
mol_569	val	assigned
mol_570	val	assigned
mol_571	val	assigned
mol_572	val	assigned
mol_573	test	sampled
mol_574	train	assigned
mol_575	train	assigned
mol_576	train	assigned
mol_577	train	assigned
mol_578	train	sampled
mol_579	train	sampled
mol_580	val	assigned
mol_581	train	assigned
mol_582	val	assigned
mol_583	train	assigned
mol_584	train	sampled
mol_585	train	sampled
mol_586	train	sampled
mol_587	train	assigned
mol_588	val	assigned
mol_589	val	assigned
mol_590	train	assigned
mol_591	train	assigned
mol_592	val	assigned
mol_593	val	sampled
mol_594	train	assigned
mol_595	train	assigned
mol_596	train	sampled
mol_597	train	assigned
mol_598	train	assigned
mol_599	val	assigned
mol_600	test	assigned
mol_601	train	assigned
mol_602	train	assigned
mol_603	train	assigned
mol_604	train	assigned
mol_605	val	assigned
mol_606	train	assigned
mol_607	train	assigned
mol_608	val	sampled
mol_609	train	sampled
mol_610	val	assigned
mol_611	val	assigned
mol_612	val	assigned
mol_613	val	assigned
mol_614	val	assigned
mol_615	val	assigned
mol_616	val	assigned
mol_617	val	assigned
mol_618	val	sampled
mol_619	train	assigned
mol_620	train	assigned
mol_621	train	sampled
mol_622	test	assigned
mol_623	train	sampled
mol_624	train	sampled
mol_625	train	sampled
mol_626	train	sampled
mol_627	train	assigned
mol_628	val	sampled
mol_629	train	assigned
mol_630	val	assigned
mol_631	val	sampled
mol_632	train	assigned
mol_633	val	assigned
mol_634	val	assigned
mol_635	val	assigned
mol_636	train	assigned
mol_637	val	assigned
mol_638	val	assigned
mol_639	val	assigned
mol_640	val	sampled
mol_641	val	assigned
mol_642	val	assigned
mol_643	val	assigned
mol_644	val	sampled
mol_645	val	assigned
mol_646	val	assigned
mol_647	val	sampled
mol_648	val	sampled
mol_649	train	sampled
mol_650	val	assigned
mol_651	train	assigned
mol_652	test	assigned
mol_653	train	assigned
mol_654	test	assigned
mol_655	train	sampled
mol_656	test	assigned
mol_657	train	sampled
mol_658	val	assigned
mol_659	train	assigned
mol_660	train	assigned
mol_661	train	assigned
mol_662	val	assigned
mol_663	val	assigned
mol_664	train	sampled
mol_665	train	assigned
mol_666	val	assigned
mol_667	train	assigned
mol_668	train	assigned
mol_669	val	assigned
mol_670	val	assigned
mol_671	train	assigned
mol_672	train	assigned
mol_673	train	sampled
mol_674	val	assigned
mol_675	train	assigned
mol_676	train	assigned
mol_677	train	assigned
mol_678	val	assigned
mol_679	val	assigned
mol_680	train	assigned
mol_681	val	sampled
mol_682	test	sampled
mol_683	train	assigned
mol_684	val	assigned
mol_685	val	assigned
mol_686	train	sampled
mol_687	val	assigned
mol_688	val	assigned
mol_689	train	assigned
mol_690	test	assigned
mol_691	val	assigned
mol_692	test	assigned
mol_693	train	assigned
mol_694	test	assigned
mol_695	train	assigned
mol_696	train	assigned
mol_697	val	sampled
mol_698	train	assigned
mol_699	train	assigned
mol_700	train	assigned
mol_701	train	assigned
mol_702	train	sampled
mol_703	val	assigned
mol_704	val	assigned
mol_705	train	assigned
mol_706	train	assigned
mol_707	val	assigned
mol_708	train	sampled
mol_709	train	sampled
mol_710	val	sampled
mol_711	train	assigned
mol_712	train	sampled
mol_713	train	assigned
mol_714	train	assigned
mol_715	train	assigned
mol_716	val	assigned
mol_717	train	assigned
mol_718	train	assigned
mol_719	train	assigned
mol_720	train	assigned
mol_721	train	assigned
mol_722	train	assigned
mol_723	test	assigned
mol_724	val	sampled
mol_725	val	sampled
mol_726	val	assigned
mol_727	train	assigned
mol_728	train	assigned
mol_729	train	sampled
mol_730	train	assigned
mol_731	val	assigned
mol_732	train	assigned
mol_733	train	sampled
mol_734	train	sampled
mol_735	train	assigned
mol_736	val	assigned
mol_737	train	assigned
mol_738	train	sampled
mol_739	train	assigned
mol_740	train	sampled
mol_741	train	assigned
mol_742	val	sampled
mol_743	train	assigned
mol_744	val	assigned
mol_745	val	sampled
mol_746	train	assigned
mol_747	train	assigned
mol_748	train	sampled
mol_749	val	assigned
mol_750	train	assigned
mol_751	val	assigned
mol_752	val	assigned
mol_753	train	assigned
mol_754	train	assigned
mol_755	val	assigned
mol_756	train	sampled
mol_757	train	assigned
mol_758	test	sampled
mol_759	val	assigned
mol_760	val	assigned
mol_761	val	assigned
mol_762	val	assigned
mol_763	val	assigned
mol_764	val	sampled
mol_765	train	assigned
mol_766	train	assigned
mol_767	train	assigned
mol_768	train	assigned
mol_769	test	assigned
mol_770	test	assigned
mol_771	test	assigned
mol_772	train	sampled
mol_773	val	assigned
mol_774	val	assigned
mol_775	val	sampled
mol_776	test	sampled
mol_777	test	assigned
mol_778	train	assigned
mol_779	val	sampled
mol_780	train	sampled
mol_781	test	assigned
mol_782	test	assigned
mol_783	val	sampled
mol_784	val	assigned
mol_785	train	assigned
mol_786	train	assigned
mol_787	train	assigned
mol_788	train	assigned
mol_789	train	assigned
mol_790	val	sampled
mol_791	train	sampled
mol_792	val	assigned
mol_793	train	sampled
mol_794	train	assigned
mol_795	train	assigned
mol_796	train	assigned
mol_797	train	assigned
mol_798	train	assigned
mol_799	val	assigned
mol_800	train	sampled
mol_801	val	assigned
mol_802	train	sampled
mol_803	val	assigned
mol_804	train	assigned
mol_805	train	assigned
mol_806	train	assigned
mol_807	train	assigned
mol_808	train	assigned
mol_809	train	assigned
mol_810	train	assigned
mol_811	train	assigned
mol_812	train	assigned
mol_813	val	assigned
mol_814	val	assigned
mol_815	train	assigned
mol_816	train	sampled
mol_817	val	assigned
mol_818	val	assigned
mol_819	test	assigned
mol_820	val	assigned
mol_821	val	sampled
mol_822	val	assigned
mol_823	train	assigned
mol_824	train	assigned
mol_825	train	assigned
mol_826	test	assigned
mol_827	test	sampled
mol_828	train	assigned
mol_829	train	assigned
mol_830	train	assigned
mol_831	val	sampled
mol_832	val	assigned
mol_833	val	assigned
mol_834	train	assigned
mol_835	train	assigned
mol_836	test	assigned
mol_837	train	assigned
mol_838	train	assigned
mol_839	train	assigned
mol_840	test	assigned
mol_841	test	assigned
mol_842	train	sampled
mol_843	train	sampled
mol_844	val	sampled
mol_845	test	assigned
mol_846	val	assigned
mol_847	train	assigned
mol_848	val	assigned
mol_849	train	assigned
mol_850	train	sampled
mol_851	train	assigned
mol_852	train	assigned
mol_853	train	sampled
mol_854	train	assigned
mol_855	train	assigned
mol_856	test	assigned
mol_857	train	sampled
mol_858	train	assigned
mol_859	train	assigned
mol_860	train	assigned
mol_861	train	sampled
mol_862	train	assigned
mol_863	train	assigned
mol_864	val	assigned
mol_865	train	assigned
mol_866	train	sampled
mol_867	val	assigned
mol_868	val	assigned
mol_869	train	assigned
mol_870	train	assigned
mol_871	train	assigned
mol_872	val	assigned
mol_873	val	sampled
mol_874	train	assigned
mol_875	val	assigned
mol_876	val	assigned
mol_877	val	assigned
mol_878	val	assigned
mol_879	val	sampled
mol_880	val	assigned
mol_881	train	assigned
mol_882	train	assigned
mol_883	train	assigned
mol_884	train	sampled
mol_885	train	assigned
mol_886	train	assigned
mol_887	train	assigned
mol_888	train	assigned
mol_889	train	assigned
mol_890	train	sampled
mol_891	val	assigned
mol_892	val	assigned
mol_893	val	assigned
mol_894	train	sampled
mol_895	train	sampled
mol_896	train	sampled
mol_897	train	assigned
mol_898	val	sampled
mol_899	val	assigned
mol_900	val	assigned
mol_901	val	assigned
mol_902	train	sampled
mol_903	train	assigned
mol_904	train	sampled
mol_905	train	assigned
mol_906	val	assigned
mol_907	test	assigned
mol_908	val	assigned
mol_909	train	assigned
mol_910	test	assigned
mol_911	train	sampled
mol_912	val	assigned
mol_913	train	sampled
mol_914	test	assigned
mol_915	val	assigned
mol_916	val	assigned
mol_917	train	assigned
mol_918	train	sampled
mol_919	val	sampled
mol_920	train	assigned
mol_921	train	assigned
mol_922	train	assigned
mol_923	train	assigned
mol_924	test	assigned
mol_925	train	assigned
mol_926	train	sampled
mol_927	test	sampled
mol_928	val	sampled
mol_929	test	assigned
mol_930	train	assigned
mol_931	train	assigned
mol_932	val	assigned
mol_933	train	assigned
mol_934	test	assigned
mol_935	train	assigned
mol_936	train	sampled
mol_937	val	assigned
mol_938	train	assigned
mol_939	train	sampled
mol_940	val	sampled
mol_941	train	assigned
mol_942	train	sampled
mol_943	train	sampled
mol_944	val	assigned
mol_945	val	assigned
mol_946	val	assigned
mol_947	test	assigned
mol_948	test	assigned
mol_949	train	assigned
mol_950	test	assigned
mol_951	val	assigned
mol_952	train	sampled
mol_953	test	sampled
mol_954	val	assigned
mol_955	val	assigned
mol_956	val	assigned
mol_957	val	assigned
mol_958	train	assigned
mol_959	val	sampled
mol_960	val	sampled
mol_961	val	assigned
mol_962	train	sampled
mol_963	train	sampled
mol_964	train	assigned
mol_965	val	assigned
mol_966	val	sampled
mol_967	test	sampled
mol_968	train	assigned
mol_969	val	assigned
mol_970	train	assigned
mol_971	val	assigned
mol_972	train	assigned
mol_973	train	assigned
mol_974	train	assigned
mol_975	val	assigned
mol_976	train	assigned
mol_977	train	sampled
mol_978	train	assigned
mol_979	val	sampled
mol_980	train	sampled
mol_981	train	assigned
mol_982	train	assigned
mol_983	train	assigned
mol_984	train	assigned
mol_985	train	sampled
mol_986	train	sampled
mol_987	test	assigned
mol_988	train	assigned
mol_989	test	sampled
mol_990	train	assigned
mol_991	train	sampled
mol_992	train	assigned
mol_993	train	sampled
mol_994	train	assigned
mol_995	val	assigned
mol_996	val	sampled
mol_997	val	assigned
mol_998	val	assigned
mol_999	train	assigned
mol_1000	val	sampled
mol_1001	val	assigned
mol_1002	train	assigned
mol_1003	train	assigned
mol_1004	train	assigned
mol_1005	val	assigned
mol_1006	test	assigned
mol_1007	train	assigned
mol_1008	val	assigned
mol_1009	val	assigned
mol_1010	train	assigned
mol_1011	val	assigned
mol_1012	val	sampled
mol_1013	train	assigned
mol_1014	train	assigned
mol_1015	train	assigned
mol_1016	train	assigned
mol_1017	train	assigned
mol_1018	train	assigned
mol_1019	test	assigned
mol_1020	train	assigned
mol_1021	train	assigned
mol_1022	train	assigned
mol_1023	train	sampled
mol_1024	train	assigned
mol_1025	train	assigned
mol_1026	val	assigned
mol_1027	val	assigned
mol_1028	train	assigned
mol_1029	train	sampled
mol_1030	val	assigned
mol_1031	train	assigned
mol_1032	val	assigned
mol_1033	val	sampled
mol_1034	train	sampled
mol_1035	val	assigned
mol_1036	train	assigned
mol_1037	val	assigned
mol_1038	train	assigned
mol_1039	test	sampled
mol_1040	test	assigned
mol_1041	test	assigned
mol_1042	train	assigned
mol_1043	val	sampled
mol_1044	val	assigned
mol_1045	val	sampled
mol_1046	train	assigned
mol_1047	train	assigned
mol_1048	test	sampled
mol_1049	test	assigned
mol_1050	train	assigned
mol_1051	val	assigned
mol_1052	train	sampled
mol_1053	val	sampled
mol_1054	train	assigned
mol_1055	test	assigned
mol_1056	val	assigned
mol_1057	val	assigned
mol_1058	train	assigned
mol_1059	val	assigned
mol_1060	train	sampled
mol_1061	test	sampled
mol_1062	train	assigned
mol_1063	train	assigned
mol_1064	train	assigned
mol_1065	train	assigned
mol_1066	train	assigned
mol_1067	val	assigned
mol_1068	train	assigned
mol_1069	val	assigned
mol_1070	test	assigned
mol_1071	train	assigned
mol_1072	train	sampled
mol_1073	train	assigned
mol_1074	val	assigned
mol_1075	val	assigned
mol_1076	val	assigned
mol_1077	val	sampled
mol_1078	train	sampled
mol_1079	val	assigned
mol_1080	val	assigned
mol_1081	train	assigned
mol_1082	val	assigned
mol_1083	val	assigned
mol_1084	train	assigned
mol_1085	val	assigned
mol_1086	train	sampled
mol_1087	train	sampled
mol_1088	train	assigned
mol_1089	test	assigned
mol_1090	test	sampled
mol_1091	train	assigned
mol_1092	test	sampled
mol_1093	train	assigned
mol_1094	train	assigned
mol_1095	train	assigned
mol_1096	train	assigned
mol_1097	train	sampled
mol_1098	train	assigned
mol_1099	train	assigned
mol_1100	val	assigned
mol_1101	train	assigned
mol_1102	val	assigned
mol_1103	train	sampled
mol_1104	train	assigned
mol_1105	train	assigned
mol_1106	train	assigned
mol_1107	train	sampled
mol_1108	test	sampled
mol_1109	test	sampled
mol_1110	val	assigned
mol_1111	test	assigned
mol_1112	val	assigned
mol_1113	train	sampled
mol_1114	train	sampled
mol_1115	train	assigned
mol_1116	val	assigned
mol_1117	val	assigned
mol_1118	val	sampled
mol_1119	train	assigned
mol_1120	train	assigned
mol_1121	val	assigned
mol_1122	val	sampled
mol_1123	val	assigned
mol_1124	train	sampled
mol_1125	train	assigned
mol_1126	train	assigned
mol_1127	test	assigned
mol_1128	train	assigned
mol_1129	train	assigned
mol_1130	val	assigned
mol_1131	val	sampled
mol_1132	val	assigned
mol_1133	val	sampled
mol_1134	train	assigned
mol_1135	train	assigned
mol_1136	train	assigned
mol_1137	train	assigned
mol_1138	train	assigned
mol_1139	train	sampled
mol_1140	train	assigned
mol_1141	val	assigned
mol_1142	train	assigned
mol_1143	train	sampled
mol_1144	val	assigned
mol_1145	val	assigned
mol_1146	train	sampled
mol_1147	train	sampled
mol_1148	train	assigned
mol_1149	train	sampled
mol_1150	train	assigned
mol_1151	val	assigned
mol_1152	train	assigned
mol_1153	train	assigned
mol_1154	train	assigned
mol_1155	train	assigned
mol_1156	train	assigned
mol_1157	train	sampled
mol_1158	test	assigned
mol_1159	val	assigned
mol_1160	val	assigned
mol_1161	val	assigned
mol_1162	val	sampled
mol_1163	train	sampled
mol_1164	train	assigned
mol_1165	train	sampled
mol_1166	train	sampled
mol_1167	train	assigned
mol_1168	val	assigned
mol_1169	val	assigned
mol_1170	train	assigned
mol_1171	train	assigned
mol_1172	train	assigned
mol_1173	train	assigned
mol_1174	train	sampled
mol_1175	train	sampled
mol_1176	val	assigned
mol_1177	train	assigned
mol_1178	train	assigned
mol_1179	train	sampled
mol_1180	test	assigned
mol_1181	train	sampled
mol_1182	test	sampled
mol_1183	train	sampled
mol_1184	train	assigned
mol_1185	train	assigned
mol_1186	train	assigned
mol_1187	val	assigned
mol_1188	train	sampled
mol_1189	val	assigned
mol_1190	train	assigned
mol_1191	train	assigned
mol_1192	train	assigned
mol_1193	train	assigned
mol_1194	train	sampled
mol_1195	train	assigned
mol_1196	train	assigned
mol_1197	train	sampled
mol_1198	train	assigned
mol_1199	train	assigned
mol_1200	test	assigned
mol_1201	train	sampled
mol_1202	train	assigned
mol_1203	train	assigned
mol_1204	train	sampled
mol_1205	train	assigned
mol_1206	train	assigned
mol_1207	train	assigned
mol_1208	val	assigned
mol_1209	train	assigned
mol_1210	train	assigned
mol_1211	val	assigned
mol_1212	train	assigned
mol_1213	train	sampled
mol_1214	train	assigned
mol_1215	train	sampled
mol_1216	train	assigned
mol_1217	val	assigned
mol_1218	train	assigned
mol_1219	train	sampled
mol_1220	train	assigned
mol_1221	val	sampled
mol_1222	train	assigned
mol_1223	val	assigned
mol_1224	train	assigned
mol_1225	train	assigned
mol_1226	train	assigned
mol_1227	train	sampled
mol_1228	train	assigned
mol_1229	train	sampled
mol_1230	train	assigned
mol_1231	test	sampled
mol_1232	train	sampled
mol_1233	train	assigned
mol_1234	train	assigned
mol_1235	test	assigned
mol_1236	test	assigned
mol_1237	test	assigned
mol_1238	val	assigned
mol_1239	val	assigned
mol_1240	train	sampled
mol_1241	train	assigned
mol_1242	train	assigned
mol_1243	train	sampled
mol_1244	train	assigned
mol_1245	train	assigned
mol_1246	train	assigned
mol_1247	train	sampled
mol_1248	train	sampled
mol_1249	train	assigned
mol_1250	train	assigned
mol_1251	train	assigned
mol_1252	val	assigned
mol_1253	train	sampled
mol_1254	val	assigned
mol_1255	train	sampled
mol_1256	train	assigned
mol_1257	train	assigned
mol_1258	val	assigned
mol_1259	train	assigned
mol_1260	val	sampled
mol_1261	train	assigned
mol_1262	train	assigned
mol_1263	train	assigned
mol_1264	train	assigned
mol_1265	train	assigned
mol_1266	train	assigned
mol_1267	train	assigned
mol_1268	train	assigned
mol_1269	train	assigned
mol_1270	train	sampled
mol_1271	train	assigned
mol_1272	val	assigned
mol_1273	val	assigned
mol_1274	val	sampled
mol_1275	train	sampled
mol_1276	val	assigned
mol_1277	val	assigned
mol_1278	train	sampled
mol_1279	train	assigned
mol_1280	val	assigned
mol_1281	val	sampled
mol_1282	val	sampled
mol_1283	train	assigned
mol_1284	val	assigned
mol_1285	train	sampled
mol_1286	train	assigned
mol_1287	train	assigned
mol_1288	val	sampled
mol_1289	test	assigned
mol_1290	train	assigned
mol_1291	val	sampled
mol_1292	val	assigned
mol_1293	val	assigned
mol_1294	val	assigned
mol_1295	train	assigned
mol_1296	train	sampled
mol_1297	val	assigned
mol_1298	val	sampled
mol_1299	train	assigned
mol_1300	train	assigned
mol_1301	test	assigned
mol_1302	train	assigned
mol_1303	train	sampled
mol_1304	train	assigned
mol_1305	train	sampled
mol_1306	test	assigned
mol_1307	train	assigned
mol_1308	train	assigned
mol_1309	train	assigned
mol_1310	train	assigned
mol_1311	train	sampled
mol_1312	val	assigned
mol_1313	train	assigned
mol_1314	train	assigned
mol_1315	val	assigned
mol_1316	val	assigned
mol_1317	train	sampled
mol_1318	train	sampled
mol_1319	val	sampled
mol_1320	train	assigned
mol_1321	val	assigned
mol_1322	test	assigned
mol_1323	train	sampled
mol_1324	train	assigned
mol_1325	val	assigned
mol_1326	train	assigned
mol_1327	train	assigned
mol_1328	train	assigned
mol_1329	train	assigned
mol_1330	val	sampled
mol_1331	train	sampled
mol_1332	train	sampled
mol_1333	train	assigned
mol_1334	train	assigned
mol_1335	train	assigned
mol_1336	train	assigned
mol_1337	train	sampled
mol_1338	val	sampled
mol_1339	val	sampled
mol_1340	train	assigned
mol_1341	train	assigned
mol_1342	train	assigned
mol_1343	val	assigned
mol_1344	train	assigned
mol_1345	train	assigned
mol_1346	train	sampled
mol_1347	train	sampled
mol_1348	train	sampled
mol_1349	val	assigned
mol_1350	train	sampled
mol_1351	val	assigned
mol_1352	val	assigned
mol_1353	train	assigned
mol_1354	train	assigned
mol_1355	train	assigned
mol_1356	train	assigned
mol_1357	train	assigned
mol_1358	train	assigned
mol_1359	train	assigned
mol_1360	train	assigned
mol_1361	val	assigned
mol_1362	val	assigned
mol_1363	train	assigned
mol_1364	val	assigned
mol_1365	val	assigned
mol_1366	train	sampled
mol_1367	train	assigned
mol_1368	val	assigned
mol_1369	val	assigned
mol_1370	val	sampled
mol_1371	val	assigned
mol_1372	val	assigned
mol_1373	val	assigned
mol_1374	train	assigned
mol_1375	val	assigned
mol_1376	train	assigned
mol_1377	train	sampled
mol_1378	train	assigned
mol_1379	train	assigned
mol_1380	train	assigned
mol_1381	train	assigned
mol_1382	train	assigned
mol_1383	train	sampled
mol_1384	train	assigned
mol_1385	train	sampled
mol_1386	test	assigned
mol_1387	test	sampled
mol_1388	train	assigned
mol_1389	train	assigned
mol_1390	train	sampled
mol_1391	train	assigned
mol_1392	train	sampled
mol_1393	train	assigned
mol_1394	train	assigned
mol_1395	val	sampled
mol_1396	val	sampled
mol_1397	val	sampled
mol_1398	train	sampled
mol_1399	train	assigned
mol_1400	val	assigned
mol_1401	val	assigned
mol_1402	train	sampled
mol_1403	train	assigned
mol_1404	train	assigned
mol_1405	train	assigned
mol_1406	val	assigned
mol_1407	val	assigned
mol_1408	val	assigned
mol_1409	val	assigned
mol_1410	val	assigned
mol_1411	train	sampled
mol_1412	train	sampled
mol_1413	train	sampled
mol_1414	val	assigned
mol_1415	train	assigned
mol_1416	train	sampled
mol_1417	val	assigned
mol_1418	val	sampled
mol_1419	val	assigned
mol_1420	test	assigned
mol_1421	train	assigned
mol_1422	test	assigned
mol_1423	val	sampled
mol_1424	train	assigned
mol_1425	train	assigned
mol_1426	train	sampled
mol_1427	train	sampled
mol_1428	train	assigned
mol_1429	train	assigned
mol_1430	val	sampled
mol_1431	train	assigned
mol_1432	train	assigned
mol_1433	train	sampled
mol_1434	val	sampled
mol_1435	train	assigned
mol_1436	train	assigned
mol_1437	train	assigned
mol_1438	train	assigned
mol_1439	train	assigned
mol_1440	train	assigned
mol_1441	val	sampled
mol_1442	train	sampled
mol_1443	train	assigned
mol_1444	train	assigned
mol_1445	train	assigned
mol_1446	train	assigned
mol_1447	val	assigned
mol_1448	train	sampled
mol_1449	train	assigned
mol_1450	train	assigned
mol_1451	train	sampled
mol_1452	val	assigned
mol_1453	val	sampled
mol_1454	val	assigned
mol_1455	train	assigned
mol_1456	train	sampled
mol_1457	train	sampled
mol_1458	test	assigned
mol_1459	val	assigned
mol_1460	train	assigned
mol_1461	train	assigned
mol_1462	train	assigned
mol_1463	train	assigned
mol_1464	train	sampled
mol_1465	test	sampled
mol_1466	train	assigned
mol_1467	val	sampled
mol_1468	val	assigned
mol_1469	train	assigned
mol_1470	train	assigned
mol_1471	val	assigned
mol_1472	val	assigned
mol_1473	test	assigned
mol_1474	test	assigned
mol_1475	test	assigned
mol_1476	train	assigned
mol_1477	train	assigned
mol_1478	train	sampled
mol_1479	train	assigned
mol_1480	test	assigned
mol_1481	val	assigned
mol_1482	test	assigned
mol_1483	val	sampled
mol_1484	val	sampled
mol_1485	test	assigned
mol_1486	test	assigned
mol_1487	test	sampled
mol_1488	test	assigned
mol_1489	val	assigned
mol_1490	val	sampled
mol_1491	val	sampled
mol_1492	val	assigned
mol_1493	train	assigned
mol_1494	train	assigned
mol_1495	train	assigned
mol_1496	train	sampled
mol_1497	train	assigned
mol_1498	train	sampled
mol_1499	test	assigned
mol_1500	train	sampled
mol_1501	val	assigned
mol_1502	train	assigned
mol_1503	train	sampled
mol_1504	test	assigned
mol_1505	train	assigned
mol_1506	train	assigned
mol_1507	val	assigned
mol_1508	train	assigned
mol_1509	train	assigned
mol_1510	train	sampled
mol_1511	train	assigned
mol_1512	train	sampled
mol_1513	train	sampled
mol_1514	val	assigned
mol_1515	train	assigned
mol_1516	val	sampled
mol_1517	train	assigned
mol_1518	train	assigned
mol_1519	train	assigned
mol_1520	train	sampled
mol_1521	train	assigned
mol_1522	train	assigned
mol_1523	train	assigned
mol_1524	train	assigned
mol_1525	train	assigned
mol_1526	train	assigned
mol_1527	train	assigned
mol_1528	train	assigned
mol_1529	train	assigned
mol_1530	train	sampled
mol_1531	train	assigned
mol_1532	train	assigned
mol_1533	train	assigned
mol_1534	train	sampled
mol_1535	val	assigned
mol_1536	train	sampled
mol_1537	train	assigned
mol_1538	train	assigned
mol_1539	train	assigned
mol_1540	train	assigned
mol_1541	train	assigned
mol_1542	train	assigned
mol_1543	val	assigned
mol_1544	train	assigned
mol_1545	test	assigned
mol_1546	test	assigned
mol_1547	train	assigned
mol_1548	train	assigned
mol_1549	train	sampled
mol_1550	test	assigned
mol_1551	train	assigned
mol_1552	train	assigned
mol_1553	train	sampled
mol_1554	train	sampled
mol_1555	train	sampled
mol_1556	train	assigned
mol_1557	train	sampled
mol_1558	val	assigned
mol_1559	test	assigned
mol_1560	test	assigned
mol_1561	test	assigned
mol_1562	val	sampled
mol_1563	test	assigned
mol_1564	val	sampled
mol_1565	val	assigned
mol_1566	train	sampled
mol_1567	train	assigned
mol_1568	train	sampled
mol_1569	train	assigned
mol_1570	train	sampled
mol_1571	train	assigned
mol_1572	train	sampled
mol_1573	train	assigned
mol_1574	train	assigned
mol_1575	val	sampled
mol_1576	train	sampled
mol_1577	train	assigned
mol_1578	train	assigned
mol_1579	train	assigned
mol_1580	train	assigned
mol_1581	train	assigned
mol_1582	train	assigned
mol_1583	train	assigned
mol_1584	train	assigned
mol_1585	train	assigned
mol_1586	train	assigned
mol_1587	train	assigned
mol_1588	val	sampled
mol_1589	train	assigned
mol_1590	train	sampled
mol_1591	train	assigned
mol_1592	val	assigned
mol_1593	train	assigned
mol_1594	val	sampled
mol_1595	val	assigned
mol_1596	train	assigned
mol_1597	train	assigned
mol_1598	test	assigned
mol_1599	train	sampled
mol_1600	train	assigned
mol_1601	train	assigned
mol_1602	train	assigned
mol_1603	val	sampled
mol_1604	train	assigned
mol_1605	train	assigned
mol_1606	train	assigned
mol_1607	val	assigned
mol_1608	test	assigned
mol_1609	val	assigned
mol_1610	train	assigned
mol_1611	val	assigned
mol_1612	train	assigned
mol_1613	val	sampled
mol_1614	train	assigned
mol_1615	val	assigned
mol_1616	val	sampled
mol_1617	val	assigned
mol_1618	val	assigned
mol_1619	val	assigned
mol_1620	train	assigned
mol_1621	test	assigned
mol_1622	test	assigned
mol_1623	train	sampled
mol_1624	train	assigned
mol_1625	train	assigned
mol_1626	train	assigned
mol_1627	train	assigned
mol_1628	train	assigned
mol_1629	test	assigned
mol_1630	train	assigned
mol_1631	train	sampled
mol_1632	train	sampled
mol_1633	val	assigned
mol_1634	train	assigned
mol_1635	train	assigned
mol_1636	train	assigned
mol_1637	train	assigned
mol_1638	train	sampled
mol_1639	train	assigned
mol_1640	train	sampled
mol_1641	train	assigned
mol_1642	train	assigned
mol_1643	train	assigned
mol_1644	train	sampled
mol_1645	test	assigned
mol_1646	train	assigned
mol_1647	test	sampled
mol_1648	val	assigned
mol_1649	val	assigned
mol_1650	train	assigned
mol_1651	train	assigned
mol_1652	train	assigned
mol_1653	test	assigned
mol_1654	train	assigned
mol_1655	train	assigned
mol_1656	train	sampled
mol_1657	train	assigned
mol_1658	train	assigned
mol_1659	train	assigned
mol_1660	train	sampled
mol_1661	train	sampled
mol_1662	train	sampled
mol_1663	train	assigned
mol_1664	train	assigned
mol_1665	train	assigned
mol_1666	train	assigned
mol_1667	train	assigned
mol_1668	train	sampled
mol_1669	train	assigned
mol_1670	train	sampled
mol_1671	train	assigned
mol_1672	train	sampled
mol_1673	train	sampled
mol_1674	val	assigned
mol_1675	val	sampled
mol_1676	val	sampled
mol_1677	train	assigned
mol_1678	val	assigned
mol_1679	val	assigned
mol_1680	train	assigned
mol_1681	train	sampled
mol_1682	val	sampled
mol_1683	train	assigned
mol_1684	val	sampled
mol_1685	train	assigned
mol_1686	val	assigned
mol_1687	train	sampled
mol_1688	train	assigned
mol_1689	train	assigned
mol_1690	train	assigned
mol_1691	train	assigned
mol_1692	train	assigned
mol_1693	val	assigned
mol_1694	train	assigned
mol_1695	val	assigned
mol_1696	train	sampled
mol_1697	train	sampled
mol_1698	val	sampled
mol_1699	val	sampled
mol_1700	test	assigned
mol_1701	val	assigned
mol_1702	train	assigned
mol_1703	train	sampled
mol_1704	train	sampled
mol_1705	train	assigned
mol_1706	train	assigned
mol_1707	train	sampled
mol_1708	train	assigned
mol_1709	test	assigned
mol_1710	test	sampled
mol_1711	val	assigned
mol_1712	val	sampled
mol_1713	val	assigned
mol_1714	train	assigned
mol_1715	test	assigned
mol_1716	train	assigned
mol_1717	test	sampled
mol_1718	train	assigned
mol_1719	train	sampled
mol_1720	train	assigned
mol_1721	train	sampled
mol_1722	val	assigned
mol_1723	test	sampled
mol_1724	train	assigned
mol_1725	test	assigned
mol_1726	test	assigned
mol_1727	train	assigned
mol_1728	train	assigned
mol_1729	train	assigned
mol_1730	train	assigned
mol_1731	val	sampled
mol_1732	val	sampled
mol_1733	test	assigned
mol_1734	test	assigned
mol_1735	test	assigned
mol_1736	test	sampled
mol_1737	train	assigned
mol_1738	train	sampled
mol_1739	train	assigned
mol_1740	val	assigned
mol_1741	test	sampled
mol_1742	val	assigned
mol_1743	val	assigned
mol_1744	val	assigned
mol_1745	test	assigned
mol_1746	val	assigned
mol_1747	val	assigned
mol_1748	val	sampled
mol_1749	val	assigned
mol_1750	val	assigned
mol_1751	train	assigned
mol_1752	train	assigned
mol_1753	train	assigned
mol_1754	train	assigned
mol_1755	train	assigned
mol_1756	train	assigned
mol_1757	train	assigned
mol_1758	train	sampled
mol_1759	val	assigned
mol_1760	test	assigned
mol_1761	test	sampled
mol_1762	train	assigned
mol_1763	train	sampled
mol_1764	train	assigned
mol_1765	val	assigned
mol_1766	test	assigned
mol_1767	train	assigned
mol_1768	train	assigned
mol_1769	train	assigned
mol_1770	val	assigned
mol_1771	val	sampled
mol_1772	val	assigned
mol_1773	val	assigned
mol_1774	train	assigned
mol_1775	train	assigned
mol_1776	train	assigned
mol_1777	train	assigned
mol_1778	train	assigned
mol_1779	train	assigned
mol_1780	train	assigned
mol_1781	train	assigned
mol_1782	test	assigned
mol_1783	train	assigned
mol_1784	val	sampled
mol_1785	train	assigned
mol_1786	train	sampled
mol_1787	train	assigned
mol_1788	val	sampled
mol_1789	train	assigned
mol_1790	test	assigned
mol_1791	val	sampled
mol_1792	train	assigned
mol_1793	train	sampled
mol_1794	val	sampled
mol_1795	train	assigned
mol_1796	train	sampled
mol_1797	test	assigned
mol_1798	test	assigned
mol_1799	test	assigned
mol_1800	train	sampled
mol_1801	train	sampled
mol_1802	train	assigned
mol_1803	train	assigned
mol_1804	train	assigned
mol_1805	test	assigned
mol_1806	val	assigned
mol_1807	train	sampled
mol_1808	val	sampled
mol_1809	train	assigned
mol_1810	train	assigned
mol_1811	train	assigned
mol_1812	val	sampled
mol_1813	test	assigned
mol_1814	train	assigned
mol_1815	val	sampled
mol_1816	val	assigned
mol_1817	train	assigned
mol_1818	train	assigned
mol_1819	train	sampled
mol_1820	train	assigned
mol_1821	train	assigned
mol_1822	train	assigned
mol_1823	val	assigned
mol_1824	val	assigned
mol_1825	val	assigned
mol_1826	train	sampled
mol_1827	train	assigned
mol_1828	train	assigned
mol_1829	val	sampled
mol_1830	val	sampled
mol_1831	test	assigned
mol_1832	train	assigned
mol_1833	train	assigned
mol_1834	val	assigned
mol_1835	val	assigned
mol_1836	train	assigned
mol_1837	train	sampled
mol_1838	train	assigned
mol_1839	test	assigned
mol_1840	train	assigned
mol_1841	train	assigned
mol_1842	train	assigned
mol_1843	train	assigned
mol_1844	train	assigned
mol_1845	val	assigned
mol_1846	train	sampled
mol_1847	train	assigned
mol_1848	train	assigned
mol_1849	train	assigned
mol_1850	train	sampled
mol_1851	train	sampled
mol_1852	train	assigned
mol_1853	val	assigned
mol_1854	train	assigned
mol_1855	test	assigned
mol_1856	train	sampled
mol_1857	train	assigned
mol_1858	train	assigned
mol_1859	train	assigned
mol_1860	val	assigned
mol_1861	train	assigned
mol_1862	train	assigned
mol_1863	train	sampled
mol_1864	train	sampled
mol_1865	train	assigned
mol_1866	val	sampled
mol_1867	val	assigned
mol_1868	train	assigned
mol_1869	val	assigned
mol_1870	test	assigned
mol_1871	train	sampled
mol_1872	train	assigned
mol_1873	val	assigned
mol_1874	test	assigned
mol_1875	train	assigned
mol_1876	train	sampled
mol_1877	train	assigned
mol_1878	train	assigned
mol_1879	train	assigned
mol_1880	train	assigned
mol_1881	train	assigned
mol_1882	train	sampled
mol_1883	val	assigned
mol_1884	train	sampled
mol_1885	train	assigned
mol_1886	test	assigned
mol_1887	test	assigned
mol_1888	train	sampled
mol_1889	train	sampled
mol_1890	test	assigned
mol_1891	train	assigned
mol_1892	train	assigned
mol_1893	train	assigned
mol_1894	train	assigned
mol_1895	train	sampled
mol_1896	train	sampled
mol_1897	train	assigned
mol_1898	val	assigned
mol_1899	train	assigned
mol_1900	train	sampled
mol_1901	train	sampled
mol_1902	train	assigned
mol_1903	test	assigned
mol_1904	test	sampled
mol_1905	train	sampled
mol_1906	train	assigned
mol_1907	val	assigned
mol_1908	train	assigned
mol_1909	train	assigned
mol_1910	val	assigned
mol_1911	train	sampled
mol_1912	train	sampled
mol_1913	train	assigned
mol_1914	test	assigned
mol_1915	train	assigned
mol_1916	train	assigned
mol_1917	val	assigned
mol_1918	val	sampled
mol_1919	val	assigned
mol_1920	val	assigned
mol_1921	test	assigned
mol_1922	val	assigned
mol_1923	train	assigned
mol_1924	val	assigned
mol_1925	train	assigned
mol_1926	train	assigned
mol_1927	test	assigned
mol_1928	test	assigned
mol_1929	train	assigned
mol_1930	train	sampled
mol_1931	train	sampled
mol_1932	train	assigned
mol_1933	train	assigned
mol_1934	test	assigned
mol_1935	train	assigned
mol_1936	train	assigned
mol_1937	train	sampled
mol_1938	train	assigned
mol_1939	val	assigned
mol_1940	test	assigned
mol_1941	train	assigned
mol_1942	train	assigned
mol_1943	train	assigned
mol_1944	val	assigned
mol_1945	train	assigned
mol_1946	test	assigned
mol_1947	train	assigned
mol_1948	test	assigned
mol_1949	val	assigned
mol_1950	val	assigned
mol_1951	train	assigned
mol_1952	train	assigned
mol_1953	val	assigned
mol_1954	val	assigned
mol_1955	train	assigned
mol_1956	train	assigned
mol_1957	train	assigned
mol_1958	val	assigned
mol_1959	test	sampled
mol_1960	train	assigned
mol_1961	val	assigned
mol_1962	train	sampled
mol_1963	train	assigned
mol_1964	train	assigned
mol_1965	train	assigned
mol_1966	test	assigned
mol_1967	val	assigned
mol_1968	train	sampled
mol_1969	val	assigned
mol_1970	train	assigned
mol_1971	train	assigned
mol_1972	train	assigned
mol_1973	train	assigned
mol_1974	train	sampled
mol_1975	train	sampled
mol_1976	train	assigned
mol_1977	train	assigned
mol_1978	train	assigned
mol_1979	train	assigned
mol_1980	train	assigned
mol_1981	train	sampled
mol_1982	test	assigned
mol_1983	test	assigned
mol_1984	test	assigned
mol_1985	train	sampled
mol_1986	test	assigned
mol_1987	val	assigned
mol_1988	train	assigned
mol_1989	test	assigned
mol_1990	train	assigned
mol_1991	train	sampled
mol_1992	val	sampled
mol_1993	test	sampled
mol_1994	train	sampled
mol_1995	test	assigned
mol_1996	train	assigned
mol_1997	val	assigned
mol_1998	train	assigned
mol_1999	train	assigned
mol_2000	train	sampled
mol_2001	val	sampled
mol_2002	val	assigned
mol_2003	val	assigned
mol_2004	train	sampled
mol_2005	train	assigned
mol_2006	train	assigned
mol_2007	train	sampled
mol_2008	train	sampled
mol_2009	train	sampled
mol_2010	val	assigned
mol_2011	val	assigned
mol_2012	val	sampled
mol_2013	train	assigned
mol_2014	train	assigned
mol_2015	train	assigned
mol_2016	train	assigned
mol_2017	train	assigned
mol_2018	train	assigned
mol_2019	train	assigned
mol_2020	train	sampled
mol_2021	test	assigned
mol_2022	val	assigned
mol_2023	train	assigned
mol_2024	train	assigned
mol_2025	train	assigned
mol_2026	test	assigned
mol_2027	test	assigned
mol_2028	train	assigned
mol_2029	test	sampled
mol_2030	val	assigned
mol_2031	train	assigned
mol_2032	val	assigned
mol_2033	test	assigned
mol_2034	val	sampled
mol_2035	val	assigned
mol_2036	val	assigned
mol_2037	train	assigned
mol_2038	train	assigned
mol_2039	test	assigned
mol_2040	test	assigned
mol_2041	train	sampled
mol_2042	train	assigned
mol_2043	val	sampled
mol_2044	train	assigned
mol_2045	train	assigned
mol_2046	val	assigned
mol_2047	val	assigned
mol_2048	test	assigned
mol_2049	train	assigned
mol_2050	val	assigned
mol_2051	val	assigned
mol_2052	val	assigned
mol_2053	train	sampled
mol_2054	val	assigned
mol_2055	train	sampled
mol_2056	val	assigned
mol_2057	val	assigned
mol_2058	val	assigned
mol_2059	train	assigned
mol_2060	test	assigned
mol_2061	train	assigned
mol_2062	val	assigned
mol_2063	train	assigned
mol_2064	train	assigned
mol_2065	train	assigned
mol_2066	train	assigned
mol_2067	train	assigned
mol_2068	train	assigned
mol_2069	val	assigned
mol_2070	val	assigned
mol_2071	val	sampled
mol_2072	train	assigned
mol_2073	train	assigned
mol_2074	train	sampled
mol_2075	test	sampled
mol_2076	test	assigned
mol_2077	test	assigned
mol_2078	val	assigned
mol_2079	train	assigned
mol_2080	train	assigned
mol_2081	train	sampled
mol_2082	train	assigned
mol_2083	train	assigned
mol_2084	train	assigned
mol_2085	train	assigned
mol_2086	train	assigned
mol_2087	train	sampled
mol_2088	val	assigned
mol_2089	train	assigned
mol_2090	train	assigned
mol_2091	train	sampled
mol_2092	train	assigned
mol_2093	test	assigned
mol_2094	test	assigned
mol_2095	train	sampled
mol_2096	train	assigned
mol_2097	test	sampled
mol_2098	train	assigned
mol_2099	train	assigned
mol_2100	train	assigned
mol_2101	train	assigned
mol_2102	train	assigned
mol_2103	train	assigned
mol_2104	train	assigned
mol_2105	train	assigned
mol_2106	train	assigned
mol_2107	train	assigned
mol_2108	train	assigned
mol_2109	val	sampled
mol_2110	val	sampled
mol_2111	train	sampled
mol_2112	train	assigned
mol_2113	train	assigned
mol_2114	train	assigned
mol_2115	train	sampled
mol_2116	train	sampled
mol_2117	train	sampled
mol_2118	train	assigned
mol_2119	train	sampled
mol_2120	train	assigned
mol_2121	test	assigned
mol_2122	test	assigned
mol_2123	test	assigned
mol_2124	train	assigned
mol_2125	test	assigned
mol_2126	train	sampled
mol_2127	train	assigned
mol_2128	val	assigned
mol_2129	train	assigned
mol_2130	train	assigned
mol_2131	train	assigned
mol_2132	val	assigned
mol_2133	train	sampled
mol_2134	train	assigned
mol_2135	train	sampled
mol_2136	train	assigned
mol_2137	train	assigned
mol_2138	val	sampled
mol_2139	train	assigned
mol_2140	train	sampled
mol_2141	train	assigned
mol_2142	train	sampled
mol_2143	train	assigned
mol_2144	val	assigned
mol_2145	train	sampled
mol_2146	train	assigned
mol_2147	train	assigned
mol_2148	train	assigned
mol_2149	val	sampled
mol_2150	train	sampled
mol_2151	train	assigned
mol_2152	train	assigned
mol_2153	train	sampled
mol_2154	train	assigned
mol_2155	train	assigned
mol_2156	train	assigned
mol_2157	val	assigned
mol_2158	val	sampled
mol_2159	train	assigned
mol_2160	val	assigned
mol_2161	train	assigned
mol_2162	val	assigned
mol_2163	test	assigned
mol_2164	test	assigned
mol_2165	val	sampled
mol_2166	train	assigned
mol_2167	train	assigned
mol_2168	train	sampled
mol_2169	train	assigned
mol_2170	train	assigned
mol_2171	train	assigned
mol_2172	val	assigned
mol_2173	val	assigned
mol_2174	val	sampled
mol_2175	train	assigned
mol_2176	train	assigned
mol_2177	train	assigned
mol_2178	train	assigned
mol_2179	train	assigned
mol_2180	train	assigned
mol_2181	test	assigned
mol_2182	test	sampled
mol_2183	train	assigned
mol_2184	train	assigned
mol_2185	train	sampled
mol_2186	train	assigned
mol_2187	train	assigned
mol_2188	train	assigned
mol_2189	train	sampled
mol_2190	train	assigned
mol_2191	train	sampled
mol_2192	train	assigned
mol_2193	val	assigned
mol_2194	train	assigned
mol_2195	val	sampled
mol_2196	train	assigned
mol_2197	test	assigned
mol_2198	train	assigned
mol_2199	train	assigned
mol_2200	train	assigned
mol_2201	train	assigned
mol_2202	test	assigned
mol_2203	train	assigned
mol_2204	test	assigned
mol_2205	train	assigned
mol_2206	train	assigned
mol_2207	train	sampled
mol_2208	train	assigned
mol_2209	train	assigned
mol_2210	train	sampled
mol_2211	train	assigned
mol_2212	train	assigned
mol_2213	train	sampled
mol_2214	train	assigned
mol_2215	train	sampled
mol_2216	train	assigned
mol_2217	train	assigned
mol_2218	train	assigned
mol_2219	train	assigned
mol_2220	train	assigned
mol_2221	train	assigned
mol_2222	train	sampled
mol_2223	val	assigned
mol_2224	val	assigned
mol_2225	train	assigned
mol_2226	test	assigned
mol_2227	test	assigned
mol_2228	test	assigned
mol_2229	test	sampled
mol_2230	train	assigned
mol_2231	train	sampled
mol_2232	train	sampled
mol_2233	val	assigned
mol_2234	train	assigned
mol_2235	train	assigned
mol_2236	train	sampled
mol_2237	train	sampled
mol_2238	train	assigned
mol_2239	train	assigned
mol_2240	train	sampled
mol_2241	train	assigned
mol_2242	train	assigned
mol_2243	train	assigned
mol_2244	train	assigned
mol_2245	train	sampled
mol_2246	val	assigned
mol_2247	train	sampled
mol_2248	train	assigned
mol_2249	test	assigned
mol_2250	train	assigned
mol_2251	val	assigned
mol_2252	train	assigned
mol_2253	train	assigned
mol_2254	test	sampled
mol_2255	train	sampled
mol_2256	train	assigned
mol_2257	train	assigned
mol_2258	train	assigned
mol_2259	train	sampled
mol_2260	train	assigned
mol_2261	val	assigned
mol_2262	val	assigned
mol_2263	val	assigned
mol_2264	val	assigned
mol_2265	val	sampled
mol_2266	val	sampled
mol_2267	val	assigned
mol_2268	val	assigned
mol_2269	val	sampled
mol_2270	val	assigned
mol_2271	val	assigned
mol_2272	val	assigned
mol_2273	val	sampled
mol_2274	test	assigned
mol_2275	test	sampled
mol_2276	train	sampled
mol_2277	train	sampled
mol_2278	train	sampled
mol_2279	train	sampled
mol_2280	val	sampled
mol_2281	test	assigned
mol_2282	test	assigned
mol_2283	train	assigned
mol_2284	val	assigned
mol_2285	train	assigned
mol_2286	test	sampled
mol_2287	test	assigned
mol_2288	train	assigned
mol_2289	train	assigned
mol_2290	train	sampled
mol_2291	train	assigned
mol_2292	train	assigned
mol_2293	train	assigned
mol_2294	train	sampled
mol_2295	train	sampled
mol_2296	train	sampled
mol_2297	train	assigned
mol_2298	train	assigned
mol_2299	train	sampled
mol_2300	train	sampled
mol_2301	train	assigned
mol_2302	train	assigned
mol_2303	train	assigned
mol_2304	train	sampled
mol_2305	train	sampled
mol_2306	train	sampled
mol_2307	val	assigned
mol_2308	train	sampled
mol_2309	test	assigned
mol_2310	train	sampled
mol_2311	train	assigned
mol_2312	train	sampled
mol_2313	test	assigned
mol_2314	val	assigned
mol_2315	train	assigned
mol_2316	train	assigned
mol_2317	train	assigned
mol_2318	train	sampled
mol_2319	train	assigned
mol_2320	train	sampled
mol_2321	train	assigned
mol_2322	train	sampled
mol_2323	train	sampled
mol_2324	train	assigned
mol_2325	train	sampled
mol_2326	train	assigned
mol_2327	train	assigned
mol_2328	train	assigned
mol_2329	train	assigned
mol_2330	train	assigned
mol_2331	train	sampled
mol_2332	train	assigned
mol_2333	train	assigned
mol_2334	train	assigned
mol_2335	train	assigned
mol_2336	train	assigned
mol_2337	train	assigned
mol_2338	train	assigned
mol_2339	train	assigned
mol_2340	train	assigned
mol_2341	train	assigned
mol_2342	train	sampled
mol_2343	train	assigned
mol_2344	train	sampled
mol_2345	train	assigned
mol_2346	train	sampled
mol_2347	train	assigned
mol_2348	train	sampled
mol_2349	train	assigned
mol_2350	train	sampled
mol_2351	train	sampled
mol_2352	train	assigned
mol_2353	train	assigned
mol_2354	train	assigned
mol_2355	train	assigned
mol_2356	train	assigned
mol_2357	train	sampled
mol_2358	train	assigned
mol_2359	train	assigned
mol_2360	train	sampled
mol_2361	train	assigned
mol_2362	train	sampled
mol_2363	train	sampled
mol_2364	train	assigned
mol_2365	train	assigned
mol_2366	val	assigned
mol_2367	train	assigned
mol_2368	train	assigned
mol_2369	train	assigned
mol_2370	train	assigned
mol_2371	train	assigned
mol_2372	train	assigned
mol_2373	train	assigned
mol_2374	train	sampled
mol_2375	train	assigned
mol_2376	train	assigned
mol_2377	train	assigned
mol_2378	train	assigned
mol_2379	train	assigned
mol_2380	train	assigned
mol_2381	train	assigned
mol_2382	test	assigned
mol_2383	train	sampled
mol_2384	train	assigned
mol_2385	train	sampled
mol_2386	train	assigned
mol_2387	train	assigned
mol_2388	train	assigned
mol_2389	train	assigned
mol_2390	train	assigned
mol_2391	val	assigned
mol_2392	train	assigned
mol_2393	val	sampled
mol_2394	val	assigned
mol_2395	val	assigned
mol_2396	val	assigned
mol_2397	val	assigned
mol_2398	train	assigned
mol_2399	val	sampled
mol_2400	val	assigned
mol_2401	test	assigned
mol_2402	train	assigned
mol_2403	train	assigned
mol_2404	train	assigned
mol_2405	train	assigned
mol_2406	val	sampled
mol_2407	test	assigned
mol_2408	train	assigned
mol_2409	train	assigned
mol_2410	test	assigned
mol_2411	train	assigned
mol_2412	train	assigned
mol_2413	train	assigned
mol_2414	train	sampled
mol_2415	val	assigned
mol_2416	val	assigned
mol_2417	val	assigned
mol_2418	train	assigned
mol_2419	train	assigned
mol_2420	train	assigned
mol_2421	train	assigned
mol_2422	train	assigned
mol_2423	train	assigned
mol_2424	val	assigned
mol_2425	val	assigned
mol_2426	train	assigned
mol_2427	train	assigned
mol_2428	train	assigned
mol_2429	test	assigned
mol_2430	val	assigned
mol_2431	train	assigned
mol_2432	val	assigned
mol_2433	val	assigned
mol_2434	train	sampled
mol_2435	val	assigned
mol_2436	train	sampled
mol_2437	test	sampled
mol_2438	train	assigned
mol_2439	val	assigned
mol_2440	train	sampled
mol_2441	train	assigned
mol_2442	val	sampled
mol_2443	train	assigned
mol_2444	train	assigned
mol_2445	train	sampled
mol_2446	train	assigned
mol_2447	test	assigned
mol_2448	train	sampled
mol_2449	train	assigned
mol_2450	train	assigned
mol_2451	train	assigned
mol_2452	val	assigned
mol_2453	train	assigned
mol_2454	test	assigned
mol_2455	test	assigned
mol_2456	test	assigned
mol_2457	test	sampled
mol_2458	test	assigned
mol_2459	test	assigned
mol_2460	train	assigned
mol_2461	train	assigned
mol_2462	train	assigned
mol_2463	train	assigned
mol_2464	train	sampled
mol_2465	train	assigned
mol_2466	train	assigned
mol_2467	train	assigned
mol_2468	train	assigned
mol_2469	train	assigned
mol_2470	val	assigned
mol_2471	train	assigned
mol_2472	val	assigned
mol_2473	test	assigned
mol_2474	val	assigned
mol_2475	train	assigned
mol_2476	train	assigned
mol_2477	train	assigned
mol_2478	train	assigned
mol_2479	train	assigned
mol_2480	train	assigned
mol_2481	train	assigned
mol_2482	train	assigned
mol_2483	train	assigned
mol_2484	train	assigned
mol_2485	train	assigned
mol_2486	train	assigned
mol_2487	val	assigned
mol_2488	train	assigned
mol_2489	test	assigned
mol_2490	train	assigned
mol_2491	train	assigned
mol_2492	val	sampled
mol_2493	train	assigned
mol_2494	val	sampled
mol_2495	test	assigned
mol_2496	val	sampled
mol_2497	test	assigned
mol_2498	test	sampled
mol_2499	train	sampled
mol_2500	train	assigned
mol_2501	train	assigned
mol_2502	train	assigned
mol_2503	train	assigned
mol_2504	train	assigned
mol_2505	train	sampled
mol_2506	train	assigned
mol_2507	val	sampled
mol_2508	train	assigned
mol_2509	train	assigned
mol_2510	train	sampled
mol_2511	train	assigned
mol_2512	val	assigned
mol_2513	test	assigned
mol_2514	train	assigned
mol_2515	train	assigned
mol_2516	train	assigned
mol_2517	train	assigned
mol_2518	val	sampled
mol_2519	train	assigned
mol_2520	train	assigned
mol_2521	train	assigned
mol_2522	test	assigned
mol_2523	train	assigned
mol_2524	test	assigned
mol_2525	val	sampled
mol_2526	val	assigned
mol_2527	train	sampled
mol_2528	train	sampled
mol_2529	val	assigned
mol_2530	train	assigned
mol_2531	train	sampled
mol_2532	test	sampled
mol_2533	train	assigned
mol_2534	val	assigned
mol_2535	train	assigned
mol_2536	train	assigned
mol_2537	train	assigned
mol_2538	train	assigned
mol_2539	val	assigned
mol_2540	train	sampled
mol_2541	train	sampled
mol_2542	train	assigned
mol_2543	train	assigned
mol_2544	train	assigned
mol_2545	val	assigned
mol_2546	train	sampled
mol_2547	train	sampled
mol_2548	val	sampled
mol_2549	val	assigned
mol_2550	val	assigned
mol_2551	train	assigned
mol_2552	test	assigned
mol_2553	val	assigned
mol_2554	train	sampled
mol_2555	train	assigned
mol_2556	test	assigned
mol_2557	train	assigned
mol_2558	val	assigned
mol_2559	val	assigned
mol_2560	train	assigned
mol_2561	val	sampled
mol_2562	train	assigned
mol_2563	train	assigned
mol_2564	train	sampled
mol_2565	train	assigned
mol_2566	train	assigned
mol_2567	val	assigned
mol_2568	train	assigned
mol_2569	train	assigned
mol_2570	train	assigned
mol_2571	val	sampled
mol_2572	val	assigned
mol_2573	train	assigned
mol_2574	train	assigned
mol_2575	val	assigned
mol_2576	val	assigned
mol_2577	train	sampled
mol_2578	train	sampled
mol_2579	val	assigned
mol_2580	val	assigned
mol_2581	train	assigned
mol_2582	train	assigned
mol_2583	train	assigned
mol_2584	train	assigned
mol_2585	val	sampled
mol_2586	train	assigned
mol_2587	val	assigned
mol_2588	train	sampled
mol_2589	test	assigned
mol_2590	train	assigned
mol_2591	train	assigned
mol_2592	train	sampled
mol_2593	train	assigned
mol_2594	val	assigned
mol_2595	train	sampled
mol_2596	test	assigned
mol_2597	test	assigned
mol_2598	val	assigned
mol_2599	train	assigned
mol_2600	train	assigned
mol_2601	train	assigned
mol_2602	test	sampled
mol_2603	test	assigned
mol_2604	train	assigned
mol_2605	train	assigned
mol_2606	train	assigned
mol_2607	val	assigned
mol_2608	train	sampled
mol_2609	train	assigned
mol_2610	train	assigned
mol_2611	train	assigned
mol_2612	train	assigned
mol_2613	val	assigned
mol_2614	train	assigned
mol_2615	val	assigned
mol_2616	train	assigned
mol_2617	train	sampled
mol_2618	train	assigned
mol_2619	train	assigned
mol_2620	train	assigned
mol_2621	test	assigned
mol_2622	train	sampled
mol_2623	train	assigned
mol_2624	val	sampled
mol_2625	test	sampled
mol_2626	test	sampled
mol_2627	test	assigned
mol_2628	train	assigned
mol_2629	train	assigned
mol_2630	train	assigned
mol_2631	train	assigned
mol_2632	train	assigned
mol_2633	val	sampled
mol_2634	train	assigned
mol_2635	train	sampled
mol_2636	train	assigned
mol_2637	val	assigned
mol_2638	train	sampled
mol_2639	train	assigned
mol_2640	train	assigned
mol_2641	train	assigned
mol_2642	train	assigned
mol_2643	train	assigned
mol_2644	val	sampled
mol_2645	val	sampled
mol_2646	train	assigned
mol_2647	train	sampled
mol_2648	val	assigned
mol_2649	train	sampled
mol_2650	train	sampled
mol_2651	train	assigned
mol_2652	train	assigned
mol_2653	train	assigned
mol_2654	train	assigned
mol_2655	val	assigned
mol_2656	test	assigned
mol_2657	val	assigned
mol_2658	train	sampled
mol_2659	val	assigned
mol_2660	train	assigned
mol_2661	train	assigned
mol_2662	train	assigned
mol_2663	train	assigned
mol_2664	train	assigned
mol_2665	train	assigned
mol_2666	train	assigned
mol_2667	train	assigned
mol_2668	val	assigned
mol_2669	val	assigned
mol_2670	test	assigned
mol_2671	train	assigned
mol_2672	val	sampled
mol_2673	val	assigned
mol_2674	val	assigned
mol_2675	val	assigned
mol_2676	val	sampled
mol_2677	train	assigned
mol_2678	val	sampled
mol_2679	train	assigned
mol_2680	test	sampled
mol_2681	train	assigned
mol_2682	val	assigned
mol_2683	train	sampled
mol_2684	train	assigned
mol_2685	train	assigned
mol_2686	test	assigned
mol_2687	train	assigned
mol_2688	train	assigned
mol_2689	test	assigned
mol_2690	val	assigned
mol_2691	test	sampled
mol_2692	train	sampled
mol_2693	train	assigned
mol_2694	val	assigned
mol_2695	train	assigned
mol_2696	train	assigned
mol_2697	val	sampled
mol_2698	val	assigned
mol_2699	val	assigned
mol_2700	train	assigned
mol_2701	train	assigned
mol_2702	train	assigned
mol_2703	train	assigned
mol_2704	train	assigned
mol_2705	train	sampled
mol_2706	train	assigned
mol_2707	train	assigned
mol_2708	train	assigned
mol_2709	train	assigned
mol_2710	train	assigned
mol_2711	val	assigned
mol_2712	val	assigned
mol_2713	train	assigned
mol_2714	train	assigned
mol_2715	train	assigned
mol_2716	train	assigned
mol_2717	train	assigned
mol_2718	train	assigned
mol_2719	train	assigned
mol_2720	train	assigned
mol_2721	train	assigned
mol_2722	train	assigned
mol_2723	train	assigned
mol_2724	train	assigned
mol_2725	train	sampled
mol_2726	train	sampled
mol_2727	train	assigned
mol_2728	train	assigned
mol_2729	train	assigned
mol_2730	train	sampled
mol_2731	train	sampled
mol_2732	val	assigned
mol_2733	train	sampled
mol_2734	train	assigned
mol_2735	train	sampled
mol_2736	val	assigned
mol_2737	train	assigned
mol_2738	train	assigned
mol_2739	train	assigned
mol_2740	train	sampled
mol_2741	train	sampled
mol_2742	val	assigned
mol_2743	val	sampled
mol_2744	train	sampled
mol_2745	val	assigned
mol_2746	val	sampled
mol_2747	train	assigned
mol_2748	train	assigned
mol_2749	train	assigned
mol_2750	val	assigned
mol_2751	train	assigned
mol_2752	train	sampled
mol_2753	val	assigned
mol_2754	train	sampled
mol_2755	train	assigned
mol_2756	train	sampled
mol_2757	train	sampled
mol_2758	train	sampled
mol_2759	train	assigned
mol_2760	train	sampled
mol_2761	train	sampled
mol_2762	train	assigned
mol_2763	train	assigned
mol_2764	train	assigned
mol_2765	train	assigned
mol_2766	train	assigned
mol_2767	train	sampled
mol_2768	train	assigned
mol_2769	train	assigned
mol_2770	train	assigned
mol_2771	train	assigned
mol_2772	test	sampled
mol_2773	train	assigned
mol_2774	val	assigned
mol_2775	train	assigned
mol_2776	train	assigned
mol_2777	test	assigned
mol_2778	train	assigned
mol_2779	train	assigned
mol_2780	val	assigned
mol_2781	train	assigned
mol_2782	val	assigned
mol_2783	train	assigned
mol_2784	train	assigned
mol_2785	val	assigned
mol_2786	val	assigned
mol_2787	train	assigned
mol_2788	test	assigned
mol_2789	val	assigned
mol_2790	val	assigned
mol_2791	val	sampled
mol_2792	train	assigned
mol_2793	train	assigned
mol_2794	train	assigned
mol_2795	train	assigned
mol_2796	train	assigned
mol_2797	val	assigned
mol_2798	train	assigned
mol_2799	train	sampled
mol_2800	train	assigned
mol_2801	train	assigned
mol_2802	train	assigned
mol_2803	train	assigned
mol_2804	val	assigned
mol_2805	val	assigned
mol_2806	val	assigned
mol_2807	train	assigned
mol_2808	train	assigned
mol_2809	train	assigned
mol_2810	train	assigned
mol_2811	train	assigned
mol_2812	train	assigned
mol_2813	train	sampled
mol_2814	train	sampled
mol_2815	train	assigned
mol_2816	val	assigned
mol_2817	test	assigned
mol_2818	train	assigned
mol_2819	train	assigned
mol_2820	val	assigned
mol_2821	train	assigned
mol_2822	train	assigned
mol_2823	train	assigned
mol_2824	train	assigned
mol_2825	val	sampled
mol_2826	train	sampled
mol_2827	train	assigned
mol_2828	train	sampled
mol_2829	train	assigned
mol_2830	train	sampled
mol_2831	train	assigned
mol_2832	val	assigned
mol_2833	val	assigned
mol_2834	train	sampled
mol_2835	train	assigned
mol_2836	train	assigned
mol_2837	val	assigned
mol_2838	train	assigned
mol_2839	train	assigned
mol_2840	train	assigned
mol_2841	train	assigned
mol_2842	train	assigned
mol_2843	test	assigned
mol_2844	train	assigned
mol_2845	train	assigned
mol_2846	train	assigned
mol_2847	train	sampled
mol_2848	val	sampled
mol_2849	val	assigned
mol_2850	val	assigned
mol_2851	train	sampled
mol_2852	train	assigned
mol_2853	val	assigned
mol_2854	train	sampled
mol_2855	train	assigned
mol_2856	train	sampled
mol_2857	train	sampled
mol_2858	train	sampled
mol_2859	train	assigned
mol_2860	train	assigned
mol_2861	train	assigned
mol_2862	train	assigned
mol_2863	train	sampled
mol_2864	train	assigned
mol_2865	train	sampled
mol_2866	train	assigned
mol_2867	train	sampled
mol_2868	train	sampled
mol_2869	train	assigned
mol_2870	val	assigned
mol_2871	train	assigned
mol_2872	train	assigned
mol_2873	train	assigned
mol_2874	val	sampled
mol_2875	val	sampled
mol_2876	val	sampled
mol_2877	test	sampled
mol_2878	train	assigned
mol_2879	val	sampled
mol_2880	val	assigned
mol_2881	train	assigned
mol_2882	val	assigned
mol_2883	val	assigned
mol_2884	train	assigned
mol_2885	train	sampled
mol_2886	train	assigned
mol_2887	val	assigned
mol_2888	train	assigned
mol_2889	train	assigned
mol_2890	train	assigned
mol_2891	train	sampled
mol_2892	train	assigned
mol_2893	train	sampled
mol_2894	train	sampled
mol_2895	train	assigned
mol_2896	train	sampled
mol_2897	train	assigned
mol_2898	train	assigned
mol_2899	train	assigned
mol_2900	train	sampled
mol_2901	train	assigned
mol_2902	train	assigned
mol_2903	train	sampled
mol_2904	train	assigned
mol_2905	train	assigned
mol_2906	train	assigned
mol_2907	train	sampled
mol_2908	val	assigned
mol_2909	val	assigned
mol_2910	val	assigned
mol_2911	test	assigned
mol_2912	val	assigned
mol_2913	val	assigned
mol_2914	train	assigned
mol_2915	train	sampled
mol_2916	train	sampled
mol_2917	train	assigned
mol_2918	train	assigned
mol_2919	train	assigned
mol_2920	train	assigned
mol_2921	train	assigned
mol_2922	val	assigned
mol_2923	val	sampled
mol_2924	train	assigned
mol_2925	train	assigned
mol_2926	train	assigned
mol_2927	test	assigned
mol_2928	train	assigned
mol_2929	train	sampled
mol_2930	train	assigned
mol_2931	train	sampled
mol_2932	train	sampled
mol_2933	train	assigned
mol_2934	train	assigned
mol_2935	train	sampled
mol_2936	train	assigned
mol_2937	train	assigned
mol_2938	val	assigned
mol_2939	train	assigned
mol_2940	train	assigned
mol_2941	train	assigned
mol_2942	val	sampled
mol_2943	train	sampled
mol_2944	val	assigned
mol_2945	train	assigned
mol_2946	train	sampled
mol_2947	train	assigned
mol_2948	train	assigned
mol_2949	train	sampled
mol_2950	train	assigned
mol_2951	train	assigned
mol_2952	train	sampled
mol_2953	train	assigned
mol_2954	train	sampled
mol_2955	train	sampled
mol_2956	test	assigned
mol_2957	val	assigned
mol_2958	train	sampled
mol_2959	train	assigned
mol_2960	val	sampled
mol_2961	val	assigned
mol_2962	train	assigned
mol_2963	train	assigned
mol_2964	train	assigned
mol_2965	train	sampled
mol_2966	train	assigned
mol_2967	train	sampled
mol_2968	train	assigned
mol_2969	train	sampled
mol_2970	train	assigned
mol_2971	train	assigned
mol_2972	train	assigned
mol_2973	train	assigned
mol_2974	val	sampled
mol_2975	train	assigned
mol_2976	test	assigned
mol_2977	val	assigned
mol_2978	train	assigned
mol_2979	train	assigned
mol_2980	val	sampled
mol_2981	val	assigned
mol_2982	train	sampled
mol_2983	train	assigned
mol_2984	train	sampled
mol_2985	train	assigned
mol_2986	val	assigned
mol_2987	val	sampled
mol_2988	train	assigned
mol_2989	train	assigned
mol_2990	train	sampled
mol_2991	train	assigned
mol_2992	train	sampled
mol_2993	val	assigned
mol_2994	val	assigned
mol_2995	val	assigned
mol_2996	val	assigned
mol_2997	train	assigned
mol_2998	test	assigned
mol_2999	train	assigned
mol_3000	train	sampled
mol_3001	train	sampled
mol_3002	train	sampled
mol_3003	train	sampled
mol_3004	val	assigned
mol_3005	train	assigned
mol_3006	val	assigned
mol_3007	train	assigned
mol_3008	train	assigned
mol_3009	train	assigned
mol_3010	train	assigned
mol_3011	train	assigned
mol_3012	test	assigned
mol_3013	train	sampled
mol_3014	val	assigned
mol_3015	val	assigned
mol_3016	val	sampled
mol_3017	train	assigned
mol_3018	train	sampled
mol_3019	train	assigned
mol_3020	val	assigned
mol_3021	val	sampled
mol_3022	val	assigned
mol_3023	train	assigned
mol_3024	train	assigned
mol_3025	val	sampled
mol_3026	val	assigned
mol_3027	train	assigned
mol_3028	train	sampled
mol_3029	test	assigned
mol_3030	train	assigned
mol_3031	test	sampled
mol_3032	train	assigned
mol_3033	test	assigned
mol_3034	train	assigned
mol_3035	train	sampled
mol_3036	train	assigned
mol_3037	train	assigned
mol_3038	val	sampled
mol_3039	val	assigned
mol_3040	val	assigned
mol_3041	train	assigned
mol_3042	train	assigned
mol_3043	train	sampled
mol_3044	test	assigned
mol_3045	val	assigned
mol_3046	val	assigned
mol_3047	train	sampled
mol_3048	train	assigned
mol_3049	val	sampled
mol_3050	train	assigned
mol_3051	val	assigned
mol_3052	val	assigned
mol_3053	val	sampled
mol_3054	val	assigned
mol_3055	train	assigned
mol_3056	train	sampled
mol_3057	train	assigned
mol_3058	train	sampled
mol_3059	train	assigned
mol_3060	train	assigned
mol_3061	train	assigned
mol_3062	train	assigned
mol_3063	val	sampled
mol_3064	val	assigned
mol_3065	train	assigned
mol_3066	train	assigned
mol_3067	train	sampled
mol_3068	train	sampled
mol_3069	val	sampled
mol_3070	train	assigned
mol_3071	train	assigned
mol_3072	train	assigned
mol_3073	train	assigned
mol_3074	val	sampled
mol_3075	train	assigned
mol_3076	train	assigned
mol_3077	val	sampled
mol_3078	train	assigned
mol_3079	train	assigned
mol_3080	train	assigned
mol_3081	train	assigned
mol_3082	val	sampled
mol_3083	val	assigned
mol_3084	train	assigned
mol_3085	train	sampled
mol_3086	train	assigned
mol_3087	train	assigned
mol_3088	train	assigned
mol_3089	train	assigned
mol_3090	train	assigned
mol_3091	val	sampled
mol_3092	train	assigned
mol_3093	test	assigned
mol_3094	train	assigned
mol_3095	train	sampled
mol_3096	val	assigned
mol_3097	train	assigned
mol_3098	val	assigned
mol_3099	val	assigned
mol_3100	train	sampled
mol_3101	train	assigned
mol_3102	train	sampled
mol_3103	train	assigned
mol_3104	val	sampled
mol_3105	train	sampled
mol_3106	train	sampled
mol_3107	test	assigned
mol_3108	train	sampled
mol_3109	train	assigned
mol_3110	test	assigned
mol_3111	val	assigned
mol_3112	train	assigned
mol_3113	val	sampled
mol_3114	val	assigned
mol_3115	val	sampled
mol_3116	val	assigned
mol_3117	val	assigned
mol_3118	val	assigned
mol_3119	test	sampled
mol_3120	train	assigned
mol_3121	train	assigned
mol_3122	train	sampled
mol_3123	train	assigned
mol_3124	train	assigned
mol_3125	train	assigned
mol_3126	train	sampled
mol_3127	val	assigned
mol_3128	train	sampled
mol_3129	val	assigned
mol_3130	val	assigned
mol_3131	val	assigned
mol_3132	train	assigned
mol_3133	train	assigned
mol_3134	train	assigned
mol_3135	train	assigned
mol_3136	val	assigned
mol_3137	train	assigned
mol_3138	test	assigned
mol_3139	train	assigned
mol_3140	train	assigned
mol_3141	train	sampled
mol_3142	val	sampled
mol_3143	test	assigned
mol_3144	val	assigned
mol_3145	train	assigned
mol_3146	test	assigned
mol_3147	train	assigned
mol_3148	train	assigned
mol_3149	test	assigned
mol_3150	train	sampled
mol_3151	test	assigned
mol_3152	train	assigned
mol_3153	val	assigned
mol_3154	val	sampled
mol_3155	train	sampled
mol_3156	test	assigned
mol_3157	test	assigned
mol_3158	test	assigned
mol_3159	test	assigned
mol_3160	test	sampled
mol_3161	val	sampled
mol_3162	train	assigned
mol_3163	train	sampled
mol_3164	train	assigned
mol_3165	train	sampled
mol_3166	train	assigned
mol_3167	train	assigned
mol_3168	train	sampled
mol_3169	train	sampled
mol_3170	train	assigned
mol_3171	train	assigned
mol_3172	train	assigned
mol_3173	train	assigned
mol_3174	train	assigned
mol_3175	train	assigned
mol_3176	train	assigned
mol_3177	train	sampled
mol_3178	val	assigned
mol_3179	train	assigned
mol_3180	val	assigned
mol_3181	train	assigned
mol_3182	val	assigned
mol_3183	train	assigned
mol_3184	train	sampled
mol_3185	train	assigned
mol_3186	train	assigned
mol_3187	train	assigned
mol_3188	train	assigned
mol_3189	train	sampled
mol_3190	train	assigned
mol_3191	train	assigned
mol_3192	train	assigned
mol_3193	train	sampled
mol_3194	train	assigned
mol_3195	train	assigned
mol_3196	val	assigned
mol_3197	train	sampled
mol_3198	train	assigned
mol_3199	train	assigned
mol_3200	train	assigned
mol_3201	train	assigned
mol_3202	val	sampled
mol_3203	train	assigned
mol_3204	test	assigned
mol_3205	val	assigned
mol_3206	train	assigned
mol_3207	train	assigned
mol_3208	train	sampled
mol_3209	train	assigned
mol_3210	test	assigned
mol_3211	test	sampled
mol_3212	test	assigned
mol_3213	val	assigned
mol_3214	train	sampled
mol_3215	test	assigned
mol_3216	train	assigned
mol_3217	train	assigned
mol_3218	val	assigned
mol_3219	train	sampled
mol_3220	train	sampled
mol_3221	train	assigned
mol_3222	train	assigned
mol_3223	val	assigned
mol_3224	train	assigned
mol_3225	train	assigned
mol_3226	train	sampled
mol_3227	train	sampled
mol_3228	train	assigned
mol_3229	val	assigned
mol_3230	train	sampled
mol_3231	train	assigned
mol_3232	val	assigned
mol_3233	val	assigned
mol_3234	train	assigned
mol_3235	train	assigned
mol_3236	train	assigned
mol_3237	train	assigned
mol_3238	train	assigned
mol_3239	val	assigned
mol_3240	train	assigned
mol_3241	train	sampled
mol_3242	val	sampled
mol_3243	train	sampled
mol_3244	train	assigned
mol_3245	train	sampled
mol_3246	train	assigned
mol_3247	train	assigned
mol_3248	train	sampled
mol_3249	train	assigned
mol_3250	train	sampled
mol_3251	train	assigned
mol_3252	val	sampled
mol_3253	val	sampled
mol_3254	train	assigned
mol_3255	train	assigned
mol_3256	train	assigned
mol_3257	train	assigned
mol_3258	train	assigned
mol_3259	train	assigned
mol_3260	train	assigned
mol_3261	train	assigned
mol_3262	train	assigned
mol_3263	val	sampled
mol_3264	train	assigned
mol_3265	val	sampled
mol_3266	train	assigned
mol_3267	val	assigned
mol_3268	train	assigned
mol_3269	val	sampled
mol_3270	val	sampled
mol_3271	val	assigned
mol_3272	train	sampled
mol_3273	train	assigned
mol_3274	train	assigned
mol_3275	train	assigned
mol_3276	val	assigned
mol_3277	val	sampled
mol_3278	test	assigned
mol_3279	val	assigned
mol_3280	train	assigned
mol_3281	val	sampled
mol_3282	test	sampled
mol_3283	test	assigned
mol_3284	train	assigned
mol_3285	val	assigned
mol_3286	train	sampled
mol_3287	train	sampled
mol_3288	train	sampled
mol_3289	train	sampled
mol_3290	val	sampled
mol_3291	train	assigned
mol_3292	train	assigned
mol_3293	train	assigned
mol_3294	test	assigned
mol_3295	train	assigned
mol_3296	train	sampled
mol_3297	val	assigned
mol_3298	train	sampled
mol_3299	train	assigned
mol_3300	train	assigned
mol_3301	val	assigned
mol_3302	val	assigned
mol_3303	train	assigned
mol_3304	train	assigned
mol_3305	train	assigned
mol_3306	train	assigned
mol_3307	test	assigned
mol_3308	train	assigned
mol_3309	val	sampled
mol_3310	val	assigned
mol_3311	test	assigned
mol_3312	train	assigned
mol_3313	train	assigned
mol_3314	train	assigned
mol_3315	val	sampled
mol_3316	val	sampled
mol_3317	train	assigned
mol_3318	train	sampled
mol_3319	test	assigned
mol_3320	train	assigned
mol_3321	train	assigned
mol_3322	train	assigned
mol_3323	train	assigned
mol_3324	train	assigned
mol_3325	train	assigned
mol_3326	train	assigned
mol_3327	train	assigned
mol_3328	train	assigned
mol_3329	train	assigned
mol_3330	test	assigned
mol_3331	val	assigned
mol_3332	train	assigned
mol_3333	val	assigned
mol_3334	test	assigned
mol_3335	train	assigned
mol_3336	train	assigned
mol_3337	train	sampled
mol_3338	train	assigned
mol_3339	train	assigned
mol_3340	test	assigned
mol_3341	train	assigned
mol_3342	train	assigned
mol_3343	test	assigned
mol_3344	test	assigned
mol_3345	train	assigned
mol_3346	train	assigned
mol_3347	val	assigned
mol_3348	val	assigned
mol_3349	val	sampled
mol_3350	val	sampled
mol_3351	train	assigned
mol_3352	train	assigned
mol_3353	val	sampled
mol_3354	train	assigned
mol_3355	val	assigned
mol_3356	val	sampled
mol_3357	train	assigned
mol_3358	val	assigned
mol_3359	val	assigned
mol_3360	train	assigned
mol_3361	train	assigned
mol_3362	train	sampled
mol_3363	train	assigned
mol_3364	train	assigned
mol_3365	train	assigned
mol_3366	val	assigned
mol_3367	test	assigned
mol_3368	val	assigned
mol_3369	val	assigned
mol_3370	train	assigned
mol_3371	val	assigned
mol_3372	train	assigned
mol_3373	train	assigned
mol_3374	val	assigned
mol_3375	train	sampled
mol_3376	test	assigned
mol_3377	test	assigned
mol_3378	train	sampled
mol_3379	train	assigned
mol_3380	train	assigned
mol_3381	train	assigned
mol_3382	train	sampled
mol_3383	train	assigned
mol_3384	val	assigned
mol_3385	val	assigned
mol_3386	val	sampled
mol_3387	test	assigned
mol_3388	test	sampled
mol_3389	val	assigned
mol_3390	val	assigned
mol_3391	train	sampled
mol_3392	test	assigned
mol_3393	test	assigned
mol_3394	test	assigned
mol_3395	train	assigned
mol_3396	train	sampled
mol_3397	val	sampled
mol_3398	train	assigned
mol_3399	train	assigned
mol_3400	val	assigned
mol_3401	val	sampled
mol_3402	train	assigned
mol_3403	val	assigned
mol_3404	train	assigned
mol_3405	val	assigned
mol_3406	val	sampled
mol_3407	train	assigned
mol_3408	train	assigned
mol_3409	train	assigned
mol_3410	train	assigned
mol_3411	train	assigned
mol_3412	train	assigned
mol_3413	val	assigned
mol_3414	train	assigned
mol_3415	val	assigned
mol_3416	test	sampled
mol_3417	test	assigned
mol_3418	test	sampled
mol_3419	test	sampled
mol_3420	test	assigned
mol_3421	test	assigned
mol_3422	test	assigned
mol_3423	train	assigned
mol_3424	train	assigned
mol_3425	train	sampled
mol_3426	train	assigned
mol_3427	train	assigned
mol_3428	train	assigned
mol_3429	train	assigned
mol_3430	train	assigned
mol_3431	test	sampled
mol_3432	train	assigned
mol_3433	train	assigned
mol_3434	train	sampled
mol_3435	train	assigned
mol_3436	train	assigned
mol_3437	test	assigned
mol_3438	val	sampled
mol_3439	train	assigned
mol_3440	train	assigned
mol_3441	train	sampled
mol_3442	train	assigned
mol_3443	train	assigned
mol_3444	train	assigned
mol_3445	train	sampled
mol_3446	train	assigned
mol_3447	train	assigned
mol_3448	train	sampled
mol_3449	train	assigned
mol_3450	train	assigned
mol_3451	test	sampled
mol_3452	test	sampled
mol_3453	val	assigned
mol_3454	val	assigned
mol_3455	train	sampled
mol_3456	val	sampled
mol_3457	val	assigned
mol_3458	test	assigned
mol_3459	val	assigned
mol_3460	train	sampled
mol_3461	test	sampled
mol_3462	test	assigned
mol_3463	val	assigned
mol_3464	train	assigned
mol_3465	test	assigned
mol_3466	test	assigned
mol_3467	train	assigned
mol_3468	train	assigned
mol_3469	train	assigned
mol_3470	train	sampled
mol_3471	train	assigned
mol_3472	train	assigned
mol_3473	test	assigned
mol_3474	train	sampled
mol_3475	train	assigned
mol_3476	train	assigned
mol_3477	train	assigned
mol_3478	train	assigned
mol_3479	train	assigned
mol_3480	train	assigned
mol_3481	train	assigned
mol_3482	train	assigned
mol_3483	test	assigned
mol_3484	val	assigned
mol_3485	train	assigned
mol_3486	test	assigned
mol_3487	val	assigned
mol_3488	train	sampled
mol_3489	val	sampled
mol_3490	val	assigned
mol_3491	train	assigned
mol_3492	val	assigned
mol_3493	val	sampled
mol_3494	train	assigned
mol_3495	test	assigned
mol_3496	train	assigned
mol_3497	train	assigned
mol_3498	train	assigned
mol_3499	train	assigned
mol_3500	train	assigned
mol_3501	train	assigned
mol_3502	train	sampled
mol_3503	val	assigned
mol_3504	train	assigned
mol_3505	train	assigned
mol_3506	train	assigned
mol_3507	train	sampled
mol_3508	train	sampled
mol_3509	train	assigned
mol_3510	train	sampled
mol_3511	train	sampled
mol_3512	train	assigned
mol_3513	train	assigned
mol_3514	train	assigned
mol_3515	train	assigned
mol_3516	train	assigned
mol_3517	test	assigned
mol_3518	val	assigned
mol_3519	val	sampled
mol_3520	train	assigned
mol_3521	train	assigned
mol_3522	train	assigned
mol_3523	train	assigned
mol_3524	val	assigned
mol_3525	train	sampled
mol_3526	train	assigned
mol_3527	train	assigned
mol_3528	val	assigned
mol_3529	train	sampled
mol_3530	val	sampled
mol_3531	train	assigned
mol_3532	val	assigned
mol_3533	train	assigned
mol_3534	val	assigned
mol_3535	train	assigned
mol_3536	val	assigned
mol_3537	train	assigned
mol_3538	val	assigned
mol_3539	val	sampled
mol_3540	train	assigned
mol_3541	train	sampled
mol_3542	val	assigned
mol_3543	train	assigned
mol_3544	train	assigned
mol_3545	train	assigned
mol_3546	train	assigned
mol_3547	val	assigned
mol_3548	val	sampled
mol_3549	train	assigned
mol_3550	train	assigned
mol_3551	val	assigned
mol_3552	train	assigned
mol_3553	test	assigned
mol_3554	train	assigned
mol_3555	test	sampled
mol_3556	train	assigned
mol_3557	val	assigned
mol_3558	train	assigned
mol_3559	train	assigned
mol_3560	val	assigned
mol_3561	val	assigned
mol_3562	val	assigned
mol_3563	train	assigned
mol_3564	val	sampled
mol_3565	train	assigned
mol_3566	train	sampled
mol_3567	train	assigned
mol_3568	train	sampled
mol_3569	train	assigned
mol_3570	train	assigned
mol_3571	train	assigned
mol_3572	val	assigned
mol_3573	train	assigned
mol_3574	train	assigned
mol_3575	train	assigned
mol_3576	train	assigned
mol_3577	train	assigned
mol_3578	train	sampled
mol_3579	train	assigned
mol_3580	val	sampled
mol_3581	train	sampled
mol_3582	train	assigned
mol_3583	train	assigned
mol_3584	train	sampled
mol_3585	train	sampled
mol_3586	val	assigned
mol_3587	train	assigned
mol_3588	val	sampled
mol_3589	train	sampled
mol_3590	train	assigned
mol_3591	train	assigned
mol_3592	val	sampled
mol_3593	val	sampled
mol_3594	val	sampled
mol_3595	val	assigned
mol_3596	train	assigned
mol_3597	val	assigned
mol_3598	train	assigned
mol_3599	val	assigned
mol_3600	train	assigned
mol_3601	val	sampled
mol_3602	train	assigned
mol_3603	train	assigned
mol_3604	val	sampled
mol_3605	train	assigned
mol_3606	test	assigned
mol_3607	train	assigned
mol_3608	train	assigned
mol_3609	train	assigned
mol_3610	val	assigned
mol_3611	val	sampled
mol_3612	val	assigned
mol_3613	val	assigned
mol_3614	train	assigned
mol_3615	train	sampled
mol_3616	test	assigned
mol_3617	test	assigned
mol_3618	train	assigned
mol_3619	test	sampled
mol_3620	val	assigned
mol_3621	train	assigned
mol_3622	train	sampled
mol_3623	val	sampled
mol_3624	val	assigned
mol_3625	train	assigned
mol_3626	train	assigned
mol_3627	val	assigned
mol_3628	train	sampled
mol_3629	val	assigned
mol_3630	train	assigned
mol_3631	train	assigned
mol_3632	train	assigned
mol_3633	train	sampled
mol_3634	val	assigned
mol_3635	train	sampled
mol_3636	val	assigned
mol_3637	val	assigned
mol_3638	train	assigned
mol_3639	train	assigned
mol_3640	val	sampled
mol_3641	train	assigned
mol_3642	val	assigned
mol_3643	test	sampled
mol_3644	train	assigned
mol_3645	val	sampled
mol_3646	train	assigned
mol_3647	train	assigned
mol_3648	train	assigned
mol_3649	val	assigned
mol_3650	train	assigned
mol_3651	val	assigned
mol_3652	train	assigned
mol_3653	train	sampled
mol_3654	train	assigned
mol_3655	train	sampled
mol_3656	train	assigned
mol_3657	val	assigned
mol_3658	train	assigned
mol_3659	train	assigned
mol_3660	train	sampled
mol_3661	train	sampled
mol_3662	train	sampled
mol_3663	val	assigned
mol_3664	train	assigned
mol_3665	train	assigned
mol_3666	train	assigned
mol_3667	train	assigned
mol_3668	train	assigned
mol_3669	train	assigned
mol_3670	test	assigned
mol_3671	train	assigned
mol_3672	train	assigned
mol_3673	train	sampled
mol_3674	train	assigned
mol_3675	train	assigned
mol_3676	train	assigned
mol_3677	train	assigned
mol_3678	train	assigned
mol_3679	train	assigned
mol_3680	train	assigned
mol_3681	train	assigned
mol_3682	train	assigned
mol_3683	train	assigned
mol_3684	test	assigned
mol_3685	train	assigned
mol_3686	test	assigned
mol_3687	test	sampled
mol_3688	train	assigned
mol_3689	train	assigned
mol_3690	train	assigned
mol_3691	train	assigned
mol_3692	train	assigned
mol_3693	val	sampled
mol_3694	train	sampled
mol_3695	train	assigned
mol_3696	train	assigned
mol_3697	train	sampled
mol_3698	train	sampled
mol_3699	train	assigned
mol_3700	train	assigned
mol_3701	val	sampled
mol_3702	val	assigned
mol_3703	val	sampled
mol_3704	val	sampled
mol_3705	val	sampled
mol_3706	train	assigned
mol_3707	train	sampled
mol_3708	train	assigned
mol_3709	train	assigned
mol_3710	train	assigned
mol_3711	train	assigned
mol_3712	train	assigned
mol_3713	train	assigned
mol_3714	train	assigned
mol_3715	val	sampled
mol_3716	train	assigned
mol_3717	val	assigned
mol_3718	train	assigned
mol_3719	test	sampled
mol_3720	train	assigned
mol_3721	train	assigned
mol_3722	train	assigned
mol_3723	train	assigned
mol_3724	train	assigned
mol_3725	test	sampled
mol_3726	train	assigned
mol_3727	train	assigned
mol_3728	train	assigned
mol_3729	val	assigned
mol_3730	train	assigned
mol_3731	train	assigned
mol_3732	train	sampled
mol_3733	train	assigned
mol_3734	train	sampled
mol_3735	train	sampled
mol_3736	train	assigned
mol_3737	val	sampled
mol_3738	train	assigned
mol_3739	train	assigned
mol_3740	train	assigned
mol_3741	train	assigned
mol_3742	train	assigned
mol_3743	train	assigned
mol_3744	train	assigned
mol_3745	train	assigned
mol_3746	train	sampled
mol_3747	train	assigned
mol_3748	train	assigned
mol_3749	train	assigned
mol_3750	val	assigned
mol_3751	train	assigned
mol_3752	train	assigned
mol_3753	train	sampled
mol_3754	train	assigned
mol_3755	train	assigned
mol_3756	train	assigned
mol_3757	train	assigned
mol_3758	train	sampled
mol_3759	train	assigned
mol_3760	train	assigned
mol_3761	train	sampled
mol_3762	train	assigned
mol_3763	train	assigned
mol_3764	train	assigned
mol_3765	train	assigned
mol_3766	train	assigned
mol_3767	train	assigned
mol_3768	train	assigned
mol_3769	val	assigned
mol_3770	train	assigned
mol_3771	train	assigned
mol_3772	train	assigned
mol_3773	train	assigned
mol_3774	train	assigned
mol_3775	train	assigned
mol_3776	train	sampled
mol_3777	train	assigned
mol_3778	train	assigned
mol_3779	train	assigned
mol_3780	train	sampled
mol_3781	train	sampled
mol_3782	val	assigned
mol_3783	train	assigned
mol_3784	train	assigned
mol_3785	train	sampled
mol_3786	train	assigned
mol_3787	train	assigned
mol_3788	train	assigned
mol_3789	train	sampled
mol_3790	train	sampled
mol_3791	train	assigned
mol_3792	train	sampled
mol_3793	train	assigned
mol_3794	train	assigned
mol_3795	train	assigned
mol_3796	train	assigned
mol_3797	train	assigned
mol_3798	train	sampled
mol_3799	train	sampled
mol_3800	train	assigned
mol_3801	train	assigned
mol_3802	train	assigned
mol_3803	train	sampled
mol_3804	train	assigned
mol_3805	train	assigned
mol_3806	train	sampled
mol_3807	val	assigned
mol_3808	train	sampled
mol_3809	train	assigned
mol_3810	val	assigned
mol_3811	train	assigned
mol_3812	train	assigned
mol_3813	train	assigned
mol_3814	train	assigned
mol_3815	train	assigned
mol_3816	train	assigned
mol_3817	train	assigned
mol_3818	val	sampled
mol_3819	train	assigned
mol_3820	train	sampled
mol_3821	train	assigned
mol_3822	train	assigned
mol_3823	test	assigned
mol_3824	train	assigned
mol_3825	val	assigned
mol_3826	train	sampled
mol_3827	val	assigned
mol_3828	test	assigned
mol_3829	val	sampled
mol_3830	val	assigned
mol_3831	train	sampled
mol_3832	val	assigned
mol_3833	val	sampled
mol_3834	val	sampled
mol_3835	train	sampled
mol_3836	val	sampled
mol_3837	train	assigned
mol_3838	train	assigned
mol_3839	train	sampled
mol_3840	val	sampled
mol_3841	train	assigned
mol_3842	test	sampled
mol_3843	test	sampled
mol_3844	train	assigned
mol_3845	test	assigned
mol_3846	train	assigned
mol_3847	train	sampled
mol_3848	val	assigned
mol_3849	train	assigned
mol_3850	train	sampled
mol_3851	train	assigned
mol_3852	val	sampled
mol_3853	test	assigned
mol_3854	train	assigned
mol_3855	train	sampled
mol_3856	train	assigned
mol_3857	train	assigned
mol_3858	train	assigned
mol_3859	train	assigned
mol_3860	train	assigned
mol_3861	train	sampled
mol_3862	test	assigned
mol_3863	train	assigned
mol_3864	val	assigned
mol_3865	val	assigned
mol_3866	val	assigned
mol_3867	val	assigned
mol_3868	val	assigned
mol_3869	train	assigned
mol_3870	train	assigned
mol_3871	train	assigned
mol_3872	val	assigned
mol_3873	val	assigned
mol_3874	train	assigned
mol_3875	train	sampled
mol_3876	train	sampled
mol_3877	train	assigned
mol_3878	val	assigned
mol_3879	train	assigned
mol_3880	train	assigned
mol_3881	train	assigned
mol_3882	train	sampled
mol_3883	train	assigned
mol_3884	train	assigned
mol_3885	train	sampled
mol_3886	train	sampled
mol_3887	train	assigned
mol_3888	train	assigned
mol_3889	train	assigned
mol_3890	val	assigned
mol_3891	train	assigned
mol_3892	train	assigned
mol_3893	val	sampled
mol_3894	train	assigned
mol_3895	test	assigned
mol_3896	test	assigned
mol_3897	train	assigned
mol_3898	train	assigned
mol_3899	train	sampled
mol_3900	test	assigned
mol_3901	train	assigned
mol_3902	train	assigned
mol_3903	train	assigned
mol_3904	train	assigned
mol_3905	train	sampled
mol_3906	val	assigned
mol_3907	train	assigned
mol_3908	test	assigned
mol_3909	train	assigned
mol_3910	train	sampled
mol_3911	val	assigned
mol_3912	test	assigned
mol_3913	train	assigned
mol_3914	train	sampled
mol_3915	val	sampled
mol_3916	train	sampled
mol_3917	val	assigned
mol_3918	train	assigned
mol_3919	train	assigned
mol_3920	val	assigned
mol_3921	train	sampled
mol_3922	train	sampled
mol_3923	train	sampled
mol_3924	test	assigned
mol_3925	train	assigned
mol_3926	train	assigned
mol_3927	train	assigned
mol_3928	train	sampled
mol_3929	train	sampled
mol_3930	train	sampled
mol_3931	train	sampled
mol_3932	train	assigned
mol_3933	train	sampled
mol_3934	train	assigned
mol_3935	train	sampled
mol_3936	train	assigned
mol_3937	train	assigned
mol_3938	train	sampled
mol_3939	train	assigned
mol_3940	val	sampled
mol_3941	train	sampled
mol_3942	train	sampled
mol_3943	train	assigned
mol_3944	train	sampled
mol_3945	train	sampled
mol_3946	test	sampled
mol_3947	train	assigned
mol_3948	val	assigned
mol_3949	train	assigned
mol_3950	train	sampled
mol_3951	val	assigned
mol_3952	train	assigned
mol_3953	val	sampled
mol_3954	train	sampled
mol_3955	test	assigned
mol_3956	train	assigned
mol_3957	train	assigned
mol_3958	train	assigned
mol_3959	train	assigned
mol_3960	train	assigned
mol_3961	train	assigned
mol_3962	train	assigned
mol_3963	train	assigned
mol_3964	train	assigned
mol_3965	train	assigned
mol_3966	train	assigned
mol_3967	train	assigned
mol_3968	val	assigned
mol_3969	train	assigned
mol_3970	train	assigned
mol_3971	train	assigned
mol_3972	val	assigned
mol_3973	train	assigned
mol_3974	train	assigned
mol_3975	test	assigned
mol_3976	train	assigned
mol_3977	train	assigned
mol_3978	train	assigned
mol_3979	train	sampled
mol_3980	train	assigned
mol_3981	train	assigned
mol_3982	test	assigned
mol_3983	test	assigned
mol_3984	val	assigned
mol_3985	train	assigned
mol_3986	val	sampled
mol_3987	train	assigned
mol_3988	train	sampled
mol_3989	test	assigned
mol_3990	val	assigned
mol_3991	val	assigned
mol_3992	train	assigned
mol_3993	test	assigned
mol_3994	val	assigned
mol_3995	train	assigned
mol_3996	train	assigned
mol_3997	train	sampled
mol_3998	train	sampled
mol_3999	train	assigned
mol_4000	test	assigned
mol_4001	val	assigned
mol_4002	train	assigned
mol_4003	val	assigned
mol_4004	train	assigned
mol_4005	train	assigned
mol_4006	train	assigned
mol_4007	train	assigned
mol_4008	train	assigned
mol_4009	train	sampled
mol_4010	test	assigned
mol_4011	train	assigned
mol_4012	test	assigned
mol_4013	train	assigned
mol_4014	train	assigned
mol_4015	val	assigned
mol_4016	train	assigned
mol_4017	train	assigned
mol_4018	train	assigned
mol_4019	train	assigned
mol_4020	train	sampled
mol_4021	train	sampled
mol_4022	train	assigned
mol_4023	train	assigned
mol_4024	train	assigned
mol_4025	train	assigned
mol_4026	train	assigned
mol_4027	train	assigned
mol_4028	train	sampled
mol_4029	train	sampled
mol_4030	train	assigned
mol_4031	train	assigned
mol_4032	train	sampled
mol_4033	train	assigned
mol_4034	train	sampled
mol_4035	train	assigned
mol_4036	train	sampled
mol_4037	train	assigned
mol_4038	train	assigned
mol_4039	train	assigned
mol_4040	train	sampled
mol_4041	train	assigned
mol_4042	test	assigned
mol_4043	val	assigned
mol_4044	train	assigned
mol_4045	val	sampled
mol_4046	train	assigned
mol_4047	val	sampled
mol_4048	train	sampled
mol_4049	train	assigned
mol_4050	train	assigned
mol_4051	train	assigned
mol_4052	train	assigned
mol_4053	val	assigned
mol_4054	train	assigned
mol_4055	train	assigned
mol_4056	train	sampled
mol_4057	train	sampled
mol_4058	train	sampled
mol_4059	train	assigned
mol_4060	train	assigned
mol_4061	train	sampled
mol_4062	train	assigned
mol_4063	train	assigned
mol_4064	train	sampled
mol_4065	val	assigned
mol_4066	train	assigned
mol_4067	train	assigned
mol_4068	val	sampled
mol_4069	train	assigned
mol_4070	train	assigned
mol_4071	train	assigned
mol_4072	train	assigned
mol_4073	test	assigned
mol_4074	val	assigned
mol_4075	train	assigned
mol_4076	train	assigned
mol_4077	train	assigned
mol_4078	train	assigned
mol_4079	val	assigned
mol_4080	train	assigned
mol_4081	test	assigned
mol_4082	val	sampled
mol_4083	val	assigned
mol_4084	train	assigned
mol_4085	val	assigned
mol_4086	val	sampled
mol_4087	train	assigned
mol_4088	train	assigned
mol_4089	train	assigned
mol_4090	val	assigned
mol_4091	train	assigned
mol_4092	val	assigned
mol_4093	val	sampled
mol_4094	val	assigned
mol_4095	val	sampled
mol_4096	train	assigned
mol_4097	train	assigned
mol_4098	train	assigned
mol_4099	train	assigned
mol_4100	test	assigned
mol_4101	val	assigned
mol_4102	val	assigned
mol_4103	train	assigned
mol_4104	train	assigned
mol_4105	val	assigned
mol_4106	train	sampled
mol_4107	train	sampled
mol_4108	train	sampled
mol_4109	train	assigned
mol_4110	train	assigned
mol_4111	test	assigned
mol_4112	val	assigned
mol_4113	train	assigned
mol_4114	train	assigned
mol_4115	train	assigned
mol_4116	val	assigned
mol_4117	train	assigned
mol_4118	test	assigned
mol_4119	train	assigned
mol_4120	train	sampled
mol_4121	train	assigned
mol_4122	val	assigned
mol_4123	test	assigned
mol_4124	val	assigned
mol_4125	val	assigned
mol_4126	val	assigned
mol_4127	val	assigned
mol_4128	val	sampled
mol_4129	val	assigned
mol_4130	val	assigned
mol_4131	test	assigned
mol_4132	val	assigned
mol_4133	val	assigned
mol_4134	train	assigned
mol_4135	train	assigned
mol_4136	train	assigned
mol_4137	val	assigned
mol_4138	train	assigned
mol_4139	val	assigned
mol_4140	train	sampled
mol_4141	train	assigned
mol_4142	train	assigned
mol_4143	val	assigned
mol_4144	val	sampled
mol_4145	train	assigned
mol_4146	val	sampled
mol_4147	val	assigned
mol_4148	val	sampled
mol_4149	train	assigned
mol_4150	train	assigned
mol_4151	train	assigned
mol_4152	val	sampled
mol_4153	train	assigned
mol_4154	test	assigned
mol_4155	train	assigned
mol_4156	train	sampled
mol_4157	train	sampled
mol_4158	train	assigned
mol_4159	train	sampled
mol_4160	train	sampled
mol_4161	train	assigned
mol_4162	val	assigned
mol_4163	val	assigned
mol_4164	train	assigned
mol_4165	test	sampled
mol_4166	test	assigned
mol_4167	train	assigned
mol_4168	train	sampled
mol_4169	train	sampled
mol_4170	train	sampled
mol_4171	train	assigned
mol_4172	train	assigned
mol_4173	train	assigned
mol_4174	train	assigned
mol_4175	train	assigned
mol_4176	train	assigned
mol_4177	val	assigned
mol_4178	test	sampled
mol_4179	val	assigned
mol_4180	train	assigned
mol_4181	val	sampled
mol_4182	test	assigned
mol_4183	train	assigned
mol_4184	test	assigned
mol_4185	train	assigned
mol_4186	train	assigned
mol_4187	train	assigned
mol_4188	val	assigned
mol_4189	train	assigned
mol_4190	train	assigned
mol_4191	train	assigned
mol_4192	train	assigned
mol_4193	train	sampled
mol_4194	train	sampled
mol_4195	train	assigned
mol_4196	train	assigned
mol_4197	train	assigned
mol_4198	train	assigned
mol_4199	train	sampled
mol_4200	train	assigned
mol_4201	train	sampled
mol_4202	train	sampled
mol_4203	train	sampled
mol_4204	train	assigned
mol_4205	train	assigned
mol_4206	train	assigned
mol_4207	train	sampled
mol_4208	train	sampled
mol_4209	train	assigned
mol_4210	train	assigned
mol_4211	train	assigned
mol_4212	train	sampled
mol_4213	train	assigned
mol_4214	train	sampled
mol_4215	train	sampled
mol_4216	train	assigned
mol_4217	train	sampled
mol_4218	train	assigned
mol_4219	val	sampled
mol_4220	train	assigned
mol_4221	train	assigned
mol_4222	val	sampled
mol_4223	train	assigned
mol_4224	train	assigned
mol_4225	train	assigned
mol_4226	val	assigned
mol_4227	train	sampled
mol_4228	val	assigned
mol_4229	test	sampled
mol_4230	train	assigned
mol_4231	val	assigned
mol_4232	val	assigned
mol_4233	train	assigned
mol_4234	train	assigned
mol_4235	val	sampled
mol_4236	test	assigned
mol_4237	train	sampled
mol_4238	val	assigned
mol_4239	train	assigned
mol_4240	train	assigned
mol_4241	val	sampled
mol_4242	train	assigned
mol_4243	test	sampled
mol_4244	train	assigned
mol_4245	val	assigned
mol_4246	train	sampled
mol_4247	train	assigned
mol_4248	train	assigned
mol_4249	train	assigned
mol_4250	train	assigned
mol_4251	train	assigned
mol_4252	train	assigned
mol_4253	train	sampled
mol_4254	train	assigned
mol_4255	train	assigned
mol_4256	val	assigned
mol_4257	test	assigned
mol_4258	train	assigned
mol_4259	train	assigned
mol_4260	train	assigned
mol_4261	train	assigned
mol_4262	train	assigned
mol_4263	val	assigned
mol_4264	train	assigned
mol_4265	test	sampled
mol_4266	test	sampled
mol_4267	val	assigned
mol_4268	train	assigned
mol_4269	train	sampled
mol_4270	train	assigned
mol_4271	train	assigned
mol_4272	train	sampled
mol_4273	train	sampled
mol_4274	train	assigned
mol_4275	val	assigned
mol_4276	val	assigned
mol_4277	test	assigned
mol_4278	train	assigned
mol_4279	train	assigned
mol_4280	train	sampled
mol_4281	train	assigned
mol_4282	train	assigned
mol_4283	train	sampled
mol_4284	val	assigned
mol_4285	val	sampled
mol_4286	train	assigned
mol_4287	val	sampled
mol_4288	val	assigned
mol_4289	val	sampled
mol_4290	val	assigned
mol_4291	val	sampled
mol_4292	val	sampled
mol_4293	val	assigned
mol_4294	val	assigned
mol_4295	val	assigned
mol_4296	train	assigned
mol_4297	train	assigned
mol_4298	val	assigned
mol_4299	val	assigned
mol_4300	val	assigned
mol_4301	train	assigned
mol_4302	train	assigned
mol_4303	train	assigned
mol_4304	train	assigned
mol_4305	train	sampled
mol_4306	train	sampled
mol_4307	train	assigned
mol_4308	train	sampled
mol_4309	train	assigned
mol_4310	train	assigned
mol_4311	train	assigned
mol_4312	train	assigned
mol_4313	train	assigned
mol_4314	train	assigned
mol_4315	train	assigned
mol_4316	train	assigned
mol_4317	train	assigned
mol_4318	train	assigned
mol_4319	train	assigned
mol_4320	train	assigned
mol_4321	train	assigned
mol_4322	train	sampled
mol_4323	train	assigned
mol_4324	train	assigned
mol_4325	train	sampled
mol_4326	train	sampled
mol_4327	train	assigned
mol_4328	test	assigned
mol_4329	test	assigned
mol_4330	train	assigned
mol_4331	train	assigned
mol_4332	train	assigned
mol_4333	val	assigned
mol_4334	val	assigned
mol_4335	val	sampled
mol_4336	test	sampled
mol_4337	train	assigned
mol_4338	train	assigned
mol_4339	train	sampled
mol_4340	val	assigned
mol_4341	train	sampled
mol_4342	train	sampled
mol_4343	train	assigned
mol_4344	val	assigned
mol_4345	train	assigned
mol_4346	test	sampled
mol_4347	train	sampled
mol_4348	train	assigned
mol_4349	train	assigned
mol_4350	train	assigned
mol_4351	val	sampled
mol_4352	test	assigned
mol_4353	test	assigned
mol_4354	val	assigned
mol_4355	train	assigned
mol_4356	train	assigned
mol_4357	train	assigned
mol_4358	train	assigned
mol_4359	train	assigned
mol_4360	train	assigned
mol_4361	test	assigned
mol_4362	val	assigned
mol_4363	train	assigned
mol_4364	train	assigned
mol_4365	train	assigned
mol_4366	val	assigned
mol_4367	train	assigned
mol_4368	train	assigned
mol_4369	test	assigned
mol_4370	test	assigned
mol_4371	train	assigned
mol_4372	val	sampled
mol_4373	val	assigned
mol_4374	test	assigned
mol_4375	test	assigned
mol_4376	train	assigned
mol_4377	train	assigned
mol_4378	train	assigned
mol_4379	train	assigned
mol_4380	train	sampled
mol_4381	val	assigned
mol_4382	train	assigned
mol_4383	train	assigned
mol_4384	val	sampled
mol_4385	val	assigned
mol_4386	val	assigned
mol_4387	val	sampled
mol_4388	train	assigned
mol_4389	val	assigned
mol_4390	train	assigned
mol_4391	train	assigned
mol_4392	train	assigned
mol_4393	train	sampled
mol_4394	val	assigned
mol_4395	test	assigned
mol_4396	train	sampled
mol_4397	val	assigned
mol_4398	val	assigned
mol_4399	train	assigned
mol_4400	train	sampled
mol_4401	train	sampled
mol_4402	train	assigned
mol_4403	train	assigned
mol_4404	train	sampled
mol_4405	train	sampled
mol_4406	train	assigned
mol_4407	train	assigned
mol_4408	val	assigned
mol_4409	train	assigned
mol_4410	train	sampled
mol_4411	train	assigned
mol_4412	train	assigned
mol_4413	train	assigned
mol_4414	val	assigned
mol_4415	test	assigned
mol_4416	train	sampled
mol_4417	train	assigned
mol_4418	val	assigned
mol_4419	val	sampled
mol_4420	val	sampled
mol_4421	train	sampled
mol_4422	val	assigned
mol_4423	train	assigned
mol_4424	val	assigned
mol_4425	train	assigned
mol_4426	train	assigned
mol_4427	val	assigned
mol_4428	train	sampled
mol_4429	train	assigned
mol_4430	val	sampled
mol_4431	val	assigned
mol_4432	train	assigned
mol_4433	train	assigned
mol_4434	train	assigned
mol_4435	val	assigned
mol_4436	val	assigned
mol_4437	val	assigned
mol_4438	train	assigned
mol_4439	val	assigned
mol_4440	train	assigned
mol_4441	train	assigned
mol_4442	train	assigned
mol_4443	test	assigned
mol_4444	test	assigned
mol_4445	test	sampled
mol_4446	val	assigned
mol_4447	test	assigned
mol_4448	val	sampled
mol_4449	train	sampled
mol_4450	train	assigned
mol_4451	test	assigned
mol_4452	test	assigned
mol_4453	train	assigned
mol_4454	train	assigned
mol_4455	train	sampled
mol_4456	train	assigned
mol_4457	train	sampled
mol_4458	train	assigned
mol_4459	train	assigned
mol_4460	train	assigned
mol_4461	val	sampled
mol_4462	val	assigned
mol_4463	train	sampled
mol_4464	val	assigned
mol_4465	val	assigned
mol_4466	train	assigned
mol_4467	val	assigned
mol_4468	val	sampled
mol_4469	train	sampled
mol_4470	val	assigned
mol_4471	val	sampled
mol_4472	test	assigned
mol_4473	train	assigned
mol_4474	val	assigned
mol_4475	val	assigned
mol_4476	val	assigned
mol_4477	train	assigned
mol_4478	val	assigned
mol_4479	train	assigned
mol_4480	train	sampled
mol_4481	val	assigned
mol_4482	train	assigned
mol_4483	train	assigned
mol_4484	train	assigned
mol_4485	test	assigned
mol_4486	test	assigned
mol_4487	train	assigned
mol_4488	train	assigned
mol_4489	train	assigned
mol_4490	train	assigned
mol_4491	val	assigned
mol_4492	val	assigned
mol_4493	val	assigned
mol_4494	train	assigned
mol_4495	train	assigned
mol_4496	test	assigned
mol_4497	train	assigned
mol_4498	train	assigned
mol_4499	test	assigned
mol_4500	train	sampled
mol_4501	train	assigned
mol_4502	train	sampled
mol_4503	train	assigned
mol_4504	train	sampled
mol_4505	train	assigned
mol_4506	train	sampled
mol_4507	train	assigned
mol_4508	val	sampled
mol_4509	test	assigned
mol_4510	train	assigned
mol_4511	test	assigned
mol_4512	train	assigned
mol_4513	train	assigned
mol_4514	test	assigned
mol_4515	test	assigned
mol_4516	train	assigned
mol_4517	test	assigned
mol_4518	train	sampled
mol_4519	train	sampled
mol_4520	val	sampled
mol_4521	val	assigned
mol_4522	test	assigned
mol_4523	test	sampled
mol_4524	val	assigned
mol_4525	val	assigned
mol_4526	val	sampled
mol_4527	val	assigned
mol_4528	train	sampled
mol_4529	val	assigned
mol_4530	val	sampled
mol_4531	val	assigned
mol_4532	val	assigned
mol_4533	val	assigned
mol_4534	train	assigned
mol_4535	test	assigned
mol_4536	val	assigned
mol_4537	val	assigned
mol_4538	val	sampled
mol_4539	train	assigned
mol_4540	train	assigned
mol_4541	train	assigned
mol_4542	train	assigned
mol_4543	val	sampled
mol_4544	train	assigned
mol_4545	train	assigned
mol_4546	train	assigned
mol_4547	train	assigned
mol_4548	train	sampled
mol_4549	train	assigned
mol_4550	train	sampled
mol_4551	train	assigned
mol_4552	test	assigned
mol_4553	test	assigned
mol_4554	test	assigned
mol_4555	train	assigned
mol_4556	train	sampled
mol_4557	val	assigned
mol_4558	train	assigned
mol_4559	train	sampled
mol_4560	train	assigned
mol_4561	train	assigned
mol_4562	val	sampled
mol_4563	val	sampled
mol_4564	val	sampled
mol_4565	train	sampled
mol_4566	train	assigned
mol_4567	train	assigned
mol_4568	train	assigned
mol_4569	train	sampled
mol_4570	train	assigned
mol_4571	test	sampled
mol_4572	val	assigned
mol_4573	val	sampled
mol_4574	train	assigned
mol_4575	test	assigned
mol_4576	train	assigned
mol_4577	train	assigned
mol_4578	val	assigned
mol_4579	val	sampled
mol_4580	train	sampled
mol_4581	train	assigned
mol_4582	train	assigned
mol_4583	train	assigned
mol_4584	train	assigned
mol_4585	train	assigned
mol_4586	test	assigned
mol_4587	test	assigned
mol_4588	train	assigned
mol_4589	train	sampled
mol_4590	val	assigned
mol_4591	train	assigned
mol_4592	train	sampled
mol_4593	train	assigned
mol_4594	train	assigned
mol_4595	test	assigned
mol_4596	test	assigned
mol_4597	train	assigned
mol_4598	val	assigned
mol_4599	val	assigned
mol_4600	val	assigned
mol_4601	train	assigned
mol_4602	train	sampled
mol_4603	train	assigned
mol_4604	val	assigned
mol_4605	val	sampled
mol_4606	train	assigned
mol_4607	train	assigned
mol_4608	val	assigned
mol_4609	train	assigned
mol_4610	train	assigned
mol_4611	train	assigned
mol_4612	test	assigned
mol_4613	val	sampled
mol_4614	train	assigned
mol_4615	test	sampled
mol_4616	train	assigned
mol_4617	train	assigned
mol_4618	train	assigned
mol_4619	train	sampled
mol_4620	train	sampled
mol_4621	train	assigned
mol_4622	train	assigned
mol_4623	train	assigned
mol_4624	test	assigned
mol_4625	train	sampled
mol_4626	train	assigned
mol_4627	train	assigned
mol_4628	train	assigned
mol_4629	train	assigned
mol_4630	train	sampled
mol_4631	train	assigned
mol_4632	train	assigned
mol_4633	train	assigned
mol_4634	train	sampled
mol_4635	train	assigned
mol_4636	train	sampled
mol_4637	train	assigned
mol_4638	train	sampled
mol_4639	train	sampled
mol_4640	train	sampled
mol_4641	train	sampled
mol_4642	train	assigned
mol_4643	train	assigned
mol_4644	train	sampled
mol_4645	train	sampled
mol_4646	train	assigned
mol_4647	train	sampled
mol_4648	train	assigned
mol_4649	train	assigned
mol_4650	train	sampled
mol_4651	train	assigned
mol_4652	train	assigned
mol_4653	train	sampled
mol_4654	train	assigned
mol_4655	train	assigned
mol_4656	train	assigned
mol_4657	train	sampled
mol_4658	train	assigned
mol_4659	train	assigned
mol_4660	train	sampled
mol_4661	train	assigned
mol_4662	train	assigned
mol_4663	train	assigned
mol_4664	train	assigned
mol_4665	train	sampled
mol_4666	train	assigned
mol_4667	train	sampled
mol_4668	train	assigned
mol_4669	train	sampled
mol_4670	train	assigned
mol_4671	train	assigned
mol_4672	train	sampled
mol_4673	train	assigned
mol_4674	train	assigned
mol_4675	test	assigned
mol_4676	train	assigned
mol_4677	train	assigned
mol_4678	train	assigned
mol_4679	train	sampled
mol_4680	train	assigned
mol_4681	train	assigned
mol_4682	val	assigned
mol_4683	train	assigned
mol_4684	train	assigned
mol_4685	train	assigned
mol_4686	train	assigned
mol_4687	train	assigned
mol_4688	train	assigned
mol_4689	train	sampled
mol_4690	val	assigned
mol_4691	train	assigned
mol_4692	val	assigned
mol_4693	val	assigned
mol_4694	train	assigned
mol_4695	train	assigned
mol_4696	train	assigned
mol_4697	train	assigned
mol_4698	train	assigned
mol_4699	val	sampled
mol_4700	train	assigned
mol_4701	train	assigned
mol_4702	train	assigned
mol_4703	train	assigned
mol_4704	train	assigned
mol_4705	train	sampled
mol_4706	train	assigned
mol_4707	val	sampled
mol_4708	train	assigned
mol_4709	train	assigned
mol_4710	train	assigned
mol_4711	val	assigned
mol_4712	train	assigned
mol_4713	train	assigned
mol_4714	val	assigned
mol_4715	val	assigned
mol_4716	train	assigned
mol_4717	train	assigned
mol_4718	val	assigned
mol_4719	train	assigned
mol_4720	val	assigned
mol_4721	val	assigned
mol_4722	train	assigned
mol_4723	train	assigned
mol_4724	val	sampled
mol_4725	train	assigned
mol_4726	train	sampled
mol_4727	val	assigned
mol_4728	val	assigned
mol_4729	val	sampled
mol_4730	val	sampled
mol_4731	val	assigned
mol_4732	val	assigned
mol_4733	val	assigned
mol_4734	val	assigned
mol_4735	val	assigned
mol_4736	train	assigned
mol_4737	train	sampled
mol_4738	train	sampled
mol_4739	val	assigned
mol_4740	val	sampled
mol_4741	train	sampled
mol_4742	train	assigned
mol_4743	train	assigned
mol_4744	train	assigned
mol_4745	train	sampled
mol_4746	val	assigned
mol_4747	train	assigned
mol_4748	train	assigned
mol_4749	train	assigned
mol_4750	test	sampled
mol_4751	val	sampled
mol_4752	train	assigned
mol_4753	train	assigned
mol_4754	train	assigned
mol_4755	train	assigned
mol_4756	train	sampled
mol_4757	train	assigned
mol_4758	train	assigned
mol_4759	train	assigned
mol_4760	train	assigned
mol_4761	train	assigned
mol_4762	train	assigned
mol_4763	train	assigned
mol_4764	train	assigned
mol_4765	train	assigned
mol_4766	val	assigned
mol_4767	val	assigned
mol_4768	train	assigned
mol_4769	train	assigned
mol_4770	train	assigned
mol_4771	test	sampled
mol_4772	test	sampled
mol_4773	test	assigned
mol_4774	test	assigned
mol_4775	train	sampled
mol_4776	train	assigned
mol_4777	train	assigned
mol_4778	val	assigned
mol_4779	train	assigned
mol_4780	train	assigned
mol_4781	train	assigned
mol_4782	train	assigned
mol_4783	test	sampled
mol_4784	train	assigned
mol_4785	val	sampled
mol_4786	val	assigned
mol_4787	train	assigned
mol_4788	test	assigned
mol_4789	test	assigned
mol_4790	train	assigned
mol_4791	val	assigned
mol_4792	train	assigned
mol_4793	train	assigned
mol_4794	train	assigned
mol_4795	train	assigned
mol_4796	train	assigned
mol_4797	train	assigned
mol_4798	val	assigned
mol_4799	train	assigned
mol_4800	val	sampled
mol_4801	val	assigned
mol_4802	val	assigned
mol_4803	val	assigned
mol_4804	val	assigned
mol_4805	val	sampled
mol_4806	val	assigned
mol_4807	train	assigned
mol_4808	train	assigned
mol_4809	train	assigned
mol_4810	train	sampled
mol_4811	train	sampled
mol_4812	val	assigned
mol_4813	train	assigned
mol_4814	train	assigned
mol_4815	val	sampled
mol_4816	train	assigned
mol_4817	val	sampled
mol_4818	val	assigned
mol_4819	train	sampled
mol_4820	train	assigned
mol_4821	train	assigned
mol_4822	train	assigned
mol_4823	train	assigned
mol_4824	train	sampled
mol_4825	train	sampled
mol_4826	train	assigned
mol_4827	train	assigned
mol_4828	val	assigned
mol_4829	train	assigned
mol_4830	val	assigned
mol_4831	train	assigned
mol_4832	train	assigned
mol_4833	train	assigned
mol_4834	train	assigned
mol_4835	train	assigned
mol_4836	train	assigned
mol_4837	train	assigned
mol_4838	train	assigned
mol_4839	train	assigned
mol_4840	train	assigned
mol_4841	train	assigned
mol_4842	train	assigned
mol_4843	train	assigned
mol_4844	train	sampled
mol_4845	train	sampled
mol_4846	test	assigned
mol_4847	test	assigned
mol_4848	test	assigned
mol_4849	test	assigned
mol_4850	test	sampled
mol_4851	val	sampled
mol_4852	val	assigned
mol_4853	train	assigned
mol_4854	test	assigned
mol_4855	train	sampled
mol_4856	train	assigned
mol_4857	train	assigned
mol_4858	train	assigned
mol_4859	train	sampled
mol_4860	train	assigned
mol_4861	train	assigned
mol_4862	train	assigned
mol_4863	train	assigned
mol_4864	train	assigned
mol_4865	val	assigned
mol_4866	train	assigned
mol_4867	train	sampled
mol_4868	test	assigned
mol_4869	val	sampled
mol_4870	test	assigned
mol_4871	train	assigned
mol_4872	train	assigned
mol_4873	train	assigned
mol_4874	test	assigned
mol_4875	train	assigned
mol_4876	test	assigned
mol_4877	train	sampled
mol_4878	train	assigned
mol_4879	train	sampled
mol_4880	train	assigned
mol_4881	train	assigned
mol_4882	train	assigned
mol_4883	train	assigned
mol_4884	train	sampled
mol_4885	val	assigned
mol_4886	train	assigned
mol_4887	test	assigned
mol_4888	train	assigned
mol_4889	train	assigned
mol_4890	train	sampled
mol_4891	train	assigned
mol_4892	train	assigned
mol_4893	train	assigned
mol_4894	train	assigned
mol_4895	train	assigned
mol_4896	train	assigned
mol_4897	train	assigned
mol_4898	train	assigned
mol_4899	train	assigned
mol_4900	val	sampled
mol_4901	test	assigned
mol_4902	test	assigned
mol_4903	test	sampled
mol_4904	test	assigned
mol_4905	train	assigned
mol_4906	train	assigned
mol_4907	train	assigned
mol_4908	val	assigned
mol_4909	train	assigned
mol_4910	train	assigned
mol_4911	train	sampled
mol_4912	train	assigned
mol_4913	train	sampled
mol_4914	train	assigned
mol_4915	train	sampled
mol_4916	train	assigned
mol_4917	train	assigned
mol_4918	train	sampled
mol_4919	train	assigned
mol_4920	train	assigned
mol_4921	train	sampled
mol_4922	train	assigned
mol_4923	train	assigned
mol_4924	train	assigned
mol_4925	val	assigned
mol_4926	train	assigned
mol_4927	train	assigned
mol_4928	train	assigned
mol_4929	train	assigned
mol_4930	train	assigned
mol_4931	train	assigned
mol_4932	train	sampled
mol_4933	val	assigned
mol_4934	train	assigned
mol_4935	train	assigned
mol_4936	train	assigned
mol_4937	test	sampled
mol_4938	train	assigned
mol_4939	train	assigned
mol_4940	train	assigned
mol_4941	test	assigned
mol_4942	train	assigned
mol_4943	test	sampled
mol_4944	train	assigned
mol_4945	train	sampled
mol_4946	train	assigned
mol_4947	train	assigned
mol_4948	val	assigned
mol_4949	train	sampled
mol_4950	train	assigned
mol_4951	val	assigned
mol_4952	train	sampled
mol_4953	train	assigned
mol_4954	val	assigned
mol_4955	val	sampled
mol_4956	train	assigned
mol_4957	train	assigned
mol_4958	train	assigned
mol_4959	train	assigned
mol_4960	train	assigned
mol_4961	train	assigned
mol_4962	val	sampled
mol_4963	train	assigned
mol_4964	train	assigned
mol_4965	test	assigned
mol_4966	val	assigned
mol_4967	val	assigned
mol_4968	val	sampled
mol_4969	train	assigned
mol_4970	val	sampled
mol_4971	val	assigned
mol_4972	test	sampled
mol_4973	train	assigned
mol_4974	train	sampled
mol_4975	train	assigned
mol_4976	train	assigned
mol_4977	train	sampled
mol_4978	train	assigned
mol_4979	train	assigned
mol_4980	train	assigned
mol_4981	val	sampled
mol_4982	train	assigned
mol_4983	val	assigned
mol_4984	val	sampled
mol_4985	train	sampled
mol_4986	val	assigned
mol_4987	train	assigned
mol_4988	test	assigned
mol_4989	val	assigned
mol_4990	val	sampled
mol_4991	test	assigned
mol_4992	test	assigned
mol_4993	test	assigned
mol_4994	train	assigned
mol_4995	train	assigned
mol_4996	test	assigned
mol_4997	test	assigned
mol_4998	train	sampled
mol_4999	train	assigned
mol_5000	train	assigned
mol_5001	train	sampled
mol_5002	train	assigned
mol_5003	train	assigned
mol_5004	val	assigned
mol_5005	train	assigned
mol_5006	val	assigned
mol_5007	train	assigned
mol_5008	train	assigned
mol_5009	train	assigned
mol_5010	val	sampled
mol_5011	train	sampled
mol_5012	train	assigned
mol_5013	train	assigned
mol_5014	val	assigned
mol_5015	train	assigned
mol_5016	test	sampled
mol_5017	train	assigned
mol_5018	test	sampled
mol_5019	train	assigned
mol_5020	test	sampled
mol_5021	test	assigned
mol_5022	test	assigned
mol_5023	train	assigned
mol_5024	val	assigned
mol_5025	val	assigned
mol_5026	val	sampled
mol_5027	test	assigned
mol_5028	test	assigned
mol_5029	test	assigned
mol_5030	test	sampled
mol_5031	test	sampled
mol_5032	test	assigned
mol_5033	test	assigned
mol_5034	test	sampled
mol_5035	test	sampled
mol_5036	test	assigned
mol_5037	test	assigned
mol_5038	test	sampled
mol_5039	test	assigned
mol_5040	test	sampled
mol_5041	test	assigned
mol_5042	test	sampled
mol_5043	test	assigned
mol_5044	test	assigned
mol_5045	test	sampled
mol_5046	test	assigned
mol_5047	test	assigned
mol_5048	test	sampled
mol_5049	test	assigned
mol_5050	test	assigned
mol_5051	test	assigned
mol_5052	test	assigned
mol_5053	test	sampled
mol_5054	test	assigned
mol_5055	test	assigned
mol_5056	test	assigned
mol_5057	test	assigned
mol_5058	test	assigned
mol_5059	test	assigned
mol_5060	test	assigned
mol_5061	test	assigned
mol_5062	test	assigned
mol_5063	test	assigned
mol_5064	test	assigned
mol_5065	test	assigned
mol_5066	test	assigned
mol_5067	test	assigned
mol_5068	test	sampled
mol_5069	test	assigned
mol_5070	test	sampled
mol_5071	test	sampled
mol_5072	test	assigned
mol_5073	test	assigned
mol_5074	test	assigned
mol_5075	test	assigned
mol_5076	test	sampled
mol_5077	test	assigned
mol_5078	test	sampled
mol_5079	val	assigned
mol_5080	train	assigned
mol_5081	train	assigned
mol_5082	train	assigned
mol_5083	test	assigned
mol_5084	test	assigned
mol_5085	test	sampled
mol_5086	test	sampled
mol_5087	train	assigned
mol_5088	train	assigned
mol_5089	train	assigned
mol_5090	train	assigned
mol_5091	val	assigned
mol_5092	val	sampled
mol_5093	train	assigned
mol_5094	train	assigned
mol_5095	train	assigned
mol_5096	train	assigned
mol_5097	train	assigned
mol_5098	train	sampled
mol_5099	val	assigned
mol_5100	train	sampled
mol_5101	train	assigned
mol_5102	train	sampled
mol_5103	train	assigned
mol_5104	train	assigned
mol_5105	train	assigned
mol_5106	train	assigned
mol_5107	train	assigned
mol_5108	train	assigned
mol_5109	train	assigned
mol_5110	train	assigned
mol_5111	train	assigned
mol_5112	train	assigned
mol_5113	train	assigned
mol_5114	train	sampled
mol_5115	train	sampled
mol_5116	val	assigned
mol_5117	train	assigned
mol_5118	train	assigned
mol_5119	train	assigned
mol_5120	train	assigned
mol_5121	val	sampled
mol_5122	train	assigned
mol_5123	train	assigned
mol_5124	test	sampled
mol_5125	val	assigned
mol_5126	train	assigned
mol_5127	train	assigned
mol_5128	train	sampled
mol_5129	train	sampled
mol_5130	val	assigned
mol_5131	test	assigned
mol_5132	test	assigned
mol_5133	test	assigned
mol_5134	test	sampled
mol_5135	train	assigned
mol_5136	val	assigned
mol_5137	train	assigned
mol_5138	val	assigned
mol_5139	test	assigned
mol_5140	train	sampled
mol_5141	train	assigned
mol_5142	val	assigned
mol_5143	test	assigned
mol_5144	test	sampled
mol_5145	train	assigned
mol_5146	test	assigned
mol_5147	train	assigned
mol_5148	train	sampled
mol_5149	train	assigned
mol_5150	train	assigned
mol_5151	train	assigned
mol_5152	val	sampled
mol_5153	train	assigned
mol_5154	train	assigned
mol_5155	test	assigned
mol_5156	train	assigned
mol_5157	test	sampled
mol_5158	train	assigned
mol_5159	train	sampled
mol_5160	train	sampled
mol_5161	train	assigned
mol_5162	val	assigned
mol_5163	train	assigned
mol_5164	val	assigned
mol_5165	train	sampled
mol_5166	train	assigned
mol_5167	train	assigned
mol_5168	train	assigned
mol_5169	train	assigned
mol_5170	train	sampled
mol_5171	train	assigned
mol_5172	train	sampled
mol_5173	train	assigned
mol_5174	train	sampled
mol_5175	train	assigned
mol_5176	train	assigned
mol_5177	train	assigned
mol_5178	train	assigned
mol_5179	train	sampled
mol_5180	train	assigned
mol_5181	train	assigned
mol_5182	train	assigned
mol_5183	train	sampled
mol_5184	train	assigned
mol_5185	train	assigned
mol_5186	train	sampled
mol_5187	train	assigned
mol_5188	train	assigned
mol_5189	test	sampled
mol_5190	test	assigned
mol_5191	train	assigned
mol_5192	train	assigned
mol_5193	val	assigned
mol_5194	train	assigned
mol_5195	train	sampled
mol_5196	train	assigned
mol_5197	val	assigned
mol_5198	train	sampled
mol_5199	train	sampled
mol_5200	train	assigned
mol_5201	train	sampled
mol_5202	train	assigned
mol_5203	train	assigned
mol_5204	train	assigned
mol_5205	val	assigned
mol_5206	train	assigned
mol_5207	train	assigned
mol_5208	val	assigned
mol_5209	val	assigned
mol_5210	train	assigned
mol_5211	train	sampled
mol_5212	train	assigned
mol_5213	train	assigned
mol_5214	train	assigned
mol_5215	train	sampled
mol_5216	train	sampled
mol_5217	val	assigned
mol_5218	train	sampled
mol_5219	train	sampled
mol_5220	train	assigned
mol_5221	train	assigned
mol_5222	train	assigned
mol_5223	train	sampled
mol_5224	val	assigned
mol_5225	val	sampled
mol_5226	val	sampled
mol_5227	train	sampled
mol_5228	train	assigned
mol_5229	train	assigned
mol_5230	train	assigned
mol_5231	val	sampled
mol_5232	val	assigned
mol_5233	train	sampled
mol_5234	train	assigned
mol_5235	train	assigned
mol_5236	train	assigned
mol_5237	train	assigned
mol_5238	val	assigned
mol_5239	train	assigned
mol_5240	val	assigned
mol_5241	train	assigned
mol_5242	train	assigned
mol_5243	train	assigned
mol_5244	train	assigned
mol_5245	train	assigned
mol_5246	train	assigned
mol_5247	train	assigned
mol_5248	train	assigned
mol_5249	train	assigned
mol_5250	train	assigned
mol_5251	train	assigned
mol_5252	train	sampled
mol_5253	train	assigned
mol_5254	val	assigned
mol_5255	test	assigned
mol_5256	train	assigned
mol_5257	train	assigned
mol_5258	train	assigned
mol_5259	train	assigned
mol_5260	train	assigned
mol_5261	train	assigned
mol_5262	train	sampled
mol_5263	train	assigned
mol_5264	train	sampled
mol_5265	train	assigned
mol_5266	train	assigned
mol_5267	train	assigned
mol_5268	train	assigned
mol_5269	train	assigned
mol_5270	train	assigned
mol_5271	test	assigned
mol_5272	test	assigned
mol_5273	train	assigned
mol_5274	train	assigned
mol_5275	test	sampled
mol_5276	test	assigned
mol_5277	train	assigned
mol_5278	test	assigned
mol_5279	train	assigned
mol_5280	test	assigned
mol_5281	test	assigned
mol_5282	val	sampled
mol_5283	train	assigned
mol_5284	train	assigned
mol_5285	train	assigned
mol_5286	train	sampled
mol_5287	train	assigned
mol_5288	test	sampled
mol_5289	val	assigned
mol_5290	val	assigned
mol_5291	val	assigned
mol_5292	train	sampled
mol_5293	val	assigned
mol_5294	train	assigned
mol_5295	train	assigned
mol_5296	val	assigned
mol_5297	val	assigned
mol_5298	train	sampled
mol_5299	train	assigned
mol_5300	train	sampled
mol_5301	val	assigned
mol_5302	train	assigned
mol_5303	val	assigned
mol_5304	train	sampled
mol_5305	train	assigned
mol_5306	train	sampled
mol_5307	train	assigned
mol_5308	val	assigned
mol_5309	train	assigned
mol_5310	train	assigned
mol_5311	train	assigned
mol_5312	train	assigned
mol_5313	train	assigned
mol_5314	val	assigned
mol_5315	val	assigned
mol_5316	train	assigned
mol_5317	train	assigned
mol_5318	train	assigned
mol_5319	train	assigned
mol_5320	train	assigned
mol_5321	train	sampled
mol_5322	train	assigned
mol_5323	val	assigned
mol_5324	train	assigned
mol_5325	train	sampled
mol_5326	val	sampled
mol_5327	val	sampled
mol_5328	val	assigned
mol_5329	test	sampled
mol_5330	train	sampled
mol_5331	train	sampled
mol_5332	train	assigned
mol_5333	test	assigned
mol_5334	train	assigned
mol_5335	train	assigned
mol_5336	train	sampled
mol_5337	train	assigned
mol_5338	test	assigned
mol_5339	train	assigned
mol_5340	train	assigned
mol_5341	train	sampled
mol_5342	val	sampled
mol_5343	val	sampled
mol_5344	val	assigned
mol_5345	val	sampled
mol_5346	train	sampled
mol_5347	train	assigned
mol_5348	val	sampled
mol_5349	val	assigned
mol_5350	val	assigned
mol_5351	val	assigned
mol_5352	val	sampled
mol_5353	train	assigned
mol_5354	val	sampled
mol_5355	train	assigned
mol_5356	val	sampled
mol_5357	val	sampled
mol_5358	val	sampled
mol_5359	test	assigned
mol_5360	train	sampled
mol_5361	train	assigned
mol_5362	test	assigned
mol_5363	train	assigned
mol_5364	train	assigned
mol_5365	train	assigned
mol_5366	test	assigned
mol_5367	train	assigned
mol_5368	val	assigned
mol_5369	train	assigned
mol_5370	test	assigned
mol_5371	test	sampled
mol_5372	val	assigned
mol_5373	train	sampled
mol_5374	train	assigned
mol_5375	train	assigned
mol_5376	train	assigned
mol_5377	train	sampled
mol_5378	train	assigned
mol_5379	train	assigned
mol_5380	val	assigned
mol_5381	train	assigned
mol_5382	train	sampled
mol_5383	test	assigned
mol_5384	val	sampled
mol_5385	test	assigned
mol_5386	train	sampled
mol_5387	train	assigned
mol_5388	train	sampled
mol_5389	train	assigned
mol_5390	train	assigned
mol_5391	train	assigned
mol_5392	train	assigned
mol_5393	train	assigned
mol_5394	train	sampled
mol_5395	train	sampled
mol_5396	train	assigned
mol_5397	val	assigned
mol_5398	train	assigned
mol_5399	train	assigned
mol_5400	train	assigned
mol_5401	val	sampled
mol_5402	train	assigned
mol_5403	train	assigned
mol_5404	train	assigned
mol_5405	val	assigned
mol_5406	val	assigned
mol_5407	train	assigned
mol_5408	train	assigned
mol_5409	train	assigned
mol_5410	train	assigned
mol_5411	train	sampled
mol_5412	train	assigned
mol_5413	train	assigned
mol_5414	train	assigned
mol_5415	test	assigned
mol_5416	test	assigned
mol_5417	train	assigned
mol_5418	train	assigned
mol_5419	train	assigned
mol_5420	train	assigned
mol_5421	train	sampled
mol_5422	train	assigned
mol_5423	val	assigned
mol_5424	train	assigned
mol_5425	val	assigned
mol_5426	val	sampled
mol_5427	val	sampled
mol_5428	val	assigned
mol_5429	train	assigned
mol_5430	train	assigned
mol_5431	train	assigned
mol_5432	train	assigned
mol_5433	train	assigned
mol_5434	train	sampled
mol_5435	train	assigned
mol_5436	train	sampled
mol_5437	train	assigned
mol_5438	test	assigned
mol_5439	train	assigned
mol_5440	val	assigned
mol_5441	train	assigned
mol_5442	val	assigned
mol_5443	train	assigned
mol_5444	train	assigned
mol_5445	train	assigned
mol_5446	train	assigned
mol_5447	train	assigned
mol_5448	val	assigned
mol_5449	train	assigned
mol_5450	train	assigned
mol_5451	train	assigned
mol_5452	train	assigned
mol_5453	train	assigned
mol_5454	val	assigned
mol_5455	train	sampled
mol_5456	train	assigned
mol_5457	train	sampled
mol_5458	val	assigned
mol_5459	train	assigned
mol_5460	train	assigned
mol_5461	train	assigned
mol_5462	train	assigned
mol_5463	train	assigned
mol_5464	train	assigned
mol_5465	train	assigned
mol_5466	train	sampled
mol_5467	test	sampled
mol_5468	val	assigned
mol_5469	train	assigned
mol_5470	train	assigned
mol_5471	train	sampled
mol_5472	train	assigned
mol_5473	val	assigned
mol_5474	val	assigned
mol_5475	test	assigned
mol_5476	test	assigned
mol_5477	test	assigned
mol_5478	train	sampled
mol_5479	train	assigned
mol_5480	test	assigned
mol_5481	train	assigned
mol_5482	train	assigned
mol_5483	train	assigned
mol_5484	val	sampled
mol_5485	val	sampled
mol_5486	train	assigned
mol_5487	train	assigned
mol_5488	test	sampled
mol_5489	test	sampled
mol_5490	val	sampled
mol_5491	train	assigned
mol_5492	train	assigned
mol_5493	val	assigned
mol_5494	train	assigned
mol_5495	train	assigned
mol_5496	train	assigned
mol_5497	train	assigned
mol_5498	train	assigned
mol_5499	val	assigned
mol_5500	train	assigned
mol_5501	val	sampled
mol_5502	val	assigned
mol_5503	train	sampled
mol_5504	val	sampled
mol_5505	val	assigned
mol_5506	val	assigned
mol_5507	val	assigned
mol_5508	val	sampled
mol_5509	train	assigned
mol_5510	train	assigned
mol_5511	train	sampled
mol_5512	val	assigned
mol_5513	val	sampled
mol_5514	val	assigned
mol_5515	train	assigned
mol_5516	val	assigned
mol_5517	train	assigned
mol_5518	train	assigned
mol_5519	train	assigned
mol_5520	train	assigned
mol_5521	train	assigned
mol_5522	val	assigned
mol_5523	train	sampled
mol_5524	train	assigned
mol_5525	val	sampled
mol_5526	val	assigned
mol_5527	val	assigned
mol_5528	val	assigned
mol_5529	train	assigned
mol_5530	train	assigned
mol_5531	val	assigned
mol_5532	train	sampled
mol_5533	val	sampled
mol_5534	train	assigned
mol_5535	train	sampled
mol_5536	val	sampled
mol_5537	test	assigned
mol_5538	train	assigned
mol_5539	train	assigned
mol_5540	test	assigned
mol_5541	val	assigned
mol_5542	train	assigned
mol_5543	train	assigned
mol_5544	train	assigned
mol_5545	train	assigned
mol_5546	train	assigned
mol_5547	train	assigned
mol_5548	train	sampled
mol_5549	train	sampled
mol_5550	train	assigned
mol_5551	train	sampled
mol_5552	train	assigned
mol_5553	train	sampled
mol_5554	train	assigned
mol_5555	train	assigned
mol_5556	train	assigned
mol_5557	train	sampled
mol_5558	train	assigned
mol_5559	train	assigned
mol_5560	train	assigned
mol_5561	val	sampled
mol_5562	train	assigned
mol_5563	train	sampled
mol_5564	val	assigned
mol_5565	train	assigned
mol_5566	train	assigned
mol_5567	train	sampled
mol_5568	test	assigned
mol_5569	train	assigned
mol_5570	train	sampled
mol_5571	val	assigned
mol_5572	val	sampled
mol_5573	train	assigned
mol_5574	train	assigned
mol_5575	val	sampled
mol_5576	train	sampled
mol_5577	train	assigned
mol_5578	train	assigned
mol_5579	train	sampled
mol_5580	train	assigned
mol_5581	train	assigned
mol_5582	train	sampled
mol_5583	train	assigned
mol_5584	train	assigned
mol_5585	train	assigned
mol_5586	train	assigned
mol_5587	train	assigned
mol_5588	train	assigned
mol_5589	test	assigned
mol_5590	test	assigned
mol_5591	test	assigned
mol_5592	test	assigned
mol_5593	test	assigned
mol_5594	test	assigned
mol_5595	test	sampled
mol_5596	test	assigned
mol_5597	test	assigned
mol_5598	test	sampled
mol_5599	test	assigned
mol_5600	test	assigned
mol_5601	train	assigned
mol_5602	train	assigned
mol_5603	train	assigned
mol_5604	train	assigned
mol_5605	train	assigned
mol_5606	val	assigned
mol_5607	train	assigned
mol_5608	train	assigned
mol_5609	train	assigned
mol_5610	train	sampled
mol_5611	train	assigned
mol_5612	train	assigned
mol_5613	train	assigned
mol_5614	train	assigned
mol_5615	train	assigned
mol_5616	train	assigned
mol_5617	train	assigned
mol_5618	train	assigned
mol_5619	test	assigned
mol_5620	test	assigned
mol_5621	train	assigned
mol_5622	train	assigned
mol_5623	train	assigned
mol_5624	train	assigned
mol_5625	train	assigned
mol_5626	train	assigned
mol_5627	train	sampled
mol_5628	train	assigned
mol_5629	val	assigned
mol_5630	train	assigned
mol_5631	test	assigned
mol_5632	test	assigned
mol_5633	train	sampled
mol_5634	train	assigned
mol_5635	val	assigned
mol_5636	val	assigned
mol_5637	train	assigned
mol_5638	train	sampled
mol_5639	train	assigned
mol_5640	train	sampled
mol_5641	val	sampled
mol_5642	train	assigned
mol_5643	val	assigned
mol_5644	train	assigned
mol_5645	train	assigned
mol_5646	train	sampled
mol_5647	train	assigned
mol_5648	train	assigned
mol_5649	train	assigned
mol_5650	train	assigned
mol_5651	val	assigned
mol_5652	val	sampled
mol_5653	val	sampled
mol_5654	train	sampled
mol_5655	train	assigned
mol_5656	train	assigned
mol_5657	train	sampled
mol_5658	train	assigned
mol_5659	train	assigned
mol_5660	train	assigned
mol_5661	train	sampled
mol_5662	train	sampled
mol_5663	train	assigned
mol_5664	train	assigned
mol_5665	train	assigned
mol_5666	train	assigned
mol_5667	test	sampled
mol_5668	val	assigned
mol_5669	val	assigned
mol_5670	train	assigned
mol_5671	train	assigned
mol_5672	train	assigned
mol_5673	train	assigned
mol_5674	train	assigned
mol_5675	train	assigned
mol_5676	val	sampled
mol_5677	val	assigned
mol_5678	train	assigned
mol_5679	test	assigned
mol_5680	test	assigned
mol_5681	train	assigned
mol_5682	train	assigned
mol_5683	train	sampled
mol_5684	val	sampled
mol_5685	train	sampled
mol_5686	train	sampled
mol_5687	train	sampled
mol_5688	val	assigned
mol_5689	train	sampled
mol_5690	train	assigned
mol_5691	train	assigned
mol_5692	train	sampled
mol_5693	train	assigned
mol_5694	train	sampled
mol_5695	train	assigned
mol_5696	train	assigned
mol_5697	train	sampled
mol_5698	train	assigned
mol_5699	train	assigned
mol_5700	train	assigned
mol_5701	train	assigned
mol_5702	val	assigned
mol_5703	val	assigned
mol_5704	train	assigned
mol_5705	test	sampled
mol_5706	train	assigned
mol_5707	train	sampled
mol_5708	test	assigned
mol_5709	test	assigned
mol_5710	train	assigned
mol_5711	train	assigned
mol_5712	train	sampled
mol_5713	train	assigned
mol_5714	train	assigned
mol_5715	val	sampled
mol_5716	train	assigned
mol_5717	val	assigned
mol_5718	train	assigned
mol_5719	train	assigned
mol_5720	train	assigned
mol_5721	train	assigned
mol_5722	train	assigned
mol_5723	val	assigned
mol_5724	train	assigned
mol_5725	val	assigned
mol_5726	val	sampled
mol_5727	train	assigned
mol_5728	val	assigned
mol_5729	train	sampled
mol_5730	train	assigned
mol_5731	train	assigned
mol_5732	train	sampled
mol_5733	train	assigned
mol_5734	val	assigned
mol_5735	train	sampled
mol_5736	train	assigned
mol_5737	val	assigned
mol_5738	val	assigned
mol_5739	train	sampled
mol_5740	train	sampled
mol_5741	train	assigned
mol_5742	train	sampled
mol_5743	train	assigned
mol_5744	train	assigned
mol_5745	train	assigned
mol_5746	train	sampled
mol_5747	val	assigned
mol_5748	train	assigned
mol_5749	train	sampled
mol_5750	val	assigned
mol_5751	train	sampled
mol_5752	train	assigned
mol_5753	train	assigned
mol_5754	train	sampled
mol_5755	train	assigned
mol_5756	val	assigned
mol_5757	train	sampled
mol_5758	train	assigned
mol_5759	val	assigned
mol_5760	train	assigned
mol_5761	train	assigned
mol_5762	train	sampled
mol_5763	train	sampled
mol_5764	train	sampled
mol_5765	train	assigned
mol_5766	val	assigned
mol_5767	train	assigned
mol_5768	train	assigned
mol_5769	train	assigned
mol_5770	train	sampled
mol_5771	train	assigned
mol_5772	train	assigned
mol_5773	train	assigned
mol_5774	train	assigned
mol_5775	train	sampled
mol_5776	train	assigned
mol_5777	train	sampled
mol_5778	train	assigned
mol_5779	train	assigned
mol_5780	test	sampled
mol_5781	train	assigned
mol_5782	val	assigned
mol_5783	train	assigned
mol_5784	train	assigned
mol_5785	train	assigned
mol_5786	train	assigned
mol_5787	train	sampled
mol_5788	train	assigned
mol_5789	train	assigned
mol_5790	val	assigned
mol_5791	val	assigned
mol_5792	train	assigned
mol_5793	train	assigned
mol_5794	train	assigned
mol_5795	test	sampled
mol_5796	test	assigned
mol_5797	train	assigned
mol_5798	train	assigned
mol_5799	train	sampled
mol_5800	train	assigned
mol_5801	train	assigned
mol_5802	train	assigned
mol_5803	train	assigned
mol_5804	val	assigned
mol_5805	val	assigned
mol_5806	train	assigned
mol_5807	train	assigned
mol_5808	val	assigned
mol_5809	train	sampled
mol_5810	train	sampled
mol_5811	train	assigned
mol_5812	train	assigned
mol_5813	val	assigned
mol_5814	val	sampled
mol_5815	val	sampled
mol_5816	train	assigned
mol_5817	train	assigned
mol_5818	val	assigned
mol_5819	train	assigned
mol_5820	train	assigned
mol_5821	val	sampled
mol_5822	train	sampled
mol_5823	train	assigned
mol_5824	val	sampled
mol_5825	test	sampled
mol_5826	val	assigned
mol_5827	train	assigned
mol_5828	train	assigned
mol_5829	train	assigned
mol_5830	test	assigned
mol_5831	val	assigned
mol_5832	val	assigned
mol_5833	train	assigned
mol_5834	val	assigned
mol_5835	train	assigned
mol_5836	train	sampled
mol_5837	train	assigned
mol_5838	val	sampled
mol_5839	test	assigned
mol_5840	val	assigned
mol_5841	val	sampled
mol_5842	train	assigned
mol_5843	val	sampled
mol_5844	train	assigned
mol_5845	val	assigned
mol_5846	train	assigned
mol_5847	val	sampled
mol_5848	train	assigned
mol_5849	train	assigned
mol_5850	train	assigned
mol_5851	train	assigned
mol_5852	train	assigned
mol_5853	train	sampled
mol_5854	test	assigned
mol_5855	test	assigned
mol_5856	train	assigned
mol_5857	train	sampled
mol_5858	train	assigned
mol_5859	train	sampled
mol_5860	val	assigned
mol_5861	test	assigned
mol_5862	train	assigned
mol_5863	train	assigned
mol_5864	test	sampled
mol_5865	test	sampled
mol_5866	train	assigned
mol_5867	val	assigned
mol_5868	train	assigned
mol_5869	train	sampled
mol_5870	train	assigned
mol_5871	train	assigned
mol_5872	train	sampled
mol_5873	train	assigned
mol_5874	val	sampled
mol_5875	train	sampled
mol_5876	test	assigned
mol_5877	train	assigned
mol_5878	val	assigned
mol_5879	train	assigned
mol_5880	train	assigned
mol_5881	train	sampled
mol_5882	train	sampled
mol_5883	val	sampled
mol_5884	val	assigned
mol_5885	train	assigned
mol_5886	train	sampled
mol_5887	test	assigned
mol_5888	val	assigned
mol_5889	train	assigned
mol_5890	val	assigned
mol_5891	val	assigned
mol_5892	train	assigned
mol_5893	train	sampled
mol_5894	train	assigned
mol_5895	train	assigned
mol_5896	train	assigned
mol_5897	train	assigned
mol_5898	train	assigned
mol_5899	train	assigned
mol_5900	train	assigned
mol_5901	train	assigned
mol_5902	train	assigned
mol_5903	train	assigned
mol_5904	val	assigned
mol_5905	train	assigned
mol_5906	train	assigned
mol_5907	train	sampled
mol_5908	train	sampled
mol_5909	train	assigned
mol_5910	train	sampled
mol_5911	test	sampled
mol_5912	train	assigned
mol_5913	train	assigned
mol_5914	train	assigned
mol_5915	train	sampled
mol_5916	val	sampled
mol_5917	test	assigned
mol_5918	val	assigned
mol_5919	val	assigned
mol_5920	val	sampled
mol_5921	val	sampled
mol_5922	train	assigned
mol_5923	train	sampled
mol_5924	train	assigned
mol_5925	test	sampled
mol_5926	train	assigned
mol_5927	train	assigned
mol_5928	val	assigned
mol_5929	train	sampled
mol_5930	train	assigned
mol_5931	train	sampled
mol_5932	train	assigned
mol_5933	train	assigned
mol_5934	train	assigned
mol_5935	val	assigned
mol_5936	val	sampled
mol_5937	train	assigned
mol_5938	val	assigned
mol_5939	train	assigned
mol_5940	val	sampled
mol_5941	val	sampled
mol_5942	test	assigned
mol_5943	train	assigned
mol_5944	train	assigned
mol_5945	test	assigned
mol_5946	test	sampled
mol_5947	test	assigned
mol_5948	train	assigned
mol_5949	train	assigned
mol_5950	val	assigned
mol_5951	val	assigned
mol_5952	val	assigned
mol_5953	val	assigned
mol_5954	train	sampled
mol_5955	train	assigned
mol_5956	train	assigned
mol_5957	train	assigned
mol_5958	val	assigned
mol_5959	train	sampled
mol_5960	train	sampled
mol_5961	train	sampled
mol_5962	train	assigned
mol_5963	train	sampled
mol_5964	train	assigned
mol_5965	train	assigned
mol_5966	train	assigned
mol_5967	train	assigned
mol_5968	train	assigned
mol_5969	test	assigned
mol_5970	train	assigned
mol_5971	train	assigned
mol_5972	train	assigned
mol_5973	val	assigned
mol_5974	val	assigned
mol_5975	test	sampled
mol_5976	val	assigned
mol_5977	train	assigned
mol_5978	train	assigned
mol_5979	val	assigned
mol_5980	test	sampled
mol_5981	test	assigned
mol_5982	train	assigned
mol_5983	train	assigned
mol_5984	test	assigned
mol_5985	test	assigned
mol_5986	train	sampled
mol_5987	train	sampled
mol_5988	test	assigned
mol_5989	train	sampled
mol_5990	train	assigned
mol_5991	train	sampled
mol_5992	test	assigned
mol_5993	test	assigned
mol_5994	train	sampled
mol_5995	train	assigned
mol_5996	train	assigned
mol_5997	val	assigned
mol_5998	val	assigned
mol_5999	val	assigned
mol_6000	val	sampled
mol_6001	train	assigned
mol_6002	val	sampled
mol_6003	train	assigned
mol_6004	val	assigned
mol_6005	test	assigned
mol_6006	test	assigned
mol_6007	train	assigned
mol_6008	test	assigned
mol_6009	val	assigned
mol_6010	train	sampled
mol_6011	train	assigned
mol_6012	train	assigned
mol_6013	train	sampled
mol_6014	train	sampled
mol_6015	train	assigned
mol_6016	train	sampled
mol_6017	train	assigned
mol_6018	val	sampled
mol_6019	train	assigned
mol_6020	train	assigned
mol_6021	test	assigned
mol_6022	test	assigned
mol_6023	test	assigned
mol_6024	test	sampled
mol_6025	test	assigned
mol_6026	train	assigned
mol_6027	val	assigned
mol_6028	val	assigned
mol_6029	train	assigned
mol_6030	train	assigned
mol_6031	test	assigned
mol_6032	train	assigned
mol_6033	train	assigned
mol_6034	train	assigned
mol_6035	train	assigned
mol_6036	train	sampled
mol_6037	train	assigned
mol_6038	train	assigned
mol_6039	train	sampled
mol_6040	train	assigned
mol_6041	train	assigned
mol_6042	train	assigned
mol_6043	train	sampled
mol_6044	train	assigned
mol_6045	train	assigned
mol_6046	train	sampled
mol_6047	train	assigned
mol_6048	train	sampled
mol_6049	val	sampled
mol_6050	val	assigned
mol_6051	val	assigned
mol_6052	val	assigned
mol_6053	train	sampled
mol_6054	train	assigned
mol_6055	test	assigned
mol_6056	train	sampled
mol_6057	train	assigned
mol_6058	val	sampled
mol_6059	train	assigned
mol_6060	val	assigned
mol_6061	val	assigned
mol_6062	val	sampled
mol_6063	train	assigned
mol_6064	val	assigned
mol_6065	val	sampled
mol_6066	train	assigned
mol_6067	val	assigned
mol_6068	val	assigned
mol_6069	train	assigned
mol_6070	val	assigned
mol_6071	train	assigned
mol_6072	train	sampled
mol_6073	val	assigned
mol_6074	val	assigned
mol_6075	train	assigned
mol_6076	train	assigned
mol_6077	val	assigned
mol_6078	val	assigned
mol_6079	train	assigned
mol_6080	val	assigned
mol_6081	val	sampled
mol_6082	train	assigned
mol_6083	val	assigned
mol_6084	val	assigned
mol_6085	test	assigned
mol_6086	train	assigned
mol_6087	train	assigned
mol_6088	test	assigned
mol_6089	train	assigned
mol_6090	val	assigned
mol_6091	train	assigned
mol_6092	val	assigned
mol_6093	train	assigned
mol_6094	test	assigned
mol_6095	val	sampled
mol_6096	val	assigned
mol_6097	val	assigned
mol_6098	train	sampled
mol_6099	train	assigned
mol_6100	train	sampled
mol_6101	val	assigned
mol_6102	test	assigned
mol_6103	test	assigned
mol_6104	val	assigned
mol_6105	val	assigned
mol_6106	train	assigned
mol_6107	val	assigned
mol_6108	val	sampled
mol_6109	val	assigned
mol_6110	train	assigned
mol_6111	train	sampled
mol_6112	train	sampled
mol_6113	val	assigned
mol_6114	val	assigned
mol_6115	train	assigned
mol_6116	train	assigned
mol_6117	train	assigned
mol_6118	val	assigned
mol_6119	test	sampled
mol_6120	val	assigned
mol_6121	test	assigned
mol_6122	test	assigned
mol_6123	test	assigned
mol_6124	test	assigned
mol_6125	val	assigned
mol_6126	val	assigned
mol_6127	val	sampled
mol_6128	val	assigned
mol_6129	test	assigned
mol_6130	val	assigned
mol_6131	train	assigned
mol_6132	val	sampled
mol_6133	train	sampled
mol_6134	val	sampled
mol_6135	train	assigned
mol_6136	train	sampled
mol_6137	train	sampled
mol_6138	train	assigned
mol_6139	train	assigned
mol_6140	val	assigned
mol_6141	train	assigned
mol_6142	train	assigned
mol_6143	train	assigned
mol_6144	train	assigned
mol_6145	train	assigned
mol_6146	train	sampled
mol_6147	train	assigned
mol_6148	val	assigned
mol_6149	val	sampled
mol_6150	val	assigned
mol_6151	test	assigned
mol_6152	val	assigned
mol_6153	val	assigned
mol_6154	val	assigned
mol_6155	test	assigned
mol_6156	val	assigned
mol_6157	val	assigned
mol_6158	train	assigned
mol_6159	train	assigned
mol_6160	val	assigned
mol_6161	test	sampled
mol_6162	train	assigned
mol_6163	train	assigned
mol_6164	val	sampled
mol_6165	val	sampled
mol_6166	train	sampled
mol_6167	train	assigned
mol_6168	test	assigned
mol_6169	train	sampled
mol_6170	train	assigned
mol_6171	val	assigned
mol_6172	train	assigned
mol_6173	train	assigned
mol_6174	val	assigned
mol_6175	val	assigned
mol_6176	train	assigned
mol_6177	val	assigned
mol_6178	val	assigned
mol_6179	train	sampled
mol_6180	train	assigned
mol_6181	val	sampled
mol_6182	train	assigned
mol_6183	train	assigned
mol_6184	train	assigned
mol_6185	train	assigned
mol_6186	test	sampled
mol_6187	test	sampled
mol_6188	val	sampled
mol_6189	test	assigned
mol_6190	train	assigned
mol_6191	test	assigned
mol_6192	train	assigned
mol_6193	train	sampled
mol_6194	train	sampled
mol_6195	train	assigned
mol_6196	train	assigned
mol_6197	val	sampled
mol_6198	val	assigned
mol_6199	train	sampled
mol_6200	test	assigned
mol_6201	test	assigned
mol_6202	train	assigned
mol_6203	train	assigned
mol_6204	test	sampled
mol_6205	test	assigned
mol_6206	train	sampled
mol_6207	test	assigned
mol_6208	train	assigned
mol_6209	train	assigned
mol_6210	test	assigned
mol_6211	train	sampled
mol_6212	train	assigned
mol_6213	train	assigned
mol_6214	val	assigned
mol_6215	train	sampled
mol_6216	train	sampled
mol_6217	train	assigned
mol_6218	val	assigned
mol_6219	val	sampled
mol_6220	train	assigned
mol_6221	train	assigned
mol_6222	train	sampled
mol_6223	train	assigned
mol_6224	train	sampled
mol_6225	val	sampled
mol_6226	val	assigned
mol_6227	val	assigned
mol_6228	train	assigned
mol_6229	train	assigned
mol_6230	train	assigned
mol_6231	train	sampled
mol_6232	train	assigned
mol_6233	train	sampled
mol_6234	train	assigned
mol_6235	train	sampled
mol_6236	train	assigned
mol_6237	train	sampled
mol_6238	val	assigned
mol_6239	train	assigned
mol_6240	val	assigned
mol_6241	test	assigned
mol_6242	train	assigned
mol_6243	val	assigned
mol_6244	val	sampled
mol_6245	val	sampled
mol_6246	val	sampled
mol_6247	val	assigned
mol_6248	train	assigned
mol_6249	train	assigned
mol_6250	train	assigned
mol_6251	train	assigned
mol_6252	train	sampled
mol_6253	val	sampled
mol_6254	train	assigned
mol_6255	train	assigned
mol_6256	train	assigned
mol_6257	train	assigned
mol_6258	train	assigned
mol_6259	train	assigned
mol_6260	train	assigned
mol_6261	val	assigned
mol_6262	train	sampled
mol_6263	train	sampled
mol_6264	train	assigned
mol_6265	train	assigned
mol_6266	train	assigned
mol_6267	train	sampled
mol_6268	train	sampled
mol_6269	train	assigned
mol_6270	train	assigned
mol_6271	val	sampled
mol_6272	val	sampled
mol_6273	val	assigned
mol_6274	train	assigned
mol_6275	train	sampled
mol_6276	train	assigned
mol_6277	train	assigned
mol_6278	train	assigned
mol_6279	train	assigned
mol_6280	train	assigned
mol_6281	train	sampled
mol_6282	train	sampled
mol_6283	train	assigned
mol_6284	train	assigned
mol_6285	train	assigned
mol_6286	train	assigned
mol_6287	train	assigned
mol_6288	train	assigned
mol_6289	train	assigned
mol_6290	train	assigned
mol_6291	train	assigned
mol_6292	test	assigned
mol_6293	train	sampled
mol_6294	train	assigned
mol_6295	train	assigned
mol_6296	train	assigned
mol_6297	train	assigned
mol_6298	train	assigned
mol_6299	train	assigned
mol_6300	train	assigned
mol_6301	train	assigned
mol_6302	train	assigned
mol_6303	train	assigned
mol_6304	train	assigned
mol_6305	train	assigned
mol_6306	train	assigned
mol_6307	train	assigned
mol_6308	train	assigned
mol_6309	val	assigned
mol_6310	val	assigned
mol_6311	val	sampled
mol_6312	val	assigned
mol_6313	test	assigned
mol_6314	test	sampled
mol_6315	test	sampled
mol_6316	test	sampled
mol_6317	val	assigned
mol_6318	test	assigned
mol_6319	train	sampled
mol_6320	train	assigned
mol_6321	train	assigned
mol_6322	train	assigned
mol_6323	train	assigned
mol_6324	train	sampled
mol_6325	train	assigned
mol_6326	train	sampled
mol_6327	train	assigned
mol_6328	val	sampled
mol_6329	val	assigned
mol_6330	train	sampled
mol_6331	train	assigned
mol_6332	train	assigned
mol_6333	train	assigned
mol_6334	train	sampled
mol_6335	train	assigned
mol_6336	train	assigned
mol_6337	train	assigned
mol_6338	train	assigned
mol_6339	train	assigned
mol_6340	train	sampled
mol_6341	val	assigned
mol_6342	train	assigned
mol_6343	val	sampled
mol_6344	train	assigned
mol_6345	train	assigned
mol_6346	train	sampled
mol_6347	val	assigned
mol_6348	val	assigned
mol_6349	train	assigned
mol_6350	train	sampled
mol_6351	val	assigned
mol_6352	train	assigned
mol_6353	train	assigned
mol_6354	val	sampled
mol_6355	train	assigned
mol_6356	train	assigned
mol_6357	test	assigned
mol_6358	train	assigned
mol_6359	train	assigned
mol_6360	test	assigned
mol_6361	val	sampled
mol_6362	train	assigned
mol_6363	val	assigned
mol_6364	val	assigned
mol_6365	train	sampled
mol_6366	val	sampled
mol_6367	train	sampled
mol_6368	train	assigned
mol_6369	train	assigned
mol_6370	train	assigned
mol_6371	train	assigned
mol_6372	train	assigned
mol_6373	train	assigned
mol_6374	train	assigned
mol_6375	train	assigned
mol_6376	train	assigned
mol_6377	train	assigned
mol_6378	train	assigned
mol_6379	train	sampled
mol_6380	train	assigned
mol_6381	train	assigned
mol_6382	train	assigned
mol_6383	train	assigned
mol_6384	train	sampled
mol_6385	train	assigned
mol_6386	train	assigned
mol_6387	train	assigned
mol_6388	train	sampled
mol_6389	train	assigned
mol_6390	train	sampled
mol_6391	train	assigned
mol_6392	train	sampled
mol_6393	train	assigned
mol_6394	train	sampled
mol_6395	train	sampled
mol_6396	train	assigned
mol_6397	train	assigned
mol_6398	val	assigned
mol_6399	train	sampled
mol_6400	train	sampled
mol_6401	test	sampled
mol_6402	val	assigned
mol_6403	train	assigned
mol_6404	val	sampled
mol_6405	val	assigned
mol_6406	train	assigned
mol_6407	train	assigned
mol_6408	train	assigned
mol_6409	train	assigned
mol_6410	train	sampled
mol_6411	train	assigned
mol_6412	val	assigned
mol_6413	train	assigned
mol_6414	train	assigned
mol_6415	train	sampled
mol_6416	train	assigned
mol_6417	train	assigned
mol_6418	train	sampled
mol_6419	train	assigned
mol_6420	train	sampled
mol_6421	train	assigned
mol_6422	train	assigned
mol_6423	train	assigned
mol_6424	train	sampled
mol_6425	test	sampled
mol_6426	val	sampled
mol_6427	test	sampled
mol_6428	train	sampled
mol_6429	train	assigned
mol_6430	train	assigned
mol_6431	train	assigned
mol_6432	train	sampled
mol_6433	train	sampled
mol_6434	train	sampled
mol_6435	train	assigned
mol_6436	train	assigned
mol_6437	train	assigned
mol_6438	train	assigned
mol_6439	train	assigned
mol_6440	train	assigned
mol_6441	train	assigned
mol_6442	val	sampled
mol_6443	test	assigned
mol_6444	test	assigned
mol_6445	test	assigned
mol_6446	test	assigned
mol_6447	test	assigned
mol_6448	train	assigned
mol_6449	train	assigned
mol_6450	train	assigned
mol_6451	train	assigned
mol_6452	val	assigned
mol_6453	train	assigned
mol_6454	train	assigned
mol_6455	train	assigned
mol_6456	train	sampled
mol_6457	train	assigned
mol_6458	train	assigned
mol_6459	train	assigned
mol_6460	train	assigned
mol_6461	train	assigned
mol_6462	train	assigned
mol_6463	train	assigned
mol_6464	train	assigned
mol_6465	train	sampled
mol_6466	train	assigned
mol_6467	train	assigned
mol_6468	train	assigned
mol_6469	train	assigned
mol_6470	train	assigned
mol_6471	train	assigned
mol_6472	train	assigned
mol_6473	train	assigned
mol_6474	train	assigned
mol_6475	train	assigned
mol_6476	train	assigned
mol_6477	train	assigned
mol_6478	train	sampled
mol_6479	train	assigned
mol_6480	val	sampled
mol_6481	val	sampled
mol_6482	val	sampled
mol_6483	test	sampled
mol_6484	val	assigned
mol_6485	train	assigned
mol_6486	train	assigned
mol_6487	train	assigned
mol_6488	train	assigned
mol_6489	train	assigned
mol_6490	train	assigned
mol_6491	test	sampled
mol_6492	train	sampled
mol_6493	train	sampled
mol_6494	train	assigned
mol_6495	test	assigned
mol_6496	test	sampled
mol_6497	test	assigned
mol_6498	test	assigned
mol_6499	test	assigned
mol_6500	test	assigned
mol_6501	train	assigned
mol_6502	val	assigned
mol_6503	train	assigned
mol_6504	test	assigned
mol_6505	train	assigned
mol_6506	train	assigned
mol_6507	train	assigned
mol_6508	train	assigned
mol_6509	val	assigned
mol_6510	train	assigned
mol_6511	train	assigned
mol_6512	test	assigned
mol_6513	train	assigned
mol_6514	train	sampled
mol_6515	train	sampled
mol_6516	train	assigned
mol_6517	train	assigned
mol_6518	train	assigned
mol_6519	train	assigned
mol_6520	train	assigned
mol_6521	train	sampled
mol_6522	train	assigned
mol_6523	val	assigned
mol_6524	test	sampled
mol_6525	train	assigned
mol_6526	train	sampled
mol_6527	train	sampled
mol_6528	train	sampled
mol_6529	train	sampled
mol_6530	train	assigned
mol_6531	test	assigned
mol_6532	test	assigned
mol_6533	train	assigned
mol_6534	train	assigned
mol_6535	test	sampled
mol_6536	test	sampled
mol_6537	train	assigned
mol_6538	val	assigned
mol_6539	train	assigned
mol_6540	train	assigned
mol_6541	train	assigned
mol_6542	val	sampled
mol_6543	train	assigned
mol_6544	train	assigned
mol_6545	train	assigned
mol_6546	train	assigned
mol_6547	train	assigned
mol_6548	train	assigned
mol_6549	train	sampled
mol_6550	train	sampled
mol_6551	val	sampled
mol_6552	train	sampled
mol_6553	train	assigned
mol_6554	val	assigned
mol_6555	train	assigned
mol_6556	train	sampled
mol_6557	train	assigned
mol_6558	test	assigned
mol_6559	test	assigned
mol_6560	test	assigned
mol_6561	train	assigned
mol_6562	train	assigned
mol_6563	train	assigned
mol_6564	val	assigned
mol_6565	train	assigned
mol_6566	train	assigned
mol_6567	train	assigned
mol_6568	test	assigned
mol_6569	test	assigned
mol_6570	train	assigned
mol_6571	train	assigned
mol_6572	train	assigned
mol_6573	train	sampled
mol_6574	train	assigned
mol_6575	test	assigned
mol_6576	test	sampled
mol_6577	test	assigned
mol_6578	train	assigned
mol_6579	train	assigned
mol_6580	train	sampled
mol_6581	train	assigned
mol_6582	train	assigned
mol_6583	train	assigned
mol_6584	test	assigned
mol_6585	test	sampled
mol_6586	test	assigned
mol_6587	test	assigned
mol_6588	test	assigned
mol_6589	test	assigned
mol_6590	val	assigned
mol_6591	test	assigned
mol_6592	val	sampled
mol_6593	val	sampled
mol_6594	val	sampled
mol_6595	train	assigned
mol_6596	train	sampled
mol_6597	train	sampled
mol_6598	train	assigned
mol_6599	train	assigned
mol_6600	train	sampled
mol_6601	train	assigned
mol_6602	train	assigned
mol_6603	train	sampled
mol_6604	train	sampled
mol_6605	train	sampled
mol_6606	test	assigned
mol_6607	train	sampled
mol_6608	train	assigned
mol_6609	train	assigned
mol_6610	train	assigned
mol_6611	train	assigned
mol_6612	train	sampled
mol_6613	train	assigned
mol_6614	train	assigned
mol_6615	train	assigned
mol_6616	train	assigned
mol_6617	train	assigned
mol_6618	train	assigned
mol_6619	val	assigned
mol_6620	val	sampled
mol_6621	val	assigned
mol_6622	val	assigned
mol_6623	val	assigned
mol_6624	test	assigned
mol_6625	val	assigned
mol_6626	train	assigned
mol_6627	val	assigned
mol_6628	train	assigned
mol_6629	val	assigned
mol_6630	val	assigned
mol_6631	train	sampled
mol_6632	val	assigned
mol_6633	val	sampled
mol_6634	val	assigned
mol_6635	val	assigned
mol_6636	test	sampled
mol_6637	train	assigned
mol_6638	val	assigned
mol_6639	train	assigned
mol_6640	test	assigned
mol_6641	train	assigned
mol_6642	train	assigned
mol_6643	train	assigned
mol_6644	train	assigned
mol_6645	val	assigned
mol_6646	val	sampled
mol_6647	val	assigned
mol_6648	val	sampled
mol_6649	train	sampled
mol_6650	val	sampled
mol_6651	train	assigned
mol_6652	train	assigned
mol_6653	test	assigned
mol_6654	test	assigned
mol_6655	test	assigned
mol_6656	test	assigned
mol_6657	test	sampled
mol_6658	test	assigned
mol_6659	train	assigned
mol_6660	val	sampled
mol_6661	train	assigned
mol_6662	test	sampled
mol_6663	val	sampled
mol_6664	train	assigned
mol_6665	val	assigned
mol_6666	val	sampled
mol_6667	val	assigned
mol_6668	val	assigned
mol_6669	val	assigned
mol_6670	val	sampled
mol_6671	val	assigned
mol_6672	val	assigned
mol_6673	val	assigned
mol_6674	val	assigned
mol_6675	train	sampled
mol_6676	train	assigned
mol_6677	test	assigned
mol_6678	train	assigned
mol_6679	train	sampled
mol_6680	train	assigned
mol_6681	train	assigned
mol_6682	train	sampled
mol_6683	train	assigned
mol_6684	train	assigned
mol_6685	train	assigned
mol_6686	val	sampled
mol_6687	train	assigned
mol_6688	train	assigned
mol_6689	train	sampled
mol_6690	val	assigned
mol_6691	train	assigned
mol_6692	val	assigned
mol_6693	test	assigned
mol_6694	train	assigned
mol_6695	train	assigned
mol_6696	train	assigned
mol_6697	train	assigned
mol_6698	train	sampled
mol_6699	train	sampled
mol_6700	train	sampled
mol_6701	train	assigned
mol_6702	test	assigned
mol_6703	test	sampled
mol_6704	train	assigned
mol_6705	train	sampled
mol_6706	train	assigned
mol_6707	test	assigned
mol_6708	train	sampled
mol_6709	train	assigned
mol_6710	train	assigned
mol_6711	train	assigned
mol_6712	train	assigned
mol_6713	train	assigned
mol_6714	train	assigned
mol_6715	train	assigned
mol_6716	train	assigned
mol_6717	train	assigned
mol_6718	train	assigned
mol_6719	test	assigned
mol_6720	train	assigned
mol_6721	train	assigned
mol_6722	train	assigned
mol_6723	train	assigned
mol_6724	train	assigned
mol_6725	train	sampled
mol_6726	train	assigned
mol_6727	train	assigned
mol_6728	train	assigned
mol_6729	val	assigned
mol_6730	test	sampled
mol_6731	val	assigned
mol_6732	val	assigned
mol_6733	test	assigned
mol_6734	train	assigned
mol_6735	val	sampled
mol_6736	train	sampled
mol_6737	train	assigned
mol_6738	train	assigned
mol_6739	train	sampled
mol_6740	train	assigned
mol_6741	train	assigned
mol_6742	train	sampled
mol_6743	train	assigned
mol_6744	train	assigned
mol_6745	train	assigned
mol_6746	train	sampled
mol_6747	train	sampled
mol_6748	train	sampled
mol_6749	train	assigned
mol_6750	train	assigned
mol_6751	train	assigned
mol_6752	val	assigned
mol_6753	train	sampled
mol_6754	train	sampled
mol_6755	train	assigned
mol_6756	train	sampled
mol_6757	train	sampled
mol_6758	val	assigned
mol_6759	test	sampled
mol_6760	test	sampled
mol_6761	train	assigned
mol_6762	train	assigned
mol_6763	train	assigned
mol_6764	train	assigned
mol_6765	train	assigned
mol_6766	test	assigned
mol_6767	train	assigned
mol_6768	train	assigned
mol_6769	train	sampled
mol_6770	train	assigned
mol_6771	train	assigned
mol_6772	train	assigned
mol_6773	train	assigned
mol_6774	train	assigned
mol_6775	train	assigned
mol_6776	train	assigned
mol_6777	train	sampled
mol_6778	train	sampled
mol_6779	test	sampled
mol_6780	test	assigned
mol_6781	test	assigned
mol_6782	test	assigned
mol_6783	train	assigned
mol_6784	train	assigned
mol_6785	train	assigned
mol_6786	train	assigned
mol_6787	train	assigned
mol_6788	train	sampled
mol_6789	train	assigned
mol_6790	val	assigned
mol_6791	test	assigned
mol_6792	train	assigned
mol_6793	train	sampled
mol_6794	train	assigned
mol_6795	test	assigned
mol_6796	test	assigned
mol_6797	train	sampled
mol_6798	train	assigned
mol_6799	train	assigned
mol_6800	train	assigned
mol_6801	train	assigned
mol_6802	train	sampled
mol_6803	val	sampled
mol_6804	train	assigned
mol_6805	train	assigned
mol_6806	val	assigned
mol_6807	train	assigned
mol_6808	val	sampled
mol_6809	val	sampled
mol_6810	val	sampled
mol_6811	test	assigned
mol_6812	train	assigned
mol_6813	train	sampled
mol_6814	train	sampled
mol_6815	train	assigned
mol_6816	train	assigned
mol_6817	train	assigned
mol_6818	test	assigned
mol_6819	train	assigned
mol_6820	train	assigned
mol_6821	test	sampled
mol_6822	val	assigned
mol_6823	val	assigned
mol_6824	train	sampled
mol_6825	val	assigned
mol_6826	val	sampled
mol_6827	val	assigned
mol_6828	val	assigned
mol_6829	train	assigned
mol_6830	train	assigned
mol_6831	test	assigned
mol_6832	train	sampled
mol_6833	test	assigned
mol_6834	test	assigned
mol_6835	train	sampled
mol_6836	train	assigned
mol_6837	train	assigned
mol_6838	train	assigned
mol_6839	test	sampled
mol_6840	test	assigned
mol_6841	train	assigned
mol_6842	train	assigned
mol_6843	val	assigned
mol_6844	train	assigned
mol_6845	train	assigned
mol_6846	train	assigned
mol_6847	train	sampled
mol_6848	train	assigned
mol_6849	train	assigned
mol_6850	train	assigned
mol_6851	test	assigned
mol_6852	train	assigned
mol_6853	train	assigned
mol_6854	test	assigned
mol_6855	train	assigned
mol_6856	val	assigned
mol_6857	train	sampled
mol_6858	train	assigned
mol_6859	test	assigned
mol_6860	test	sampled
mol_6861	train	assigned
mol_6862	train	assigned
mol_6863	train	sampled
mol_6864	train	assigned
mol_6865	train	sampled
mol_6866	test	assigned
mol_6867	test	assigned
mol_6868	val	sampled
mol_6869	train	assigned
mol_6870	train	sampled
mol_6871	train	sampled
mol_6872	train	assigned
mol_6873	train	assigned
mol_6874	train	sampled
mol_6875	train	assigned
mol_6876	train	assigned
mol_6877	train	assigned
mol_6878	train	assigned
mol_6879	val	sampled
mol_6880	val	assigned
mol_6881	train	assigned
mol_6882	test	sampled
mol_6883	train	assigned
mol_6884	test	assigned
mol_6885	train	sampled
mol_6886	train	assigned
mol_6887	train	sampled
mol_6888	train	sampled
mol_6889	test	sampled
mol_6890	test	sampled
mol_6891	test	assigned
mol_6892	train	sampled
mol_6893	train	assigned
mol_6894	train	assigned
mol_6895	train	assigned
mol_6896	train	assigned
mol_6897	train	sampled
mol_6898	test	sampled
mol_6899	train	sampled
mol_6900	train	assigned
mol_6901	test	assigned
mol_6902	test	sampled
mol_6903	train	assigned
mol_6904	train	sampled
mol_6905	train	assigned
mol_6906	train	assigned
mol_6907	train	assigned
mol_6908	train	assigned
mol_6909	train	assigned
mol_6910	train	assigned
mol_6911	train	sampled
mol_6912	train	sampled
mol_6913	train	assigned
mol_6914	test	sampled
mol_6915	val	sampled
mol_6916	val	assigned
mol_6917	train	assigned
mol_6918	train	assigned
mol_6919	test	assigned
mol_6920	test	assigned
mol_6921	test	sampled
mol_6922	test	assigned
mol_6923	test	sampled
mol_6924	train	assigned
mol_6925	val	sampled
mol_6926	val	sampled
mol_6927	train	assigned
mol_6928	test	assigned
mol_6929	val	assigned
mol_6930	val	assigned
mol_6931	train	assigned
mol_6932	train	assigned
mol_6933	test	sampled
mol_6934	test	assigned
mol_6935	test	assigned
mol_6936	train	sampled
mol_6937	train	assigned
mol_6938	train	assigned
mol_6939	train	assigned
mol_6940	train	assigned
mol_6941	val	assigned
mol_6942	val	assigned
mol_6943	train	sampled
mol_6944	train	assigned
mol_6945	train	assigned
mol_6946	val	sampled
mol_6947	val	assigned
mol_6948	val	sampled
mol_6949	train	assigned
mol_6950	train	assigned
mol_6951	val	assigned
mol_6952	train	assigned
mol_6953	train	assigned
mol_6954	train	assigned
mol_6955	train	assigned
mol_6956	train	sampled
mol_6957	train	assigned
mol_6958	train	assigned
mol_6959	train	assigned
mol_6960	train	assigned
mol_6961	train	assigned
mol_6962	train	assigned
mol_6963	train	assigned
mol_6964	val	assigned
mol_6965	val	assigned
mol_6966	val	assigned
mol_6967	train	assigned
mol_6968	train	assigned
mol_6969	train	sampled
mol_6970	train	assigned
mol_6971	train	assigned
mol_6972	val	sampled
mol_6973	train	assigned
mol_6974	train	assigned
mol_6975	train	assigned
mol_6976	train	assigned
mol_6977	train	assigned
mol_6978	train	sampled
mol_6979	train	assigned
mol_6980	val	assigned
mol_6981	train	sampled
mol_6982	train	assigned
mol_6983	train	assigned
mol_6984	train	assigned
mol_6985	train	sampled
mol_6986	train	assigned
mol_6987	train	assigned
mol_6988	train	sampled
mol_6989	train	assigned
mol_6990	train	assigned
mol_6991	train	assigned
mol_6992	train	assigned
mol_6993	train	assigned
mol_6994	val	sampled
mol_6995	train	assigned
mol_6996	train	sampled
mol_6997	train	assigned
mol_6998	train	assigned
mol_6999	train	assigned
mol_7000	train	assigned
mol_7001	train	assigned
mol_7002	train	sampled
mol_7003	test	sampled
mol_7004	train	assigned
mol_7005	val	assigned
mol_7006	train	assigned
mol_7007	train	assigned
mol_7008	train	assigned
mol_7009	train	assigned
mol_7010	test	assigned
mol_7011	test	assigned
mol_7012	train	assigned
mol_7013	train	assigned
mol_7014	val	assigned
mol_7015	val	assigned
mol_7016	test	assigned
mol_7017	test	assigned
mol_7018	train	assigned
mol_7019	train	assigned
mol_7020	train	sampled
mol_7021	test	assigned
mol_7022	train	assigned
mol_7023	train	assigned
mol_7024	val	sampled
mol_7025	train	assigned
mol_7026	train	assigned
mol_7027	train	sampled
mol_7028	train	sampled
mol_7029	val	sampled
mol_7030	train	sampled
mol_7031	train	assigned
mol_7032	train	assigned
mol_7033	train	sampled
mol_7034	train	assigned
mol_7035	train	assigned
mol_7036	train	assigned
mol_7037	val	assigned
mol_7038	train	assigned
mol_7039	train	assigned
mol_7040	train	sampled
mol_7041	train	assigned
mol_7042	train	assigned
mol_7043	train	assigned
mol_7044	train	assigned
mol_7045	train	assigned
mol_7046	val	assigned
mol_7047	train	assigned
mol_7048	train	assigned
mol_7049	test	sampled
mol_7050	train	assigned
mol_7051	train	assigned
mol_7052	train	assigned
mol_7053	val	assigned
mol_7054	train	assigned
mol_7055	train	assigned
mol_7056	train	assigned
mol_7057	train	assigned
mol_7058	train	assigned
mol_7059	val	assigned
mol_7060	val	assigned
mol_7061	train	assigned
mol_7062	train	sampled
mol_7063	train	assigned
mol_7064	train	assigned
mol_7065	train	assigned
mol_7066	train	assigned
mol_7067	train	assigned
mol_7068	train	assigned
mol_7069	train	assigned
mol_7070	train	sampled
mol_7071	train	assigned
mol_7072	train	assigned
mol_7073	train	assigned
mol_7074	test	assigned
mol_7075	train	assigned
mol_7076	train	assigned
mol_7077	train	assigned
mol_7078	train	assigned
mol_7079	train	assigned
mol_7080	val	assigned
mol_7081	train	assigned
mol_7082	train	assigned
mol_7083	train	assigned
mol_7084	train	assigned
mol_7085	train	assigned
mol_7086	train	assigned
mol_7087	train	assigned
mol_7088	train	assigned
mol_7089	train	assigned
mol_7090	train	sampled
mol_7091	train	sampled
mol_7092	train	assigned
mol_7093	train	assigned
mol_7094	train	sampled
mol_7095	train	assigned
mol_7096	test	sampled
mol_7097	train	assigned
mol_7098	train	assigned
mol_7099	train	assigned
mol_7100	train	sampled
mol_7101	train	assigned
mol_7102	train	assigned
mol_7103	train	assigned
mol_7104	val	assigned
mol_7105	train	assigned
mol_7106	train	assigned
mol_7107	val	assigned
mol_7108	test	assigned
mol_7109	train	sampled
mol_7110	train	assigned
mol_7111	train	assigned
mol_7112	train	sampled
mol_7113	train	assigned
mol_7114	val	assigned
mol_7115	train	assigned
mol_7116	train	assigned
mol_7117	val	sampled
mol_7118	train	assigned
mol_7119	train	sampled
mol_7120	train	assigned
mol_7121	train	assigned
mol_7122	train	sampled
mol_7123	train	sampled
mol_7124	train	assigned
mol_7125	test	assigned
mol_7126	test	assigned
mol_7127	val	assigned
mol_7128	val	assigned
mol_7129	train	assigned
mol_7130	train	assigned
mol_7131	train	assigned
mol_7132	train	sampled
mol_7133	train	sampled
mol_7134	train	sampled
mol_7135	train	assigned
mol_7136	test	assigned
mol_7137	train	assigned
mol_7138	train	assigned
mol_7139	train	assigned
mol_7140	train	assigned
mol_7141	train	assigned
mol_7142	test	sampled
mol_7143	test	assigned
mol_7144	test	sampled
mol_7145	test	assigned
mol_7146	train	assigned
mol_7147	train	assigned
mol_7148	train	assigned
mol_7149	train	sampled
mol_7150	val	assigned
mol_7151	train	assigned
mol_7152	val	assigned
mol_7153	train	assigned
mol_7154	test	sampled
mol_7155	val	sampled
mol_7156	train	assigned
mol_7157	train	assigned
mol_7158	test	assigned
mol_7159	test	assigned
mol_7160	train	assigned
mol_7161	test	assigned
mol_7162	test	sampled
mol_7163	test	assigned
mol_7164	train	assigned
mol_7165	train	assigned
mol_7166	val	assigned
mol_7167	val	assigned
mol_7168	val	sampled
mol_7169	train	assigned
mol_7170	test	assigned
mol_7171	val	assigned
mol_7172	train	assigned
mol_7173	train	assigned
mol_7174	val	sampled
mol_7175	val	assigned
mol_7176	train	assigned
mol_7177	train	assigned
mol_7178	train	assigned
mol_7179	test	assigned
mol_7180	train	sampled
mol_7181	train	assigned
mol_7182	train	assigned
mol_7183	val	sampled
mol_7184	train	assigned
mol_7185	train	assigned
mol_7186	train	assigned
mol_7187	train	assigned
mol_7188	train	assigned
mol_7189	train	assigned
mol_7190	train	assigned
mol_7191	train	sampled
mol_7192	val	assigned
mol_7193	train	sampled
mol_7194	train	assigned
mol_7195	train	assigned
mol_7196	train	assigned
mol_7197	train	assigned
mol_7198	test	assigned
mol_7199	test	assigned
mol_7200	test	assigned
mol_7201	train	sampled
mol_7202	train	assigned
mol_7203	val	assigned
mol_7204	train	assigned
mol_7205	train	assigned
mol_7206	train	assigned
mol_7207	train	assigned
mol_7208	train	assigned
mol_7209	train	assigned
mol_7210	train	assigned
mol_7211	train	assigned
mol_7212	train	sampled
mol_7213	train	assigned
mol_7214	train	assigned
mol_7215	val	assigned
mol_7216	train	assigned
mol_7217	train	sampled
mol_7218	train	assigned
mol_7219	train	assigned
mol_7220	train	assigned
mol_7221	train	assigned
mol_7222	val	assigned
mol_7223	train	sampled
mol_7224	train	assigned
mol_7225	train	assigned
mol_7226	train	assigned
mol_7227	train	assigned
mol_7228	train	assigned
mol_7229	test	sampled
mol_7230	test	assigned
mol_7231	val	sampled
mol_7232	val	assigned
mol_7233	train	assigned
mol_7234	test	assigned
mol_7235	train	assigned
mol_7236	train	assigned
mol_7237	train	sampled
mol_7238	test	assigned
mol_7239	train	assigned
mol_7240	train	assigned
mol_7241	train	sampled
mol_7242	train	assigned
mol_7243	train	assigned
mol_7244	train	assigned
mol_7245	val	assigned
mol_7246	train	assigned
mol_7247	train	assigned
mol_7248	val	assigned
mol_7249	test	assigned
mol_7250	test	sampled
mol_7251	train	sampled
mol_7252	test	assigned
mol_7253	train	assigned
mol_7254	train	assigned
mol_7255	train	assigned
mol_7256	train	assigned
mol_7257	val	assigned
mol_7258	val	sampled
mol_7259	val	assigned
mol_7260	train	assigned
mol_7261	val	assigned
mol_7262	train	assigned
mol_7263	train	assigned
mol_7264	test	sampled
mol_7265	train	assigned
mol_7266	train	sampled
mol_7267	train	assigned
mol_7268	train	sampled
mol_7269	train	assigned
mol_7270	train	sampled
mol_7271	train	assigned
mol_7272	train	assigned
mol_7273	val	assigned
mol_7274	train	assigned
mol_7275	val	assigned
mol_7276	test	assigned
mol_7277	train	sampled
mol_7278	train	assigned
mol_7279	train	assigned
mol_7280	train	assigned
mol_7281	train	assigned
mol_7282	train	assigned
mol_7283	train	assigned
mol_7284	train	assigned
mol_7285	train	sampled
mol_7286	train	assigned
mol_7287	train	assigned
mol_7288	train	assigned
mol_7289	train	sampled
mol_7290	train	assigned
mol_7291	train	assigned
mol_7292	train	assigned
mol_7293	train	assigned
mol_7294	train	sampled
mol_7295	test	assigned
mol_7296	train	assigned
mol_7297	val	assigned
mol_7298	train	sampled
mol_7299	train	assigned
mol_7300	train	assigned
mol_7301	test	sampled
mol_7302	test	sampled
mol_7303	test	sampled
mol_7304	train	assigned
mol_7305	val	sampled
mol_7306	val	sampled
mol_7307	train	assigned
mol_7308	train	assigned
mol_7309	test	assigned
mol_7310	train	assigned
mol_7311	train	assigned
mol_7312	train	assigned
mol_7313	val	assigned
mol_7314	val	assigned
mol_7315	val	sampled
mol_7316	train	assigned
mol_7317	train	sampled
mol_7318	train	assigned
mol_7319	train	assigned
mol_7320	train	assigned
mol_7321	train	sampled
mol_7322	train	assigned
mol_7323	val	sampled
mol_7324	val	sampled
mol_7325	train	sampled
mol_7326	train	assigned
mol_7327	train	sampled
mol_7328	train	assigned
mol_7329	train	assigned
mol_7330	train	sampled
mol_7331	train	assigned
mol_7332	train	assigned
mol_7333	train	assigned
mol_7334	train	assigned
mol_7335	train	sampled
mol_7336	train	sampled
mol_7337	train	sampled
mol_7338	train	assigned
mol_7339	train	sampled
mol_7340	val	assigned
mol_7341	train	sampled
mol_7342	train	assigned
mol_7343	train	assigned
mol_7344	train	assigned
mol_7345	train	assigned
mol_7346	train	sampled
mol_7347	train	assigned
mol_7348	train	assigned
mol_7349	val	assigned
mol_7350	val	assigned
mol_7351	val	assigned
mol_7352	train	assigned
mol_7353	train	assigned
mol_7354	train	assigned
mol_7355	train	assigned
mol_7356	train	assigned
mol_7357	train	assigned
mol_7358	train	assigned
mol_7359	train	sampled
mol_7360	val	assigned
mol_7361	train	assigned
mol_7362	train	assigned
mol_7363	train	assigned
mol_7364	test	sampled
mol_7365	train	assigned
mol_7366	train	assigned
mol_7367	train	assigned
mol_7368	train	assigned
mol_7369	train	sampled
mol_7370	train	assigned
mol_7371	train	assigned
mol_7372	train	assigned
mol_7373	train	assigned
mol_7374	train	assigned
mol_7375	test	sampled
mol_7376	test	assigned
mol_7377	val	assigned
mol_7378	train	assigned
mol_7379	train	sampled
mol_7380	train	assigned
mol_7381	train	assigned
mol_7382	train	assigned
mol_7383	train	assigned
mol_7384	train	assigned
mol_7385	val	assigned
mol_7386	train	assigned
mol_7387	train	assigned
mol_7388	train	sampled
mol_7389	train	assigned
mol_7390	train	sampled
mol_7391	train	assigned
mol_7392	test	assigned
mol_7393	test	assigned
mol_7394	test	assigned
mol_7395	train	assigned
mol_7396	test	assigned
mol_7397	train	assigned
mol_7398	train	assigned
mol_7399	train	assigned
mol_7400	train	assigned
mol_7401	val	sampled
mol_7402	train	sampled
mol_7403	train	sampled
mol_7404	train	assigned
mol_7405	train	assigned
mol_7406	train	sampled
mol_7407	train	assigned
mol_7408	train	assigned
mol_7409	train	sampled
mol_7410	test	assigned
mol_7411	train	sampled
mol_7412	train	assigned
mol_7413	train	assigned
mol_7414	train	sampled
mol_7415	train	assigned
mol_7416	train	sampled
mol_7417	val	assigned
mol_7418	train	assigned
mol_7419	train	sampled
mol_7420	val	assigned
mol_7421	val	assigned
mol_7422	val	assigned
mol_7423	val	assigned
mol_7424	val	assigned
mol_7425	train	assigned
mol_7426	train	assigned
mol_7427	test	sampled
mol_7428	val	assigned
mol_7429	test	assigned
mol_7430	test	assigned
mol_7431	test	sampled
mol_7432	train	assigned
mol_7433	train	assigned
mol_7434	test	assigned
mol_7435	train	assigned
mol_7436	train	assigned
mol_7437	train	assigned
mol_7438	train	sampled
mol_7439	train	assigned
mol_7440	train	assigned
mol_7441	train	assigned
mol_7442	train	assigned
mol_7443	val	assigned
mol_7444	train	assigned
mol_7445	train	assigned
mol_7446	train	assigned
mol_7447	train	assigned
mol_7448	train	sampled
mol_7449	train	sampled
mol_7450	train	assigned
mol_7451	train	assigned
mol_7452	test	assigned
mol_7453	train	assigned
mol_7454	train	assigned
mol_7455	train	assigned
mol_7456	train	assigned
mol_7457	train	assigned
mol_7458	val	assigned
mol_7459	train	assigned
mol_7460	train	assigned
mol_7461	train	assigned
mol_7462	train	sampled
mol_7463	train	assigned
mol_7464	train	assigned
mol_7465	train	assigned
mol_7466	train	assigned
mol_7467	train	assigned
mol_7468	train	sampled
mol_7469	train	assigned
mol_7470	train	assigned
mol_7471	train	assigned
mol_7472	train	assigned
mol_7473	train	sampled
mol_7474	train	sampled
mol_7475	train	sampled
mol_7476	train	assigned
mol_7477	train	assigned
mol_7478	train	sampled
mol_7479	train	assigned
mol_7480	train	assigned
mol_7481	train	sampled
mol_7482	train	assigned
mol_7483	train	assigned
mol_7484	train	assigned
mol_7485	train	assigned
mol_7486	test	assigned
mol_7487	train	sampled
mol_7488	train	assigned
mol_7489	train	assigned
mol_7490	train	assigned
mol_7491	train	assigned
mol_7492	train	sampled
mol_7493	train	assigned
mol_7494	train	assigned
mol_7495	train	assigned
mol_7496	val	assigned
mol_7497	val	sampled
mol_7498	val	assigned
mol_7499	train	sampled
mol_7500	val	assigned
mol_7501	train	assigned
mol_7502	train	assigned
mol_7503	train	sampled
mol_7504	train	assigned
mol_7505	train	assigned
mol_7506	train	assigned
mol_7507	train	assigned
mol_7508	train	assigned
mol_7509	val	assigned
mol_7510	train	assigned
mol_7511	train	assigned
mol_7512	train	assigned
mol_7513	val	assigned
mol_7514	train	sampled
mol_7515	train	sampled
mol_7516	train	sampled
mol_7517	train	assigned
mol_7518	val	assigned
mol_7519	train	sampled
mol_7520	train	assigned
mol_7521	train	assigned
mol_7522	train	assigned
mol_7523	train	assigned
mol_7524	train	sampled
mol_7525	train	sampled
mol_7526	train	assigned
mol_7527	train	assigned
mol_7528	val	sampled
mol_7529	train	assigned
mol_7530	train	assigned
mol_7531	train	assigned
mol_7532	train	assigned
mol_7533	train	assigned
mol_7534	train	assigned
mol_7535	train	assigned
mol_7536	val	assigned
mol_7537	val	assigned
mol_7538	val	assigned
mol_7539	train	sampled
mol_7540	train	assigned
mol_7541	val	assigned
mol_7542	test	assigned
mol_7543	train	assigned
mol_7544	test	assigned
mol_7545	train	sampled
mol_7546	train	assigned
mol_7547	train	assigned
mol_7548	train	assigned
mol_7549	val	assigned
mol_7550	train	assigned
mol_7551	train	assigned
mol_7552	train	assigned
mol_7553	train	assigned
mol_7554	train	assigned
mol_7555	train	sampled
mol_7556	train	assigned
mol_7557	train	sampled
mol_7558	test	assigned
mol_7559	train	assigned
mol_7560	train	sampled
mol_7561	train	assigned
mol_7562	train	assigned
mol_7563	train	sampled
mol_7564	val	assigned
mol_7565	train	sampled
mol_7566	train	assigned
mol_7567	test	sampled
mol_7568	test	sampled
mol_7569	train	sampled
mol_7570	train	assigned
mol_7571	train	sampled
mol_7572	test	assigned
mol_7573	train	sampled
mol_7574	train	assigned
mol_7575	train	assigned
mol_7576	train	sampled
mol_7577	val	sampled
mol_7578	train	sampled
mol_7579	train	sampled
mol_7580	val	sampled
mol_7581	train	sampled
mol_7582	train	assigned
mol_7583	train	assigned
mol_7584	val	assigned
mol_7585	train	assigned
mol_7586	train	sampled
mol_7587	train	assigned
mol_7588	train	assigned
mol_7589	train	sampled
mol_7590	train	assigned
mol_7591	train	assigned
mol_7592	train	sampled
mol_7593	train	assigned
mol_7594	test	sampled
mol_7595	val	assigned
mol_7596	train	assigned
mol_7597	train	assigned
mol_7598	train	assigned
mol_7599	test	assigned
mol_7600	test	sampled
mol_7601	train	assigned
mol_7602	train	sampled
mol_7603	val	assigned
mol_7604	train	assigned
mol_7605	train	sampled
mol_7606	val	assigned
mol_7607	test	assigned
mol_7608	val	assigned
mol_7609	test	sampled
mol_7610	train	assigned
mol_7611	train	assigned
mol_7612	val	assigned
mol_7613	val	sampled
mol_7614	val	assigned
mol_7615	val	sampled
mol_7616	train	sampled
mol_7617	train	assigned
mol_7618	train	assigned
mol_7619	test	assigned
mol_7620	train	sampled
mol_7621	train	assigned
mol_7622	train	assigned
mol_7623	val	assigned
mol_7624	train	assigned
mol_7625	train	sampled
mol_7626	val	assigned
mol_7627	val	assigned
mol_7628	val	assigned
mol_7629	train	assigned
mol_7630	train	assigned
mol_7631	test	assigned
mol_7632	train	assigned
mol_7633	train	assigned
mol_7634	train	assigned
mol_7635	train	assigned
mol_7636	train	assigned
mol_7637	val	assigned
mol_7638	train	sampled
mol_7639	train	assigned
mol_7640	val	sampled
mol_7641	train	assigned
mol_7642	train	assigned
mol_7643	train	sampled
mol_7644	train	assigned
mol_7645	test	assigned
mol_7646	train	sampled
mol_7647	train	assigned
mol_7648	train	assigned
mol_7649	val	assigned
mol_7650	train	sampled
mol_7651	train	sampled
mol_7652	train	sampled
mol_7653	train	sampled
mol_7654	train	assigned
mol_7655	test	assigned
mol_7656	val	sampled
mol_7657	val	assigned
mol_7658	train	assigned
mol_7659	train	assigned
mol_7660	train	assigned
mol_7661	train	assigned
mol_7662	test	assigned
mol_7663	train	assigned
mol_7664	val	assigned
mol_7665	train	sampled
mol_7666	train	assigned
mol_7667	val	assigned
mol_7668	val	assigned
mol_7669	test	assigned
mol_7670	test	assigned
mol_7671	train	assigned
mol_7672	train	sampled
mol_7673	train	assigned
mol_7674	train	assigned
mol_7675	train	assigned
mol_7676	train	assigned
mol_7677	train	assigned
mol_7678	train	sampled
mol_7679	train	sampled
mol_7680	train	sampled
mol_7681	train	assigned
mol_7682	train	assigned
mol_7683	test	assigned
mol_7684	val	assigned
mol_7685	val	sampled
mol_7686	train	sampled
mol_7687	test	assigned
mol_7688	val	sampled
mol_7689	val	assigned
mol_7690	val	assigned
mol_7691	val	assigned
mol_7692	train	assigned
mol_7693	val	assigned
mol_7694	val	assigned
mol_7695	val	assigned
mol_7696	train	assigned
mol_7697	train	assigned
mol_7698	train	assigned
mol_7699	val	assigned
mol_7700	test	assigned
mol_7701	test	sampled
mol_7702	train	assigned
mol_7703	train	assigned
mol_7704	train	assigned
mol_7705	train	sampled
mol_7706	train	sampled
mol_7707	train	sampled
mol_7708	val	assigned
mol_7709	train	assigned
mol_7710	val	assigned
mol_7711	val	assigned
mol_7712	train	assigned
mol_7713	train	sampled
mol_7714	train	sampled
mol_7715	train	assigned
mol_7716	val	assigned
mol_7717	val	assigned
mol_7718	val	sampled
mol_7719	val	assigned
mol_7720	train	assigned
mol_7721	train	sampled
mol_7722	train	sampled
mol_7723	train	assigned
mol_7724	val	sampled
mol_7725	val	sampled
mol_7726	val	assigned
mol_7727	train	assigned
mol_7728	val	assigned
mol_7729	train	sampled
mol_7730	train	assigned
mol_7731	train	assigned
mol_7732	train	sampled
mol_7733	val	assigned
mol_7734	train	assigned
mol_7735	train	assigned
mol_7736	train	assigned
mol_7737	train	assigned
mol_7738	train	sampled
mol_7739	train	assigned
mol_7740	train	assigned
mol_7741	train	assigned
mol_7742	test	assigned
mol_7743	train	sampled
mol_7744	train	assigned
mol_7745	train	sampled
mol_7746	train	assigned
mol_7747	train	assigned
mol_7748	train	assigned
mol_7749	train	assigned
mol_7750	train	assigned
mol_7751	train	assigned
mol_7752	train	sampled
mol_7753	train	sampled
mol_7754	train	assigned
mol_7755	train	sampled
mol_7756	train	assigned
mol_7757	train	assigned
mol_7758	train	assigned
mol_7759	train	sampled
mol_7760	train	assigned
mol_7761	train	assigned
mol_7762	val	sampled
mol_7763	train	assigned
mol_7764	train	assigned
mol_7765	val	assigned
mol_7766	train	assigned
mol_7767	train	assigned
mol_7768	train	assigned
mol_7769	train	assigned
mol_7770	train	assigned
mol_7771	train	assigned
mol_7772	train	assigned
mol_7773	train	assigned
mol_7774	val	assigned
mol_7775	train	sampled
mol_7776	train	assigned
mol_7777	train	assigned
mol_7778	train	sampled
mol_7779	val	sampled
mol_7780	val	sampled
mol_7781	test	sampled
mol_7782	test	assigned
mol_7783	train	assigned
mol_7784	train	assigned
mol_7785	train	assigned
mol_7786	val	assigned
mol_7787	train	sampled
mol_7788	val	assigned
mol_7789	train	assigned
mol_7790	val	assigned
mol_7791	train	assigned
mol_7792	train	sampled
mol_7793	train	assigned
mol_7794	val	sampled
mol_7795	train	assigned
mol_7796	train	assigned
mol_7797	train	assigned
mol_7798	train	assigned
mol_7799	train	assigned
mol_7800	test	sampled
mol_7801	test	assigned
mol_7802	val	assigned
mol_7803	train	assigned
mol_7804	train	assigned
mol_7805	train	assigned
mol_7806	val	assigned
mol_7807	train	assigned
mol_7808	train	assigned
mol_7809	train	sampled
mol_7810	train	assigned
mol_7811	train	sampled
mol_7812	train	assigned
mol_7813	train	assigned
mol_7814	val	assigned
mol_7815	val	sampled
mol_7816	train	assigned
mol_7817	val	sampled
mol_7818	train	assigned
mol_7819	train	assigned
mol_7820	train	assigned
mol_7821	val	sampled
mol_7822	train	sampled
mol_7823	train	assigned
mol_7824	train	assigned
mol_7825	train	sampled
mol_7826	train	assigned
mol_7827	train	sampled
mol_7828	train	assigned
mol_7829	val	assigned
mol_7830	train	assigned
mol_7831	train	sampled
mol_7832	train	assigned
mol_7833	train	assigned
mol_7834	train	assigned
mol_7835	train	assigned
mol_7836	val	sampled
mol_7837	train	assigned
mol_7838	train	assigned
mol_7839	train	assigned
mol_7840	train	sampled
mol_7841	test	assigned
mol_7842	train	assigned
mol_7843	train	assigned
mol_7844	train	sampled
mol_7845	train	sampled
mol_7846	train	assigned
mol_7847	train	assigned
mol_7848	train	assigned
mol_7849	train	assigned
mol_7850	train	assigned
mol_7851	train	assigned
mol_7852	test	sampled
mol_7853	test	assigned
mol_7854	train	assigned
mol_7855	train	assigned
mol_7856	train	assigned
mol_7857	val	assigned
mol_7858	train	assigned
mol_7859	val	assigned
mol_7860	train	assigned
mol_7861	val	sampled
mol_7862	val	assigned
mol_7863	train	assigned
mol_7864	train	sampled
mol_7865	train	assigned
mol_7866	train	assigned
mol_7867	test	assigned
mol_7868	train	assigned
mol_7869	train	assigned
mol_7870	train	sampled
mol_7871	train	assigned
mol_7872	train	assigned
mol_7873	train	assigned
mol_7874	val	assigned
mol_7875	val	sampled
mol_7876	train	assigned
mol_7877	train	assigned
mol_7878	train	assigned
mol_7879	train	assigned
mol_7880	train	sampled
mol_7881	train	sampled
mol_7882	train	assigned
mol_7883	train	assigned
mol_7884	train	assigned
mol_7885	train	assigned
mol_7886	test	sampled
mol_7887	test	assigned
mol_7888	test	assigned
mol_7889	train	assigned
mol_7890	train	assigned
mol_7891	test	sampled
mol_7892	train	sampled
mol_7893	test	sampled
mol_7894	test	assigned
mol_7895	train	assigned
mol_7896	val	assigned
mol_7897	train	assigned
mol_7898	val	assigned
mol_7899	train	assigned
mol_7900	train	sampled
mol_7901	train	sampled
mol_7902	train	assigned
mol_7903	train	assigned
mol_7904	train	assigned
mol_7905	test	sampled
mol_7906	val	assigned
mol_7907	train	assigned
mol_7908	val	sampled
mol_7909	test	assigned
mol_7910	train	assigned
mol_7911	train	sampled
mol_7912	train	assigned
mol_7913	train	assigned
mol_7914	train	assigned
mol_7915	val	sampled
mol_7916	train	assigned
mol_7917	train	assigned
mol_7918	test	sampled
mol_7919	train	assigned
mol_7920	train	sampled
mol_7921	train	assigned
mol_7922	val	sampled
mol_7923	val	assigned
mol_7924	train	assigned
mol_7925	train	assigned
mol_7926	val	assigned
mol_7927	train	assigned
mol_7928	train	assigned
mol_7929	train	assigned
mol_7930	train	assigned
mol_7931	train	assigned
mol_7932	train	sampled
mol_7933	train	assigned
mol_7934	train	assigned
mol_7935	train	assigned
mol_7936	test	assigned
mol_7937	val	sampled
mol_7938	train	assigned
mol_7939	train	assigned
mol_7940	train	assigned
mol_7941	train	assigned
mol_7942	train	assigned
mol_7943	train	assigned
mol_7944	train	assigned
mol_7945	train	sampled
mol_7946	train	assigned
mol_7947	train	sampled
mol_7948	test	sampled
mol_7949	val	sampled
mol_7950	val	sampled
mol_7951	train	assigned
mol_7952	train	assigned
mol_7953	val	assigned
mol_7954	train	sampled
mol_7955	val	sampled
mol_7956	train	assigned
mol_7957	train	assigned
mol_7958	train	assigned
mol_7959	train	assigned
mol_7960	train	assigned
mol_7961	train	assigned
mol_7962	train	assigned
mol_7963	train	assigned
mol_7964	train	sampled
mol_7965	test	assigned
mol_7966	test	assigned
mol_7967	train	assigned
mol_7968	train	assigned
mol_7969	train	sampled
mol_7970	train	assigned
mol_7971	val	assigned
mol_7972	train	assigned
mol_7973	train	assigned
mol_7974	train	sampled
mol_7975	test	assigned
mol_7976	train	assigned
mol_7977	train	assigned
mol_7978	val	assigned
mol_7979	train	assigned
mol_7980	train	sampled
mol_7981	val	sampled
mol_7982	val	assigned
mol_7983	val	assigned
mol_7984	train	sampled
mol_7985	train	assigned
mol_7986	train	sampled
mol_7987	train	assigned
mol_7988	train	assigned
mol_7989	train	sampled
mol_7990	train	assigned
mol_7991	val	assigned
mol_7992	val	assigned
mol_7993	train	assigned
mol_7994	train	assigned
mol_7995	train	assigned
mol_7996	train	assigned
mol_7997	train	assigned
mol_7998	train	sampled
mol_7999	train	assigned
mol_8000	val	assigned
mol_8001	val	assigned
mol_8002	train	assigned
mol_8003	test	assigned
mol_8004	train	assigned
mol_8005	train	assigned
mol_8006	train	sampled
mol_8007	test	assigned
mol_8008	test	assigned
mol_8009	train	assigned
mol_8010	val	assigned
mol_8011	train	assigned
mol_8012	train	assigned
mol_8013	val	sampled
mol_8014	train	assigned
mol_8015	test	assigned
mol_8016	test	assigned
mol_8017	train	assigned
mol_8018	train	assigned
mol_8019	val	sampled
mol_8020	test	sampled
mol_8021	test	sampled
mol_8022	test	sampled
mol_8023	val	sampled
mol_8024	train	assigned
mol_8025	test	assigned
mol_8026	train	assigned
mol_8027	test	assigned
mol_8028	train	sampled
mol_8029	train	assigned
mol_8030	train	assigned
mol_8031	train	assigned
mol_8032	train	assigned
mol_8033	train	sampled
mol_8034	val	sampled
mol_8035	val	assigned
mol_8036	train	assigned
mol_8037	train	sampled
mol_8038	val	sampled
mol_8039	train	assigned
mol_8040	train	sampled
mol_8041	train	assigned
mol_8042	train	sampled
mol_8043	train	assigned
mol_8044	train	assigned
mol_8045	test	sampled
mol_8046	train	assigned
mol_8047	train	sampled
mol_8048	train	assigned
mol_8049	train	sampled
mol_8050	train	assigned
mol_8051	train	assigned
mol_8052	val	assigned
mol_8053	val	assigned
mol_8054	test	sampled
mol_8055	val	assigned
mol_8056	test	assigned
mol_8057	train	sampled
mol_8058	train	assigned
mol_8059	train	sampled
mol_8060	train	assigned
mol_8061	test	assigned
mol_8062	train	assigned
mol_8063	train	assigned
mol_8064	val	assigned
mol_8065	train	assigned
mol_8066	train	assigned
mol_8067	train	assigned
mol_8068	train	assigned
mol_8069	val	assigned
mol_8070	train	assigned
mol_8071	val	assigned
mol_8072	test	assigned
mol_8073	train	assigned
mol_8074	train	assigned
mol_8075	train	assigned
mol_8076	train	assigned
mol_8077	train	assigned
mol_8078	train	assigned
mol_8079	train	assigned
mol_8080	val	assigned
mol_8081	train	assigned
mol_8082	train	sampled
mol_8083	train	assigned
mol_8084	train	assigned
mol_8085	val	sampled
mol_8086	val	assigned
mol_8087	test	sampled
mol_8088	train	assigned
mol_8089	val	assigned
mol_8090	train	sampled
mol_8091	train	sampled
mol_8092	train	assigned
mol_8093	train	assigned
mol_8094	train	assigned
mol_8095	train	assigned
mol_8096	train	assigned
mol_8097	train	assigned
mol_8098	train	assigned
mol_8099	train	sampled
mol_8100	train	assigned
mol_8101	train	sampled
mol_8102	val	assigned
mol_8103	train	assigned
mol_8104	train	assigned
mol_8105	train	sampled
mol_8106	train	sampled
mol_8107	train	assigned
mol_8108	train	assigned
mol_8109	train	assigned
mol_8110	train	assigned
mol_8111	train	sampled
mol_8112	train	assigned
mol_8113	train	assigned
mol_8114	train	assigned
mol_8115	train	assigned
mol_8116	train	sampled
mol_8117	test	assigned
mol_8118	train	assigned
mol_8119	train	sampled
mol_8120	train	assigned
mol_8121	train	assigned
mol_8122	train	sampled
mol_8123	train	assigned
mol_8124	train	sampled
mol_8125	train	assigned
mol_8126	val	assigned
mol_8127	train	assigned
mol_8128	val	assigned
mol_8129	train	assigned
mol_8130	test	assigned
mol_8131	train	assigned
mol_8132	test	sampled
mol_8133	train	assigned
mol_8134	train	assigned
mol_8135	train	sampled
mol_8136	train	assigned
mol_8137	train	assigned
mol_8138	train	assigned
mol_8139	train	assigned
mol_8140	train	sampled
mol_8141	train	sampled
mol_8142	train	assigned
mol_8143	train	assigned
mol_8144	test	assigned
mol_8145	val	sampled
mol_8146	val	assigned
mol_8147	train	sampled
mol_8148	train	assigned
mol_8149	train	assigned
mol_8150	train	assigned
mol_8151	train	assigned
mol_8152	train	assigned
mol_8153	train	sampled
mol_8154	train	assigned
mol_8155	train	assigned
mol_8156	train	sampled
mol_8157	train	assigned
mol_8158	val	assigned
mol_8159	val	assigned
mol_8160	train	assigned
mol_8161	train	sampled
mol_8162	train	assigned
mol_8163	train	assigned
mol_8164	train	assigned
mol_8165	val	assigned
mol_8166	val	assigned
mol_8167	train	assigned
mol_8168	train	assigned
mol_8169	val	assigned
mol_8170	train	sampled
mol_8171	train	sampled
mol_8172	train	assigned
mol_8173	train	assigned
mol_8174	train	assigned
mol_8175	train	assigned
mol_8176	train	assigned
mol_8177	train	assigned
mol_8178	train	sampled
mol_8179	train	assigned
mol_8180	val	assigned
mol_8181	val	assigned
mol_8182	train	assigned
mol_8183	train	assigned
mol_8184	train	assigned
mol_8185	train	assigned
mol_8186	train	assigned
mol_8187	val	assigned
mol_8188	val	sampled
mol_8189	train	assigned
mol_8190	train	sampled
mol_8191	train	sampled
mol_8192	test	assigned
mol_8193	val	sampled
mol_8194	train	sampled
mol_8195	train	assigned
mol_8196	train	assigned
mol_8197	train	assigned
mol_8198	train	assigned
mol_8199	train	assigned
mol_8200	train	sampled
mol_8201	test	sampled
mol_8202	train	sampled
mol_8203	train	assigned
mol_8204	val	assigned
mol_8205	train	assigned
mol_8206	train	sampled
mol_8207	train	assigned
mol_8208	train	assigned
mol_8209	train	assigned
mol_8210	train	assigned
mol_8211	train	sampled
mol_8212	train	assigned
mol_8213	train	assigned
mol_8214	val	assigned
mol_8215	train	assigned
mol_8216	train	assigned
mol_8217	train	assigned
mol_8218	val	assigned
mol_8219	train	assigned
mol_8220	train	assigned
mol_8221	val	assigned
mol_8222	train	assigned
mol_8223	train	sampled
mol_8224	train	sampled
mol_8225	train	sampled
mol_8226	test	assigned
mol_8227	train	assigned
mol_8228	val	assigned
mol_8229	test	assigned
mol_8230	train	sampled
mol_8231	train	sampled
mol_8232	train	assigned
mol_8233	train	assigned
mol_8234	train	assigned
mol_8235	train	assigned
mol_8236	train	assigned
mol_8237	train	sampled
mol_8238	test	sampled
mol_8239	train	sampled
mol_8240	val	assigned
mol_8241	train	sampled
mol_8242	train	assigned
mol_8243	train	assigned
mol_8244	train	assigned
mol_8245	train	assigned
mol_8246	train	sampled
mol_8247	val	sampled
mol_8248	val	sampled
mol_8249	val	sampled
mol_8250	train	assigned
mol_8251	train	assigned
mol_8252	train	assigned
mol_8253	train	assigned
mol_8254	train	assigned
mol_8255	train	assigned
mol_8256	train	sampled
mol_8257	train	assigned
mol_8258	train	assigned
mol_8259	train	assigned
mol_8260	train	assigned
mol_8261	train	assigned
mol_8262	val	assigned
mol_8263	train	assigned
mol_8264	train	assigned
mol_8265	train	assigned
mol_8266	train	assigned
mol_8267	train	assigned
mol_8268	train	assigned
mol_8269	train	assigned
mol_8270	train	sampled
mol_8271	train	assigned
mol_8272	train	assigned
mol_8273	train	assigned
mol_8274	train	sampled
mol_8275	train	assigned
mol_8276	train	assigned
mol_8277	train	sampled
mol_8278	train	sampled
mol_8279	train	sampled
mol_8280	train	assigned
mol_8281	train	assigned
mol_8282	train	assigned
mol_8283	val	assigned
mol_8284	train	assigned
mol_8285	train	sampled
mol_8286	train	assigned
mol_8287	train	assigned
mol_8288	train	sampled
mol_8289	val	assigned
mol_8290	test	sampled
mol_8291	train	assigned
mol_8292	train	assigned
mol_8293	test	sampled
mol_8294	val	assigned
mol_8295	val	sampled
mol_8296	val	sampled
mol_8297	train	assigned
mol_8298	train	assigned
mol_8299	train	assigned
mol_8300	train	assigned
mol_8301	test	assigned
mol_8302	train	assigned
mol_8303	train	assigned
mol_8304	train	sampled
mol_8305	train	sampled
mol_8306	train	assigned
mol_8307	train	assigned
mol_8308	train	assigned
mol_8309	train	assigned
mol_8310	train	sampled
mol_8311	test	assigned
mol_8312	test	assigned
mol_8313	test	assigned
mol_8314	val	assigned
mol_8315	val	assigned
mol_8316	train	assigned
mol_8317	val	sampled
mol_8318	val	sampled
mol_8319	val	assigned
mol_8320	train	assigned
mol_8321	train	sampled
mol_8322	train	sampled
mol_8323	train	assigned
mol_8324	val	sampled
mol_8325	train	assigned
mol_8326	train	sampled
mol_8327	train	assigned
mol_8328	val	assigned
mol_8329	val	assigned
mol_8330	train	assigned
mol_8331	train	sampled
mol_8332	val	assigned
mol_8333	train	assigned
mol_8334	val	assigned
mol_8335	val	assigned
mol_8336	train	assigned
mol_8337	val	assigned
mol_8338	val	assigned
mol_8339	val	sampled
mol_8340	train	sampled
mol_8341	train	sampled
mol_8342	train	assigned
mol_8343	train	sampled
mol_8344	train	assigned
mol_8345	train	assigned
mol_8346	train	assigned
mol_8347	train	assigned
mol_8348	train	assigned
mol_8349	train	assigned
mol_8350	train	sampled
mol_8351	train	assigned
mol_8352	test	assigned
mol_8353	val	assigned
mol_8354	train	sampled
mol_8355	train	sampled
mol_8356	train	assigned
mol_8357	train	sampled
mol_8358	train	sampled
mol_8359	train	assigned
mol_8360	train	assigned
mol_8361	train	assigned
mol_8362	train	sampled
mol_8363	train	sampled
mol_8364	val	assigned
mol_8365	train	assigned
mol_8366	train	assigned
mol_8367	val	assigned
mol_8368	val	sampled
mol_8369	train	assigned
mol_8370	val	assigned
mol_8371	train	assigned
mol_8372	train	sampled
mol_8373	train	assigned
mol_8374	train	sampled
mol_8375	train	sampled
mol_8376	train	assigned
mol_8377	test	assigned
mol_8378	train	assigned
mol_8379	train	assigned
mol_8380	train	assigned
mol_8381	train	assigned
mol_8382	train	assigned
mol_8383	train	sampled
mol_8384	train	assigned
mol_8385	train	sampled
mol_8386	val	assigned
mol_8387	val	assigned
mol_8388	val	sampled
mol_8389	train	assigned
mol_8390	train	assigned
mol_8391	train	assigned
mol_8392	val	assigned
mol_8393	val	sampled
mol_8394	train	sampled
mol_8395	train	assigned
mol_8396	val	assigned
mol_8397	train	assigned
mol_8398	train	assigned
mol_8399	train	assigned
mol_8400	train	assigned
mol_8401	train	assigned
mol_8402	train	assigned
mol_8403	val	sampled
mol_8404	test	sampled
mol_8405	train	assigned
mol_8406	train	sampled
mol_8407	train	assigned
mol_8408	train	assigned
mol_8409	train	sampled
mol_8410	val	sampled
mol_8411	test	assigned
mol_8412	train	assigned
mol_8413	val	sampled
mol_8414	train	assigned
mol_8415	train	assigned
mol_8416	train	sampled
mol_8417	train	assigned
mol_8418	train	assigned
mol_8419	train	assigned
mol_8420	train	sampled
mol_8421	train	sampled
mol_8422	val	assigned
mol_8423	train	assigned
mol_8424	val	assigned
mol_8425	train	assigned
mol_8426	train	sampled
mol_8427	train	assigned
mol_8428	train	assigned
mol_8429	train	assigned
mol_8430	train	assigned
mol_8431	val	assigned
mol_8432	train	assigned
mol_8433	train	assigned
mol_8434	train	assigned
mol_8435	train	sampled
mol_8436	train	assigned
mol_8437	val	assigned
mol_8438	train	assigned
mol_8439	train	sampled
mol_8440	train	assigned
mol_8441	train	assigned
mol_8442	train	sampled
mol_8443	train	assigned
mol_8444	train	assigned
mol_8445	train	sampled
mol_8446	test	assigned
mol_8447	train	assigned
mol_8448	train	assigned
mol_8449	train	assigned
mol_8450	train	sampled
mol_8451	val	assigned
mol_8452	val	assigned
mol_8453	val	assigned
mol_8454	val	assigned
mol_8455	train	assigned
mol_8456	train	assigned
mol_8457	train	assigned
mol_8458	train	assigned
mol_8459	train	assigned
mol_8460	val	assigned
mol_8461	test	assigned
mol_8462	train	assigned
mol_8463	train	assigned
mol_8464	train	assigned
mol_8465	train	assigned
mol_8466	train	sampled
mol_8467	train	sampled
mol_8468	train	assigned
mol_8469	train	assigned
mol_8470	val	assigned
mol_8471	train	sampled
mol_8472	train	assigned
mol_8473	train	assigned
mol_8474	train	sampled
mol_8475	val	sampled
mol_8476	train	sampled
mol_8477	train	sampled
mol_8478	train	assigned
mol_8479	train	assigned
mol_8480	train	sampled
mol_8481	train	assigned
mol_8482	train	sampled
mol_8483	train	assigned
mol_8484	train	assigned
mol_8485	train	assigned
mol_8486	val	assigned
mol_8487	train	assigned
mol_8488	train	assigned
mol_8489	train	sampled
mol_8490	train	assigned
mol_8491	train	assigned
mol_8492	val	sampled
mol_8493	train	assigned
mol_8494	train	sampled
mol_8495	train	assigned
mol_8496	train	assigned
mol_8497	train	assigned
mol_8498	train	assigned
mol_8499	val	sampled
mol_8500	train	sampled
mol_8501	train	sampled
mol_8502	train	assigned
mol_8503	train	assigned
mol_8504	train	sampled
mol_8505	train	assigned
mol_8506	test	assigned
mol_8507	train	assigned
mol_8508	train	sampled
mol_8509	train	assigned
mol_8510	train	sampled
mol_8511	train	assigned
mol_8512	train	assigned
mol_8513	train	assigned
mol_8514	val	assigned
mol_8515	val	assigned
mol_8516	train	assigned
mol_8517	train	sampled
mol_8518	train	assigned
mol_8519	train	assigned
mol_8520	train	assigned
mol_8521	train	assigned
mol_8522	train	assigned
mol_8523	val	assigned
mol_8524	val	assigned
mol_8525	val	assigned
mol_8526	val	assigned
mol_8527	val	assigned
mol_8528	val	sampled
mol_8529	train	assigned
mol_8530	train	assigned
mol_8531	train	assigned
mol_8532	train	assigned
mol_8533	train	assigned
mol_8534	train	assigned
mol_8535	val	assigned
mol_8536	train	assigned
mol_8537	train	sampled
mol_8538	train	assigned
mol_8539	train	assigned
mol_8540	train	assigned
mol_8541	train	sampled
mol_8542	train	assigned
mol_8543	train	sampled
mol_8544	train	assigned
mol_8545	val	assigned
mol_8546	train	assigned
mol_8547	train	assigned
mol_8548	train	assigned
mol_8549	train	assigned
mol_8550	test	assigned
mol_8551	train	assigned
mol_8552	train	sampled
mol_8553	train	assigned
mol_8554	train	assigned
mol_8555	train	sampled
mol_8556	train	assigned
mol_8557	val	assigned
mol_8558	val	assigned
mol_8559	test	assigned
mol_8560	train	sampled
mol_8561	train	sampled
mol_8562	train	assigned
mol_8563	train	assigned
mol_8564	train	sampled
mol_8565	train	sampled
mol_8566	train	assigned
mol_8567	val	assigned
mol_8568	train	sampled
mol_8569	train	sampled
mol_8570	train	sampled
mol_8571	val	assigned
mol_8572	train	assigned
mol_8573	train	assigned
mol_8574	train	assigned
mol_8575	train	assigned
mol_8576	val	assigned
mol_8577	train	assigned
mol_8578	train	assigned
mol_8579	train	assigned
mol_8580	train	assigned
mol_8581	train	assigned
mol_8582	train	sampled
mol_8583	test	assigned
mol_8584	train	assigned
mol_8585	train	assigned
mol_8586	train	sampled
mol_8587	val	assigned
mol_8588	test	assigned
mol_8589	train	assigned
mol_8590	val	assigned
mol_8591	train	assigned
mol_8592	train	sampled
mol_8593	train	assigned
mol_8594	train	assigned
mol_8595	train	assigned
mol_8596	train	sampled
mol_8597	test	assigned
mol_8598	train	assigned
mol_8599	train	assigned
mol_8600	train	assigned
mol_8601	train	assigned
mol_8602	train	sampled
mol_8603	train	assigned
mol_8604	train	assigned
mol_8605	train	assigned
mol_8606	val	assigned
mol_8607	train	assigned
mol_8608	train	assigned
mol_8609	val	assigned
mol_8610	val	sampled
mol_8611	train	assigned
mol_8612	train	sampled
mol_8613	train	sampled
mol_8614	train	assigned
mol_8615	train	sampled
mol_8616	train	assigned
mol_8617	train	sampled
mol_8618	train	sampled
mol_8619	train	assigned
mol_8620	val	assigned
mol_8621	train	assigned
mol_8622	train	sampled
mol_8623	train	assigned
mol_8624	train	assigned
mol_8625	train	assigned
mol_8626	train	assigned
mol_8627	train	assigned
mol_8628	train	assigned
mol_8629	train	assigned
mol_8630	train	assigned
mol_8631	train	assigned
mol_8632	train	assigned
mol_8633	train	assigned
mol_8634	train	assigned
mol_8635	test	assigned
mol_8636	train	assigned
mol_8637	test	assigned
mol_8638	test	assigned
mol_8639	train	sampled
mol_8640	train	assigned
mol_8641	train	assigned
mol_8642	train	assigned
mol_8643	train	assigned
mol_8644	train	assigned
mol_8645	val	assigned
mol_8646	train	assigned
mol_8647	train	sampled
mol_8648	train	sampled
mol_8649	val	assigned
mol_8650	train	assigned
mol_8651	train	assigned
mol_8652	train	assigned
mol_8653	train	assigned
mol_8654	train	assigned
mol_8655	train	assigned
mol_8656	train	assigned
mol_8657	test	assigned
mol_8658	test	sampled
mol_8659	train	sampled
mol_8660	val	assigned
mol_8661	train	assigned
mol_8662	train	assigned
mol_8663	train	assigned
mol_8664	train	assigned
mol_8665	train	assigned
mol_8666	train	assigned
mol_8667	val	assigned
mol_8668	train	sampled
mol_8669	train	assigned
mol_8670	train	assigned
mol_8671	train	sampled
mol_8672	train	assigned
mol_8673	train	assigned
mol_8674	train	assigned
mol_8675	train	assigned
mol_8676	train	assigned
mol_8677	val	sampled
mol_8678	train	assigned
mol_8679	train	assigned
mol_8680	train	assigned
mol_8681	train	assigned
mol_8682	train	assigned
mol_8683	train	assigned
mol_8684	train	assigned
mol_8685	train	assigned
mol_8686	train	sampled
mol_8687	train	sampled
mol_8688	train	assigned
mol_8689	train	assigned
mol_8690	train	sampled
mol_8691	train	assigned
mol_8692	train	sampled
mol_8693	val	assigned
mol_8694	train	assigned
mol_8695	val	assigned
mol_8696	train	assigned
mol_8697	train	assigned
mol_8698	train	assigned
mol_8699	train	assigned
mol_8700	val	assigned
mol_8701	train	assigned
mol_8702	train	assigned
mol_8703	train	assigned
mol_8704	test	assigned
mol_8705	train	assigned
mol_8706	train	assigned
mol_8707	train	sampled
mol_8708	train	assigned
mol_8709	train	assigned
mol_8710	train	assigned
mol_8711	val	assigned
mol_8712	train	assigned
mol_8713	val	sampled
mol_8714	val	assigned
mol_8715	val	assigned
mol_8716	val	assigned
mol_8717	val	assigned
mol_8718	train	sampled
mol_8719	train	assigned
mol_8720	val	assigned
mol_8721	train	sampled
mol_8722	train	assigned
mol_8723	train	sampled
mol_8724	val	assigned
mol_8725	train	sampled
mol_8726	train	sampled
mol_8727	train	assigned
mol_8728	train	assigned
mol_8729	test	sampled
mol_8730	train	assigned
mol_8731	train	assigned
mol_8732	train	assigned
mol_8733	val	assigned
mol_8734	train	assigned
mol_8735	train	sampled
mol_8736	test	assigned
mol_8737	val	sampled
mol_8738	train	assigned
mol_8739	train	sampled
mol_8740	val	assigned
mol_8741	train	assigned
mol_8742	val	assigned
mol_8743	train	assigned
mol_8744	train	assigned
mol_8745	train	sampled
mol_8746	train	assigned
mol_8747	train	assigned
mol_8748	train	assigned
mol_8749	train	assigned
mol_8750	val	assigned
mol_8751	train	assigned
mol_8752	train	assigned
mol_8753	val	assigned
mol_8754	val	assigned
mol_8755	train	sampled
mol_8756	train	assigned
mol_8757	train	assigned
mol_8758	train	assigned
mol_8759	train	assigned
mol_8760	train	sampled
mol_8761	test	sampled
mol_8762	val	assigned
mol_8763	train	sampled
mol_8764	train	assigned
mol_8765	test	sampled
mol_8766	train	assigned
mol_8767	train	assigned
mol_8768	train	sampled
mol_8769	train	assigned
mol_8770	train	assigned
mol_8771	val	assigned
mol_8772	train	assigned
mol_8773	train	assigned
mol_8774	train	assigned
mol_8775	val	assigned
mol_8776	train	assigned
mol_8777	train	sampled
mol_8778	train	assigned
mol_8779	val	assigned
mol_8780	val	sampled
mol_8781	train	assigned
mol_8782	train	assigned
mol_8783	train	assigned
mol_8784	train	assigned
mol_8785	train	assigned
mol_8786	train	sampled
mol_8787	train	assigned
mol_8788	train	assigned
mol_8789	train	assigned
mol_8790	train	sampled
mol_8791	val	assigned
mol_8792	val	assigned
mol_8793	val	assigned
mol_8794	val	assigned
mol_8795	val	sampled
mol_8796	train	assigned
mol_8797	val	assigned
mol_8798	train	assigned
mol_8799	train	assigned
mol_8800	train	assigned
mol_8801	test	sampled
mol_8802	val	assigned
mol_8803	train	assigned
mol_8804	val	assigned
mol_8805	val	assigned
mol_8806	train	assigned
mol_8807	train	sampled
mol_8808	val	assigned
mol_8809	train	assigned
mol_8810	train	assigned
mol_8811	val	assigned
mol_8812	val	assigned
mol_8813	val	assigned
mol_8814	val	sampled
mol_8815	val	assigned
mol_8816	val	assigned
mol_8817	val	assigned
mol_8818	val	assigned
mol_8819	train	assigned
mol_8820	train	assigned
mol_8821	train	sampled
mol_8822	train	assigned
mol_8823	train	assigned
mol_8824	val	sampled
mol_8825	val	assigned
mol_8826	train	assigned
mol_8827	val	assigned
mol_8828	train	assigned
mol_8829	train	sampled
mol_8830	train	assigned
mol_8831	train	assigned
mol_8832	val	assigned
mol_8833	train	assigned
mol_8834	train	assigned
mol_8835	train	assigned
mol_8836	train	assigned
mol_8837	train	assigned
mol_8838	train	assigned
mol_8839	train	assigned
mol_8840	train	sampled
mol_8841	train	assigned
mol_8842	train	sampled
mol_8843	test	assigned
mol_8844	test	sampled
mol_8845	test	sampled
mol_8846	train	assigned
mol_8847	train	assigned
mol_8848	train	assigned
mol_8849	train	assigned
mol_8850	train	assigned
mol_8851	train	assigned
mol_8852	train	assigned
mol_8853	train	assigned
mol_8854	train	assigned
mol_8855	train	assigned
mol_8856	train	assigned
mol_8857	train	sampled
mol_8858	val	sampled
mol_8859	train	assigned
mol_8860	train	assigned
mol_8861	train	assigned
mol_8862	train	assigned
mol_8863	train	assigned
mol_8864	train	assigned
mol_8865	train	assigned
mol_8866	train	assigned
mol_8867	val	assigned
mol_8868	val	assigned
mol_8869	val	sampled
mol_8870	val	assigned
mol_8871	val	sampled
mol_8872	train	assigned
mol_8873	train	assigned
mol_8874	val	assigned
mol_8875	test	assigned
mol_8876	test	assigned
mol_8877	test	assigned
mol_8878	test	assigned
mol_8879	test	sampled
mol_8880	train	assigned
mol_8881	train	assigned
mol_8882	train	assigned
mol_8883	train	assigned
mol_8884	train	assigned
mol_8885	train	assigned
mol_8886	val	assigned
mol_8887	train	assigned
mol_8888	train	assigned
mol_8889	train	sampled
mol_8890	train	assigned
mol_8891	train	sampled
mol_8892	train	sampled
mol_8893	test	assigned
mol_8894	train	assigned
mol_8895	train	sampled
mol_8896	train	assigned
mol_8897	train	sampled
mol_8898	val	sampled
mol_8899	train	sampled
mol_8900	train	assigned
mol_8901	train	sampled
mol_8902	train	assigned
mol_8903	train	assigned
mol_8904	train	sampled
mol_8905	train	assigned
mol_8906	train	assigned
mol_8907	train	assigned
mol_8908	train	sampled
mol_8909	train	sampled
mol_8910	train	assigned
mol_8911	train	assigned
mol_8912	train	assigned
mol_8913	train	sampled
mol_8914	train	assigned
mol_8915	train	assigned
mol_8916	train	assigned
mol_8917	val	assigned
mol_8918	val	assigned
mol_8919	train	sampled
mol_8920	test	sampled
mol_8921	train	assigned
mol_8922	train	assigned
mol_8923	train	sampled
mol_8924	train	assigned
mol_8925	train	sampled
mol_8926	train	assigned
mol_8927	train	assigned
mol_8928	test	assigned
mol_8929	test	sampled
mol_8930	train	assigned
mol_8931	val	sampled
mol_8932	val	sampled
mol_8933	train	assigned
mol_8934	train	sampled
mol_8935	train	assigned
mol_8936	train	assigned
mol_8937	test	assigned
mol_8938	train	assigned
mol_8939	train	sampled
mol_8940	train	assigned
mol_8941	train	assigned
mol_8942	train	assigned
mol_8943	train	assigned
mol_8944	train	sampled
mol_8945	train	assigned
mol_8946	val	assigned
mol_8947	train	assigned
mol_8948	train	assigned
mol_8949	train	assigned
mol_8950	train	assigned
mol_8951	train	assigned
mol_8952	train	sampled
mol_8953	train	assigned
mol_8954	train	assigned
mol_8955	train	assigned
mol_8956	train	assigned
mol_8957	train	sampled
mol_8958	train	assigned
mol_8959	test	assigned
mol_8960	train	sampled
mol_8961	train	sampled
mol_8962	train	assigned
mol_8963	val	assigned
mol_8964	train	assigned
mol_8965	train	assigned
mol_8966	train	sampled
mol_8967	train	assigned
mol_8968	train	assigned
mol_8969	val	sampled
mol_8970	val	sampled
mol_8971	train	assigned
mol_8972	train	assigned
mol_8973	train	assigned
mol_8974	train	assigned
mol_8975	train	sampled
mol_8976	train	sampled
mol_8977	train	assigned
mol_8978	train	assigned
mol_8979	train	assigned
mol_8980	train	assigned
mol_8981	train	assigned
mol_8982	train	sampled
mol_8983	val	assigned
mol_8984	train	assigned
mol_8985	train	assigned
mol_8986	train	sampled
mol_8987	val	assigned
mol_8988	train	assigned
mol_8989	train	assigned
mol_8990	train	assigned
mol_8991	train	assigned
mol_8992	train	assigned
mol_8993	train	sampled
mol_8994	val	assigned
mol_8995	train	assigned
mol_8996	train	assigned
mol_8997	train	assigned
mol_8998	train	assigned
mol_8999	train	assigned
mol_9000	train	sampled
mol_9001	train	assigned
mol_9002	train	assigned
mol_9003	train	sampled
mol_9004	train	assigned
mol_9005	train	assigned
mol_9006	train	sampled
mol_9007	train	assigned
mol_9008	train	sampled
mol_9009	train	assigned
mol_9010	train	sampled
mol_9011	train	assigned
mol_9012	train	assigned
mol_9013	train	assigned
mol_9014	train	assigned
mol_9015	val	assigned
mol_9016	val	sampled
mol_9017	val	assigned
mol_9018	val	assigned
mol_9019	test	assigned
mol_9020	test	assigned
mol_9021	train	sampled
mol_9022	train	sampled
mol_9023	train	assigned
mol_9024	train	assigned
mol_9025	test	sampled
mol_9026	test	assigned
mol_9027	train	sampled
mol_9028	train	assigned
mol_9029	test	assigned
mol_9030	train	assigned
mol_9031	val	assigned
mol_9032	val	assigned
mol_9033	test	assigned
mol_9034	train	assigned
mol_9035	train	sampled
mol_9036	train	sampled
mol_9037	train	assigned
mol_9038	train	sampled
mol_9039	train	assigned
mol_9040	val	sampled
mol_9041	train	assigned
mol_9042	train	assigned
mol_9043	train	assigned
mol_9044	val	sampled
mol_9045	train	assigned
mol_9046	train	assigned
mol_9047	val	assigned
mol_9048	train	sampled
mol_9049	train	sampled
mol_9050	train	assigned
mol_9051	train	sampled
mol_9052	val	assigned
mol_9053	val	assigned
mol_9054	test	assigned
mol_9055	test	sampled
mol_9056	test	sampled
mol_9057	test	sampled
mol_9058	train	sampled
mol_9059	train	assigned
mol_9060	train	sampled
mol_9061	train	sampled
mol_9062	val	sampled
mol_9063	train	assigned
mol_9064	train	sampled
mol_9065	val	assigned
mol_9066	train	assigned
mol_9067	train	assigned
mol_9068	val	assigned
mol_9069	train	assigned
mol_9070	train	assigned
mol_9071	val	assigned
mol_9072	train	sampled
mol_9073	train	sampled
mol_9074	train	assigned
mol_9075	train	assigned
mol_9076	test	assigned
mol_9077	train	assigned
mol_9078	train	assigned
mol_9079	train	assigned
mol_9080	train	assigned
mol_9081	train	assigned
mol_9082	train	assigned
mol_9083	train	assigned
mol_9084	train	assigned
mol_9085	train	assigned
mol_9086	train	assigned
mol_9087	val	sampled
mol_9088	train	assigned
mol_9089	train	assigned
mol_9090	train	assigned
mol_9091	train	assigned
mol_9092	train	assigned
mol_9093	train	sampled
mol_9094	train	assigned
mol_9095	train	assigned
mol_9096	train	assigned
mol_9097	train	sampled
mol_9098	train	assigned
mol_9099	train	assigned
mol_9100	train	sampled
mol_9101	train	assigned
mol_9102	train	assigned
mol_9103	train	sampled
mol_9104	train	assigned
mol_9105	train	assigned
mol_9106	train	assigned
mol_9107	train	assigned
mol_9108	train	assigned
mol_9109	train	assigned
mol_9110	train	assigned
mol_9111	val	assigned
mol_9112	train	assigned
mol_9113	train	assigned
mol_9114	train	assigned
mol_9115	val	assigned
mol_9116	train	sampled
mol_9117	train	assigned
mol_9118	train	assigned
mol_9119	train	assigned
mol_9120	train	assigned
mol_9121	train	assigned
mol_9122	train	assigned
mol_9123	train	sampled
mol_9124	train	assigned
mol_9125	train	sampled
mol_9126	train	sampled
mol_9127	train	assigned
mol_9128	train	sampled
mol_9129	train	sampled
mol_9130	train	assigned
mol_9131	train	assigned
mol_9132	train	sampled
mol_9133	train	assigned
mol_9134	train	sampled
mol_9135	train	assigned
mol_9136	train	assigned
mol_9137	train	assigned
mol_9138	train	assigned
mol_9139	train	assigned
mol_9140	train	assigned
mol_9141	train	sampled
mol_9142	train	assigned
mol_9143	train	assigned
mol_9144	train	assigned
mol_9145	train	assigned
mol_9146	train	assigned
mol_9147	train	assigned
mol_9148	test	assigned
mol_9149	train	sampled
mol_9150	train	sampled
mol_9151	train	assigned
mol_9152	train	sampled
mol_9153	train	assigned
mol_9154	train	assigned
mol_9155	val	assigned
mol_9156	train	assigned
mol_9157	train	assigned
mol_9158	train	assigned
mol_9159	test	sampled
mol_9160	train	assigned
mol_9161	train	assigned
mol_9162	train	sampled
mol_9163	train	sampled
mol_9164	val	sampled
mol_9165	train	sampled
mol_9166	train	assigned
mol_9167	train	assigned
mol_9168	train	assigned
mol_9169	train	sampled
mol_9170	train	sampled
mol_9171	val	assigned
mol_9172	val	sampled
mol_9173	val	assigned
mol_9174	train	assigned
mol_9175	train	assigned
mol_9176	val	assigned
mol_9177	train	assigned
mol_9178	test	assigned
mol_9179	train	assigned
mol_9180	val	assigned
mol_9181	val	assigned
mol_9182	train	assigned
mol_9183	test	sampled
mol_9184	train	assigned
mol_9185	train	assigned
mol_9186	train	sampled
mol_9187	val	assigned
mol_9188	train	assigned
mol_9189	train	assigned
mol_9190	test	assigned
mol_9191	test	assigned
mol_9192	val	sampled
mol_9193	val	assigned
mol_9194	val	sampled
mol_9195	val	assigned
mol_9196	train	assigned
mol_9197	train	assigned
mol_9198	train	assigned
mol_9199	val	assigned
mol_9200	train	assigned
mol_9201	train	assigned
mol_9202	train	assigned
mol_9203	train	assigned
mol_9204	train	assigned
mol_9205	val	sampled
mol_9206	val	sampled
mol_9207	val	sampled
mol_9208	train	assigned
mol_9209	train	assigned
mol_9210	train	assigned
mol_9211	train	sampled
mol_9212	train	assigned
mol_9213	train	assigned
mol_9214	train	assigned
mol_9215	train	assigned
mol_9216	train	assigned
mol_9217	train	assigned
mol_9218	train	assigned
mol_9219	train	assigned
mol_9220	test	assigned
mol_9221	test	assigned
mol_9222	val	assigned
mol_9223	train	assigned
mol_9224	train	assigned
mol_9225	train	sampled
mol_9226	train	assigned
mol_9227	train	assigned
mol_9228	train	assigned
mol_9229	train	assigned
mol_9230	train	assigned
mol_9231	val	assigned
mol_9232	train	assigned
mol_9233	train	assigned
mol_9234	train	assigned
mol_9235	train	sampled
mol_9236	train	assigned
mol_9237	train	sampled
mol_9238	train	sampled
mol_9239	train	assigned
mol_9240	train	sampled
mol_9241	train	assigned
mol_9242	train	sampled
mol_9243	train	assigned
mol_9244	train	assigned
mol_9245	train	assigned
mol_9246	train	assigned
mol_9247	train	assigned
mol_9248	train	sampled
mol_9249	train	assigned
mol_9250	train	assigned
mol_9251	train	assigned
mol_9252	val	assigned
mol_9253	train	sampled
mol_9254	val	sampled
mol_9255	train	assigned
mol_9256	train	assigned
mol_9257	train	assigned
mol_9258	train	assigned
mol_9259	train	assigned
mol_9260	train	assigned
mol_9261	train	assigned
mol_9262	val	assigned
mol_9263	train	sampled
mol_9264	train	assigned
mol_9265	train	assigned
mol_9266	train	sampled
mol_9267	train	sampled
mol_9268	train	assigned
mol_9269	train	assigned
mol_9270	train	sampled
mol_9271	train	assigned
mol_9272	train	assigned
mol_9273	train	sampled
mol_9274	train	assigned
mol_9275	train	assigned
mol_9276	train	assigned
mol_9277	train	assigned
mol_9278	train	assigned
mol_9279	train	assigned
mol_9280	train	assigned
mol_9281	test	sampled
mol_9282	train	sampled
mol_9283	train	assigned
mol_9284	train	sampled
mol_9285	train	sampled
mol_9286	test	assigned
mol_9287	train	sampled
mol_9288	train	sampled
mol_9289	train	sampled
mol_9290	train	assigned
mol_9291	train	sampled
mol_9292	train	assigned
mol_9293	train	assigned
mol_9294	train	assigned
mol_9295	train	assigned
mol_9296	train	sampled
mol_9297	train	assigned
mol_9298	train	sampled
mol_9299	train	assigned
mol_9300	train	assigned
mol_9301	train	sampled
mol_9302	train	assigned
mol_9303	train	sampled
mol_9304	train	assigned
mol_9305	train	assigned
mol_9306	train	assigned
mol_9307	train	assigned
mol_9308	train	assigned
mol_9309	train	assigned
mol_9310	train	assigned
mol_9311	train	sampled
mol_9312	train	sampled
mol_9313	train	sampled
mol_9314	train	assigned
mol_9315	train	assigned
mol_9316	train	assigned
mol_9317	train	sampled
mol_9318	train	assigned
mol_9319	train	assigned
mol_9320	val	assigned
mol_9321	val	assigned
mol_9322	val	assigned
mol_9323	val	assigned
mol_9324	train	assigned
mol_9325	train	assigned
mol_9326	train	assigned
mol_9327	train	assigned
mol_9328	train	assigned
mol_9329	train	assigned
mol_9330	train	assigned
mol_9331	train	sampled
mol_9332	val	assigned
mol_9333	val	assigned
mol_9334	train	assigned
mol_9335	val	assigned
mol_9336	val	assigned
mol_9337	train	assigned
mol_9338	train	assigned
mol_9339	val	assigned
mol_9340	train	assigned
mol_9341	train	assigned
mol_9342	train	assigned
mol_9343	train	assigned
mol_9344	train	assigned
mol_9345	train	assigned
mol_9346	train	assigned
mol_9347	train	assigned
mol_9348	train	assigned
mol_9349	train	sampled
mol_9350	train	assigned
mol_9351	train	sampled
mol_9352	train	assigned
mol_9353	train	sampled
mol_9354	test	sampled
mol_9355	train	assigned
mol_9356	val	assigned
mol_9357	train	assigned
mol_9358	test	sampled
mol_9359	train	assigned
mol_9360	train	assigned
mol_9361	test	assigned
mol_9362	train	assigned
mol_9363	test	assigned
mol_9364	train	assigned
mol_9365	val	assigned
mol_9366	train	sampled
mol_9367	val	assigned
mol_9368	train	assigned
mol_9369	train	assigned
mol_9370	train	sampled
mol_9371	train	assigned
mol_9372	train	assigned
mol_9373	val	assigned
mol_9374	train	assigned
mol_9375	val	assigned
mol_9376	val	assigned
mol_9377	train	assigned
mol_9378	train	sampled
mol_9379	val	assigned
mol_9380	train	assigned
mol_9381	train	sampled
mol_9382	test	assigned
mol_9383	train	assigned
mol_9384	train	assigned
mol_9385	train	assigned
mol_9386	train	assigned
mol_9387	train	assigned
mol_9388	train	assigned
mol_9389	test	sampled
mol_9390	val	assigned
mol_9391	train	sampled
mol_9392	val	sampled
mol_9393	train	assigned
mol_9394	train	assigned
mol_9395	train	assigned
mol_9396	train	sampled
mol_9397	train	sampled
mol_9398	train	sampled
mol_9399	val	assigned
mol_9400	train	assigned
mol_9401	train	sampled
mol_9402	val	assigned
mol_9403	train	sampled
mol_9404	train	assigned
mol_9405	train	assigned
mol_9406	train	assigned
mol_9407	train	assigned
mol_9408	train	assigned
mol_9409	train	assigned
mol_9410	train	sampled
mol_9411	test	assigned
mol_9412	val	assigned
mol_9413	train	assigned
mol_9414	train	assigned
mol_9415	train	assigned
mol_9416	val	assigned
mol_9417	train	assigned
mol_9418	train	assigned
mol_9419	train	sampled
mol_9420	train	sampled
mol_9421	train	assigned
mol_9422	val	assigned
mol_9423	val	assigned
mol_9424	train	assigned
mol_9425	train	assigned
mol_9426	val	sampled
mol_9427	val	sampled
mol_9428	val	assigned
mol_9429	val	assigned
mol_9430	train	assigned
mol_9431	train	assigned
mol_9432	test	assigned
mol_9433	train	sampled
mol_9434	train	assigned
mol_9435	train	assigned
mol_9436	train	assigned
mol_9437	train	assigned
mol_9438	train	assigned
mol_9439	train	assigned
mol_9440	train	assigned
mol_9441	train	sampled
mol_9442	train	assigned
mol_9443	train	assigned
mol_9444	train	sampled
mol_9445	val	assigned
mol_9446	test	assigned
mol_9447	test	assigned
mol_9448	test	sampled
mol_9449	train	assigned
mol_9450	train	assigned
mol_9451	train	sampled
mol_9452	train	assigned
mol_9453	train	assigned
mol_9454	train	assigned
mol_9455	train	assigned
mol_9456	val	assigned
mol_9457	val	assigned
mol_9458	train	assigned
mol_9459	val	assigned
mol_9460	train	assigned
mol_9461	train	assigned
mol_9462	train	assigned
mol_9463	test	assigned
mol_9464	val	sampled
mol_9465	train	assigned
mol_9466	train	assigned
mol_9467	train	assigned
mol_9468	train	assigned
mol_9469	train	sampled
mol_9470	train	assigned
mol_9471	train	assigned
mol_9472	train	assigned
mol_9473	train	sampled
mol_9474	train	assigned
mol_9475	train	assigned
mol_9476	train	assigned
mol_9477	train	assigned
mol_9478	train	sampled
mol_9479	train	assigned
mol_9480	train	sampled
mol_9481	train	assigned
mol_9482	test	assigned
mol_9483	train	assigned
mol_9484	train	assigned
mol_9485	val	assigned
mol_9486	train	assigned
mol_9487	train	assigned
mol_9488	val	assigned
mol_9489	train	assigned
mol_9490	train	assigned
mol_9491	train	assigned
mol_9492	train	assigned
mol_9493	train	assigned
mol_9494	train	assigned
mol_9495	train	assigned
mol_9496	train	assigned
mol_9497	train	assigned
mol_9498	train	assigned
mol_9499	train	assigned
mol_9500	test	assigned
mol_9501	train	assigned
mol_9502	train	assigned
mol_9503	train	assigned
mol_9504	train	assigned
mol_9505	train	assigned
mol_9506	train	sampled
mol_9507	train	assigned
mol_9508	train	assigned
mol_9509	train	assigned
mol_9510	train	assigned
mol_9511	train	assigned
mol_9512	train	sampled
mol_9513	train	assigned
mol_9514	train	assigned
mol_9515	train	assigned
mol_9516	train	assigned
mol_9517	train	assigned
mol_9518	train	assigned
mol_9519	train	assigned
mol_9520	train	sampled
mol_9521	train	assigned
mol_9522	train	assigned
mol_9523	train	sampled
mol_9524	train	assigned
mol_9525	train	sampled
mol_9526	val	assigned
mol_9527	train	sampled
mol_9528	train	assigned
mol_9529	test	assigned
mol_9530	train	assigned
mol_9531	test	assigned
mol_9532	test	sampled
mol_9533	val	assigned
mol_9534	val	assigned
mol_9535	train	sampled
mol_9536	val	sampled
mol_9537	train	assigned
mol_9538	train	sampled
mol_9539	train	sampled
mol_9540	train	assigned
mol_9541	train	assigned
mol_9542	train	assigned
mol_9543	train	assigned
mol_9544	train	assigned
mol_9545	val	assigned
mol_9546	train	assigned
mol_9547	train	sampled
mol_9548	train	sampled
mol_9549	train	sampled
mol_9550	train	sampled
mol_9551	train	assigned
mol_9552	val	assigned
mol_9553	train	assigned
mol_9554	val	assigned
mol_9555	train	sampled
mol_9556	train	sampled
mol_9557	train	assigned
mol_9558	train	assigned
mol_9559	train	sampled
mol_9560	train	assigned
mol_9561	test	sampled
mol_9562	train	sampled
mol_9563	train	assigned
mol_9564	train	sampled
mol_9565	test	sampled
mol_9566	train	assigned
mol_9567	train	assigned
mol_9568	train	sampled
mol_9569	train	assigned
mol_9570	train	assigned
mol_9571	train	sampled
mol_9572	test	assigned
mol_9573	train	assigned
mol_9574	train	assigned
mol_9575	train	assigned
mol_9576	train	assigned
mol_9577	test	sampled
mol_9578	val	assigned
mol_9579	train	sampled
mol_9580	train	assigned
mol_9581	train	assigned
mol_9582	train	assigned
mol_9583	train	assigned
mol_9584	train	assigned
mol_9585	val	assigned
mol_9586	train	assigned
mol_9587	val	assigned
mol_9588	train	sampled
mol_9589	test	assigned
mol_9590	train	sampled
mol_9591	train	sampled
mol_9592	test	assigned
mol_9593	test	assigned
mol_9594	test	assigned
mol_9595	train	sampled
mol_9596	train	assigned
mol_9597	train	assigned
mol_9598	train	sampled
mol_9599	train	assigned
mol_9600	train	assigned
mol_9601	train	assigned
mol_9602	train	assigned
mol_9603	val	assigned
mol_9604	test	sampled
mol_9605	test	assigned
mol_9606	train	sampled
mol_9607	train	assigned
mol_9608	train	assigned
mol_9609	train	assigned
mol_9610	val	assigned
mol_9611	test	assigned
mol_9612	train	assigned
mol_9613	val	assigned
mol_9614	train	assigned
mol_9615	val	assigned
mol_9616	train	assigned
mol_9617	train	assigned
mol_9618	train	sampled
mol_9619	train	sampled
mol_9620	train	assigned
mol_9621	train	sampled
mol_9622	train	assigned
mol_9623	train	assigned
mol_9624	train	assigned
mol_9625	train	assigned
mol_9626	train	assigned
mol_9627	train	assigned
mol_9628	train	assigned
mol_9629	train	assigned
mol_9630	train	assigned
mol_9631	train	assigned
mol_9632	train	sampled
mol_9633	train	sampled
mol_9634	train	assigned
mol_9635	val	assigned
mol_9636	test	assigned
mol_9637	train	assigned
mol_9638	train	assigned
mol_9639	train	assigned
mol_9640	train	sampled
mol_9641	train	sampled
mol_9642	test	assigned
mol_9643	train	assigned
mol_9644	train	assigned
mol_9645	val	sampled
mol_9646	val	assigned
mol_9647	test	sampled
mol_9648	train	sampled
mol_9649	train	assigned
mol_9650	train	assigned
mol_9651	train	assigned
mol_9652	val	assigned
mol_9653	val	assigned
mol_9654	train	assigned
mol_9655	train	assigned
mol_9656	train	assigned
mol_9657	train	assigned
mol_9658	train	sampled
mol_9659	val	assigned
mol_9660	train	assigned
mol_9661	train	sampled
mol_9662	train	assigned
mol_9663	val	assigned
mol_9664	train	assigned
mol_9665	train	assigned
mol_9666	val	sampled
mol_9667	val	sampled
mol_9668	val	assigned
mol_9669	train	assigned
mol_9670	val	assigned
mol_9671	val	assigned
mol_9672	val	sampled
mol_9673	train	assigned
mol_9674	train	sampled
mol_9675	val	assigned
mol_9676	train	assigned
mol_9677	train	assigned
mol_9678	train	assigned
mol_9679	train	assigned
mol_9680	train	assigned
mol_9681	val	sampled
mol_9682	val	sampled
mol_9683	train	assigned
mol_9684	val	assigned
mol_9685	train	sampled
mol_9686	train	assigned
mol_9687	train	sampled
mol_9688	train	assigned
mol_9689	train	assigned
mol_9690	val	assigned
mol_9691	train	assigned
mol_9692	test	assigned
mol_9693	train	sampled
mol_9694	train	sampled
mol_9695	train	assigned
mol_9696	test	assigned
mol_9697	train	assigned
mol_9698	train	assigned
mol_9699	train	assigned
mol_9700	train	assigned
mol_9701	train	sampled
mol_9702	train	assigned
mol_9703	train	assigned
mol_9704	train	assigned
mol_9705	train	assigned
mol_9706	train	assigned
mol_9707	train	assigned
mol_9708	test	sampled
mol_9709	train	assigned
mol_9710	train	assigned
mol_9711	val	assigned
mol_9712	val	sampled
mol_9713	val	assigned
mol_9714	train	assigned
mol_9715	train	assigned
mol_9716	val	assigned
mol_9717	train	assigned
mol_9718	val	assigned
mol_9719	val	assigned
mol_9720	val	assigned
mol_9721	val	assigned
mol_9722	val	sampled
mol_9723	val	sampled
mol_9724	train	sampled
mol_9725	train	assigned
mol_9726	train	assigned
mol_9727	test	assigned
mol_9728	train	sampled
mol_9729	test	assigned
mol_9730	train	assigned
mol_9731	val	sampled
mol_9732	val	assigned
mol_9733	train	sampled
mol_9734	train	assigned
mol_9735	val	assigned
mol_9736	val	sampled
mol_9737	train	sampled
mol_9738	val	sampled
mol_9739	val	sampled
mol_9740	val	assigned
mol_9741	train	assigned
mol_9742	train	assigned
mol_9743	val	sampled
mol_9744	val	assigned
mol_9745	train	assigned
mol_9746	train	assigned
mol_9747	val	sampled
mol_9748	val	assigned
mol_9749	train	assigned
mol_9750	val	sampled
mol_9751	train	assigned
mol_9752	train	assigned
mol_9753	train	sampled
mol_9754	train	assigned
mol_9755	train	assigned
mol_9756	train	assigned
mol_9757	train	assigned
mol_9758	val	sampled
mol_9759	val	assigned
mol_9760	val	assigned
mol_9761	train	sampled
mol_9762	val	assigned
mol_9763	val	assigned
mol_9764	val	assigned
mol_9765	val	assigned
mol_9766	val	sampled
mol_9767	val	sampled
mol_9768	val	assigned
mol_9769	val	sampled
mol_9770	val	assigned
mol_9771	val	assigned
mol_9772	val	assigned
mol_9773	val	assigned
mol_9774	val	assigned
mol_9775	val	assigned
mol_9776	val	assigned
mol_9777	val	assigned
mol_9778	val	sampled
mol_9779	val	sampled
mol_9780	val	assigned
mol_9781	val	assigned
mol_9782	val	assigned
mol_9783	val	assigned
mol_9784	train	assigned
mol_9785	train	assigned
mol_9786	train	sampled
mol_9787	train	assigned
mol_9788	val	assigned
mol_9789	val	assigned
mol_9790	train	sampled
mol_9791	train	assigned
mol_9792	train	sampled
mol_9793	train	sampled
mol_9794	val	assigned
mol_9795	train	assigned
mol_9796	val	assigned
mol_9797	train	assigned
mol_9798	val	sampled
mol_9799	train	assigned
mol_9800	val	assigned
mol_9801	train	sampled
mol_9802	train	assigned
mol_9803	train	sampled
mol_9804	train	assigned
mol_9805	train	assigned
mol_9806	test	sampled
mol_9807	test	assigned
mol_9808	test	assigned
mol_9809	test	assigned
mol_9810	test	sampled
mol_9811	test	assigned
mol_9812	val	assigned
mol_9813	train	assigned
mol_9814	val	assigned
mol_9815	train	assigned
mol_9816	train	assigned
mol_9817	train	assigned
mol_9818	val	assigned
mol_9819	train	assigned
mol_9820	val	assigned
mol_9821	train	assigned
mol_9822	test	assigned
mol_9823	test	assigned
mol_9824	test	assigned
mol_9825	train	assigned
mol_9826	train	sampled
mol_9827	train	assigned
mol_9828	train	assigned
mol_9829	train	assigned
mol_9830	train	sampled
mol_9831	train	sampled
mol_9832	train	assigned
mol_9833	test	assigned
mol_9834	test	assigned
mol_9835	test	assigned
mol_9836	train	sampled
mol_9837	train	assigned
mol_9838	train	assigned
mol_9839	train	assigned
mol_9840	val	assigned
mol_9841	train	sampled
mol_9842	train	sampled
mol_9843	train	assigned
mol_9844	train	assigned
mol_9845	val	sampled
mol_9846	train	assigned
mol_9847	val	assigned
mol_9848	val	assigned
mol_9849	train	assigned
mol_9850	train	assigned
mol_9851	val	assigned
mol_9852	train	assigned
mol_9853	train	assigned
mol_9854	train	assigned
mol_9855	train	assigned
mol_9856	train	sampled
mol_9857	train	assigned
mol_9858	val	sampled
mol_9859	train	assigned
mol_9860	train	assigned
mol_9861	train	sampled
mol_9862	train	assigned
mol_9863	train	assigned
mol_9864	train	assigned
mol_9865	train	assigned
mol_9866	train	assigned
mol_9867	train	assigned
mol_9868	val	assigned
mol_9869	train	assigned
mol_9870	train	assigned
mol_9871	train	assigned
mol_9872	train	assigned
mol_9873	val	assigned
mol_9874	val	assigned
mol_9875	val	assigned
mol_9876	val	sampled
mol_9877	train	assigned
mol_9878	train	assigned
mol_9879	train	assigned
mol_9880	train	sampled
mol_9881	train	assigned
mol_9882	val	assigned
mol_9883	val	assigned
mol_9884	train	assigned
mol_9885	train	assigned
mol_9886	val	assigned
mol_9887	val	sampled
mol_9888	train	assigned
mol_9889	train	sampled
mol_9890	val	assigned
mol_9891	test	assigned
mol_9892	test	assigned
mol_9893	train	assigned
mol_9894	val	assigned
mol_9895	val	assigned
mol_9896	train	assigned
mol_9897	train	assigned
mol_9898	train	sampled
mol_9899	train	assigned
mol_9900	val	assigned
mol_9901	val	assigned
mol_9902	test	sampled
mol_9903	test	assigned
mol_9904	val	assigned
mol_9905	train	sampled
mol_9906	train	assigned
mol_9907	val	assigned
mol_9908	train	assigned
mol_9909	test	assigned
mol_9910	val	assigned
mol_9911	train	assigned
mol_9912	val	assigned
mol_9913	train	assigned
mol_9914	train	assigned
mol_9915	test	assigned
mol_9916	train	assigned
mol_9917	val	assigned
mol_9918	train	sampled
mol_9919	test	assigned
mol_9920	train	sampled
mol_9921	train	assigned
mol_9922	train	assigned
mol_9923	test	assigned
mol_9924	train	assigned
mol_9925	train	sampled
mol_9926	train	assigned
mol_9927	train	assigned
mol_9928	train	sampled
mol_9929	train	sampled
mol_9930	train	assigned
mol_9931	train	sampled
mol_9932	train	sampled
mol_9933	test	assigned
mol_9934	train	assigned
mol_9935	train	assigned
mol_9936	train	sampled
mol_9937	train	sampled
mol_9938	train	assigned
mol_9939	train	assigned
mol_9940	train	assigned
mol_9941	test	assigned
mol_9942	train	assigned
mol_9943	train	assigned
mol_9944	train	assigned
mol_9945	train	assigned
mol_9946	train	assigned
mol_9947	train	assigned
mol_9948	val	assigned
mol_9949	train	assigned
mol_9950	train	assigned
mol_9951	train	assigned
mol_9952	val	assigned
mol_9953	train	assigned
mol_9954	train	assigned
mol_9955	train	assigned
mol_9956	train	assigned
mol_9957	train	assigned
mol_9958	train	assigned
mol_9959	train	assigned
mol_9960	val	sampled
mol_9961	val	assigned
mol_9962	train	assigned
mol_9963	train	assigned
mol_9964	train	assigned
mol_9965	train	assigned
mol_9966	train	assigned
mol_9967	val	assigned
mol_9968	train	assigned
mol_9969	val	assigned
mol_9970	train	assigned
mol_9971	train	assigned
mol_9972	train	assigned
mol_9973	train	assigned
mol_9974	val	sampled
mol_9975	val	sampled
mol_9976	train	sampled
mol_9977	train	assigned
mol_9978	train	assigned
mol_9979	train	assigned
mol_9980	train	assigned
mol_9981	train	assigned
mol_9982	train	assigned
mol_9983	train	assigned
mol_9984	test	assigned
mol_9985	train	sampled
mol_9986	train	sampled
mol_9987	val	sampled
mol_9988	val	assigned
mol_9989	train	assigned
mol_9990	train	assigned
mol_9991	train	assigned
mol_9992	train	assigned
mol_9993	train	assigned
mol_9994	train	sampled
mol_9995	train	assigned
mol_9996	train	assigned
mol_9997	train	sampled
mol_9998	test	assigned
mol_9999	test	assigned
mol_10000	test	assigned
mol_10001	test	assigned
mol_10002	val	assigned
mol_10003	train	assigned
mol_10004	train	assigned
mol_10005	val	assigned
mol_10006	train	assigned
mol_10007	train	sampled
mol_10008	train	sampled
mol_10009	train	assigned
mol_10010	train	assigned
mol_10011	train	assigned
mol_10012	train	sampled
mol_10013	train	sampled
mol_10014	train	assigned
mol_10015	test	assigned
mol_10016	test	sampled
mol_10017	train	sampled
mol_10018	train	assigned
mol_10019	train	assigned
mol_10020	test	sampled
mol_10021	val	assigned
mol_10022	test	assigned
mol_10023	train	assigned
mol_10024	train	assigned
mol_10025	train	assigned
mol_10026	train	sampled
mol_10027	train	assigned
mol_10028	train	assigned
mol_10029	train	assigned
mol_10030	train	sampled
mol_10031	train	sampled
mol_10032	train	assigned
mol_10033	train	assigned
mol_10034	train	assigned
mol_10035	train	sampled
mol_10036	train	sampled
mol_10037	train	assigned
mol_10038	train	assigned
mol_10039	train	assigned
mol_10040	val	assigned
mol_10041	train	assigned
mol_10042	train	assigned
mol_10043	train	assigned
mol_10044	train	assigned
mol_10045	train	sampled
mol_10046	train	assigned
mol_10047	test	assigned
mol_10048	test	assigned
mol_10049	test	assigned
mol_10050	test	sampled
mol_10051	val	assigned
mol_10052	train	assigned
mol_10053	val	assigned
mol_10054	val	sampled
mol_10055	train	assigned
mol_10056	test	assigned
mol_10057	train	assigned
mol_10058	train	assigned
mol_10059	train	sampled
mol_10060	train	assigned
mol_10061	val	assigned
mol_10062	train	sampled
mol_10063	train	sampled
mol_10064	train	assigned
mol_10065	test	sampled
mol_10066	test	assigned
mol_10067	train	assigned
mol_10068	train	assigned
mol_10069	train	assigned
mol_10070	train	assigned
mol_10071	train	assigned
mol_10072	train	assigned
mol_10073	train	assigned
mol_10074	test	assigned
mol_10075	train	sampled
mol_10076	train	assigned
mol_10077	train	assigned
mol_10078	train	assigned
mol_10079	train	sampled
mol_10080	train	sampled
mol_10081	train	sampled
mol_10082	train	assigned
mol_10083	train	assigned
mol_10084	train	assigned
mol_10085	test	assigned
mol_10086	test	assigned
mol_10087	train	assigned
mol_10088	val	assigned
mol_10089	train	sampled
mol_10090	train	sampled
mol_10091	train	sampled
mol_10092	train	sampled
mol_10093	train	assigned
mol_10094	test	assigned
mol_10095	train	assigned
mol_10096	train	assigned
mol_10097	train	assigned
mol_10098	train	sampled
mol_10099	test	assigned
mol_10100	train	assigned
mol_10101	train	assigned
mol_10102	train	assigned
mol_10103	train	assigned
mol_10104	val	assigned
mol_10105	train	assigned
mol_10106	train	assigned
mol_10107	train	assigned
mol_10108	train	assigned
mol_10109	train	assigned
mol_10110	train	assigned
mol_10111	train	sampled
mol_10112	train	assigned
mol_10113	train	assigned
mol_10114	val	assigned
mol_10115	train	sampled
mol_10116	train	assigned
mol_10117	train	assigned
mol_10118	test	assigned
mol_10119	val	assigned
mol_10120	train	assigned
mol_10121	train	assigned
mol_10122	train	assigned
mol_10123	train	assigned
mol_10124	train	assigned
mol_10125	test	sampled
mol_10126	test	assigned
mol_10127	test	sampled
mol_10128	test	assigned
mol_10129	test	assigned
mol_10130	val	assigned
mol_10131	train	assigned
mol_10132	train	sampled
mol_10133	train	assigned
mol_10134	train	sampled
mol_10135	train	assigned
mol_10136	val	assigned
mol_10137	train	sampled
mol_10138	train	sampled
mol_10139	train	assigned
mol_10140	train	assigned
mol_10141	test	assigned
mol_10142	train	assigned
mol_10143	test	assigned
mol_10144	train	assigned
mol_10145	test	assigned
mol_10146	train	sampled
mol_10147	train	assigned
mol_10148	train	assigned
mol_10149	train	assigned
mol_10150	train	assigned
mol_10151	train	sampled
mol_10152	val	assigned
mol_10153	val	sampled
mol_10154	train	assigned
mol_10155	train	assigned
mol_10156	train	assigned
mol_10157	train	sampled
mol_10158	train	assigned
mol_10159	train	assigned
mol_10160	train	assigned
mol_10161	test	assigned
mol_10162	test	assigned
mol_10163	test	sampled
mol_10164	test	assigned
mol_10165	test	assigned
mol_10166	train	assigned
mol_10167	train	assigned
mol_10168	train	assigned
mol_10169	test	assigned
mol_10170	train	assigned
mol_10171	train	sampled
mol_10172	train	assigned
mol_10173	train	sampled
mol_10174	train	assigned
mol_10175	train	sampled
mol_10176	train	assigned
mol_10177	train	assigned
mol_10178	train	sampled
mol_10179	train	assigned
mol_10180	train	assigned
mol_10181	train	assigned
mol_10182	train	assigned
mol_10183	train	sampled
mol_10184	train	assigned
mol_10185	train	assigned
mol_10186	test	assigned
mol_10187	train	assigned
mol_10188	train	assigned
mol_10189	train	assigned
mol_10190	train	assigned
mol_10191	train	assigned
mol_10192	train	sampled
mol_10193	val	assigned
mol_10194	val	assigned
mol_10195	train	assigned
mol_10196	val	assigned
mol_10197	val	assigned
mol_10198	test	assigned
mol_10199	test	assigned
mol_10200	test	sampled
mol_10201	test	assigned
mol_10202	test	sampled
mol_10203	train	assigned
mol_10204	test	assigned
mol_10205	val	assigned
mol_10206	val	assigned
mol_10207	val	assigned
mol_10208	val	assigned
mol_10209	train	assigned
mol_10210	train	sampled
mol_10211	train	assigned
mol_10212	train	assigned
mol_10213	train	assigned
mol_10214	val	sampled
mol_10215	train	assigned
mol_10216	train	assigned
mol_10217	train	sampled
mol_10218	train	assigned
mol_10219	train	assigned
mol_10220	train	assigned
mol_10221	train	sampled
mol_10222	train	assigned
mol_10223	test	assigned
mol_10224	train	assigned
mol_10225	train	assigned
mol_10226	train	sampled
mol_10227	train	assigned
mol_10228	train	assigned
mol_10229	val	sampled
mol_10230	train	assigned
mol_10231	val	assigned
mol_10232	train	assigned
mol_10233	val	assigned
mol_10234	train	assigned
mol_10235	val	assigned
mol_10236	train	assigned
mol_10237	test	sampled
mol_10238	train	assigned
mol_10239	test	assigned
mol_10240	train	sampled
mol_10241	train	sampled
mol_10242	train	assigned
mol_10243	train	sampled
mol_10244	val	assigned
mol_10245	val	sampled
mol_10246	train	assigned
mol_10247	train	assigned
mol_10248	test	assigned
mol_10249	test	assigned
mol_10250	test	assigned
mol_10251	test	assigned
mol_10252	train	assigned
mol_10253	train	assigned
mol_10254	val	assigned
mol_10255	train	assigned
mol_10256	train	assigned
mol_10257	train	assigned
mol_10258	train	assigned
mol_10259	train	assigned
mol_10260	train	assigned
mol_10261	train	assigned
mol_10262	train	assigned
mol_10263	train	sampled
mol_10264	train	sampled
mol_10265	train	assigned
mol_10266	train	assigned
mol_10267	train	assigned
mol_10268	train	assigned
mol_10269	val	assigned
mol_10270	val	assigned
mol_10271	train	assigned
mol_10272	train	assigned
mol_10273	train	assigned
mol_10274	train	assigned
mol_10275	train	assigned
mol_10276	test	sampled
mol_10277	val	sampled
mol_10278	test	assigned
mol_10279	train	sampled
mol_10280	val	assigned
mol_10281	val	assigned
mol_10282	val	assigned
mol_10283	val	assigned
mol_10284	val	sampled
mol_10285	train	assigned
mol_10286	train	assigned
mol_10287	train	sampled
mol_10288	val	assigned
mol_10289	train	sampled
mol_10290	train	assigned
mol_10291	train	assigned
mol_10292	train	assigned
mol_10293	train	assigned
mol_10294	train	assigned
mol_10295	train	assigned
mol_10296	val	assigned
mol_10297	train	assigned
mol_10298	train	assigned
mol_10299	train	sampled
mol_10300	test	assigned
mol_10301	test	assigned
mol_10302	test	assigned
mol_10303	train	assigned
mol_10304	train	assigned
mol_10305	test	assigned
mol_10306	train	assigned
mol_10307	train	assigned
mol_10308	train	sampled
mol_10309	train	assigned
mol_10310	train	assigned
mol_10311	val	sampled
mol_10312	val	sampled
mol_10313	train	assigned
mol_10314	train	assigned
mol_10315	val	assigned
mol_10316	train	assigned
mol_10317	train	assigned
mol_10318	train	assigned
mol_10319	train	assigned
mol_10320	train	sampled
mol_10321	train	assigned
mol_10322	train	assigned
mol_10323	test	sampled
mol_10324	train	sampled
mol_10325	train	assigned
mol_10326	train	assigned
mol_10327	val	assigned
mol_10328	val	assigned
mol_10329	val	sampled
mol_10330	val	assigned
mol_10331	val	sampled
mol_10332	train	assigned
mol_10333	train	sampled
mol_10334	train	assigned
mol_10335	train	assigned
mol_10336	train	assigned
mol_10337	train	assigned
mol_10338	train	assigned
mol_10339	train	sampled
mol_10340	train	assigned
mol_10341	val	assigned
mol_10342	val	assigned
mol_10343	val	assigned
mol_10344	test	assigned
mol_10345	train	assigned
mol_10346	val	assigned
mol_10347	val	sampled
mol_10348	train	assigned
mol_10349	train	assigned
mol_10350	val	assigned
mol_10351	val	sampled
mol_10352	train	assigned
mol_10353	val	sampled
mol_10354	test	sampled
mol_10355	train	assigned
mol_10356	train	assigned
mol_10357	train	assigned
mol_10358	val	assigned
mol_10359	train	sampled
mol_10360	train	assigned
mol_10361	val	assigned
mol_10362	val	assigned
mol_10363	train	assigned
mol_10364	train	assigned
mol_10365	train	sampled
mol_10366	train	assigned
mol_10367	train	assigned
mol_10368	train	assigned
mol_10369	val	sampled
mol_10370	train	sampled
mol_10371	train	assigned
mol_10372	train	assigned
mol_10373	train	assigned
mol_10374	train	assigned
mol_10375	train	assigned
mol_10376	train	assigned
mol_10377	train	assigned
mol_10378	val	sampled
mol_10379	train	assigned
mol_10380	train	assigned
mol_10381	test	sampled
mol_10382	test	assigned
mol_10383	train	assigned
mol_10384	val	assigned
mol_10385	train	assigned
mol_10386	val	assigned
mol_10387	train	assigned
mol_10388	train	sampled
mol_10389	test	sampled
mol_10390	train	assigned
mol_10391	train	assigned
mol_10392	train	assigned
mol_10393	test	sampled
mol_10394	train	assigned
mol_10395	train	assigned
mol_10396	train	assigned
mol_10397	train	sampled
mol_10398	test	sampled
mol_10399	val	assigned
mol_10400	val	assigned
mol_10401	train	assigned
mol_10402	val	assigned
mol_10403	val	assigned
mol_10404	test	assigned
mol_10405	test	sampled
mol_10406	test	sampled
mol_10407	train	assigned
mol_10408	train	assigned
mol_10409	val	assigned
mol_10410	train	sampled
mol_10411	train	assigned
mol_10412	train	assigned
mol_10413	train	sampled
mol_10414	train	assigned
mol_10415	val	assigned
mol_10416	train	assigned
mol_10417	val	assigned
mol_10418	train	assigned
mol_10419	train	assigned
mol_10420	train	assigned
mol_10421	train	sampled
mol_10422	train	assigned
mol_10423	train	sampled
mol_10424	train	sampled
mol_10425	test	assigned
mol_10426	train	assigned
mol_10427	train	sampled
mol_10428	test	sampled
mol_10429	test	assigned
mol_10430	test	sampled
mol_10431	test	assigned
mol_10432	test	assigned
mol_10433	train	assigned
mol_10434	train	assigned
mol_10435	train	assigned
mol_10436	train	sampled
mol_10437	train	assigned
mol_10438	train	assigned
mol_10439	train	assigned
mol_10440	train	assigned
mol_10441	train	assigned
mol_10442	train	assigned
mol_10443	train	assigned
mol_10444	train	sampled
mol_10445	train	sampled
mol_10446	train	assigned
mol_10447	train	assigned
mol_10448	train	sampled
mol_10449	train	assigned
mol_10450	train	assigned
mol_10451	test	assigned
mol_10452	train	sampled
mol_10453	train	sampled
mol_10454	train	sampled
mol_10455	train	assigned
mol_10456	train	assigned
mol_10457	train	assigned
mol_10458	train	assigned
mol_10459	train	assigned
mol_10460	train	assigned
mol_10461	train	assigned
mol_10462	train	assigned
mol_10463	train	sampled
mol_10464	train	assigned
mol_10465	train	assigned
mol_10466	train	assigned
mol_10467	train	assigned
mol_10468	train	assigned
mol_10469	train	assigned
mol_10470	train	assigned
mol_10471	train	assigned
mol_10472	train	assigned
mol_10473	test	assigned
mol_10474	val	assigned
mol_10475	train	assigned
mol_10476	train	sampled
mol_10477	train	sampled
mol_10478	train	assigned
mol_10479	train	assigned
mol_10480	train	sampled
mol_10481	train	assigned
mol_10482	train	assigned
mol_10483	train	assigned
mol_10484	train	sampled
mol_10485	train	assigned
mol_10486	val	assigned
mol_10487	test	assigned
mol_10488	val	assigned
mol_10489	val	assigned
mol_10490	val	sampled
mol_10491	train	sampled
mol_10492	train	assigned
mol_10493	train	assigned
mol_10494	val	assigned
mol_10495	test	assigned
mol_10496	val	sampled
mol_10497	train	sampled
mol_10498	train	assigned
mol_10499	train	sampled
mol_10500	train	sampled
mol_10501	train	assigned
mol_10502	train	assigned
mol_10503	train	assigned
mol_10504	train	sampled
mol_10505	test	assigned
mol_10506	train	assigned
mol_10507	train	assigned
mol_10508	train	assigned
mol_10509	train	assigned
mol_10510	train	assigned
mol_10511	train	assigned
mol_10512	train	sampled
mol_10513	train	assigned
mol_10514	train	assigned
mol_10515	train	assigned
mol_10516	val	assigned
mol_10517	val	assigned
mol_10518	val	assigned
mol_10519	val	assigned
mol_10520	train	sampled
mol_10521	train	assigned
mol_10522	test	assigned
mol_10523	test	assigned
mol_10524	train	assigned
mol_10525	train	assigned
mol_10526	val	assigned
mol_10527	train	sampled
mol_10528	test	assigned
mol_10529	val	assigned
mol_10530	train	sampled
mol_10531	train	assigned
mol_10532	val	assigned
mol_10533	val	sampled
mol_10534	test	assigned
mol_10535	val	assigned
mol_10536	train	sampled
mol_10537	train	assigned
mol_10538	train	sampled
mol_10539	train	sampled
mol_10540	test	assigned
mol_10541	val	assigned
mol_10542	train	sampled
mol_10543	train	assigned
mol_10544	train	sampled
mol_10545	train	sampled
mol_10546	train	assigned
mol_10547	train	assigned
mol_10548	train	assigned
mol_10549	train	assigned
mol_10550	train	assigned
mol_10551	train	assigned
mol_10552	train	sampled
mol_10553	train	assigned
mol_10554	train	assigned
mol_10555	train	assigned
mol_10556	train	assigned
mol_10557	train	assigned
mol_10558	train	assigned
mol_10559	train	assigned
mol_10560	train	sampled
mol_10561	train	assigned
mol_10562	train	sampled
mol_10563	train	assigned
mol_10564	train	assigned
mol_10565	train	sampled
mol_10566	train	assigned
mol_10567	train	assigned
mol_10568	val	assigned
mol_10569	train	assigned
mol_10570	train	assigned
mol_10571	train	assigned
mol_10572	val	assigned
mol_10573	train	assigned
mol_10574	train	assigned
mol_10575	train	sampled
mol_10576	train	assigned
mol_10577	train	assigned
mol_10578	train	assigned
mol_10579	train	assigned
mol_10580	val	sampled
mol_10581	train	assigned
mol_10582	train	assigned
mol_10583	train	assigned
mol_10584	val	assigned
mol_10585	val	assigned
mol_10586	val	sampled
mol_10587	val	assigned
mol_10588	val	assigned
mol_10589	val	assigned
mol_10590	val	assigned
mol_10591	train	sampled
mol_10592	val	sampled
mol_10593	train	sampled
mol_10594	train	assigned
mol_10595	train	sampled
mol_10596	train	assigned
mol_10597	train	assigned
mol_10598	test	sampled
mol_10599	test	assigned
mol_10600	val	sampled
mol_10601	val	assigned
mol_10602	test	assigned
mol_10603	test	assigned
mol_10604	val	assigned
mol_10605	train	assigned
mol_10606	train	assigned
mol_10607	val	assigned
mol_10608	train	assigned
mol_10609	train	sampled
mol_10610	train	assigned
mol_10611	train	assigned
mol_10612	train	sampled
mol_10613	train	assigned
mol_10614	train	assigned
mol_10615	val	assigned
mol_10616	val	assigned
mol_10617	train	assigned
mol_10618	train	assigned
mol_10619	train	assigned
mol_10620	train	assigned
mol_10621	train	assigned
mol_10622	train	sampled
mol_10623	train	assigned
mol_10624	train	assigned
mol_10625	train	assigned
mol_10626	train	assigned
mol_10627	train	assigned
mol_10628	train	sampled
mol_10629	train	assigned
mol_10630	train	sampled
mol_10631	train	assigned
mol_10632	train	sampled
mol_10633	train	assigned
mol_10634	val	assigned
mol_10635	train	assigned
mol_10636	val	assigned
mol_10637	test	assigned
mol_10638	test	assigned
mol_10639	test	assigned
mol_10640	train	assigned
mol_10641	train	assigned
mol_10642	train	assigned
mol_10643	train	assigned
mol_10644	train	sampled
mol_10645	train	assigned
mol_10646	train	sampled
mol_10647	train	assigned
mol_10648	test	sampled
mol_10649	train	assigned
mol_10650	train	sampled
mol_10651	val	assigned
mol_10652	train	assigned
mol_10653	train	assigned
mol_10654	train	assigned
mol_10655	val	assigned
mol_10656	train	sampled
mol_10657	test	assigned
mol_10658	test	assigned
mol_10659	test	assigned
mol_10660	test	assigned
mol_10661	val	assigned
mol_10662	val	assigned
mol_10663	val	assigned
mol_10664	val	assigned
mol_10665	val	sampled
mol_10666	val	assigned
mol_10667	val	assigned
mol_10668	train	assigned
mol_10669	val	sampled
mol_10670	val	sampled
mol_10671	val	sampled
mol_10672	val	assigned
mol_10673	val	assigned
mol_10674	train	assigned
mol_10675	train	assigned
mol_10676	val	sampled
mol_10677	val	assigned
mol_10678	train	assigned
mol_10679	val	assigned
mol_10680	val	assigned
mol_10681	train	assigned
mol_10682	train	assigned
mol_10683	train	assigned
mol_10684	val	assigned
mol_10685	val	assigned
mol_10686	val	assigned
mol_10687	val	assigned
mol_10688	val	assigned
mol_10689	val	sampled
mol_10690	val	assigned
mol_10691	val	assigned
mol_10692	val	assigned
mol_10693	train	assigned
mol_10694	val	assigned
mol_10695	train	assigned
mol_10696	train	assigned
mol_10697	train	assigned
mol_10698	train	assigned
mol_10699	train	assigned
mol_10700	test	sampled
mol_10701	train	assigned
mol_10702	train	assigned
mol_10703	train	assigned
mol_10704	train	assigned
mol_10705	train	assigned
mol_10706	test	assigned
mol_10707	train	assigned
mol_10708	train	assigned
mol_10709	test	sampled
mol_10710	train	assigned
mol_10711	val	assigned
mol_10712	val	assigned
mol_10713	test	assigned
mol_10714	val	assigned
mol_10715	val	assigned
mol_10716	train	assigned
mol_10717	val	assigned
mol_10718	test	sampled
mol_10719	test	assigned
mol_10720	train	assigned
mol_10721	test	assigned
mol_10722	train	assigned
mol_10723	test	assigned
mol_10724	val	assigned
mol_10725	test	assigned
mol_10726	train	assigned
mol_10727	test	assigned
mol_10728	val	assigned
mol_10729	train	assigned
mol_10730	test	assigned
mol_10731	val	assigned
mol_10732	test	sampled
mol_10733	val	assigned
mol_10734	train	sampled
mol_10735	val	sampled
mol_10736	train	assigned
mol_10737	test	assigned
mol_10738	val	assigned
mol_10739	val	assigned
mol_10740	val	assigned
mol_10741	val	sampled
mol_10742	test	sampled
mol_10743	train	assigned
mol_10744	train	assigned
mol_10745	val	assigned
mol_10746	val	sampled
mol_10747	train	sampled
mol_10748	val	assigned
mol_10749	train	assigned
mol_10750	train	assigned
mol_10751	train	assigned
mol_10752	train	sampled
mol_10753	train	assigned
mol_10754	test	assigned
mol_10755	train	sampled
mol_10756	val	assigned
mol_10757	val	assigned
mol_10758	train	assigned
mol_10759	train	assigned
mol_10760	train	assigned
mol_10761	val	assigned
mol_10762	val	assigned
mol_10763	val	assigned
mol_10764	val	assigned
mol_10765	val	sampled
mol_10766	val	assigned
mol_10767	val	assigned
mol_10768	train	assigned
mol_10769	val	assigned
mol_10770	train	assigned
mol_10771	val	assigned
mol_10772	train	assigned
mol_10773	val	assigned
mol_10774	test	assigned
mol_10775	train	assigned
mol_10776	train	assigned
mol_10777	train	assigned
mol_10778	train	assigned
mol_10779	train	assigned
mol_10780	val	assigned
mol_10781	val	sampled
mol_10782	val	assigned
mol_10783	train	assigned
mol_10784	val	assigned
mol_10785	train	assigned
mol_10786	train	assigned
mol_10787	train	assigned
mol_10788	test	assigned
mol_10789	val	assigned
mol_10790	train	assigned
mol_10791	train	sampled
mol_10792	train	assigned
mol_10793	val	assigned
mol_10794	train	assigned
mol_10795	val	assigned
mol_10796	train	assigned
mol_10797	train	sampled
mol_10798	train	sampled
mol_10799	train	assigned
mol_10800	train	assigned
mol_10801	train	sampled
mol_10802	train	sampled
mol_10803	train	sampled
mol_10804	train	assigned
mol_10805	train	assigned
mol_10806	train	assigned
mol_10807	val	assigned
mol_10808	train	assigned
mol_10809	train	assigned
mol_10810	train	assigned
mol_10811	train	assigned
mol_10812	train	assigned
mol_10813	train	assigned
mol_10814	train	assigned
mol_10815	train	assigned
mol_10816	test	assigned
mol_10817	train	assigned
mol_10818	train	assigned
mol_10819	train	assigned
mol_10820	train	sampled
mol_10821	train	sampled
mol_10822	train	assigned
mol_10823	train	assigned
mol_10824	test	assigned
mol_10825	test	assigned
mol_10826	train	assigned
mol_10827	train	sampled
mol_10828	val	assigned
mol_10829	train	sampled
mol_10830	train	assigned
mol_10831	test	assigned
mol_10832	test	assigned
mol_10833	val	assigned
mol_10834	val	assigned
mol_10835	test	sampled
mol_10836	train	assigned
mol_10837	train	assigned
mol_10838	test	sampled
mol_10839	train	assigned
mol_10840	train	sampled
mol_10841	train	assigned
mol_10842	train	assigned
mol_10843	train	sampled
mol_10844	train	assigned
mol_10845	train	assigned
mol_10846	train	assigned
mol_10847	train	assigned
mol_10848	train	assigned
mol_10849	train	sampled
mol_10850	train	sampled
mol_10851	train	assigned
mol_10852	train	sampled
mol_10853	train	sampled
mol_10854	train	sampled
mol_10855	test	sampled
mol_10856	train	assigned
mol_10857	test	assigned
mol_10858	train	assigned
mol_10859	train	sampled
mol_10860	train	assigned
mol_10861	train	assigned
mol_10862	train	assigned
mol_10863	train	sampled
mol_10864	train	assigned
mol_10865	train	assigned
mol_10866	val	assigned
mol_10867	train	assigned
mol_10868	train	assigned
mol_10869	train	sampled
mol_10870	val	assigned
mol_10871	train	assigned
mol_10872	test	assigned
mol_10873	test	sampled
mol_10874	train	sampled
mol_10875	train	assigned
mol_10876	train	sampled
mol_10877	train	sampled
mol_10878	train	assigned
mol_10879	train	assigned
mol_10880	train	sampled
mol_10881	train	assigned
mol_10882	train	sampled
mol_10883	train	assigned
mol_10884	test	assigned
mol_10885	val	assigned
mol_10886	train	assigned
mol_10887	train	assigned
mol_10888	train	sampled
mol_10889	train	assigned
mol_10890	train	sampled
mol_10891	train	assigned
mol_10892	val	assigned
mol_10893	val	assigned
mol_10894	train	assigned
mol_10895	train	assigned
mol_10896	train	assigned
mol_10897	train	assigned
mol_10898	train	assigned
mol_10899	train	assigned
mol_10900	train	assigned
mol_10901	train	sampled
mol_10902	train	assigned
mol_10903	train	assigned
mol_10904	train	sampled
mol_10905	train	assigned
mol_10906	val	assigned
mol_10907	val	assigned
mol_10908	train	assigned
mol_10909	train	assigned
mol_10910	train	assigned
mol_10911	train	assigned
mol_10912	train	assigned
mol_10913	train	assigned
mol_10914	train	assigned
mol_10915	train	sampled
mol_10916	train	assigned
mol_10917	test	assigned
mol_10918	test	assigned
mol_10919	test	sampled
mol_10920	test	assigned
mol_10921	test	sampled
mol_10922	test	assigned
mol_10923	test	assigned
mol_10924	train	assigned
mol_10925	train	assigned
mol_10926	test	sampled
mol_10927	train	assigned
mol_10928	train	assigned
mol_10929	train	assigned
mol_10930	train	assigned
mol_10931	train	assigned
mol_10932	train	assigned
mol_10933	train	assigned
mol_10934	train	assigned
mol_10935	train	assigned
mol_10936	val	sampled
mol_10937	test	assigned
mol_10938	val	assigned
mol_10939	train	assigned
mol_10940	train	assigned
mol_10941	train	sampled
mol_10942	val	assigned
mol_10943	val	sampled
mol_10944	val	assigned
mol_10945	train	assigned
mol_10946	train	assigned
mol_10947	train	assigned
mol_10948	train	assigned
mol_10949	train	sampled
mol_10950	train	assigned
mol_10951	train	sampled
mol_10952	train	assigned
mol_10953	train	assigned
mol_10954	train	assigned
mol_10955	train	sampled
mol_10956	train	assigned
mol_10957	train	assigned
mol_10958	train	assigned
mol_10959	train	sampled
mol_10960	val	assigned
mol_10961	train	assigned
mol_10962	train	sampled
mol_10963	train	sampled
mol_10964	val	assigned
mol_10965	val	assigned
mol_10966	val	assigned
mol_10967	val	assigned
mol_10968	train	sampled
mol_10969	test	sampled
mol_10970	train	assigned
mol_10971	train	assigned
mol_10972	test	assigned
mol_10973	train	assigned
mol_10974	train	assigned
mol_10975	train	assigned
mol_10976	test	assigned
mol_10977	train	assigned
mol_10978	train	assigned
mol_10979	train	assigned
mol_10980	train	assigned
mol_10981	train	assigned
mol_10982	val	assigned
mol_10983	train	assigned
mol_10984	train	sampled
mol_10985	train	assigned
mol_10986	train	sampled
mol_10987	train	assigned
mol_10988	train	assigned
mol_10989	train	assigned
mol_10990	train	assigned
mol_10991	test	assigned
mol_10992	test	sampled
mol_10993	test	assigned
mol_10994	test	sampled
mol_10995	val	assigned
mol_10996	val	sampled
mol_10997	test	assigned
mol_10998	test	assigned
mol_10999	test	sampled
mol_11000	val	assigned
mol_11001	val	assigned
mol_11002	val	assigned
mol_11003	train	assigned
mol_11004	train	assigned
mol_11005	train	assigned
mol_11006	train	assigned
mol_11007	train	assigned
mol_11008	train	assigned
mol_11009	train	assigned
mol_11010	train	sampled
mol_11011	train	sampled
mol_11012	train	assigned
mol_11013	train	assigned
mol_11014	val	sampled
mol_11015	val	sampled
mol_11016	train	assigned
mol_11017	train	assigned
mol_11018	train	assigned
mol_11019	train	assigned
mol_11020	train	sampled
mol_11021	train	assigned
mol_11022	train	assigned
mol_11023	train	assigned
mol_11024	train	sampled
mol_11025	train	assigned
mol_11026	train	assigned
mol_11027	train	assigned
mol_11028	train	sampled
mol_11029	train	sampled
mol_11030	train	assigned
mol_11031	train	sampled
mol_11032	train	assigned
mol_11033	train	assigned
mol_11034	train	sampled
mol_11035	train	assigned
mol_11036	train	assigned
mol_11037	train	assigned
mol_11038	val	assigned
mol_11039	train	assigned
mol_11040	train	assigned
mol_11041	train	assigned
mol_11042	train	assigned
mol_11043	train	assigned
mol_11044	train	assigned
mol_11045	train	assigned
mol_11046	train	assigned
mol_11047	train	assigned
mol_11048	train	sampled
mol_11049	train	assigned
mol_11050	train	assigned
mol_11051	train	assigned
mol_11052	train	assigned
mol_11053	train	assigned
mol_11054	train	assigned
mol_11055	test	assigned
mol_11056	train	sampled
mol_11057	train	assigned
mol_11058	train	assigned
mol_11059	train	assigned
mol_11060	train	sampled
mol_11061	train	assigned
mol_11062	train	assigned
mol_11063	val	assigned
mol_11064	train	assigned
mol_11065	train	assigned
mol_11066	train	assigned
mol_11067	train	assigned
mol_11068	train	assigned
mol_11069	train	sampled
mol_11070	train	sampled
mol_11071	train	assigned
mol_11072	train	sampled
mol_11073	train	assigned
mol_11074	train	assigned
mol_11075	train	assigned
mol_11076	train	assigned
mol_11077	train	sampled
mol_11078	train	assigned
mol_11079	train	assigned
mol_11080	train	assigned
mol_11081	train	sampled
mol_11082	test	sampled
mol_11083	test	assigned
mol_11084	train	assigned
mol_11085	test	assigned
mol_11086	train	sampled
mol_11087	test	assigned
mol_11088	test	assigned
mol_11089	train	assigned
mol_11090	train	assigned
mol_11091	train	assigned
mol_11092	train	assigned
mol_11093	train	assigned
mol_11094	train	assigned
mol_11095	train	assigned
mol_11096	train	sampled
mol_11097	train	sampled
mol_11098	train	sampled
mol_11099	train	assigned
mol_11100	train	assigned
mol_11101	train	assigned
mol_11102	train	assigned
mol_11103	train	assigned
mol_11104	train	sampled
mol_11105	val	sampled
mol_11106	val	assigned
mol_11107	train	sampled
mol_11108	train	assigned
mol_11109	train	assigned
mol_11110	val	assigned
mol_11111	train	assigned
mol_11112	val	assigned
mol_11113	train	assigned
mol_11114	train	assigned
mol_11115	train	assigned
mol_11116	val	assigned
mol_11117	train	assigned
mol_11118	train	sampled
mol_11119	train	sampled
mol_11120	train	assigned
mol_11121	train	sampled
mol_11122	train	assigned
mol_11123	train	assigned
mol_11124	train	sampled
mol_11125	train	assigned
mol_11126	test	sampled
mol_11127	val	sampled
mol_11128	val	sampled
mol_11129	val	sampled
mol_11130	val	assigned
mol_11131	train	sampled
mol_11132	train	assigned
mol_11133	val	assigned
mol_11134	train	assigned
mol_11135	test	assigned
mol_11136	train	assigned
mol_11137	val	assigned
mol_11138	val	assigned
mol_11139	train	assigned
mol_11140	val	assigned
mol_11141	train	assigned
mol_11142	val	assigned
mol_11143	train	assigned
mol_11144	val	assigned
mol_11145	train	assigned
mol_11146	val	sampled
mol_11147	val	assigned
mol_11148	val	assigned
mol_11149	val	assigned
mol_11150	val	assigned
mol_11151	val	assigned
mol_11152	val	assigned
mol_11153	val	sampled
mol_11154	test	assigned
mol_11155	train	assigned
mol_11156	train	assigned
mol_11157	train	assigned
mol_11158	train	assigned
mol_11159	val	assigned
mol_11160	val	assigned
mol_11161	val	assigned
mol_11162	val	assigned
mol_11163	val	sampled
mol_11164	val	assigned
mol_11165	train	sampled
mol_11166	train	assigned
mol_11167	train	assigned
mol_11168	train	assigned
mol_11169	train	assigned
mol_11170	train	assigned
mol_11171	train	assigned
mol_11172	train	assigned
mol_11173	train	assigned
mol_11174	train	assigned
mol_11175	train	assigned
mol_11176	train	assigned
mol_11177	train	assigned
mol_11178	train	sampled
mol_11179	val	assigned
mol_11180	val	sampled
mol_11181	val	assigned
mol_11182	val	assigned
mol_11183	train	assigned
mol_11184	train	assigned
mol_11185	val	assigned
mol_11186	test	assigned
mol_11187	train	sampled
mol_11188	train	assigned
mol_11189	train	sampled
mol_11190	train	assigned
mol_11191	train	sampled
mol_11192	train	sampled
mol_11193	train	assigned
mol_11194	train	assigned
mol_11195	train	sampled
mol_11196	train	assigned
mol_11197	train	assigned
mol_11198	val	sampled
mol_11199	train	assigned
mol_11200	train	assigned
mol_11201	test	assigned
mol_11202	val	assigned
mol_11203	train	assigned
mol_11204	train	assigned
mol_11205	train	assigned
mol_11206	train	sampled
mol_11207	train	assigned
mol_11208	train	sampled
mol_11209	train	assigned
mol_11210	train	assigned
mol_11211	train	assigned
mol_11212	train	sampled
mol_11213	train	assigned
mol_11214	val	assigned
mol_11215	val	sampled
mol_11216	train	assigned
mol_11217	train	assigned
mol_11218	train	assigned
mol_11219	train	assigned
mol_11220	train	sampled
mol_11221	train	assigned
mol_11222	train	assigned
mol_11223	train	assigned
mol_11224	train	sampled
mol_11225	train	sampled
mol_11226	train	assigned
mol_11227	train	assigned
mol_11228	train	assigned
mol_11229	train	assigned
mol_11230	train	assigned
mol_11231	train	assigned
mol_11232	train	assigned
mol_11233	train	assigned
mol_11234	val	sampled
mol_11235	train	assigned
mol_11236	train	assigned
mol_11237	train	assigned
mol_11238	train	sampled
mol_11239	train	sampled
mol_11240	train	assigned
mol_11241	train	assigned
mol_11242	train	sampled
mol_11243	train	sampled
mol_11244	val	assigned
mol_11245	train	sampled
mol_11246	train	assigned
mol_11247	train	sampled
mol_11248	train	assigned
mol_11249	train	assigned
mol_11250	train	assigned
mol_11251	train	assigned
mol_11252	train	assigned
mol_11253	train	assigned
mol_11254	train	assigned
mol_11255	train	assigned
mol_11256	val	sampled
mol_11257	train	sampled
mol_11258	val	assigned
mol_11259	train	sampled
mol_11260	train	assigned
mol_11261	val	assigned
mol_11262	train	sampled
mol_11263	train	assigned
mol_11264	val	sampled
mol_11265	train	sampled
mol_11266	train	assigned
mol_11267	train	assigned
mol_11268	train	assigned
mol_11269	train	assigned
mol_11270	train	assigned
mol_11271	train	assigned
mol_11272	train	assigned
mol_11273	train	assigned
mol_11274	train	assigned
mol_11275	train	sampled
mol_11276	test	assigned
mol_11277	train	assigned
mol_11278	train	assigned
mol_11279	train	assigned
mol_11280	train	assigned
mol_11281	train	sampled
mol_11282	train	assigned
mol_11283	train	assigned
mol_11284	val	assigned
mol_11285	train	assigned
mol_11286	train	assigned
mol_11287	train	assigned
mol_11288	train	sampled
mol_11289	train	assigned
mol_11290	train	assigned
mol_11291	train	assigned
mol_11292	train	assigned
mol_11293	val	assigned
mol_11294	val	assigned
mol_11295	train	assigned
mol_11296	train	sampled
mol_11297	train	assigned
mol_11298	train	assigned
mol_11299	train	assigned
mol_11300	train	assigned
mol_11301	train	assigned
mol_11302	train	assigned
mol_11303	test	assigned
mol_11304	val	assigned
mol_11305	val	assigned
mol_11306	val	sampled
mol_11307	val	assigned
mol_11308	train	assigned
mol_11309	train	sampled
mol_11310	train	assigned
mol_11311	train	assigned
mol_11312	train	assigned
mol_11313	train	sampled
mol_11314	train	assigned
mol_11315	train	assigned
mol_11316	train	assigned
mol_11317	train	assigned
mol_11318	train	assigned
mol_11319	train	assigned
mol_11320	train	assigned
mol_11321	train	sampled
mol_11322	val	assigned
mol_11323	val	assigned
mol_11324	val	assigned
mol_11325	val	assigned
mol_11326	val	assigned
mol_11327	train	sampled
mol_11328	train	assigned
mol_11329	val	assigned
mol_11330	test	assigned
mol_11331	test	sampled
mol_11332	test	assigned
mol_11333	val	assigned
mol_11334	train	assigned
mol_11335	test	sampled
mol_11336	train	assigned
mol_11337	val	assigned
mol_11338	train	assigned
mol_11339	test	sampled
mol_11340	train	assigned
mol_11341	train	assigned
mol_11342	train	sampled
mol_11343	train	assigned
mol_11344	train	assigned
mol_11345	test	assigned
mol_11346	train	assigned
mol_11347	train	sampled
mol_11348	train	sampled
mol_11349	train	assigned
mol_11350	train	assigned
mol_11351	train	assigned
mol_11352	train	assigned
mol_11353	val	assigned
mol_11354	val	assigned
mol_11355	val	sampled
mol_11356	train	assigned
mol_11357	train	assigned
mol_11358	train	assigned
mol_11359	test	sampled
mol_11360	test	assigned
mol_11361	test	assigned
mol_11362	train	assigned
mol_11363	val	assigned
mol_11364	val	assigned
mol_11365	train	assigned
mol_11366	val	assigned
mol_11367	val	sampled
mol_11368	val	sampled
mol_11369	val	assigned
mol_11370	test	assigned
mol_11371	train	assigned
mol_11372	train	assigned
mol_11373	val	sampled
mol_11374	val	assigned
mol_11375	val	assigned
mol_11376	val	sampled
mol_11377	train	assigned
mol_11378	val	assigned
mol_11379	train	assigned
mol_11380	train	assigned
mol_11381	train	assigned
mol_11382	train	assigned
mol_11383	train	assigned
mol_11384	train	assigned
mol_11385	train	assigned
mol_11386	train	assigned
mol_11387	train	assigned
mol_11388	train	assigned
mol_11389	train	assigned
mol_11390	val	assigned
mol_11391	train	assigned
mol_11392	train	assigned
mol_11393	train	assigned
mol_11394	train	assigned
mol_11395	train	assigned
mol_11396	train	assigned
mol_11397	train	assigned
mol_11398	train	sampled
mol_11399	train	assigned
mol_11400	train	assigned
mol_11401	train	sampled
mol_11402	train	assigned
mol_11403	train	assigned
mol_11404	train	assigned
mol_11405	train	sampled
mol_11406	train	assigned
mol_11407	train	assigned
mol_11408	train	assigned
mol_11409	train	assigned
mol_11410	train	assigned
mol_11411	train	assigned
mol_11412	train	assigned
mol_11413	train	assigned
mol_11414	train	assigned
mol_11415	train	assigned
mol_11416	train	assigned
mol_11417	train	assigned
mol_11418	train	assigned
mol_11419	train	assigned
mol_11420	train	assigned
mol_11421	train	assigned
mol_11422	train	assigned
mol_11423	train	assigned
mol_11424	train	assigned
mol_11425	train	assigned
mol_11426	train	sampled
mol_11427	train	sampled
mol_11428	train	assigned
mol_11429	train	assigned
mol_11430	train	sampled
mol_11431	train	assigned
mol_11432	train	assigned
mol_11433	train	sampled
mol_11434	train	assigned
mol_11435	test	assigned
mol_11436	test	sampled
mol_11437	test	assigned
mol_11438	test	sampled
mol_11439	test	assigned
mol_11440	test	assigned
mol_11441	train	assigned
mol_11442	train	assigned
mol_11443	train	assigned
mol_11444	train	sampled
mol_11445	train	assigned
mol_11446	train	assigned
mol_11447	train	assigned
mol_11448	train	sampled
mol_11449	train	sampled
mol_11450	train	sampled
mol_11451	train	sampled
mol_11452	train	assigned
mol_11453	train	assigned
mol_11454	train	assigned
mol_11455	val	assigned
mol_11456	train	assigned
mol_11457	train	assigned
mol_11458	train	assigned
mol_11459	train	assigned
mol_11460	train	assigned
mol_11461	train	sampled
mol_11462	train	assigned
mol_11463	train	assigned
mol_11464	train	assigned
mol_11465	train	assigned
mol_11466	train	sampled
mol_11467	val	assigned
mol_11468	train	assigned
mol_11469	train	assigned
mol_11470	val	sampled
mol_11471	train	assigned
mol_11472	train	assigned
mol_11473	train	assigned
mol_11474	train	sampled
mol_11475	train	sampled
mol_11476	train	assigned
mol_11477	train	sampled
mol_11478	train	assigned
mol_11479	train	assigned
mol_11480	train	assigned
mol_11481	train	assigned
mol_11482	train	assigned
mol_11483	train	assigned
mol_11484	train	sampled
mol_11485	train	assigned
mol_11486	train	assigned
mol_11487	train	sampled
mol_11488	train	sampled
mol_11489	train	sampled
mol_11490	train	assigned
mol_11491	train	assigned
mol_11492	train	assigned
mol_11493	val	assigned
mol_11494	train	assigned
mol_11495	val	assigned
mol_11496	train	assigned
mol_11497	train	sampled
mol_11498	train	assigned
mol_11499	train	sampled
mol_11500	train	sampled
mol_11501	train	assigned
mol_11502	train	assigned
mol_11503	train	assigned
mol_11504	train	sampled
mol_11505	val	assigned
mol_11506	train	assigned
mol_11507	val	assigned
mol_11508	train	assigned
mol_11509	train	assigned
mol_11510	val	assigned
mol_11511	val	sampled
mol_11512	train	assigned
mol_11513	train	assigned
mol_11514	val	assigned
mol_11515	train	assigned
mol_11516	train	assigned
mol_11517	val	assigned
mol_11518	train	assigned
mol_11519	train	assigned
mol_11520	train	assigned
mol_11521	train	assigned
mol_11522	test	assigned
mol_11523	val	assigned
mol_11524	train	assigned
mol_11525	train	assigned
mol_11526	val	assigned
mol_11527	train	sampled
mol_11528	train	assigned
mol_11529	val	assigned
mol_11530	train	assigned
mol_11531	train	assigned
mol_11532	train	sampled
mol_11533	train	assigned
mol_11534	test	assigned
mol_11535	train	assigned
mol_11536	val	assigned
mol_11537	val	assigned
mol_11538	train	assigned
mol_11539	train	assigned
mol_11540	train	assigned
mol_11541	val	sampled
mol_11542	train	assigned
mol_11543	train	sampled
mol_11544	train	assigned
mol_11545	train	assigned
mol_11546	train	assigned
mol_11547	test	sampled
mol_11548	test	assigned
mol_11549	train	assigned
mol_11550	train	sampled
mol_11551	train	sampled
mol_11552	train	assigned
mol_11553	val	assigned
mol_11554	train	assigned
mol_11555	train	assigned
mol_11556	train	assigned
mol_11557	train	assigned
mol_11558	test	sampled
mol_11559	val	assigned
mol_11560	val	assigned
mol_11561	train	assigned
mol_11562	train	sampled
mol_11563	val	assigned
mol_11564	val	assigned
mol_11565	train	assigned
mol_11566	train	assigned
mol_11567	train	sampled
mol_11568	train	sampled
mol_11569	val	assigned
mol_11570	val	sampled
mol_11571	train	assigned
mol_11572	val	assigned
mol_11573	val	assigned
mol_11574	train	sampled
mol_11575	train	assigned
mol_11576	train	assigned
mol_11577	train	assigned
mol_11578	train	sampled
mol_11579	train	assigned
mol_11580	train	assigned
mol_11581	train	assigned
mol_11582	train	assigned
mol_11583	train	sampled
mol_11584	train	assigned
mol_11585	train	assigned
mol_11586	train	assigned
mol_11587	train	assigned
mol_11588	train	assigned
mol_11589	train	assigned
mol_11590	train	assigned
mol_11591	val	sampled
mol_11592	train	sampled
mol_11593	val	assigned
mol_11594	val	sampled
mol_11595	val	assigned
mol_11596	train	assigned
mol_11597	train	sampled
mol_11598	val	assigned
mol_11599	val	assigned
mol_11600	val	assigned
mol_11601	val	assigned
mol_11602	val	assigned
mol_11603	val	assigned
mol_11604	train	assigned
mol_11605	val	sampled
mol_11606	train	assigned
mol_11607	train	sampled
mol_11608	train	assigned
mol_11609	test	assigned
mol_11610	test	assigned
mol_11611	test	assigned
mol_11612	val	assigned
mol_11613	test	assigned
mol_11614	train	assigned
mol_11615	train	assigned
mol_11616	train	assigned
mol_11617	train	assigned
mol_11618	train	assigned
mol_11619	train	assigned
mol_11620	train	assigned
mol_11621	train	assigned
mol_11622	train	assigned
mol_11623	val	assigned
mol_11624	train	assigned
mol_11625	train	sampled
mol_11626	val	sampled
mol_11627	train	sampled
mol_11628	train	assigned
mol_11629	val	assigned
mol_11630	train	assigned
mol_11631	train	assigned
mol_11632	train	assigned
mol_11633	train	assigned
mol_11634	train	sampled
mol_11635	train	assigned
mol_11636	train	sampled
mol_11637	train	assigned
mol_11638	train	assigned
mol_11639	train	assigned
mol_11640	train	assigned
mol_11641	test	sampled
mol_11642	train	sampled
mol_11643	train	assigned
mol_11644	train	sampled
mol_11645	train	sampled
mol_11646	train	assigned
mol_11647	train	assigned
mol_11648	train	assigned
mol_11649	train	assigned
mol_11650	train	assigned
mol_11651	val	assigned
mol_11652	train	assigned
mol_11653	test	assigned
mol_11654	test	assigned
mol_11655	val	assigned
mol_11656	train	assigned
mol_11657	train	assigned
mol_11658	train	assigned
mol_11659	val	assigned
mol_11660	val	assigned
mol_11661	test	sampled
mol_11662	test	assigned
mol_11663	train	assigned
mol_11664	val	assigned
mol_11665	test	sampled
mol_11666	test	assigned
mol_11667	test	sampled
mol_11668	train	assigned
mol_11669	train	assigned
mol_11670	val	sampled
mol_11671	val	sampled
mol_11672	test	assigned
mol_11673	test	assigned
mol_11674	val	sampled
mol_11675	test	assigned
mol_11676	test	assigned
mol_11677	val	sampled
mol_11678	val	assigned
mol_11679	val	assigned
mol_11680	test	assigned
mol_11681	train	assigned
mol_11682	test	assigned
mol_11683	val	assigned
mol_11684	val	sampled
mol_11685	val	assigned
mol_11686	train	assigned
mol_11687	val	assigned
mol_11688	train	assigned
mol_11689	val	assigned
mol_11690	val	assigned
mol_11691	test	assigned
mol_11692	val	assigned
mol_11693	val	assigned
mol_11694	train	assigned
mol_11695	train	assigned
mol_11696	val	assigned
mol_11697	test	assigned
mol_11698	val	assigned
mol_11699	train	sampled
mol_11700	train	assigned
mol_11701	test	assigned
mol_11702	val	assigned
mol_11703	test	assigned
mol_11704	train	assigned
mol_11705	train	assigned
mol_11706	test	assigned
mol_11707	train	assigned
mol_11708	test	assigned
mol_11709	test	assigned
mol_11710	test	sampled
mol_11711	train	sampled
mol_11712	train	assigned
mol_11713	train	sampled
mol_11714	train	assigned
mol_11715	train	sampled
mol_11716	train	assigned
mol_11717	train	assigned
mol_11718	train	assigned
mol_11719	train	assigned
mol_11720	train	assigned
mol_11721	train	assigned
mol_11722	train	assigned
mol_11723	train	assigned
mol_11724	train	assigned
mol_11725	train	assigned
mol_11726	train	assigned
mol_11727	train	assigned
mol_11728	train	assigned
mol_11729	train	assigned
mol_11730	train	assigned
mol_11731	train	assigned
mol_11732	train	sampled
mol_11733	train	assigned
mol_11734	train	sampled
mol_11735	train	assigned
mol_11736	train	assigned
mol_11737	train	assigned
mol_11738	train	assigned
mol_11739	train	assigned
mol_11740	train	assigned
mol_11741	train	assigned
mol_11742	train	assigned
mol_11743	train	assigned
mol_11744	train	assigned
mol_11745	train	assigned
mol_11746	train	assigned
mol_11747	train	assigned
mol_11748	train	assigned
mol_11749	train	sampled
mol_11750	train	assigned
mol_11751	train	sampled
mol_11752	train	assigned
mol_11753	train	assigned
mol_11754	train	assigned
mol_11755	train	assigned
mol_11756	train	sampled
mol_11757	train	sampled
mol_11758	val	assigned
mol_11759	val	assigned
mol_11760	train	assigned
mol_11761	train	assigned
mol_11762	train	sampled
mol_11763	val	assigned
mol_11764	train	sampled
mol_11765	train	assigned
mol_11766	train	assigned
mol_11767	val	assigned
mol_11768	train	sampled
mol_11769	train	assigned
mol_11770	train	sampled
mol_11771	train	assigned
mol_11772	train	assigned
mol_11773	train	assigned
mol_11774	train	assigned
mol_11775	train	sampled
mol_11776	train	assigned
mol_11777	train	assigned
mol_11778	train	sampled
mol_11779	val	assigned
mol_11780	train	assigned
mol_11781	train	assigned
mol_11782	train	assigned
mol_11783	train	assigned
mol_11784	train	assigned
mol_11785	train	assigned
mol_11786	val	assigned
mol_11787	val	assigned
mol_11788	train	sampled
mol_11789	train	assigned
mol_11790	train	sampled
mol_11791	train	sampled
mol_11792	val	assigned
mol_11793	train	assigned
mol_11794	test	assigned
mol_11795	test	assigned
mol_11796	test	assigned
mol_11797	test	sampled
mol_11798	test	sampled
mol_11799	val	assigned
mol_11800	train	assigned
mol_11801	train	assigned
mol_11802	train	assigned
mol_11803	train	assigned
mol_11804	val	assigned
mol_11805	val	assigned
mol_11806	train	sampled
mol_11807	val	sampled
mol_11808	val	assigned
mol_11809	train	assigned
mol_11810	test	sampled
mol_11811	train	assigned
mol_11812	val	sampled
mol_11813	val	sampled
mol_11814	val	assigned
mol_11815	train	assigned
mol_11816	val	sampled
mol_11817	train	assigned
mol_11818	train	assigned
mol_11819	train	assigned
mol_11820	train	assigned
mol_11821	train	sampled
mol_11822	val	assigned
mol_11823	train	sampled
mol_11824	train	assigned
mol_11825	train	assigned
mol_11826	train	assigned
mol_11827	train	assigned
mol_11828	train	assigned
mol_11829	train	assigned
mol_11830	train	assigned
mol_11831	train	assigned
mol_11832	train	sampled
mol_11833	train	assigned
mol_11834	train	sampled
mol_11835	test	assigned
mol_11836	test	sampled
mol_11837	train	assigned
mol_11838	train	assigned
mol_11839	train	sampled
mol_11840	train	assigned
mol_11841	train	sampled
mol_11842	train	assigned
mol_11843	train	sampled
mol_11844	train	assigned
mol_11845	train	assigned
mol_11846	test	assigned
mol_11847	train	assigned
mol_11848	train	assigned
mol_11849	train	sampled
mol_11850	train	assigned
mol_11851	train	assigned
mol_11852	test	sampled
mol_11853	test	assigned
mol_11854	train	sampled
mol_11855	test	assigned
mol_11856	test	sampled
mol_11857	train	assigned
mol_11858	val	sampled
mol_11859	val	assigned
mol_11860	val	assigned
mol_11861	val	assigned
mol_11862	train	assigned
mol_11863	val	sampled
mol_11864	val	assigned
mol_11865	val	sampled
mol_11866	train	assigned
mol_11867	val	assigned
mol_11868	test	assigned
mol_11869	test	assigned
mol_11870	train	assigned
mol_11871	test	assigned
mol_11872	test	sampled
mol_11873	train	sampled
mol_11874	train	assigned
mol_11875	train	sampled
mol_11876	test	assigned
mol_11877	test	assigned
mol_11878	train	sampled
mol_11879	test	sampled
mol_11880	test	assigned
mol_11881	train	assigned
mol_11882	train	assigned
mol_11883	val	assigned
mol_11884	val	assigned
mol_11885	test	assigned
mol_11886	val	assigned
mol_11887	train	assigned
mol_11888	train	assigned
mol_11889	train	assigned
mol_11890	train	assigned
mol_11891	train	assigned
mol_11892	train	assigned
mol_11893	train	sampled
mol_11894	train	assigned
mol_11895	train	sampled
mol_11896	train	assigned
mol_11897	train	sampled
mol_11898	train	sampled
mol_11899	train	sampled
mol_11900	train	sampled
mol_11901	train	assigned
mol_11902	val	sampled
mol_11903	train	assigned
mol_11904	train	sampled
mol_11905	train	sampled
mol_11906	train	assigned
mol_11907	train	assigned
mol_11908	train	assigned
mol_11909	train	assigned
mol_11910	train	sampled
mol_11911	train	assigned
mol_11912	train	sampled
mol_11913	train	assigned
mol_11914	train	assigned
mol_11915	train	sampled
mol_11916	train	assigned
mol_11917	train	sampled
mol_11918	val	assigned
mol_11919	train	assigned
mol_11920	train	assigned
mol_11921	train	sampled
mol_11922	train	assigned
mol_11923	train	assigned
mol_11924	train	assigned
mol_11925	train	sampled
mol_11926	train	assigned
mol_11927	train	assigned
mol_11928	train	assigned
mol_11929	train	assigned
mol_11930	val	assigned
mol_11931	test	assigned
mol_11932	val	assigned
mol_11933	val	sampled
mol_11934	val	assigned
mol_11935	train	sampled
mol_11936	train	assigned
mol_11937	val	assigned
mol_11938	train	assigned
mol_11939	train	assigned
mol_11940	train	assigned
mol_11941	val	sampled
mol_11942	val	sampled
mol_11943	train	assigned
mol_11944	val	assigned
mol_11945	val	assigned
mol_11946	val	assigned
mol_11947	train	sampled
mol_11948	val	assigned
mol_11949	train	assigned
mol_11950	val	assigned
mol_11951	test	assigned
mol_11952	val	assigned
mol_11953	val	assigned
mol_11954	train	assigned
mol_11955	train	assigned
mol_11956	test	assigned
mol_11957	train	assigned
mol_11958	val	sampled
mol_11959	val	assigned
mol_11960	val	assigned
mol_11961	val	assigned
mol_11962	val	assigned
mol_11963	train	sampled
mol_11964	train	assigned
mol_11965	train	sampled
mol_11966	train	assigned
mol_11967	train	assigned
mol_11968	train	sampled
mol_11969	train	assigned
mol_11970	train	assigned
mol_11971	train	assigned
mol_11972	train	assigned
mol_11973	train	assigned
mol_11974	train	assigned
mol_11975	train	assigned
mol_11976	train	sampled
mol_11977	train	assigned
mol_11978	train	assigned
mol_11979	train	assigned
mol_11980	train	assigned
mol_11981	train	assigned
mol_11982	train	assigned
mol_11983	train	assigned
mol_11984	train	assigned
mol_11985	train	assigned
mol_11986	train	assigned
mol_11987	train	assigned
mol_11988	train	sampled
mol_11989	train	assigned
mol_11990	train	sampled
mol_11991	train	assigned
mol_11992	train	assigned
mol_11993	train	assigned
mol_11994	val	assigned
mol_11995	train	assigned
mol_11996	test	assigned
mol_11997	test	sampled
mol_11998	train	assigned
mol_11999	train	assigned
mol_12000	train	sampled
mol_12001	train	assigned
mol_12002	train	assigned
mol_12003	train	assigned
mol_12004	train	assigned
mol_12005	train	assigned
mol_12006	train	sampled
mol_12007	train	assigned
mol_12008	train	assigned
mol_12009	train	assigned
mol_12010	train	sampled
mol_12011	train	assigned
mol_12012	train	assigned
mol_12013	train	sampled
mol_12014	train	assigned
mol_12015	train	assigned
mol_12016	val	sampled
mol_12017	train	assigned
mol_12018	train	assigned
mol_12019	train	assigned
mol_12020	train	assigned
mol_12021	train	assigned
mol_12022	train	assigned
mol_12023	train	assigned
mol_12024	train	sampled
mol_12025	train	assigned
mol_12026	train	assigned
mol_12027	val	assigned
mol_12028	train	assigned
mol_12029	train	assigned
mol_12030	train	sampled
mol_12031	train	assigned
mol_12032	train	assigned
mol_12033	train	sampled
mol_12034	train	assigned
mol_12035	train	assigned
mol_12036	train	sampled
mol_12037	train	sampled
mol_12038	val	assigned
mol_12039	train	assigned
mol_12040	train	assigned
mol_12041	train	assigned
mol_12042	val	assigned
mol_12043	test	assigned
mol_12044	test	sampled
mol_12045	train	assigned
mol_12046	train	assigned
mol_12047	train	assigned
mol_12048	train	sampled
mol_12049	val	assigned
mol_12050	val	sampled
mol_12051	train	sampled
mol_12052	train	assigned
mol_12053	train	assigned
mol_12054	train	assigned
mol_12055	val	assigned
mol_12056	train	assigned
mol_12057	train	assigned
mol_12058	train	sampled
mol_12059	train	assigned
mol_12060	train	assigned
mol_12061	train	assigned
mol_12062	val	assigned
mol_12063	val	sampled
mol_12064	train	assigned
mol_12065	train	sampled
mol_12066	train	sampled
mol_12067	train	assigned
mol_12068	train	assigned
mol_12069	val	assigned
mol_12070	val	assigned
mol_12071	train	assigned
mol_12072	val	assigned
mol_12073	val	sampled
mol_12074	val	assigned
mol_12075	val	assigned
mol_12076	val	assigned
mol_12077	val	assigned
mol_12078	val	assigned
mol_12079	val	sampled
mol_12080	val	sampled
mol_12081	val	sampled
mol_12082	val	assigned
mol_12083	val	sampled
mol_12084	val	assigned
mol_12085	val	sampled
mol_12086	train	assigned
mol_12087	train	assigned
mol_12088	train	assigned
mol_12089	train	assigned
mol_12090	train	assigned
mol_12091	val	assigned
mol_12092	val	assigned
mol_12093	val	sampled
mol_12094	val	assigned
mol_12095	val	assigned
mol_12096	val	assigned
mol_12097	test	assigned
mol_12098	train	sampled
mol_12099	train	assigned
mol_12100	train	assigned
mol_12101	train	sampled
mol_12102	train	assigned
mol_12103	train	assigned
mol_12104	val	sampled
mol_12105	val	assigned
mol_12106	val	assigned
mol_12107	val	sampled
mol_12108	train	assigned
mol_12109	train	assigned
mol_12110	val	sampled
mol_12111	train	assigned
mol_12112	train	assigned
mol_12113	train	assigned
mol_12114	train	sampled
mol_12115	train	assigned
mol_12116	train	sampled
mol_12117	train	assigned
mol_12118	val	assigned
mol_12119	val	sampled
mol_12120	train	assigned
mol_12121	train	assigned
mol_12122	val	assigned
mol_12123	val	assigned
mol_12124	train	sampled
mol_12125	val	assigned
mol_12126	train	assigned
mol_12127	train	assigned
mol_12128	val	assigned
mol_12129	train	assigned
mol_12130	train	assigned
mol_12131	train	assigned
mol_12132	train	assigned
mol_12133	train	assigned
mol_12134	train	assigned
mol_12135	train	sampled
mol_12136	train	assigned
mol_12137	train	assigned
mol_12138	train	sampled
mol_12139	train	assigned
mol_12140	train	sampled
mol_12141	train	sampled
mol_12142	test	assigned
mol_12143	train	assigned
mol_12144	train	sampled
mol_12145	train	assigned
mol_12146	train	assigned
mol_12147	train	assigned
mol_12148	train	sampled
mol_12149	train	assigned
mol_12150	val	assigned
mol_12151	val	sampled
mol_12152	val	assigned
mol_12153	val	sampled
mol_12154	val	sampled
mol_12155	train	assigned
mol_12156	val	assigned
mol_12157	train	sampled
mol_12158	val	assigned
mol_12159	val	assigned
mol_12160	train	sampled
mol_12161	train	assigned
mol_12162	train	assigned
mol_12163	train	assigned
mol_12164	train	assigned
mol_12165	train	assigned
mol_12166	val	assigned
mol_12167	val	assigned
mol_12168	test	sampled
mol_12169	train	sampled
mol_12170	val	assigned
mol_12171	val	assigned
mol_12172	val	sampled
mol_12173	val	assigned
mol_12174	val	assigned
mol_12175	val	assigned
mol_12176	val	assigned
mol_12177	val	assigned
mol_12178	val	assigned
mol_12179	val	sampled
mol_12180	train	assigned
mol_12181	train	assigned
mol_12182	train	assigned
mol_12183	train	assigned
mol_12184	val	sampled
mol_12185	val	assigned
mol_12186	test	assigned
mol_12187	train	assigned
mol_12188	train	assigned
mol_12189	train	assigned
mol_12190	val	assigned
mol_12191	val	assigned
mol_12192	train	assigned
mol_12193	train	assigned
mol_12194	train	assigned
mol_12195	train	assigned
mol_12196	train	assigned
mol_12197	train	assigned
mol_12198	train	assigned
mol_12199	train	assigned
mol_12200	val	sampled
mol_12201	val	assigned
mol_12202	train	assigned
mol_12203	train	assigned
mol_12204	train	assigned
mol_12205	train	assigned
mol_12206	train	assigned
mol_12207	train	assigned
mol_12208	train	sampled
mol_12209	test	assigned
mol_12210	test	assigned
mol_12211	test	assigned
mol_12212	train	sampled
mol_12213	val	assigned
mol_12214	train	assigned
mol_12215	val	assigned
mol_12216	val	sampled
mol_12217	train	assigned
mol_12218	val	assigned
mol_12219	val	assigned
mol_12220	val	assigned
mol_12221	train	assigned
mol_12222	val	assigned
mol_12223	test	sampled
mol_12224	val	assigned
mol_12225	val	assigned
mol_12226	val	assigned
mol_12227	val	assigned
mol_12228	val	assigned
mol_12229	val	assigned
mol_12230	val	assigned
mol_12231	val	sampled
mol_12232	val	assigned
mol_12233	val	assigned
mol_12234	val	sampled
mol_12235	val	sampled
mol_12236	val	assigned
mol_12237	val	assigned
mol_12238	val	assigned
mol_12239	val	assigned
mol_12240	train	sampled
mol_12241	train	assigned
mol_12242	train	assigned
mol_12243	train	assigned
mol_12244	train	assigned
mol_12245	train	assigned
mol_12246	train	sampled
mol_12247	val	assigned
mol_12248	val	sampled
mol_12249	train	assigned
mol_12250	val	assigned
mol_12251	val	assigned
mol_12252	val	assigned
mol_12253	train	assigned
mol_12254	train	assigned
mol_12255	val	assigned
mol_12256	val	sampled
mol_12257	val	sampled
mol_12258	val	assigned
mol_12259	val	assigned
mol_12260	val	assigned
mol_12261	val	sampled
mol_12262	val	assigned
mol_12263	test	sampled
mol_12264	test	assigned
mol_12265	test	assigned
mol_12266	train	sampled
mol_12267	test	assigned
mol_12268	test	assigned
mol_12269	test	assigned
mol_12270	test	assigned
mol_12271	val	assigned
mol_12272	val	sampled
mol_12273	train	assigned
mol_12274	train	assigned
mol_12275	train	assigned
mol_12276	train	sampled
mol_12277	train	sampled
mol_12278	train	assigned
mol_12279	train	assigned
mol_12280	train	assigned
mol_12281	train	assigned
mol_12282	train	assigned
mol_12283	train	sampled
mol_12284	train	assigned
mol_12285	train	sampled
mol_12286	train	sampled
mol_12287	train	assigned
mol_12288	train	assigned
mol_12289	val	assigned
mol_12290	val	sampled
mol_12291	train	assigned
mol_12292	train	assigned
mol_12293	test	assigned
mol_12294	test	assigned
mol_12295	test	assigned
mol_12296	train	sampled
mol_12297	train	assigned
mol_12298	train	assigned
mol_12299	train	sampled
mol_12300	train	assigned
mol_12301	test	sampled
mol_12302	train	assigned
mol_12303	train	assigned
mol_12304	test	assigned
mol_12305	val	assigned
mol_12306	val	assigned
mol_12307	test	sampled
mol_12308	test	assigned
mol_12309	val	sampled
mol_12310	test	sampled
mol_12311	test	assigned
mol_12312	train	assigned
mol_12313	train	sampled
mol_12314	train	assigned
mol_12315	train	sampled
mol_12316	train	assigned
mol_12317	train	assigned
mol_12318	test	assigned
mol_12319	train	assigned
mol_12320	test	assigned
mol_12321	test	assigned
mol_12322	test	sampled
mol_12323	test	assigned
mol_12324	train	sampled
mol_12325	train	assigned
mol_12326	test	assigned
mol_12327	test	sampled
mol_12328	val	assigned
mol_12329	val	assigned
mol_12330	val	assigned
mol_12331	test	assigned
mol_12332	train	assigned
mol_12333	val	assigned
mol_12334	test	assigned
mol_12335	val	sampled
mol_12336	val	assigned
mol_12337	val	sampled
mol_12338	val	sampled
mol_12339	train	assigned
mol_12340	train	assigned
mol_12341	val	sampled
mol_12342	train	assigned
mol_12343	train	assigned
mol_12344	train	assigned
mol_12345	train	assigned
mol_12346	train	assigned
mol_12347	train	assigned
mol_12348	train	sampled
mol_12349	train	assigned
mol_12350	train	assigned
mol_12351	train	assigned
mol_12352	train	assigned
mol_12353	train	sampled
mol_12354	val	sampled
mol_12355	train	assigned
mol_12356	train	assigned
mol_12357	train	sampled
mol_12358	train	sampled
mol_12359	val	assigned
mol_12360	val	assigned
mol_12361	train	assigned
mol_12362	train	sampled
mol_12363	train	assigned
mol_12364	train	sampled
mol_12365	train	assigned
mol_12366	train	assigned
mol_12367	train	assigned
mol_12368	val	assigned
mol_12369	val	assigned
mol_12370	test	assigned
mol_12371	train	assigned
mol_12372	train	sampled
mol_12373	val	assigned
mol_12374	test	sampled
mol_12375	train	assigned
mol_12376	test	sampled
mol_12377	train	assigned
mol_12378	train	sampled
mol_12379	train	assigned
mol_12380	train	assigned
mol_12381	train	assigned
mol_12382	train	assigned
mol_12383	train	sampled
mol_12384	train	sampled
mol_12385	val	assigned
mol_12386	val	assigned
mol_12387	train	sampled
mol_12388	train	assigned
mol_12389	train	sampled
mol_12390	train	assigned
mol_12391	train	assigned
mol_12392	train	assigned
mol_12393	train	assigned
mol_12394	train	assigned
mol_12395	train	assigned
mol_12396	train	assigned
mol_12397	train	assigned
mol_12398	train	assigned
mol_12399	train	assigned
mol_12400	train	assigned
mol_12401	train	assigned
mol_12402	train	assigned
mol_12403	train	assigned
mol_12404	train	assigned
mol_12405	train	assigned
mol_12406	train	assigned
mol_12407	train	assigned
mol_12408	train	assigned
mol_12409	train	assigned
mol_12410	train	assigned
mol_12411	train	assigned
mol_12412	train	assigned
mol_12413	train	assigned
mol_12414	train	sampled
mol_12415	train	assigned
mol_12416	train	assigned
mol_12417	train	assigned
mol_12418	val	sampled
mol_12419	val	assigned
mol_12420	val	assigned
mol_12421	val	sampled
mol_12422	train	sampled
mol_12423	train	assigned
mol_12424	train	assigned
mol_12425	train	assigned
mol_12426	train	sampled
mol_12427	train	assigned
mol_12428	train	assigned
mol_12429	train	assigned
mol_12430	train	sampled
mol_12431	train	sampled
mol_12432	train	assigned
mol_12433	train	assigned
mol_12434	val	sampled
mol_12435	test	sampled
mol_12436	val	assigned
mol_12437	train	assigned
mol_12438	train	assigned
mol_12439	train	assigned
mol_12440	train	sampled
mol_12441	val	sampled
mol_12442	val	assigned
mol_12443	train	assigned
mol_12444	train	assigned
mol_12445	train	assigned
mol_12446	test	assigned
mol_12447	val	assigned
mol_12448	train	assigned
mol_12449	train	assigned
mol_12450	val	assigned
mol_12451	val	sampled
mol_12452	val	assigned
mol_12453	val	assigned
mol_12454	train	assigned
mol_12455	val	assigned
mol_12456	val	assigned
mol_12457	val	assigned
mol_12458	val	assigned
mol_12459	train	assigned
mol_12460	train	assigned
mol_12461	test	sampled
mol_12462	train	assigned
mol_12463	train	assigned
mol_12464	val	assigned
mol_12465	test	assigned
mol_12466	train	assigned
mol_12467	val	assigned
mol_12468	val	assigned
mol_12469	test	sampled
mol_12470	train	assigned
mol_12471	val	sampled
mol_12472	val	sampled
mol_12473	train	assigned
mol_12474	train	assigned
mol_12475	train	assigned
mol_12476	train	assigned
mol_12477	train	sampled
mol_12478	train	assigned
mol_12479	train	assigned
mol_12480	train	sampled
mol_12481	train	sampled
mol_12482	train	assigned
mol_12483	train	assigned
mol_12484	train	sampled
mol_12485	train	assigned
mol_12486	train	sampled
mol_12487	train	assigned
mol_12488	train	sampled
mol_12489	train	assigned
mol_12490	train	assigned
mol_12491	train	assigned
mol_12492	train	sampled
mol_12493	train	assigned
mol_12494	train	assigned
mol_12495	train	assigned
mol_12496	train	sampled
mol_12497	train	assigned
mol_12498	train	assigned
mol_12499	train	assigned
mol_12500	train	assigned
mol_12501	train	assigned
mol_12502	train	assigned
mol_12503	train	sampled
mol_12504	train	assigned
mol_12505	train	sampled
mol_12506	train	assigned
mol_12507	train	sampled
mol_12508	train	sampled
mol_12509	train	assigned
mol_12510	train	assigned
mol_12511	train	assigned
mol_12512	train	sampled
mol_12513	val	assigned
mol_12514	train	assigned
mol_12515	train	assigned
mol_12516	train	assigned
mol_12517	train	assigned
mol_12518	val	sampled
mol_12519	train	sampled
mol_12520	train	assigned
mol_12521	train	assigned
mol_12522	train	sampled
mol_12523	train	assigned
mol_12524	train	sampled
mol_12525	train	sampled
mol_12526	train	assigned
mol_12527	train	assigned
mol_12528	train	sampled
mol_12529	train	assigned
mol_12530	train	assigned
mol_12531	test	assigned
mol_12532	train	sampled
mol_12533	train	assigned
mol_12534	train	assigned
mol_12535	train	assigned
mol_12536	train	sampled
mol_12537	train	assigned
mol_12538	train	sampled
mol_12539	train	sampled
mol_12540	train	assigned
mol_12541	train	assigned
mol_12542	train	assigned
mol_12543	train	assigned
mol_12544	train	assigned
mol_12545	train	assigned
mol_12546	train	assigned
mol_12547	train	sampled
mol_12548	train	assigned
mol_12549	val	assigned
mol_12550	val	assigned
mol_12551	train	assigned
mol_12552	train	assigned
mol_12553	train	assigned
mol_12554	train	assigned
mol_12555	train	assigned
mol_12556	train	sampled
mol_12557	val	assigned
mol_12558	train	sampled
mol_12559	train	assigned
mol_12560	train	sampled
mol_12561	val	assigned
mol_12562	train	assigned
mol_12563	train	assigned
mol_12564	train	sampled
mol_12565	train	assigned
mol_12566	val	assigned
mol_12567	val	assigned
mol_12568	train	assigned
mol_12569	val	assigned
mol_12570	train	sampled
mol_12571	train	sampled
mol_12572	train	assigned
mol_12573	train	sampled
mol_12574	train	assigned
mol_12575	train	assigned
mol_12576	train	assigned
mol_12577	train	assigned
mol_12578	train	assigned
mol_12579	train	assigned
mol_12580	train	assigned
mol_12581	val	sampled
mol_12582	train	assigned
mol_12583	train	assigned
mol_12584	train	assigned
mol_12585	val	sampled
mol_12586	val	sampled
mol_12587	train	assigned
mol_12588	train	assigned
mol_12589	train	assigned
mol_12590	train	assigned
mol_12591	train	sampled
mol_12592	train	assigned
mol_12593	train	sampled
mol_12594	train	assigned
mol_12595	train	assigned
mol_12596	train	sampled
mol_12597	train	sampled
mol_12598	train	assigned
mol_12599	train	sampled
mol_12600	train	assigned
mol_12601	train	assigned
mol_12602	train	assigned
mol_12603	train	assigned
mol_12604	train	sampled
mol_12605	train	assigned
mol_12606	train	assigned
mol_12607	train	sampled
mol_12608	train	assigned
mol_12609	val	assigned
mol_12610	val	assigned
mol_12611	val	assigned
mol_12612	val	assigned
mol_12613	val	sampled
mol_12614	train	assigned
mol_12615	val	assigned
mol_12616	train	sampled
mol_12617	train	sampled
mol_12618	train	sampled
mol_12619	test	sampled
mol_12620	train	assigned
mol_12621	train	assigned
mol_12622	test	sampled
mol_12623	test	sampled
mol_12624	test	assigned
mol_12625	test	assigned
mol_12626	test	assigned
mol_12627	val	sampled
mol_12628	train	sampled
mol_12629	train	sampled
mol_12630	train	sampled
mol_12631	train	assigned
mol_12632	train	assigned
mol_12633	train	assigned
mol_12634	train	assigned
mol_12635	train	assigned
mol_12636	train	assigned
mol_12637	train	assigned
mol_12638	train	assigned
mol_12639	train	sampled
mol_12640	train	sampled
mol_12641	train	assigned
mol_12642	train	sampled
mol_12643	train	assigned
mol_12644	val	assigned
mol_12645	test	assigned
mol_12646	train	assigned
mol_12647	test	assigned
mol_12648	test	assigned
mol_12649	val	sampled
mol_12650	train	assigned
mol_12651	val	assigned
mol_12652	train	assigned
mol_12653	train	assigned
mol_12654	train	assigned
mol_12655	test	assigned
mol_12656	test	assigned
mol_12657	val	assigned
mol_12658	train	assigned
mol_12659	val	sampled
mol_12660	train	assigned
mol_12661	test	assigned
mol_12662	train	sampled
mol_12663	train	assigned
mol_12664	train	assigned
mol_12665	train	assigned
mol_12666	train	assigned
mol_12667	train	assigned
mol_12668	val	assigned
mol_12669	train	assigned
mol_12670	train	assigned
mol_12671	train	assigned
mol_12672	train	assigned
mol_12673	train	assigned
mol_12674	train	assigned
mol_12675	train	assigned
mol_12676	train	assigned
mol_12677	train	assigned
mol_12678	train	sampled
mol_12679	train	assigned
mol_12680	train	assigned
mol_12681	train	sampled
mol_12682	train	assigned
mol_12683	train	assigned
mol_12684	train	assigned
mol_12685	train	assigned
mol_12686	train	assigned
mol_12687	train	sampled
mol_12688	train	assigned
mol_12689	train	sampled
mol_12690	train	sampled
mol_12691	train	assigned
mol_12692	train	assigned
mol_12693	train	assigned
mol_12694	train	assigned
mol_12695	train	assigned
mol_12696	train	assigned
mol_12697	train	assigned
mol_12698	train	assigned
mol_12699	train	assigned
mol_12700	test	assigned
mol_12701	test	sampled
mol_12702	test	sampled
mol_12703	test	assigned
mol_12704	test	assigned
mol_12705	test	sampled
mol_12706	train	assigned
mol_12707	train	assigned
mol_12708	train	sampled
mol_12709	train	assigned
mol_12710	train	sampled
mol_12711	train	sampled
mol_12712	train	assigned
mol_12713	train	assigned
mol_12714	train	assigned
mol_12715	val	assigned
mol_12716	train	assigned
mol_12717	train	assigned
mol_12718	train	assigned
mol_12719	test	assigned
mol_12720	val	assigned
mol_12721	test	assigned
mol_12722	train	assigned
mol_12723	train	assigned
mol_12724	train	assigned
mol_12725	test	assigned
mol_12726	test	assigned
mol_12727	train	sampled
mol_12728	train	sampled
mol_12729	train	assigned
mol_12730	test	sampled
mol_12731	train	assigned
mol_12732	train	sampled
mol_12733	train	sampled
mol_12734	train	assigned
mol_12735	train	assigned
mol_12736	train	sampled
mol_12737	train	sampled
mol_12738	train	assigned
mol_12739	train	sampled
mol_12740	train	assigned
mol_12741	train	assigned
mol_12742	train	assigned
mol_12743	train	assigned
mol_12744	train	assigned
mol_12745	train	sampled
mol_12746	train	assigned
mol_12747	train	assigned
mol_12748	train	assigned
mol_12749	train	assigned
mol_12750	train	assigned
mol_12751	train	assigned
mol_12752	train	assigned
mol_12753	train	assigned
mol_12754	train	assigned
mol_12755	train	assigned
mol_12756	val	assigned
mol_12757	val	assigned
mol_12758	val	assigned
mol_12759	val	sampled
mol_12760	val	assigned
mol_12761	val	assigned
mol_12762	val	assigned
mol_12763	val	assigned
mol_12764	val	assigned
mol_12765	val	assigned
mol_12766	train	assigned
mol_12767	train	assigned
mol_12768	test	assigned
mol_12769	test	assigned
mol_12770	test	assigned
mol_12771	train	assigned
mol_12772	train	assigned
mol_12773	val	assigned
mol_12774	val	assigned
mol_12775	test	assigned
mol_12776	train	sampled
mol_12777	train	assigned
mol_12778	train	assigned
mol_12779	train	assigned
mol_12780	train	assigned
mol_12781	train	sampled
mol_12782	train	sampled
mol_12783	train	sampled
mol_12784	train	sampled
mol_12785	train	assigned
mol_12786	train	assigned
mol_12787	train	assigned
mol_12788	train	sampled
mol_12789	train	assigned
mol_12790	train	assigned
mol_12791	train	assigned
mol_12792	train	assigned
mol_12793	val	sampled
mol_12794	train	assigned
mol_12795	train	assigned
mol_12796	train	assigned
mol_12797	val	assigned
mol_12798	train	assigned
mol_12799	train	sampled
mol_12800	val	sampled
mol_12801	train	assigned
mol_12802	train	sampled
mol_12803	train	assigned
mol_12804	train	sampled
mol_12805	train	assigned
mol_12806	train	assigned
mol_12807	train	assigned
mol_12808	train	assigned
mol_12809	train	assigned
mol_12810	train	assigned
mol_12811	train	assigned
mol_12812	train	assigned
mol_12813	test	assigned
mol_12814	train	assigned
mol_12815	train	assigned
mol_12816	train	assigned
mol_12817	train	assigned
mol_12818	train	assigned
mol_12819	train	assigned
mol_12820	train	assigned
mol_12821	train	sampled
mol_12822	train	assigned
mol_12823	train	assigned
mol_12824	train	assigned
mol_12825	train	assigned
mol_12826	test	assigned
mol_12827	test	assigned
mol_12828	test	assigned
mol_12829	test	sampled
mol_12830	test	sampled
mol_12831	test	sampled
mol_12832	test	assigned
mol_12833	train	sampled
mol_12834	train	assigned
mol_12835	train	assigned
mol_12836	train	assigned
mol_12837	train	assigned
mol_12838	train	assigned
mol_12839	train	sampled
mol_12840	train	assigned
mol_12841	train	assigned
mol_12842	train	assigned
mol_12843	train	sampled
mol_12844	train	assigned
mol_12845	train	sampled
mol_12846	train	assigned
mol_12847	train	assigned
mol_12848	train	assigned
mol_12849	train	assigned
mol_12850	train	assigned
mol_12851	train	sampled
mol_12852	train	assigned
mol_12853	train	assigned
mol_12854	train	sampled
mol_12855	train	assigned
mol_12856	train	assigned
mol_12857	train	assigned
mol_12858	train	sampled
mol_12859	train	assigned
mol_12860	train	assigned
mol_12861	train	assigned
mol_12862	train	assigned
mol_12863	train	assigned
mol_12864	train	assigned
mol_12865	train	sampled
mol_12866	train	assigned
mol_12867	train	assigned
mol_12868	train	assigned
mol_12869	train	assigned
mol_12870	val	assigned
mol_12871	test	sampled
mol_12872	test	assigned
mol_12873	test	assigned
mol_12874	train	assigned
mol_12875	val	assigned
mol_12876	train	assigned
mol_12877	test	assigned
mol_12878	train	assigned
mol_12879	test	assigned
mol_12880	train	sampled
mol_12881	test	assigned
mol_12882	train	assigned
mol_12883	train	sampled
mol_12884	train	assigned
mol_12885	train	sampled
mol_12886	val	assigned
mol_12887	val	sampled
mol_12888	val	assigned
mol_12889	val	assigned
mol_12890	train	sampled
mol_12891	train	assigned
mol_12892	train	sampled
mol_12893	val	sampled
mol_12894	test	assigned
mol_12895	train	sampled
mol_12896	val	sampled
mol_12897	train	assigned
mol_12898	train	assigned
mol_12899	train	assigned
mol_12900	train	sampled
mol_12901	train	assigned
mol_12902	train	sampled
mol_12903	train	sampled
mol_12904	train	sampled
mol_12905	train	assigned
mol_12906	train	assigned
mol_12907	train	assigned
mol_12908	train	assigned
mol_12909	train	sampled
mol_12910	train	assigned
mol_12911	train	assigned
mol_12912	train	assigned
mol_12913	train	sampled
mol_12914	train	assigned
mol_12915	train	sampled
mol_12916	train	assigned
mol_12917	train	assigned
mol_12918	train	assigned
mol_12919	train	assigned
mol_12920	train	assigned
mol_12921	train	sampled
mol_12922	train	assigned
mol_12923	train	assigned
mol_12924	train	assigned
mol_12925	train	assigned
mol_12926	val	assigned
mol_12927	val	assigned
mol_12928	val	sampled
mol_12929	train	assigned
mol_12930	train	assigned
mol_12931	train	assigned
mol_12932	train	sampled
mol_12933	train	sampled
mol_12934	train	assigned
mol_12935	val	assigned
mol_12936	train	assigned
mol_12937	train	assigned
mol_12938	train	assigned
mol_12939	train	assigned
mol_12940	train	assigned
mol_12941	train	assigned
mol_12942	train	assigned
mol_12943	train	assigned
mol_12944	train	assigned
mol_12945	train	sampled
mol_12946	train	sampled
mol_12947	train	assigned
mol_12948	train	assigned
mol_12949	train	assigned
mol_12950	train	sampled
mol_12951	train	assigned
mol_12952	train	assigned
mol_12953	train	assigned
mol_12954	train	assigned
mol_12955	train	sampled
mol_12956	train	assigned
mol_12957	train	sampled
mol_12958	train	sampled
mol_12959	train	sampled
mol_12960	train	assigned
mol_12961	train	assigned
mol_12962	train	sampled
mol_12963	val	assigned
mol_12964	train	assigned
mol_12965	test	assigned
mol_12966	val	sampled
mol_12967	train	sampled
mol_12968	train	sampled
mol_12969	train	sampled
mol_12970	train	assigned
mol_12971	train	sampled
mol_12972	train	sampled
mol_12973	train	assigned
mol_12974	train	assigned
mol_12975	train	assigned
mol_12976	train	assigned
mol_12977	val	assigned
mol_12978	train	assigned
mol_12979	test	assigned
mol_12980	test	assigned
mol_12981	test	assigned
mol_12982	test	assigned
mol_12983	test	sampled
mol_12984	val	assigned
mol_12985	val	assigned
mol_12986	train	sampled
mol_12987	train	assigned
mol_12988	train	assigned
mol_12989	train	sampled
mol_12990	train	sampled
mol_12991	val	assigned
mol_12992	train	assigned
mol_12993	train	assigned
mol_12994	train	assigned
mol_12995	test	sampled
mol_12996	test	assigned
mol_12997	val	assigned
mol_12998	train	assigned
mol_12999	train	assigned
mol_13000	val	sampled
mol_13001	val	assigned
mol_13002	train	assigned
mol_13003	train	assigned
mol_13004	train	sampled
mol_13005	train	sampled
mol_13006	val	assigned
mol_13007	train	assigned
mol_13008	train	sampled
mol_13009	train	assigned
mol_13010	train	assigned
mol_13011	train	assigned
mol_13012	train	assigned
mol_13013	train	assigned
mol_13014	train	sampled
mol_13015	train	assigned
mol_13016	test	assigned
mol_13017	train	assigned
mol_13018	train	assigned
mol_13019	train	sampled
mol_13020	train	assigned
mol_13021	train	assigned
mol_13022	val	assigned
mol_13023	train	assigned
mol_13024	train	sampled
mol_13025	train	assigned
mol_13026	val	assigned
mol_13027	val	assigned
mol_13028	val	sampled
mol_13029	test	assigned
mol_13030	val	assigned
mol_13031	val	assigned
mol_13032	train	sampled
mol_13033	test	sampled
mol_13034	train	assigned
mol_13035	train	sampled
mol_13036	train	assigned
mol_13037	train	assigned
mol_13038	train	assigned
mol_13039	train	sampled
mol_13040	train	sampled
mol_13041	test	sampled
mol_13042	train	assigned
mol_13043	train	assigned
mol_13044	train	assigned
mol_13045	train	assigned
mol_13046	train	assigned
mol_13047	train	assigned
mol_13048	train	sampled
mol_13049	train	assigned
mol_13050	train	assigned
mol_13051	train	assigned
mol_13052	train	assigned
mol_13053	val	assigned
mol_13054	val	assigned
mol_13055	val	assigned
mol_13056	val	assigned
mol_13057	val	assigned
mol_13058	val	sampled
mol_13059	train	sampled
mol_13060	val	assigned
mol_13061	val	sampled
mol_13062	val	sampled
mol_13063	train	sampled
mol_13064	train	sampled
mol_13065	train	assigned
mol_13066	train	sampled
mol_13067	test	assigned
mol_13068	test	assigned
mol_13069	val	sampled
mol_13070	test	assigned
mol_13071	test	assigned
mol_13072	train	assigned
mol_13073	train	assigned
mol_13074	train	assigned
mol_13075	train	sampled
mol_13076	train	assigned
mol_13077	train	sampled
mol_13078	train	assigned
mol_13079	train	assigned
mol_13080	val	assigned
mol_13081	train	assigned
mol_13082	train	sampled
mol_13083	train	assigned
mol_13084	val	assigned
mol_13085	val	assigned
mol_13086	val	assigned
mol_13087	val	assigned
mol_13088	val	assigned
mol_13089	val	sampled
mol_13090	val	assigned
mol_13091	val	assigned
mol_13092	val	assigned
mol_13093	val	assigned
mol_13094	val	sampled
mol_13095	val	sampled
mol_13096	val	assigned
mol_13097	val	sampled
mol_13098	val	sampled
mol_13099	val	assigned
mol_13100	val	assigned
mol_13101	val	sampled
mol_13102	val	assigned
mol_13103	val	assigned
mol_13104	train	sampled
mol_13105	train	assigned
mol_13106	train	assigned
mol_13107	train	assigned
mol_13108	train	sampled
mol_13109	train	assigned
mol_13110	train	assigned
mol_13111	train	assigned
mol_13112	train	assigned
mol_13113	train	assigned
mol_13114	test	assigned
mol_13115	test	assigned
mol_13116	test	assigned
mol_13117	train	assigned
mol_13118	train	sampled
mol_13119	val	assigned
mol_13120	train	sampled
mol_13121	train	assigned
mol_13122	train	assigned
mol_13123	train	assigned
mol_13124	val	sampled
mol_13125	val	sampled
mol_13126	train	sampled
mol_13127	val	assigned
mol_13128	train	assigned
mol_13129	train	assigned
mol_13130	train	sampled
mol_13131	train	assigned
mol_13132	train	assigned
mol_13133	train	assigned
mol_13134	train	assigned
mol_13135	train	assigned
mol_13136	train	assigned
mol_13137	train	assigned
mol_13138	train	assigned
mol_13139	train	assigned
mol_13140	train	assigned
mol_13141	train	assigned
mol_13142	test	assigned
mol_13143	train	sampled
mol_13144	train	sampled
mol_13145	test	assigned
mol_13146	test	assigned
mol_13147	test	assigned
mol_13148	test	sampled
mol_13149	test	assigned
mol_13150	test	sampled
mol_13151	train	assigned
mol_13152	test	sampled
mol_13153	val	sampled
mol_13154	train	assigned
mol_13155	train	assigned
mol_13156	train	assigned
mol_13157	train	assigned
mol_13158	train	assigned
mol_13159	test	assigned
mol_13160	test	sampled
mol_13161	train	assigned
mol_13162	train	assigned
mol_13163	train	assigned
mol_13164	test	assigned
mol_13165	train	assigned
mol_13166	val	sampled
mol_13167	val	assigned
mol_13168	train	assigned
mol_13169	train	assigned
mol_13170	train	assigned
mol_13171	train	assigned
mol_13172	train	sampled
mol_13173	train	assigned
mol_13174	train	sampled
mol_13175	train	assigned
mol_13176	train	assigned
mol_13177	train	sampled
mol_13178	train	assigned
mol_13179	train	assigned
mol_13180	train	assigned
mol_13181	train	assigned
mol_13182	train	assigned
mol_13183	train	assigned
mol_13184	train	assigned
mol_13185	train	sampled
mol_13186	train	assigned
mol_13187	train	assigned
mol_13188	train	assigned
mol_13189	train	assigned
mol_13190	train	assigned
mol_13191	train	assigned
mol_13192	test	sampled
mol_13193	train	assigned
mol_13194	train	assigned
mol_13195	val	assigned
mol_13196	train	assigned
mol_13197	train	assigned
mol_13198	val	sampled
mol_13199	train	assigned
mol_13200	train	assigned
mol_13201	val	assigned
mol_13202	train	sampled
mol_13203	val	assigned
mol_13204	val	sampled
mol_13205	val	sampled
mol_13206	train	sampled
mol_13207	val	assigned
mol_13208	val	sampled
mol_13209	test	assigned
mol_13210	train	assigned
mol_13211	train	assigned
mol_13212	train	assigned
mol_13213	train	assigned
mol_13214	train	sampled
mol_13215	train	assigned
mol_13216	train	assigned
mol_13217	val	assigned
mol_13218	val	assigned
mol_13219	train	assigned
mol_13220	train	assigned
mol_13221	train	assigned
mol_13222	val	assigned
mol_13223	train	assigned
mol_13224	train	assigned
mol_13225	val	assigned
mol_13226	train	sampled
mol_13227	train	assigned
mol_13228	val	assigned
mol_13229	val	assigned
mol_13230	train	assigned
mol_13231	train	assigned
mol_13232	train	assigned
mol_13233	val	assigned
mol_13234	val	assigned
mol_13235	train	assigned
mol_13236	train	sampled
mol_13237	train	assigned
mol_13238	train	assigned
mol_13239	train	assigned
mol_13240	train	assigned
mol_13241	train	assigned
mol_13242	train	assigned
mol_13243	train	assigned
mol_13244	train	assigned
mol_13245	train	assigned
mol_13246	test	assigned
mol_13247	test	assigned
mol_13248	train	assigned
mol_13249	train	assigned
mol_13250	train	sampled
mol_13251	train	assigned
mol_13252	train	sampled
mol_13253	train	sampled
mol_13254	val	assigned
mol_13255	train	assigned
mol_13256	test	sampled
mol_13257	train	assigned
mol_13258	train	assigned
mol_13259	train	sampled
mol_13260	train	sampled
mol_13261	val	assigned
mol_13262	train	assigned
mol_13263	train	sampled
mol_13264	val	assigned
mol_13265	val	assigned
mol_13266	train	assigned
mol_13267	val	sampled
mol_13268	val	assigned
mol_13269	test	assigned
mol_13270	test	sampled
mol_13271	test	assigned
mol_13272	train	assigned
mol_13273	train	assigned
mol_13274	train	assigned
mol_13275	train	assigned
mol_13276	train	assigned
mol_13277	train	assigned
mol_13278	train	sampled
mol_13279	train	assigned
mol_13280	train	assigned
mol_13281	train	assigned
mol_13282	train	sampled
mol_13283	train	assigned
mol_13284	val	assigned
mol_13285	train	assigned
mol_13286	train	assigned
mol_13287	train	sampled
mol_13288	val	assigned
mol_13289	train	assigned
mol_13290	train	assigned
mol_13291	train	assigned
mol_13292	val	assigned
mol_13293	train	assigned
mol_13294	train	assigned
mol_13295	train	sampled
mol_13296	val	assigned
mol_13297	val	assigned
mol_13298	test	assigned
mol_13299	train	assigned
mol_13300	train	assigned
mol_13301	train	assigned
mol_13302	train	sampled
mol_13303	train	assigned
mol_13304	train	assigned
mol_13305	val	assigned
mol_13306	train	assigned
mol_13307	train	sampled
mol_13308	val	assigned
mol_13309	train	assigned
mol_13310	train	sampled
mol_13311	train	assigned
mol_13312	train	assigned
mol_13313	train	assigned
mol_13314	val	sampled
mol_13315	val	sampled
mol_13316	test	sampled
mol_13317	train	assigned
mol_13318	train	assigned
mol_13319	val	assigned
mol_13320	train	sampled
mol_13321	train	sampled
mol_13322	train	assigned
mol_13323	train	assigned
mol_13324	train	assigned
mol_13325	train	sampled
mol_13326	val	sampled
mol_13327	train	assigned
mol_13328	train	sampled
mol_13329	train	assigned
mol_13330	train	sampled
mol_13331	train	assigned
mol_13332	train	sampled
mol_13333	train	assigned
mol_13334	train	assigned
mol_13335	train	assigned
mol_13336	train	assigned
mol_13337	train	assigned
mol_13338	train	assigned
mol_13339	train	assigned
mol_13340	train	assigned
mol_13341	val	assigned
mol_13342	train	assigned
mol_13343	train	assigned
mol_13344	train	assigned
mol_13345	train	assigned
mol_13346	train	assigned
mol_13347	train	assigned
mol_13348	train	assigned
mol_13349	train	assigned
mol_13350	train	assigned
mol_13351	train	assigned
mol_13352	train	sampled
mol_13353	train	sampled
mol_13354	val	assigned
mol_13355	test	assigned
mol_13356	test	sampled
mol_13357	test	assigned
mol_13358	train	assigned
mol_13359	train	assigned
mol_13360	train	sampled
mol_13361	test	assigned
mol_13362	test	assigned
mol_13363	test	sampled
mol_13364	test	sampled
mol_13365	test	assigned
mol_13366	test	assigned
mol_13367	test	sampled
mol_13368	test	assigned
mol_13369	test	assigned
mol_13370	test	sampled
mol_13371	val	sampled
mol_13372	val	assigned
mol_13373	train	sampled
mol_13374	train	assigned
mol_13375	train	assigned
mol_13376	val	assigned
mol_13377	test	sampled
mol_13378	train	assigned
mol_13379	test	assigned
mol_13380	train	assigned
mol_13381	train	assigned
mol_13382	test	assigned
mol_13383	train	assigned
mol_13384	train	assigned
mol_13385	train	assigned
mol_13386	val	assigned
mol_13387	train	assigned
mol_13388	train	assigned
mol_13389	train	sampled
mol_13390	train	assigned
mol_13391	train	sampled
mol_13392	train	assigned
mol_13393	train	assigned
mol_13394	train	assigned
mol_13395	train	assigned
mol_13396	train	sampled
mol_13397	train	assigned
mol_13398	train	sampled
mol_13399	train	sampled
mol_13400	train	sampled
mol_13401	train	assigned
mol_13402	train	assigned
mol_13403	val	assigned
mol_13404	train	assigned
mol_13405	train	sampled
mol_13406	train	assigned
mol_13407	train	assigned
mol_13408	train	assigned
mol_13409	train	assigned
mol_13410	train	assigned
mol_13411	train	assigned
mol_13412	train	assigned
mol_13413	train	sampled
mol_13414	train	assigned
mol_13415	train	sampled
mol_13416	train	assigned
mol_13417	train	assigned
mol_13418	train	assigned
mol_13419	train	assigned
mol_13420	train	sampled
mol_13421	train	assigned
mol_13422	train	assigned
mol_13423	train	assigned
mol_13424	train	sampled
mol_13425	train	assigned
mol_13426	test	assigned
mol_13427	val	assigned
mol_13428	test	assigned
mol_13429	test	assigned
mol_13430	train	assigned
mol_13431	val	sampled
mol_13432	train	assigned
mol_13433	train	sampled
mol_13434	train	assigned
mol_13435	train	assigned
mol_13436	train	assigned
mol_13437	train	assigned
mol_13438	train	sampled
mol_13439	train	assigned
mol_13440	train	assigned
mol_13441	train	assigned
mol_13442	train	assigned
mol_13443	train	assigned
mol_13444	train	assigned
mol_13445	train	assigned
mol_13446	train	assigned
mol_13447	train	assigned
mol_13448	train	assigned
mol_13449	train	assigned
mol_13450	train	assigned
mol_13451	train	sampled
mol_13452	train	sampled
mol_13453	train	assigned
mol_13454	train	assigned
mol_13455	train	sampled
mol_13456	train	assigned
mol_13457	train	assigned
mol_13458	train	assigned
mol_13459	train	assigned
mol_13460	train	assigned
mol_13461	train	assigned
mol_13462	train	sampled
mol_13463	val	assigned
mol_13464	train	sampled
mol_13465	train	assigned
mol_13466	train	sampled
mol_13467	train	assigned
mol_13468	train	sampled
mol_13469	train	sampled
mol_13470	train	assigned
mol_13471	val	sampled
mol_13472	train	assigned
mol_13473	test	assigned
mol_13474	train	sampled
mol_13475	train	assigned
mol_13476	train	assigned
mol_13477	train	sampled
mol_13478	train	assigned
mol_13479	train	assigned
mol_13480	train	assigned
mol_13481	train	assigned
mol_13482	train	assigned
mol_13483	train	assigned
mol_13484	train	sampled
mol_13485	train	assigned
mol_13486	train	assigned
mol_13487	train	assigned
mol_13488	train	sampled
mol_13489	train	assigned
mol_13490	train	assigned
mol_13491	train	assigned
mol_13492	train	assigned
mol_13493	train	assigned
mol_13494	train	assigned
mol_13495	train	assigned
mol_13496	train	assigned
mol_13497	train	sampled
mol_13498	train	assigned
mol_13499	train	assigned
mol_13500	train	assigned
mol_13501	train	sampled
mol_13502	train	assigned
mol_13503	train	assigned
mol_13504	val	sampled
mol_13505	train	sampled
mol_13506	train	sampled
mol_13507	train	assigned
mol_13508	train	assigned
mol_13509	train	assigned
mol_13510	train	assigned
mol_13511	train	sampled
mol_13512	train	assigned
mol_13513	train	assigned
mol_13514	val	sampled
mol_13515	train	assigned
mol_13516	train	assigned
mol_13517	train	sampled
mol_13518	train	assigned
mol_13519	val	sampled
mol_13520	val	assigned
mol_13521	train	assigned
mol_13522	train	assigned
mol_13523	train	assigned
mol_13524	train	sampled
mol_13525	train	sampled
mol_13526	train	assigned
mol_13527	train	assigned
mol_13528	train	assigned
mol_13529	train	sampled
mol_13530	train	assigned
mol_13531	train	assigned
mol_13532	val	assigned
mol_13533	train	assigned
mol_13534	test	sampled
mol_13535	val	assigned
mol_13536	train	assigned
mol_13537	train	assigned
mol_13538	train	sampled
mol_13539	val	assigned
mol_13540	val	assigned
mol_13541	test	assigned
mol_13542	val	sampled
mol_13543	val	assigned
mol_13544	train	sampled
mol_13545	test	assigned
mol_13546	val	assigned
mol_13547	val	assigned
mol_13548	test	assigned
mol_13549	val	sampled
mol_13550	val	assigned
mol_13551	test	assigned
mol_13552	val	sampled
mol_13553	train	assigned
mol_13554	train	assigned
mol_13555	train	assigned
mol_13556	train	assigned
mol_13557	train	sampled
mol_13558	train	assigned
mol_13559	val	assigned
mol_13560	train	assigned
mol_13561	train	sampled
mol_13562	val	assigned
mol_13563	test	assigned
mol_13564	val	assigned
mol_13565	test	assigned
mol_13566	test	assigned
mol_13567	train	assigned
mol_13568	test	assigned
mol_13569	test	assigned
mol_13570	train	assigned
mol_13571	val	assigned
mol_13572	val	assigned
mol_13573	test	assigned
mol_13574	test	sampled
mol_13575	val	assigned
mol_13576	val	assigned
mol_13577	val	sampled
mol_13578	test	assigned
mol_13579	train	assigned
mol_13580	val	assigned
mol_13581	test	sampled
mol_13582	test	assigned
mol_13583	test	assigned
mol_13584	test	assigned
mol_13585	train	assigned
mol_13586	test	sampled
mol_13587	val	assigned
mol_13588	val	sampled
mol_13589	val	assigned
mol_13590	val	assigned
mol_13591	train	assigned
mol_13592	train	assigned
mol_13593	train	sampled
mol_13594	train	assigned
mol_13595	train	assigned
mol_13596	train	assigned
mol_13597	train	assigned
mol_13598	train	assigned
mol_13599	train	assigned
mol_13600	train	sampled
mol_13601	train	assigned
mol_13602	train	sampled
mol_13603	train	assigned
mol_13604	train	sampled
mol_13605	train	assigned
mol_13606	train	assigned
mol_13607	train	assigned
mol_13608	val	sampled
mol_13609	train	assigned
mol_13610	train	sampled
mol_13611	train	sampled
mol_13612	test	assigned
mol_13613	test	assigned
mol_13614	val	assigned
mol_13615	val	assigned
mol_13616	test	assigned
mol_13617	train	sampled
mol_13618	train	sampled
mol_13619	train	assigned
mol_13620	train	sampled
mol_13621	val	assigned
mol_13622	train	assigned
mol_13623	train	sampled
mol_13624	train	assigned
mol_13625	test	assigned
mol_13626	train	sampled
mol_13627	train	assigned
mol_13628	train	assigned
mol_13629	train	assigned
mol_13630	train	sampled
mol_13631	train	sampled
mol_13632	train	assigned
mol_13633	train	assigned
mol_13634	train	assigned
mol_13635	train	assigned
mol_13636	train	assigned
mol_13637	train	sampled
mol_13638	train	sampled
mol_13639	train	sampled
mol_13640	train	assigned
mol_13641	train	sampled
mol_13642	train	assigned
mol_13643	train	assigned
mol_13644	train	assigned
mol_13645	train	assigned
mol_13646	train	assigned
mol_13647	train	assigned
mol_13648	train	sampled
mol_13649	train	sampled
mol_13650	train	assigned
mol_13651	val	sampled
mol_13652	train	assigned
mol_13653	train	assigned
mol_13654	train	assigned
mol_13655	train	sampled
mol_13656	train	sampled
mol_13657	train	assigned
mol_13658	train	sampled
mol_13659	train	sampled
mol_13660	train	sampled
mol_13661	train	assigned
mol_13662	train	assigned
mol_13663	train	assigned
mol_13664	train	sampled
mol_13665	train	assigned
mol_13666	train	assigned
mol_13667	train	assigned
mol_13668	train	assigned
mol_13669	train	assigned
mol_13670	train	sampled
mol_13671	train	assigned
mol_13672	train	assigned
mol_13673	train	assigned
mol_13674	train	sampled
mol_13675	train	assigned
mol_13676	val	assigned
mol_13677	train	assigned
mol_13678	train	assigned
mol_13679	train	assigned
mol_13680	train	sampled
mol_13681	train	sampled
mol_13682	train	assigned
mol_13683	train	assigned
mol_13684	train	assigned
mol_13685	train	sampled
mol_13686	train	assigned
mol_13687	train	sampled
mol_13688	train	assigned
mol_13689	train	assigned
mol_13690	train	assigned
mol_13691	train	assigned
mol_13692	train	assigned
mol_13693	train	assigned
mol_13694	train	sampled
mol_13695	train	sampled
mol_13696	test	assigned
mol_13697	train	assigned
mol_13698	test	assigned
mol_13699	train	assigned
mol_13700	val	assigned
mol_13701	train	sampled
mol_13702	train	sampled
mol_13703	train	assigned
mol_13704	train	assigned
mol_13705	train	sampled
mol_13706	train	assigned
mol_13707	train	assigned
mol_13708	train	assigned
mol_13709	train	assigned
mol_13710	train	assigned
mol_13711	train	assigned
mol_13712	train	assigned
mol_13713	train	sampled
mol_13714	train	assigned
mol_13715	train	assigned
mol_13716	train	assigned
mol_13717	train	assigned
mol_13718	train	assigned
mol_13719	train	assigned
mol_13720	train	assigned
mol_13721	train	assigned
mol_13722	train	assigned
mol_13723	test	assigned
mol_13724	test	assigned
mol_13725	train	assigned
mol_13726	train	assigned
mol_13727	train	assigned
mol_13728	test	sampled
mol_13729	train	sampled
mol_13730	train	assigned
mol_13731	train	assigned
mol_13732	train	sampled
mol_13733	test	assigned
mol_13734	train	sampled
mol_13735	train	sampled
mol_13736	train	sampled
mol_13737	train	assigned
mol_13738	train	sampled
mol_13739	train	assigned
mol_13740	train	assigned
mol_13741	train	assigned
mol_13742	train	assigned
mol_13743	train	sampled
mol_13744	train	assigned
mol_13745	train	sampled
mol_13746	train	assigned
mol_13747	train	assigned
mol_13748	train	assigned
mol_13749	val	assigned
mol_13750	train	assigned
mol_13751	train	assigned
mol_13752	train	sampled
mol_13753	train	assigned
mol_13754	train	sampled
mol_13755	train	assigned
mol_13756	train	sampled
mol_13757	test	sampled
mol_13758	train	assigned
mol_13759	train	sampled
mol_13760	train	assigned
mol_13761	train	assigned
mol_13762	train	assigned
mol_13763	train	assigned
mol_13764	val	assigned
mol_13765	train	assigned
mol_13766	train	assigned
mol_13767	train	assigned
mol_13768	train	assigned
mol_13769	val	assigned
mol_13770	train	assigned
mol_13771	train	assigned
mol_13772	val	assigned
mol_13773	train	assigned
mol_13774	train	assigned
mol_13775	train	assigned
mol_13776	train	assigned
mol_13777	val	assigned
mol_13778	train	assigned
mol_13779	train	assigned
mol_13780	train	assigned
mol_13781	train	assigned
mol_13782	train	assigned
mol_13783	train	assigned
mol_13784	train	assigned
mol_13785	val	assigned
mol_13786	train	assigned
mol_13787	train	sampled
mol_13788	val	assigned
mol_13789	train	assigned
mol_13790	train	assigned
mol_13791	train	sampled
mol_13792	train	sampled
mol_13793	train	sampled
mol_13794	train	assigned
mol_13795	train	assigned
mol_13796	train	assigned
mol_13797	train	sampled
mol_13798	train	assigned
mol_13799	train	assigned
mol_13800	val	sampled
mol_13801	train	assigned
mol_13802	train	sampled
mol_13803	train	assigned
mol_13804	train	sampled
mol_13805	train	assigned
mol_13806	train	assigned
mol_13807	train	assigned
mol_13808	train	assigned
mol_13809	train	assigned
mol_13810	train	sampled
mol_13811	test	assigned
mol_13812	test	assigned
mol_13813	test	assigned
mol_13814	test	assigned
mol_13815	test	sampled
mol_13816	train	sampled
mol_13817	val	assigned
mol_13818	train	assigned
mol_13819	test	sampled
mol_13820	test	assigned
mol_13821	train	assigned
mol_13822	test	sampled
mol_13823	test	assigned
mol_13824	test	assigned
mol_13825	train	sampled
mol_13826	train	sampled
mol_13827	test	sampled
mol_13828	train	assigned
mol_13829	train	assigned
mol_13830	train	assigned
mol_13831	test	sampled
mol_13832	train	sampled
mol_13833	train	assigned
mol_13834	train	sampled
mol_13835	test	assigned
mol_13836	test	sampled
mol_13837	train	assigned
mol_13838	train	assigned
mol_13839	train	assigned
mol_13840	train	assigned
mol_13841	train	assigned
mol_13842	train	sampled
mol_13843	train	assigned
mol_13844	train	assigned
mol_13845	val	assigned
mol_13846	train	assigned
mol_13847	train	assigned
mol_13848	train	assigned
mol_13849	train	sampled
mol_13850	train	assigned
mol_13851	train	assigned
mol_13852	train	sampled
mol_13853	train	assigned
mol_13854	train	assigned
mol_13855	train	assigned
mol_13856	train	assigned
mol_13857	train	assigned
mol_13858	val	assigned
mol_13859	train	assigned
mol_13860	train	assigned
mol_13861	val	assigned
mol_13862	train	assigned
mol_13863	train	sampled
mol_13864	val	assigned
mol_13865	train	assigned
mol_13866	train	assigned
mol_13867	train	sampled
mol_13868	train	assigned
mol_13869	train	assigned
mol_13870	train	assigned
mol_13871	test	assigned
mol_13872	train	assigned
mol_13873	train	assigned
mol_13874	train	assigned
mol_13875	train	assigned
mol_13876	train	assigned
mol_13877	val	assigned
mol_13878	val	assigned
mol_13879	train	assigned
mol_13880	val	assigned
mol_13881	val	assigned
mol_13882	val	assigned
mol_13883	train	sampled
mol_13884	train	assigned
mol_13885	val	assigned
mol_13886	train	assigned
mol_13887	train	assigned
mol_13888	train	assigned
mol_13889	train	assigned
mol_13890	val	assigned
mol_13891	train	assigned
mol_13892	train	assigned
mol_13893	train	assigned
mol_13894	train	assigned
mol_13895	train	assigned
mol_13896	train	assigned
mol_13897	train	assigned
mol_13898	train	assigned
mol_13899	train	assigned
mol_13900	train	assigned
mol_13901	val	assigned
mol_13902	train	sampled
mol_13903	test	assigned
mol_13904	test	sampled
mol_13905	train	sampled
mol_13906	test	sampled
mol_13907	val	assigned
mol_13908	train	assigned
mol_13909	test	assigned
mol_13910	test	assigned
mol_13911	train	sampled
mol_13912	train	assigned
mol_13913	test	assigned
mol_13914	test	assigned
mol_13915	test	sampled
mol_13916	test	sampled
mol_13917	train	assigned
mol_13918	train	assigned
mol_13919	train	assigned
mol_13920	test	sampled
mol_13921	train	assigned
mol_13922	test	sampled
mol_13923	train	assigned
mol_13924	test	sampled
mol_13925	val	sampled
mol_13926	val	sampled
mol_13927	val	assigned
mol_13928	train	assigned
mol_13929	val	assigned
mol_13930	val	assigned
mol_13931	test	sampled
mol_13932	test	assigned
mol_13933	val	sampled
mol_13934	test	assigned
mol_13935	train	assigned
mol_13936	val	assigned
mol_13937	val	assigned
mol_13938	test	sampled
mol_13939	train	assigned
mol_13940	train	assigned
mol_13941	train	sampled
mol_13942	train	assigned
mol_13943	train	sampled
mol_13944	train	assigned
mol_13945	train	assigned
mol_13946	train	sampled
mol_13947	train	assigned
mol_13948	train	assigned
mol_13949	train	assigned
mol_13950	train	assigned
mol_13951	train	sampled
mol_13952	train	assigned
mol_13953	train	assigned
mol_13954	val	sampled
mol_13955	train	assigned
mol_13956	train	sampled
mol_13957	train	assigned
mol_13958	test	sampled
mol_13959	train	assigned
mol_13960	train	assigned
mol_13961	train	assigned
mol_13962	train	sampled
mol_13963	train	assigned
mol_13964	train	assigned
mol_13965	train	assigned
mol_13966	train	assigned
mol_13967	train	assigned
mol_13968	train	sampled
mol_13969	train	sampled
mol_13970	train	sampled
mol_13971	train	assigned
mol_13972	train	sampled
mol_13973	train	assigned
mol_13974	train	sampled
mol_13975	train	assigned
mol_13976	train	sampled
mol_13977	train	assigned
mol_13978	train	assigned
mol_13979	train	assigned
mol_13980	train	assigned
mol_13981	train	assigned
mol_13982	train	assigned
mol_13983	train	sampled
mol_13984	train	sampled
mol_13985	train	sampled
mol_13986	val	assigned
mol_13987	train	assigned
mol_13988	train	sampled
mol_13989	test	assigned
mol_13990	test	assigned
mol_13991	train	sampled
mol_13992	train	assigned
mol_13993	train	assigned
mol_13994	train	assigned
mol_13995	train	assigned
mol_13996	train	assigned
mol_13997	train	sampled
mol_13998	train	assigned
mol_13999	train	assigned
mol_14000	train	assigned
mol_14001	train	assigned
mol_14002	val	assigned
mol_14003	train	assigned
mol_14004	train	assigned
mol_14005	train	assigned
mol_14006	train	sampled
mol_14007	train	assigned
mol_14008	train	assigned
mol_14009	train	sampled
mol_14010	train	assigned
mol_14011	train	assigned
mol_14012	train	assigned
mol_14013	train	assigned
mol_14014	train	sampled
mol_14015	train	assigned
mol_14016	train	assigned
mol_14017	train	assigned
mol_14018	train	sampled
mol_14019	train	sampled
mol_14020	train	sampled
mol_14021	train	assigned
mol_14022	train	assigned
mol_14023	train	sampled
mol_14024	train	assigned
mol_14025	train	assigned
mol_14026	train	assigned
mol_14027	train	assigned
mol_14028	train	assigned
mol_14029	train	sampled
mol_14030	train	assigned
mol_14031	train	assigned
mol_14032	train	sampled
mol_14033	train	assigned
mol_14034	train	assigned
mol_14035	train	assigned
mol_14036	train	sampled
mol_14037	train	assigned
mol_14038	val	assigned
mol_14039	test	assigned
mol_14040	val	sampled
mol_14041	train	assigned
mol_14042	train	assigned
mol_14043	train	assigned
mol_14044	train	assigned
mol_14045	test	sampled
mol_14046	train	assigned
mol_14047	val	assigned
mol_14048	val	assigned
mol_14049	val	assigned
mol_14050	train	sampled
mol_14051	train	assigned
mol_14052	train	assigned
mol_14053	val	assigned
mol_14054	train	sampled
mol_14055	train	assigned
mol_14056	train	assigned
mol_14057	train	sampled
mol_14058	train	assigned
mol_14059	train	assigned
mol_14060	train	assigned
mol_14061	train	assigned
mol_14062	train	assigned
mol_14063	train	assigned
mol_14064	train	sampled
mol_14065	val	assigned
mol_14066	train	assigned
mol_14067	train	assigned
mol_14068	train	assigned
mol_14069	train	assigned
mol_14070	train	assigned
mol_14071	train	assigned
mol_14072	val	assigned
mol_14073	train	assigned
mol_14074	train	sampled
mol_14075	train	assigned
mol_14076	val	sampled
mol_14077	train	assigned
mol_14078	train	assigned
mol_14079	val	assigned
mol_14080	train	assigned
mol_14081	test	assigned
mol_14082	train	assigned
mol_14083	train	sampled
mol_14084	train	assigned
mol_14085	train	sampled
mol_14086	train	assigned
mol_14087	train	assigned
mol_14088	train	assigned
mol_14089	train	assigned
mol_14090	train	assigned
mol_14091	train	sampled
mol_14092	train	sampled
mol_14093	val	assigned
mol_14094	val	assigned
mol_14095	val	assigned
mol_14096	test	assigned
mol_14097	train	assigned
mol_14098	train	assigned
mol_14099	train	assigned
mol_14100	val	assigned
mol_14101	train	assigned
mol_14102	val	assigned
mol_14103	test	assigned
mol_14104	train	assigned
mol_14105	test	assigned
mol_14106	test	assigned
mol_14107	test	assigned
mol_14108	test	sampled
mol_14109	test	assigned
mol_14110	test	assigned
mol_14111	test	sampled
mol_14112	val	assigned
mol_14113	train	assigned
mol_14114	train	assigned
mol_14115	train	sampled
mol_14116	val	assigned
mol_14117	val	sampled
mol_14118	val	assigned
mol_14119	val	assigned
mol_14120	val	assigned
mol_14121	val	assigned
mol_14122	val	assigned
mol_14123	train	assigned
mol_14124	train	sampled
mol_14125	train	sampled
mol_14126	train	assigned
mol_14127	train	assigned
mol_14128	val	sampled
mol_14129	val	sampled
mol_14130	train	assigned
mol_14131	train	assigned
mol_14132	val	sampled
mol_14133	val	assigned
mol_14134	train	assigned
mol_14135	train	assigned
mol_14136	val	assigned
mol_14137	train	sampled
mol_14138	val	assigned
mol_14139	val	assigned
mol_14140	val	assigned
mol_14141	val	assigned
mol_14142	val	assigned
mol_14143	train	sampled
mol_14144	val	assigned
mol_14145	train	sampled
mol_14146	train	assigned
mol_14147	val	assigned
mol_14148	train	sampled
mol_14149	val	sampled
mol_14150	val	assigned
mol_14151	train	assigned
mol_14152	train	assigned
mol_14153	val	assigned
mol_14154	train	sampled
mol_14155	train	assigned
mol_14156	train	sampled
mol_14157	train	assigned
mol_14158	train	sampled
mol_14159	val	assigned
mol_14160	val	assigned
mol_14161	train	assigned
mol_14162	train	assigned
mol_14163	train	sampled
mol_14164	train	assigned
mol_14165	train	sampled
mol_14166	test	assigned
mol_14167	test	assigned
mol_14168	test	sampled
mol_14169	test	sampled
mol_14170	train	sampled
mol_14171	train	assigned
mol_14172	test	sampled
mol_14173	test	sampled
mol_14174	train	sampled
mol_14175	train	assigned
mol_14176	train	sampled
mol_14177	train	assigned
mol_14178	train	assigned
mol_14179	train	assigned
mol_14180	train	assigned
mol_14181	train	sampled
mol_14182	train	assigned
mol_14183	train	sampled
mol_14184	train	assigned
mol_14185	train	assigned
mol_14186	train	sampled
mol_14187	train	assigned
mol_14188	train	assigned
mol_14189	train	sampled
mol_14190	train	sampled
mol_14191	train	assigned
mol_14192	train	sampled
mol_14193	val	assigned
mol_14194	train	sampled
mol_14195	train	assigned
mol_14196	train	assigned
mol_14197	val	assigned
mol_14198	train	sampled
mol_14199	train	assigned
mol_14200	val	sampled
mol_14201	test	assigned
mol_14202	train	assigned
mol_14203	train	assigned
mol_14204	test	assigned
mol_14205	test	assigned
mol_14206	train	sampled
mol_14207	test	sampled
mol_14208	train	sampled
mol_14209	train	assigned
mol_14210	train	assigned
mol_14211	train	assigned
mol_14212	train	assigned
mol_14213	train	assigned
mol_14214	train	assigned
mol_14215	train	assigned
mol_14216	train	assigned
mol_14217	train	assigned
mol_14218	train	sampled
mol_14219	train	assigned
mol_14220	train	assigned
mol_14221	train	sampled
mol_14222	train	sampled
mol_14223	train	assigned
mol_14224	train	sampled
mol_14225	train	assigned
mol_14226	train	assigned
mol_14227	train	assigned
mol_14228	train	assigned
mol_14229	train	assigned
mol_14230	train	assigned
mol_14231	train	assigned
mol_14232	train	assigned
mol_14233	train	assigned
mol_14234	train	assigned
mol_14235	train	assigned
mol_14236	val	assigned
mol_14237	train	assigned
mol_14238	train	assigned
mol_14239	train	assigned
mol_14240	train	sampled
mol_14241	train	assigned
mol_14242	train	assigned
mol_14243	train	assigned
mol_14244	train	assigned
mol_14245	train	assigned
mol_14246	train	assigned
mol_14247	train	assigned
mol_14248	train	assigned
mol_14249	train	assigned
mol_14250	train	assigned
mol_14251	train	assigned
mol_14252	train	assigned
mol_14253	train	assigned
mol_14254	train	assigned
mol_14255	train	assigned
mol_14256	train	assigned
mol_14257	train	assigned
mol_14258	train	assigned
mol_14259	train	assigned
mol_14260	train	assigned
mol_14261	train	sampled
mol_14262	train	assigned
mol_14263	train	assigned
mol_14264	val	sampled
mol_14265	train	sampled
mol_14266	train	assigned
mol_14267	val	assigned
mol_14268	val	assigned
mol_14269	val	assigned
mol_14270	val	assigned
mol_14271	val	assigned
mol_14272	train	assigned
mol_14273	train	sampled
mol_14274	train	assigned
mol_14275	val	sampled
mol_14276	val	assigned
mol_14277	train	sampled
mol_14278	val	assigned
mol_14279	train	sampled
mol_14280	train	sampled
mol_14281	train	assigned
mol_14282	train	assigned
mol_14283	test	sampled
mol_14284	train	assigned
mol_14285	train	assigned
mol_14286	val	sampled
mol_14287	train	assigned
mol_14288	val	assigned
mol_14289	val	assigned
mol_14290	train	assigned
mol_14291	train	assigned
mol_14292	train	assigned
mol_14293	train	sampled
mol_14294	train	assigned
mol_14295	val	sampled
mol_14296	val	assigned
mol_14297	val	assigned
mol_14298	val	assigned
mol_14299	test	sampled
mol_14300	test	sampled
mol_14301	test	assigned
mol_14302	val	sampled
mol_14303	train	sampled
mol_14304	train	sampled
mol_14305	train	assigned
mol_14306	test	assigned
mol_14307	train	sampled
mol_14308	train	assigned
mol_14309	train	assigned
mol_14310	train	sampled
mol_14311	train	sampled
mol_14312	train	assigned
mol_14313	train	assigned
mol_14314	train	sampled
mol_14315	train	sampled
mol_14316	test	assigned
mol_14317	train	assigned
mol_14318	train	assigned
mol_14319	train	assigned
mol_14320	train	sampled
mol_14321	train	assigned
mol_14322	train	assigned
mol_14323	train	assigned
mol_14324	train	sampled
mol_14325	train	assigned
mol_14326	train	sampled
mol_14327	val	assigned
mol_14328	train	assigned
mol_14329	train	assigned
mol_14330	train	assigned
mol_14331	train	assigned
mol_14332	train	assigned
mol_14333	train	assigned
mol_14334	val	assigned
mol_14335	test	assigned
mol_14336	val	assigned
mol_14337	test	assigned
mol_14338	train	assigned
mol_14339	train	assigned
mol_14340	train	assigned
mol_14341	train	assigned
mol_14342	train	assigned
mol_14343	train	assigned
mol_14344	train	sampled
mol_14345	train	assigned
mol_14346	train	assigned
mol_14347	val	assigned
mol_14348	val	assigned
mol_14349	train	assigned
mol_14350	train	sampled
mol_14351	train	assigned
mol_14352	train	assigned
mol_14353	train	assigned
mol_14354	train	sampled
mol_14355	train	sampled
mol_14356	train	sampled
mol_14357	train	assigned
mol_14358	train	assigned
mol_14359	train	sampled
mol_14360	train	sampled
mol_14361	val	sampled
mol_14362	train	assigned
mol_14363	train	sampled
mol_14364	val	assigned
mol_14365	train	sampled
mol_14366	train	sampled
mol_14367	val	assigned
mol_14368	val	assigned
mol_14369	train	assigned
mol_14370	train	assigned
mol_14371	train	assigned
mol_14372	train	assigned
mol_14373	train	assigned
mol_14374	train	assigned
mol_14375	train	assigned
mol_14376	train	assigned
mol_14377	train	assigned
mol_14378	val	assigned
mol_14379	train	assigned
mol_14380	train	assigned
mol_14381	train	sampled
mol_14382	train	assigned
mol_14383	val	assigned
mol_14384	train	sampled
mol_14385	train	assigned
mol_14386	train	assigned
mol_14387	train	assigned
mol_14388	train	assigned
mol_14389	train	assigned
mol_14390	train	assigned
mol_14391	train	assigned
mol_14392	train	assigned
mol_14393	train	assigned
mol_14394	train	assigned
mol_14395	train	assigned
mol_14396	train	assigned
mol_14397	train	assigned
mol_14398	train	sampled
mol_14399	train	sampled
mol_14400	train	assigned
mol_14401	train	assigned
mol_14402	train	sampled
mol_14403	train	sampled
mol_14404	train	assigned
mol_14405	train	assigned
mol_14406	train	sampled
mol_14407	train	assigned
mol_14408	train	assigned
mol_14409	train	assigned
mol_14410	train	assigned
mol_14411	train	assigned
mol_14412	train	sampled
mol_14413	train	assigned
mol_14414	train	assigned
mol_14415	train	assigned
mol_14416	train	assigned
mol_14417	train	sampled
mol_14418	train	assigned
mol_14419	train	assigned
mol_14420	train	sampled
mol_14421	train	sampled
mol_14422	train	assigned
mol_14423	train	assigned
mol_14424	train	sampled
mol_14425	train	assigned
mol_14426	train	assigned
mol_14427	train	sampled
mol_14428	train	sampled
mol_14429	train	assigned
mol_14430	train	assigned
mol_14431	train	assigned
mol_14432	train	assigned
mol_14433	train	assigned
mol_14434	train	assigned
mol_14435	train	assigned
mol_14436	train	assigned
mol_14437	train	assigned
mol_14438	train	sampled
mol_14439	train	assigned
mol_14440	test	assigned
mol_14441	test	assigned
mol_14442	train	sampled
mol_14443	val	sampled
mol_14444	train	assigned
mol_14445	train	sampled
mol_14446	train	sampled
mol_14447	train	assigned
mol_14448	train	assigned
mol_14449	train	assigned
mol_14450	train	assigned
mol_14451	train	assigned
mol_14452	train	sampled
mol_14453	train	sampled
mol_14454	train	sampled
mol_14455	train	assigned
mol_14456	train	assigned
mol_14457	train	assigned
mol_14458	test	sampled
mol_14459	test	assigned
mol_14460	val	assigned
mol_14461	test	assigned
mol_14462	test	assigned
mol_14463	val	assigned
mol_14464	train	assigned
mol_14465	train	assigned
mol_14466	test	assigned
mol_14467	test	sampled
mol_14468	test	assigned
mol_14469	val	assigned
mol_14470	val	sampled
mol_14471	test	sampled
mol_14472	train	assigned
mol_14473	train	sampled
mol_14474	train	assigned
mol_14475	train	sampled
mol_14476	train	assigned
mol_14477	train	assigned
mol_14478	train	assigned
mol_14479	train	assigned
mol_14480	train	sampled
mol_14481	train	assigned
mol_14482	train	assigned
mol_14483	train	sampled
mol_14484	val	assigned
mol_14485	val	assigned
mol_14486	val	assigned
mol_14487	train	sampled
mol_14488	val	sampled
mol_14489	val	assigned
mol_14490	val	assigned
mol_14491	val	assigned
mol_14492	val	assigned
mol_14493	val	sampled
mol_14494	val	sampled
mol_14495	val	assigned
mol_14496	train	assigned
mol_14497	val	assigned
mol_14498	val	assigned
mol_14499	val	sampled
mol_14500	val	sampled
mol_14501	val	assigned
mol_14502	val	assigned
mol_14503	train	assigned
mol_14504	val	assigned
mol_14505	train	sampled
mol_14506	train	assigned
mol_14507	train	assigned
mol_14508	train	sampled
mol_14509	train	assigned
mol_14510	val	assigned
mol_14511	val	sampled
mol_14512	val	assigned
mol_14513	val	sampled
mol_14514	val	sampled
mol_14515	val	assigned
mol_14516	val	assigned
mol_14517	train	assigned
mol_14518	val	assigned
mol_14519	val	assigned
mol_14520	val	assigned
mol_14521	val	assigned
mol_14522	val	sampled
mol_14523	train	assigned
mol_14524	val	sampled
mol_14525	val	assigned
mol_14526	val	sampled
mol_14527	val	assigned
mol_14528	val	assigned
mol_14529	train	assigned
mol_14530	train	assigned
mol_14531	test	assigned
mol_14532	test	assigned
mol_14533	train	assigned
mol_14534	val	assigned
mol_14535	train	assigned
mol_14536	train	assigned
mol_14537	train	assigned
mol_14538	val	assigned
mol_14539	train	sampled
mol_14540	val	sampled
mol_14541	val	assigned
mol_14542	train	assigned
mol_14543	train	sampled
mol_14544	train	assigned
mol_14545	val	assigned
mol_14546	val	assigned
mol_14547	val	assigned
mol_14548	test	assigned
mol_14549	val	assigned
mol_14550	train	assigned
mol_14551	train	assigned
mol_14552	train	assigned
mol_14553	train	assigned
mol_14554	train	assigned
mol_14555	train	sampled
mol_14556	train	assigned
mol_14557	train	assigned
mol_14558	train	sampled
mol_14559	train	assigned
mol_14560	train	assigned
mol_14561	train	assigned
mol_14562	train	assigned
mol_14563	train	assigned
mol_14564	train	assigned
mol_14565	train	sampled
mol_14566	train	assigned
mol_14567	train	assigned
mol_14568	train	assigned
mol_14569	train	assigned
mol_14570	train	assigned
mol_14571	train	assigned
mol_14572	train	assigned
mol_14573	train	sampled
mol_14574	train	assigned
mol_14575	train	sampled
mol_14576	train	sampled
mol_14577	train	assigned
mol_14578	train	assigned
mol_14579	train	sampled
mol_14580	train	assigned
mol_14581	train	assigned
mol_14582	train	assigned
mol_14583	val	sampled
mol_14584	train	sampled
mol_14585	train	assigned
mol_14586	train	assigned
mol_14587	train	assigned
mol_14588	train	assigned
mol_14589	train	sampled
mol_14590	train	assigned
mol_14591	train	assigned
mol_14592	train	assigned
mol_14593	train	assigned
mol_14594	train	assigned
mol_14595	train	sampled
mol_14596	train	assigned
mol_14597	train	assigned
mol_14598	train	assigned
mol_14599	train	assigned
mol_14600	train	assigned
mol_14601	test	assigned
mol_14602	train	assigned
mol_14603	train	assigned
mol_14604	val	assigned
mol_14605	train	assigned
mol_14606	train	sampled
mol_14607	train	assigned
mol_14608	train	assigned
mol_14609	train	assigned
mol_14610	train	assigned
mol_14611	train	assigned
mol_14612	train	assigned
mol_14613	train	sampled
mol_14614	train	assigned
mol_14615	train	assigned
mol_14616	train	assigned
mol_14617	train	assigned
mol_14618	train	assigned
mol_14619	train	assigned
mol_14620	train	assigned
mol_14621	val	assigned
mol_14622	train	assigned
mol_14623	train	sampled
mol_14624	train	assigned
mol_14625	train	sampled
mol_14626	train	assigned
mol_14627	train	sampled
mol_14628	train	assigned
mol_14629	train	assigned
mol_14630	train	assigned
mol_14631	train	sampled
mol_14632	train	sampled
mol_14633	val	assigned
mol_14634	train	sampled
mol_14635	train	assigned
mol_14636	train	assigned
mol_14637	train	assigned
mol_14638	val	assigned
mol_14639	val	assigned
mol_14640	val	assigned
mol_14641	train	assigned
mol_14642	train	assigned
mol_14643	val	assigned
mol_14644	train	sampled
mol_14645	train	assigned
mol_14646	train	sampled
mol_14647	train	sampled
mol_14648	train	assigned
mol_14649	train	sampled
mol_14650	train	assigned
mol_14651	train	assigned
mol_14652	train	sampled
mol_14653	train	assigned
mol_14654	train	assigned
mol_14655	train	sampled
mol_14656	train	assigned
mol_14657	test	sampled
mol_14658	train	assigned
mol_14659	train	assigned
mol_14660	train	sampled
mol_14661	train	assigned
mol_14662	train	assigned
mol_14663	train	assigned
mol_14664	train	sampled
mol_14665	train	assigned
mol_14666	train	assigned
mol_14667	test	assigned
mol_14668	test	sampled
mol_14669	test	assigned
mol_14670	test	assigned
mol_14671	test	assigned
mol_14672	test	assigned
mol_14673	test	sampled
mol_14674	test	assigned
mol_14675	test	assigned
mol_14676	train	assigned
mol_14677	train	assigned
mol_14678	test	assigned
mol_14679	test	assigned
mol_14680	test	sampled
mol_14681	test	assigned
mol_14682	test	sampled
mol_14683	val	assigned
mol_14684	val	assigned
mol_14685	val	assigned
mol_14686	val	sampled
mol_14687	train	assigned
mol_14688	train	assigned
mol_14689	val	assigned
mol_14690	train	assigned
mol_14691	val	assigned
mol_14692	val	assigned
mol_14693	val	assigned
mol_14694	val	assigned
mol_14695	val	sampled
mol_14696	train	assigned
mol_14697	train	assigned
mol_14698	val	assigned
mol_14699	train	sampled
mol_14700	train	assigned
mol_14701	train	assigned
mol_14702	train	assigned
mol_14703	train	assigned
mol_14704	train	sampled
mol_14705	train	assigned
mol_14706	train	assigned
mol_14707	train	assigned
mol_14708	train	assigned
mol_14709	train	sampled
mol_14710	train	assigned
mol_14711	train	sampled
mol_14712	train	sampled
mol_14713	train	assigned
mol_14714	train	assigned
mol_14715	train	assigned
mol_14716	train	assigned
mol_14717	train	assigned
mol_14718	train	assigned
mol_14719	train	assigned
mol_14720	train	assigned
mol_14721	train	assigned
mol_14722	train	assigned
mol_14723	train	sampled
mol_14724	train	assigned
mol_14725	train	assigned
mol_14726	train	assigned
mol_14727	train	assigned
mol_14728	train	assigned
mol_14729	train	sampled
mol_14730	train	assigned
mol_14731	train	assigned
mol_14732	train	assigned
mol_14733	train	assigned
mol_14734	train	sampled
mol_14735	train	assigned
mol_14736	train	sampled
mol_14737	train	sampled
mol_14738	train	assigned
mol_14739	train	assigned
mol_14740	train	assigned
mol_14741	train	sampled
mol_14742	train	sampled
mol_14743	train	assigned
mol_14744	train	assigned
mol_14745	train	assigned
mol_14746	train	assigned
mol_14747	train	sampled
mol_14748	train	assigned
mol_14749	train	sampled
mol_14750	train	sampled
mol_14751	train	assigned
mol_14752	train	assigned
mol_14753	train	assigned
mol_14754	train	assigned
mol_14755	train	assigned
mol_14756	train	sampled
mol_14757	train	sampled
mol_14758	train	assigned
mol_14759	train	assigned
mol_14760	train	assigned
mol_14761	val	assigned
mol_14762	train	assigned
mol_14763	val	assigned
mol_14764	val	assigned
mol_14765	train	sampled
mol_14766	train	sampled
mol_14767	test	assigned
mol_14768	test	sampled
mol_14769	train	sampled
mol_14770	val	assigned
mol_14771	train	assigned
mol_14772	train	assigned
mol_14773	train	sampled
mol_14774	train	sampled
mol_14775	train	assigned
mol_14776	train	assigned
mol_14777	train	sampled
mol_14778	train	assigned
mol_14779	train	assigned
mol_14780	train	assigned
mol_14781	train	assigned
mol_14782	train	assigned
mol_14783	train	assigned
mol_14784	train	sampled
mol_14785	train	assigned
mol_14786	train	assigned
mol_14787	train	assigned
mol_14788	train	assigned
mol_14789	val	sampled
mol_14790	train	assigned
mol_14791	val	sampled
mol_14792	val	sampled
mol_14793	train	assigned
mol_14794	train	sampled
mol_14795	train	assigned
mol_14796	train	sampled
mol_14797	train	assigned
mol_14798	train	assigned
mol_14799	train	assigned
mol_14800	train	assigned
mol_14801	train	assigned
mol_14802	train	sampled
mol_14803	train	sampled
mol_14804	train	sampled
mol_14805	train	assigned
mol_14806	train	sampled
mol_14807	train	sampled
mol_14808	train	assigned
mol_14809	train	assigned
mol_14810	val	assigned
mol_14811	val	assigned
mol_14812	train	sampled
mol_14813	train	assigned
mol_14814	train	assigned
mol_14815	train	sampled
mol_14816	train	assigned
mol_14817	train	assigned
mol_14818	train	assigned
mol_14819	test	assigned
mol_14820	train	assigned
mol_14821	test	assigned
mol_14822	train	assigned
mol_14823	train	assigned
mol_14824	train	assigned
mol_14825	train	assigned
mol_14826	train	assigned
mol_14827	train	sampled
mol_14828	train	sampled
mol_14829	train	sampled
mol_14830	train	sampled
mol_14831	train	assigned
mol_14832	test	sampled
mol_14833	train	assigned
mol_14834	train	assigned
mol_14835	val	assigned
mol_14836	train	assigned
mol_14837	train	assigned
mol_14838	test	assigned
mol_14839	train	assigned
mol_14840	train	sampled
mol_14841	val	assigned
mol_14842	train	assigned
mol_14843	val	assigned
mol_14844	val	sampled
mol_14845	train	sampled
mol_14846	val	assigned
mol_14847	train	assigned
mol_14848	train	sampled
mol_14849	train	assigned
mol_14850	train	assigned
mol_14851	train	sampled
mol_14852	val	assigned
mol_14853	train	assigned
mol_14854	train	assigned
mol_14855	train	assigned
mol_14856	train	sampled
mol_14857	train	sampled
mol_14858	train	assigned
mol_14859	train	assigned
mol_14860	val	assigned
mol_14861	val	assigned
mol_14862	train	assigned
mol_14863	val	assigned
mol_14864	train	assigned
mol_14865	train	sampled
mol_14866	val	assigned
mol_14867	train	sampled
mol_14868	train	assigned
mol_14869	val	sampled
mol_14870	val	assigned
mol_14871	train	sampled
mol_14872	train	sampled
mol_14873	train	assigned
mol_14874	train	sampled
mol_14875	train	sampled
mol_14876	train	assigned
mol_14877	train	assigned
mol_14878	train	assigned
mol_14879	val	assigned
mol_14880	train	assigned
mol_14881	train	sampled
mol_14882	train	assigned
mol_14883	train	assigned
mol_14884	train	sampled
mol_14885	train	assigned
mol_14886	val	sampled
mol_14887	train	assigned
mol_14888	train	assigned
mol_14889	train	assigned
mol_14890	train	sampled
mol_14891	train	assigned
mol_14892	train	assigned
mol_14893	train	assigned
mol_14894	train	sampled
mol_14895	train	assigned
mol_14896	train	assigned
mol_14897	train	assigned
mol_14898	train	sampled
mol_14899	train	assigned
mol_14900	train	assigned
mol_14901	train	assigned
mol_14902	val	assigned
mol_14903	train	assigned
mol_14904	train	assigned
mol_14905	train	assigned
mol_14906	train	assigned
mol_14907	train	sampled
mol_14908	train	assigned
mol_14909	val	assigned
mol_14910	val	assigned
mol_14911	train	assigned
mol_14912	train	assigned
mol_14913	train	sampled
mol_14914	train	assigned
mol_14915	train	assigned
mol_14916	train	sampled
mol_14917	train	sampled
mol_14918	train	sampled
mol_14919	val	assigned
mol_14920	train	sampled
mol_14921	train	assigned
mol_14922	train	sampled
mol_14923	test	assigned
mol_14924	train	assigned
mol_14925	train	assigned
mol_14926	train	assigned
mol_14927	train	sampled
mol_14928	train	sampled
mol_14929	train	assigned
mol_14930	train	sampled
mol_14931	train	assigned
mol_14932	train	assigned
mol_14933	train	sampled
mol_14934	train	sampled
mol_14935	val	assigned
mol_14936	train	sampled
mol_14937	train	assigned
mol_14938	train	assigned
mol_14939	val	assigned
mol_14940	train	sampled
mol_14941	train	assigned
mol_14942	train	sampled
mol_14943	train	sampled
mol_14944	train	sampled
mol_14945	train	sampled
mol_14946	train	assigned
mol_14947	train	assigned
mol_14948	train	sampled
mol_14949	train	assigned
mol_14950	train	assigned
mol_14951	train	assigned
mol_14952	train	assigned
mol_14953	train	assigned
mol_14954	train	assigned
mol_14955	train	assigned
mol_14956	train	sampled
mol_14957	train	sampled
mol_14958	train	sampled
mol_14959	train	assigned
mol_14960	val	assigned
mol_14961	train	assigned
mol_14962	val	assigned
mol_14963	train	assigned
mol_14964	train	assigned
mol_14965	train	assigned
mol_14966	val	sampled
mol_14967	train	assigned
mol_14968	train	assigned
mol_14969	train	sampled
mol_14970	train	assigned
mol_14971	train	assigned
mol_14972	val	assigned
mol_14973	train	assigned
mol_14974	train	assigned
mol_14975	val	assigned
mol_14976	val	assigned
mol_14977	train	sampled
mol_14978	train	sampled
mol_14979	train	assigned
mol_14980	train	assigned
mol_14981	val	sampled
mol_14982	train	assigned
mol_14983	train	sampled
mol_14984	train	assigned
mol_14985	train	assigned
mol_14986	train	assigned
mol_14987	train	assigned
mol_14988	train	assigned
mol_14989	train	sampled
mol_14990	train	assigned
mol_14991	train	assigned
mol_14992	train	assigned
mol_14993	train	sampled
mol_14994	train	assigned
mol_14995	train	assigned
mol_14996	train	assigned
mol_14997	train	assigned
mol_14998	train	sampled
mol_14999	train	assigned
mol_15000	train	sampled
mol_15001	train	assigned
mol_15002	train	sampled
mol_15003	train	assigned
mol_15004	train	assigned
mol_15005	train	assigned
mol_15006	train	assigned
mol_15007	train	assigned
mol_15008	train	assigned
mol_15009	train	assigned
mol_15010	train	assigned
mol_15011	train	assigned
mol_15012	train	assigned
mol_15013	train	sampled
mol_15014	train	assigned
mol_15015	train	assigned
mol_15016	train	sampled
mol_15017	train	sampled
mol_15018	train	sampled
mol_15019	train	assigned
mol_15020	train	assigned
mol_15021	train	assigned
mol_15022	train	assigned
mol_15023	train	assigned
mol_15024	train	sampled
mol_15025	val	assigned
mol_15026	train	assigned
mol_15027	train	sampled
mol_15028	train	assigned
mol_15029	train	assigned
mol_15030	val	sampled
mol_15031	train	sampled
mol_15032	train	assigned
mol_15033	train	assigned
mol_15034	train	assigned
mol_15035	train	sampled
mol_15036	train	assigned
mol_15037	train	assigned
mol_15038	val	assigned
mol_15039	train	sampled
mol_15040	train	assigned
mol_15041	train	assigned
mol_15042	train	assigned
mol_15043	val	assigned
mol_15044	val	sampled
mol_15045	val	sampled
mol_15046	train	sampled
mol_15047	train	assigned
mol_15048	train	assigned
mol_15049	train	assigned
mol_15050	test	assigned
mol_15051	train	assigned
mol_15052	train	assigned
mol_15053	train	assigned
mol_15054	train	assigned
mol_15055	train	assigned
mol_15056	train	sampled
mol_15057	train	sampled
mol_15058	test	assigned
mol_15059	train	assigned
mol_15060	train	assigned
mol_15061	val	assigned
mol_15062	test	assigned
mol_15063	train	assigned
mol_15064	val	assigned
mol_15065	train	assigned
mol_15066	train	assigned
mol_15067	train	assigned
mol_15068	train	assigned
mol_15069	train	sampled
mol_15070	train	assigned
mol_15071	train	assigned
mol_15072	train	assigned
mol_15073	train	sampled
mol_15074	train	assigned
mol_15075	train	sampled
mol_15076	train	assigned
mol_15077	train	assigned
mol_15078	train	assigned
mol_15079	train	sampled
mol_15080	train	assigned
mol_15081	val	sampled
mol_15082	train	assigned
mol_15083	train	sampled
mol_15084	train	assigned
mol_15085	train	assigned
mol_15086	train	assigned
mol_15087	train	assigned
mol_15088	train	assigned
mol_15089	train	assigned
mol_15090	train	assigned
mol_15091	train	assigned
mol_15092	train	sampled
mol_15093	train	assigned
mol_15094	train	assigned
mol_15095	train	assigned
mol_15096	train	assigned
mol_15097	train	sampled
mol_15098	train	assigned
mol_15099	train	assigned
mol_15100	train	assigned
mol_15101	train	assigned
mol_15102	train	sampled
mol_15103	train	assigned
mol_15104	val	assigned
mol_15105	train	assigned
mol_15106	train	assigned
mol_15107	train	sampled
mol_15108	train	assigned
mol_15109	train	assigned
mol_15110	train	assigned
mol_15111	val	assigned
mol_15112	train	sampled
mol_15113	val	sampled
mol_15114	train	assigned
mol_15115	train	assigned
mol_15116	train	assigned
mol_15117	val	assigned
mol_15118	train	assigned
mol_15119	train	sampled
mol_15120	train	assigned
mol_15121	train	assigned
mol_15122	train	assigned
mol_15123	train	assigned
mol_15124	train	assigned
mol_15125	train	sampled
mol_15126	train	sampled
mol_15127	test	assigned
mol_15128	train	assigned
mol_15129	val	assigned
mol_15130	val	sampled
mol_15131	train	assigned
mol_15132	val	assigned
mol_15133	val	assigned
mol_15134	val	assigned
mol_15135	val	assigned
mol_15136	val	assigned
mol_15137	test	sampled
mol_15138	train	assigned
mol_15139	test	assigned
mol_15140	train	sampled
mol_15141	train	assigned
mol_15142	val	assigned
mol_15143	train	sampled
mol_15144	val	assigned
mol_15145	val	assigned
mol_15146	val	sampled
mol_15147	val	assigned
mol_15148	val	assigned
mol_15149	val	assigned
mol_15150	val	assigned
mol_15151	test	assigned
mol_15152	train	assigned
mol_15153	train	sampled
mol_15154	val	assigned
mol_15155	train	assigned
mol_15156	val	assigned
mol_15157	train	assigned
mol_15158	train	sampled
mol_15159	train	assigned
mol_15160	train	assigned
mol_15161	train	assigned
mol_15162	train	assigned
mol_15163	train	assigned
mol_15164	train	assigned
mol_15165	val	assigned
mol_15166	train	assigned
mol_15167	train	assigned
mol_15168	val	assigned
mol_15169	train	assigned
mol_15170	train	assigned
mol_15171	val	sampled
mol_15172	train	assigned
mol_15173	train	assigned
mol_15174	train	assigned
mol_15175	train	assigned
mol_15176	val	sampled
mol_15177	train	sampled
mol_15178	train	sampled
mol_15179	train	assigned
mol_15180	val	sampled
mol_15181	train	sampled
mol_15182	train	assigned
mol_15183	train	assigned
mol_15184	train	assigned
mol_15185	train	assigned
mol_15186	train	assigned
mol_15187	train	assigned
mol_15188	train	sampled
mol_15189	train	sampled
mol_15190	train	assigned
mol_15191	train	sampled
mol_15192	train	sampled
mol_15193	train	assigned
mol_15194	train	assigned
mol_15195	train	assigned
mol_15196	train	assigned
mol_15197	train	assigned
mol_15198	train	assigned
mol_15199	train	sampled
mol_15200	train	assigned
mol_15201	train	assigned
mol_15202	train	assigned
mol_15203	val	assigned
mol_15204	train	assigned
mol_15205	val	assigned
mol_15206	train	assigned
mol_15207	train	assigned
mol_15208	train	assigned
mol_15209	train	sampled
mol_15210	train	assigned
mol_15211	val	assigned
mol_15212	val	assigned
mol_15213	val	assigned
mol_15214	train	sampled
mol_15215	train	assigned
mol_15216	train	assigned
mol_15217	train	assigned
mol_15218	train	assigned
mol_15219	val	sampled
mol_15220	val	assigned
mol_15221	val	assigned
mol_15222	train	assigned
mol_15223	train	assigned
mol_15224	train	assigned
mol_15225	train	assigned
mol_15226	train	assigned
mol_15227	train	assigned
mol_15228	val	assigned
mol_15229	train	assigned
mol_15230	val	assigned
mol_15231	val	assigned
mol_15232	val	sampled
mol_15233	val	assigned
mol_15234	val	assigned
mol_15235	train	assigned
mol_15236	train	sampled
mol_15237	train	assigned
mol_15238	train	sampled
mol_15239	test	sampled
mol_15240	test	assigned
mol_15241	train	sampled
mol_15242	train	sampled
mol_15243	train	sampled
mol_15244	train	assigned
mol_15245	val	assigned
mol_15246	val	assigned
mol_15247	train	assigned
mol_15248	train	assigned
mol_15249	train	assigned
mol_15250	train	assigned
mol_15251	train	assigned
mol_15252	val	assigned
mol_15253	val	sampled
mol_15254	train	assigned
mol_15255	train	assigned
mol_15256	train	assigned
mol_15257	train	assigned
mol_15258	train	assigned
mol_15259	train	sampled
mol_15260	train	sampled
mol_15261	train	assigned
mol_15262	train	assigned
mol_15263	train	assigned
mol_15264	train	assigned
mol_15265	train	sampled
mol_15266	train	assigned
mol_15267	train	sampled
mol_15268	train	sampled
mol_15269	train	sampled
mol_15270	train	assigned
mol_15271	train	assigned
mol_15272	train	assigned
mol_15273	test	sampled
mol_15274	test	sampled
mol_15275	train	assigned
mol_15276	train	assigned
mol_15277	train	assigned
mol_15278	test	sampled
mol_15279	train	assigned
mol_15280	val	sampled
mol_15281	val	assigned
mol_15282	val	assigned
mol_15283	val	assigned
mol_15284	val	assigned
mol_15285	val	assigned
mol_15286	val	sampled
mol_15287	train	assigned
mol_15288	test	assigned
mol_15289	train	sampled
mol_15290	train	assigned
mol_15291	train	sampled
mol_15292	train	sampled
mol_15293	train	assigned
mol_15294	train	sampled
mol_15295	train	assigned
mol_15296	val	sampled
mol_15297	val	sampled
mol_15298	test	sampled
mol_15299	train	assigned
mol_15300	train	assigned
mol_15301	train	assigned
mol_15302	train	assigned
mol_15303	train	assigned
mol_15304	train	assigned
mol_15305	train	assigned
mol_15306	train	assigned
mol_15307	train	sampled
mol_15308	test	sampled
mol_15309	train	assigned
mol_15310	train	assigned
mol_15311	val	sampled
mol_15312	val	assigned
mol_15313	test	assigned
mol_15314	train	assigned
mol_15315	val	sampled
mol_15316	val	assigned
mol_15317	train	assigned
mol_15318	val	assigned
mol_15319	train	assigned
mol_15320	train	sampled
mol_15321	val	assigned
mol_15322	train	assigned
mol_15323	test	assigned
mol_15324	train	assigned
mol_15325	train	assigned
mol_15326	train	assigned
mol_15327	val	assigned
mol_15328	train	assigned
mol_15329	train	assigned
mol_15330	val	assigned
mol_15331	train	assigned
mol_15332	train	assigned
mol_15333	val	assigned
mol_15334	train	sampled
mol_15335	val	assigned
mol_15336	val	assigned
mol_15337	train	sampled
mol_15338	val	assigned
mol_15339	val	assigned
mol_15340	val	assigned
mol_15341	train	assigned
mol_15342	train	assigned
mol_15343	val	assigned
mol_15344	train	assigned
mol_15345	train	assigned
mol_15346	train	assigned
mol_15347	train	assigned
mol_15348	train	sampled
mol_15349	val	assigned
mol_15350	val	sampled
mol_15351	val	assigned
mol_15352	val	assigned
mol_15353	train	sampled
mol_15354	val	assigned
mol_15355	val	assigned
mol_15356	val	assigned
mol_15357	train	assigned
mol_15358	val	assigned
mol_15359	val	assigned
mol_15360	val	assigned
mol_15361	test	assigned
mol_15362	train	assigned
mol_15363	train	sampled
mol_15364	train	sampled
mol_15365	train	assigned
mol_15366	train	assigned
mol_15367	val	assigned
mol_15368	train	assigned
mol_15369	train	assigned
mol_15370	train	assigned
mol_15371	train	assigned
mol_15372	train	assigned
mol_15373	train	assigned
mol_15374	train	assigned
mol_15375	train	assigned
mol_15376	val	assigned
mol_15377	train	assigned
mol_15378	train	assigned
mol_15379	train	assigned
mol_15380	val	assigned
mol_15381	val	sampled
mol_15382	train	assigned
mol_15383	train	assigned
mol_15384	val	sampled
mol_15385	val	assigned
mol_15386	train	assigned
mol_15387	train	assigned
mol_15388	train	assigned
mol_15389	train	assigned
mol_15390	train	assigned
mol_15391	train	assigned
mol_15392	train	sampled
mol_15393	train	assigned
mol_15394	train	sampled
mol_15395	train	sampled
mol_15396	train	assigned
mol_15397	train	sampled
mol_15398	train	assigned
mol_15399	train	assigned
mol_15400	train	sampled
mol_15401	train	assigned
mol_15402	train	assigned
mol_15403	train	assigned
mol_15404	train	sampled
mol_15405	train	assigned
mol_15406	train	assigned
mol_15407	val	assigned
mol_15408	train	assigned
mol_15409	train	assigned
mol_15410	train	assigned
mol_15411	train	sampled
mol_15412	train	assigned
mol_15413	train	assigned
mol_15414	val	assigned
mol_15415	val	sampled
mol_15416	train	assigned
mol_15417	train	assigned
mol_15418	train	sampled
mol_15419	train	assigned
mol_15420	train	assigned
mol_15421	train	sampled
mol_15422	train	assigned
mol_15423	train	sampled
mol_15424	train	assigned
mol_15425	train	assigned
mol_15426	train	assigned
mol_15427	test	assigned
mol_15428	test	assigned
mol_15429	val	assigned
mol_15430	train	assigned
mol_15431	val	sampled
mol_15432	train	assigned
mol_15433	val	sampled
mol_15434	val	assigned
mol_15435	train	sampled
mol_15436	train	assigned
mol_15437	train	assigned
mol_15438	train	assigned
mol_15439	train	assigned
mol_15440	val	assigned
mol_15441	train	assigned
mol_15442	train	assigned
mol_15443	train	sampled
mol_15444	train	sampled
mol_15445	train	assigned
mol_15446	train	assigned
mol_15447	train	assigned
mol_15448	train	assigned
mol_15449	train	assigned
mol_15450	train	assigned
mol_15451	train	assigned
mol_15452	train	sampled
mol_15453	train	assigned
mol_15454	train	assigned
mol_15455	train	assigned
mol_15456	train	assigned
mol_15457	train	assigned
mol_15458	train	assigned
mol_15459	train	sampled
mol_15460	train	assigned
mol_15461	train	sampled
mol_15462	train	assigned
mol_15463	train	assigned
mol_15464	train	assigned
mol_15465	train	assigned
mol_15466	train	assigned
mol_15467	train	assigned
mol_15468	train	sampled
mol_15469	train	sampled
mol_15470	train	assigned
mol_15471	train	assigned
mol_15472	train	assigned
mol_15473	train	assigned
mol_15474	train	assigned
mol_15475	train	assigned
mol_15476	train	sampled
mol_15477	train	assigned
mol_15478	train	assigned
mol_15479	train	assigned
mol_15480	train	assigned
mol_15481	test	sampled
mol_15482	test	assigned
mol_15483	test	assigned
mol_15484	test	assigned
mol_15485	test	assigned
mol_15486	test	sampled
mol_15487	test	assigned
mol_15488	train	assigned
mol_15489	train	assigned
mol_15490	test	sampled
mol_15491	test	sampled
mol_15492	test	assigned
mol_15493	test	assigned
mol_15494	train	assigned
mol_15495	train	assigned
mol_15496	train	assigned
mol_15497	train	sampled
mol_15498	train	assigned
mol_15499	train	sampled
mol_15500	train	assigned
mol_15501	train	assigned
mol_15502	train	assigned
mol_15503	train	assigned
mol_15504	train	assigned
mol_15505	train	assigned
mol_15506	train	assigned
mol_15507	train	sampled
mol_15508	train	assigned
mol_15509	train	sampled
mol_15510	train	assigned
mol_15511	train	assigned
mol_15512	train	assigned
mol_15513	train	assigned
mol_15514	train	assigned
mol_15515	train	assigned
mol_15516	train	assigned
mol_15517	train	assigned
mol_15518	train	assigned
mol_15519	val	assigned
mol_15520	train	assigned
mol_15521	train	assigned
mol_15522	train	assigned
mol_15523	train	assigned
mol_15524	train	assigned
mol_15525	train	assigned
mol_15526	train	sampled
mol_15527	train	assigned
mol_15528	train	assigned
mol_15529	train	sampled
mol_15530	train	assigned
mol_15531	train	assigned
mol_15532	train	assigned
mol_15533	train	assigned
mol_15534	train	assigned
mol_15535	train	assigned
mol_15536	train	assigned
mol_15537	train	assigned
mol_15538	train	assigned
mol_15539	train	assigned
mol_15540	train	assigned
mol_15541	train	sampled
mol_15542	train	assigned
mol_15543	train	assigned
mol_15544	train	assigned
mol_15545	val	assigned
mol_15546	train	assigned
mol_15547	train	assigned
mol_15548	train	assigned
mol_15549	train	assigned
mol_15550	train	sampled
mol_15551	val	assigned
mol_15552	val	assigned
mol_15553	train	sampled
mol_15554	train	assigned
mol_15555	train	sampled
mol_15556	train	sampled
mol_15557	train	sampled
mol_15558	train	sampled
mol_15559	train	sampled
mol_15560	train	assigned
mol_15561	train	sampled
mol_15562	train	assigned
mol_15563	train	assigned
mol_15564	train	sampled
mol_15565	train	assigned
mol_15566	train	sampled
mol_15567	train	assigned
mol_15568	train	assigned
mol_15569	train	assigned
mol_15570	train	sampled
mol_15571	val	assigned
mol_15572	train	sampled
mol_15573	val	assigned
mol_15574	val	assigned
mol_15575	val	sampled
mol_15576	train	sampled
mol_15577	train	assigned
mol_15578	train	assigned
mol_15579	val	assigned
mol_15580	train	assigned
mol_15581	train	assigned
mol_15582	test	assigned
mol_15583	val	assigned
mol_15584	val	assigned
mol_15585	val	assigned
mol_15586	val	assigned
mol_15587	val	assigned
mol_15588	test	assigned
mol_15589	train	assigned
mol_15590	train	assigned
mol_15591	train	assigned
mol_15592	train	assigned
mol_15593	train	assigned
mol_15594	train	sampled
mol_15595	train	assigned
mol_15596	train	assigned
mol_15597	train	assigned
mol_15598	train	assigned
mol_15599	train	sampled
mol_15600	train	assigned
mol_15601	train	sampled
mol_15602	train	assigned
mol_15603	train	sampled
mol_15604	train	assigned
mol_15605	val	assigned
mol_15606	train	sampled
mol_15607	train	assigned
mol_15608	val	assigned
mol_15609	train	sampled
mol_15610	train	sampled
mol_15611	train	assigned
mol_15612	train	sampled
mol_15613	train	assigned
mol_15614	train	sampled
mol_15615	train	assigned
mol_15616	train	assigned
mol_15617	train	sampled
mol_15618	train	assigned
mol_15619	train	assigned
mol_15620	train	assigned
mol_15621	train	sampled
mol_15622	val	assigned
mol_15623	train	assigned
mol_15624	val	assigned
mol_15625	train	sampled
mol_15626	train	assigned
mol_15627	train	assigned
mol_15628	val	assigned
mol_15629	train	assigned
mol_15630	val	assigned
mol_15631	val	assigned
mol_15632	train	sampled
mol_15633	train	sampled
mol_15634	train	assigned
mol_15635	val	assigned
mol_15636	val	assigned
mol_15637	val	sampled
mol_15638	val	assigned
mol_15639	val	assigned
mol_15640	val	assigned
mol_15641	val	assigned
mol_15642	val	assigned
mol_15643	train	assigned
mol_15644	train	assigned
mol_15645	train	assigned
mol_15646	train	assigned
mol_15647	train	assigned
mol_15648	train	assigned
mol_15649	train	assigned
mol_15650	train	sampled
mol_15651	train	assigned
mol_15652	train	sampled
mol_15653	train	assigned
mol_15654	train	assigned
mol_15655	train	assigned
mol_15656	train	sampled
mol_15657	train	assigned
mol_15658	train	assigned
mol_15659	train	assigned
mol_15660	train	assigned
mol_15661	train	assigned
mol_15662	val	sampled
mol_15663	val	assigned
mol_15664	train	assigned
mol_15665	train	sampled
mol_15666	train	sampled
mol_15667	val	assigned
mol_15668	train	assigned
mol_15669	test	assigned
mol_15670	train	sampled
mol_15671	val	assigned
mol_15672	val	sampled
mol_15673	train	sampled
mol_15674	train	assigned
mol_15675	train	assigned
mol_15676	train	assigned
mol_15677	train	assigned
mol_15678	train	assigned
mol_15679	train	assigned
mol_15680	train	assigned
mol_15681	train	assigned
mol_15682	train	assigned
mol_15683	train	assigned
mol_15684	train	assigned
mol_15685	train	assigned
mol_15686	train	sampled
mol_15687	train	assigned
mol_15688	train	assigned
mol_15689	train	assigned
mol_15690	train	assigned
mol_15691	train	assigned
mol_15692	train	assigned
mol_15693	train	assigned
mol_15694	val	assigned
mol_15695	val	assigned
mol_15696	train	assigned
mol_15697	train	assigned
mol_15698	train	assigned
mol_15699	train	assigned
mol_15700	val	assigned
mol_15701	train	assigned
mol_15702	train	assigned
mol_15703	train	assigned
mol_15704	train	assigned
mol_15705	test	assigned
mol_15706	train	assigned
mol_15707	train	assigned
mol_15708	train	assigned
mol_15709	train	sampled
mol_15710	train	assigned
mol_15711	train	sampled
mol_15712	train	sampled
mol_15713	train	assigned
mol_15714	train	assigned
mol_15715	train	assigned
mol_15716	train	assigned
mol_15717	train	assigned
mol_15718	train	sampled
mol_15719	train	assigned
mol_15720	train	assigned
mol_15721	train	assigned
mol_15722	val	assigned
mol_15723	train	assigned
mol_15724	train	assigned
mol_15725	train	sampled
mol_15726	train	sampled
mol_15727	train	assigned
mol_15728	train	assigned
mol_15729	val	assigned
mol_15730	val	assigned
mol_15731	val	sampled
mol_15732	val	assigned
mol_15733	val	assigned
mol_15734	val	assigned
mol_15735	val	assigned
mol_15736	train	assigned
mol_15737	train	assigned
mol_15738	test	assigned
mol_15739	test	assigned
mol_15740	test	assigned
mol_15741	test	sampled
mol_15742	test	sampled
mol_15743	train	assigned
mol_15744	train	assigned
mol_15745	train	assigned
mol_15746	train	assigned
mol_15747	train	sampled
mol_15748	train	assigned
mol_15749	train	assigned
mol_15750	train	assigned
mol_15751	train	sampled
mol_15752	train	assigned
mol_15753	train	assigned
mol_15754	train	assigned
mol_15755	train	sampled
mol_15756	train	assigned
mol_15757	train	sampled
mol_15758	train	assigned
mol_15759	train	assigned
mol_15760	train	assigned
mol_15761	train	assigned
mol_15762	train	assigned
mol_15763	train	assigned
mol_15764	train	assigned
mol_15765	train	assigned
mol_15766	train	assigned
mol_15767	train	assigned
mol_15768	train	assigned
mol_15769	train	sampled
mol_15770	val	assigned
mol_15771	val	assigned
mol_15772	train	assigned
mol_15773	train	assigned
mol_15774	val	assigned
mol_15775	train	assigned
mol_15776	train	assigned
mol_15777	train	sampled
mol_15778	train	assigned
mol_15779	val	assigned
mol_15780	val	sampled
mol_15781	val	assigned
mol_15782	val	assigned
mol_15783	val	sampled
mol_15784	val	assigned
mol_15785	val	assigned
mol_15786	val	assigned
mol_15787	val	assigned
mol_15788	train	assigned
mol_15789	val	sampled
mol_15790	val	assigned
mol_15791	train	assigned
mol_15792	train	assigned
mol_15793	train	assigned
mol_15794	train	assigned
mol_15795	train	assigned
mol_15796	train	assigned
mol_15797	train	assigned
mol_15798	train	assigned
mol_15799	train	assigned
mol_15800	train	sampled
mol_15801	train	sampled
mol_15802	train	assigned
mol_15803	train	assigned
mol_15804	train	assigned
mol_15805	val	sampled
mol_15806	val	assigned
mol_15807	val	assigned
mol_15808	train	assigned
mol_15809	train	sampled
mol_15810	val	assigned
mol_15811	val	assigned
mol_15812	val	assigned
mol_15813	train	assigned
mol_15814	train	assigned
mol_15815	train	assigned
mol_15816	val	assigned
mol_15817	train	assigned
mol_15818	train	assigned
mol_15819	val	assigned
mol_15820	train	assigned
mol_15821	test	sampled
mol_15822	test	sampled
mol_15823	test	assigned
mol_15824	val	sampled
mol_15825	train	assigned
mol_15826	train	sampled
mol_15827	train	assigned
mol_15828	train	assigned
mol_15829	train	assigned
mol_15830	train	assigned
mol_15831	test	assigned
mol_15832	train	sampled
mol_15833	val	assigned
mol_15834	train	sampled
mol_15835	test	assigned
mol_15836	train	assigned
mol_15837	train	assigned
mol_15838	test	sampled
mol_15839	test	assigned
mol_15840	val	assigned
mol_15841	val	assigned
mol_15842	train	assigned
mol_15843	train	assigned
mol_15844	train	assigned
mol_15845	train	assigned
mol_15846	train	assigned
mol_15847	train	assigned
mol_15848	train	assigned
mol_15849	val	assigned
mol_15850	train	assigned
mol_15851	train	sampled
mol_15852	test	assigned
mol_15853	test	assigned
mol_15854	test	assigned
mol_15855	val	assigned
mol_15856	val	assigned
mol_15857	val	assigned
mol_15858	val	assigned
mol_15859	test	assigned
mol_15860	train	assigned
mol_15861	train	assigned
mol_15862	train	assigned
mol_15863	train	assigned
mol_15864	train	sampled
mol_15865	train	sampled
mol_15866	train	assigned
mol_15867	train	assigned
mol_15868	train	assigned
mol_15869	train	sampled
mol_15870	train	assigned
mol_15871	train	sampled
mol_15872	test	assigned
mol_15873	train	assigned
mol_15874	val	assigned
mol_15875	test	sampled
mol_15876	test	assigned
mol_15877	train	assigned
mol_15878	train	sampled
mol_15879	train	assigned
mol_15880	test	assigned
mol_15881	train	assigned
mol_15882	val	assigned
mol_15883	train	assigned
mol_15884	train	sampled
mol_15885	train	assigned
mol_15886	val	assigned
mol_15887	val	assigned
mol_15888	train	assigned
mol_15889	val	assigned
mol_15890	train	assigned
mol_15891	train	assigned
mol_15892	train	assigned
mol_15893	train	assigned
mol_15894	train	sampled
mol_15895	train	assigned
mol_15896	train	assigned
mol_15897	train	sampled
mol_15898	train	assigned
mol_15899	train	assigned
mol_15900	train	assigned
mol_15901	train	assigned
mol_15902	train	assigned
mol_15903	train	assigned
mol_15904	train	assigned
mol_15905	train	assigned
mol_15906	train	assigned
mol_15907	val	assigned
mol_15908	train	assigned
mol_15909	train	assigned
mol_15910	train	sampled
mol_15911	train	assigned
mol_15912	train	sampled
mol_15913	train	assigned
mol_15914	train	sampled
mol_15915	val	assigned
mol_15916	train	assigned
mol_15917	val	sampled
mol_15918	val	assigned
mol_15919	val	assigned
mol_15920	train	sampled
mol_15921	train	assigned
mol_15922	train	assigned
mol_15923	val	assigned
mol_15924	train	assigned
mol_15925	train	assigned
mol_15926	train	assigned
mol_15927	val	assigned
mol_15928	train	assigned
mol_15929	val	assigned
mol_15930	val	assigned
mol_15931	val	sampled
mol_15932	train	assigned
mol_15933	train	assigned
mol_15934	train	assigned
mol_15935	train	assigned
mol_15936	train	assigned
mol_15937	val	sampled
mol_15938	train	assigned
mol_15939	train	assigned
mol_15940	val	assigned
mol_15941	train	assigned
mol_15942	train	assigned
mol_15943	train	assigned
mol_15944	train	assigned
mol_15945	train	assigned
mol_15946	train	assigned
mol_15947	val	assigned
mol_15948	val	assigned
mol_15949	test	assigned
mol_15950	train	assigned
mol_15951	train	sampled
mol_15952	train	assigned
mol_15953	train	assigned
mol_15954	train	assigned
mol_15955	test	assigned
mol_15956	train	assigned
mol_15957	train	assigned
mol_15958	train	assigned
mol_15959	train	sampled
mol_15960	train	assigned
mol_15961	train	assigned
mol_15962	train	sampled
mol_15963	train	assigned
mol_15964	train	assigned
mol_15965	test	assigned
mol_15966	val	assigned
mol_15967	train	sampled
mol_15968	val	sampled
mol_15969	val	assigned
mol_15970	val	assigned
mol_15971	val	assigned
mol_15972	val	assigned
mol_15973	test	assigned
mol_15974	train	sampled
mol_15975	train	assigned
mol_15976	train	assigned
mol_15977	train	assigned
mol_15978	train	sampled
mol_15979	train	assigned
mol_15980	val	assigned
mol_15981	test	assigned
mol_15982	test	assigned
mol_15983	test	sampled
mol_15984	val	sampled
mol_15985	train	assigned
mol_15986	train	assigned
mol_15987	val	assigned
mol_15988	val	assigned
mol_15989	val	assigned
mol_15990	val	assigned
mol_15991	val	assigned
mol_15992	test	sampled
mol_15993	train	assigned
mol_15994	train	assigned
mol_15995	train	assigned
mol_15996	train	assigned
mol_15997	train	assigned
mol_15998	train	sampled
mol_15999	train	sampled
mol_16000	train	assigned
mol_16001	train	assigned
mol_16002	test	assigned
mol_16003	train	sampled
mol_16004	train	assigned
mol_16005	train	assigned
mol_16006	train	assigned
mol_16007	train	assigned
mol_16008	train	assigned
mol_16009	train	assigned
mol_16010	val	assigned
mol_16011	train	assigned
mol_16012	val	assigned
mol_16013	train	assigned
mol_16014	val	assigned
mol_16015	train	assigned
mol_16016	train	assigned
mol_16017	train	assigned
mol_16018	train	assigned
mol_16019	train	assigned
mol_16020	train	assigned
mol_16021	train	assigned
mol_16022	train	assigned
mol_16023	train	assigned
mol_16024	train	assigned
mol_16025	test	assigned
mol_16026	test	assigned
mol_16027	val	assigned
mol_16028	val	assigned
mol_16029	train	assigned
mol_16030	test	assigned
mol_16031	val	sampled
mol_16032	test	assigned
mol_16033	val	assigned
mol_16034	val	assigned
mol_16035	val	assigned
mol_16036	val	sampled
mol_16037	test	assigned
mol_16038	val	assigned
mol_16039	val	assigned
mol_16040	test	assigned
mol_16041	val	sampled
mol_16042	val	assigned
mol_16043	val	assigned
mol_16044	val	assigned
mol_16045	val	assigned
mol_16046	val	assigned
mol_16047	val	assigned
mol_16048	val	sampled
mol_16049	val	assigned
mol_16050	val	sampled
mol_16051	val	sampled
mol_16052	train	assigned
mol_16053	train	assigned
mol_16054	train	sampled
mol_16055	train	sampled
mol_16056	train	assigned
mol_16057	train	assigned
mol_16058	train	assigned
mol_16059	val	assigned
mol_16060	train	assigned
mol_16061	train	assigned
mol_16062	train	sampled
mol_16063	train	assigned
mol_16064	val	assigned
mol_16065	val	assigned
mol_16066	train	assigned
mol_16067	train	sampled
mol_16068	val	sampled
mol_16069	train	sampled
mol_16070	train	assigned
mol_16071	train	sampled
mol_16072	train	assigned
mol_16073	train	assigned
mol_16074	train	assigned
mol_16075	train	assigned
mol_16076	train	assigned
mol_16077	train	assigned
mol_16078	train	assigned
mol_16079	train	assigned
mol_16080	train	assigned
mol_16081	val	assigned
mol_16082	train	assigned
mol_16083	train	assigned
mol_16084	train	assigned
mol_16085	val	sampled
mol_16086	train	assigned
mol_16087	train	assigned
mol_16088	train	assigned
mol_16089	train	sampled
mol_16090	train	assigned
mol_16091	train	assigned
mol_16092	train	assigned
mol_16093	train	assigned
mol_16094	train	sampled
mol_16095	val	assigned
mol_16096	train	sampled
mol_16097	train	assigned
mol_16098	train	assigned
mol_16099	test	assigned
mol_16100	train	sampled
mol_16101	train	assigned
mol_16102	test	assigned
mol_16103	test	assigned
mol_16104	test	sampled
mol_16105	val	assigned
mol_16106	val	sampled
mol_16107	val	assigned
mol_16108	val	assigned
mol_16109	val	assigned
mol_16110	val	assigned
mol_16111	train	sampled
mol_16112	train	sampled
mol_16113	train	sampled
mol_16114	train	sampled
mol_16115	train	sampled
mol_16116	train	assigned
mol_16117	train	assigned
mol_16118	train	sampled
mol_16119	train	assigned
mol_16120	train	assigned
mol_16121	train	assigned
mol_16122	train	assigned
mol_16123	train	assigned
mol_16124	val	sampled
mol_16125	val	sampled
mol_16126	val	assigned
mol_16127	val	assigned
mol_16128	train	assigned
mol_16129	val	assigned
mol_16130	train	assigned
mol_16131	train	assigned
mol_16132	val	assigned
mol_16133	val	sampled
mol_16134	train	assigned
mol_16135	val	assigned
mol_16136	test	assigned
mol_16137	train	assigned
mol_16138	train	assigned
mol_16139	val	assigned
mol_16140	val	sampled
mol_16141	val	assigned
mol_16142	test	assigned
mol_16143	train	assigned
mol_16144	val	sampled
mol_16145	test	sampled
mol_16146	test	assigned
mol_16147	val	assigned
mol_16148	test	assigned
mol_16149	train	assigned
mol_16150	train	assigned
mol_16151	train	assigned
mol_16152	test	assigned
mol_16153	test	sampled
mol_16154	test	assigned
mol_16155	test	sampled
mol_16156	test	assigned
mol_16157	train	sampled
mol_16158	test	assigned
mol_16159	train	assigned
mol_16160	train	assigned
mol_16161	train	assigned
mol_16162	train	sampled
mol_16163	train	assigned
mol_16164	train	sampled
mol_16165	train	assigned
mol_16166	train	assigned
mol_16167	train	assigned
mol_16168	train	assigned
mol_16169	train	sampled
mol_16170	train	sampled
mol_16171	train	sampled
mol_16172	train	assigned
mol_16173	train	assigned
mol_16174	train	assigned
mol_16175	train	assigned
mol_16176	train	sampled
mol_16177	train	sampled
mol_16178	train	sampled
mol_16179	train	sampled
mol_16180	train	sampled
mol_16181	train	assigned
mol_16182	train	assigned
mol_16183	train	assigned
mol_16184	train	assigned
mol_16185	train	sampled
mol_16186	train	assigned
mol_16187	train	assigned
mol_16188	train	assigned
mol_16189	val	assigned
mol_16190	train	assigned
mol_16191	train	assigned
mol_16192	train	assigned
mol_16193	train	assigned
mol_16194	train	assigned
mol_16195	train	assigned
mol_16196	train	assigned
mol_16197	train	assigned
mol_16198	train	assigned
mol_16199	val	assigned
mol_16200	train	sampled
mol_16201	train	sampled
mol_16202	train	assigned
mol_16203	train	assigned
mol_16204	train	assigned
mol_16205	train	assigned
mol_16206	train	assigned
mol_16207	train	sampled
mol_16208	train	assigned
mol_16209	train	assigned
mol_16210	train	assigned
mol_16211	train	assigned
mol_16212	train	assigned
mol_16213	train	assigned
mol_16214	train	sampled
mol_16215	train	assigned
mol_16216	train	assigned
mol_16217	train	assigned
mol_16218	train	assigned
mol_16219	train	assigned
mol_16220	train	assigned
mol_16221	train	assigned
mol_16222	train	assigned
mol_16223	train	assigned
mol_16224	train	sampled
mol_16225	val	assigned
mol_16226	train	assigned
mol_16227	train	sampled
mol_16228	train	assigned
mol_16229	val	sampled
mol_16230	train	assigned
mol_16231	train	sampled
mol_16232	train	assigned
mol_16233	train	sampled
mol_16234	val	assigned
mol_16235	val	assigned
mol_16236	train	assigned
mol_16237	train	assigned
mol_16238	train	assigned
mol_16239	val	assigned
mol_16240	val	assigned
mol_16241	train	assigned
mol_16242	train	sampled
mol_16243	train	assigned
mol_16244	train	assigned
mol_16245	train	assigned
mol_16246	train	assigned
mol_16247	train	sampled
mol_16248	train	assigned
mol_16249	train	assigned
mol_16250	val	assigned
mol_16251	train	assigned
mol_16252	train	assigned
mol_16253	train	sampled
mol_16254	train	assigned
mol_16255	val	assigned
mol_16256	train	sampled
mol_16257	val	assigned
mol_16258	val	assigned
mol_16259	val	assigned
mol_16260	train	assigned
mol_16261	train	assigned
mol_16262	val	sampled
mol_16263	train	assigned
mol_16264	train	sampled
mol_16265	val	assigned
mol_16266	train	assigned
mol_16267	train	assigned
mol_16268	train	assigned
mol_16269	train	assigned
mol_16270	train	sampled
mol_16271	val	assigned
mol_16272	train	assigned
mol_16273	train	assigned
mol_16274	train	assigned
mol_16275	train	assigned
mol_16276	train	assigned
mol_16277	val	assigned
mol_16278	train	sampled
mol_16279	train	assigned
mol_16280	val	assigned
mol_16281	val	sampled
mol_16282	train	assigned
mol_16283	train	assigned
mol_16284	train	sampled
mol_16285	train	assigned
mol_16286	train	sampled
mol_16287	train	assigned
mol_16288	val	assigned
mol_16289	train	assigned
mol_16290	train	sampled
mol_16291	val	assigned
mol_16292	train	assigned
mol_16293	train	sampled
mol_16294	val	sampled
mol_16295	train	assigned
mol_16296	val	sampled
mol_16297	train	sampled
mol_16298	train	sampled
mol_16299	test	assigned
mol_16300	val	assigned
mol_16301	val	assigned
mol_16302	val	assigned
mol_16303	val	assigned
mol_16304	val	assigned
mol_16305	test	assigned
mol_16306	val	assigned
mol_16307	val	sampled
mol_16308	val	assigned
mol_16309	val	assigned
mol_16310	val	assigned
mol_16311	val	assigned
mol_16312	val	assigned
mol_16313	val	assigned
mol_16314	val	assigned
mol_16315	val	sampled
mol_16316	train	sampled
mol_16317	val	sampled
mol_16318	train	assigned
mol_16319	train	assigned
mol_16320	train	assigned
mol_16321	train	assigned
mol_16322	train	assigned
mol_16323	train	assigned
mol_16324	train	assigned
mol_16325	train	sampled
mol_16326	test	assigned
mol_16327	train	assigned
mol_16328	val	assigned
mol_16329	train	sampled
mol_16330	train	sampled
mol_16331	train	assigned
mol_16332	train	sampled
mol_16333	train	assigned
mol_16334	train	sampled
mol_16335	train	assigned
mol_16336	val	assigned
mol_16337	train	sampled
mol_16338	train	assigned
mol_16339	train	assigned
mol_16340	train	assigned
mol_16341	train	sampled
mol_16342	train	sampled
mol_16343	train	assigned
mol_16344	train	assigned
mol_16345	train	sampled
mol_16346	train	assigned
mol_16347	train	assigned
mol_16348	train	assigned
mol_16349	train	assigned
mol_16350	train	assigned
mol_16351	train	assigned
mol_16352	train	assigned
mol_16353	train	assigned
mol_16354	train	assigned
mol_16355	train	sampled
mol_16356	train	sampled
mol_16357	train	assigned
mol_16358	train	sampled
mol_16359	train	sampled
mol_16360	train	assigned
mol_16361	train	assigned
mol_16362	train	sampled
mol_16363	train	assigned
mol_16364	train	assigned
mol_16365	train	assigned
mol_16366	train	sampled
mol_16367	train	assigned
mol_16368	train	assigned
mol_16369	train	assigned
mol_16370	train	assigned
mol_16371	val	assigned
mol_16372	train	sampled
mol_16373	test	assigned
mol_16374	train	assigned
mol_16375	val	assigned
mol_16376	train	assigned
mol_16377	train	assigned
mol_16378	test	assigned
mol_16379	train	assigned
mol_16380	test	sampled
mol_16381	train	assigned
mol_16382	val	assigned
mol_16383	test	assigned
mol_16384	test	assigned
mol_16385	test	assigned
mol_16386	val	assigned
mol_16387	train	sampled
mol_16388	test	assigned
mol_16389	test	assigned
mol_16390	val	assigned
mol_16391	test	assigned
mol_16392	val	assigned
mol_16393	test	assigned
mol_16394	val	assigned
mol_16395	val	assigned
mol_16396	val	assigned
mol_16397	val	sampled
mol_16398	test	sampled
mol_16399	test	assigned
mol_16400	train	assigned
mol_16401	val	sampled
mol_16402	val	assigned
mol_16403	val	sampled
mol_16404	test	assigned
mol_16405	train	assigned
mol_16406	train	assigned
mol_16407	train	assigned
mol_16408	val	assigned
mol_16409	train	assigned
mol_16410	train	assigned
mol_16411	train	assigned
mol_16412	train	assigned
mol_16413	train	assigned
mol_16414	train	sampled
mol_16415	train	assigned
mol_16416	train	sampled
mol_16417	train	assigned
mol_16418	train	assigned
mol_16419	train	assigned
mol_16420	train	sampled
mol_16421	train	assigned
mol_16422	train	assigned
mol_16423	train	sampled
mol_16424	train	assigned
mol_16425	train	assigned
mol_16426	train	sampled
mol_16427	train	assigned
mol_16428	train	assigned
mol_16429	train	sampled
mol_16430	train	assigned
mol_16431	train	sampled
mol_16432	train	sampled
mol_16433	train	assigned
mol_16434	train	assigned
mol_16435	train	assigned
mol_16436	train	assigned
mol_16437	train	assigned
mol_16438	train	assigned
mol_16439	train	assigned
mol_16440	train	assigned
mol_16441	val	assigned
mol_16442	train	assigned
mol_16443	train	assigned
mol_16444	train	assigned
mol_16445	train	assigned
mol_16446	val	assigned
mol_16447	val	assigned
mol_16448	train	assigned
mol_16449	val	assigned
mol_16450	train	assigned
mol_16451	train	sampled
mol_16452	train	assigned
mol_16453	train	assigned
mol_16454	val	assigned
mol_16455	val	assigned
mol_16456	train	assigned
mol_16457	train	assigned
mol_16458	val	assigned
mol_16459	train	assigned
mol_16460	test	assigned
mol_16461	test	assigned
mol_16462	train	assigned
mol_16463	train	sampled
mol_16464	train	assigned
mol_16465	train	assigned
mol_16466	train	sampled
mol_16467	train	sampled
mol_16468	train	assigned
mol_16469	train	assigned
mol_16470	train	sampled
mol_16471	val	sampled
mol_16472	train	assigned
mol_16473	train	assigned
mol_16474	train	assigned
mol_16475	train	assigned
mol_16476	val	assigned
mol_16477	val	assigned
mol_16478	val	assigned
mol_16479	val	assigned
mol_16480	val	assigned
mol_16481	val	assigned
mol_16482	val	assigned
mol_16483	test	assigned
mol_16484	test	assigned
mol_16485	test	assigned
mol_16486	val	assigned
mol_16487	train	sampled
mol_16488	test	assigned
mol_16489	val	assigned
mol_16490	val	assigned
mol_16491	train	assigned
mol_16492	val	assigned
mol_16493	val	assigned
mol_16494	val	assigned
mol_16495	val	assigned
mol_16496	val	assigned
mol_16497	val	sampled
mol_16498	val	assigned
mol_16499	train	assigned
mol_16500	train	assigned
mol_16501	train	assigned
mol_16502	train	assigned
mol_16503	train	assigned
mol_16504	train	assigned
mol_16505	train	assigned
mol_16506	train	assigned
mol_16507	train	assigned
mol_16508	train	assigned
mol_16509	train	assigned
mol_16510	train	assigned
mol_16511	train	sampled
mol_16512	train	assigned
mol_16513	train	assigned
mol_16514	train	assigned
mol_16515	train	assigned
mol_16516	train	assigned
mol_16517	train	assigned
mol_16518	train	assigned
mol_16519	train	assigned
mol_16520	train	assigned
mol_16521	train	assigned
mol_16522	train	sampled
mol_16523	val	assigned
mol_16524	train	assigned
mol_16525	train	assigned
mol_16526	train	assigned
mol_16527	val	assigned
mol_16528	val	assigned
mol_16529	train	sampled
mol_16530	val	sampled
mol_16531	val	assigned
mol_16532	val	assigned
mol_16533	val	assigned
mol_16534	val	assigned
mol_16535	val	assigned
mol_16536	val	sampled
mol_16537	val	assigned
mol_16538	val	assigned
mol_16539	val	assigned
mol_16540	val	assigned
mol_16541	val	assigned
mol_16542	test	sampled
mol_16543	train	assigned
mol_16544	train	assigned
mol_16545	train	sampled
mol_16546	train	assigned
mol_16547	val	assigned
mol_16548	train	assigned
mol_16549	val	assigned
mol_16550	val	sampled
mol_16551	val	assigned
mol_16552	val	sampled
mol_16553	val	assigned
mol_16554	val	assigned
mol_16555	test	assigned
mol_16556	val	assigned
mol_16557	val	assigned
mol_16558	val	assigned
mol_16559	val	assigned
mol_16560	val	assigned
mol_16561	val	assigned
mol_16562	train	assigned
mol_16563	val	assigned
mol_16564	val	assigned
mol_16565	val	assigned
mol_16566	val	assigned
mol_16567	val	assigned
mol_16568	val	assigned
mol_16569	val	assigned
mol_16570	val	sampled
mol_16571	train	assigned
mol_16572	val	sampled
mol_16573	val	assigned
mol_16574	val	assigned
mol_16575	val	assigned
mol_16576	train	assigned
mol_16577	val	sampled
mol_16578	train	assigned
mol_16579	train	assigned
mol_16580	train	assigned
mol_16581	val	assigned
mol_16582	train	assigned
mol_16583	train	sampled
mol_16584	train	assigned
mol_16585	train	assigned
mol_16586	train	assigned
mol_16587	train	sampled
mol_16588	train	assigned
mol_16589	train	assigned
mol_16590	train	assigned
mol_16591	train	sampled
mol_16592	val	assigned
mol_16593	train	assigned
mol_16594	train	sampled
mol_16595	val	assigned
mol_16596	train	sampled
mol_16597	train	sampled
mol_16598	train	assigned
mol_16599	train	sampled
mol_16600	train	assigned
mol_16601	val	sampled
mol_16602	test	assigned
mol_16603	test	assigned
mol_16604	test	sampled
mol_16605	train	assigned
mol_16606	test	assigned
mol_16607	test	assigned
mol_16608	test	assigned
mol_16609	train	sampled
mol_16610	train	assigned
mol_16611	val	assigned
mol_16612	train	assigned
mol_16613	train	sampled
mol_16614	train	sampled
mol_16615	val	assigned
mol_16616	train	assigned
mol_16617	train	assigned
mol_16618	train	assigned
mol_16619	train	assigned
mol_16620	train	sampled
mol_16621	train	sampled
mol_16622	train	assigned
mol_16623	train	assigned
mol_16624	train	assigned
mol_16625	train	assigned
mol_16626	train	assigned
mol_16627	train	sampled
mol_16628	train	assigned
mol_16629	train	assigned
mol_16630	train	assigned
mol_16631	train	assigned
mol_16632	train	assigned
mol_16633	train	assigned
mol_16634	train	sampled
mol_16635	train	assigned
mol_16636	train	assigned
mol_16637	train	sampled
mol_16638	train	assigned
mol_16639	train	assigned
mol_16640	train	assigned
mol_16641	train	assigned
mol_16642	train	assigned
mol_16643	train	sampled
mol_16644	train	assigned
mol_16645	train	assigned
mol_16646	train	assigned
mol_16647	train	assigned
mol_16648	train	assigned
mol_16649	train	assigned
mol_16650	train	assigned
mol_16651	train	assigned
mol_16652	train	assigned
mol_16653	train	assigned
mol_16654	train	assigned
mol_16655	train	assigned
mol_16656	train	sampled
mol_16657	train	sampled
mol_16658	train	sampled
mol_16659	train	assigned
mol_16660	train	sampled
mol_16661	train	assigned
mol_16662	train	assigned
mol_16663	train	assigned
mol_16664	train	assigned
mol_16665	train	assigned
mol_16666	train	sampled
mol_16667	train	assigned
mol_16668	train	assigned
mol_16669	train	assigned
mol_16670	train	assigned
mol_16671	train	assigned
mol_16672	train	assigned
mol_16673	train	assigned
mol_16674	train	assigned
mol_16675	train	sampled
mol_16676	train	assigned
mol_16677	train	assigned
mol_16678	train	assigned
mol_16679	train	assigned
mol_16680	train	sampled
mol_16681	val	assigned
mol_16682	train	assigned
mol_16683	train	assigned
mol_16684	train	sampled
mol_16685	train	assigned
mol_16686	train	assigned
mol_16687	train	assigned
mol_16688	train	assigned
mol_16689	train	assigned
mol_16690	train	assigned
mol_16691	train	assigned
mol_16692	train	assigned
mol_16693	val	assigned
mol_16694	train	sampled
mol_16695	train	assigned
mol_16696	train	sampled
mol_16697	train	assigned
mol_16698	train	assigned
mol_16699	train	assigned
mol_16700	train	assigned
mol_16701	train	assigned
mol_16702	train	assigned
mol_16703	train	sampled
mol_16704	train	assigned
mol_16705	val	assigned
mol_16706	train	assigned
mol_16707	train	sampled
mol_16708	train	assigned
mol_16709	train	assigned
mol_16710	train	assigned
mol_16711	train	sampled
mol_16712	train	assigned
mol_16713	train	assigned
mol_16714	train	assigned
mol_16715	train	assigned
mol_16716	train	sampled
mol_16717	train	assigned
mol_16718	train	assigned
mol_16719	train	assigned
mol_16720	train	assigned
mol_16721	train	sampled
mol_16722	train	assigned
mol_16723	val	assigned
mol_16724	train	assigned
mol_16725	val	assigned
mol_16726	train	assigned
mol_16727	train	assigned
mol_16728	train	assigned
mol_16729	train	assigned
mol_16730	train	sampled
mol_16731	train	assigned
mol_16732	val	assigned
mol_16733	train	assigned
mol_16734	train	assigned
mol_16735	train	sampled
mol_16736	train	sampled
mol_16737	val	assigned
mol_16738	val	assigned
mol_16739	val	sampled
mol_16740	val	assigned
mol_16741	train	assigned
mol_16742	train	sampled
mol_16743	train	assigned
mol_16744	train	assigned
mol_16745	train	assigned
mol_16746	train	assigned
mol_16747	train	assigned
mol_16748	train	assigned
mol_16749	train	assigned
mol_16750	train	assigned
mol_16751	val	sampled
mol_16752	train	assigned
mol_16753	train	assigned
mol_16754	train	assigned
mol_16755	train	assigned
mol_16756	train	assigned
mol_16757	train	assigned
mol_16758	train	assigned
mol_16759	train	assigned
mol_16760	train	assigned
mol_16761	train	assigned
mol_16762	train	assigned
mol_16763	train	assigned
mol_16764	train	sampled
mol_16765	train	sampled
mol_16766	train	assigned
mol_16767	train	assigned
mol_16768	train	sampled
mol_16769	train	assigned
mol_16770	train	assigned
mol_16771	train	assigned
mol_16772	train	assigned
mol_16773	train	sampled
mol_16774	train	assigned
mol_16775	train	assigned
mol_16776	train	assigned
mol_16777	train	assigned
mol_16778	val	assigned
mol_16779	train	assigned
mol_16780	train	sampled
mol_16781	train	assigned
mol_16782	train	assigned
mol_16783	train	assigned
mol_16784	train	assigned
mol_16785	train	sampled
mol_16786	train	assigned
mol_16787	train	sampled
mol_16788	train	assigned
mol_16789	train	assigned
mol_16790	train	sampled
mol_16791	train	assigned
mol_16792	train	sampled
mol_16793	train	assigned
mol_16794	train	sampled
mol_16795	train	assigned
mol_16796	train	assigned
mol_16797	train	assigned
mol_16798	train	assigned
mol_16799	train	assigned
mol_16800	train	assigned
mol_16801	val	sampled
mol_16802	train	assigned
mol_16803	train	assigned
mol_16804	val	sampled
mol_16805	train	assigned
mol_16806	train	assigned
mol_16807	train	sampled
mol_16808	train	sampled
mol_16809	train	sampled
mol_16810	train	assigned
mol_16811	train	sampled
mol_16812	train	assigned
mol_16813	val	assigned
mol_16814	train	assigned
mol_16815	train	sampled
mol_16816	train	assigned
mol_16817	train	sampled
mol_16818	train	sampled
mol_16819	train	assigned
mol_16820	train	assigned
mol_16821	train	assigned
mol_16822	train	assigned
mol_16823	train	assigned
mol_16824	train	assigned
mol_16825	train	sampled
mol_16826	train	sampled
mol_16827	train	assigned
mol_16828	train	sampled
mol_16829	train	assigned
mol_16830	train	assigned
mol_16831	train	sampled
mol_16832	train	assigned
mol_16833	train	assigned
mol_16834	train	assigned
mol_16835	val	assigned
mol_16836	train	assigned
mol_16837	val	sampled
mol_16838	val	assigned
mol_16839	train	assigned
mol_16840	train	assigned
mol_16841	val	sampled
mol_16842	val	assigned
mol_16843	val	assigned
mol_16844	val	assigned
mol_16845	val	assigned
mol_16846	train	sampled
mol_16847	train	assigned
mol_16848	val	assigned
mol_16849	train	assigned
mol_16850	val	assigned
mol_16851	val	sampled
mol_16852	test	sampled
mol_16853	train	assigned
mol_16854	train	assigned
mol_16855	train	assigned
mol_16856	train	assigned
mol_16857	train	assigned
mol_16858	train	sampled
mol_16859	train	assigned
mol_16860	train	assigned
mol_16861	train	assigned
mol_16862	train	assigned
mol_16863	train	assigned
mol_16864	train	assigned
mol_16865	train	assigned
mol_16866	train	assigned
mol_16867	train	assigned
mol_16868	train	assigned
mol_16869	train	sampled
mol_16870	test	sampled
mol_16871	val	assigned
mol_16872	val	assigned
mol_16873	train	assigned
mol_16874	test	assigned
mol_16875	train	assigned
mol_16876	train	assigned
mol_16877	train	assigned
mol_16878	train	assigned
mol_16879	val	assigned
mol_16880	train	assigned
mol_16881	train	assigned
mol_16882	train	assigned
mol_16883	val	sampled
mol_16884	val	assigned
mol_16885	val	assigned
mol_16886	train	sampled
mol_16887	train	assigned
mol_16888	train	assigned
mol_16889	train	assigned
mol_16890	train	assigned
mol_16891	train	assigned
mol_16892	train	assigned
mol_16893	train	assigned
mol_16894	train	sampled
mol_16895	train	assigned
mol_16896	train	assigned
mol_16897	train	assigned
mol_16898	train	sampled
mol_16899	train	assigned
mol_16900	train	assigned
mol_16901	train	assigned
mol_16902	train	sampled
mol_16903	train	assigned
mol_16904	train	assigned
mol_16905	test	assigned
mol_16906	train	assigned
mol_16907	val	assigned
mol_16908	train	sampled
mol_16909	train	assigned
mol_16910	train	assigned
mol_16911	train	assigned
mol_16912	train	sampled
mol_16913	train	assigned
mol_16914	train	sampled
mol_16915	train	assigned
mol_16916	train	assigned
mol_16917	train	assigned
mol_16918	train	sampled
mol_16919	train	assigned
mol_16920	train	assigned
mol_16921	val	sampled
mol_16922	train	assigned
mol_16923	val	assigned
mol_16924	train	assigned
mol_16925	train	assigned
mol_16926	train	assigned
mol_16927	train	assigned
mol_16928	train	assigned
mol_16929	train	assigned
mol_16930	train	sampled
mol_16931	train	assigned
mol_16932	test	assigned
mol_16933	train	assigned
mol_16934	val	assigned
mol_16935	train	assigned
mol_16936	train	sampled
mol_16937	train	assigned
mol_16938	train	assigned
mol_16939	train	assigned
mol_16940	train	assigned
mol_16941	train	assigned
mol_16942	train	sampled
mol_16943	val	assigned
mol_16944	val	assigned
mol_16945	val	assigned
mol_16946	val	assigned
mol_16947	train	sampled
mol_16948	train	sampled
mol_16949	train	assigned
mol_16950	train	assigned
mol_16951	train	assigned
mol_16952	train	assigned
mol_16953	train	assigned
mol_16954	train	sampled
mol_16955	train	assigned
mol_16956	val	assigned
mol_16957	val	assigned
mol_16958	train	assigned
mol_16959	train	assigned
mol_16960	train	assigned
mol_16961	train	assigned
mol_16962	train	assigned
mol_16963	val	assigned
mol_16964	train	assigned
mol_16965	train	assigned
mol_16966	train	sampled
mol_16967	train	assigned
mol_16968	train	assigned
mol_16969	train	sampled
mol_16970	train	assigned
mol_16971	train	sampled
mol_16972	train	assigned
mol_16973	train	assigned
mol_16974	train	assigned
mol_16975	test	assigned
mol_16976	train	assigned
mol_16977	val	assigned
mol_16978	train	assigned
mol_16979	train	assigned
mol_16980	val	assigned
mol_16981	train	sampled
mol_16982	train	sampled
mol_16983	train	assigned
mol_16984	train	assigned
mol_16985	train	assigned
mol_16986	train	assigned
mol_16987	train	sampled
mol_16988	train	assigned
mol_16989	train	assigned
mol_16990	train	assigned
mol_16991	train	assigned
mol_16992	train	assigned
mol_16993	train	sampled
mol_16994	val	assigned
mol_16995	train	assigned
mol_16996	train	sampled
mol_16997	train	assigned
mol_16998	train	assigned
mol_16999	val	assigned
mol_17000	train	sampled
mol_17001	train	assigned
mol_17002	train	sampled
mol_17003	val	assigned
mol_17004	val	assigned
mol_17005	val	sampled
mol_17006	test	assigned
mol_17007	test	assigned
mol_17008	train	assigned
mol_17009	test	assigned
mol_17010	train	assigned
mol_17011	val	assigned
mol_17012	train	assigned
mol_17013	test	assigned
mol_17014	train	assigned
mol_17015	test	assigned
mol_17016	train	sampled
mol_17017	train	assigned
mol_17018	train	assigned
mol_17019	train	assigned
mol_17020	test	assigned
mol_17021	train	sampled
mol_17022	test	assigned
mol_17023	val	assigned
mol_17024	train	assigned
mol_17025	train	sampled
mol_17026	train	assigned
mol_17027	train	assigned
mol_17028	train	sampled
mol_17029	train	assigned
mol_17030	train	assigned
mol_17031	train	sampled
mol_17032	train	assigned
mol_17033	train	assigned
mol_17034	train	sampled
mol_17035	train	assigned
mol_17036	train	assigned
mol_17037	val	assigned
mol_17038	train	assigned
mol_17039	train	sampled
mol_17040	train	assigned
mol_17041	train	assigned
mol_17042	train	assigned
mol_17043	train	assigned
mol_17044	train	assigned
mol_17045	train	assigned
mol_17046	train	assigned
mol_17047	train	sampled
mol_17048	val	sampled
mol_17049	val	assigned
mol_17050	train	sampled
mol_17051	val	assigned
mol_17052	val	sampled
mol_17053	val	sampled
mol_17054	train	sampled
mol_17055	val	sampled
mol_17056	train	assigned
mol_17057	val	assigned
mol_17058	train	assigned
mol_17059	train	assigned
mol_17060	train	assigned
mol_17061	val	assigned
mol_17062	train	assigned
mol_17063	train	assigned
mol_17064	train	assigned
mol_17065	train	assigned
mol_17066	train	assigned
mol_17067	train	assigned
mol_17068	train	assigned
mol_17069	train	assigned
mol_17070	train	assigned
mol_17071	train	assigned
mol_17072	train	sampled
mol_17073	val	assigned
mol_17074	train	assigned
mol_17075	train	sampled
mol_17076	train	assigned
mol_17077	train	assigned
mol_17078	train	sampled
mol_17079	val	sampled
mol_17080	train	sampled
mol_17081	train	assigned
mol_17082	train	sampled
mol_17083	val	assigned
mol_17084	val	assigned
mol_17085	val	assigned
mol_17086	val	assigned
mol_17087	val	assigned
mol_17088	val	assigned
mol_17089	val	sampled
mol_17090	val	assigned
mol_17091	train	assigned
mol_17092	val	assigned
mol_17093	train	assigned
mol_17094	val	assigned
mol_17095	train	assigned
mol_17096	train	assigned
mol_17097	train	assigned
mol_17098	train	assigned
mol_17099	train	sampled
mol_17100	train	assigned
mol_17101	train	assigned
mol_17102	train	sampled
mol_17103	train	assigned
mol_17104	train	sampled
mol_17105	train	assigned
mol_17106	train	assigned
mol_17107	train	assigned
mol_17108	train	assigned
mol_17109	train	sampled
mol_17110	train	assigned
mol_17111	val	assigned
mol_17112	val	assigned
mol_17113	val	assigned
mol_17114	val	assigned
mol_17115	val	sampled
mol_17116	val	assigned
mol_17117	val	assigned
mol_17118	val	assigned
mol_17119	train	sampled
mol_17120	val	sampled
mol_17121	train	assigned
mol_17122	val	assigned
mol_17123	val	assigned
mol_17124	train	assigned
mol_17125	train	sampled
mol_17126	val	sampled
mol_17127	train	assigned
mol_17128	train	sampled
mol_17129	val	assigned
mol_17130	train	assigned
mol_17131	test	assigned
mol_17132	train	assigned
mol_17133	train	assigned
mol_17134	train	sampled
mol_17135	train	sampled
mol_17136	val	sampled
mol_17137	val	assigned
mol_17138	val	assigned
mol_17139	val	assigned
mol_17140	val	assigned
mol_17141	val	sampled
mol_17142	val	assigned
mol_17143	train	assigned
mol_17144	train	assigned
mol_17145	train	assigned
mol_17146	train	assigned
mol_17147	train	sampled
mol_17148	train	assigned
mol_17149	train	assigned
mol_17150	train	assigned
mol_17151	train	assigned
mol_17152	train	assigned
mol_17153	train	assigned
mol_17154	train	assigned
mol_17155	train	assigned
mol_17156	train	assigned
mol_17157	train	assigned
mol_17158	train	assigned
mol_17159	train	assigned
mol_17160	test	assigned
mol_17161	train	assigned
mol_17162	train	sampled
mol_17163	train	assigned
mol_17164	train	sampled
mol_17165	train	assigned
mol_17166	train	assigned
mol_17167	train	assigned
mol_17168	val	assigned
mol_17169	train	assigned
mol_17170	train	assigned
mol_17171	train	assigned
mol_17172	train	sampled
mol_17173	test	assigned
mol_17174	test	assigned
mol_17175	test	assigned
mol_17176	test	sampled
mol_17177	test	assigned
mol_17178	train	assigned
mol_17179	train	sampled
mol_17180	val	assigned
mol_17181	train	assigned
mol_17182	val	assigned
mol_17183	train	assigned
mol_17184	train	assigned
mol_17185	train	sampled
mol_17186	val	assigned
mol_17187	train	assigned
mol_17188	train	assigned
mol_17189	train	assigned
mol_17190	train	sampled
mol_17191	train	sampled
mol_17192	train	sampled
mol_17193	val	sampled
mol_17194	val	assigned
mol_17195	train	assigned
mol_17196	train	sampled
mol_17197	train	assigned
mol_17198	train	assigned
mol_17199	train	assigned
mol_17200	train	assigned
mol_17201	train	sampled
mol_17202	train	assigned
mol_17203	train	sampled
mol_17204	val	assigned
mol_17205	train	assigned
mol_17206	train	assigned
mol_17207	val	assigned
mol_17208	val	assigned
mol_17209	val	assigned
mol_17210	val	assigned
mol_17211	train	assigned
mol_17212	train	sampled
mol_17213	val	sampled
mol_17214	train	assigned
mol_17215	train	assigned
mol_17216	train	assigned
mol_17217	train	sampled
mol_17218	val	assigned
mol_17219	train	assigned
mol_17220	train	sampled
mol_17221	train	assigned
mol_17222	train	sampled
mol_17223	train	assigned
mol_17224	val	assigned
mol_17225	train	assigned
mol_17226	test	assigned
mol_17227	train	sampled
mol_17228	val	assigned
mol_17229	train	assigned
mol_17230	train	assigned
mol_17231	train	assigned
mol_17232	train	assigned
mol_17233	train	sampled
mol_17234	val	assigned
mol_17235	val	sampled
mol_17236	train	assigned
mol_17237	val	assigned
mol_17238	val	assigned
mol_17239	val	sampled
mol_17240	train	sampled
mol_17241	val	assigned
mol_17242	val	assigned
mol_17243	val	assigned
mol_17244	val	assigned
mol_17245	train	assigned
mol_17246	train	assigned
mol_17247	val	sampled
mol_17248	train	assigned
mol_17249	val	sampled
mol_17250	val	assigned
mol_17251	train	assigned
mol_17252	train	assigned
mol_17253	val	assigned
mol_17254	train	assigned
mol_17255	train	sampled
mol_17256	train	assigned
mol_17257	train	assigned
mol_17258	train	sampled
mol_17259	train	sampled
mol_17260	train	assigned
mol_17261	val	assigned
mol_17262	val	assigned
mol_17263	train	assigned
mol_17264	train	assigned
mol_17265	train	sampled
mol_17266	train	assigned
mol_17267	train	sampled
mol_17268	train	assigned
mol_17269	train	assigned
mol_17270	train	assigned
mol_17271	train	sampled
mol_17272	train	assigned
mol_17273	train	assigned
mol_17274	train	assigned
mol_17275	train	assigned
mol_17276	train	assigned
mol_17277	train	assigned
mol_17278	val	assigned
mol_17279	train	assigned
mol_17280	train	assigned
mol_17281	train	assigned
mol_17282	train	assigned
mol_17283	train	assigned
mol_17284	val	sampled
mol_17285	val	assigned
mol_17286	train	assigned
mol_17287	val	assigned
mol_17288	train	assigned
mol_17289	train	assigned
mol_17290	test	assigned
mol_17291	test	assigned
mol_17292	test	sampled
mol_17293	test	assigned
mol_17294	test	assigned
mol_17295	val	assigned
mol_17296	train	assigned
mol_17297	train	assigned
mol_17298	val	assigned
mol_17299	train	assigned
mol_17300	train	assigned
mol_17301	val	assigned
mol_17302	val	assigned
mol_17303	train	assigned
mol_17304	train	assigned
mol_17305	val	assigned
mol_17306	train	assigned
mol_17307	train	assigned
mol_17308	train	assigned
mol_17309	train	assigned
mol_17310	train	assigned
mol_17311	train	sampled
mol_17312	train	assigned
mol_17313	val	assigned
mol_17314	train	assigned
mol_17315	train	sampled
mol_17316	train	assigned
mol_17317	val	assigned
mol_17318	train	sampled
mol_17319	train	sampled
mol_17320	train	assigned
mol_17321	val	assigned
mol_17322	test	assigned
mol_17323	train	assigned
mol_17324	train	sampled
mol_17325	val	assigned
mol_17326	test	assigned
mol_17327	train	assigned
mol_17328	train	assigned
mol_17329	val	assigned
mol_17330	train	assigned
mol_17331	train	assigned
mol_17332	train	assigned
mol_17333	train	assigned
mol_17334	train	assigned
mol_17335	val	assigned
mol_17336	val	assigned
mol_17337	train	assigned
mol_17338	test	assigned
mol_17339	test	sampled
mol_17340	train	sampled
mol_17341	train	assigned
mol_17342	train	assigned
mol_17343	train	assigned
mol_17344	val	assigned
mol_17345	train	assigned
mol_17346	train	assigned
mol_17347	train	assigned
mol_17348	test	sampled
mol_17349	test	assigned
mol_17350	train	assigned
mol_17351	train	assigned
mol_17352	train	assigned
mol_17353	train	sampled
mol_17354	train	sampled
mol_17355	train	assigned
mol_17356	val	sampled
mol_17357	train	assigned
mol_17358	val	assigned
mol_17359	val	assigned
mol_17360	val	assigned
mol_17361	val	assigned
mol_17362	val	sampled
mol_17363	val	assigned
mol_17364	train	sampled
mol_17365	val	sampled
mol_17366	val	sampled
mol_17367	train	sampled
mol_17368	train	assigned
mol_17369	val	assigned
mol_17370	train	assigned
mol_17371	train	assigned
mol_17372	val	assigned
mol_17373	val	assigned
mol_17374	train	assigned
mol_17375	val	assigned
mol_17376	val	assigned
mol_17377	val	assigned
mol_17378	val	assigned
mol_17379	val	assigned
mol_17380	train	assigned
mol_17381	train	sampled
mol_17382	val	sampled
mol_17383	train	assigned
mol_17384	val	assigned
mol_17385	train	sampled
mol_17386	train	assigned
mol_17387	val	assigned
mol_17388	val	assigned
mol_17389	val	assigned
mol_17390	train	assigned
mol_17391	val	assigned
mol_17392	train	assigned
mol_17393	val	assigned
mol_17394	train	assigned
mol_17395	train	assigned
mol_17396	train	assigned
mol_17397	train	assigned
mol_17398	train	sampled
mol_17399	val	assigned
mol_17400	val	assigned
mol_17401	train	assigned
mol_17402	train	assigned
mol_17403	train	assigned
mol_17404	train	assigned
mol_17405	train	assigned
mol_17406	train	assigned
mol_17407	train	assigned
mol_17408	train	assigned
mol_17409	train	assigned
mol_17410	train	assigned
mol_17411	train	assigned
mol_17412	train	assigned
mol_17413	train	assigned
mol_17414	train	assigned
mol_17415	train	assigned
mol_17416	val	sampled
mol_17417	train	assigned
mol_17418	train	sampled
mol_17419	train	assigned
mol_17420	train	assigned
mol_17421	train	assigned
mol_17422	val	assigned
mol_17423	train	assigned
mol_17424	train	assigned
mol_17425	train	assigned
mol_17426	val	assigned
mol_17427	val	assigned
mol_17428	train	sampled
mol_17429	val	assigned
mol_17430	train	assigned
mol_17431	train	assigned
mol_17432	train	sampled
mol_17433	train	sampled
mol_17434	train	assigned
mol_17435	train	assigned
mol_17436	train	sampled
mol_17437	train	sampled
mol_17438	train	assigned
mol_17439	train	assigned
mol_17440	train	assigned
mol_17441	train	assigned
mol_17442	train	sampled
mol_17443	train	assigned
mol_17444	train	sampled
mol_17445	train	assigned
mol_17446	train	assigned
mol_17447	train	assigned
mol_17448	train	assigned
mol_17449	train	assigned
mol_17450	train	assigned
mol_17451	train	assigned
mol_17452	train	sampled
mol_17453	test	assigned
mol_17454	train	assigned
mol_17455	val	assigned
mol_17456	train	assigned
mol_17457	train	sampled
mol_17458	train	assigned
mol_17459	test	assigned
mol_17460	train	assigned
mol_17461	val	assigned
mol_17462	val	sampled
mol_17463	val	assigned
mol_17464	train	assigned
mol_17465	val	assigned
mol_17466	val	assigned
mol_17467	train	assigned
mol_17468	val	assigned
mol_17469	train	assigned
mol_17470	train	assigned
mol_17471	train	sampled
mol_17472	val	assigned
mol_17473	val	assigned
mol_17474	val	sampled
mol_17475	train	assigned
mol_17476	val	sampled
mol_17477	val	assigned
mol_17478	train	assigned
mol_17479	val	sampled
mol_17480	train	assigned
mol_17481	train	assigned
mol_17482	val	assigned
mol_17483	train	sampled
mol_17484	train	assigned
mol_17485	val	assigned
mol_17486	train	assigned
mol_17487	val	assigned
mol_17488	train	assigned
mol_17489	train	assigned
mol_17490	val	sampled
mol_17491	train	assigned
mol_17492	val	assigned
mol_17493	val	assigned
mol_17494	train	assigned
mol_17495	val	assigned
mol_17496	train	sampled
mol_17497	train	assigned
mol_17498	train	sampled
mol_17499	train	assigned
mol_17500	train	assigned
mol_17501	train	assigned
mol_17502	train	assigned
mol_17503	train	sampled
mol_17504	train	assigned
mol_17505	train	assigned
mol_17506	train	assigned
mol_17507	train	assigned
mol_17508	train	assigned
mol_17509	val	assigned
mol_17510	train	assigned
mol_17511	val	sampled
mol_17512	train	sampled
mol_17513	train	assigned
mol_17514	val	assigned
mol_17515	val	sampled
mol_17516	train	sampled
mol_17517	val	assigned
mol_17518	val	assigned
mol_17519	test	assigned
mol_17520	val	sampled
mol_17521	val	assigned
mol_17522	train	assigned
mol_17523	train	assigned
mol_17524	test	assigned
mol_17525	train	assigned
mol_17526	val	assigned
mol_17527	train	assigned
mol_17528	val	assigned
mol_17529	val	assigned
mol_17530	val	assigned
mol_17531	val	sampled
mol_17532	val	assigned
mol_17533	train	assigned
mol_17534	train	assigned
mol_17535	train	assigned
mol_17536	train	assigned
mol_17537	train	assigned
mol_17538	val	assigned
mol_17539	val	sampled
mol_17540	train	assigned
mol_17541	val	assigned
mol_17542	train	sampled
mol_17543	val	assigned
mol_17544	val	assigned
mol_17545	train	assigned
mol_17546	val	assigned
mol_17547	val	sampled
mol_17548	val	assigned
mol_17549	train	assigned
mol_17550	train	assigned
mol_17551	val	assigned
mol_17552	val	assigned
mol_17553	train	assigned
mol_17554	train	sampled
mol_17555	val	sampled
mol_17556	train	assigned
mol_17557	train	assigned
mol_17558	val	assigned
mol_17559	val	sampled
mol_17560	train	assigned
mol_17561	val	assigned
mol_17562	train	assigned
mol_17563	val	assigned
mol_17564	val	assigned
mol_17565	val	assigned
mol_17566	val	sampled
mol_17567	train	assigned
mol_17568	val	assigned
mol_17569	train	assigned
mol_17570	val	assigned
mol_17571	val	assigned
mol_17572	val	assigned
mol_17573	val	assigned
mol_17574	val	sampled
mol_17575	val	assigned
mol_17576	val	assigned
mol_17577	val	assigned
mol_17578	val	assigned
mol_17579	val	assigned
mol_17580	val	assigned
mol_17581	val	sampled
mol_17582	val	sampled
mol_17583	val	assigned
mol_17584	val	assigned
mol_17585	train	assigned
mol_17586	val	assigned
mol_17587	train	assigned
mol_17588	val	assigned
mol_17589	val	assigned
mol_17590	val	sampled
mol_17591	val	assigned
mol_17592	val	assigned
mol_17593	val	assigned
mol_17594	val	assigned
mol_17595	val	assigned
mol_17596	val	assigned
mol_17597	val	assigned
mol_17598	val	assigned
mol_17599	val	assigned
mol_17600	val	assigned
mol_17601	train	assigned
mol_17602	val	assigned
mol_17603	train	assigned
mol_17604	val	assigned
mol_17605	train	assigned
mol_17606	train	assigned
mol_17607	train	sampled
mol_17608	train	assigned
mol_17609	train	assigned
mol_17610	train	assigned
mol_17611	train	assigned
mol_17612	train	assigned
mol_17613	val	assigned
mol_17614	train	sampled
mol_17615	train	assigned
mol_17616	train	assigned
mol_17617	test	assigned
mol_17618	train	assigned
mol_17619	train	assigned
mol_17620	train	assigned
mol_17621	train	assigned
mol_17622	train	assigned
mol_17623	train	assigned
mol_17624	train	assigned
mol_17625	train	assigned
mol_17626	train	assigned
mol_17627	train	assigned
mol_17628	train	assigned
mol_17629	train	assigned
mol_17630	train	assigned
mol_17631	train	sampled
mol_17632	train	assigned
mol_17633	train	assigned
mol_17634	train	assigned
mol_17635	train	assigned
mol_17636	train	assigned
mol_17637	train	assigned
mol_17638	train	assigned
mol_17639	train	sampled
mol_17640	train	assigned
mol_17641	train	sampled
mol_17642	train	assigned
mol_17643	train	assigned
mol_17644	train	sampled
mol_17645	train	sampled
mol_17646	train	sampled
mol_17647	train	sampled
mol_17648	val	assigned
mol_17649	train	assigned
mol_17650	train	assigned
mol_17651	train	assigned
mol_17652	train	assigned
mol_17653	train	assigned
mol_17654	train	assigned
mol_17655	train	assigned
mol_17656	train	sampled
mol_17657	train	assigned
mol_17658	train	assigned
mol_17659	train	assigned
mol_17660	train	sampled
mol_17661	train	assigned
mol_17662	val	assigned
mol_17663	train	assigned
mol_17664	train	sampled
mol_17665	train	assigned
mol_17666	train	sampled
mol_17667	test	assigned
mol_17668	train	sampled
mol_17669	train	assigned
mol_17670	train	assigned
mol_17671	train	assigned
mol_17672	train	sampled
mol_17673	val	assigned
mol_17674	train	assigned
mol_17675	train	assigned
mol_17676	train	assigned
mol_17677	train	assigned
mol_17678	train	sampled
mol_17679	train	assigned
mol_17680	train	sampled
mol_17681	train	assigned
mol_17682	train	assigned
mol_17683	train	sampled
mol_17684	train	assigned
mol_17685	train	assigned
mol_17686	train	sampled
mol_17687	train	assigned
mol_17688	train	sampled
mol_17689	train	assigned
mol_17690	train	assigned
mol_17691	train	assigned
mol_17692	val	assigned
mol_17693	train	assigned
mol_17694	train	assigned
mol_17695	train	assigned
mol_17696	test	assigned
mol_17697	train	assigned
mol_17698	train	sampled
mol_17699	train	assigned
mol_17700	train	assigned
mol_17701	test	assigned
mol_17702	test	assigned
mol_17703	train	assigned
mol_17704	train	sampled
mol_17705	train	assigned
mol_17706	test	assigned
mol_17707	train	assigned
mol_17708	train	assigned
mol_17709	train	assigned
mol_17710	train	assigned
mol_17711	train	assigned
mol_17712	train	sampled
mol_17713	train	assigned
mol_17714	train	sampled
mol_17715	train	assigned
mol_17716	train	assigned
mol_17717	train	sampled
mol_17718	train	assigned
mol_17719	train	assigned
mol_17720	train	sampled
mol_17721	train	sampled
mol_17722	train	sampled
mol_17723	train	assigned
mol_17724	train	assigned
mol_17725	train	assigned
mol_17726	train	assigned
mol_17727	train	assigned
mol_17728	train	sampled
mol_17729	train	assigned
mol_17730	train	assigned
mol_17731	train	sampled
mol_17732	train	assigned
mol_17733	train	assigned
mol_17734	train	assigned
mol_17735	train	sampled
mol_17736	train	sampled
mol_17737	train	assigned
mol_17738	train	assigned
mol_17739	train	assigned
mol_17740	train	assigned
mol_17741	train	assigned
mol_17742	train	sampled
mol_17743	train	assigned
mol_17744	train	assigned
mol_17745	train	assigned
mol_17746	train	sampled
mol_17747	train	assigned
mol_17748	train	assigned
mol_17749	train	assigned
mol_17750	test	assigned
mol_17751	test	sampled
mol_17752	test	assigned
mol_17753	test	assigned
mol_17754	test	assigned
mol_17755	test	assigned
mol_17756	val	sampled
mol_17757	train	sampled
mol_17758	train	assigned
mol_17759	val	assigned
mol_17760	val	assigned
mol_17761	train	assigned
mol_17762	train	assigned
mol_17763	train	assigned
mol_17764	train	assigned
mol_17765	train	assigned
mol_17766	train	sampled
mol_17767	val	assigned
mol_17768	train	assigned
mol_17769	train	assigned
mol_17770	train	sampled
mol_17771	train	assigned
mol_17772	train	assigned
mol_17773	train	assigned
mol_17774	train	assigned
mol_17775	train	assigned
mol_17776	train	assigned
mol_17777	train	assigned
mol_17778	train	assigned
mol_17779	train	assigned
mol_17780	train	sampled
mol_17781	train	sampled
mol_17782	train	assigned
mol_17783	train	assigned
mol_17784	train	sampled
mol_17785	train	assigned
mol_17786	train	assigned
mol_17787	train	assigned
mol_17788	train	assigned
mol_17789	train	assigned
mol_17790	train	assigned
mol_17791	train	assigned
mol_17792	val	assigned
mol_17793	train	assigned
mol_17794	train	assigned
mol_17795	train	sampled
mol_17796	train	assigned
mol_17797	train	assigned
mol_17798	train	assigned
mol_17799	train	assigned
mol_17800	train	assigned
mol_17801	train	assigned
mol_17802	train	sampled
mol_17803	train	assigned
mol_17804	train	assigned
mol_17805	train	assigned
mol_17806	train	assigned
mol_17807	train	sampled
mol_17808	train	sampled
mol_17809	train	assigned
mol_17810	train	assigned
mol_17811	train	assigned
mol_17812	train	sampled
mol_17813	train	assigned
mol_17814	train	assigned
mol_17815	train	sampled
mol_17816	train	assigned
mol_17817	train	sampled
mol_17818	train	assigned
mol_17819	train	sampled
mol_17820	val	assigned
mol_17821	train	assigned
mol_17822	train	sampled
mol_17823	train	assigned
mol_17824	train	assigned
mol_17825	train	sampled
mol_17826	train	assigned
mol_17827	train	sampled
mol_17828	train	sampled
mol_17829	train	assigned
mol_17830	train	assigned
mol_17831	train	assigned
mol_17832	train	sampled
mol_17833	train	assigned
mol_17834	train	assigned
mol_17835	train	assigned
mol_17836	train	assigned
mol_17837	train	assigned
mol_17838	train	assigned
mol_17839	train	assigned
mol_17840	test	assigned
mol_17841	val	assigned
mol_17842	train	assigned
mol_17843	train	assigned
mol_17844	val	assigned
mol_17845	val	assigned
mol_17846	train	sampled
mol_17847	train	assigned
mol_17848	train	assigned
mol_17849	val	assigned
mol_17850	val	assigned
mol_17851	train	sampled
mol_17852	val	assigned
mol_17853	val	assigned
mol_17854	train	sampled
mol_17855	val	assigned
mol_17856	train	assigned
mol_17857	train	assigned
mol_17858	train	assigned
mol_17859	train	sampled
mol_17860	val	sampled
mol_17861	val	assigned
mol_17862	val	assigned
mol_17863	train	assigned
mol_17864	train	assigned
mol_17865	train	assigned
mol_17866	train	assigned
mol_17867	train	sampled
mol_17868	test	assigned
mol_17869	train	assigned
mol_17870	train	assigned
mol_17871	train	assigned
mol_17872	val	assigned
mol_17873	val	assigned
mol_17874	train	assigned
mol_17875	train	assigned
mol_17876	val	assigned
mol_17877	train	sampled
mol_17878	train	assigned
mol_17879	train	assigned
mol_17880	train	assigned
mol_17881	train	assigned
mol_17882	val	assigned
mol_17883	train	assigned
mol_17884	train	assigned
mol_17885	val	assigned
mol_17886	train	assigned
mol_17887	train	assigned
mol_17888	train	assigned
mol_17889	train	assigned
mol_17890	train	assigned
mol_17891	val	assigned
mol_17892	train	assigned
mol_17893	train	sampled
mol_17894	test	sampled
mol_17895	train	assigned
mol_17896	val	assigned
mol_17897	test	assigned
mol_17898	test	assigned
mol_17899	train	assigned
mol_17900	train	assigned
mol_17901	train	assigned
mol_17902	train	sampled
mol_17903	train	assigned
mol_17904	train	assigned
mol_17905	train	assigned
mol_17906	train	assigned
mol_17907	train	assigned
mol_17908	train	assigned
mol_17909	train	sampled
mol_17910	train	assigned
mol_17911	train	assigned
mol_17912	train	sampled
mol_17913	train	assigned
mol_17914	train	assigned
mol_17915	train	assigned
mol_17916	train	assigned
mol_17917	train	assigned
mol_17918	train	assigned
mol_17919	train	sampled
mol_17920	train	assigned
mol_17921	val	assigned
mol_17922	train	assigned
mol_17923	val	assigned
mol_17924	val	assigned
mol_17925	val	assigned
mol_17926	val	sampled
mol_17927	val	assigned
mol_17928	val	sampled
mol_17929	val	assigned
mol_17930	train	sampled
mol_17931	val	sampled
mol_17932	val	assigned
mol_17933	val	assigned
mol_17934	val	assigned
mol_17935	val	sampled
mol_17936	val	assigned
mol_17937	train	assigned
mol_17938	val	assigned
mol_17939	val	assigned
mol_17940	test	assigned
mol_17941	test	assigned
mol_17942	val	assigned
mol_17943	train	assigned
mol_17944	train	assigned
mol_17945	train	assigned
mol_17946	train	assigned
mol_17947	test	assigned
mol_17948	test	assigned
mol_17949	val	sampled
mol_17950	val	assigned
mol_17951	val	sampled
mol_17952	val	assigned
mol_17953	val	assigned
mol_17954	val	assigned
mol_17955	val	assigned
mol_17956	train	assigned
mol_17957	val	assigned
mol_17958	train	assigned
mol_17959	train	assigned
mol_17960	val	assigned
mol_17961	val	assigned
mol_17962	train	assigned
mol_17963	train	sampled
mol_17964	train	sampled
mol_17965	train	sampled
mol_17966	train	assigned
mol_17967	train	sampled
mol_17968	val	assigned
mol_17969	train	sampled
mol_17970	val	assigned
mol_17971	train	assigned
mol_17972	val	assigned
mol_17973	val	assigned
mol_17974	val	assigned
mol_17975	train	assigned
mol_17976	val	assigned
mol_17977	val	assigned
mol_17978	train	assigned
mol_17979	val	sampled
mol_17980	val	sampled
mol_17981	val	assigned
mol_17982	val	sampled
mol_17983	train	assigned
mol_17984	train	sampled
mol_17985	val	assigned
mol_17986	val	assigned
mol_17987	train	assigned
mol_17988	val	assigned
mol_17989	val	assigned
mol_17990	val	sampled
mol_17991	val	assigned
mol_17992	val	assigned
mol_17993	val	assigned
mol_17994	val	assigned
mol_17995	val	assigned
mol_17996	val	assigned
mol_17997	val	assigned
mol_17998	val	sampled
mol_17999	val	assigned
mol_18000	train	assigned
mol_18001	val	assigned
mol_18002	train	assigned
mol_18003	val	sampled
mol_18004	train	assigned
mol_18005	val	sampled
mol_18006	val	assigned
mol_18007	train	assigned
mol_18008	train	assigned
mol_18009	train	assigned
mol_18010	train	assigned
mol_18011	train	assigned
mol_18012	train	assigned
mol_18013	train	assigned
mol_18014	val	assigned
mol_18015	test	assigned
mol_18016	train	assigned
mol_18017	train	assigned
mol_18018	val	assigned
mol_18019	train	assigned
mol_18020	val	assigned
mol_18021	train	assigned
mol_18022	train	assigned
mol_18023	train	assigned
mol_18024	train	assigned
mol_18025	train	assigned
mol_18026	train	assigned
mol_18027	train	sampled
mol_18028	train	assigned
mol_18029	train	assigned
mol_18030	train	assigned
mol_18031	train	assigned
mol_18032	train	assigned
mol_18033	train	assigned
mol_18034	train	assigned
mol_18035	train	assigned
mol_18036	train	assigned
mol_18037	train	assigned
mol_18038	train	assigned
mol_18039	train	assigned
mol_18040	train	assigned
mol_18041	train	assigned
mol_18042	train	assigned
mol_18043	train	sampled
mol_18044	train	assigned
mol_18045	train	sampled
mol_18046	train	sampled
mol_18047	train	assigned
mol_18048	train	assigned
mol_18049	train	assigned
mol_18050	train	assigned
mol_18051	train	assigned
mol_18052	train	assigned
mol_18053	train	assigned
mol_18054	train	assigned
mol_18055	train	assigned
mol_18056	train	assigned
mol_18057	train	assigned
mol_18058	train	assigned
mol_18059	train	assigned
mol_18060	train	assigned
mol_18061	train	assigned
mol_18062	train	assigned
mol_18063	train	assigned
mol_18064	train	assigned
mol_18065	train	assigned
mol_18066	train	assigned
mol_18067	train	sampled
mol_18068	train	sampled
mol_18069	train	assigned
mol_18070	train	assigned
mol_18071	train	assigned
mol_18072	train	assigned
mol_18073	train	assigned
mol_18074	train	assigned
mol_18075	train	assigned
mol_18076	train	assigned
mol_18077	train	assigned
mol_18078	train	sampled
mol_18079	train	assigned
mol_18080	train	sampled
mol_18081	train	assigned
mol_18082	train	sampled
mol_18083	train	assigned
mol_18084	train	sampled
mol_18085	train	sampled
mol_18086	train	assigned
mol_18087	train	sampled
mol_18088	train	assigned
mol_18089	train	assigned
mol_18090	test	assigned
mol_18091	train	assigned
mol_18092	train	assigned
mol_18093	train	assigned
mol_18094	train	sampled
mol_18095	train	assigned
mol_18096	train	assigned
mol_18097	train	assigned
mol_18098	train	assigned
mol_18099	train	assigned
mol_18100	train	assigned
mol_18101	train	assigned
mol_18102	train	assigned
mol_18103	train	assigned
mol_18104	train	sampled
mol_18105	val	assigned
mol_18106	train	assigned
mol_18107	test	assigned
mol_18108	train	assigned
mol_18109	train	assigned
mol_18110	train	sampled
mol_18111	train	assigned
mol_18112	train	sampled
mol_18113	train	sampled
mol_18114	train	sampled
mol_18115	train	assigned
mol_18116	train	assigned
mol_18117	train	assigned
mol_18118	train	assigned
mol_18119	train	sampled
mol_18120	train	assigned
mol_18121	train	sampled
mol_18122	train	assigned
mol_18123	train	assigned
mol_18124	test	sampled
mol_18125	test	assigned
mol_18126	test	sampled
mol_18127	test	assigned
mol_18128	val	assigned
mol_18129	val	assigned
mol_18130	train	assigned
mol_18131	train	assigned
mol_18132	test	assigned
mol_18133	train	assigned
mol_18134	val	sampled
mol_18135	val	assigned
mol_18136	val	assigned
mol_18137	train	sampled
mol_18138	val	assigned
mol_18139	val	assigned
mol_18140	train	assigned
mol_18141	train	assigned
mol_18142	test	assigned
mol_18143	test	sampled
mol_18144	test	assigned
mol_18145	test	sampled
mol_18146	train	assigned
mol_18147	val	assigned
mol_18148	val	assigned
mol_18149	train	sampled
mol_18150	train	assigned
mol_18151	train	assigned
mol_18152	train	sampled
mol_18153	test	assigned
mol_18154	train	sampled
mol_18155	train	assigned
mol_18156	train	assigned
mol_18157	train	assigned
mol_18158	train	assigned
mol_18159	train	assigned
mol_18160	train	sampled
mol_18161	train	assigned
mol_18162	train	assigned
mol_18163	train	assigned
mol_18164	train	assigned
mol_18165	train	assigned
mol_18166	train	assigned
mol_18167	train	assigned
mol_18168	train	assigned
mol_18169	val	sampled
mol_18170	train	assigned
mol_18171	val	assigned
mol_18172	val	assigned
mol_18173	val	sampled
mol_18174	val	assigned
mol_18175	train	sampled
mol_18176	val	sampled
mol_18177	train	assigned
mol_18178	train	assigned
mol_18179	train	assigned
mol_18180	train	sampled
mol_18181	val	assigned
mol_18182	train	assigned
mol_18183	train	assigned
mol_18184	train	assigned
mol_18185	train	assigned
mol_18186	train	sampled
mol_18187	train	assigned
mol_18188	train	assigned
mol_18189	train	sampled
mol_18190	train	sampled
mol_18191	val	sampled
mol_18192	val	assigned
mol_18193	train	assigned
mol_18194	train	sampled
mol_18195	train	sampled
mol_18196	train	assigned
mol_18197	val	sampled
mol_18198	val	sampled
mol_18199	val	assigned
mol_18200	val	assigned
mol_18201	train	assigned
mol_18202	train	sampled
mol_18203	val	assigned
mol_18204	train	sampled
mol_18205	val	assigned
mol_18206	val	assigned
mol_18207	val	sampled
mol_18208	val	assigned
mol_18209	val	assigned
mol_18210	train	sampled
mol_18211	train	assigned
mol_18212	train	assigned
mol_18213	train	assigned
mol_18214	train	assigned
mol_18215	train	assigned
mol_18216	train	sampled
mol_18217	train	assigned
mol_18218	train	sampled
mol_18219	train	assigned
mol_18220	train	assigned
mol_18221	train	assigned
mol_18222	train	assigned
mol_18223	val	sampled
mol_18224	train	assigned
mol_18225	train	assigned
mol_18226	val	assigned
mol_18227	train	assigned
mol_18228	val	assigned
mol_18229	train	assigned
mol_18230	train	assigned
mol_18231	train	assigned
mol_18232	train	assigned
mol_18233	train	assigned
mol_18234	train	sampled
mol_18235	train	assigned
mol_18236	train	sampled
mol_18237	train	sampled
mol_18238	train	assigned
mol_18239	train	sampled
mol_18240	train	assigned
mol_18241	val	sampled
mol_18242	train	assigned
mol_18243	val	assigned
mol_18244	val	assigned
mol_18245	val	assigned
mol_18246	train	assigned
mol_18247	val	sampled
mol_18248	val	assigned
mol_18249	train	assigned
mol_18250	train	sampled
mol_18251	train	sampled
mol_18252	train	assigned
mol_18253	train	sampled
mol_18254	train	assigned
mol_18255	test	assigned
mol_18256	train	assigned
mol_18257	train	assigned
mol_18258	train	assigned
mol_18259	train	assigned
mol_18260	test	assigned
mol_18261	train	assigned
mol_18262	test	assigned
mol_18263	val	assigned
mol_18264	test	sampled
mol_18265	test	assigned
mol_18266	test	sampled
mol_18267	train	sampled
mol_18268	train	assigned
mol_18269	train	assigned
mol_18270	train	sampled
mol_18271	test	assigned
mol_18272	train	sampled
mol_18273	test	sampled
mol_18274	test	assigned
mol_18275	test	assigned
mol_18276	train	assigned
mol_18277	test	assigned
mol_18278	test	assigned
mol_18279	test	assigned
mol_18280	test	assigned
mol_18281	val	assigned
mol_18282	train	sampled
mol_18283	train	assigned
mol_18284	train	assigned
mol_18285	train	sampled
mol_18286	train	assigned
mol_18287	train	assigned
mol_18288	train	assigned
mol_18289	train	assigned
mol_18290	test	assigned
mol_18291	train	sampled
mol_18292	train	assigned
mol_18293	train	assigned
mol_18294	train	sampled
mol_18295	train	assigned
mol_18296	train	assigned
mol_18297	train	assigned
mol_18298	train	assigned
mol_18299	test	sampled
mol_18300	test	assigned
mol_18301	train	sampled
mol_18302	train	assigned
mol_18303	val	assigned
mol_18304	test	assigned
mol_18305	test	assigned
mol_18306	test	assigned
mol_18307	test	sampled
mol_18308	test	sampled
mol_18309	test	assigned
mol_18310	test	sampled
mol_18311	test	assigned
mol_18312	test	assigned
mol_18313	test	assigned
mol_18314	train	sampled
mol_18315	train	assigned
mol_18316	train	assigned
mol_18317	train	assigned
mol_18318	train	assigned
mol_18319	train	assigned
mol_18320	train	assigned
mol_18321	test	assigned
mol_18322	test	assigned
mol_18323	test	assigned
mol_18324	val	assigned
mol_18325	train	assigned
mol_18326	train	sampled
mol_18327	test	assigned
mol_18328	train	assigned
mol_18329	test	assigned
mol_18330	val	assigned
mol_18331	val	sampled
mol_18332	train	assigned
mol_18333	train	assigned
mol_18334	train	sampled
mol_18335	test	sampled
mol_18336	train	assigned
mol_18337	test	assigned
mol_18338	train	assigned
mol_18339	train	sampled
mol_18340	train	assigned
mol_18341	train	assigned
mol_18342	train	assigned
mol_18343	test	assigned
mol_18344	test	assigned
mol_18345	train	sampled
mol_18346	train	sampled
mol_18347	train	assigned
mol_18348	test	assigned
mol_18349	train	assigned
mol_18350	train	assigned
mol_18351	train	assigned
mol_18352	train	assigned
mol_18353	train	sampled
mol_18354	train	assigned
mol_18355	train	sampled
mol_18356	train	assigned
mol_18357	train	sampled
mol_18358	train	assigned
mol_18359	train	assigned
mol_18360	train	assigned
mol_18361	train	assigned
mol_18362	train	assigned
mol_18363	train	sampled
mol_18364	train	assigned
mol_18365	train	sampled
mol_18366	train	assigned
mol_18367	train	assigned
mol_18368	train	assigned
mol_18369	train	assigned
mol_18370	train	assigned
mol_18371	train	assigned
mol_18372	train	assigned
mol_18373	train	sampled
mol_18374	train	assigned
mol_18375	train	assigned
mol_18376	train	assigned
mol_18377	train	sampled
mol_18378	train	sampled
mol_18379	train	sampled
mol_18380	train	sampled
mol_18381	train	assigned
mol_18382	test	assigned
mol_18383	test	assigned
mol_18384	train	assigned
mol_18385	test	assigned
mol_18386	train	sampled
mol_18387	test	assigned
mol_18388	train	assigned
mol_18389	test	sampled
mol_18390	test	assigned
mol_18391	train	assigned
mol_18392	train	assigned
mol_18393	test	assigned
mol_18394	test	assigned
mol_18395	train	assigned
mol_18396	train	sampled
mol_18397	train	sampled
mol_18398	train	assigned
mol_18399	train	assigned
mol_18400	train	assigned
mol_18401	train	sampled
mol_18402	train	assigned
mol_18403	train	sampled
mol_18404	train	sampled
mol_18405	train	assigned
mol_18406	train	assigned
mol_18407	train	sampled
mol_18408	train	assigned
mol_18409	train	assigned
mol_18410	train	assigned
mol_18411	train	sampled
mol_18412	train	assigned
mol_18413	test	assigned
mol_18414	train	assigned
mol_18415	train	sampled
mol_18416	train	assigned
mol_18417	train	assigned
mol_18418	val	sampled
mol_18419	train	assigned
mol_18420	test	assigned
mol_18421	test	assigned
mol_18422	train	assigned
mol_18423	train	assigned
mol_18424	train	sampled
mol_18425	train	assigned
mol_18426	train	assigned
mol_18427	train	sampled
mol_18428	train	sampled
mol_18429	train	assigned
mol_18430	train	assigned
mol_18431	train	assigned
mol_18432	train	sampled
mol_18433	train	assigned
mol_18434	train	sampled
mol_18435	train	assigned
mol_18436	train	assigned
mol_18437	train	assigned
mol_18438	train	assigned
mol_18439	val	assigned
mol_18440	val	assigned
mol_18441	train	assigned
mol_18442	train	sampled
mol_18443	train	assigned
mol_18444	train	sampled
mol_18445	train	assigned
mol_18446	train	assigned
mol_18447	train	assigned
mol_18448	train	assigned
mol_18449	val	assigned
mol_18450	val	assigned
mol_18451	val	sampled
mol_18452	train	assigned
mol_18453	train	sampled
mol_18454	train	assigned
mol_18455	train	sampled
mol_18456	train	assigned
mol_18457	train	sampled
mol_18458	train	assigned
mol_18459	train	assigned
mol_18460	train	assigned
mol_18461	train	assigned
mol_18462	train	assigned
mol_18463	train	assigned
mol_18464	train	assigned
mol_18465	test	assigned
mol_18466	train	assigned
mol_18467	test	assigned
mol_18468	test	assigned
mol_18469	test	assigned
mol_18470	test	sampled
mol_18471	test	assigned
mol_18472	test	assigned
mol_18473	test	assigned
mol_18474	val	assigned
mol_18475	train	assigned
mol_18476	train	sampled
mol_18477	train	assigned
mol_18478	test	sampled
mol_18479	test	assigned
mol_18480	train	assigned
mol_18481	train	sampled
mol_18482	train	assigned
mol_18483	train	assigned
mol_18484	train	sampled
mol_18485	train	assigned
mol_18486	train	assigned
mol_18487	train	sampled
mol_18488	train	assigned
mol_18489	train	assigned
mol_18490	train	sampled
mol_18491	train	assigned
mol_18492	train	assigned
mol_18493	train	assigned
mol_18494	train	assigned
mol_18495	train	sampled
mol_18496	train	assigned
mol_18497	train	assigned
mol_18498	train	sampled
mol_18499	train	assigned
mol_18500	train	assigned
mol_18501	train	assigned
mol_18502	train	sampled
mol_18503	train	sampled
mol_18504	train	assigned
mol_18505	train	sampled
mol_18506	train	assigned
mol_18507	train	sampled
mol_18508	train	sampled
mol_18509	train	assigned
mol_18510	train	assigned
mol_18511	train	assigned
mol_18512	test	assigned
mol_18513	test	sampled
mol_18514	train	assigned
mol_18515	train	assigned
mol_18516	test	assigned
mol_18517	train	assigned
mol_18518	train	assigned
mol_18519	train	assigned
mol_18520	val	assigned
mol_18521	val	sampled
mol_18522	val	assigned
mol_18523	val	assigned
mol_18524	train	sampled
mol_18525	train	assigned
mol_18526	train	assigned
mol_18527	train	sampled
mol_18528	train	assigned
mol_18529	val	sampled
mol_18530	train	assigned
mol_18531	train	assigned
mol_18532	val	assigned
mol_18533	train	sampled
mol_18534	train	assigned
mol_18535	train	assigned
mol_18536	train	assigned
mol_18537	val	sampled
mol_18538	train	assigned
mol_18539	train	assigned
mol_18540	train	assigned
mol_18541	val	sampled
mol_18542	train	assigned
mol_18543	train	assigned
mol_18544	val	assigned
mol_18545	test	assigned
mol_18546	train	assigned
mol_18547	test	assigned
mol_18548	test	assigned
mol_18549	train	assigned
mol_18550	train	sampled
mol_18551	train	assigned
mol_18552	test	sampled
mol_18553	train	assigned
mol_18554	val	assigned
mol_18555	val	assigned
mol_18556	train	assigned
mol_18557	test	assigned
mol_18558	train	sampled
mol_18559	train	sampled
mol_18560	train	assigned
mol_18561	train	assigned
mol_18562	train	assigned
mol_18563	train	assigned
mol_18564	train	assigned
mol_18565	val	assigned
mol_18566	train	assigned
mol_18567	train	assigned
mol_18568	train	assigned
mol_18569	train	assigned
mol_18570	train	assigned
mol_18571	train	sampled
mol_18572	test	assigned
mol_18573	train	assigned
mol_18574	train	assigned
mol_18575	train	sampled
mol_18576	train	sampled
mol_18577	train	sampled
mol_18578	train	assigned
mol_18579	train	sampled
mol_18580	train	assigned
mol_18581	train	assigned
mol_18582	train	assigned
mol_18583	train	sampled
mol_18584	train	assigned
mol_18585	train	sampled
mol_18586	train	assigned
mol_18587	train	sampled
mol_18588	train	assigned
mol_18589	train	assigned
mol_18590	train	assigned
mol_18591	train	sampled
mol_18592	val	sampled
mol_18593	val	assigned
mol_18594	train	assigned
mol_18595	train	assigned
mol_18596	val	assigned
mol_18597	val	assigned
mol_18598	val	assigned
mol_18599	val	assigned
mol_18600	val	sampled
mol_18601	val	assigned
mol_18602	val	assigned
mol_18603	val	assigned
mol_18604	test	assigned
mol_18605	train	sampled
mol_18606	train	assigned
mol_18607	train	assigned
mol_18608	test	assigned
mol_18609	train	sampled
mol_18610	test	assigned
mol_18611	test	sampled
mol_18612	train	assigned
mol_18613	train	assigned
mol_18614	train	sampled
mol_18615	train	assigned
mol_18616	train	sampled
mol_18617	train	assigned
mol_18618	val	assigned
mol_18619	val	sampled
mol_18620	train	assigned
mol_18621	train	assigned
mol_18622	train	sampled
mol_18623	train	sampled
mol_18624	train	assigned
mol_18625	train	assigned
mol_18626	train	assigned
mol_18627	train	sampled
mol_18628	train	assigned
mol_18629	train	assigned
mol_18630	train	assigned
mol_18631	train	assigned
mol_18632	train	assigned
mol_18633	train	sampled
mol_18634	train	assigned
mol_18635	train	assigned
mol_18636	train	sampled
mol_18637	train	assigned
mol_18638	train	sampled
mol_18639	train	assigned
mol_18640	train	assigned
mol_18641	train	sampled
mol_18642	train	assigned
mol_18643	train	assigned
mol_18644	train	assigned
mol_18645	train	assigned
mol_18646	train	assigned
mol_18647	train	sampled
mol_18648	train	assigned
mol_18649	train	assigned
mol_18650	train	assigned
mol_18651	train	assigned
mol_18652	train	assigned
mol_18653	test	assigned
mol_18654	test	assigned
mol_18655	test	assigned
mol_18656	train	assigned
mol_18657	test	assigned
mol_18658	train	assigned
mol_18659	test	assigned
mol_18660	val	assigned
mol_18661	test	assigned
mol_18662	test	assigned
mol_18663	test	assigned
mol_18664	test	assigned
mol_18665	train	sampled
mol_18666	train	assigned
mol_18667	train	assigned
mol_18668	train	assigned
mol_18669	train	assigned
mol_18670	train	sampled
mol_18671	train	assigned
mol_18672	train	assigned
mol_18673	train	sampled
mol_18674	train	assigned
mol_18675	train	assigned
mol_18676	train	assigned
mol_18677	train	assigned
mol_18678	train	assigned
mol_18679	train	assigned
mol_18680	train	assigned
mol_18681	train	assigned
mol_18682	train	assigned
mol_18683	train	sampled
mol_18684	train	sampled
mol_18685	train	assigned
mol_18686	train	sampled
mol_18687	train	assigned
mol_18688	train	assigned
mol_18689	train	assigned
mol_18690	train	assigned
mol_18691	train	assigned
mol_18692	train	sampled
mol_18693	train	assigned
mol_18694	train	assigned
mol_18695	train	assigned
mol_18696	train	assigned
mol_18697	train	assigned
mol_18698	val	assigned
mol_18699	val	assigned
mol_18700	train	assigned
mol_18701	val	assigned
mol_18702	train	assigned
mol_18703	train	sampled
mol_18704	test	assigned
mol_18705	val	assigned
mol_18706	train	assigned
mol_18707	train	assigned
mol_18708	train	assigned
mol_18709	train	assigned
mol_18710	test	assigned
mol_18711	test	assigned
mol_18712	test	sampled
mol_18713	test	assigned
mol_18714	test	sampled
mol_18715	train	assigned
mol_18716	train	assigned
mol_18717	train	assigned
mol_18718	train	assigned
mol_18719	train	sampled
mol_18720	val	sampled
mol_18721	train	assigned
mol_18722	train	assigned
mol_18723	train	assigned
mol_18724	train	assigned
mol_18725	test	assigned
mol_18726	train	sampled
mol_18727	val	assigned
mol_18728	train	assigned
mol_18729	train	sampled
mol_18730	train	sampled
mol_18731	train	assigned
mol_18732	train	assigned
mol_18733	train	assigned
mol_18734	train	sampled
mol_18735	val	assigned
mol_18736	val	assigned
mol_18737	train	sampled
mol_18738	train	assigned
mol_18739	val	sampled
mol_18740	train	assigned
mol_18741	val	assigned
mol_18742	val	sampled
mol_18743	train	assigned
mol_18744	train	assigned
mol_18745	train	assigned
mol_18746	train	assigned
mol_18747	train	assigned
mol_18748	train	assigned
mol_18749	train	assigned
mol_18750	train	sampled
mol_18751	train	sampled
mol_18752	train	assigned
mol_18753	train	assigned
mol_18754	train	sampled
mol_18755	train	assigned
mol_18756	train	assigned
mol_18757	train	assigned
mol_18758	train	assigned
mol_18759	train	assigned
mol_18760	train	sampled
mol_18761	train	assigned
mol_18762	train	assigned
mol_18763	train	assigned
mol_18764	train	assigned
mol_18765	train	sampled
mol_18766	train	assigned
mol_18767	train	assigned
mol_18768	train	assigned
mol_18769	train	sampled
mol_18770	train	assigned
mol_18771	train	assigned
mol_18772	val	assigned
mol_18773	train	assigned
mol_18774	train	assigned
mol_18775	train	assigned
mol_18776	train	sampled
mol_18777	train	assigned
mol_18778	train	assigned
mol_18779	train	assigned
mol_18780	train	sampled
mol_18781	train	assigned
mol_18782	train	assigned
mol_18783	train	sampled
mol_18784	train	sampled
mol_18785	train	assigned
mol_18786	train	assigned
mol_18787	train	assigned
mol_18788	train	sampled
mol_18789	train	assigned
mol_18790	train	assigned
mol_18791	train	assigned
mol_18792	train	assigned
mol_18793	val	assigned
mol_18794	train	sampled
mol_18795	train	assigned
mol_18796	train	sampled
mol_18797	train	assigned
mol_18798	train	sampled
mol_18799	train	assigned
mol_18800	train	assigned
mol_18801	train	assigned
mol_18802	train	assigned
mol_18803	train	assigned
mol_18804	train	assigned
mol_18805	train	sampled
mol_18806	val	assigned
mol_18807	val	assigned
mol_18808	val	assigned
mol_18809	val	sampled
mol_18810	val	assigned
mol_18811	train	assigned
mol_18812	train	assigned
mol_18813	train	assigned
mol_18814	val	assigned
mol_18815	test	assigned
mol_18816	val	assigned
mol_18817	val	assigned
mol_18818	test	sampled
mol_18819	test	assigned
mol_18820	train	assigned
mol_18821	train	sampled
mol_18822	train	assigned
mol_18823	train	assigned
mol_18824	train	assigned
mol_18825	train	assigned
mol_18826	train	sampled
mol_18827	train	assigned
mol_18828	train	assigned
mol_18829	train	sampled
mol_18830	train	assigned
mol_18831	train	assigned
mol_18832	train	assigned
mol_18833	train	assigned
mol_18834	train	sampled
mol_18835	train	assigned
mol_18836	train	assigned
mol_18837	train	assigned
mol_18838	train	sampled
mol_18839	train	assigned
mol_18840	train	assigned
mol_18841	train	sampled
mol_18842	train	sampled
mol_18843	train	sampled
mol_18844	test	assigned
mol_18845	test	assigned
mol_18846	train	assigned
mol_18847	train	assigned
mol_18848	train	assigned
mol_18849	val	sampled
mol_18850	train	assigned
mol_18851	train	sampled
mol_18852	train	assigned
mol_18853	train	sampled
mol_18854	train	assigned
mol_18855	train	assigned
mol_18856	val	assigned
mol_18857	test	assigned
mol_18858	val	assigned
mol_18859	train	assigned
mol_18860	val	assigned
mol_18861	train	sampled
mol_18862	train	assigned
mol_18863	train	assigned
mol_18864	train	assigned
mol_18865	train	assigned
mol_18866	train	assigned
mol_18867	train	assigned
mol_18868	train	assigned
mol_18869	train	assigned
mol_18870	train	assigned
mol_18871	train	sampled
mol_18872	train	sampled
mol_18873	train	sampled
mol_18874	train	assigned
mol_18875	val	sampled
mol_18876	train	sampled
mol_18877	train	assigned
mol_18878	train	assigned
mol_18879	train	sampled
mol_18880	train	assigned
mol_18881	test	sampled
mol_18882	val	assigned
mol_18883	test	assigned
mol_18884	train	sampled
mol_18885	val	assigned
mol_18886	train	assigned
mol_18887	val	assigned
mol_18888	val	assigned
mol_18889	val	assigned
mol_18890	val	assigned
mol_18891	val	assigned
mol_18892	val	assigned
mol_18893	val	assigned
mol_18894	val	sampled
mol_18895	val	assigned
mol_18896	train	sampled
mol_18897	val	assigned
mol_18898	val	assigned
mol_18899	val	assigned
mol_18900	val	assigned
mol_18901	val	assigned
mol_18902	val	sampled
mol_18903	train	assigned
mol_18904	val	assigned
mol_18905	val	assigned
mol_18906	val	assigned
mol_18907	val	assigned
mol_18908	val	assigned
mol_18909	val	assigned
mol_18910	val	assigned
mol_18911	val	assigned
mol_18912	val	assigned
mol_18913	val	assigned
mol_18914	val	assigned
mol_18915	train	assigned
mol_18916	val	assigned
mol_18917	val	sampled
mol_18918	train	sampled
mol_18919	val	assigned
mol_18920	val	sampled
mol_18921	test	assigned
mol_18922	test	assigned
mol_18923	test	assigned
mol_18924	val	assigned
mol_18925	train	assigned
mol_18926	train	assigned
mol_18927	train	assigned
mol_18928	train	assigned
mol_18929	val	assigned
mol_18930	train	assigned
mol_18931	train	assigned
mol_18932	train	assigned
mol_18933	train	sampled
mol_18934	train	assigned
mol_18935	train	assigned
mol_18936	train	assigned
mol_18937	train	sampled
mol_18938	train	assigned
mol_18939	train	assigned
mol_18940	train	assigned
mol_18941	train	assigned
mol_18942	train	assigned
mol_18943	train	sampled
mol_18944	val	assigned
mol_18945	train	assigned
mol_18946	train	assigned
mol_18947	train	assigned
mol_18948	train	sampled
mol_18949	train	sampled
mol_18950	train	assigned
mol_18951	train	assigned
mol_18952	train	assigned
mol_18953	train	assigned
mol_18954	train	assigned
mol_18955	train	sampled
mol_18956	train	sampled
mol_18957	train	assigned
mol_18958	train	assigned
mol_18959	train	assigned
mol_18960	train	assigned
mol_18961	train	assigned
mol_18962	train	assigned
mol_18963	train	assigned
mol_18964	train	assigned
mol_18965	train	assigned
mol_18966	train	assigned
mol_18967	train	assigned
mol_18968	train	assigned
mol_18969	train	sampled
mol_18970	train	assigned
mol_18971	train	assigned
mol_18972	train	assigned
mol_18973	train	sampled
mol_18974	train	assigned
mol_18975	train	assigned
mol_18976	train	assigned
mol_18977	train	assigned
mol_18978	test	assigned
mol_18979	test	sampled
mol_18980	test	sampled
mol_18981	test	assigned
mol_18982	test	assigned
mol_18983	test	sampled
mol_18984	test	assigned
mol_18985	test	sampled
mol_18986	val	sampled
mol_18987	train	assigned
mol_18988	train	sampled
mol_18989	val	sampled
mol_18990	val	assigned
mol_18991	train	assigned
mol_18992	train	assigned
mol_18993	train	assigned
mol_18994	train	assigned
mol_18995	train	sampled
mol_18996	train	assigned
mol_18997	train	assigned
mol_18998	train	assigned
mol_18999	train	assigned
mol_19000	train	sampled
mol_19001	train	sampled
mol_19002	train	assigned
mol_19003	train	assigned
mol_19004	train	assigned
mol_19005	train	assigned
mol_19006	val	assigned
mol_19007	val	assigned
mol_19008	val	assigned
mol_19009	train	assigned
mol_19010	train	assigned
mol_19011	val	sampled
mol_19012	val	sampled
mol_19013	train	sampled
mol_19014	train	assigned
mol_19015	val	sampled
mol_19016	train	sampled
mol_19017	train	assigned
mol_19018	train	assigned
mol_19019	train	assigned
mol_19020	train	assigned
mol_19021	train	sampled
mol_19022	val	sampled
mol_19023	train	assigned
mol_19024	train	sampled
mol_19025	train	sampled
mol_19026	val	sampled
mol_19027	val	sampled
mol_19028	val	sampled
mol_19029	train	assigned
mol_19030	train	assigned
mol_19031	train	assigned
mol_19032	val	sampled
mol_19033	val	assigned
mol_19034	train	sampled
mol_19035	test	assigned
mol_19036	val	assigned
mol_19037	test	assigned
mol_19038	train	assigned
mol_19039	test	assigned
mol_19040	test	sampled
mol_19041	test	assigned
mol_19042	test	assigned
mol_19043	test	assigned
mol_19044	test	sampled
mol_19045	test	assigned
mol_19046	test	sampled
mol_19047	test	assigned
mol_19048	test	sampled
mol_19049	test	assigned
mol_19050	test	assigned
mol_19051	test	assigned
mol_19052	test	sampled
mol_19053	test	assigned
mol_19054	train	assigned
mol_19055	train	assigned
mol_19056	train	assigned
mol_19057	train	assigned
mol_19058	train	sampled
mol_19059	train	assigned
mol_19060	train	sampled
mol_19061	train	assigned
mol_19062	train	sampled
mol_19063	train	assigned
mol_19064	train	assigned
mol_19065	train	assigned
mol_19066	train	assigned
mol_19067	train	assigned
mol_19068	train	assigned
mol_19069	train	assigned
mol_19070	train	assigned
mol_19071	train	assigned
mol_19072	train	assigned
mol_19073	train	assigned
mol_19074	val	assigned
mol_19075	train	assigned
mol_19076	train	assigned
mol_19077	train	assigned
mol_19078	train	sampled
mol_19079	train	assigned
mol_19080	train	sampled
mol_19081	train	assigned
mol_19082	train	sampled
mol_19083	train	assigned
mol_19084	train	assigned
mol_19085	train	sampled
mol_19086	train	assigned
mol_19087	train	assigned
mol_19088	train	assigned
mol_19089	val	assigned
mol_19090	train	sampled
mol_19091	train	assigned
mol_19092	train	sampled
mol_19093	train	assigned
mol_19094	train	assigned
mol_19095	train	assigned
mol_19096	train	assigned
mol_19097	train	assigned
mol_19098	train	assigned
mol_19099	train	sampled
mol_19100	test	assigned
mol_19101	train	assigned
mol_19102	train	sampled
mol_19103	train	sampled
mol_19104	train	sampled
mol_19105	train	assigned
mol_19106	train	assigned
mol_19107	train	assigned
mol_19108	train	assigned
mol_19109	train	assigned
mol_19110	train	assigned
mol_19111	train	assigned
mol_19112	train	assigned
mol_19113	train	assigned
mol_19114	train	sampled
mol_19115	val	assigned
mol_19116	train	assigned
mol_19117	train	assigned
mol_19118	train	assigned
mol_19119	train	sampled
mol_19120	train	assigned
mol_19121	train	assigned
mol_19122	train	assigned
mol_19123	val	assigned
mol_19124	train	assigned
mol_19125	train	assigned
mol_19126	train	sampled
mol_19127	train	assigned
mol_19128	train	assigned
mol_19129	train	assigned
mol_19130	train	assigned
mol_19131	train	assigned
mol_19132	train	sampled
mol_19133	val	assigned
mol_19134	train	assigned
mol_19135	train	assigned
mol_19136	train	assigned
mol_19137	train	assigned
mol_19138	train	assigned
mol_19139	train	sampled
mol_19140	train	assigned
mol_19141	train	assigned
mol_19142	train	assigned
mol_19143	train	sampled
mol_19144	train	assigned
mol_19145	train	assigned
mol_19146	train	sampled
mol_19147	train	sampled
mol_19148	train	assigned
mol_19149	train	assigned
mol_19150	train	assigned
mol_19151	train	sampled
mol_19152	train	assigned
mol_19153	train	assigned
mol_19154	train	assigned
mol_19155	train	sampled
mol_19156	train	assigned
mol_19157	train	assigned
mol_19158	train	assigned
mol_19159	train	assigned
mol_19160	train	assigned
mol_19161	train	sampled
mol_19162	train	assigned
mol_19163	train	assigned
mol_19164	train	assigned
mol_19165	train	sampled
mol_19166	train	sampled
mol_19167	test	assigned
mol_19168	test	sampled
mol_19169	test	assigned
mol_19170	train	assigned
mol_19171	train	assigned
mol_19172	train	assigned
mol_19173	train	assigned
mol_19174	train	assigned
mol_19175	train	assigned
mol_19176	train	sampled
mol_19177	train	assigned
mol_19178	train	assigned
mol_19179	train	assigned
mol_19180	train	assigned
mol_19181	train	assigned
mol_19182	train	assigned
mol_19183	train	assigned
mol_19184	train	assigned
mol_19185	train	assigned
mol_19186	train	assigned
mol_19187	train	assigned
mol_19188	train	assigned
mol_19189	train	sampled
mol_19190	train	assigned
mol_19191	test	assigned
mol_19192	train	assigned
mol_19193	train	assigned
mol_19194	val	assigned
mol_19195	train	assigned
mol_19196	train	assigned
mol_19197	train	assigned
mol_19198	val	assigned
mol_19199	train	assigned
mol_19200	train	assigned
mol_19201	train	assigned
mol_19202	train	assigned
mol_19203	train	assigned
mol_19204	train	sampled
mol_19205	train	sampled
mol_19206	train	assigned
mol_19207	train	assigned
mol_19208	train	assigned
mol_19209	train	assigned
mol_19210	train	assigned
mol_19211	train	sampled
mol_19212	train	assigned
mol_19213	train	assigned
mol_19214	train	sampled
mol_19215	train	assigned
mol_19216	train	assigned
mol_19217	val	sampled
mol_19218	val	assigned
mol_19219	train	assigned
mol_19220	train	sampled
mol_19221	train	assigned
mol_19222	train	assigned
mol_19223	train	assigned
mol_19224	train	assigned
mol_19225	train	assigned
mol_19226	train	assigned
mol_19227	train	assigned
mol_19228	train	assigned
mol_19229	train	assigned
mol_19230	val	assigned
mol_19231	train	assigned
mol_19232	train	sampled
mol_19233	train	assigned
mol_19234	train	sampled
mol_19235	train	assigned
mol_19236	train	assigned
mol_19237	train	sampled
mol_19238	train	assigned
mol_19239	train	assigned
mol_19240	train	assigned
mol_19241	train	assigned
mol_19242	train	assigned
mol_19243	train	sampled
mol_19244	train	sampled
mol_19245	train	sampled
mol_19246	train	sampled
mol_19247	train	sampled
mol_19248	train	sampled
mol_19249	train	assigned
mol_19250	train	assigned
mol_19251	train	assigned
mol_19252	train	assigned
mol_19253	train	assigned
mol_19254	val	assigned
mol_19255	train	assigned
mol_19256	val	assigned
mol_19257	test	assigned
mol_19258	train	assigned
mol_19259	train	assigned
mol_19260	val	assigned
mol_19261	test	assigned
mol_19262	test	assigned
mol_19263	test	sampled
mol_19264	train	assigned
mol_19265	train	assigned
mol_19266	train	assigned
mol_19267	train	assigned
mol_19268	train	sampled
mol_19269	test	sampled
mol_19270	val	assigned
mol_19271	val	assigned
mol_19272	train	sampled
mol_19273	train	sampled
mol_19274	train	sampled
mol_19275	train	assigned
mol_19276	test	assigned
mol_19277	train	sampled
mol_19278	train	assigned
mol_19279	train	sampled
mol_19280	train	assigned
mol_19281	test	assigned
mol_19282	train	assigned
mol_19283	train	assigned
mol_19284	train	assigned
mol_19285	train	assigned
mol_19286	train	sampled
mol_19287	val	assigned
mol_19288	train	assigned
mol_19289	train	assigned
mol_19290	train	assigned
mol_19291	train	sampled
mol_19292	train	assigned
mol_19293	train	assigned
mol_19294	train	assigned
mol_19295	train	assigned
mol_19296	train	assigned
mol_19297	train	assigned
mol_19298	train	assigned
mol_19299	test	assigned
mol_19300	test	sampled
mol_19301	val	assigned
mol_19302	val	sampled
mol_19303	train	assigned
mol_19304	train	sampled
mol_19305	train	sampled
mol_19306	train	assigned
mol_19307	train	assigned
mol_19308	train	assigned
mol_19309	train	assigned
mol_19310	train	assigned
mol_19311	train	assigned
mol_19312	train	assigned
mol_19313	train	sampled
mol_19314	train	assigned
mol_19315	val	assigned
mol_19316	train	assigned
mol_19317	train	assigned
mol_19318	train	assigned
mol_19319	train	assigned
mol_19320	train	sampled
mol_19321	train	assigned
mol_19322	train	assigned
mol_19323	train	assigned
mol_19324	train	assigned
mol_19325	train	assigned
mol_19326	train	assigned
mol_19327	train	assigned
mol_19328	train	assigned
mol_19329	train	assigned
mol_19330	train	assigned
mol_19331	train	assigned
mol_19332	train	assigned
mol_19333	test	assigned
mol_19334	train	assigned
mol_19335	train	assigned
mol_19336	train	assigned
mol_19337	test	assigned
mol_19338	train	assigned
mol_19339	val	assigned
mol_19340	val	assigned
mol_19341	test	sampled
mol_19342	test	assigned
mol_19343	train	assigned
mol_19344	train	assigned
mol_19345	train	assigned
mol_19346	train	assigned
mol_19347	train	assigned
mol_19348	train	assigned
mol_19349	train	sampled
mol_19350	train	assigned
mol_19351	train	assigned
mol_19352	test	assigned
mol_19353	train	sampled
mol_19354	train	assigned
mol_19355	train	assigned
mol_19356	train	assigned
mol_19357	train	sampled
mol_19358	train	sampled
mol_19359	train	assigned
mol_19360	train	assigned
mol_19361	train	assigned
mol_19362	train	assigned
mol_19363	train	assigned
mol_19364	train	assigned
mol_19365	train	assigned
mol_19366	train	assigned
mol_19367	val	assigned
mol_19368	val	assigned
mol_19369	val	assigned
mol_19370	val	assigned
mol_19371	val	sampled
mol_19372	train	assigned
mol_19373	train	assigned
mol_19374	train	assigned
mol_19375	train	assigned
mol_19376	train	sampled
mol_19377	train	assigned
mol_19378	train	assigned
mol_19379	train	assigned
mol_19380	train	assigned
mol_19381	train	assigned
mol_19382	train	sampled
mol_19383	train	sampled
mol_19384	train	assigned
mol_19385	val	assigned
mol_19386	train	sampled
mol_19387	train	sampled
mol_19388	train	sampled
mol_19389	train	assigned
mol_19390	train	assigned
mol_19391	train	sampled
mol_19392	train	sampled
mol_19393	val	assigned
mol_19394	train	assigned
mol_19395	val	sampled
mol_19396	val	assigned
mol_19397	train	assigned
mol_19398	train	assigned
mol_19399	train	assigned
mol_19400	train	assigned
mol_19401	train	assigned
mol_19402	val	assigned
mol_19403	train	assigned
mol_19404	train	assigned
mol_19405	train	assigned
mol_19406	train	assigned
mol_19407	train	sampled
mol_19408	train	sampled
mol_19409	train	assigned
mol_19410	train	assigned
mol_19411	train	sampled
mol_19412	train	assigned
mol_19413	val	assigned
mol_19414	train	assigned
mol_19415	train	assigned
mol_19416	train	assigned
mol_19417	train	assigned
mol_19418	train	assigned
mol_19419	train	assigned
mol_19420	train	assigned
mol_19421	train	assigned
mol_19422	train	assigned
mol_19423	train	assigned
mol_19424	train	assigned
mol_19425	val	assigned
mol_19426	train	assigned
mol_19427	train	assigned
mol_19428	train	assigned
mol_19429	train	sampled
mol_19430	train	assigned
mol_19431	val	assigned
mol_19432	train	sampled
mol_19433	train	assigned
mol_19434	train	assigned
mol_19435	train	assigned
mol_19436	train	assigned
mol_19437	train	sampled
mol_19438	train	assigned
mol_19439	train	assigned
mol_19440	train	assigned
mol_19441	train	assigned
mol_19442	train	sampled
mol_19443	train	sampled
mol_19444	train	assigned
mol_19445	train	assigned
mol_19446	train	assigned
mol_19447	train	assigned
mol_19448	train	sampled
mol_19449	train	sampled
mol_19450	train	assigned
mol_19451	train	assigned
mol_19452	train	sampled
mol_19453	val	assigned
mol_19454	train	sampled
mol_19455	train	assigned
mol_19456	train	assigned
mol_19457	train	assigned
mol_19458	train	sampled
mol_19459	train	assigned
mol_19460	train	sampled
mol_19461	train	sampled
mol_19462	train	assigned
mol_19463	train	assigned
mol_19464	train	assigned
mol_19465	train	assigned
mol_19466	train	assigned
mol_19467	train	assigned
mol_19468	train	assigned
mol_19469	train	assigned
mol_19470	train	assigned
mol_19471	train	sampled
mol_19472	train	assigned
mol_19473	train	assigned
mol_19474	train	assigned
mol_19475	train	assigned
mol_19476	train	assigned
mol_19477	train	assigned
mol_19478	train	assigned
mol_19479	train	assigned
mol_19480	train	assigned
mol_19481	train	assigned
mol_19482	train	sampled
mol_19483	train	assigned
mol_19484	train	sampled
mol_19485	train	assigned
mol_19486	train	assigned
mol_19487	train	sampled
mol_19488	train	assigned
mol_19489	train	sampled
mol_19490	train	sampled
mol_19491	train	assigned
mol_19492	train	sampled
mol_19493	train	assigned
mol_19494	train	assigned
mol_19495	train	sampled
mol_19496	train	assigned
mol_19497	train	assigned
mol_19498	train	assigned
mol_19499	val	assigned
mol_19500	val	assigned
mol_19501	train	sampled
mol_19502	train	assigned
mol_19503	train	assigned
mol_19504	train	assigned
mol_19505	train	sampled
mol_19506	train	assigned
mol_19507	train	assigned
mol_19508	train	assigned
mol_19509	train	assigned
mol_19510	train	assigned
mol_19511	train	assigned
mol_19512	train	sampled
mol_19513	train	sampled
mol_19514	train	assigned
mol_19515	train	assigned
mol_19516	train	assigned
mol_19517	train	assigned
mol_19518	train	sampled
mol_19519	train	sampled
mol_19520	train	assigned
mol_19521	train	assigned
mol_19522	train	assigned
mol_19523	train	assigned
mol_19524	train	sampled
mol_19525	train	sampled
mol_19526	train	sampled
mol_19527	train	assigned
mol_19528	train	assigned
mol_19529	train	assigned
mol_19530	train	sampled
mol_19531	train	assigned
mol_19532	train	assigned
mol_19533	train	assigned
mol_19534	train	assigned
mol_19535	train	sampled
mol_19536	train	sampled
mol_19537	train	sampled
mol_19538	train	assigned
mol_19539	train	assigned
mol_19540	train	assigned
mol_19541	train	assigned
mol_19542	train	assigned
mol_19543	train	sampled
mol_19544	train	assigned
mol_19545	train	assigned
mol_19546	train	sampled
mol_19547	test	assigned
mol_19548	test	assigned
mol_19549	train	assigned
mol_19550	train	sampled
mol_19551	train	assigned
mol_19552	train	assigned
mol_19553	train	assigned
mol_19554	test	assigned
mol_19555	val	assigned
mol_19556	train	assigned
mol_19557	train	assigned
mol_19558	train	assigned
mol_19559	train	sampled
mol_19560	val	assigned
mol_19561	train	assigned
mol_19562	train	assigned
mol_19563	train	assigned
mol_19564	train	assigned
mol_19565	train	sampled
mol_19566	train	assigned
mol_19567	val	assigned
mol_19568	train	sampled
mol_19569	train	assigned
mol_19570	train	assigned
mol_19571	train	assigned
mol_19572	train	assigned
mol_19573	train	assigned
mol_19574	train	assigned
mol_19575	train	assigned
mol_19576	train	assigned
mol_19577	train	sampled
mol_19578	train	sampled
mol_19579	train	sampled
mol_19580	train	sampled
mol_19581	train	assigned
mol_19582	train	assigned
mol_19583	train	assigned
mol_19584	train	assigned
mol_19585	train	assigned
mol_19586	train	assigned
mol_19587	train	sampled
mol_19588	train	assigned
mol_19589	train	assigned
mol_19590	train	assigned
mol_19591	train	assigned
mol_19592	train	sampled
mol_19593	train	sampled
mol_19594	train	assigned
mol_19595	val	assigned
mol_19596	train	assigned
mol_19597	train	assigned
mol_19598	train	sampled
mol_19599	train	assigned
mol_19600	train	assigned
mol_19601	train	assigned
mol_19602	train	sampled
mol_19603	train	sampled
mol_19604	train	assigned
mol_19605	train	assigned
mol_19606	train	assigned
mol_19607	train	assigned
mol_19608	train	sampled
mol_19609	val	assigned
mol_19610	val	assigned
mol_19611	train	assigned
mol_19612	train	assigned
mol_19613	train	assigned
mol_19614	test	assigned
mol_19615	test	assigned
mol_19616	train	assigned
mol_19617	train	assigned
mol_19618	train	assigned
mol_19619	train	assigned
mol_19620	train	assigned
mol_19621	train	sampled
mol_19622	train	assigned
mol_19623	train	assigned
mol_19624	val	assigned
mol_19625	train	sampled
mol_19626	train	assigned
mol_19627	train	assigned
mol_19628	train	assigned
mol_19629	train	assigned
mol_19630	train	assigned
mol_19631	train	assigned
mol_19632	train	assigned
mol_19633	val	sampled
mol_19634	val	assigned
mol_19635	train	assigned
mol_19636	val	assigned
mol_19637	train	assigned
mol_19638	train	sampled
mol_19639	train	sampled
mol_19640	train	assigned
mol_19641	train	assigned
mol_19642	train	assigned
mol_19643	train	assigned
mol_19644	train	assigned
mol_19645	train	assigned
mol_19646	train	assigned
mol_19647	train	sampled
mol_19648	train	assigned
mol_19649	train	sampled
mol_19650	train	assigned
mol_19651	train	sampled
mol_19652	train	sampled
mol_19653	train	assigned
mol_19654	train	assigned
mol_19655	train	sampled
mol_19656	train	assigned
mol_19657	train	assigned
mol_19658	train	sampled
mol_19659	train	assigned
mol_19660	train	sampled
mol_19661	train	sampled
mol_19662	train	assigned
mol_19663	val	assigned
mol_19664	train	sampled
mol_19665	train	assigned
mol_19666	train	assigned
mol_19667	train	assigned
mol_19668	train	sampled
mol_19669	train	assigned
mol_19670	train	sampled
mol_19671	train	assigned
mol_19672	train	assigned
mol_19673	train	assigned
mol_19674	train	assigned
mol_19675	val	assigned
mol_19676	val	assigned
mol_19677	train	assigned
mol_19678	train	assigned
mol_19679	train	assigned
mol_19680	train	assigned
mol_19681	train	assigned
mol_19682	val	assigned
mol_19683	train	sampled
mol_19684	train	assigned
mol_19685	train	assigned
mol_19686	train	sampled
mol_19687	train	assigned
mol_19688	train	sampled
mol_19689	test	assigned
mol_19690	train	assigned
mol_19691	train	assigned
mol_19692	train	assigned
mol_19693	val	assigned
mol_19694	val	assigned
mol_19695	train	assigned
mol_19696	val	assigned
mol_19697	train	assigned
mol_19698	train	sampled
mol_19699	train	assigned
mol_19700	val	assigned
mol_19701	val	assigned
mol_19702	test	assigned
mol_19703	train	assigned
mol_19704	train	assigned
mol_19705	train	assigned
mol_19706	train	assigned
mol_19707	test	assigned
mol_19708	test	assigned
mol_19709	test	assigned
mol_19710	test	assigned
mol_19711	test	sampled
mol_19712	test	assigned
mol_19713	test	assigned
mol_19714	test	assigned
mol_19715	test	assigned
mol_19716	train	sampled
mol_19717	train	assigned
mol_19718	train	sampled
mol_19719	val	assigned
mol_19720	val	assigned
mol_19721	val	assigned
mol_19722	val	sampled
mol_19723	val	sampled
mol_19724	val	assigned
mol_19725	val	sampled
mol_19726	val	assigned
mol_19727	val	assigned
mol_19728	test	assigned
mol_19729	train	assigned
mol_19730	train	sampled
mol_19731	train	assigned
mol_19732	train	sampled
mol_19733	train	assigned
mol_19734	train	sampled
mol_19735	train	assigned
mol_19736	train	sampled
mol_19737	train	sampled
mol_19738	train	assigned
mol_19739	train	assigned
mol_19740	train	assigned
mol_19741	train	assigned
mol_19742	train	sampled
mol_19743	train	assigned
mol_19744	train	assigned
mol_19745	train	sampled
mol_19746	train	sampled
mol_19747	train	assigned
mol_19748	train	assigned
mol_19749	train	assigned
mol_19750	train	assigned
mol_19751	train	assigned
mol_19752	train	assigned
mol_19753	train	assigned
mol_19754	train	sampled
mol_19755	test	assigned
mol_19756	train	sampled
mol_19757	test	sampled
mol_19758	test	assigned
mol_19759	train	assigned
mol_19760	test	assigned
mol_19761	test	assigned
mol_19762	train	assigned
mol_19763	test	assigned
mol_19764	train	sampled
mol_19765	train	sampled
mol_19766	train	sampled
mol_19767	val	assigned
mol_19768	test	assigned
mol_19769	val	assigned
mol_19770	test	assigned
mol_19771	train	sampled
mol_19772	train	assigned
mol_19773	train	assigned
mol_19774	test	assigned
mol_19775	train	assigned
mol_19776	test	assigned
mol_19777	train	sampled
mol_19778	train	assigned
mol_19779	train	sampled
mol_19780	train	sampled
mol_19781	train	assigned
mol_19782	train	assigned
mol_19783	train	sampled
mol_19784	train	assigned
mol_19785	train	assigned
mol_19786	val	sampled
mol_19787	val	assigned
mol_19788	train	assigned
mol_19789	val	assigned
mol_19790	val	assigned
mol_19791	train	sampled
mol_19792	train	sampled
mol_19793	train	sampled
mol_19794	train	sampled
mol_19795	val	assigned
mol_19796	val	assigned
mol_19797	val	assigned
mol_19798	val	assigned
mol_19799	val	assigned
mol_19800	val	assigned
mol_19801	val	assigned
mol_19802	val	sampled
mol_19803	val	assigned
mol_19804	val	assigned
mol_19805	val	assigned
mol_19806	val	assigned
mol_19807	train	assigned
mol_19808	val	assigned
mol_19809	val	assigned
mol_19810	val	assigned
mol_19811	train	assigned
mol_19812	val	sampled
mol_19813	val	sampled
mol_19814	val	assigned
mol_19815	val	sampled
mol_19816	train	assigned
mol_19817	train	sampled
mol_19818	train	assigned
mol_19819	train	assigned
mol_19820	train	sampled
mol_19821	train	assigned
mol_19822	val	sampled
mol_19823	val	assigned
mol_19824	val	sampled
mol_19825	train	assigned
mol_19826	train	sampled
mol_19827	train	assigned
mol_19828	val	assigned
mol_19829	train	assigned
mol_19830	train	assigned
mol_19831	train	assigned
mol_19832	train	assigned
mol_19833	val	assigned
mol_19834	val	sampled
mol_19835	train	assigned
mol_19836	train	assigned
mol_19837	train	assigned
mol_19838	train	assigned
mol_19839	val	sampled
mol_19840	val	assigned
mol_19841	val	assigned
mol_19842	val	sampled
mol_19843	val	assigned
mol_19844	val	assigned
mol_19845	train	sampled
mol_19846	train	assigned
mol_19847	val	sampled
mol_19848	val	assigned
mol_19849	val	assigned
mol_19850	val	assigned
mol_19851	val	assigned
mol_19852	train	assigned
mol_19853	train	assigned
mol_19854	val	assigned
mol_19855	val	sampled
mol_19856	train	assigned
mol_19857	val	sampled
mol_19858	train	sampled
mol_19859	val	assigned
mol_19860	val	assigned
mol_19861	val	assigned
mol_19862	train	assigned
mol_19863	train	assigned
mol_19864	train	assigned
mol_19865	train	assigned
mol_19866	train	assigned
mol_19867	train	assigned
mol_19868	train	assigned
mol_19869	train	assigned
mol_19870	train	assigned
mol_19871	val	assigned
mol_19872	val	assigned
mol_19873	val	assigned
mol_19874	val	assigned
mol_19875	val	assigned
mol_19876	val	sampled
mol_19877	val	assigned
mol_19878	val	assigned
mol_19879	val	assigned
mol_19880	val	assigned
mol_19881	train	assigned
mol_19882	train	sampled
mol_19883	train	assigned
mol_19884	train	assigned
mol_19885	train	assigned
mol_19886	test	sampled
mol_19887	train	assigned
mol_19888	val	assigned
mol_19889	val	assigned
mol_19890	val	assigned
mol_19891	test	sampled
mol_19892	train	assigned
mol_19893	train	sampled
mol_19894	train	assigned
mol_19895	train	assigned
mol_19896	train	assigned
mol_19897	train	assigned
mol_19898	train	assigned
mol_19899	train	assigned
mol_19900	train	assigned
mol_19901	train	assigned
mol_19902	train	sampled
mol_19903	train	assigned
mol_19904	train	assigned
mol_19905	val	assigned
mol_19906	train	assigned
mol_19907	train	assigned
mol_19908	train	sampled
mol_19909	train	assigned
mol_19910	val	sampled
mol_19911	test	assigned
mol_19912	test	assigned
mol_19913	test	assigned
mol_19914	val	sampled
mol_19915	train	assigned
mol_19916	train	assigned
mol_19917	train	sampled
mol_19918	train	assigned
mol_19919	train	assigned
mol_19920	train	assigned
mol_19921	train	assigned
mol_19922	train	assigned
mol_19923	test	assigned
mol_19924	val	assigned
mol_19925	val	sampled
mol_19926	val	sampled
mol_19927	val	assigned
mol_19928	val	assigned
mol_19929	val	assigned
mol_19930	val	assigned
mol_19931	val	sampled
mol_19932	val	assigned
mol_19933	val	assigned
mol_19934	val	assigned
mol_19935	val	assigned
mol_19936	val	assigned
mol_19937	val	assigned
mol_19938	val	assigned
mol_19939	val	assigned
mol_19940	val	assigned
mol_19941	val	assigned
mol_19942	val	assigned
mol_19943	val	assigned
mol_19944	val	assigned
mol_19945	train	assigned
mol_19946	val	assigned
mol_19947	val	assigned
mol_19948	val	sampled
mol_19949	val	sampled
mol_19950	train	assigned
mol_19951	train	sampled
mol_19952	train	assigned
mol_19953	train	assigned
mol_19954	train	assigned
mol_19955	train	assigned
mol_19956	train	assigned
mol_19957	train	sampled
mol_19958	train	sampled
mol_19959	train	sampled
mol_19960	train	assigned
mol_19961	train	assigned
mol_19962	train	sampled
mol_19963	train	assigned
mol_19964	train	assigned
mol_19965	train	assigned
mol_19966	train	sampled
mol_19967	train	assigned
mol_19968	train	assigned
mol_19969	train	sampled
mol_19970	train	assigned
mol_19971	train	assigned
mol_19972	train	sampled
mol_19973	train	assigned
mol_19974	train	assigned
mol_19975	train	assigned
mol_19976	train	sampled
mol_19977	val	assigned
mol_19978	train	assigned
mol_19979	train	sampled
mol_19980	train	assigned
mol_19981	train	assigned
mol_19982	train	assigned
mol_19983	train	sampled
mol_19984	train	assigned
mol_19985	train	sampled
mol_19986	train	sampled
mol_19987	train	assigned
mol_19988	train	assigned
mol_19989	train	assigned
mol_19990	train	assigned
mol_19991	train	assigned
mol_19992	train	sampled
mol_19993	train	assigned
mol_19994	train	assigned
mol_19995	train	assigned
mol_19996	train	assigned
mol_19997	train	assigned
mol_19998	train	sampled
mol_19999	train	assigned
mol_20000	train	assigned
mol_20001	train	assigned
mol_20002	test	assigned
mol_20003	train	assigned
mol_20004	train	assigned
mol_20005	train	assigned
mol_20006	train	assigned
mol_20007	train	sampled
mol_20008	train	assigned
mol_20009	train	sampled
mol_20010	train	assigned
mol_20011	train	assigned
mol_20012	train	assigned
mol_20013	train	assigned
mol_20014	train	assigned
mol_20015	train	assigned
mol_20016	val	assigned
mol_20017	train	assigned
mol_20018	train	sampled
mol_20019	train	assigned
mol_20020	train	assigned
mol_20021	train	assigned
mol_20022	train	assigned
mol_20023	train	assigned
mol_20024	train	sampled
mol_20025	train	assigned
mol_20026	train	sampled
mol_20027	train	sampled
mol_20028	train	assigned
mol_20029	test	sampled
mol_20030	train	assigned
mol_20031	train	assigned
mol_20032	train	assigned
mol_20033	train	sampled
mol_20034	train	assigned
mol_20035	train	assigned
mol_20036	test	sampled
mol_20037	test	assigned
mol_20038	test	sampled
mol_20039	test	assigned
mol_20040	test	assigned
mol_20041	test	assigned
mol_20042	test	sampled
mol_20043	test	assigned
mol_20044	test	assigned
mol_20045	test	assigned
mol_20046	test	sampled
mol_20047	test	assigned
mol_20048	test	assigned
mol_20049	val	assigned
mol_20050	val	sampled
mol_20051	val	assigned
mol_20052	test	sampled
mol_20053	train	sampled
mol_20054	train	assigned
mol_20055	train	assigned
mol_20056	train	assigned
mol_20057	train	sampled
mol_20058	train	assigned
mol_20059	val	assigned
mol_20060	val	assigned
mol_20061	test	assigned
mol_20062	test	sampled
mol_20063	test	sampled
mol_20064	test	assigned
mol_20065	test	assigned
mol_20066	train	assigned
mol_20067	train	assigned
mol_20068	train	assigned
mol_20069	train	assigned
mol_20070	train	assigned
mol_20071	train	sampled
mol_20072	val	assigned
mol_20073	val	sampled
mol_20074	train	assigned
mol_20075	train	assigned
mol_20076	train	sampled
mol_20077	train	sampled
mol_20078	val	sampled
mol_20079	val	assigned
mol_20080	val	assigned
mol_20081	val	assigned
mol_20082	val	sampled
mol_20083	val	assigned
mol_20084	val	assigned
mol_20085	val	assigned
mol_20086	val	assigned
mol_20087	val	assigned
mol_20088	val	sampled
mol_20089	val	assigned
mol_20090	val	sampled
mol_20091	val	assigned
mol_20092	val	assigned
mol_20093	test	assigned
mol_20094	train	assigned
mol_20095	test	assigned
mol_20096	test	assigned
mol_20097	test	assigned
mol_20098	test	assigned
mol_20099	test	assigned
mol_20100	test	sampled
mol_20101	train	assigned
mol_20102	train	assigned
mol_20103	val	assigned
mol_20104	test	assigned
mol_20105	train	assigned
mol_20106	train	assigned
mol_20107	train	assigned
mol_20108	val	assigned
mol_20109	train	sampled
mol_20110	train	sampled
mol_20111	train	assigned
mol_20112	train	sampled
mol_20113	train	assigned
mol_20114	val	assigned
mol_20115	train	assigned
mol_20116	val	assigned
mol_20117	train	assigned
mol_20118	val	assigned
mol_20119	val	assigned
mol_20120	val	sampled
mol_20121	train	assigned
mol_20122	train	assigned
mol_20123	train	sampled
mol_20124	train	sampled
mol_20125	train	assigned
mol_20126	train	assigned
mol_20127	train	assigned
mol_20128	val	assigned
mol_20129	val	sampled
mol_20130	val	assigned
mol_20131	train	assigned
mol_20132	train	assigned
mol_20133	val	assigned
mol_20134	val	sampled
mol_20135	train	sampled
mol_20136	train	assigned
mol_20137	train	sampled
mol_20138	val	assigned
mol_20139	val	assigned
mol_20140	train	assigned
mol_20141	val	assigned
mol_20142	train	assigned
mol_20143	train	assigned
mol_20144	train	assigned
mol_20145	train	assigned
mol_20146	train	sampled
mol_20147	train	assigned
mol_20148	train	sampled
mol_20149	train	assigned
mol_20150	val	assigned
mol_20151	train	assigned
mol_20152	train	assigned
mol_20153	train	sampled
mol_20154	val	assigned
mol_20155	train	sampled
mol_20156	train	assigned
mol_20157	train	assigned
mol_20158	val	assigned
mol_20159	train	assigned
mol_20160	test	assigned
mol_20161	test	assigned
mol_20162	train	assigned
mol_20163	train	assigned
mol_20164	test	sampled
mol_20165	train	assigned
mol_20166	val	assigned
mol_20167	val	assigned
mol_20168	val	assigned
mol_20169	train	assigned
mol_20170	train	sampled
mol_20171	train	assigned
mol_20172	train	assigned
mol_20173	train	assigned
mol_20174	val	assigned
mol_20175	test	assigned
mol_20176	val	assigned
mol_20177	test	sampled
mol_20178	train	assigned
mol_20179	train	sampled
mol_20180	train	assigned
mol_20181	train	assigned
mol_20182	train	assigned
mol_20183	train	assigned
mol_20184	train	assigned
mol_20185	train	sampled
mol_20186	train	assigned
mol_20187	train	assigned
mol_20188	train	sampled
mol_20189	train	assigned
mol_20190	train	assigned
mol_20191	train	assigned
mol_20192	train	assigned
mol_20193	train	assigned
mol_20194	train	assigned
mol_20195	train	assigned
mol_20196	train	sampled
mol_20197	train	sampled
mol_20198	train	sampled
mol_20199	train	assigned
mol_20200	train	assigned
mol_20201	val	sampled
mol_20202	train	assigned
mol_20203	train	assigned
mol_20204	train	sampled
mol_20205	train	sampled
mol_20206	train	assigned
mol_20207	train	assigned
mol_20208	train	assigned
mol_20209	train	assigned
mol_20210	train	assigned
mol_20211	train	assigned
mol_20212	train	sampled
mol_20213	train	assigned
mol_20214	train	sampled
mol_20215	test	assigned
mol_20216	test	sampled
mol_20217	train	assigned
mol_20218	train	assigned
mol_20219	train	assigned
mol_20220	train	sampled
mol_20221	train	assigned
mol_20222	train	sampled
mol_20223	train	assigned
mol_20224	val	assigned
mol_20225	test	assigned
mol_20226	train	assigned
mol_20227	train	assigned
mol_20228	test	sampled
mol_20229	train	assigned
mol_20230	train	sampled
mol_20231	train	sampled
mol_20232	train	sampled
mol_20233	train	sampled
mol_20234	train	assigned
mol_20235	train	sampled
mol_20236	train	assigned
mol_20237	train	sampled
mol_20238	train	assigned
mol_20239	train	assigned
mol_20240	train	assigned
mol_20241	train	assigned
mol_20242	train	assigned
mol_20243	train	assigned
mol_20244	train	assigned
mol_20245	train	assigned
mol_20246	train	assigned
mol_20247	val	assigned
mol_20248	train	assigned
mol_20249	val	assigned
mol_20250	train	assigned
mol_20251	train	assigned
mol_20252	train	assigned
mol_20253	train	assigned
mol_20254	val	sampled
mol_20255	train	assigned
mol_20256	train	assigned
mol_20257	train	assigned
mol_20258	train	assigned
mol_20259	train	sampled
mol_20260	train	assigned
mol_20261	train	assigned
mol_20262	train	sampled
mol_20263	train	assigned
mol_20264	train	assigned
mol_20265	test	assigned
mol_20266	train	assigned
mol_20267	train	sampled
mol_20268	train	assigned
mol_20269	train	assigned
mol_20270	train	assigned
mol_20271	train	assigned
mol_20272	val	assigned
mol_20273	test	assigned
mol_20274	train	sampled
mol_20275	val	assigned
mol_20276	val	assigned
mol_20277	val	sampled
mol_20278	val	assigned
mol_20279	train	assigned
mol_20280	test	assigned
mol_20281	train	assigned
mol_20282	train	assigned
mol_20283	train	assigned
mol_20284	train	assigned
mol_20285	train	assigned
mol_20286	train	assigned
mol_20287	val	assigned
mol_20288	test	assigned
mol_20289	train	assigned
mol_20290	test	sampled
mol_20291	test	assigned
mol_20292	test	sampled
mol_20293	test	assigned
mol_20294	train	sampled
mol_20295	train	assigned
mol_20296	test	assigned
mol_20297	test	assigned
mol_20298	test	assigned
mol_20299	test	assigned
mol_20300	test	assigned
mol_20301	test	assigned
mol_20302	test	sampled
mol_20303	test	assigned
mol_20304	train	assigned
mol_20305	val	assigned
mol_20306	train	assigned
mol_20307	test	assigned
mol_20308	train	assigned
mol_20309	train	assigned
mol_20310	train	sampled
mol_20311	train	assigned
mol_20312	train	assigned
mol_20313	train	assigned
mol_20314	train	assigned
mol_20315	val	assigned
mol_20316	val	assigned
mol_20317	train	assigned
mol_20318	train	sampled
mol_20319	train	assigned
mol_20320	val	assigned
mol_20321	train	assigned
mol_20322	train	assigned
mol_20323	train	assigned
mol_20324	val	assigned
mol_20325	train	assigned
mol_20326	val	sampled
mol_20327	train	assigned
mol_20328	train	assigned
mol_20329	train	assigned
mol_20330	val	assigned
mol_20331	train	assigned
mol_20332	train	assigned
mol_20333	train	assigned
mol_20334	train	assigned
mol_20335	train	assigned
mol_20336	train	assigned
mol_20337	train	assigned
mol_20338	train	assigned
mol_20339	train	assigned
mol_20340	train	assigned
mol_20341	train	assigned
mol_20342	train	sampled
mol_20343	train	assigned
mol_20344	test	assigned
mol_20345	train	sampled
mol_20346	train	sampled
mol_20347	train	sampled
mol_20348	train	sampled
mol_20349	train	sampled
mol_20350	train	assigned
mol_20351	train	sampled
mol_20352	val	sampled
mol_20353	train	assigned
mol_20354	train	assigned
mol_20355	train	sampled
mol_20356	train	sampled
mol_20357	val	assigned
mol_20358	val	assigned
mol_20359	train	assigned
mol_20360	train	assigned
mol_20361	train	sampled
mol_20362	train	sampled
mol_20363	val	assigned
mol_20364	train	assigned
mol_20365	train	assigned
mol_20366	train	sampled
mol_20367	train	assigned
mol_20368	train	sampled
mol_20369	val	assigned
mol_20370	val	sampled
mol_20371	val	assigned
mol_20372	train	assigned
mol_20373	train	assigned
mol_20374	train	assigned
mol_20375	train	assigned
mol_20376	train	assigned
mol_20377	train	sampled
mol_20378	test	assigned
mol_20379	train	assigned
mol_20380	train	assigned
mol_20381	test	assigned
mol_20382	val	assigned
mol_20383	train	assigned
mol_20384	test	assigned
mol_20385	test	sampled
mol_20386	train	assigned
mol_20387	test	assigned
mol_20388	test	assigned
mol_20389	test	assigned
mol_20390	train	assigned
mol_20391	train	sampled
mol_20392	train	assigned
mol_20393	train	assigned
mol_20394	val	assigned
mol_20395	val	assigned
mol_20396	val	assigned
mol_20397	train	assigned
mol_20398	train	assigned
mol_20399	train	sampled
mol_20400	train	assigned
mol_20401	test	assigned
mol_20402	test	assigned
mol_20403	train	assigned
mol_20404	train	assigned
mol_20405	train	assigned
mol_20406	train	sampled
mol_20407	test	assigned
mol_20408	val	assigned
mol_20409	train	assigned
mol_20410	train	assigned
mol_20411	train	assigned
mol_20412	train	sampled
mol_20413	train	assigned
mol_20414	train	sampled
mol_20415	train	assigned
mol_20416	train	assigned
mol_20417	train	sampled
mol_20418	train	assigned
mol_20419	train	assigned
mol_20420	train	assigned
mol_20421	train	assigned
mol_20422	val	assigned
mol_20423	train	assigned
mol_20424	train	assigned
mol_20425	train	assigned
mol_20426	train	assigned
mol_20427	train	sampled
mol_20428	train	assigned
mol_20429	train	assigned
mol_20430	train	sampled
mol_20431	train	assigned
mol_20432	train	sampled
mol_20433	train	sampled
mol_20434	train	assigned
mol_20435	train	assigned
mol_20436	train	sampled
mol_20437	train	assigned
mol_20438	train	sampled
mol_20439	train	assigned
mol_20440	train	sampled
mol_20441	train	sampled
mol_20442	train	sampled
mol_20443	train	sampled
mol_20444	train	assigned
mol_20445	train	assigned
mol_20446	train	assigned
mol_20447	train	assigned
mol_20448	train	assigned
mol_20449	train	assigned
mol_20450	train	sampled
mol_20451	train	assigned
mol_20452	train	assigned
mol_20453	train	assigned
mol_20454	train	assigned
mol_20455	train	assigned
mol_20456	train	assigned
mol_20457	train	sampled
mol_20458	train	sampled
mol_20459	train	sampled
mol_20460	train	assigned
mol_20461	train	assigned
mol_20462	train	assigned
mol_20463	train	assigned
mol_20464	train	assigned
mol_20465	train	assigned
mol_20466	train	assigned
mol_20467	train	sampled
mol_20468	train	assigned
mol_20469	train	assigned
mol_20470	train	assigned
mol_20471	train	assigned
mol_20472	train	assigned
mol_20473	train	assigned
mol_20474	train	assigned
mol_20475	train	assigned
mol_20476	train	assigned
mol_20477	train	assigned
mol_20478	train	assigned
mol_20479	train	assigned
mol_20480	train	sampled
mol_20481	train	assigned
mol_20482	val	sampled
mol_20483	test	assigned
mol_20484	train	sampled
mol_20485	train	assigned
mol_20486	train	assigned
mol_20487	train	assigned
mol_20488	train	assigned
mol_20489	test	assigned
mol_20490	test	assigned
mol_20491	train	assigned
mol_20492	train	assigned
mol_20493	val	assigned
mol_20494	val	sampled
mol_20495	train	sampled
mol_20496	train	assigned
mol_20497	val	assigned
mol_20498	train	assigned
mol_20499	train	sampled
mol_20500	train	assigned
mol_20501	val	assigned
mol_20502	val	assigned
mol_20503	train	assigned
mol_20504	test	assigned
mol_20505	train	assigned
mol_20506	train	assigned
mol_20507	val	sampled
mol_20508	val	assigned
mol_20509	val	assigned
mol_20510	val	sampled
mol_20511	val	assigned
mol_20512	train	sampled
mol_20513	train	assigned
mol_20514	train	assigned
mol_20515	train	assigned
mol_20516	train	sampled
mol_20517	train	assigned
mol_20518	train	assigned
mol_20519	train	assigned
mol_20520	train	assigned
mol_20521	train	sampled
mol_20522	train	assigned
mol_20523	train	assigned
mol_20524	train	sampled
mol_20525	train	sampled
mol_20526	train	assigned
mol_20527	train	assigned
mol_20528	train	assigned
mol_20529	train	assigned
mol_20530	train	assigned
mol_20531	train	assigned
mol_20532	train	assigned
mol_20533	train	sampled
mol_20534	train	assigned
mol_20535	train	assigned
mol_20536	train	assigned
mol_20537	train	sampled
mol_20538	train	assigned
mol_20539	train	assigned
mol_20540	train	sampled
mol_20541	train	assigned
mol_20542	train	assigned
mol_20543	train	sampled
mol_20544	train	sampled
mol_20545	train	assigned
mol_20546	train	sampled
mol_20547	train	assigned
mol_20548	train	sampled
mol_20549	train	sampled
mol_20550	train	sampled
mol_20551	train	assigned
mol_20552	train	sampled
mol_20553	train	assigned
mol_20554	train	sampled
mol_20555	val	sampled
mol_20556	val	assigned
mol_20557	val	assigned
mol_20558	train	assigned
mol_20559	train	assigned
mol_20560	train	sampled
mol_20561	train	assigned
mol_20562	train	assigned
mol_20563	train	assigned
mol_20564	train	assigned
mol_20565	train	assigned
mol_20566	train	assigned
mol_20567	train	assigned
mol_20568	val	assigned
mol_20569	val	assigned
mol_20570	val	sampled
mol_20571	train	assigned
mol_20572	train	sampled
mol_20573	train	sampled
mol_20574	val	sampled
mol_20575	train	sampled
mol_20576	val	sampled
mol_20577	train	assigned
mol_20578	val	assigned
mol_20579	train	assigned
mol_20580	train	sampled
mol_20581	train	assigned
mol_20582	train	sampled
mol_20583	train	assigned
mol_20584	train	assigned
mol_20585	val	sampled
mol_20586	train	assigned
mol_20587	train	assigned
mol_20588	val	assigned
mol_20589	test	assigned
mol_20590	test	assigned
mol_20591	train	sampled
mol_20592	train	assigned
mol_20593	train	assigned
mol_20594	train	assigned
mol_20595	train	assigned
mol_20596	train	sampled
mol_20597	train	assigned
mol_20598	train	assigned
mol_20599	train	assigned
mol_20600	train	assigned
mol_20601	train	assigned
mol_20602	train	assigned
mol_20603	train	assigned
mol_20604	train	sampled
mol_20605	train	assigned
mol_20606	train	assigned
mol_20607	train	assigned
mol_20608	train	assigned
mol_20609	train	assigned
mol_20610	train	sampled
mol_20611	train	assigned
mol_20612	train	assigned
mol_20613	train	assigned
mol_20614	train	assigned
mol_20615	train	assigned
mol_20616	train	assigned
mol_20617	train	assigned
mol_20618	train	assigned
mol_20619	train	assigned
mol_20620	train	assigned
mol_20621	train	assigned
mol_20622	train	assigned
mol_20623	train	sampled
mol_20624	train	assigned
mol_20625	train	assigned
mol_20626	train	sampled
mol_20627	val	assigned
mol_20628	train	sampled
mol_20629	train	assigned
mol_20630	train	assigned
mol_20631	train	assigned
mol_20632	train	sampled
mol_20633	train	sampled
mol_20634	train	sampled
mol_20635	train	assigned
mol_20636	train	sampled
mol_20637	train	assigned
mol_20638	train	sampled
mol_20639	train	assigned
mol_20640	train	assigned
mol_20641	train	assigned
mol_20642	train	sampled
mol_20643	train	sampled
mol_20644	train	assigned
mol_20645	train	assigned
mol_20646	val	sampled
mol_20647	train	sampled
mol_20648	train	assigned
mol_20649	train	sampled
mol_20650	train	assigned
mol_20651	train	assigned
mol_20652	train	assigned
mol_20653	train	assigned
mol_20654	val	assigned
mol_20655	train	assigned
mol_20656	train	sampled
mol_20657	test	assigned
mol_20658	test	assigned
mol_20659	train	assigned
mol_20660	train	assigned
mol_20661	train	assigned
mol_20662	train	assigned
mol_20663	train	assigned
mol_20664	train	assigned
mol_20665	train	sampled
mol_20666	train	assigned
mol_20667	train	assigned
mol_20668	train	assigned
mol_20669	train	assigned
mol_20670	train	assigned
mol_20671	train	assigned
mol_20672	train	assigned
mol_20673	train	assigned
mol_20674	train	assigned
mol_20675	train	sampled
mol_20676	train	assigned
mol_20677	train	assigned
mol_20678	train	assigned
mol_20679	train	assigned
mol_20680	train	sampled
mol_20681	train	assigned
mol_20682	train	assigned
mol_20683	train	assigned
mol_20684	train	assigned
mol_20685	train	sampled
mol_20686	train	sampled
mol_20687	train	sampled
mol_20688	train	assigned
mol_20689	train	assigned
mol_20690	train	assigned
mol_20691	train	assigned
mol_20692	train	assigned
mol_20693	train	sampled
mol_20694	train	assigned
mol_20695	train	assigned
mol_20696	train	sampled
mol_20697	train	assigned
mol_20698	train	assigned
mol_20699	train	assigned
mol_20700	train	assigned
mol_20701	train	assigned
mol_20702	train	assigned
mol_20703	train	assigned
mol_20704	train	assigned
mol_20705	train	assigned
mol_20706	train	assigned
mol_20707	train	assigned
mol_20708	train	sampled
mol_20709	train	assigned
mol_20710	train	assigned
mol_20711	val	assigned
mol_20712	val	assigned
mol_20713	test	assigned
mol_20714	train	assigned
mol_20715	train	sampled
mol_20716	train	sampled
mol_20717	train	sampled
mol_20718	train	assigned
mol_20719	train	assigned
mol_20720	train	sampled
mol_20721	train	assigned
mol_20722	train	assigned
mol_20723	val	sampled
mol_20724	train	assigned
mol_20725	val	assigned
mol_20726	train	assigned
mol_20727	train	sampled
mol_20728	train	assigned
mol_20729	train	sampled
mol_20730	train	assigned
mol_20731	train	assigned
mol_20732	val	assigned
mol_20733	test	assigned
mol_20734	val	assigned
mol_20735	val	sampled
mol_20736	test	sampled
mol_20737	train	sampled
mol_20738	train	assigned
mol_20739	val	assigned
mol_20740	train	sampled
mol_20741	train	sampled
mol_20742	val	assigned
mol_20743	train	assigned
mol_20744	train	assigned
mol_20745	train	sampled
mol_20746	train	assigned
mol_20747	train	sampled
mol_20748	train	assigned
mol_20749	train	assigned
mol_20750	train	assigned
mol_20751	train	assigned
mol_20752	train	assigned
mol_20753	train	assigned
mol_20754	train	assigned
mol_20755	train	sampled
mol_20756	train	assigned
mol_20757	train	sampled
mol_20758	train	assigned
mol_20759	train	sampled
mol_20760	val	assigned
mol_20761	train	assigned
mol_20762	train	assigned
mol_20763	train	assigned
mol_20764	train	assigned
mol_20765	train	assigned
mol_20766	train	assigned
mol_20767	train	assigned
mol_20768	train	sampled
mol_20769	train	sampled
mol_20770	train	sampled
mol_20771	train	sampled
mol_20772	train	sampled
mol_20773	train	assigned
mol_20774	val	assigned
mol_20775	val	sampled
mol_20776	train	assigned
mol_20777	train	sampled
mol_20778	train	assigned
mol_20779	train	assigned
mol_20780	train	sampled
mol_20781	train	sampled
mol_20782	train	assigned
mol_20783	train	assigned
mol_20784	train	sampled
mol_20785	train	assigned
mol_20786	train	assigned
mol_20787	train	assigned
mol_20788	train	sampled
mol_20789	train	assigned
mol_20790	train	sampled
mol_20791	train	assigned
mol_20792	train	assigned
mol_20793	val	assigned
mol_20794	train	sampled
mol_20795	train	assigned
mol_20796	test	assigned
mol_20797	test	sampled
mol_20798	test	sampled
mol_20799	val	assigned
mol_20800	train	assigned
mol_20801	val	sampled
mol_20802	train	assigned
mol_20803	val	assigned
mol_20804	train	sampled
mol_20805	train	assigned
mol_20806	train	assigned
mol_20807	train	sampled
mol_20808	train	assigned
mol_20809	train	assigned
mol_20810	train	assigned
mol_20811	train	assigned
mol_20812	train	assigned
mol_20813	train	assigned
mol_20814	val	sampled
mol_20815	train	assigned
mol_20816	train	sampled
mol_20817	train	assigned
mol_20818	val	sampled
mol_20819	train	sampled
mol_20820	train	sampled
mol_20821	test	sampled
mol_20822	test	sampled
mol_20823	train	assigned
mol_20824	val	assigned
mol_20825	train	assigned
mol_20826	test	sampled
mol_20827	train	assigned
mol_20828	train	assigned
mol_20829	train	assigned
mol_20830	train	assigned
mol_20831	val	sampled
mol_20832	val	assigned
mol_20833	val	assigned
mol_20834	val	assigned
mol_20835	val	sampled
mol_20836	val	assigned
mol_20837	val	assigned
mol_20838	val	assigned
mol_20839	train	sampled
mol_20840	train	assigned
mol_20841	train	assigned
mol_20842	train	assigned
mol_20843	train	assigned
mol_20844	val	assigned
mol_20845	val	assigned
mol_20846	val	sampled
mol_20847	val	assigned
mol_20848	train	assigned
mol_20849	val	sampled
mol_20850	train	assigned
mol_20851	train	assigned
mol_20852	train	assigned
mol_20853	train	sampled
mol_20854	train	assigned
mol_20855	train	assigned
mol_20856	val	sampled
mol_20857	train	sampled
mol_20858	test	assigned
mol_20859	test	sampled
mol_20860	test	assigned
mol_20861	test	assigned
mol_20862	test	assigned
mol_20863	test	assigned
mol_20864	train	assigned
mol_20865	train	sampled
mol_20866	train	assigned
mol_20867	test	sampled
mol_20868	train	sampled
mol_20869	train	assigned
mol_20870	test	assigned
mol_20871	test	assigned
mol_20872	test	assigned
mol_20873	train	assigned
mol_20874	train	assigned
mol_20875	train	assigned
mol_20876	train	sampled
mol_20877	train	sampled
mol_20878	train	assigned
mol_20879	train	assigned
mol_20880	train	assigned
mol_20881	train	assigned
mol_20882	train	sampled
mol_20883	train	assigned
mol_20884	train	assigned
mol_20885	train	sampled
mol_20886	train	assigned
mol_20887	test	assigned
mol_20888	test	sampled
mol_20889	train	assigned
mol_20890	train	assigned
mol_20891	train	assigned
mol_20892	train	sampled
mol_20893	train	assigned
mol_20894	train	sampled
mol_20895	train	assigned
mol_20896	train	assigned
mol_20897	train	assigned
mol_20898	test	sampled
mol_20899	train	sampled
mol_20900	val	assigned
mol_20901	val	assigned
mol_20902	val	assigned
mol_20903	val	sampled
mol_20904	train	assigned
mol_20905	val	assigned
mol_20906	val	assigned
mol_20907	train	assigned
mol_20908	train	assigned
mol_20909	train	assigned
mol_20910	train	assigned
mol_20911	train	assigned
mol_20912	train	sampled
mol_20913	train	sampled
mol_20914	train	assigned
mol_20915	train	assigned
mol_20916	train	assigned
mol_20917	train	assigned
mol_20918	train	assigned
mol_20919	train	sampled
mol_20920	train	sampled
mol_20921	train	assigned
mol_20922	train	assigned
mol_20923	train	assigned
mol_20924	train	assigned
mol_20925	train	sampled
mol_20926	train	sampled
mol_20927	train	assigned
mol_20928	val	sampled
mol_20929	train	assigned
mol_20930	train	assigned
mol_20931	train	sampled
mol_20932	val	assigned
mol_20933	train	assigned
mol_20934	train	assigned
mol_20935	train	assigned
mol_20936	train	assigned
mol_20937	train	assigned
mol_20938	train	assigned
mol_20939	train	assigned
mol_20940	train	sampled
mol_20941	train	sampled
mol_20942	train	assigned
mol_20943	train	assigned
mol_20944	train	assigned
mol_20945	train	sampled
mol_20946	train	assigned
mol_20947	train	assigned
mol_20948	test	assigned
mol_20949	test	sampled
mol_20950	train	assigned
mol_20951	test	assigned
mol_20952	train	assigned
mol_20953	test	assigned
mol_20954	train	assigned
mol_20955	train	assigned
mol_20956	train	assigned
mol_20957	val	assigned
mol_20958	test	assigned
mol_20959	test	sampled
mol_20960	test	assigned
mol_20961	test	assigned
mol_20962	test	assigned
mol_20963	test	assigned
mol_20964	test	sampled
mol_20965	val	assigned
mol_20966	train	assigned
mol_20967	train	assigned
mol_20968	train	assigned
mol_20969	train	assigned
mol_20970	train	sampled
mol_20971	train	assigned
mol_20972	test	assigned
mol_20973	test	assigned
mol_20974	train	assigned
mol_20975	train	assigned
mol_20976	train	assigned
mol_20977	test	assigned
mol_20978	test	assigned
mol_20979	test	assigned
mol_20980	test	assigned
mol_20981	test	assigned
mol_20982	test	assigned
mol_20983	test	sampled
mol_20984	train	assigned
mol_20985	val	assigned
mol_20986	train	sampled
mol_20987	train	assigned
mol_20988	train	sampled
mol_20989	train	assigned
mol_20990	train	sampled
mol_20991	test	assigned
mol_20992	test	assigned
mol_20993	test	assigned
mol_20994	test	sampled
mol_20995	test	assigned
mol_20996	test	assigned
mol_20997	test	sampled
mol_20998	test	assigned
mol_20999	test	assigned
mol_21000	val	sampled
mol_21001	train	assigned
mol_21002	train	sampled
mol_21003	train	sampled
mol_21004	train	assigned
mol_21005	train	assigned
mol_21006	train	sampled
mol_21007	train	assigned
mol_21008	train	assigned
mol_21009	train	assigned
mol_21010	train	sampled
mol_21011	train	sampled
mol_21012	train	assigned
mol_21013	test	assigned
mol_21014	test	assigned
mol_21015	train	assigned
mol_21016	test	assigned
mol_21017	test	assigned
mol_21018	train	assigned
mol_21019	train	assigned
mol_21020	test	assigned
mol_21021	test	assigned
mol_21022	train	assigned
mol_21023	val	sampled
mol_21024	val	assigned
mol_21025	train	sampled
mol_21026	val	assigned
mol_21027	val	assigned
mol_21028	val	assigned
mol_21029	val	assigned
mol_21030	val	sampled
mol_21031	val	assigned
mol_21032	train	assigned
mol_21033	val	assigned
mol_21034	val	assigned
mol_21035	val	sampled
mol_21036	train	assigned
mol_21037	train	assigned
mol_21038	train	assigned
mol_21039	train	sampled
mol_21040	train	assigned
mol_21041	train	assigned
mol_21042	test	assigned
mol_21043	val	assigned
mol_21044	val	sampled
mol_21045	val	assigned
mol_21046	train	sampled
mol_21047	val	assigned
mol_21048	test	assigned
mol_21049	test	assigned
mol_21050	test	assigned
mol_21051	test	sampled
mol_21052	val	sampled
mol_21053	test	assigned
mol_21054	test	assigned
mol_21055	train	assigned
mol_21056	val	sampled
mol_21057	val	assigned
mol_21058	val	assigned
mol_21059	val	assigned
mol_21060	val	assigned
mol_21061	val	assigned
mol_21062	val	assigned
mol_21063	val	sampled
mol_21064	val	assigned
mol_21065	val	sampled
mol_21066	test	assigned
mol_21067	val	assigned
mol_21068	val	assigned
mol_21069	val	assigned
mol_21070	val	assigned
mol_21071	val	assigned
mol_21072	test	assigned
mol_21073	val	sampled
mol_21074	test	assigned
mol_21075	val	sampled
mol_21076	val	assigned
mol_21077	train	assigned
mol_21078	test	assigned
mol_21079	test	sampled
mol_21080	val	assigned
mol_21081	test	sampled
mol_21082	val	assigned
mol_21083	test	assigned
mol_21084	train	assigned
mol_21085	val	assigned
mol_21086	val	assigned
mol_21087	test	assigned
mol_21088	val	assigned
mol_21089	val	sampled
mol_21090	val	sampled
mol_21091	val	sampled
mol_21092	val	assigned
mol_21093	train	assigned
mol_21094	val	assigned
mol_21095	val	assigned
mol_21096	val	assigned
mol_21097	val	assigned
mol_21098	val	assigned
mol_21099	train	assigned
mol_21100	train	assigned
mol_21101	train	assigned
mol_21102	train	assigned
mol_21103	test	assigned
mol_21104	test	assigned
mol_21105	val	assigned
mol_21106	train	assigned
mol_21107	test	assigned
mol_21108	val	sampled
mol_21109	val	assigned
mol_21110	val	assigned
mol_21111	val	assigned
mol_21112	val	sampled
mol_21113	val	assigned
mol_21114	val	assigned
mol_21115	val	assigned
mol_21116	val	assigned
mol_21117	train	sampled
mol_21118	val	assigned
mol_21119	train	assigned
mol_21120	train	assigned
mol_21121	train	sampled
mol_21122	train	sampled
mol_21123	train	sampled
mol_21124	train	assigned
mol_21125	train	assigned
mol_21126	val	sampled
mol_21127	val	sampled
mol_21128	test	assigned
mol_21129	train	assigned
mol_21130	test	assigned
mol_21131	train	assigned
mol_21132	train	assigned
mol_21133	train	assigned
mol_21134	test	assigned
mol_21135	test	sampled
mol_21136	test	assigned
mol_21137	test	assigned
mol_21138	test	sampled
mol_21139	test	assigned
mol_21140	val	assigned
mol_21141	val	assigned
mol_21142	train	assigned
mol_21143	val	assigned
mol_21144	val	assigned
mol_21145	val	sampled
mol_21146	train	assigned
mol_21147	val	assigned
mol_21148	val	assigned
mol_21149	train	sampled
mol_21150	train	assigned
mol_21151	val	assigned
mol_21152	train	sampled
mol_21153	train	assigned
mol_21154	train	sampled
mol_21155	train	sampled
mol_21156	train	sampled
mol_21157	train	sampled
mol_21158	train	assigned
mol_21159	train	assigned
mol_21160	train	sampled
mol_21161	val	assigned
mol_21162	train	assigned
mol_21163	train	sampled
mol_21164	train	assigned
mol_21165	train	sampled
mol_21166	train	assigned
mol_21167	val	assigned
mol_21168	train	assigned
mol_21169	train	sampled
mol_21170	train	assigned
mol_21171	train	assigned
mol_21172	train	assigned
mol_21173	train	assigned
mol_21174	train	assigned
mol_21175	train	assigned
mol_21176	train	sampled
mol_21177	train	assigned
mol_21178	train	sampled
mol_21179	train	assigned
mol_21180	train	assigned
mol_21181	train	assigned
mol_21182	val	assigned
mol_21183	train	assigned
mol_21184	train	assigned
mol_21185	train	assigned
mol_21186	train	sampled
mol_21187	train	sampled
mol_21188	train	assigned
mol_21189	train	assigned
mol_21190	train	sampled
mol_21191	val	sampled
mol_21192	test	assigned
mol_21193	test	sampled
mol_21194	test	assigned
mol_21195	test	assigned
mol_21196	test	assigned
mol_21197	test	sampled
mol_21198	test	sampled
mol_21199	val	assigned
mol_21200	train	assigned
mol_21201	val	assigned
mol_21202	train	sampled
mol_21203	test	assigned
mol_21204	train	assigned
mol_21205	val	assigned
mol_21206	val	assigned
mol_21207	train	assigned
mol_21208	train	assigned
mol_21209	train	assigned
mol_21210	train	sampled
mol_21211	train	sampled
mol_21212	train	assigned
mol_21213	train	assigned
mol_21214	train	sampled
mol_21215	train	assigned
mol_21216	train	sampled
mol_21217	train	assigned
mol_21218	train	sampled
mol_21219	train	assigned
mol_21220	train	sampled
mol_21221	train	sampled
mol_21222	train	sampled
mol_21223	train	assigned
mol_21224	train	assigned
mol_21225	train	assigned
mol_21226	train	assigned
mol_21227	train	assigned
mol_21228	train	assigned
mol_21229	train	sampled
mol_21230	train	assigned
mol_21231	train	assigned
mol_21232	train	sampled
mol_21233	train	assigned
mol_21234	train	assigned
mol_21235	train	sampled
mol_21236	train	assigned
mol_21237	train	sampled
mol_21238	train	sampled
mol_21239	train	sampled
mol_21240	train	assigned
mol_21241	train	assigned
mol_21242	test	assigned
mol_21243	test	assigned
mol_21244	test	sampled
mol_21245	train	sampled
mol_21246	train	assigned
mol_21247	test	assigned
mol_21248	train	assigned
mol_21249	train	assigned
mol_21250	train	assigned
mol_21251	train	assigned
mol_21252	train	assigned
mol_21253	train	assigned
mol_21254	train	assigned
mol_21255	train	sampled
mol_21256	train	assigned
mol_21257	train	assigned
mol_21258	train	assigned
mol_21259	test	assigned
mol_21260	train	assigned
mol_21261	train	assigned
mol_21262	train	assigned
mol_21263	train	assigned
mol_21264	train	assigned
mol_21265	test	assigned
mol_21266	train	sampled
mol_21267	train	assigned
mol_21268	train	sampled
mol_21269	train	assigned
mol_21270	train	assigned
mol_21271	test	assigned
mol_21272	val	sampled
mol_21273	val	assigned
mol_21274	val	assigned
mol_21275	val	assigned
mol_21276	test	assigned
mol_21277	val	assigned
mol_21278	val	assigned
mol_21279	train	assigned
mol_21280	train	sampled
mol_21281	train	assigned
mol_21282	train	assigned
mol_21283	train	sampled
mol_21284	train	assigned
mol_21285	train	assigned
mol_21286	train	sampled
mol_21287	train	sampled
mol_21288	train	assigned
mol_21289	train	assigned
mol_21290	train	assigned
mol_21291	train	assigned
mol_21292	train	assigned
mol_21293	train	sampled
mol_21294	train	assigned
mol_21295	train	assigned
mol_21296	train	sampled
mol_21297	train	sampled
mol_21298	train	assigned
mol_21299	train	assigned
mol_21300	train	assigned
mol_21301	train	assigned
mol_21302	train	assigned
mol_21303	train	assigned
mol_21304	train	assigned
mol_21305	train	assigned
mol_21306	train	assigned
mol_21307	train	assigned
mol_21308	train	sampled
mol_21309	train	assigned
mol_21310	train	assigned
mol_21311	train	assigned
mol_21312	train	assigned
mol_21313	train	assigned
mol_21314	train	assigned
mol_21315	train	sampled
mol_21316	train	assigned
mol_21317	train	assigned
mol_21318	train	assigned
mol_21319	train	assigned
mol_21320	train	assigned
mol_21321	train	assigned
mol_21322	train	assigned
mol_21323	train	assigned
mol_21324	train	sampled
mol_21325	train	assigned
mol_21326	train	assigned
mol_21327	train	assigned
mol_21328	train	assigned
mol_21329	train	assigned
mol_21330	train	assigned
mol_21331	train	assigned
mol_21332	train	assigned
mol_21333	train	assigned
mol_21334	train	assigned
mol_21335	train	sampled
mol_21336	train	assigned
mol_21337	train	sampled
mol_21338	train	assigned
mol_21339	train	assigned
mol_21340	train	assigned
mol_21341	train	assigned
mol_21342	train	sampled
mol_21343	train	assigned
mol_21344	train	sampled
mol_21345	val	assigned
mol_21346	train	assigned
mol_21347	test	assigned
mol_21348	train	assigned
mol_21349	train	sampled
mol_21350	val	assigned
mol_21351	train	assigned
mol_21352	train	assigned
mol_21353	train	assigned
mol_21354	train	assigned
mol_21355	train	sampled
mol_21356	train	sampled
mol_21357	train	assigned
mol_21358	train	assigned
mol_21359	train	assigned
mol_21360	train	assigned
mol_21361	val	sampled
mol_21362	train	sampled
mol_21363	train	assigned
mol_21364	train	assigned
mol_21365	train	sampled
mol_21366	train	assigned
mol_21367	train	assigned
mol_21368	train	assigned
mol_21369	train	sampled
mol_21370	train	sampled
mol_21371	train	assigned
mol_21372	train	assigned
mol_21373	test	sampled
mol_21374	test	sampled
mol_21375	test	assigned
mol_21376	test	assigned
mol_21377	val	assigned
mol_21378	train	assigned
mol_21379	test	assigned
mol_21380	test	assigned
mol_21381	train	assigned
mol_21382	train	sampled
mol_21383	train	assigned
mol_21384	train	assigned
mol_21385	train	assigned
mol_21386	train	assigned
mol_21387	train	assigned
mol_21388	train	assigned
mol_21389	train	assigned
mol_21390	train	assigned
mol_21391	train	sampled
mol_21392	train	assigned
mol_21393	train	sampled
mol_21394	train	assigned
mol_21395	train	assigned
mol_21396	train	sampled
mol_21397	test	assigned
mol_21398	train	assigned
mol_21399	train	assigned
mol_21400	train	assigned
mol_21401	val	sampled
mol_21402	train	sampled
mol_21403	train	sampled
mol_21404	train	assigned
mol_21405	train	sampled
mol_21406	train	assigned
mol_21407	train	assigned
mol_21408	train	assigned
mol_21409	train	assigned
mol_21410	train	sampled
mol_21411	train	assigned
mol_21412	val	sampled
mol_21413	val	assigned
mol_21414	val	assigned
mol_21415	train	assigned
mol_21416	val	assigned
mol_21417	train	assigned
mol_21418	train	sampled
mol_21419	train	sampled
mol_21420	train	assigned
mol_21421	train	assigned
mol_21422	train	sampled
mol_21423	train	assigned
mol_21424	train	assigned
mol_21425	train	sampled
mol_21426	train	sampled
mol_21427	train	assigned
mol_21428	val	assigned
mol_21429	train	assigned
mol_21430	train	assigned
mol_21431	train	assigned
mol_21432	val	assigned
mol_21433	train	assigned
mol_21434	train	assigned
mol_21435	train	assigned
mol_21436	train	sampled
mol_21437	train	assigned
mol_21438	train	assigned
mol_21439	train	assigned
mol_21440	train	sampled
mol_21441	train	sampled
mol_21442	train	assigned
mol_21443	train	sampled
mol_21444	train	assigned
mol_21445	train	assigned
mol_21446	train	assigned
mol_21447	train	assigned
mol_21448	train	assigned
mol_21449	train	assigned
mol_21450	train	sampled
mol_21451	train	assigned
mol_21452	train	assigned
mol_21453	train	assigned
mol_21454	train	assigned
mol_21455	train	assigned
mol_21456	train	assigned
mol_21457	val	assigned
mol_21458	train	assigned
mol_21459	train	assigned
mol_21460	train	assigned
mol_21461	train	sampled
mol_21462	train	assigned
mol_21463	train	sampled
mol_21464	val	assigned
mol_21465	train	assigned
mol_21466	train	sampled
mol_21467	train	assigned
mol_21468	train	assigned
mol_21469	train	sampled
mol_21470	train	assigned
mol_21471	train	assigned
mol_21472	train	assigned
mol_21473	train	assigned
mol_21474	train	assigned
mol_21475	train	assigned
mol_21476	train	assigned
mol_21477	train	sampled
mol_21478	train	sampled
mol_21479	train	assigned
mol_21480	train	assigned
mol_21481	train	sampled
mol_21482	train	assigned
mol_21483	train	sampled
mol_21484	train	assigned
mol_21485	train	sampled
mol_21486	train	assigned
mol_21487	train	assigned
mol_21488	train	sampled
mol_21489	val	assigned
mol_21490	train	assigned
mol_21491	train	assigned
mol_21492	train	assigned
mol_21493	train	assigned
mol_21494	train	assigned
mol_21495	train	sampled
mol_21496	train	assigned
mol_21497	train	assigned
mol_21498	train	assigned
mol_21499	val	assigned
mol_21500	train	sampled
mol_21501	train	assigned
mol_21502	train	assigned
mol_21503	train	sampled
mol_21504	train	assigned
mol_21505	train	sampled
mol_21506	train	assigned
mol_21507	train	assigned
mol_21508	train	assigned
mol_21509	train	assigned
mol_21510	val	assigned
mol_21511	train	assigned
mol_21512	train	sampled
mol_21513	train	assigned
mol_21514	train	assigned
mol_21515	train	assigned
mol_21516	train	assigned
mol_21517	train	assigned
mol_21518	train	assigned
mol_21519	train	sampled
mol_21520	train	assigned
mol_21521	train	sampled
mol_21522	train	assigned
mol_21523	train	assigned
mol_21524	test	assigned
mol_21525	train	assigned
mol_21526	train	assigned
mol_21527	train	assigned
mol_21528	train	sampled
mol_21529	train	assigned
mol_21530	train	assigned
mol_21531	val	sampled
mol_21532	train	assigned
mol_21533	train	assigned
mol_21534	train	assigned
mol_21535	train	sampled
mol_21536	train	assigned
mol_21537	train	assigned
mol_21538	train	assigned
mol_21539	train	sampled
mol_21540	train	sampled
mol_21541	train	sampled
mol_21542	train	assigned
mol_21543	train	sampled
mol_21544	train	sampled
mol_21545	train	assigned
mol_21546	train	sampled
mol_21547	train	assigned
mol_21548	val	assigned
mol_21549	val	sampled
mol_21550	train	assigned
mol_21551	test	assigned
mol_21552	val	assigned
mol_21553	train	assigned
mol_21554	test	assigned
mol_21555	val	assigned
mol_21556	train	assigned
mol_21557	train	sampled
mol_21558	val	assigned
mol_21559	train	assigned
mol_21560	train	assigned
mol_21561	train	assigned
mol_21562	train	sampled
mol_21563	train	assigned
mol_21564	train	sampled
mol_21565	train	assigned
mol_21566	train	assigned
mol_21567	val	sampled
mol_21568	train	assigned
mol_21569	val	assigned
mol_21570	train	sampled
mol_21571	train	assigned
mol_21572	val	sampled
mol_21573	train	assigned
mol_21574	val	assigned
mol_21575	val	assigned
mol_21576	test	assigned
mol_21577	train	assigned
mol_21578	train	sampled
mol_21579	train	sampled
mol_21580	train	assigned
mol_21581	train	sampled
mol_21582	train	sampled
mol_21583	train	sampled
mol_21584	train	assigned
mol_21585	train	assigned
mol_21586	train	assigned
mol_21587	train	assigned
mol_21588	train	assigned
mol_21589	train	sampled
mol_21590	val	assigned
mol_21591	train	assigned
mol_21592	train	assigned
mol_21593	train	assigned
mol_21594	train	assigned
mol_21595	train	assigned
mol_21596	train	assigned
mol_21597	train	sampled
mol_21598	train	assigned
mol_21599	train	assigned
mol_21600	train	assigned
mol_21601	train	assigned
mol_21602	train	assigned
mol_21603	train	assigned
mol_21604	train	assigned
mol_21605	train	assigned
mol_21606	train	assigned
mol_21607	train	assigned
mol_21608	train	assigned
mol_21609	train	assigned
mol_21610	train	sampled
mol_21611	train	assigned
mol_21612	val	assigned
mol_21613	train	sampled
mol_21614	train	assigned
mol_21615	train	assigned
mol_21616	train	sampled
mol_21617	train	assigned
mol_21618	train	assigned
mol_21619	train	sampled
mol_21620	train	assigned
mol_21621	train	assigned
mol_21622	train	assigned
mol_21623	train	assigned
mol_21624	train	assigned
mol_21625	train	assigned
mol_21626	train	assigned
mol_21627	val	assigned
mol_21628	train	sampled
mol_21629	val	sampled
mol_21630	train	assigned
mol_21631	train	assigned
mol_21632	train	sampled
mol_21633	train	assigned
mol_21634	train	assigned
mol_21635	val	assigned
mol_21636	val	assigned
mol_21637	train	assigned
mol_21638	train	assigned
mol_21639	train	assigned
mol_21640	train	assigned
mol_21641	train	sampled
mol_21642	test	assigned
mol_21643	train	assigned
mol_21644	val	assigned
mol_21645	val	assigned
mol_21646	val	assigned
mol_21647	train	assigned
mol_21648	val	assigned
mol_21649	val	assigned
mol_21650	test	assigned
mol_21651	test	assigned
mol_21652	train	assigned
mol_21653	train	assigned
mol_21654	train	assigned
mol_21655	train	assigned
mol_21656	train	sampled
mol_21657	train	assigned
mol_21658	val	assigned
mol_21659	val	sampled
mol_21660	val	sampled
mol_21661	val	assigned
mol_21662	val	assigned
mol_21663	val	assigned
mol_21664	val	assigned
mol_21665	val	assigned
mol_21666	val	assigned
mol_21667	train	assigned
mol_21668	train	sampled
mol_21669	train	assigned
mol_21670	val	assigned
mol_21671	train	sampled
mol_21672	train	assigned
mol_21673	train	assigned
mol_21674	train	assigned
mol_21675	train	assigned
mol_21676	train	assigned
mol_21677	train	assigned
mol_21678	train	assigned
mol_21679	train	sampled
mol_21680	train	assigned
mol_21681	train	sampled
mol_21682	train	assigned
mol_21683	train	assigned
mol_21684	train	assigned
mol_21685	val	assigned
mol_21686	train	assigned
mol_21687	train	assigned
mol_21688	train	assigned
mol_21689	train	assigned
mol_21690	train	sampled
mol_21691	train	assigned
mol_21692	train	assigned
mol_21693	train	assigned
mol_21694	train	assigned
mol_21695	train	assigned
mol_21696	train	assigned
mol_21697	train	assigned
mol_21698	train	assigned
mol_21699	train	assigned
mol_21700	train	assigned
mol_21701	train	sampled
mol_21702	train	assigned
mol_21703	train	assigned
mol_21704	train	assigned
mol_21705	train	assigned
mol_21706	train	assigned
mol_21707	train	assigned
mol_21708	train	assigned
mol_21709	train	assigned
mol_21710	train	assigned
mol_21711	train	assigned
mol_21712	val	sampled
mol_21713	train	sampled
mol_21714	train	sampled
mol_21715	train	assigned
mol_21716	train	assigned
mol_21717	train	sampled
mol_21718	test	assigned
mol_21719	test	assigned
mol_21720	test	assigned
mol_21721	test	sampled
mol_21722	test	assigned
mol_21723	train	sampled
mol_21724	train	sampled
mol_21725	train	assigned
mol_21726	train	assigned
mol_21727	train	assigned
mol_21728	train	assigned
mol_21729	train	assigned
mol_21730	train	assigned
mol_21731	train	assigned
mol_21732	train	assigned
mol_21733	train	sampled
mol_21734	val	sampled
mol_21735	train	sampled
mol_21736	train	assigned
mol_21737	val	assigned
mol_21738	train	assigned
mol_21739	train	sampled
mol_21740	train	assigned
mol_21741	train	sampled
mol_21742	val	assigned
mol_21743	val	sampled
mol_21744	val	assigned
mol_21745	val	sampled
mol_21746	train	assigned
mol_21747	train	assigned
mol_21748	test	assigned
mol_21749	test	assigned
mol_21750	train	sampled
mol_21751	test	assigned
mol_21752	test	sampled
mol_21753	train	sampled
mol_21754	test	assigned
mol_21755	test	assigned
mol_21756	train	assigned
mol_21757	val	assigned
mol_21758	train	assigned
mol_21759	train	assigned
mol_21760	train	assigned
mol_21761	train	assigned
mol_21762	train	assigned
mol_21763	train	assigned
mol_21764	test	assigned
mol_21765	test	assigned
mol_21766	train	assigned
mol_21767	train	assigned
mol_21768	train	sampled
mol_21769	train	sampled
mol_21770	train	assigned
mol_21771	train	assigned
mol_21772	train	assigned
mol_21773	val	sampled
mol_21774	val	assigned
mol_21775	val	assigned
mol_21776	val	assigned
mol_21777	val	assigned
mol_21778	val	assigned
mol_21779	train	sampled
mol_21780	train	assigned
mol_21781	train	assigned
mol_21782	train	assigned
mol_21783	train	sampled
mol_21784	train	assigned
mol_21785	train	assigned
mol_21786	train	sampled
mol_21787	train	assigned
mol_21788	train	assigned
mol_21789	train	sampled
mol_21790	train	sampled
mol_21791	train	sampled
mol_21792	train	assigned
mol_21793	train	assigned
mol_21794	train	assigned
mol_21795	train	assigned
mol_21796	train	assigned
mol_21797	train	assigned
mol_21798	train	assigned
mol_21799	train	assigned
mol_21800	test	assigned
mol_21801	train	assigned
mol_21802	val	assigned
mol_21803	test	assigned
mol_21804	test	assigned
mol_21805	train	sampled
mol_21806	train	assigned
mol_21807	train	assigned
mol_21808	train	sampled
mol_21809	val	assigned
mol_21810	val	assigned
mol_21811	train	assigned
mol_21812	val	sampled
mol_21813	train	sampled
mol_21814	test	assigned
mol_21815	val	assigned
mol_21816	val	assigned
mol_21817	train	assigned
mol_21818	train	assigned
mol_21819	train	assigned
mol_21820	train	assigned
mol_21821	train	assigned
mol_21822	test	assigned
mol_21823	train	assigned
mol_21824	val	assigned
mol_21825	train	assigned
mol_21826	train	assigned
mol_21827	val	assigned
mol_21828	train	assigned
mol_21829	train	assigned
mol_21830	train	sampled
mol_21831	train	assigned
mol_21832	train	assigned
mol_21833	train	assigned
mol_21834	train	assigned
mol_21835	train	sampled
mol_21836	val	assigned
mol_21837	train	assigned
mol_21838	val	assigned
mol_21839	train	assigned
mol_21840	train	sampled
mol_21841	train	sampled
mol_21842	train	assigned
mol_21843	train	sampled
mol_21844	train	sampled
mol_21845	train	assigned
mol_21846	train	sampled
mol_21847	train	sampled
mol_21848	train	assigned
mol_21849	train	assigned
mol_21850	train	assigned
mol_21851	train	assigned
mol_21852	train	assigned
mol_21853	train	assigned
mol_21854	train	sampled
mol_21855	train	sampled
mol_21856	train	assigned
mol_21857	train	assigned
mol_21858	train	sampled
mol_21859	train	assigned
mol_21860	train	sampled
mol_21861	train	assigned
mol_21862	val	assigned
mol_21863	train	assigned
mol_21864	train	assigned
mol_21865	train	sampled
mol_21866	train	assigned
mol_21867	train	assigned
mol_21868	train	assigned
mol_21869	val	assigned
mol_21870	val	assigned
mol_21871	test	assigned
mol_21872	train	assigned
mol_21873	train	assigned
mol_21874	train	assigned
mol_21875	train	assigned
mol_21876	train	assigned
mol_21877	train	assigned
mol_21878	train	assigned
mol_21879	train	sampled
mol_21880	test	assigned
mol_21881	val	assigned
mol_21882	train	sampled
mol_21883	test	assigned
mol_21884	test	sampled
mol_21885	test	assigned
mol_21886	test	assigned
mol_21887	test	sampled
mol_21888	test	sampled
mol_21889	train	assigned
mol_21890	train	sampled
mol_21891	train	assigned
mol_21892	val	assigned
mol_21893	train	assigned
mol_21894	train	assigned
mol_21895	train	assigned
mol_21896	train	assigned
mol_21897	train	sampled
mol_21898	train	sampled
mol_21899	train	sampled
mol_21900	train	assigned
mol_21901	train	sampled
mol_21902	train	assigned
mol_21903	test	assigned
mol_21904	val	assigned
mol_21905	val	sampled
mol_21906	val	sampled
mol_21907	val	assigned
mol_21908	train	assigned
mol_21909	train	assigned
mol_21910	val	sampled
mol_21911	val	assigned
mol_21912	train	sampled
mol_21913	train	assigned
mol_21914	train	assigned
mol_21915	val	sampled
mol_21916	train	sampled
mol_21917	test	assigned
mol_21918	test	assigned
mol_21919	test	assigned
mol_21920	train	assigned
mol_21921	train	sampled
mol_21922	train	assigned
mol_21923	train	assigned
mol_21924	train	assigned
mol_21925	train	assigned
mol_21926	val	assigned
mol_21927	train	assigned
mol_21928	train	sampled
mol_21929	train	assigned
mol_21930	train	assigned
mol_21931	train	assigned
mol_21932	train	assigned
mol_21933	train	assigned
mol_21934	train	assigned
mol_21935	train	sampled
mol_21936	train	assigned
mol_21937	val	assigned
mol_21938	train	assigned
mol_21939	train	assigned
mol_21940	test	assigned
mol_21941	train	assigned
mol_21942	train	assigned
mol_21943	train	assigned
mol_21944	train	sampled
mol_21945	val	assigned
mol_21946	train	assigned
mol_21947	train	assigned
mol_21948	test	assigned
mol_21949	test	assigned
mol_21950	train	assigned
mol_21951	train	assigned
mol_21952	train	assigned
mol_21953	val	assigned
mol_21954	test	sampled
mol_21955	test	assigned
mol_21956	test	sampled
mol_21957	train	assigned
mol_21958	train	sampled
mol_21959	train	assigned
mol_21960	val	sampled
mol_21961	val	assigned
mol_21962	train	assigned
mol_21963	train	assigned
mol_21964	train	assigned
mol_21965	train	assigned
mol_21966	train	assigned
mol_21967	train	sampled
mol_21968	train	assigned
mol_21969	train	assigned
mol_21970	train	assigned
mol_21971	test	assigned
mol_21972	test	assigned
mol_21973	train	assigned
mol_21974	train	assigned
mol_21975	train	assigned
mol_21976	train	assigned
mol_21977	train	assigned
mol_21978	train	assigned
mol_21979	test	assigned
mol_21980	test	assigned
mol_21981	val	assigned
mol_21982	train	sampled
mol_21983	test	assigned
mol_21984	train	assigned
mol_21985	train	assigned
mol_21986	train	assigned
mol_21987	test	sampled
mol_21988	val	assigned
mol_21989	train	sampled
mol_21990	train	assigned
mol_21991	train	assigned
mol_21992	val	sampled
mol_21993	train	assigned
mol_21994	train	assigned
mol_21995	train	assigned
mol_21996	train	assigned
mol_21997	train	assigned
mol_21998	train	assigned
mol_21999	train	assigned
mol_22000	train	assigned
mol_22001	train	sampled
mol_22002	train	assigned
mol_22003	train	assigned
mol_22004	train	assigned
mol_22005	train	assigned
mol_22006	train	assigned
mol_22007	train	assigned
mol_22008	train	assigned
mol_22009	train	assigned
mol_22010	train	assigned
mol_22011	train	assigned
mol_22012	train	sampled
mol_22013	train	assigned
mol_22014	train	sampled
mol_22015	train	assigned
mol_22016	train	sampled
mol_22017	train	assigned
mol_22018	train	assigned
mol_22019	train	assigned
mol_22020	train	assigned
mol_22021	train	assigned
mol_22022	train	assigned
mol_22023	train	assigned
mol_22024	train	assigned
mol_22025	train	assigned
mol_22026	train	sampled
mol_22027	train	assigned
mol_22028	train	assigned
mol_22029	train	assigned
mol_22030	train	assigned
mol_22031	train	assigned
mol_22032	train	assigned
mol_22033	train	assigned
mol_22034	train	assigned
mol_22035	train	sampled
mol_22036	train	assigned
mol_22037	train	sampled
mol_22038	train	sampled
mol_22039	train	sampled
mol_22040	train	assigned
mol_22041	train	sampled
mol_22042	train	assigned
mol_22043	train	assigned
mol_22044	train	assigned
mol_22045	train	sampled
mol_22046	train	sampled
mol_22047	val	assigned
mol_22048	train	assigned
mol_22049	train	sampled
mol_22050	train	assigned
mol_22051	train	assigned
mol_22052	train	assigned
mol_22053	train	sampled
mol_22054	train	assigned
mol_22055	train	sampled
mol_22056	train	assigned
mol_22057	train	assigned
mol_22058	train	assigned
mol_22059	train	sampled
mol_22060	train	sampled
mol_22061	train	assigned
mol_22062	train	assigned
mol_22063	train	assigned
mol_22064	train	assigned
mol_22065	train	assigned
mol_22066	train	assigned
mol_22067	train	assigned
mol_22068	train	assigned
mol_22069	train	sampled
mol_22070	train	sampled
mol_22071	train	assigned
mol_22072	train	assigned
mol_22073	train	sampled
mol_22074	train	assigned
mol_22075	train	assigned
mol_22076	train	assigned
mol_22077	train	sampled
mol_22078	train	assigned
mol_22079	train	sampled
mol_22080	train	assigned
mol_22081	train	assigned
mol_22082	val	assigned
mol_22083	train	assigned
mol_22084	val	assigned
mol_22085	train	assigned
mol_22086	val	assigned
mol_22087	val	sampled
mol_22088	val	assigned
mol_22089	val	assigned
mol_22090	train	assigned
mol_22091	train	assigned
mol_22092	train	assigned
mol_22093	train	assigned
mol_22094	val	assigned
mol_22095	val	sampled
mol_22096	val	assigned
mol_22097	val	assigned
mol_22098	train	assigned
mol_22099	train	assigned
mol_22100	test	assigned
mol_22101	test	sampled
mol_22102	train	assigned
mol_22103	train	assigned
mol_22104	train	assigned
mol_22105	train	sampled
mol_22106	val	assigned
mol_22107	val	assigned
mol_22108	train	sampled
mol_22109	train	sampled
mol_22110	train	assigned
mol_22111	train	assigned
mol_22112	test	assigned
mol_22113	train	assigned
mol_22114	test	assigned
mol_22115	test	assigned
mol_22116	train	assigned
mol_22117	train	assigned
mol_22118	train	sampled
mol_22119	train	assigned
mol_22120	train	assigned
mol_22121	train	sampled
mol_22122	train	sampled
mol_22123	train	assigned
mol_22124	train	assigned
mol_22125	train	sampled
mol_22126	train	assigned
mol_22127	train	sampled
mol_22128	train	assigned
mol_22129	val	sampled
mol_22130	val	sampled
mol_22131	val	assigned
mol_22132	train	sampled
mol_22133	train	assigned
mol_22134	train	assigned
mol_22135	train	assigned
mol_22136	train	sampled
mol_22137	train	assigned
mol_22138	train	sampled
mol_22139	train	assigned
mol_22140	train	assigned
mol_22141	train	assigned
mol_22142	train	assigned
mol_22143	train	assigned
mol_22144	train	assigned
mol_22145	train	assigned
mol_22146	train	sampled
mol_22147	train	assigned
mol_22148	train	sampled
mol_22149	train	assigned
mol_22150	train	assigned
mol_22151	train	assigned
mol_22152	train	assigned
mol_22153	val	assigned
mol_22154	train	assigned
mol_22155	train	assigned
mol_22156	train	assigned
mol_22157	train	assigned
mol_22158	train	sampled
mol_22159	train	assigned
mol_22160	train	assigned
mol_22161	train	assigned
mol_22162	val	assigned
mol_22163	val	assigned
mol_22164	train	assigned
mol_22165	train	assigned
mol_22166	train	sampled
mol_22167	train	sampled
mol_22168	train	assigned
mol_22169	train	assigned
mol_22170	train	assigned
mol_22171	train	assigned
mol_22172	val	assigned
mol_22173	test	assigned
mol_22174	test	assigned
mol_22175	train	sampled
mol_22176	train	sampled
mol_22177	train	assigned
mol_22178	test	assigned
mol_22179	train	sampled
mol_22180	train	assigned
mol_22181	train	sampled
mol_22182	train	assigned
mol_22183	train	assigned
mol_22184	test	assigned
mol_22185	train	assigned
mol_22186	train	assigned
mol_22187	train	assigned
mol_22188	train	assigned
mol_22189	val	assigned
mol_22190	train	assigned
mol_22191	train	assigned
mol_22192	train	assigned
mol_22193	train	assigned
mol_22194	train	assigned
mol_22195	train	assigned
mol_22196	train	assigned
mol_22197	train	assigned
mol_22198	val	assigned
mol_22199	train	assigned
mol_22200	train	assigned
mol_22201	train	sampled
mol_22202	train	sampled
mol_22203	train	assigned
mol_22204	train	assigned
mol_22205	train	assigned
mol_22206	train	assigned
mol_22207	val	assigned
mol_22208	train	assigned
mol_22209	val	assigned
mol_22210	train	assigned
mol_22211	val	assigned
mol_22212	train	assigned
mol_22213	train	assigned
mol_22214	train	assigned
mol_22215	val	assigned
mol_22216	train	sampled
mol_22217	train	assigned
mol_22218	train	assigned
mol_22219	val	assigned
mol_22220	train	assigned
mol_22221	train	assigned
mol_22222	val	assigned
mol_22223	val	assigned
mol_22224	train	assigned
mol_22225	train	sampled
mol_22226	train	sampled
mol_22227	train	sampled
mol_22228	train	assigned
mol_22229	train	assigned
mol_22230	train	assigned
mol_22231	train	assigned
mol_22232	train	sampled
mol_22233	test	assigned
mol_22234	test	sampled
mol_22235	train	sampled
mol_22236	test	sampled
mol_22237	test	sampled
mol_22238	test	sampled
mol_22239	test	sampled
mol_22240	train	assigned
mol_22241	test	sampled
mol_22242	test	assigned
mol_22243	train	assigned
mol_22244	train	assigned
mol_22245	train	assigned
mol_22246	train	assigned
mol_22247	train	sampled
mol_22248	train	sampled
mol_22249	train	sampled
mol_22250	train	assigned
mol_22251	train	sampled
mol_22252	train	sampled
mol_22253	train	assigned
mol_22254	train	sampled
mol_22255	train	assigned
mol_22256	train	sampled
mol_22257	train	assigned
mol_22258	train	assigned
mol_22259	train	assigned
mol_22260	train	assigned
mol_22261	test	sampled
mol_22262	test	assigned
mol_22263	train	assigned
mol_22264	train	assigned
mol_22265	test	sampled
mol_22266	test	assigned
mol_22267	test	assigned
mol_22268	train	assigned
mol_22269	train	assigned
mol_22270	train	assigned
mol_22271	train	sampled
mol_22272	train	assigned
mol_22273	train	assigned
mol_22274	train	assigned
mol_22275	train	assigned
mol_22276	train	assigned
mol_22277	train	assigned
mol_22278	val	assigned
mol_22279	test	assigned
mol_22280	train	assigned
mol_22281	train	sampled
mol_22282	test	sampled
mol_22283	test	sampled
mol_22284	test	sampled
mol_22285	val	assigned
mol_22286	val	assigned
mol_22287	train	assigned
mol_22288	train	sampled
mol_22289	train	assigned
mol_22290	train	sampled
mol_22291	train	assigned
mol_22292	val	assigned
mol_22293	test	assigned
mol_22294	test	assigned
mol_22295	test	assigned
mol_22296	train	sampled
mol_22297	val	assigned
mol_22298	val	assigned
mol_22299	test	assigned
mol_22300	train	assigned
mol_22301	train	assigned
mol_22302	train	assigned
mol_22303	train	sampled
mol_22304	train	assigned
mol_22305	train	sampled
mol_22306	train	assigned
mol_22307	train	sampled
mol_22308	train	assigned
mol_22309	train	sampled
mol_22310	train	assigned
mol_22311	val	sampled
mol_22312	train	assigned
mol_22313	train	assigned
mol_22314	val	assigned
mol_22315	val	assigned
mol_22316	train	assigned
mol_22317	train	assigned
mol_22318	train	assigned
mol_22319	train	assigned
mol_22320	train	assigned
mol_22321	val	sampled
mol_22322	train	assigned
mol_22323	train	sampled
mol_22324	val	assigned
mol_22325	val	assigned
mol_22326	val	sampled
mol_22327	val	assigned
mol_22328	train	assigned
mol_22329	train	assigned
mol_22330	val	assigned
mol_22331	train	assigned
mol_22332	val	sampled
mol_22333	train	assigned
mol_22334	val	assigned
mol_22335	val	assigned
mol_22336	val	assigned
mol_22337	train	assigned
mol_22338	train	assigned
mol_22339	train	assigned
mol_22340	val	assigned
mol_22341	val	sampled
mol_22342	val	sampled
mol_22343	val	assigned
mol_22344	val	assigned
mol_22345	val	sampled
mol_22346	train	assigned
mol_22347	train	sampled
mol_22348	train	sampled
mol_22349	val	sampled
mol_22350	train	assigned
mol_22351	train	assigned
mol_22352	train	assigned
mol_22353	train	assigned
mol_22354	train	assigned
mol_22355	train	sampled
mol_22356	train	assigned
mol_22357	train	assigned
mol_22358	train	assigned
mol_22359	train	assigned
mol_22360	val	assigned
mol_22361	val	assigned
mol_22362	train	assigned
mol_22363	train	assigned
mol_22364	train	sampled
mol_22365	train	assigned
mol_22366	train	assigned
mol_22367	train	assigned
mol_22368	train	assigned
mol_22369	train	assigned
mol_22370	train	sampled
mol_22371	train	assigned
mol_22372	train	assigned
mol_22373	train	assigned
mol_22374	train	sampled
mol_22375	train	assigned
mol_22376	train	assigned
mol_22377	train	assigned
mol_22378	train	sampled
mol_22379	train	sampled
mol_22380	train	assigned
mol_22381	train	assigned
mol_22382	train	assigned
mol_22383	train	assigned
mol_22384	train	assigned
mol_22385	val	sampled
mol_22386	val	assigned
mol_22387	val	assigned
mol_22388	train	assigned
mol_22389	val	assigned
mol_22390	train	sampled
mol_22391	train	assigned
mol_22392	train	assigned
mol_22393	val	sampled
mol_22394	val	assigned
mol_22395	train	sampled
mol_22396	val	assigned
mol_22397	val	assigned
mol_22398	val	assigned
mol_22399	val	assigned
mol_22400	val	sampled
mol_22401	train	assigned
mol_22402	train	assigned
mol_22403	test	assigned
mol_22404	test	assigned
mol_22405	test	sampled
mol_22406	test	sampled
mol_22407	train	assigned
mol_22408	val	assigned
mol_22409	train	assigned
mol_22410	train	assigned
mol_22411	train	sampled
mol_22412	train	assigned
mol_22413	train	sampled
mol_22414	train	assigned
mol_22415	test	assigned
mol_22416	train	assigned
mol_22417	test	assigned
mol_22418	val	assigned
mol_22419	train	assigned
mol_22420	train	assigned
mol_22421	train	assigned
mol_22422	train	assigned
mol_22423	train	assigned
mol_22424	train	assigned
mol_22425	val	assigned
mol_22426	train	assigned
mol_22427	train	sampled
mol_22428	train	assigned
mol_22429	train	assigned
mol_22430	train	assigned
mol_22431	train	assigned
mol_22432	train	assigned
mol_22433	train	assigned
mol_22434	train	assigned
mol_22435	train	sampled
mol_22436	val	assigned
mol_22437	val	assigned
mol_22438	val	assigned
mol_22439	val	assigned
mol_22440	train	assigned
mol_22441	train	assigned
mol_22442	train	sampled
mol_22443	train	assigned
mol_22444	val	assigned
mol_22445	train	assigned
mol_22446	train	sampled
mol_22447	train	assigned
mol_22448	train	assigned
mol_22449	train	assigned
mol_22450	train	assigned
mol_22451	train	sampled
mol_22452	train	assigned
mol_22453	train	assigned
mol_22454	train	sampled
mol_22455	train	assigned
mol_22456	val	assigned
mol_22457	train	assigned
mol_22458	train	assigned
mol_22459	train	assigned
mol_22460	val	assigned
mol_22461	train	assigned
mol_22462	train	assigned
mol_22463	train	assigned
mol_22464	train	sampled
mol_22465	train	assigned
mol_22466	train	sampled
mol_22467	train	assigned
mol_22468	train	sampled
mol_22469	train	assigned
mol_22470	train	sampled
mol_22471	train	sampled
mol_22472	train	assigned
mol_22473	train	assigned
mol_22474	train	sampled
mol_22475	train	sampled
mol_22476	train	assigned
mol_22477	train	assigned
mol_22478	train	assigned
mol_22479	train	sampled
mol_22480	train	assigned
mol_22481	train	assigned
mol_22482	train	assigned
mol_22483	val	assigned
mol_22484	val	assigned
mol_22485	train	assigned
mol_22486	train	assigned
mol_22487	val	assigned
mol_22488	train	assigned
mol_22489	train	assigned
mol_22490	train	assigned
mol_22491	train	assigned
mol_22492	train	sampled
mol_22493	train	assigned
mol_22494	train	assigned
mol_22495	train	assigned
mol_22496	train	assigned
mol_22497	train	sampled
mol_22498	train	sampled
mol_22499	train	assigned
mol_22500	train	assigned
mol_22501	train	assigned
mol_22502	train	assigned
mol_22503	train	assigned
mol_22504	train	assigned
mol_22505	train	sampled
mol_22506	train	assigned
mol_22507	train	sampled
mol_22508	train	sampled
mol_22509	train	assigned
mol_22510	train	sampled
mol_22511	train	assigned
mol_22512	train	assigned
mol_22513	train	assigned
mol_22514	train	assigned
mol_22515	train	assigned
mol_22516	train	assigned
mol_22517	train	sampled
mol_22518	train	assigned
mol_22519	train	sampled
mol_22520	train	assigned
mol_22521	train	assigned
mol_22522	train	sampled
mol_22523	train	assigned
mol_22524	train	assigned
mol_22525	train	assigned
mol_22526	train	assigned
mol_22527	train	sampled
mol_22528	train	assigned
mol_22529	train	assigned
mol_22530	train	assigned
mol_22531	train	sampled
mol_22532	train	sampled
mol_22533	train	sampled
mol_22534	train	assigned
mol_22535	train	assigned
mol_22536	train	assigned
mol_22537	train	sampled
mol_22538	train	assigned
mol_22539	train	assigned
mol_22540	train	assigned
mol_22541	train	assigned
mol_22542	train	assigned
mol_22543	train	assigned
mol_22544	train	sampled
mol_22545	train	sampled
mol_22546	train	sampled
mol_22547	train	assigned
mol_22548	train	assigned
mol_22549	train	sampled
mol_22550	train	assigned
mol_22551	train	assigned
mol_22552	train	sampled
mol_22553	train	assigned
mol_22554	train	assigned
mol_22555	train	assigned
mol_22556	train	assigned
mol_22557	train	sampled
mol_22558	train	assigned
mol_22559	train	assigned
mol_22560	test	assigned
mol_22561	val	assigned
mol_22562	val	sampled
mol_22563	val	sampled
mol_22564	val	assigned
mol_22565	val	assigned
mol_22566	val	assigned
mol_22567	train	sampled
mol_22568	val	assigned
mol_22569	train	sampled
mol_22570	train	assigned
mol_22571	train	assigned
mol_22572	train	sampled
mol_22573	train	assigned
mol_22574	test	assigned
mol_22575	train	assigned
mol_22576	test	assigned
mol_22577	train	assigned
mol_22578	train	assigned
mol_22579	val	assigned
mol_22580	train	assigned
mol_22581	train	sampled
mol_22582	test	assigned
mol_22583	train	sampled
mol_22584	train	assigned
mol_22585	train	sampled
mol_22586	val	sampled
mol_22587	val	assigned
mol_22588	test	assigned
mol_22589	test	assigned
mol_22590	test	sampled
mol_22591	test	assigned
mol_22592	train	assigned
mol_22593	train	assigned
mol_22594	val	sampled
mol_22595	val	assigned
mol_22596	train	assigned
mol_22597	train	assigned
mol_22598	train	sampled
mol_22599	train	sampled
mol_22600	train	assigned
mol_22601	train	assigned
mol_22602	train	assigned
mol_22603	train	assigned
mol_22604	train	assigned
mol_22605	train	assigned
mol_22606	train	assigned
mol_22607	train	sampled
mol_22608	train	assigned
mol_22609	train	sampled
mol_22610	train	sampled
mol_22611	train	assigned
mol_22612	train	assigned
mol_22613	train	assigned
mol_22614	train	assigned
mol_22615	train	assigned
mol_22616	test	assigned
mol_22617	test	assigned
mol_22618	test	sampled
mol_22619	train	sampled
mol_22620	test	assigned
mol_22621	train	assigned
mol_22622	val	assigned
mol_22623	train	assigned
mol_22624	val	sampled
mol_22625	val	assigned
mol_22626	train	assigned
mol_22627	test	assigned
mol_22628	test	sampled
mol_22629	test	assigned
mol_22630	test	assigned
mol_22631	train	assigned
mol_22632	train	sampled
mol_22633	val	assigned
mol_22634	train	assigned
mol_22635	val	assigned
mol_22636	train	assigned
mol_22637	train	sampled
mol_22638	train	sampled
mol_22639	train	assigned
mol_22640	val	assigned
mol_22641	train	assigned
mol_22642	train	sampled
mol_22643	train	assigned
mol_22644	train	assigned
mol_22645	train	sampled
mol_22646	train	assigned
mol_22647	train	assigned
mol_22648	train	assigned
mol_22649	train	sampled
mol_22650	train	assigned
mol_22651	train	assigned
mol_22652	train	assigned
mol_22653	train	sampled
mol_22654	train	sampled
mol_22655	train	sampled
mol_22656	train	assigned
mol_22657	train	assigned
mol_22658	train	assigned
mol_22659	train	assigned
mol_22660	test	sampled
mol_22661	test	sampled
mol_22662	test	assigned
mol_22663	test	assigned
mol_22664	val	sampled
mol_22665	val	assigned
mol_22666	test	assigned
mol_22667	val	sampled
mol_22668	test	assigned
mol_22669	train	assigned
mol_22670	train	assigned
mol_22671	train	assigned
mol_22672	train	sampled
mol_22673	train	assigned
mol_22674	val	assigned
mol_22675	val	assigned
mol_22676	test	sampled
mol_22677	val	assigned
mol_22678	val	sampled
mol_22679	val	sampled
mol_22680	val	sampled
mol_22681	train	assigned
mol_22682	train	sampled
mol_22683	val	assigned
mol_22684	val	assigned
mol_22685	test	assigned
mol_22686	val	assigned
mol_22687	val	assigned
mol_22688	val	assigned
mol_22689	val	assigned
mol_22690	val	assigned
mol_22691	val	sampled
mol_22692	val	assigned
mol_22693	val	assigned
mol_22694	train	assigned
mol_22695	val	assigned
mol_22696	val	assigned
mol_22697	val	sampled
mol_22698	val	assigned
mol_22699	val	assigned
mol_22700	val	assigned
mol_22701	val	assigned
mol_22702	train	assigned
mol_22703	train	assigned
mol_22704	train	assigned
mol_22705	val	assigned
mol_22706	train	assigned
mol_22707	test	sampled
mol_22708	train	assigned
mol_22709	train	sampled
mol_22710	train	assigned
mol_22711	train	assigned
mol_22712	test	assigned
mol_22713	test	assigned
mol_22714	val	sampled
mol_22715	val	sampled
mol_22716	train	assigned
mol_22717	val	assigned
mol_22718	val	assigned
mol_22719	train	sampled
mol_22720	train	assigned
mol_22721	train	assigned
mol_22722	val	assigned
mol_22723	val	assigned
mol_22724	train	assigned
mol_22725	val	assigned
mol_22726	test	sampled
mol_22727	train	assigned
mol_22728	val	assigned
mol_22729	val	sampled
mol_22730	val	assigned
mol_22731	val	assigned
mol_22732	val	sampled
mol_22733	val	assigned
mol_22734	val	sampled
mol_22735	val	assigned
mol_22736	val	assigned
mol_22737	val	assigned
mol_22738	val	assigned
mol_22739	val	assigned
mol_22740	train	assigned
mol_22741	train	sampled
mol_22742	train	assigned
mol_22743	train	assigned
mol_22744	train	sampled
mol_22745	train	assigned
mol_22746	train	assigned
mol_22747	train	sampled
mol_22748	train	assigned
mol_22749	train	sampled
mol_22750	train	assigned
mol_22751	train	assigned
mol_22752	train	sampled
mol_22753	train	sampled
mol_22754	train	assigned
mol_22755	train	sampled
mol_22756	val	assigned
mol_22757	train	assigned
mol_22758	train	assigned
mol_22759	train	sampled
mol_22760	train	assigned
mol_22761	val	sampled
mol_22762	train	sampled
mol_22763	val	assigned
mol_22764	val	sampled
mol_22765	val	assigned
mol_22766	test	assigned
mol_22767	val	assigned
mol_22768	test	assigned
mol_22769	val	assigned
mol_22770	test	assigned
mol_22771	train	assigned
mol_22772	train	assigned
mol_22773	test	sampled
mol_22774	train	assigned
mol_22775	test	assigned
mol_22776	val	sampled
mol_22777	val	sampled
mol_22778	val	assigned
mol_22779	val	assigned
mol_22780	val	sampled
mol_22781	val	assigned
mol_22782	val	sampled
mol_22783	val	assigned
mol_22784	val	assigned
mol_22785	val	assigned
mol_22786	val	sampled
mol_22787	val	assigned
mol_22788	train	assigned
mol_22789	train	sampled
mol_22790	train	assigned
mol_22791	train	sampled
mol_22792	train	assigned
mol_22793	train	assigned
mol_22794	train	assigned
mol_22795	train	assigned
mol_22796	train	assigned
mol_22797	train	assigned
mol_22798	train	sampled
mol_22799	train	assigned
mol_22800	train	assigned
mol_22801	train	assigned
mol_22802	train	assigned
mol_22803	train	assigned
mol_22804	train	assigned
mol_22805	train	assigned
mol_22806	train	sampled
mol_22807	train	sampled
mol_22808	train	sampled
mol_22809	train	sampled
mol_22810	train	assigned
mol_22811	train	assigned
mol_22812	train	assigned
mol_22813	train	assigned
mol_22814	train	assigned
mol_22815	train	sampled
mol_22816	train	sampled
mol_22817	train	assigned
mol_22818	train	sampled
mol_22819	train	assigned
mol_22820	train	assigned
mol_22821	val	assigned
mol_22822	val	sampled
mol_22823	val	sampled
mol_22824	train	assigned
mol_22825	train	assigned
mol_22826	test	assigned
mol_22827	val	sampled
mol_22828	train	assigned
mol_22829	train	assigned
mol_22830	test	assigned
mol_22831	test	assigned
mol_22832	test	sampled
mol_22833	train	sampled
mol_22834	val	assigned
mol_22835	train	assigned
mol_22836	train	sampled
mol_22837	train	assigned
mol_22838	train	assigned
mol_22839	train	assigned
mol_22840	train	sampled
mol_22841	train	assigned
mol_22842	train	assigned
mol_22843	train	assigned
mol_22844	train	assigned
mol_22845	train	assigned
mol_22846	val	sampled
mol_22847	train	assigned
mol_22848	train	assigned
mol_22849	train	assigned
mol_22850	train	sampled
mol_22851	test	assigned
mol_22852	test	assigned
mol_22853	test	sampled
mol_22854	val	assigned
mol_22855	train	assigned
mol_22856	val	sampled
mol_22857	val	assigned
mol_22858	val	assigned
mol_22859	val	assigned
mol_22860	val	assigned
mol_22861	val	assigned
mol_22862	val	sampled
mol_22863	train	assigned
mol_22864	val	sampled
mol_22865	val	assigned
mol_22866	val	assigned
mol_22867	val	assigned
mol_22868	val	sampled
mol_22869	train	assigned
mol_22870	val	assigned
mol_22871	train	assigned
mol_22872	train	sampled
mol_22873	train	assigned
mol_22874	train	sampled
mol_22875	train	assigned
mol_22876	train	assigned
mol_22877	val	sampled
mol_22878	val	assigned
mol_22879	train	assigned
mol_22880	train	assigned
mol_22881	train	sampled
mol_22882	val	assigned
mol_22883	train	sampled
mol_22884	test	assigned
mol_22885	train	assigned
mol_22886	train	assigned
mol_22887	train	sampled
mol_22888	train	sampled
mol_22889	train	assigned
mol_22890	test	assigned
mol_22891	test	assigned
mol_22892	test	assigned
mol_22893	test	assigned
mol_22894	test	sampled
mol_22895	train	assigned
mol_22896	test	assigned
mol_22897	train	assigned
mol_22898	train	sampled
mol_22899	test	sampled
mol_22900	train	sampled
mol_22901	test	assigned
mol_22902	train	sampled
mol_22903	train	sampled
mol_22904	train	sampled
mol_22905	train	assigned
mol_22906	train	assigned
mol_22907	val	assigned
mol_22908	val	assigned
mol_22909	val	sampled
mol_22910	test	assigned
mol_22911	train	assigned
mol_22912	train	assigned
mol_22913	train	sampled
mol_22914	train	assigned
mol_22915	train	assigned
mol_22916	train	assigned
mol_22917	train	assigned
mol_22918	train	assigned
mol_22919	train	sampled
mol_22920	test	assigned
mol_22921	test	sampled
mol_22922	test	sampled
mol_22923	test	assigned
mol_22924	train	assigned
mol_22925	train	assigned
mol_22926	train	assigned
mol_22927	train	assigned
mol_22928	train	assigned
mol_22929	train	sampled
mol_22930	train	assigned
mol_22931	train	assigned
mol_22932	train	sampled
mol_22933	train	assigned
mol_22934	train	sampled
mol_22935	train	assigned
mol_22936	train	assigned
mol_22937	train	assigned
mol_22938	train	assigned
mol_22939	train	assigned
mol_22940	val	assigned
mol_22941	val	assigned
mol_22942	train	assigned
mol_22943	test	assigned
mol_22944	val	sampled
mol_22945	val	sampled
mol_22946	train	sampled
mol_22947	train	assigned
mol_22948	train	assigned
mol_22949	train	sampled
mol_22950	train	assigned
mol_22951	train	sampled
mol_22952	val	assigned
mol_22953	val	assigned
mol_22954	train	sampled
mol_22955	val	assigned
mol_22956	train	assigned
mol_22957	val	sampled
mol_22958	test	assigned
mol_22959	train	assigned
mol_22960	train	sampled
mol_22961	val	sampled
mol_22962	train	assigned
mol_22963	val	assigned
mol_22964	val	assigned
mol_22965	train	assigned
mol_22966	train	assigned
mol_22967	train	assigned
mol_22968	train	sampled
mol_22969	train	assigned
mol_22970	train	sampled
mol_22971	train	sampled
mol_22972	train	assigned
mol_22973	train	assigned
mol_22974	test	assigned
mol_22975	train	sampled
mol_22976	train	assigned
mol_22977	val	assigned
mol_22978	val	assigned
mol_22979	train	assigned
mol_22980	val	assigned
mol_22981	test	assigned
mol_22982	test	sampled
mol_22983	test	sampled
mol_22984	test	sampled
mol_22985	test	assigned
mol_22986	test	assigned
mol_22987	test	sampled
mol_22988	test	assigned
mol_22989	train	assigned
mol_22990	train	assigned
mol_22991	train	assigned
mol_22992	val	sampled
mol_22993	val	assigned
mol_22994	val	assigned
mol_22995	val	assigned
mol_22996	train	assigned
mol_22997	val	assigned
mol_22998	train	assigned
mol_22999	train	assigned
mol_23000	train	sampled
mol_23001	val	assigned
mol_23002	val	assigned
mol_23003	val	sampled
mol_23004	val	assigned
mol_23005	train	assigned
mol_23006	val	assigned
mol_23007	train	sampled
mol_23008	val	sampled
mol_23009	val	assigned
mol_23010	val	assigned
mol_23011	train	assigned
mol_23012	train	assigned
mol_23013	val	assigned
mol_23014	val	assigned
mol_23015	val	sampled
mol_23016	val	assigned
mol_23017	val	assigned
mol_23018	val	assigned
mol_23019	val	assigned
mol_23020	val	sampled
mol_23021	train	assigned
mol_23022	train	sampled
mol_23023	train	assigned
mol_23024	train	assigned
mol_23025	test	assigned
mol_23026	test	assigned
mol_23027	test	assigned
mol_23028	train	assigned
mol_23029	train	assigned
mol_23030	train	assigned
mol_23031	test	assigned
mol_23032	train	assigned
mol_23033	test	sampled
mol_23034	train	sampled
mol_23035	train	assigned
mol_23036	train	assigned
mol_23037	test	sampled
mol_23038	train	assigned
mol_23039	train	assigned
mol_23040	train	assigned
mol_23041	train	sampled
mol_23042	train	assigned
mol_23043	val	assigned
mol_23044	train	assigned
mol_23045	train	assigned
mol_23046	train	sampled
mol_23047	train	assigned
mol_23048	val	assigned
mol_23049	val	assigned
mol_23050	train	assigned
mol_23051	train	assigned
mol_23052	train	assigned
mol_23053	train	assigned
mol_23054	train	assigned
mol_23055	train	assigned
mol_23056	train	assigned
mol_23057	train	assigned
mol_23058	train	sampled
mol_23059	train	assigned
mol_23060	train	assigned
mol_23061	train	assigned
mol_23062	train	sampled
mol_23063	train	assigned
mol_23064	train	assigned
mol_23065	train	assigned
mol_23066	train	assigned
mol_23067	train	assigned
mol_23068	train	sampled
mol_23069	train	assigned
mol_23070	train	assigned
mol_23071	train	assigned
mol_23072	train	assigned
mol_23073	train	assigned
mol_23074	train	assigned
mol_23075	train	assigned
mol_23076	train	assigned
mol_23077	train	assigned
mol_23078	train	assigned
mol_23079	train	sampled
mol_23080	train	sampled
mol_23081	train	assigned
mol_23082	train	sampled
mol_23083	train	sampled
mol_23084	train	assigned
mol_23085	train	sampled
mol_23086	train	assigned
mol_23087	train	assigned
mol_23088	train	assigned
mol_23089	train	sampled
mol_23090	train	sampled
mol_23091	train	assigned
mol_23092	train	assigned
mol_23093	train	assigned
mol_23094	train	assigned
mol_23095	train	assigned
mol_23096	train	sampled
mol_23097	train	assigned
mol_23098	train	assigned
mol_23099	train	assigned
mol_23100	val	assigned
mol_23101	train	sampled
mol_23102	train	assigned
mol_23103	train	assigned
mol_23104	train	assigned
mol_23105	train	sampled
mol_23106	train	sampled
mol_23107	train	sampled
mol_23108	train	assigned
mol_23109	train	sampled
mol_23110	train	assigned
mol_23111	train	sampled
mol_23112	train	assigned
mol_23113	train	assigned
mol_23114	train	sampled
mol_23115	train	sampled
mol_23116	train	assigned
mol_23117	train	assigned
mol_23118	train	assigned
mol_23119	train	assigned
mol_23120	train	assigned
mol_23121	train	assigned
mol_23122	train	assigned
mol_23123	test	assigned
mol_23124	val	assigned
mol_23125	train	sampled
mol_23126	train	assigned
mol_23127	test	assigned
mol_23128	train	assigned
mol_23129	train	sampled
mol_23130	train	assigned
mol_23131	train	assigned
mol_23132	train	assigned
mol_23133	train	sampled
mol_23134	train	sampled
mol_23135	test	sampled
mol_23136	test	assigned
mol_23137	test	assigned
mol_23138	train	assigned
mol_23139	train	assigned
mol_23140	train	sampled
mol_23141	train	assigned
mol_23142	train	assigned
mol_23143	train	assigned
mol_23144	train	sampled
mol_23145	train	assigned
mol_23146	train	sampled
mol_23147	val	assigned
mol_23148	train	assigned
mol_23149	train	assigned
mol_23150	train	assigned
mol_23151	train	assigned
mol_23152	train	sampled
mol_23153	train	assigned
mol_23154	test	assigned
mol_23155	test	assigned
mol_23156	train	sampled
mol_23157	test	assigned
mol_23158	test	assigned
mol_23159	test	sampled
mol_23160	test	assigned
mol_23161	train	assigned
mol_23162	train	assigned
mol_23163	train	assigned
mol_23164	train	assigned
mol_23165	train	assigned
mol_23166	train	sampled
mol_23167	train	sampled
mol_23168	val	sampled
mol_23169	train	assigned
mol_23170	val	assigned
mol_23171	train	assigned
mol_23172	train	assigned
mol_23173	train	assigned
mol_23174	train	sampled
mol_23175	train	sampled
mol_23176	train	sampled
mol_23177	train	assigned
mol_23178	train	assigned
mol_23179	train	sampled
mol_23180	test	sampled
mol_23181	train	sampled
mol_23182	test	assigned
mol_23183	train	assigned
mol_23184	train	assigned
mol_23185	train	assigned
mol_23186	train	assigned
mol_23187	train	sampled
mol_23188	val	assigned
mol_23189	train	assigned
mol_23190	train	assigned
mol_23191	train	assigned
mol_23192	train	sampled
mol_23193	val	sampled
mol_23194	train	assigned
mol_23195	val	assigned
mol_23196	train	assigned
mol_23197	val	assigned
mol_23198	val	sampled
mol_23199	train	assigned
mol_23200	train	assigned
mol_23201	train	assigned
mol_23202	train	assigned
mol_23203	train	assigned
mol_23204	train	sampled
mol_23205	train	assigned
mol_23206	train	assigned
mol_23207	train	assigned
mol_23208	train	assigned
mol_23209	train	sampled
mol_23210	train	sampled
mol_23211	train	assigned
mol_23212	train	assigned
mol_23213	train	assigned
mol_23214	train	sampled
mol_23215	train	assigned
mol_23216	train	assigned
mol_23217	train	assigned
mol_23218	train	assigned
mol_23219	train	sampled
mol_23220	train	sampled
mol_23221	train	assigned
mol_23222	train	sampled
mol_23223	train	assigned
mol_23224	train	sampled
mol_23225	train	assigned
mol_23226	train	assigned
mol_23227	train	assigned
mol_23228	train	assigned
mol_23229	train	sampled
mol_23230	val	assigned
mol_23231	test	assigned
mol_23232	test	assigned
mol_23233	test	sampled
mol_23234	test	assigned
mol_23235	test	assigned
mol_23236	train	assigned
mol_23237	test	assigned
mol_23238	test	assigned
mol_23239	test	assigned
mol_23240	test	sampled
mol_23241	test	assigned
mol_23242	test	assigned
mol_23243	train	assigned
mol_23244	train	assigned
mol_23245	train	assigned
mol_23246	train	assigned
mol_23247	train	assigned
mol_23248	train	assigned
mol_23249	train	assigned
mol_23250	train	assigned
mol_23251	train	assigned
mol_23252	train	assigned
mol_23253	train	assigned
mol_23254	train	assigned
mol_23255	train	assigned
mol_23256	train	assigned
mol_23257	train	sampled
mol_23258	train	assigned
mol_23259	train	assigned
mol_23260	train	assigned
mol_23261	train	assigned
mol_23262	train	sampled
mol_23263	train	assigned
mol_23264	train	sampled
mol_23265	train	assigned
mol_23266	train	assigned
mol_23267	train	assigned
mol_23268	train	assigned
mol_23269	train	assigned
mol_23270	train	assigned
mol_23271	train	assigned
mol_23272	train	assigned
mol_23273	train	assigned
mol_23274	train	assigned
mol_23275	train	assigned
mol_23276	train	sampled
mol_23277	val	assigned
mol_23278	val	assigned
mol_23279	train	assigned
mol_23280	val	sampled
mol_23281	val	assigned
mol_23282	val	assigned
mol_23283	test	assigned
mol_23284	train	assigned
mol_23285	train	assigned
mol_23286	train	assigned
mol_23287	train	sampled
mol_23288	train	assigned
mol_23289	train	assigned
mol_23290	train	assigned
mol_23291	train	assigned
mol_23292	train	sampled
mol_23293	train	sampled
mol_23294	train	assigned
mol_23295	train	assigned
mol_23296	train	assigned
mol_23297	train	sampled
mol_23298	train	assigned
mol_23299	train	assigned
mol_23300	train	assigned
mol_23301	train	assigned
mol_23302	train	sampled
mol_23303	train	assigned
mol_23304	train	assigned
mol_23305	train	sampled
mol_23306	train	sampled
mol_23307	train	sampled
mol_23308	train	assigned
mol_23309	train	assigned
mol_23310	train	assigned
mol_23311	train	assigned
mol_23312	train	assigned
mol_23313	train	assigned
mol_23314	train	sampled
mol_23315	train	sampled
mol_23316	train	sampled
mol_23317	train	sampled
mol_23318	train	sampled
mol_23319	train	assigned
mol_23320	train	assigned
mol_23321	train	assigned
mol_23322	train	assigned
mol_23323	train	assigned
mol_23324	train	assigned
mol_23325	train	assigned
mol_23326	train	assigned
mol_23327	train	assigned
mol_23328	train	assigned
mol_23329	train	sampled
mol_23330	train	sampled
mol_23331	train	assigned
mol_23332	train	assigned
mol_23333	train	assigned
mol_23334	train	sampled
mol_23335	train	sampled
mol_23336	train	assigned
mol_23337	train	assigned
mol_23338	train	sampled
mol_23339	train	assigned
mol_23340	train	assigned
mol_23341	train	assigned
mol_23342	train	assigned
mol_23343	train	assigned
mol_23344	train	assigned
mol_23345	train	assigned
mol_23346	train	sampled
mol_23347	train	assigned
mol_23348	train	assigned
mol_23349	train	sampled
mol_23350	train	assigned
mol_23351	train	assigned
mol_23352	train	assigned
mol_23353	train	assigned
mol_23354	train	assigned
mol_23355	train	assigned
mol_23356	train	assigned
mol_23357	train	assigned
mol_23358	train	assigned
mol_23359	train	sampled
mol_23360	train	assigned
mol_23361	train	assigned
mol_23362	train	assigned
mol_23363	test	assigned
mol_23364	test	assigned
mol_23365	train	assigned
mol_23366	test	assigned
mol_23367	test	sampled
mol_23368	test	sampled
mol_23369	train	assigned
mol_23370	train	sampled
mol_23371	train	sampled
mol_23372	train	sampled
mol_23373	train	assigned
mol_23374	train	sampled
mol_23375	train	sampled
mol_23376	train	assigned
mol_23377	val	assigned
mol_23378	val	assigned
mol_23379	train	sampled
mol_23380	train	assigned
mol_23381	train	assigned
mol_23382	train	assigned
mol_23383	train	assigned
mol_23384	train	assigned
mol_23385	train	assigned
mol_23386	test	assigned
mol_23387	train	assigned
mol_23388	train	assigned
mol_23389	train	sampled
mol_23390	val	assigned
mol_23391	train	assigned
mol_23392	train	assigned
mol_23393	train	assigned
mol_23394	train	sampled
mol_23395	train	assigned
mol_23396	train	assigned
mol_23397	train	assigned
mol_23398	train	assigned
mol_23399	train	assigned
mol_23400	train	sampled
mol_23401	train	assigned
mol_23402	train	assigned
mol_23403	val	assigned
mol_23404	val	assigned
mol_23405	val	assigned
mol_23406	train	assigned
mol_23407	train	sampled
mol_23408	train	assigned
mol_23409	train	sampled
mol_23410	train	sampled
mol_23411	train	assigned
mol_23412	val	assigned
mol_23413	train	assigned
mol_23414	train	assigned
mol_23415	train	assigned
mol_23416	train	assigned
mol_23417	train	assigned
mol_23418	train	assigned
mol_23419	train	assigned
mol_23420	train	sampled
mol_23421	train	assigned
mol_23422	train	sampled
mol_23423	train	assigned
mol_23424	train	assigned
mol_23425	train	assigned
mol_23426	train	assigned
mol_23427	train	assigned
mol_23428	train	assigned
mol_23429	train	assigned
mol_23430	train	assigned
mol_23431	train	sampled
mol_23432	train	assigned
mol_23433	train	sampled
mol_23434	val	assigned
mol_23435	train	assigned
mol_23436	train	assigned
mol_23437	train	assigned
mol_23438	train	assigned
mol_23439	val	assigned
mol_23440	train	sampled
mol_23441	train	sampled
mol_23442	train	assigned
mol_23443	train	assigned
mol_23444	train	assigned
mol_23445	train	sampled
mol_23446	train	assigned
mol_23447	val	assigned
mol_23448	val	assigned
mol_23449	train	sampled
mol_23450	train	assigned
mol_23451	train	sampled
mol_23452	train	sampled
mol_23453	train	assigned
mol_23454	train	assigned
mol_23455	train	sampled
mol_23456	train	assigned
mol_23457	train	assigned
mol_23458	train	assigned
mol_23459	train	assigned
mol_23460	train	assigned
mol_23461	train	assigned
mol_23462	train	sampled
mol_23463	train	sampled
mol_23464	train	assigned
mol_23465	test	assigned
mol_23466	train	assigned
mol_23467	train	sampled
mol_23468	train	assigned
mol_23469	train	sampled
mol_23470	train	assigned
mol_23471	train	assigned
mol_23472	val	assigned
mol_23473	train	assigned
mol_23474	train	assigned
mol_23475	train	assigned
mol_23476	train	assigned
mol_23477	train	assigned
mol_23478	train	assigned
mol_23479	test	assigned
mol_23480	val	assigned
mol_23481	train	assigned
mol_23482	test	assigned
mol_23483	train	assigned
mol_23484	train	assigned
mol_23485	train	assigned
mol_23486	train	assigned
mol_23487	val	assigned
mol_23488	train	assigned
mol_23489	train	assigned
mol_23490	train	assigned
mol_23491	val	assigned
mol_23492	train	assigned
mol_23493	train	sampled
mol_23494	train	assigned
mol_23495	train	assigned
mol_23496	train	sampled
mol_23497	train	sampled
mol_23498	train	sampled
mol_23499	train	assigned
mol_23500	train	assigned
mol_23501	train	assigned
mol_23502	train	sampled
mol_23503	train	assigned
mol_23504	train	assigned
mol_23505	train	assigned
mol_23506	train	sampled
mol_23507	train	assigned
mol_23508	train	assigned
mol_23509	train	assigned
mol_23510	train	assigned
mol_23511	train	sampled
mol_23512	train	assigned
mol_23513	train	assigned
mol_23514	train	sampled
mol_23515	test	assigned
mol_23516	test	assigned
mol_23517	test	sampled
mol_23518	test	sampled
mol_23519	test	assigned
mol_23520	train	assigned
mol_23521	train	assigned
mol_23522	train	assigned
mol_23523	train	assigned
mol_23524	train	assigned
mol_23525	test	assigned
mol_23526	train	assigned
mol_23527	train	assigned
mol_23528	train	assigned
mol_23529	train	assigned
mol_23530	train	assigned
mol_23531	train	sampled
mol_23532	train	assigned
mol_23533	train	assigned
mol_23534	train	sampled
mol_23535	train	assigned
mol_23536	train	assigned
mol_23537	train	assigned
mol_23538	train	assigned
mol_23539	train	assigned
mol_23540	train	assigned
mol_23541	train	assigned
mol_23542	train	assigned
mol_23543	train	assigned
mol_23544	train	assigned
mol_23545	train	assigned
mol_23546	train	assigned
mol_23547	train	assigned
mol_23548	train	assigned
mol_23549	train	assigned
mol_23550	train	assigned
mol_23551	train	assigned
mol_23552	train	assigned
mol_23553	train	sampled
mol_23554	train	assigned
mol_23555	train	assigned
mol_23556	train	sampled
mol_23557	train	assigned
mol_23558	train	sampled
mol_23559	train	assigned
mol_23560	train	assigned
mol_23561	train	assigned
mol_23562	train	assigned
mol_23563	train	assigned
mol_23564	train	assigned
mol_23565	val	assigned
mol_23566	val	assigned
mol_23567	train	assigned
mol_23568	val	assigned
mol_23569	val	assigned
mol_23570	train	assigned
mol_23571	train	assigned
mol_23572	train	assigned
mol_23573	train	assigned
mol_23574	val	assigned
mol_23575	train	assigned
mol_23576	val	assigned
mol_23577	train	sampled
mol_23578	train	assigned
mol_23579	val	assigned
mol_23580	val	assigned
mol_23581	val	assigned
mol_23582	val	assigned
mol_23583	train	assigned
mol_23584	train	sampled
mol_23585	train	assigned
mol_23586	train	assigned
mol_23587	train	assigned
mol_23588	train	assigned
mol_23589	train	sampled
mol_23590	train	assigned
mol_23591	val	assigned
mol_23592	train	assigned
mol_23593	train	assigned
mol_23594	train	assigned
mol_23595	val	assigned
mol_23596	train	assigned
mol_23597	train	assigned
mol_23598	train	assigned
mol_23599	train	assigned
mol_23600	train	assigned
mol_23601	train	assigned
mol_23602	train	assigned
mol_23603	train	sampled
mol_23604	train	sampled
mol_23605	train	assigned
mol_23606	train	assigned
mol_23607	val	assigned
mol_23608	test	assigned
mol_23609	train	assigned
mol_23610	train	assigned
mol_23611	train	assigned
mol_23612	train	assigned
mol_23613	train	assigned
mol_23614	train	assigned
mol_23615	train	assigned
mol_23616	test	assigned
mol_23617	test	assigned
mol_23618	train	sampled
mol_23619	train	assigned
mol_23620	train	assigned
mol_23621	train	assigned
mol_23622	train	assigned
mol_23623	train	assigned
mol_23624	train	assigned
mol_23625	train	assigned
mol_23626	train	sampled
mol_23627	train	sampled
mol_23628	train	assigned
mol_23629	train	assigned
mol_23630	train	assigned
mol_23631	val	sampled
mol_23632	val	assigned
mol_23633	val	assigned
mol_23634	train	assigned
mol_23635	test	assigned
mol_23636	test	assigned
mol_23637	test	sampled
mol_23638	test	assigned
mol_23639	test	assigned
mol_23640	train	assigned
mol_23641	train	sampled
mol_23642	train	sampled
mol_23643	train	sampled
mol_23644	train	assigned
mol_23645	train	assigned
mol_23646	train	assigned
mol_23647	train	sampled
mol_23648	train	assigned
mol_23649	train	assigned
mol_23650	train	assigned
mol_23651	train	sampled
mol_23652	train	assigned
mol_23653	train	sampled
mol_23654	train	assigned
mol_23655	train	assigned
mol_23656	train	assigned
mol_23657	train	assigned
mol_23658	train	sampled
mol_23659	train	assigned
mol_23660	train	assigned
mol_23661	train	sampled
mol_23662	train	assigned
mol_23663	train	sampled
mol_23664	train	assigned
mol_23665	train	assigned
mol_23666	train	assigned
mol_23667	val	sampled
mol_23668	val	assigned
mol_23669	val	assigned
mol_23670	val	sampled
mol_23671	train	assigned
mol_23672	train	assigned
mol_23673	val	assigned
mol_23674	train	assigned
mol_23675	train	assigned
mol_23676	train	assigned
mol_23677	train	assigned
mol_23678	train	assigned
mol_23679	train	sampled
mol_23680	train	sampled
mol_23681	train	assigned
mol_23682	train	assigned
mol_23683	train	assigned
mol_23684	train	assigned
mol_23685	train	assigned
mol_23686	train	assigned
mol_23687	train	assigned
mol_23688	val	assigned
mol_23689	train	sampled
mol_23690	val	assigned
mol_23691	train	sampled
mol_23692	val	assigned
mol_23693	val	sampled
mol_23694	train	sampled
mol_23695	train	sampled
mol_23696	train	assigned
mol_23697	train	assigned
mol_23698	train	assigned
mol_23699	train	assigned
mol_23700	train	assigned
mol_23701	train	sampled
mol_23702	train	assigned
mol_23703	val	assigned
mol_23704	train	assigned
mol_23705	train	assigned
mol_23706	train	assigned
mol_23707	train	assigned
mol_23708	train	assigned
mol_23709	train	assigned
mol_23710	train	assigned
mol_23711	train	assigned
mol_23712	train	sampled
mol_23713	train	assigned
mol_23714	train	assigned
mol_23715	train	assigned
mol_23716	train	assigned
mol_23717	train	assigned
mol_23718	train	assigned
mol_23719	train	assigned
mol_23720	train	assigned
mol_23721	train	sampled
mol_23722	train	sampled
mol_23723	test	assigned
mol_23724	test	sampled
mol_23725	train	sampled
mol_23726	test	assigned
mol_23727	train	assigned
mol_23728	train	sampled
mol_23729	train	assigned
mol_23730	train	sampled
mol_23731	train	assigned
mol_23732	train	assigned
mol_23733	train	assigned
mol_23734	train	sampled
mol_23735	train	assigned
mol_23736	train	assigned
mol_23737	train	assigned
mol_23738	train	sampled
mol_23739	train	sampled
mol_23740	train	assigned
mol_23741	train	assigned
mol_23742	train	sampled
mol_23743	train	sampled
mol_23744	train	sampled
mol_23745	train	assigned
mol_23746	train	assigned
mol_23747	train	assigned
mol_23748	val	assigned
mol_23749	val	assigned
mol_23750	train	sampled
mol_23751	train	sampled
mol_23752	train	assigned
mol_23753	val	assigned
mol_23754	val	assigned
mol_23755	train	assigned
mol_23756	val	assigned
mol_23757	train	assigned
mol_23758	val	sampled
mol_23759	train	assigned
mol_23760	train	assigned
mol_23761	test	assigned
mol_23762	test	assigned
mol_23763	test	assigned
mol_23764	val	assigned
mol_23765	val	assigned
mol_23766	train	sampled
mol_23767	train	assigned
mol_23768	val	sampled
mol_23769	val	assigned
mol_23770	val	sampled
mol_23771	val	assigned
mol_23772	train	assigned
mol_23773	test	assigned
mol_23774	test	sampled
mol_23775	test	sampled
mol_23776	train	assigned
mol_23777	train	assigned
mol_23778	train	assigned
mol_23779	train	sampled
mol_23780	train	assigned
mol_23781	test	assigned
mol_23782	test	assigned
mol_23783	train	assigned
mol_23784	test	assigned
mol_23785	test	assigned
mol_23786	test	assigned
mol_23787	test	sampled
mol_23788	train	assigned
mol_23789	train	sampled
mol_23790	train	assigned
mol_23791	train	assigned
mol_23792	train	assigned
mol_23793	test	assigned
mol_23794	test	sampled
mol_23795	test	assigned
mol_23796	train	assigned
mol_23797	train	sampled
mol_23798	train	assigned
mol_23799	train	assigned
mol_23800	train	assigned
mol_23801	train	sampled
mol_23802	train	sampled
mol_23803	val	assigned
mol_23804	test	assigned
mol_23805	test	assigned
mol_23806	test	assigned
mol_23807	test	sampled
mol_23808	val	sampled
mol_23809	val	assigned
mol_23810	test	assigned
mol_23811	test	sampled
mol_23812	test	sampled
mol_23813	val	assigned
mol_23814	test	assigned
mol_23815	test	sampled
mol_23816	test	assigned
mol_23817	test	assigned
mol_23818	test	assigned
mol_23819	test	assigned
mol_23820	test	assigned
mol_23821	test	assigned
mol_23822	test	sampled
mol_23823	val	assigned
mol_23824	test	assigned
mol_23825	test	assigned
mol_23826	test	sampled
mol_23827	test	assigned
mol_23828	test	assigned
mol_23829	test	assigned
mol_23830	test	assigned
mol_23831	test	assigned
mol_23832	test	assigned
mol_23833	train	assigned
mol_23834	train	assigned
mol_23835	train	assigned
mol_23836	train	sampled
mol_23837	train	assigned
mol_23838	train	assigned
mol_23839	val	sampled
mol_23840	val	assigned
mol_23841	train	assigned
mol_23842	train	assigned
mol_23843	train	assigned
mol_23844	train	assigned
mol_23845	test	assigned
mol_23846	train	assigned
mol_23847	train	assigned
mol_23848	train	sampled
mol_23849	train	assigned
mol_23850	train	assigned
mol_23851	train	assigned
mol_23852	train	assigned
mol_23853	train	assigned
mol_23854	train	assigned
mol_23855	train	sampled
mol_23856	train	assigned
mol_23857	train	assigned
mol_23858	train	assigned
mol_23859	train	assigned
mol_23860	train	assigned
mol_23861	train	sampled
mol_23862	train	assigned
mol_23863	train	assigned
mol_23864	train	assigned
mol_23865	train	assigned
mol_23866	train	assigned
mol_23867	train	sampled
mol_23868	train	assigned
mol_23869	test	assigned
mol_23870	val	sampled
mol_23871	train	assigned
mol_23872	train	assigned
mol_23873	train	assigned
mol_23874	val	assigned
mol_23875	train	sampled
mol_23876	train	sampled
mol_23877	train	assigned
mol_23878	train	assigned
mol_23879	train	assigned
mol_23880	train	assigned
mol_23881	train	sampled
mol_23882	train	assigned
mol_23883	train	assigned
mol_23884	train	sampled
mol_23885	train	assigned
mol_23886	train	assigned
mol_23887	train	sampled
mol_23888	train	assigned
mol_23889	train	assigned
mol_23890	train	sampled
mol_23891	train	assigned
mol_23892	train	assigned
mol_23893	train	sampled
mol_23894	train	assigned
mol_23895	train	assigned
mol_23896	train	assigned
mol_23897	train	assigned
mol_23898	train	assigned
mol_23899	train	assigned
mol_23900	train	sampled
mol_23901	train	assigned
mol_23902	train	assigned
mol_23903	train	assigned
mol_23904	train	assigned
mol_23905	train	assigned
mol_23906	train	assigned
mol_23907	train	assigned
mol_23908	train	assigned
mol_23909	train	sampled
mol_23910	train	sampled
mol_23911	train	assigned
mol_23912	train	assigned
mol_23913	train	assigned
mol_23914	train	assigned
mol_23915	train	assigned
mol_23916	train	assigned
mol_23917	train	sampled
mol_23918	train	assigned
mol_23919	train	assigned
mol_23920	train	sampled
mol_23921	train	assigned
mol_23922	train	assigned
mol_23923	train	assigned
mol_23924	train	assigned
mol_23925	train	assigned
mol_23926	train	assigned
mol_23927	test	sampled
mol_23928	test	assigned
mol_23929	test	assigned
mol_23930	train	assigned
mol_23931	train	sampled
mol_23932	train	assigned
mol_23933	train	sampled
mol_23934	train	assigned
mol_23935	train	sampled
mol_23936	train	sampled
mol_23937	train	assigned
mol_23938	train	assigned
mol_23939	train	assigned
mol_23940	train	assigned
mol_23941	val	assigned
mol_23942	train	sampled
mol_23943	val	assigned
mol_23944	train	assigned
mol_23945	val	assigned
mol_23946	val	assigned
mol_23947	train	assigned
mol_23948	test	assigned
mol_23949	test	assigned
mol_23950	test	assigned
mol_23951	test	assigned
mol_23952	train	assigned
mol_23953	val	assigned
mol_23954	train	assigned
mol_23955	train	sampled
mol_23956	train	assigned
mol_23957	train	assigned
mol_23958	train	assigned
mol_23959	train	assigned
mol_23960	train	assigned
mol_23961	val	assigned
mol_23962	train	assigned
mol_23963	train	assigned
mol_23964	train	assigned
mol_23965	train	sampled
mol_23966	train	sampled
mol_23967	val	assigned
mol_23968	val	sampled
mol_23969	train	sampled
mol_23970	train	assigned
mol_23971	train	assigned
mol_23972	train	sampled
mol_23973	train	assigned
mol_23974	train	assigned
mol_23975	train	sampled
mol_23976	val	assigned
mol_23977	train	assigned
mol_23978	train	assigned
mol_23979	val	assigned
mol_23980	train	sampled
mol_23981	train	sampled
mol_23982	train	sampled
mol_23983	train	assigned
mol_23984	train	assigned
mol_23985	train	assigned
mol_23986	train	assigned
mol_23987	train	assigned
mol_23988	train	assigned
mol_23989	train	assigned
mol_23990	val	assigned
mol_23991	train	assigned
mol_23992	train	assigned
mol_23993	val	assigned
mol_23994	train	sampled
mol_23995	train	assigned
mol_23996	test	assigned
mol_23997	test	assigned
mol_23998	val	assigned
mol_23999	train	assigned
mol_24000	train	assigned
mol_24001	train	assigned
mol_24002	train	sampled
mol_24003	train	assigned
mol_24004	train	sampled
mol_24005	val	assigned
mol_24006	val	sampled
mol_24007	train	sampled
mol_24008	train	assigned
mol_24009	train	assigned
mol_24010	train	sampled
mol_24011	train	sampled
mol_24012	train	sampled
mol_24013	train	assigned
mol_24014	train	assigned
mol_24015	train	assigned
mol_24016	train	assigned
mol_24017	train	assigned
mol_24018	train	sampled
mol_24019	val	assigned
mol_24020	test	assigned
mol_24021	test	assigned
mol_24022	test	assigned
mol_24023	train	assigned
mol_24024	train	assigned
mol_24025	train	sampled
mol_24026	val	assigned
mol_24027	train	assigned
mol_24028	val	assigned
mol_24029	train	assigned
mol_24030	train	sampled
mol_24031	train	assigned
mol_24032	train	assigned
mol_24033	train	assigned
mol_24034	train	assigned
mol_24035	train	assigned
mol_24036	train	assigned
mol_24037	train	sampled
mol_24038	train	assigned
mol_24039	train	sampled
mol_24040	train	assigned
mol_24041	train	assigned
mol_24042	train	assigned
mol_24043	train	assigned
mol_24044	train	assigned
mol_24045	train	assigned
mol_24046	train	assigned
mol_24047	train	assigned
mol_24048	train	sampled
mol_24049	train	assigned
mol_24050	train	assigned
mol_24051	train	sampled
mol_24052	train	assigned
mol_24053	train	sampled
mol_24054	test	assigned
mol_24055	test	assigned
mol_24056	test	sampled
mol_24057	test	assigned
mol_24058	test	assigned
mol_24059	test	assigned
mol_24060	train	sampled
mol_24061	val	assigned
mol_24062	test	assigned
mol_24063	val	assigned
mol_24064	train	assigned
mol_24065	val	sampled
mol_24066	val	assigned
mol_24067	val	assigned
mol_24068	val	sampled
mol_24069	val	sampled
mol_24070	val	assigned
mol_24071	val	assigned
mol_24072	val	assigned
mol_24073	val	assigned
mol_24074	val	assigned
mol_24075	val	sampled
mol_24076	train	assigned
mol_24077	train	assigned
mol_24078	train	assigned
mol_24079	val	assigned
mol_24080	val	assigned
mol_24081	train	sampled
mol_24082	test	assigned
mol_24083	test	assigned
mol_24084	val	assigned
mol_24085	train	assigned
mol_24086	test	assigned
mol_24087	test	assigned
mol_24088	train	sampled
mol_24089	train	assigned
mol_24090	test	assigned
mol_24091	test	assigned
mol_24092	train	assigned
mol_24093	train	assigned
mol_24094	test	assigned
mol_24095	test	assigned
mol_24096	train	assigned
mol_24097	train	sampled
mol_24098	val	assigned
mol_24099	test	assigned
mol_24100	test	sampled
mol_24101	test	assigned
mol_24102	train	assigned
mol_24103	test	assigned
mol_24104	train	assigned
mol_24105	test	sampled
mol_24106	train	sampled
mol_24107	train	assigned
mol_24108	test	sampled
mol_24109	test	assigned
mol_24110	test	assigned
mol_24111	val	assigned
mol_24112	train	assigned
mol_24113	test	assigned
mol_24114	train	sampled
mol_24115	val	assigned
mol_24116	test	sampled
mol_24117	train	sampled
mol_24118	train	assigned
mol_24119	train	assigned
mol_24120	train	assigned
mol_24121	train	assigned
mol_24122	train	assigned
mol_24123	train	assigned
mol_24124	train	assigned
mol_24125	train	assigned
mol_24126	train	sampled
mol_24127	train	assigned
mol_24128	train	assigned
mol_24129	train	sampled
mol_24130	train	assigned
mol_24131	train	sampled
mol_24132	train	sampled
mol_24133	train	assigned
mol_24134	train	assigned
mol_24135	train	assigned
mol_24136	train	assigned
mol_24137	train	sampled
mol_24138	train	sampled
mol_24139	val	assigned
mol_24140	train	assigned
mol_24141	train	assigned
mol_24142	val	assigned
mol_24143	test	assigned
mol_24144	test	sampled
mol_24145	test	assigned
mol_24146	test	assigned
mol_24147	test	assigned
mol_24148	test	sampled
mol_24149	train	assigned
mol_24150	train	sampled
mol_24151	train	assigned
mol_24152	train	assigned
mol_24153	train	sampled
mol_24154	train	assigned
mol_24155	train	assigned
mol_24156	train	sampled
mol_24157	train	assigned
mol_24158	train	sampled
mol_24159	val	assigned
mol_24160	val	assigned
mol_24161	train	assigned
mol_24162	train	assigned
mol_24163	train	assigned
mol_24164	test	assigned
mol_24165	test	sampled
mol_24166	train	assigned
mol_24167	train	assigned
mol_24168	train	assigned
mol_24169	train	assigned
mol_24170	train	assigned
mol_24171	train	sampled
mol_24172	train	assigned
mol_24173	train	assigned
mol_24174	val	assigned
mol_24175	train	assigned
mol_24176	train	sampled
mol_24177	train	assigned
mol_24178	train	sampled
mol_24179	train	assigned
mol_24180	train	assigned
mol_24181	train	sampled
mol_24182	val	assigned
mol_24183	train	assigned
mol_24184	train	assigned
mol_24185	train	assigned
mol_24186	train	assigned
mol_24187	train	assigned
mol_24188	train	assigned
mol_24189	train	assigned
mol_24190	train	assigned
mol_24191	train	assigned
mol_24192	train	sampled
mol_24193	train	assigned
mol_24194	train	assigned
mol_24195	train	assigned
mol_24196	train	assigned
mol_24197	train	assigned
mol_24198	train	assigned
mol_24199	train	assigned
mol_24200	train	assigned
mol_24201	val	sampled
mol_24202	val	assigned
mol_24203	val	assigned
mol_24204	train	assigned
mol_24205	train	sampled
mol_24206	train	assigned
mol_24207	test	assigned
mol_24208	test	assigned
mol_24209	val	assigned
mol_24210	test	assigned
mol_24211	val	assigned
mol_24212	val	assigned
mol_24213	val	sampled
mol_24214	train	assigned
mol_24215	val	assigned
mol_24216	val	sampled
mol_24217	test	assigned
mol_24218	train	sampled
mol_24219	val	sampled
mol_24220	val	assigned
mol_24221	val	assigned
mol_24222	val	sampled
mol_24223	val	sampled
mol_24224	val	assigned
mol_24225	train	assigned
mol_24226	train	assigned
mol_24227	train	sampled
mol_24228	train	sampled
mol_24229	train	assigned
mol_24230	train	assigned
mol_24231	train	sampled
mol_24232	train	assigned
mol_24233	train	assigned
mol_24234	train	assigned
mol_24235	train	assigned
mol_24236	train	assigned
mol_24237	train	assigned
mol_24238	train	assigned
mol_24239	train	sampled
mol_24240	train	assigned
mol_24241	train	assigned
mol_24242	train	sampled
mol_24243	train	assigned
mol_24244	train	assigned
mol_24245	train	assigned
mol_24246	train	assigned
mol_24247	train	assigned
mol_24248	train	assigned
mol_24249	test	assigned
mol_24250	train	assigned
mol_24251	train	assigned
mol_24252	train	assigned
mol_24253	test	assigned
mol_24254	test	assigned
mol_24255	test	assigned
mol_24256	test	assigned
mol_24257	train	sampled
mol_24258	train	assigned
mol_24259	train	assigned
mol_24260	train	assigned
mol_24261	train	assigned
mol_24262	train	assigned
mol_24263	train	sampled
mol_24264	train	assigned
mol_24265	train	assigned
mol_24266	train	assigned
mol_24267	train	assigned
mol_24268	train	sampled
mol_24269	train	sampled
mol_24270	train	assigned
mol_24271	train	sampled
mol_24272	train	assigned
mol_24273	train	assigned
mol_24274	train	assigned
mol_24275	train	assigned
mol_24276	train	assigned
mol_24277	train	assigned
mol_24278	train	assigned
mol_24279	train	assigned
mol_24280	train	assigned
mol_24281	val	assigned
mol_24282	train	assigned
mol_24283	test	assigned
mol_24284	train	assigned
mol_24285	train	assigned
mol_24286	train	assigned
mol_24287	train	sampled
mol_24288	train	assigned
mol_24289	train	assigned
mol_24290	val	assigned
mol_24291	val	sampled
mol_24292	val	sampled
mol_24293	train	assigned
mol_24294	train	sampled
mol_24295	val	assigned
mol_24296	train	assigned
mol_24297	val	assigned
mol_24298	val	assigned
mol_24299	train	assigned
mol_24300	train	assigned
mol_24301	train	sampled
mol_24302	test	assigned
mol_24303	test	assigned
mol_24304	test	assigned
mol_24305	val	assigned
mol_24306	val	assigned
mol_24307	val	sampled
mol_24308	test	sampled
mol_24309	test	assigned
mol_24310	val	assigned
mol_24311	val	assigned
mol_24312	val	assigned
mol_24313	val	assigned
mol_24314	train	assigned
mol_24315	val	assigned
mol_24316	val	assigned
mol_24317	val	assigned
mol_24318	val	assigned
mol_24319	train	assigned
mol_24320	train	sampled
mol_24321	train	assigned
mol_24322	val	assigned
mol_24323	val	assigned
mol_24324	val	sampled
mol_24325	val	assigned
mol_24326	val	assigned
mol_24327	val	assigned
mol_24328	train	sampled
mol_24329	val	assigned
mol_24330	val	sampled
mol_24331	train	assigned
mol_24332	val	assigned
mol_24333	val	sampled
mol_24334	train	sampled
mol_24335	train	assigned
mol_24336	train	sampled
mol_24337	train	sampled
mol_24338	train	assigned
mol_24339	train	assigned
mol_24340	train	assigned
mol_24341	train	sampled
mol_24342	train	assigned
mol_24343	train	sampled
mol_24344	train	assigned
mol_24345	train	assigned
mol_24346	train	assigned
mol_24347	train	assigned
mol_24348	train	assigned
mol_24349	train	assigned
mol_24350	train	sampled
mol_24351	train	assigned
mol_24352	train	sampled
mol_24353	train	assigned
mol_24354	train	assigned
mol_24355	test	sampled
mol_24356	test	assigned
mol_24357	train	assigned
mol_24358	train	assigned
mol_24359	train	assigned
mol_24360	train	assigned
mol_24361	train	sampled
mol_24362	train	assigned
mol_24363	train	assigned
mol_24364	train	assigned
mol_24365	val	assigned
mol_24366	train	assigned
mol_24367	train	sampled
mol_24368	test	assigned
mol_24369	train	assigned
mol_24370	test	assigned
mol_24371	test	sampled
mol_24372	test	assigned
mol_24373	test	assigned
mol_24374	test	assigned
mol_24375	test	assigned
mol_24376	train	assigned
mol_24377	test	assigned
mol_24378	test	assigned
mol_24379	train	assigned
mol_24380	train	assigned
mol_24381	train	assigned
mol_24382	train	sampled
mol_24383	train	assigned
mol_24384	val	sampled
mol_24385	train	assigned
mol_24386	train	assigned
mol_24387	train	assigned
mol_24388	train	assigned
mol_24389	test	sampled
mol_24390	val	assigned
mol_24391	val	sampled
mol_24392	test	sampled
mol_24393	test	assigned
mol_24394	test	assigned
mol_24395	test	assigned
mol_24396	train	assigned
mol_24397	train	assigned
mol_24398	test	assigned
mol_24399	train	assigned
mol_24400	test	assigned
mol_24401	train	assigned
mol_24402	test	sampled
mol_24403	train	sampled
mol_24404	train	assigned
mol_24405	train	assigned
mol_24406	train	assigned
mol_24407	val	sampled
mol_24408	val	assigned
mol_24409	train	sampled
mol_24410	val	assigned
mol_24411	val	assigned
mol_24412	val	assigned
mol_24413	train	assigned
mol_24414	train	sampled
mol_24415	train	assigned
mol_24416	test	assigned
mol_24417	test	assigned
mol_24418	test	assigned
mol_24419	test	assigned
mol_24420	test	assigned
mol_24421	test	assigned
mol_24422	train	assigned
mol_24423	val	assigned
mol_24424	train	assigned
mol_24425	train	sampled
mol_24426	train	assigned
mol_24427	train	assigned
mol_24428	train	sampled
mol_24429	train	assigned
mol_24430	train	assigned
mol_24431	train	assigned
mol_24432	train	assigned
mol_24433	train	assigned
mol_24434	train	assigned
mol_24435	train	assigned
mol_24436	train	sampled
mol_24437	train	assigned
mol_24438	train	assigned
mol_24439	train	assigned
mol_24440	train	assigned
mol_24441	test	assigned
mol_24442	test	assigned
mol_24443	train	assigned
mol_24444	test	assigned
mol_24445	train	sampled
mol_24446	train	assigned
mol_24447	train	assigned
mol_24448	train	assigned
mol_24449	train	sampled
mol_24450	val	assigned
mol_24451	train	assigned
mol_24452	val	assigned
mol_24453	train	sampled
mol_24454	val	assigned
mol_24455	train	assigned
mol_24456	val	sampled
mol_24457	test	sampled
mol_24458	test	assigned
mol_24459	test	assigned
mol_24460	test	assigned
mol_24461	val	assigned
mol_24462	test	sampled
mol_24463	test	assigned
mol_24464	train	assigned
mol_24465	test	assigned
mol_24466	val	assigned
mol_24467	test	assigned
mol_24468	val	assigned
mol_24469	val	assigned
mol_24470	test	assigned
mol_24471	test	assigned
mol_24472	train	assigned
mol_24473	test	assigned
mol_24474	test	assigned
mol_24475	test	assigned
mol_24476	test	assigned
mol_24477	test	assigned
mol_24478	test	sampled
mol_24479	train	assigned
mol_24480	train	assigned
mol_24481	train	sampled
mol_24482	train	assigned
mol_24483	train	sampled
mol_24484	train	assigned
mol_24485	train	assigned
mol_24486	train	assigned
mol_24487	train	assigned
mol_24488	train	assigned
mol_24489	val	assigned
mol_24490	train	assigned
mol_24491	val	assigned
mol_24492	val	sampled
mol_24493	train	sampled
mol_24494	train	sampled
mol_24495	val	assigned
mol_24496	train	assigned
mol_24497	train	assigned
mol_24498	val	assigned
mol_24499	train	sampled
mol_24500	val	assigned
mol_24501	val	assigned
mol_24502	train	assigned
mol_24503	train	assigned
mol_24504	train	assigned
mol_24505	train	assigned
mol_24506	train	assigned
mol_24507	train	assigned
mol_24508	train	assigned
mol_24509	train	assigned
mol_24510	train	sampled
mol_24511	train	assigned
mol_24512	train	assigned
mol_24513	train	sampled
mol_24514	train	assigned
mol_24515	val	assigned
mol_24516	val	sampled
mol_24517	val	assigned
mol_24518	test	assigned
mol_24519	train	assigned
mol_24520	train	assigned
mol_24521	train	sampled
mol_24522	train	assigned
mol_24523	val	sampled
mol_24524	train	assigned
mol_24525	train	sampled
mol_24526	train	assigned
mol_24527	train	assigned
mol_24528	train	assigned
mol_24529	val	assigned
mol_24530	val	assigned
mol_24531	test	assigned
mol_24532	test	assigned
mol_24533	train	sampled
mol_24534	val	sampled
mol_24535	test	assigned
mol_24536	train	assigned
mol_24537	train	assigned
mol_24538	train	assigned
mol_24539	train	sampled
mol_24540	train	assigned
mol_24541	train	assigned
mol_24542	val	assigned
mol_24543	val	assigned
mol_24544	val	assigned
mol_24545	train	assigned
mol_24546	test	assigned
mol_24547	train	sampled
mol_24548	train	assigned
mol_24549	train	sampled
mol_24550	test	assigned
mol_24551	train	sampled
mol_24552	val	assigned
mol_24553	val	sampled
mol_24554	val	sampled
mol_24555	test	assigned
mol_24556	train	assigned
mol_24557	train	assigned
mol_24558	train	sampled
mol_24559	train	assigned
mol_24560	train	sampled
mol_24561	train	assigned
mol_24562	train	assigned
mol_24563	test	assigned
mol_24564	test	assigned
mol_24565	test	assigned
mol_24566	test	assigned
mol_24567	train	assigned
mol_24568	train	sampled
mol_24569	val	assigned
mol_24570	train	assigned
mol_24571	train	assigned
mol_24572	train	assigned
mol_24573	train	sampled
mol_24574	train	assigned
mol_24575	test	assigned
mol_24576	train	sampled
mol_24577	train	sampled
mol_24578	train	assigned
mol_24579	train	sampled
mol_24580	train	sampled
mol_24581	train	assigned
mol_24582	train	assigned
mol_24583	train	assigned
mol_24584	val	assigned
mol_24585	val	sampled
mol_24586	train	assigned
mol_24587	train	sampled
mol_24588	train	sampled
mol_24589	train	sampled
mol_24590	train	assigned
mol_24591	train	sampled
mol_24592	train	sampled
mol_24593	train	assigned
mol_24594	train	assigned
mol_24595	train	sampled
mol_24596	train	assigned
mol_24597	test	sampled
mol_24598	test	sampled
mol_24599	train	assigned
mol_24600	test	assigned
mol_24601	test	assigned
mol_24602	test	assigned
mol_24603	test	assigned
mol_24604	test	assigned
mol_24605	val	assigned
mol_24606	train	assigned
mol_24607	test	sampled
mol_24608	train	assigned
mol_24609	train	assigned
mol_24610	train	assigned
mol_24611	train	assigned
mol_24612	train	sampled
mol_24613	train	assigned
mol_24614	val	sampled
mol_24615	train	sampled
mol_24616	train	sampled
mol_24617	test	sampled
mol_24618	train	assigned
mol_24619	val	assigned
mol_24620	train	assigned
mol_24621	train	assigned
mol_24622	val	assigned
mol_24623	val	sampled
mol_24624	train	assigned
mol_24625	val	assigned
mol_24626	test	sampled
mol_24627	train	assigned
mol_24628	val	assigned
mol_24629	train	assigned
mol_24630	val	sampled
mol_24631	train	sampled
mol_24632	train	assigned
mol_24633	train	assigned
mol_24634	train	sampled
mol_24635	train	sampled
mol_24636	train	sampled
mol_24637	train	sampled
mol_24638	train	sampled
mol_24639	train	assigned
mol_24640	train	sampled
mol_24641	train	sampled
mol_24642	train	assigned
mol_24643	train	assigned
mol_24644	train	assigned
mol_24645	train	assigned
mol_24646	train	assigned
mol_24647	train	assigned
mol_24648	train	assigned
mol_24649	train	assigned
mol_24650	train	sampled
mol_24651	train	sampled
mol_24652	train	assigned
mol_24653	train	assigned
mol_24654	train	assigned
mol_24655	train	assigned
mol_24656	train	assigned
mol_24657	train	sampled
mol_24658	train	assigned
mol_24659	train	assigned
mol_24660	train	assigned
mol_24661	train	assigned
mol_24662	train	assigned
mol_24663	train	sampled
mol_24664	train	assigned
mol_24665	train	assigned
mol_24666	train	sampled
mol_24667	val	assigned
mol_24668	val	assigned
mol_24669	train	assigned
mol_24670	train	assigned
mol_24671	train	assigned
mol_24672	test	sampled
mol_24673	train	assigned
mol_24674	train	assigned
mol_24675	train	assigned
mol_24676	train	assigned
mol_24677	train	sampled
mol_24678	train	sampled
mol_24679	train	sampled
mol_24680	train	assigned
mol_24681	train	sampled
mol_24682	test	sampled
mol_24683	train	assigned
mol_24684	train	assigned
mol_24685	train	assigned
mol_24686	test	assigned
mol_24687	test	assigned
mol_24688	train	assigned
mol_24689	train	assigned
mol_24690	val	assigned
mol_24691	train	assigned
mol_24692	train	assigned
mol_24693	test	assigned
mol_24694	train	assigned
mol_24695	train	assigned
mol_24696	train	sampled
mol_24697	train	assigned
mol_24698	train	assigned
mol_24699	val	sampled
mol_24700	train	assigned
mol_24701	val	assigned
mol_24702	train	assigned
mol_24703	test	assigned
mol_24704	val	assigned
mol_24705	val	sampled
mol_24706	train	sampled
mol_24707	train	sampled
mol_24708	val	assigned
mol_24709	val	assigned
mol_24710	test	assigned
mol_24711	train	assigned
mol_24712	train	assigned
mol_24713	val	sampled
mol_24714	test	assigned
mol_24715	train	sampled
mol_24716	train	assigned
mol_24717	train	assigned
mol_24718	train	assigned
mol_24719	train	assigned
mol_24720	train	assigned
mol_24721	train	sampled
mol_24722	train	assigned
mol_24723	train	assigned
mol_24724	train	assigned
mol_24725	train	sampled
mol_24726	train	assigned
mol_24727	train	assigned
mol_24728	train	sampled
mol_24729	train	assigned
mol_24730	train	assigned
mol_24731	train	sampled
mol_24732	train	assigned
mol_24733	train	assigned
mol_24734	train	assigned
mol_24735	train	sampled
mol_24736	train	assigned
mol_24737	train	assigned
mol_24738	train	assigned
mol_24739	train	assigned
mol_24740	train	sampled
mol_24741	train	assigned
mol_24742	train	assigned
mol_24743	train	assigned
mol_24744	train	sampled
mol_24745	train	sampled
mol_24746	train	assigned
mol_24747	train	assigned
mol_24748	train	sampled
mol_24749	train	sampled
mol_24750	train	assigned
mol_24751	train	assigned
mol_24752	train	assigned
mol_24753	train	assigned
mol_24754	train	assigned
mol_24755	train	assigned
mol_24756	train	assigned
mol_24757	train	assigned
mol_24758	train	sampled
mol_24759	train	sampled
mol_24760	train	assigned
mol_24761	train	assigned
mol_24762	train	assigned
mol_24763	train	sampled
mol_24764	train	assigned
mol_24765	train	assigned
mol_24766	train	assigned
mol_24767	train	assigned
mol_24768	train	assigned
mol_24769	train	assigned
mol_24770	train	assigned
mol_24771	train	assigned
mol_24772	train	sampled
mol_24773	train	assigned
mol_24774	train	sampled
mol_24775	train	assigned
mol_24776	train	assigned
mol_24777	val	assigned
mol_24778	train	sampled
mol_24779	train	sampled
mol_24780	val	assigned
mol_24781	train	sampled
mol_24782	train	assigned
mol_24783	train	assigned
mol_24784	train	assigned
mol_24785	train	assigned
mol_24786	train	sampled
mol_24787	train	sampled
mol_24788	train	sampled
mol_24789	train	assigned
mol_24790	train	assigned
mol_24791	val	assigned
mol_24792	train	assigned
mol_24793	train	sampled
mol_24794	train	sampled
mol_24795	train	assigned
mol_24796	train	assigned
mol_24797	train	assigned
mol_24798	train	assigned
mol_24799	val	sampled
mol_24800	train	assigned
mol_24801	val	assigned
mol_24802	train	assigned
mol_24803	train	sampled
mol_24804	train	assigned
mol_24805	train	assigned
mol_24806	train	sampled
mol_24807	val	assigned
mol_24808	val	assigned
mol_24809	train	sampled
mol_24810	train	sampled
mol_24811	train	assigned
mol_24812	test	sampled
mol_24813	test	assigned
mol_24814	train	sampled
mol_24815	train	assigned
mol_24816	train	assigned
mol_24817	test	assigned
mol_24818	test	assigned
mol_24819	test	assigned
mol_24820	test	assigned
mol_24821	test	assigned
mol_24822	test	sampled
mol_24823	train	sampled
mol_24824	train	assigned
mol_24825	val	assigned
mol_24826	val	assigned
mol_24827	test	sampled
mol_24828	train	assigned
mol_24829	val	assigned
mol_24830	val	sampled
mol_24831	train	assigned
mol_24832	train	assigned
mol_24833	train	assigned
mol_24834	train	assigned
mol_24835	train	assigned
mol_24836	train	assigned
mol_24837	train	assigned
mol_24838	train	sampled
mol_24839	train	assigned
mol_24840	val	assigned
mol_24841	train	assigned
mol_24842	train	assigned
mol_24843	train	assigned
mol_24844	train	assigned
mol_24845	val	assigned
mol_24846	train	assigned
mol_24847	train	assigned
mol_24848	train	assigned
mol_24849	train	assigned
mol_24850	train	sampled
mol_24851	train	assigned
mol_24852	train	sampled
mol_24853	val	assigned
mol_24854	train	sampled
mol_24855	train	assigned
mol_24856	train	assigned
mol_24857	train	assigned
mol_24858	train	assigned
mol_24859	train	assigned
mol_24860	train	assigned
mol_24861	train	assigned
mol_24862	train	sampled
mol_24863	val	assigned
mol_24864	train	assigned
mol_24865	train	assigned
mol_24866	train	sampled
mol_24867	train	assigned
mol_24868	train	sampled
mol_24869	train	assigned
mol_24870	train	sampled
mol_24871	train	assigned
mol_24872	train	sampled
mol_24873	train	assigned
mol_24874	train	assigned
mol_24875	train	assigned
mol_24876	train	assigned
mol_24877	train	assigned
mol_24878	train	assigned
mol_24879	train	assigned
mol_24880	train	assigned
mol_24881	train	assigned
mol_24882	train	assigned
mol_24883	train	assigned
mol_24884	val	assigned
mol_24885	train	assigned
mol_24886	train	sampled
mol_24887	train	sampled
mol_24888	train	assigned
mol_24889	train	sampled
mol_24890	train	assigned
mol_24891	train	assigned
mol_24892	val	assigned
mol_24893	val	assigned
mol_24894	val	assigned
mol_24895	train	assigned
mol_24896	val	assigned
mol_24897	train	assigned
mol_24898	train	sampled
mol_24899	train	assigned
mol_24900	val	assigned
mol_24901	train	assigned
mol_24902	train	assigned
mol_24903	train	assigned
mol_24904	train	assigned
mol_24905	train	assigned
mol_24906	train	assigned
mol_24907	val	assigned
mol_24908	train	assigned
mol_24909	train	sampled
mol_24910	train	assigned
mol_24911	train	assigned
mol_24912	train	assigned
mol_24913	val	assigned
mol_24914	train	assigned
mol_24915	train	assigned
mol_24916	train	sampled
mol_24917	train	assigned
mol_24918	val	assigned
mol_24919	val	sampled
mol_24920	train	assigned
mol_24921	val	assigned
mol_24922	train	sampled
mol_24923	train	sampled
mol_24924	train	assigned
mol_24925	train	assigned
mol_24926	train	assigned
mol_24927	train	sampled
mol_24928	train	assigned
mol_24929	train	assigned
mol_24930	train	sampled
mol_24931	train	assigned
mol_24932	train	assigned
mol_24933	train	assigned
mol_24934	val	assigned
mol_24935	val	sampled
mol_24936	train	assigned
mol_24937	train	sampled
mol_24938	val	assigned
mol_24939	train	sampled
mol_24940	train	assigned
mol_24941	train	assigned
mol_24942	train	sampled
mol_24943	train	assigned
mol_24944	train	assigned
mol_24945	train	assigned
mol_24946	train	assigned
mol_24947	train	sampled
mol_24948	train	sampled
mol_24949	train	assigned
mol_24950	train	assigned
mol_24951	train	assigned
mol_24952	train	assigned
mol_24953	train	sampled
mol_24954	train	assigned
mol_24955	train	sampled
mol_24956	val	assigned
mol_24957	train	sampled
mol_24958	train	sampled
mol_24959	train	sampled
mol_24960	test	assigned
mol_24961	test	assigned
mol_24962	test	assigned
mol_24963	train	assigned
mol_24964	val	assigned
mol_24965	val	assigned
mol_24966	train	sampled
mol_24967	train	assigned
mol_24968	val	assigned
mol_24969	train	assigned
mol_24970	train	sampled
mol_24971	val	assigned
mol_24972	train	assigned
mol_24973	train	assigned
mol_24974	train	assigned
mol_24975	val	assigned
mol_24976	val	assigned
mol_24977	val	assigned
mol_24978	val	assigned
mol_24979	val	assigned
mol_24980	val	assigned
mol_24981	train	assigned
mol_24982	train	assigned
mol_24983	train	assigned
mol_24984	val	assigned
mol_24985	train	assigned
mol_24986	train	sampled
mol_24987	train	assigned
mol_24988	train	sampled
mol_24989	train	assigned
mol_24990	val	assigned
mol_24991	val	assigned
mol_24992	val	sampled
mol_24993	train	assigned
mol_24994	train	assigned
mol_24995	val	assigned
mol_24996	train	assigned
mol_24997	val	sampled
mol_24998	train	sampled
mol_24999	val	sampled
mol_25000	train	assigned
mol_25001	train	assigned
mol_25002	train	sampled
mol_25003	train	assigned
mol_25004	train	assigned
mol_25005	train	assigned
mol_25006	train	assigned
mol_25007	train	assigned
mol_25008	train	assigned
mol_25009	train	assigned
mol_25010	train	assigned
mol_25011	train	assigned
mol_25012	train	assigned
mol_25013	test	sampled
mol_25014	train	assigned
mol_25015	val	assigned
mol_25016	val	sampled
mol_25017	test	assigned
mol_25018	val	assigned
mol_25019	val	assigned
mol_25020	test	assigned
mol_25021	val	assigned
mol_25022	test	assigned
mol_25023	train	assigned
mol_25024	test	sampled
mol_25025	val	assigned
mol_25026	train	assigned
mol_25027	test	assigned
mol_25028	train	assigned
mol_25029	val	assigned
mol_25030	val	assigned
mol_25031	train	sampled
mol_25032	val	assigned
mol_25033	test	assigned
mol_25034	val	assigned
mol_25035	val	assigned
mol_25036	val	assigned
mol_25037	test	assigned
mol_25038	train	assigned
mol_25039	test	assigned
mol_25040	train	assigned
mol_25041	test	sampled
mol_25042	test	sampled
mol_25043	val	assigned
mol_25044	val	sampled
mol_25045	train	assigned
mol_25046	val	assigned
mol_25047	test	assigned
mol_25048	train	assigned
mol_25049	train	sampled
mol_25050	train	sampled
mol_25051	train	assigned
mol_25052	train	assigned
mol_25053	train	assigned
mol_25054	train	sampled
mol_25055	train	assigned
mol_25056	train	assigned
mol_25057	train	assigned
mol_25058	train	assigned
mol_25059	train	assigned
mol_25060	train	assigned
mol_25061	train	assigned
mol_25062	train	assigned
mol_25063	train	assigned
mol_25064	train	assigned
mol_25065	test	assigned
mol_25066	val	assigned
mol_25067	val	assigned
mol_25068	val	assigned
mol_25069	val	assigned
mol_25070	val	assigned
mol_25071	val	assigned
mol_25072	val	sampled
mol_25073	val	assigned
mol_25074	train	assigned
mol_25075	train	assigned
mol_25076	train	assigned
mol_25077	train	sampled
mol_25078	test	assigned
mol_25079	test	assigned
mol_25080	test	assigned
mol_25081	test	assigned
mol_25082	test	assigned
mol_25083	test	assigned
mol_25084	test	sampled
mol_25085	test	sampled
mol_25086	test	assigned
mol_25087	test	sampled
mol_25088	test	sampled
mol_25089	train	assigned
mol_25090	train	sampled
mol_25091	train	assigned
mol_25092	train	assigned
mol_25093	train	assigned
mol_25094	test	assigned
mol_25095	train	assigned
mol_25096	train	sampled
mol_25097	train	assigned
mol_25098	train	assigned
mol_25099	train	assigned
mol_25100	train	sampled
mol_25101	train	assigned
mol_25102	train	assigned
mol_25103	train	assigned
mol_25104	train	assigned
mol_25105	train	assigned
mol_25106	train	assigned
mol_25107	train	assigned
mol_25108	train	assigned
mol_25109	train	assigned
mol_25110	train	assigned
mol_25111	train	assigned
mol_25112	train	assigned
mol_25113	train	assigned
mol_25114	train	sampled
mol_25115	train	assigned
mol_25116	train	assigned
mol_25117	train	assigned
mol_25118	train	sampled
mol_25119	train	sampled
mol_25120	train	assigned
mol_25121	train	assigned
mol_25122	train	assigned
mol_25123	train	sampled
mol_25124	train	sampled
mol_25125	train	assigned
mol_25126	train	sampled
mol_25127	train	sampled
mol_25128	train	assigned
mol_25129	train	assigned
mol_25130	train	assigned
mol_25131	test	assigned
mol_25132	test	assigned
mol_25133	train	assigned
mol_25134	train	sampled
mol_25135	train	assigned
mol_25136	train	assigned
mol_25137	train	sampled
mol_25138	val	assigned
mol_25139	train	assigned
mol_25140	test	sampled
mol_25141	train	assigned
mol_25142	train	assigned
mol_25143	train	assigned
mol_25144	train	sampled
mol_25145	val	assigned
mol_25146	val	assigned
mol_25147	val	sampled
mol_25148	val	assigned
mol_25149	train	assigned
mol_25150	train	assigned
mol_25151	test	assigned
mol_25152	train	sampled
mol_25153	train	assigned
mol_25154	train	sampled
mol_25155	val	assigned
mol_25156	train	assigned
mol_25157	train	sampled
mol_25158	train	assigned
mol_25159	train	assigned
mol_25160	val	assigned
mol_25161	val	assigned
mol_25162	val	assigned
mol_25163	train	assigned
mol_25164	val	assigned
mol_25165	train	assigned
mol_25166	train	sampled
mol_25167	val	assigned
mol_25168	val	assigned
mol_25169	train	assigned
mol_25170	train	assigned
mol_25171	train	assigned
mol_25172	train	sampled
mol_25173	train	assigned
mol_25174	val	assigned
mol_25175	train	assigned
mol_25176	train	assigned
mol_25177	train	assigned
mol_25178	train	assigned
mol_25179	train	assigned
mol_25180	train	sampled
mol_25181	train	assigned
mol_25182	train	assigned
mol_25183	train	assigned
mol_25184	train	assigned
mol_25185	train	assigned
mol_25186	train	assigned
mol_25187	train	assigned
mol_25188	train	assigned
mol_25189	train	sampled
mol_25190	train	assigned
mol_25191	train	assigned
mol_25192	train	assigned
mol_25193	train	assigned
mol_25194	train	assigned
mol_25195	train	assigned
mol_25196	train	sampled
mol_25197	train	sampled
mol_25198	train	assigned
mol_25199	train	assigned
mol_25200	train	sampled
mol_25201	train	sampled
mol_25202	train	assigned
mol_25203	train	sampled
mol_25204	train	assigned
mol_25205	train	sampled
mol_25206	train	assigned
mol_25207	train	assigned
mol_25208	train	assigned
mol_25209	train	assigned
mol_25210	train	sampled
mol_25211	train	sampled
mol_25212	train	assigned
mol_25213	train	sampled
mol_25214	train	sampled
mol_25215	test	assigned
mol_25216	test	assigned
mol_25217	train	assigned
mol_25218	val	assigned
mol_25219	train	assigned
mol_25220	val	assigned
mol_25221	val	sampled
mol_25222	train	sampled
mol_25223	train	assigned
mol_25224	train	assigned
mol_25225	train	sampled
mol_25226	train	assigned
mol_25227	train	assigned
mol_25228	val	sampled
mol_25229	train	assigned
mol_25230	train	assigned
mol_25231	train	assigned
mol_25232	train	assigned
mol_25233	train	sampled
mol_25234	train	assigned
mol_25235	val	assigned
mol_25236	train	assigned
mol_25237	val	sampled
mol_25238	train	sampled
mol_25239	train	sampled
mol_25240	val	sampled
mol_25241	train	assigned
mol_25242	val	assigned
mol_25243	train	sampled
mol_25244	train	assigned
mol_25245	val	assigned
mol_25246	train	assigned
mol_25247	train	sampled
mol_25248	train	assigned
mol_25249	train	assigned
mol_25250	train	assigned
mol_25251	train	assigned
mol_25252	train	assigned
mol_25253	train	assigned
mol_25254	train	assigned
mol_25255	train	assigned
mol_25256	train	assigned
mol_25257	train	sampled
mol_25258	train	assigned
mol_25259	train	assigned
mol_25260	train	sampled
mol_25261	train	assigned
mol_25262	train	sampled
mol_25263	train	assigned
mol_25264	train	assigned
mol_25265	train	sampled
mol_25266	train	assigned
mol_25267	train	assigned
mol_25268	train	assigned
mol_25269	train	assigned
mol_25270	train	sampled
mol_25271	train	assigned
mol_25272	train	sampled
mol_25273	train	sampled
mol_25274	val	assigned
mol_25275	train	assigned
mol_25276	val	assigned
mol_25277	train	assigned
mol_25278	val	assigned
mol_25279	val	assigned
mol_25280	val	assigned
mol_25281	val	sampled
mol_25282	val	assigned
mol_25283	train	assigned
mol_25284	train	sampled
mol_25285	train	assigned
mol_25286	train	sampled
mol_25287	val	assigned
mol_25288	train	assigned
mol_25289	train	assigned
mol_25290	train	sampled
mol_25291	train	assigned
mol_25292	val	sampled
mol_25293	val	assigned
mol_25294	train	assigned
mol_25295	train	sampled
mol_25296	train	assigned
mol_25297	train	sampled
mol_25298	train	assigned
mol_25299	train	sampled
mol_25300	train	assigned
mol_25301	train	assigned
mol_25302	val	sampled
mol_25303	train	sampled
mol_25304	train	sampled
mol_25305	train	assigned
mol_25306	train	assigned
mol_25307	train	assigned
mol_25308	val	assigned
mol_25309	train	assigned
mol_25310	val	assigned
mol_25311	train	sampled
mol_25312	train	sampled
mol_25313	val	assigned
mol_25314	train	sampled
mol_25315	train	sampled
mol_25316	train	assigned
mol_25317	val	assigned
mol_25318	train	assigned
mol_25319	train	assigned
mol_25320	train	sampled
mol_25321	val	sampled
mol_25322	train	assigned
mol_25323	val	assigned
mol_25324	val	sampled
mol_25325	train	assigned
mol_25326	train	assigned
mol_25327	train	assigned
mol_25328	train	sampled
mol_25329	train	assigned
mol_25330	train	assigned
mol_25331	train	sampled
mol_25332	train	assigned
mol_25333	train	assigned
mol_25334	train	sampled
mol_25335	train	sampled
mol_25336	train	assigned
mol_25337	train	assigned
mol_25338	train	assigned
mol_25339	train	assigned
mol_25340	train	sampled
mol_25341	train	assigned
mol_25342	train	assigned
mol_25343	train	assigned
mol_25344	train	assigned
mol_25345	train	assigned
mol_25346	test	assigned
mol_25347	train	assigned
mol_25348	val	assigned
mol_25349	train	assigned
mol_25350	test	assigned
mol_25351	val	assigned
mol_25352	train	assigned
mol_25353	train	sampled
mol_25354	train	assigned
mol_25355	train	assigned
mol_25356	train	sampled
mol_25357	test	sampled
mol_25358	train	assigned
mol_25359	train	assigned
mol_25360	test	assigned
mol_25361	train	sampled
mol_25362	train	assigned
mol_25363	train	assigned
mol_25364	train	assigned
mol_25365	train	sampled
mol_25366	train	sampled
mol_25367	train	sampled
mol_25368	train	assigned
mol_25369	train	sampled
mol_25370	train	assigned
mol_25371	train	assigned
mol_25372	train	assigned
mol_25373	train	assigned
mol_25374	train	assigned
mol_25375	train	assigned
mol_25376	train	assigned
mol_25377	test	assigned
mol_25378	train	assigned
mol_25379	train	sampled
mol_25380	train	assigned
mol_25381	train	assigned
mol_25382	test	assigned
mol_25383	test	assigned
mol_25384	test	sampled
mol_25385	val	assigned
mol_25386	test	sampled
mol_25387	val	assigned
mol_25388	train	sampled
mol_25389	val	assigned
mol_25390	train	assigned
mol_25391	train	assigned
mol_25392	val	assigned
mol_25393	val	assigned
mol_25394	val	assigned
mol_25395	train	assigned
mol_25396	val	assigned
mol_25397	train	assigned
mol_25398	train	assigned
mol_25399	train	assigned
mol_25400	val	assigned
mol_25401	train	assigned
mol_25402	val	sampled
mol_25403	train	sampled
mol_25404	train	assigned
mol_25405	val	assigned
mol_25406	train	sampled
mol_25407	train	assigned
mol_25408	train	assigned
mol_25409	train	assigned
mol_25410	train	assigned
mol_25411	train	assigned
mol_25412	train	sampled
mol_25413	train	sampled
mol_25414	train	sampled
mol_25415	train	assigned
mol_25416	val	assigned
mol_25417	train	assigned
mol_25418	train	sampled
mol_25419	val	assigned
mol_25420	val	assigned
mol_25421	val	assigned
mol_25422	val	sampled
mol_25423	train	assigned
mol_25424	val	sampled
mol_25425	val	assigned
mol_25426	train	assigned
mol_25427	train	sampled
mol_25428	train	assigned
mol_25429	train	sampled
mol_25430	train	sampled
mol_25431	val	assigned
mol_25432	train	sampled
mol_25433	train	assigned
mol_25434	train	assigned
mol_25435	train	assigned
mol_25436	train	assigned
mol_25437	train	sampled
mol_25438	train	assigned
mol_25439	train	assigned
mol_25440	train	assigned
mol_25441	train	sampled
mol_25442	train	assigned
mol_25443	train	sampled
mol_25444	val	assigned
mol_25445	train	assigned
mol_25446	train	assigned
mol_25447	train	assigned
mol_25448	test	assigned
mol_25449	test	assigned
mol_25450	train	assigned
mol_25451	train	assigned
mol_25452	train	assigned
mol_25453	train	assigned
mol_25454	train	sampled
mol_25455	test	sampled
mol_25456	train	assigned
mol_25457	test	assigned
mol_25458	test	assigned
mol_25459	val	assigned
mol_25460	val	assigned
mol_25461	train	assigned
mol_25462	test	assigned
mol_25463	val	assigned
mol_25464	val	assigned
mol_25465	test	assigned
mol_25466	test	sampled
mol_25467	test	assigned
mol_25468	test	sampled
mol_25469	test	sampled
mol_25470	test	assigned
mol_25471	train	assigned
mol_25472	val	assigned
mol_25473	val	assigned
mol_25474	train	assigned
mol_25475	val	assigned
mol_25476	train	assigned
mol_25477	val	assigned
mol_25478	train	sampled
mol_25479	val	assigned
mol_25480	val	assigned
mol_25481	train	assigned
mol_25482	val	sampled
mol_25483	train	sampled
mol_25484	val	assigned
mol_25485	val	assigned
mol_25486	train	assigned
mol_25487	train	assigned
mol_25488	train	assigned
mol_25489	train	sampled
mol_25490	train	assigned
mol_25491	val	assigned
mol_25492	train	assigned
mol_25493	train	assigned
mol_25494	train	assigned
mol_25495	train	assigned
mol_25496	train	assigned
mol_25497	train	sampled
mol_25498	test	assigned
mol_25499	train	sampled
mol_25500	train	assigned
mol_25501	train	sampled
mol_25502	val	assigned
mol_25503	val	assigned
mol_25504	val	sampled
mol_25505	val	sampled
mol_25506	val	assigned
mol_25507	val	assigned
mol_25508	train	sampled
mol_25509	train	assigned
mol_25510	test	assigned
mol_25511	test	assigned
mol_25512	train	assigned
mol_25513	train	sampled
mol_25514	train	assigned
mol_25515	train	assigned
mol_25516	train	sampled
mol_25517	train	assigned
mol_25518	val	assigned
mol_25519	train	assigned
mol_25520	train	assigned
mol_25521	train	assigned
mol_25522	train	assigned
mol_25523	train	assigned
mol_25524	train	sampled
mol_25525	train	assigned
mol_25526	val	assigned
mol_25527	val	assigned
mol_25528	val	assigned
mol_25529	train	assigned
mol_25530	val	assigned
mol_25531	val	sampled
mol_25532	train	assigned
mol_25533	train	assigned
mol_25534	train	assigned
mol_25535	train	sampled
mol_25536	train	assigned
mol_25537	val	assigned
mol_25538	train	assigned
mol_25539	val	sampled
mol_25540	train	assigned
mol_25541	train	sampled
mol_25542	train	assigned
mol_25543	train	assigned
mol_25544	train	assigned
mol_25545	train	assigned
mol_25546	train	assigned
mol_25547	train	assigned
mol_25548	train	assigned
mol_25549	test	assigned
mol_25550	train	sampled
mol_25551	test	assigned
mol_25552	test	assigned
mol_25553	test	assigned
mol_25554	train	assigned
mol_25555	train	assigned
mol_25556	train	assigned
mol_25557	train	assigned
mol_25558	val	assigned
mol_25559	val	assigned
mol_25560	val	assigned
mol_25561	train	assigned
mol_25562	val	assigned
mol_25563	train	assigned
mol_25564	train	assigned
mol_25565	train	assigned
mol_25566	train	assigned
mol_25567	val	assigned
mol_25568	train	assigned
mol_25569	val	assigned
mol_25570	train	assigned
mol_25571	val	assigned
mol_25572	val	sampled
mol_25573	train	sampled
mol_25574	train	assigned
mol_25575	train	sampled
mol_25576	train	assigned
mol_25577	train	assigned
mol_25578	train	assigned
mol_25579	train	assigned
mol_25580	train	assigned
mol_25581	train	assigned
mol_25582	val	assigned
mol_25583	train	assigned
mol_25584	val	assigned
mol_25585	train	assigned
mol_25586	train	sampled
mol_25587	train	assigned
mol_25588	train	sampled
mol_25589	train	sampled
mol_25590	train	assigned
mol_25591	train	sampled
mol_25592	train	assigned
mol_25593	train	assigned
mol_25594	train	assigned
mol_25595	train	assigned
mol_25596	train	assigned
mol_25597	train	assigned
mol_25598	train	sampled
mol_25599	train	assigned
mol_25600	train	assigned
mol_25601	train	assigned
mol_25602	train	assigned
mol_25603	train	sampled
mol_25604	train	assigned
mol_25605	train	assigned
mol_25606	train	sampled
mol_25607	train	assigned
mol_25608	train	sampled
mol_25609	train	sampled
mol_25610	train	assigned
mol_25611	train	assigned
mol_25612	train	assigned
mol_25613	val	assigned
mol_25614	train	assigned
mol_25615	val	sampled
mol_25616	val	assigned
mol_25617	train	sampled
mol_25618	val	assigned
mol_25619	train	assigned
mol_25620	train	assigned
mol_25621	train	assigned
mol_25622	train	assigned
mol_25623	train	assigned
mol_25624	train	sampled
mol_25625	val	assigned
mol_25626	test	assigned
mol_25627	train	assigned
mol_25628	test	assigned
mol_25629	test	assigned
mol_25630	test	sampled
mol_25631	test	assigned
mol_25632	test	assigned
mol_25633	test	assigned
mol_25634	train	assigned
mol_25635	train	assigned
mol_25636	train	assigned
mol_25637	train	sampled
mol_25638	train	sampled
mol_25639	train	assigned
mol_25640	val	assigned
mol_25641	train	sampled
mol_25642	train	assigned
mol_25643	train	assigned
mol_25644	val	assigned
mol_25645	train	sampled
mol_25646	train	assigned
mol_25647	val	sampled
mol_25648	val	assigned
mol_25649	train	sampled
mol_25650	train	assigned
mol_25651	val	assigned
mol_25652	train	assigned
mol_25653	train	assigned
mol_25654	train	assigned
mol_25655	train	assigned
mol_25656	train	assigned
mol_25657	train	assigned
mol_25658	train	assigned
mol_25659	val	assigned
mol_25660	train	assigned
mol_25661	val	sampled
mol_25662	train	assigned
mol_25663	val	assigned
mol_25664	train	assigned
mol_25665	train	sampled
mol_25666	val	assigned
mol_25667	val	assigned
mol_25668	train	assigned
mol_25669	train	assigned
mol_25670	train	sampled
mol_25671	train	assigned
mol_25672	train	assigned
mol_25673	train	assigned
mol_25674	val	assigned
mol_25675	test	assigned
mol_25676	train	assigned
mol_25677	train	assigned
mol_25678	train	sampled
mol_25679	train	sampled
mol_25680	val	assigned
mol_25681	train	assigned
mol_25682	val	assigned
mol_25683	val	assigned
mol_25684	val	sampled
mol_25685	train	assigned
mol_25686	train	assigned
mol_25687	test	sampled
mol_25688	train	sampled
mol_25689	val	assigned
mol_25690	test	assigned
mol_25691	train	sampled
mol_25692	val	assigned
mol_25693	val	assigned
mol_25694	test	assigned
mol_25695	val	sampled
mol_25696	val	assigned
mol_25697	val	assigned
mol_25698	val	sampled
mol_25699	train	sampled
mol_25700	train	sampled
mol_25701	val	assigned
mol_25702	val	assigned
mol_25703	train	assigned
mol_25704	val	assigned
mol_25705	val	assigned
mol_25706	val	sampled
mol_25707	train	assigned
mol_25708	train	assigned
mol_25709	val	assigned
mol_25710	train	assigned
mol_25711	val	assigned
mol_25712	train	assigned
mol_25713	train	assigned
mol_25714	val	assigned
mol_25715	val	sampled
mol_25716	val	sampled
mol_25717	val	assigned
mol_25718	train	assigned
mol_25719	train	assigned
mol_25720	train	sampled
mol_25721	val	assigned
mol_25722	val	sampled
mol_25723	val	assigned
mol_25724	train	assigned
mol_25725	train	sampled
mol_25726	val	assigned
mol_25727	train	assigned
mol_25728	train	assigned
mol_25729	train	sampled
mol_25730	train	assigned
mol_25731	train	assigned
mol_25732	train	sampled
mol_25733	test	assigned
mol_25734	train	assigned
mol_25735	train	assigned
mol_25736	train	sampled
mol_25737	train	assigned
mol_25738	train	assigned
mol_25739	train	assigned
mol_25740	val	assigned
mol_25741	val	assigned
mol_25742	val	assigned
mol_25743	val	assigned
mol_25744	val	assigned
mol_25745	train	assigned
mol_25746	val	assigned
mol_25747	val	sampled
mol_25748	test	assigned
mol_25749	val	assigned
mol_25750	val	assigned
mol_25751	val	sampled
mol_25752	val	assigned
mol_25753	val	sampled
mol_25754	val	sampled
mol_25755	val	assigned
mol_25756	val	assigned
mol_25757	train	assigned
mol_25758	val	assigned
mol_25759	train	assigned
mol_25760	val	assigned
mol_25761	train	assigned
mol_25762	train	assigned
mol_25763	train	assigned
mol_25764	val	assigned
mol_25765	val	assigned
mol_25766	val	assigned
mol_25767	val	assigned
mol_25768	train	assigned
mol_25769	test	assigned
mol_25770	val	sampled
mol_25771	val	assigned
mol_25772	val	assigned
mol_25773	train	assigned
mol_25774	train	assigned
mol_25775	train	assigned
mol_25776	train	sampled
mol_25777	val	sampled
mol_25778	train	sampled
mol_25779	train	assigned
mol_25780	val	assigned
mol_25781	val	sampled
mol_25782	train	assigned
mol_25783	train	assigned
mol_25784	val	sampled
mol_25785	train	assigned
mol_25786	val	assigned
mol_25787	train	assigned
mol_25788	val	assigned
mol_25789	train	sampled
mol_25790	val	assigned
mol_25791	val	assigned
mol_25792	train	assigned
mol_25793	train	sampled
mol_25794	val	assigned
mol_25795	train	sampled
mol_25796	train	assigned
mol_25797	train	assigned
mol_25798	val	sampled
mol_25799	val	assigned
mol_25800	val	sampled
mol_25801	train	assigned
mol_25802	val	assigned
mol_25803	val	assigned
mol_25804	val	sampled
mol_25805	train	assigned
mol_25806	val	sampled
mol_25807	val	assigned
mol_25808	test	sampled
mol_25809	train	assigned
mol_25810	val	assigned
mol_25811	train	assigned
mol_25812	train	assigned
mol_25813	test	assigned
mol_25814	train	assigned
mol_25815	test	assigned
mol_25816	train	assigned
mol_25817	train	assigned
mol_25818	test	assigned
mol_25819	train	assigned
mol_25820	train	assigned
mol_25821	val	assigned
mol_25822	train	assigned
mol_25823	train	assigned
mol_25824	train	assigned
mol_25825	train	assigned
mol_25826	test	assigned
mol_25827	val	assigned
mol_25828	train	assigned
mol_25829	train	assigned
mol_25830	train	assigned
mol_25831	train	assigned
mol_25832	val	assigned
mol_25833	val	assigned
mol_25834	val	assigned
mol_25835	val	assigned
mol_25836	val	sampled
mol_25837	val	sampled
mol_25838	val	assigned
mol_25839	val	assigned
mol_25840	val	assigned
mol_25841	val	sampled
mol_25842	val	assigned
mol_25843	val	assigned
mol_25844	train	assigned
mol_25845	train	assigned
mol_25846	train	assigned
mol_25847	train	assigned
mol_25848	val	assigned
mol_25849	val	assigned
mol_25850	train	assigned
mol_25851	train	assigned
mol_25852	train	assigned
mol_25853	train	assigned
mol_25854	train	assigned
mol_25855	train	assigned
mol_25856	train	assigned
mol_25857	train	assigned
mol_25858	train	sampled
mol_25859	val	sampled
mol_25860	test	assigned
mol_25861	test	assigned
mol_25862	test	sampled
mol_25863	train	sampled
mol_25864	train	assigned
mol_25865	train	assigned
mol_25866	train	sampled
mol_25867	train	sampled
mol_25868	train	assigned
mol_25869	train	sampled
mol_25870	train	assigned
mol_25871	val	assigned
mol_25872	train	assigned
mol_25873	train	assigned
mol_25874	val	assigned
mol_25875	val	sampled
mol_25876	val	assigned
mol_25877	train	assigned
mol_25878	val	assigned
mol_25879	train	assigned
mol_25880	train	assigned
mol_25881	train	assigned
mol_25882	train	sampled
mol_25883	val	assigned
mol_25884	train	assigned
mol_25885	train	assigned
mol_25886	train	sampled
mol_25887	train	assigned
mol_25888	train	sampled
mol_25889	val	assigned
mol_25890	val	assigned
mol_25891	train	assigned
mol_25892	train	assigned
mol_25893	train	assigned
mol_25894	train	assigned
mol_25895	train	sampled
mol_25896	train	sampled
mol_25897	train	sampled
mol_25898	train	sampled
mol_25899	train	sampled
mol_25900	train	sampled
mol_25901	train	assigned
mol_25902	train	assigned
mol_25903	train	assigned
mol_25904	train	assigned
mol_25905	train	assigned
mol_25906	train	assigned
mol_25907	train	assigned
mol_25908	train	assigned
mol_25909	train	assigned
mol_25910	train	assigned
mol_25911	train	assigned
mol_25912	train	assigned
mol_25913	train	sampled
mol_25914	train	sampled
mol_25915	train	sampled
mol_25916	train	assigned
mol_25917	train	assigned
mol_25918	train	sampled
mol_25919	train	assigned
mol_25920	train	assigned
mol_25921	train	assigned
mol_25922	train	sampled
mol_25923	train	assigned
mol_25924	val	assigned
mol_25925	train	sampled
mol_25926	train	sampled
mol_25927	train	assigned
mol_25928	train	assigned
mol_25929	train	assigned
mol_25930	train	assigned
mol_25931	train	assigned
mol_25932	train	sampled
mol_25933	train	assigned
mol_25934	train	assigned
mol_25935	train	sampled
mol_25936	train	assigned
mol_25937	train	sampled
mol_25938	train	assigned
mol_25939	val	assigned
mol_25940	train	assigned
mol_25941	val	sampled
mol_25942	train	sampled
mol_25943	train	assigned
mol_25944	train	sampled
mol_25945	val	assigned
mol_25946	train	sampled
mol_25947	train	assigned
mol_25948	train	assigned
mol_25949	train	assigned
mol_25950	train	assigned
mol_25951	train	assigned
mol_25952	train	assigned
mol_25953	train	assigned
mol_25954	train	assigned
mol_25955	val	assigned
mol_25956	train	assigned
mol_25957	val	assigned
mol_25958	val	assigned
mol_25959	val	sampled
mol_25960	val	sampled
mol_25961	val	assigned
mol_25962	test	assigned
mol_25963	train	assigned
mol_25964	train	assigned
mol_25965	train	assigned
mol_25966	train	assigned
mol_25967	train	sampled
mol_25968	train	assigned
mol_25969	val	assigned
mol_25970	val	sampled
mol_25971	train	sampled
mol_25972	train	assigned
mol_25973	train	assigned
mol_25974	val	assigned
mol_25975	train	assigned
mol_25976	val	assigned
mol_25977	train	assigned
mol_25978	train	assigned
mol_25979	train	sampled
mol_25980	train	assigned
mol_25981	train	assigned
mol_25982	train	assigned
mol_25983	train	assigned
mol_25984	train	assigned
mol_25985	val	assigned
mol_25986	train	assigned
mol_25987	train	sampled
mol_25988	train	assigned
mol_25989	val	assigned
mol_25990	val	assigned
mol_25991	train	assigned
mol_25992	train	sampled
mol_25993	train	assigned
mol_25994	val	assigned
mol_25995	train	assigned
mol_25996	train	sampled
mol_25997	train	assigned
mol_25998	train	sampled
mol_25999	train	assigned
mol_26000	train	assigned
mol_26001	train	sampled
mol_26002	train	sampled
mol_26003	train	sampled
mol_26004	train	sampled
mol_26005	val	assigned
mol_26006	train	assigned
mol_26007	train	assigned
mol_26008	train	assigned
mol_26009	train	sampled
mol_26010	train	sampled
mol_26011	train	assigned
mol_26012	train	assigned
mol_26013	train	assigned
mol_26014	train	assigned
mol_26015	train	assigned
mol_26016	train	assigned
mol_26017	train	assigned
mol_26018	val	assigned
mol_26019	train	assigned
mol_26020	val	assigned
mol_26021	train	assigned
mol_26022	train	assigned
mol_26023	train	assigned
mol_26024	train	assigned
mol_26025	train	assigned
mol_26026	train	assigned
mol_26027	train	assigned
mol_26028	train	assigned
mol_26029	train	assigned
mol_26030	train	assigned
mol_26031	train	assigned
mol_26032	train	assigned
mol_26033	train	sampled
mol_26034	train	assigned
mol_26035	val	assigned
mol_26036	train	assigned
mol_26037	train	sampled
mol_26038	train	assigned
mol_26039	train	assigned
mol_26040	train	assigned
mol_26041	train	assigned
mol_26042	test	sampled
mol_26043	test	sampled
mol_26044	train	assigned
mol_26045	train	sampled
mol_26046	train	sampled
mol_26047	val	assigned
mol_26048	train	assigned
mol_26049	val	assigned
mol_26050	train	assigned
mol_26051	train	sampled
mol_26052	train	assigned
mol_26053	val	assigned
mol_26054	train	assigned
mol_26055	train	assigned
mol_26056	train	assigned
mol_26057	train	assigned
mol_26058	val	assigned
mol_26059	train	assigned
mol_26060	train	sampled
mol_26061	train	sampled
mol_26062	train	assigned
mol_26063	train	assigned
mol_26064	train	sampled
mol_26065	train	sampled
mol_26066	val	assigned
mol_26067	train	assigned
mol_26068	train	sampled
mol_26069	train	assigned
mol_26070	val	sampled
mol_26071	train	assigned
mol_26072	train	sampled
mol_26073	val	assigned
mol_26074	val	assigned
mol_26075	val	assigned
mol_26076	train	assigned
mol_26077	val	assigned
mol_26078	train	sampled
mol_26079	test	assigned
mol_26080	val	assigned
mol_26081	train	assigned
mol_26082	train	sampled
mol_26083	train	assigned
mol_26084	val	assigned
mol_26085	val	sampled
mol_26086	train	assigned
mol_26087	train	assigned
mol_26088	train	assigned
mol_26089	train	assigned
mol_26090	train	assigned
mol_26091	train	assigned
mol_26092	val	assigned
mol_26093	val	sampled
mol_26094	train	assigned
mol_26095	train	sampled
mol_26096	val	assigned
mol_26097	train	assigned
mol_26098	val	assigned
mol_26099	train	assigned
mol_26100	val	assigned
mol_26101	train	sampled
mol_26102	val	assigned
mol_26103	train	sampled
mol_26104	train	sampled
mol_26105	train	assigned
mol_26106	train	assigned
mol_26107	train	assigned
mol_26108	train	assigned
mol_26109	train	assigned
mol_26110	val	sampled
mol_26111	val	assigned
mol_26112	train	sampled
mol_26113	train	assigned
mol_26114	train	assigned
mol_26115	train	assigned
mol_26116	train	assigned
mol_26117	val	sampled
mol_26118	val	assigned
mol_26119	train	assigned
mol_26120	val	assigned
mol_26121	val	assigned
mol_26122	train	assigned
mol_26123	val	assigned
mol_26124	val	assigned
mol_26125	val	sampled
mol_26126	train	assigned
mol_26127	train	assigned
mol_26128	train	assigned
mol_26129	test	assigned
mol_26130	train	sampled
mol_26131	train	assigned
mol_26132	train	assigned
mol_26133	train	assigned
mol_26134	val	sampled
mol_26135	train	assigned
mol_26136	train	assigned
mol_26137	train	sampled
mol_26138	train	assigned
mol_26139	train	sampled
mol_26140	train	assigned
mol_26141	test	assigned
mol_26142	train	sampled
mol_26143	test	assigned
mol_26144	train	assigned
mol_26145	train	assigned
mol_26146	train	assigned
mol_26147	train	assigned
mol_26148	train	assigned
mol_26149	train	assigned
mol_26150	train	assigned
mol_26151	train	assigned
mol_26152	val	assigned
mol_26153	train	sampled
mol_26154	val	sampled
mol_26155	val	assigned
mol_26156	val	assigned
mol_26157	train	assigned
mol_26158	train	assigned
mol_26159	train	sampled
mol_26160	train	assigned
mol_26161	train	sampled
mol_26162	train	assigned
mol_26163	train	assigned
mol_26164	train	assigned
mol_26165	train	sampled
mol_26166	val	assigned
mol_26167	train	assigned
mol_26168	train	sampled
mol_26169	val	assigned
mol_26170	train	assigned
mol_26171	train	assigned
mol_26172	train	assigned
mol_26173	train	assigned
mol_26174	train	assigned
mol_26175	val	assigned
mol_26176	train	assigned
mol_26177	train	assigned
mol_26178	train	assigned
mol_26179	train	assigned
mol_26180	train	assigned
mol_26181	val	assigned
mol_26182	train	sampled
mol_26183	test	assigned
mol_26184	test	assigned
mol_26185	test	assigned
mol_26186	test	sampled
mol_26187	val	sampled
mol_26188	val	assigned
mol_26189	train	assigned
mol_26190	val	assigned
mol_26191	val	assigned
mol_26192	val	assigned
mol_26193	train	assigned
mol_26194	val	assigned
mol_26195	val	assigned
mol_26196	test	assigned
mol_26197	test	assigned
mol_26198	test	assigned
mol_26199	train	assigned
mol_26200	train	assigned
mol_26201	train	assigned
mol_26202	train	sampled
mol_26203	train	assigned
mol_26204	train	sampled
mol_26205	test	assigned
mol_26206	train	assigned
mol_26207	train	assigned
mol_26208	train	sampled
mol_26209	train	sampled
mol_26210	train	sampled
mol_26211	val	assigned
mol_26212	train	assigned
mol_26213	train	assigned
mol_26214	train	assigned
mol_26215	train	assigned
mol_26216	train	assigned
mol_26217	train	assigned
mol_26218	train	sampled
mol_26219	train	assigned
mol_26220	val	assigned
mol_26221	train	sampled
mol_26222	train	sampled
mol_26223	val	assigned
mol_26224	train	assigned
mol_26225	train	assigned
mol_26226	val	assigned
mol_26227	train	sampled
mol_26228	val	sampled
mol_26229	val	assigned
mol_26230	train	assigned
mol_26231	val	sampled
mol_26232	train	assigned
mol_26233	train	assigned
mol_26234	train	sampled
mol_26235	train	assigned
mol_26236	train	assigned
mol_26237	train	assigned
mol_26238	train	sampled
mol_26239	train	sampled
mol_26240	train	sampled
mol_26241	train	assigned
mol_26242	train	sampled
mol_26243	train	assigned
mol_26244	train	assigned
mol_26245	train	assigned
mol_26246	train	assigned
mol_26247	train	sampled
mol_26248	val	assigned
mol_26249	train	assigned
mol_26250	train	assigned
mol_26251	train	assigned
mol_26252	train	assigned
mol_26253	train	assigned
mol_26254	val	assigned
mol_26255	train	sampled
mol_26256	train	assigned
mol_26257	train	sampled
mol_26258	val	assigned
mol_26259	train	sampled
mol_26260	train	assigned
mol_26261	val	sampled
mol_26262	train	assigned
mol_26263	val	assigned
mol_26264	train	sampled
mol_26265	train	assigned
mol_26266	train	assigned
mol_26267	val	assigned
mol_26268	train	assigned
mol_26269	train	assigned
mol_26270	train	assigned
mol_26271	train	sampled
mol_26272	train	assigned
mol_26273	train	sampled
mol_26274	train	sampled
mol_26275	train	assigned
mol_26276	test	sampled
mol_26277	test	assigned
mol_26278	train	sampled
mol_26279	train	assigned
mol_26280	val	assigned
mol_26281	val	assigned
mol_26282	val	assigned
mol_26283	val	sampled
mol_26284	val	assigned
mol_26285	val	sampled
mol_26286	val	sampled
mol_26287	train	assigned
mol_26288	train	sampled
mol_26289	train	assigned
mol_26290	train	sampled
mol_26291	train	assigned
mol_26292	train	assigned
mol_26293	train	assigned
mol_26294	train	sampled
mol_26295	val	assigned
mol_26296	val	sampled
mol_26297	val	sampled
mol_26298	val	assigned
mol_26299	train	assigned
mol_26300	train	sampled
mol_26301	train	sampled
mol_26302	val	assigned
mol_26303	train	assigned
mol_26304	val	assigned
mol_26305	train	assigned
mol_26306	val	assigned
mol_26307	val	assigned
mol_26308	train	assigned
mol_26309	val	assigned
mol_26310	val	assigned
mol_26311	val	assigned
mol_26312	val	assigned
mol_26313	val	assigned
mol_26314	val	assigned
mol_26315	val	assigned
mol_26316	train	sampled
mol_26317	train	assigned
mol_26318	val	assigned
mol_26319	train	sampled
mol_26320	train	sampled
mol_26321	val	sampled
mol_26322	train	sampled
mol_26323	train	assigned
mol_26324	train	assigned
mol_26325	val	assigned
mol_26326	test	sampled
mol_26327	test	assigned
mol_26328	test	assigned
mol_26329	test	assigned
mol_26330	val	assigned
mol_26331	train	assigned
mol_26332	test	assigned
mol_26333	test	assigned
mol_26334	test	assigned
mol_26335	train	assigned
mol_26336	train	assigned
mol_26337	val	assigned
mol_26338	val	assigned
mol_26339	train	sampled
mol_26340	train	sampled
mol_26341	train	assigned
mol_26342	train	assigned
mol_26343	train	assigned
mol_26344	train	sampled
mol_26345	train	assigned
mol_26346	train	sampled
mol_26347	train	assigned
mol_26348	train	assigned
mol_26349	train	assigned
mol_26350	test	assigned
mol_26351	test	assigned
mol_26352	val	assigned
mol_26353	train	assigned
mol_26354	train	sampled
mol_26355	test	assigned
mol_26356	val	sampled
mol_26357	val	sampled
mol_26358	test	sampled
mol_26359	test	assigned
mol_26360	train	sampled
mol_26361	train	assigned
mol_26362	train	assigned
mol_26363	val	assigned
mol_26364	train	sampled
mol_26365	train	assigned
mol_26366	train	sampled
mol_26367	train	assigned
mol_26368	train	assigned
mol_26369	train	assigned
mol_26370	test	assigned
mol_26371	test	assigned
mol_26372	test	assigned
mol_26373	test	sampled
mol_26374	test	assigned
mol_26375	val	assigned
mol_26376	val	assigned
mol_26377	train	sampled
mol_26378	val	assigned
mol_26379	train	sampled
mol_26380	train	assigned
mol_26381	train	assigned
mol_26382	train	assigned
mol_26383	train	sampled
mol_26384	train	assigned
mol_26385	train	assigned
mol_26386	train	assigned
mol_26387	val	assigned
mol_26388	val	sampled
mol_26389	train	sampled
mol_26390	train	assigned
mol_26391	train	assigned
mol_26392	train	assigned
mol_26393	train	assigned
mol_26394	train	assigned
mol_26395	train	sampled
mol_26396	train	sampled
mol_26397	train	assigned
mol_26398	train	assigned
mol_26399	train	assigned
mol_26400	train	assigned
mol_26401	train	assigned
mol_26402	train	sampled
mol_26403	val	assigned
mol_26404	train	assigned
mol_26405	train	assigned
mol_26406	train	sampled
mol_26407	val	assigned
mol_26408	test	sampled
mol_26409	train	assigned
mol_26410	train	assigned
mol_26411	train	assigned
mol_26412	train	assigned
mol_26413	train	sampled
mol_26414	train	assigned
mol_26415	train	assigned
mol_26416	train	assigned
mol_26417	train	assigned
mol_26418	train	assigned
mol_26419	train	sampled
mol_26420	train	assigned
mol_26421	train	assigned
mol_26422	train	assigned
mol_26423	train	assigned
mol_26424	train	assigned
mol_26425	test	assigned
mol_26426	test	assigned
mol_26427	test	assigned
mol_26428	train	sampled
mol_26429	train	assigned
mol_26430	train	sampled
mol_26431	train	assigned
mol_26432	train	assigned
mol_26433	train	assigned
mol_26434	train	assigned
mol_26435	train	assigned
mol_26436	train	sampled
mol_26437	train	assigned
mol_26438	train	sampled
mol_26439	train	sampled
mol_26440	test	assigned
mol_26441	test	sampled
mol_26442	test	assigned
mol_26443	test	sampled
mol_26444	train	sampled
mol_26445	train	sampled
mol_26446	train	assigned
mol_26447	train	assigned
mol_26448	train	sampled
mol_26449	train	assigned
mol_26450	train	assigned
mol_26451	train	assigned
mol_26452	train	assigned
mol_26453	train	sampled
mol_26454	train	sampled
mol_26455	train	assigned
mol_26456	train	sampled
mol_26457	train	assigned
mol_26458	train	assigned
mol_26459	train	sampled
mol_26460	train	assigned
mol_26461	train	sampled
mol_26462	train	assigned
mol_26463	train	assigned
mol_26464	train	sampled
mol_26465	train	assigned
mol_26466	train	sampled
mol_26467	train	assigned
mol_26468	train	sampled
mol_26469	train	assigned
mol_26470	val	assigned
mol_26471	val	assigned
mol_26472	train	assigned
mol_26473	train	assigned
mol_26474	test	sampled
mol_26475	test	assigned
mol_26476	test	assigned
mol_26477	train	sampled
mol_26478	train	assigned
mol_26479	train	assigned
mol_26480	train	assigned
mol_26481	val	sampled
mol_26482	train	assigned
mol_26483	train	assigned
mol_26484	train	assigned
mol_26485	train	assigned
mol_26486	train	assigned
mol_26487	train	assigned
mol_26488	train	assigned
mol_26489	train	assigned
mol_26490	train	assigned
mol_26491	train	assigned
mol_26492	train	assigned
mol_26493	train	sampled
mol_26494	train	sampled
mol_26495	train	assigned
mol_26496	train	assigned
mol_26497	train	assigned
mol_26498	train	assigned
mol_26499	train	assigned
mol_26500	train	assigned
mol_26501	train	assigned
mol_26502	train	assigned
mol_26503	train	assigned
mol_26504	train	sampled
mol_26505	train	assigned
mol_26506	train	assigned
mol_26507	train	assigned
mol_26508	train	assigned
mol_26509	train	sampled
mol_26510	train	assigned
mol_26511	train	assigned
mol_26512	train	assigned
mol_26513	train	assigned
mol_26514	train	assigned
mol_26515	train	assigned
mol_26516	train	assigned
mol_26517	train	assigned
mol_26518	train	assigned
mol_26519	train	assigned
mol_26520	train	assigned
mol_26521	train	assigned
mol_26522	train	sampled
mol_26523	train	assigned
mol_26524	train	assigned
mol_26525	train	sampled
mol_26526	test	assigned
mol_26527	test	assigned
mol_26528	test	assigned
mol_26529	val	sampled
mol_26530	train	assigned
mol_26531	train	assigned
mol_26532	train	assigned
mol_26533	train	sampled
mol_26534	train	assigned
mol_26535	train	assigned
mol_26536	train	assigned
mol_26537	train	sampled
mol_26538	train	assigned
mol_26539	train	assigned
mol_26540	train	sampled
mol_26541	val	assigned
mol_26542	train	assigned
mol_26543	test	assigned
mol_26544	test	assigned
mol_26545	train	assigned
mol_26546	train	sampled
mol_26547	train	sampled
mol_26548	train	assigned
mol_26549	train	assigned
mol_26550	train	sampled
mol_26551	train	assigned
mol_26552	train	sampled
mol_26553	train	assigned
mol_26554	train	assigned
mol_26555	train	assigned
mol_26556	train	assigned
mol_26557	train	assigned
mol_26558	train	assigned
mol_26559	train	sampled
mol_26560	train	assigned
mol_26561	train	assigned
mol_26562	val	assigned
mol_26563	train	assigned
mol_26564	train	assigned
mol_26565	train	sampled
mol_26566	train	assigned
mol_26567	train	assigned
mol_26568	train	assigned
mol_26569	train	assigned
mol_26570	val	assigned
mol_26571	test	sampled
mol_26572	test	assigned
mol_26573	val	assigned
mol_26574	test	assigned
mol_26575	train	sampled
mol_26576	train	assigned
mol_26577	train	assigned
mol_26578	train	sampled
mol_26579	train	assigned
mol_26580	train	assigned
mol_26581	train	assigned
mol_26582	train	assigned
mol_26583	train	sampled
mol_26584	train	assigned
mol_26585	train	sampled
mol_26586	train	assigned
mol_26587	train	assigned
mol_26588	train	assigned
mol_26589	train	assigned
mol_26590	train	assigned
mol_26591	test	assigned
mol_26592	train	assigned
mol_26593	train	sampled
mol_26594	train	assigned
mol_26595	train	sampled
mol_26596	train	assigned
mol_26597	train	assigned
mol_26598	train	assigned
mol_26599	train	assigned
mol_26600	train	assigned
mol_26601	train	assigned
mol_26602	test	assigned
mol_26603	test	sampled
mol_26604	test	assigned
mol_26605	test	assigned
mol_26606	test	assigned
mol_26607	test	sampled
mol_26608	test	assigned
mol_26609	test	assigned
mol_26610	test	assigned
mol_26611	test	assigned
mol_26612	val	assigned
mol_26613	train	assigned
mol_26614	train	assigned
mol_26615	train	assigned
mol_26616	train	assigned
mol_26617	train	assigned
mol_26618	train	sampled
mol_26619	train	assigned
mol_26620	train	sampled
mol_26621	train	assigned
mol_26622	val	assigned
mol_26623	train	assigned
mol_26624	train	assigned
mol_26625	val	assigned
mol_26626	val	assigned
mol_26627	val	assigned
mol_26628	val	assigned
mol_26629	train	sampled
mol_26630	train	assigned
mol_26631	test	assigned
mol_26632	train	sampled
mol_26633	val	sampled
mol_26634	train	sampled
mol_26635	val	assigned
mol_26636	train	assigned
mol_26637	train	assigned
mol_26638	val	sampled
mol_26639	train	assigned
mol_26640	train	assigned
mol_26641	test	assigned
mol_26642	train	assigned
mol_26643	val	assigned
mol_26644	val	assigned
mol_26645	train	assigned
mol_26646	train	assigned
mol_26647	train	assigned
mol_26648	train	assigned
mol_26649	train	assigned
mol_26650	train	assigned
mol_26651	train	assigned
mol_26652	val	assigned
mol_26653	train	assigned
mol_26654	train	assigned
mol_26655	train	assigned
mol_26656	test	assigned
mol_26657	train	assigned
mol_26658	test	sampled
mol_26659	test	sampled
mol_26660	test	assigned
mol_26661	train	assigned
mol_26662	val	assigned
mol_26663	train	sampled
mol_26664	train	sampled
mol_26665	train	assigned
mol_26666	train	assigned
mol_26667	train	assigned
mol_26668	train	sampled
mol_26669	train	assigned
mol_26670	train	sampled
mol_26671	train	assigned
mol_26672	val	assigned
mol_26673	train	assigned
mol_26674	train	assigned
mol_26675	train	assigned
mol_26676	train	assigned
mol_26677	train	assigned
mol_26678	train	sampled
mol_26679	train	assigned
mol_26680	train	sampled
mol_26681	train	assigned
mol_26682	train	assigned
mol_26683	train	sampled
mol_26684	train	sampled
mol_26685	train	assigned
mol_26686	test	assigned
mol_26687	train	assigned
mol_26688	val	assigned
mol_26689	train	assigned
mol_26690	train	assigned
mol_26691	train	assigned
mol_26692	train	assigned
mol_26693	train	assigned
mol_26694	train	sampled
mol_26695	train	assigned
mol_26696	train	sampled
mol_26697	train	assigned
mol_26698	train	assigned
mol_26699	train	assigned
mol_26700	train	sampled
mol_26701	train	assigned
mol_26702	train	sampled
mol_26703	train	assigned
mol_26704	train	assigned
mol_26705	train	assigned
mol_26706	train	assigned
mol_26707	train	assigned
mol_26708	train	assigned
mol_26709	train	assigned
mol_26710	train	assigned
mol_26711	train	assigned
mol_26712	val	sampled
mol_26713	train	assigned
mol_26714	val	assigned
mol_26715	train	assigned
mol_26716	train	sampled
mol_26717	train	sampled
mol_26718	train	assigned
mol_26719	train	assigned
mol_26720	train	assigned
mol_26721	train	assigned
mol_26722	train	sampled
mol_26723	train	assigned
mol_26724	train	assigned
mol_26725	test	sampled
mol_26726	test	sampled
mol_26727	test	assigned
mol_26728	test	assigned
mol_26729	train	assigned
mol_26730	train	assigned
mol_26731	train	sampled
mol_26732	val	assigned
mol_26733	train	assigned
mol_26734	val	assigned
mol_26735	test	assigned
mol_26736	val	assigned
mol_26737	train	assigned
mol_26738	val	assigned
mol_26739	train	assigned
mol_26740	train	sampled
mol_26741	train	sampled
mol_26742	train	assigned
mol_26743	val	assigned
mol_26744	val	sampled
mol_26745	val	assigned
mol_26746	train	assigned
mol_26747	train	sampled
mol_26748	train	assigned
mol_26749	train	sampled
mol_26750	val	assigned
mol_26751	train	assigned
mol_26752	val	assigned
mol_26753	val	assigned
mol_26754	train	assigned
mol_26755	train	assigned
mol_26756	train	assigned
mol_26757	train	assigned
mol_26758	train	assigned
mol_26759	train	assigned
mol_26760	train	sampled
mol_26761	train	assigned
mol_26762	train	assigned
mol_26763	train	assigned
mol_26764	train	assigned
mol_26765	train	sampled
mol_26766	train	sampled
mol_26767	train	sampled
mol_26768	train	sampled
mol_26769	train	sampled
mol_26770	train	assigned
mol_26771	val	assigned
mol_26772	val	assigned
mol_26773	val	assigned
mol_26774	val	assigned
mol_26775	val	sampled
mol_26776	train	sampled
mol_26777	train	assigned
mol_26778	train	sampled
mol_26779	train	sampled
mol_26780	train	assigned
mol_26781	train	sampled
mol_26782	train	assigned
mol_26783	test	assigned
mol_26784	test	assigned
mol_26785	train	assigned
mol_26786	train	sampled
mol_26787	train	sampled
mol_26788	train	assigned
mol_26789	train	assigned
mol_26790	train	assigned
mol_26791	test	assigned
mol_26792	test	assigned
mol_26793	train	assigned
mol_26794	val	assigned
mol_26795	val	assigned
mol_26796	train	assigned
mol_26797	train	assigned
mol_26798	train	assigned
mol_26799	train	assigned
mol_26800	train	sampled
mol_26801	train	assigned
mol_26802	train	assigned
mol_26803	train	assigned
mol_26804	train	sampled
mol_26805	val	assigned
mol_26806	train	assigned
mol_26807	train	sampled
mol_26808	train	assigned
mol_26809	train	sampled
mol_26810	train	assigned
mol_26811	train	assigned
mol_26812	train	sampled
mol_26813	train	assigned
mol_26814	train	assigned
mol_26815	train	assigned
mol_26816	train	assigned
mol_26817	train	assigned
mol_26818	train	sampled
mol_26819	train	assigned
mol_26820	train	assigned
mol_26821	train	sampled
mol_26822	val	sampled
mol_26823	train	sampled
mol_26824	test	assigned
mol_26825	test	assigned
mol_26826	val	assigned
mol_26827	train	sampled
mol_26828	test	sampled
mol_26829	val	assigned
mol_26830	val	assigned
mol_26831	val	assigned
mol_26832	train	assigned
mol_26833	val	assigned
mol_26834	train	sampled
mol_26835	val	sampled
mol_26836	train	assigned
mol_26837	train	sampled
mol_26838	train	assigned
mol_26839	train	assigned
mol_26840	train	assigned
mol_26841	train	assigned
mol_26842	train	assigned
mol_26843	train	assigned
mol_26844	train	assigned
mol_26845	train	assigned
mol_26846	train	assigned
mol_26847	train	assigned
mol_26848	train	assigned
mol_26849	train	assigned
mol_26850	train	sampled
mol_26851	train	assigned
mol_26852	train	sampled
mol_26853	train	assigned
mol_26854	train	assigned
mol_26855	train	assigned
mol_26856	train	assigned
mol_26857	train	sampled
mol_26858	train	sampled
mol_26859	test	sampled
mol_26860	train	assigned
mol_26861	train	assigned
mol_26862	train	assigned
mol_26863	train	sampled
mol_26864	train	assigned
mol_26865	train	assigned
mol_26866	train	assigned
mol_26867	train	assigned
mol_26868	val	assigned
mol_26869	val	assigned
mol_26870	train	assigned
mol_26871	val	assigned
mol_26872	train	assigned
mol_26873	train	assigned
mol_26874	train	assigned
mol_26875	train	sampled
mol_26876	train	assigned
mol_26877	train	sampled
mol_26878	train	sampled
mol_26879	train	assigned
mol_26880	train	assigned
mol_26881	train	sampled
mol_26882	val	assigned
mol_26883	train	assigned
mol_26884	train	assigned
mol_26885	train	assigned
mol_26886	train	assigned
mol_26887	train	assigned
mol_26888	train	assigned
mol_26889	train	sampled
mol_26890	train	sampled
mol_26891	val	sampled
mol_26892	val	assigned
mol_26893	train	assigned
mol_26894	val	sampled
mol_26895	train	assigned
mol_26896	val	assigned
mol_26897	val	assigned
mol_26898	test	assigned
mol_26899	val	assigned
mol_26900	val	assigned
mol_26901	train	sampled
mol_26902	val	assigned
mol_26903	val	assigned
mol_26904	train	sampled
mol_26905	train	assigned
mol_26906	val	sampled
mol_26907	train	sampled
mol_26908	val	assigned
mol_26909	train	assigned
mol_26910	train	assigned
mol_26911	val	assigned
mol_26912	train	assigned
mol_26913	val	assigned
mol_26914	val	assigned
mol_26915	val	assigned
mol_26916	val	assigned
mol_26917	val	assigned
mol_26918	train	assigned
mol_26919	train	sampled
mol_26920	train	assigned
mol_26921	train	assigned
mol_26922	train	assigned
mol_26923	train	assigned
mol_26924	train	assigned
mol_26925	train	assigned
mol_26926	train	assigned
mol_26927	train	sampled
mol_26928	train	assigned
mol_26929	test	assigned
mol_26930	test	assigned
mol_26931	train	assigned
mol_26932	test	assigned
mol_26933	train	assigned
mol_26934	train	assigned
mol_26935	train	assigned
mol_26936	test	sampled
mol_26937	test	assigned
mol_26938	train	assigned
mol_26939	train	sampled
mol_26940	test	assigned
mol_26941	val	sampled
mol_26942	train	sampled
mol_26943	val	assigned
mol_26944	val	sampled
mol_26945	train	sampled
mol_26946	val	assigned
mol_26947	train	sampled
mol_26948	val	sampled
mol_26949	val	assigned
mol_26950	val	assigned
mol_26951	val	assigned
mol_26952	val	assigned
mol_26953	val	sampled
mol_26954	train	sampled
mol_26955	train	assigned
mol_26956	train	assigned
mol_26957	train	assigned
mol_26958	train	assigned
mol_26959	train	sampled
mol_26960	train	sampled
mol_26961	test	assigned
mol_26962	val	assigned
mol_26963	val	sampled
mol_26964	train	assigned
mol_26965	train	sampled
mol_26966	train	assigned
mol_26967	train	sampled
mol_26968	train	sampled
mol_26969	train	sampled
mol_26970	train	assigned
mol_26971	val	assigned
mol_26972	test	assigned
mol_26973	test	assigned
mol_26974	test	assigned
mol_26975	test	assigned
mol_26976	test	assigned
mol_26977	val	assigned
mol_26978	test	assigned
mol_26979	train	sampled
mol_26980	train	sampled
mol_26981	train	sampled
mol_26982	train	assigned
mol_26983	train	assigned
mol_26984	train	assigned
mol_26985	train	assigned
mol_26986	train	assigned
mol_26987	train	assigned
mol_26988	train	assigned
mol_26989	train	assigned
mol_26990	train	assigned
mol_26991	val	assigned
mol_26992	val	assigned
mol_26993	train	assigned
mol_26994	train	assigned
mol_26995	train	sampled
mol_26996	val	assigned
mol_26997	test	assigned
mol_26998	train	sampled
mol_26999	val	assigned
mol_27000	train	assigned
mol_27001	val	assigned
mol_27002	train	assigned
mol_27003	train	sampled
mol_27004	train	assigned
mol_27005	train	assigned
mol_27006	val	assigned
mol_27007	train	assigned
mol_27008	val	assigned
mol_27009	val	assigned
mol_27010	val	assigned
mol_27011	train	sampled
mol_27012	train	assigned
mol_27013	test	sampled
mol_27014	train	assigned
mol_27015	train	assigned
mol_27016	test	assigned
mol_27017	train	assigned
mol_27018	train	assigned
mol_27019	train	sampled
mol_27020	train	assigned
mol_27021	test	sampled
mol_27022	test	sampled
mol_27023	test	sampled
mol_27024	val	assigned
mol_27025	test	assigned
mol_27026	test	sampled
mol_27027	val	assigned
mol_27028	train	assigned
mol_27029	train	assigned
mol_27030	train	sampled
mol_27031	train	assigned
mol_27032	val	assigned
mol_27033	train	sampled
mol_27034	train	assigned
mol_27035	train	assigned
mol_27036	train	sampled
mol_27037	test	assigned
mol_27038	train	assigned
mol_27039	train	assigned
mol_27040	train	assigned
mol_27041	train	sampled
mol_27042	test	assigned
mol_27043	train	assigned
mol_27044	train	assigned
mol_27045	train	assigned
mol_27046	test	sampled
mol_27047	test	assigned
mol_27048	train	assigned
mol_27049	train	sampled
mol_27050	train	assigned
mol_27051	val	assigned
mol_27052	train	assigned
mol_27053	val	assigned
mol_27054	test	assigned
mol_27055	val	assigned
mol_27056	train	assigned
mol_27057	train	assigned
mol_27058	train	assigned
mol_27059	val	assigned
mol_27060	train	assigned
mol_27061	train	sampled
mol_27062	train	assigned
mol_27063	train	assigned
mol_27064	train	assigned
mol_27065	test	assigned
mol_27066	train	assigned
mol_27067	train	assigned
mol_27068	train	assigned
mol_27069	train	assigned
mol_27070	train	sampled
mol_27071	train	assigned
mol_27072	train	sampled
mol_27073	train	assigned
mol_27074	train	assigned
mol_27075	train	assigned
mol_27076	train	assigned
mol_27077	train	sampled
mol_27078	train	sampled
mol_27079	train	assigned
mol_27080	train	assigned
mol_27081	train	assigned
mol_27082	train	assigned
mol_27083	train	assigned
mol_27084	train	assigned
mol_27085	test	assigned
mol_27086	test	assigned
mol_27087	val	assigned
mol_27088	train	assigned
mol_27089	train	assigned
mol_27090	val	assigned
mol_27091	train	sampled
mol_27092	train	assigned
mol_27093	train	assigned
mol_27094	train	assigned
mol_27095	train	assigned
mol_27096	train	assigned
mol_27097	train	sampled
mol_27098	train	assigned
mol_27099	train	assigned
mol_27100	train	assigned
mol_27101	train	assigned
mol_27102	train	sampled
mol_27103	train	assigned
mol_27104	train	sampled
mol_27105	train	assigned
mol_27106	train	assigned
mol_27107	train	assigned
mol_27108	train	assigned
mol_27109	train	assigned
mol_27110	train	assigned
mol_27111	train	assigned
mol_27112	train	assigned
mol_27113	train	sampled
mol_27114	train	assigned
mol_27115	train	assigned
mol_27116	train	assigned
mol_27117	train	assigned
mol_27118	train	sampled
mol_27119	train	assigned
mol_27120	train	assigned
mol_27121	val	sampled
mol_27122	train	assigned
mol_27123	val	assigned
mol_27124	train	sampled
mol_27125	train	assigned
mol_27126	test	assigned
mol_27127	train	assigned
mol_27128	val	assigned
mol_27129	train	sampled
mol_27130	val	assigned
mol_27131	val	assigned
mol_27132	val	assigned
mol_27133	val	sampled
mol_27134	val	sampled
mol_27135	train	assigned
mol_27136	train	assigned
mol_27137	train	sampled
mol_27138	train	sampled
mol_27139	train	assigned
mol_27140	val	assigned
mol_27141	train	sampled
mol_27142	train	assigned
mol_27143	train	assigned
mol_27144	train	assigned
mol_27145	val	assigned
mol_27146	train	assigned
mol_27147	train	sampled
mol_27148	train	assigned
mol_27149	train	assigned
mol_27150	train	assigned
mol_27151	train	assigned
mol_27152	train	assigned
mol_27153	train	assigned
mol_27154	train	assigned
mol_27155	test	assigned
mol_27156	test	sampled
mol_27157	test	assigned
mol_27158	train	sampled
mol_27159	train	assigned
mol_27160	train	assigned
mol_27161	train	sampled
mol_27162	train	assigned
mol_27163	train	sampled
mol_27164	train	sampled
mol_27165	train	assigned
mol_27166	train	sampled
mol_27167	train	assigned
mol_27168	val	assigned
mol_27169	val	assigned
mol_27170	val	sampled
mol_27171	train	sampled
mol_27172	val	assigned
mol_27173	val	assigned
mol_27174	train	assigned
mol_27175	train	sampled
mol_27176	train	assigned
mol_27177	train	assigned
mol_27178	train	assigned
mol_27179	train	assigned
mol_27180	val	assigned
mol_27181	train	assigned
mol_27182	val	assigned
mol_27183	train	sampled
mol_27184	val	assigned
mol_27185	test	assigned
mol_27186	test	assigned
mol_27187	val	sampled
mol_27188	val	sampled
mol_27189	val	assigned
mol_27190	val	sampled
mol_27191	train	sampled
mol_27192	val	assigned
mol_27193	val	assigned
mol_27194	train	assigned
mol_27195	train	assigned
mol_27196	val	assigned
mol_27197	train	assigned
mol_27198	test	assigned
mol_27199	test	sampled
mol_27200	train	assigned
mol_27201	train	assigned
mol_27202	val	assigned
mol_27203	train	assigned
mol_27204	train	assigned
mol_27205	test	assigned
mol_27206	test	assigned
mol_27207	train	assigned
mol_27208	train	assigned
mol_27209	train	assigned
mol_27210	train	sampled
mol_27211	train	assigned
mol_27212	train	assigned
mol_27213	train	assigned
mol_27214	train	sampled
mol_27215	train	assigned
mol_27216	train	assigned
mol_27217	val	assigned
mol_27218	train	assigned
mol_27219	train	assigned
mol_27220	train	sampled
mol_27221	train	sampled
mol_27222	val	assigned
mol_27223	val	assigned
mol_27224	train	sampled
mol_27225	test	sampled
mol_27226	test	assigned
mol_27227	train	assigned
mol_27228	test	assigned
mol_27229	train	assigned
mol_27230	train	assigned
mol_27231	train	sampled
mol_27232	test	assigned
mol_27233	val	assigned
mol_27234	val	assigned
mol_27235	train	sampled
mol_27236	train	assigned
mol_27237	train	assigned
mol_27238	val	assigned
mol_27239	val	assigned
mol_27240	train	assigned
mol_27241	test	assigned
mol_27242	train	assigned
mol_27243	val	assigned
mol_27244	train	assigned
mol_27245	val	assigned
mol_27246	val	sampled
mol_27247	test	assigned
mol_27248	train	sampled
mol_27249	train	assigned
mol_27250	val	assigned
mol_27251	val	assigned
mol_27252	val	assigned
mol_27253	val	assigned
mol_27254	val	sampled
mol_27255	val	assigned
mol_27256	train	sampled
mol_27257	train	assigned
mol_27258	val	assigned
mol_27259	val	assigned
mol_27260	val	sampled
mol_27261	train	assigned
mol_27262	val	assigned
mol_27263	val	assigned
mol_27264	train	assigned
mol_27265	train	sampled
mol_27266	train	assigned
mol_27267	test	assigned
mol_27268	train	assigned
mol_27269	train	sampled
mol_27270	val	assigned
mol_27271	val	assigned
mol_27272	train	assigned
mol_27273	train	assigned
mol_27274	train	sampled
mol_27275	train	assigned
mol_27276	val	assigned
mol_27277	train	sampled
mol_27278	train	assigned
mol_27279	train	sampled
mol_27280	train	assigned
mol_27281	val	assigned
mol_27282	train	sampled
mol_27283	train	assigned
mol_27284	train	assigned
mol_27285	train	assigned
mol_27286	val	assigned
mol_27287	train	assigned
mol_27288	train	assigned
mol_27289	train	assigned
mol_27290	train	sampled
mol_27291	train	assigned
mol_27292	train	sampled
mol_27293	train	sampled
mol_27294	train	sampled
mol_27295	train	assigned
mol_27296	train	assigned
mol_27297	train	sampled
mol_27298	val	assigned
mol_27299	val	sampled
mol_27300	val	sampled
mol_27301	val	assigned
mol_27302	val	assigned
mol_27303	val	assigned
mol_27304	val	assigned
mol_27305	test	assigned
mol_27306	test	assigned
mol_27307	val	assigned
mol_27308	train	assigned
mol_27309	train	assigned
mol_27310	train	assigned
mol_27311	train	assigned
mol_27312	val	assigned
mol_27313	val	assigned
mol_27314	train	assigned
mol_27315	val	assigned
mol_27316	train	sampled
mol_27317	train	assigned
mol_27318	val	assigned
mol_27319	val	sampled
mol_27320	val	assigned
mol_27321	val	assigned
mol_27322	val	assigned
mol_27323	train	assigned
mol_27324	val	assigned
mol_27325	val	assigned
mol_27326	train	assigned
mol_27327	train	assigned
mol_27328	test	assigned
mol_27329	train	assigned
mol_27330	train	sampled
mol_27331	val	assigned
mol_27332	train	assigned
mol_27333	val	assigned
mol_27334	test	assigned
mol_27335	test	assigned
mol_27336	train	assigned
mol_27337	val	sampled
mol_27338	train	assigned
mol_27339	train	sampled
mol_27340	train	assigned
mol_27341	train	assigned
mol_27342	val	assigned
mol_27343	train	assigned
mol_27344	train	assigned
mol_27345	train	assigned
mol_27346	val	sampled
mol_27347	train	sampled
mol_27348	train	assigned
mol_27349	train	sampled
mol_27350	train	assigned
mol_27351	val	sampled
mol_27352	train	assigned
mol_27353	train	assigned
mol_27354	test	assigned
mol_27355	val	assigned
mol_27356	val	assigned
mol_27357	train	sampled
mol_27358	train	assigned
mol_27359	train	sampled
mol_27360	val	assigned
mol_27361	train	sampled
mol_27362	val	sampled
mol_27363	val	sampled
mol_27364	val	assigned
mol_27365	val	sampled
mol_27366	val	sampled
mol_27367	val	assigned
mol_27368	val	assigned
mol_27369	train	assigned
mol_27370	val	assigned
mol_27371	val	assigned
mol_27372	train	assigned
mol_27373	val	assigned
mol_27374	train	assigned
mol_27375	val	assigned
mol_27376	val	assigned
mol_27377	train	sampled
mol_27378	train	assigned
mol_27379	val	assigned
mol_27380	val	sampled
mol_27381	train	assigned
mol_27382	train	assigned
mol_27383	train	sampled
mol_27384	test	assigned
mol_27385	train	assigned
mol_27386	train	assigned
mol_27387	train	assigned
mol_27388	train	assigned
mol_27389	val	assigned
mol_27390	test	assigned
mol_27391	val	assigned
mol_27392	val	sampled
mol_27393	test	assigned
mol_27394	val	assigned
mol_27395	train	assigned
mol_27396	train	sampled
mol_27397	test	assigned
mol_27398	val	assigned
mol_27399	val	assigned
mol_27400	val	sampled
mol_27401	val	assigned
mol_27402	train	sampled
mol_27403	train	assigned
mol_27404	test	sampled
mol_27405	val	assigned
mol_27406	test	sampled
mol_27407	val	assigned
mol_27408	train	assigned
mol_27409	val	sampled
mol_27410	val	assigned
mol_27411	val	assigned
mol_27412	test	assigned
mol_27413	test	assigned
mol_27414	train	assigned
mol_27415	train	sampled
mol_27416	val	assigned
mol_27417	val	assigned
mol_27418	train	assigned
mol_27419	val	assigned
mol_27420	train	assigned
mol_27421	train	sampled
mol_27422	val	assigned
mol_27423	train	assigned
mol_27424	val	assigned
mol_27425	val	assigned
mol_27426	val	assigned
mol_27427	val	assigned
mol_27428	val	assigned
mol_27429	train	assigned
mol_27430	train	assigned
mol_27431	val	sampled
mol_27432	train	assigned
mol_27433	train	assigned
mol_27434	test	assigned
mol_27435	train	sampled
mol_27436	train	assigned
mol_27437	test	assigned
mol_27438	test	assigned
mol_27439	train	sampled
mol_27440	train	sampled
mol_27441	val	assigned
mol_27442	train	sampled
mol_27443	train	sampled
mol_27444	train	assigned
mol_27445	train	assigned
mol_27446	train	assigned
mol_27447	train	sampled
mol_27448	train	sampled
mol_27449	train	assigned
mol_27450	val	sampled
mol_27451	train	assigned
mol_27452	val	assigned
mol_27453	val	assigned
mol_27454	val	assigned
mol_27455	test	assigned
mol_27456	train	assigned
mol_27457	val	assigned
mol_27458	val	sampled
mol_27459	val	assigned
mol_27460	val	sampled
mol_27461	val	sampled
mol_27462	val	assigned
mol_27463	test	assigned
mol_27464	val	assigned
mol_27465	val	assigned
mol_27466	val	assigned
mol_27467	train	assigned
mol_27468	val	sampled
mol_27469	train	sampled
mol_27470	val	assigned
mol_27471	val	assigned
mol_27472	val	assigned
mol_27473	train	assigned
mol_27474	train	sampled
mol_27475	train	assigned
mol_27476	train	sampled
mol_27477	train	assigned
mol_27478	train	sampled
mol_27479	train	assigned
mol_27480	train	assigned
mol_27481	train	assigned
mol_27482	train	assigned
mol_27483	train	assigned
mol_27484	train	assigned
mol_27485	train	sampled
mol_27486	train	sampled
mol_27487	train	assigned
mol_27488	train	assigned
mol_27489	train	assigned
mol_27490	train	assigned
mol_27491	val	assigned
mol_27492	val	sampled
mol_27493	val	assigned
mol_27494	val	assigned
mol_27495	train	assigned
mol_27496	train	assigned
mol_27497	train	assigned
mol_27498	train	assigned
mol_27499	train	assigned
mol_27500	train	assigned
mol_27501	train	assigned
mol_27502	train	assigned
mol_27503	train	sampled
mol_27504	train	sampled
mol_27505	train	assigned
mol_27506	train	sampled
mol_27507	train	assigned
mol_27508	train	assigned
mol_27509	train	assigned
mol_27510	train	assigned
mol_27511	train	assigned
mol_27512	train	assigned
mol_27513	train	assigned
mol_27514	val	sampled
mol_27515	train	assigned
mol_27516	train	assigned
mol_27517	train	sampled
mol_27518	train	assigned
mol_27519	train	assigned
mol_27520	train	assigned
mol_27521	train	assigned
mol_27522	train	assigned
mol_27523	train	assigned
mol_27524	train	assigned
mol_27525	train	sampled
mol_27526	train	assigned
mol_27527	train	assigned
mol_27528	train	assigned
mol_27529	train	assigned
mol_27530	train	sampled
mol_27531	train	sampled
mol_27532	train	assigned
mol_27533	train	sampled
mol_27534	train	assigned
mol_27535	train	assigned
mol_27536	val	sampled
mol_27537	val	assigned
mol_27538	train	assigned
mol_27539	train	assigned
mol_27540	train	assigned
mol_27541	test	sampled
mol_27542	train	assigned
mol_27543	val	assigned
mol_27544	train	assigned
mol_27545	train	assigned
mol_27546	train	assigned
mol_27547	train	assigned
mol_27548	train	assigned
mol_27549	train	assigned
mol_27550	train	sampled
mol_27551	train	sampled
mol_27552	train	sampled
mol_27553	train	assigned
mol_27554	train	assigned
mol_27555	train	sampled
mol_27556	train	sampled
mol_27557	val	assigned
mol_27558	train	assigned
mol_27559	test	assigned
mol_27560	train	assigned
mol_27561	train	assigned
mol_27562	train	sampled
mol_27563	train	assigned
mol_27564	train	assigned
mol_27565	train	assigned
mol_27566	train	assigned
mol_27567	train	assigned
mol_27568	train	sampled
mol_27569	test	assigned
mol_27570	test	assigned
mol_27571	train	assigned
mol_27572	train	sampled
mol_27573	val	assigned
mol_27574	val	assigned
mol_27575	train	assigned
mol_27576	val	sampled
mol_27577	test	assigned
mol_27578	test	assigned
mol_27579	test	assigned
mol_27580	test	assigned
mol_27581	test	assigned
mol_27582	test	assigned
mol_27583	test	assigned
mol_27584	test	assigned
mol_27585	val	sampled
mol_27586	val	assigned
mol_27587	test	assigned
mol_27588	val	assigned
mol_27589	val	assigned
mol_27590	train	sampled
mol_27591	train	sampled
mol_27592	val	assigned
mol_27593	val	sampled
mol_27594	val	assigned
mol_27595	val	assigned
mol_27596	test	sampled
mol_27597	val	assigned
mol_27598	val	assigned
mol_27599	val	assigned
mol_27600	val	assigned
mol_27601	val	assigned
mol_27602	train	assigned
mol_27603	train	sampled
mol_27604	train	assigned
mol_27605	val	assigned
mol_27606	train	assigned
mol_27607	test	assigned
mol_27608	val	assigned
mol_27609	val	assigned
mol_27610	train	assigned
mol_27611	train	sampled
mol_27612	train	sampled
mol_27613	val	assigned
mol_27614	test	assigned
mol_27615	test	assigned
mol_27616	test	sampled
mol_27617	test	assigned
mol_27618	train	sampled
mol_27619	train	assigned
mol_27620	train	sampled
mol_27621	train	assigned
mol_27622	train	assigned
mol_27623	train	sampled
mol_27624	val	assigned
mol_27625	train	assigned
mol_27626	train	assigned
mol_27627	train	assigned
mol_27628	train	assigned
mol_27629	train	assigned
mol_27630	val	assigned
mol_27631	train	assigned
mol_27632	train	assigned
mol_27633	val	assigned
mol_27634	train	sampled
mol_27635	train	sampled
mol_27636	train	assigned
mol_27637	train	assigned
mol_27638	train	sampled
mol_27639	train	assigned
mol_27640	train	assigned
mol_27641	train	sampled
mol_27642	train	assigned
mol_27643	train	assigned
mol_27644	train	assigned
mol_27645	val	assigned
mol_27646	train	assigned
mol_27647	train	assigned
mol_27648	train	assigned
mol_27649	train	assigned
mol_27650	train	assigned
mol_27651	train	sampled
mol_27652	train	assigned
mol_27653	train	assigned
mol_27654	train	assigned
mol_27655	train	assigned
mol_27656	train	assigned
mol_27657	train	assigned
mol_27658	train	assigned
mol_27659	train	assigned
mol_27660	train	sampled
mol_27661	train	sampled
mol_27662	train	assigned
mol_27663	val	assigned
mol_27664	train	assigned
mol_27665	train	assigned
mol_27666	val	assigned
mol_27667	train	sampled
mol_27668	train	assigned
mol_27669	train	assigned
mol_27670	train	assigned
mol_27671	train	assigned
mol_27672	val	assigned
mol_27673	train	assigned
mol_27674	train	assigned
mol_27675	train	assigned
mol_27676	train	assigned
mol_27677	train	assigned
mol_27678	train	assigned
mol_27679	train	assigned
mol_27680	train	assigned
mol_27681	train	assigned
mol_27682	train	assigned
mol_27683	train	assigned
mol_27684	train	assigned
mol_27685	train	assigned
mol_27686	train	assigned
mol_27687	train	sampled
mol_27688	train	assigned
mol_27689	val	assigned
mol_27690	val	assigned
mol_27691	train	assigned
mol_27692	val	sampled
mol_27693	val	assigned
mol_27694	val	sampled
mol_27695	val	assigned
mol_27696	val	assigned
mol_27697	test	assigned
mol_27698	val	sampled
mol_27699	test	assigned
mol_27700	test	assigned
mol_27701	val	assigned
mol_27702	train	assigned
mol_27703	val	assigned
mol_27704	train	assigned
mol_27705	train	sampled
mol_27706	train	assigned
mol_27707	train	assigned
mol_27708	train	sampled
mol_27709	train	assigned
mol_27710	train	assigned
mol_27711	train	assigned
mol_27712	train	assigned
mol_27713	train	assigned
mol_27714	train	sampled
mol_27715	train	sampled
mol_27716	train	assigned
mol_27717	train	assigned
mol_27718	train	assigned
mol_27719	train	assigned
mol_27720	train	assigned
mol_27721	train	sampled
mol_27722	test	assigned
mol_27723	train	assigned
mol_27724	train	assigned
mol_27725	train	assigned
mol_27726	test	assigned
mol_27727	train	sampled
mol_27728	train	assigned
mol_27729	val	assigned
mol_27730	test	sampled
mol_27731	test	sampled
mol_27732	train	assigned
mol_27733	train	assigned
mol_27734	train	assigned
mol_27735	train	sampled
mol_27736	train	assigned
mol_27737	train	sampled
mol_27738	train	assigned
mol_27739	train	assigned
mol_27740	train	assigned
mol_27741	train	assigned
mol_27742	train	assigned
mol_27743	train	sampled
mol_27744	train	sampled
mol_27745	train	assigned
mol_27746	train	assigned
mol_27747	train	assigned
mol_27748	train	sampled
mol_27749	train	sampled
mol_27750	train	assigned
mol_27751	train	assigned
mol_27752	train	assigned
mol_27753	train	assigned
mol_27754	test	assigned
mol_27755	test	assigned
mol_27756	test	sampled
mol_27757	train	assigned
mol_27758	train	sampled
mol_27759	train	assigned
mol_27760	train	assigned
mol_27761	train	assigned
mol_27762	train	sampled
mol_27763	test	assigned
mol_27764	train	assigned
mol_27765	train	assigned
mol_27766	train	assigned
mol_27767	test	assigned
mol_27768	train	assigned
mol_27769	train	assigned
mol_27770	train	assigned
mol_27771	train	assigned
mol_27772	train	assigned
mol_27773	train	assigned
mol_27774	train	sampled
mol_27775	train	assigned
mol_27776	train	assigned
mol_27777	train	assigned
mol_27778	train	sampled
mol_27779	train	sampled
mol_27780	val	sampled
mol_27781	train	sampled
mol_27782	train	assigned
mol_27783	train	assigned
mol_27784	train	sampled
mol_27785	train	assigned
mol_27786	train	sampled
mol_27787	train	assigned
mol_27788	train	assigned
mol_27789	train	assigned
mol_27790	train	assigned
mol_27791	train	assigned
mol_27792	train	assigned
mol_27793	train	assigned
mol_27794	train	assigned
mol_27795	train	sampled
mol_27796	train	assigned
mol_27797	train	sampled
mol_27798	train	assigned
mol_27799	train	sampled
mol_27800	train	assigned
mol_27801	train	assigned
mol_27802	train	assigned
mol_27803	train	sampled
mol_27804	train	sampled
mol_27805	train	sampled
mol_27806	test	sampled
mol_27807	test	assigned
mol_27808	val	assigned
mol_27809	train	assigned
mol_27810	train	assigned
mol_27811	train	assigned
mol_27812	train	assigned
mol_27813	val	assigned
mol_27814	val	assigned
mol_27815	val	sampled
mol_27816	val	assigned
mol_27817	val	assigned
mol_27818	train	assigned
mol_27819	val	assigned
mol_27820	val	assigned
mol_27821	val	assigned
mol_27822	train	assigned
mol_27823	train	sampled
mol_27824	train	assigned
mol_27825	train	assigned
mol_27826	train	assigned
mol_27827	test	assigned
mol_27828	train	assigned
mol_27829	test	assigned
mol_27830	train	sampled
mol_27831	train	sampled
mol_27832	train	assigned
mol_27833	train	sampled
mol_27834	train	sampled
mol_27835	train	sampled
mol_27836	train	sampled
mol_27837	train	assigned
mol_27838	train	assigned
mol_27839	train	sampled
mol_27840	train	assigned
mol_27841	test	sampled
mol_27842	train	sampled
mol_27843	train	assigned
mol_27844	train	assigned
mol_27845	train	sampled
mol_27846	train	assigned
mol_27847	train	sampled
mol_27848	train	assigned
mol_27849	train	assigned
mol_27850	train	sampled
mol_27851	train	assigned
mol_27852	val	assigned
mol_27853	train	assigned
mol_27854	train	assigned
mol_27855	test	sampled
mol_27856	test	assigned
mol_27857	train	sampled
mol_27858	train	sampled
mol_27859	test	assigned
mol_27860	train	assigned
mol_27861	train	sampled
mol_27862	train	assigned
mol_27863	train	assigned
mol_27864	train	assigned
mol_27865	train	sampled
mol_27866	train	assigned
mol_27867	train	assigned
mol_27868	train	assigned
mol_27869	train	assigned
mol_27870	train	assigned
mol_27871	train	assigned
mol_27872	train	assigned
mol_27873	train	assigned
mol_27874	train	assigned
mol_27875	train	sampled
mol_27876	train	assigned
mol_27877	train	assigned
mol_27878	train	assigned
mol_27879	train	assigned
mol_27880	train	assigned
mol_27881	train	sampled
mol_27882	train	assigned
mol_27883	val	assigned
mol_27884	test	assigned
mol_27885	val	assigned
mol_27886	train	assigned
mol_27887	train	assigned
mol_27888	train	sampled
mol_27889	val	sampled
mol_27890	test	assigned
mol_27891	test	sampled
mol_27892	test	assigned
mol_27893	train	sampled
mol_27894	val	assigned
mol_27895	val	sampled
mol_27896	test	sampled
mol_27897	train	assigned
mol_27898	val	assigned
mol_27899	val	assigned
mol_27900	train	assigned
mol_27901	val	sampled
mol_27902	train	assigned
mol_27903	train	assigned
mol_27904	train	sampled
mol_27905	train	assigned
mol_27906	train	assigned
mol_27907	train	assigned
mol_27908	val	assigned
mol_27909	test	assigned
mol_27910	train	sampled
mol_27911	val	sampled
mol_27912	train	assigned
mol_27913	train	assigned
mol_27914	val	assigned
mol_27915	val	assigned
mol_27916	train	assigned
mol_27917	val	sampled
mol_27918	val	sampled
mol_27919	train	assigned
mol_27920	val	assigned
mol_27921	test	sampled
mol_27922	val	assigned
mol_27923	train	assigned
mol_27924	train	assigned
mol_27925	val	assigned
mol_27926	val	assigned
mol_27927	val	assigned
mol_27928	train	assigned
mol_27929	val	assigned
mol_27930	val	sampled
mol_27931	val	sampled
mol_27932	train	assigned
mol_27933	train	sampled
mol_27934	train	assigned
mol_27935	train	assigned
mol_27936	val	assigned
mol_27937	train	assigned
mol_27938	train	assigned
mol_27939	train	assigned
mol_27940	train	assigned
mol_27941	val	assigned
mol_27942	train	assigned
mol_27943	train	assigned
mol_27944	train	assigned
mol_27945	val	assigned
mol_27946	train	assigned
mol_27947	train	assigned
mol_27948	train	assigned
mol_27949	val	assigned
mol_27950	test	assigned
mol_27951	val	assigned
mol_27952	train	assigned
mol_27953	train	assigned
mol_27954	train	sampled
mol_27955	train	sampled
mol_27956	train	assigned
mol_27957	train	assigned
mol_27958	train	assigned
mol_27959	train	assigned
mol_27960	val	assigned
mol_27961	train	assigned
mol_27962	train	assigned
mol_27963	train	assigned
mol_27964	train	assigned
mol_27965	train	assigned
mol_27966	val	assigned
mol_27967	val	assigned
mol_27968	train	assigned
mol_27969	val	assigned
mol_27970	val	sampled
mol_27971	train	sampled
mol_27972	train	assigned
mol_27973	train	assigned
mol_27974	train	assigned
mol_27975	val	assigned
mol_27976	train	assigned
mol_27977	val	assigned
mol_27978	train	sampled
mol_27979	val	assigned
mol_27980	train	assigned
mol_27981	train	assigned
mol_27982	train	assigned
mol_27983	train	sampled
mol_27984	val	assigned
mol_27985	val	sampled
mol_27986	train	assigned
mol_27987	train	assigned
mol_27988	train	assigned
mol_27989	train	sampled
mol_27990	val	assigned
mol_27991	val	sampled
mol_27992	val	assigned
mol_27993	val	sampled
mol_27994	val	sampled
mol_27995	val	assigned
mol_27996	val	assigned
mol_27997	train	assigned
mol_27998	train	assigned
mol_27999	val	sampled
mol_28000	val	assigned
mol_28001	val	assigned
mol_28002	val	assigned
mol_28003	train	assigned
mol_28004	val	assigned
mol_28005	val	assigned
mol_28006	val	assigned
mol_28007	val	sampled
mol_28008	val	sampled
mol_28009	val	assigned
mol_28010	train	assigned
mol_28011	train	assigned
mol_28012	val	assigned
mol_28013	val	assigned
mol_28014	val	assigned
mol_28015	train	sampled
mol_28016	train	assigned
mol_28017	train	sampled
mol_28018	val	assigned
mol_28019	val	sampled
mol_28020	test	assigned
mol_28021	val	assigned
mol_28022	val	assigned
mol_28023	val	assigned
mol_28024	train	assigned
mol_28025	train	assigned
mol_28026	val	assigned
mol_28027	train	assigned
mol_28028	test	sampled
mol_28029	train	assigned
mol_28030	val	sampled
mol_28031	val	sampled
mol_28032	train	assigned
mol_28033	train	assigned
mol_28034	train	assigned
mol_28035	test	assigned
mol_28036	train	assigned
mol_28037	train	sampled
mol_28038	val	assigned
mol_28039	val	assigned
mol_28040	val	assigned
mol_28041	train	assigned
mol_28042	val	sampled
mol_28043	val	assigned
mol_28044	train	assigned
mol_28045	train	sampled
mol_28046	train	assigned
mol_28047	val	assigned
mol_28048	train	sampled
mol_28049	val	assigned
mol_28050	val	sampled
mol_28051	train	assigned
mol_28052	train	assigned
mol_28053	val	sampled
mol_28054	val	assigned
mol_28055	val	sampled
mol_28056	val	sampled
mol_28057	train	assigned
mol_28058	train	sampled
mol_28059	train	assigned
mol_28060	val	assigned
mol_28061	train	sampled
mol_28062	train	sampled
mol_28063	train	assigned
mol_28064	train	assigned
mol_28065	train	sampled
mol_28066	train	assigned
mol_28067	train	assigned
mol_28068	train	assigned
mol_28069	val	assigned
mol_28070	train	assigned
mol_28071	train	assigned
mol_28072	train	assigned
mol_28073	train	sampled
mol_28074	train	assigned
mol_28075	val	assigned
mol_28076	train	assigned
mol_28077	train	sampled
mol_28078	train	assigned
mol_28079	train	assigned
mol_28080	train	assigned
mol_28081	train	sampled
mol_28082	train	assigned
mol_28083	val	assigned
mol_28084	train	assigned
mol_28085	val	assigned
mol_28086	train	assigned
mol_28087	val	assigned
mol_28088	val	assigned
mol_28089	train	sampled
mol_28090	val	sampled
mol_28091	train	assigned
mol_28092	train	assigned
mol_28093	train	assigned
mol_28094	train	assigned
mol_28095	train	assigned
mol_28096	train	sampled
mol_28097	train	sampled
mol_28098	train	assigned
mol_28099	train	assigned
mol_28100	val	assigned
mol_28101	val	assigned
mol_28102	val	assigned
mol_28103	val	assigned
mol_28104	train	sampled
mol_28105	val	assigned
mol_28106	train	assigned
mol_28107	train	assigned
mol_28108	test	assigned
mol_28109	train	assigned
mol_28110	test	sampled
mol_28111	val	sampled
mol_28112	val	assigned
mol_28113	val	assigned
mol_28114	val	assigned
mol_28115	val	assigned
mol_28116	train	assigned
mol_28117	train	assigned
mol_28118	train	assigned
mol_28119	train	assigned
mol_28120	train	sampled
mol_28121	train	sampled
mol_28122	train	sampled
mol_28123	train	assigned
mol_28124	train	assigned
mol_28125	train	sampled
mol_28126	train	assigned
mol_28127	train	sampled
mol_28128	train	assigned
mol_28129	train	assigned
mol_28130	train	assigned
mol_28131	val	assigned
mol_28132	train	assigned
mol_28133	val	assigned
mol_28134	val	assigned
mol_28135	val	assigned
mol_28136	test	assigned
mol_28137	test	sampled
mol_28138	val	assigned
mol_28139	train	assigned
mol_28140	train	assigned
mol_28141	train	assigned
mol_28142	val	sampled
mol_28143	train	assigned
mol_28144	test	assigned
mol_28145	train	assigned
mol_28146	train	sampled
mol_28147	train	assigned
mol_28148	train	assigned
mol_28149	train	assigned
mol_28150	val	sampled
mol_28151	val	assigned
mol_28152	train	assigned
mol_28153	val	assigned
mol_28154	val	assigned
mol_28155	val	assigned
mol_28156	val	assigned
mol_28157	val	assigned
mol_28158	val	assigned
mol_28159	val	sampled
mol_28160	val	sampled
mol_28161	train	assigned
mol_28162	train	assigned
mol_28163	train	assigned
mol_28164	train	assigned
mol_28165	test	assigned
mol_28166	test	assigned
mol_28167	test	assigned
mol_28168	train	sampled
mol_28169	train	sampled
mol_28170	train	assigned
mol_28171	train	assigned
mol_28172	train	assigned
mol_28173	train	assigned
mol_28174	train	assigned
mol_28175	train	assigned
mol_28176	train	assigned
mol_28177	test	assigned
mol_28178	test	assigned
mol_28179	test	assigned
mol_28180	test	assigned
mol_28181	test	assigned
mol_28182	val	assigned
mol_28183	train	assigned
mol_28184	train	sampled
mol_28185	train	assigned
mol_28186	train	assigned
mol_28187	train	assigned
mol_28188	test	sampled
mol_28189	train	assigned
mol_28190	train	assigned
mol_28191	train	assigned
mol_28192	test	assigned
mol_28193	train	sampled
mol_28194	train	assigned
mol_28195	train	assigned
mol_28196	test	sampled
mol_28197	train	assigned
mol_28198	val	assigned
mol_28199	test	sampled
mol_28200	train	sampled
mol_28201	train	sampled
mol_28202	train	assigned
mol_28203	train	sampled
mol_28204	train	assigned
mol_28205	train	assigned
mol_28206	val	assigned
mol_28207	val	assigned
mol_28208	val	assigned
mol_28209	test	assigned
mol_28210	val	sampled
mol_28211	train	assigned
mol_28212	train	assigned
mol_28213	train	assigned
mol_28214	train	assigned
mol_28215	train	assigned
mol_28216	train	assigned
mol_28217	train	sampled
mol_28218	test	assigned
mol_28219	test	assigned
mol_28220	test	assigned
mol_28221	test	assigned
mol_28222	test	sampled
mol_28223	test	assigned
mol_28224	val	assigned
mol_28225	train	assigned
mol_28226	train	assigned
mol_28227	train	sampled
mol_28228	train	assigned
mol_28229	train	assigned
mol_28230	train	assigned
mol_28231	train	assigned
mol_28232	train	sampled
mol_28233	train	assigned
mol_28234	train	assigned
mol_28235	train	sampled
mol_28236	train	assigned
mol_28237	train	sampled
mol_28238	train	assigned
mol_28239	train	assigned
mol_28240	train	assigned
mol_28241	train	assigned
mol_28242	test	assigned
mol_28243	test	assigned
mol_28244	train	assigned
mol_28245	test	assigned
mol_28246	train	assigned
mol_28247	train	assigned
mol_28248	train	sampled
mol_28249	train	sampled
mol_28250	train	sampled
mol_28251	test	assigned
mol_28252	test	assigned
mol_28253	test	assigned
mol_28254	test	sampled
mol_28255	train	assigned
mol_28256	test	assigned
mol_28257	train	assigned
mol_28258	train	assigned
mol_28259	train	sampled
mol_28260	train	assigned
mol_28261	train	assigned
mol_28262	train	assigned
mol_28263	train	sampled
mol_28264	train	assigned
mol_28265	train	assigned
mol_28266	train	assigned
mol_28267	train	assigned
mol_28268	train	sampled
mol_28269	train	assigned
mol_28270	train	assigned
mol_28271	val	sampled
mol_28272	train	assigned
mol_28273	train	assigned
mol_28274	train	assigned
mol_28275	train	assigned
mol_28276	train	assigned
mol_28277	val	assigned
mol_28278	test	assigned
mol_28279	test	assigned
mol_28280	test	assigned
mol_28281	test	assigned
mol_28282	test	sampled
mol_28283	test	assigned
mol_28284	test	assigned
mol_28285	test	assigned
mol_28286	test	assigned
mol_28287	test	assigned
mol_28288	test	sampled
mol_28289	test	sampled
mol_28290	test	sampled
mol_28291	test	assigned
mol_28292	train	sampled
mol_28293	val	sampled
mol_28294	train	sampled
mol_28295	train	assigned
mol_28296	train	assigned
mol_28297	train	assigned
mol_28298	train	assigned
mol_28299	train	sampled
mol_28300	train	assigned
mol_28301	train	assigned
mol_28302	train	assigned
mol_28303	train	assigned
mol_28304	train	assigned
mol_28305	train	assigned
mol_28306	train	assigned
mol_28307	train	assigned
mol_28308	train	assigned
mol_28309	train	assigned
mol_28310	val	assigned
mol_28311	train	assigned
mol_28312	val	assigned
mol_28313	train	assigned
mol_28314	train	assigned
mol_28315	val	assigned
mol_28316	train	sampled
mol_28317	train	assigned
mol_28318	train	assigned
mol_28319	train	sampled
mol_28320	train	assigned
mol_28321	val	assigned
mol_28322	train	assigned
mol_28323	train	sampled
mol_28324	train	assigned
mol_28325	train	assigned
mol_28326	train	assigned
mol_28327	train	assigned
mol_28328	train	assigned
mol_28329	train	sampled
mol_28330	train	sampled
mol_28331	train	sampled
mol_28332	train	sampled
mol_28333	train	assigned
mol_28334	train	assigned
mol_28335	train	assigned
mol_28336	train	assigned
mol_28337	test	assigned
mol_28338	train	assigned
mol_28339	train	assigned
mol_28340	train	sampled
mol_28341	train	assigned
mol_28342	test	assigned
mol_28343	train	assigned
mol_28344	train	sampled
mol_28345	test	assigned
mol_28346	test	assigned
mol_28347	train	sampled
mol_28348	train	assigned
mol_28349	train	sampled
mol_28350	train	assigned
mol_28351	train	assigned
mol_28352	train	assigned
mol_28353	train	assigned
mol_28354	train	assigned
mol_28355	train	sampled
mol_28356	train	sampled
mol_28357	train	sampled
mol_28358	train	assigned
mol_28359	val	assigned
mol_28360	train	assigned
mol_28361	train	sampled
mol_28362	train	assigned
mol_28363	train	assigned
mol_28364	test	sampled
mol_28365	train	assigned
mol_28366	train	assigned
mol_28367	train	sampled
mol_28368	train	sampled
mol_28369	train	assigned
mol_28370	test	assigned
mol_28371	train	assigned
mol_28372	test	assigned
mol_28373	train	assigned
mol_28374	val	assigned
mol_28375	val	assigned
mol_28376	val	assigned
mol_28377	train	assigned
mol_28378	train	assigned
mol_28379	val	assigned
mol_28380	val	assigned
mol_28381	train	assigned
mol_28382	test	assigned
mol_28383	train	assigned
mol_28384	train	assigned
mol_28385	val	assigned
mol_28386	val	assigned
mol_28387	val	assigned
mol_28388	val	sampled
mol_28389	test	assigned
mol_28390	val	assigned
mol_28391	val	assigned
mol_28392	val	assigned
mol_28393	val	assigned
mol_28394	val	assigned
mol_28395	val	assigned
mol_28396	val	assigned
mol_28397	val	sampled
mol_28398	val	assigned
mol_28399	val	assigned
mol_28400	train	assigned
mol_28401	train	assigned
mol_28402	train	assigned
mol_28403	train	assigned
mol_28404	train	assigned
mol_28405	train	assigned
mol_28406	val	sampled
mol_28407	train	sampled
mol_28408	train	assigned
mol_28409	train	assigned
mol_28410	val	assigned
mol_28411	test	assigned
mol_28412	val	assigned
mol_28413	train	assigned
mol_28414	test	assigned
mol_28415	train	assigned
mol_28416	train	assigned
mol_28417	train	sampled
mol_28418	train	assigned
mol_28419	test	assigned
mol_28420	train	sampled
mol_28421	train	assigned
mol_28422	train	assigned
mol_28423	val	assigned
mol_28424	test	assigned
mol_28425	train	assigned
mol_28426	val	assigned
mol_28427	train	sampled
mol_28428	train	sampled
mol_28429	train	assigned
mol_28430	train	assigned
mol_28431	train	sampled
mol_28432	train	sampled
mol_28433	train	assigned
mol_28434	train	sampled
mol_28435	test	assigned
mol_28436	train	sampled
mol_28437	train	assigned
mol_28438	train	assigned
mol_28439	train	assigned
mol_28440	test	assigned
mol_28441	test	assigned
mol_28442	train	assigned
mol_28443	train	assigned
mol_28444	val	assigned
mol_28445	train	assigned
mol_28446	train	assigned
mol_28447	train	sampled
mol_28448	train	assigned
mol_28449	train	assigned
mol_28450	val	assigned
mol_28451	val	assigned
mol_28452	train	sampled
mol_28453	train	assigned
mol_28454	train	assigned
mol_28455	train	assigned
mol_28456	train	assigned
mol_28457	train	assigned
mol_28458	train	sampled
mol_28459	val	sampled
mol_28460	train	assigned
mol_28461	val	assigned
mol_28462	val	sampled
mol_28463	train	assigned
mol_28464	val	assigned
mol_28465	train	sampled
mol_28466	val	assigned
mol_28467	train	assigned
mol_28468	train	assigned
mol_28469	train	assigned
mol_28470	train	assigned
mol_28471	val	sampled
mol_28472	train	assigned
mol_28473	train	assigned
mol_28474	train	assigned
mol_28475	train	sampled
mol_28476	train	sampled
mol_28477	train	assigned
mol_28478	train	assigned
mol_28479	train	assigned
mol_28480	train	assigned
mol_28481	test	assigned
mol_28482	train	assigned
mol_28483	val	assigned
mol_28484	train	assigned
mol_28485	train	assigned
mol_28486	test	assigned
mol_28487	val	sampled
mol_28488	test	assigned
mol_28489	val	sampled
mol_28490	val	assigned
mol_28491	val	assigned
mol_28492	test	assigned
mol_28493	test	assigned
mol_28494	train	sampled
mol_28495	val	assigned
mol_28496	train	assigned
mol_28497	train	assigned
mol_28498	test	assigned
mol_28499	val	assigned
mol_28500	val	sampled
mol_28501	val	sampled
mol_28502	train	assigned
mol_28503	val	sampled
mol_28504	train	assigned
mol_28505	train	assigned
mol_28506	test	assigned
mol_28507	test	sampled
mol_28508	train	assigned
mol_28509	val	assigned
mol_28510	train	assigned
mol_28511	val	assigned
mol_28512	test	assigned
mol_28513	val	assigned
mol_28514	val	assigned
mol_28515	test	assigned
mol_28516	val	assigned
mol_28517	val	assigned
mol_28518	train	assigned
mol_28519	val	assigned
mol_28520	test	assigned
mol_28521	test	assigned
mol_28522	train	assigned
mol_28523	test	assigned
mol_28524	train	assigned
mol_28525	train	assigned
mol_28526	train	assigned
mol_28527	test	assigned
mol_28528	train	assigned
mol_28529	train	assigned
mol_28530	train	sampled
mol_28531	train	assigned
mol_28532	train	assigned
mol_28533	train	assigned
mol_28534	train	sampled
mol_28535	train	assigned
mol_28536	train	assigned
mol_28537	train	assigned
mol_28538	train	assigned
mol_28539	train	assigned
mol_28540	train	sampled
mol_28541	train	assigned
mol_28542	train	assigned
mol_28543	train	assigned
mol_28544	test	assigned
mol_28545	train	assigned
mol_28546	train	assigned
mol_28547	train	sampled
mol_28548	train	sampled
mol_28549	train	assigned
mol_28550	train	assigned
mol_28551	test	sampled
mol_28552	test	assigned
mol_28553	test	assigned
mol_28554	val	assigned
mol_28555	val	assigned
mol_28556	test	assigned
mol_28557	val	assigned
mol_28558	test	sampled
mol_28559	train	sampled
mol_28560	train	assigned
mol_28561	train	assigned
mol_28562	val	assigned
mol_28563	val	assigned
mol_28564	train	assigned
mol_28565	val	assigned
mol_28566	train	sampled
mol_28567	train	assigned
mol_28568	val	sampled
mol_28569	val	sampled
mol_28570	val	sampled
mol_28571	test	assigned
mol_28572	train	assigned
mol_28573	val	assigned
mol_28574	val	assigned
mol_28575	val	sampled
mol_28576	val	assigned
mol_28577	val	sampled
mol_28578	val	assigned
mol_28579	train	assigned
mol_28580	val	assigned
mol_28581	train	assigned
mol_28582	train	sampled
mol_28583	val	assigned
mol_28584	val	assigned
mol_28585	test	assigned
mol_28586	val	assigned
mol_28587	val	assigned
mol_28588	val	sampled
mol_28589	val	assigned
mol_28590	val	assigned
mol_28591	val	sampled
mol_28592	val	sampled
mol_28593	test	assigned
mol_28594	val	assigned
mol_28595	val	sampled
mol_28596	test	assigned
mol_28597	val	assigned
mol_28598	val	assigned
mol_28599	val	assigned
mol_28600	train	assigned
mol_28601	val	sampled
mol_28602	train	assigned
mol_28603	train	assigned
mol_28604	train	assigned
mol_28605	train	sampled
mol_28606	train	assigned
mol_28607	train	assigned
mol_28608	train	sampled
mol_28609	train	assigned
mol_28610	train	assigned
mol_28611	train	assigned
mol_28612	train	assigned
mol_28613	train	assigned
mol_28614	train	assigned
mol_28615	train	assigned
mol_28616	test	assigned
mol_28617	val	assigned
mol_28618	val	assigned
mol_28619	val	assigned
mol_28620	test	assigned
mol_28621	train	assigned
mol_28622	train	assigned
mol_28623	train	sampled
mol_28624	train	assigned
mol_28625	train	assigned
mol_28626	test	assigned
mol_28627	train	assigned
mol_28628	train	sampled
mol_28629	train	assigned
mol_28630	train	assigned
mol_28631	train	assigned
mol_28632	val	assigned
mol_28633	val	assigned
mol_28634	val	assigned
mol_28635	train	assigned
mol_28636	val	assigned
mol_28637	train	sampled
mol_28638	train	sampled
mol_28639	train	assigned
mol_28640	train	sampled
mol_28641	train	sampled
mol_28642	train	sampled
mol_28643	train	assigned
mol_28644	train	assigned
mol_28645	train	assigned
mol_28646	val	assigned
mol_28647	test	assigned
mol_28648	test	assigned
mol_28649	test	sampled
mol_28650	train	assigned
mol_28651	train	assigned
mol_28652	train	assigned
mol_28653	test	sampled
mol_28654	test	sampled
mol_28655	test	assigned
mol_28656	test	assigned
mol_28657	test	assigned
mol_28658	train	assigned
mol_28659	train	assigned
mol_28660	test	assigned
mol_28661	train	sampled
mol_28662	train	sampled
mol_28663	train	assigned
mol_28664	train	assigned
mol_28665	train	assigned
mol_28666	test	assigned
mol_28667	train	sampled
mol_28668	train	assigned
mol_28669	train	assigned
mol_28670	train	assigned
mol_28671	train	assigned
mol_28672	train	sampled
mol_28673	train	assigned
mol_28674	train	assigned
mol_28675	train	assigned
mol_28676	train	assigned
mol_28677	train	assigned
mol_28678	train	assigned
mol_28679	test	sampled
mol_28680	train	assigned
mol_28681	test	sampled
mol_28682	train	assigned
mol_28683	val	assigned
mol_28684	train	assigned
mol_28685	train	assigned
mol_28686	train	sampled
mol_28687	val	assigned
mol_28688	train	assigned
mol_28689	train	sampled
mol_28690	train	assigned
mol_28691	train	assigned
mol_28692	train	assigned
mol_28693	val	assigned
mol_28694	train	assigned
mol_28695	val	assigned
mol_28696	val	assigned
mol_28697	train	sampled
mol_28698	train	assigned
mol_28699	test	assigned
mol_28700	train	assigned
mol_28701	train	sampled
mol_28702	train	assigned
mol_28703	train	sampled
mol_28704	train	sampled
mol_28705	train	sampled
mol_28706	train	assigned
mol_28707	train	assigned
mol_28708	train	assigned
mol_28709	train	sampled
mol_28710	train	assigned
mol_28711	train	assigned
mol_28712	train	assigned
mol_28713	train	assigned
mol_28714	train	assigned
mol_28715	train	assigned
mol_28716	train	assigned
mol_28717	train	assigned
mol_28718	val	assigned
mol_28719	train	assigned
mol_28720	train	sampled
mol_28721	train	assigned
mol_28722	train	assigned
mol_28723	train	sampled
mol_28724	train	assigned
mol_28725	train	assigned
mol_28726	train	assigned
mol_28727	train	sampled
mol_28728	val	assigned
mol_28729	train	assigned
mol_28730	val	sampled
mol_28731	train	assigned
mol_28732	train	assigned
mol_28733	train	assigned
mol_28734	train	assigned
mol_28735	train	assigned
mol_28736	train	assigned
mol_28737	train	sampled
mol_28738	train	assigned
mol_28739	train	assigned
mol_28740	train	assigned
mol_28741	train	assigned
mol_28742	train	assigned
mol_28743	train	assigned
mol_28744	train	sampled
mol_28745	train	sampled
mol_28746	train	assigned
mol_28747	train	assigned
mol_28748	val	sampled
mol_28749	val	assigned
mol_28750	train	assigned
mol_28751	train	assigned
mol_28752	train	sampled
mol_28753	train	assigned
mol_28754	train	assigned
mol_28755	train	assigned
mol_28756	train	assigned
mol_28757	train	assigned
mol_28758	train	assigned
mol_28759	train	sampled
mol_28760	train	assigned
mol_28761	train	assigned
mol_28762	train	assigned
mol_28763	train	assigned
mol_28764	train	sampled
mol_28765	test	assigned
mol_28766	val	sampled
mol_28767	val	assigned
mol_28768	val	assigned
mol_28769	val	assigned
mol_28770	train	sampled
mol_28771	train	assigned
mol_28772	train	assigned
mol_28773	test	sampled
mol_28774	val	assigned
mol_28775	val	assigned
mol_28776	train	sampled
mol_28777	train	assigned
mol_28778	train	sampled
mol_28779	train	assigned
mol_28780	train	assigned
mol_28781	train	sampled
mol_28782	train	assigned
mol_28783	train	assigned
mol_28784	train	assigned
mol_28785	val	assigned
mol_28786	val	assigned
mol_28787	val	sampled
mol_28788	train	assigned
mol_28789	train	assigned
mol_28790	train	assigned
mol_28791	val	sampled
mol_28792	val	assigned
mol_28793	val	assigned
mol_28794	val	assigned
mol_28795	val	assigned
mol_28796	val	assigned
mol_28797	val	assigned
mol_28798	train	assigned
mol_28799	train	assigned
mol_28800	val	assigned
mol_28801	val	assigned
mol_28802	train	sampled
mol_28803	train	assigned
mol_28804	train	assigned
mol_28805	train	assigned
mol_28806	test	assigned
mol_28807	test	assigned
mol_28808	test	sampled
mol_28809	test	assigned
mol_28810	test	assigned
mol_28811	test	sampled
mol_28812	test	assigned
mol_28813	test	assigned
mol_28814	test	assigned
mol_28815	test	assigned
mol_28816	test	assigned
mol_28817	test	assigned
mol_28818	test	sampled
mol_28819	test	assigned
mol_28820	test	assigned
mol_28821	train	assigned
mol_28822	train	assigned
mol_28823	train	assigned
mol_28824	val	assigned
mol_28825	test	sampled
mol_28826	val	sampled
mol_28827	val	assigned
mol_28828	train	assigned
mol_28829	train	sampled
mol_28830	train	assigned
mol_28831	train	assigned
mol_28832	train	sampled
mol_28833	train	assigned
mol_28834	train	assigned
mol_28835	train	assigned
mol_28836	train	assigned
mol_28837	train	assigned
mol_28838	train	assigned
mol_28839	train	sampled
mol_28840	train	assigned
mol_28841	train	assigned
mol_28842	test	assigned
mol_28843	test	sampled
mol_28844	train	sampled
mol_28845	train	assigned
mol_28846	train	assigned
mol_28847	train	assigned
mol_28848	train	sampled
mol_28849	train	sampled
mol_28850	train	assigned
mol_28851	test	sampled
mol_28852	train	sampled
mol_28853	train	assigned
mol_28854	test	assigned
mol_28855	train	assigned
mol_28856	test	sampled
mol_28857	test	assigned
mol_28858	test	assigned
mol_28859	test	assigned
mol_28860	test	sampled
mol_28861	train	assigned
mol_28862	test	assigned
mol_28863	train	assigned
mol_28864	test	assigned
mol_28865	train	assigned
mol_28866	test	assigned
mol_28867	test	sampled
mol_28868	train	sampled
mol_28869	train	sampled
mol_28870	train	sampled
mol_28871	train	sampled
mol_28872	train	assigned
mol_28873	train	assigned
mol_28874	train	assigned
mol_28875	train	sampled
mol_28876	train	assigned
mol_28877	train	sampled
mol_28878	train	assigned
mol_28879	train	assigned
mol_28880	train	assigned
mol_28881	test	sampled
mol_28882	test	sampled
mol_28883	train	sampled
mol_28884	test	assigned
mol_28885	test	assigned
mol_28886	test	sampled
mol_28887	val	sampled
mol_28888	val	assigned
mol_28889	val	sampled
mol_28890	test	assigned
mol_28891	test	sampled
mol_28892	train	assigned
mol_28893	train	assigned
mol_28894	val	assigned
mol_28895	val	sampled
mol_28896	test	assigned
mol_28897	test	assigned
mol_28898	test	sampled
mol_28899	test	assigned
mol_28900	train	assigned
mol_28901	train	assigned
mol_28902	train	assigned
mol_28903	test	assigned
mol_28904	train	assigned
mol_28905	train	assigned
mol_28906	train	assigned
mol_28907	train	assigned
mol_28908	train	sampled
mol_28909	train	assigned
mol_28910	test	sampled
mol_28911	train	assigned
mol_28912	train	sampled
mol_28913	val	sampled
mol_28914	val	assigned
mol_28915	test	assigned
mol_28916	train	assigned
mol_28917	test	assigned
mol_28918	train	assigned
mol_28919	train	assigned
mol_28920	train	assigned
mol_28921	train	assigned
mol_28922	train	assigned
mol_28923	train	sampled
mol_28924	train	assigned
mol_28925	train	assigned
mol_28926	train	assigned
mol_28927	train	assigned
mol_28928	train	assigned
mol_28929	train	assigned
mol_28930	train	assigned
mol_28931	test	assigned
mol_28932	test	assigned
mol_28933	test	assigned
mol_28934	test	sampled
mol_28935	train	assigned
mol_28936	train	assigned
mol_28937	test	assigned
mol_28938	train	sampled
mol_28939	test	assigned
mol_28940	test	assigned
mol_28941	test	assigned
mol_28942	val	assigned
mol_28943	train	assigned
mol_28944	train	assigned
mol_28945	train	assigned
mol_28946	val	assigned
mol_28947	train	assigned
mol_28948	val	assigned
mol_28949	train	assigned
mol_28950	train	sampled
mol_28951	train	assigned
mol_28952	train	assigned
mol_28953	test	assigned
mol_28954	train	assigned
mol_28955	train	assigned
mol_28956	train	assigned
mol_28957	train	assigned
mol_28958	val	sampled
mol_28959	train	assigned
mol_28960	train	assigned
mol_28961	train	assigned
mol_28962	train	assigned
mol_28963	train	assigned
mol_28964	val	assigned
mol_28965	train	assigned
mol_28966	test	assigned
mol_28967	train	assigned
mol_28968	train	assigned
mol_28969	val	sampled
mol_28970	train	assigned
mol_28971	train	sampled
mol_28972	train	assigned
mol_28973	train	assigned
mol_28974	test	assigned
mol_28975	test	assigned
mol_28976	train	assigned
mol_28977	train	assigned
mol_28978	test	assigned
mol_28979	test	assigned
mol_28980	train	assigned
mol_28981	test	assigned
mol_28982	test	assigned
mol_28983	train	sampled
mol_28984	train	assigned
mol_28985	val	sampled
mol_28986	val	assigned
mol_28987	train	sampled
mol_28988	val	assigned
mol_28989	val	sampled
mol_28990	val	assigned
mol_28991	train	assigned
mol_28992	train	assigned
mol_28993	train	assigned
mol_28994	val	assigned
mol_28995	train	sampled
mol_28996	train	assigned
mol_28997	train	assigned
mol_28998	train	assigned
mol_28999	train	assigned
mol_29000	val	assigned
mol_29001	train	assigned
mol_29002	train	assigned
mol_29003	train	sampled
mol_29004	train	assigned
mol_29005	val	assigned
mol_29006	val	assigned
mol_29007	val	assigned
mol_29008	train	assigned
mol_29009	train	assigned
mol_29010	test	assigned
mol_29011	train	assigned
mol_29012	train	assigned
mol_29013	train	sampled
mol_29014	train	sampled
mol_29015	train	sampled
mol_29016	train	sampled
mol_29017	train	assigned
mol_29018	train	assigned
mol_29019	train	assigned
mol_29020	train	assigned
mol_29021	train	assigned
mol_29022	test	assigned
mol_29023	train	sampled
mol_29024	train	assigned
mol_29025	train	assigned
mol_29026	test	assigned
mol_29027	train	assigned
mol_29028	test	assigned
mol_29029	test	assigned
mol_29030	test	sampled
mol_29031	test	assigned
mol_29032	train	assigned
mol_29033	train	assigned
mol_29034	train	assigned
mol_29035	train	sampled
mol_29036	train	assigned
mol_29037	train	assigned
mol_29038	train	assigned
mol_29039	train	assigned
mol_29040	test	assigned
mol_29041	train	assigned
mol_29042	train	assigned
mol_29043	train	assigned
mol_29044	train	sampled
mol_29045	train	sampled
mol_29046	train	assigned
mol_29047	train	assigned
mol_29048	val	assigned
mol_29049	train	sampled
mol_29050	train	sampled
mol_29051	train	assigned
mol_29052	train	assigned
mol_29053	train	assigned
mol_29054	train	assigned
mol_29055	train	assigned
mol_29056	train	assigned
mol_29057	train	sampled
mol_29058	train	assigned
mol_29059	train	assigned
mol_29060	test	assigned
mol_29061	train	assigned
mol_29062	train	assigned
mol_29063	train	assigned
mol_29064	train	assigned
mol_29065	val	assigned
mol_29066	train	assigned
mol_29067	val	sampled
mol_29068	val	assigned
mol_29069	train	assigned
mol_29070	train	sampled
mol_29071	train	sampled
mol_29072	train	assigned
mol_29073	train	assigned
mol_29074	train	assigned
mol_29075	train	assigned
mol_29076	val	sampled
mol_29077	test	assigned
mol_29078	train	sampled
mol_29079	train	assigned
mol_29080	train	assigned
mol_29081	train	assigned
mol_29082	train	sampled
mol_29083	train	assigned
mol_29084	train	assigned
mol_29085	train	assigned
mol_29086	train	assigned
mol_29087	train	assigned
mol_29088	train	assigned
mol_29089	train	assigned
mol_29090	train	assigned
mol_29091	train	sampled
mol_29092	train	assigned
mol_29093	train	assigned
mol_29094	val	sampled
mol_29095	val	sampled
mol_29096	val	sampled
mol_29097	train	assigned
mol_29098	train	assigned
mol_29099	train	sampled
mol_29100	train	assigned
mol_29101	train	assigned
mol_29102	train	assigned
mol_29103	train	assigned
mol_29104	train	sampled
mol_29105	train	assigned
mol_29106	train	assigned
mol_29107	train	sampled
mol_29108	train	assigned
mol_29109	train	assigned
mol_29110	val	assigned
mol_29111	train	sampled
mol_29112	train	sampled
mol_29113	train	assigned
mol_29114	train	sampled
mol_29115	train	sampled
mol_29116	train	assigned
mol_29117	train	assigned
mol_29118	train	assigned
mol_29119	val	assigned
mol_29120	train	assigned
mol_29121	train	sampled
mol_29122	train	assigned
mol_29123	train	assigned
mol_29124	train	assigned
mol_29125	val	assigned
mol_29126	train	assigned
mol_29127	train	assigned
mol_29128	test	sampled
mol_29129	test	sampled
mol_29130	test	assigned
mol_29131	test	assigned
mol_29132	test	sampled
mol_29133	test	assigned
mol_29134	train	assigned
mol_29135	test	assigned
mol_29136	test	assigned
mol_29137	train	sampled
mol_29138	train	sampled
mol_29139	train	assigned
mol_29140	train	assigned
mol_29141	train	assigned
mol_29142	train	assigned
mol_29143	train	sampled
mol_29144	train	assigned
mol_29145	train	assigned
mol_29146	train	sampled
mol_29147	train	sampled
mol_29148	train	assigned
mol_29149	train	assigned
mol_29150	train	assigned
mol_29151	train	assigned
mol_29152	train	assigned
mol_29153	train	assigned
mol_29154	train	assigned
mol_29155	train	assigned
mol_29156	train	assigned
mol_29157	train	assigned
mol_29158	train	assigned
mol_29159	train	assigned
mol_29160	train	assigned
mol_29161	train	sampled
mol_29162	train	assigned
mol_29163	train	assigned
mol_29164	train	assigned
mol_29165	train	assigned
mol_29166	train	assigned
mol_29167	train	sampled
mol_29168	val	assigned
mol_29169	train	assigned
mol_29170	train	assigned
mol_29171	train	assigned
mol_29172	train	sampled
mol_29173	train	assigned
mol_29174	train	assigned
mol_29175	train	assigned
mol_29176	train	assigned
mol_29177	train	assigned
mol_29178	train	assigned
mol_29179	val	assigned
mol_29180	val	assigned
mol_29181	train	assigned
mol_29182	train	sampled
mol_29183	train	assigned
mol_29184	train	assigned
mol_29185	train	assigned
mol_29186	train	sampled
mol_29187	train	assigned
mol_29188	train	assigned
mol_29189	train	assigned
mol_29190	train	assigned
mol_29191	train	sampled
mol_29192	train	assigned
mol_29193	val	assigned
mol_29194	val	assigned
mol_29195	val	assigned
mol_29196	val	assigned
mol_29197	train	assigned
mol_29198	train	assigned
mol_29199	train	sampled
mol_29200	train	sampled
mol_29201	train	assigned
mol_29202	train	assigned
mol_29203	train	assigned
mol_29204	val	assigned
mol_29205	val	assigned
mol_29206	val	assigned
mol_29207	train	assigned
mol_29208	train	assigned
mol_29209	train	sampled
mol_29210	test	assigned
mol_29211	test	assigned
mol_29212	val	sampled
mol_29213	train	assigned
mol_29214	train	assigned
mol_29215	train	assigned
mol_29216	val	assigned
mol_29217	val	assigned
mol_29218	val	assigned
mol_29219	val	sampled
mol_29220	train	assigned
mol_29221	val	assigned
mol_29222	train	assigned
mol_29223	train	assigned
mol_29224	train	assigned
mol_29225	train	assigned
mol_29226	train	sampled
mol_29227	train	assigned
mol_29228	train	sampled
mol_29229	train	assigned
mol_29230	train	assigned
mol_29231	train	assigned
mol_29232	train	sampled
mol_29233	train	assigned
mol_29234	train	assigned
mol_29235	train	sampled
mol_29236	train	assigned
mol_29237	val	sampled
mol_29238	val	assigned
mol_29239	val	assigned
mol_29240	val	assigned
mol_29241	val	assigned
mol_29242	train	assigned
mol_29243	train	assigned
mol_29244	train	assigned
mol_29245	train	assigned
mol_29246	train	assigned
mol_29247	train	sampled
mol_29248	train	assigned
mol_29249	train	sampled
mol_29250	train	assigned
mol_29251	train	sampled
mol_29252	train	assigned
mol_29253	train	assigned
mol_29254	train	assigned
mol_29255	train	sampled
mol_29256	train	assigned
mol_29257	train	assigned
mol_29258	train	assigned
mol_29259	train	assigned
mol_29260	train	assigned
mol_29261	train	assigned
mol_29262	train	sampled
mol_29263	train	assigned
mol_29264	train	assigned
mol_29265	train	assigned
mol_29266	train	assigned
mol_29267	train	assigned
mol_29268	train	assigned
mol_29269	train	assigned
mol_29270	train	assigned
mol_29271	train	assigned
mol_29272	train	assigned
mol_29273	train	assigned
mol_29274	train	sampled
mol_29275	train	sampled
mol_29276	train	sampled
mol_29277	train	assigned
mol_29278	train	assigned
mol_29279	val	assigned
mol_29280	train	sampled
mol_29281	train	assigned
mol_29282	train	sampled
mol_29283	train	assigned
mol_29284	train	assigned
mol_29285	train	assigned
mol_29286	train	assigned
mol_29287	train	assigned
mol_29288	train	sampled
mol_29289	train	sampled
mol_29290	train	assigned
mol_29291	train	assigned
mol_29292	train	sampled
mol_29293	train	assigned
mol_29294	train	assigned
mol_29295	train	assigned
mol_29296	train	assigned
mol_29297	train	assigned
mol_29298	train	assigned
mol_29299	train	assigned
mol_29300	train	assigned
mol_29301	train	assigned
mol_29302	train	sampled
mol_29303	train	assigned
mol_29304	train	assigned
mol_29305	train	assigned
mol_29306	train	assigned
mol_29307	train	assigned
mol_29308	train	assigned
mol_29309	train	assigned
mol_29310	train	sampled
mol_29311	train	assigned
mol_29312	train	assigned
mol_29313	train	sampled
mol_29314	train	assigned
mol_29315	train	assigned
mol_29316	train	assigned
mol_29317	val	assigned
mol_29318	train	assigned
mol_29319	train	sampled
mol_29320	train	assigned
mol_29321	train	assigned
mol_29322	train	assigned
mol_29323	train	assigned
mol_29324	train	assigned
mol_29325	train	assigned
mol_29326	train	assigned
mol_29327	train	assigned
mol_29328	test	assigned
mol_29329	train	assigned
mol_29330	train	assigned
mol_29331	test	assigned
mol_29332	test	assigned
mol_29333	test	sampled
mol_29334	test	assigned
mol_29335	train	assigned
mol_29336	test	assigned
mol_29337	test	sampled
mol_29338	val	assigned
mol_29339	train	assigned
mol_29340	test	assigned
mol_29341	train	sampled
mol_29342	train	sampled
mol_29343	train	sampled
mol_29344	train	assigned
mol_29345	train	assigned
mol_29346	train	assigned
mol_29347	train	assigned
mol_29348	train	assigned
mol_29349	train	sampled
mol_29350	val	sampled
mol_29351	val	assigned
mol_29352	train	assigned
mol_29353	train	assigned
mol_29354	train	sampled
mol_29355	train	sampled
mol_29356	train	assigned
mol_29357	train	sampled
mol_29358	train	assigned
mol_29359	train	assigned
mol_29360	train	sampled
mol_29361	train	sampled
mol_29362	train	assigned
mol_29363	train	assigned
mol_29364	train	assigned
mol_29365	train	sampled
mol_29366	train	assigned
mol_29367	train	sampled
mol_29368	train	sampled
mol_29369	train	assigned
mol_29370	train	sampled
mol_29371	train	assigned
mol_29372	train	assigned
mol_29373	train	assigned
mol_29374	train	assigned
mol_29375	train	assigned
mol_29376	train	sampled
mol_29377	train	assigned
mol_29378	train	assigned
mol_29379	train	assigned
mol_29380	train	assigned
mol_29381	train	assigned
mol_29382	test	assigned
mol_29383	train	assigned
mol_29384	val	sampled
mol_29385	val	assigned
mol_29386	train	assigned
mol_29387	train	assigned
mol_29388	train	assigned
mol_29389	train	assigned
mol_29390	train	assigned
mol_29391	train	sampled
mol_29392	train	assigned
mol_29393	train	sampled
mol_29394	train	sampled
mol_29395	train	assigned
mol_29396	train	assigned
mol_29397	train	sampled
mol_29398	train	assigned
mol_29399	train	sampled
mol_29400	train	sampled
mol_29401	train	assigned
mol_29402	train	assigned
mol_29403	train	sampled
mol_29404	train	assigned
mol_29405	val	assigned
mol_29406	train	assigned
mol_29407	train	assigned
mol_29408	test	assigned
mol_29409	test	assigned
mol_29410	val	assigned
mol_29411	val	assigned
mol_29412	train	assigned
mol_29413	train	assigned
mol_29414	train	assigned
mol_29415	train	sampled
mol_29416	train	assigned
mol_29417	train	assigned
mol_29418	train	assigned
mol_29419	train	sampled
mol_29420	train	assigned
mol_29421	train	assigned
mol_29422	train	assigned
mol_29423	train	assigned
mol_29424	train	assigned
mol_29425	train	assigned
mol_29426	val	assigned
mol_29427	train	assigned
mol_29428	train	assigned
mol_29429	train	assigned
mol_29430	train	assigned
mol_29431	train	assigned
mol_29432	train	assigned
mol_29433	train	sampled
mol_29434	train	assigned
mol_29435	train	assigned
mol_29436	train	sampled
mol_29437	train	assigned
mol_29438	train	sampled
mol_29439	train	sampled
mol_29440	train	assigned
mol_29441	train	assigned
mol_29442	val	assigned
mol_29443	val	assigned
mol_29444	val	assigned
mol_29445	val	assigned
mol_29446	val	sampled
mol_29447	val	sampled
mol_29448	val	assigned
mol_29449	test	sampled
mol_29450	test	assigned
mol_29451	train	sampled
mol_29452	train	assigned
mol_29453	train	sampled
mol_29454	val	assigned
mol_29455	train	assigned
mol_29456	train	assigned
mol_29457	test	assigned
mol_29458	train	sampled
mol_29459	train	sampled
mol_29460	val	sampled
mol_29461	train	sampled
mol_29462	train	assigned
mol_29463	train	assigned
mol_29464	train	sampled
mol_29465	train	sampled
mol_29466	train	assigned
mol_29467	train	assigned
mol_29468	train	sampled
mol_29469	train	assigned
mol_29470	train	assigned
mol_29471	test	sampled
mol_29472	train	assigned
mol_29473	train	assigned
mol_29474	test	sampled
mol_29475	test	assigned
mol_29476	train	assigned
mol_29477	test	assigned
mol_29478	train	assigned
mol_29479	train	assigned
mol_29480	train	assigned
mol_29481	train	assigned
mol_29482	train	assigned
mol_29483	train	assigned
mol_29484	train	sampled
mol_29485	train	assigned
mol_29486	train	assigned
mol_29487	train	assigned
mol_29488	train	assigned
mol_29489	train	assigned
mol_29490	train	assigned
mol_29491	train	assigned
mol_29492	train	assigned
mol_29493	train	assigned
mol_29494	train	assigned
mol_29495	train	assigned
mol_29496	train	sampled
mol_29497	train	sampled
mol_29498	train	assigned
mol_29499	train	assigned
mol_29500	train	assigned
mol_29501	train	sampled
mol_29502	train	sampled
mol_29503	train	assigned
mol_29504	test	assigned
mol_29505	test	assigned
mol_29506	test	assigned
mol_29507	val	assigned
mol_29508	test	assigned
mol_29509	test	assigned
mol_29510	test	assigned
mol_29511	test	assigned
mol_29512	test	assigned
mol_29513	test	assigned
mol_29514	test	assigned
mol_29515	val	sampled
mol_29516	val	assigned
mol_29517	train	assigned
mol_29518	train	assigned
mol_29519	train	assigned
mol_29520	train	assigned
mol_29521	train	assigned
mol_29522	train	assigned
mol_29523	train	assigned
mol_29524	train	assigned
mol_29525	train	assigned
mol_29526	train	assigned
mol_29527	train	assigned
mol_29528	train	assigned
mol_29529	train	sampled
mol_29530	train	assigned
mol_29531	train	assigned
mol_29532	train	assigned
mol_29533	train	assigned
mol_29534	train	assigned
mol_29535	train	assigned
mol_29536	train	assigned
mol_29537	train	assigned
mol_29538	train	assigned
mol_29539	train	assigned
mol_29540	train	assigned
mol_29541	train	assigned
mol_29542	train	assigned
mol_29543	train	assigned
mol_29544	train	sampled
mol_29545	train	assigned
mol_29546	train	assigned
mol_29547	train	assigned
mol_29548	train	assigned
mol_29549	train	sampled
mol_29550	train	assigned
mol_29551	train	sampled
mol_29552	val	sampled
mol_29553	train	assigned
mol_29554	val	sampled
mol_29555	train	sampled
mol_29556	train	sampled
mol_29557	train	assigned
mol_29558	val	assigned
mol_29559	val	assigned
mol_29560	val	assigned
mol_29561	val	assigned
mol_29562	val	sampled
mol_29563	val	assigned
mol_29564	val	sampled
mol_29565	val	assigned
mol_29566	train	assigned
mol_29567	train	assigned
mol_29568	train	assigned
mol_29569	train	assigned
mol_29570	val	sampled
mol_29571	val	assigned
mol_29572	val	assigned
mol_29573	train	sampled
mol_29574	train	assigned
mol_29575	train	assigned
mol_29576	train	assigned
mol_29577	train	assigned
mol_29578	train	assigned
mol_29579	train	sampled
mol_29580	train	assigned
mol_29581	train	sampled
mol_29582	train	assigned
mol_29583	train	assigned
mol_29584	val	sampled
mol_29585	test	sampled
mol_29586	test	sampled
mol_29587	test	assigned
mol_29588	train	sampled
mol_29589	val	assigned
mol_29590	train	assigned
mol_29591	train	assigned
mol_29592	train	assigned
mol_29593	train	assigned
mol_29594	train	sampled
mol_29595	train	assigned
mol_29596	test	assigned
mol_29597	train	sampled
mol_29598	val	assigned
mol_29599	val	assigned
mol_29600	val	assigned
mol_29601	train	assigned
mol_29602	train	assigned
mol_29603	train	assigned
mol_29604	train	sampled
mol_29605	train	assigned
mol_29606	train	assigned
mol_29607	train	assigned
mol_29608	train	assigned
mol_29609	train	sampled
mol_29610	val	assigned
mol_29611	val	assigned
mol_29612	train	assigned
mol_29613	train	sampled
mol_29614	train	assigned
mol_29615	train	sampled
mol_29616	train	sampled
mol_29617	train	assigned
mol_29618	train	sampled
mol_29619	train	assigned
mol_29620	train	assigned
mol_29621	train	assigned
mol_29622	val	assigned
mol_29623	train	assigned
mol_29624	train	assigned
mol_29625	train	sampled
mol_29626	train	assigned
mol_29627	train	assigned
mol_29628	val	assigned
mol_29629	val	assigned
mol_29630	train	assigned
mol_29631	train	assigned
mol_29632	train	assigned
mol_29633	train	assigned
mol_29634	val	assigned
mol_29635	val	assigned
mol_29636	train	assigned
mol_29637	train	assigned
mol_29638	train	assigned
mol_29639	train	assigned
mol_29640	train	sampled
mol_29641	train	assigned
mol_29642	train	assigned
mol_29643	train	assigned
mol_29644	val	assigned
mol_29645	train	sampled
mol_29646	train	assigned
mol_29647	train	assigned
mol_29648	train	assigned
mol_29649	train	assigned
mol_29650	train	sampled
mol_29651	train	sampled
mol_29652	train	assigned
mol_29653	train	assigned
mol_29654	train	sampled
mol_29655	train	assigned
mol_29656	train	sampled
mol_29657	train	assigned
mol_29658	train	assigned
mol_29659	train	sampled
mol_29660	train	assigned
mol_29661	train	assigned
mol_29662	train	assigned
mol_29663	train	assigned
mol_29664	train	assigned
mol_29665	train	assigned
mol_29666	train	sampled
mol_29667	train	assigned
mol_29668	train	assigned
mol_29669	train	assigned
mol_29670	train	assigned
mol_29671	val	sampled
mol_29672	train	assigned
mol_29673	train	assigned
mol_29674	train	assigned
mol_29675	train	sampled
mol_29676	train	sampled
mol_29677	train	assigned
mol_29678	train	sampled
mol_29679	val	sampled
mol_29680	train	assigned
mol_29681	train	sampled
mol_29682	train	assigned
mol_29683	train	assigned
mol_29684	train	assigned
mol_29685	train	assigned
mol_29686	train	sampled
mol_29687	train	assigned
mol_29688	train	assigned
mol_29689	train	assigned
mol_29690	train	assigned
mol_29691	train	sampled
mol_29692	train	assigned
mol_29693	train	assigned
mol_29694	train	assigned
mol_29695	val	sampled
mol_29696	train	sampled
mol_29697	train	assigned
mol_29698	train	sampled
mol_29699	train	assigned
mol_29700	val	sampled
mol_29701	val	assigned
mol_29702	test	sampled
mol_29703	test	assigned
mol_29704	test	assigned
mol_29705	val	assigned
mol_29706	train	sampled
mol_29707	val	assigned
mol_29708	val	assigned
mol_29709	train	assigned
mol_29710	val	sampled
mol_29711	val	assigned
mol_29712	train	assigned
mol_29713	train	assigned
mol_29714	train	assigned
mol_29715	train	assigned
mol_29716	val	assigned
mol_29717	val	assigned
mol_29718	train	assigned
mol_29719	train	assigned
mol_29720	train	assigned
mol_29721	val	assigned
mol_29722	val	assigned
mol_29723	train	assigned
mol_29724	val	sampled
mol_29725	train	assigned
mol_29726	val	assigned
mol_29727	val	sampled
mol_29728	train	assigned
mol_29729	train	sampled
mol_29730	train	assigned
mol_29731	train	assigned
mol_29732	train	assigned
mol_29733	train	sampled
mol_29734	train	assigned
mol_29735	train	assigned
mol_29736	train	assigned
mol_29737	train	assigned
mol_29738	train	assigned
mol_29739	train	assigned
mol_29740	train	sampled
mol_29741	train	assigned
mol_29742	train	assigned
mol_29743	train	assigned
mol_29744	train	assigned
mol_29745	test	assigned
mol_29746	train	sampled
mol_29747	test	assigned
mol_29748	test	assigned
mol_29749	val	assigned
mol_29750	val	assigned
mol_29751	train	sampled
mol_29752	val	sampled
mol_29753	train	sampled
mol_29754	train	assigned
mol_29755	train	sampled
mol_29756	train	assigned
mol_29757	train	assigned
mol_29758	val	assigned
mol_29759	train	assigned
mol_29760	train	assigned
mol_29761	train	sampled
mol_29762	train	sampled
mol_29763	train	assigned
mol_29764	train	assigned
mol_29765	train	assigned
mol_29766	train	sampled
mol_29767	train	assigned
mol_29768	train	assigned
mol_29769	val	assigned
mol_29770	val	assigned
mol_29771	val	assigned
mol_29772	val	assigned
mol_29773	val	sampled
mol_29774	train	assigned
mol_29775	train	assigned
mol_29776	train	assigned
mol_29777	train	assigned
mol_29778	train	assigned
mol_29779	train	sampled
mol_29780	train	assigned
mol_29781	train	assigned
mol_29782	train	sampled
mol_29783	train	assigned
mol_29784	train	sampled
mol_29785	train	assigned
mol_29786	train	assigned
mol_29787	val	assigned
mol_29788	train	sampled
mol_29789	train	assigned
mol_29790	train	assigned
mol_29791	train	sampled
mol_29792	train	sampled
mol_29793	train	assigned
mol_29794	train	assigned
mol_29795	val	assigned
mol_29796	val	assigned
mol_29797	val	assigned
mol_29798	train	sampled
mol_29799	train	assigned
mol_29800	val	assigned
mol_29801	train	assigned
mol_29802	train	assigned
mol_29803	train	assigned
mol_29804	val	sampled
mol_29805	val	assigned
mol_29806	train	assigned
mol_29807	train	assigned
mol_29808	train	assigned
mol_29809	train	assigned
mol_29810	train	assigned
mol_29811	train	assigned
mol_29812	train	assigned
mol_29813	train	assigned
mol_29814	train	assigned
mol_29815	train	assigned
mol_29816	train	sampled
mol_29817	train	assigned
mol_29818	train	sampled
mol_29819	train	assigned
mol_29820	train	assigned
mol_29821	train	assigned
mol_29822	test	sampled
mol_29823	train	assigned
mol_29824	train	assigned
mol_29825	train	assigned
mol_29826	train	assigned
mol_29827	train	sampled
mol_29828	val	sampled
mol_29829	train	assigned
mol_29830	train	assigned
mol_29831	train	assigned
mol_29832	train	assigned
mol_29833	train	sampled
mol_29834	train	assigned
mol_29835	train	assigned
mol_29836	train	assigned
mol_29837	train	assigned
mol_29838	train	assigned
mol_29839	train	assigned
mol_29840	train	sampled
mol_29841	train	assigned
mol_29842	train	sampled
mol_29843	train	sampled
mol_29844	train	assigned
mol_29845	train	assigned
mol_29846	train	sampled
mol_29847	train	assigned
mol_29848	train	assigned
mol_29849	val	assigned
mol_29850	val	assigned
mol_29851	train	sampled
mol_29852	val	assigned
mol_29853	val	assigned
mol_29854	val	sampled
mol_29855	test	assigned
mol_29856	train	assigned
mol_29857	val	assigned
mol_29858	val	sampled
mol_29859	train	assigned
mol_29860	train	sampled
mol_29861	train	sampled
mol_29862	train	assigned
mol_29863	test	assigned
mol_29864	train	assigned
mol_29865	val	assigned
mol_29866	val	assigned
mol_29867	train	assigned
mol_29868	val	sampled
mol_29869	val	assigned
mol_29870	val	sampled
mol_29871	train	sampled
mol_29872	train	assigned
mol_29873	test	assigned
mol_29874	test	assigned
mol_29875	val	assigned
mol_29876	val	assigned
mol_29877	train	assigned
mol_29878	train	assigned
mol_29879	train	assigned
mol_29880	train	assigned
mol_29881	train	assigned
mol_29882	test	assigned
mol_29883	train	assigned
mol_29884	test	assigned
mol_29885	train	assigned
mol_29886	train	assigned
mol_29887	val	assigned
mol_29888	train	assigned
mol_29889	test	assigned
mol_29890	test	assigned
mol_29891	train	assigned
mol_29892	val	assigned
mol_29893	test	assigned
mol_29894	test	assigned
mol_29895	train	sampled
mol_29896	train	assigned
mol_29897	train	assigned
mol_29898	train	sampled
mol_29899	train	assigned
mol_29900	val	assigned
mol_29901	test	assigned
mol_29902	val	assigned
mol_29903	test	assigned
mol_29904	test	assigned
mol_29905	train	assigned
mol_29906	train	sampled
mol_29907	train	sampled
mol_29908	train	sampled
mol_29909	train	assigned
mol_29910	val	assigned
mol_29911	val	sampled
mol_29912	train	assigned
mol_29913	val	assigned
mol_29914	val	assigned
mol_29915	train	assigned
mol_29916	train	assigned
mol_29917	train	sampled
mol_29918	train	assigned
mol_29919	train	sampled
mol_29920	train	assigned
mol_29921	train	assigned
mol_29922	val	sampled
mol_29923	val	assigned
mol_29924	val	sampled
mol_29925	val	assigned
mol_29926	val	assigned
mol_29927	val	assigned
mol_29928	val	assigned
mol_29929	val	sampled
mol_29930	train	sampled
mol_29931	train	assigned
mol_29932	val	assigned
mol_29933	val	assigned
mol_29934	val	assigned
mol_29935	val	assigned
mol_29936	val	assigned
mol_29937	val	assigned
mol_29938	train	assigned
mol_29939	val	assigned
mol_29940	train	assigned
mol_29941	val	assigned
mol_29942	train	assigned
mol_29943	val	assigned
mol_29944	train	assigned
mol_29945	val	sampled
mol_29946	val	assigned
mol_29947	train	sampled
mol_29948	val	assigned
mol_29949	train	sampled
mol_29950	val	assigned
mol_29951	val	assigned
mol_29952	train	assigned
mol_29953	train	assigned
mol_29954	train	assigned
mol_29955	train	assigned
mol_29956	train	assigned
mol_29957	train	assigned
mol_29958	train	assigned
mol_29959	train	sampled
mol_29960	train	assigned
mol_29961	train	assigned
mol_29962	train	sampled
mol_29963	train	assigned
mol_29964	train	assigned
mol_29965	train	sampled
mol_29966	train	assigned
mol_29967	train	assigned
mol_29968	train	assigned
mol_29969	train	assigned
mol_29970	train	assigned
mol_29971	test	assigned
mol_29972	train	sampled
mol_29973	train	assigned
mol_29974	test	assigned
mol_29975	test	assigned
mol_29976	val	assigned
mol_29977	val	assigned
mol_29978	train	assigned
mol_29979	val	assigned
mol_29980	train	assigned
mol_29981	val	assigned
mol_29982	test	assigned
mol_29983	test	assigned
mol_29984	train	assigned
mol_29985	val	sampled
mol_29986	val	assigned
mol_29987	train	sampled
mol_29988	train	sampled
mol_29989	test	assigned
mol_29990	train	assigned
mol_29991	train	assigned
mol_29992	train	assigned
mol_29993	train	sampled
mol_29994	val	sampled
mol_29995	train	assigned
mol_29996	train	sampled
mol_29997	train	sampled
mol_29998	val	assigned
mol_29999	val	assigned
mol_30000	train	assigned
mol_30001	test	assigned
mol_30002	train	assigned
mol_30003	val	assigned
mol_30004	train	assigned
mol_30005	train	assigned
mol_30006	val	assigned
mol_30007	test	assigned
mol_30008	val	assigned
mol_30009	val	assigned
mol_30010	val	assigned
mol_30011	train	assigned
mol_30012	train	assigned
mol_30013	test	assigned
mol_30014	train	sampled
mol_30015	val	assigned
mol_30016	test	sampled
mol_30017	test	assigned
mol_30018	val	sampled
mol_30019	val	assigned
mol_30020	val	assigned
mol_30021	val	assigned
mol_30022	val	assigned
mol_30023	train	assigned
mol_30024	train	assigned
mol_30025	train	sampled
mol_30026	train	assigned
mol_30027	val	assigned
mol_30028	val	assigned
mol_30029	val	sampled
mol_30030	val	assigned
mol_30031	val	assigned
mol_30032	val	assigned
mol_30033	val	assigned
mol_30034	val	sampled
mol_30035	train	assigned
mol_30036	train	assigned
mol_30037	train	sampled
mol_30038	train	assigned
mol_30039	train	assigned
mol_30040	train	sampled
mol_30041	train	assigned
mol_30042	train	sampled
mol_30043	train	assigned
mol_30044	train	sampled
mol_30045	train	assigned
mol_30046	train	sampled
mol_30047	val	assigned
mol_30048	val	assigned
mol_30049	val	assigned
mol_30050	val	assigned
mol_30051	train	sampled
mol_30052	train	assigned
mol_30053	val	assigned
mol_30054	val	sampled
mol_30055	train	assigned
mol_30056	train	sampled
mol_30057	train	assigned
mol_30058	train	assigned
mol_30059	train	sampled
mol_30060	train	assigned
mol_30061	train	sampled
mol_30062	train	assigned
mol_30063	train	assigned
mol_30064	train	assigned
mol_30065	train	sampled
mol_30066	train	sampled
mol_30067	train	assigned
mol_30068	train	assigned
mol_30069	val	assigned
mol_30070	train	assigned
mol_30071	train	assigned
mol_30072	train	assigned
mol_30073	train	sampled
mol_30074	train	assigned
mol_30075	train	assigned
mol_30076	train	assigned
mol_30077	train	assigned
mol_30078	train	assigned
mol_30079	train	assigned
mol_30080	train	assigned
mol_30081	train	assigned
mol_30082	train	assigned
mol_30083	train	sampled
mol_30084	train	assigned
mol_30085	train	assigned
mol_30086	train	assigned
mol_30087	val	assigned
mol_30088	train	assigned
mol_30089	train	sampled
mol_30090	train	assigned
mol_30091	train	sampled
mol_30092	train	assigned
mol_30093	train	sampled
mol_30094	train	sampled
mol_30095	train	assigned
mol_30096	train	assigned
mol_30097	train	sampled
mol_30098	train	assigned
mol_30099	val	assigned
mol_30100	train	assigned
mol_30101	val	assigned
mol_30102	train	assigned
mol_30103	train	sampled
mol_30104	train	sampled
mol_30105	train	assigned
mol_30106	val	assigned
mol_30107	train	assigned
mol_30108	train	assigned
mol_30109	train	assigned
mol_30110	train	assigned
mol_30111	train	assigned
mol_30112	train	assigned
mol_30113	train	sampled
mol_30114	train	assigned
mol_30115	train	sampled
mol_30116	train	assigned
mol_30117	train	assigned
mol_30118	train	assigned
mol_30119	train	assigned
mol_30120	train	assigned
mol_30121	train	assigned
mol_30122	train	assigned
mol_30123	train	assigned
mol_30124	train	assigned
mol_30125	train	assigned
mol_30126	train	sampled
mol_30127	train	sampled
mol_30128	train	sampled
mol_30129	train	assigned
mol_30130	train	assigned
mol_30131	train	assigned
mol_30132	train	assigned
mol_30133	train	assigned
mol_30134	train	assigned
mol_30135	train	assigned
mol_30136	train	assigned
mol_30137	train	assigned
mol_30138	train	assigned
mol_30139	train	assigned
mol_30140	train	assigned
mol_30141	train	sampled
mol_30142	train	assigned
mol_30143	test	assigned
mol_30144	train	assigned
mol_30145	train	assigned
mol_30146	test	sampled
mol_30147	train	sampled
mol_30148	val	assigned
mol_30149	train	sampled
mol_30150	train	assigned
mol_30151	val	assigned
mol_30152	train	assigned
mol_30153	val	assigned
mol_30154	train	assigned
mol_30155	train	assigned
mol_30156	train	assigned
mol_30157	train	assigned
mol_30158	train	assigned
mol_30159	train	assigned
mol_30160	train	assigned
mol_30161	train	assigned
mol_30162	train	sampled
mol_30163	train	assigned
mol_30164	train	assigned
mol_30165	val	assigned
mol_30166	train	assigned
mol_30167	val	assigned
mol_30168	train	sampled
mol_30169	train	assigned
mol_30170	train	sampled
mol_30171	train	assigned
mol_30172	val	sampled
mol_30173	val	assigned
mol_30174	train	sampled
mol_30175	train	assigned
mol_30176	val	assigned
mol_30177	val	assigned
mol_30178	train	assigned
mol_30179	val	assigned
mol_30180	val	sampled
mol_30181	train	assigned
mol_30182	train	sampled
mol_30183	train	assigned
mol_30184	train	assigned
mol_30185	train	sampled
mol_30186	train	sampled
mol_30187	train	sampled
mol_30188	val	assigned
mol_30189	val	assigned
mol_30190	val	sampled
mol_30191	train	assigned
mol_30192	train	assigned
mol_30193	val	assigned
mol_30194	train	assigned
mol_30195	train	sampled
mol_30196	train	assigned
mol_30197	train	assigned
mol_30198	train	assigned
mol_30199	train	assigned
mol_30200	train	assigned
mol_30201	train	assigned
mol_30202	train	assigned
mol_30203	train	assigned
mol_30204	train	assigned
mol_30205	train	assigned
mol_30206	train	assigned
mol_30207	train	assigned
mol_30208	train	assigned
mol_30209	train	assigned
mol_30210	train	sampled
mol_30211	train	assigned
mol_30212	train	assigned
mol_30213	train	assigned
mol_30214	train	assigned
mol_30215	train	sampled
mol_30216	test	assigned
mol_30217	train	assigned
mol_30218	train	assigned
mol_30219	test	assigned
mol_30220	train	assigned
mol_30221	train	assigned
mol_30222	train	sampled
mol_30223	train	sampled
mol_30224	train	assigned
mol_30225	train	assigned
mol_30226	train	assigned
mol_30227	train	sampled
mol_30228	train	assigned
mol_30229	train	assigned
mol_30230	train	sampled
mol_30231	train	assigned
mol_30232	train	assigned
mol_30233	train	assigned
mol_30234	train	assigned
mol_30235	train	assigned
mol_30236	train	assigned
mol_30237	train	assigned
mol_30238	train	assigned
mol_30239	test	sampled
mol_30240	train	assigned
mol_30241	train	assigned
mol_30242	train	sampled
mol_30243	train	sampled
mol_30244	train	sampled
mol_30245	train	assigned
mol_30246	val	assigned
mol_30247	train	assigned
mol_30248	train	assigned
mol_30249	train	sampled
mol_30250	train	assigned
mol_30251	train	assigned
mol_30252	test	sampled
mol_30253	train	assigned
mol_30254	train	assigned
mol_30255	train	assigned
mol_30256	test	assigned
mol_30257	train	assigned
mol_30258	train	sampled
mol_30259	train	assigned
mol_30260	train	assigned
mol_30261	train	sampled
mol_30262	train	sampled
mol_30263	train	sampled
mol_30264	train	assigned
mol_30265	val	assigned
mol_30266	train	assigned
mol_30267	train	assigned
mol_30268	val	assigned
mol_30269	val	assigned
mol_30270	val	assigned
mol_30271	val	assigned
mol_30272	val	assigned
mol_30273	val	sampled
mol_30274	train	assigned
mol_30275	train	sampled
mol_30276	train	assigned
mol_30277	val	assigned
mol_30278	train	assigned
mol_30279	train	sampled
mol_30280	train	assigned
mol_30281	train	assigned
mol_30282	val	assigned
mol_30283	val	assigned
mol_30284	val	assigned
mol_30285	train	assigned
mol_30286	train	assigned
mol_30287	train	sampled
mol_30288	train	sampled
mol_30289	train	sampled
mol_30290	val	assigned
mol_30291	train	assigned
mol_30292	val	assigned
mol_30293	train	assigned
mol_30294	train	assigned
mol_30295	train	assigned
mol_30296	val	assigned
mol_30297	train	assigned
mol_30298	train	assigned
mol_30299	train	assigned
mol_30300	train	sampled
mol_30301	train	assigned
mol_30302	train	assigned
mol_30303	train	assigned
mol_30304	train	assigned
mol_30305	train	assigned
mol_30306	train	assigned
mol_30307	train	assigned
mol_30308	train	assigned
mol_30309	val	sampled
mol_30310	val	assigned
mol_30311	train	sampled
mol_30312	train	assigned
mol_30313	train	assigned
mol_30314	train	assigned
mol_30315	train	assigned
mol_30316	train	assigned
mol_30317	train	assigned
mol_30318	train	sampled
mol_30319	train	assigned
mol_30320	test	assigned
mol_30321	train	sampled
mol_30322	train	sampled
mol_30323	train	assigned
mol_30324	train	assigned
mol_30325	test	assigned
mol_30326	test	assigned
mol_30327	test	assigned
mol_30328	test	assigned
mol_30329	train	assigned
mol_30330	train	assigned
mol_30331	val	assigned
mol_30332	train	sampled
mol_30333	train	sampled
mol_30334	test	assigned
mol_30335	train	sampled
mol_30336	train	assigned
mol_30337	train	assigned
mol_30338	train	assigned
mol_30339	train	assigned
mol_30340	train	assigned
mol_30341	val	assigned
mol_30342	val	assigned
mol_30343	val	assigned
mol_30344	val	assigned
mol_30345	val	assigned
mol_30346	train	assigned
mol_30347	test	assigned
mol_30348	train	assigned
mol_30349	train	assigned
mol_30350	train	assigned
mol_30351	train	sampled
mol_30352	train	assigned
mol_30353	test	assigned
mol_30354	train	assigned
mol_30355	val	assigned
mol_30356	val	sampled
mol_30357	val	assigned
mol_30358	val	assigned
mol_30359	train	sampled
mol_30360	train	assigned
mol_30361	train	assigned
mol_30362	train	assigned
mol_30363	train	assigned
mol_30364	train	assigned
mol_30365	test	assigned
mol_30366	train	sampled
mol_30367	train	sampled
mol_30368	train	assigned
mol_30369	train	sampled
mol_30370	train	assigned
mol_30371	test	assigned
mol_30372	test	assigned
mol_30373	val	assigned
mol_30374	train	assigned
mol_30375	train	sampled
mol_30376	train	sampled
mol_30377	train	assigned
mol_30378	train	assigned
mol_30379	train	sampled
mol_30380	train	assigned
mol_30381	train	assigned
mol_30382	train	assigned
mol_30383	train	sampled
mol_30384	train	sampled
mol_30385	train	assigned
mol_30386	train	assigned
mol_30387	train	assigned
mol_30388	train	assigned
mol_30389	train	sampled
mol_30390	train	assigned
mol_30391	train	assigned
mol_30392	train	assigned
mol_30393	train	assigned
mol_30394	train	assigned
mol_30395	train	assigned
mol_30396	train	sampled
mol_30397	train	assigned
mol_30398	train	sampled
mol_30399	train	sampled
mol_30400	train	sampled
mol_30401	train	assigned
mol_30402	train	sampled
mol_30403	train	assigned
mol_30404	train	assigned
mol_30405	train	sampled
mol_30406	train	assigned
mol_30407	train	sampled
mol_30408	train	assigned
mol_30409	train	sampled
mol_30410	train	sampled
mol_30411	train	assigned
mol_30412	train	assigned
mol_30413	train	assigned
mol_30414	train	assigned
mol_30415	train	sampled
mol_30416	train	assigned
mol_30417	train	assigned
mol_30418	train	assigned
mol_30419	train	assigned
mol_30420	train	assigned
mol_30421	train	sampled
mol_30422	train	assigned
mol_30423	train	assigned
mol_30424	train	sampled
mol_30425	train	assigned
mol_30426	train	sampled
mol_30427	val	assigned
mol_30428	val	assigned
mol_30429	val	assigned
mol_30430	val	sampled
mol_30431	val	assigned
mol_30432	val	assigned
mol_30433	val	assigned
mol_30434	val	assigned
mol_30435	train	assigned
mol_30436	val	assigned
mol_30437	val	assigned
mol_30438	val	sampled
mol_30439	train	sampled
mol_30440	train	assigned
mol_30441	train	assigned
mol_30442	train	assigned
mol_30443	train	assigned
mol_30444	test	assigned
mol_30445	train	assigned
mol_30446	test	assigned
mol_30447	test	assigned
mol_30448	train	assigned
mol_30449	test	assigned
mol_30450	test	assigned
mol_30451	train	sampled
mol_30452	test	sampled
mol_30453	test	assigned
mol_30454	train	assigned
mol_30455	train	assigned
mol_30456	train	sampled
mol_30457	train	assigned
mol_30458	train	assigned
mol_30459	train	sampled
mol_30460	train	assigned
mol_30461	train	assigned
mol_30462	train	assigned
mol_30463	train	sampled
mol_30464	train	assigned
mol_30465	train	assigned
mol_30466	train	assigned
mol_30467	val	sampled
mol_30468	train	sampled
mol_30469	train	assigned
mol_30470	train	assigned
mol_30471	train	assigned
mol_30472	train	assigned
mol_30473	train	sampled
mol_30474	train	assigned
mol_30475	test	sampled
mol_30476	train	assigned
mol_30477	train	sampled
mol_30478	test	assigned
mol_30479	train	assigned
mol_30480	train	assigned
mol_30481	train	assigned
mol_30482	train	assigned
mol_30483	train	assigned
mol_30484	train	sampled
mol_30485	val	assigned
mol_30486	train	assigned
mol_30487	train	assigned
mol_30488	train	assigned
mol_30489	train	sampled
mol_30490	train	sampled
mol_30491	train	assigned
mol_30492	train	assigned
mol_30493	train	assigned
mol_30494	val	assigned
mol_30495	val	sampled
mol_30496	train	sampled
mol_30497	val	assigned
mol_30498	train	assigned
mol_30499	train	assigned
mol_30500	train	sampled
mol_30501	val	assigned
mol_30502	train	assigned
mol_30503	train	assigned
mol_30504	train	sampled
mol_30505	train	assigned
mol_30506	train	sampled
mol_30507	train	assigned
mol_30508	train	assigned
mol_30509	train	sampled
mol_30510	train	assigned
mol_30511	train	sampled
mol_30512	train	assigned
mol_30513	val	assigned
mol_30514	train	assigned
mol_30515	val	assigned
mol_30516	train	assigned
mol_30517	train	assigned
mol_30518	train	assigned
mol_30519	train	assigned
mol_30520	train	assigned
mol_30521	train	assigned
mol_30522	train	assigned
mol_30523	train	assigned
mol_30524	train	assigned
mol_30525	train	sampled
mol_30526	train	assigned
mol_30527	train	assigned
mol_30528	train	assigned
mol_30529	train	sampled
mol_30530	train	assigned
mol_30531	train	assigned
mol_30532	train	assigned
mol_30533	train	assigned
mol_30534	train	sampled
mol_30535	train	assigned
mol_30536	train	sampled
mol_30537	train	sampled
mol_30538	train	assigned
mol_30539	train	assigned
mol_30540	train	assigned
mol_30541	train	assigned
mol_30542	train	assigned
mol_30543	train	assigned
mol_30544	train	assigned
mol_30545	train	sampled
mol_30546	train	sampled
mol_30547	train	assigned
mol_30548	train	assigned
mol_30549	train	assigned
mol_30550	train	assigned
mol_30551	train	sampled
mol_30552	train	sampled
mol_30553	train	sampled
mol_30554	train	assigned
mol_30555	train	sampled
mol_30556	train	assigned
mol_30557	train	assigned
mol_30558	train	sampled
mol_30559	train	assigned
mol_30560	train	assigned
mol_30561	train	assigned
mol_30562	train	assigned
mol_30563	val	assigned
mol_30564	val	assigned
mol_30565	train	assigned
mol_30566	val	assigned
mol_30567	train	assigned
mol_30568	train	sampled
mol_30569	train	sampled
mol_30570	train	sampled
mol_30571	val	assigned
mol_30572	train	sampled
mol_30573	train	assigned
mol_30574	val	assigned
mol_30575	train	assigned
mol_30576	train	assigned
mol_30577	train	assigned
mol_30578	train	assigned
mol_30579	train	assigned
mol_30580	train	assigned
mol_30581	train	assigned
mol_30582	train	sampled
mol_30583	train	sampled
mol_30584	val	assigned
mol_30585	val	sampled
mol_30586	train	assigned
mol_30587	train	assigned
mol_30588	train	assigned
mol_30589	val	sampled
mol_30590	val	assigned
mol_30591	val	assigned
mol_30592	train	assigned
mol_30593	val	assigned
mol_30594	train	sampled
mol_30595	val	assigned
mol_30596	val	assigned
mol_30597	train	sampled
mol_30598	val	assigned
mol_30599	val	sampled
mol_30600	val	assigned
mol_30601	val	assigned
mol_30602	train	assigned
mol_30603	train	assigned
mol_30604	train	assigned
mol_30605	train	assigned
mol_30606	train	assigned
mol_30607	train	assigned
mol_30608	train	assigned
mol_30609	train	assigned
mol_30610	train	sampled
mol_30611	train	assigned
mol_30612	train	sampled
mol_30613	train	sampled
mol_30614	train	sampled
mol_30615	train	assigned
mol_30616	train	assigned
mol_30617	train	assigned
mol_30618	train	assigned
mol_30619	train	sampled
mol_30620	train	assigned
mol_30621	train	assigned
mol_30622	train	assigned
mol_30623	train	sampled
mol_30624	train	assigned
mol_30625	train	assigned
mol_30626	train	assigned
mol_30627	train	sampled
mol_30628	val	assigned
mol_30629	train	assigned
mol_30630	val	assigned
mol_30631	train	assigned
mol_30632	train	sampled
mol_30633	val	assigned
mol_30634	val	sampled
mol_30635	train	sampled
mol_30636	test	sampled
mol_30637	train	assigned
mol_30638	train	assigned
mol_30639	train	sampled
mol_30640	train	assigned
mol_30641	train	sampled
mol_30642	train	assigned
mol_30643	val	sampled
mol_30644	val	assigned
mol_30645	val	sampled
mol_30646	val	assigned
mol_30647	val	assigned
mol_30648	val	assigned
mol_30649	train	assigned
mol_30650	train	assigned
mol_30651	train	assigned
mol_30652	train	assigned
mol_30653	train	assigned
mol_30654	train	assigned
mol_30655	train	sampled
mol_30656	train	assigned
mol_30657	val	assigned
mol_30658	val	sampled
mol_30659	val	assigned
mol_30660	val	sampled
mol_30661	val	assigned
mol_30662	val	assigned
mol_30663	val	assigned
mol_30664	val	assigned
mol_30665	train	sampled
mol_30666	train	assigned
mol_30667	train	assigned
mol_30668	train	assigned
mol_30669	train	sampled
mol_30670	train	assigned
mol_30671	train	assigned
mol_30672	train	sampled
mol_30673	train	assigned
mol_30674	train	assigned
mol_30675	train	sampled
mol_30676	train	assigned
mol_30677	test	assigned
mol_30678	test	assigned
mol_30679	val	sampled
mol_30680	val	sampled
mol_30681	train	assigned
mol_30682	train	assigned
mol_30683	train	assigned
mol_30684	train	assigned
mol_30685	val	sampled
mol_30686	val	sampled
mol_30687	val	assigned
mol_30688	train	assigned
mol_30689	val	assigned
mol_30690	train	sampled
mol_30691	val	assigned
mol_30692	train	assigned
mol_30693	train	assigned
mol_30694	train	assigned
mol_30695	train	assigned
mol_30696	train	assigned
mol_30697	train	assigned
mol_30698	train	assigned
mol_30699	train	assigned
mol_30700	train	sampled
mol_30701	train	assigned
mol_30702	train	sampled
mol_30703	train	sampled
mol_30704	train	assigned
mol_30705	train	assigned
mol_30706	train	sampled
mol_30707	train	assigned
mol_30708	train	sampled
mol_30709	train	assigned
mol_30710	train	sampled
mol_30711	train	assigned
mol_30712	train	assigned
mol_30713	train	sampled
mol_30714	train	assigned
mol_30715	train	sampled
mol_30716	train	sampled
mol_30717	train	sampled
mol_30718	train	assigned
mol_30719	train	sampled
mol_30720	train	assigned
mol_30721	train	sampled
mol_30722	test	assigned
mol_30723	train	assigned
mol_30724	test	assigned
mol_30725	test	assigned
mol_30726	test	sampled
mol_30727	train	assigned
mol_30728	train	assigned
mol_30729	train	assigned
mol_30730	train	assigned
mol_30731	train	assigned
mol_30732	train	sampled
mol_30733	train	assigned
mol_30734	train	assigned
mol_30735	train	assigned
mol_30736	train	assigned
mol_30737	val	sampled
mol_30738	train	assigned
mol_30739	train	sampled
mol_30740	train	assigned
mol_30741	train	sampled
mol_30742	train	assigned
mol_30743	train	assigned
mol_30744	train	assigned
mol_30745	train	assigned
mol_30746	val	assigned
mol_30747	val	assigned
mol_30748	val	assigned
mol_30749	val	sampled
mol_30750	train	assigned
mol_30751	train	assigned
mol_30752	train	assigned
mol_30753	train	assigned
mol_30754	train	assigned
mol_30755	train	assigned
mol_30756	train	assigned
mol_30757	train	sampled
mol_30758	train	assigned
mol_30759	train	assigned
mol_30760	train	sampled
mol_30761	train	assigned
mol_30762	train	assigned
mol_30763	train	sampled
mol_30764	train	assigned
mol_30765	train	assigned
mol_30766	test	assigned
mol_30767	train	assigned
mol_30768	train	assigned
mol_30769	train	assigned
mol_30770	val	assigned
mol_30771	train	assigned
mol_30772	train	assigned
mol_30773	train	assigned
mol_30774	train	assigned
mol_30775	train	assigned
mol_30776	train	assigned
mol_30777	val	assigned
mol_30778	train	assigned
mol_30779	train	assigned
mol_30780	val	sampled
mol_30781	val	sampled
mol_30782	val	assigned
mol_30783	val	assigned
mol_30784	val	assigned
mol_30785	val	assigned
mol_30786	val	assigned
mol_30787	val	assigned
mol_30788	val	assigned
mol_30789	train	sampled
mol_30790	train	assigned
mol_30791	train	assigned
mol_30792	train	assigned
mol_30793	train	sampled
mol_30794	val	assigned
mol_30795	train	assigned
mol_30796	val	assigned
mol_30797	train	assigned
mol_30798	train	assigned
mol_30799	val	assigned
mol_30800	val	assigned
mol_30801	val	assigned
mol_30802	val	assigned
mol_30803	train	assigned
mol_30804	train	assigned
mol_30805	val	assigned
mol_30806	val	assigned
mol_30807	train	assigned
mol_30808	val	assigned
mol_30809	val	assigned
mol_30810	train	assigned
mol_30811	val	assigned
mol_30812	train	assigned
mol_30813	val	sampled
mol_30814	train	sampled
mol_30815	val	assigned
mol_30816	train	assigned
mol_30817	train	sampled
mol_30818	train	assigned
mol_30819	val	sampled
mol_30820	val	assigned
mol_30821	train	assigned
mol_30822	train	assigned
mol_30823	train	assigned
mol_30824	val	assigned
mol_30825	val	assigned
mol_30826	val	assigned
mol_30827	train	sampled
mol_30828	train	assigned
mol_30829	val	assigned
mol_30830	train	assigned
mol_30831	train	assigned
mol_30832	val	assigned
mol_30833	val	assigned
mol_30834	val	assigned
mol_30835	val	assigned
mol_30836	val	assigned
mol_30837	val	assigned
mol_30838	val	assigned
mol_30839	train	assigned
mol_30840	val	assigned
mol_30841	val	assigned
mol_30842	train	assigned
mol_30843	val	assigned
mol_30844	train	assigned
mol_30845	train	sampled
mol_30846	train	assigned
mol_30847	train	assigned
mol_30848	train	assigned
mol_30849	train	sampled
mol_30850	train	assigned
mol_30851	train	assigned
mol_30852	train	sampled
mol_30853	train	sampled
mol_30854	train	assigned
mol_30855	train	assigned
mol_30856	train	sampled
mol_30857	train	assigned
mol_30858	train	assigned
mol_30859	train	assigned
mol_30860	train	sampled
mol_30861	train	sampled
mol_30862	train	assigned
mol_30863	train	assigned
mol_30864	val	sampled
mol_30865	train	assigned
mol_30866	val	assigned
mol_30867	train	assigned
mol_30868	train	assigned
mol_30869	train	assigned
mol_30870	val	assigned
mol_30871	train	assigned
mol_30872	train	assigned
mol_30873	train	assigned
mol_30874	train	assigned
mol_30875	train	sampled
mol_30876	train	sampled
mol_30877	train	assigned
mol_30878	train	sampled
mol_30879	train	assigned
mol_30880	train	sampled
mol_30881	train	assigned
mol_30882	val	sampled
mol_30883	val	assigned
mol_30884	val	assigned
mol_30885	val	assigned
mol_30886	val	sampled
mol_30887	val	assigned
mol_30888	val	assigned
mol_30889	train	assigned
mol_30890	train	assigned
mol_30891	train	assigned
mol_30892	train	assigned
mol_30893	train	sampled
mol_30894	train	assigned
mol_30895	train	assigned
mol_30896	train	sampled
mol_30897	train	assigned
mol_30898	train	assigned
mol_30899	val	assigned
mol_30900	train	sampled
mol_30901	train	sampled
mol_30902	train	assigned
mol_30903	train	assigned
mol_30904	train	assigned
mol_30905	val	assigned
mol_30906	val	assigned
mol_30907	val	assigned
mol_30908	val	assigned
mol_30909	val	assigned
mol_30910	train	assigned
mol_30911	train	assigned
mol_30912	val	sampled
mol_30913	val	assigned
mol_30914	train	assigned
mol_30915	val	assigned
mol_30916	val	assigned
mol_30917	val	assigned
mol_30918	train	assigned
mol_30919	train	assigned
mol_30920	train	assigned
mol_30921	val	assigned
mol_30922	val	assigned
mol_30923	val	assigned
mol_30924	val	assigned
mol_30925	val	sampled
mol_30926	val	assigned
mol_30927	val	assigned
mol_30928	val	sampled
mol_30929	val	assigned
mol_30930	val	assigned
mol_30931	train	sampled
mol_30932	train	assigned
mol_30933	val	assigned
mol_30934	val	assigned
mol_30935	val	assigned
mol_30936	val	assigned
mol_30937	test	sampled
mol_30938	test	assigned
mol_30939	test	assigned
mol_30940	test	assigned
mol_30941	test	assigned
mol_30942	train	assigned
mol_30943	train	assigned
mol_30944	train	assigned
mol_30945	train	assigned
mol_30946	train	assigned
mol_30947	val	sampled
mol_30948	val	assigned
mol_30949	test	assigned
mol_30950	test	sampled
mol_30951	test	assigned
mol_30952	test	assigned
mol_30953	train	assigned
mol_30954	train	assigned
mol_30955	train	assigned
mol_30956	train	assigned
mol_30957	train	assigned
mol_30958	train	assigned
mol_30959	train	sampled
mol_30960	train	assigned
mol_30961	train	sampled
mol_30962	val	assigned
mol_30963	train	assigned
mol_30964	test	assigned
mol_30965	test	assigned
mol_30966	val	assigned
mol_30967	train	assigned
mol_30968	val	sampled
mol_30969	val	sampled
mol_30970	train	assigned
mol_30971	test	assigned
mol_30972	test	assigned
mol_30973	test	assigned
mol_30974	test	assigned
mol_30975	train	sampled
mol_30976	train	assigned
mol_30977	val	assigned
mol_30978	train	assigned
mol_30979	train	assigned
mol_30980	train	assigned
mol_30981	val	assigned
mol_30982	train	assigned
mol_30983	train	assigned
mol_30984	val	assigned
mol_30985	test	assigned
mol_30986	test	assigned
mol_30987	train	assigned
mol_30988	train	assigned
mol_30989	val	assigned
mol_30990	val	assigned
mol_30991	val	sampled
mol_30992	val	assigned
mol_30993	train	sampled
mol_30994	train	sampled
mol_30995	train	sampled
mol_30996	test	assigned
mol_30997	train	sampled
mol_30998	train	assigned
mol_30999	train	sampled
mol_31000	train	assigned
mol_31001	val	assigned
mol_31002	train	assigned
mol_31003	val	assigned
mol_31004	train	assigned
mol_31005	val	assigned
mol_31006	val	assigned
mol_31007	train	assigned
mol_31008	train	assigned
mol_31009	train	assigned
mol_31010	train	assigned
mol_31011	train	sampled
mol_31012	train	assigned
mol_31013	val	assigned
mol_31014	train	assigned
mol_31015	train	assigned
mol_31016	train	assigned
mol_31017	val	assigned
mol_31018	train	sampled
mol_31019	train	assigned
mol_31020	train	assigned
mol_31021	train	assigned
mol_31022	train	sampled
mol_31023	train	sampled
mol_31024	train	assigned
mol_31025	train	sampled
mol_31026	train	assigned
mol_31027	train	assigned
mol_31028	train	sampled
mol_31029	train	assigned
mol_31030	test	assigned
mol_31031	val	assigned
mol_31032	val	assigned
mol_31033	val	sampled
mol_31034	train	sampled
mol_31035	val	assigned
mol_31036	val	assigned
mol_31037	val	assigned
mol_31038	train	assigned
mol_31039	train	assigned
mol_31040	val	assigned
mol_31041	train	assigned
mol_31042	train	assigned
mol_31043	train	sampled
mol_31044	train	assigned
mol_31045	train	sampled
mol_31046	train	assigned
mol_31047	val	assigned
mol_31048	val	assigned
mol_31049	train	assigned
mol_31050	train	assigned
mol_31051	test	assigned
mol_31052	train	assigned
mol_31053	train	assigned
mol_31054	train	assigned
mol_31055	train	assigned
mol_31056	train	assigned
mol_31057	train	assigned
mol_31058	train	assigned
mol_31059	test	assigned
mol_31060	test	assigned
mol_31061	val	assigned
mol_31062	test	assigned
mol_31063	val	assigned
mol_31064	val	assigned
mol_31065	train	assigned
mol_31066	train	assigned
mol_31067	test	sampled
mol_31068	train	assigned
mol_31069	train	sampled
mol_31070	train	sampled
mol_31071	val	assigned
mol_31072	train	assigned
mol_31073	train	assigned
mol_31074	train	assigned
mol_31075	train	assigned
mol_31076	train	assigned
mol_31077	train	sampled
mol_31078	train	assigned
mol_31079	train	sampled
mol_31080	train	assigned
mol_31081	train	assigned
mol_31082	train	sampled
mol_31083	train	assigned
mol_31084	train	assigned
mol_31085	train	assigned
mol_31086	train	assigned
mol_31087	train	assigned
mol_31088	train	sampled
mol_31089	train	sampled
mol_31090	train	assigned
mol_31091	train	sampled
mol_31092	train	sampled
mol_31093	val	assigned
mol_31094	val	assigned
mol_31095	train	assigned
mol_31096	val	assigned
mol_31097	val	assigned
mol_31098	val	sampled
mol_31099	val	assigned
mol_31100	train	assigned
mol_31101	train	sampled
mol_31102	train	sampled
mol_31103	train	assigned
mol_31104	train	assigned
mol_31105	train	assigned
mol_31106	train	assigned
mol_31107	train	assigned
mol_31108	train	sampled
mol_31109	train	assigned
mol_31110	train	assigned
mol_31111	train	sampled
mol_31112	train	sampled
mol_31113	train	assigned
mol_31114	train	sampled
mol_31115	train	assigned
mol_31116	train	assigned
mol_31117	train	assigned
mol_31118	train	assigned
mol_31119	train	assigned
mol_31120	train	assigned
mol_31121	train	sampled
mol_31122	train	assigned
mol_31123	train	assigned
mol_31124	train	assigned
mol_31125	train	assigned
mol_31126	train	sampled
mol_31127	train	sampled
mol_31128	train	assigned
mol_31129	train	assigned
mol_31130	train	assigned
mol_31131	train	assigned
mol_31132	train	assigned
mol_31133	train	sampled
mol_31134	train	sampled
mol_31135	train	assigned
mol_31136	val	assigned
mol_31137	train	assigned
mol_31138	train	assigned
mol_31139	train	sampled
mol_31140	train	assigned
mol_31141	train	assigned
mol_31142	train	assigned
mol_31143	train	assigned
mol_31144	train	assigned
mol_31145	train	sampled
mol_31146	train	assigned
mol_31147	val	sampled
mol_31148	val	sampled
mol_31149	val	assigned
mol_31150	val	assigned
mol_31151	val	sampled
mol_31152	val	assigned
mol_31153	val	assigned
mol_31154	val	assigned
mol_31155	train	assigned
mol_31156	train	assigned
mol_31157	train	assigned
mol_31158	train	assigned
mol_31159	train	sampled
mol_31160	train	assigned
mol_31161	train	assigned
mol_31162	train	assigned
mol_31163	train	sampled
mol_31164	train	sampled
mol_31165	train	sampled
mol_31166	train	assigned
mol_31167	train	sampled
mol_31168	train	assigned
mol_31169	train	assigned
mol_31170	train	assigned
mol_31171	train	sampled
mol_31172	train	assigned
mol_31173	train	sampled
mol_31174	train	assigned
mol_31175	train	assigned
mol_31176	train	assigned
mol_31177	train	assigned
mol_31178	train	assigned
mol_31179	train	assigned
mol_31180	train	assigned
mol_31181	train	assigned
mol_31182	val	assigned
mol_31183	train	sampled
mol_31184	val	assigned
mol_31185	train	assigned
mol_31186	train	assigned
mol_31187	val	assigned
mol_31188	train	assigned
mol_31189	val	assigned
mol_31190	train	assigned
mol_31191	train	assigned
mol_31192	test	assigned
mol_31193	train	assigned
mol_31194	train	sampled
mol_31195	train	assigned
mol_31196	train	assigned
mol_31197	train	assigned
mol_31198	train	assigned
mol_31199	train	assigned
mol_31200	train	sampled
mol_31201	test	assigned
mol_31202	test	sampled
mol_31203	test	assigned
mol_31204	train	sampled
mol_31205	train	assigned
mol_31206	train	sampled
mol_31207	train	assigned
mol_31208	train	sampled
mol_31209	train	assigned
mol_31210	train	sampled
mol_31211	train	assigned
mol_31212	train	assigned
mol_31213	train	assigned
mol_31214	test	assigned
mol_31215	test	sampled
mol_31216	test	assigned
mol_31217	test	assigned
mol_31218	test	assigned
mol_31219	val	assigned
mol_31220	val	sampled
mol_31221	train	assigned
mol_31222	val	assigned
mol_31223	val	sampled
mol_31224	val	assigned
mol_31225	train	assigned
mol_31226	train	assigned
mol_31227	val	assigned
mol_31228	val	sampled
mol_31229	val	assigned
mol_31230	train	sampled
mol_31231	val	assigned
mol_31232	train	assigned
mol_31233	val	assigned
mol_31234	val	assigned
mol_31235	val	assigned
mol_31236	train	sampled
mol_31237	train	assigned
mol_31238	train	assigned
mol_31239	val	assigned
mol_31240	train	assigned
mol_31241	train	sampled
mol_31242	train	sampled
mol_31243	train	sampled
mol_31244	train	assigned
mol_31245	train	assigned
mol_31246	train	assigned
mol_31247	val	assigned
mol_31248	train	sampled
mol_31249	train	assigned
mol_31250	train	assigned
mol_31251	train	sampled
mol_31252	train	assigned
mol_31253	train	sampled
mol_31254	train	assigned
mol_31255	train	assigned
mol_31256	train	assigned
mol_31257	train	assigned
mol_31258	train	sampled
mol_31259	val	assigned
mol_31260	train	assigned
mol_31261	train	assigned
mol_31262	test	assigned
mol_31263	test	assigned
mol_31264	train	sampled
mol_31265	train	assigned
mol_31266	train	assigned
mol_31267	train	assigned
mol_31268	val	sampled
mol_31269	val	sampled
mol_31270	train	sampled
mol_31271	train	sampled
mol_31272	train	assigned
mol_31273	train	assigned
mol_31274	train	assigned
mol_31275	val	assigned
mol_31276	train	sampled
mol_31277	train	assigned
mol_31278	train	assigned
mol_31279	train	assigned
mol_31280	train	sampled
mol_31281	train	assigned
mol_31282	train	assigned
mol_31283	train	assigned
mol_31284	train	assigned
mol_31285	train	assigned
mol_31286	train	assigned
mol_31287	test	assigned
mol_31288	train	assigned
mol_31289	test	assigned
mol_31290	train	assigned
mol_31291	train	sampled
mol_31292	train	sampled
mol_31293	train	assigned
mol_31294	train	assigned
mol_31295	train	sampled
mol_31296	train	assigned
mol_31297	train	sampled
mol_31298	val	sampled
mol_31299	val	assigned
mol_31300	train	assigned
mol_31301	train	assigned
mol_31302	train	assigned
mol_31303	train	assigned
mol_31304	train	sampled
mol_31305	train	assigned
mol_31306	train	assigned
mol_31307	train	sampled
mol_31308	train	assigned
mol_31309	train	assigned
mol_31310	train	sampled
mol_31311	train	assigned
mol_31312	train	assigned
mol_31313	train	assigned
mol_31314	train	assigned
mol_31315	train	assigned
mol_31316	train	sampled
mol_31317	train	assigned
mol_31318	train	assigned
mol_31319	train	assigned
mol_31320	train	assigned
mol_31321	train	assigned
mol_31322	train	assigned
mol_31323	train	assigned
mol_31324	train	assigned
mol_31325	train	sampled
mol_31326	train	assigned
mol_31327	train	sampled
mol_31328	train	assigned
mol_31329	train	assigned
mol_31330	train	assigned
mol_31331	train	assigned
mol_31332	train	assigned
mol_31333	train	assigned
mol_31334	train	assigned
mol_31335	val	assigned
mol_31336	train	assigned
mol_31337	train	assigned
mol_31338	train	assigned
mol_31339	train	assigned
mol_31340	train	assigned
mol_31341	train	sampled
mol_31342	train	sampled
mol_31343	train	assigned
mol_31344	train	assigned
mol_31345	train	assigned
mol_31346	train	assigned
mol_31347	train	assigned
mol_31348	train	assigned
mol_31349	train	assigned
mol_31350	train	assigned
mol_31351	val	assigned
mol_31352	test	assigned
mol_31353	test	assigned
mol_31354	train	assigned
mol_31355	val	assigned
mol_31356	train	assigned
mol_31357	train	sampled
mol_31358	train	assigned
mol_31359	train	assigned
mol_31360	train	assigned
mol_31361	train	assigned
mol_31362	train	assigned
mol_31363	train	assigned
mol_31364	train	assigned
mol_31365	train	assigned
mol_31366	train	assigned
mol_31367	train	assigned
mol_31368	train	assigned
mol_31369	train	sampled
mol_31370	train	assigned
mol_31371	train	assigned
mol_31372	train	sampled
mol_31373	train	sampled
mol_31374	train	assigned
mol_31375	test	sampled
mol_31376	test	assigned
mol_31377	train	sampled
mol_31378	train	sampled
mol_31379	val	assigned
mol_31380	train	assigned
mol_31381	test	assigned
mol_31382	train	sampled
mol_31383	train	assigned
mol_31384	train	sampled
mol_31385	train	assigned
mol_31386	train	assigned
mol_31387	train	sampled
mol_31388	val	sampled
mol_31389	train	assigned
mol_31390	train	assigned
mol_31391	train	sampled
mol_31392	train	assigned
mol_31393	train	assigned
mol_31394	train	assigned
mol_31395	train	assigned
mol_31396	train	assigned
mol_31397	train	sampled
mol_31398	train	assigned
mol_31399	train	assigned
mol_31400	train	assigned
mol_31401	test	assigned
mol_31402	train	assigned
mol_31403	train	sampled
mol_31404	train	assigned
mol_31405	train	sampled
mol_31406	train	assigned
mol_31407	test	assigned
mol_31408	train	sampled
mol_31409	train	assigned
mol_31410	test	assigned
mol_31411	test	assigned
mol_31412	test	assigned
mol_31413	test	sampled
mol_31414	test	assigned
mol_31415	train	assigned
mol_31416	train	assigned
mol_31417	train	assigned
mol_31418	train	assigned
mol_31419	test	assigned
mol_31420	test	assigned
mol_31421	train	assigned
mol_31422	train	assigned
mol_31423	val	assigned
mol_31424	train	sampled
mol_31425	train	sampled
mol_31426	train	sampled
mol_31427	val	assigned
mol_31428	val	sampled
mol_31429	train	assigned
mol_31430	train	sampled
mol_31431	train	assigned
mol_31432	test	sampled
mol_31433	test	assigned
mol_31434	train	sampled
mol_31435	train	assigned
mol_31436	train	sampled
mol_31437	val	assigned
mol_31438	train	assigned
mol_31439	train	assigned
mol_31440	train	assigned
mol_31441	train	sampled
mol_31442	train	assigned
mol_31443	train	assigned
mol_31444	train	sampled
mol_31445	train	assigned
mol_31446	train	assigned
mol_31447	train	assigned
mol_31448	train	assigned
mol_31449	train	assigned
mol_31450	train	sampled
mol_31451	train	assigned
mol_31452	train	assigned
mol_31453	train	sampled
mol_31454	train	assigned
mol_31455	train	assigned
mol_31456	train	sampled
mol_31457	train	sampled
mol_31458	train	assigned
mol_31459	train	sampled
mol_31460	train	sampled
mol_31461	val	assigned
mol_31462	val	sampled
mol_31463	train	assigned
mol_31464	train	assigned
mol_31465	train	sampled
mol_31466	train	assigned
mol_31467	train	assigned
mol_31468	train	assigned
mol_31469	train	assigned
mol_31470	train	assigned
mol_31471	val	assigned
mol_31472	val	assigned
mol_31473	train	assigned
mol_31474	train	sampled
mol_31475	train	sampled
mol_31476	val	assigned
mol_31477	val	assigned
mol_31478	train	sampled
mol_31479	train	sampled
mol_31480	train	assigned
mol_31481	train	assigned
mol_31482	val	assigned
mol_31483	train	assigned
mol_31484	val	assigned
mol_31485	train	assigned
mol_31486	train	assigned
mol_31487	train	assigned
mol_31488	val	sampled
mol_31489	val	assigned
mol_31490	train	sampled
mol_31491	val	assigned
mol_31492	val	assigned
mol_31493	test	sampled
mol_31494	train	sampled
mol_31495	train	sampled
mol_31496	train	assigned
mol_31497	val	assigned
mol_31498	test	assigned
mol_31499	train	assigned
mol_31500	train	sampled
mol_31501	train	assigned
mol_31502	train	assigned
mol_31503	train	assigned
mol_31504	train	assigned
mol_31505	train	sampled
mol_31506	train	assigned
mol_31507	train	assigned
mol_31508	train	assigned
mol_31509	train	assigned
mol_31510	train	assigned
mol_31511	train	sampled
mol_31512	train	assigned
mol_31513	train	assigned
mol_31514	train	assigned
mol_31515	train	sampled
mol_31516	train	assigned
mol_31517	train	sampled
mol_31518	train	assigned
mol_31519	train	assigned
mol_31520	train	assigned
mol_31521	train	assigned
mol_31522	train	sampled
mol_31523	train	assigned
mol_31524	train	assigned
mol_31525	train	sampled
mol_31526	train	sampled
mol_31527	train	assigned
mol_31528	train	assigned
mol_31529	train	sampled
mol_31530	train	assigned
mol_31531	test	assigned
mol_31532	test	assigned
mol_31533	test	assigned
mol_31534	test	assigned
mol_31535	train	assigned
mol_31536	train	sampled
mol_31537	val	assigned
mol_31538	val	assigned
mol_31539	val	sampled
mol_31540	train	sampled
mol_31541	val	assigned
mol_31542	val	sampled
mol_31543	train	assigned
mol_31544	val	assigned
mol_31545	train	assigned
mol_31546	train	sampled
mol_31547	train	assigned
mol_31548	val	sampled
mol_31549	test	assigned
mol_31550	test	sampled
mol_31551	test	assigned
mol_31552	test	assigned
mol_31553	test	assigned
mol_31554	test	assigned
mol_31555	test	assigned
mol_31556	test	assigned
mol_31557	test	assigned
mol_31558	test	assigned
mol_31559	test	assigned
mol_31560	test	assigned
mol_31561	train	assigned
mol_31562	train	sampled
mol_31563	train	sampled
mol_31564	train	assigned
mol_31565	train	assigned
mol_31566	train	assigned
mol_31567	train	sampled
mol_31568	train	assigned
mol_31569	train	assigned
mol_31570	train	assigned
mol_31571	train	sampled
mol_31572	test	sampled
mol_31573	test	assigned
mol_31574	test	assigned
mol_31575	test	assigned
mol_31576	train	sampled
mol_31577	train	sampled
mol_31578	train	assigned
mol_31579	test	assigned
mol_31580	train	sampled
mol_31581	train	sampled
mol_31582	train	assigned
mol_31583	train	assigned
mol_31584	train	sampled
mol_31585	train	assigned
mol_31586	test	assigned
mol_31587	train	assigned
mol_31588	train	assigned
mol_31589	train	assigned
mol_31590	train	sampled
mol_31591	train	sampled
mol_31592	train	assigned
mol_31593	test	assigned
mol_31594	train	assigned
mol_31595	train	assigned
mol_31596	train	assigned
mol_31597	train	assigned
mol_31598	train	assigned
mol_31599	test	assigned
mol_31600	train	assigned
mol_31601	train	assigned
mol_31602	train	sampled
mol_31603	train	sampled
mol_31604	train	sampled
mol_31605	train	assigned
mol_31606	train	sampled
mol_31607	train	sampled
mol_31608	train	sampled
mol_31609	train	assigned
mol_31610	train	sampled
mol_31611	train	assigned
mol_31612	train	assigned
mol_31613	train	assigned
mol_31614	train	assigned
mol_31615	val	assigned
mol_31616	train	assigned
mol_31617	train	assigned
mol_31618	train	sampled
mol_31619	test	sampled
mol_31620	val	assigned
mol_31621	train	assigned
mol_31622	train	assigned
mol_31623	train	sampled
mol_31624	train	assigned
mol_31625	val	assigned
mol_31626	val	sampled
mol_31627	train	assigned
mol_31628	train	assigned
mol_31629	train	assigned
mol_31630	train	sampled
mol_31631	train	assigned
mol_31632	train	assigned
mol_31633	train	assigned
mol_31634	train	assigned
mol_31635	train	assigned
mol_31636	train	assigned
mol_31637	train	assigned
mol_31638	train	assigned
mol_31639	train	assigned
mol_31640	train	assigned
mol_31641	train	assigned
mol_31642	train	assigned
mol_31643	train	sampled
mol_31644	train	assigned
mol_31645	train	assigned
mol_31646	train	assigned
mol_31647	train	assigned
mol_31648	train	sampled
mol_31649	train	assigned
mol_31650	train	sampled
mol_31651	test	sampled
mol_31652	train	sampled
mol_31653	train	assigned
mol_31654	train	assigned
mol_31655	val	assigned
mol_31656	test	assigned
mol_31657	train	sampled
mol_31658	train	assigned
mol_31659	train	assigned
mol_31660	train	assigned
mol_31661	train	assigned
mol_31662	train	assigned
mol_31663	train	assigned
mol_31664	train	sampled
mol_31665	train	sampled
mol_31666	train	assigned
mol_31667	train	assigned
mol_31668	train	sampled
mol_31669	train	assigned
mol_31670	train	assigned
mol_31671	train	assigned
mol_31672	train	assigned
mol_31673	val	assigned
mol_31674	train	sampled
mol_31675	train	assigned
mol_31676	val	assigned
mol_31677	train	assigned
mol_31678	test	assigned
mol_31679	train	assigned
mol_31680	test	assigned
mol_31681	test	assigned
mol_31682	train	assigned
mol_31683	test	assigned
mol_31684	train	sampled
mol_31685	train	assigned
mol_31686	train	assigned
mol_31687	train	assigned
mol_31688	train	assigned
mol_31689	train	assigned
mol_31690	train	assigned
mol_31691	train	assigned
mol_31692	train	assigned
mol_31693	train	assigned
mol_31694	train	assigned
mol_31695	train	sampled
mol_31696	train	assigned
mol_31697	train	sampled
mol_31698	train	assigned
mol_31699	train	assigned
mol_31700	train	sampled
mol_31701	train	assigned
mol_31702	train	sampled
mol_31703	test	assigned
mol_31704	train	sampled
mol_31705	train	assigned
mol_31706	train	assigned
mol_31707	train	assigned
mol_31708	train	sampled
mol_31709	train	assigned
mol_31710	train	assigned
mol_31711	train	assigned
mol_31712	train	assigned
mol_31713	train	sampled
mol_31714	train	sampled
mol_31715	train	sampled
mol_31716	train	assigned
mol_31717	train	assigned
mol_31718	train	assigned
mol_31719	train	assigned
mol_31720	train	assigned
mol_31721	train	assigned
mol_31722	train	assigned
mol_31723	train	assigned
mol_31724	train	assigned
mol_31725	train	assigned
mol_31726	train	assigned
mol_31727	train	assigned
mol_31728	train	assigned
mol_31729	train	assigned
mol_31730	train	assigned
mol_31731	train	sampled
mol_31732	train	sampled
mol_31733	train	sampled
mol_31734	val	assigned
mol_31735	val	assigned
mol_31736	val	sampled
mol_31737	val	assigned
mol_31738	train	assigned
mol_31739	val	assigned
mol_31740	train	assigned
mol_31741	train	sampled
mol_31742	train	assigned
mol_31743	val	assigned
mol_31744	val	assigned
mol_31745	val	assigned
mol_31746	val	assigned
mol_31747	val	assigned
mol_31748	val	sampled
mol_31749	train	assigned
mol_31750	train	assigned
mol_31751	val	assigned
mol_31752	val	assigned
mol_31753	val	assigned
mol_31754	train	assigned
mol_31755	val	assigned
mol_31756	test	assigned
mol_31757	val	sampled
mol_31758	train	sampled
mol_31759	train	assigned
mol_31760	train	assigned
mol_31761	train	assigned
mol_31762	train	assigned
mol_31763	train	assigned
mol_31764	test	sampled
mol_31765	train	assigned
mol_31766	train	assigned
mol_31767	train	assigned
mol_31768	train	assigned
mol_31769	train	assigned
mol_31770	train	assigned
mol_31771	train	sampled
mol_31772	val	assigned
mol_31773	train	sampled
mol_31774	train	sampled
mol_31775	train	sampled
mol_31776	train	assigned
mol_31777	train	assigned
mol_31778	train	assigned
mol_31779	train	assigned
mol_31780	train	assigned
mol_31781	test	assigned
mol_31782	val	sampled
mol_31783	val	assigned
mol_31784	train	assigned
mol_31785	train	assigned
mol_31786	val	assigned
mol_31787	train	assigned
mol_31788	train	assigned
mol_31789	train	sampled
mol_31790	train	assigned
mol_31791	test	assigned
mol_31792	train	assigned
mol_31793	train	assigned
mol_31794	train	assigned
mol_31795	val	assigned
mol_31796	train	assigned
mol_31797	train	assigned
mol_31798	train	assigned
mol_31799	test	assigned
mol_31800	train	sampled
mol_31801	train	assigned
mol_31802	val	assigned
mol_31803	test	assigned
mol_31804	train	assigned
mol_31805	train	assigned
mol_31806	train	sampled
mol_31807	train	assigned
mol_31808	test	assigned
mol_31809	train	assigned
mol_31810	train	assigned
mol_31811	train	sampled
mol_31812	train	assigned
mol_31813	train	sampled
mol_31814	train	sampled
mol_31815	train	assigned
mol_31816	train	assigned
mol_31817	train	sampled
mol_31818	train	assigned
mol_31819	train	assigned
mol_31820	train	sampled
mol_31821	train	assigned
mol_31822	train	assigned
mol_31823	train	assigned
mol_31824	train	assigned
mol_31825	train	assigned
mol_31826	train	assigned
mol_31827	train	assigned
mol_31828	train	assigned
mol_31829	train	assigned
mol_31830	train	sampled
mol_31831	val	assigned
mol_31832	train	assigned
mol_31833	train	assigned
mol_31834	train	assigned
mol_31835	train	assigned
mol_31836	train	assigned
mol_31837	train	assigned
mol_31838	train	assigned
mol_31839	train	assigned
mol_31840	train	sampled
mol_31841	train	assigned
mol_31842	train	assigned
mol_31843	train	assigned
mol_31844	train	assigned
mol_31845	train	assigned
mol_31846	train	assigned
mol_31847	train	assigned
mol_31848	train	assigned
mol_31849	train	assigned
mol_31850	train	assigned
mol_31851	train	sampled
mol_31852	train	assigned
mol_31853	train	sampled
mol_31854	train	sampled
mol_31855	train	sampled
mol_31856	train	assigned
mol_31857	train	assigned
mol_31858	train	sampled
mol_31859	train	assigned
mol_31860	val	assigned
mol_31861	train	sampled
mol_31862	train	assigned
mol_31863	train	assigned
mol_31864	train	sampled
mol_31865	val	assigned
mol_31866	val	sampled
mol_31867	val	sampled
mol_31868	train	assigned
mol_31869	train	assigned
mol_31870	train	assigned
mol_31871	train	sampled
mol_31872	train	sampled
mol_31873	train	sampled
mol_31874	train	sampled
mol_31875	train	assigned
mol_31876	train	assigned
mol_31877	train	assigned
mol_31878	train	assigned
mol_31879	train	assigned
mol_31880	train	assigned
mol_31881	train	assigned
mol_31882	train	sampled
mol_31883	train	assigned
mol_31884	train	assigned
mol_31885	train	assigned
mol_31886	train	sampled
mol_31887	train	assigned
mol_31888	train	assigned
mol_31889	train	assigned
mol_31890	train	assigned
mol_31891	train	assigned
mol_31892	train	assigned
mol_31893	train	assigned
mol_31894	train	assigned
mol_31895	train	assigned
mol_31896	train	assigned
mol_31897	train	assigned
mol_31898	val	assigned
mol_31899	train	assigned
mol_31900	test	assigned
mol_31901	train	assigned
mol_31902	train	assigned
mol_31903	train	assigned
mol_31904	train	sampled
mol_31905	train	assigned
mol_31906	train	assigned
mol_31907	train	assigned
mol_31908	train	assigned
mol_31909	train	assigned
mol_31910	train	assigned
mol_31911	train	assigned
mol_31912	train	assigned
mol_31913	train	assigned
mol_31914	train	sampled
mol_31915	train	sampled
mol_31916	train	assigned
mol_31917	train	sampled
mol_31918	train	assigned
mol_31919	train	assigned
mol_31920	train	assigned
mol_31921	train	assigned
mol_31922	train	assigned
mol_31923	val	assigned
mol_31924	val	assigned
mol_31925	train	sampled
mol_31926	train	assigned
mol_31927	train	sampled
mol_31928	test	assigned
mol_31929	test	sampled
mol_31930	test	assigned
mol_31931	test	sampled
mol_31932	train	assigned
mol_31933	train	assigned
mol_31934	train	assigned
mol_31935	train	sampled
mol_31936	train	assigned
mol_31937	train	sampled
mol_31938	train	assigned
mol_31939	train	sampled
mol_31940	train	sampled
mol_31941	train	sampled
mol_31942	train	sampled
mol_31943	train	assigned
mol_31944	train	sampled
mol_31945	train	assigned
mol_31946	train	assigned
mol_31947	test	assigned
mol_31948	test	sampled
mol_31949	test	assigned
mol_31950	test	assigned
mol_31951	test	sampled
mol_31952	test	sampled
mol_31953	test	sampled
mol_31954	train	assigned
mol_31955	train	assigned
mol_31956	train	assigned
mol_31957	train	assigned
mol_31958	train	assigned
mol_31959	val	assigned
mol_31960	train	assigned
mol_31961	train	assigned
mol_31962	train	assigned
mol_31963	train	assigned
mol_31964	train	sampled
mol_31965	val	assigned
mol_31966	train	assigned
mol_31967	train	assigned
mol_31968	train	assigned
mol_31969	train	assigned
mol_31970	train	assigned
mol_31971	train	assigned
mol_31972	val	assigned
mol_31973	train	assigned
mol_31974	train	assigned
mol_31975	train	assigned
mol_31976	train	assigned
mol_31977	train	assigned
mol_31978	train	assigned
mol_31979	train	assigned
mol_31980	train	assigned
mol_31981	train	assigned
mol_31982	train	assigned
mol_31983	train	assigned
mol_31984	train	assigned
mol_31985	train	assigned
mol_31986	train	assigned
mol_31987	test	assigned
mol_31988	test	sampled
mol_31989	test	assigned
mol_31990	train	assigned
mol_31991	test	assigned
mol_31992	train	sampled
mol_31993	test	assigned
mol_31994	train	assigned
mol_31995	train	assigned
mol_31996	train	assigned
mol_31997	test	assigned
mol_31998	train	sampled
mol_31999	train	sampled
mol_32000	train	sampled
mol_32001	train	assigned
mol_32002	train	assigned
mol_32003	train	assigned
mol_32004	train	sampled
mol_32005	train	assigned
mol_32006	train	assigned
mol_32007	train	assigned
mol_32008	train	assigned
mol_32009	train	assigned
mol_32010	train	sampled
mol_32011	train	assigned
mol_32012	train	assigned
mol_32013	train	sampled
mol_32014	train	sampled
mol_32015	train	assigned
mol_32016	train	assigned
mol_32017	train	assigned
mol_32018	train	assigned
mol_32019	train	sampled
mol_32020	train	assigned
mol_32021	train	assigned
mol_32022	train	assigned
mol_32023	train	sampled
mol_32024	train	assigned
mol_32025	train	assigned
mol_32026	train	assigned
mol_32027	train	assigned
mol_32028	train	sampled
mol_32029	train	sampled
mol_32030	train	sampled
mol_32031	train	assigned
mol_32032	test	assigned
mol_32033	test	assigned
mol_32034	test	assigned
mol_32035	test	sampled
mol_32036	test	assigned
mol_32037	train	assigned
mol_32038	train	sampled
mol_32039	train	assigned
mol_32040	train	sampled
mol_32041	train	assigned
mol_32042	train	sampled
mol_32043	train	assigned
mol_32044	train	sampled
mol_32045	train	sampled
mol_32046	train	assigned
mol_32047	train	assigned
mol_32048	train	assigned
mol_32049	train	assigned
mol_32050	train	assigned
mol_32051	train	assigned
mol_32052	train	assigned
mol_32053	train	sampled
mol_32054	train	assigned
mol_32055	train	sampled
mol_32056	train	assigned
mol_32057	train	assigned
mol_32058	train	assigned
mol_32059	train	sampled
mol_32060	train	assigned
mol_32061	train	assigned
mol_32062	train	sampled
mol_32063	train	assigned
mol_32064	train	assigned
mol_32065	train	assigned
mol_32066	train	assigned
mol_32067	train	assigned
mol_32068	train	sampled
mol_32069	train	assigned
mol_32070	test	sampled
mol_32071	train	sampled
mol_32072	train	assigned
mol_32073	test	assigned
mol_32074	val	sampled
mol_32075	train	assigned
mol_32076	test	sampled
mol_32077	train	assigned
mol_32078	train	sampled
mol_32079	train	sampled
mol_32080	train	assigned
mol_32081	train	assigned
mol_32082	train	assigned
mol_32083	val	assigned
mol_32084	train	assigned
mol_32085	train	assigned
mol_32086	val	assigned
mol_32087	val	assigned
mol_32088	val	assigned
mol_32089	val	sampled
mol_32090	val	assigned
mol_32091	train	assigned
mol_32092	val	assigned
mol_32093	val	assigned
mol_32094	val	assigned
mol_32095	val	sampled
mol_32096	train	assigned
mol_32097	train	assigned
mol_32098	train	sampled
mol_32099	train	assigned
mol_32100	train	sampled
mol_32101	train	assigned
mol_32102	train	sampled
mol_32103	train	assigned
mol_32104	train	assigned
mol_32105	train	assigned
mol_32106	train	assigned
mol_32107	train	assigned
mol_32108	train	assigned
mol_32109	train	sampled
mol_32110	train	sampled
mol_32111	train	sampled
mol_32112	train	assigned
mol_32113	train	assigned
mol_32114	train	sampled
mol_32115	train	assigned
mol_32116	train	assigned
mol_32117	train	assigned
mol_32118	train	assigned
mol_32119	train	assigned
mol_32120	train	assigned
mol_32121	train	assigned
mol_32122	train	sampled
mol_32123	train	assigned
mol_32124	train	assigned
mol_32125	train	assigned
mol_32126	val	assigned
mol_32127	train	assigned
mol_32128	train	sampled
mol_32129	train	assigned
mol_32130	train	assigned
mol_32131	test	assigned
mol_32132	train	assigned
mol_32133	train	assigned
mol_32134	train	assigned
mol_32135	train	sampled
mol_32136	train	assigned
mol_32137	train	assigned
mol_32138	train	assigned
mol_32139	train	assigned
mol_32140	train	assigned
mol_32141	train	sampled
mol_32142	train	sampled
mol_32143	train	assigned
mol_32144	val	assigned
mol_32145	val	sampled
mol_32146	val	assigned
mol_32147	val	sampled
mol_32148	val	sampled
mol_32149	test	assigned
mol_32150	train	assigned
mol_32151	train	sampled
mol_32152	train	assigned
mol_32153	train	sampled
mol_32154	train	assigned
mol_32155	train	assigned
mol_32156	train	sampled
mol_32157	train	assigned
mol_32158	train	sampled
mol_32159	val	assigned
mol_32160	val	assigned
mol_32161	val	assigned
mol_32162	val	sampled
mol_32163	val	assigned
mol_32164	val	sampled
mol_32165	train	sampled
mol_32166	train	assigned
mol_32167	train	assigned
mol_32168	train	assigned
mol_32169	train	assigned
mol_32170	train	assigned
mol_32171	train	assigned
mol_32172	train	assigned
mol_32173	train	assigned
mol_32174	train	assigned
mol_32175	train	assigned
mol_32176	train	sampled
mol_32177	train	sampled
mol_32178	train	assigned
mol_32179	train	assigned
mol_32180	train	assigned
mol_32181	train	sampled
mol_32182	train	assigned
mol_32183	train	assigned
mol_32184	train	assigned
mol_32185	train	assigned
mol_32186	train	assigned
mol_32187	train	assigned
mol_32188	val	assigned
mol_32189	train	assigned
mol_32190	train	assigned
mol_32191	val	assigned
mol_32192	val	sampled
mol_32193	val	assigned
mol_32194	val	assigned
mol_32195	train	assigned
mol_32196	val	assigned
mol_32197	train	assigned
mol_32198	train	assigned
mol_32199	train	assigned
mol_32200	train	assigned
mol_32201	train	assigned
mol_32202	train	assigned
mol_32203	train	sampled
mol_32204	train	assigned
mol_32205	train	sampled
mol_32206	train	sampled
mol_32207	train	sampled
mol_32208	train	assigned
mol_32209	train	assigned
mol_32210	train	assigned
mol_32211	train	assigned
mol_32212	train	sampled
mol_32213	train	sampled
mol_32214	train	assigned
mol_32215	train	assigned
mol_32216	train	sampled
mol_32217	train	assigned
mol_32218	train	assigned
mol_32219	train	sampled
mol_32220	train	assigned
mol_32221	train	assigned
mol_32222	train	assigned
mol_32223	train	sampled
mol_32224	train	assigned
mol_32225	train	sampled
mol_32226	train	assigned
mol_32227	train	sampled
mol_32228	train	sampled
mol_32229	train	sampled
mol_32230	train	assigned
mol_32231	train	assigned
mol_32232	train	assigned
mol_32233	train	assigned
mol_32234	train	sampled
mol_32235	train	sampled
mol_32236	train	assigned
mol_32237	train	assigned
mol_32238	train	assigned
mol_32239	train	sampled
mol_32240	train	assigned
mol_32241	train	assigned
mol_32242	train	assigned
mol_32243	train	sampled
mol_32244	train	assigned
mol_32245	train	assigned
mol_32246	train	assigned
mol_32247	train	assigned
mol_32248	train	sampled
mol_32249	train	sampled
mol_32250	train	assigned
mol_32251	train	sampled
mol_32252	train	assigned
mol_32253	train	assigned
mol_32254	train	assigned
mol_32255	train	assigned
mol_32256	train	assigned
mol_32257	train	sampled
mol_32258	train	sampled
mol_32259	train	assigned
mol_32260	train	sampled
mol_32261	train	sampled
mol_32262	train	assigned
mol_32263	train	assigned
mol_32264	train	assigned
mol_32265	train	assigned
mol_32266	train	sampled
mol_32267	train	assigned
mol_32268	train	sampled
mol_32269	train	assigned
mol_32270	train	assigned
mol_32271	test	sampled
mol_32272	test	assigned
mol_32273	test	sampled
mol_32274	train	assigned
mol_32275	train	assigned
mol_32276	train	sampled
mol_32277	train	sampled
mol_32278	train	sampled
mol_32279	train	assigned
mol_32280	train	assigned
mol_32281	train	assigned
mol_32282	train	assigned
mol_32283	train	assigned
mol_32284	train	assigned
mol_32285	train	assigned
mol_32286	train	sampled
mol_32287	val	assigned
mol_32288	val	assigned
mol_32289	train	assigned
mol_32290	val	assigned
mol_32291	val	sampled
mol_32292	val	assigned
mol_32293	train	assigned
mol_32294	train	sampled
mol_32295	train	assigned
mol_32296	train	assigned
mol_32297	train	sampled
mol_32298	train	assigned
mol_32299	train	assigned
mol_32300	train	assigned
mol_32301	train	assigned
mol_32302	train	assigned
mol_32303	train	sampled
mol_32304	train	assigned
mol_32305	train	assigned
mol_32306	train	assigned
mol_32307	train	assigned
mol_32308	train	assigned
mol_32309	train	assigned
mol_32310	train	assigned
mol_32311	train	assigned
mol_32312	train	assigned
mol_32313	val	assigned
mol_32314	train	assigned
mol_32315	train	assigned
mol_32316	val	assigned
mol_32317	train	assigned
mol_32318	train	assigned
mol_32319	test	sampled
mol_32320	val	assigned
mol_32321	train	assigned
mol_32322	train	assigned
mol_32323	val	assigned
mol_32324	train	assigned
mol_32325	train	assigned
mol_32326	train	sampled
mol_32327	train	assigned
mol_32328	train	assigned
mol_32329	train	sampled
mol_32330	train	assigned
mol_32331	train	assigned
mol_32332	train	assigned
mol_32333	train	assigned
mol_32334	train	assigned
mol_32335	train	assigned
mol_32336	train	sampled
mol_32337	train	assigned
mol_32338	val	assigned
mol_32339	val	assigned
mol_32340	train	sampled
mol_32341	val	sampled
mol_32342	val	assigned
mol_32343	train	assigned
mol_32344	train	sampled
mol_32345	train	assigned
mol_32346	val	assigned
mol_32347	val	assigned
mol_32348	train	assigned
mol_32349	val	assigned
mol_32350	val	assigned
mol_32351	val	sampled
mol_32352	val	assigned
mol_32353	val	assigned
mol_32354	val	sampled
mol_32355	val	assigned
mol_32356	train	sampled
mol_32357	val	sampled
mol_32358	train	assigned
mol_32359	train	assigned
mol_32360	val	sampled
mol_32361	val	assigned
mol_32362	val	assigned
mol_32363	val	assigned
mol_32364	train	assigned
mol_32365	val	assigned
mol_32366	train	sampled
mol_32367	train	assigned
mol_32368	train	sampled
mol_32369	train	assigned
mol_32370	train	sampled
mol_32371	val	assigned
mol_32372	val	assigned
mol_32373	train	assigned
mol_32374	val	sampled
mol_32375	val	assigned
mol_32376	train	assigned
mol_32377	train	sampled
mol_32378	train	assigned
mol_32379	train	sampled
mol_32380	val	assigned
mol_32381	train	assigned
mol_32382	val	assigned
mol_32383	train	assigned
mol_32384	train	assigned
mol_32385	train	assigned
mol_32386	train	sampled
mol_32387	train	assigned
mol_32388	train	sampled
mol_32389	val	assigned
mol_32390	train	assigned
mol_32391	test	assigned
mol_32392	train	sampled
mol_32393	train	assigned
mol_32394	train	sampled
mol_32395	train	assigned
mol_32396	train	sampled
mol_32397	train	sampled
mol_32398	train	assigned
mol_32399	train	sampled
mol_32400	train	assigned
mol_32401	train	assigned
mol_32402	test	assigned
mol_32403	test	assigned
mol_32404	test	assigned
mol_32405	test	assigned
mol_32406	test	sampled
mol_32407	test	assigned
mol_32408	test	assigned
mol_32409	test	assigned
mol_32410	test	assigned
mol_32411	test	assigned
mol_32412	test	sampled
mol_32413	test	assigned
mol_32414	test	sampled
mol_32415	test	assigned
mol_32416	test	assigned
mol_32417	test	assigned
mol_32418	test	assigned
mol_32419	test	assigned
mol_32420	test	sampled
mol_32421	test	assigned
mol_32422	test	assigned
mol_32423	test	assigned
mol_32424	test	sampled
mol_32425	test	assigned
mol_32426	test	sampled
mol_32427	test	assigned
mol_32428	test	assigned
mol_32429	test	assigned
mol_32430	train	assigned
mol_32431	train	assigned
mol_32432	test	assigned
mol_32433	train	assigned
mol_32434	train	assigned
mol_32435	train	assigned
mol_32436	train	sampled
mol_32437	train	sampled
mol_32438	train	sampled
mol_32439	val	assigned
mol_32440	train	assigned
mol_32441	train	assigned
mol_32442	train	assigned
mol_32443	test	assigned
mol_32444	test	assigned
mol_32445	test	assigned
mol_32446	train	sampled
mol_32447	train	sampled
mol_32448	train	assigned
mol_32449	train	assigned
mol_32450	test	assigned
mol_32451	train	assigned
mol_32452	test	assigned
mol_32453	test	sampled
mol_32454	test	assigned
mol_32455	test	assigned
mol_32456	test	assigned
mol_32457	test	assigned
mol_32458	train	assigned
mol_32459	train	assigned
mol_32460	train	assigned
mol_32461	train	sampled
mol_32462	train	assigned
mol_32463	train	assigned
mol_32464	train	assigned
mol_32465	train	sampled
mol_32466	train	sampled
mol_32467	train	assigned
mol_32468	train	assigned
mol_32469	train	assigned
mol_32470	train	assigned
mol_32471	train	assigned
mol_32472	train	assigned
mol_32473	train	assigned
mol_32474	val	assigned
mol_32475	val	assigned
mol_32476	val	sampled
mol_32477	val	assigned
mol_32478	val	assigned
mol_32479	val	assigned
mol_32480	val	assigned
mol_32481	val	sampled
mol_32482	val	assigned
mol_32483	train	assigned
mol_32484	train	assigned
mol_32485	train	sampled
mol_32486	train	assigned
mol_32487	train	assigned
mol_32488	train	assigned
mol_32489	train	sampled
mol_32490	train	sampled
mol_32491	train	assigned
mol_32492	train	assigned
mol_32493	val	assigned
mol_32494	val	assigned
mol_32495	val	sampled
mol_32496	val	assigned
mol_32497	val	assigned
mol_32498	train	sampled
mol_32499	train	assigned
mol_32500	train	assigned
mol_32501	train	assigned
mol_32502	train	assigned
mol_32503	val	assigned
mol_32504	val	sampled
mol_32505	val	sampled
mol_32506	val	assigned
mol_32507	val	assigned
mol_32508	test	assigned
mol_32509	test	sampled
mol_32510	test	assigned
mol_32511	test	sampled
mol_32512	test	sampled
mol_32513	train	assigned
mol_32514	train	assigned
mol_32515	train	assigned
mol_32516	train	sampled
mol_32517	train	assigned
mol_32518	train	assigned
mol_32519	train	sampled
mol_32520	train	sampled
mol_32521	val	sampled
mol_32522	val	assigned
mol_32523	train	sampled
mol_32524	test	sampled
mol_32525	test	sampled
mol_32526	train	assigned
mol_32527	val	assigned
mol_32528	train	assigned
mol_32529	train	assigned
mol_32530	test	assigned
mol_32531	train	assigned
mol_32532	train	assigned
mol_32533	train	sampled
mol_32534	train	sampled
mol_32535	train	assigned
mol_32536	train	assigned
mol_32537	train	sampled
mol_32538	train	assigned
mol_32539	train	assigned
mol_32540	train	sampled
mol_32541	train	sampled
mol_32542	train	assigned
mol_32543	train	assigned
mol_32544	train	assigned
mol_32545	train	assigned
mol_32546	train	assigned
mol_32547	train	assigned
mol_32548	train	assigned
mol_32549	train	assigned
mol_32550	val	assigned
mol_32551	val	assigned
mol_32552	val	assigned
mol_32553	val	assigned
mol_32554	val	assigned
mol_32555	train	sampled
mol_32556	train	assigned
mol_32557	train	sampled
mol_32558	train	assigned
mol_32559	train	assigned
mol_32560	train	assigned
mol_32561	train	assigned
mol_32562	train	assigned
mol_32563	train	assigned
mol_32564	train	assigned
mol_32565	train	assigned
mol_32566	train	assigned
mol_32567	train	assigned
mol_32568	train	assigned
mol_32569	train	assigned
mol_32570	test	assigned
mol_32571	train	assigned
mol_32572	train	sampled
mol_32573	train	assigned
mol_32574	val	assigned
mol_32575	val	assigned
mol_32576	val	assigned
mol_32577	test	assigned
mol_32578	val	sampled
mol_32579	val	sampled
mol_32580	train	assigned
mol_32581	train	assigned
mol_32582	train	assigned
mol_32583	val	assigned
mol_32584	train	assigned
mol_32585	train	assigned
mol_32586	train	sampled
mol_32587	train	assigned
mol_32588	train	assigned
mol_32589	test	assigned
mol_32590	train	assigned
mol_32591	val	assigned
mol_32592	val	sampled
mol_32593	train	assigned
mol_32594	train	assigned
mol_32595	train	sampled
mol_32596	train	assigned
mol_32597	train	assigned
mol_32598	train	assigned
mol_32599	train	sampled
mol_32600	train	assigned
mol_32601	train	assigned
mol_32602	train	assigned
mol_32603	train	assigned
mol_32604	val	assigned
mol_32605	train	sampled
mol_32606	train	assigned
mol_32607	train	assigned
mol_32608	train	assigned
mol_32609	train	assigned
mol_32610	train	assigned
mol_32611	train	assigned
mol_32612	train	assigned
mol_32613	train	sampled
mol_32614	train	assigned
mol_32615	train	sampled
mol_32616	train	assigned
mol_32617	train	assigned
mol_32618	train	sampled
mol_32619	train	assigned
mol_32620	train	assigned
mol_32621	train	assigned
mol_32622	train	sampled
mol_32623	train	assigned
mol_32624	train	assigned
mol_32625	train	sampled
mol_32626	train	assigned
mol_32627	train	assigned
mol_32628	train	assigned
mol_32629	train	assigned
mol_32630	train	sampled
mol_32631	train	sampled
mol_32632	train	assigned
mol_32633	train	assigned
mol_32634	train	assigned
mol_32635	train	assigned
mol_32636	train	sampled
mol_32637	train	assigned
mol_32638	train	sampled
mol_32639	train	assigned
mol_32640	train	assigned
mol_32641	train	assigned
mol_32642	train	sampled
mol_32643	train	sampled
mol_32644	train	assigned
mol_32645	train	assigned
mol_32646	train	assigned
mol_32647	train	sampled
mol_32648	train	assigned
mol_32649	train	assigned
mol_32650	train	sampled
mol_32651	train	assigned
mol_32652	train	sampled
mol_32653	train	assigned
mol_32654	val	assigned
mol_32655	train	sampled
mol_32656	train	sampled
mol_32657	train	assigned
mol_32658	train	assigned
mol_32659	train	sampled
mol_32660	train	assigned
mol_32661	train	assigned
mol_32662	val	assigned
mol_32663	train	sampled
mol_32664	train	sampled
mol_32665	train	assigned
mol_32666	train	assigned
mol_32667	val	sampled
mol_32668	val	assigned
mol_32669	val	assigned
mol_32670	train	assigned
mol_32671	train	sampled
mol_32672	val	assigned
mol_32673	train	assigned
mol_32674	train	sampled
mol_32675	val	sampled
mol_32676	train	sampled
mol_32677	train	assigned
mol_32678	train	assigned
mol_32679	val	sampled
mol_32680	train	assigned
mol_32681	train	assigned
mol_32682	train	assigned
mol_32683	train	sampled
mol_32684	train	assigned
mol_32685	train	sampled
mol_32686	train	assigned
mol_32687	train	assigned
mol_32688	train	assigned
mol_32689	train	sampled
mol_32690	train	assigned
mol_32691	test	assigned
mol_32692	train	assigned
mol_32693	train	sampled
mol_32694	train	assigned
mol_32695	train	assigned
mol_32696	train	assigned
mol_32697	train	assigned
mol_32698	train	assigned
mol_32699	train	assigned
mol_32700	train	sampled
mol_32701	train	sampled
mol_32702	train	assigned
mol_32703	train	assigned
mol_32704	train	sampled
mol_32705	train	assigned
mol_32706	train	assigned
mol_32707	train	assigned
mol_32708	train	assigned
mol_32709	train	assigned
mol_32710	train	sampled
mol_32711	train	assigned
mol_32712	train	sampled
mol_32713	train	assigned
mol_32714	train	sampled
mol_32715	train	assigned
mol_32716	train	assigned
mol_32717	train	sampled
mol_32718	train	assigned
mol_32719	train	assigned
mol_32720	train	assigned
mol_32721	train	assigned
mol_32722	train	sampled
mol_32723	train	sampled
mol_32724	train	sampled
mol_32725	train	assigned
mol_32726	train	assigned
mol_32727	train	assigned
mol_32728	train	assigned
mol_32729	train	assigned
mol_32730	train	assigned
mol_32731	train	assigned
mol_32732	train	sampled
mol_32733	train	assigned
mol_32734	train	assigned
mol_32735	train	assigned
mol_32736	train	assigned
mol_32737	train	assigned
mol_32738	train	sampled
mol_32739	train	assigned
mol_32740	train	assigned
mol_32741	train	assigned
mol_32742	train	sampled
mol_32743	train	assigned
mol_32744	train	assigned
mol_32745	train	assigned
mol_32746	train	assigned
mol_32747	train	sampled
mol_32748	train	assigned
mol_32749	train	sampled
mol_32750	val	assigned
mol_32751	train	assigned
mol_32752	train	assigned
mol_32753	train	assigned
mol_32754	train	sampled
mol_32755	train	sampled
mol_32756	train	assigned
mol_32757	train	assigned
mol_32758	train	assigned
mol_32759	train	assigned
mol_32760	val	assigned
mol_32761	val	assigned
mol_32762	val	assigned
mol_32763	val	sampled
mol_32764	val	assigned
mol_32765	val	assigned
mol_32766	val	assigned
mol_32767	val	sampled
mol_32768	train	assigned
mol_32769	train	assigned
mol_32770	val	assigned
mol_32771	val	assigned
mol_32772	train	sampled
mol_32773	train	assigned
mol_32774	train	assigned
mol_32775	val	assigned
mol_32776	train	sampled
mol_32777	val	sampled
mol_32778	val	assigned
mol_32779	val	assigned
mol_32780	test	assigned
mol_32781	val	assigned
mol_32782	train	assigned
mol_32783	test	assigned
mol_32784	val	assigned
mol_32785	val	assigned
mol_32786	test	assigned
mol_32787	train	sampled
mol_32788	train	assigned
mol_32789	train	assigned
mol_32790	train	assigned
mol_32791	train	assigned
mol_32792	train	assigned
mol_32793	train	assigned
mol_32794	train	assigned
mol_32795	train	assigned
mol_32796	train	assigned
mol_32797	train	assigned
mol_32798	train	assigned
mol_32799	train	sampled
mol_32800	train	assigned
mol_32801	train	assigned
mol_32802	train	assigned
mol_32803	train	assigned
mol_32804	train	assigned
mol_32805	train	assigned
mol_32806	train	assigned
mol_32807	train	sampled
mol_32808	train	assigned
mol_32809	train	assigned
mol_32810	train	sampled
mol_32811	train	assigned
mol_32812	train	assigned
mol_32813	train	assigned
mol_32814	train	assigned
mol_32815	train	assigned
mol_32816	train	sampled
mol_32817	train	assigned
mol_32818	train	sampled
mol_32819	train	assigned
mol_32820	train	assigned
mol_32821	train	assigned
mol_32822	train	assigned
mol_32823	train	assigned
mol_32824	train	sampled
mol_32825	train	sampled
mol_32826	train	assigned
mol_32827	train	assigned
mol_32828	train	assigned
mol_32829	train	assigned
mol_32830	train	assigned
mol_32831	train	assigned
mol_32832	train	assigned
mol_32833	train	sampled
mol_32834	train	sampled
mol_32835	train	assigned
mol_32836	train	sampled
mol_32837	train	sampled
mol_32838	train	assigned
mol_32839	train	assigned
mol_32840	train	assigned
mol_32841	train	sampled
mol_32842	train	sampled
mol_32843	val	assigned
mol_32844	val	assigned
mol_32845	test	sampled
mol_32846	val	sampled
mol_32847	val	assigned
mol_32848	val	assigned
mol_32849	val	assigned
mol_32850	test	sampled
mol_32851	test	sampled
mol_32852	test	sampled
mol_32853	test	sampled
mol_32854	test	assigned
mol_32855	test	sampled
mol_32856	train	assigned
mol_32857	train	assigned
mol_32858	train	assigned
mol_32859	train	assigned
mol_32860	train	assigned
mol_32861	train	sampled
mol_32862	train	assigned
mol_32863	train	assigned
mol_32864	train	assigned
mol_32865	train	assigned
mol_32866	train	sampled
mol_32867	train	sampled
mol_32868	train	assigned
mol_32869	train	assigned
mol_32870	train	assigned
mol_32871	train	assigned
mol_32872	train	assigned
mol_32873	train	assigned
mol_32874	train	assigned
mol_32875	train	assigned
mol_32876	train	assigned
mol_32877	train	sampled
mol_32878	train	assigned
mol_32879	train	assigned
mol_32880	val	sampled
mol_32881	train	assigned
mol_32882	train	sampled
mol_32883	train	assigned
mol_32884	train	assigned
mol_32885	train	assigned
mol_32886	train	assigned
mol_32887	train	assigned
mol_32888	train	assigned
mol_32889	train	assigned
mol_32890	train	assigned
mol_32891	train	assigned
mol_32892	train	sampled
mol_32893	train	assigned
mol_32894	train	assigned
mol_32895	train	assigned
mol_32896	val	assigned
mol_32897	train	sampled
mol_32898	train	sampled
mol_32899	train	assigned
mol_32900	train	assigned
mol_32901	val	assigned
mol_32902	train	sampled
mol_32903	train	assigned
mol_32904	train	assigned
mol_32905	train	assigned
mol_32906	val	sampled
mol_32907	train	sampled
mol_32908	train	sampled
mol_32909	val	assigned
mol_32910	train	sampled
mol_32911	train	assigned
mol_32912	train	sampled
mol_32913	val	assigned
mol_32914	val	sampled
mol_32915	val	sampled
mol_32916	train	assigned
mol_32917	train	sampled
mol_32918	val	assigned
mol_32919	train	assigned
mol_32920	train	assigned
mol_32921	val	assigned
mol_32922	train	assigned
mol_32923	train	assigned
mol_32924	val	assigned
mol_32925	val	assigned
mol_32926	val	sampled
mol_32927	val	assigned
mol_32928	val	sampled
mol_32929	train	assigned
mol_32930	val	assigned
mol_32931	train	sampled
mol_32932	train	assigned
mol_32933	test	assigned
mol_32934	val	assigned
mol_32935	val	sampled
mol_32936	train	sampled
mol_32937	train	sampled
mol_32938	train	sampled
mol_32939	train	assigned
mol_32940	train	assigned
mol_32941	train	assigned
mol_32942	val	sampled
mol_32943	val	assigned
mol_32944	val	assigned
mol_32945	train	assigned
mol_32946	train	assigned
mol_32947	train	assigned
mol_32948	val	assigned
mol_32949	val	sampled
mol_32950	val	assigned
mol_32951	val	assigned
mol_32952	val	assigned
mol_32953	val	assigned
mol_32954	val	assigned
mol_32955	val	assigned
mol_32956	val	assigned
mol_32957	train	sampled
mol_32958	train	assigned
mol_32959	train	assigned
mol_32960	train	assigned
mol_32961	train	sampled
mol_32962	train	assigned
mol_32963	train	assigned
mol_32964	train	assigned
mol_32965	train	sampled
mol_32966	train	assigned
mol_32967	train	assigned
mol_32968	train	sampled
mol_32969	val	assigned
mol_32970	train	assigned
mol_32971	train	assigned
mol_32972	train	assigned
mol_32973	train	sampled
mol_32974	train	assigned
mol_32975	train	assigned
mol_32976	train	assigned
mol_32977	train	assigned
mol_32978	train	assigned
mol_32979	val	assigned
mol_32980	train	assigned
mol_32981	train	assigned
mol_32982	train	assigned
mol_32983	train	assigned
mol_32984	train	assigned
mol_32985	val	sampled
mol_32986	train	sampled
mol_32987	val	sampled
mol_32988	val	assigned
mol_32989	val	assigned
mol_32990	train	sampled
mol_32991	train	assigned
mol_32992	train	sampled
mol_32993	val	sampled
mol_32994	train	assigned
mol_32995	train	assigned
mol_32996	train	sampled
mol_32997	train	sampled
mol_32998	val	assigned
mol_32999	val	assigned
mol_33000	val	assigned
mol_33001	val	assigned
mol_33002	val	assigned
mol_33003	val	assigned
mol_33004	val	assigned
mol_33005	val	assigned
mol_33006	val	assigned
mol_33007	train	sampled
mol_33008	train	assigned
mol_33009	train	sampled
mol_33010	train	assigned
mol_33011	train	assigned
mol_33012	train	assigned
mol_33013	train	sampled
mol_33014	train	assigned
mol_33015	train	sampled
mol_33016	train	assigned
mol_33017	train	assigned
mol_33018	train	assigned
mol_33019	train	assigned
mol_33020	train	assigned
mol_33021	train	sampled
mol_33022	train	assigned
mol_33023	train	assigned
mol_33024	train	assigned
mol_33025	train	assigned
mol_33026	train	assigned
mol_33027	test	assigned
mol_33028	test	assigned
mol_33029	test	assigned
mol_33030	train	assigned
mol_33031	train	sampled
mol_33032	train	assigned
mol_33033	test	assigned
mol_33034	test	sampled
mol_33035	test	sampled
mol_33036	test	assigned
mol_33037	test	assigned
mol_33038	test	assigned
mol_33039	val	assigned
mol_33040	train	assigned
mol_33041	train	assigned
mol_33042	val	assigned
mol_33043	train	sampled
mol_33044	train	assigned
mol_33045	train	assigned
mol_33046	train	sampled
mol_33047	train	assigned
mol_33048	train	assigned
mol_33049	train	sampled
mol_33050	train	sampled
mol_33051	train	assigned
mol_33052	train	assigned
mol_33053	train	assigned
mol_33054	train	sampled
mol_33055	train	assigned
mol_33056	train	assigned
mol_33057	train	assigned
mol_33058	train	assigned
mol_33059	train	assigned
mol_33060	train	sampled
mol_33061	train	assigned
mol_33062	test	assigned
mol_33063	test	sampled
mol_33064	train	sampled
mol_33065	test	assigned
mol_33066	test	assigned
mol_33067	test	sampled
mol_33068	test	sampled
mol_33069	train	assigned
mol_33070	train	assigned
mol_33071	train	assigned
mol_33072	train	sampled
mol_33073	test	assigned
mol_33074	test	assigned
mol_33075	val	assigned
mol_33076	train	assigned
mol_33077	train	assigned
mol_33078	test	assigned
mol_33079	test	assigned
mol_33080	test	sampled
mol_33081	test	sampled
mol_33082	test	assigned
mol_33083	train	sampled
mol_33084	train	sampled
mol_33085	train	assigned
mol_33086	test	assigned
mol_33087	test	assigned
mol_33088	test	sampled
mol_33089	test	assigned
mol_33090	test	assigned
mol_33091	test	sampled
mol_33092	test	assigned
mol_33093	test	assigned
mol_33094	train	assigned
mol_33095	train	sampled
mol_33096	train	assigned
mol_33097	train	assigned
mol_33098	train	sampled
mol_33099	train	sampled
mol_33100	train	assigned
mol_33101	train	sampled
mol_33102	train	assigned
mol_33103	val	assigned
mol_33104	val	assigned
mol_33105	val	assigned
mol_33106	val	assigned
mol_33107	train	sampled
mol_33108	val	assigned
mol_33109	val	assigned
mol_33110	val	assigned
mol_33111	val	assigned
mol_33112	val	sampled
mol_33113	val	assigned
mol_33114	train	assigned
mol_33115	train	assigned
mol_33116	train	assigned
mol_33117	train	sampled
mol_33118	train	assigned
mol_33119	train	sampled
mol_33120	train	assigned
mol_33121	train	assigned
mol_33122	train	assigned
mol_33123	train	assigned
mol_33124	train	assigned
mol_33125	train	assigned
mol_33126	train	sampled
mol_33127	train	assigned
mol_33128	train	assigned
mol_33129	train	sampled
mol_33130	train	assigned
mol_33131	train	assigned
mol_33132	train	assigned
mol_33133	train	assigned
mol_33134	train	assigned
mol_33135	train	assigned
mol_33136	train	assigned
mol_33137	val	sampled
mol_33138	val	assigned
mol_33139	val	assigned
mol_33140	val	assigned
mol_33141	val	assigned
mol_33142	train	assigned
mol_33143	train	assigned
mol_33144	train	assigned
mol_33145	train	sampled
mol_33146	val	assigned
mol_33147	val	sampled
mol_33148	train	sampled
mol_33149	train	assigned
mol_33150	test	assigned
mol_33151	train	assigned
mol_33152	test	sampled
mol_33153	test	assigned
mol_33154	test	assigned
mol_33155	train	sampled
mol_33156	test	sampled
mol_33157	test	assigned
mol_33158	test	assigned
mol_33159	val	assigned
mol_33160	val	assigned
mol_33161	train	assigned
mol_33162	test	assigned
mol_33163	test	assigned
mol_33164	train	assigned
mol_33165	val	assigned
mol_33166	test	assigned
mol_33167	train	sampled
mol_33168	val	sampled
mol_33169	train	assigned
mol_33170	train	assigned
mol_33171	train	assigned
mol_33172	train	assigned
mol_33173	train	assigned
mol_33174	train	assigned
mol_33175	train	sampled
mol_33176	train	sampled
mol_33177	train	sampled
mol_33178	train	sampled
mol_33179	train	assigned
mol_33180	train	assigned
mol_33181	train	assigned
mol_33182	train	assigned
mol_33183	train	assigned
mol_33184	train	sampled
mol_33185	train	assigned
mol_33186	train	assigned
mol_33187	train	assigned
mol_33188	train	assigned
mol_33189	train	assigned
mol_33190	train	assigned
mol_33191	train	sampled
mol_33192	train	assigned
mol_33193	test	assigned
mol_33194	test	assigned
mol_33195	test	assigned
mol_33196	test	sampled
mol_33197	test	assigned
mol_33198	train	assigned
mol_33199	train	sampled
mol_33200	test	assigned
mol_33201	train	assigned
mol_33202	train	sampled
mol_33203	test	assigned
mol_33204	train	assigned
mol_33205	test	assigned
mol_33206	val	sampled
mol_33207	train	sampled
mol_33208	val	assigned
mol_33209	train	assigned
mol_33210	test	assigned
mol_33211	val	assigned
mol_33212	test	assigned
mol_33213	test	assigned
mol_33214	train	assigned
mol_33215	val	sampled
mol_33216	train	assigned
mol_33217	train	assigned
mol_33218	test	assigned
mol_33219	train	assigned
mol_33220	train	sampled
mol_33221	train	sampled
mol_33222	train	assigned
mol_33223	train	sampled
mol_33224	train	assigned
mol_33225	train	assigned
mol_33226	train	assigned
mol_33227	train	sampled
mol_33228	train	assigned
mol_33229	train	assigned
mol_33230	train	assigned
mol_33231	test	assigned
mol_33232	train	sampled
mol_33233	train	sampled
mol_33234	train	assigned
mol_33235	train	sampled
mol_33236	test	assigned
mol_33237	train	assigned
mol_33238	train	sampled
mol_33239	test	assigned
mol_33240	train	assigned
mol_33241	val	sampled
mol_33242	val	assigned
mol_33243	train	assigned
mol_33244	train	sampled
mol_33245	train	assigned
mol_33246	train	assigned
mol_33247	train	assigned
mol_33248	train	assigned
mol_33249	train	assigned
mol_33250	train	sampled
mol_33251	train	assigned
mol_33252	train	assigned
mol_33253	train	sampled
mol_33254	train	sampled
mol_33255	train	assigned
mol_33256	train	assigned
mol_33257	test	assigned
mol_33258	val	assigned
mol_33259	val	assigned
mol_33260	val	assigned
mol_33261	val	assigned
mol_33262	train	assigned
mol_33263	train	sampled
mol_33264	train	sampled
mol_33265	train	sampled
mol_33266	train	assigned
mol_33267	train	assigned
mol_33268	train	sampled
mol_33269	train	sampled
mol_33270	train	assigned
mol_33271	train	assigned
mol_33272	train	assigned
mol_33273	train	assigned
mol_33274	train	assigned
mol_33275	train	assigned
mol_33276	train	assigned
mol_33277	train	assigned
mol_33278	test	sampled
mol_33279	train	assigned
mol_33280	train	sampled
mol_33281	val	assigned
mol_33282	train	assigned
mol_33283	train	assigned
mol_33284	train	assigned
mol_33285	train	assigned
mol_33286	train	assigned
mol_33287	train	assigned
mol_33288	train	sampled
mol_33289	train	assigned
mol_33290	train	assigned
mol_33291	train	assigned
mol_33292	train	assigned
mol_33293	train	assigned
mol_33294	train	assigned
mol_33295	train	sampled
mol_33296	train	sampled
mol_33297	train	assigned
mol_33298	train	sampled
mol_33299	train	assigned
mol_33300	train	assigned
mol_33301	train	sampled
mol_33302	train	assigned
mol_33303	train	assigned
mol_33304	train	assigned
mol_33305	train	assigned
mol_33306	train	sampled
mol_33307	train	assigned
mol_33308	train	sampled
mol_33309	train	assigned
mol_33310	train	sampled
mol_33311	train	assigned
mol_33312	train	assigned
mol_33313	train	assigned
mol_33314	train	assigned
mol_33315	train	assigned
mol_33316	train	sampled
mol_33317	train	assigned
mol_33318	train	assigned
mol_33319	train	assigned
mol_33320	train	assigned
mol_33321	train	assigned
mol_33322	train	assigned
mol_33323	train	assigned
mol_33324	val	assigned
mol_33325	train	assigned
mol_33326	train	sampled
mol_33327	train	assigned
mol_33328	train	assigned
mol_33329	train	assigned
mol_33330	train	assigned
mol_33331	train	sampled
mol_33332	train	assigned
mol_33333	val	sampled
mol_33334	val	assigned
mol_33335	val	assigned
mol_33336	val	assigned
mol_33337	train	sampled
mol_33338	val	assigned
mol_33339	val	assigned
mol_33340	test	assigned
mol_33341	train	assigned
mol_33342	train	assigned
mol_33343	train	assigned
mol_33344	train	sampled
mol_33345	train	assigned
mol_33346	train	assigned
mol_33347	train	assigned
mol_33348	val	sampled
mol_33349	val	assigned
mol_33350	val	assigned
mol_33351	val	sampled
mol_33352	test	assigned
mol_33353	train	assigned
mol_33354	val	sampled
mol_33355	train	sampled
mol_33356	train	sampled
mol_33357	val	assigned
mol_33358	val	assigned
mol_33359	val	sampled
mol_33360	val	assigned
mol_33361	val	assigned
mol_33362	train	assigned
mol_33363	train	sampled
mol_33364	test	assigned
mol_33365	train	assigned
mol_33366	val	assigned
mol_33367	test	assigned
mol_33368	train	assigned
mol_33369	train	sampled
mol_33370	val	assigned
mol_33371	train	sampled
mol_33372	train	sampled
mol_33373	train	sampled
mol_33374	val	assigned
mol_33375	val	sampled
mol_33376	train	assigned
mol_33377	train	assigned
mol_33378	train	assigned
mol_33379	train	assigned
mol_33380	train	assigned
mol_33381	train	assigned
mol_33382	train	assigned
mol_33383	train	assigned
mol_33384	val	assigned
mol_33385	train	sampled
mol_33386	train	sampled
mol_33387	test	assigned
mol_33388	train	assigned
mol_33389	train	sampled
mol_33390	train	sampled
mol_33391	test	sampled
mol_33392	test	assigned
mol_33393	test	assigned
mol_33394	train	assigned
mol_33395	val	assigned
mol_33396	train	assigned
mol_33397	val	assigned
mol_33398	train	assigned
mol_33399	train	assigned
mol_33400	train	assigned
mol_33401	train	assigned
mol_33402	val	assigned
mol_33403	train	assigned
mol_33404	val	assigned
mol_33405	train	assigned
mol_33406	train	assigned
mol_33407	val	assigned
mol_33408	train	assigned
mol_33409	train	assigned
mol_33410	train	assigned
mol_33411	train	assigned
mol_33412	train	sampled
mol_33413	train	assigned
mol_33414	train	assigned
mol_33415	train	assigned
mol_33416	val	assigned
mol_33417	train	assigned
mol_33418	train	assigned
mol_33419	train	assigned
mol_33420	train	assigned
mol_33421	train	assigned
mol_33422	train	assigned
mol_33423	train	assigned
mol_33424	train	sampled
mol_33425	train	assigned
mol_33426	train	assigned
mol_33427	train	assigned
mol_33428	train	sampled
mol_33429	train	assigned
mol_33430	train	sampled
mol_33431	train	assigned
mol_33432	train	sampled
mol_33433	train	assigned
mol_33434	train	assigned
mol_33435	train	assigned
mol_33436	train	assigned
mol_33437	train	assigned
mol_33438	train	assigned
mol_33439	val	assigned
mol_33440	train	assigned
mol_33441	train	sampled
mol_33442	train	assigned
mol_33443	train	assigned
mol_33444	train	assigned
mol_33445	test	assigned
mol_33446	train	sampled
mol_33447	test	assigned
mol_33448	val	assigned
mol_33449	train	assigned
mol_33450	train	sampled
mol_33451	train	assigned
mol_33452	val	sampled
mol_33453	train	assigned
mol_33454	train	assigned
mol_33455	train	assigned
mol_33456	val	assigned
mol_33457	val	assigned
mol_33458	val	assigned
mol_33459	train	assigned
mol_33460	train	sampled
mol_33461	train	assigned
mol_33462	train	sampled
mol_33463	train	assigned
mol_33464	train	assigned
mol_33465	train	assigned
mol_33466	train	assigned
mol_33467	train	assigned
mol_33468	train	assigned
mol_33469	train	sampled
mol_33470	train	assigned
mol_33471	train	sampled
mol_33472	train	assigned
mol_33473	train	assigned
mol_33474	train	sampled
mol_33475	test	assigned
mol_33476	train	sampled
mol_33477	train	assigned
mol_33478	train	assigned
mol_33479	train	assigned
mol_33480	train	assigned
mol_33481	train	sampled
mol_33482	train	sampled
mol_33483	train	sampled
mol_33484	val	sampled
mol_33485	train	sampled
mol_33486	train	assigned
mol_33487	val	assigned
mol_33488	val	assigned
mol_33489	val	assigned
mol_33490	train	assigned
mol_33491	train	assigned
mol_33492	train	sampled
mol_33493	val	assigned
mol_33494	train	assigned
mol_33495	train	assigned
mol_33496	train	assigned
mol_33497	train	assigned
mol_33498	train	assigned
mol_33499	train	assigned
mol_33500	train	assigned
mol_33501	train	assigned
mol_33502	train	assigned
mol_33503	test	assigned
mol_33504	train	assigned
mol_33505	test	assigned
mol_33506	train	sampled
mol_33507	train	assigned
mol_33508	train	assigned
mol_33509	train	sampled
mol_33510	train	assigned
mol_33511	train	assigned
mol_33512	train	assigned
mol_33513	train	assigned
mol_33514	test	sampled
mol_33515	val	assigned
mol_33516	val	assigned
mol_33517	test	assigned
mol_33518	test	assigned
mol_33519	val	sampled
mol_33520	train	assigned
mol_33521	val	assigned
mol_33522	val	sampled
mol_33523	train	sampled
mol_33524	val	assigned
mol_33525	train	assigned
mol_33526	train	sampled
mol_33527	test	assigned
mol_33528	test	assigned
mol_33529	test	assigned
mol_33530	test	sampled
mol_33531	train	assigned
mol_33532	test	sampled
mol_33533	test	assigned
mol_33534	test	sampled
mol_33535	test	assigned
mol_33536	test	assigned
mol_33537	test	assigned
mol_33538	train	assigned
mol_33539	train	assigned
mol_33540	train	assigned
mol_33541	train	assigned
mol_33542	train	assigned
mol_33543	train	assigned
mol_33544	train	assigned
mol_33545	val	assigned
mol_33546	train	assigned
mol_33547	val	assigned
mol_33548	train	assigned
mol_33549	train	assigned
mol_33550	val	sampled
mol_33551	val	assigned
mol_33552	val	assigned
mol_33553	train	assigned
mol_33554	val	assigned
mol_33555	train	assigned
mol_33556	val	assigned
mol_33557	val	sampled
mol_33558	val	assigned
mol_33559	train	assigned
mol_33560	train	assigned
mol_33561	val	assigned
mol_33562	train	assigned
mol_33563	train	sampled
mol_33564	train	assigned
mol_33565	train	sampled
mol_33566	train	assigned
mol_33567	train	assigned
mol_33568	train	assigned
mol_33569	train	assigned
mol_33570	train	sampled
mol_33571	train	assigned
mol_33572	train	assigned
mol_33573	train	assigned
mol_33574	train	assigned
mol_33575	train	assigned
mol_33576	train	assigned
mol_33577	train	assigned
mol_33578	train	assigned
mol_33579	train	sampled
mol_33580	train	assigned
mol_33581	train	assigned
mol_33582	train	assigned
mol_33583	train	assigned
mol_33584	train	assigned
mol_33585	train	assigned
mol_33586	train	assigned
mol_33587	train	assigned
mol_33588	train	assigned
mol_33589	train	sampled
mol_33590	train	assigned
mol_33591	train	assigned
mol_33592	train	assigned
mol_33593	train	sampled
mol_33594	train	assigned
mol_33595	train	assigned
mol_33596	train	assigned
mol_33597	train	assigned
mol_33598	train	assigned
mol_33599	train	sampled
mol_33600	val	assigned
mol_33601	train	assigned
mol_33602	val	assigned
mol_33603	train	assigned
mol_33604	train	assigned
mol_33605	train	sampled
mol_33606	train	sampled
mol_33607	train	assigned
mol_33608	train	assigned
mol_33609	train	assigned
mol_33610	train	assigned
mol_33611	train	assigned
mol_33612	val	sampled
mol_33613	train	assigned
mol_33614	train	sampled
mol_33615	train	sampled
mol_33616	train	sampled
mol_33617	test	assigned
mol_33618	val	assigned
mol_33619	test	assigned
mol_33620	train	assigned
mol_33621	val	assigned
mol_33622	val	assigned
mol_33623	train	assigned
mol_33624	train	assigned
mol_33625	test	assigned
mol_33626	test	assigned
mol_33627	test	assigned
mol_33628	train	sampled
mol_33629	val	assigned
mol_33630	train	sampled
mol_33631	train	assigned
mol_33632	train	assigned
mol_33633	train	assigned
mol_33634	train	assigned
mol_33635	train	assigned
mol_33636	train	assigned
mol_33637	train	assigned
mol_33638	train	assigned
mol_33639	val	assigned
mol_33640	train	sampled
mol_33641	train	assigned
mol_33642	train	assigned
mol_33643	val	assigned
mol_33644	test	assigned
mol_33645	test	sampled
mol_33646	test	sampled
mol_33647	train	sampled
mol_33648	train	assigned
mol_33649	val	assigned
mol_33650	train	assigned
mol_33651	train	assigned
mol_33652	train	sampled
mol_33653	train	assigned
mol_33654	test	assigned
mol_33655	train	assigned
mol_33656	train	assigned
mol_33657	val	assigned
mol_33658	train	assigned
mol_33659	test	sampled
mol_33660	train	assigned
mol_33661	train	assigned
mol_33662	train	assigned
mol_33663	val	assigned
mol_33664	val	sampled
mol_33665	val	assigned
mol_33666	train	sampled
mol_33667	train	assigned
mol_33668	train	sampled
mol_33669	train	assigned
mol_33670	val	assigned
mol_33671	val	sampled
mol_33672	val	assigned
mol_33673	train	assigned
mol_33674	train	assigned
mol_33675	train	assigned
mol_33676	val	sampled
mol_33677	val	sampled
mol_33678	val	assigned
mol_33679	train	sampled
mol_33680	train	assigned
mol_33681	train	assigned
mol_33682	val	assigned
mol_33683	val	sampled
mol_33684	val	assigned
mol_33685	val	sampled
mol_33686	val	assigned
mol_33687	train	assigned
mol_33688	train	assigned
mol_33689	val	assigned
mol_33690	test	assigned
mol_33691	test	assigned
mol_33692	train	assigned
mol_33693	train	assigned
mol_33694	val	assigned
mol_33695	val	assigned
mol_33696	train	assigned
mol_33697	train	sampled
mol_33698	val	assigned
mol_33699	val	sampled
mol_33700	train	assigned
mol_33701	train	sampled
mol_33702	train	assigned
mol_33703	train	assigned
mol_33704	train	sampled
mol_33705	train	assigned
mol_33706	train	sampled
mol_33707	train	assigned
mol_33708	test	assigned
mol_33709	test	assigned
mol_33710	test	assigned
mol_33711	test	assigned
mol_33712	test	assigned
mol_33713	test	sampled
mol_33714	test	sampled
mol_33715	test	assigned
mol_33716	test	assigned
mol_33717	test	sampled
mol_33718	test	sampled
mol_33719	test	assigned
mol_33720	test	sampled
mol_33721	test	assigned
mol_33722	test	assigned
mol_33723	test	assigned
mol_33724	train	assigned
mol_33725	test	assigned
mol_33726	train	assigned
mol_33727	train	assigned
mol_33728	train	assigned
mol_33729	train	sampled
mol_33730	val	sampled
mol_33731	val	assigned
mol_33732	train	assigned
mol_33733	val	sampled
mol_33734	train	assigned
mol_33735	train	assigned
mol_33736	train	assigned
mol_33737	train	assigned
mol_33738	train	sampled
mol_33739	train	sampled
mol_33740	train	assigned
mol_33741	val	sampled
mol_33742	train	assigned
mol_33743	train	assigned
mol_33744	val	assigned
mol_33745	train	assigned
mol_33746	val	assigned
mol_33747	train	assigned
mol_33748	test	assigned
mol_33749	val	assigned
mol_33750	train	assigned
mol_33751	val	assigned
mol_33752	train	assigned
mol_33753	train	assigned
mol_33754	train	assigned
mol_33755	train	assigned
mol_33756	val	assigned
mol_33757	val	assigned
mol_33758	train	assigned
mol_33759	train	sampled
mol_33760	train	assigned
mol_33761	train	assigned
mol_33762	train	assigned
mol_33763	train	assigned
mol_33764	train	sampled
mol_33765	train	assigned
mol_33766	train	assigned
mol_33767	train	assigned
mol_33768	train	assigned
mol_33769	test	assigned
mol_33770	train	assigned
mol_33771	train	assigned
mol_33772	train	assigned
mol_33773	train	sampled
mol_33774	train	assigned
mol_33775	train	assigned
mol_33776	train	assigned
mol_33777	train	assigned
mol_33778	train	sampled
mol_33779	train	sampled
mol_33780	train	assigned
mol_33781	train	sampled
mol_33782	val	assigned
mol_33783	train	assigned
mol_33784	train	assigned
mol_33785	train	assigned
mol_33786	val	assigned
mol_33787	train	assigned
mol_33788	train	assigned
mol_33789	train	assigned
mol_33790	train	assigned
mol_33791	train	assigned
mol_33792	train	sampled
mol_33793	train	assigned
mol_33794	train	sampled
mol_33795	train	sampled
mol_33796	train	sampled
mol_33797	train	sampled
mol_33798	train	assigned
mol_33799	train	assigned
mol_33800	train	assigned
mol_33801	test	sampled
mol_33802	test	assigned
mol_33803	test	assigned
mol_33804	test	assigned
mol_33805	test	assigned
mol_33806	test	assigned
mol_33807	train	assigned
mol_33808	test	assigned
mol_33809	train	assigned
mol_33810	test	sampled
mol_33811	train	assigned
mol_33812	train	assigned
mol_33813	train	sampled
mol_33814	train	assigned
mol_33815	train	assigned
mol_33816	train	assigned
mol_33817	train	sampled
mol_33818	train	sampled
mol_33819	train	sampled
mol_33820	train	assigned
mol_33821	train	assigned
mol_33822	train	assigned
mol_33823	train	assigned
mol_33824	train	assigned
mol_33825	test	assigned
mol_33826	train	assigned
mol_33827	test	assigned
mol_33828	train	assigned
mol_33829	test	assigned
mol_33830	test	assigned
mol_33831	train	assigned
mol_33832	val	assigned
mol_33833	train	sampled
mol_33834	train	sampled
mol_33835	val	sampled
mol_33836	val	assigned
mol_33837	train	assigned
mol_33838	val	sampled
mol_33839	val	assigned
mol_33840	train	assigned
mol_33841	train	assigned
mol_33842	train	assigned
mol_33843	train	sampled
mol_33844	train	assigned
mol_33845	train	assigned
mol_33846	train	sampled
mol_33847	train	assigned
mol_33848	train	assigned
mol_33849	train	sampled
mol_33850	train	sampled
mol_33851	train	assigned
mol_33852	train	assigned
mol_33853	train	assigned
mol_33854	train	assigned
mol_33855	train	assigned
mol_33856	train	sampled
mol_33857	train	assigned
mol_33858	train	sampled
mol_33859	train	assigned
mol_33860	train	sampled
mol_33861	train	assigned
mol_33862	train	assigned
mol_33863	val	assigned
mol_33864	val	assigned
mol_33865	train	assigned
mol_33866	train	assigned
mol_33867	train	assigned
mol_33868	val	assigned
mol_33869	val	assigned
mol_33870	train	assigned
mol_33871	val	assigned
mol_33872	train	assigned
mol_33873	train	assigned
mol_33874	train	assigned
mol_33875	train	sampled
mol_33876	val	assigned
mol_33877	val	assigned
mol_33878	val	assigned
mol_33879	train	assigned
mol_33880	train	assigned
mol_33881	train	assigned
mol_33882	train	assigned
mol_33883	val	sampled
mol_33884	val	assigned
mol_33885	val	assigned
mol_33886	val	sampled
mol_33887	val	assigned
mol_33888	train	assigned
mol_33889	train	assigned
mol_33890	train	assigned
mol_33891	train	sampled
mol_33892	val	assigned
mol_33893	test	assigned
mol_33894	test	assigned
mol_33895	test	assigned
mol_33896	test	assigned
mol_33897	train	sampled
mol_33898	train	assigned
mol_33899	train	assigned
mol_33900	train	assigned
mol_33901	train	assigned
mol_33902	train	assigned
mol_33903	test	assigned
mol_33904	train	assigned
mol_33905	train	assigned
mol_33906	train	sampled
mol_33907	train	sampled
mol_33908	train	assigned
mol_33909	train	sampled
mol_33910	train	assigned
mol_33911	train	sampled
mol_33912	train	assigned
mol_33913	train	assigned
mol_33914	train	assigned
mol_33915	train	assigned
mol_33916	train	assigned
mol_33917	train	sampled
mol_33918	train	assigned
mol_33919	train	assigned
mol_33920	train	assigned
mol_33921	train	sampled
mol_33922	train	assigned
mol_33923	train	assigned
mol_33924	train	sampled
mol_33925	train	assigned
mol_33926	train	sampled
mol_33927	train	assigned
mol_33928	train	sampled
mol_33929	train	sampled
mol_33930	train	assigned
mol_33931	train	sampled
mol_33932	train	assigned
mol_33933	train	assigned
mol_33934	train	assigned
mol_33935	train	assigned
mol_33936	train	assigned
mol_33937	train	assigned
mol_33938	test	sampled
mol_33939	train	assigned
mol_33940	train	assigned
mol_33941	train	assigned
mol_33942	train	assigned
mol_33943	train	assigned
mol_33944	train	sampled
mol_33945	train	sampled
mol_33946	train	assigned
mol_33947	train	assigned
mol_33948	train	sampled
mol_33949	val	assigned
mol_33950	val	sampled
mol_33951	val	assigned
mol_33952	val	assigned
mol_33953	val	sampled
mol_33954	test	assigned
mol_33955	test	assigned
mol_33956	val	sampled
mol_33957	val	assigned
mol_33958	val	assigned
mol_33959	train	assigned
mol_33960	train	assigned
mol_33961	val	assigned
mol_33962	val	sampled
mol_33963	train	assigned
mol_33964	train	assigned
mol_33965	train	assigned
mol_33966	train	sampled
mol_33967	train	assigned
mol_33968	train	assigned
mol_33969	train	assigned
mol_33970	train	sampled
mol_33971	train	sampled
mol_33972	train	assigned
mol_33973	train	assigned
mol_33974	train	assigned
mol_33975	train	assigned
mol_33976	train	assigned
mol_33977	train	assigned
mol_33978	train	assigned
mol_33979	train	assigned
mol_33980	train	assigned
mol_33981	train	sampled
mol_33982	train	assigned
mol_33983	train	sampled
mol_33984	train	sampled
mol_33985	test	assigned
mol_33986	train	assigned
mol_33987	train	sampled
mol_33988	train	assigned
mol_33989	train	assigned
mol_33990	train	assigned
mol_33991	train	assigned
mol_33992	train	sampled
mol_33993	train	sampled
mol_33994	train	assigned
mol_33995	test	assigned
mol_33996	test	assigned
mol_33997	test	assigned
mol_33998	train	assigned
mol_33999	test	sampled
mol_34000	test	assigned
mol_34001	test	assigned
mol_34002	test	sampled
mol_34003	test	assigned
mol_34004	test	sampled
mol_34005	train	assigned
mol_34006	train	assigned
mol_34007	train	assigned
mol_34008	train	assigned
mol_34009	train	assigned
mol_34010	train	assigned
mol_34011	train	assigned
mol_34012	train	assigned
mol_34013	val	sampled
mol_34014	train	assigned
mol_34015	train	assigned
mol_34016	train	assigned
mol_34017	train	sampled
mol_34018	train	assigned
mol_34019	train	assigned
mol_34020	train	assigned
mol_34021	train	sampled
mol_34022	test	sampled
mol_34023	train	assigned
mol_34024	test	assigned
mol_34025	test	assigned
mol_34026	test	assigned
mol_34027	test	assigned
mol_34028	train	assigned
mol_34029	train	assigned
mol_34030	train	sampled
mol_34031	train	assigned
mol_34032	train	sampled
mol_34033	train	assigned
mol_34034	train	sampled
mol_34035	train	sampled
mol_34036	train	assigned
mol_34037	train	assigned
mol_34038	val	sampled
mol_34039	train	assigned
mol_34040	train	sampled
mol_34041	train	assigned
mol_34042	train	assigned
mol_34043	train	assigned
mol_34044	train	sampled
mol_34045	train	assigned
mol_34046	val	assigned
mol_34047	train	sampled
mol_34048	train	assigned
mol_34049	train	sampled
mol_34050	train	assigned
mol_34051	train	assigned
mol_34052	train	sampled
mol_34053	train	assigned
mol_34054	val	assigned
mol_34055	val	assigned
mol_34056	val	assigned
mol_34057	train	assigned
mol_34058	train	assigned
mol_34059	train	sampled
mol_34060	val	assigned
mol_34061	val	assigned
mol_34062	train	sampled
mol_34063	train	sampled
mol_34064	train	assigned
mol_34065	train	sampled
mol_34066	train	assigned
mol_34067	val	sampled
mol_34068	train	assigned
mol_34069	val	assigned
mol_34070	val	sampled
mol_34071	val	sampled
mol_34072	val	assigned
mol_34073	val	assigned
mol_34074	train	assigned
mol_34075	train	assigned
mol_34076	val	assigned
mol_34077	train	assigned
mol_34078	train	assigned
mol_34079	train	assigned
mol_34080	train	assigned
mol_34081	train	assigned
mol_34082	train	assigned
mol_34083	train	sampled
mol_34084	train	assigned
mol_34085	val	assigned
mol_34086	val	assigned
mol_34087	train	assigned
mol_34088	train	sampled
mol_34089	train	assigned
mol_34090	train	assigned
mol_34091	train	assigned
mol_34092	train	assigned
mol_34093	train	sampled
mol_34094	train	sampled
mol_34095	val	assigned
mol_34096	val	assigned
mol_34097	val	assigned
mol_34098	val	assigned
mol_34099	train	sampled
mol_34100	train	assigned
mol_34101	train	sampled
mol_34102	train	assigned
mol_34103	train	assigned
mol_34104	train	sampled
mol_34105	train	sampled
mol_34106	test	assigned
mol_34107	test	assigned
mol_34108	test	assigned
mol_34109	test	assigned
mol_34110	test	assigned
mol_34111	train	assigned
mol_34112	train	sampled
mol_34113	train	assigned
mol_34114	train	sampled
mol_34115	train	assigned
mol_34116	train	assigned
mol_34117	train	assigned
mol_34118	train	assigned
mol_34119	train	assigned
mol_34120	train	assigned
mol_34121	train	assigned
mol_34122	train	assigned
mol_34123	train	sampled
mol_34124	train	sampled
mol_34125	train	assigned
mol_34126	train	assigned
mol_34127	train	sampled
mol_34128	train	assigned
mol_34129	test	assigned
mol_34130	train	sampled
mol_34131	train	assigned
mol_34132	train	assigned
mol_34133	train	sampled
mol_34134	train	sampled
mol_34135	train	sampled
mol_34136	train	assigned
mol_34137	train	assigned
mol_34138	train	assigned
mol_34139	train	assigned
mol_34140	train	assigned
mol_34141	train	assigned
mol_34142	train	assigned
mol_34143	train	assigned
mol_34144	train	assigned
mol_34145	train	assigned
mol_34146	train	assigned
mol_34147	train	assigned
mol_34148	train	assigned
mol_34149	train	sampled
mol_34150	train	assigned
mol_34151	train	assigned
mol_34152	train	assigned
mol_34153	val	assigned
mol_34154	train	assigned
mol_34155	train	assigned
mol_34156	train	assigned
mol_34157	train	assigned
mol_34158	train	assigned
mol_34159	train	assigned
mol_34160	val	assigned
mol_34161	train	sampled
mol_34162	train	sampled
mol_34163	train	assigned
mol_34164	val	assigned
mol_34165	train	assigned
mol_34166	val	assigned
mol_34167	train	assigned
mol_34168	val	assigned
mol_34169	val	sampled
mol_34170	val	sampled
mol_34171	val	assigned
mol_34172	train	assigned
mol_34173	val	assigned
mol_34174	train	assigned
mol_34175	train	assigned
mol_34176	val	sampled
mol_34177	train	assigned
mol_34178	train	assigned
mol_34179	train	assigned
mol_34180	train	assigned
mol_34181	train	assigned
mol_34182	train	assigned
mol_34183	train	assigned
mol_34184	val	assigned
mol_34185	train	assigned
mol_34186	train	assigned
mol_34187	val	assigned
mol_34188	train	sampled
mol_34189	train	assigned
mol_34190	train	assigned
mol_34191	train	assigned
mol_34192	train	assigned
mol_34193	train	assigned
mol_34194	train	assigned
mol_34195	train	sampled
mol_34196	train	assigned
mol_34197	val	assigned
mol_34198	val	sampled
mol_34199	train	assigned
mol_34200	val	assigned
mol_34201	train	assigned
mol_34202	train	assigned
mol_34203	train	sampled
mol_34204	test	assigned
mol_34205	test	assigned
mol_34206	val	assigned
mol_34207	train	assigned
mol_34208	train	assigned
mol_34209	train	assigned
mol_34210	train	sampled
mol_34211	train	assigned
mol_34212	train	assigned
mol_34213	train	assigned
mol_34214	train	assigned
mol_34215	train	assigned
mol_34216	train	assigned
mol_34217	train	assigned
mol_34218	train	sampled
mol_34219	val	assigned
mol_34220	val	sampled
mol_34221	train	sampled
mol_34222	val	assigned
mol_34223	train	assigned
mol_34224	train	assigned
mol_34225	train	sampled
mol_34226	train	sampled
mol_34227	val	assigned
mol_34228	train	assigned
mol_34229	train	assigned
mol_34230	train	assigned
mol_34231	train	sampled
mol_34232	val	assigned
mol_34233	train	assigned
mol_34234	val	assigned
mol_34235	train	assigned
mol_34236	train	assigned
mol_34237	train	assigned
mol_34238	train	assigned
mol_34239	train	sampled
mol_34240	train	assigned
mol_34241	train	sampled
mol_34242	train	assigned
mol_34243	train	assigned
mol_34244	train	sampled
mol_34245	train	assigned
mol_34246	train	assigned
mol_34247	train	assigned
mol_34248	train	assigned
mol_34249	train	assigned
mol_34250	train	assigned
mol_34251	train	assigned
mol_34252	train	assigned
mol_34253	train	sampled
mol_34254	train	assigned
mol_34255	train	assigned
mol_34256	val	sampled
mol_34257	train	sampled
mol_34258	val	assigned
mol_34259	val	assigned
mol_34260	val	assigned
mol_34261	val	assigned
mol_34262	train	sampled
mol_34263	val	assigned
mol_34264	val	sampled
mol_34265	val	assigned
mol_34266	train	assigned
mol_34267	train	assigned
mol_34268	train	assigned
mol_34269	train	sampled
mol_34270	train	assigned
mol_34271	train	assigned
mol_34272	train	sampled
mol_34273	train	assigned
mol_34274	train	assigned
mol_34275	train	assigned
mol_34276	train	sampled
mol_34277	train	assigned
mol_34278	train	assigned
mol_34279	train	assigned
mol_34280	train	assigned
mol_34281	train	assigned
mol_34282	train	sampled
mol_34283	val	sampled
mol_34284	test	assigned
mol_34285	test	assigned
mol_34286	train	sampled
mol_34287	test	assigned
mol_34288	test	assigned
mol_34289	test	assigned
mol_34290	test	assigned
mol_34291	train	sampled
mol_34292	train	assigned
mol_34293	train	assigned
mol_34294	train	assigned
mol_34295	train	sampled
mol_34296	train	assigned
mol_34297	train	assigned
mol_34298	train	assigned
mol_34299	train	assigned
mol_34300	train	assigned
mol_34301	train	sampled
mol_34302	train	assigned
mol_34303	train	assigned
mol_34304	train	assigned
mol_34305	train	assigned
mol_34306	train	sampled
mol_34307	train	assigned
mol_34308	train	sampled
mol_34309	train	assigned
mol_34310	train	assigned
mol_34311	train	sampled
mol_34312	train	assigned
mol_34313	test	sampled
mol_34314	test	assigned
mol_34315	train	sampled
mol_34316	val	assigned
mol_34317	train	assigned
mol_34318	val	assigned
mol_34319	val	assigned
mol_34320	val	sampled
mol_34321	val	assigned
mol_34322	val	assigned
mol_34323	val	assigned
mol_34324	val	assigned
mol_34325	val	assigned
mol_34326	val	sampled
mol_34327	val	assigned
mol_34328	val	sampled
mol_34329	train	sampled
mol_34330	val	sampled
mol_34331	val	sampled
mol_34332	val	sampled
mol_34333	val	assigned
mol_34334	val	sampled
mol_34335	val	assigned
mol_34336	val	sampled
mol_34337	val	assigned
mol_34338	train	sampled
mol_34339	train	assigned
mol_34340	val	assigned
mol_34341	val	sampled
mol_34342	val	assigned
mol_34343	val	sampled
mol_34344	val	assigned
mol_34345	val	sampled
mol_34346	val	assigned
mol_34347	val	sampled
mol_34348	val	sampled
mol_34349	val	assigned
mol_34350	val	assigned
mol_34351	val	sampled
mol_34352	val	assigned
mol_34353	val	sampled
mol_34354	val	assigned
mol_34355	val	sampled
mol_34356	val	sampled
mol_34357	val	sampled
mol_34358	val	sampled
mol_34359	val	sampled
mol_34360	train	assigned
mol_34361	val	assigned
mol_34362	train	assigned
mol_34363	train	assigned
mol_34364	train	assigned
mol_34365	train	assigned
mol_34366	train	sampled
mol_34367	val	assigned
mol_34368	train	assigned
mol_34369	val	assigned
mol_34370	val	sampled
mol_34371	val	assigned
mol_34372	val	assigned
mol_34373	train	assigned
mol_34374	train	assigned
mol_34375	val	assigned
mol_34376	val	assigned
mol_34377	val	assigned
mol_34378	val	sampled
mol_34379	test	assigned
mol_34380	test	assigned
mol_34381	test	assigned
mol_34382	val	assigned
mol_34383	val	sampled
mol_34384	train	assigned
mol_34385	train	sampled
mol_34386	train	assigned
mol_34387	train	assigned
mol_34388	train	assigned
mol_34389	train	assigned
mol_34390	train	assigned
mol_34391	train	sampled
mol_34392	train	assigned
mol_34393	train	assigned
mol_34394	test	assigned
mol_34395	test	assigned
mol_34396	val	assigned
mol_34397	val	assigned
mol_34398	val	sampled
mol_34399	val	assigned
mol_34400	train	assigned
mol_34401	val	sampled
mol_34402	val	assigned
mol_34403	val	assigned
mol_34404	val	sampled
mol_34405	val	assigned
mol_34406	val	assigned
mol_34407	train	assigned
mol_34408	val	assigned
mol_34409	val	assigned
mol_34410	val	assigned
mol_34411	train	assigned
mol_34412	train	sampled
mol_34413	train	assigned
mol_34414	train	assigned
mol_34415	train	sampled
mol_34416	train	assigned
mol_34417	val	sampled
mol_34418	val	assigned
mol_34419	val	assigned
mol_34420	val	assigned
mol_34421	val	assigned
mol_34422	val	assigned
mol_34423	val	sampled
mol_34424	val	assigned
mol_34425	val	assigned
mol_34426	val	assigned
mol_34427	val	assigned
mol_34428	val	assigned
mol_34429	val	sampled
mol_34430	val	sampled
mol_34431	train	assigned
mol_34432	train	assigned
mol_34433	train	assigned
mol_34434	train	assigned
mol_34435	train	sampled
mol_34436	train	sampled
mol_34437	train	sampled
mol_34438	train	assigned
mol_34439	train	sampled
mol_34440	train	sampled
mol_34441	train	assigned
mol_34442	train	assigned
mol_34443	train	assigned
mol_34444	train	sampled
mol_34445	train	assigned
mol_34446	train	assigned
mol_34447	train	assigned
mol_34448	train	assigned
mol_34449	train	assigned
mol_34450	train	assigned
mol_34451	train	assigned
mol_34452	train	assigned
mol_34453	val	assigned
mol_34454	train	assigned
mol_34455	train	assigned
mol_34456	train	sampled
mol_34457	train	assigned
mol_34458	train	assigned
mol_34459	train	assigned
mol_34460	train	sampled
mol_34461	train	assigned
mol_34462	train	assigned
mol_34463	train	sampled
mol_34464	train	assigned
mol_34465	val	sampled
mol_34466	train	assigned
mol_34467	train	sampled
mol_34468	train	sampled
mol_34469	train	assigned
mol_34470	val	assigned
mol_34471	val	assigned
mol_34472	train	sampled
mol_34473	train	assigned
mol_34474	train	assigned
mol_34475	train	sampled
mol_34476	train	sampled
mol_34477	train	sampled
mol_34478	train	assigned
mol_34479	val	assigned
mol_34480	train	sampled
mol_34481	val	assigned
mol_34482	train	sampled
mol_34483	train	assigned
mol_34484	train	assigned
mol_34485	train	assigned
mol_34486	train	assigned
mol_34487	train	sampled
mol_34488	train	assigned
mol_34489	train	assigned
mol_34490	train	sampled
mol_34491	train	assigned
mol_34492	train	assigned
mol_34493	test	assigned
mol_34494	test	assigned
mol_34495	train	sampled
mol_34496	val	sampled
mol_34497	train	assigned
mol_34498	train	assigned
mol_34499	train	assigned
mol_34500	train	sampled
mol_34501	train	assigned
mol_34502	train	sampled
mol_34503	train	assigned
mol_34504	train	sampled
mol_34505	train	sampled
mol_34506	train	assigned
mol_34507	val	assigned
mol_34508	test	assigned
mol_34509	train	assigned
mol_34510	train	assigned
mol_34511	test	sampled
mol_34512	test	assigned
mol_34513	train	assigned
mol_34514	train	assigned
mol_34515	test	assigned
mol_34516	train	assigned
mol_34517	train	assigned
mol_34518	train	assigned
mol_34519	train	assigned
mol_34520	train	assigned
mol_34521	train	assigned
mol_34522	val	assigned
mol_34523	train	assigned
mol_34524	val	assigned
mol_34525	train	sampled
mol_34526	train	assigned
mol_34527	train	assigned
mol_34528	train	assigned
mol_34529	train	assigned
mol_34530	train	sampled
mol_34531	train	assigned
mol_34532	train	assigned
mol_34533	train	assigned
mol_34534	train	sampled
mol_34535	train	assigned
mol_34536	train	assigned
mol_34537	train	sampled
mol_34538	val	assigned
mol_34539	val	assigned
mol_34540	train	assigned
mol_34541	test	sampled
mol_34542	test	assigned
mol_34543	val	assigned
mol_34544	val	sampled
mol_34545	train	assigned
mol_34546	train	assigned
mol_34547	train	assigned
mol_34548	test	assigned
mol_34549	test	assigned
mol_34550	test	assigned
mol_34551	train	assigned
mol_34552	test	assigned
mol_34553	train	assigned
mol_34554	train	sampled
mol_34555	train	assigned
mol_34556	test	assigned
mol_34557	test	assigned
mol_34558	test	sampled
mol_34559	train	assigned
mol_34560	test	assigned
mol_34561	val	assigned
mol_34562	test	assigned
mol_34563	test	assigned
mol_34564	train	sampled
mol_34565	train	assigned
mol_34566	val	assigned
mol_34567	train	assigned
mol_34568	train	sampled
mol_34569	train	assigned
mol_34570	train	assigned
mol_34571	train	assigned
mol_34572	train	sampled
mol_34573	train	assigned
mol_34574	train	assigned
mol_34575	train	sampled
mol_34576	train	assigned
mol_34577	train	assigned
mol_34578	train	assigned
mol_34579	test	assigned
mol_34580	train	assigned
mol_34581	val	assigned
mol_34582	val	sampled
mol_34583	train	assigned
mol_34584	train	assigned
mol_34585	test	assigned
mol_34586	test	assigned
mol_34587	test	assigned
mol_34588	test	assigned
mol_34589	test	assigned
mol_34590	test	assigned
mol_34591	train	assigned
mol_34592	train	assigned
mol_34593	train	sampled
mol_34594	train	assigned
mol_34595	train	assigned
mol_34596	train	sampled
mol_34597	train	assigned
mol_34598	train	assigned
mol_34599	train	assigned
mol_34600	train	assigned
mol_34601	train	assigned
mol_34602	train	assigned
mol_34603	train	assigned
mol_34604	train	assigned
mol_34605	train	assigned
mol_34606	train	sampled
mol_34607	train	assigned
mol_34608	train	assigned
mol_34609	train	assigned
mol_34610	train	assigned
mol_34611	train	assigned
mol_34612	train	sampled
mol_34613	train	assigned
mol_34614	train	assigned
mol_34615	train	sampled
mol_34616	train	assigned
mol_34617	train	sampled
mol_34618	train	assigned
mol_34619	train	assigned
mol_34620	test	assigned
mol_34621	test	assigned
mol_34622	test	assigned
mol_34623	test	sampled
mol_34624	test	assigned
mol_34625	test	assigned
mol_34626	test	sampled
mol_34627	train	assigned
mol_34628	val	assigned
mol_34629	val	assigned
mol_34630	train	assigned
mol_34631	train	assigned
mol_34632	train	assigned
mol_34633	val	sampled
mol_34634	val	sampled
mol_34635	train	assigned
mol_34636	val	assigned
mol_34637	train	assigned
mol_34638	train	sampled
mol_34639	train	sampled
mol_34640	train	sampled
mol_34641	train	sampled
mol_34642	train	assigned
mol_34643	train	assigned
mol_34644	train	assigned
mol_34645	train	assigned
mol_34646	val	assigned
mol_34647	train	sampled
mol_34648	train	assigned
mol_34649	train	assigned
mol_34650	train	assigned
mol_34651	train	assigned
mol_34652	val	assigned
mol_34653	train	assigned
mol_34654	train	sampled
mol_34655	train	sampled
mol_34656	train	sampled
mol_34657	train	assigned
mol_34658	train	assigned
mol_34659	train	sampled
mol_34660	train	assigned
mol_34661	train	sampled
mol_34662	train	sampled
mol_34663	train	assigned
mol_34664	train	assigned
mol_34665	train	assigned
mol_34666	train	assigned
mol_34667	train	assigned
mol_34668	test	assigned
mol_34669	test	assigned
mol_34670	test	sampled
mol_34671	train	assigned
mol_34672	train	assigned
mol_34673	train	assigned
mol_34674	train	assigned
mol_34675	train	assigned
mol_34676	test	assigned
mol_34677	test	assigned
mol_34678	train	assigned
mol_34679	train	assigned
mol_34680	train	assigned
mol_34681	train	assigned
mol_34682	train	sampled
mol_34683	train	assigned
mol_34684	train	assigned
mol_34685	train	assigned
mol_34686	train	assigned
mol_34687	train	assigned
mol_34688	train	assigned
mol_34689	train	sampled
mol_34690	val	assigned
mol_34691	val	assigned
mol_34692	train	assigned
mol_34693	test	assigned
mol_34694	test	assigned
mol_34695	test	assigned
mol_34696	test	sampled
mol_34697	train	sampled
mol_34698	train	assigned
mol_34699	train	assigned
mol_34700	train	assigned
mol_34701	train	assigned
mol_34702	train	assigned
mol_34703	train	sampled
mol_34704	train	assigned
mol_34705	train	assigned
mol_34706	train	assigned
mol_34707	train	assigned
mol_34708	val	assigned
mol_34709	train	assigned
mol_34710	train	assigned
mol_34711	train	assigned
mol_34712	val	sampled
mol_34713	train	sampled
mol_34714	train	sampled
mol_34715	train	assigned
mol_34716	train	assigned
mol_34717	train	assigned
mol_34718	train	assigned
mol_34719	train	sampled
mol_34720	train	assigned
mol_34721	train	assigned
mol_34722	train	assigned
mol_34723	train	sampled
mol_34724	val	assigned
mol_34725	train	assigned
mol_34726	train	assigned
mol_34727	train	assigned
mol_34728	train	assigned
mol_34729	train	assigned
mol_34730	train	assigned
mol_34731	train	sampled
mol_34732	train	assigned
mol_34733	train	assigned
mol_34734	train	sampled
mol_34735	train	assigned
mol_34736	train	assigned
mol_34737	train	assigned
mol_34738	train	assigned
mol_34739	train	sampled
mol_34740	train	assigned
mol_34741	train	assigned
mol_34742	train	assigned
mol_34743	train	assigned
mol_34744	train	assigned
mol_34745	train	assigned
mol_34746	train	assigned
mol_34747	train	sampled
mol_34748	train	sampled
mol_34749	train	assigned
mol_34750	train	assigned
mol_34751	train	sampled
mol_34752	train	assigned
mol_34753	train	assigned
mol_34754	test	assigned
mol_34755	train	sampled
mol_34756	test	assigned
mol_34757	train	assigned
mol_34758	test	assigned
mol_34759	test	assigned
mol_34760	train	assigned
mol_34761	train	assigned
mol_34762	val	assigned
mol_34763	train	assigned
mol_34764	val	sampled
mol_34765	train	assigned
mol_34766	val	assigned
mol_34767	train	assigned
mol_34768	train	assigned
mol_34769	train	assigned
mol_34770	train	assigned
mol_34771	train	assigned
mol_34772	train	assigned
mol_34773	train	assigned
mol_34774	train	sampled
mol_34775	train	assigned
mol_34776	train	assigned
mol_34777	train	assigned
mol_34778	train	sampled
mol_34779	train	assigned
mol_34780	train	assigned
mol_34781	train	assigned
mol_34782	val	assigned
mol_34783	train	assigned
mol_34784	train	sampled
mol_34785	train	assigned
mol_34786	train	assigned
mol_34787	train	assigned
mol_34788	train	sampled
mol_34789	train	sampled
mol_34790	train	sampled
mol_34791	train	assigned
mol_34792	train	assigned
mol_34793	train	assigned
mol_34794	train	assigned
mol_34795	test	assigned
mol_34796	train	assigned
mol_34797	train	sampled
mol_34798	test	sampled
mol_34799	test	assigned
mol_34800	val	assigned
mol_34801	train	assigned
mol_34802	train	assigned
mol_34803	train	sampled
mol_34804	train	assigned
mol_34805	train	assigned
mol_34806	train	assigned
mol_34807	train	assigned
mol_34808	train	sampled
mol_34809	val	assigned
mol_34810	val	assigned
mol_34811	train	assigned
mol_34812	train	assigned
mol_34813	train	sampled
mol_34814	test	sampled
mol_34815	train	assigned
mol_34816	train	assigned
mol_34817	test	assigned
mol_34818	val	assigned
mol_34819	train	sampled
mol_34820	train	assigned
mol_34821	train	assigned
mol_34822	train	sampled
mol_34823	train	assigned
mol_34824	train	sampled
mol_34825	val	assigned
mol_34826	val	assigned
mol_34827	val	sampled
mol_34828	train	assigned
mol_34829	train	sampled
mol_34830	train	assigned
mol_34831	train	assigned
mol_34832	val	assigned
mol_34833	val	assigned
mol_34834	val	sampled
mol_34835	val	sampled
mol_34836	val	assigned
mol_34837	train	sampled
mol_34838	train	assigned
mol_34839	train	assigned
mol_34840	test	assigned
mol_34841	test	assigned
mol_34842	test	assigned
mol_34843	test	assigned
mol_34844	test	assigned
mol_34845	val	sampled
mol_34846	val	sampled
mol_34847	val	sampled
mol_34848	train	assigned
mol_34849	train	sampled
mol_34850	train	assigned
mol_34851	train	assigned
mol_34852	train	assigned
mol_34853	test	assigned
mol_34854	train	assigned
mol_34855	val	assigned
mol_34856	train	assigned
mol_34857	train	sampled
mol_34858	train	assigned
mol_34859	train	assigned
mol_34860	train	sampled
mol_34861	train	assigned
mol_34862	train	assigned
mol_34863	train	assigned
mol_34864	train	assigned
mol_34865	train	assigned
mol_34866	test	sampled
mol_34867	train	assigned
mol_34868	train	assigned
mol_34869	test	assigned
mol_34870	test	sampled
mol_34871	train	assigned
mol_34872	train	assigned
mol_34873	train	assigned
mol_34874	train	assigned
mol_34875	train	assigned
mol_34876	train	assigned
mol_34877	train	sampled
mol_34878	train	assigned
mol_34879	train	assigned
mol_34880	train	assigned
mol_34881	train	assigned
mol_34882	train	sampled
mol_34883	val	assigned
mol_34884	train	assigned
mol_34885	train	assigned
mol_34886	train	assigned
mol_34887	train	assigned
mol_34888	train	assigned
mol_34889	train	sampled
mol_34890	train	assigned
mol_34891	train	sampled
mol_34892	train	assigned
mol_34893	train	sampled
mol_34894	train	assigned
mol_34895	train	sampled
mol_34896	train	assigned
mol_34897	train	sampled
mol_34898	train	assigned
mol_34899	train	assigned
mol_34900	train	sampled
mol_34901	train	sampled
mol_34902	train	assigned
mol_34903	train	assigned
mol_34904	train	assigned
mol_34905	train	assigned
mol_34906	train	assigned
mol_34907	train	assigned
mol_34908	train	assigned
mol_34909	train	assigned
mol_34910	train	assigned
mol_34911	train	assigned
mol_34912	train	assigned
mol_34913	val	sampled
mol_34914	val	assigned
mol_34915	val	assigned
mol_34916	train	assigned
mol_34917	train	assigned
mol_34918	train	assigned
mol_34919	val	assigned
mol_34920	val	assigned
mol_34921	train	assigned
mol_34922	train	assigned
mol_34923	val	assigned
mol_34924	val	assigned
mol_34925	train	assigned
mol_34926	test	assigned
mol_34927	train	assigned
mol_34928	val	assigned
mol_34929	test	sampled
mol_34930	train	assigned
mol_34931	train	assigned
mol_34932	test	assigned
mol_34933	test	sampled
mol_34934	train	assigned
mol_34935	train	assigned
mol_34936	train	assigned
mol_34937	train	assigned
mol_34938	train	sampled
mol_34939	train	assigned
mol_34940	train	assigned
mol_34941	train	assigned
mol_34942	train	assigned
mol_34943	train	assigned
mol_34944	train	sampled
mol_34945	train	assigned
mol_34946	test	assigned
mol_34947	train	assigned
mol_34948	val	assigned
mol_34949	val	assigned
mol_34950	test	assigned
mol_34951	val	assigned
mol_34952	val	sampled
mol_34953	train	assigned
mol_34954	val	assigned
mol_34955	train	assigned
mol_34956	train	assigned
mol_34957	train	sampled
mol_34958	train	assigned
mol_34959	train	assigned
mol_34960	train	sampled
mol_34961	train	assigned
mol_34962	train	assigned
mol_34963	train	sampled
mol_34964	train	assigned
mol_34965	train	assigned
mol_34966	train	assigned
mol_34967	train	assigned
mol_34968	train	assigned
mol_34969	train	assigned
mol_34970	train	assigned
mol_34971	train	sampled
mol_34972	train	assigned
mol_34973	train	sampled
mol_34974	train	assigned
mol_34975	train	sampled
mol_34976	train	sampled
mol_34977	val	sampled
mol_34978	train	assigned
mol_34979	train	assigned
mol_34980	test	assigned
mol_34981	val	assigned
mol_34982	val	assigned
mol_34983	val	assigned
mol_34984	val	assigned
mol_34985	val	assigned
mol_34986	train	assigned
mol_34987	train	assigned
mol_34988	test	assigned
mol_34989	test	assigned
mol_34990	test	sampled
mol_34991	train	sampled
mol_34992	train	sampled
mol_34993	val	sampled
mol_34994	train	assigned
mol_34995	train	assigned
mol_34996	train	assigned
mol_34997	val	assigned
mol_34998	train	assigned
mol_34999	train	assigned
mol_35000	train	sampled
mol_35001	train	assigned
mol_35002	train	assigned
mol_35003	train	sampled
mol_35004	train	assigned
mol_35005	train	assigned
mol_35006	train	assigned
mol_35007	train	sampled
mol_35008	train	assigned
mol_35009	train	sampled
mol_35010	val	assigned
mol_35011	train	assigned
mol_35012	train	assigned
mol_35013	train	assigned
mol_35014	train	sampled
mol_35015	train	sampled
mol_35016	train	assigned
mol_35017	train	sampled
mol_35018	train	assigned
mol_35019	val	assigned
mol_35020	train	sampled
mol_35021	train	assigned
mol_35022	val	sampled
mol_35023	train	sampled
mol_35024	train	sampled
mol_35025	train	assigned
mol_35026	train	assigned
mol_35027	train	assigned
mol_35028	train	sampled
mol_35029	train	assigned
mol_35030	train	assigned
mol_35031	train	assigned
mol_35032	train	assigned
mol_35033	train	assigned
mol_35034	train	assigned
mol_35035	val	assigned
mol_35036	train	assigned
mol_35037	train	sampled
mol_35038	train	sampled
mol_35039	train	assigned
mol_35040	train	assigned
mol_35041	train	assigned
mol_35042	train	sampled
mol_35043	train	assigned
mol_35044	train	assigned
mol_35045	train	assigned
mol_35046	train	assigned
mol_35047	train	sampled
mol_35048	train	assigned
mol_35049	train	assigned
mol_35050	train	sampled
mol_35051	val	sampled
mol_35052	train	sampled
mol_35053	train	assigned
mol_35054	val	sampled
mol_35055	train	sampled
mol_35056	val	sampled
mol_35057	train	assigned
mol_35058	train	assigned
mol_35059	train	sampled
mol_35060	test	assigned
mol_35061	test	sampled
mol_35062	train	assigned
mol_35063	train	assigned
mol_35064	val	assigned
mol_35065	train	sampled
mol_35066	val	assigned
mol_35067	train	assigned
mol_35068	train	sampled
mol_35069	train	assigned
mol_35070	val	sampled
mol_35071	val	assigned
mol_35072	train	assigned
mol_35073	train	assigned
mol_35074	train	assigned
mol_35075	val	assigned
mol_35076	val	assigned
mol_35077	train	assigned
mol_35078	train	sampled
mol_35079	train	assigned
mol_35080	train	assigned
mol_35081	train	assigned
mol_35082	train	sampled
mol_35083	train	assigned
mol_35084	train	assigned
mol_35085	train	sampled
mol_35086	train	assigned
mol_35087	test	assigned
mol_35088	train	assigned
mol_35089	train	assigned
mol_35090	val	assigned
mol_35091	train	assigned
mol_35092	train	assigned
mol_35093	val	sampled
mol_35094	train	sampled
mol_35095	train	assigned
mol_35096	train	assigned
mol_35097	val	assigned
mol_35098	train	assigned
mol_35099	train	assigned
mol_35100	train	assigned
mol_35101	train	assigned
mol_35102	train	assigned
mol_35103	train	assigned
mol_35104	train	assigned
mol_35105	train	sampled
mol_35106	train	sampled
mol_35107	train	assigned
mol_35108	train	assigned
mol_35109	train	assigned
mol_35110	train	sampled
mol_35111	train	assigned
mol_35112	train	sampled
mol_35113	train	assigned
mol_35114	train	assigned
mol_35115	train	assigned
mol_35116	train	assigned
mol_35117	train	assigned
mol_35118	train	assigned
mol_35119	train	sampled
mol_35120	train	assigned
mol_35121	train	sampled
mol_35122	train	sampled
mol_35123	train	sampled
mol_35124	train	assigned
mol_35125	train	assigned
mol_35126	train	assigned
mol_35127	train	assigned
mol_35128	train	assigned
mol_35129	train	assigned
mol_35130	train	assigned
mol_35131	train	assigned
mol_35132	train	assigned
mol_35133	train	assigned
mol_35134	val	assigned
mol_35135	train	assigned
mol_35136	train	assigned
mol_35137	val	assigned
mol_35138	train	sampled
mol_35139	train	assigned
mol_35140	train	assigned
mol_35141	train	assigned
mol_35142	test	assigned
mol_35143	test	sampled
mol_35144	train	assigned
mol_35145	train	assigned
mol_35146	train	sampled
mol_35147	test	assigned
mol_35148	train	assigned
mol_35149	train	assigned
mol_35150	train	assigned
mol_35151	train	assigned
mol_35152	train	assigned
mol_35153	train	assigned
mol_35154	train	assigned
mol_35155	train	assigned
mol_35156	train	assigned
mol_35157	train	sampled
mol_35158	train	assigned
mol_35159	train	assigned
mol_35160	train	assigned
mol_35161	train	sampled
mol_35162	train	assigned
mol_35163	train	assigned
mol_35164	train	sampled
mol_35165	train	sampled
mol_35166	train	assigned
mol_35167	train	assigned
mol_35168	train	assigned
mol_35169	test	assigned
mol_35170	train	assigned
mol_35171	train	assigned
mol_35172	train	assigned
mol_35173	train	sampled
mol_35174	train	assigned
mol_35175	train	sampled
mol_35176	train	assigned
mol_35177	train	sampled
mol_35178	val	assigned
mol_35179	train	assigned
mol_35180	train	sampled
mol_35181	train	assigned
mol_35182	train	assigned
mol_35183	train	assigned
mol_35184	train	assigned
mol_35185	train	assigned
mol_35186	train	assigned
mol_35187	train	assigned
mol_35188	train	assigned
mol_35189	val	assigned
mol_35190	val	assigned
mol_35191	train	assigned
mol_35192	train	assigned
mol_35193	train	assigned
mol_35194	train	assigned
mol_35195	val	assigned
mol_35196	train	assigned
mol_35197	train	assigned
mol_35198	train	assigned
mol_35199	test	assigned
mol_35200	test	assigned
mol_35201	val	assigned
mol_35202	test	sampled
mol_35203	val	assigned
mol_35204	train	assigned
mol_35205	train	assigned
mol_35206	train	assigned
mol_35207	train	assigned
mol_35208	val	assigned
mol_35209	val	assigned
mol_35210	train	assigned
mol_35211	train	assigned
mol_35212	val	assigned
mol_35213	val	sampled
mol_35214	train	assigned
mol_35215	val	sampled
mol_35216	val	assigned
mol_35217	train	sampled
mol_35218	train	sampled
mol_35219	train	assigned
mol_35220	train	sampled
mol_35221	train	assigned
mol_35222	val	assigned
mol_35223	test	assigned
mol_35224	test	sampled
mol_35225	test	assigned
mol_35226	test	assigned
mol_35227	test	assigned
mol_35228	test	assigned
mol_35229	val	assigned
mol_35230	train	assigned
mol_35231	val	assigned
mol_35232	train	assigned
mol_35233	train	assigned
mol_35234	train	assigned
mol_35235	train	sampled
mol_35236	train	assigned
mol_35237	train	sampled
mol_35238	train	assigned
mol_35239	train	assigned
mol_35240	train	assigned
mol_35241	train	assigned
mol_35242	val	assigned
mol_35243	val	assigned
mol_35244	val	assigned
mol_35245	train	assigned
mol_35246	val	assigned
mol_35247	val	assigned
mol_35248	train	assigned
mol_35249	train	assigned
mol_35250	train	assigned
mol_35251	train	assigned
mol_35252	train	assigned
mol_35253	train	sampled
mol_35254	train	assigned
mol_35255	train	sampled
mol_35256	train	sampled
mol_35257	train	assigned
mol_35258	train	assigned
mol_35259	train	sampled
mol_35260	train	assigned
mol_35261	train	assigned
mol_35262	train	assigned
mol_35263	train	assigned
mol_35264	train	assigned
mol_35265	train	sampled
mol_35266	train	assigned
mol_35267	train	sampled
mol_35268	train	assigned
mol_35269	train	sampled
mol_35270	train	assigned
mol_35271	train	assigned
mol_35272	val	sampled
mol_35273	val	sampled
mol_35274	val	sampled
mol_35275	val	sampled
mol_35276	val	assigned
mol_35277	val	assigned
mol_35278	train	sampled
mol_35279	val	assigned
mol_35280	val	assigned
mol_35281	train	assigned
mol_35282	train	sampled
mol_35283	val	assigned
mol_35284	train	assigned
mol_35285	val	assigned
mol_35286	val	assigned
mol_35287	train	sampled
mol_35288	train	sampled
mol_35289	train	assigned
mol_35290	train	assigned
mol_35291	train	assigned
mol_35292	train	assigned
mol_35293	train	assigned
mol_35294	train	sampled
mol_35295	train	assigned
mol_35296	val	sampled
mol_35297	train	sampled
mol_35298	train	assigned
mol_35299	train	assigned
mol_35300	train	assigned
mol_35301	val	assigned
mol_35302	val	assigned
mol_35303	train	assigned
mol_35304	val	assigned
mol_35305	train	assigned
mol_35306	train	assigned
mol_35307	train	assigned
mol_35308	val	assigned
mol_35309	train	assigned
mol_35310	train	assigned
mol_35311	train	sampled
mol_35312	val	assigned
mol_35313	train	assigned
mol_35314	val	assigned
mol_35315	train	assigned
mol_35316	train	sampled
mol_35317	train	sampled
mol_35318	train	sampled
mol_35319	train	assigned
mol_35320	train	assigned
mol_35321	val	assigned
mol_35322	train	assigned
mol_35323	train	assigned
mol_35324	train	assigned
mol_35325	train	assigned
mol_35326	train	sampled
mol_35327	train	assigned
mol_35328	train	assigned
mol_35329	train	assigned
mol_35330	train	assigned
mol_35331	train	sampled
mol_35332	train	assigned
mol_35333	train	assigned
mol_35334	train	assigned
mol_35335	train	sampled
mol_35336	train	assigned
mol_35337	train	assigned
mol_35338	train	sampled
mol_35339	train	assigned
mol_35340	train	assigned
mol_35341	train	assigned
mol_35342	val	assigned
mol_35343	train	sampled
mol_35344	train	assigned
mol_35345	val	assigned
mol_35346	val	assigned
mol_35347	train	assigned
mol_35348	train	assigned
mol_35349	train	assigned
mol_35350	test	assigned
mol_35351	test	assigned
mol_35352	test	sampled
mol_35353	val	assigned
mol_35354	train	assigned
mol_35355	train	sampled
mol_35356	train	sampled
mol_35357	train	assigned
mol_35358	train	assigned
mol_35359	train	sampled
mol_35360	train	assigned
mol_35361	train	sampled
mol_35362	train	assigned
mol_35363	train	assigned
mol_35364	train	sampled
mol_35365	val	assigned
mol_35366	val	assigned
mol_35367	val	assigned
mol_35368	val	assigned
mol_35369	val	assigned
mol_35370	val	sampled
mol_35371	train	assigned
mol_35372	train	assigned
mol_35373	train	assigned
mol_35374	train	assigned
mol_35375	train	sampled
mol_35376	train	assigned
mol_35377	train	assigned
mol_35378	train	sampled
mol_35379	train	assigned
mol_35380	train	sampled
mol_35381	train	assigned
mol_35382	train	assigned
mol_35383	train	sampled
mol_35384	train	assigned
mol_35385	train	assigned
mol_35386	train	assigned
mol_35387	train	assigned
mol_35388	val	sampled
mol_35389	val	assigned
mol_35390	train	assigned
mol_35391	train	sampled
mol_35392	val	sampled
mol_35393	val	assigned
mol_35394	train	sampled
mol_35395	val	sampled
mol_35396	train	sampled
mol_35397	val	assigned
mol_35398	train	assigned
mol_35399	train	sampled
mol_35400	train	assigned
mol_35401	train	sampled
mol_35402	train	assigned
mol_35403	train	sampled
mol_35404	train	assigned
mol_35405	train	assigned
mol_35406	train	assigned
mol_35407	train	assigned
mol_35408	train	assigned
mol_35409	train	assigned
mol_35410	train	assigned
mol_35411	train	assigned
mol_35412	val	assigned
mol_35413	val	sampled
mol_35414	val	assigned
mol_35415	val	assigned
mol_35416	train	sampled
mol_35417	train	sampled
mol_35418	train	assigned
mol_35419	train	assigned
mol_35420	val	assigned
mol_35421	test	assigned
mol_35422	test	assigned
mol_35423	test	assigned
mol_35424	train	assigned
mol_35425	test	assigned
mol_35426	test	assigned
mol_35427	test	assigned
mol_35428	test	assigned
mol_35429	test	assigned
mol_35430	test	assigned
mol_35431	test	assigned
mol_35432	train	sampled
mol_35433	train	assigned
mol_35434	train	assigned
mol_35435	train	assigned
mol_35436	train	assigned
mol_35437	train	assigned
mol_35438	train	assigned
mol_35439	train	sampled
mol_35440	train	assigned
mol_35441	train	sampled
mol_35442	train	assigned
mol_35443	train	assigned
mol_35444	train	sampled
mol_35445	train	assigned
mol_35446	train	sampled
mol_35447	train	sampled
mol_35448	train	assigned
mol_35449	train	assigned
mol_35450	train	assigned
mol_35451	train	assigned
mol_35452	test	assigned
mol_35453	test	assigned
mol_35454	val	assigned
mol_35455	val	sampled
mol_35456	train	assigned
mol_35457	val	assigned
mol_35458	val	assigned
mol_35459	val	assigned
mol_35460	val	assigned
mol_35461	train	assigned
mol_35462	val	assigned
mol_35463	val	assigned
mol_35464	val	assigned
mol_35465	val	assigned
mol_35466	test	sampled
mol_35467	test	assigned
mol_35468	test	assigned
mol_35469	train	sampled
mol_35470	val	sampled
mol_35471	train	assigned
mol_35472	train	sampled
mol_35473	train	assigned
mol_35474	train	assigned
mol_35475	val	sampled
mol_35476	val	assigned
mol_35477	train	sampled
mol_35478	train	assigned
mol_35479	val	assigned
mol_35480	train	assigned
mol_35481	train	sampled
mol_35482	val	assigned
mol_35483	train	assigned
mol_35484	train	assigned
mol_35485	train	sampled
mol_35486	train	assigned
mol_35487	train	assigned
mol_35488	train	assigned
mol_35489	val	assigned
mol_35490	train	assigned
mol_35491	train	assigned
mol_35492	train	assigned
mol_35493	val	sampled
mol_35494	val	sampled
mol_35495	train	assigned
mol_35496	train	assigned
mol_35497	train	sampled
mol_35498	train	sampled
mol_35499	train	assigned
mol_35500	train	sampled
mol_35501	train	assigned
mol_35502	train	assigned
mol_35503	test	assigned
mol_35504	train	sampled
mol_35505	train	sampled
mol_35506	val	assigned
mol_35507	train	assigned
mol_35508	train	assigned
mol_35509	val	assigned
mol_35510	train	assigned
mol_35511	train	assigned
mol_35512	train	assigned
mol_35513	train	assigned
mol_35514	train	assigned
mol_35515	train	assigned
mol_35516	train	assigned
mol_35517	val	assigned
mol_35518	train	assigned
mol_35519	val	assigned
mol_35520	val	assigned
mol_35521	val	assigned
mol_35522	val	assigned
mol_35523	val	assigned
mol_35524	train	assigned
mol_35525	val	assigned
mol_35526	val	assigned
mol_35527	val	assigned
mol_35528	val	sampled
mol_35529	val	assigned
mol_35530	val	assigned
mol_35531	train	assigned
mol_35532	val	assigned
mol_35533	train	sampled
mol_35534	train	sampled
mol_35535	train	sampled
mol_35536	val	assigned
mol_35537	train	sampled
mol_35538	val	assigned
mol_35539	train	assigned
mol_35540	val	assigned
mol_35541	train	assigned
mol_35542	train	sampled
mol_35543	train	sampled
mol_35544	train	assigned
mol_35545	val	assigned
mol_35546	train	assigned
mol_35547	train	assigned
mol_35548	train	assigned
mol_35549	train	sampled
mol_35550	train	assigned
mol_35551	train	sampled
mol_35552	train	assigned
mol_35553	val	sampled
mol_35554	val	assigned
mol_35555	test	assigned
mol_35556	val	assigned
mol_35557	val	assigned
mol_35558	train	sampled
mol_35559	train	assigned
mol_35560	train	assigned
mol_35561	train	sampled
mol_35562	train	assigned
mol_35563	train	assigned
mol_35564	val	assigned
mol_35565	train	assigned
mol_35566	val	assigned
mol_35567	val	assigned
mol_35568	val	assigned
mol_35569	val	sampled
mol_35570	val	assigned
mol_35571	val	sampled
mol_35572	val	assigned
mol_35573	train	assigned
mol_35574	train	assigned
mol_35575	val	assigned
mol_35576	val	sampled
mol_35577	train	sampled
mol_35578	train	sampled
mol_35579	train	assigned
mol_35580	val	sampled
mol_35581	train	assigned
mol_35582	train	assigned
mol_35583	train	assigned
mol_35584	train	assigned
mol_35585	train	assigned
mol_35586	train	assigned
mol_35587	train	sampled
mol_35588	train	assigned
mol_35589	train	sampled
mol_35590	train	sampled
mol_35591	train	assigned
mol_35592	train	sampled
mol_35593	train	assigned
mol_35594	train	assigned
mol_35595	train	assigned
mol_35596	train	assigned
mol_35597	train	assigned
mol_35598	train	assigned
mol_35599	train	assigned
mol_35600	train	sampled
mol_35601	train	sampled
mol_35602	train	assigned
mol_35603	train	sampled
mol_35604	train	sampled
mol_35605	train	sampled
mol_35606	test	assigned
mol_35607	test	sampled
mol_35608	test	assigned
mol_35609	test	assigned
mol_35610	test	assigned
mol_35611	val	sampled
mol_35612	val	assigned
mol_35613	val	assigned
mol_35614	test	sampled
mol_35615	test	assigned
mol_35616	train	assigned
mol_35617	val	assigned
mol_35618	val	assigned
mol_35619	train	assigned
mol_35620	train	assigned
mol_35621	val	assigned
mol_35622	val	assigned
mol_35623	train	assigned
mol_35624	val	assigned
mol_35625	train	assigned
mol_35626	train	sampled
mol_35627	train	assigned
mol_35628	train	assigned
mol_35629	train	assigned
mol_35630	train	assigned
mol_35631	train	assigned
mol_35632	train	assigned
mol_35633	test	assigned
mol_35634	train	assigned
mol_35635	train	sampled
mol_35636	train	assigned
mol_35637	train	assigned
mol_35638	train	sampled
mol_35639	train	sampled
mol_35640	train	assigned
mol_35641	train	sampled
mol_35642	train	assigned
mol_35643	train	assigned
mol_35644	train	assigned
mol_35645	train	assigned
mol_35646	train	sampled
mol_35647	train	assigned
mol_35648	train	sampled
mol_35649	train	assigned
mol_35650	train	assigned
mol_35651	train	assigned
mol_35652	train	assigned
mol_35653	train	assigned
mol_35654	train	assigned
mol_35655	train	assigned
mol_35656	train	assigned
mol_35657	train	assigned
mol_35658	train	assigned
mol_35659	train	assigned
mol_35660	train	sampled
mol_35661	train	assigned
mol_35662	test	assigned
mol_35663	test	assigned
mol_35664	test	assigned
mol_35665	train	assigned
mol_35666	train	sampled
mol_35667	test	assigned
mol_35668	train	assigned
mol_35669	train	assigned
mol_35670	train	sampled
mol_35671	test	assigned
mol_35672	train	sampled
mol_35673	train	assigned
mol_35674	train	sampled
mol_35675	train	assigned
mol_35676	train	assigned
mol_35677	train	sampled
mol_35678	val	assigned
mol_35679	train	assigned
mol_35680	val	assigned
mol_35681	train	sampled
mol_35682	val	assigned
mol_35683	val	assigned
mol_35684	train	assigned
mol_35685	train	assigned
mol_35686	train	sampled
mol_35687	train	assigned
mol_35688	train	assigned
mol_35689	train	sampled
mol_35690	train	assigned
mol_35691	train	sampled
mol_35692	train	assigned
mol_35693	train	sampled
mol_35694	train	assigned
mol_35695	val	sampled
mol_35696	train	assigned
mol_35697	train	sampled
mol_35698	train	sampled
mol_35699	train	assigned
mol_35700	train	sampled
mol_35701	val	assigned
mol_35702	train	assigned
mol_35703	train	sampled
mol_35704	val	assigned
mol_35705	train	assigned
mol_35706	test	sampled
mol_35707	train	sampled
mol_35708	train	assigned
mol_35709	train	assigned
mol_35710	val	assigned
mol_35711	train	assigned
mol_35712	test	sampled
mol_35713	train	sampled
mol_35714	test	assigned
mol_35715	test	sampled
mol_35716	train	assigned
mol_35717	test	assigned
mol_35718	train	assigned
mol_35719	train	assigned
mol_35720	train	assigned
mol_35721	test	assigned
mol_35722	val	assigned
mol_35723	val	assigned
mol_35724	val	assigned
mol_35725	val	sampled
mol_35726	val	assigned
mol_35727	train	sampled
mol_35728	train	assigned
mol_35729	test	sampled
mol_35730	train	assigned
mol_35731	train	assigned
mol_35732	train	assigned
mol_35733	train	assigned
mol_35734	train	sampled
mol_35735	train	assigned
mol_35736	train	assigned
mol_35737	train	assigned
mol_35738	train	assigned
mol_35739	train	assigned
mol_35740	train	assigned
mol_35741	train	assigned
mol_35742	train	sampled
mol_35743	train	assigned
mol_35744	train	assigned
mol_35745	val	sampled
mol_35746	val	assigned
mol_35747	val	assigned
mol_35748	val	assigned
mol_35749	val	sampled
mol_35750	val	assigned
mol_35751	val	assigned
mol_35752	val	assigned
mol_35753	train	assigned
mol_35754	train	assigned
mol_35755	train	assigned
mol_35756	test	assigned
mol_35757	test	assigned
mol_35758	val	assigned
mol_35759	train	assigned
mol_35760	train	assigned
mol_35761	train	sampled
mol_35762	train	sampled
mol_35763	train	sampled
mol_35764	train	assigned
mol_35765	train	assigned
mol_35766	train	assigned
mol_35767	val	assigned
mol_35768	train	assigned
mol_35769	train	assigned
mol_35770	test	assigned
mol_35771	train	assigned
mol_35772	train	assigned
mol_35773	train	assigned
mol_35774	train	assigned
mol_35775	train	assigned
mol_35776	val	assigned
mol_35777	val	assigned
mol_35778	val	assigned
mol_35779	train	sampled
mol_35780	train	sampled
mol_35781	val	assigned
mol_35782	train	assigned
mol_35783	val	assigned
mol_35784	test	sampled
mol_35785	test	assigned
mol_35786	train	sampled
mol_35787	train	assigned
mol_35788	train	assigned
mol_35789	test	assigned
mol_35790	train	assigned
mol_35791	train	assigned
mol_35792	train	assigned
mol_35793	train	assigned
mol_35794	test	sampled
mol_35795	test	assigned
mol_35796	val	assigned
mol_35797	train	sampled
mol_35798	train	sampled
mol_35799	train	assigned
mol_35800	train	sampled
mol_35801	train	sampled
mol_35802	train	assigned
mol_35803	train	sampled
mol_35804	train	sampled
mol_35805	train	assigned
mol_35806	train	assigned
mol_35807	train	assigned
mol_35808	test	assigned
mol_35809	test	assigned
mol_35810	test	assigned
mol_35811	val	assigned
mol_35812	val	sampled
mol_35813	train	assigned
mol_35814	train	sampled
mol_35815	val	sampled
mol_35816	train	assigned
mol_35817	train	assigned
mol_35818	train	assigned
mol_35819	val	assigned
mol_35820	train	assigned
mol_35821	val	assigned
mol_35822	val	assigned
mol_35823	val	sampled
mol_35824	train	assigned
mol_35825	train	sampled
mol_35826	train	assigned
mol_35827	train	assigned
mol_35828	train	assigned
mol_35829	val	assigned
mol_35830	train	assigned
mol_35831	train	assigned
mol_35832	val	assigned
mol_35833	val	assigned
mol_35834	val	assigned
mol_35835	train	assigned
mol_35836	val	sampled
mol_35837	train	assigned
mol_35838	test	assigned
mol_35839	train	assigned
mol_35840	train	assigned
mol_35841	train	assigned
mol_35842	train	assigned
mol_35843	train	assigned
mol_35844	train	assigned
mol_35845	val	sampled
mol_35846	val	assigned
mol_35847	val	assigned
mol_35848	train	assigned
mol_35849	train	assigned
mol_35850	train	sampled
mol_35851	train	assigned
mol_35852	train	assigned
mol_35853	val	assigned
mol_35854	train	assigned
mol_35855	val	sampled
mol_35856	val	assigned
mol_35857	train	sampled
mol_35858	val	assigned
mol_35859	val	sampled
mol_35860	val	assigned
mol_35861	train	assigned
mol_35862	train	assigned
mol_35863	train	assigned
mol_35864	val	assigned
mol_35865	test	sampled
mol_35866	train	assigned
mol_35867	test	assigned
mol_35868	train	assigned
mol_35869	test	sampled
mol_35870	test	assigned
mol_35871	test	assigned
mol_35872	test	sampled
mol_35873	test	assigned
mol_35874	train	assigned
mol_35875	train	sampled
mol_35876	test	assigned
mol_35877	train	sampled
mol_35878	train	assigned
mol_35879	train	assigned
mol_35880	train	sampled
mol_35881	train	sampled
mol_35882	train	assigned
mol_35883	train	sampled
mol_35884	val	assigned
mol_35885	train	assigned
mol_35886	train	assigned
mol_35887	train	assigned
mol_35888	val	assigned
mol_35889	train	assigned
mol_35890	train	assigned
mol_35891	train	assigned
mol_35892	train	assigned
mol_35893	val	assigned
mol_35894	train	assigned
mol_35895	val	assigned
mol_35896	val	assigned
mol_35897	test	assigned
mol_35898	train	assigned
mol_35899	train	sampled
mol_35900	train	assigned
mol_35901	val	assigned
mol_35902	train	assigned
mol_35903	train	assigned
mol_35904	train	sampled
mol_35905	train	sampled
mol_35906	train	assigned
mol_35907	train	assigned
mol_35908	train	sampled
mol_35909	train	assigned
mol_35910	train	sampled
mol_35911	train	sampled
mol_35912	train	assigned
mol_35913	train	sampled
mol_35914	train	assigned
mol_35915	train	assigned
mol_35916	train	assigned
mol_35917	train	sampled
mol_35918	train	assigned
mol_35919	train	sampled
mol_35920	train	assigned
mol_35921	train	assigned
mol_35922	train	assigned
mol_35923	train	assigned
mol_35924	train	sampled
mol_35925	train	sampled
mol_35926	train	assigned
mol_35927	train	sampled
mol_35928	train	assigned
mol_35929	train	assigned
mol_35930	train	assigned
mol_35931	train	assigned
mol_35932	train	assigned
mol_35933	train	sampled
mol_35934	train	assigned
mol_35935	train	sampled
mol_35936	train	assigned
mol_35937	train	assigned
mol_35938	train	assigned
mol_35939	train	sampled
mol_35940	train	sampled
mol_35941	train	assigned
mol_35942	train	assigned
mol_35943	train	sampled
mol_35944	train	assigned
mol_35945	train	assigned
mol_35946	train	assigned
mol_35947	train	assigned
mol_35948	train	assigned
mol_35949	train	assigned
mol_35950	train	sampled
mol_35951	train	assigned
mol_35952	train	sampled
mol_35953	train	assigned
mol_35954	train	assigned
mol_35955	train	assigned
mol_35956	train	sampled
mol_35957	train	sampled
mol_35958	train	assigned
mol_35959	train	assigned
mol_35960	train	assigned
mol_35961	train	sampled
mol_35962	train	sampled
mol_35963	train	assigned
mol_35964	test	assigned
mol_35965	train	assigned
mol_35966	train	assigned
mol_35967	train	sampled
mol_35968	train	assigned
mol_35969	train	sampled
mol_35970	train	assigned
mol_35971	train	assigned
mol_35972	train	assigned
mol_35973	train	sampled
mol_35974	train	assigned
mol_35975	train	assigned
mol_35976	train	assigned
mol_35977	train	assigned
mol_35978	train	sampled
mol_35979	train	assigned
mol_35980	val	sampled
mol_35981	val	assigned
mol_35982	val	sampled
mol_35983	train	assigned
mol_35984	train	assigned
mol_35985	train	sampled
mol_35986	val	sampled
mol_35987	train	assigned
mol_35988	train	assigned
mol_35989	train	assigned
mol_35990	train	assigned
mol_35991	train	assigned
mol_35992	train	assigned
mol_35993	train	assigned
mol_35994	train	assigned
mol_35995	train	assigned
mol_35996	train	assigned
mol_35997	train	assigned
mol_35998	train	assigned
mol_35999	train	assigned
mol_36000	train	sampled
mol_36001	train	assigned
mol_36002	train	sampled
mol_36003	train	assigned
mol_36004	train	assigned
mol_36005	train	sampled
mol_36006	train	assigned
mol_36007	train	assigned
mol_36008	train	assigned
mol_36009	train	assigned
mol_36010	train	assigned
mol_36011	train	assigned
mol_36012	train	assigned
mol_36013	train	assigned
mol_36014	train	assigned
mol_36015	train	assigned
mol_36016	train	assigned
mol_36017	train	sampled
mol_36018	train	assigned
mol_36019	train	assigned
mol_36020	train	assigned
mol_36021	train	assigned
mol_36022	train	sampled
mol_36023	train	assigned
mol_36024	train	assigned
mol_36025	val	assigned
mol_36026	train	assigned
mol_36027	train	assigned
mol_36028	val	assigned
mol_36029	val	assigned
mol_36030	val	assigned
mol_36031	train	assigned
mol_36032	val	assigned
mol_36033	train	assigned
mol_36034	train	assigned
mol_36035	train	assigned
mol_36036	train	sampled
mol_36037	train	sampled
mol_36038	train	assigned
mol_36039	train	sampled
mol_36040	train	assigned
mol_36041	train	assigned
mol_36042	train	assigned
mol_36043	train	assigned
mol_36044	train	assigned
mol_36045	train	assigned
mol_36046	train	assigned
mol_36047	train	sampled
mol_36048	train	assigned
mol_36049	train	sampled
mol_36050	train	assigned
mol_36051	val	assigned
mol_36052	val	sampled
mol_36053	train	assigned
mol_36054	val	sampled
mol_36055	train	sampled
mol_36056	train	sampled
mol_36057	val	assigned
mol_36058	train	assigned
mol_36059	train	assigned
mol_36060	train	assigned
mol_36061	train	assigned
mol_36062	train	assigned
mol_36063	test	assigned
mol_36064	test	assigned
mol_36065	test	sampled
mol_36066	test	assigned
mol_36067	test	sampled
mol_36068	train	assigned
mol_36069	train	assigned
mol_36070	train	sampled
mol_36071	train	assigned
mol_36072	train	assigned
mol_36073	train	sampled
mol_36074	train	assigned
mol_36075	train	assigned
mol_36076	val	assigned
mol_36077	train	sampled
mol_36078	test	assigned
mol_36079	val	assigned
mol_36080	train	assigned
mol_36081	train	assigned
mol_36082	val	sampled
mol_36083	train	assigned
mol_36084	train	sampled
mol_36085	train	assigned
mol_36086	train	assigned
mol_36087	train	assigned
mol_36088	train	sampled
mol_36089	train	assigned
mol_36090	train	sampled
mol_36091	train	sampled
mol_36092	train	assigned
mol_36093	train	assigned
mol_36094	train	sampled
mol_36095	train	assigned
mol_36096	train	assigned
mol_36097	train	assigned
mol_36098	train	assigned
mol_36099	train	assigned
mol_36100	train	sampled
mol_36101	train	assigned
mol_36102	train	sampled
mol_36103	train	sampled
mol_36104	train	assigned
mol_36105	train	assigned
mol_36106	train	assigned
mol_36107	train	sampled
mol_36108	train	sampled
mol_36109	train	assigned
mol_36110	test	assigned
mol_36111	test	sampled
mol_36112	train	assigned
mol_36113	train	assigned
mol_36114	train	assigned
mol_36115	train	sampled
mol_36116	train	assigned
mol_36117	train	assigned
mol_36118	train	assigned
mol_36119	train	sampled
mol_36120	train	assigned
mol_36121	train	sampled
mol_36122	train	assigned
mol_36123	train	assigned
mol_36124	train	assigned
mol_36125	train	assigned
mol_36126	val	assigned
mol_36127	train	assigned
mol_36128	train	assigned
mol_36129	test	assigned
mol_36130	test	assigned
mol_36131	train	sampled
mol_36132	train	assigned
mol_36133	train	assigned
mol_36134	val	assigned
mol_36135	val	sampled
mol_36136	train	assigned
mol_36137	train	sampled
mol_36138	train	assigned
mol_36139	val	sampled
mol_36140	val	assigned
mol_36141	train	assigned
mol_36142	val	assigned
mol_36143	train	assigned
mol_36144	test	sampled
mol_36145	val	assigned
mol_36146	train	assigned
mol_36147	train	assigned
mol_36148	train	assigned
mol_36149	train	sampled
mol_36150	train	assigned
mol_36151	train	assigned
mol_36152	val	sampled
mol_36153	train	sampled
mol_36154	train	sampled
mol_36155	train	assigned
mol_36156	train	sampled
mol_36157	train	sampled
mol_36158	train	sampled
mol_36159	train	assigned
mol_36160	train	assigned
mol_36161	train	assigned
mol_36162	train	assigned
mol_36163	train	assigned
mol_36164	train	sampled
mol_36165	test	assigned
mol_36166	train	sampled
mol_36167	train	assigned
mol_36168	train	assigned
mol_36169	train	assigned
mol_36170	train	assigned
mol_36171	train	sampled
mol_36172	train	assigned
mol_36173	train	assigned
mol_36174	train	assigned
mol_36175	train	assigned
mol_36176	train	assigned
mol_36177	train	sampled
mol_36178	train	assigned
mol_36179	train	assigned
mol_36180	train	assigned
mol_36181	train	sampled
mol_36182	train	assigned
mol_36183	train	sampled
mol_36184	train	sampled
mol_36185	train	assigned
mol_36186	train	assigned
mol_36187	train	assigned
mol_36188	train	assigned
mol_36189	train	assigned
mol_36190	train	sampled
mol_36191	val	assigned
mol_36192	train	assigned
mol_36193	train	assigned
mol_36194	train	assigned
mol_36195	train	sampled
mol_36196	val	assigned
mol_36197	train	assigned
mol_36198	train	assigned
mol_36199	val	assigned
mol_36200	val	assigned
mol_36201	train	assigned
mol_36202	train	assigned
mol_36203	train	assigned
mol_36204	train	sampled
mol_36205	train	sampled
mol_36206	train	assigned
mol_36207	train	assigned
mol_36208	train	assigned
mol_36209	train	sampled
mol_36210	train	assigned
mol_36211	train	assigned
mol_36212	train	assigned
mol_36213	train	sampled
mol_36214	train	assigned
mol_36215	train	assigned
mol_36216	train	assigned
mol_36217	train	assigned
mol_36218	train	assigned
mol_36219	val	sampled
mol_36220	train	assigned
mol_36221	val	assigned
mol_36222	val	assigned
mol_36223	train	assigned
mol_36224	train	assigned
mol_36225	train	assigned
mol_36226	train	sampled
mol_36227	train	sampled
mol_36228	val	assigned
mol_36229	train	assigned
mol_36230	train	assigned
mol_36231	train	sampled
mol_36232	train	sampled
mol_36233	test	sampled
mol_36234	train	assigned
mol_36235	train	sampled
mol_36236	train	assigned
mol_36237	train	sampled
mol_36238	train	sampled
mol_36239	val	assigned
mol_36240	train	assigned
mol_36241	train	assigned
mol_36242	train	sampled
mol_36243	train	assigned
mol_36244	train	assigned
mol_36245	val	assigned
mol_36246	val	assigned
mol_36247	train	assigned
mol_36248	train	assigned
mol_36249	train	sampled
mol_36250	train	assigned
mol_36251	train	sampled
mol_36252	train	assigned
mol_36253	test	sampled
mol_36254	test	assigned
mol_36255	train	assigned
mol_36256	test	assigned
mol_36257	train	assigned
mol_36258	val	assigned
mol_36259	val	assigned
mol_36260	val	assigned
mol_36261	val	assigned
mol_36262	val	assigned
mol_36263	val	assigned
mol_36264	val	assigned
mol_36265	train	sampled
mol_36266	train	assigned
mol_36267	val	assigned
mol_36268	val	assigned
mol_36269	train	sampled
mol_36270	test	sampled
mol_36271	test	assigned
mol_36272	test	sampled
mol_36273	test	sampled
mol_36274	test	assigned
mol_36275	test	assigned
mol_36276	test	assigned
mol_36277	train	sampled
mol_36278	train	assigned
mol_36279	train	sampled
mol_36280	train	assigned
mol_36281	train	assigned
mol_36282	val	sampled
mol_36283	test	sampled
mol_36284	val	assigned
mol_36285	train	assigned
mol_36286	val	assigned
mol_36287	train	assigned
mol_36288	test	assigned
mol_36289	train	assigned
mol_36290	val	sampled
mol_36291	train	assigned
mol_36292	train	assigned
mol_36293	train	assigned
mol_36294	train	assigned
mol_36295	val	assigned
mol_36296	val	assigned
mol_36297	val	assigned
mol_36298	test	assigned
mol_36299	val	assigned
mol_36300	val	sampled
mol_36301	train	assigned
mol_36302	train	sampled
mol_36303	train	assigned
mol_36304	train	assigned
mol_36305	train	assigned
mol_36306	train	assigned
mol_36307	train	sampled
mol_36308	train	assigned
mol_36309	train	assigned
mol_36310	train	assigned
mol_36311	train	assigned
mol_36312	train	sampled
mol_36313	train	sampled
mol_36314	train	sampled
mol_36315	train	sampled
mol_36316	train	assigned
mol_36317	train	assigned
mol_36318	train	assigned
mol_36319	train	sampled
mol_36320	train	assigned
mol_36321	train	assigned
mol_36322	train	assigned
mol_36323	train	assigned
mol_36324	train	sampled
mol_36325	train	assigned
mol_36326	train	assigned
mol_36327	train	assigned
mol_36328	train	assigned
mol_36329	train	assigned
mol_36330	train	sampled
mol_36331	train	sampled
mol_36332	train	assigned
mol_36333	train	sampled
mol_36334	train	assigned
mol_36335	train	sampled
mol_36336	train	assigned
mol_36337	train	sampled
mol_36338	train	sampled
mol_36339	val	sampled
mol_36340	train	assigned
mol_36341	train	assigned
mol_36342	val	assigned
mol_36343	train	assigned
mol_36344	train	assigned
mol_36345	test	assigned
mol_36346	test	assigned
mol_36347	test	assigned
mol_36348	test	assigned
mol_36349	train	assigned
mol_36350	train	assigned
mol_36351	train	assigned
mol_36352	train	sampled
mol_36353	train	assigned
mol_36354	train	assigned
mol_36355	train	assigned
mol_36356	train	assigned
mol_36357	train	assigned
mol_36358	train	sampled
mol_36359	train	assigned
mol_36360	train	sampled
mol_36361	train	sampled
mol_36362	train	assigned
mol_36363	train	sampled
mol_36364	train	assigned
mol_36365	train	assigned
mol_36366	train	sampled
mol_36367	train	sampled
mol_36368	train	assigned
mol_36369	train	assigned
mol_36370	train	assigned
mol_36371	train	sampled
mol_36372	train	assigned
mol_36373	train	assigned
mol_36374	train	assigned
mol_36375	train	assigned
mol_36376	train	sampled
mol_36377	train	assigned
mol_36378	train	assigned
mol_36379	train	assigned
mol_36380	train	assigned
mol_36381	train	sampled
mol_36382	train	assigned
mol_36383	train	sampled
mol_36384	train	assigned
mol_36385	train	assigned
mol_36386	train	assigned
mol_36387	train	assigned
mol_36388	train	sampled
mol_36389	train	sampled
mol_36390	train	assigned
mol_36391	train	sampled
mol_36392	train	assigned
mol_36393	train	assigned
mol_36394	train	sampled
mol_36395	train	assigned
mol_36396	train	assigned
mol_36397	train	assigned
mol_36398	train	sampled
mol_36399	train	sampled
mol_36400	train	assigned
mol_36401	train	assigned
mol_36402	train	sampled
mol_36403	train	assigned
mol_36404	train	assigned
mol_36405	test	sampled
mol_36406	train	assigned
mol_36407	train	assigned
mol_36408	train	assigned
mol_36409	train	assigned
mol_36410	train	assigned
mol_36411	train	sampled
mol_36412	train	assigned
mol_36413	train	assigned
mol_36414	train	assigned
mol_36415	train	assigned
mol_36416	val	assigned
mol_36417	train	assigned
mol_36418	train	assigned
mol_36419	train	sampled
mol_36420	train	assigned
mol_36421	train	sampled
mol_36422	train	assigned
mol_36423	test	assigned
mol_36424	test	assigned
mol_36425	test	sampled
mol_36426	test	assigned
mol_36427	test	assigned
mol_36428	test	assigned
mol_36429	test	assigned
mol_36430	train	assigned
mol_36431	train	assigned
mol_36432	train	assigned
mol_36433	train	assigned
mol_36434	train	sampled
mol_36435	train	assigned
mol_36436	train	assigned
mol_36437	train	sampled
mol_36438	train	sampled
mol_36439	train	sampled
mol_36440	train	assigned
mol_36441	train	assigned
mol_36442	train	assigned
mol_36443	train	assigned
mol_36444	train	assigned
mol_36445	train	sampled
mol_36446	train	sampled
mol_36447	train	sampled
mol_36448	test	assigned
mol_36449	test	assigned
mol_36450	test	sampled
mol_36451	test	assigned
mol_36452	test	assigned
mol_36453	test	assigned
mol_36454	test	assigned
mol_36455	train	assigned
mol_36456	test	assigned
mol_36457	train	sampled
mol_36458	train	sampled
mol_36459	train	assigned
mol_36460	train	assigned
mol_36461	val	assigned
mol_36462	train	assigned
mol_36463	train	assigned
mol_36464	train	sampled
mol_36465	train	assigned
mol_36466	val	sampled
mol_36467	train	assigned
mol_36468	train	assigned
mol_36469	test	assigned
mol_36470	test	assigned
mol_36471	train	assigned
mol_36472	train	sampled
mol_36473	train	assigned
mol_36474	train	assigned
mol_36475	train	sampled
mol_36476	train	assigned
mol_36477	train	assigned
mol_36478	train	assigned
mol_36479	val	assigned
mol_36480	train	assigned
mol_36481	val	assigned
mol_36482	train	sampled
mol_36483	train	sampled
mol_36484	train	assigned
mol_36485	val	assigned
mol_36486	val	assigned
mol_36487	train	assigned
mol_36488	train	assigned
mol_36489	train	assigned
mol_36490	train	sampled
mol_36491	train	assigned
mol_36492	train	assigned
mol_36493	train	assigned
mol_36494	val	assigned
mol_36495	train	assigned
mol_36496	train	assigned
mol_36497	train	assigned
mol_36498	train	assigned
mol_36499	train	assigned
mol_36500	train	assigned
mol_36501	val	assigned
mol_36502	test	assigned
mol_36503	train	assigned
mol_36504	train	sampled
mol_36505	train	assigned
mol_36506	train	sampled
mol_36507	train	sampled
mol_36508	train	assigned
mol_36509	val	assigned
mol_36510	train	assigned
mol_36511	train	sampled
mol_36512	train	assigned
mol_36513	train	assigned
mol_36514	val	assigned
mol_36515	test	assigned
mol_36516	train	assigned
mol_36517	train	assigned
mol_36518	train	assigned
mol_36519	train	assigned
mol_36520	train	assigned
mol_36521	train	assigned
mol_36522	train	sampled
mol_36523	train	sampled
mol_36524	train	assigned
mol_36525	test	sampled
mol_36526	test	assigned
mol_36527	test	assigned
mol_36528	test	assigned
mol_36529	test	sampled
mol_36530	test	sampled
mol_36531	val	assigned
mol_36532	val	assigned
mol_36533	train	sampled
mol_36534	test	assigned
mol_36535	train	assigned
mol_36536	train	assigned
mol_36537	train	sampled
mol_36538	train	assigned
mol_36539	train	sampled
mol_36540	train	assigned
mol_36541	train	assigned
mol_36542	train	assigned
mol_36543	train	assigned
mol_36544	train	assigned
mol_36545	train	assigned
mol_36546	train	assigned
mol_36547	train	assigned
mol_36548	train	assigned
mol_36549	train	assigned
mol_36550	test	assigned
mol_36551	train	assigned
mol_36552	train	assigned
mol_36553	train	sampled
mol_36554	train	assigned
mol_36555	train	assigned
mol_36556	train	assigned
mol_36557	train	assigned
mol_36558	train	assigned
mol_36559	train	assigned
mol_36560	train	assigned
mol_36561	train	assigned
mol_36562	train	assigned
mol_36563	train	sampled
mol_36564	train	assigned
mol_36565	train	assigned
mol_36566	train	assigned
mol_36567	train	sampled
mol_36568	train	assigned
mol_36569	train	assigned
mol_36570	train	assigned
mol_36571	train	sampled
mol_36572	train	assigned
mol_36573	train	sampled
mol_36574	train	assigned
mol_36575	train	assigned
mol_36576	train	assigned
mol_36577	train	assigned
mol_36578	train	assigned
mol_36579	train	assigned
mol_36580	train	sampled
mol_36581	train	assigned
mol_36582	train	sampled
mol_36583	train	assigned
mol_36584	train	assigned
mol_36585	train	assigned
mol_36586	train	assigned
mol_36587	train	sampled
mol_36588	train	assigned
mol_36589	train	assigned
mol_36590	train	assigned
mol_36591	train	sampled
mol_36592	train	assigned
mol_36593	train	assigned
mol_36594	train	assigned
mol_36595	train	assigned
mol_36596	train	sampled
mol_36597	train	sampled
mol_36598	train	assigned
mol_36599	train	sampled
mol_36600	train	sampled
mol_36601	train	assigned
mol_36602	train	assigned
mol_36603	train	sampled
mol_36604	train	assigned
mol_36605	train	assigned
mol_36606	train	sampled
mol_36607	train	assigned
mol_36608	train	assigned
mol_36609	train	assigned
mol_36610	train	assigned
mol_36611	train	sampled
mol_36612	train	sampled
mol_36613	train	sampled
mol_36614	train	assigned
mol_36615	train	sampled
mol_36616	train	assigned
mol_36617	train	assigned
mol_36618	train	assigned
mol_36619	train	assigned
mol_36620	train	sampled
mol_36621	train	assigned
mol_36622	train	assigned
mol_36623	train	assigned
mol_36624	train	assigned
mol_36625	train	assigned
mol_36626	train	assigned
mol_36627	train	assigned
mol_36628	train	assigned
mol_36629	train	assigned
mol_36630	train	sampled
mol_36631	train	assigned
mol_36632	train	assigned
mol_36633	train	assigned
mol_36634	train	sampled
mol_36635	val	assigned
mol_36636	val	assigned
mol_36637	train	assigned
mol_36638	train	assigned
mol_36639	train	assigned
mol_36640	train	sampled
mol_36641	train	assigned
mol_36642	train	assigned
mol_36643	train	sampled
mol_36644	train	assigned
mol_36645	train	sampled
mol_36646	train	assigned
mol_36647	train	assigned
mol_36648	train	assigned
mol_36649	train	sampled
mol_36650	train	assigned
mol_36651	train	assigned
mol_36652	train	assigned
mol_36653	train	sampled
mol_36654	train	sampled
mol_36655	val	assigned
mol_36656	train	assigned
mol_36657	train	assigned
mol_36658	train	assigned
mol_36659	train	assigned
mol_36660	val	assigned
mol_36661	train	assigned
mol_36662	train	assigned
mol_36663	train	assigned
mol_36664	train	sampled
mol_36665	train	assigned
mol_36666	train	assigned
mol_36667	train	assigned
mol_36668	train	assigned
mol_36669	train	assigned
mol_36670	train	assigned
mol_36671	train	sampled
mol_36672	test	assigned
mol_36673	test	assigned
mol_36674	train	assigned
mol_36675	train	sampled
mol_36676	train	assigned
mol_36677	train	assigned
mol_36678	train	assigned
mol_36679	train	assigned
mol_36680	train	sampled
mol_36681	val	assigned
mol_36682	train	assigned
mol_36683	val	assigned
mol_36684	train	sampled
mol_36685	val	assigned
mol_36686	train	sampled
mol_36687	train	assigned
mol_36688	train	assigned
mol_36689	train	sampled
mol_36690	train	assigned
mol_36691	train	assigned
mol_36692	train	assigned
mol_36693	train	sampled
mol_36694	val	assigned
mol_36695	train	assigned
mol_36696	val	assigned
mol_36697	val	sampled
mol_36698	val	assigned
mol_36699	val	assigned
mol_36700	val	assigned
mol_36701	val	assigned
mol_36702	val	assigned
mol_36703	val	assigned
mol_36704	val	assigned
mol_36705	train	sampled
mol_36706	train	assigned
mol_36707	train	assigned
mol_36708	train	sampled
mol_36709	train	assigned
mol_36710	train	assigned
mol_36711	train	assigned
mol_36712	train	assigned
mol_36713	train	assigned
mol_36714	train	assigned
mol_36715	train	assigned
mol_36716	train	assigned
mol_36717	train	sampled
mol_36718	train	sampled
mol_36719	train	assigned
mol_36720	train	assigned
mol_36721	train	sampled
mol_36722	train	sampled
mol_36723	train	assigned
mol_36724	train	sampled
mol_36725	train	assigned
mol_36726	train	sampled
mol_36727	train	assigned
mol_36728	train	assigned
mol_36729	train	assigned
mol_36730	train	sampled
mol_36731	train	assigned
mol_36732	train	assigned
mol_36733	train	assigned
mol_36734	train	assigned
mol_36735	train	assigned
mol_36736	train	sampled
mol_36737	train	sampled
mol_36738	train	assigned
mol_36739	train	sampled
mol_36740	train	sampled
mol_36741	train	assigned
mol_36742	train	sampled
mol_36743	train	assigned
mol_36744	train	sampled
mol_36745	train	assigned
mol_36746	train	sampled
mol_36747	train	sampled
mol_36748	train	sampled
mol_36749	train	assigned
mol_36750	train	sampled
mol_36751	train	assigned
mol_36752	train	assigned
mol_36753	train	assigned
mol_36754	train	assigned
mol_36755	train	sampled
mol_36756	train	assigned
mol_36757	train	sampled
mol_36758	train	assigned
mol_36759	train	sampled
mol_36760	train	sampled
mol_36761	train	assigned
mol_36762	train	sampled
mol_36763	train	sampled
mol_36764	train	assigned
mol_36765	train	assigned
mol_36766	train	assigned
mol_36767	train	assigned
mol_36768	train	assigned
mol_36769	train	sampled
mol_36770	train	assigned
mol_36771	train	sampled
mol_36772	train	sampled
mol_36773	train	assigned
mol_36774	val	assigned
mol_36775	val	assigned
mol_36776	train	assigned
mol_36777	train	assigned
mol_36778	train	assigned
mol_36779	train	assigned
mol_36780	val	assigned
mol_36781	train	assigned
mol_36782	train	assigned
mol_36783	train	sampled
mol_36784	train	assigned
mol_36785	train	assigned
mol_36786	train	sampled
mol_36787	train	assigned
mol_36788	train	assigned
mol_36789	train	assigned
mol_36790	train	assigned
mol_36791	train	assigned
mol_36792	val	assigned
mol_36793	train	assigned
mol_36794	train	sampled
mol_36795	train	assigned
mol_36796	train	assigned
mol_36797	train	assigned
mol_36798	train	assigned
mol_36799	train	assigned
mol_36800	train	assigned
mol_36801	train	assigned
mol_36802	train	assigned
mol_36803	train	sampled
mol_36804	train	sampled
mol_36805	train	assigned
mol_36806	train	sampled
mol_36807	train	assigned
mol_36808	train	assigned
mol_36809	train	sampled
mol_36810	train	sampled
mol_36811	train	sampled
mol_36812	test	assigned
mol_36813	test	sampled
mol_36814	test	assigned
mol_36815	test	assigned
mol_36816	train	sampled
mol_36817	train	assigned
mol_36818	train	sampled
mol_36819	train	assigned
mol_36820	test	assigned
mol_36821	val	sampled
mol_36822	train	assigned
mol_36823	train	assigned
mol_36824	train	assigned
mol_36825	train	assigned
mol_36826	train	assigned
mol_36827	train	assigned
mol_36828	train	assigned
mol_36829	train	assigned
mol_36830	test	sampled
mol_36831	train	sampled
mol_36832	train	assigned
mol_36833	train	sampled
mol_36834	train	assigned
mol_36835	train	sampled
mol_36836	train	sampled
mol_36837	test	assigned
mol_36838	test	sampled
mol_36839	val	assigned
mol_36840	val	assigned
mol_36841	train	assigned
mol_36842	train	sampled
mol_36843	train	assigned
mol_36844	train	assigned
mol_36845	train	sampled
mol_36846	val	assigned
mol_36847	val	assigned
mol_36848	train	assigned
mol_36849	train	sampled
mol_36850	val	assigned
mol_36851	train	assigned
mol_36852	train	assigned
mol_36853	train	assigned
mol_36854	train	sampled
mol_36855	train	assigned
mol_36856	val	sampled
mol_36857	val	assigned
mol_36858	train	sampled
mol_36859	test	assigned
mol_36860	train	sampled
mol_36861	train	assigned
mol_36862	train	assigned
mol_36863	test	assigned
mol_36864	train	sampled
mol_36865	val	assigned
mol_36866	train	assigned
mol_36867	val	assigned
mol_36868	val	assigned
mol_36869	val	assigned
mol_36870	val	assigned
mol_36871	val	assigned
mol_36872	val	assigned
mol_36873	train	sampled
mol_36874	train	sampled
mol_36875	train	assigned
mol_36876	train	assigned
mol_36877	train	assigned
mol_36878	train	sampled
mol_36879	train	assigned
mol_36880	train	assigned
mol_36881	train	assigned
mol_36882	val	assigned
mol_36883	val	assigned
mol_36884	train	assigned
mol_36885	train	sampled
mol_36886	train	assigned
mol_36887	val	assigned
mol_36888	val	assigned
mol_36889	train	assigned
mol_36890	val	assigned
mol_36891	val	assigned
mol_36892	train	assigned
mol_36893	train	assigned
mol_36894	val	assigned
mol_36895	val	assigned
mol_36896	val	assigned
mol_36897	val	assigned
mol_36898	val	assigned
mol_36899	val	assigned
mol_36900	val	sampled
mol_36901	val	assigned
mol_36902	train	assigned
mol_36903	val	assigned
mol_36904	val	assigned
mol_36905	train	sampled
mol_36906	train	assigned
mol_36907	train	sampled
mol_36908	train	assigned
mol_36909	train	sampled
mol_36910	train	assigned
mol_36911	train	assigned
mol_36912	train	assigned
mol_36913	train	assigned
mol_36914	train	assigned
mol_36915	train	assigned
mol_36916	train	assigned
mol_36917	train	sampled
mol_36918	train	assigned
mol_36919	train	assigned
mol_36920	train	assigned
mol_36921	train	sampled
mol_36922	train	sampled
mol_36923	train	assigned
mol_36924	train	assigned
mol_36925	train	assigned
mol_36926	train	sampled
mol_36927	train	assigned
mol_36928	train	assigned
mol_36929	train	assigned
mol_36930	train	sampled
mol_36931	train	assigned
mol_36932	val	assigned
mol_36933	test	assigned
mol_36934	test	assigned
mol_36935	train	assigned
mol_36936	val	assigned
mol_36937	val	assigned
mol_36938	val	sampled
mol_36939	train	assigned
mol_36940	train	assigned
mol_36941	train	sampled
mol_36942	train	assigned
mol_36943	val	assigned
mol_36944	test	assigned
mol_36945	train	assigned
mol_36946	train	sampled
mol_36947	val	sampled
mol_36948	train	assigned
mol_36949	train	assigned
mol_36950	train	assigned
mol_36951	train	sampled
mol_36952	train	assigned
mol_36953	test	sampled
mol_36954	test	assigned
mol_36955	test	assigned
mol_36956	train	sampled
mol_36957	test	assigned
mol_36958	test	assigned
mol_36959	train	assigned
mol_36960	train	sampled
mol_36961	train	assigned
mol_36962	train	assigned
mol_36963	train	assigned
mol_36964	train	assigned
mol_36965	train	sampled
mol_36966	train	assigned
mol_36967	train	assigned
mol_36968	test	assigned
mol_36969	train	assigned
mol_36970	train	assigned
mol_36971	train	sampled
mol_36972	train	assigned
mol_36973	train	assigned
mol_36974	train	assigned
mol_36975	train	sampled
mol_36976	train	assigned
mol_36977	train	assigned
mol_36978	train	assigned
mol_36979	train	assigned
mol_36980	train	assigned
mol_36981	train	assigned
mol_36982	train	assigned
mol_36983	train	sampled
mol_36984	train	assigned
mol_36985	train	assigned
mol_36986	train	sampled
mol_36987	train	assigned
mol_36988	train	sampled
mol_36989	train	assigned
mol_36990	train	sampled
mol_36991	train	assigned
mol_36992	train	assigned
mol_36993	train	sampled
mol_36994	train	sampled
mol_36995	train	sampled
mol_36996	train	assigned
mol_36997	train	assigned
mol_36998	train	sampled
mol_36999	train	assigned
mol_37000	train	assigned
mol_37001	val	assigned
mol_37002	test	assigned
mol_37003	train	sampled
mol_37004	train	assigned
mol_37005	train	sampled
mol_37006	train	assigned
mol_37007	val	assigned
mol_37008	val	assigned
mol_37009	test	sampled
mol_37010	test	assigned
mol_37011	val	assigned
mol_37012	test	assigned
mol_37013	train	assigned
mol_37014	train	sampled
mol_37015	train	sampled
mol_37016	train	assigned
mol_37017	train	assigned
mol_37018	test	sampled
mol_37019	train	assigned
mol_37020	train	assigned
mol_37021	train	assigned
mol_37022	train	sampled
mol_37023	train	sampled
mol_37024	train	assigned
mol_37025	train	assigned
mol_37026	train	assigned
mol_37027	train	assigned
mol_37028	train	sampled
mol_37029	train	assigned
mol_37030	train	sampled
mol_37031	train	sampled
mol_37032	train	assigned
mol_37033	train	assigned
mol_37034	train	assigned
mol_37035	train	assigned
mol_37036	train	assigned
mol_37037	train	assigned
mol_37038	train	assigned
mol_37039	train	assigned
mol_37040	train	assigned
mol_37041	train	assigned
mol_37042	train	sampled
mol_37043	train	assigned
mol_37044	train	assigned
mol_37045	test	assigned
mol_37046	test	assigned
mol_37047	train	assigned
mol_37048	test	assigned
mol_37049	train	assigned
mol_37050	test	assigned
mol_37051	train	assigned
mol_37052	test	sampled
mol_37053	train	assigned
mol_37054	test	assigned
mol_37055	test	assigned
mol_37056	train	sampled
mol_37057	train	assigned
mol_37058	val	assigned
mol_37059	train	assigned
mol_37060	train	assigned
mol_37061	train	sampled
mol_37062	train	assigned
mol_37063	train	assigned
mol_37064	train	sampled
mol_37065	train	assigned
mol_37066	val	assigned
mol_37067	train	sampled
mol_37068	train	assigned
mol_37069	train	sampled
mol_37070	train	assigned
mol_37071	train	assigned
mol_37072	train	assigned
mol_37073	train	assigned
mol_37074	train	assigned
mol_37075	train	assigned
mol_37076	train	assigned
mol_37077	train	assigned
mol_37078	train	sampled
mol_37079	train	assigned
mol_37080	train	assigned
mol_37081	train	assigned
mol_37082	train	assigned
mol_37083	train	assigned
mol_37084	train	assigned
mol_37085	train	assigned
mol_37086	train	assigned
mol_37087	train	assigned
mol_37088	train	sampled
mol_37089	train	assigned
mol_37090	train	assigned
mol_37091	train	assigned
mol_37092	train	assigned
mol_37093	train	sampled
mol_37094	train	sampled
mol_37095	train	sampled
mol_37096	train	assigned
mol_37097	train	assigned
mol_37098	train	assigned
mol_37099	train	sampled
mol_37100	train	sampled
mol_37101	train	assigned
mol_37102	val	sampled
mol_37103	train	sampled
mol_37104	train	assigned
mol_37105	train	assigned
mol_37106	test	assigned
mol_37107	test	assigned
mol_37108	test	assigned
mol_37109	val	sampled
mol_37110	test	sampled
mol_37111	test	assigned
mol_37112	train	assigned
mol_37113	train	assigned
mol_37114	test	assigned
mol_37115	train	assigned
mol_37116	test	sampled
mol_37117	train	sampled
mol_37118	train	sampled
mol_37119	test	assigned
mol_37120	train	assigned
mol_37121	test	sampled
mol_37122	train	assigned
mol_37123	test	assigned
mol_37124	train	assigned
mol_37125	val	assigned
mol_37126	test	assigned
mol_37127	train	sampled
mol_37128	val	assigned
mol_37129	val	assigned
mol_37130	train	assigned
mol_37131	val	assigned
mol_37132	test	assigned
mol_37133	test	assigned
mol_37134	val	assigned
mol_37135	test	sampled
mol_37136	val	sampled
mol_37137	val	assigned
mol_37138	val	assigned
mol_37139	train	assigned
mol_37140	val	assigned
mol_37141	test	sampled
mol_37142	val	assigned
mol_37143	train	sampled
mol_37144	val	assigned
mol_37145	train	assigned
mol_37146	val	sampled
mol_37147	test	sampled
mol_37148	val	assigned
mol_37149	test	assigned
mol_37150	test	sampled
mol_37151	test	assigned
mol_37152	train	sampled
mol_37153	train	sampled
mol_37154	train	assigned
mol_37155	test	assigned
mol_37156	train	assigned
mol_37157	train	assigned
mol_37158	train	assigned
mol_37159	test	assigned
mol_37160	train	sampled
mol_37161	train	assigned
mol_37162	train	assigned
mol_37163	train	assigned
mol_37164	train	assigned
mol_37165	train	sampled
mol_37166	train	sampled
mol_37167	train	sampled
mol_37168	train	assigned
mol_37169	train	assigned
mol_37170	train	assigned
mol_37171	train	assigned
mol_37172	train	assigned
mol_37173	train	assigned
mol_37174	train	assigned
mol_37175	train	assigned
mol_37176	train	assigned
mol_37177	train	assigned
mol_37178	train	assigned
mol_37179	train	assigned
mol_37180	train	assigned
mol_37181	val	assigned
mol_37182	train	assigned
mol_37183	train	assigned
mol_37184	train	sampled
mol_37185	train	assigned
mol_37186	train	assigned
mol_37187	train	assigned
mol_37188	train	assigned
mol_37189	train	assigned
mol_37190	test	assigned
mol_37191	test	assigned
mol_37192	train	assigned
mol_37193	val	sampled
mol_37194	val	assigned
mol_37195	train	assigned
mol_37196	train	assigned
mol_37197	train	sampled
mol_37198	train	assigned
mol_37199	val	assigned
mol_37200	val	sampled
mol_37201	val	assigned
mol_37202	train	assigned
mol_37203	val	assigned
mol_37204	train	assigned
mol_37205	train	sampled
mol_37206	train	assigned
mol_37207	val	assigned
mol_37208	val	assigned
mol_37209	val	assigned
mol_37210	train	assigned
mol_37211	train	assigned
mol_37212	train	assigned
mol_37213	train	sampled
mol_37214	train	assigned
mol_37215	train	sampled
mol_37216	train	assigned
mol_37217	train	assigned
mol_37218	train	assigned
mol_37219	train	assigned
mol_37220	train	assigned
mol_37221	train	sampled
mol_37222	train	assigned
mol_37223	train	assigned
mol_37224	train	sampled
mol_37225	train	assigned
mol_37226	train	assigned
mol_37227	train	assigned
mol_37228	test	assigned
mol_37229	train	sampled
mol_37230	train	assigned
mol_37231	train	assigned
mol_37232	val	sampled
mol_37233	train	assigned
mol_37234	test	sampled
mol_37235	test	assigned
mol_37236	val	sampled
mol_37237	val	assigned
mol_37238	val	assigned
mol_37239	val	assigned
mol_37240	val	assigned
mol_37241	train	assigned
mol_37242	train	assigned
mol_37243	test	assigned
mol_37244	train	assigned
mol_37245	val	assigned
mol_37246	test	assigned
mol_37247	val	assigned
mol_37248	train	assigned
mol_37249	train	assigned
mol_37250	train	assigned
mol_37251	train	assigned
mol_37252	train	assigned
mol_37253	train	assigned
mol_37254	test	assigned
mol_37255	train	assigned
mol_37256	train	assigned
mol_37257	test	assigned
mol_37258	train	sampled
mol_37259	train	assigned
mol_37260	train	assigned
mol_37261	train	assigned
mol_37262	train	assigned
mol_37263	train	assigned
mol_37264	train	sampled
mol_37265	val	assigned
mol_37266	train	assigned
mol_37267	train	assigned
mol_37268	train	assigned
mol_37269	train	sampled
mol_37270	val	assigned
mol_37271	train	assigned
mol_37272	val	assigned
mol_37273	train	sampled
mol_37274	val	assigned
mol_37275	val	sampled
mol_37276	train	assigned
mol_37277	val	assigned
mol_37278	train	sampled
mol_37279	test	sampled
mol_37280	train	assigned
mol_37281	val	assigned
mol_37282	val	sampled
mol_37283	train	assigned
mol_37284	train	sampled
mol_37285	train	assigned
mol_37286	train	assigned
mol_37287	train	assigned
mol_37288	train	sampled
mol_37289	train	sampled
mol_37290	train	assigned
mol_37291	train	assigned
mol_37292	train	assigned
mol_37293	val	assigned
mol_37294	train	assigned
mol_37295	train	sampled
mol_37296	train	assigned
mol_37297	train	sampled
mol_37298	train	assigned
mol_37299	train	sampled
mol_37300	train	assigned
mol_37301	train	sampled
mol_37302	train	sampled
mol_37303	train	assigned
mol_37304	train	assigned
mol_37305	train	sampled
mol_37306	train	assigned
mol_37307	train	assigned
mol_37308	train	sampled
mol_37309	val	sampled
mol_37310	train	assigned
mol_37311	val	assigned
mol_37312	val	assigned
mol_37313	val	assigned
mol_37314	train	sampled
mol_37315	val	assigned
mol_37316	val	assigned
mol_37317	val	assigned
mol_37318	train	assigned
mol_37319	train	sampled
mol_37320	val	assigned
mol_37321	val	assigned
mol_37322	val	assigned
mol_37323	val	assigned
mol_37324	val	assigned
mol_37325	val	assigned
mol_37326	train	assigned
mol_37327	train	assigned
mol_37328	train	sampled
mol_37329	train	sampled
mol_37330	test	assigned
mol_37331	train	assigned
mol_37332	train	assigned
mol_37333	train	assigned
mol_37334	train	assigned
mol_37335	train	sampled
mol_37336	val	assigned
mol_37337	val	assigned
mol_37338	train	assigned
mol_37339	val	assigned
mol_37340	train	assigned
mol_37341	train	assigned
mol_37342	train	assigned
mol_37343	train	sampled
mol_37344	train	assigned
mol_37345	train	assigned
mol_37346	train	assigned
mol_37347	train	sampled
mol_37348	train	sampled
mol_37349	test	sampled
mol_37350	train	sampled
mol_37351	train	assigned
mol_37352	train	sampled
mol_37353	train	assigned
mol_37354	train	assigned
mol_37355	train	assigned
mol_37356	train	assigned
mol_37357	train	assigned
mol_37358	val	assigned
mol_37359	train	assigned
mol_37360	train	sampled
mol_37361	val	assigned
mol_37362	train	assigned
mol_37363	train	assigned
mol_37364	train	assigned
mol_37365	train	assigned
mol_37366	train	assigned
mol_37367	train	assigned
mol_37368	val	sampled
mol_37369	val	assigned
mol_37370	train	assigned
mol_37371	val	assigned
mol_37372	val	assigned
mol_37373	val	assigned
mol_37374	train	assigned
mol_37375	val	assigned
mol_37376	train	sampled
mol_37377	val	sampled
mol_37378	val	sampled
mol_37379	train	sampled
mol_37380	train	assigned
mol_37381	train	assigned
mol_37382	train	assigned
mol_37383	train	assigned
mol_37384	train	assigned
mol_37385	train	assigned
mol_37386	train	assigned
mol_37387	val	assigned
mol_37388	train	assigned
mol_37389	train	assigned
mol_37390	test	assigned
mol_37391	test	assigned
mol_37392	test	assigned
mol_37393	test	assigned
mol_37394	test	assigned
mol_37395	test	sampled
mol_37396	test	assigned
mol_37397	test	sampled
mol_37398	test	assigned
mol_37399	test	sampled
mol_37400	test	assigned
mol_37401	test	assigned
mol_37402	test	assigned
mol_37403	test	assigned
mol_37404	train	assigned
mol_37405	test	assigned
mol_37406	test	assigned
mol_37407	test	assigned
mol_37408	test	sampled
mol_37409	test	sampled
mol_37410	val	assigned
mol_37411	val	assigned
mol_37412	train	assigned
mol_37413	val	assigned
mol_37414	val	assigned
mol_37415	val	assigned
mol_37416	val	assigned
mol_37417	val	assigned
mol_37418	train	assigned
mol_37419	train	assigned
mol_37420	train	sampled
mol_37421	train	assigned
mol_37422	train	sampled
mol_37423	train	assigned
mol_37424	train	assigned
mol_37425	train	assigned
mol_37426	train	assigned
mol_37427	train	assigned
mol_37428	train	sampled
mol_37429	train	assigned
mol_37430	train	assigned
mol_37431	train	assigned
mol_37432	train	sampled
mol_37433	train	assigned
mol_37434	train	assigned
mol_37435	train	assigned
mol_37436	train	sampled
mol_37437	train	assigned
mol_37438	train	assigned
mol_37439	train	sampled
mol_37440	train	assigned
mol_37441	train	assigned
mol_37442	train	assigned
mol_37443	train	assigned
mol_37444	train	sampled
mol_37445	train	assigned
mol_37446	train	assigned
mol_37447	train	assigned
mol_37448	train	assigned
mol_37449	train	assigned
mol_37450	train	assigned
mol_37451	train	sampled
mol_37452	train	assigned
mol_37453	train	assigned
mol_37454	train	sampled
mol_37455	train	sampled
mol_37456	train	sampled
mol_37457	val	assigned
mol_37458	train	sampled
mol_37459	val	sampled
mol_37460	val	assigned
mol_37461	val	assigned
mol_37462	train	assigned
mol_37463	train	sampled
mol_37464	train	assigned
mol_37465	val	assigned
mol_37466	train	sampled
mol_37467	train	sampled
mol_37468	train	assigned
mol_37469	train	assigned
mol_37470	train	assigned
mol_37471	train	assigned
mol_37472	train	sampled
mol_37473	train	assigned
mol_37474	train	sampled
mol_37475	train	assigned
mol_37476	train	sampled
mol_37477	val	assigned
mol_37478	test	assigned
mol_37479	test	assigned
mol_37480	train	assigned
mol_37481	train	assigned
mol_37482	train	assigned
mol_37483	train	sampled
mol_37484	train	assigned
mol_37485	train	assigned
mol_37486	train	assigned
mol_37487	train	assigned
mol_37488	train	sampled
mol_37489	train	assigned
mol_37490	val	assigned
mol_37491	train	assigned
mol_37492	train	assigned
mol_37493	train	sampled
mol_37494	train	assigned
mol_37495	train	assigned
mol_37496	train	assigned
mol_37497	train	assigned
mol_37498	train	assigned
mol_37499	train	assigned
mol_37500	train	sampled
mol_37501	train	assigned
mol_37502	train	assigned
mol_37503	train	sampled
mol_37504	train	assigned
mol_37505	train	assigned
mol_37506	train	assigned
mol_37507	train	assigned
mol_37508	train	assigned
mol_37509	train	assigned
mol_37510	train	sampled
mol_37511	train	sampled
mol_37512	train	assigned
mol_37513	train	assigned
mol_37514	train	sampled
mol_37515	train	sampled
mol_37516	train	assigned
mol_37517	train	assigned
mol_37518	train	assigned
mol_37519	train	assigned
mol_37520	train	assigned
mol_37521	train	sampled
mol_37522	train	assigned
mol_37523	train	assigned
mol_37524	train	assigned
mol_37525	train	assigned
mol_37526	train	assigned
mol_37527	train	sampled
mol_37528	train	assigned
mol_37529	train	assigned
mol_37530	train	assigned
mol_37531	train	assigned
mol_37532	train	sampled
mol_37533	train	assigned
mol_37534	val	sampled
mol_37535	val	sampled
mol_37536	val	assigned
mol_37537	val	sampled
mol_37538	val	assigned
mol_37539	val	assigned
mol_37540	train	assigned
mol_37541	train	assigned
mol_37542	train	assigned
mol_37543	train	sampled
mol_37544	train	assigned
mol_37545	train	assigned
mol_37546	train	assigned
mol_37547	train	sampled
mol_37548	train	sampled
mol_37549	train	assigned
mol_37550	train	assigned
mol_37551	train	sampled
mol_37552	train	assigned
mol_37553	train	assigned
mol_37554	train	sampled
mol_37555	train	assigned
mol_37556	train	assigned
mol_37557	train	assigned
mol_37558	train	assigned
mol_37559	train	assigned
mol_37560	train	assigned
mol_37561	train	assigned
mol_37562	train	assigned
mol_37563	train	sampled
mol_37564	train	assigned
mol_37565	train	assigned
mol_37566	train	sampled
mol_37567	train	assigned
mol_37568	train	assigned
mol_37569	train	sampled
mol_37570	train	assigned
mol_37571	train	sampled
mol_37572	train	assigned
mol_37573	train	assigned
mol_37574	train	assigned
mol_37575	train	assigned
mol_37576	train	sampled
mol_37577	train	sampled
mol_37578	train	sampled
mol_37579	train	sampled
mol_37580	train	assigned
mol_37581	train	sampled
mol_37582	train	assigned
mol_37583	train	assigned
mol_37584	val	assigned
mol_37585	val	assigned
mol_37586	train	assigned
mol_37587	train	assigned
mol_37588	val	sampled
mol_37589	train	sampled
mol_37590	train	sampled
mol_37591	train	sampled
mol_37592	train	assigned
mol_37593	train	assigned
mol_37594	train	assigned
mol_37595	train	sampled
mol_37596	val	assigned
mol_37597	train	assigned
mol_37598	train	assigned
mol_37599	train	assigned
mol_37600	train	assigned
mol_37601	train	assigned
mol_37602	train	assigned
mol_37603	val	sampled
mol_37604	train	assigned
mol_37605	train	assigned
mol_37606	train	sampled
mol_37607	train	assigned
mol_37608	val	assigned
mol_37609	train	assigned
mol_37610	train	sampled
mol_37611	val	sampled
mol_37612	train	assigned
mol_37613	train	assigned
mol_37614	train	assigned
mol_37615	train	assigned
mol_37616	train	sampled
mol_37617	train	assigned
mol_37618	train	sampled
mol_37619	train	assigned
mol_37620	train	assigned
mol_37621	train	assigned
mol_37622	train	assigned
mol_37623	train	assigned
mol_37624	train	assigned
mol_37625	train	assigned
mol_37626	train	assigned
mol_37627	train	assigned
mol_37628	val	assigned
mol_37629	val	assigned
mol_37630	train	assigned
mol_37631	train	assigned
mol_37632	val	assigned
mol_37633	val	assigned
mol_37634	train	assigned
mol_37635	train	assigned
mol_37636	val	assigned
mol_37637	train	sampled
mol_37638	train	assigned
mol_37639	train	sampled
mol_37640	train	sampled
mol_37641	train	assigned
mol_37642	train	assigned
mol_37643	train	assigned
mol_37644	train	assigned
mol_37645	val	assigned
mol_37646	val	assigned
mol_37647	val	assigned
mol_37648	val	sampled
mol_37649	train	assigned
mol_37650	train	assigned
mol_37651	val	assigned
mol_37652	val	assigned
mol_37653	train	sampled
mol_37654	val	assigned
mol_37655	train	assigned
mol_37656	val	assigned
mol_37657	val	assigned
mol_37658	train	sampled
mol_37659	train	assigned
mol_37660	train	assigned
mol_37661	train	assigned
mol_37662	val	assigned
mol_37663	train	assigned
mol_37664	train	sampled
mol_37665	train	assigned
mol_37666	train	assigned
mol_37667	train	assigned
mol_37668	train	assigned
mol_37669	train	assigned
mol_37670	train	assigned
mol_37671	val	assigned
mol_37672	train	assigned
mol_37673	train	sampled
mol_37674	train	assigned
mol_37675	test	assigned
mol_37676	test	assigned
mol_37677	val	assigned
mol_37678	val	assigned
mol_37679	train	assigned
mol_37680	train	assigned
mol_37681	train	sampled
mol_37682	train	assigned
mol_37683	train	assigned
mol_37684	train	assigned
mol_37685	train	assigned
mol_37686	train	assigned
mol_37687	train	sampled
mol_37688	train	assigned
mol_37689	train	sampled
mol_37690	train	assigned
mol_37691	train	assigned
mol_37692	train	sampled
mol_37693	train	sampled
mol_37694	train	assigned
mol_37695	train	sampled
mol_37696	train	assigned
mol_37697	train	sampled
mol_37698	train	assigned
mol_37699	train	sampled
mol_37700	train	assigned
mol_37701	train	assigned
mol_37702	train	assigned
mol_37703	train	sampled
mol_37704	train	sampled
mol_37705	train	assigned
mol_37706	train	assigned
mol_37707	train	assigned
mol_37708	train	sampled
mol_37709	train	assigned
mol_37710	train	assigned
mol_37711	train	assigned
mol_37712	train	assigned
mol_37713	train	assigned
mol_37714	train	assigned
mol_37715	train	assigned
mol_37716	train	assigned
mol_37717	train	assigned
mol_37718	train	sampled
mol_37719	train	assigned
mol_37720	train	sampled
mol_37721	train	sampled
mol_37722	train	assigned
mol_37723	train	sampled
mol_37724	train	assigned
mol_37725	train	assigned
mol_37726	train	sampled
mol_37727	train	sampled
mol_37728	train	assigned
mol_37729	train	sampled
mol_37730	train	assigned
mol_37731	train	assigned
mol_37732	train	assigned
mol_37733	val	assigned
mol_37734	train	assigned
mol_37735	train	assigned
mol_37736	val	sampled
mol_37737	train	assigned
mol_37738	train	assigned
mol_37739	train	assigned
mol_37740	train	assigned
mol_37741	train	assigned
mol_37742	val	assigned
mol_37743	train	sampled
mol_37744	test	assigned
mol_37745	test	sampled
mol_37746	val	assigned
mol_37747	train	sampled
mol_37748	train	sampled
mol_37749	train	assigned
mol_37750	train	sampled
mol_37751	train	assigned
mol_37752	train	sampled
mol_37753	train	assigned
mol_37754	train	assigned
mol_37755	train	assigned
mol_37756	train	assigned
mol_37757	train	assigned
mol_37758	train	assigned
mol_37759	train	sampled
mol_37760	train	assigned
mol_37761	train	assigned
mol_37762	val	assigned
mol_37763	train	sampled
mol_37764	train	assigned
mol_37765	train	assigned
mol_37766	train	assigned
mol_37767	train	assigned
mol_37768	train	sampled
mol_37769	val	assigned
mol_37770	val	assigned
mol_37771	val	assigned
mol_37772	val	assigned
mol_37773	val	assigned
mol_37774	val	assigned
mol_37775	val	assigned
mol_37776	val	assigned
mol_37777	train	sampled
mol_37778	val	assigned
mol_37779	val	sampled
mol_37780	val	sampled
mol_37781	train	assigned
mol_37782	train	assigned
mol_37783	train	assigned
mol_37784	train	assigned
mol_37785	train	assigned
mol_37786	train	assigned
mol_37787	train	sampled
mol_37788	train	assigned
mol_37789	train	assigned
mol_37790	train	sampled
mol_37791	train	assigned
mol_37792	train	sampled
mol_37793	train	assigned
mol_37794	train	assigned
mol_37795	train	assigned
mol_37796	train	assigned
mol_37797	train	assigned
mol_37798	train	assigned
mol_37799	train	assigned
mol_37800	train	assigned
mol_37801	train	sampled
mol_37802	train	assigned
mol_37803	train	assigned
mol_37804	train	assigned
mol_37805	train	sampled
mol_37806	train	assigned
mol_37807	val	assigned
mol_37808	val	assigned
mol_37809	val	sampled
mol_37810	val	assigned
mol_37811	val	assigned
mol_37812	val	assigned
mol_37813	val	assigned
mol_37814	val	assigned
mol_37815	val	assigned
mol_37816	val	assigned
mol_37817	val	sampled
mol_37818	val	sampled
mol_37819	val	assigned
mol_37820	val	assigned
mol_37821	train	assigned
mol_37822	train	assigned
mol_37823	train	assigned
mol_37824	train	assigned
mol_37825	train	sampled
mol_37826	train	assigned
mol_37827	train	assigned
mol_37828	train	sampled
mol_37829	train	assigned
mol_37830	train	assigned
mol_37831	train	assigned
mol_37832	train	assigned
mol_37833	train	assigned
mol_37834	train	assigned
mol_37835	train	sampled
mol_37836	train	sampled
mol_37837	train	assigned
mol_37838	val	sampled
mol_37839	train	assigned
mol_37840	train	assigned
mol_37841	train	assigned
mol_37842	train	sampled
mol_37843	train	sampled
mol_37844	train	assigned
mol_37845	train	sampled
mol_37846	train	assigned
mol_37847	train	assigned
mol_37848	train	assigned
mol_37849	train	assigned
mol_37850	train	sampled
mol_37851	train	assigned
mol_37852	train	assigned
mol_37853	val	assigned
mol_37854	test	assigned
mol_37855	train	sampled
mol_37856	train	assigned
mol_37857	train	assigned
mol_37858	train	assigned
mol_37859	train	assigned
mol_37860	train	assigned
mol_37861	train	assigned
mol_37862	train	assigned
mol_37863	train	assigned
mol_37864	train	sampled
mol_37865	train	sampled
mol_37866	train	assigned
mol_37867	train	assigned
mol_37868	train	assigned
mol_37869	train	assigned
mol_37870	train	assigned
mol_37871	train	assigned
mol_37872	train	assigned
mol_37873	train	assigned
mol_37874	train	assigned
mol_37875	train	assigned
mol_37876	train	sampled
mol_37877	train	assigned
mol_37878	train	assigned
mol_37879	train	assigned
mol_37880	train	assigned
mol_37881	train	assigned
mol_37882	train	assigned
mol_37883	train	assigned
mol_37884	train	assigned
mol_37885	train	assigned
mol_37886	train	assigned
mol_37887	train	sampled
mol_37888	train	sampled
mol_37889	train	assigned
mol_37890	train	assigned
mol_37891	train	assigned
mol_37892	train	assigned
mol_37893	train	sampled
mol_37894	train	assigned
mol_37895	train	assigned
mol_37896	train	assigned
mol_37897	val	assigned
mol_37898	train	assigned
mol_37899	train	assigned
mol_37900	train	assigned
mol_37901	train	assigned
mol_37902	val	assigned
mol_37903	train	assigned
mol_37904	test	assigned
mol_37905	train	assigned
mol_37906	test	sampled
mol_37907	test	assigned
mol_37908	train	assigned
mol_37909	train	assigned
mol_37910	train	assigned
mol_37911	train	assigned
mol_37912	train	sampled
mol_37913	train	assigned
mol_37914	train	assigned
mol_37915	train	sampled
mol_37916	train	assigned
mol_37917	train	sampled
mol_37918	train	sampled
mol_37919	train	sampled
mol_37920	train	sampled
mol_37921	train	assigned
mol_37922	train	assigned
mol_37923	train	sampled
mol_37924	train	sampled
mol_37925	train	assigned
mol_37926	train	sampled
mol_37927	train	assigned
mol_37928	train	assigned
mol_37929	train	assigned
mol_37930	train	sampled
mol_37931	train	assigned
mol_37932	train	assigned
mol_37933	train	sampled
mol_37934	train	assigned
mol_37935	train	assigned
mol_37936	train	assigned
mol_37937	train	sampled
mol_37938	train	assigned
mol_37939	train	assigned
mol_37940	train	sampled
mol_37941	train	assigned
mol_37942	train	assigned
mol_37943	train	sampled
mol_37944	val	assigned
mol_37945	val	assigned
mol_37946	val	assigned
mol_37947	train	assigned
mol_37948	train	sampled
mol_37949	train	assigned
mol_37950	train	assigned
mol_37951	train	assigned
mol_37952	train	assigned
mol_37953	val	assigned
mol_37954	val	assigned
mol_37955	train	assigned
mol_37956	train	assigned
mol_37957	train	assigned
mol_37958	train	assigned
mol_37959	train	sampled
mol_37960	train	assigned
mol_37961	train	assigned
mol_37962	train	assigned
mol_37963	train	assigned
mol_37964	train	sampled
mol_37965	train	sampled
mol_37966	train	assigned
mol_37967	train	assigned
mol_37968	train	assigned
mol_37969	train	sampled
mol_37970	train	assigned
mol_37971	train	assigned
mol_37972	val	assigned
mol_37973	val	assigned
mol_37974	train	sampled
mol_37975	train	assigned
mol_37976	train	sampled
mol_37977	train	assigned
mol_37978	train	assigned
mol_37979	train	assigned
mol_37980	train	sampled
mol_37981	train	assigned
mol_37982	train	sampled
mol_37983	train	assigned
mol_37984	train	assigned
mol_37985	train	assigned
mol_37986	train	assigned
mol_37987	train	assigned
mol_37988	train	assigned
mol_37989	train	sampled
mol_37990	train	assigned
mol_37991	train	assigned
mol_37992	train	assigned
mol_37993	train	assigned
mol_37994	train	assigned
mol_37995	train	assigned
mol_37996	train	sampled
mol_37997	train	assigned
mol_37998	train	assigned
mol_37999	train	assigned
mol_38000	train	assigned
mol_38001	val	assigned
mol_38002	val	assigned
mol_38003	val	assigned
mol_38004	val	assigned
mol_38005	train	sampled
mol_38006	train	assigned
mol_38007	test	assigned
mol_38008	train	assigned
mol_38009	val	assigned
mol_38010	val	sampled
mol_38011	train	sampled
mol_38012	train	assigned
mol_38013	train	sampled
mol_38014	train	assigned
mol_38015	train	assigned
mol_38016	train	assigned
mol_38017	train	sampled
mol_38018	train	assigned
mol_38019	train	assigned
mol_38020	train	assigned
mol_38021	train	assigned
mol_38022	val	assigned
mol_38023	train	assigned
mol_38024	train	assigned
mol_38025	test	assigned
mol_38026	val	assigned
mol_38027	train	sampled
mol_38028	train	sampled
mol_38029	val	sampled
mol_38030	train	assigned
mol_38031	val	assigned
mol_38032	train	assigned
mol_38033	train	sampled
mol_38034	val	assigned
mol_38035	train	assigned
mol_38036	train	assigned
mol_38037	val	assigned
mol_38038	val	assigned
mol_38039	train	assigned
mol_38040	test	sampled
mol_38041	train	assigned
mol_38042	train	assigned
mol_38043	train	sampled
mol_38044	train	assigned
mol_38045	train	assigned
mol_38046	train	assigned
mol_38047	train	assigned
mol_38048	train	assigned
mol_38049	test	assigned
mol_38050	train	sampled
mol_38051	train	assigned
mol_38052	train	assigned
mol_38053	train	sampled
mol_38054	train	assigned
mol_38055	train	assigned
mol_38056	train	sampled
mol_38057	train	assigned
mol_38058	train	sampled
mol_38059	train	sampled
mol_38060	train	assigned
mol_38061	train	assigned
mol_38062	train	sampled
mol_38063	train	assigned
mol_38064	train	sampled
mol_38065	train	assigned
mol_38066	train	assigned
mol_38067	train	assigned
mol_38068	train	sampled
mol_38069	train	assigned
mol_38070	train	assigned
mol_38071	train	assigned
mol_38072	train	assigned
mol_38073	train	assigned
mol_38074	train	sampled
mol_38075	train	assigned
mol_38076	train	assigned
mol_38077	train	sampled
mol_38078	train	assigned
mol_38079	train	assigned
mol_38080	train	sampled
mol_38081	train	assigned
mol_38082	train	assigned
mol_38083	val	assigned
mol_38084	train	assigned
mol_38085	train	assigned
mol_38086	train	assigned
mol_38087	train	sampled
mol_38088	train	assigned
mol_38089	train	assigned
mol_38090	train	assigned
mol_38091	train	assigned
mol_38092	val	assigned
mol_38093	test	sampled
mol_38094	test	sampled
mol_38095	train	assigned
mol_38096	train	sampled
mol_38097	val	sampled
mol_38098	val	assigned
mol_38099	val	sampled
mol_38100	val	assigned
mol_38101	train	assigned
mol_38102	train	assigned
mol_38103	train	assigned
mol_38104	train	assigned
mol_38105	train	assigned
mol_38106	train	assigned
mol_38107	train	assigned
mol_38108	train	assigned
mol_38109	train	assigned
mol_38110	train	assigned
mol_38111	train	assigned
mol_38112	train	assigned
mol_38113	train	assigned
mol_38114	train	assigned
mol_38115	train	sampled
mol_38116	train	sampled
mol_38117	train	sampled
mol_38118	train	sampled
mol_38119	train	assigned
mol_38120	train	sampled
mol_38121	train	sampled
mol_38122	train	assigned
mol_38123	train	assigned
mol_38124	train	assigned
mol_38125	train	assigned
mol_38126	train	assigned
mol_38127	train	assigned
mol_38128	train	assigned
mol_38129	train	assigned
mol_38130	train	assigned
mol_38131	train	assigned
mol_38132	train	assigned
mol_38133	train	assigned
mol_38134	train	assigned
mol_38135	train	assigned
mol_38136	train	assigned
mol_38137	train	sampled
mol_38138	train	assigned
mol_38139	train	sampled
mol_38140	train	assigned
mol_38141	train	assigned
mol_38142	train	assigned
mol_38143	train	assigned
mol_38144	train	assigned
mol_38145	train	assigned
mol_38146	train	assigned
mol_38147	train	sampled
mol_38148	train	sampled
mol_38149	train	sampled
mol_38150	train	sampled
mol_38151	train	assigned
mol_38152	train	assigned
mol_38153	train	sampled
mol_38154	train	assigned
mol_38155	train	assigned
mol_38156	train	assigned
mol_38157	train	sampled
mol_38158	train	assigned
mol_38159	train	assigned
mol_38160	train	assigned
mol_38161	train	sampled
mol_38162	train	assigned
mol_38163	train	sampled
mol_38164	train	assigned
mol_38165	train	assigned
mol_38166	train	assigned
mol_38167	train	assigned
mol_38168	train	assigned
mol_38169	val	assigned
mol_38170	val	assigned
mol_38171	val	assigned
mol_38172	val	sampled
mol_38173	val	assigned
mol_38174	val	assigned
mol_38175	train	assigned
mol_38176	train	sampled
mol_38177	train	assigned
mol_38178	train	assigned
mol_38179	train	assigned
mol_38180	train	assigned
mol_38181	val	assigned
mol_38182	train	assigned
mol_38183	train	sampled
mol_38184	train	sampled
mol_38185	train	assigned
mol_38186	train	assigned
mol_38187	val	assigned
mol_38188	train	sampled
mol_38189	train	sampled
mol_38190	train	assigned
mol_38191	train	assigned
mol_38192	train	sampled
mol_38193	train	assigned
mol_38194	train	assigned
mol_38195	train	assigned
mol_38196	train	assigned
mol_38197	train	assigned
mol_38198	train	assigned
mol_38199	train	assigned
mol_38200	train	sampled
mol_38201	train	sampled
mol_38202	train	assigned
mol_38203	train	assigned
mol_38204	train	sampled
mol_38205	train	sampled
mol_38206	val	assigned
mol_38207	train	assigned
mol_38208	val	assigned
mol_38209	train	assigned
mol_38210	train	assigned
mol_38211	val	assigned
mol_38212	val	assigned
mol_38213	val	assigned
mol_38214	train	assigned
mol_38215	train	sampled
mol_38216	train	assigned
mol_38217	train	assigned
mol_38218	train	assigned
mol_38219	val	assigned
mol_38220	val	assigned
mol_38221	train	sampled
mol_38222	train	assigned
mol_38223	train	assigned
mol_38224	val	assigned
mol_38225	train	sampled
mol_38226	val	sampled
mol_38227	val	assigned
mol_38228	train	assigned
mol_38229	train	assigned
mol_38230	train	assigned
mol_38231	train	assigned
mol_38232	train	assigned
mol_38233	train	assigned
mol_38234	train	assigned
mol_38235	train	sampled
mol_38236	val	assigned
mol_38237	val	assigned
mol_38238	train	assigned
mol_38239	train	assigned
mol_38240	val	assigned
mol_38241	train	assigned
mol_38242	train	sampled
mol_38243	test	assigned
mol_38244	test	sampled
mol_38245	train	assigned
mol_38246	val	sampled
mol_38247	val	assigned
mol_38248	test	assigned
mol_38249	test	assigned
mol_38250	train	assigned
mol_38251	train	assigned
mol_38252	train	sampled
mol_38253	train	sampled
mol_38254	train	assigned
mol_38255	train	assigned
mol_38256	train	assigned
mol_38257	train	assigned
mol_38258	train	assigned
mol_38259	test	assigned
mol_38260	train	assigned
mol_38261	test	sampled
mol_38262	val	assigned
mol_38263	val	assigned
mol_38264	train	sampled
mol_38265	train	assigned
mol_38266	train	assigned
mol_38267	train	assigned
mol_38268	train	assigned
mol_38269	train	assigned
mol_38270	val	assigned
mol_38271	train	assigned
mol_38272	train	assigned
mol_38273	test	assigned
mol_38274	train	assigned
mol_38275	train	assigned
mol_38276	train	assigned
mol_38277	train	assigned
mol_38278	train	assigned
mol_38279	test	assigned
mol_38280	train	assigned
mol_38281	val	assigned
mol_38282	train	assigned
mol_38283	train	assigned
mol_38284	train	assigned
mol_38285	train	assigned
mol_38286	train	assigned
mol_38287	test	assigned
mol_38288	train	assigned
mol_38289	train	assigned
mol_38290	train	assigned
mol_38291	train	assigned
mol_38292	train	assigned
mol_38293	train	assigned
mol_38294	train	sampled
mol_38295	val	sampled
mol_38296	train	assigned
mol_38297	train	sampled
mol_38298	train	assigned
mol_38299	train	sampled
mol_38300	train	sampled
mol_38301	train	assigned
mol_38302	train	assigned
mol_38303	train	assigned
mol_38304	train	assigned
mol_38305	train	sampled
mol_38306	train	assigned
mol_38307	train	sampled
mol_38308	train	assigned
mol_38309	train	sampled
mol_38310	train	assigned
mol_38311	train	assigned
mol_38312	train	assigned
mol_38313	val	assigned
mol_38314	val	assigned
mol_38315	train	assigned
mol_38316	val	assigned
mol_38317	train	sampled
mol_38318	train	sampled
mol_38319	val	assigned
mol_38320	val	assigned
mol_38321	val	sampled
mol_38322	train	assigned
mol_38323	train	assigned
mol_38324	train	assigned
mol_38325	train	assigned
mol_38326	train	sampled
mol_38327	train	assigned
mol_38328	test	assigned
mol_38329	test	assigned
mol_38330	train	assigned
mol_38331	test	assigned
mol_38332	test	assigned
mol_38333	test	assigned
mol_38334	test	sampled
mol_38335	test	assigned
mol_38336	test	assigned
mol_38337	test	assigned
mol_38338	train	assigned
mol_38339	train	sampled
mol_38340	train	assigned
mol_38341	test	assigned
mol_38342	train	assigned
mol_38343	test	assigned
mol_38344	train	assigned
mol_38345	train	assigned
mol_38346	test	assigned
mol_38347	train	sampled
mol_38348	test	assigned
mol_38349	test	assigned
mol_38350	train	assigned
mol_38351	train	assigned
mol_38352	train	assigned
mol_38353	train	assigned
mol_38354	train	assigned
mol_38355	train	sampled
mol_38356	train	assigned
mol_38357	train	assigned
mol_38358	train	assigned
mol_38359	train	sampled
mol_38360	train	assigned
mol_38361	train	sampled
mol_38362	train	sampled
mol_38363	val	assigned
mol_38364	val	assigned
mol_38365	train	assigned
mol_38366	train	assigned
mol_38367	train	sampled
mol_38368	val	assigned
mol_38369	train	assigned
mol_38370	train	sampled
mol_38371	val	assigned
mol_38372	train	assigned
mol_38373	train	sampled
mol_38374	train	assigned
mol_38375	train	assigned
mol_38376	train	assigned
mol_38377	val	assigned
mol_38378	train	assigned
mol_38379	train	sampled
mol_38380	train	assigned
mol_38381	train	assigned
mol_38382	train	assigned
mol_38383	train	assigned
mol_38384	train	assigned
mol_38385	train	assigned
mol_38386	val	assigned
mol_38387	val	assigned
mol_38388	test	assigned
mol_38389	test	sampled
mol_38390	test	sampled
mol_38391	train	assigned
mol_38392	train	assigned
mol_38393	train	assigned
mol_38394	train	sampled
mol_38395	train	assigned
mol_38396	train	assigned
mol_38397	train	assigned
mol_38398	val	assigned
mol_38399	val	assigned
mol_38400	train	assigned
mol_38401	val	assigned
mol_38402	train	assigned
mol_38403	train	sampled
mol_38404	train	assigned
mol_38405	train	sampled
mol_38406	train	assigned
mol_38407	train	sampled
mol_38408	val	assigned
mol_38409	test	assigned
mol_38410	test	assigned
mol_38411	train	assigned
mol_38412	train	assigned
mol_38413	train	assigned
mol_38414	train	assigned
mol_38415	train	sampled
mol_38416	val	assigned
mol_38417	train	assigned
mol_38418	train	assigned
mol_38419	train	sampled
mol_38420	train	assigned
mol_38421	test	sampled
mol_38422	test	sampled
mol_38423	train	assigned
mol_38424	train	sampled
mol_38425	test	assigned
mol_38426	train	assigned
mol_38427	train	assigned
mol_38428	val	assigned
mol_38429	val	assigned
mol_38430	train	sampled
mol_38431	train	assigned
mol_38432	train	sampled
mol_38433	train	sampled
mol_38434	train	assigned
mol_38435	train	assigned
mol_38436	train	assigned
mol_38437	train	assigned
mol_38438	train	assigned
mol_38439	val	assigned
mol_38440	train	assigned
mol_38441	train	assigned
mol_38442	train	sampled
mol_38443	train	assigned
mol_38444	train	assigned
mol_38445	train	sampled
mol_38446	train	sampled
mol_38447	train	sampled
mol_38448	train	sampled
mol_38449	val	assigned
mol_38450	train	assigned
mol_38451	train	sampled
mol_38452	train	assigned
mol_38453	train	sampled
mol_38454	train	assigned
mol_38455	test	assigned
mol_38456	val	assigned
mol_38457	train	assigned
mol_38458	test	assigned
mol_38459	test	assigned
mol_38460	test	assigned
mol_38461	test	sampled
mol_38462	train	assigned
mol_38463	test	assigned
mol_38464	train	sampled
mol_38465	train	sampled
mol_38466	train	sampled
mol_38467	train	assigned
mol_38468	train	assigned
mol_38469	train	assigned
mol_38470	val	assigned
mol_38471	train	assigned
mol_38472	train	sampled
mol_38473	val	sampled
mol_38474	val	assigned
mol_38475	test	assigned
mol_38476	test	assigned
mol_38477	test	assigned
mol_38478	val	assigned
mol_38479	train	assigned
mol_38480	train	sampled
mol_38481	val	assigned
mol_38482	test	assigned
mol_38483	val	assigned
mol_38484	train	assigned
mol_38485	train	assigned
mol_38486	test	sampled
mol_38487	val	assigned
mol_38488	val	assigned
mol_38489	train	assigned
mol_38490	train	sampled
mol_38491	train	assigned
mol_38492	train	assigned
mol_38493	train	sampled
mol_38494	val	assigned
mol_38495	train	sampled
mol_38496	train	sampled
mol_38497	train	sampled
mol_38498	train	sampled
mol_38499	train	sampled
mol_38500	train	assigned
mol_38501	train	assigned
mol_38502	train	assigned
mol_38503	train	assigned
mol_38504	train	assigned
mol_38505	train	assigned
mol_38506	train	sampled
mol_38507	test	assigned
mol_38508	train	assigned
mol_38509	train	assigned
mol_38510	test	sampled
mol_38511	test	assigned
mol_38512	val	assigned
mol_38513	val	assigned
mol_38514	train	sampled
mol_38515	train	assigned
mol_38516	train	assigned
mol_38517	train	assigned
mol_38518	train	assigned
mol_38519	train	assigned
mol_38520	train	assigned
mol_38521	val	assigned
mol_38522	val	assigned
mol_38523	val	assigned
mol_38524	train	sampled
mol_38525	train	assigned
mol_38526	train	assigned
mol_38527	train	assigned
mol_38528	train	assigned
mol_38529	train	sampled
mol_38530	train	assigned
mol_38531	train	assigned
mol_38532	train	assigned
mol_38533	train	assigned
mol_38534	train	assigned
mol_38535	train	sampled
mol_38536	train	assigned
mol_38537	val	assigned
mol_38538	val	assigned
mol_38539	val	sampled
mol_38540	val	assigned
mol_38541	val	assigned
mol_38542	val	assigned
mol_38543	val	sampled
mol_38544	train	assigned
mol_38545	train	assigned
mol_38546	val	sampled
mol_38547	val	sampled
mol_38548	val	sampled
mol_38549	val	assigned
mol_38550	val	assigned
mol_38551	train	assigned
mol_38552	train	sampled
mol_38553	train	assigned
mol_38554	train	assigned
mol_38555	train	assigned
mol_38556	val	assigned
mol_38557	train	assigned
mol_38558	train	sampled
mol_38559	val	assigned
mol_38560	train	assigned
mol_38561	train	assigned
mol_38562	train	assigned
mol_38563	train	assigned
mol_38564	train	sampled
mol_38565	train	assigned
mol_38566	train	assigned
mol_38567	train	sampled
mol_38568	train	assigned
mol_38569	train	assigned
mol_38570	train	assigned
mol_38571	train	assigned
mol_38572	val	assigned
mol_38573	train	assigned
mol_38574	train	sampled
mol_38575	train	assigned
mol_38576	train	assigned
mol_38577	train	assigned
mol_38578	train	assigned
mol_38579	test	sampled
mol_38580	test	assigned
mol_38581	val	assigned
mol_38582	train	assigned
mol_38583	train	assigned
mol_38584	test	sampled
mol_38585	test	assigned
mol_38586	test	sampled
mol_38587	test	assigned
mol_38588	train	sampled
mol_38589	train	assigned
mol_38590	test	assigned
mol_38591	train	assigned
mol_38592	train	assigned
mol_38593	train	assigned
mol_38594	train	assigned
mol_38595	test	assigned
mol_38596	train	assigned
mol_38597	train	assigned
mol_38598	train	assigned
mol_38599	val	assigned
mol_38600	val	sampled
mol_38601	val	assigned
mol_38602	val	sampled
mol_38603	train	assigned
mol_38604	val	assigned
mol_38605	train	assigned
mol_38606	train	sampled
mol_38607	train	assigned
mol_38608	train	assigned
mol_38609	train	assigned
mol_38610	val	assigned
mol_38611	val	assigned
mol_38612	train	sampled
mol_38613	train	sampled
mol_38614	train	assigned
mol_38615	train	sampled
mol_38616	train	assigned
mol_38617	test	assigned
mol_38618	train	assigned
mol_38619	val	sampled
mol_38620	val	sampled
mol_38621	train	assigned
mol_38622	test	assigned
mol_38623	test	assigned
mol_38624	test	assigned
mol_38625	test	assigned
mol_38626	test	assigned
mol_38627	train	assigned
mol_38628	test	assigned
mol_38629	train	assigned
mol_38630	train	assigned
mol_38631	train	assigned
mol_38632	val	assigned
mol_38633	train	assigned
mol_38634	val	assigned
mol_38635	train	assigned
mol_38636	train	assigned
mol_38637	val	assigned
mol_38638	train	assigned
mol_38639	train	assigned
mol_38640	train	sampled
mol_38641	train	assigned
mol_38642	train	assigned
mol_38643	train	assigned
mol_38644	train	assigned
mol_38645	val	sampled
mol_38646	test	assigned
mol_38647	train	assigned
mol_38648	val	sampled
mol_38649	train	assigned
mol_38650	train	sampled
mol_38651	train	assigned
mol_38652	val	assigned
mol_38653	train	sampled
mol_38654	val	sampled
mol_38655	train	assigned
mol_38656	train	assigned
mol_38657	train	sampled
mol_38658	val	assigned
mol_38659	train	assigned
mol_38660	val	assigned
mol_38661	train	assigned
mol_38662	train	assigned
mol_38663	train	assigned
mol_38664	train	sampled
mol_38665	train	assigned
mol_38666	val	sampled
mol_38667	val	assigned
mol_38668	train	assigned
mol_38669	test	assigned
mol_38670	train	assigned
mol_38671	train	assigned
mol_38672	train	assigned
mol_38673	val	assigned
mol_38674	train	assigned
mol_38675	val	assigned
mol_38676	train	assigned
mol_38677	val	assigned
mol_38678	val	assigned
mol_38679	train	assigned
mol_38680	train	sampled
mol_38681	train	assigned
mol_38682	train	assigned
mol_38683	val	sampled
mol_38684	train	assigned
mol_38685	train	assigned
mol_38686	train	assigned
mol_38687	train	assigned
mol_38688	train	assigned
mol_38689	train	assigned
mol_38690	train	assigned
mol_38691	train	assigned
mol_38692	train	assigned
mol_38693	train	sampled
mol_38694	train	assigned
mol_38695	train	assigned
mol_38696	train	assigned
mol_38697	train	assigned
mol_38698	train	sampled
mol_38699	train	sampled
mol_38700	train	sampled
mol_38701	train	assigned
mol_38702	train	assigned
mol_38703	train	assigned
mol_38704	train	assigned
mol_38705	train	assigned
mol_38706	val	assigned
mol_38707	train	assigned
mol_38708	train	assigned
mol_38709	train	assigned
mol_38710	train	assigned
mol_38711	train	assigned
mol_38712	val	assigned
mol_38713	train	sampled
mol_38714	train	assigned
mol_38715	train	assigned
mol_38716	train	assigned
mol_38717	train	assigned
mol_38718	train	assigned
mol_38719	train	assigned
mol_38720	train	assigned
mol_38721	train	assigned
mol_38722	train	assigned
mol_38723	train	sampled
mol_38724	train	sampled
mol_38725	train	sampled
mol_38726	train	sampled
mol_38727	train	assigned
mol_38728	train	sampled
mol_38729	train	sampled
mol_38730	train	assigned
mol_38731	train	sampled
mol_38732	train	assigned
mol_38733	train	assigned
mol_38734	train	assigned
mol_38735	val	assigned
mol_38736	val	assigned
mol_38737	train	sampled
mol_38738	train	sampled
mol_38739	train	assigned
mol_38740	train	assigned
mol_38741	val	assigned
mol_38742	train	sampled
mol_38743	train	assigned
mol_38744	val	assigned
mol_38745	train	assigned
mol_38746	val	assigned
mol_38747	val	assigned
mol_38748	val	assigned
mol_38749	train	assigned
mol_38750	val	assigned
mol_38751	val	assigned
mol_38752	val	assigned
mol_38753	train	assigned
mol_38754	train	assigned
mol_38755	train	assigned
mol_38756	train	assigned
mol_38757	train	assigned
mol_38758	train	assigned
mol_38759	train	sampled
mol_38760	train	assigned
mol_38761	train	assigned
mol_38762	train	assigned
mol_38763	val	assigned
mol_38764	train	assigned
mol_38765	val	assigned
mol_38766	train	sampled
mol_38767	train	assigned
mol_38768	train	assigned
mol_38769	train	assigned
mol_38770	train	assigned
mol_38771	train	assigned
mol_38772	train	assigned
mol_38773	train	assigned
mol_38774	train	sampled
mol_38775	train	sampled
mol_38776	train	assigned
mol_38777	train	assigned
mol_38778	train	assigned
mol_38779	val	assigned
mol_38780	train	assigned
mol_38781	test	assigned
mol_38782	val	assigned
mol_38783	train	assigned
mol_38784	train	assigned
mol_38785	train	assigned
mol_38786	train	assigned
mol_38787	train	assigned
mol_38788	val	assigned
mol_38789	train	sampled
mol_38790	val	assigned
mol_38791	train	assigned
mol_38792	train	assigned
mol_38793	train	assigned
mol_38794	train	assigned
mol_38795	train	assigned
mol_38796	train	assigned
mol_38797	train	assigned
mol_38798	train	assigned
mol_38799	train	sampled
mol_38800	train	sampled
mol_38801	train	assigned
mol_38802	train	sampled
mol_38803	train	assigned
mol_38804	train	assigned
mol_38805	train	assigned
mol_38806	train	assigned
mol_38807	train	assigned
mol_38808	train	sampled
mol_38809	val	sampled
mol_38810	val	assigned
mol_38811	val	assigned
mol_38812	val	sampled
mol_38813	val	assigned
mol_38814	train	assigned
mol_38815	val	assigned
mol_38816	val	sampled
mol_38817	train	assigned
mol_38818	val	assigned
mol_38819	val	sampled
mol_38820	train	sampled
mol_38821	val	assigned
mol_38822	train	assigned
mol_38823	val	assigned
mol_38824	train	sampled
mol_38825	train	assigned
mol_38826	train	assigned
mol_38827	train	assigned
mol_38828	train	sampled
mol_38829	train	assigned
mol_38830	train	sampled
mol_38831	val	assigned
mol_38832	val	assigned
mol_38833	train	assigned
mol_38834	train	sampled
mol_38835	test	assigned
mol_38836	val	assigned
mol_38837	train	sampled
mol_38838	val	assigned
mol_38839	train	assigned
mol_38840	train	assigned
mol_38841	train	assigned
mol_38842	train	sampled
mol_38843	train	assigned
mol_38844	test	assigned
mol_38845	test	assigned
mol_38846	train	assigned
mol_38847	train	assigned
mol_38848	train	assigned
mol_38849	train	assigned
mol_38850	train	assigned
mol_38851	train	sampled
mol_38852	train	assigned
mol_38853	train	sampled
mol_38854	train	assigned
mol_38855	train	assigned
mol_38856	train	assigned
mol_38857	train	sampled
mol_38858	val	assigned
mol_38859	train	assigned
mol_38860	val	sampled
mol_38861	train	sampled
mol_38862	val	assigned
mol_38863	train	assigned
mol_38864	train	assigned
mol_38865	val	assigned
mol_38866	train	assigned
mol_38867	val	assigned
mol_38868	train	assigned
mol_38869	val	assigned
mol_38870	train	sampled
mol_38871	train	sampled
mol_38872	train	assigned
mol_38873	train	assigned
mol_38874	train	sampled
mol_38875	val	assigned
mol_38876	val	assigned
mol_38877	val	assigned
mol_38878	val	sampled
mol_38879	train	sampled
mol_38880	train	sampled
mol_38881	train	assigned
mol_38882	train	sampled
mol_38883	train	assigned
mol_38884	train	assigned
mol_38885	val	assigned
mol_38886	val	assigned
mol_38887	train	sampled
mol_38888	train	assigned
mol_38889	test	assigned
mol_38890	test	assigned
mol_38891	test	assigned
mol_38892	test	assigned
mol_38893	train	assigned
mol_38894	test	assigned
mol_38895	train	assigned
mol_38896	train	assigned
mol_38897	train	assigned
mol_38898	test	assigned
mol_38899	train	assigned
mol_38900	test	assigned
mol_38901	test	assigned
mol_38902	test	sampled
mol_38903	train	assigned
mol_38904	test	assigned
mol_38905	test	assigned
mol_38906	train	sampled
mol_38907	train	assigned
mol_38908	train	assigned
mol_38909	val	sampled
mol_38910	val	sampled
mol_38911	train	assigned
mol_38912	test	assigned
mol_38913	val	assigned
mol_38914	train	assigned
mol_38915	train	sampled
mol_38916	train	assigned
mol_38917	val	sampled
mol_38918	test	assigned
mol_38919	train	sampled
mol_38920	val	assigned
mol_38921	train	sampled
mol_38922	train	assigned
mol_38923	test	assigned
mol_38924	test	assigned
mol_38925	train	assigned
mol_38926	val	assigned
mol_38927	train	sampled
mol_38928	val	assigned
mol_38929	val	assigned
mol_38930	val	assigned
mol_38931	test	assigned
mol_38932	train	assigned
mol_38933	train	assigned
mol_38934	val	assigned
mol_38935	train	assigned
mol_38936	train	assigned
mol_38937	train	assigned
mol_38938	train	assigned
mol_38939	train	sampled
mol_38940	train	assigned
mol_38941	train	assigned
mol_38942	train	sampled
mol_38943	train	assigned
mol_38944	train	assigned
mol_38945	train	sampled
mol_38946	train	assigned
mol_38947	train	sampled
mol_38948	train	assigned
mol_38949	train	assigned
mol_38950	train	sampled
mol_38951	train	assigned
mol_38952	train	assigned
mol_38953	train	assigned
mol_38954	train	assigned
mol_38955	train	sampled
mol_38956	train	assigned
mol_38957	val	assigned
mol_38958	train	assigned
mol_38959	train	sampled
mol_38960	train	assigned
mol_38961	train	sampled
mol_38962	train	sampled
mol_38963	train	assigned
mol_38964	train	sampled
mol_38965	train	assigned
mol_38966	train	assigned
mol_38967	train	assigned
mol_38968	train	assigned
mol_38969	train	sampled
mol_38970	train	assigned
mol_38971	train	sampled
mol_38972	train	assigned
mol_38973	train	assigned
mol_38974	train	assigned
mol_38975	train	assigned
mol_38976	train	assigned
mol_38977	train	assigned
mol_38978	train	sampled
mol_38979	train	assigned
mol_38980	train	sampled
mol_38981	train	assigned
mol_38982	train	assigned
mol_38983	train	assigned
mol_38984	val	sampled
mol_38985	val	assigned
mol_38986	val	assigned
mol_38987	val	assigned
mol_38988	val	assigned
mol_38989	train	sampled
mol_38990	train	assigned
mol_38991	train	assigned
mol_38992	val	assigned
mol_38993	val	assigned
mol_38994	train	assigned
mol_38995	train	sampled
mol_38996	val	sampled
mol_38997	test	sampled
mol_38998	train	sampled
mol_38999	train	assigned
mol_39000	train	assigned
mol_39001	val	assigned
mol_39002	val	sampled
mol_39003	val	assigned
mol_39004	val	assigned
mol_39005	val	sampled
mol_39006	val	assigned
mol_39007	train	sampled
mol_39008	test	assigned
mol_39009	train	sampled
mol_39010	train	assigned
mol_39011	val	assigned
mol_39012	train	sampled
mol_39013	train	assigned
mol_39014	train	assigned
mol_39015	val	assigned
mol_39016	val	assigned
mol_39017	val	assigned
mol_39018	val	sampled
mol_39019	val	assigned
mol_39020	val	assigned
mol_39021	train	assigned
mol_39022	val	assigned
mol_39023	train	assigned
mol_39024	train	sampled
mol_39025	train	assigned
mol_39026	train	assigned
mol_39027	test	sampled
mol_39028	test	assigned
mol_39029	val	sampled
mol_39030	train	assigned
mol_39031	train	assigned
mol_39032	train	sampled
mol_39033	val	assigned
mol_39034	train	sampled
mol_39035	val	sampled
mol_39036	val	assigned
mol_39037	val	assigned
mol_39038	val	assigned
mol_39039	train	sampled
mol_39040	val	assigned
mol_39041	val	sampled
mol_39042	train	assigned
mol_39043	train	assigned
mol_39044	train	assigned
mol_39045	train	sampled
mol_39046	train	sampled
mol_39047	train	assigned
mol_39048	train	sampled
mol_39049	train	sampled
mol_39050	train	assigned
mol_39051	train	assigned
mol_39052	train	assigned
mol_39053	train	assigned
mol_39054	train	sampled
mol_39055	train	sampled
mol_39056	train	assigned
mol_39057	train	assigned
mol_39058	train	assigned
mol_39059	train	sampled
mol_39060	train	assigned
mol_39061	train	assigned
mol_39062	train	assigned
mol_39063	train	assigned
mol_39064	train	sampled
mol_39065	train	assigned
mol_39066	train	sampled
mol_39067	train	assigned
mol_39068	train	assigned
mol_39069	val	assigned
mol_39070	train	assigned
mol_39071	train	assigned
mol_39072	test	sampled
mol_39073	test	sampled
mol_39074	test	assigned
mol_39075	val	assigned
mol_39076	train	sampled
mol_39077	train	sampled
mol_39078	val	assigned
mol_39079	train	assigned
mol_39080	train	assigned
mol_39081	train	assigned
mol_39082	train	assigned
mol_39083	train	sampled
mol_39084	train	assigned
mol_39085	train	assigned
mol_39086	train	sampled
mol_39087	train	assigned
mol_39088	val	assigned
mol_39089	train	assigned
mol_39090	train	assigned
mol_39091	train	sampled
mol_39092	train	sampled
mol_39093	train	assigned
mol_39094	train	sampled
mol_39095	train	assigned
mol_39096	train	assigned
mol_39097	train	assigned
mol_39098	train	sampled
mol_39099	train	assigned
mol_39100	test	assigned
mol_39101	test	assigned
mol_39102	test	sampled
mol_39103	test	assigned
mol_39104	test	sampled
mol_39105	test	assigned
mol_39106	test	sampled
mol_39107	test	sampled
mol_39108	train	sampled
mol_39109	train	assigned
mol_39110	train	assigned
mol_39111	train	assigned
mol_39112	train	assigned
mol_39113	train	sampled
mol_39114	train	assigned
mol_39115	test	assigned
mol_39116	train	assigned
mol_39117	train	assigned
mol_39118	val	assigned
mol_39119	train	sampled
mol_39120	val	sampled
mol_39121	test	assigned
mol_39122	test	sampled
mol_39123	test	assigned
mol_39124	train	assigned
mol_39125	val	assigned
mol_39126	train	assigned
mol_39127	val	sampled
mol_39128	train	assigned
mol_39129	train	sampled
mol_39130	train	assigned
mol_39131	train	sampled
mol_39132	train	sampled
mol_39133	train	assigned
mol_39134	train	assigned
mol_39135	train	sampled
mol_39136	val	assigned
mol_39137	val	assigned
mol_39138	val	assigned
mol_39139	train	sampled
mol_39140	train	assigned
mol_39141	train	assigned
mol_39142	train	assigned
mol_39143	train	assigned
mol_39144	val	assigned
mol_39145	train	assigned
mol_39146	train	assigned
mol_39147	val	assigned
mol_39148	train	assigned
mol_39149	test	assigned
mol_39150	train	assigned
mol_39151	train	assigned
mol_39152	train	assigned
mol_39153	train	sampled
mol_39154	train	assigned
mol_39155	test	assigned
mol_39156	test	sampled
mol_39157	train	assigned
mol_39158	train	assigned
mol_39159	train	sampled
mol_39160	train	assigned
mol_39161	val	assigned
mol_39162	val	assigned
mol_39163	val	assigned
mol_39164	val	assigned
mol_39165	train	sampled
mol_39166	train	sampled
mol_39167	train	sampled
mol_39168	train	assigned
mol_39169	train	sampled
mol_39170	train	sampled
mol_39171	train	assigned
mol_39172	test	assigned
mol_39173	val	sampled
mol_39174	train	assigned
mol_39175	train	assigned
mol_39176	test	assigned
mol_39177	train	assigned
mol_39178	train	assigned
mol_39179	train	assigned
mol_39180	test	assigned
mol_39181	val	assigned
mol_39182	train	assigned
mol_39183	train	assigned
mol_39184	train	assigned
mol_39185	val	assigned
mol_39186	train	assigned
mol_39187	train	sampled
mol_39188	train	assigned
mol_39189	train	assigned
mol_39190	train	assigned
mol_39191	train	sampled
mol_39192	train	assigned
mol_39193	train	assigned
mol_39194	train	assigned
mol_39195	train	assigned
mol_39196	train	assigned
mol_39197	train	assigned
mol_39198	train	assigned
mol_39199	train	assigned
mol_39200	train	assigned
mol_39201	train	assigned
mol_39202	train	assigned
mol_39203	val	assigned
mol_39204	val	assigned
mol_39205	train	assigned
mol_39206	val	sampled
mol_39207	train	assigned
mol_39208	train	assigned
mol_39209	train	assigned
mol_39210	train	assigned
mol_39211	train	assigned
mol_39212	train	assigned
mol_39213	train	sampled
mol_39214	train	assigned
mol_39215	train	assigned
mol_39216	train	assigned
mol_39217	train	assigned
mol_39218	train	assigned
mol_39219	train	assigned
mol_39220	train	assigned
mol_39221	train	assigned
mol_39222	train	sampled
mol_39223	train	assigned
mol_39224	train	assigned
mol_39225	train	assigned
mol_39226	train	assigned
mol_39227	train	assigned
mol_39228	train	assigned
mol_39229	train	sampled
mol_39230	train	assigned
mol_39231	train	assigned
mol_39232	train	assigned
mol_39233	train	assigned
mol_39234	train	assigned
mol_39235	train	assigned
mol_39236	train	assigned
mol_39237	test	assigned
mol_39238	test	sampled
mol_39239	test	assigned
mol_39240	test	assigned
mol_39241	test	sampled
mol_39242	train	sampled
mol_39243	train	assigned
mol_39244	train	sampled
mol_39245	train	sampled
mol_39246	train	sampled
mol_39247	train	assigned
mol_39248	test	assigned
mol_39249	val	assigned
mol_39250	val	assigned
mol_39251	val	sampled
mol_39252	train	assigned
mol_39253	train	sampled
mol_39254	train	assigned
mol_39255	test	sampled
mol_39256	train	sampled
mol_39257	train	assigned
mol_39258	test	sampled
mol_39259	test	assigned
mol_39260	test	sampled
mol_39261	test	assigned
mol_39262	test	assigned
mol_39263	test	assigned
mol_39264	test	assigned
mol_39265	test	assigned
mol_39266	test	assigned
mol_39267	train	assigned
mol_39268	test	sampled
mol_39269	train	sampled
mol_39270	train	assigned
mol_39271	train	sampled
mol_39272	train	assigned
mol_39273	train	assigned
mol_39274	test	assigned
mol_39275	train	assigned
mol_39276	test	sampled
mol_39277	test	assigned
mol_39278	val	assigned
mol_39279	test	assigned
mol_39280	train	sampled
mol_39281	train	sampled
mol_39282	train	assigned
mol_39283	train	assigned
mol_39284	train	assigned
mol_39285	val	assigned
mol_39286	train	assigned
mol_39287	train	assigned
mol_39288	train	assigned
mol_39289	val	sampled
mol_39290	val	assigned
mol_39291	val	assigned
mol_39292	test	assigned
mol_39293	train	sampled
mol_39294	val	assigned
mol_39295	train	assigned
mol_39296	val	assigned
mol_39297	val	assigned
mol_39298	train	assigned
mol_39299	train	assigned
mol_39300	val	assigned
mol_39301	train	sampled
mol_39302	test	assigned
mol_39303	train	assigned
mol_39304	train	sampled
mol_39305	val	assigned
mol_39306	train	assigned
mol_39307	train	sampled
mol_39308	train	sampled
mol_39309	val	assigned
mol_39310	test	assigned
mol_39311	train	assigned
mol_39312	test	sampled
mol_39313	train	sampled
mol_39314	train	assigned
mol_39315	train	assigned
mol_39316	train	assigned
mol_39317	train	sampled
mol_39318	train	assigned
mol_39319	train	sampled
mol_39320	train	sampled
mol_39321	train	sampled
mol_39322	train	assigned
mol_39323	train	sampled
mol_39324	train	assigned
mol_39325	train	assigned
mol_39326	train	assigned
mol_39327	train	assigned
mol_39328	train	assigned
mol_39329	train	assigned
mol_39330	train	sampled
mol_39331	train	sampled
mol_39332	train	assigned
mol_39333	train	assigned
mol_39334	train	assigned
mol_39335	train	sampled
mol_39336	train	assigned
mol_39337	train	assigned
mol_39338	train	assigned
mol_39339	train	sampled
mol_39340	train	assigned
mol_39341	train	assigned
mol_39342	train	assigned
mol_39343	train	assigned
mol_39344	train	assigned
mol_39345	train	assigned
mol_39346	train	sampled
mol_39347	val	assigned
mol_39348	train	assigned
mol_39349	train	assigned
mol_39350	train	assigned
mol_39351	train	assigned
mol_39352	train	sampled
mol_39353	val	assigned
mol_39354	train	assigned
mol_39355	train	sampled
mol_39356	train	assigned
mol_39357	train	assigned
mol_39358	train	assigned
mol_39359	train	assigned
mol_39360	train	assigned
mol_39361	val	assigned
mol_39362	val	assigned
mol_39363	val	assigned
mol_39364	val	sampled
mol_39365	val	assigned
mol_39366	val	assigned
mol_39367	train	assigned
mol_39368	train	assigned
mol_39369	train	sampled
mol_39370	val	assigned
mol_39371	train	assigned
mol_39372	val	assigned
mol_39373	val	sampled
mol_39374	val	assigned
mol_39375	val	sampled
mol_39376	val	assigned
mol_39377	val	assigned
mol_39378	val	assigned
mol_39379	val	assigned
mol_39380	val	sampled
mol_39381	val	assigned
mol_39382	val	assigned
mol_39383	val	assigned
mol_39384	val	assigned
mol_39385	train	assigned
mol_39386	val	sampled
mol_39387	val	assigned
mol_39388	val	assigned
mol_39389	val	sampled
mol_39390	val	assigned
mol_39391	val	assigned
mol_39392	train	assigned
mol_39393	train	assigned
mol_39394	train	assigned
mol_39395	val	assigned
mol_39396	train	assigned
mol_39397	train	sampled
mol_39398	val	assigned
mol_39399	val	assigned
mol_39400	val	sampled
mol_39401	val	sampled
mol_39402	val	assigned
mol_39403	val	assigned
mol_39404	val	assigned
mol_39405	val	assigned
mol_39406	val	assigned
mol_39407	val	sampled
mol_39408	val	assigned
mol_39409	train	assigned
mol_39410	train	assigned
mol_39411	val	sampled
mol_39412	val	assigned
mol_39413	train	assigned
mol_39414	train	assigned
mol_39415	train	sampled
mol_39416	train	assigned
mol_39417	train	sampled
mol_39418	train	assigned
mol_39419	train	assigned
mol_39420	train	sampled
mol_39421	train	sampled
mol_39422	train	assigned
mol_39423	train	assigned
mol_39424	train	assigned
mol_39425	train	assigned
mol_39426	train	assigned
mol_39427	train	assigned
mol_39428	train	assigned
mol_39429	train	assigned
mol_39430	train	assigned
mol_39431	train	sampled
mol_39432	train	assigned
mol_39433	train	assigned
mol_39434	train	assigned
mol_39435	train	sampled
mol_39436	train	assigned
mol_39437	train	assigned
mol_39438	train	assigned
mol_39439	train	assigned
mol_39440	train	assigned
mol_39441	train	assigned
mol_39442	train	assigned
mol_39443	train	assigned
mol_39444	train	sampled
mol_39445	train	assigned
mol_39446	train	assigned
mol_39447	train	assigned
mol_39448	train	assigned
mol_39449	train	assigned
mol_39450	train	sampled
mol_39451	train	assigned
mol_39452	train	sampled
mol_39453	train	assigned
mol_39454	train	assigned
mol_39455	train	assigned
mol_39456	val	assigned
mol_39457	train	assigned
mol_39458	train	assigned
mol_39459	train	assigned
mol_39460	train	assigned
mol_39461	train	assigned
mol_39462	train	assigned
mol_39463	train	sampled
mol_39464	train	sampled
mol_39465	train	assigned
mol_39466	train	assigned
mol_39467	train	assigned
mol_39468	train	assigned
mol_39469	train	assigned
mol_39470	train	assigned
mol_39471	train	assigned
mol_39472	train	sampled
mol_39473	train	sampled
mol_39474	train	assigned
mol_39475	train	assigned
mol_39476	train	assigned
mol_39477	train	assigned
mol_39478	train	assigned
mol_39479	train	assigned
mol_39480	train	sampled
mol_39481	train	assigned
mol_39482	train	assigned
mol_39483	train	sampled
mol_39484	train	sampled
mol_39485	train	assigned
mol_39486	train	sampled
mol_39487	train	assigned
mol_39488	train	assigned
mol_39489	train	assigned
mol_39490	train	assigned
mol_39491	train	assigned
mol_39492	train	assigned
mol_39493	train	assigned
mol_39494	train	assigned
mol_39495	train	assigned
mol_39496	train	sampled
mol_39497	train	assigned
mol_39498	train	sampled
mol_39499	train	assigned
mol_39500	train	assigned
mol_39501	train	assigned
mol_39502	train	assigned
mol_39503	train	assigned
mol_39504	train	assigned
mol_39505	train	assigned
mol_39506	train	sampled
mol_39507	train	assigned
mol_39508	train	assigned
mol_39509	train	assigned
mol_39510	train	assigned
mol_39511	train	assigned
mol_39512	train	assigned
mol_39513	train	assigned
mol_39514	train	assigned
mol_39515	train	assigned
mol_39516	train	assigned
mol_39517	train	assigned
mol_39518	train	assigned
mol_39519	train	sampled
mol_39520	train	assigned
mol_39521	train	assigned
mol_39522	train	assigned
mol_39523	train	assigned
mol_39524	val	assigned
mol_39525	train	assigned
mol_39526	train	sampled
mol_39527	train	assigned
mol_39528	train	assigned
mol_39529	train	assigned
mol_39530	train	sampled
mol_39531	train	assigned
mol_39532	train	assigned
mol_39533	train	assigned
mol_39534	train	assigned
mol_39535	train	sampled
mol_39536	train	sampled
mol_39537	train	sampled
mol_39538	train	assigned
mol_39539	train	assigned
mol_39540	train	sampled
mol_39541	train	assigned
mol_39542	train	assigned
mol_39543	train	assigned
mol_39544	train	assigned
mol_39545	train	assigned
mol_39546	train	assigned
mol_39547	train	assigned
mol_39548	train	assigned
mol_39549	train	assigned
mol_39550	train	assigned
mol_39551	val	assigned
mol_39552	test	assigned
mol_39553	train	assigned
mol_39554	val	assigned
mol_39555	test	assigned
mol_39556	test	assigned
mol_39557	test	sampled
mol_39558	test	assigned
mol_39559	train	assigned
mol_39560	train	sampled
mol_39561	train	assigned
mol_39562	train	assigned
mol_39563	train	sampled
mol_39564	train	assigned
mol_39565	train	sampled
mol_39566	train	assigned
mol_39567	train	assigned
mol_39568	test	assigned
mol_39569	train	assigned
mol_39570	val	assigned
mol_39571	val	sampled
mol_39572	val	sampled
mol_39573	train	assigned
mol_39574	train	assigned
mol_39575	val	assigned
mol_39576	train	assigned
mol_39577	train	assigned
mol_39578	train	assigned
mol_39579	train	assigned
mol_39580	train	assigned
mol_39581	train	assigned
mol_39582	train	sampled
mol_39583	test	assigned
mol_39584	test	assigned
mol_39585	train	assigned
mol_39586	train	assigned
mol_39587	train	assigned
mol_39588	train	assigned
mol_39589	train	assigned
mol_39590	train	sampled
mol_39591	train	assigned
mol_39592	train	assigned
mol_39593	val	assigned
mol_39594	train	assigned
mol_39595	train	assigned
mol_39596	train	assigned
mol_39597	test	sampled
mol_39598	test	assigned
mol_39599	train	sampled
mol_39600	val	assigned
mol_39601	train	assigned
mol_39602	train	sampled
mol_39603	train	assigned
mol_39604	train	assigned
mol_39605	train	assigned
mol_39606	train	assigned
mol_39607	train	assigned
mol_39608	val	assigned
mol_39609	val	assigned
mol_39610	train	sampled
mol_39611	train	sampled
mol_39612	train	sampled
mol_39613	train	assigned
mol_39614	train	assigned
mol_39615	val	assigned
mol_39616	val	assigned
mol_39617	train	assigned
mol_39618	val	sampled
mol_39619	val	sampled
mol_39620	val	assigned
mol_39621	val	assigned
mol_39622	train	assigned
mol_39623	train	assigned
mol_39624	test	assigned
mol_39625	train	sampled
mol_39626	train	sampled
mol_39627	train	assigned
mol_39628	train	sampled
mol_39629	train	assigned
mol_39630	val	assigned
mol_39631	train	assigned
mol_39632	train	assigned
mol_39633	val	assigned
mol_39634	train	sampled
mol_39635	val	assigned
mol_39636	test	sampled
mol_39637	train	assigned
mol_39638	train	assigned
mol_39639	train	sampled
mol_39640	train	assigned
mol_39641	train	assigned
mol_39642	test	assigned
mol_39643	train	sampled
mol_39644	val	assigned
mol_39645	val	sampled
mol_39646	val	assigned
mol_39647	train	assigned
mol_39648	train	assigned
mol_39649	val	assigned
mol_39650	train	assigned
mol_39651	train	sampled
mol_39652	train	assigned
mol_39653	train	sampled
mol_39654	train	assigned
mol_39655	train	assigned
mol_39656	train	assigned
mol_39657	train	assigned
mol_39658	val	assigned
mol_39659	train	assigned
mol_39660	test	assigned
mol_39661	test	assigned
mol_39662	test	sampled
mol_39663	test	sampled
mol_39664	test	assigned
mol_39665	test	assigned
mol_39666	train	assigned
mol_39667	test	sampled
mol_39668	test	assigned
mol_39669	test	assigned
mol_39670	test	assigned
mol_39671	test	assigned
mol_39672	train	assigned
mol_39673	train	sampled
mol_39674	train	assigned
mol_39675	train	assigned
mol_39676	train	sampled
mol_39677	train	sampled
mol_39678	train	sampled
mol_39679	train	assigned
mol_39680	train	assigned
mol_39681	train	assigned
mol_39682	val	assigned
mol_39683	train	sampled
mol_39684	train	assigned
mol_39685	train	sampled
mol_39686	test	sampled
mol_39687	train	assigned
mol_39688	train	assigned
mol_39689	train	sampled
mol_39690	val	assigned
mol_39691	train	assigned
mol_39692	train	assigned
mol_39693	train	assigned
mol_39694	train	assigned
mol_39695	train	sampled
mol_39696	train	assigned
mol_39697	train	sampled
mol_39698	train	assigned
mol_39699	train	assigned
mol_39700	train	assigned
mol_39701	train	assigned
mol_39702	train	assigned
mol_39703	train	sampled
mol_39704	train	assigned
mol_39705	val	assigned
mol_39706	train	sampled
mol_39707	train	assigned
mol_39708	test	assigned
mol_39709	train	assigned
mol_39710	train	sampled
mol_39711	train	assigned
mol_39712	train	sampled
mol_39713	val	assigned
mol_39714	val	assigned
mol_39715	val	assigned
mol_39716	val	sampled
mol_39717	val	sampled
mol_39718	val	assigned
mol_39719	val	assigned
mol_39720	val	assigned
mol_39721	val	assigned
mol_39722	train	assigned
mol_39723	val	sampled
mol_39724	val	assigned
mol_39725	val	assigned
mol_39726	val	sampled
mol_39727	val	assigned
mol_39728	val	assigned
mol_39729	train	assigned
mol_39730	train	assigned
mol_39731	train	sampled
mol_39732	train	assigned
mol_39733	train	assigned
mol_39734	train	assigned
mol_39735	train	assigned
mol_39736	train	assigned
mol_39737	train	assigned
mol_39738	train	assigned
mol_39739	test	assigned
mol_39740	test	assigned
mol_39741	train	sampled
mol_39742	train	sampled
mol_39743	train	assigned
mol_39744	train	assigned
mol_39745	val	assigned
mol_39746	train	assigned
mol_39747	train	assigned
mol_39748	train	assigned
mol_39749	test	assigned
mol_39750	test	assigned
mol_39751	train	assigned
mol_39752	train	assigned
mol_39753	train	sampled
mol_39754	train	assigned
mol_39755	train	sampled
mol_39756	train	assigned
mol_39757	train	assigned
mol_39758	train	sampled
mol_39759	train	assigned
mol_39760	train	assigned
mol_39761	train	assigned
mol_39762	val	assigned
mol_39763	val	assigned
mol_39764	val	assigned
mol_39765	train	sampled
mol_39766	train	assigned
mol_39767	train	sampled
mol_39768	train	sampled
mol_39769	train	assigned
mol_39770	train	assigned
mol_39771	train	assigned
mol_39772	train	sampled
mol_39773	train	sampled
mol_39774	train	assigned
mol_39775	val	assigned
mol_39776	val	sampled
mol_39777	val	assigned
mol_39778	train	assigned
mol_39779	train	assigned
mol_39780	train	assigned
mol_39781	val	sampled
mol_39782	train	sampled
mol_39783	train	sampled
mol_39784	train	assigned
mol_39785	train	assigned
mol_39786	train	sampled
mol_39787	train	assigned
mol_39788	train	assigned
mol_39789	train	assigned
mol_39790	train	assigned
mol_39791	train	assigned
mol_39792	train	assigned
mol_39793	train	assigned
mol_39794	train	assigned
mol_39795	train	assigned
mol_39796	val	assigned
mol_39797	val	assigned
mol_39798	train	sampled
mol_39799	train	assigned
mol_39800	val	sampled
mol_39801	train	sampled
mol_39802	train	sampled
mol_39803	val	assigned
mol_39804	train	assigned
mol_39805	val	assigned
mol_39806	val	assigned
mol_39807	val	assigned
mol_39808	train	sampled
mol_39809	train	assigned
mol_39810	train	assigned
mol_39811	val	assigned
mol_39812	train	assigned
mol_39813	train	assigned
mol_39814	train	assigned
mol_39815	train	assigned
mol_39816	train	sampled
mol_39817	val	sampled
mol_39818	val	sampled
mol_39819	train	sampled
mol_39820	train	sampled
mol_39821	train	sampled
mol_39822	train	assigned
mol_39823	train	assigned
mol_39824	train	assigned
mol_39825	train	assigned
mol_39826	train	assigned
mol_39827	train	assigned
mol_39828	train	assigned
mol_39829	train	sampled
mol_39830	train	assigned
mol_39831	train	assigned
mol_39832	train	assigned
mol_39833	train	assigned
mol_39834	train	assigned
mol_39835	val	assigned
mol_39836	train	sampled
mol_39837	train	sampled
mol_39838	train	assigned
mol_39839	train	sampled
mol_39840	train	assigned
mol_39841	train	sampled
mol_39842	val	assigned
mol_39843	train	sampled
mol_39844	val	sampled
mol_39845	train	assigned
mol_39846	val	assigned
mol_39847	train	sampled
mol_39848	train	sampled
mol_39849	train	assigned
mol_39850	train	assigned
mol_39851	train	assigned
mol_39852	train	sampled
mol_39853	train	assigned
mol_39854	train	sampled
mol_39855	val	assigned
mol_39856	train	assigned
mol_39857	train	assigned
mol_39858	train	assigned
mol_39859	train	sampled
mol_39860	train	assigned
mol_39861	train	assigned
mol_39862	train	sampled
mol_39863	train	assigned
mol_39864	train	assigned
mol_39865	train	assigned
mol_39866	train	assigned
mol_39867	train	assigned
mol_39868	train	assigned
mol_39869	train	assigned
mol_39870	train	assigned
mol_39871	train	assigned
mol_39872	train	assigned
mol_39873	val	assigned
mol_39874	train	assigned
mol_39875	val	assigned
mol_39876	test	assigned
mol_39877	test	assigned
mol_39878	val	assigned
mol_39879	val	assigned
mol_39880	val	assigned
mol_39881	train	assigned
mol_39882	test	sampled
mol_39883	val	sampled
mol_39884	test	sampled
mol_39885	val	assigned
mol_39886	train	assigned
mol_39887	train	assigned
mol_39888	train	assigned
mol_39889	train	assigned
mol_39890	train	assigned
mol_39891	train	assigned
mol_39892	test	sampled
mol_39893	test	assigned
mol_39894	val	assigned
mol_39895	val	assigned
mol_39896	val	assigned
mol_39897	val	assigned
mol_39898	train	assigned
mol_39899	val	assigned
mol_39900	train	assigned
mol_39901	val	sampled
mol_39902	val	sampled
mol_39903	train	assigned
mol_39904	train	assigned
mol_39905	train	assigned
mol_39906	val	assigned
mol_39907	val	sampled
mol_39908	train	assigned
mol_39909	train	sampled
mol_39910	train	assigned
mol_39911	train	assigned
mol_39912	val	assigned
mol_39913	train	sampled
mol_39914	train	sampled
mol_39915	train	assigned
mol_39916	val	assigned
mol_39917	val	sampled
mol_39918	train	assigned
mol_39919	train	assigned
mol_39920	train	assigned
mol_39921	train	sampled
mol_39922	train	assigned
mol_39923	train	sampled
mol_39924	val	assigned
mol_39925	val	assigned
mol_39926	val	assigned
mol_39927	train	assigned
mol_39928	train	sampled
mol_39929	val	sampled
mol_39930	val	sampled
mol_39931	val	sampled
mol_39932	val	assigned
mol_39933	val	assigned
mol_39934	val	sampled
mol_39935	test	assigned
mol_39936	val	assigned
mol_39937	val	assigned
mol_39938	train	assigned
mol_39939	train	sampled
mol_39940	val	assigned
mol_39941	val	sampled
mol_39942	train	assigned
mol_39943	train	assigned
mol_39944	train	assigned
mol_39945	train	assigned
mol_39946	val	assigned
mol_39947	train	assigned
mol_39948	train	sampled
mol_39949	val	assigned
mol_39950	val	assigned
mol_39951	val	assigned
mol_39952	test	assigned
mol_39953	test	assigned
mol_39954	val	assigned
mol_39955	val	assigned
mol_39956	val	assigned
mol_39957	val	sampled
mol_39958	test	assigned
mol_39959	val	assigned
mol_39960	val	assigned
mol_39961	test	assigned
mol_39962	test	sampled
mol_39963	train	assigned
mol_39964	train	assigned
mol_39965	train	assigned
mol_39966	val	sampled
mol_39967	val	sampled
mol_39968	val	sampled
mol_39969	val	assigned
mol_39970	val	assigned
mol_39971	train	assigned
mol_39972	val	assigned
mol_39973	train	assigned
mol_39974	train	assigned
mol_39975	train	assigned
mol_39976	train	assigned
mol_39977	train	sampled
mol_39978	val	assigned
mol_39979	val	assigned
mol_39980	val	assigned
mol_39981	val	assigned
mol_39982	train	sampled
mol_39983	train	assigned
mol_39984	train	assigned
mol_39985	train	assigned
mol_39986	train	assigned
mol_39987	train	sampled
mol_39988	train	assigned
mol_39989	train	assigned
mol_39990	train	assigned
mol_39991	train	sampled
mol_39992	train	assigned
mol_39993	train	assigned
mol_39994	train	assigned
mol_39995	train	assigned
mol_39996	train	assigned
mol_39997	train	assigned
mol_39998	train	assigned
mol_39999	train	sampled
mol_40000	train	sampled
mol_40001	train	assigned
mol_40002	train	assigned
mol_40003	train	sampled
mol_40004	train	assigned
mol_40005	train	sampled
mol_40006	train	assigned
mol_40007	val	assigned
mol_40008	train	assigned
mol_40009	test	sampled
mol_40010	train	assigned
mol_40011	train	sampled
mol_40012	train	assigned
mol_40013	train	assigned
mol_40014	train	assigned
mol_40015	train	assigned
mol_40016	train	sampled
mol_40017	test	assigned
mol_40018	test	assigned
mol_40019	test	sampled
mol_40020	val	assigned
mol_40021	train	assigned
mol_40022	train	assigned
mol_40023	train	sampled
mol_40024	train	assigned
mol_40025	train	assigned
mol_40026	train	assigned
mol_40027	train	assigned
mol_40028	train	assigned
mol_40029	train	assigned
mol_40030	train	assigned
mol_40031	train	sampled
mol_40032	train	assigned
mol_40033	train	assigned
mol_40034	train	assigned
mol_40035	train	assigned
mol_40036	train	assigned
mol_40037	train	sampled
mol_40038	train	assigned
mol_40039	test	assigned
mol_40040	test	sampled
mol_40041	train	assigned
mol_40042	train	assigned
mol_40043	val	sampled
mol_40044	train	sampled
mol_40045	train	sampled
mol_40046	val	assigned
mol_40047	train	assigned
mol_40048	train	sampled
mol_40049	train	assigned
mol_40050	train	sampled
mol_40051	test	sampled
mol_40052	train	assigned
mol_40053	test	assigned
mol_40054	train	sampled
mol_40055	train	assigned
mol_40056	test	assigned
mol_40057	test	sampled
mol_40058	test	assigned
mol_40059	test	assigned
mol_40060	test	assigned
mol_40061	test	assigned
mol_40062	test	assigned
mol_40063	test	assigned
mol_40064	train	assigned
mol_40065	test	assigned
mol_40066	train	assigned
mol_40067	train	assigned
mol_40068	train	assigned
mol_40069	train	assigned
mol_40070	train	assigned
mol_40071	train	assigned
mol_40072	val	assigned
mol_40073	val	assigned
mol_40074	val	assigned
mol_40075	val	sampled
mol_40076	val	sampled
mol_40077	train	sampled
mol_40078	train	assigned
mol_40079	train	assigned
mol_40080	train	assigned
mol_40081	train	assigned
mol_40082	train	assigned
mol_40083	train	assigned
mol_40084	train	sampled
mol_40085	train	assigned
mol_40086	train	assigned
mol_40087	train	assigned
mol_40088	train	assigned
mol_40089	train	assigned
mol_40090	train	assigned
mol_40091	train	assigned
mol_40092	train	assigned
mol_40093	train	assigned
mol_40094	train	assigned
mol_40095	train	assigned
mol_40096	train	sampled
mol_40097	train	assigned
mol_40098	train	assigned
mol_40099	train	sampled
mol_40100	train	assigned
mol_40101	train	assigned
mol_40102	train	sampled
mol_40103	train	assigned
mol_40104	train	assigned
mol_40105	train	assigned
mol_40106	train	sampled
mol_40107	train	sampled
mol_40108	train	sampled
mol_40109	train	sampled
mol_40110	train	sampled
mol_40111	train	assigned
mol_40112	train	assigned
mol_40113	train	assigned
mol_40114	train	assigned
mol_40115	train	assigned
mol_40116	train	assigned
mol_40117	val	assigned
mol_40118	val	assigned
mol_40119	val	sampled
mol_40120	val	sampled
mol_40121	train	sampled
mol_40122	val	assigned
mol_40123	train	sampled
mol_40124	val	assigned
mol_40125	val	assigned
mol_40126	val	assigned
mol_40127	val	assigned
mol_40128	train	assigned
mol_40129	val	sampled
mol_40130	train	assigned
mol_40131	train	sampled
mol_40132	test	assigned
mol_40133	test	sampled
mol_40134	test	assigned
mol_40135	train	assigned
mol_40136	train	assigned
mol_40137	train	assigned
mol_40138	test	assigned
mol_40139	train	assigned
mol_40140	train	assigned
mol_40141	train	sampled
mol_40142	train	sampled
mol_40143	train	assigned
mol_40144	train	assigned
mol_40145	train	assigned
mol_40146	train	sampled
mol_40147	train	assigned
mol_40148	test	assigned
mol_40149	train	assigned
mol_40150	test	assigned
mol_40151	test	assigned
mol_40152	train	assigned
mol_40153	val	assigned
mol_40154	train	assigned
mol_40155	train	assigned
mol_40156	train	assigned
mol_40157	train	assigned
mol_40158	train	assigned
mol_40159	train	sampled
mol_40160	train	assigned
mol_40161	train	assigned
mol_40162	train	assigned
mol_40163	train	assigned
mol_40164	train	assigned
mol_40165	train	assigned
mol_40166	train	assigned
mol_40167	train	assigned
mol_40168	train	sampled
mol_40169	train	sampled
mol_40170	train	assigned
mol_40171	train	sampled
mol_40172	train	assigned
mol_40173	train	assigned
mol_40174	train	assigned
mol_40175	train	assigned
mol_40176	train	sampled
mol_40177	train	assigned
mol_40178	train	sampled
mol_40179	train	assigned
mol_40180	train	assigned
mol_40181	train	assigned
mol_40182	train	assigned
mol_40183	train	assigned
mol_40184	train	assigned
mol_40185	train	assigned
mol_40186	train	sampled
mol_40187	train	assigned
mol_40188	train	sampled
mol_40189	train	assigned
mol_40190	train	assigned
mol_40191	train	assigned
mol_40192	train	assigned
mol_40193	train	assigned
mol_40194	train	assigned
mol_40195	train	assigned
mol_40196	train	sampled
mol_40197	train	assigned
mol_40198	train	assigned
mol_40199	train	sampled
mol_40200	train	assigned
mol_40201	train	sampled
mol_40202	train	assigned
mol_40203	train	assigned
mol_40204	train	assigned
mol_40205	train	assigned
mol_40206	train	assigned
mol_40207	train	assigned
mol_40208	train	assigned
mol_40209	train	assigned
mol_40210	train	sampled
mol_40211	train	assigned
mol_40212	train	assigned
mol_40213	test	assigned
mol_40214	train	assigned
mol_40215	train	assigned
mol_40216	train	sampled
mol_40217	test	assigned
mol_40218	train	sampled
mol_40219	train	assigned
mol_40220	train	assigned
mol_40221	train	assigned
mol_40222	train	assigned
mol_40223	train	assigned
mol_40224	train	sampled
mol_40225	train	assigned
mol_40226	train	assigned
mol_40227	train	assigned
mol_40228	train	assigned
mol_40229	train	assigned
mol_40230	train	assigned
mol_40231	train	sampled
mol_40232	train	assigned
mol_40233	test	assigned
mol_40234	train	assigned
mol_40235	train	sampled
mol_40236	train	assigned
mol_40237	train	assigned
mol_40238	train	assigned
mol_40239	train	sampled
mol_40240	train	sampled
mol_40241	train	assigned
mol_40242	train	assigned
mol_40243	train	assigned
mol_40244	train	sampled
mol_40245	train	assigned
mol_40246	train	assigned
mol_40247	train	assigned
mol_40248	test	sampled
mol_40249	test	sampled
mol_40250	train	assigned
mol_40251	test	assigned
mol_40252	test	assigned
mol_40253	test	assigned
mol_40254	test	assigned
mol_40255	train	assigned
mol_40256	train	assigned
mol_40257	test	sampled
mol_40258	test	assigned
mol_40259	test	assigned
mol_40260	train	sampled
mol_40261	train	assigned
mol_40262	test	assigned
mol_40263	test	assigned
mol_40264	test	assigned
mol_40265	test	assigned
mol_40266	test	assigned
mol_40267	test	sampled
mol_40268	test	sampled
mol_40269	test	assigned
mol_40270	train	sampled
mol_40271	test	assigned
mol_40272	test	assigned
mol_40273	train	assigned
mol_40274	test	assigned
mol_40275	val	sampled
mol_40276	val	assigned
mol_40277	train	sampled
mol_40278	val	sampled
mol_40279	train	sampled
mol_40280	train	sampled
mol_40281	test	sampled
mol_40282	val	assigned
mol_40283	train	sampled
mol_40284	train	assigned
mol_40285	train	assigned
mol_40286	train	assigned
mol_40287	test	assigned
mol_40288	test	sampled
mol_40289	val	assigned
mol_40290	test	assigned
mol_40291	val	assigned
mol_40292	val	assigned
mol_40293	val	assigned
mol_40294	train	assigned
mol_40295	train	assigned
mol_40296	test	sampled
mol_40297	train	assigned
mol_40298	train	assigned
mol_40299	train	sampled
mol_40300	train	assigned
mol_40301	train	assigned
mol_40302	train	assigned
mol_40303	train	assigned
mol_40304	train	assigned
mol_40305	train	assigned
mol_40306	train	assigned
mol_40307	val	assigned
mol_40308	train	assigned
mol_40309	train	assigned
mol_40310	train	assigned
mol_40311	val	sampled
mol_40312	val	assigned
mol_40313	train	sampled
mol_40314	train	assigned
mol_40315	train	assigned
mol_40316	train	assigned
mol_40317	train	assigned
mol_40318	train	sampled
mol_40319	train	sampled
mol_40320	train	sampled
mol_40321	train	assigned
mol_40322	test	assigned
mol_40323	test	assigned
mol_40324	test	assigned
mol_40325	test	assigned
mol_40326	test	assigned
mol_40327	train	assigned
mol_40328	train	assigned
mol_40329	train	assigned
mol_40330	train	assigned
mol_40331	train	assigned
mol_40332	train	assigned
mol_40333	val	assigned
mol_40334	train	assigned
mol_40335	train	assigned
mol_40336	train	sampled
mol_40337	test	assigned
mol_40338	test	sampled
mol_40339	test	assigned
mol_40340	test	assigned
mol_40341	test	assigned
mol_40342	test	assigned
mol_40343	test	assigned
mol_40344	test	assigned
mol_40345	train	assigned
mol_40346	train	assigned
mol_40347	train	assigned
mol_40348	train	assigned
mol_40349	train	assigned
mol_40350	train	assigned
mol_40351	train	assigned
mol_40352	train	sampled
mol_40353	val	assigned
mol_40354	val	assigned
mol_40355	train	assigned
mol_40356	train	assigned
mol_40357	train	assigned
mol_40358	train	assigned
mol_40359	train	assigned
mol_40360	train	sampled
mol_40361	train	assigned
mol_40362	train	assigned
mol_40363	train	assigned
mol_40364	train	assigned
mol_40365	train	sampled
mol_40366	train	sampled
mol_40367	train	assigned
mol_40368	train	assigned
mol_40369	train	sampled
mol_40370	train	assigned
mol_40371	train	assigned
mol_40372	train	sampled
mol_40373	train	assigned
mol_40374	train	assigned
mol_40375	train	assigned
mol_40376	train	assigned
mol_40377	train	assigned
mol_40378	train	sampled
mol_40379	train	sampled
mol_40380	train	assigned
mol_40381	train	assigned
mol_40382	val	assigned
mol_40383	train	assigned
mol_40384	train	sampled
mol_40385	train	assigned
mol_40386	train	sampled
mol_40387	val	sampled
mol_40388	train	assigned
mol_40389	train	assigned
mol_40390	train	sampled
mol_40391	train	assigned
mol_40392	train	sampled
mol_40393	train	assigned
mol_40394	train	sampled
mol_40395	val	assigned
mol_40396	val	assigned
mol_40397	test	assigned
mol_40398	train	assigned
mol_40399	train	assigned
mol_40400	train	assigned
mol_40401	train	assigned
mol_40402	train	assigned
mol_40403	train	assigned
mol_40404	train	assigned
mol_40405	val	assigned
mol_40406	test	assigned
mol_40407	train	assigned
mol_40408	train	assigned
mol_40409	train	assigned
mol_40410	train	assigned
mol_40411	train	assigned
mol_40412	train	assigned
mol_40413	train	assigned
mol_40414	train	assigned
mol_40415	train	sampled
mol_40416	train	sampled
mol_40417	train	sampled
mol_40418	train	assigned
mol_40419	train	assigned
mol_40420	train	assigned
mol_40421	train	assigned
mol_40422	train	sampled
mol_40423	train	assigned
mol_40424	test	assigned
mol_40425	train	assigned
mol_40426	train	sampled
mol_40427	test	sampled
mol_40428	train	assigned
mol_40429	val	assigned
mol_40430	test	assigned
mol_40431	test	sampled
mol_40432	val	assigned
mol_40433	test	assigned
mol_40434	test	assigned
mol_40435	test	assigned
mol_40436	val	assigned
mol_40437	val	sampled
mol_40438	val	assigned
mol_40439	val	sampled
mol_40440	train	assigned
mol_40441	train	assigned
mol_40442	train	assigned
mol_40443	train	assigned
mol_40444	train	assigned
mol_40445	val	sampled
mol_40446	val	assigned
mol_40447	val	assigned
mol_40448	test	assigned
mol_40449	test	assigned
mol_40450	train	assigned
mol_40451	train	assigned
mol_40452	val	assigned
mol_40453	test	assigned
mol_40454	train	assigned
mol_40455	test	assigned
mol_40456	val	assigned
mol_40457	test	assigned
mol_40458	test	assigned
mol_40459	test	sampled
mol_40460	train	sampled
mol_40461	train	assigned
mol_40462	train	assigned
mol_40463	val	assigned
mol_40464	train	assigned
mol_40465	val	assigned
mol_40466	val	assigned
mol_40467	val	sampled
mol_40468	train	sampled
mol_40469	train	assigned
mol_40470	test	assigned
mol_40471	test	assigned
mol_40472	train	assigned
mol_40473	test	assigned
mol_40474	train	assigned
mol_40475	train	assigned
mol_40476	train	assigned
mol_40477	train	sampled
mol_40478	train	assigned
mol_40479	train	sampled
mol_40480	train	assigned
mol_40481	train	assigned
mol_40482	train	assigned
mol_40483	train	assigned
mol_40484	train	assigned
mol_40485	train	assigned
mol_40486	train	assigned
mol_40487	train	assigned
mol_40488	train	assigned
mol_40489	train	assigned
mol_40490	train	assigned
mol_40491	train	assigned
mol_40492	train	sampled
mol_40493	train	assigned
mol_40494	train	assigned
mol_40495	train	assigned
mol_40496	train	assigned
mol_40497	train	assigned
mol_40498	train	assigned
mol_40499	train	assigned
mol_40500	train	assigned
mol_40501	train	assigned
mol_40502	train	sampled
mol_40503	val	assigned
mol_40504	train	assigned
mol_40505	train	assigned
mol_40506	train	assigned
mol_40507	train	sampled
mol_40508	train	assigned
mol_40509	train	sampled
mol_40510	train	sampled
mol_40511	train	assigned
mol_40512	train	assigned
mol_40513	train	sampled
mol_40514	val	sampled
mol_40515	train	sampled
mol_40516	val	assigned
mol_40517	val	assigned
mol_40518	val	sampled
mol_40519	train	sampled
mol_40520	train	assigned
mol_40521	val	assigned
mol_40522	val	assigned
mol_40523	train	assigned
mol_40524	val	assigned
mol_40525	val	assigned
mol_40526	train	assigned
mol_40527	val	assigned
mol_40528	val	sampled
mol_40529	train	assigned
mol_40530	train	assigned
mol_40531	train	sampled
mol_40532	train	assigned
mol_40533	train	assigned
mol_40534	val	assigned
mol_40535	train	assigned
mol_40536	train	assigned
mol_40537	train	sampled
mol_40538	test	assigned
mol_40539	train	sampled
mol_40540	train	assigned
mol_40541	train	assigned
mol_40542	val	assigned
mol_40543	val	assigned
mol_40544	val	sampled
mol_40545	val	assigned
mol_40546	train	sampled
mol_40547	val	sampled
mol_40548	val	sampled
mol_40549	val	assigned
mol_40550	val	sampled
mol_40551	val	sampled
mol_40552	val	assigned
mol_40553	train	assigned
mol_40554	train	assigned
mol_40555	train	sampled
mol_40556	val	assigned
mol_40557	val	assigned
mol_40558	train	sampled
mol_40559	train	sampled
mol_40560	train	assigned
mol_40561	train	assigned
mol_40562	train	sampled
mol_40563	train	assigned
mol_40564	val	assigned
mol_40565	val	assigned
mol_40566	val	assigned
mol_40567	train	assigned
mol_40568	train	assigned
mol_40569	val	assigned
mol_40570	train	assigned
mol_40571	train	assigned
mol_40572	train	assigned
mol_40573	train	assigned
mol_40574	train	assigned
mol_40575	train	assigned
mol_40576	train	assigned
mol_40577	train	sampled
mol_40578	train	assigned
mol_40579	val	assigned
mol_40580	val	assigned
mol_40581	train	assigned
mol_40582	train	assigned
mol_40583	train	assigned
mol_40584	val	assigned
mol_40585	train	assigned
mol_40586	val	assigned
mol_40587	val	assigned
mol_40588	train	assigned
mol_40589	train	assigned
mol_40590	val	assigned
mol_40591	test	assigned
mol_40592	val	assigned
mol_40593	train	assigned
mol_40594	test	sampled
mol_40595	train	assigned
mol_40596	train	assigned
mol_40597	train	assigned
mol_40598	train	assigned
mol_40599	train	assigned
mol_40600	train	assigned
mol_40601	test	assigned
mol_40602	test	assigned
mol_40603	test	assigned
mol_40604	test	assigned
mol_40605	train	assigned
mol_40606	train	sampled
mol_40607	train	sampled
mol_40608	test	assigned
mol_40609	test	assigned
mol_40610	test	assigned
mol_40611	train	sampled
mol_40612	train	assigned
mol_40613	train	assigned
mol_40614	train	assigned
mol_40615	train	assigned
mol_40616	val	assigned
mol_40617	train	assigned
mol_40618	train	sampled
mol_40619	train	assigned
mol_40620	train	sampled
mol_40621	test	assigned
mol_40622	test	assigned
mol_40623	train	assigned
mol_40624	train	assigned
mol_40625	train	assigned
mol_40626	val	assigned
mol_40627	train	sampled
mol_40628	train	sampled
mol_40629	train	assigned
mol_40630	val	assigned
mol_40631	train	sampled
mol_40632	train	assigned
mol_40633	train	sampled
mol_40634	train	sampled
mol_40635	train	assigned
mol_40636	train	assigned
mol_40637	train	assigned
mol_40638	train	assigned
mol_40639	train	assigned
mol_40640	train	assigned
mol_40641	train	assigned
mol_40642	train	assigned
mol_40643	train	sampled
mol_40644	train	assigned
mol_40645	train	assigned
mol_40646	train	assigned
mol_40647	train	assigned
mol_40648	train	assigned
mol_40649	train	assigned
mol_40650	train	assigned
mol_40651	train	sampled
mol_40652	train	assigned
mol_40653	train	assigned
mol_40654	train	assigned
mol_40655	train	assigned
mol_40656	train	assigned
mol_40657	train	assigned
mol_40658	train	assigned
mol_40659	train	assigned
mol_40660	train	assigned
mol_40661	train	assigned
mol_40662	train	sampled
mol_40663	train	assigned
mol_40664	train	assigned
mol_40665	train	assigned
mol_40666	train	assigned
mol_40667	train	assigned
mol_40668	val	assigned
mol_40669	val	assigned
mol_40670	val	assigned
mol_40671	train	sampled
mol_40672	train	assigned
mol_40673	train	assigned
mol_40674	train	assigned
mol_40675	train	assigned
mol_40676	train	assigned
mol_40677	train	assigned
mol_40678	train	sampled
mol_40679	train	assigned
mol_40680	val	assigned
mol_40681	val	assigned
mol_40682	val	assigned
mol_40683	train	sampled
mol_40684	train	assigned
mol_40685	train	assigned
mol_40686	train	assigned
mol_40687	train	assigned
mol_40688	train	assigned
mol_40689	val	assigned
mol_40690	train	assigned
mol_40691	train	sampled
mol_40692	val	sampled
mol_40693	val	assigned
mol_40694	train	assigned
mol_40695	val	assigned
mol_40696	train	assigned
mol_40697	train	assigned
mol_40698	train	assigned
mol_40699	test	assigned
mol_40700	test	assigned
mol_40701	test	sampled
mol_40702	test	assigned
mol_40703	test	assigned
mol_40704	train	assigned
mol_40705	train	assigned
mol_40706	train	assigned
mol_40707	train	assigned
mol_40708	train	sampled
mol_40709	train	assigned
mol_40710	train	assigned
mol_40711	train	assigned
mol_40712	train	sampled
mol_40713	train	assigned
mol_40714	train	assigned
mol_40715	train	assigned
mol_40716	train	assigned
mol_40717	train	assigned
mol_40718	train	sampled
mol_40719	train	sampled
mol_40720	val	assigned
mol_40721	train	sampled
mol_40722	train	assigned
mol_40723	train	assigned
mol_40724	train	sampled
mol_40725	train	assigned
mol_40726	train	assigned
mol_40727	train	assigned
mol_40728	train	assigned
mol_40729	train	assigned
mol_40730	train	assigned
mol_40731	train	assigned
mol_40732	train	assigned
mol_40733	train	assigned
mol_40734	test	assigned
mol_40735	val	assigned
mol_40736	test	assigned
mol_40737	test	sampled
mol_40738	test	assigned
mol_40739	test	assigned
mol_40740	test	assigned
mol_40741	test	assigned
mol_40742	test	assigned
mol_40743	test	assigned
mol_40744	train	sampled
mol_40745	train	assigned
mol_40746	test	assigned
mol_40747	test	assigned
mol_40748	train	sampled
mol_40749	train	assigned
mol_40750	train	sampled
mol_40751	train	assigned
mol_40752	train	assigned
mol_40753	val	assigned
mol_40754	train	assigned
mol_40755	train	sampled
mol_40756	train	assigned
mol_40757	train	assigned
mol_40758	train	assigned
mol_40759	train	assigned
mol_40760	train	assigned
mol_40761	train	assigned
mol_40762	test	sampled
mol_40763	test	assigned
mol_40764	val	assigned
mol_40765	train	assigned
mol_40766	train	assigned
mol_40767	train	assigned
mol_40768	train	assigned
mol_40769	test	assigned
mol_40770	train	sampled
mol_40771	val	sampled
mol_40772	train	assigned
mol_40773	train	assigned
mol_40774	train	assigned
mol_40775	train	assigned
mol_40776	val	assigned
mol_40777	val	sampled
mol_40778	val	assigned
mol_40779	train	assigned
mol_40780	train	assigned
mol_40781	train	sampled
mol_40782	train	assigned
mol_40783	train	assigned
mol_40784	train	assigned
mol_40785	val	assigned
mol_40786	train	assigned
mol_40787	train	assigned
mol_40788	test	assigned
mol_40789	train	assigned
mol_40790	test	sampled
mol_40791	test	assigned
mol_40792	test	sampled
mol_40793	test	assigned
mol_40794	test	assigned
mol_40795	test	assigned
mol_40796	test	assigned
mol_40797	train	assigned
mol_40798	train	assigned
mol_40799	train	assigned
mol_40800	train	assigned
mol_40801	test	assigned
mol_40802	test	assigned
mol_40803	test	assigned
mol_40804	test	sampled
mol_40805	test	assigned
mol_40806	val	assigned
mol_40807	train	assigned
mol_40808	train	assigned
mol_40809	train	assigned
mol_40810	train	sampled
mol_40811	val	assigned
mol_40812	val	sampled
mol_40813	train	sampled
mol_40814	train	assigned
mol_40815	train	assigned
mol_40816	train	assigned
mol_40817	train	sampled
mol_40818	val	assigned
mol_40819	train	sampled
mol_40820	val	assigned
mol_40821	test	assigned
mol_40822	val	assigned
mol_40823	val	sampled
mol_40824	val	assigned
mol_40825	val	assigned
mol_40826	val	assigned
mol_40827	val	assigned
mol_40828	val	assigned
mol_40829	test	assigned
mol_40830	val	assigned
mol_40831	test	assigned
mol_40832	test	sampled
mol_40833	test	assigned
mol_40834	test	assigned
mol_40835	train	assigned
mol_40836	train	sampled
mol_40837	test	assigned
mol_40838	test	assigned
mol_40839	train	assigned
mol_40840	train	assigned
mol_40841	test	assigned
mol_40842	test	assigned
mol_40843	test	assigned
mol_40844	test	assigned
mol_40845	test	assigned
mol_40846	train	assigned
mol_40847	train	assigned
mol_40848	train	sampled
mol_40849	train	assigned
mol_40850	train	sampled
mol_40851	train	assigned
mol_40852	train	sampled
mol_40853	train	assigned
mol_40854	test	assigned
mol_40855	test	assigned
mol_40856	train	sampled
mol_40857	train	assigned
mol_40858	train	sampled
mol_40859	train	assigned
mol_40860	train	sampled
mol_40861	train	assigned
mol_40862	val	sampled
mol_40863	train	assigned
mol_40864	val	assigned
mol_40865	train	assigned
mol_40866	val	assigned
mol_40867	val	assigned
mol_40868	train	assigned
mol_40869	train	sampled
mol_40870	train	sampled
mol_40871	train	assigned
mol_40872	train	assigned
mol_40873	train	assigned
mol_40874	train	sampled
mol_40875	train	assigned
mol_40876	test	sampled
mol_40877	train	assigned
mol_40878	train	assigned
mol_40879	train	assigned
mol_40880	train	assigned
mol_40881	train	assigned
mol_40882	train	assigned
mol_40883	train	assigned
mol_40884	train	assigned
mol_40885	train	assigned
mol_40886	train	assigned
mol_40887	train	assigned
mol_40888	train	assigned
mol_40889	train	assigned
mol_40890	train	assigned
mol_40891	train	assigned
mol_40892	train	assigned
mol_40893	train	assigned
mol_40894	train	sampled
mol_40895	train	sampled
mol_40896	train	sampled
mol_40897	train	assigned
mol_40898	train	assigned
mol_40899	train	assigned
mol_40900	train	assigned
mol_40901	train	assigned
mol_40902	train	assigned
mol_40903	train	sampled
mol_40904	test	assigned
mol_40905	train	assigned
mol_40906	train	sampled
mol_40907	train	sampled
mol_40908	train	assigned
mol_40909	train	assigned
mol_40910	train	assigned
mol_40911	train	assigned
mol_40912	train	sampled
mol_40913	train	assigned
mol_40914	train	assigned
mol_40915	train	assigned
mol_40916	train	assigned
mol_40917	train	assigned
mol_40918	train	assigned
mol_40919	train	assigned
mol_40920	train	assigned
mol_40921	val	assigned
mol_40922	train	sampled
mol_40923	train	assigned
mol_40924	val	assigned
mol_40925	test	sampled
mol_40926	test	sampled
mol_40927	train	assigned
mol_40928	train	sampled
mol_40929	train	assigned
mol_40930	train	assigned
mol_40931	train	assigned
mol_40932	train	sampled
mol_40933	train	sampled
mol_40934	train	sampled
mol_40935	train	sampled
mol_40936	test	assigned
mol_40937	test	assigned
mol_40938	test	assigned
mol_40939	train	assigned
mol_40940	train	assigned
mol_40941	train	assigned
mol_40942	train	assigned
mol_40943	train	assigned
mol_40944	train	assigned
mol_40945	train	assigned
mol_40946	val	assigned
mol_40947	train	assigned
mol_40948	train	assigned
mol_40949	train	assigned
mol_40950	test	assigned
mol_40951	test	assigned
mol_40952	train	sampled
mol_40953	train	assigned
mol_40954	train	sampled
mol_40955	train	sampled
mol_40956	train	assigned
mol_40957	test	assigned
mol_40958	test	assigned
mol_40959	test	assigned
mol_40960	test	assigned
mol_40961	train	assigned
mol_40962	val	sampled
mol_40963	val	assigned
mol_40964	val	assigned
mol_40965	val	assigned
mol_40966	train	assigned
mol_40967	test	assigned
mol_40968	test	sampled
mol_40969	train	assigned
mol_40970	test	assigned
mol_40971	test	sampled
mol_40972	train	assigned
mol_40973	train	assigned
mol_40974	val	assigned
mol_40975	train	assigned
mol_40976	val	assigned
mol_40977	test	assigned
mol_40978	test	assigned
mol_40979	test	assigned
mol_40980	test	assigned
mol_40981	val	assigned
mol_40982	val	sampled
mol_40983	val	assigned
mol_40984	val	assigned
mol_40985	train	assigned
mol_40986	train	sampled
mol_40987	val	assigned
mol_40988	train	sampled
mol_40989	train	assigned
mol_40990	train	assigned
mol_40991	train	sampled
mol_40992	train	assigned
mol_40993	test	assigned
mol_40994	train	assigned
mol_40995	train	assigned
mol_40996	train	assigned
mol_40997	train	assigned
mol_40998	train	assigned
mol_40999	train	assigned
mol_41000	train	assigned
mol_41001	train	sampled
mol_41002	train	assigned
mol_41003	train	assigned
mol_41004	train	assigned
mol_41005	train	assigned
mol_41006	train	sampled
mol_41007	train	assigned
mol_41008	train	assigned
mol_41009	train	assigned
mol_41010	train	assigned
mol_41011	train	assigned
mol_41012	train	assigned
mol_41013	train	assigned
mol_41014	train	assigned
mol_41015	test	assigned
mol_41016	test	assigned
mol_41017	val	assigned
mol_41018	val	assigned
mol_41019	val	assigned
mol_41020	test	sampled
mol_41021	test	assigned
mol_41022	test	sampled
mol_41023	test	assigned
mol_41024	test	assigned
mol_41025	train	sampled
mol_41026	val	assigned
mol_41027	train	assigned
mol_41028	test	assigned
mol_41029	test	sampled
mol_41030	test	sampled
mol_41031	test	sampled
mol_41032	test	sampled
mol_41033	test	assigned
mol_41034	test	assigned
mol_41035	train	assigned
mol_41036	train	sampled
mol_41037	train	assigned
mol_41038	train	assigned
mol_41039	train	assigned
mol_41040	train	sampled
mol_41041	train	sampled
mol_41042	train	assigned
mol_41043	train	assigned
mol_41044	train	assigned
mol_41045	train	sampled
mol_41046	train	assigned
mol_41047	train	assigned
mol_41048	train	assigned
mol_41049	train	sampled
mol_41050	val	assigned
mol_41051	train	assigned
mol_41052	val	assigned
mol_41053	train	sampled
mol_41054	test	sampled
mol_41055	test	assigned
mol_41056	test	assigned
mol_41057	test	assigned
mol_41058	test	assigned
mol_41059	test	assigned
mol_41060	test	sampled
mol_41061	test	sampled
mol_41062	test	assigned
mol_41063	test	assigned
mol_41064	test	assigned
mol_41065	test	assigned
mol_41066	test	assigned
mol_41067	train	assigned
mol_41068	test	assigned
mol_41069	test	sampled
mol_41070	test	assigned
mol_41071	test	assigned
mol_41072	train	assigned
mol_41073	test	assigned
mol_41074	train	assigned
mol_41075	train	assigned
mol_41076	train	sampled
mol_41077	test	assigned
mol_41078	test	assigned
mol_41079	test	sampled
mol_41080	train	assigned
mol_41081	test	assigned
mol_41082	test	assigned
mol_41083	train	assigned
mol_41084	test	assigned
mol_41085	test	assigned
mol_41086	test	assigned
mol_41087	train	assigned
mol_41088	train	assigned
mol_41089	test	assigned
mol_41090	test	assigned
mol_41091	test	sampled
mol_41092	test	assigned
mol_41093	train	sampled
mol_41094	train	assigned
mol_41095	train	assigned
mol_41096	val	assigned
mol_41097	val	assigned
mol_41098	val	assigned
mol_41099	train	assigned
mol_41100	val	assigned
mol_41101	val	sampled
mol_41102	val	sampled
mol_41103	val	assigned
mol_41104	val	assigned
mol_41105	train	assigned
mol_41106	val	assigned
mol_41107	val	assigned
mol_41108	test	assigned
mol_41109	test	assigned
mol_41110	test	assigned
mol_41111	test	assigned
mol_41112	train	sampled
mol_41113	train	assigned
mol_41114	train	assigned
mol_41115	train	assigned
mol_41116	train	assigned
mol_41117	train	assigned
mol_41118	train	assigned
mol_41119	train	assigned
