ID	Split
mol_0	train
mol_1	train
mol_2	train
mol_3	val
mol_4	val
mol_5	train
mol_6	val
mol_7	test
mol_8	train
mol_9	train
mol_10	test
mol_11	train
mol_12	train
mol_13	train
mol_14	train
mol_15	train
mol_16	train
mol_17	train
mol_18	val
mol_19	train
mol_20	train
mol_21	val
mol_22	train
mol_23	train
mol_24	train
mol_25	val
mol_26	val
mol_27	train
mol_28	train
mol_29	train
mol_30	train
mol_31	train
mol_32	train
mol_33	train
mol_34	train
mol_35	test
mol_36	train
mol_37	train
mol_38	train
mol_39	train
mol_40	val
mol_41	train
mol_42	train
mol_43	train
mol_44	test
mol_45	train
mol_46	train
mol_47	train
mol_48	train
mol_49	train
mol_50	train
mol_51	train
mol_52	train
mol_53	val
mol_54	train
mol_55	val
mol_56	val
mol_57	test
mol_58	train
mol_59	val
mol_60	train
mol_61	train
mol_62	train
mol_63	train
mol_64	train
mol_65	train
mol_66	train
mol_67	test
mol_68	train
mol_69	val
mol_70	train
mol_71	train
mol_72	train
mol_73	val
mol_74	train
mol_75	train
mol_76	train
mol_77	train
mol_78	train
mol_79	train
mol_80	train
mol_81	test
mol_82	train
mol_83	val
mol_84	train
mol_85	train
mol_86	train
mol_87	val
mol_88	train
mol_89	train
mol_90	train
mol_91	train
mol_92	train
mol_93	test
mol_94	train
mol_95	train
mol_96	train
mol_97	train
mol_98	train
mol_99	train
mol_100	val
mol_101	train
mol_102	test
mol_103	train
mol_104	test
mol_105	val
mol_106	train
mol_107	train
mol_108	val
mol_109	train
mol_110	val
mol_111	val
mol_112	train
mol_113	train
mol_114	val
mol_115	val
mol_116	val
mol_117	val
mol_118	train
mol_119	train
mol_120	train
mol_121	train
mol_122	train
mol_123	val
mol_124	val
mol_125	train
mol_126	test
mol_127	train
mol_128	val
mol_129	train
mol_130	val
mol_131	test
mol_132	train
mol_133	train
mol_134	test
mol_135	val
mol_136	train
mol_137	train
mol_138	train
mol_139	train
mol_140	val
mol_141	train
mol_142	train
mol_143	train
mol_144	val
mol_145	train
mol_146	train
mol_147	train
mol_148	val
mol_149	train
mol_150	val
mol_151	train
mol_152	test
mol_153	test
mol_154	test
mol_155	val
mol_156	train
mol_157	train
mol_158	train
mol_159	test
mol_160	train
mol_161	train
mol_162	train
mol_163	val
mol_164	train
mol_165	train
mol_166	val
mol_167	train
mol_168	test
mol_169	train
mol_170	train
mol_171	train
mol_172	train
mol_173	train
mol_174	train
mol_175	val
mol_176	train
mol_177	train
mol_178	train
mol_179	train
mol_180	val
mol_181	val
mol_182	test
mol_183	train
mol_184	test
mol_185	train
mol_186	train
mol_187	val
mol_188	val
mol_189	train
mol_190	test
mol_191	train
mol_192	train
mol_193	train
mol_194	val
mol_195	train
mol_196	val
mol_197	val
mol_198	train
mol_199	val
mol_200	train
mol_201	train
mol_202	train
mol_203	train
mol_204	train
mol_205	train
mol_206	train
mol_207	train
mol_208	test
mol_209	train
mol_210	val
mol_211	train
mol_212	val
mol_213	test
mol_214	train
mol_215	train
mol_216	train
mol_217	test
mol_218	train
mol_219	test
mol_220	train
mol_221	train
mol_222	val
mol_223	train
mol_224	train
mol_225	train
mol_226	train
mol_227	train
mol_228	test
mol_229	train
mol_230	val
mol_231	train
mol_232	train
mol_233	train
mol_234	train
mol_235	val
mol_236	train
mol_237	train
mol_238	test
mol_239	test
mol_240	train
mol_241	train
mol_242	train
mol_243	val
mol_244	train
mol_245	train
mol_246	train
mol_247	test
mol_248	train
mol_249	train
mol_250	val
mol_251	val
mol_252	train
mol_253	train
mol_254	train
mol_255	train
mol_256	train
mol_257	test
mol_258	val
mol_259	test
mol_260	val
mol_261	train
mol_262	train
mol_263	train
mol_264	train
mol_265	train
mol_266	train
mol_267	train
mol_268	train
mol_269	train
mol_270	train
mol_271	val
mol_272	train
mol_273	train
mol_274	train
mol_275	test
mol_276	test
mol_277	val
mol_278	test
mol_279	train
mol_280	test
mol_281	train
mol_282	train
mol_283	train
mol_284	val
mol_285	train
mol_286	train
mol_287	train
mol_288	train
mol_289	train
mol_290	test
mol_291	train
mol_292	train
mol_293	train
mol_294	train
mol_295	train
mol_296	test
mol_297	train
mol_298	val
mol_299	train
mol_300	val
mol_301	val
mol_302	train
mol_303	train
mol_304	val
mol_305	train
mol_306	val
mol_307	train
mol_308	train
mol_309	train
mol_310	train
mol_311	val
mol_312	val
mol_313	train
mol_314	train
mol_315	train
mol_316	train
mol_317	train
mol_318	train
mol_319	train
mol_320	val
mol_321	train
mol_322	train
mol_323	train
mol_324	train
mol_325	train
mol_326	train
mol_327	train
mol_328	train
mol_329	val
mol_330	train
mol_331	train
mol_332	train
mol_333	train
mol_334	train
mol_335	train
mol_336	val
mol_337	train
mol_338	test
mol_339	train
mol_340	train
mol_341	train
mol_342	test
mol_343	train
mol_344	train
mol_345	train
mol_346	train
mol_347	train
mol_348	train
mol_349	train
mol_350	val
mol_351	val
mol_352	test
mol_353	train
mol_354	test
mol_355	train
mol_356	train
mol_357	test
mol_358	train
mol_359	val
mol_360	train
mol_361	train
mol_362	train
mol_363	val
mol_364	train
mol_365	val
mol_366	train
mol_367	train
mol_368	train
mol_369	train
mol_370	train
mol_371	train
mol_372	train
mol_373	train
mol_374	train
mol_375	train
mol_376	val
mol_377	val
mol_378	train
mol_379	train
mol_380	train
mol_381	train
mol_382	train
mol_383	train
mol_384	train
mol_385	train
mol_386	train
mol_387	train
mol_388	train
mol_389	val
mol_390	train
mol_391	train
mol_392	test
mol_393	train
mol_394	train
mol_395	train
mol_396	test
mol_397	test
mol_398	train
mol_399	val
mol_400	train
mol_401	val
mol_402	train
mol_403	train
mol_404	train
mol_405	train
mol_406	train
mol_407	train
mol_408	train
mol_409	train
mol_410	train
mol_411	val
mol_412	val
mol_413	train
mol_414	test
mol_415	train
mol_416	val
mol_417	train
mol_418	train
mol_419	train
mol_420	test
mol_421	train
mol_422	val
mol_423	train
mol_424	train
mol_425	test
mol_426	train
mol_427	train
mol_428	train
mol_429	train
mol_430	train
mol_431	val
mol_432	val
mol_433	train
mol_434	val
mol_435	train
mol_436	train
mol_437	train
mol_438	train
mol_439	test
mol_440	test
mol_441	train
mol_442	train
mol_443	train
mol_444	train
mol_445	val
mol_446	train
mol_447	val
mol_448	train
mol_449	val
mol_450	train
mol_451	val
mol_452	test
mol_453	train
mol_454	train
mol_455	val
mol_456	train
mol_457	val
mol_458	train
mol_459	train
mol_460	test
mol_461	test
mol_462	test
mol_463	train
mol_464	train
mol_465	test
mol_466	train
mol_467	train
mol_468	val
mol_469	train
mol_470	train
mol_471	train
mol_472	val
mol_473	train
mol_474	val
mol_475	train
mol_476	train
mol_477	train
mol_478	train
mol_479	train
mol_480	test
mol_481	train
mol_482	train
mol_483	train
mol_484	val
mol_485	train
mol_486	train
mol_487	train
mol_488	val
mol_489	train
mol_490	train
mol_491	train
mol_492	train
mol_493	train
mol_494	test
mol_495	train
mol_496	train
mol_497	test
mol_498	train
mol_499	val
mol_500	train
mol_501	train
mol_502	train
mol_503	train
mol_504	val
mol_505	train
mol_506	train
mol_507	val
mol_508	train
mol_509	val
mol_510	train
mol_511	train
mol_512	train
mol_513	train
mol_514	train
mol_515	test
mol_516	val
mol_517	train
mol_518	train
mol_519	train
mol_520	train
mol_521	val
mol_522	train
mol_523	val
mol_524	val
mol_525	train
mol_526	train
mol_527	val
mol_528	train
mol_529	train
mol_530	train
mol_531	train
mol_532	train
mol_533	test
mol_534	val
mol_535	train
mol_536	train
mol_537	train
mol_538	train
mol_539	train
mol_540	train
mol_541	train
mol_542	train
mol_543	val
mol_544	train
mol_545	train
mol_546	train
mol_547	train
mol_548	val
mol_549	train
mol_550	train
mol_551	train
mol_552	train
mol_553	train
mol_554	train
mol_555	val
mol_556	test
mol_557	train
mol_558	train
mol_559	val
mol_560	test
mol_561	train
mol_562	train
mol_563	train
mol_564	val
mol_565	train
mol_566	train
mol_567	train
mol_568	train
mol_569	val
mol_570	test
mol_571	train
mol_572	train
mol_573	train
mol_574	train
mol_575	train
mol_576	val
mol_577	train
mol_578	train
mol_579	train
mol_580	train
mol_581	train
mol_582	train
mol_583	train
mol_584	train
mol_585	train
mol_586	train
mol_587	test
mol_588	train
mol_589	train
mol_590	train
mol_591	val
mol_592	train
mol_593	train
mol_594	train
mol_595	train
mol_596	train
mol_597	train
mol_598	test
mol_599	test
mol_600	val
mol_601	train
mol_602	train
mol_603	train
mol_604	val
mol_605	train
mol_606	train
mol_607	train
mol_608	train
mol_609	val
mol_610	train
mol_611	val
mol_612	train
mol_613	train
mol_614	train
mol_615	train
mol_616	train
mol_617	val
mol_618	train
mol_619	val
mol_620	train
mol_621	train
mol_622	val
mol_623	train
mol_624	train
mol_625	val
mol_626	train
mol_627	test
mol_628	test
mol_629	train
mol_630	train
mol_631	train
mol_632	val
mol_633	train
mol_634	val
mol_635	train
mol_636	test
mol_637	train
mol_638	val
mol_639	train
mol_640	train
mol_641	train
mol_642	test
mol_643	train
mol_644	test
mol_645	test
mol_646	train
mol_647	train
mol_648	train
mol_649	test
mol_650	val
mol_651	train
mol_652	val
mol_653	train
mol_654	train
mol_655	train
mol_656	train
mol_657	train
mol_658	val
mol_659	train
mol_660	train
mol_661	train
mol_662	train
mol_663	train
mol_664	test
mol_665	train
mol_666	train
mol_667	val
mol_668	val
mol_669	train
mol_670	train
mol_671	train
mol_672	val
mol_673	train
mol_674	val
mol_675	val
mol_676	train
mol_677	val
mol_678	test
mol_679	train
mol_680	train
mol_681	test
mol_682	test
mol_683	train
mol_684	train
mol_685	train
mol_686	test
mol_687	train
mol_688	train
mol_689	train
mol_690	train
mol_691	train
mol_692	val
mol_693	train
mol_694	val
mol_695	train
mol_696	train
mol_697	val
mol_698	val
mol_699	train
mol_700	train
mol_701	train
mol_702	train
mol_703	val
mol_704	train
mol_705	train
mol_706	train
mol_707	val
mol_708	train
mol_709	val
mol_710	train
mol_711	train
mol_712	train
mol_713	train
mol_714	test
mol_715	val
mol_716	val
mol_717	train
mol_718	val
mol_719	val
mol_720	test
mol_721	train
mol_722	train
mol_723	train
mol_724	train
mol_725	train
mol_726	train
mol_727	train
mol_728	train
mol_729	val
mol_730	test
mol_731	test
mol_732	train
mol_733	train
mol_734	train
mol_735	train
mol_736	train
mol_737	train
mol_738	train
mol_739	train
mol_740	val
mol_741	train
mol_742	train
mol_743	train
mol_744	val
mol_745	val
mol_746	train
mol_747	train
mol_748	train
mol_749	val
mol_750	val
mol_751	train
mol_752	train
mol_753	val
mol_754	train
mol_755	train
mol_756	train
mol_757	val
mol_758	train
mol_759	val
mol_760	train
mol_761	val
mol_762	val
mol_763	train
mol_764	train
mol_765	train
mol_766	train
mol_767	train
mol_768	train
mol_769	val
mol_770	train
mol_771	train
mol_772	val
mol_773	test
mol_774	train
mol_775	train
mol_776	train
mol_777	train
mol_778	train
mol_779	val
mol_780	train
mol_781	train
mol_782	train
mol_783	train
mol_784	test
mol_785	val
mol_786	val
mol_787	train
mol_788	train
mol_789	val
mol_790	train
mol_791	test
mol_792	train
mol_793	test
mol_794	train
mol_795	val
mol_796	train
mol_797	train
mol_798	train
mol_799	val
mol_800	train
mol_801	val
mol_802	val
mol_803	train
mol_804	train
mol_805	val
mol_806	train
mol_807	train
mol_808	val
mol_809	train
mol_810	train
mol_811	train
mol_812	train
mol_813	train
mol_814	val
mol_815	train
mol_816	val
mol_817	train
mol_818	train
mol_819	train
mol_820	train
mol_821	train
mol_822	train
mol_823	train
mol_824	val
mol_825	test
mol_826	train
mol_827	test
mol_828	train
mol_829	train
mol_830	train
mol_831	train
mol_832	train
mol_833	train
mol_834	train
mol_835	val
mol_836	train
mol_837	train
mol_838	train
mol_839	val
mol_840	train
mol_841	val
mol_842	val
mol_843	train
mol_844	train
mol_845	train
mol_846	train
mol_847	test
mol_848	train
mol_849	train
mol_850	train
mol_851	val
mol_852	train
mol_853	val
mol_854	train
mol_855	train
mol_856	train
mol_857	val
mol_858	train
mol_859	train
mol_860	val
mol_861	test
mol_862	train
mol_863	train
mol_864	val
mol_865	val
mol_866	train
mol_867	train
mol_868	val
mol_869	train
mol_870	train
mol_871	train
mol_872	train
mol_873	train
mol_874	train
mol_875	train
mol_876	train
mol_877	train
mol_878	train
mol_879	train
mol_880	train
mol_881	train
mol_882	train
mol_883	train
mol_884	train
mol_885	train
mol_886	train
mol_887	train
mol_888	train
mol_889	train
mol_890	test
mol_891	train
mol_892	train
mol_893	train
mol_894	train
mol_895	test
mol_896	train
mol_897	train
mol_898	val
mol_899	train
mol_900	test
mol_901	train
mol_902	train
mol_903	val
mol_904	train
mol_905	train
mol_906	train
mol_907	train
mol_908	train
mol_909	train
mol_910	train
mol_911	train
mol_912	train
mol_913	train
mol_914	train
mol_915	test
mol_916	train
mol_917	train
mol_918	val
mol_919	train
mol_920	train
mol_921	val
mol_922	train
mol_923	val
mol_924	test
mol_925	train
mol_926	train
mol_927	train
mol_928	train
mol_929	train
mol_930	train
mol_931	train
mol_932	train
mol_933	train
mol_934	train
mol_935	train
mol_936	train
mol_937	train
mol_938	val
mol_939	val
mol_940	train
mol_941	train
mol_942	train
mol_943	train
mol_944	train
mol_945	train
mol_946	val
mol_947	train
mol_948	train
mol_949	train
mol_950	train
mol_951	train
mol_952	train
mol_953	val
mol_954	train
mol_955	train
mol_956	train
mol_957	train
mol_958	train
mol_959	train
mol_960	train
mol_961	train
mol_962	train
mol_963	train
mol_964	train
mol_965	train
mol_966	train
mol_967	train
mol_968	train
mol_969	train
mol_970	train
mol_971	train
mol_972	train
mol_973	train
mol_974	train
mol_975	train
mol_976	train
mol_977	train
mol_978	test
mol_979	train
mol_980	train
mol_981	train
mol_982	train
mol_983	train
mol_984	train
mol_985	val
mol_986	train
mol_987	train
mol_988	train
mol_989	val
mol_990	val
mol_991	train
mol_992	train
mol_993	train
mol_994	train
mol_995	train
mol_996	train
mol_997	train
mol_998	train
mol_999	train
mol_1000	val
mol_1001	val
mol_1002	val
mol_1003	train
mol_1004	train
mol_1005	train
mol_1006	val
mol_1007	train
mol_1008	test
mol_1009	train
mol_1010	train
mol_1011	train
mol_1012	val
mol_1013	val
mol_1014	train
mol_1015	train
mol_1016	val
mol_1017	train
mol_1018	train
mol_1019	train
mol_1020	train
mol_1021	train
mol_1022	val
mol_1023	train
mol_1024	test
mol_1025	test
mol_1026	val
mol_1027	test
mol_1028	test
mol_1029	val
mol_1030	test
mol_1031	train
mol_1032	train
mol_1033	train
mol_1034	val
mol_1035	val
mol_1036	test
mol_1037	val
mol_1038	val
mol_1039	train
mol_1040	val
mol_1041	test
mol_1042	train
mol_1043	train
mol_1044	train
mol_1045	train
mol_1046	test
mol_1047	train
mol_1048	train
mol_1049	train
mol_1050	test
mol_1051	train
mol_1052	train
mol_1053	train
mol_1054	test
mol_1055	train
mol_1056	train
mol_1057	train
mol_1058	train
mol_1059	train
mol_1060	val
mol_1061	train
mol_1062	train
mol_1063	train
mol_1064	val
mol_1065	val
mol_1066	val
mol_1067	train
mol_1068	train
mol_1069	val
mol_1070	train
mol_1071	train
mol_1072	val
mol_1073	train
mol_1074	val
mol_1075	val
mol_1076	train
mol_1077	train
mol_1078	train
mol_1079	train
mol_1080	test
mol_1081	train
mol_1082	train
mol_1083	train
mol_1084	test
mol_1085	train
mol_1086	test
mol_1087	val
mol_1088	train
mol_1089	train
mol_1090	train
mol_1091	train
mol_1092	train
mol_1093	train
mol_1094	train
mol_1095	test
mol_1096	train
mol_1097	train
mol_1098	train
mol_1099	train
mol_1100	test
mol_1101	train
mol_1102	test
mol_1103	train
mol_1104	train
mol_1105	train
mol_1106	train
mol_1107	train
mol_1108	val
mol_1109	test
mol_1110	train
mol_1111	train
mol_1112	val
mol_1113	train
mol_1114	val
mol_1115	train
mol_1116	train
mol_1117	train
mol_1118	train
mol_1119	train
mol_1120	val
mol_1121	train
mol_1122	train
mol_1123	val
mol_1124	test
mol_1125	train
mol_1126	train
mol_1127	train
mol_1128	train
mol_1129	train
mol_1130	train
mol_1131	val
mol_1132	train
mol_1133	train
mol_1134	train
mol_1135	train
mol_1136	val
mol_1137	train
mol_1138	val
mol_1139	val
mol_1140	val
mol_1141	train
mol_1142	test
mol_1143	train
mol_1144	test
mol_1145	val
mol_1146	train
mol_1147	val
mol_1148	test
mol_1149	train
mol_1150	test
mol_1151	train
mol_1152	val
mol_1153	val
mol_1154	train
mol_1155	train
mol_1156	train
mol_1157	val
mol_1158	val
mol_1159	train
mol_1160	val
mol_1161	train
mol_1162	train
mol_1163	val
mol_1164	train
mol_1165	train
mol_1166	test
mol_1167	train
mol_1168	train
mol_1169	train
mol_1170	train
mol_1171	val
mol_1172	test
mol_1173	train
mol_1174	val
mol_1175	train
mol_1176	test
mol_1177	train
mol_1178	val
mol_1179	val
mol_1180	val
mol_1181	train
mol_1182	train
mol_1183	train
mol_1184	train
mol_1185	train
mol_1186	test
mol_1187	train
mol_1188	train
mol_1189	train
mol_1190	train
mol_1191	train
mol_1192	train
mol_1193	train
mol_1194	train
mol_1195	train
mol_1196	test
mol_1197	train
mol_1198	train
mol_1199	val
mol_1200	train
mol_1201	train
mol_1202	val
mol_1203	val
mol_1204	train
mol_1205	train
mol_1206	test
mol_1207	test
mol_1208	train
mol_1209	test
mol_1210	train
mol_1211	train
mol_1212	val
mol_1213	train
mol_1214	train
mol_1215	train
mol_1216	train
mol_1217	train
mol_1218	train
mol_1219	train
mol_1220	train
mol_1221	train
mol_1222	test
mol_1223	train
mol_1224	train
mol_1225	train
mol_1226	train
mol_1227	test
mol_1228	train
mol_1229	train
mol_1230	test
mol_1231	train
mol_1232	val
mol_1233	train
mol_1234	train
mol_1235	train
mol_1236	train
mol_1237	train
mol_1238	val
mol_1239	train
mol_1240	test
mol_1241	train
mol_1242	train
mol_1243	train
mol_1244	train
mol_1245	test
mol_1246	train
mol_1247	train
mol_1248	val
mol_1249	train
mol_1250	val
mol_1251	val
mol_1252	test
mol_1253	test
mol_1254	test
mol_1255	train
mol_1256	train
mol_1257	train
mol_1258	train
mol_1259	train
mol_1260	train
mol_1261	val
mol_1262	test
mol_1263	val
mol_1264	train
mol_1265	test
mol_1266	train
mol_1267	train
mol_1268	train
mol_1269	train
mol_1270	test
mol_1271	train
mol_1272	train
mol_1273	test
mol_1274	train
mol_1275	train
mol_1276	test
mol_1277	val
mol_1278	train
mol_1279	train
mol_1280	train
mol_1281	val
mol_1282	train
mol_1283	train
mol_1284	val
mol_1285	train
mol_1286	test
mol_1287	val
mol_1288	train
mol_1289	train
mol_1290	val
mol_1291	train
mol_1292	train
mol_1293	val
mol_1294	train
mol_1295	val
mol_1296	train
mol_1297	train
mol_1298	train
mol_1299	train
mol_1300	train
mol_1301	test
mol_1302	train
mol_1303	train
mol_1304	train
mol_1305	test
mol_1306	train
mol_1307	test
mol_1308	train
mol_1309	train
mol_1310	train
mol_1311	train
mol_1312	test
mol_1313	train
mol_1314	train
mol_1315	train
mol_1316	train
mol_1317	train
mol_1318	train
mol_1319	train
mol_1320	val
mol_1321	train
mol_1322	train
mol_1323	train
mol_1324	train
mol_1325	train
mol_1326	train
mol_1327	train
mol_1328	train
mol_1329	train
mol_1330	val
mol_1331	test
mol_1332	test
mol_1333	train
mol_1334	train
mol_1335	train
mol_1336	train
mol_1337	train
mol_1338	test
mol_1339	val
mol_1340	train
mol_1341	train
mol_1342	train
mol_1343	val
mol_1344	train
mol_1345	train
mol_1346	train
mol_1347	train
mol_1348	train
mol_1349	train
mol_1350	train
mol_1351	train
mol_1352	train
mol_1353	train
mol_1354	train
mol_1355	train
mol_1356	train
mol_1357	val
mol_1358	train
mol_1359	val
mol_1360	val
mol_1361	train
mol_1362	train
mol_1363	train
mol_1364	train
mol_1365	test
mol_1366	val
mol_1367	train
mol_1368	test
mol_1369	test
mol_1370	train
mol_1371	train
mol_1372	test
mol_1373	train
mol_1374	train
mol_1375	val
mol_1376	train
mol_1377	val
mol_1378	train
mol_1379	train
mol_1380	train
mol_1381	train
mol_1382	test
mol_1383	train
mol_1384	train
mol_1385	test
mol_1386	train
mol_1387	train
mol_1388	train
mol_1389	train
mol_1390	train
mol_1391	train
mol_1392	test
mol_1393	train
mol_1394	train
mol_1395	train
mol_1396	train
mol_1397	train
mol_1398	val
mol_1399	train
mol_1400	val
mol_1401	test
mol_1402	train
mol_1403	train
mol_1404	train
mol_1405	train
mol_1406	train
mol_1407	train
mol_1408	train
mol_1409	val
mol_1410	train
mol_1411	train
mol_1412	train
mol_1413	train
mol_1414	train
mol_1415	val
mol_1416	train
mol_1417	train
mol_1418	train
mol_1419	test
mol_1420	train
mol_1421	train
mol_1422	val
mol_1423	test
mol_1424	train
mol_1425	test
mol_1426	train
mol_1427	test
mol_1428	train
mol_1429	val
mol_1430	train
mol_1431	val
mol_1432	train
mol_1433	train
mol_1434	train
mol_1435	train
mol_1436	val
mol_1437	train
mol_1438	test
mol_1439	train
mol_1440	train
mol_1441	val
mol_1442	train
mol_1443	val
mol_1444	train
mol_1445	train
mol_1446	train
mol_1447	train
mol_1448	val
mol_1449	train
mol_1450	train
mol_1451	train
mol_1452	train
mol_1453	val
mol_1454	train
mol_1455	train
mol_1456	train
mol_1457	test
mol_1458	train
mol_1459	val
mol_1460	train
mol_1461	train
mol_1462	train
mol_1463	train
mol_1464	train
mol_1465	train
mol_1466	train
mol_1467	train
mol_1468	train
mol_1469	train
mol_1470	val
mol_1471	train
mol_1472	test
mol_1473	train
mol_1474	train
mol_1475	train
mol_1476	test
mol_1477	train
mol_1478	train
mol_1479	train
mol_1480	val
mol_1481	train
mol_1482	train
mol_1483	train
mol_1484	train
mol_1485	test
mol_1486	train
mol_1487	train
mol_1488	train
mol_1489	train
mol_1490	train
mol_1491	train
mol_1492	train
mol_1493	test
mol_1494	train
mol_1495	train
mol_1496	val
mol_1497	train
mol_1498	val
mol_1499	train
mol_1500	train
mol_1501	train
mol_1502	train
mol_1503	val
mol_1504	train
mol_1505	train
mol_1506	train
mol_1507	test
mol_1508	train
mol_1509	train
mol_1510	train
mol_1511	train
mol_1512	val
mol_1513	train
mol_1514	val
mol_1515	train
mol_1516	train
mol_1517	train
mol_1518	train
mol_1519	train
mol_1520	train
mol_1521	train
mol_1522	test
mol_1523	train
mol_1524	train
mol_1525	train
mol_1526	train
mol_1527	train
mol_1528	train
mol_1529	train
mol_1530	train
mol_1531	test
mol_1532	train
mol_1533	test
mol_1534	val
mol_1535	train
mol_1536	val
mol_1537	train
mol_1538	train
mol_1539	train
mol_1540	train
mol_1541	val
mol_1542	test
mol_1543	train
mol_1544	test
mol_1545	train
mol_1546	train
mol_1547	train
mol_1548	train
mol_1549	train
mol_1550	train
mol_1551	train
mol_1552	train
mol_1553	train
mol_1554	train
mol_1555	test
mol_1556	test
mol_1557	train
mol_1558	val
mol_1559	train
mol_1560	train
mol_1561	train
mol_1562	train
mol_1563	val
mol_1564	test
mol_1565	train
mol_1566	train
mol_1567	train
mol_1568	train
mol_1569	train
mol_1570	train
mol_1571	train
mol_1572	train
mol_1573	train
mol_1574	train
mol_1575	train
mol_1576	val
mol_1577	train
mol_1578	train
mol_1579	test
mol_1580	train
mol_1581	train
mol_1582	train
mol_1583	test
mol_1584	val
mol_1585	train
mol_1586	test
mol_1587	train
mol_1588	val
mol_1589	train
mol_1590	val
mol_1591	val
mol_1592	val
mol_1593	train
mol_1594	train
mol_1595	train
mol_1596	train
mol_1597	train
mol_1598	train
mol_1599	train
mol_1600	train
mol_1601	train
mol_1602	train
mol_1603	train
mol_1604	train
mol_1605	train
mol_1606	test
mol_1607	train
mol_1608	train
mol_1609	train
mol_1610	train
mol_1611	train
mol_1612	val
mol_1613	train
mol_1614	train
mol_1615	train
mol_1616	train
mol_1617	val
mol_1618	train
mol_1619	val
mol_1620	train
mol_1621	train
mol_1622	train
mol_1623	train
mol_1624	val
mol_1625	train
mol_1626	train
mol_1627	train
mol_1628	train
mol_1629	train
mol_1630	train
mol_1631	test
mol_1632	train
mol_1633	train
mol_1634	train
mol_1635	test
mol_1636	train
mol_1637	train
mol_1638	val
mol_1639	test
mol_1640	train
mol_1641	train
mol_1642	val
mol_1643	val
mol_1644	test
mol_1645	val
mol_1646	train
mol_1647	val
mol_1648	train
mol_1649	val
mol_1650	train
mol_1651	train
mol_1652	train
mol_1653	train
mol_1654	train
mol_1655	train
mol_1656	train
mol_1657	train
mol_1658	train
mol_1659	train
mol_1660	train
mol_1661	test
mol_1662	val
mol_1663	train
mol_1664	val
mol_1665	train
mol_1666	train
mol_1667	train
mol_1668	train
mol_1669	train
mol_1670	train
mol_1671	train
mol_1672	train
mol_1673	val
mol_1674	train
mol_1675	train
mol_1676	val
mol_1677	train
mol_1678	train
mol_1679	train
mol_1680	train
mol_1681	val
mol_1682	train
mol_1683	test
mol_1684	train
mol_1685	val
mol_1686	train
mol_1687	val
mol_1688	val
mol_1689	train
mol_1690	val
mol_1691	train
mol_1692	test
mol_1693	train
mol_1694	train
mol_1695	train
mol_1696	test
mol_1697	train
mol_1698	train
mol_1699	train
mol_1700	train
mol_1701	train
mol_1702	train
mol_1703	train
mol_1704	val
mol_1705	train
mol_1706	train
mol_1707	train
mol_1708	val
mol_1709	train
mol_1710	train
mol_1711	train
mol_1712	train
mol_1713	train
mol_1714	train
mol_1715	train
mol_1716	train
mol_1717	train
mol_1718	train
mol_1719	train
mol_1720	val
mol_1721	val
mol_1722	train
mol_1723	train
mol_1724	train
mol_1725	test
mol_1726	train
mol_1727	train
mol_1728	test
mol_1729	train
mol_1730	val
mol_1731	train
mol_1732	train
mol_1733	train
mol_1734	train
mol_1735	train
mol_1736	train
mol_1737	train
mol_1738	val
mol_1739	test
mol_1740	train
mol_1741	train
mol_1742	train
mol_1743	train
mol_1744	train
mol_1745	train
mol_1746	val
mol_1747	train
mol_1748	val
mol_1749	train
mol_1750	train
mol_1751	train
mol_1752	train
mol_1753	train
mol_1754	val
mol_1755	val
mol_1756	test
mol_1757	val
mol_1758	train
mol_1759	train
mol_1760	train
mol_1761	train
mol_1762	train
mol_1763	train
mol_1764	train
mol_1765	train
mol_1766	train
mol_1767	val
mol_1768	train
mol_1769	val
mol_1770	train
mol_1771	train
mol_1772	test
mol_1773	val
mol_1774	train
mol_1775	train
mol_1776	val
mol_1777	train
mol_1778	val
mol_1779	train
mol_1780	train
mol_1781	train
mol_1782	test
mol_1783	train
mol_1784	test
mol_1785	train
mol_1786	train
mol_1787	val
mol_1788	train
mol_1789	train
mol_1790	train
mol_1791	val
mol_1792	val
mol_1793	train
mol_1794	train
mol_1795	val
mol_1796	val
mol_1797	train
mol_1798	train
mol_1799	train
mol_1800	train
mol_1801	test
mol_1802	train
mol_1803	train
mol_1804	train
mol_1805	train
mol_1806	test
mol_1807	train
mol_1808	train
mol_1809	train
mol_1810	train
mol_1811	train
mol_1812	train
mol_1813	train
mol_1814	train
mol_1815	train
mol_1816	train
mol_1817	train
mol_1818	val
mol_1819	train
mol_1820	val
mol_1821	train
mol_1822	train
mol_1823	val
mol_1824	train
mol_1825	train
mol_1826	train
mol_1827	val
mol_1828	train
mol_1829	val
mol_1830	train
mol_1831	test
mol_1832	train
mol_1833	train
mol_1834	val
mol_1835	train
mol_1836	train
mol_1837	train
mol_1838	train
mol_1839	train
mol_1840	test
mol_1841	train
mol_1842	train
mol_1843	train
mol_1844	train
mol_1845	train
mol_1846	train
mol_1847	train
mol_1848	train
mol_1849	train
mol_1850	val
mol_1851	train
mol_1852	train
mol_1853	test
mol_1854	train
mol_1855	test
mol_1856	train
mol_1857	train
mol_1858	train
mol_1859	train
mol_1860	train
mol_1861	val
mol_1862	train
mol_1863	train
mol_1864	train
mol_1865	test
mol_1866	train
mol_1867	train
mol_1868	test
mol_1869	train
mol_1870	val
mol_1871	val
mol_1872	val
mol_1873	val
mol_1874	train
mol_1875	train
mol_1876	train
mol_1877	train
mol_1878	val
mol_1879	test
mol_1880	train
mol_1881	train
mol_1882	train
mol_1883	train
mol_1884	val
mol_1885	train
mol_1886	test
mol_1887	test
mol_1888	train
mol_1889	train
mol_1890	train
mol_1891	val
mol_1892	test
mol_1893	train
mol_1894	train
mol_1895	train
mol_1896	train
mol_1897	train
mol_1898	train
mol_1899	train
mol_1900	train
mol_1901	train
mol_1902	train
mol_1903	val
mol_1904	train
mol_1905	train
mol_1906	train
mol_1907	test
mol_1908	train
mol_1909	train
mol_1910	train
mol_1911	val
mol_1912	train
mol_1913	train
mol_1914	test
mol_1915	train
mol_1916	train
mol_1917	train
mol_1918	val
mol_1919	test
mol_1920	train
mol_1921	train
mol_1922	train
mol_1923	train
mol_1924	train
mol_1925	train
mol_1926	train
mol_1927	train
mol_1928	train
mol_1929	test
mol_1930	train
mol_1931	val
mol_1932	train
mol_1933	train
mol_1934	train
mol_1935	test
mol_1936	test
mol_1937	train
mol_1938	train
mol_1939	train
mol_1940	train
mol_1941	val
mol_1942	test
mol_1943	val
mol_1944	val
mol_1945	val
mol_1946	val
mol_1947	train
mol_1948	train
mol_1949	test
mol_1950	train
mol_1951	train
mol_1952	train
mol_1953	train
mol_1954	train
mol_1955	train
mol_1956	val
mol_1957	train
mol_1958	train
mol_1959	val
mol_1960	train
mol_1961	train
mol_1962	train
mol_1963	test
mol_1964	val
mol_1965	train
mol_1966	train
mol_1967	train
mol_1968	test
mol_1969	train
mol_1970	train
mol_1971	train
mol_1972	train
mol_1973	val
mol_1974	train
mol_1975	val
mol_1976	val
mol_1977	train
mol_1978	train
mol_1979	test
mol_1980	val
mol_1981	train
mol_1982	train
mol_1983	train
mol_1984	train
mol_1985	train
mol_1986	val
mol_1987	train
mol_1988	train
mol_1989	train
mol_1990	train
mol_1991	train
mol_1992	train
mol_1993	train
mol_1994	train
mol_1995	train
mol_1996	train
mol_1997	val
mol_1998	val
mol_1999	train
mol_2000	test
mol_2001	train
mol_2002	test
mol_2003	train
mol_2004	train
mol_2005	train
mol_2006	train
mol_2007	val
mol_2008	val
mol_2009	val
mol_2010	train
mol_2011	train
mol_2012	train
mol_2013	val
mol_2014	val
mol_2015	val
mol_2016	train
mol_2017	train
mol_2018	train
mol_2019	train
mol_2020	train
mol_2021	train
mol_2022	train
mol_2023	train
mol_2024	train
mol_2025	val
mol_2026	train
mol_2027	val
mol_2028	train
mol_2029	train
mol_2030	val
mol_2031	train
mol_2032	val
mol_2033	train
mol_2034	train
mol_2035	train
mol_2036	train
mol_2037	train
mol_2038	train
mol_2039	train
mol_2040	test
mol_2041	train
mol_2042	train
mol_2043	test
mol_2044	train
mol_2045	train
mol_2046	train
mol_2047	train
mol_2048	train
mol_2049	train
mol_2050	train
mol_2051	val
mol_2052	train
mol_2053	val
mol_2054	val
mol_2055	val
mol_2056	train
mol_2057	train
mol_2058	train
mol_2059	val
mol_2060	train
mol_2061	val
mol_2062	train
mol_2063	train
mol_2064	val
mol_2065	train
mol_2066	train
mol_2067	train
mol_2068	train
mol_2069	val
mol_2070	val
mol_2071	test
mol_2072	train
mol_2073	train
mol_2074	train
mol_2075	train
mol_2076	val
mol_2077	train
mol_2078	train
mol_2079	train
mol_2080	train
mol_2081	val
mol_2082	train
mol_2083	train
mol_2084	train
mol_2085	train
mol_2086	train
mol_2087	test
mol_2088	val
mol_2089	train
mol_2090	train
mol_2091	train
mol_2092	test
mol_2093	test
mol_2094	train
mol_2095	train
mol_2096	train
mol_2097	test
mol_2098	train
mol_2099	train
mol_2100	train
mol_2101	train
mol_2102	train
mol_2103	train
mol_2104	train
mol_2105	train
mol_2106	train
mol_2107	test
mol_2108	test
mol_2109	val
mol_2110	train
mol_2111	train
mol_2112	train
mol_2113	train
mol_2114	train
mol_2115	train
mol_2116	train
mol_2117	train
mol_2118	train
mol_2119	train
mol_2120	train
mol_2121	train
mol_2122	train
mol_2123	train
mol_2124	train
mol_2125	test
mol_2126	train
mol_2127	val
mol_2128	train
mol_2129	train
mol_2130	train
mol_2131	train
mol_2132	train
mol_2133	train
mol_2134	train
mol_2135	train
mol_2136	train
mol_2137	train
mol_2138	val
mol_2139	train
mol_2140	train
mol_2141	test
mol_2142	val
mol_2143	train
mol_2144	train
mol_2145	train
mol_2146	val
mol_2147	train
mol_2148	train
mol_2149	train
mol_2150	train
mol_2151	train
mol_2152	train
mol_2153	train
mol_2154	train
mol_2155	train
mol_2156	train
mol_2157	test
mol_2158	train
mol_2159	val
mol_2160	val
mol_2161	val
mol_2162	train
mol_2163	train
mol_2164	train
mol_2165	train
mol_2166	train
mol_2167	train
mol_2168	train
mol_2169	val
mol_2170	train
mol_2171	train
mol_2172	val
mol_2173	val
mol_2174	val
mol_2175	test
mol_2176	train
mol_2177	train
mol_2178	train
mol_2179	train
mol_2180	test
mol_2181	train
mol_2182	train
mol_2183	train
mol_2184	val
mol_2185	train
mol_2186	val
mol_2187	train
mol_2188	train
mol_2189	train
mol_2190	train
mol_2191	val
mol_2192	train
mol_2193	train
mol_2194	val
mol_2195	train
mol_2196	test
mol_2197	test
mol_2198	train
mol_2199	val
mol_2200	val
mol_2201	test
mol_2202	train
mol_2203	train
mol_2204	train
mol_2205	train
mol_2206	test
mol_2207	val
mol_2208	train
mol_2209	train
mol_2210	train
mol_2211	train
mol_2212	train
mol_2213	train
mol_2214	val
mol_2215	train
mol_2216	train
mol_2217	train
mol_2218	train
mol_2219	train
mol_2220	train
mol_2221	val
mol_2222	val
mol_2223	val
mol_2224	train
mol_2225	train
mol_2226	test
mol_2227	train
mol_2228	val
mol_2229	train
mol_2230	val
mol_2231	val
mol_2232	train
mol_2233	val
mol_2234	train
mol_2235	train
mol_2236	val
mol_2237	train
mol_2238	train
mol_2239	train
mol_2240	train
mol_2241	train
mol_2242	train
mol_2243	val
mol_2244	test
mol_2245	train
mol_2246	train
mol_2247	train
mol_2248	train
mol_2249	test
mol_2250	val
mol_2251	train
mol_2252	train
mol_2253	train
mol_2254	train
mol_2255	train
mol_2256	val
mol_2257	val
mol_2258	test
mol_2259	train
mol_2260	val
mol_2261	val
mol_2262	train
mol_2263	train
mol_2264	train
mol_2265	train
mol_2266	train
mol_2267	test
mol_2268	train
mol_2269	train
mol_2270	val
mol_2271	train
mol_2272	train
mol_2273	train
mol_2274	train
mol_2275	train
mol_2276	train
mol_2277	train
mol_2278	train
mol_2279	train
mol_2280	test
mol_2281	train
mol_2282	train
mol_2283	val
mol_2284	val
mol_2285	train
mol_2286	train
mol_2287	train
mol_2288	train
mol_2289	train
mol_2290	train
mol_2291	train
mol_2292	train
mol_2293	train
mol_2294	train
mol_2295	train
mol_2296	test
mol_2297	train
mol_2298	train
mol_2299	val
mol_2300	val
mol_2301	test
mol_2302	train
mol_2303	train
mol_2304	val
mol_2305	train
mol_2306	train
mol_2307	val
mol_2308	test
mol_2309	val
mol_2310	train
mol_2311	train
mol_2312	train
mol_2313	train
mol_2314	train
mol_2315	train
mol_2316	train
mol_2317	train
mol_2318	train
mol_2319	train
mol_2320	test
mol_2321	train
mol_2322	train
mol_2323	train
mol_2324	train
mol_2325	train
mol_2326	train
mol_2327	train
mol_2328	train
mol_2329	train
mol_2330	train
mol_2331	train
mol_2332	train
mol_2333	train
mol_2334	test
mol_2335	train
mol_2336	train
mol_2337	train
mol_2338	train
mol_2339	val
mol_2340	train
mol_2341	train
mol_2342	train
mol_2343	train
mol_2344	train
mol_2345	train
mol_2346	train
mol_2347	train
mol_2348	train
mol_2349	train
mol_2350	train
mol_2351	train
mol_2352	train
mol_2353	train
mol_2354	train
mol_2355	train
mol_2356	val
mol_2357	val
mol_2358	train
mol_2359	train
mol_2360	train
mol_2361	train
mol_2362	train
mol_2363	train
mol_2364	train
mol_2365	train
mol_2366	train
mol_2367	train
mol_2368	train
mol_2369	train
mol_2370	train
mol_2371	train
mol_2372	train
mol_2373	train
mol_2374	val
mol_2375	test
mol_2376	train
mol_2377	train
mol_2378	train
mol_2379	train
mol_2380	train
mol_2381	train
mol_2382	test
mol_2383	train
mol_2384	train
mol_2385	train
mol_2386	train
mol_2387	test
mol_2388	train
mol_2389	train
mol_2390	train
mol_2391	val
mol_2392	val
mol_2393	test
mol_2394	train
mol_2395	val
mol_2396	train
mol_2397	train
mol_2398	train
mol_2399	train
mol_2400	train
mol_2401	train
mol_2402	test
mol_2403	train
mol_2404	test
mol_2405	val
mol_2406	train
mol_2407	test
mol_2408	train
mol_2409	train
mol_2410	val
mol_2411	train
mol_2412	train
mol_2413	val
mol_2414	val
mol_2415	test
mol_2416	train
mol_2417	train
mol_2418	val
mol_2419	train
mol_2420	train
mol_2421	train
mol_2422	val
mol_2423	train
mol_2424	val
mol_2425	test
mol_2426	train
mol_2427	val
mol_2428	val
mol_2429	train
mol_2430	train
mol_2431	train
mol_2432	train
mol_2433	val
mol_2434	train
mol_2435	test
mol_2436	train
mol_2437	train
mol_2438	train
mol_2439	train
mol_2440	train
mol_2441	val
mol_2442	test
mol_2443	train
mol_2444	val
mol_2445	train
mol_2446	train
mol_2447	train
mol_2448	train
mol_2449	train
mol_2450	val
mol_2451	val
mol_2452	train
mol_2453	train
mol_2454	train
mol_2455	train
mol_2456	train
mol_2457	train
mol_2458	train
mol_2459	test
mol_2460	train
mol_2461	train
mol_2462	train
mol_2463	train
mol_2464	train
mol_2465	val
mol_2466	test
mol_2467	train
mol_2468	train
mol_2469	train
mol_2470	val
mol_2471	train
mol_2472	train
mol_2473	train
mol_2474	train
mol_2475	train
mol_2476	train
mol_2477	train
mol_2478	train
mol_2479	train
mol_2480	val
mol_2481	train
mol_2482	val
mol_2483	train
mol_2484	train
mol_2485	val
mol_2486	train
mol_2487	val
mol_2488	train
mol_2489	train
mol_2490	val
mol_2491	train
mol_2492	train
mol_2493	val
mol_2494	val
mol_2495	train
mol_2496	train
mol_2497	test
mol_2498	train
mol_2499	train
mol_2500	train
mol_2501	train
mol_2502	train
mol_2503	val
mol_2504	val
mol_2505	train
mol_2506	test
mol_2507	val
mol_2508	train
mol_2509	train
mol_2510	train
mol_2511	train
mol_2512	train
mol_2513	train
mol_2514	train
mol_2515	train
mol_2516	val
mol_2517	train
mol_2518	train
mol_2519	train
mol_2520	train
mol_2521	train
mol_2522	val
mol_2523	train
mol_2524	train
mol_2525	train
mol_2526	train
mol_2527	train
mol_2528	train
mol_2529	train
mol_2530	train
mol_2531	train
mol_2532	train
mol_2533	train
mol_2534	train
mol_2535	train
mol_2536	test
mol_2537	train
mol_2538	train
mol_2539	train
mol_2540	test
mol_2541	train
mol_2542	train
mol_2543	test
mol_2544	train
mol_2545	train
mol_2546	val
mol_2547	train
mol_2548	train
mol_2549	train
mol_2550	train
mol_2551	train
mol_2552	train
mol_2553	train
mol_2554	train
mol_2555	train
mol_2556	train
mol_2557	train
mol_2558	val
mol_2559	train
mol_2560	val
mol_2561	val
mol_2562	val
mol_2563	val
mol_2564	train
mol_2565	test
mol_2566	train
mol_2567	train
mol_2568	train
mol_2569	train
mol_2570	val
mol_2571	train
mol_2572	test
mol_2573	train
mol_2574	val
mol_2575	test
mol_2576	val
mol_2577	train
mol_2578	train
mol_2579	val
mol_2580	train
mol_2581	train
mol_2582	train
mol_2583	train
mol_2584	train
mol_2585	test
mol_2586	train
mol_2587	train
mol_2588	train
mol_2589	train
mol_2590	val
mol_2591	train
mol_2592	train
mol_2593	train
mol_2594	train
mol_2595	val
mol_2596	train
mol_2597	train
mol_2598	train
mol_2599	train
mol_2600	train
mol_2601	train
mol_2602	train
mol_2603	train
mol_2604	test
mol_2605	test
mol_2606	train
mol_2607	train
mol_2608	train
mol_2609	val
mol_2610	test
mol_2611	val
mol_2612	val
mol_2613	test
mol_2614	train
mol_2615	train
mol_2616	train
mol_2617	train
mol_2618	train
mol_2619	train
mol_2620	train
mol_2621	train
mol_2622	train
mol_2623	val
mol_2624	train
mol_2625	train
mol_2626	val
mol_2627	train
mol_2628	val
mol_2629	train
mol_2630	val
mol_2631	train
mol_2632	test
mol_2633	train
mol_2634	train
mol_2635	train
mol_2636	test
mol_2637	train
mol_2638	train
mol_2639	val
mol_2640	train
mol_2641	train
mol_2642	train
mol_2643	train
mol_2644	train
mol_2645	train
mol_2646	train
mol_2647	test
mol_2648	train
mol_2649	train
mol_2650	train
mol_2651	train
mol_2652	train
mol_2653	train
mol_2654	train
mol_2655	train
mol_2656	train
mol_2657	train
mol_2658	train
mol_2659	test
mol_2660	train
mol_2661	train
mol_2662	train
mol_2663	test
mol_2664	train
mol_2665	train
mol_2666	train
mol_2667	train
mol_2668	train
mol_2669	train
mol_2670	val
mol_2671	train
mol_2672	train
mol_2673	train
mol_2674	train
mol_2675	train
mol_2676	train
mol_2677	val
mol_2678	val
mol_2679	train
mol_2680	train
mol_2681	test
mol_2682	val
mol_2683	train
mol_2684	val
mol_2685	train
mol_2686	val
mol_2687	train
mol_2688	train
mol_2689	train
mol_2690	train
mol_2691	train
mol_2692	val
mol_2693	train
mol_2694	test
mol_2695	train
mol_2696	train
mol_2697	train
mol_2698	val
mol_2699	train
mol_2700	train
mol_2701	train
mol_2702	val
mol_2703	train
mol_2704	train
mol_2705	val
mol_2706	train
mol_2707	val
mol_2708	train
mol_2709	train
mol_2710	train
mol_2711	train
mol_2712	train
mol_2713	train
mol_2714	val
mol_2715	train
mol_2716	train
mol_2717	val
mol_2718	train
mol_2719	val
mol_2720	train
mol_2721	val
mol_2722	val
mol_2723	train
mol_2724	train
mol_2725	train
mol_2726	train
mol_2727	train
mol_2728	train
mol_2729	val
mol_2730	val
mol_2731	test
mol_2732	train
mol_2733	train
mol_2734	train
mol_2735	train
mol_2736	test
mol_2737	train
mol_2738	train
mol_2739	train
mol_2740	train
mol_2741	val
mol_2742	train
mol_2743	val
mol_2744	test
mol_2745	test
mol_2746	train
mol_2747	train
mol_2748	train
mol_2749	val
mol_2750	train
mol_2751	train
mol_2752	train
mol_2753	val
mol_2754	train
mol_2755	val
mol_2756	train
mol_2757	train
mol_2758	train
mol_2759	train
mol_2760	val
mol_2761	train
mol_2762	train
mol_2763	train
mol_2764	val
mol_2765	train
mol_2766	train
mol_2767	train
mol_2768	train
mol_2769	train
mol_2770	test
mol_2771	train
mol_2772	val
mol_2773	train
mol_2774	train
mol_2775	train
mol_2776	test
mol_2777	val
mol_2778	train
mol_2779	train
mol_2780	train
mol_2781	train
mol_2782	train
mol_2783	train
mol_2784	val
mol_2785	test
mol_2786	train
mol_2787	train
mol_2788	train
mol_2789	val
mol_2790	test
mol_2791	train
mol_2792	train
mol_2793	train
mol_2794	train
mol_2795	train
mol_2796	train
mol_2797	train
mol_2798	train
mol_2799	train
mol_2800	train
mol_2801	train
mol_2802	train
mol_2803	val
mol_2804	train
mol_2805	train
mol_2806	train
mol_2807	train
mol_2808	train
mol_2809	val
mol_2810	train
mol_2811	train
mol_2812	train
mol_2813	train
mol_2814	train
mol_2815	val
mol_2816	train
mol_2817	train
mol_2818	train
mol_2819	val
mol_2820	test
mol_2821	val
mol_2822	train
mol_2823	val
mol_2824	val
mol_2825	train
mol_2826	train
mol_2827	train
mol_2828	train
mol_2829	train
mol_2830	train
mol_2831	val
mol_2832	train
mol_2833	val
mol_2834	train
mol_2835	train
mol_2836	val
mol_2837	train
mol_2838	train
mol_2839	val
mol_2840	train
mol_2841	train
mol_2842	train
mol_2843	train
mol_2844	train
mol_2845	train
mol_2846	train
mol_2847	train
mol_2848	train
mol_2849	train
mol_2850	train
mol_2851	train
mol_2852	test
mol_2853	train
mol_2854	train
mol_2855	train
mol_2856	train
mol_2857	train
mol_2858	train
mol_2859	train
mol_2860	train
mol_2861	train
mol_2862	train
mol_2863	train
mol_2864	test
mol_2865	train
mol_2866	train
mol_2867	train
mol_2868	train
mol_2869	train
mol_2870	train
mol_2871	train
mol_2872	val
mol_2873	train
mol_2874	train
mol_2875	train
mol_2876	train
mol_2877	test
mol_2878	train
mol_2879	train
mol_2880	train
mol_2881	train
mol_2882	train
mol_2883	train
mol_2884	train
mol_2885	val
mol_2886	train
mol_2887	train
mol_2888	train
mol_2889	train
mol_2890	test
mol_2891	train
mol_2892	train
mol_2893	train
mol_2894	val
mol_2895	train
mol_2896	test
mol_2897	train
mol_2898	test
mol_2899	train
mol_2900	train
mol_2901	test
mol_2902	val
mol_2903	train
mol_2904	train
mol_2905	train
mol_2906	test
mol_2907	train
mol_2908	train
mol_2909	train
mol_2910	train
mol_2911	val
mol_2912	train
mol_2913	train
mol_2914	val
mol_2915	train
mol_2916	train
mol_2917	test
mol_2918	train
mol_2919	test
mol_2920	train
mol_2921	train
mol_2922	train
mol_2923	train
mol_2924	train
mol_2925	test
mol_2926	train
mol_2927	train
mol_2928	train
mol_2929	train
mol_2930	test
mol_2931	train
mol_2932	train
mol_2933	test
mol_2934	train
mol_2935	train
mol_2936	train
mol_2937	val
mol_2938	train
mol_2939	train
mol_2940	val
mol_2941	train
mol_2942	train
mol_2943	val
mol_2944	train
mol_2945	train
mol_2946	train
mol_2947	test
mol_2948	train
mol_2949	train
mol_2950	val
mol_2951	val
mol_2952	train
mol_2953	train
mol_2954	train
mol_2955	train
mol_2956	train
mol_2957	train
mol_2958	train
mol_2959	val
mol_2960	test
mol_2961	val
mol_2962	train
mol_2963	train
mol_2964	train
mol_2965	val
mol_2966	test
mol_2967	val
mol_2968	train
mol_2969	train
mol_2970	val
mol_2971	train
mol_2972	train
mol_2973	test
mol_2974	val
mol_2975	train
mol_2976	train
mol_2977	test
mol_2978	test
mol_2979	train
mol_2980	train
mol_2981	val
mol_2982	train
mol_2983	val
mol_2984	train
mol_2985	train
mol_2986	train
mol_2987	train
mol_2988	val
mol_2989	val
mol_2990	train
mol_2991	train
mol_2992	train
mol_2993	val
mol_2994	val
mol_2995	train
mol_2996	train
mol_2997	train
mol_2998	train
mol_2999	train
mol_3000	train
mol_3001	train
mol_3002	train
mol_3003	test
mol_3004	train
mol_3005	train
mol_3006	train
mol_3007	train
mol_3008	train
mol_3009	train
mol_3010	train
mol_3011	train
mol_3012	train
mol_3013	val
mol_3014	val
mol_3015	train
mol_3016	val
mol_3017	train
mol_3018	val
mol_3019	train
mol_3020	train
mol_3021	test
mol_3022	test
mol_3023	train
mol_3024	val
mol_3025	train
mol_3026	train
mol_3027	val
mol_3028	train
mol_3029	train
mol_3030	train
mol_3031	train
mol_3032	train
mol_3033	train
mol_3034	train
mol_3035	val
mol_3036	train
mol_3037	val
mol_3038	train
mol_3039	train
mol_3040	test
mol_3041	train
mol_3042	train
mol_3043	train
mol_3044	train
mol_3045	train
mol_3046	val
mol_3047	train
mol_3048	val
mol_3049	train
mol_3050	train
mol_3051	train
mol_3052	train
mol_3053	train
mol_3054	train
mol_3055	train
mol_3056	train
mol_3057	val
mol_3058	train
mol_3059	val
mol_3060	train
mol_3061	train
mol_3062	train
mol_3063	train
mol_3064	train
mol_3065	train
mol_3066	train
mol_3067	train
mol_3068	train
mol_3069	val
mol_3070	train
mol_3071	train
mol_3072	test
mol_3073	train
mol_3074	val
mol_3075	train
mol_3076	val
mol_3077	train
mol_3078	val
mol_3079	train
mol_3080	train
mol_3081	train
mol_3082	test
mol_3083	train
mol_3084	train
mol_3085	train
mol_3086	train
mol_3087	train
mol_3088	train
mol_3089	train
mol_3090	val
mol_3091	val
mol_3092	train
mol_3093	test
mol_3094	train
mol_3095	val
mol_3096	val
mol_3097	val
mol_3098	train
mol_3099	val
mol_3100	train
mol_3101	train
mol_3102	val
mol_3103	train
mol_3104	train
mol_3105	train
mol_3106	train
mol_3107	train
mol_3108	val
mol_3109	train
mol_3110	train
mol_3111	train
mol_3112	train
mol_3113	train
mol_3114	train
mol_3115	train
mol_3116	val
mol_3117	val
mol_3118	val
mol_3119	val
mol_3120	train
mol_3121	val
mol_3122	train
mol_3123	val
mol_3124	val
mol_3125	train
mol_3126	test
mol_3127	train
mol_3128	train
mol_3129	train
mol_3130	train
mol_3131	train
mol_3132	val
mol_3133	train
mol_3134	train
mol_3135	train
mol_3136	train
mol_3137	train
mol_3138	train
mol_3139	train
mol_3140	train
mol_3141	train
mol_3142	train
mol_3143	train
mol_3144	val
mol_3145	train
mol_3146	train
mol_3147	train
mol_3148	val
mol_3149	train
mol_3150	train
mol_3151	train
mol_3152	train
mol_3153	train
mol_3154	val
mol_3155	val
mol_3156	test
mol_3157	train
mol_3158	test
mol_3159	train
mol_3160	val
mol_3161	train
mol_3162	train
mol_3163	train
mol_3164	train
mol_3165	train
mol_3166	test
mol_3167	val
mol_3168	val
mol_3169	train
mol_3170	train
mol_3171	train
mol_3172	train
mol_3173	train
mol_3174	train
mol_3175	train
mol_3176	val
mol_3177	train
mol_3178	test
mol_3179	train
mol_3180	train
mol_3181	val
mol_3182	train
mol_3183	val
mol_3184	train
mol_3185	test
mol_3186	train
mol_3187	val
mol_3188	train
mol_3189	train
mol_3190	train
mol_3191	val
mol_3192	train
mol_3193	train
mol_3194	train
mol_3195	train
mol_3196	test
mol_3197	train
mol_3198	test
mol_3199	train
mol_3200	train
mol_3201	train
mol_3202	train
mol_3203	train
mol_3204	train
mol_3205	train
mol_3206	val
mol_3207	val
mol_3208	train
mol_3209	train
mol_3210	train
mol_3211	train
mol_3212	val
mol_3213	val
mol_3214	val
mol_3215	train
mol_3216	val
mol_3217	train
mol_3218	train
mol_3219	test
mol_3220	train
mol_3221	train
mol_3222	test
mol_3223	val
mol_3224	train
mol_3225	train
mol_3226	train
mol_3227	train
mol_3228	train
mol_3229	val
mol_3230	train
mol_3231	train
mol_3232	train
mol_3233	test
mol_3234	val
mol_3235	test
mol_3236	train
mol_3237	val
mol_3238	train
mol_3239	train
mol_3240	val
mol_3241	train
mol_3242	val
mol_3243	train
mol_3244	train
mol_3245	test
mol_3246	train
mol_3247	train
mol_3248	train
mol_3249	train
mol_3250	train
mol_3251	train
mol_3252	train
mol_3253	train
mol_3254	train
mol_3255	train
mol_3256	val
mol_3257	train
mol_3258	val
mol_3259	train
mol_3260	train
mol_3261	val
mol_3262	val
mol_3263	train
mol_3264	train
mol_3265	val
mol_3266	train
mol_3267	val
mol_3268	train
mol_3269	val
mol_3270	train
mol_3271	train
mol_3272	train
mol_3273	train
mol_3274	train
mol_3275	train
mol_3276	train
mol_3277	train
mol_3278	train
mol_3279	train
mol_3280	train
mol_3281	train
mol_3282	train
mol_3283	train
mol_3284	train
mol_3285	train
mol_3286	val
mol_3287	train
mol_3288	val
mol_3289	train
mol_3290	train
mol_3291	val
mol_3292	train
mol_3293	train
mol_3294	train
mol_3295	test
mol_3296	train
mol_3297	train
mol_3298	train
mol_3299	train
mol_3300	test
mol_3301	train
mol_3302	train
mol_3303	train
mol_3304	train
mol_3305	train
mol_3306	train
mol_3307	train
mol_3308	train
mol_3309	train
mol_3310	train
mol_3311	train
mol_3312	val
mol_3313	train
mol_3314	train
mol_3315	train
mol_3316	train
mol_3317	train
mol_3318	val
mol_3319	train
mol_3320	val
mol_3321	train
mol_3322	train
mol_3323	train
mol_3324	train
mol_3325	train
mol_3326	train
mol_3327	test
mol_3328	val
mol_3329	val
mol_3330	train
mol_3331	train
mol_3332	train
mol_3333	train
mol_3334	train
mol_3335	train
mol_3336	train
mol_3337	train
mol_3338	val
mol_3339	train
mol_3340	train
mol_3341	train
mol_3342	train
mol_3343	train
mol_3344	train
mol_3345	train
mol_3346	val
mol_3347	train
mol_3348	train
mol_3349	test
mol_3350	train
mol_3351	val
mol_3352	train
mol_3353	train
mol_3354	train
mol_3355	train
mol_3356	test
mol_3357	train
mol_3358	train
mol_3359	train
mol_3360	train
mol_3361	train
mol_3362	train
mol_3363	val
mol_3364	train
mol_3365	train
mol_3366	train
mol_3367	train
mol_3368	train
mol_3369	train
mol_3370	train
mol_3371	train
mol_3372	train
mol_3373	train
mol_3374	train
mol_3375	val
mol_3376	train
mol_3377	val
mol_3378	train
mol_3379	train
mol_3380	train
mol_3381	train
mol_3382	train
mol_3383	train
mol_3384	train
mol_3385	train
mol_3386	train
mol_3387	train
mol_3388	train
mol_3389	train
mol_3390	train
mol_3391	train
mol_3392	train
mol_3393	train
mol_3394	train
mol_3395	val
mol_3396	test
mol_3397	train
mol_3398	train
mol_3399	train
mol_3400	train
mol_3401	train
mol_3402	val
mol_3403	test
mol_3404	train
mol_3405	train
mol_3406	train
mol_3407	train
mol_3408	test
mol_3409	train
mol_3410	test
mol_3411	train
mol_3412	test
mol_3413	train
mol_3414	val
mol_3415	train
mol_3416	train
mol_3417	test
mol_3418	train
mol_3419	train
mol_3420	train
mol_3421	train
mol_3422	train
mol_3423	train
mol_3424	train
mol_3425	train
mol_3426	train
mol_3427	test
mol_3428	train
mol_3429	test
mol_3430	train
mol_3431	test
mol_3432	train
mol_3433	train
mol_3434	val
mol_3435	train
mol_3436	val
mol_3437	train
mol_3438	train
mol_3439	val
mol_3440	train
mol_3441	val
mol_3442	train
mol_3443	train
mol_3444	train
mol_3445	test
mol_3446	train
mol_3447	train
mol_3448	train
mol_3449	val
mol_3450	train
mol_3451	train
mol_3452	train
mol_3453	val
mol_3454	train
mol_3455	val
mol_3456	train
mol_3457	val
mol_3458	train
mol_3459	train
mol_3460	val
mol_3461	val
mol_3462	train
mol_3463	train
mol_3464	test
mol_3465	train
mol_3466	val
mol_3467	train
mol_3468	train
mol_3469	train
mol_3470	val
mol_3471	train
mol_3472	val
mol_3473	test
mol_3474	train
mol_3475	val
mol_3476	train
mol_3477	test
mol_3478	train
mol_3479	train
mol_3480	train
mol_3481	val
mol_3482	train
mol_3483	train
mol_3484	test
mol_3485	train
mol_3486	train
mol_3487	train
mol_3488	train
mol_3489	train
mol_3490	train
mol_3491	train
mol_3492	train
mol_3493	val
mol_3494	train
mol_3495	train
mol_3496	val
mol_3497	train
mol_3498	train
mol_3499	train
mol_3500	val
mol_3501	train
mol_3502	train
mol_3503	train
mol_3504	val
mol_3505	val
mol_3506	val
mol_3507	train
mol_3508	train
mol_3509	val
mol_3510	test
mol_3511	train
mol_3512	train
mol_3513	train
mol_3514	test
mol_3515	train
mol_3516	val
mol_3517	val
mol_3518	train
mol_3519	train
mol_3520	train
mol_3521	train
mol_3522	val
mol_3523	train
mol_3524	train
mol_3525	val
mol_3526	train
mol_3527	train
mol_3528	test
mol_3529	train
mol_3530	test
mol_3531	val
mol_3532	val
mol_3533	val
mol_3534	train
mol_3535	val
mol_3536	train
mol_3537	test
mol_3538	train
mol_3539	train
mol_3540	train
mol_3541	val
mol_3542	train
mol_3543	val
mol_3544	train
mol_3545	train
mol_3546	test
mol_3547	train
mol_3548	train
mol_3549	train
mol_3550	test
mol_3551	train
mol_3552	train
mol_3553	train
mol_3554	train
mol_3555	train
mol_3556	train
mol_3557	train
mol_3558	train
mol_3559	train
mol_3560	train
mol_3561	val
mol_3562	train
mol_3563	val
mol_3564	train
mol_3565	train
mol_3566	train
mol_3567	val
mol_3568	train
mol_3569	train
mol_3570	val
mol_3571	val
mol_3572	train
mol_3573	train
mol_3574	train
mol_3575	train
mol_3576	train
mol_3577	train
mol_3578	train
mol_3579	val
mol_3580	train
mol_3581	train
mol_3582	val
mol_3583	val
mol_3584	train
mol_3585	train
mol_3586	test
mol_3587	val
mol_3588	train
mol_3589	train
mol_3590	train
mol_3591	train
mol_3592	train
mol_3593	test
mol_3594	train
mol_3595	val
mol_3596	train
mol_3597	test
mol_3598	train
mol_3599	train
mol_3600	train
mol_3601	train
mol_3602	val
mol_3603	train
mol_3604	val
mol_3605	train
mol_3606	train
mol_3607	train
mol_3608	train
mol_3609	test
mol_3610	train
mol_3611	test
mol_3612	train
mol_3613	train
mol_3614	train
mol_3615	test
mol_3616	test
mol_3617	train
mol_3618	train
mol_3619	train
mol_3620	train
mol_3621	train
mol_3622	train
mol_3623	train
mol_3624	val
mol_3625	train
mol_3626	test
mol_3627	val
mol_3628	train
mol_3629	train
mol_3630	val
mol_3631	train
mol_3632	train
mol_3633	train
mol_3634	train
mol_3635	train
mol_3636	train
mol_3637	val
mol_3638	train
mol_3639	test
mol_3640	train
mol_3641	test
mol_3642	test
mol_3643	train
mol_3644	val
mol_3645	train
mol_3646	test
mol_3647	val
mol_3648	test
mol_3649	test
mol_3650	train
mol_3651	train
mol_3652	train
mol_3653	train
mol_3654	train
mol_3655	val
mol_3656	val
mol_3657	val
mol_3658	train
mol_3659	train
mol_3660	train
mol_3661	train
mol_3662	train
mol_3663	test
mol_3664	train
mol_3665	train
mol_3666	train
mol_3667	train
mol_3668	train
mol_3669	val
mol_3670	train
mol_3671	train
mol_3672	val
mol_3673	train
mol_3674	train
mol_3675	test
mol_3676	train
mol_3677	train
mol_3678	train
mol_3679	train
mol_3680	train
mol_3681	train
mol_3682	val
mol_3683	train
mol_3684	train
mol_3685	test
mol_3686	train
mol_3687	train
mol_3688	train
mol_3689	train
mol_3690	test
mol_3691	train
mol_3692	train
mol_3693	train
mol_3694	test
mol_3695	train
mol_3696	train
mol_3697	train
mol_3698	train
mol_3699	train
mol_3700	train
mol_3701	train
mol_3702	train
mol_3703	train
mol_3704	train
mol_3705	val
mol_3706	train
mol_3707	train
mol_3708	train
mol_3709	val
mol_3710	val
mol_3711	val
mol_3712	train
mol_3713	train
mol_3714	train
mol_3715	train
mol_3716	val
mol_3717	train
mol_3718	train
mol_3719	train
mol_3720	train
mol_3721	train
mol_3722	train
mol_3723	train
mol_3724	train
mol_3725	train
mol_3726	val
mol_3727	train
mol_3728	train
mol_3729	val
mol_3730	train
mol_3731	train
mol_3732	train
mol_3733	train
mol_3734	train
mol_3735	train
mol_3736	train
mol_3737	train
mol_3738	val
mol_3739	train
mol_3740	train
mol_3741	train
mol_3742	train
mol_3743	train
mol_3744	train
mol_3745	val
mol_3746	test
mol_3747	val
mol_3748	test
mol_3749	train
mol_3750	train
mol_3751	train
mol_3752	train
mol_3753	train
mol_3754	train
mol_3755	val
mol_3756	val
mol_3757	test
mol_3758	val
mol_3759	val
mol_3760	train
mol_3761	train
mol_3762	test
mol_3763	train
mol_3764	test
mol_3765	train
mol_3766	train
mol_3767	train
mol_3768	train
mol_3769	test
mol_3770	train
mol_3771	train
mol_3772	train
mol_3773	train
mol_3774	train
mol_3775	train
mol_3776	test
mol_3777	train
mol_3778	train
mol_3779	train
mol_3780	train
mol_3781	train
mol_3782	test
mol_3783	val
mol_3784	train
mol_3785	train
mol_3786	val
mol_3787	val
mol_3788	train
mol_3789	train
mol_3790	val
mol_3791	val
mol_3792	train
mol_3793	train
mol_3794	train
mol_3795	train
mol_3796	test
mol_3797	train
mol_3798	train
mol_3799	train
mol_3800	val
mol_3801	test
mol_3802	train
mol_3803	train
mol_3804	train
mol_3805	train
mol_3806	train
mol_3807	train
mol_3808	test
mol_3809	train
mol_3810	train
mol_3811	test
mol_3812	train
mol_3813	train
mol_3814	test
mol_3815	train
mol_3816	val
mol_3817	train
mol_3818	val
mol_3819	train
mol_3820	train
mol_3821	test
mol_3822	train
mol_3823	test
mol_3824	train
mol_3825	val
mol_3826	train
mol_3827	train
mol_3828	val
mol_3829	train
mol_3830	train
mol_3831	train
mol_3832	val
mol_3833	test
mol_3834	train
mol_3835	train
mol_3836	train
mol_3837	train
mol_3838	train
mol_3839	train
mol_3840	train
mol_3841	train
mol_3842	train
mol_3843	train
mol_3844	train
mol_3845	train
mol_3846	val
mol_3847	test
mol_3848	train
mol_3849	train
mol_3850	train
mol_3851	train
mol_3852	train
mol_3853	train
mol_3854	train
mol_3855	train
mol_3856	train
mol_3857	train
mol_3858	train
mol_3859	train
mol_3860	test
mol_3861	train
mol_3862	train
mol_3863	train
mol_3864	train
mol_3865	train
mol_3866	train
mol_3867	val
mol_3868	train
mol_3869	train
mol_3870	test
mol_3871	val
mol_3872	train
mol_3873	val
mol_3874	val
mol_3875	train
mol_3876	test
mol_3877	train
mol_3878	train
mol_3879	test
mol_3880	val
mol_3881	train
mol_3882	test
mol_3883	val
mol_3884	val
mol_3885	train
mol_3886	val
mol_3887	train
mol_3888	train
mol_3889	train
mol_3890	val
mol_3891	train
mol_3892	train
mol_3893	train
mol_3894	train
mol_3895	train
mol_3896	train
mol_3897	train
mol_3898	test
mol_3899	train
mol_3900	train
mol_3901	train
mol_3902	test
mol_3903	val
mol_3904	train
mol_3905	val
mol_3906	train
mol_3907	train
mol_3908	val
mol_3909	train
mol_3910	train
mol_3911	train
mol_3912	train
mol_3913	train
mol_3914	train
mol_3915	train
mol_3916	val
mol_3917	train
mol_3918	train
mol_3919	train
mol_3920	train
mol_3921	train
mol_3922	train
mol_3923	train
mol_3924	train
mol_3925	test
mol_3926	train
mol_3927	val
mol_3928	train
mol_3929	val
mol_3930	train
mol_3931	test
mol_3932	test
mol_3933	train
mol_3934	train
mol_3935	train
mol_3936	train
mol_3937	val
mol_3938	train
mol_3939	train
mol_3940	train
mol_3941	train
mol_3942	train
mol_3943	train
mol_3944	train
mol_3945	train
mol_3946	train
mol_3947	train
mol_3948	train
mol_3949	train
mol_3950	val
mol_3951	train
mol_3952	train
mol_3953	train
mol_3954	test
mol_3955	train
mol_3956	val
mol_3957	train
mol_3958	train
mol_3959	val
mol_3960	train
mol_3961	train
mol_3962	train
mol_3963	train
mol_3964	test
mol_3965	train
mol_3966	train
mol_3967	train
mol_3968	train
mol_3969	val
mol_3970	train
mol_3971	val
mol_3972	train
mol_3973	train
mol_3974	train
mol_3975	train
mol_3976	train
mol_3977	val
mol_3978	train
mol_3979	train
mol_3980	train
mol_3981	train
mol_3982	train
mol_3983	train
mol_3984	train
mol_3985	train
mol_3986	train
mol_3987	train
mol_3988	train
mol_3989	train
mol_3990	train
mol_3991	train
mol_3992	train
mol_3993	test
mol_3994	test
mol_3995	train
mol_3996	train
mol_3997	train
mol_3998	train
mol_3999	train
mol_4000	train
mol_4001	train
mol_4002	val
mol_4003	train
mol_4004	train
mol_4005	train
mol_4006	train
mol_4007	train
mol_4008	train
mol_4009	val
mol_4010	train
mol_4011	train
mol_4012	train
mol_4013	val
mol_4014	train
mol_4015	val
mol_4016	val
mol_4017	train
mol_4018	train
mol_4019	train
mol_4020	train
mol_4021	train
mol_4022	val
mol_4023	val
mol_4024	train
mol_4025	train
mol_4026	train
mol_4027	train
mol_4028	train
mol_4029	train
mol_4030	train
mol_4031	train
mol_4032	val
mol_4033	val
mol_4034	val
mol_4035	train
mol_4036	train
mol_4037	train
mol_4038	val
mol_4039	train
mol_4040	train
mol_4041	train
mol_4042	test
mol_4043	train
mol_4044	val
mol_4045	train
mol_4046	val
mol_4047	train
mol_4048	val
mol_4049	train
mol_4050	train
mol_4051	train
mol_4052	train
mol_4053	val
mol_4054	train
mol_4055	val
mol_4056	train
mol_4057	train
mol_4058	train
mol_4059	train
mol_4060	test
mol_4061	train
mol_4062	train
mol_4063	train
mol_4064	test
mol_4065	val
mol_4066	train
mol_4067	test
mol_4068	train
mol_4069	train
mol_4070	train
mol_4071	train
mol_4072	train
mol_4073	train
mol_4074	train
mol_4075	train
mol_4076	val
mol_4077	train
mol_4078	test
mol_4079	train
mol_4080	train
mol_4081	train
mol_4082	train
mol_4083	val
mol_4084	train
mol_4085	train
mol_4086	test
mol_4087	train
mol_4088	val
mol_4089	train
mol_4090	train
mol_4091	train
mol_4092	train
mol_4093	val
mol_4094	train
mol_4095	train
mol_4096	val
mol_4097	val
mol_4098	train
mol_4099	val
mol_4100	train
mol_4101	train
mol_4102	train
mol_4103	val
mol_4104	val
mol_4105	train
mol_4106	train
mol_4107	val
mol_4108	test
mol_4109	test
mol_4110	test
mol_4111	train
mol_4112	test
mol_4113	train
mol_4114	val
mol_4115	train
mol_4116	val
mol_4117	train
mol_4118	train
mol_4119	val
mol_4120	val
mol_4121	train
mol_4122	train
mol_4123	val
mol_4124	val
mol_4125	test
mol_4126	train
mol_4127	train
mol_4128	train
mol_4129	train
mol_4130	train
mol_4131	train
mol_4132	val
mol_4133	val
mol_4134	train
mol_4135	val
mol_4136	val
mol_4137	test
mol_4138	val
mol_4139	train
mol_4140	val
mol_4141	train
mol_4142	val
mol_4143	train
mol_4144	train
mol_4145	val
mol_4146	train
mol_4147	train
mol_4148	val
mol_4149	val
mol_4150	train
mol_4151	train
mol_4152	val
mol_4153	train
mol_4154	train
mol_4155	train
mol_4156	val
mol_4157	val
mol_4158	train
mol_4159	train
mol_4160	test
mol_4161	train
mol_4162	train
mol_4163	train
mol_4164	test
mol_4165	train
mol_4166	train
mol_4167	train
mol_4168	train
mol_4169	train
mol_4170	train
mol_4171	train
mol_4172	train
mol_4173	train
mol_4174	train
mol_4175	train
mol_4176	train
mol_4177	val
mol_4178	train
mol_4179	val
mol_4180	train
mol_4181	train
mol_4182	train
mol_4183	val
mol_4184	val
mol_4185	train
mol_4186	train
mol_4187	train
mol_4188	train
mol_4189	test
mol_4190	val
mol_4191	train
mol_4192	train
mol_4193	val
mol_4194	test
mol_4195	train
mol_4196	train
mol_4197	train
mol_4198	train
mol_4199	train
mol_4200	train
mol_4201	train
mol_4202	val
mol_4203	val
mol_4204	train
mol_4205	train
mol_4206	val
mol_4207	train
mol_4208	val
mol_4209	train
mol_4210	train
mol_4211	test
mol_4212	train
mol_4213	train
mol_4214	train
mol_4215	train
mol_4216	train
mol_4217	train
mol_4218	train
mol_4219	train
mol_4220	test
mol_4221	train
mol_4222	test
mol_4223	test
mol_4224	train
mol_4225	test
mol_4226	train
mol_4227	train
mol_4228	val
mol_4229	train
mol_4230	val
mol_4231	train
mol_4232	train
mol_4233	test
mol_4234	test
mol_4235	train
mol_4236	train
mol_4237	train
mol_4238	train
mol_4239	val
mol_4240	val
mol_4241	train
mol_4242	val
mol_4243	train
mol_4244	val
mol_4245	train
mol_4246	train
mol_4247	train
mol_4248	train
mol_4249	train
mol_4250	train
mol_4251	train
mol_4252	train
mol_4253	train
mol_4254	train
mol_4255	train
mol_4256	train
mol_4257	train
mol_4258	val
mol_4259	train
mol_4260	train
mol_4261	val
mol_4262	train
mol_4263	val
mol_4264	train
mol_4265	val
mol_4266	train
mol_4267	train
mol_4268	train
mol_4269	val
mol_4270	train
mol_4271	train
mol_4272	test
mol_4273	train
mol_4274	test
mol_4275	train
mol_4276	train
mol_4277	val
mol_4278	train
mol_4279	train
mol_4280	train
mol_4281	val
mol_4282	train
mol_4283	train
mol_4284	train
mol_4285	train
mol_4286	train
mol_4287	val
mol_4288	train
mol_4289	train
mol_4290	train
mol_4291	train
mol_4292	train
mol_4293	train
mol_4294	val
mol_4295	val
mol_4296	train
mol_4297	train
mol_4298	train
mol_4299	train
mol_4300	train
mol_4301	train
mol_4302	train
mol_4303	val
mol_4304	train
mol_4305	train
mol_4306	test
mol_4307	train
mol_4308	val
mol_4309	train
mol_4310	val
mol_4311	test
mol_4312	val
mol_4313	train
mol_4314	test
mol_4315	train
mol_4316	train
mol_4317	train
mol_4318	train
mol_4319	train
mol_4320	val
mol_4321	train
mol_4322	train
mol_4323	train
mol_4324	train
mol_4325	train
mol_4326	train
mol_4327	train
mol_4328	test
mol_4329	train
mol_4330	train
mol_4331	train
mol_4332	train
mol_4333	train
mol_4334	train
mol_4335	val
mol_4336	train
mol_4337	train
mol_4338	train
mol_4339	train
mol_4340	train
mol_4341	train
mol_4342	test
mol_4343	train
mol_4344	val
mol_4345	train
mol_4346	val
mol_4347	train
mol_4348	val
mol_4349	train
mol_4350	test
mol_4351	train
mol_4352	train
mol_4353	train
mol_4354	val
mol_4355	train
mol_4356	train
mol_4357	train
mol_4358	val
mol_4359	train
mol_4360	train
mol_4361	train
mol_4362	test
mol_4363	val
mol_4364	train
mol_4365	test
mol_4366	train
mol_4367	train
mol_4368	test
mol_4369	train
mol_4370	test
mol_4371	val
mol_4372	train
mol_4373	val
mol_4374	train
mol_4375	test
mol_4376	train
mol_4377	train
mol_4378	val
mol_4379	train
mol_4380	train
mol_4381	val
mol_4382	train
mol_4383	train
mol_4384	train
mol_4385	train
mol_4386	train
mol_4387	val
mol_4388	train
mol_4389	train
mol_4390	val
mol_4391	train
mol_4392	train
mol_4393	train
mol_4394	train
mol_4395	train
mol_4396	train
mol_4397	train
mol_4398	train
mol_4399	val
mol_4400	test
mol_4401	train
mol_4402	train
mol_4403	train
mol_4404	train
mol_4405	val
mol_4406	train
mol_4407	train
mol_4408	train
mol_4409	train
mol_4410	train
mol_4411	val
mol_4412	train
mol_4413	test
mol_4414	train
mol_4415	train
mol_4416	train
mol_4417	train
mol_4418	train
mol_4419	train
mol_4420	test
mol_4421	val
mol_4422	train
mol_4423	train
mol_4424	train
mol_4425	train
mol_4426	train
mol_4427	train
mol_4428	test
mol_4429	train
mol_4430	train
mol_4431	train
mol_4432	test
mol_4433	train
mol_4434	test
mol_4435	train
mol_4436	train
mol_4437	train
mol_4438	train
mol_4439	train
mol_4440	train
mol_4441	train
mol_4442	train
mol_4443	val
mol_4444	test
mol_4445	train
mol_4446	train
mol_4447	val
mol_4448	train
mol_4449	train
mol_4450	val
mol_4451	train
mol_4452	val
mol_4453	test
mol_4454	train
mol_4455	train
mol_4456	train
mol_4457	train
mol_4458	train
mol_4459	test
mol_4460	train
mol_4461	val
mol_4462	train
mol_4463	train
mol_4464	train
mol_4465	val
mol_4466	test
mol_4467	val
mol_4468	val
mol_4469	train
mol_4470	train
mol_4471	val
mol_4472	train
mol_4473	train
mol_4474	train
mol_4475	val
mol_4476	val
mol_4477	val
mol_4478	train
mol_4479	train
mol_4480	train
mol_4481	train
mol_4482	train
mol_4483	train
mol_4484	val
mol_4485	train
mol_4486	test
mol_4487	train
mol_4488	test
mol_4489	train
mol_4490	val
mol_4491	test
mol_4492	train
mol_4493	train
mol_4494	train
mol_4495	val
mol_4496	train
mol_4497	train
mol_4498	train
mol_4499	train
mol_4500	train
mol_4501	train
mol_4502	val
mol_4503	val
mol_4504	val
mol_4505	train
mol_4506	test
mol_4507	val
mol_4508	val
mol_4509	train
mol_4510	train
mol_4511	train
mol_4512	train
mol_4513	val
mol_4514	train
mol_4515	train
mol_4516	train
mol_4517	train
mol_4518	train
mol_4519	train
mol_4520	val
mol_4521	train
mol_4522	val
mol_4523	val
mol_4524	train
mol_4525	val
mol_4526	train
mol_4527	val
mol_4528	test
mol_4529	test
mol_4530	train
mol_4531	val
mol_4532	val
mol_4533	train
mol_4534	val
mol_4535	test
mol_4536	train
mol_4537	train
mol_4538	train
mol_4539	train
mol_4540	train
mol_4541	train
mol_4542	val
mol_4543	train
mol_4544	train
mol_4545	train
mol_4546	val
mol_4547	train
mol_4548	train
mol_4549	train
mol_4550	train
mol_4551	train
mol_4552	test
mol_4553	train
mol_4554	val
mol_4555	val
mol_4556	train
mol_4557	train
mol_4558	train
mol_4559	train
mol_4560	train
mol_4561	train
mol_4562	train
mol_4563	train
mol_4564	train
mol_4565	test
mol_4566	train
mol_4567	train
mol_4568	val
mol_4569	test
mol_4570	train
mol_4571	train
mol_4572	train
mol_4573	train
mol_4574	val
mol_4575	train
mol_4576	train
mol_4577	train
mol_4578	train
mol_4579	train
mol_4580	train
mol_4581	train
mol_4582	train
mol_4583	val
mol_4584	val
mol_4585	train
mol_4586	train
mol_4587	train
mol_4588	train
mol_4589	train
mol_4590	train
mol_4591	train
mol_4592	train
mol_4593	test
mol_4594	train
mol_4595	train
mol_4596	train
mol_4597	val
mol_4598	train
mol_4599	train
mol_4600	val
mol_4601	test
mol_4602	val
mol_4603	train
mol_4604	train
mol_4605	train
mol_4606	train
mol_4607	train
mol_4608	test
mol_4609	train
mol_4610	train
mol_4611	train
mol_4612	train
mol_4613	train
mol_4614	val
mol_4615	train
mol_4616	train
mol_4617	train
mol_4618	train
mol_4619	val
mol_4620	train
mol_4621	val
mol_4622	val
mol_4623	val
mol_4624	train
mol_4625	train
mol_4626	test
mol_4627	train
mol_4628	val
mol_4629	val
mol_4630	val
mol_4631	train
mol_4632	val
mol_4633	val
mol_4634	train
mol_4635	train
mol_4636	train
mol_4637	train
mol_4638	val
mol_4639	train
mol_4640	train
mol_4641	train
mol_4642	train
mol_4643	train
mol_4644	train
mol_4645	train
mol_4646	val
mol_4647	train
mol_4648	train
mol_4649	train
mol_4650	train
mol_4651	test
mol_4652	train
mol_4653	train
mol_4654	train
mol_4655	train
mol_4656	train
mol_4657	val
mol_4658	test
mol_4659	train
mol_4660	train
mol_4661	train
mol_4662	train
mol_4663	train
mol_4664	test
mol_4665	train
mol_4666	train
mol_4667	test
mol_4668	test
mol_4669	val
mol_4670	train
mol_4671	train
mol_4672	train
mol_4673	train
mol_4674	test
mol_4675	train
mol_4676	train
mol_4677	val
mol_4678	val
mol_4679	train
mol_4680	val
mol_4681	val
mol_4682	val
mol_4683	train
mol_4684	val
mol_4685	train
mol_4686	train
mol_4687	train
mol_4688	train
mol_4689	train
mol_4690	val
mol_4691	train
mol_4692	train
mol_4693	train
mol_4694	train
mol_4695	train
mol_4696	train
mol_4697	train
mol_4698	train
mol_4699	train
mol_4700	train
mol_4701	train
mol_4702	train
mol_4703	train
mol_4704	train
mol_4705	train
mol_4706	train
mol_4707	val
mol_4708	train
mol_4709	val
mol_4710	train
mol_4711	train
mol_4712	train
mol_4713	train
mol_4714	train
mol_4715	val
mol_4716	train
mol_4717	train
mol_4718	train
mol_4719	val
mol_4720	train
mol_4721	train
mol_4722	test
mol_4723	train
mol_4724	test
mol_4725	train
mol_4726	train
mol_4727	val
mol_4728	train
mol_4729	train
mol_4730	train
mol_4731	val
mol_4732	test
mol_4733	train
mol_4734	val
mol_4735	val
mol_4736	train
mol_4737	train
mol_4738	train
mol_4739	train
mol_4740	train
mol_4741	train
mol_4742	train
mol_4743	train
mol_4744	test
mol_4745	train
mol_4746	train
mol_4747	train
mol_4748	test
mol_4749	train
mol_4750	train
mol_4751	val
mol_4752	train
mol_4753	train
mol_4754	train
mol_4755	train
mol_4756	train
mol_4757	train
mol_4758	val
mol_4759	train
mol_4760	train
mol_4761	train
mol_4762	train
mol_4763	train
mol_4764	train
mol_4765	train
mol_4766	train
mol_4767	val
mol_4768	train
mol_4769	train
mol_4770	val
mol_4771	train
mol_4772	train
mol_4773	val
mol_4774	val
mol_4775	train
mol_4776	train
mol_4777	train
mol_4778	test
mol_4779	train
mol_4780	val
mol_4781	train
mol_4782	train
mol_4783	train
mol_4784	train
mol_4785	test
mol_4786	train
mol_4787	train
mol_4788	train
mol_4789	train
mol_4790	train
mol_4791	train
mol_4792	train
mol_4793	val
mol_4794	train
mol_4795	train
mol_4796	train
mol_4797	train
mol_4798	test
mol_4799	train
mol_4800	test
mol_4801	train
mol_4802	train
mol_4803	train
mol_4804	test
mol_4805	train
mol_4806	train
mol_4807	val
mol_4808	train
mol_4809	train
mol_4810	val
mol_4811	train
mol_4812	val
mol_4813	test
mol_4814	train
mol_4815	train
mol_4816	val
mol_4817	train
mol_4818	train
mol_4819	test
mol_4820	val
mol_4821	train
mol_4822	train
mol_4823	val
mol_4824	train
mol_4825	train
mol_4826	test
mol_4827	val
mol_4828	train
mol_4829	test
mol_4830	train
mol_4831	train
mol_4832	train
mol_4833	train
mol_4834	train
mol_4835	test
mol_4836	train
mol_4837	train
mol_4838	train
mol_4839	train
mol_4840	train
mol_4841	train
mol_4842	train
mol_4843	val
mol_4844	train
mol_4845	train
mol_4846	train
mol_4847	val
mol_4848	train
mol_4849	test
mol_4850	train
mol_4851	val
mol_4852	val
mol_4853	test
mol_4854	train
mol_4855	train
mol_4856	train
mol_4857	train
mol_4858	train
mol_4859	val
mol_4860	train
mol_4861	train
mol_4862	train
mol_4863	train
mol_4864	train
mol_4865	train
mol_4866	val
mol_4867	test
mol_4868	val
mol_4869	train
mol_4870	test
mol_4871	val
mol_4872	test
mol_4873	train
mol_4874	val
mol_4875	train
mol_4876	val
mol_4877	val
mol_4878	train
mol_4879	train
mol_4880	train
mol_4881	val
mol_4882	train
mol_4883	train
mol_4884	val
mol_4885	train
mol_4886	train
mol_4887	train
mol_4888	train
mol_4889	train
mol_4890	val
mol_4891	train
mol_4892	train
mol_4893	train
mol_4894	train
mol_4895	val
mol_4896	train
mol_4897	train
mol_4898	train
mol_4899	train
mol_4900	val
mol_4901	train
mol_4902	train
mol_4903	test
mol_4904	train
mol_4905	train
mol_4906	val
mol_4907	train
mol_4908	val
mol_4909	train
mol_4910	test
mol_4911	train
mol_4912	test
mol_4913	test
mol_4914	train
mol_4915	train
mol_4916	train
mol_4917	train
mol_4918	train
mol_4919	train
mol_4920	train
mol_4921	val
mol_4922	val
mol_4923	train
mol_4924	train
mol_4925	val
mol_4926	train
mol_4927	test
mol_4928	train
mol_4929	train
mol_4930	val
mol_4931	train
mol_4932	train
mol_4933	val
mol_4934	train
mol_4935	val
mol_4936	train
mol_4937	test
mol_4938	train
mol_4939	train
mol_4940	train
mol_4941	train
mol_4942	train
mol_4943	train
mol_4944	train
mol_4945	val
mol_4946	train
mol_4947	test
mol_4948	train
mol_4949	val
mol_4950	val
mol_4951	train
mol_4952	train
mol_4953	train
mol_4954	test
mol_4955	train
mol_4956	train
mol_4957	train
mol_4958	train
mol_4959	train
mol_4960	train
mol_4961	train
mol_4962	train
mol_4963	val
mol_4964	val
mol_4965	train
mol_4966	train
mol_4967	train
mol_4968	train
mol_4969	train
mol_4970	val
mol_4971	train
mol_4972	train
mol_4973	train
mol_4974	train
mol_4975	train
mol_4976	test
mol_4977	train
mol_4978	test
mol_4979	val
mol_4980	val
mol_4981	train
mol_4982	train
mol_4983	train
mol_4984	train
mol_4985	train
mol_4986	train
mol_4987	test
mol_4988	train
mol_4989	train
mol_4990	train
mol_4991	val
mol_4992	val
mol_4993	train
mol_4994	train
mol_4995	train
mol_4996	train
mol_4997	train
mol_4998	val
mol_4999	train
mol_5000	val
mol_5001	train
mol_5002	train
mol_5003	train
mol_5004	train
mol_5005	train
mol_5006	train
mol_5007	train
mol_5008	train
mol_5009	train
mol_5010	train
mol_5011	test
mol_5012	train
mol_5013	train
mol_5014	train
mol_5015	val
mol_5016	test
mol_5017	train
mol_5018	train
mol_5019	val
mol_5020	train
mol_5021	train
mol_5022	train
mol_5023	train
mol_5024	train
mol_5025	val
mol_5026	train
mol_5027	train
mol_5028	train
mol_5029	train
mol_5030	train
mol_5031	train
mol_5032	train
mol_5033	train
mol_5034	val
mol_5035	train
mol_5036	test
mol_5037	train
mol_5038	val
mol_5039	train
mol_5040	train
mol_5041	train
mol_5042	train
mol_5043	train
mol_5044	train
mol_5045	val
mol_5046	train
mol_5047	train
mol_5048	train
mol_5049	train
mol_5050	train
mol_5051	train
mol_5052	train
mol_5053	train
mol_5054	val
mol_5055	test
mol_5056	train
mol_5057	train
mol_5058	val
mol_5059	val
mol_5060	train
mol_5061	train
mol_5062	train
mol_5063	train
mol_5064	train
mol_5065	train
mol_5066	val
mol_5067	train
mol_5068	train
mol_5069	train
mol_5070	train
mol_5071	train
mol_5072	train
mol_5073	train
mol_5074	train
mol_5075	train
mol_5076	train
mol_5077	train
mol_5078	train
mol_5079	train
mol_5080	train
mol_5081	train
mol_5082	test
mol_5083	train
mol_5084	train
mol_5085	train
mol_5086	train
mol_5087	train
mol_5088	train
mol_5089	train
mol_5090	val
mol_5091	train
mol_5092	train
mol_5093	train
mol_5094	train
mol_5095	train
mol_5096	train
mol_5097	train
mol_5098	train
mol_5099	train
mol_5100	train
mol_5101	train
mol_5102	train
mol_5103	train
mol_5104	train
mol_5105	train
mol_5106	test
mol_5107	train
mol_5108	test
mol_5109	train
mol_5110	train
mol_5111	train
mol_5112	train
mol_5113	test
mol_5114	val
mol_5115	val
mol_5116	train
mol_5117	train
mol_5118	train
mol_5119	train
mol_5120	val
mol_5121	train
mol_5122	val
mol_5123	val
mol_5124	train
mol_5125	test
mol_5126	train
mol_5127	train
mol_5128	train
mol_5129	train
mol_5130	train
mol_5131	train
mol_5132	train
mol_5133	train
mol_5134	train
mol_5135	train
mol_5136	train
mol_5137	val
mol_5138	train
mol_5139	train
mol_5140	train
mol_5141	train
mol_5142	train
mol_5143	train
mol_5144	test
mol_5145	val
mol_5146	val
mol_5147	train
mol_5148	train
mol_5149	train
mol_5150	train
mol_5151	train
mol_5152	train
mol_5153	train
mol_5154	train
mol_5155	val
mol_5156	train
mol_5157	train
mol_5158	train
mol_5159	train
mol_5160	train
mol_5161	test
mol_5162	train
mol_5163	val
mol_5164	train
mol_5165	val
mol_5166	train
mol_5167	train
mol_5168	train
mol_5169	train
mol_5170	train
mol_5171	train
mol_5172	train
mol_5173	test
mol_5174	train
mol_5175	train
mol_5176	train
mol_5177	test
mol_5178	train
mol_5179	train
mol_5180	test
mol_5181	train
mol_5182	train
mol_5183	val
mol_5184	val
mol_5185	train
mol_5186	train
mol_5187	train
mol_5188	train
mol_5189	val
mol_5190	val
mol_5191	train
mol_5192	train
mol_5193	train
mol_5194	train
mol_5195	train
mol_5196	train
mol_5197	train
mol_5198	train
mol_5199	train
mol_5200	train
mol_5201	train
mol_5202	val
mol_5203	train
mol_5204	train
mol_5205	val
mol_5206	train
mol_5207	train
mol_5208	train
mol_5209	train
mol_5210	train
mol_5211	train
mol_5212	val
mol_5213	val
mol_5214	train
mol_5215	train
mol_5216	train
mol_5217	train
mol_5218	train
mol_5219	val
mol_5220	train
mol_5221	train
mol_5222	test
mol_5223	train
mol_5224	train
mol_5225	train
mol_5226	train
mol_5227	train
mol_5228	train
mol_5229	val
mol_5230	train
mol_5231	train
mol_5232	test
mol_5233	train
mol_5234	val
mol_5235	train
mol_5236	train
mol_5237	train
mol_5238	test
mol_5239	train
mol_5240	train
mol_5241	test
mol_5242	train
mol_5243	train
mol_5244	train
mol_5245	train
mol_5246	train
mol_5247	train
mol_5248	train
mol_5249	train
mol_5250	train
mol_5251	train
mol_5252	train
mol_5253	train
mol_5254	train
mol_5255	train
mol_5256	train
mol_5257	train
mol_5258	test
mol_5259	val
mol_5260	val
mol_5261	train
mol_5262	train
mol_5263	train
mol_5264	val
mol_5265	val
mol_5266	train
mol_5267	train
mol_5268	train
mol_5269	train
mol_5270	train
mol_5271	train
mol_5272	train
mol_5273	train
mol_5274	train
mol_5275	test
mol_5276	train
mol_5277	train
mol_5278	train
mol_5279	val
mol_5280	train
mol_5281	val
mol_5282	train
mol_5283	train
mol_5284	test
mol_5285	train
mol_5286	train
mol_5287	val
mol_5288	val
mol_5289	test
mol_5290	train
mol_5291	test
mol_5292	train
mol_5293	train
mol_5294	train
mol_5295	train
mol_5296	test
mol_5297	train
mol_5298	test
mol_5299	train
mol_5300	train
mol_5301	train
mol_5302	train
mol_5303	train
mol_5304	val
mol_5305	train
mol_5306	train
mol_5307	train
mol_5308	train
mol_5309	train
mol_5310	train
mol_5311	train
mol_5312	train
mol_5313	train
mol_5314	train
mol_5315	train
mol_5316	train
mol_5317	test
mol_5318	test
mol_5319	train
mol_5320	train
mol_5321	train
mol_5322	train
mol_5323	train
mol_5324	val
mol_5325	val
mol_5326	test
mol_5327	train
mol_5328	train
mol_5329	train
mol_5330	val
mol_5331	test
mol_5332	val
mol_5333	train
mol_5334	train
mol_5335	train
mol_5336	train
mol_5337	train
mol_5338	val
mol_5339	train
mol_5340	train
mol_5341	train
mol_5342	train
mol_5343	train
mol_5344	train
mol_5345	train
mol_5346	val
mol_5347	train
mol_5348	train
mol_5349	val
mol_5350	train
mol_5351	train
mol_5352	train
mol_5353	train
mol_5354	val
mol_5355	train
mol_5356	train
mol_5357	train
mol_5358	val
mol_5359	train
mol_5360	train
mol_5361	train
mol_5362	test
mol_5363	test
mol_5364	train
mol_5365	train
mol_5366	train
mol_5367	train
mol_5368	train
mol_5369	train
mol_5370	train
mol_5371	train
mol_5372	train
mol_5373	train
mol_5374	train
mol_5375	train
mol_5376	test
mol_5377	val
mol_5378	train
mol_5379	test
mol_5380	train
mol_5381	train
mol_5382	train
mol_5383	val
mol_5384	train
mol_5385	train
mol_5386	train
mol_5387	test
mol_5388	train
mol_5389	train
mol_5390	train
mol_5391	train
mol_5392	train
mol_5393	train
mol_5394	test
mol_5395	test
mol_5396	val
mol_5397	train
mol_5398	test
mol_5399	train
mol_5400	train
mol_5401	train
mol_5402	test
mol_5403	val
mol_5404	val
mol_5405	train
mol_5406	train
mol_5407	train
mol_5408	test
mol_5409	train
mol_5410	train
mol_5411	train
mol_5412	train
mol_5413	val
mol_5414	val
mol_5415	train
mol_5416	train
mol_5417	train
mol_5418	train
mol_5419	train
mol_5420	val
mol_5421	train
mol_5422	train
mol_5423	val
mol_5424	train
mol_5425	train
mol_5426	test
mol_5427	train
mol_5428	train
mol_5429	train
mol_5430	train
mol_5431	train
mol_5432	train
mol_5433	train
mol_5434	test
mol_5435	train
mol_5436	val
mol_5437	train
mol_5438	train
mol_5439	val
mol_5440	train
mol_5441	train
mol_5442	train
mol_5443	train
mol_5444	val
mol_5445	train
mol_5446	train
mol_5447	train
mol_5448	test
mol_5449	train
mol_5450	test
mol_5451	train
mol_5452	train
mol_5453	val
mol_5454	train
mol_5455	train
mol_5456	train
mol_5457	train
mol_5458	train
mol_5459	train
mol_5460	val
mol_5461	train
mol_5462	train
mol_5463	train
mol_5464	train
mol_5465	train
mol_5466	train
mol_5467	train
mol_5468	train
mol_5469	train
mol_5470	train
mol_5471	train
mol_5472	train
mol_5473	train
mol_5474	train
mol_5475	val
mol_5476	train
mol_5477	train
mol_5478	val
mol_5479	test
mol_5480	train
mol_5481	train
mol_5482	val
mol_5483	test
mol_5484	train
mol_5485	train
mol_5486	val
mol_5487	train
mol_5488	train
mol_5489	val
mol_5490	train
mol_5491	train
mol_5492	train
mol_5493	val
mol_5494	val
mol_5495	train
mol_5496	train
mol_5497	train
mol_5498	train
mol_5499	train
mol_5500	train
mol_5501	train
mol_5502	val
mol_5503	val
mol_5504	val
mol_5505	test
mol_5506	val
mol_5507	train
mol_5508	train
mol_5509	train
mol_5510	test
mol_5511	val
mol_5512	val
mol_5513	train
mol_5514	train
mol_5515	train
mol_5516	val
mol_5517	train
mol_5518	train
mol_5519	train
mol_5520	train
mol_5521	train
mol_5522	train
mol_5523	val
mol_5524	val
mol_5525	train
mol_5526	train
mol_5527	train
mol_5528	train
mol_5529	test
mol_5530	val
mol_5531	train
mol_5532	train
mol_5533	train
mol_5534	train
mol_5535	val
mol_5536	test
mol_5537	val
mol_5538	train
mol_5539	train
mol_5540	train
mol_5541	train
mol_5542	train
mol_5543	val
mol_5544	train
mol_5545	val
mol_5546	train
mol_5547	train
mol_5548	train
mol_5549	val
mol_5550	train
mol_5551	train
mol_5552	test
mol_5553	train
mol_5554	train
mol_5555	train
mol_5556	train
mol_5557	train
mol_5558	train
mol_5559	test
mol_5560	train
mol_5561	train
mol_5562	test
mol_5563	train
mol_5564	test
mol_5565	train
mol_5566	val
mol_5567	train
mol_5568	train
mol_5569	train
mol_5570	val
mol_5571	train
mol_5572	test
mol_5573	train
mol_5574	train
mol_5575	train
mol_5576	val
mol_5577	train
mol_5578	train
mol_5579	train
mol_5580	train
mol_5581	train
mol_5582	train
mol_5583	train
mol_5584	train
mol_5585	test
mol_5586	train
mol_5587	val
mol_5588	val
mol_5589	train
mol_5590	train
mol_5591	train
mol_5592	train
mol_5593	test
mol_5594	train
mol_5595	train
mol_5596	train
mol_5597	train
mol_5598	train
mol_5599	train
mol_5600	train
mol_5601	train
mol_5602	train
mol_5603	train
mol_5604	train
mol_5605	train
mol_5606	val
mol_5607	train
mol_5608	train
mol_5609	train
mol_5610	train
mol_5611	train
mol_5612	val
mol_5613	train
mol_5614	train
mol_5615	val
mol_5616	train
mol_5617	train
mol_5618	train
mol_5619	train
mol_5620	train
mol_5621	train
mol_5622	val
mol_5623	train
mol_5624	train
mol_5625	val
mol_5626	train
mol_5627	train
mol_5628	test
mol_5629	train
mol_5630	train
mol_5631	train
mol_5632	test
mol_5633	test
mol_5634	val
mol_5635	train
mol_5636	train
mol_5637	train
mol_5638	train
mol_5639	train
mol_5640	test
mol_5641	test
mol_5642	train
mol_5643	train
mol_5644	train
mol_5645	train
mol_5646	train
mol_5647	train
mol_5648	train
mol_5649	train
mol_5650	val
mol_5651	train
mol_5652	val
mol_5653	train
mol_5654	train
mol_5655	train
mol_5656	train
mol_5657	train
mol_5658	val
mol_5659	val
mol_5660	train
mol_5661	train
mol_5662	val
mol_5663	train
mol_5664	val
mol_5665	train
mol_5666	train
mol_5667	train
mol_5668	train
mol_5669	train
mol_5670	train
mol_5671	train
mol_5672	train
mol_5673	train
mol_5674	val
mol_5675	train
mol_5676	train
mol_5677	val
mol_5678	train
mol_5679	train
mol_5680	train
mol_5681	train
mol_5682	train
mol_5683	train
mol_5684	train
mol_5685	train
mol_5686	train
mol_5687	train
mol_5688	test
mol_5689	train
mol_5690	val
mol_5691	train
mol_5692	train
mol_5693	train
mol_5694	train
mol_5695	train
mol_5696	train
mol_5697	train
mol_5698	test
mol_5699	train
mol_5700	train
mol_5701	train
mol_5702	train
mol_5703	train
mol_5704	train
mol_5705	train
mol_5706	train
mol_5707	train
mol_5708	train
mol_5709	train
mol_5710	train
mol_5711	train
mol_5712	train
mol_5713	val
mol_5714	train
mol_5715	train
mol_5716	val
mol_5717	train
mol_5718	train
mol_5719	train
mol_5720	train
mol_5721	test
mol_5722	train
mol_5723	train
mol_5724	val
mol_5725	train
mol_5726	train
mol_5727	train
mol_5728	train
mol_5729	train
mol_5730	train
mol_5731	train
mol_5732	train
mol_5733	train
mol_5734	val
mol_5735	train
mol_5736	train
mol_5737	train
mol_5738	train
mol_5739	train
mol_5740	train
mol_5741	test
mol_5742	train
mol_5743	train
mol_5744	train
mol_5745	train
mol_5746	train
mol_5747	val
mol_5748	train
mol_5749	train
mol_5750	train
mol_5751	train
mol_5752	train
mol_5753	train
mol_5754	train
mol_5755	train
mol_5756	train
mol_5757	val
mol_5758	val
mol_5759	train
mol_5760	train
mol_5761	train
mol_5762	train
mol_5763	train
mol_5764	val
mol_5765	train
mol_5766	val
mol_5767	val
mol_5768	train
mol_5769	train
mol_5770	train
mol_5771	train
mol_5772	train
mol_5773	val
mol_5774	train
mol_5775	train
mol_5776	val
mol_5777	train
mol_5778	test
mol_5779	train
mol_5780	train
mol_5781	train
mol_5782	train
mol_5783	train
mol_5784	train
mol_5785	train
mol_5786	val
mol_5787	train
mol_5788	train
mol_5789	train
mol_5790	val
mol_5791	train
mol_5792	train
mol_5793	val
mol_5794	train
mol_5795	train
mol_5796	train
mol_5797	train
mol_5798	train
mol_5799	train
mol_5800	train
mol_5801	train
mol_5802	train
mol_5803	train
mol_5804	test
mol_5805	train
mol_5806	val
mol_5807	test
mol_5808	train
mol_5809	train
mol_5810	test
mol_5811	test
mol_5812	train
mol_5813	train
mol_5814	train
mol_5815	val
mol_5816	val
mol_5817	train
mol_5818	train
mol_5819	val
mol_5820	train
mol_5821	train
mol_5822	val
mol_5823	train
mol_5824	test
mol_5825	train
mol_5826	train
mol_5827	train
mol_5828	train
mol_5829	train
mol_5830	train
mol_5831	val
mol_5832	val
mol_5833	test
mol_5834	train
mol_5835	val
mol_5836	train
mol_5837	test
mol_5838	train
mol_5839	train
mol_5840	train
mol_5841	val
mol_5842	train
mol_5843	train
mol_5844	train
mol_5845	train
mol_5846	val
mol_5847	train
mol_5848	val
mol_5849	test
mol_5850	train
mol_5851	train
mol_5852	val
mol_5853	val
mol_5854	train
mol_5855	train
mol_5856	train
mol_5857	test
mol_5858	test
mol_5859	train
mol_5860	train
mol_5861	train
mol_5862	train
mol_5863	train
mol_5864	test
mol_5865	train
mol_5866	val
mol_5867	train
mol_5868	train
mol_5869	train
mol_5870	test
mol_5871	train
mol_5872	train
mol_5873	train
mol_5874	train
mol_5875	train
mol_5876	val
mol_5877	train
mol_5878	val
mol_5879	train
mol_5880	train
mol_5881	train
mol_5882	train
mol_5883	train
mol_5884	train
mol_5885	train
mol_5886	train
mol_5887	val
mol_5888	train
mol_5889	val
mol_5890	train
mol_5891	train
mol_5892	val
mol_5893	train
mol_5894	train
mol_5895	train
mol_5896	train
mol_5897	train
mol_5898	test
mol_5899	train
mol_5900	train
mol_5901	val
mol_5902	val
mol_5903	train
mol_5904	train
mol_5905	val
mol_5906	train
mol_5907	train
mol_5908	val
mol_5909	train
mol_5910	train
mol_5911	train
mol_5912	val
mol_5913	val
mol_5914	train
mol_5915	val
mol_5916	train
mol_5917	train
mol_5918	train
mol_5919	train
mol_5920	train
mol_5921	train
mol_5922	val
mol_5923	train
mol_5924	train
mol_5925	val
mol_5926	test
mol_5927	train
mol_5928	train
mol_5929	train
mol_5930	train
mol_5931	train
mol_5932	val
mol_5933	train
mol_5934	train
mol_5935	train
mol_5936	val
mol_5937	test
mol_5938	train
mol_5939	val
mol_5940	train
mol_5941	val
mol_5942	train
mol_5943	train
mol_5944	train
mol_5945	train
mol_5946	train
mol_5947	train
mol_5948	train
mol_5949	train
mol_5950	val
mol_5951	train
mol_5952	train
mol_5953	train
mol_5954	train
mol_5955	test
mol_5956	val
mol_5957	train
mol_5958	train
mol_5959	val
mol_5960	train
mol_5961	val
mol_5962	val
mol_5963	test
mol_5964	train
mol_5965	train
mol_5966	train
mol_5967	train
mol_5968	train
mol_5969	train
mol_5970	val
mol_5971	val
mol_5972	train
mol_5973	val
mol_5974	train
mol_5975	train
mol_5976	train
mol_5977	train
mol_5978	train
mol_5979	train
mol_5980	train
mol_5981	train
mol_5982	train
mol_5983	val
mol_5984	val
mol_5985	train
mol_5986	train
mol_5987	train
mol_5988	train
mol_5989	train
mol_5990	train
mol_5991	val
mol_5992	train
mol_5993	train
mol_5994	train
mol_5995	train
mol_5996	train
mol_5997	train
mol_5998	train
mol_5999	train
mol_6000	train
mol_6001	train
mol_6002	test
mol_6003	train
mol_6004	train
mol_6005	train
mol_6006	train
mol_6007	train
mol_6008	val
mol_6009	train
mol_6010	val
mol_6011	train
mol_6012	train
mol_6013	train
mol_6014	train
mol_6015	train
mol_6016	train
mol_6017	train
mol_6018	test
mol_6019	train
mol_6020	train
mol_6021	train
mol_6022	train
mol_6023	val
mol_6024	train
mol_6025	test
mol_6026	val
mol_6027	val
mol_6028	train
mol_6029	val
mol_6030	train
mol_6031	train
mol_6032	val
mol_6033	train
mol_6034	val
mol_6035	train
mol_6036	val
mol_6037	train
mol_6038	train
mol_6039	train
mol_6040	train
mol_6041	train
mol_6042	train
mol_6043	val
mol_6044	val
mol_6045	train
mol_6046	train
mol_6047	train
mol_6048	train
mol_6049	val
mol_6050	train
mol_6051	train
mol_6052	train
mol_6053	train
mol_6054	train
mol_6055	val
mol_6056	train
mol_6057	train
mol_6058	val
mol_6059	val
mol_6060	val
mol_6061	val
mol_6062	train
mol_6063	train
mol_6064	train
mol_6065	train
mol_6066	train
mol_6067	train
mol_6068	test
mol_6069	train
mol_6070	test
mol_6071	train
mol_6072	train
mol_6073	train
mol_6074	train
mol_6075	train
mol_6076	train
mol_6077	train
mol_6078	train
mol_6079	val
mol_6080	train
mol_6081	train
mol_6082	val
mol_6083	val
mol_6084	train
mol_6085	val
mol_6086	train
mol_6087	train
mol_6088	train
mol_6089	train
mol_6090	val
mol_6091	train
mol_6092	test
mol_6093	train
mol_6094	val
mol_6095	val
mol_6096	train
mol_6097	train
mol_6098	train
mol_6099	train
mol_6100	train
mol_6101	val
mol_6102	train
mol_6103	train
mol_6104	test
mol_6105	train
mol_6106	test
mol_6107	val
mol_6108	train
mol_6109	train
mol_6110	train
mol_6111	train
mol_6112	train
mol_6113	test
mol_6114	train
mol_6115	train
mol_6116	train
mol_6117	train
mol_6118	train
mol_6119	train
mol_6120	train
mol_6121	train
mol_6122	train
mol_6123	train
mol_6124	train
mol_6125	train
mol_6126	val
mol_6127	train
mol_6128	train
mol_6129	train
mol_6130	train
mol_6131	train
mol_6132	train
mol_6133	val
mol_6134	train
mol_6135	train
mol_6136	train
mol_6137	train
mol_6138	train
mol_6139	train
mol_6140	train
mol_6141	train
mol_6142	train
mol_6143	train
mol_6144	train
mol_6145	train
mol_6146	train
mol_6147	val
mol_6148	val
mol_6149	test
mol_6150	train
mol_6151	train
mol_6152	train
mol_6153	train
mol_6154	train
mol_6155	train
mol_6156	val
mol_6157	val
mol_6158	test
mol_6159	train
mol_6160	train
mol_6161	train
mol_6162	val
mol_6163	train
mol_6164	train
mol_6165	train
mol_6166	train
mol_6167	val
mol_6168	test
mol_6169	train
mol_6170	train
mol_6171	val
mol_6172	test
mol_6173	train
mol_6174	train
mol_6175	train
mol_6176	test
mol_6177	train
mol_6178	val
mol_6179	train
mol_6180	train
mol_6181	val
mol_6182	val
mol_6183	test
mol_6184	train
mol_6185	val
mol_6186	train
mol_6187	train
mol_6188	train
mol_6189	train
mol_6190	train
mol_6191	train
mol_6192	train
mol_6193	train
mol_6194	val
mol_6195	test
mol_6196	val
mol_6197	train
mol_6198	test
mol_6199	train
mol_6200	train
mol_6201	train
mol_6202	train
mol_6203	val
mol_6204	train
mol_6205	train
mol_6206	train
mol_6207	train
mol_6208	train
mol_6209	train
mol_6210	val
mol_6211	test
mol_6212	test
mol_6213	train
mol_6214	train
mol_6215	train
mol_6216	val
mol_6217	test
mol_6218	train
mol_6219	val
mol_6220	train
mol_6221	train
mol_6222	val
mol_6223	train
mol_6224	train
mol_6225	train
mol_6226	val
mol_6227	train
mol_6228	train
mol_6229	train
mol_6230	train
mol_6231	train
mol_6232	train
mol_6233	train
mol_6234	train
mol_6235	test
mol_6236	train
mol_6237	train
mol_6238	train
mol_6239	train
mol_6240	train
mol_6241	train
mol_6242	train
mol_6243	train
mol_6244	train
mol_6245	train
mol_6246	train
mol_6247	val
mol_6248	val
mol_6249	train
mol_6250	train
mol_6251	train
mol_6252	train
mol_6253	val
mol_6254	train
mol_6255	train
mol_6256	train
mol_6257	train
mol_6258	val
mol_6259	test
mol_6260	train
mol_6261	train
mol_6262	train
mol_6263	train
mol_6264	val
mol_6265	train
mol_6266	test
mol_6267	train
mol_6268	train
mol_6269	train
mol_6270	val
mol_6271	train
mol_6272	test
mol_6273	train
mol_6274	train
mol_6275	train
mol_6276	val
mol_6277	train
mol_6278	train
mol_6279	val
mol_6280	train
mol_6281	train
mol_6282	test
mol_6283	train
mol_6284	train
mol_6285	val
mol_6286	val
mol_6287	train
mol_6288	test
mol_6289	test
mol_6290	val
mol_6291	train
mol_6292	train
mol_6293	train
mol_6294	train
mol_6295	train
mol_6296	train
mol_6297	train
mol_6298	train
mol_6299	train
mol_6300	train
mol_6301	test
mol_6302	val
mol_6303	train
mol_6304	val
mol_6305	train
mol_6306	train
mol_6307	train
mol_6308	train
mol_6309	train
mol_6310	val
mol_6311	val
mol_6312	train
mol_6313	train
mol_6314	train
mol_6315	train
mol_6316	test
mol_6317	train
mol_6318	val
mol_6319	train
mol_6320	train
mol_6321	train
mol_6322	train
mol_6323	train
mol_6324	train
mol_6325	train
mol_6326	test
mol_6327	train
mol_6328	train
mol_6329	val
mol_6330	train
mol_6331	val
mol_6332	val
mol_6333	train
mol_6334	train
mol_6335	train
mol_6336	train
mol_6337	train
mol_6338	train
mol_6339	train
mol_6340	train
mol_6341	train
mol_6342	test
mol_6343	train
mol_6344	train
mol_6345	train
mol_6346	test
mol_6347	train
mol_6348	train
mol_6349	val
mol_6350	train
mol_6351	train
mol_6352	train
mol_6353	train
mol_6354	val
mol_6355	train
mol_6356	train
mol_6357	train
mol_6358	train
mol_6359	train
mol_6360	train
mol_6361	train
mol_6362	train
mol_6363	train
mol_6364	train
mol_6365	train
mol_6366	train
mol_6367	train
mol_6368	train
mol_6369	train
mol_6370	train
mol_6371	train
mol_6372	train
mol_6373	train
mol_6374	train
mol_6375	test
mol_6376	val
mol_6377	val
mol_6378	val
mol_6379	val
mol_6380	train
mol_6381	test
mol_6382	test
mol_6383	test
mol_6384	train
mol_6385	test
mol_6386	train
mol_6387	test
mol_6388	train
mol_6389	train
mol_6390	train
mol_6391	train
mol_6392	train
mol_6393	train
mol_6394	train
mol_6395	train
mol_6396	train
mol_6397	train
mol_6398	test
mol_6399	train
mol_6400	train
mol_6401	test
mol_6402	train
mol_6403	train
mol_6404	train
mol_6405	train
mol_6406	train
mol_6407	train
mol_6408	val
mol_6409	train
mol_6410	train
mol_6411	test
mol_6412	train
mol_6413	train
mol_6414	train
mol_6415	val
mol_6416	train
mol_6417	test
mol_6418	train
mol_6419	train
mol_6420	train
mol_6421	train
mol_6422	train
mol_6423	train
mol_6424	train
mol_6425	train
mol_6426	val
mol_6427	train
mol_6428	train
mol_6429	train
mol_6430	test
mol_6431	train
mol_6432	val
mol_6433	val
mol_6434	val
mol_6435	train
mol_6436	train
mol_6437	train
mol_6438	train
mol_6439	test
mol_6440	train
mol_6441	test
mol_6442	val
mol_6443	train
mol_6444	val
mol_6445	train
mol_6446	train
mol_6447	train
mol_6448	train
mol_6449	train
mol_6450	train
mol_6451	train
mol_6452	val
mol_6453	train
mol_6454	train
mol_6455	train
mol_6456	train
mol_6457	train
mol_6458	train
mol_6459	test
mol_6460	train
mol_6461	val
mol_6462	train
mol_6463	val
mol_6464	train
mol_6465	train
mol_6466	train
mol_6467	train
mol_6468	train
mol_6469	train
mol_6470	train
mol_6471	train
mol_6472	train
mol_6473	val
mol_6474	train
mol_6475	train
mol_6476	train
mol_6477	val
mol_6478	train
mol_6479	train
mol_6480	train
mol_6481	train
mol_6482	train
mol_6483	val
mol_6484	train
mol_6485	train
mol_6486	train
mol_6487	train
mol_6488	train
mol_6489	val
mol_6490	train
mol_6491	train
mol_6492	train
mol_6493	train
mol_6494	train
mol_6495	train
mol_6496	train
mol_6497	train
mol_6498	val
mol_6499	train
mol_6500	train
mol_6501	train
mol_6502	train
mol_6503	train
mol_6504	train
mol_6505	train
mol_6506	train
mol_6507	train
mol_6508	train
mol_6509	val
mol_6510	train
mol_6511	train
mol_6512	train
mol_6513	val
mol_6514	train
mol_6515	train
mol_6516	train
mol_6517	train
mol_6518	test
mol_6519	train
mol_6520	train
mol_6521	val
mol_6522	train
mol_6523	val
mol_6524	train
mol_6525	train
mol_6526	train
mol_6527	test
mol_6528	val
mol_6529	train
mol_6530	test
mol_6531	val
mol_6532	train
mol_6533	train
mol_6534	test
mol_6535	train
mol_6536	test
mol_6537	train
mol_6538	train
mol_6539	train
mol_6540	train
mol_6541	test
mol_6542	train
mol_6543	val
mol_6544	val
mol_6545	test
mol_6546	train
mol_6547	val
mol_6548	train
mol_6549	train
mol_6550	train
mol_6551	train
mol_6552	train
mol_6553	val
mol_6554	train
mol_6555	train
mol_6556	val
mol_6557	train
mol_6558	train
mol_6559	val
mol_6560	train
mol_6561	train
mol_6562	train
mol_6563	train
mol_6564	val
mol_6565	val
mol_6566	val
mol_6567	train
mol_6568	train
mol_6569	train
mol_6570	val
mol_6571	train
mol_6572	train
mol_6573	train
mol_6574	val
mol_6575	train
mol_6576	train
mol_6577	train
mol_6578	train
mol_6579	train
mol_6580	train
mol_6581	train
mol_6582	train
mol_6583	train
mol_6584	train
mol_6585	train
mol_6586	train
mol_6587	train
mol_6588	val
mol_6589	train
mol_6590	train
mol_6591	test
mol_6592	train
mol_6593	train
mol_6594	val
mol_6595	train
mol_6596	train
mol_6597	test
mol_6598	train
mol_6599	test
mol_6600	train
mol_6601	test
mol_6602	train
mol_6603	val
mol_6604	train
mol_6605	train
mol_6606	val
mol_6607	test
mol_6608	test
mol_6609	test
mol_6610	train
mol_6611	train
mol_6612	val
mol_6613	val
mol_6614	train
mol_6615	train
mol_6616	train
mol_6617	train
mol_6618	val
mol_6619	train
mol_6620	train
mol_6621	train
mol_6622	train
mol_6623	test
mol_6624	train
mol_6625	train
mol_6626	train
mol_6627	train
mol_6628	val
mol_6629	train
mol_6630	test
mol_6631	train
mol_6632	train
mol_6633	test
mol_6634	train
mol_6635	val
mol_6636	train
mol_6637	train
mol_6638	val
mol_6639	train
mol_6640	train
mol_6641	train
mol_6642	val
mol_6643	test
mol_6644	train
mol_6645	train
mol_6646	train
mol_6647	train
mol_6648	train
mol_6649	train
mol_6650	train
mol_6651	train
mol_6652	train
mol_6653	train
mol_6654	test
mol_6655	val
mol_6656	train
mol_6657	val
mol_6658	train
mol_6659	train
mol_6660	train
mol_6661	train
mol_6662	train
mol_6663	train
mol_6664	train
mol_6665	val
mol_6666	train
mol_6667	train
mol_6668	train
mol_6669	train
mol_6670	train
mol_6671	val
mol_6672	train
mol_6673	test
mol_6674	test
mol_6675	train
mol_6676	train
mol_6677	train
mol_6678	train
mol_6679	train
mol_6680	train
mol_6681	val
mol_6682	train
mol_6683	train
mol_6684	train
mol_6685	train
mol_6686	train
mol_6687	test
mol_6688	train
mol_6689	train
mol_6690	test
mol_6691	train
mol_6692	train
mol_6693	train
mol_6694	train
mol_6695	train
mol_6696	train
mol_6697	train
mol_6698	train
mol_6699	train
mol_6700	train
mol_6701	train
mol_6702	test
mol_6703	val
mol_6704	train
mol_6705	train
mol_6706	val
mol_6707	val
mol_6708	train
mol_6709	val
mol_6710	train
mol_6711	val
mol_6712	train
mol_6713	train
mol_6714	val
mol_6715	train
mol_6716	train
mol_6717	train
mol_6718	train
mol_6719	train
mol_6720	train
mol_6721	val
mol_6722	train
mol_6723	test
mol_6724	train
mol_6725	train
mol_6726	train
mol_6727	test
mol_6728	train
mol_6729	train
mol_6730	train
mol_6731	test
mol_6732	train
mol_6733	train
mol_6734	val
mol_6735	train
mol_6736	train
mol_6737	train
mol_6738	val
mol_6739	train
mol_6740	train
mol_6741	train
mol_6742	train
mol_6743	train
mol_6744	train
mol_6745	test
mol_6746	train
mol_6747	train
mol_6748	train
mol_6749	val
mol_6750	val
mol_6751	train
mol_6752	val
mol_6753	train
mol_6754	train
mol_6755	train
mol_6756	val
mol_6757	test
mol_6758	val
mol_6759	train
mol_6760	train
mol_6761	test
mol_6762	train
mol_6763	test
mol_6764	train
mol_6765	train
mol_6766	train
mol_6767	train
mol_6768	val
mol_6769	train
mol_6770	train
mol_6771	test
mol_6772	train
mol_6773	train
mol_6774	train
mol_6775	val
mol_6776	train
mol_6777	train
mol_6778	train
mol_6779	train
mol_6780	train
mol_6781	train
mol_6782	test
mol_6783	test
mol_6784	train
mol_6785	train
mol_6786	train
mol_6787	train
mol_6788	train
mol_6789	train
mol_6790	train
mol_6791	val
mol_6792	train
mol_6793	train
mol_6794	train
mol_6795	train
mol_6796	train
mol_6797	train
mol_6798	train
mol_6799	train
mol_6800	val
mol_6801	val
mol_6802	train
mol_6803	train
mol_6804	train
mol_6805	train
mol_6806	val
mol_6807	train
mol_6808	train
mol_6809	train
mol_6810	train
mol_6811	train
mol_6812	train
mol_6813	train
mol_6814	val
mol_6815	train
mol_6816	test
mol_6817	train
mol_6818	train
mol_6819	train
mol_6820	test
mol_6821	train
mol_6822	train
mol_6823	train
mol_6824	val
mol_6825	train
mol_6826	train
mol_6827	train
mol_6828	val
mol_6829	train
mol_6830	train
mol_6831	train
mol_6832	test
mol_6833	train
mol_6834	val
mol_6835	train
mol_6836	val
mol_6837	train
mol_6838	train
mol_6839	train
mol_6840	train
mol_6841	train
mol_6842	train
mol_6843	train
mol_6844	val
mol_6845	test
mol_6846	train
mol_6847	train
mol_6848	train
mol_6849	train
mol_6850	val
mol_6851	train
mol_6852	train
mol_6853	train
mol_6854	train
mol_6855	train
mol_6856	train
mol_6857	test
mol_6858	val
mol_6859	train
mol_6860	train
mol_6861	train
mol_6862	train
mol_6863	val
mol_6864	train
mol_6865	train
mol_6866	val
mol_6867	train
mol_6868	train
mol_6869	train
mol_6870	train
mol_6871	test
mol_6872	val
mol_6873	test
mol_6874	train
mol_6875	train
mol_6876	train
mol_6877	train
mol_6878	train
mol_6879	train
mol_6880	test
mol_6881	train
mol_6882	train
mol_6883	train
mol_6884	val
mol_6885	test
mol_6886	train
mol_6887	train
mol_6888	train
mol_6889	train
mol_6890	train
mol_6891	train
mol_6892	train
mol_6893	val
mol_6894	test
mol_6895	val
mol_6896	test
mol_6897	train
mol_6898	val
mol_6899	train
mol_6900	train
mol_6901	train
mol_6902	train
mol_6903	val
mol_6904	val
mol_6905	train
mol_6906	train
mol_6907	train
mol_6908	val
mol_6909	train
mol_6910	train
mol_6911	val
mol_6912	train
mol_6913	train
mol_6914	train
mol_6915	test
mol_6916	train
mol_6917	train
mol_6918	test
mol_6919	val
mol_6920	test
mol_6921	train
mol_6922	train
mol_6923	train
mol_6924	train
mol_6925	train
mol_6926	train
mol_6927	val
mol_6928	train
mol_6929	train
mol_6930	test
mol_6931	train
mol_6932	val
mol_6933	val
mol_6934	val
mol_6935	test
mol_6936	train
mol_6937	train
mol_6938	train
mol_6939	train
mol_6940	train
mol_6941	train
mol_6942	val
mol_6943	test
mol_6944	train
mol_6945	train
mol_6946	val
mol_6947	train
mol_6948	train
mol_6949	train
mol_6950	train
mol_6951	train
mol_6952	train
mol_6953	train
mol_6954	train
mol_6955	train
mol_6956	train
mol_6957	train
mol_6958	train
mol_6959	train
mol_6960	train
mol_6961	train
mol_6962	val
mol_6963	train
mol_6964	train
mol_6965	test
mol_6966	train
mol_6967	train
mol_6968	train
mol_6969	val
mol_6970	train
mol_6971	test
mol_6972	train
mol_6973	train
mol_6974	train
mol_6975	train
mol_6976	test
mol_6977	train
mol_6978	train
mol_6979	test
mol_6980	train
mol_6981	train
mol_6982	train
mol_6983	train
mol_6984	test
mol_6985	val
mol_6986	train
mol_6987	train
mol_6988	train
mol_6989	train
mol_6990	train
mol_6991	train
mol_6992	train
mol_6993	train
mol_6994	train
mol_6995	val
mol_6996	train
mol_6997	train
mol_6998	train
mol_6999	train
mol_7000	test
mol_7001	train
mol_7002	test
mol_7003	train
mol_7004	val
mol_7005	test
mol_7006	train
mol_7007	train
mol_7008	train
mol_7009	val
mol_7010	train
mol_7011	train
mol_7012	train
mol_7013	train
mol_7014	val
mol_7015	test
mol_7016	val
mol_7017	train
mol_7018	val
mol_7019	val
mol_7020	train
mol_7021	train
mol_7022	train
mol_7023	val
mol_7024	train
mol_7025	train
mol_7026	train
mol_7027	train
mol_7028	val
mol_7029	train
mol_7030	test
mol_7031	train
mol_7032	train
mol_7033	val
mol_7034	train
mol_7035	test
mol_7036	train
mol_7037	train
mol_7038	train
mol_7039	train
mol_7040	train
mol_7041	val
mol_7042	train
mol_7043	val
mol_7044	train
mol_7045	train
mol_7046	val
mol_7047	train
mol_7048	train
mol_7049	train
mol_7050	train
mol_7051	train
mol_7052	train
mol_7053	test
mol_7054	train
mol_7055	train
mol_7056	train
mol_7057	train
mol_7058	train
mol_7059	test
mol_7060	train
mol_7061	test
mol_7062	train
mol_7063	train
mol_7064	train
mol_7065	train
mol_7066	test
mol_7067	train
mol_7068	train
mol_7069	train
mol_7070	train
mol_7071	test
mol_7072	train
mol_7073	test
mol_7074	train
mol_7075	test
mol_7076	train
mol_7077	val
mol_7078	val
mol_7079	train
mol_7080	train
mol_7081	train
mol_7082	train
mol_7083	train
mol_7084	val
mol_7085	val
mol_7086	train
mol_7087	train
mol_7088	train
mol_7089	test
mol_7090	train
mol_7091	test
mol_7092	val
mol_7093	test
mol_7094	train
mol_7095	train
mol_7096	val
mol_7097	train
mol_7098	train
mol_7099	train
mol_7100	test
mol_7101	test
mol_7102	train
mol_7103	val
mol_7104	train
mol_7105	train
mol_7106	train
mol_7107	val
mol_7108	train
mol_7109	train
mol_7110	train
mol_7111	val
mol_7112	train
mol_7113	train
mol_7114	val
mol_7115	train
mol_7116	train
mol_7117	train
mol_7118	test
mol_7119	train
mol_7120	val
mol_7121	train
mol_7122	train
mol_7123	train
mol_7124	train
mol_7125	val
mol_7126	val
mol_7127	val
mol_7128	train
mol_7129	test
mol_7130	train
mol_7131	val
mol_7132	train
mol_7133	train
mol_7134	train
mol_7135	train
mol_7136	test
mol_7137	train
mol_7138	val
mol_7139	val
mol_7140	train
mol_7141	val
mol_7142	val
mol_7143	train
mol_7144	val
mol_7145	train
mol_7146	train
mol_7147	val
mol_7148	train
mol_7149	train
mol_7150	train
mol_7151	train
mol_7152	test
mol_7153	train
mol_7154	train
mol_7155	train
mol_7156	train
mol_7157	train
mol_7158	train
mol_7159	train
mol_7160	val
mol_7161	train
mol_7162	train
mol_7163	train
mol_7164	train
mol_7165	val
mol_7166	train
mol_7167	train
mol_7168	val
mol_7169	train
mol_7170	train
mol_7171	train
mol_7172	train
mol_7173	val
mol_7174	test
mol_7175	train
mol_7176	val
mol_7177	train
mol_7178	train
mol_7179	train
mol_7180	val
mol_7181	val
mol_7182	train
mol_7183	train
mol_7184	train
mol_7185	test
mol_7186	val
mol_7187	val
mol_7188	train
mol_7189	train
mol_7190	train
mol_7191	val
mol_7192	train
mol_7193	val
mol_7194	train
mol_7195	val
mol_7196	train
mol_7197	train
mol_7198	train
mol_7199	train
mol_7200	train
mol_7201	test
mol_7202	train
mol_7203	val
mol_7204	val
mol_7205	train
mol_7206	train
mol_7207	train
mol_7208	train
mol_7209	train
mol_7210	test
mol_7211	train
mol_7212	val
mol_7213	train
mol_7214	test
mol_7215	val
mol_7216	train
mol_7217	val
mol_7218	train
mol_7219	train
mol_7220	train
mol_7221	train
mol_7222	train
mol_7223	test
mol_7224	val
mol_7225	train
mol_7226	train
mol_7227	train
mol_7228	train
mol_7229	train
mol_7230	train
mol_7231	train
mol_7232	train
mol_7233	train
mol_7234	test
mol_7235	train
mol_7236	val
mol_7237	train
mol_7238	train
mol_7239	train
mol_7240	train
mol_7241	train
mol_7242	val
mol_7243	train
mol_7244	val
mol_7245	train
mol_7246	val
mol_7247	val
mol_7248	train
mol_7249	train
mol_7250	val
mol_7251	test
mol_7252	val
mol_7253	train
mol_7254	train
mol_7255	val
mol_7256	train
mol_7257	test
mol_7258	val
mol_7259	val
mol_7260	train
mol_7261	val
mol_7262	val
mol_7263	val
mol_7264	train
mol_7265	train
mol_7266	val
mol_7267	train
mol_7268	train
mol_7269	train
mol_7270	val
mol_7271	train
mol_7272	train
mol_7273	train
mol_7274	test
mol_7275	train
mol_7276	train
mol_7277	train
mol_7278	train
mol_7279	train
mol_7280	train
mol_7281	train
mol_7282	train
mol_7283	train
mol_7284	train
mol_7285	train
mol_7286	train
mol_7287	train
mol_7288	val
mol_7289	train
mol_7290	val
mol_7291	train
mol_7292	train
mol_7293	train
mol_7294	train
mol_7295	train
mol_7296	train
mol_7297	train
mol_7298	val
mol_7299	val
mol_7300	train
mol_7301	train
mol_7302	train
mol_7303	val
mol_7304	train
mol_7305	train
mol_7306	train
mol_7307	train
mol_7308	val
mol_7309	train
mol_7310	test
mol_7311	val
mol_7312	train
mol_7313	val
mol_7314	train
mol_7315	val
mol_7316	train
mol_7317	train
mol_7318	train
mol_7319	train
mol_7320	train
mol_7321	train
mol_7322	train
mol_7323	test
mol_7324	train
mol_7325	train
mol_7326	val
mol_7327	train
mol_7328	train
mol_7329	train
mol_7330	train
mol_7331	train
mol_7332	val
mol_7333	val
mol_7334	train
mol_7335	train
mol_7336	val
mol_7337	train
mol_7338	train
mol_7339	train
mol_7340	train
mol_7341	test
mol_7342	train
mol_7343	val
mol_7344	train
mol_7345	val
mol_7346	train
mol_7347	train
mol_7348	val
mol_7349	train
mol_7350	test
mol_7351	train
mol_7352	val
mol_7353	train
mol_7354	test
mol_7355	train
mol_7356	train
mol_7357	train
mol_7358	train
mol_7359	train
mol_7360	train
mol_7361	val
mol_7362	train
mol_7363	train
mol_7364	train
mol_7365	train
mol_7366	train
mol_7367	train
mol_7368	val
mol_7369	train
mol_7370	train
mol_7371	train
mol_7372	test
mol_7373	train
mol_7374	val
mol_7375	train
mol_7376	train
mol_7377	val
mol_7378	test
mol_7379	train
mol_7380	train
mol_7381	test
mol_7382	val
mol_7383	train
mol_7384	val
mol_7385	val
mol_7386	train
mol_7387	train
mol_7388	train
mol_7389	test
mol_7390	val
mol_7391	train
mol_7392	val
mol_7393	train
mol_7394	val
mol_7395	train
mol_7396	val
mol_7397	train
mol_7398	val
mol_7399	train
mol_7400	train
mol_7401	train
mol_7402	train
mol_7403	val
mol_7404	train
mol_7405	train
mol_7406	test
mol_7407	train
mol_7408	train
mol_7409	train
mol_7410	train
mol_7411	train
mol_7412	test
mol_7413	train
mol_7414	train
mol_7415	train
mol_7416	train
mol_7417	test
mol_7418	train
mol_7419	train
mol_7420	train
mol_7421	train
mol_7422	val
mol_7423	train
mol_7424	train
mol_7425	train
mol_7426	test
mol_7427	train
mol_7428	train
mol_7429	train
mol_7430	val
mol_7431	test
mol_7432	train
mol_7433	train
mol_7434	train
mol_7435	train
mol_7436	train
mol_7437	val
mol_7438	val
mol_7439	train
mol_7440	test
mol_7441	train
mol_7442	test
mol_7443	train
mol_7444	train
mol_7445	train
mol_7446	train
mol_7447	train
mol_7448	test
mol_7449	train
mol_7450	train
mol_7451	val
mol_7452	train
mol_7453	train
mol_7454	train
mol_7455	train
mol_7456	train
mol_7457	train
mol_7458	train
mol_7459	train
mol_7460	train
mol_7461	train
mol_7462	train
mol_7463	train
mol_7464	train
mol_7465	train
mol_7466	train
mol_7467	val
mol_7468	train
mol_7469	train
mol_7470	train
mol_7471	test
mol_7472	train
mol_7473	train
mol_7474	train
mol_7475	train
mol_7476	train
mol_7477	train
mol_7478	test
mol_7479	train
mol_7480	test
mol_7481	test
mol_7482	train
mol_7483	val
mol_7484	train
mol_7485	test
mol_7486	train
mol_7487	train
mol_7488	train
mol_7489	test
mol_7490	train
mol_7491	train
mol_7492	train
mol_7493	train
mol_7494	train
mol_7495	train
mol_7496	train
mol_7497	train
mol_7498	train
mol_7499	train
mol_7500	train
mol_7501	train
mol_7502	train
mol_7503	train
mol_7504	val
mol_7505	train
mol_7506	train
mol_7507	train
mol_7508	val
mol_7509	test
mol_7510	val
mol_7511	train
mol_7512	train
mol_7513	train
mol_7514	train
mol_7515	train
mol_7516	train
mol_7517	train
mol_7518	test
mol_7519	val
mol_7520	train
mol_7521	train
mol_7522	train
mol_7523	train
mol_7524	train
mol_7525	train
mol_7526	train
mol_7527	train
mol_7528	train
mol_7529	train
mol_7530	train
mol_7531	val
mol_7532	train
mol_7533	train
mol_7534	test
mol_7535	val
mol_7536	val
mol_7537	train
mol_7538	train
mol_7539	train
mol_7540	val
mol_7541	train
mol_7542	test
mol_7543	train
mol_7544	train
mol_7545	val
mol_7546	test
mol_7547	train
mol_7548	val
mol_7549	train
mol_7550	train
mol_7551	val
mol_7552	val
mol_7553	train
mol_7554	train
mol_7555	train
mol_7556	test
mol_7557	train
mol_7558	train
mol_7559	train
mol_7560	train
mol_7561	train
mol_7562	val
mol_7563	train
mol_7564	train
mol_7565	val
mol_7566	val
mol_7567	val
mol_7568	val
mol_7569	val
mol_7570	train
mol_7571	train
mol_7572	test
mol_7573	train
mol_7574	val
mol_7575	val
mol_7576	train
mol_7577	train
mol_7578	train
mol_7579	train
mol_7580	val
mol_7581	val
mol_7582	train
mol_7583	train
mol_7584	val
mol_7585	train
mol_7586	train
mol_7587	train
mol_7588	test
mol_7589	val
mol_7590	val
mol_7591	train
mol_7592	train
mol_7593	val
mol_7594	train
mol_7595	val
mol_7596	train
mol_7597	train
mol_7598	train
mol_7599	val
mol_7600	train
mol_7601	train
mol_7602	test
mol_7603	train
mol_7604	train
mol_7605	train
mol_7606	train
mol_7607	val
mol_7608	train
mol_7609	train
mol_7610	train
mol_7611	train
mol_7612	train
mol_7613	test
mol_7614	train
mol_7615	train
mol_7616	train
mol_7617	val
mol_7618	train
mol_7619	train
mol_7620	val
mol_7621	train
mol_7622	train
mol_7623	train
mol_7624	train
mol_7625	train
mol_7626	train
mol_7627	train
mol_7628	train
mol_7629	test
mol_7630	train
mol_7631	train
mol_7632	test
mol_7633	val
mol_7634	train
mol_7635	val
mol_7636	train
mol_7637	train
mol_7638	train
mol_7639	train
mol_7640	train
mol_7641	train
mol_7642	val
mol_7643	train
mol_7644	train
mol_7645	train
mol_7646	train
mol_7647	train
mol_7648	train
mol_7649	train
mol_7650	val
mol_7651	train
mol_7652	train
mol_7653	train
mol_7654	train
mol_7655	test
mol_7656	train
mol_7657	train
mol_7658	val
mol_7659	test
mol_7660	train
mol_7661	train
mol_7662	train
mol_7663	val
mol_7664	train
mol_7665	test
mol_7666	val
mol_7667	train
mol_7668	val
mol_7669	val
mol_7670	val
mol_7671	train
mol_7672	train
mol_7673	test
mol_7674	train
mol_7675	val
mol_7676	train
mol_7677	train
mol_7678	train
mol_7679	val
mol_7680	val
mol_7681	train
mol_7682	test
mol_7683	train
mol_7684	train
mol_7685	train
mol_7686	train
mol_7687	train
mol_7688	test
mol_7689	val
mol_7690	train
mol_7691	test
mol_7692	train
mol_7693	test
mol_7694	train
mol_7695	train
mol_7696	test
mol_7697	train
mol_7698	train
mol_7699	train
mol_7700	train
mol_7701	train
mol_7702	val
mol_7703	train
mol_7704	train
mol_7705	train
mol_7706	train
mol_7707	train
mol_7708	train
mol_7709	train
mol_7710	train
mol_7711	train
mol_7712	train
mol_7713	train
mol_7714	train
mol_7715	train
mol_7716	train
mol_7717	train
mol_7718	train
mol_7719	train
mol_7720	test
mol_7721	train
mol_7722	train
mol_7723	val
mol_7724	train
mol_7725	train
mol_7726	train
mol_7727	train
mol_7728	train
mol_7729	val
mol_7730	val
mol_7731	train
mol_7732	test
mol_7733	train
mol_7734	test
mol_7735	train
mol_7736	train
mol_7737	train
mol_7738	train
mol_7739	val
mol_7740	val
mol_7741	train
mol_7742	val
mol_7743	train
mol_7744	val
mol_7745	train
mol_7746	train
mol_7747	train
mol_7748	val
mol_7749	val
mol_7750	train
mol_7751	train
mol_7752	train
mol_7753	val
mol_7754	train
mol_7755	test
mol_7756	val
mol_7757	train
mol_7758	train
mol_7759	train
mol_7760	val
mol_7761	train
mol_7762	val
mol_7763	train
mol_7764	train
mol_7765	train
mol_7766	test
mol_7767	val
mol_7768	train
mol_7769	val
mol_7770	train
mol_7771	train
mol_7772	train
mol_7773	train
mol_7774	train
mol_7775	train
mol_7776	train
mol_7777	train
mol_7778	train
mol_7779	val
mol_7780	train
mol_7781	train
mol_7782	train
mol_7783	train
mol_7784	train
mol_7785	val
mol_7786	val
mol_7787	train
mol_7788	train
mol_7789	train
mol_7790	train
mol_7791	train
mol_7792	train
mol_7793	val
mol_7794	test
mol_7795	train
mol_7796	val
mol_7797	train
mol_7798	train
mol_7799	test
mol_7800	train
mol_7801	train
mol_7802	val
mol_7803	test
mol_7804	train
mol_7805	train
mol_7806	train
mol_7807	val
mol_7808	train
mol_7809	val
mol_7810	train
mol_7811	train
mol_7812	train
mol_7813	val
mol_7814	train
mol_7815	train
mol_7816	test
mol_7817	train
mol_7818	train
mol_7819	train
mol_7820	test
mol_7821	train
mol_7822	train
mol_7823	val
mol_7824	val
mol_7825	train
mol_7826	train
mol_7827	train
mol_7828	val
mol_7829	train
mol_7830	train
mol_7831	val
mol_7832	train
mol_7833	val
mol_7834	train
mol_7835	val
mol_7836	val
mol_7837	val
mol_7838	test
mol_7839	train
mol_7840	train
mol_7841	train
mol_7842	train
mol_7843	train
mol_7844	train
mol_7845	train
mol_7846	test
mol_7847	train
mol_7848	train
mol_7849	train
mol_7850	val
mol_7851	test
mol_7852	val
mol_7853	train
mol_7854	val
mol_7855	train
mol_7856	val
mol_7857	val
mol_7858	train
mol_7859	train
mol_7860	val
mol_7861	train
mol_7862	test
mol_7863	train
mol_7864	train
mol_7865	train
mol_7866	val
mol_7867	train
mol_7868	train
mol_7869	test
mol_7870	train
mol_7871	val
mol_7872	train
mol_7873	train
mol_7874	val
mol_7875	val
mol_7876	val
mol_7877	train
mol_7878	val
mol_7879	val
mol_7880	val
mol_7881	train
mol_7882	val
mol_7883	train
mol_7884	val
mol_7885	train
mol_7886	train
mol_7887	train
mol_7888	val
mol_7889	train
mol_7890	train
mol_7891	train
mol_7892	train
mol_7893	train
mol_7894	train
mol_7895	train
mol_7896	val
mol_7897	test
mol_7898	train
mol_7899	train
mol_7900	train
mol_7901	train
mol_7902	train
mol_7903	train
mol_7904	train
mol_7905	train
mol_7906	train
mol_7907	train
mol_7908	val
mol_7909	val
mol_7910	train
mol_7911	train
mol_7912	train
mol_7913	val
mol_7914	train
mol_7915	train
mol_7916	train
mol_7917	train
mol_7918	val
mol_7919	test
mol_7920	train
mol_7921	train
mol_7922	train
mol_7923	train
mol_7924	val
mol_7925	train
mol_7926	test
mol_7927	train
mol_7928	train
mol_7929	train
mol_7930	train
mol_7931	val
mol_7932	train
mol_7933	train
mol_7934	train
mol_7935	train
mol_7936	train
mol_7937	val
mol_7938	train
mol_7939	train
mol_7940	train
mol_7941	test
mol_7942	train
mol_7943	train
mol_7944	train
mol_7945	test
mol_7946	train
mol_7947	train
mol_7948	train
mol_7949	train
mol_7950	train
mol_7951	train
mol_7952	train
mol_7953	train
mol_7954	test
mol_7955	train
mol_7956	train
mol_7957	train
mol_7958	train
mol_7959	train
mol_7960	train
mol_7961	train
mol_7962	train
mol_7963	train
mol_7964	train
mol_7965	val
mol_7966	train
mol_7967	train
mol_7968	train
mol_7969	train
mol_7970	train
mol_7971	train
mol_7972	train
mol_7973	train
mol_7974	val
mol_7975	train
mol_7976	train
mol_7977	train
mol_7978	val
mol_7979	train
mol_7980	val
mol_7981	train
mol_7982	train
mol_7983	val
mol_7984	train
mol_7985	val
mol_7986	train
mol_7987	train
mol_7988	train
mol_7989	train
mol_7990	test
mol_7991	train
mol_7992	val
mol_7993	train
mol_7994	val
mol_7995	train
mol_7996	val
mol_7997	train
mol_7998	train
mol_7999	train
mol_8000	test
mol_8001	train
mol_8002	train
mol_8003	train
mol_8004	test
mol_8005	train
mol_8006	train
mol_8007	train
mol_8008	train
mol_8009	train
mol_8010	train
mol_8011	train
mol_8012	train
mol_8013	val
mol_8014	val
mol_8015	train
mol_8016	train
mol_8017	test
mol_8018	train
mol_8019	test
mol_8020	train
mol_8021	train
mol_8022	train
mol_8023	train
mol_8024	train
mol_8025	test
mol_8026	train
mol_8027	train
mol_8028	train
mol_8029	train
mol_8030	train
mol_8031	val
mol_8032	train
mol_8033	train
mol_8034	train
mol_8035	train
mol_8036	train
mol_8037	val
mol_8038	test
mol_8039	train
mol_8040	train
mol_8041	train
mol_8042	train
mol_8043	test
mol_8044	train
mol_8045	train
mol_8046	train
mol_8047	val
mol_8048	train
mol_8049	train
mol_8050	train
mol_8051	train
mol_8052	train
mol_8053	train
mol_8054	train
mol_8055	train
mol_8056	test
mol_8057	train
mol_8058	train
mol_8059	train
mol_8060	val
mol_8061	train
mol_8062	train
mol_8063	train
mol_8064	train
mol_8065	val
mol_8066	train
mol_8067	train
mol_8068	train
mol_8069	train
mol_8070	val
mol_8071	train
mol_8072	test
mol_8073	train
mol_8074	train
mol_8075	val
mol_8076	train
mol_8077	train
mol_8078	train
mol_8079	train
mol_8080	test
mol_8081	val
mol_8082	test
mol_8083	train
mol_8084	train
mol_8085	train
mol_8086	train
mol_8087	train
mol_8088	train
mol_8089	train
mol_8090	train
mol_8091	train
mol_8092	test
mol_8093	train
mol_8094	train
mol_8095	train
mol_8096	train
mol_8097	train
mol_8098	train
mol_8099	train
mol_8100	train
mol_8101	val
mol_8102	val
mol_8103	val
mol_8104	train
mol_8105	train
mol_8106	train
mol_8107	train
mol_8108	test
mol_8109	train
mol_8110	train
mol_8111	train
mol_8112	train
mol_8113	val
mol_8114	train
mol_8115	train
mol_8116	train
mol_8117	val
mol_8118	train
mol_8119	val
mol_8120	train
mol_8121	train
mol_8122	train
mol_8123	val
mol_8124	val
mol_8125	train
mol_8126	train
mol_8127	test
mol_8128	train
mol_8129	train
mol_8130	train
mol_8131	val
mol_8132	train
mol_8133	train
mol_8134	train
mol_8135	train
mol_8136	train
mol_8137	train
mol_8138	train
mol_8139	test
mol_8140	test
mol_8141	val
mol_8142	train
mol_8143	train
mol_8144	val
mol_8145	val
mol_8146	train
mol_8147	val
mol_8148	test
mol_8149	train
mol_8150	train
mol_8151	train
mol_8152	train
mol_8153	val
mol_8154	test
mol_8155	train
mol_8156	val
mol_8157	train
mol_8158	train
mol_8159	train
mol_8160	val
mol_8161	train
mol_8162	val
mol_8163	test
mol_8164	train
mol_8165	test
mol_8166	train
mol_8167	train
mol_8168	train
mol_8169	val
mol_8170	train
mol_8171	val
mol_8172	train
mol_8173	train
mol_8174	train
mol_8175	train
mol_8176	val
mol_8177	val
mol_8178	train
mol_8179	train
mol_8180	train
mol_8181	val
mol_8182	train
mol_8183	train
mol_8184	train
mol_8185	val
mol_8186	train
mol_8187	train
mol_8188	val
mol_8189	train
mol_8190	val
mol_8191	train
mol_8192	test
mol_8193	train
mol_8194	test
mol_8195	train
mol_8196	train
mol_8197	test
mol_8198	test
mol_8199	val
mol_8200	train
mol_8201	val
mol_8202	test
mol_8203	train
mol_8204	train
mol_8205	val
mol_8206	train
mol_8207	train
mol_8208	train
mol_8209	train
mol_8210	val
mol_8211	train
mol_8212	train
mol_8213	test
mol_8214	test
mol_8215	train
mol_8216	train
mol_8217	val
mol_8218	train
mol_8219	train
mol_8220	train
mol_8221	train
mol_8222	train
mol_8223	train
mol_8224	train
mol_8225	val
mol_8226	train
mol_8227	train
mol_8228	val
mol_8229	val
mol_8230	val
mol_8231	train
mol_8232	train
mol_8233	test
mol_8234	train
mol_8235	train
mol_8236	train
mol_8237	val
mol_8238	train
mol_8239	train
mol_8240	train
mol_8241	val
mol_8242	train
mol_8243	train
mol_8244	train
mol_8245	val
mol_8246	train
mol_8247	train
mol_8248	train
mol_8249	val
mol_8250	val
mol_8251	train
mol_8252	train
mol_8253	train
mol_8254	train
mol_8255	train
mol_8256	train
mol_8257	train
mol_8258	val
mol_8259	train
mol_8260	test
mol_8261	train
mol_8262	train
mol_8263	val
mol_8264	train
mol_8265	train
mol_8266	train
mol_8267	train
mol_8268	train
mol_8269	val
mol_8270	val
mol_8271	test
mol_8272	train
mol_8273	train
mol_8274	test
mol_8275	train
mol_8276	val
mol_8277	train
mol_8278	val
mol_8279	val
mol_8280	train
mol_8281	train
mol_8282	train
mol_8283	train
mol_8284	train
mol_8285	train
mol_8286	train
mol_8287	train
mol_8288	train
mol_8289	train
mol_8290	train
mol_8291	train
mol_8292	train
mol_8293	val
mol_8294	train
mol_8295	val
mol_8296	train
mol_8297	train
mol_8298	train
mol_8299	train
mol_8300	train
mol_8301	val
mol_8302	train
mol_8303	test
mol_8304	train
mol_8305	train
mol_8306	test
mol_8307	train
mol_8308	val
mol_8309	train
mol_8310	train
mol_8311	test
mol_8312	train
mol_8313	train
mol_8314	train
mol_8315	val
mol_8316	train
mol_8317	train
mol_8318	test
mol_8319	train
mol_8320	train
mol_8321	val
mol_8322	train
mol_8323	train
mol_8324	val
mol_8325	train
mol_8326	train
mol_8327	train
mol_8328	val
mol_8329	train
mol_8330	train
mol_8331	val
mol_8332	val
mol_8333	train
mol_8334	train
mol_8335	train
mol_8336	train
mol_8337	train
mol_8338	train
mol_8339	train
mol_8340	train
mol_8341	train
mol_8342	train
mol_8343	train
mol_8344	train
mol_8345	test
mol_8346	val
mol_8347	train
mol_8348	train
mol_8349	test
mol_8350	train
mol_8351	val
mol_8352	train
mol_8353	train
mol_8354	train
mol_8355	train
mol_8356	train
mol_8357	train
mol_8358	train
mol_8359	train
mol_8360	train
mol_8361	val
mol_8362	test
mol_8363	train
mol_8364	train
mol_8365	val
mol_8366	train
mol_8367	train
mol_8368	train
mol_8369	train
mol_8370	train
mol_8371	train
mol_8372	val
mol_8373	train
mol_8374	val
mol_8375	test
mol_8376	train
mol_8377	train
mol_8378	train
mol_8379	test
mol_8380	train
mol_8381	train
mol_8382	train
mol_8383	train
mol_8384	train
mol_8385	val
mol_8386	val
mol_8387	train
mol_8388	train
mol_8389	train
mol_8390	val
mol_8391	test
mol_8392	val
mol_8393	train
mol_8394	train
mol_8395	train
mol_8396	train
mol_8397	train
mol_8398	val
mol_8399	train
mol_8400	train
mol_8401	train
mol_8402	train
mol_8403	train
mol_8404	train
mol_8405	val
mol_8406	test
mol_8407	val
mol_8408	train
mol_8409	val
mol_8410	test
mol_8411	train
mol_8412	train
mol_8413	train
mol_8414	train
mol_8415	train
mol_8416	train
mol_8417	train
mol_8418	train
mol_8419	val
mol_8420	train
mol_8421	val
mol_8422	train
mol_8423	train
mol_8424	test
mol_8425	train
mol_8426	test
mol_8427	val
mol_8428	train
mol_8429	train
mol_8430	train
mol_8431	test
mol_8432	train
mol_8433	train
mol_8434	train
mol_8435	train
mol_8436	train
mol_8437	train
mol_8438	train
mol_8439	val
mol_8440	train
mol_8441	train
mol_8442	train
mol_8443	train
mol_8444	train
mol_8445	train
mol_8446	train
mol_8447	train
mol_8448	train
mol_8449	train
mol_8450	train
mol_8451	train
mol_8452	train
mol_8453	val
mol_8454	test
mol_8455	train
mol_8456	train
mol_8457	train
mol_8458	train
mol_8459	train
mol_8460	val
mol_8461	train
mol_8462	train
mol_8463	train
mol_8464	train
mol_8465	test
mol_8466	test
mol_8467	train
mol_8468	train
mol_8469	train
mol_8470	train
mol_8471	test
mol_8472	train
mol_8473	val
mol_8474	train
mol_8475	train
mol_8476	test
mol_8477	train
mol_8478	train
mol_8479	train
mol_8480	train
mol_8481	train
mol_8482	train
mol_8483	train
mol_8484	val
mol_8485	test
mol_8486	train
mol_8487	train
mol_8488	train
mol_8489	train
mol_8490	train
mol_8491	train
mol_8492	train
mol_8493	train
mol_8494	test
mol_8495	test
mol_8496	val
mol_8497	train
mol_8498	train
mol_8499	train
mol_8500	val
mol_8501	train
mol_8502	train
mol_8503	test
mol_8504	train
mol_8505	train
mol_8506	val
mol_8507	train
mol_8508	val
mol_8509	val
mol_8510	train
mol_8511	train
mol_8512	train
mol_8513	train
mol_8514	train
mol_8515	train
mol_8516	train
mol_8517	train
mol_8518	val
mol_8519	val
mol_8520	val
mol_8521	train
mol_8522	train
mol_8523	train
mol_8524	train
mol_8525	val
mol_8526	train
mol_8527	train
mol_8528	val
mol_8529	train
mol_8530	val
mol_8531	train
mol_8532	train
mol_8533	train
mol_8534	val
mol_8535	train
mol_8536	train
mol_8537	val
mol_8538	train
mol_8539	train
mol_8540	val
mol_8541	test
mol_8542	train
mol_8543	val
mol_8544	train
mol_8545	train
mol_8546	train
mol_8547	train
mol_8548	val
mol_8549	test
mol_8550	train
mol_8551	train
mol_8552	train
mol_8553	train
mol_8554	train
mol_8555	train
mol_8556	train
mol_8557	train
mol_8558	train
mol_8559	train
mol_8560	train
mol_8561	train
mol_8562	train
mol_8563	test
mol_8564	train
mol_8565	train
mol_8566	test
mol_8567	train
mol_8568	train
mol_8569	train
mol_8570	val
mol_8571	val
mol_8572	train
mol_8573	train
mol_8574	train
mol_8575	val
mol_8576	train
mol_8577	val
mol_8578	test
mol_8579	train
mol_8580	train
mol_8581	val
mol_8582	test
mol_8583	train
mol_8584	train
mol_8585	train
mol_8586	val
mol_8587	train
mol_8588	val
mol_8589	train
mol_8590	train
mol_8591	train
mol_8592	train
mol_8593	train
mol_8594	train
mol_8595	train
mol_8596	train
mol_8597	train
mol_8598	train
mol_8599	train
mol_8600	train
mol_8601	train
mol_8602	test
mol_8603	train
mol_8604	train
mol_8605	train
mol_8606	val
mol_8607	train
mol_8608	val
mol_8609	train
mol_8610	train
mol_8611	train
mol_8612	train
mol_8613	train
mol_8614	train
mol_8615	train
mol_8616	train
mol_8617	train
mol_8618	val
mol_8619	train
mol_8620	val
mol_8621	train
mol_8622	train
mol_8623	train
mol_8624	train
mol_8625	train
mol_8626	val
mol_8627	train
mol_8628	train
mol_8629	train
mol_8630	val
mol_8631	train
mol_8632	val
mol_8633	train
mol_8634	train
mol_8635	val
mol_8636	train
mol_8637	train
mol_8638	val
mol_8639	train
mol_8640	train
mol_8641	train
mol_8642	train
mol_8643	train
mol_8644	train
mol_8645	train
mol_8646	train
mol_8647	train
mol_8648	train
mol_8649	val
mol_8650	val
mol_8651	val
mol_8652	train
mol_8653	train
mol_8654	train
mol_8655	val
mol_8656	train
mol_8657	train
mol_8658	train
mol_8659	train
mol_8660	val
mol_8661	val
mol_8662	train
mol_8663	train
mol_8664	train
mol_8665	val
mol_8666	train
mol_8667	val
mol_8668	train
mol_8669	train
mol_8670	train
mol_8671	train
mol_8672	train
mol_8673	train
mol_8674	val
mol_8675	train
mol_8676	val
mol_8677	test
mol_8678	val
mol_8679	train
mol_8680	train
mol_8681	val
mol_8682	train
mol_8683	train
mol_8684	train
mol_8685	train
mol_8686	train
mol_8687	train
mol_8688	train
mol_8689	train
mol_8690	train
mol_8691	val
mol_8692	train
mol_8693	train
mol_8694	train
mol_8695	train
mol_8696	train
mol_8697	train
mol_8698	val
mol_8699	train
mol_8700	train
mol_8701	val
mol_8702	train
mol_8703	train
mol_8704	test
mol_8705	train
mol_8706	train
mol_8707	train
mol_8708	train
mol_8709	val
mol_8710	test
mol_8711	train
mol_8712	val
mol_8713	val
mol_8714	train
mol_8715	val
mol_8716	train
mol_8717	train
mol_8718	train
mol_8719	train
mol_8720	train
mol_8721	train
mol_8722	train
mol_8723	test
mol_8724	train
mol_8725	test
mol_8726	train
mol_8727	val
mol_8728	train
mol_8729	train
mol_8730	train
mol_8731	train
mol_8732	val
mol_8733	train
mol_8734	train
mol_8735	train
mol_8736	train
mol_8737	train
mol_8738	train
mol_8739	test
mol_8740	val
mol_8741	train
mol_8742	test
mol_8743	train
mol_8744	train
mol_8745	train
mol_8746	train
mol_8747	train
mol_8748	train
mol_8749	train
mol_8750	val
mol_8751	train
mol_8752	train
mol_8753	train
mol_8754	train
mol_8755	val
mol_8756	train
mol_8757	train
mol_8758	val
mol_8759	train
mol_8760	train
mol_8761	train
mol_8762	val
mol_8763	train
mol_8764	val
mol_8765	train
mol_8766	train
mol_8767	train
mol_8768	train
mol_8769	train
mol_8770	train
mol_8771	train
mol_8772	train
mol_8773	train
mol_8774	train
mol_8775	train
mol_8776	val
mol_8777	train
mol_8778	val
mol_8779	test
mol_8780	val
mol_8781	train
mol_8782	train
mol_8783	train
mol_8784	train
mol_8785	train
mol_8786	val
mol_8787	train
mol_8788	train
mol_8789	val
mol_8790	train
mol_8791	test
mol_8792	train
mol_8793	train
mol_8794	train
mol_8795	train
mol_8796	val
mol_8797	train
mol_8798	train
mol_8799	val
mol_8800	train
mol_8801	val
mol_8802	test
mol_8803	train
mol_8804	train
mol_8805	train
mol_8806	train
mol_8807	train
mol_8808	train
mol_8809	train
mol_8810	train
mol_8811	test
mol_8812	train
mol_8813	test
mol_8814	train
mol_8815	train
mol_8816	train
mol_8817	val
mol_8818	train
mol_8819	test
mol_8820	train
mol_8821	train
mol_8822	train
mol_8823	train
mol_8824	train
mol_8825	train
mol_8826	train
mol_8827	val
mol_8828	train
mol_8829	train
mol_8830	train
mol_8831	train
mol_8832	train
mol_8833	train
mol_8834	train
mol_8835	train
mol_8836	train
mol_8837	val
mol_8838	train
mol_8839	train
mol_8840	train
mol_8841	val
mol_8842	train
mol_8843	train
mol_8844	train
mol_8845	train
mol_8846	val
mol_8847	train
mol_8848	test
mol_8849	train
mol_8850	train
mol_8851	train
mol_8852	train
mol_8853	train
mol_8854	train
mol_8855	test
mol_8856	train
mol_8857	train
mol_8858	val
mol_8859	val
mol_8860	train
mol_8861	train
mol_8862	train
mol_8863	train
mol_8864	train
mol_8865	train
mol_8866	train
mol_8867	train
mol_8868	train
mol_8869	train
mol_8870	train
mol_8871	train
mol_8872	val
mol_8873	train
mol_8874	val
mol_8875	test
mol_8876	train
mol_8877	val
mol_8878	train
mol_8879	train
mol_8880	train
mol_8881	train
mol_8882	train
mol_8883	test
mol_8884	train
mol_8885	train
mol_8886	train
mol_8887	val
mol_8888	val
mol_8889	train
mol_8890	val
mol_8891	train
mol_8892	train
mol_8893	train
mol_8894	val
mol_8895	train
mol_8896	test
mol_8897	train
mol_8898	val
mol_8899	train
mol_8900	train
mol_8901	train
mol_8902	train
mol_8903	train
mol_8904	train
mol_8905	train
mol_8906	val
mol_8907	train
mol_8908	train
mol_8909	train
mol_8910	val
mol_8911	val
mol_8912	test
mol_8913	train
mol_8914	train
mol_8915	train
mol_8916	train
mol_8917	val
mol_8918	val
mol_8919	val
mol_8920	train
mol_8921	val
mol_8922	train
mol_8923	val
mol_8924	train
mol_8925	train
mol_8926	train
mol_8927	train
mol_8928	val
mol_8929	train
mol_8930	train
mol_8931	val
mol_8932	train
mol_8933	test
mol_8934	train
mol_8935	val
mol_8936	train
mol_8937	train
mol_8938	val
mol_8939	train
mol_8940	val
mol_8941	train
mol_8942	train
mol_8943	train
mol_8944	train
mol_8945	train
mol_8946	train
mol_8947	train
mol_8948	val
mol_8949	val
mol_8950	train
mol_8951	train
mol_8952	train
mol_8953	train
mol_8954	train
mol_8955	test
mol_8956	train
mol_8957	test
mol_8958	val
mol_8959	val
mol_8960	train
mol_8961	val
mol_8962	test
mol_8963	train
mol_8964	val
mol_8965	train
mol_8966	train
mol_8967	test
mol_8968	train
mol_8969	val
mol_8970	train
mol_8971	train
mol_8972	test
mol_8973	val
mol_8974	train
mol_8975	test
mol_8976	train
mol_8977	test
mol_8978	train
mol_8979	val
mol_8980	train
mol_8981	train
mol_8982	train
mol_8983	test
mol_8984	train
mol_8985	train
mol_8986	train
mol_8987	train
mol_8988	train
mol_8989	train
mol_8990	val
mol_8991	train
mol_8992	train
mol_8993	test
mol_8994	val
mol_8995	train
mol_8996	train
mol_8997	train
mol_8998	train
mol_8999	train
mol_9000	train
mol_9001	train
mol_9002	train
mol_9003	val
mol_9004	train
mol_9005	val
mol_9006	train
mol_9007	train
mol_9008	train
mol_9009	val
mol_9010	train
mol_9011	test
mol_9012	test
mol_9013	val
mol_9014	train
mol_9015	train
mol_9016	val
mol_9017	test
mol_9018	train
mol_9019	train
mol_9020	train
mol_9021	test
mol_9022	test
mol_9023	test
mol_9024	train
mol_9025	train
mol_9026	train
mol_9027	test
mol_9028	train
mol_9029	train
mol_9030	train
mol_9031	train
mol_9032	val
mol_9033	val
mol_9034	train
mol_9035	train
mol_9036	val
mol_9037	train
mol_9038	train
mol_9039	train
mol_9040	train
mol_9041	train
mol_9042	train
mol_9043	train
mol_9044	train
mol_9045	train
mol_9046	train
mol_9047	train
mol_9048	train
mol_9049	train
mol_9050	test
mol_9051	test
mol_9052	train
mol_9053	train
mol_9054	train
mol_9055	train
mol_9056	train
mol_9057	val
mol_9058	train
mol_9059	train
mol_9060	val
mol_9061	train
mol_9062	test
mol_9063	train
mol_9064	val
mol_9065	train
mol_9066	val
mol_9067	train
mol_9068	train
mol_9069	train
mol_9070	train
mol_9071	train
mol_9072	train
mol_9073	train
mol_9074	train
mol_9075	val
mol_9076	train
mol_9077	train
mol_9078	train
mol_9079	train
mol_9080	test
mol_9081	train
mol_9082	val
mol_9083	train
mol_9084	train
mol_9085	test
mol_9086	train
mol_9087	val
mol_9088	train
mol_9089	train
mol_9090	train
mol_9091	train
mol_9092	train
mol_9093	train
mol_9094	train
mol_9095	train
mol_9096	train
mol_9097	train
mol_9098	train
mol_9099	train
mol_9100	val
mol_9101	train
mol_9102	train
mol_9103	train
mol_9104	train
mol_9105	train
mol_9106	train
mol_9107	val
mol_9108	train
mol_9109	train
mol_9110	val
mol_9111	train
mol_9112	test
mol_9113	val
mol_9114	train
mol_9115	train
mol_9116	train
mol_9117	train
mol_9118	test
mol_9119	train
mol_9120	train
mol_9121	train
mol_9122	train
mol_9123	train
mol_9124	train
mol_9125	train
mol_9126	test
mol_9127	val
mol_9128	val
mol_9129	train
mol_9130	train
mol_9131	train
mol_9132	train
mol_9133	train
mol_9134	train
mol_9135	train
mol_9136	train
mol_9137	train
mol_9138	train
mol_9139	train
mol_9140	train
mol_9141	train
mol_9142	train
mol_9143	test
mol_9144	val
mol_9145	test
mol_9146	train
mol_9147	val
mol_9148	train
mol_9149	val
mol_9150	val
mol_9151	train
mol_9152	train
mol_9153	test
mol_9154	val
mol_9155	train
mol_9156	train
mol_9157	train
mol_9158	val
mol_9159	test
mol_9160	train
mol_9161	train
mol_9162	train
mol_9163	train
mol_9164	train
mol_9165	train
mol_9166	train
mol_9167	train
mol_9168	train
mol_9169	train
mol_9170	train
mol_9171	train
mol_9172	train
mol_9173	train
mol_9174	train
mol_9175	train
mol_9176	test
mol_9177	train
mol_9178	train
mol_9179	val
mol_9180	test
mol_9181	test
mol_9182	train
mol_9183	train
mol_9184	train
mol_9185	train
mol_9186	train
mol_9187	test
mol_9188	train
mol_9189	train
mol_9190	train
mol_9191	train
mol_9192	test
mol_9193	train
mol_9194	train
mol_9195	val
mol_9196	val
mol_9197	train
mol_9198	train
mol_9199	train
mol_9200	train
mol_9201	train
mol_9202	val
mol_9203	train
mol_9204	train
mol_9205	train
mol_9206	train
mol_9207	train
mol_9208	test
mol_9209	test
mol_9210	train
mol_9211	train
mol_9212	train
mol_9213	train
mol_9214	train
mol_9215	train
mol_9216	train
mol_9217	val
mol_9218	train
mol_9219	val
mol_9220	train
mol_9221	train
mol_9222	train
mol_9223	train
mol_9224	train
mol_9225	val
mol_9226	val
mol_9227	train
mol_9228	train
mol_9229	train
mol_9230	train
mol_9231	test
mol_9232	train
mol_9233	val
mol_9234	test
mol_9235	val
mol_9236	test
mol_9237	train
mol_9238	train
mol_9239	train
mol_9240	train
mol_9241	train
mol_9242	train
mol_9243	test
mol_9244	train
mol_9245	train
mol_9246	train
mol_9247	train
mol_9248	train
mol_9249	val
mol_9250	val
mol_9251	train
mol_9252	train
mol_9253	train
mol_9254	train
mol_9255	train
mol_9256	train
mol_9257	val
mol_9258	train
mol_9259	train
mol_9260	val
mol_9261	train
mol_9262	train
mol_9263	train
mol_9264	val
mol_9265	train
mol_9266	train
mol_9267	train
mol_9268	train
mol_9269	val
mol_9270	train
mol_9271	train
mol_9272	train
mol_9273	train
mol_9274	val
mol_9275	train
mol_9276	train
mol_9277	train
mol_9278	train
mol_9279	train
mol_9280	train
mol_9281	train
mol_9282	train
mol_9283	train
mol_9284	train
mol_9285	train
mol_9286	train
mol_9287	train
mol_9288	val
mol_9289	val
mol_9290	train
mol_9291	train
mol_9292	train
mol_9293	train
mol_9294	train
mol_9295	train
mol_9296	val
mol_9297	train
mol_9298	train
mol_9299	val
mol_9300	val
mol_9301	train
mol_9302	test
mol_9303	train
mol_9304	train
mol_9305	val
mol_9306	train
mol_9307	train
mol_9308	train
mol_9309	test
mol_9310	val
mol_9311	train
mol_9312	train
mol_9313	train
mol_9314	train
mol_9315	val
mol_9316	val
mol_9317	val
mol_9318	train
mol_9319	train
mol_9320	train
mol_9321	train
mol_9322	train
mol_9323	val
mol_9324	train
mol_9325	val
mol_9326	val
mol_9327	test
mol_9328	test
mol_9329	train
mol_9330	val
mol_9331	train
mol_9332	train
mol_9333	train
mol_9334	val
mol_9335	train
mol_9336	val
mol_9337	test
mol_9338	train
mol_9339	train
mol_9340	val
mol_9341	train
mol_9342	train
mol_9343	train
mol_9344	train
mol_9345	train
mol_9346	train
mol_9347	train
mol_9348	train
mol_9349	train
mol_9350	train
mol_9351	train
mol_9352	train
mol_9353	val
mol_9354	test
mol_9355	train
mol_9356	train
mol_9357	train
mol_9358	train
mol_9359	train
mol_9360	train
mol_9361	train
mol_9362	train
mol_9363	test
mol_9364	test
mol_9365	test
mol_9366	val
mol_9367	train
mol_9368	train
mol_9369	train
mol_9370	val
mol_9371	train
mol_9372	train
mol_9373	train
mol_9374	train
mol_9375	train
mol_9376	train
mol_9377	test
mol_9378	train
mol_9379	train
mol_9380	test
mol_9381	test
mol_9382	train
mol_9383	train
mol_9384	train
mol_9385	test
mol_9386	train
mol_9387	train
mol_9388	train
mol_9389	val
mol_9390	train
mol_9391	train
mol_9392	train
mol_9393	train
mol_9394	train
mol_9395	train
mol_9396	train
mol_9397	test
mol_9398	test
mol_9399	train
mol_9400	test
mol_9401	train
mol_9402	train
mol_9403	train
mol_9404	train
mol_9405	val
mol_9406	train
mol_9407	train
mol_9408	train
mol_9409	train
mol_9410	train
mol_9411	train
mol_9412	train
mol_9413	val
mol_9414	train
mol_9415	train
mol_9416	train
mol_9417	test
mol_9418	val
mol_9419	train
mol_9420	train
mol_9421	train
mol_9422	val
mol_9423	train
mol_9424	val
mol_9425	train
mol_9426	train
mol_9427	train
mol_9428	train
mol_9429	train
mol_9430	train
mol_9431	train
mol_9432	train
mol_9433	val
mol_9434	val
mol_9435	train
mol_9436	val
mol_9437	train
mol_9438	test
mol_9439	val
mol_9440	train
mol_9441	test
mol_9442	val
mol_9443	val
mol_9444	train
mol_9445	train
mol_9446	train
mol_9447	train
mol_9448	train
mol_9449	test
mol_9450	train
mol_9451	train
mol_9452	train
mol_9453	train
mol_9454	train
mol_9455	train
mol_9456	train
mol_9457	train
mol_9458	train
mol_9459	train
mol_9460	train
mol_9461	train
mol_9462	train
mol_9463	val
mol_9464	train
mol_9465	train
mol_9466	train
mol_9467	train
mol_9468	val
mol_9469	val
mol_9470	train
mol_9471	train
mol_9472	train
mol_9473	train
mol_9474	train
mol_9475	train
mol_9476	train
mol_9477	val
mol_9478	val
mol_9479	test
mol_9480	train
mol_9481	train
mol_9482	train
mol_9483	test
mol_9484	train
mol_9485	train
mol_9486	val
mol_9487	val
mol_9488	train
mol_9489	train
mol_9490	train
mol_9491	train
mol_9492	test
mol_9493	train
mol_9494	train
mol_9495	train
mol_9496	test
mol_9497	val
mol_9498	train
mol_9499	train
mol_9500	train
mol_9501	val
mol_9502	val
mol_9503	val
mol_9504	train
mol_9505	train
mol_9506	train
mol_9507	val
mol_9508	train
mol_9509	val
mol_9510	train
mol_9511	train
mol_9512	val
mol_9513	train
mol_9514	train
mol_9515	train
mol_9516	train
mol_9517	val
mol_9518	train
mol_9519	train
mol_9520	val
mol_9521	train
mol_9522	train
mol_9523	test
mol_9524	train
mol_9525	train
mol_9526	train
mol_9527	val
mol_9528	train
mol_9529	train
mol_9530	train
mol_9531	train
mol_9532	val
mol_9533	train
mol_9534	train
mol_9535	val
mol_9536	train
mol_9537	train
mol_9538	test
mol_9539	val
mol_9540	train
mol_9541	train
mol_9542	train
mol_9543	train
mol_9544	train
mol_9545	train
mol_9546	train
mol_9547	train
mol_9548	train
mol_9549	train
mol_9550	train
mol_9551	train
mol_9552	val
mol_9553	train
mol_9554	train
mol_9555	train
mol_9556	train
mol_9557	train
mol_9558	val
mol_9559	val
mol_9560	train
mol_9561	train
mol_9562	test
mol_9563	train
mol_9564	val
mol_9565	train
mol_9566	train
mol_9567	train
mol_9568	train
mol_9569	train
mol_9570	train
mol_9571	train
mol_9572	train
mol_9573	train
mol_9574	val
mol_9575	val
mol_9576	val
mol_9577	train
mol_9578	val
mol_9579	train
mol_9580	train
mol_9581	train
mol_9582	test
mol_9583	train
mol_9584	train
mol_9585	train
mol_9586	train
mol_9587	train
mol_9588	train
mol_9589	train
mol_9590	train
mol_9591	train
mol_9592	train
mol_9593	train
mol_9594	train
mol_9595	train
mol_9596	train
mol_9597	val
mol_9598	train
mol_9599	val
mol_9600	train
mol_9601	train
mol_9602	train
mol_9603	train
mol_9604	train
mol_9605	train
mol_9606	train
mol_9607	test
mol_9608	val
mol_9609	train
mol_9610	train
mol_9611	train
mol_9612	train
mol_9613	train
mol_9614	train
mol_9615	train
mol_9616	train
mol_9617	train
mol_9618	train
mol_9619	train
mol_9620	val
mol_9621	val
mol_9622	train
mol_9623	train
mol_9624	train
mol_9625	train
mol_9626	train
mol_9627	train
mol_9628	train
mol_9629	test
mol_9630	train
mol_9631	train
mol_9632	train
mol_9633	train
mol_9634	val
mol_9635	train
mol_9636	train
mol_9637	train
mol_9638	train
mol_9639	train
mol_9640	val
mol_9641	val
mol_9642	train
mol_9643	train
mol_9644	train
mol_9645	train
mol_9646	val
mol_9647	train
mol_9648	train
mol_9649	train
mol_9650	train
mol_9651	val
mol_9652	train
mol_9653	train
mol_9654	train
mol_9655	val
mol_9656	train
mol_9657	train
mol_9658	train
mol_9659	train
mol_9660	train
mol_9661	test
mol_9662	val
mol_9663	train
mol_9664	val
mol_9665	val
mol_9666	train
mol_9667	train
mol_9668	train
mol_9669	train
mol_9670	train
mol_9671	train
mol_9672	train
mol_9673	train
mol_9674	train
mol_9675	train
mol_9676	train
mol_9677	val
mol_9678	val
mol_9679	train
mol_9680	train
mol_9681	train
mol_9682	val
mol_9683	train
mol_9684	train
mol_9685	test
mol_9686	train
mol_9687	train
mol_9688	val
mol_9689	train
mol_9690	train
mol_9691	val
mol_9692	train
mol_9693	test
mol_9694	train
mol_9695	train
mol_9696	train
mol_9697	train
mol_9698	train
mol_9699	train
mol_9700	test
mol_9701	train
mol_9702	train
mol_9703	train
mol_9704	train
mol_9705	train
mol_9706	train
mol_9707	train
mol_9708	train
mol_9709	train
mol_9710	train
mol_9711	train
mol_9712	val
mol_9713	test
mol_9714	train
mol_9715	train
mol_9716	train
mol_9717	val
mol_9718	test
mol_9719	train
mol_9720	train
mol_9721	train
mol_9722	train
mol_9723	train
mol_9724	train
mol_9725	train
mol_9726	train
mol_9727	val
mol_9728	train
mol_9729	val
mol_9730	train
mol_9731	train
mol_9732	train
mol_9733	test
mol_9734	train
mol_9735	train
mol_9736	train
mol_9737	train
mol_9738	train
mol_9739	val
mol_9740	train
mol_9741	val
mol_9742	test
mol_9743	train
mol_9744	test
mol_9745	val
mol_9746	train
mol_9747	train
mol_9748	test
mol_9749	train
mol_9750	train
mol_9751	train
mol_9752	train
mol_9753	train
mol_9754	train
mol_9755	train
mol_9756	train
mol_9757	train
mol_9758	val
mol_9759	train
mol_9760	val
mol_9761	val
mol_9762	train
mol_9763	train
mol_9764	train
mol_9765	test
mol_9766	train
mol_9767	train
mol_9768	train
mol_9769	train
mol_9770	test
mol_9771	train
mol_9772	test
mol_9773	val
mol_9774	train
mol_9775	train
mol_9776	val
mol_9777	train
mol_9778	test
mol_9779	val
mol_9780	train
mol_9781	train
mol_9782	train
mol_9783	train
mol_9784	train
mol_9785	test
mol_9786	train
mol_9787	val
mol_9788	test
mol_9789	train
mol_9790	train
mol_9791	train
mol_9792	train
mol_9793	train
mol_9794	test
mol_9795	train
mol_9796	train
mol_9797	train
mol_9798	val
mol_9799	train
mol_9800	train
mol_9801	train
mol_9802	train
mol_9803	train
mol_9804	train
mol_9805	train
mol_9806	train
mol_9807	train
mol_9808	val
mol_9809	train
mol_9810	train
mol_9811	train
mol_9812	train
mol_9813	train
mol_9814	val
mol_9815	val
mol_9816	train
mol_9817	train
mol_9818	train
mol_9819	test
mol_9820	train
mol_9821	train
mol_9822	val
mol_9823	val
mol_9824	train
mol_9825	val
mol_9826	train
mol_9827	val
mol_9828	test
mol_9829	train
mol_9830	train
mol_9831	test
mol_9832	train
mol_9833	train
mol_9834	train
mol_9835	test
mol_9836	test
mol_9837	test
mol_9838	val
mol_9839	train
mol_9840	val
mol_9841	train
mol_9842	val
mol_9843	train
mol_9844	train
mol_9845	val
mol_9846	val
mol_9847	train
mol_9848	train
mol_9849	test
mol_9850	train
mol_9851	test
mol_9852	val
mol_9853	train
mol_9854	train
mol_9855	train
mol_9856	val
mol_9857	train
mol_9858	train
mol_9859	train
mol_9860	train
mol_9861	train
mol_9862	train
mol_9863	train
mol_9864	train
mol_9865	train
mol_9866	val
mol_9867	train
mol_9868	train
mol_9869	val
mol_9870	val
mol_9871	train
mol_9872	train
mol_9873	train
mol_9874	train
mol_9875	val
mol_9876	val
mol_9877	train
mol_9878	train
mol_9879	test
mol_9880	train
mol_9881	train
mol_9882	val
mol_9883	train
mol_9884	train
mol_9885	train
mol_9886	train
mol_9887	train
mol_9888	train
mol_9889	train
mol_9890	train
mol_9891	train
mol_9892	train
mol_9893	train
mol_9894	train
mol_9895	train
mol_9896	train
mol_9897	val
mol_9898	train
mol_9899	val
mol_9900	train
mol_9901	train
mol_9902	val
mol_9903	val
mol_9904	val
mol_9905	train
mol_9906	train
mol_9907	val
mol_9908	train
mol_9909	val
mol_9910	val
mol_9911	val
mol_9912	train
mol_9913	train
mol_9914	val
mol_9915	test
mol_9916	train
mol_9917	train
mol_9918	train
mol_9919	train
mol_9920	test
mol_9921	val
mol_9922	val
mol_9923	val
mol_9924	train
mol_9925	train
mol_9926	train
mol_9927	train
mol_9928	val
mol_9929	train
mol_9930	train
mol_9931	train
mol_9932	train
mol_9933	val
mol_9934	train
mol_9935	train
mol_9936	train
mol_9937	val
mol_9938	train
mol_9939	train
mol_9940	train
mol_9941	train
mol_9942	train
mol_9943	train
mol_9944	train
mol_9945	train
mol_9946	val
mol_9947	train
mol_9948	train
mol_9949	train
mol_9950	train
mol_9951	train
mol_9952	train
mol_9953	train
mol_9954	train
mol_9955	val
mol_9956	test
mol_9957	val
mol_9958	train
mol_9959	train
mol_9960	train
mol_9961	train
mol_9962	train
mol_9963	train
mol_9964	train
mol_9965	train
mol_9966	val
mol_9967	train
mol_9968	train
mol_9969	train
mol_9970	val
mol_9971	train
mol_9972	train
mol_9973	train
mol_9974	test
mol_9975	train
mol_9976	train
mol_9977	val
mol_9978	train
mol_9979	train
mol_9980	train
mol_9981	train
mol_9982	val
mol_9983	train
mol_9984	test
mol_9985	test
mol_9986	train
mol_9987	train
mol_9988	train
mol_9989	train
mol_9990	train
mol_9991	train
mol_9992	train
mol_9993	train
mol_9994	train
mol_9995	train
mol_9996	val
mol_9997	val
mol_9998	train
mol_9999	val
mol_10000	train
mol_10001	test
mol_10002	train
mol_10003	test
mol_10004	train
mol_10005	train
mol_10006	train
mol_10007	train
mol_10008	train
mol_10009	train
mol_10010	train
mol_10011	train
mol_10012	train
mol_10013	val
mol_10014	train
mol_10015	test
mol_10016	train
mol_10017	test
mol_10018	train
mol_10019	train
mol_10020	train
mol_10021	train
mol_10022	train
mol_10023	train
mol_10024	train
mol_10025	train
mol_10026	train
mol_10027	train
mol_10028	train
mol_10029	val
mol_10030	train
mol_10031	test
mol_10032	train
mol_10033	train
mol_10034	train
mol_10035	val
mol_10036	val
mol_10037	train
mol_10038	val
mol_10039	train
mol_10040	train
mol_10041	train
mol_10042	train
mol_10043	train
mol_10044	train
mol_10045	train
mol_10046	train
mol_10047	train
mol_10048	train
mol_10049	train
mol_10050	train
mol_10051	train
mol_10052	val
mol_10053	train
mol_10054	test
mol_10055	train
mol_10056	train
mol_10057	test
mol_10058	val
mol_10059	train
mol_10060	train
mol_10061	train
mol_10062	train
mol_10063	val
mol_10064	train
mol_10065	train
mol_10066	test
mol_10067	train
mol_10068	train
mol_10069	train
mol_10070	train
mol_10071	test
mol_10072	train
mol_10073	val
mol_10074	val
mol_10075	train
mol_10076	test
mol_10077	train
mol_10078	train
mol_10079	train
mol_10080	val
mol_10081	train
mol_10082	train
mol_10083	train
mol_10084	train
mol_10085	train
mol_10086	train
mol_10087	train
mol_10088	train
mol_10089	test
mol_10090	train
mol_10091	train
mol_10092	train
mol_10093	train
mol_10094	train
mol_10095	val
mol_10096	train
mol_10097	val
mol_10098	train
mol_10099	train
mol_10100	train
mol_10101	train
mol_10102	train
mol_10103	train
mol_10104	val
mol_10105	train
mol_10106	train
mol_10107	train
mol_10108	train
mol_10109	train
mol_10110	train
mol_10111	test
mol_10112	train
mol_10113	train
mol_10114	train
mol_10115	train
mol_10116	val
mol_10117	train
mol_10118	train
mol_10119	train
mol_10120	train
mol_10121	test
mol_10122	train
mol_10123	train
mol_10124	train
mol_10125	train
mol_10126	train
mol_10127	val
mol_10128	train
mol_10129	train
mol_10130	train
mol_10131	val
mol_10132	train
mol_10133	train
mol_10134	train
mol_10135	train
mol_10136	train
mol_10137	train
mol_10138	train
mol_10139	train
mol_10140	train
mol_10141	train
mol_10142	val
mol_10143	train
mol_10144	train
mol_10145	train
mol_10146	train
mol_10147	train
mol_10148	train
mol_10149	train
mol_10150	train
mol_10151	train
mol_10152	train
mol_10153	train
mol_10154	test
mol_10155	train
mol_10156	val
mol_10157	test
mol_10158	train
mol_10159	train
mol_10160	train
mol_10161	train
mol_10162	test
mol_10163	train
mol_10164	train
mol_10165	train
mol_10166	train
mol_10167	val
mol_10168	test
mol_10169	val
mol_10170	train
mol_10171	val
mol_10172	train
mol_10173	train
mol_10174	train
mol_10175	train
mol_10176	val
mol_10177	train
mol_10178	train
mol_10179	val
mol_10180	test
mol_10181	train
mol_10182	val
mol_10183	val
mol_10184	train
mol_10185	train
mol_10186	train
mol_10187	train
mol_10188	train
mol_10189	train
mol_10190	val
mol_10191	test
mol_10192	test
mol_10193	train
mol_10194	test
mol_10195	train
mol_10196	train
mol_10197	train
mol_10198	train
mol_10199	train
mol_10200	train
mol_10201	val
mol_10202	train
mol_10203	train
mol_10204	test
mol_10205	train
mol_10206	train
mol_10207	train
mol_10208	train
mol_10209	train
mol_10210	train
mol_10211	train
mol_10212	train
mol_10213	train
mol_10214	train
mol_10215	train
mol_10216	train
mol_10217	train
mol_10218	train
mol_10219	train
mol_10220	train
mol_10221	train
mol_10222	train
mol_10223	val
mol_10224	train
mol_10225	train
mol_10226	train
mol_10227	train
mol_10228	train
mol_10229	train
mol_10230	train
mol_10231	train
mol_10232	train
mol_10233	train
mol_10234	train
mol_10235	train
mol_10236	train
mol_10237	train
mol_10238	train
mol_10239	train
mol_10240	train
mol_10241	val
mol_10242	train
mol_10243	train
mol_10244	train
mol_10245	train
mol_10246	train
mol_10247	val
mol_10248	train
mol_10249	val
mol_10250	train
mol_10251	train
mol_10252	val
mol_10253	train
mol_10254	train
mol_10255	train
mol_10256	test
mol_10257	train
mol_10258	train
mol_10259	train
mol_10260	train
mol_10261	val
mol_10262	train
mol_10263	test
mol_10264	train
mol_10265	train
mol_10266	val
mol_10267	train
mol_10268	train
mol_10269	val
mol_10270	train
mol_10271	val
mol_10272	test
mol_10273	train
mol_10274	val
mol_10275	train
mol_10276	val
mol_10277	train
mol_10278	train
mol_10279	train
