ID	Cluster_ID
mol_0	8
mol_1	0
mol_2	2
mol_3	3
mol_4	3
mol_5	8
mol_6	5
mol_7	6
mol_8	7
mol_9	8
mol_10	6
mol_11	8
mol_12	7
mol_13	2
mol_14	8
mol_15	9
mol_16	7
mol_17	8
mol_18	5
mol_19	8
mol_20	8
mol_21	3
mol_22	8
mol_23	7
mol_24	8
mol_25	3
mol_26	4
mol_27	0
mol_28	1
mol_29	7
mol_30	2
mol_31	8
mol_32	2
mol_33	8
mol_34	9
mol_35	6
mol_36	2
mol_37	0
mol_38	8
mol_39	8
mol_40	3
mol_41	0
mol_42	0
mol_43	1
mol_44	6
mol_45	8
mol_46	0
mol_47	1
mol_48	2
mol_49	0
mol_50	9
mol_51	8
mol_52	9
mol_53	4
mol_54	0
mol_55	3
mol_56	3
mol_57	6
mol_58	9
mol_59	5
mol_60	7
mol_61	8
mol_62	0
mol_63	2
mol_64	8
mol_65	1
mol_66	9
mol_67	6
mol_68	2
mol_69	5
mol_70	8
mol_71	8
mol_72	8
mol_73	5
mol_74	2
mol_75	9
mol_76	1
mol_77	8
mol_78	9
mol_79	1
mol_80	1
mol_81	6
mol_82	0
mol_83	4
mol_84	9
mol_85	2
mol_86	1
mol_87	5
mol_88	9
mol_89	1
mol_90	8
mol_91	2
mol_92	8
mol_93	6
mol_94	1
mol_95	7
mol_96	1
mol_97	9
mol_98	8
mol_99	9
mol_100	3
mol_101	8
mol_102	6
mol_103	9
mol_104	6
mol_105	3
mol_106	1
mol_107	8
mol_108	3
mol_109	9
mol_110	5
mol_111	3
mol_112	2
mol_113	8
mol_114	5
mol_115	3
mol_116	3
mol_117	5
mol_118	0
mol_119	1
mol_120	8
mol_121	7
mol_122	2
mol_123	3
mol_124	3
mol_125	2
mol_126	6
mol_127	0
mol_128	5
mol_129	2
mol_130	5
mol_131	6
mol_132	8
mol_133	9
mol_134	6
mol_135	4
mol_136	0
mol_137	0
mol_138	8
mol_139	1
mol_140	3
mol_141	0
mol_142	9
mol_143	1
mol_144	5
mol_145	8
mol_146	1
mol_147	8
mol_148	5
mol_149	7
mol_150	4
mol_151	8
mol_152	6
mol_153	6
mol_154	6
mol_155	3
mol_156	9
mol_157	7
mol_158	0
mol_159	6
mol_160	9
mol_161	2
mol_162	8
mol_163	5
mol_164	1
mol_165	8
mol_166	4
mol_167	1
mol_168	6
mol_169	0
mol_170	8
mol_171	9
mol_172	8
mol_173	0
mol_174	2
mol_175	3
mol_176	7
mol_177	0
mol_178	8
mol_179	1
mol_180	5
mol_181	5
mol_182	6
mol_183	2
mol_184	6
mol_185	8
mol_186	2
mol_187	5
mol_188	5
mol_189	1
mol_190	6
mol_191	2
mol_192	9
mol_193	8
mol_194	3
mol_195	1
mol_196	3
mol_197	3
mol_198	8
mol_199	5
mol_200	9
mol_201	2
mol_202	1
mol_203	9
mol_204	0
mol_205	9
mol_206	7
mol_207	7
mol_208	6
mol_209	9
mol_210	3
mol_211	8
mol_212	5
mol_213	6
mol_214	0
mol_215	9
mol_216	1
mol_217	6
mol_218	2
mol_219	6
mol_220	2
mol_221	9
mol_222	3
mol_223	2
mol_224	9
mol_225	9
mol_226	1
mol_227	0
mol_228	6
mol_229	7
mol_230	5
mol_231	7
mol_232	7
mol_233	1
mol_234	7
mol_235	3
mol_236	0
mol_237	1
mol_238	6
mol_239	6
mol_240	8
mol_241	9
mol_242	8
mol_243	4
mol_244	9
mol_245	8
mol_246	9
mol_247	6
mol_248	1
mol_249	1
mol_250	3
mol_251	5
mol_252	7
mol_253	1
mol_254	0
mol_255	9
mol_256	1
mol_257	6
mol_258	3
mol_259	6
mol_260	3
mol_261	2
mol_262	7
mol_263	0
mol_264	9
mol_265	1
mol_266	8
mol_267	7
mol_268	0
mol_269	1
mol_270	8
mol_271	3
mol_272	0
mol_273	9
mol_274	1
mol_275	6
mol_276	6
mol_277	5
mol_278	6
mol_279	2
mol_280	6
mol_281	0
mol_282	1
mol_283	1
mol_284	5
mol_285	9
mol_286	7
mol_287	8
mol_288	0
mol_289	1
mol_290	6
mol_291	9
mol_292	9
mol_293	9
mol_294	1
mol_295	8
mol_296	6
mol_297	8
mol_298	3
mol_299	7
mol_300	4
mol_301	3
mol_302	8
mol_303	7
mol_304	4
mol_305	2
mol_306	3
mol_307	7
mol_308	9
mol_309	1
mol_310	9
mol_311	4
mol_312	5
mol_313	7
mol_314	8
mol_315	1
mol_316	0
mol_317	0
mol_318	8
mol_319	0
mol_320	3
mol_321	7
mol_322	9
mol_323	0
mol_324	9
mol_325	0
mol_326	1
mol_327	8
mol_328	8
mol_329	5
mol_330	0
mol_331	8
mol_332	2
mol_333	8
mol_334	9
mol_335	8
mol_336	3
mol_337	1
mol_338	6
mol_339	9
mol_340	8
mol_341	0
mol_342	6
mol_343	0
mol_344	8
mol_345	1
mol_346	8
mol_347	1
mol_348	0
mol_349	9
mol_350	4
mol_351	4
mol_352	6
mol_353	2
mol_354	6
mol_355	2
mol_356	0
mol_357	6
mol_358	2
mol_359	5
mol_360	1
mol_361	9
mol_362	0
mol_363	3
mol_364	8
mol_365	4
mol_366	9
mol_367	1
mol_368	1
mol_369	8
mol_370	8
mol_371	0
mol_372	9
mol_373	0
mol_374	7
mol_375	2
mol_376	3
mol_377	5
mol_378	1
mol_379	1
mol_380	1
mol_381	2
mol_382	8
mol_383	9
mol_384	1
mol_385	8
mol_386	9
mol_387	1
mol_388	8
mol_389	3
mol_390	7
mol_391	0
mol_392	6
mol_393	1
mol_394	7
mol_395	8
mol_396	6
mol_397	6
mol_398	1
mol_399	3
mol_400	8
mol_401	4
mol_402	0
mol_403	8
mol_404	9
mol_405	1
mol_406	9
mol_407	8
mol_408	2
mol_409	8
mol_410	7
mol_411	3
mol_412	3
mol_413	8
mol_414	6
mol_415	7
mol_416	3
mol_417	7
mol_418	8
mol_419	2
mol_420	6
mol_421	8
mol_422	5
mol_423	2
mol_424	8
mol_425	6
mol_426	8
mol_427	1
mol_428	9
mol_429	1
mol_430	8
mol_431	5
mol_432	5
mol_433	8
mol_434	3
mol_435	2
mol_436	8
mol_437	0
mol_438	8
mol_439	6
mol_440	6
mol_441	9
mol_442	1
mol_443	1
mol_444	1
mol_445	5
mol_446	2
mol_447	5
mol_448	9
mol_449	3
mol_450	8
mol_451	5
mol_452	6
mol_453	7
mol_454	9
mol_455	3
mol_456	2
mol_457	3
mol_458	0
mol_459	8
mol_460	6
mol_461	6
mol_462	6
mol_463	1
mol_464	8
mol_465	6
mol_466	2
mol_467	9
mol_468	3
mol_469	9
mol_470	2
mol_471	9
mol_472	5
mol_473	9
mol_474	5
mol_475	9
mol_476	1
mol_477	8
mol_478	1
mol_479	9
mol_480	6
mol_481	9
mol_482	1
mol_483	8
mol_484	5
mol_485	0
mol_486	8
mol_487	9
mol_488	3
mol_489	1
mol_490	1
mol_491	1
mol_492	0
mol_493	8
mol_494	6
mol_495	0
mol_496	1
mol_497	6
mol_498	1
mol_499	3
mol_500	8
mol_501	1
mol_502	9
mol_503	9
mol_504	3
mol_505	1
mol_506	7
mol_507	5
mol_508	1
mol_509	5
mol_510	7
mol_511	1
mol_512	7
mol_513	1
mol_514	8
mol_515	6
mol_516	5
mol_517	1
mol_518	7
mol_519	7
mol_520	7
mol_521	5
mol_522	9
mol_523	5
mol_524	3
mol_525	8
mol_526	0
mol_527	3
mol_528	8
mol_529	1
mol_530	0
mol_531	9
mol_532	0
mol_533	6
mol_534	5
mol_535	8
mol_536	9
mol_537	1
mol_538	8
mol_539	0
mol_540	0
mol_541	7
mol_542	9
mol_543	4
mol_544	9
mol_545	0
mol_546	8
mol_547	1
mol_548	5
mol_549	9
mol_550	0
mol_551	1
mol_552	8
mol_553	8
mol_554	8
mol_555	3
mol_556	6
mol_557	1
mol_558	9
mol_559	4
mol_560	6
mol_561	0
mol_562	7
mol_563	2
mol_564	5
mol_565	2
mol_566	2
mol_567	9
mol_568	9
mol_569	5
mol_570	6
mol_571	7
mol_572	9
mol_573	7
mol_574	1
mol_575	0
mol_576	3
mol_577	2
mol_578	7
mol_579	0
mol_580	9
mol_581	2
mol_582	9
mol_583	1
mol_584	8
mol_585	2
mol_586	8
mol_587	6
mol_588	8
mol_589	9
mol_590	1
mol_591	5
mol_592	8
mol_593	0
mol_594	2
mol_595	7
mol_596	0
mol_597	8
mol_598	6
mol_599	6
mol_600	4
mol_601	8
mol_602	1
mol_603	0
mol_604	5
mol_605	9
mol_606	0
mol_607	1
mol_608	0
mol_609	4
mol_610	0
mol_611	5
mol_612	2
mol_613	1
mol_614	9
mol_615	7
mol_616	2
mol_617	4
mol_618	9
mol_619	3
mol_620	1
mol_621	0
mol_622	3
mol_623	2
mol_624	8
mol_625	5
mol_626	9
mol_627	6
mol_628	6
mol_629	8
mol_630	1
mol_631	9
mol_632	5
mol_633	8
mol_634	5
mol_635	8
mol_636	6
mol_637	0
mol_638	3
mol_639	9
mol_640	1
mol_641	8
mol_642	6
mol_643	1
mol_644	6
mol_645	6
mol_646	9
mol_647	8
mol_648	2
mol_649	6
mol_650	3
mol_651	9
mol_652	3
mol_653	9
mol_654	2
mol_655	0
mol_656	7
mol_657	2
mol_658	4
mol_659	8
mol_660	2
mol_661	0
mol_662	9
mol_663	9
mol_664	6
mol_665	2
mol_666	9
mol_667	3
mol_668	3
mol_669	1
mol_670	7
mol_671	2
mol_672	5
mol_673	8
mol_674	3
mol_675	5
mol_676	1
mol_677	4
mol_678	6
mol_679	1
mol_680	1
mol_681	6
mol_682	6
mol_683	0
mol_684	7
mol_685	8
mol_686	6
mol_687	0
mol_688	8
mol_689	0
mol_690	8
mol_691	2
mol_692	3
mol_693	2
mol_694	5
mol_695	1
mol_696	2
mol_697	3
mol_698	5
mol_699	2
mol_700	8
mol_701	0
mol_702	8
mol_703	3
mol_704	8
mol_705	7
mol_706	7
mol_707	3
mol_708	2
mol_709	5
mol_710	0
mol_711	7
mol_712	8
mol_713	0
mol_714	6
mol_715	3
mol_716	5
mol_717	9
mol_718	4
mol_719	5
mol_720	6
mol_721	2
mol_722	8
mol_723	0
mol_724	0
mol_725	1
mol_726	1
mol_727	1
mol_728	7
mol_729	5
mol_730	6
mol_731	6
mol_732	8
mol_733	2
mol_734	8
mol_735	2
mol_736	0
mol_737	0
mol_738	8
mol_739	2
mol_740	3
mol_741	8
mol_742	8
mol_743	8
mol_744	4
mol_745	3
mol_746	0
mol_747	8
mol_748	0
mol_749	3
mol_750	3
mol_751	9
mol_752	7
mol_753	3
mol_754	8
mol_755	2
mol_756	9
mol_757	3
mol_758	8
mol_759	4
mol_760	2
mol_761	3
mol_762	4
mol_763	8
mol_764	1
mol_765	7
mol_766	2
mol_767	8
mol_768	2
mol_769	5
mol_770	7
mol_771	1
mol_772	3
mol_773	6
mol_774	8
mol_775	8
mol_776	2
mol_777	0
mol_778	9
mol_779	5
mol_780	8
mol_781	1
mol_782	2
mol_783	9
mol_784	6
mol_785	3
mol_786	3
mol_787	7
mol_788	1
mol_789	4
mol_790	9
mol_791	6
mol_792	9
mol_793	6
mol_794	8
mol_795	5
mol_796	2
mol_797	7
mol_798	2
mol_799	4
mol_800	2
mol_801	4
mol_802	3
mol_803	7
mol_804	0
mol_805	4
mol_806	7
mol_807	9
mol_808	3
mol_809	9
mol_810	8
mol_811	8
mol_812	2
mol_813	9
mol_814	5
mol_815	8
mol_816	5
mol_817	1
mol_818	2
mol_819	0
mol_820	1
mol_821	8
mol_822	1
mol_823	1
mol_824	4
mol_825	6
mol_826	0
mol_827	6
mol_828	7
mol_829	8
mol_830	2
mol_831	8
mol_832	9
mol_833	8
mol_834	2
mol_835	3
mol_836	9
mol_837	1
mol_838	8
mol_839	3
mol_840	7
mol_841	5
mol_842	3
mol_843	9
mol_844	9
mol_845	9
mol_846	9
mol_847	6
mol_848	9
mol_849	9
mol_850	8
mol_851	5
mol_852	2
mol_853	4
mol_854	9
mol_855	7
mol_856	9
mol_857	5
mol_858	8
mol_859	0
mol_860	5
mol_861	6
mol_862	8
mol_863	7
mol_864	3
mol_865	4
mol_866	2
mol_867	8
mol_868	5
mol_869	2
mol_870	0
mol_871	1
mol_872	9
mol_873	2
mol_874	0
mol_875	8
mol_876	9
mol_877	1
mol_878	8
mol_879	8
mol_880	9
mol_881	2
mol_882	2
mol_883	2
mol_884	9
mol_885	9
mol_886	1
mol_887	7
mol_888	8
mol_889	8
mol_890	6
mol_891	2
mol_892	2
mol_893	1
mol_894	9
mol_895	6
mol_896	9
mol_897	7
mol_898	5
mol_899	0
mol_900	6
mol_901	2
mol_902	8
mol_903	4
mol_904	9
mol_905	0
mol_906	9
mol_907	2
mol_908	1
mol_909	0
mol_910	8
mol_911	8
mol_912	0
mol_913	8
mol_914	8
mol_915	6
mol_916	2
mol_917	8
mol_918	5
mol_919	7
mol_920	1
mol_921	5
mol_922	0
mol_923	5
mol_924	6
mol_925	7
mol_926	8
mol_927	0
mol_928	8
mol_929	2
mol_930	2
mol_931	8
mol_932	1
mol_933	8
mol_934	7
mol_935	8
mol_936	0
mol_937	7
mol_938	3
mol_939	4
mol_940	7
mol_941	8
mol_942	1
mol_943	1
mol_944	8
mol_945	1
mol_946	4
mol_947	1
mol_948	0
mol_949	8
mol_950	1
mol_951	2
mol_952	8
mol_953	5
mol_954	1
mol_955	0
mol_956	1
mol_957	1
mol_958	1
mol_959	7
mol_960	8
mol_961	9
mol_962	9
mol_963	9
mol_964	8
mol_965	8
mol_966	7
mol_967	0
mol_968	7
mol_969	7
mol_970	8
mol_971	0
mol_972	9
mol_973	8
mol_974	8
mol_975	1
mol_976	8
mol_977	0
mol_978	6
mol_979	7
mol_980	9
mol_981	8
mol_982	1
mol_983	1
mol_984	0
mol_985	3
mol_986	0
mol_987	9
mol_988	0
mol_989	5
mol_990	3
mol_991	8
mol_992	8
mol_993	9
mol_994	1
mol_995	8
mol_996	1
mol_997	1
mol_998	2
mol_999	1
mol_1000	5
mol_1001	3
mol_1002	3
mol_1003	7
mol_1004	1
mol_1005	9
mol_1006	5
mol_1007	2
mol_1008	6
mol_1009	7
mol_1010	1
mol_1011	1
mol_1012	5
mol_1013	5
mol_1014	0
mol_1015	9
mol_1016	5
mol_1017	9
mol_1018	9
mol_1019	7
mol_1020	9
mol_1021	9
mol_1022	3
mol_1023	9
mol_1024	6
mol_1025	6
mol_1026	4
mol_1027	6
mol_1028	6
mol_1029	3
mol_1030	6
mol_1031	9
mol_1032	0
mol_1033	8
mol_1034	3
mol_1035	4
mol_1036	6
mol_1037	3
mol_1038	4
mol_1039	1
mol_1040	3
mol_1041	6
mol_1042	8
mol_1043	0
mol_1044	8
mol_1045	0
mol_1046	6
mol_1047	9
mol_1048	9
mol_1049	8
mol_1050	6
mol_1051	8
mol_1052	0
mol_1053	0
mol_1054	6
mol_1055	2
mol_1056	8
mol_1057	1
mol_1058	7
mol_1059	9
mol_1060	3
mol_1061	8
mol_1062	1
mol_1063	8
mol_1064	4
mol_1065	5
mol_1066	5
mol_1067	7
mol_1068	0
mol_1069	5
mol_1070	7
mol_1071	9
mol_1072	4
mol_1073	7
mol_1074	3
mol_1075	3
mol_1076	7
mol_1077	8
mol_1078	8
mol_1079	8
mol_1080	6
mol_1081	9
mol_1082	9
mol_1083	0
mol_1084	6
mol_1085	0
mol_1086	6
mol_1087	3
mol_1088	8
mol_1089	8
mol_1090	8
mol_1091	8
mol_1092	9
mol_1093	1
mol_1094	8
mol_1095	6
mol_1096	2
mol_1097	8
mol_1098	9
mol_1099	9
mol_1100	6
mol_1101	1
mol_1102	6
mol_1103	9
mol_1104	9
mol_1105	9
mol_1106	8
mol_1107	1
mol_1108	5
mol_1109	6
mol_1110	8
mol_1111	9
mol_1112	5
mol_1113	9
mol_1114	4
mol_1115	8
mol_1116	1
mol_1117	8
mol_1118	2
mol_1119	7
mol_1120	5
mol_1121	9
mol_1122	7
mol_1123	5
mol_1124	6
mol_1125	0
mol_1126	8
mol_1127	1
mol_1128	0
mol_1129	0
mol_1130	1
mol_1131	5
mol_1132	8
mol_1133	0
mol_1134	8
mol_1135	7
mol_1136	5
mol_1137	8
mol_1138	4
mol_1139	3
mol_1140	5
mol_1141	0
mol_1142	6
mol_1143	9
mol_1144	6
mol_1145	5
mol_1146	2
mol_1147	3
mol_1148	6
mol_1149	0
mol_1150	6
mol_1151	8
mol_1152	3
mol_1153	3
mol_1154	1
mol_1155	1
mol_1156	9
mol_1157	5
mol_1158	3
mol_1159	8
mol_1160	3
mol_1161	8
mol_1162	9
mol_1163	5
mol_1164	0
mol_1165	1
mol_1166	6
mol_1167	1
mol_1168	0
mol_1169	0
mol_1170	1
mol_1171	5
mol_1172	6
mol_1173	1
mol_1174	5
mol_1175	2
mol_1176	6
mol_1177	9
mol_1178	3
mol_1179	5
mol_1180	3
mol_1181	9
mol_1182	8
mol_1183	8
mol_1184	9
mol_1185	0
mol_1186	6
mol_1187	2
mol_1188	8
mol_1189	0
mol_1190	0
mol_1191	1
mol_1192	1
mol_1193	1
mol_1194	7
mol_1195	0
mol_1196	6
mol_1197	9
mol_1198	7
mol_1199	3
mol_1200	0
mol_1201	2
mol_1202	5
mol_1203	5
mol_1204	0
mol_1205	0
mol_1206	6
mol_1207	6
mol_1208	8
mol_1209	6
mol_1210	8
mol_1211	1
mol_1212	4
mol_1213	9
mol_1214	1
mol_1215	2
mol_1216	8
mol_1217	1
mol_1218	7
mol_1219	8
mol_1220	9
mol_1221	8
mol_1222	6
mol_1223	9
mol_1224	0
mol_1225	8
mol_1226	7
mol_1227	6
mol_1228	8
mol_1229	0
mol_1230	6
mol_1231	1
mol_1232	4
mol_1233	0
mol_1234	2
mol_1235	7
mol_1236	8
mol_1237	0
mol_1238	4
mol_1239	8
mol_1240	6
mol_1241	9
mol_1242	1
mol_1243	8
mol_1244	1
mol_1245	6
mol_1246	9
mol_1247	8
mol_1248	4
mol_1249	2
mol_1250	4
mol_1251	5
mol_1252	6
mol_1253	6
mol_1254	6
mol_1255	8
mol_1256	0
mol_1257	0
mol_1258	0
mol_1259	2
mol_1260	0
mol_1261	4
mol_1262	6
mol_1263	3
mol_1264	8
mol_1265	6
mol_1266	8
mol_1267	0
mol_1268	8
mol_1269	1
mol_1270	6
mol_1271	7
mol_1272	0
mol_1273	6
mol_1274	8
mol_1275	9
mol_1276	6
mol_1277	5
mol_1278	0
mol_1279	2
mol_1280	1
mol_1281	3
mol_1282	2
mol_1283	2
mol_1284	5
mol_1285	8
mol_1286	6
mol_1287	3
mol_1288	8
mol_1289	0
mol_1290	5
mol_1291	2
mol_1292	1
mol_1293	3
mol_1294	0
mol_1295	4
mol_1296	1
mol_1297	1
mol_1298	0
mol_1299	9
mol_1300	1
mol_1301	6
mol_1302	8
mol_1303	1
mol_1304	9
mol_1305	6
mol_1306	1
mol_1307	6
mol_1308	1
mol_1309	2
mol_1310	8
mol_1311	2
mol_1312	6
mol_1313	0
mol_1314	0
mol_1315	2
mol_1316	7
mol_1317	2
mol_1318	1
mol_1319	8
mol_1320	3
mol_1321	1
mol_1322	9
mol_1323	9
mol_1324	0
mol_1325	9
mol_1326	8
mol_1327	0
mol_1328	9
mol_1329	7
mol_1330	5
mol_1331	6
mol_1332	6
mol_1333	7
mol_1334	9
mol_1335	2
mol_1336	2
mol_1337	7
mol_1338	6
mol_1339	4
mol_1340	0
mol_1341	0
mol_1342	9
mol_1343	3
mol_1344	1
mol_1345	2
mol_1346	1
mol_1347	8
mol_1348	7
mol_1349	8
mol_1350	9
mol_1351	8
mol_1352	9
mol_1353	1
mol_1354	7
mol_1355	0
mol_1356	1
mol_1357	5
mol_1358	1
mol_1359	5
mol_1360	5
mol_1361	9
mol_1362	9
mol_1363	9
mol_1364	1
mol_1365	6
mol_1366	5
mol_1367	2
mol_1368	6
mol_1369	6
mol_1370	1
mol_1371	1
mol_1372	6
mol_1373	1
mol_1374	9
mol_1375	5
mol_1376	8
mol_1377	4
mol_1378	7
mol_1379	7
mol_1380	7
mol_1381	8
mol_1382	6
mol_1383	9
mol_1384	2
mol_1385	6
mol_1386	1
mol_1387	9
mol_1388	9
mol_1389	2
mol_1390	2
mol_1391	8
mol_1392	6
mol_1393	7
mol_1394	8
mol_1395	7
mol_1396	0
mol_1397	2
mol_1398	3
mol_1399	2
mol_1400	3
mol_1401	6
mol_1402	8
mol_1403	1
mol_1404	0
mol_1405	0
mol_1406	1
mol_1407	2
mol_1408	1
mol_1409	3
mol_1410	9
mol_1411	9
mol_1412	0
mol_1413	9
mol_1414	2
mol_1415	4
mol_1416	2
mol_1417	7
mol_1418	9
mol_1419	6
mol_1420	8
mol_1421	0
mol_1422	3
mol_1423	6
mol_1424	9
mol_1425	6
mol_1426	7
mol_1427	6
mol_1428	8
mol_1429	3
mol_1430	9
mol_1431	5
mol_1432	8
mol_1433	2
mol_1434	9
mol_1435	0
mol_1436	4
mol_1437	8
mol_1438	6
mol_1439	8
mol_1440	9
mol_1441	3
mol_1442	9
mol_1443	3
mol_1444	8
mol_1445	0
mol_1446	9
mol_1447	0
mol_1448	5
mol_1449	8
mol_1450	0
mol_1451	1
mol_1452	9
mol_1453	5
mol_1454	9
mol_1455	9
mol_1456	9
mol_1457	6
mol_1458	8
mol_1459	5
mol_1460	9
mol_1461	1
mol_1462	8
mol_1463	8
mol_1464	8
mol_1465	9
mol_1466	9
mol_1467	8
mol_1468	9
mol_1469	9
mol_1470	5
mol_1471	1
mol_1472	6
mol_1473	1
mol_1474	0
mol_1475	1
mol_1476	6
mol_1477	0
mol_1478	1
mol_1479	9
mol_1480	5
mol_1481	1
mol_1482	9
mol_1483	8
mol_1484	2
mol_1485	6
mol_1486	9
mol_1487	2
mol_1488	9
mol_1489	0
mol_1490	0
mol_1491	7
mol_1492	1
mol_1493	6
mol_1494	8
mol_1495	9
mol_1496	4
mol_1497	2
mol_1498	5
mol_1499	1
mol_1500	0
mol_1501	2
mol_1502	9
mol_1503	3
mol_1504	1
mol_1505	9
mol_1506	1
mol_1507	6
mol_1508	0
mol_1509	2
mol_1510	0
mol_1511	9
mol_1512	3
mol_1513	7
mol_1514	4
mol_1515	9
mol_1516	9
mol_1517	9
mol_1518	8
mol_1519	0
mol_1520	1
mol_1521	0
mol_1522	6
mol_1523	0
mol_1524	1
mol_1525	0
mol_1526	9
mol_1527	1
mol_1528	9
mol_1529	1
mol_1530	8
mol_1531	6
mol_1532	9
mol_1533	6
mol_1534	5
mol_1535	8
mol_1536	5
mol_1537	8
mol_1538	9
mol_1539	0
mol_1540	8
mol_1541	5
mol_1542	6
mol_1543	1
mol_1544	6
mol_1545	7
mol_1546	1
mol_1547	2
mol_1548	8
mol_1549	0
mol_1550	7
mol_1551	8
mol_1552	7
mol_1553	8
mol_1554	7
mol_1555	6
mol_1556	6
mol_1557	1
mol_1558	4
mol_1559	8
mol_1560	7
mol_1561	8
mol_1562	7
mol_1563	4
mol_1564	6
mol_1565	2
mol_1566	8
mol_1567	1
mol_1568	8
mol_1569	1
mol_1570	8
mol_1571	9
mol_1572	2
mol_1573	9
mol_1574	2
mol_1575	9
mol_1576	4
mol_1577	0
mol_1578	1
mol_1579	6
mol_1580	8
mol_1581	1
mol_1582	2
mol_1583	6
mol_1584	4
mol_1585	1
mol_1586	6
mol_1587	8
mol_1588	3
mol_1589	8
mol_1590	4
mol_1591	5
mol_1592	3
mol_1593	8
mol_1594	1
mol_1595	9
mol_1596	9
mol_1597	0
mol_1598	0
mol_1599	0
mol_1600	0
mol_1601	0
mol_1602	2
mol_1603	2
mol_1604	8
mol_1605	9
mol_1606	6
mol_1607	8
mol_1608	9
mol_1609	9
mol_1610	9
mol_1611	2
mol_1612	5
mol_1613	8
mol_1614	1
mol_1615	8
mol_1616	9
mol_1617	3
mol_1618	8
mol_1619	3
mol_1620	0
mol_1621	9
mol_1622	9
mol_1623	0
mol_1624	5
mol_1625	7
mol_1626	7
mol_1627	0
mol_1628	2
mol_1629	2
mol_1630	2
mol_1631	6
mol_1632	0
mol_1633	2
mol_1634	0
mol_1635	6
mol_1636	8
mol_1637	7
mol_1638	3
mol_1639	6
mol_1640	8
mol_1641	0
mol_1642	4
mol_1643	4
mol_1644	6
mol_1645	3
mol_1646	8
mol_1647	3
mol_1648	0
mol_1649	3
mol_1650	0
mol_1651	2
mol_1652	1
mol_1653	9
mol_1654	8
mol_1655	8
mol_1656	1
mol_1657	7
mol_1658	1
mol_1659	0
mol_1660	1
mol_1661	6
mol_1662	4
mol_1663	0
mol_1664	3
mol_1665	8
mol_1666	7
mol_1667	9
mol_1668	2
mol_1669	9
mol_1670	1
mol_1671	1
mol_1672	7
mol_1673	3
mol_1674	8
mol_1675	8
mol_1676	4
mol_1677	9
mol_1678	9
mol_1679	1
mol_1680	9
mol_1681	5
mol_1682	7
mol_1683	6
mol_1684	8
mol_1685	3
mol_1686	0
mol_1687	3
mol_1688	5
mol_1689	9
mol_1690	3
mol_1691	8
mol_1692	6
mol_1693	1
mol_1694	9
mol_1695	9
mol_1696	6
mol_1697	1
mol_1698	9
mol_1699	1
mol_1700	0
mol_1701	2
mol_1702	8
mol_1703	0
mol_1704	5
mol_1705	8
mol_1706	9
mol_1707	0
mol_1708	5
mol_1709	8
mol_1710	1
mol_1711	8
mol_1712	2
mol_1713	9
mol_1714	9
mol_1715	7
mol_1716	8
mol_1717	9
mol_1718	1
mol_1719	0
mol_1720	5
mol_1721	3
mol_1722	8
mol_1723	2
mol_1724	8
mol_1725	6
mol_1726	8
mol_1727	9
mol_1728	6
mol_1729	9
mol_1730	3
mol_1731	9
mol_1732	1
mol_1733	7
mol_1734	0
mol_1735	9
mol_1736	8
mol_1737	0
mol_1738	3
mol_1739	6
mol_1740	8
mol_1741	1
mol_1742	8
mol_1743	1
mol_1744	9
mol_1745	8
mol_1746	4
mol_1747	1
mol_1748	5
mol_1749	9
mol_1750	7
mol_1751	8
mol_1752	9
mol_1753	1
mol_1754	5
mol_1755	5
mol_1756	6
mol_1757	5
mol_1758	2
mol_1759	8
mol_1760	2
mol_1761	8
mol_1762	1
mol_1763	1
mol_1764	7
mol_1765	8
mol_1766	8
mol_1767	3
mol_1768	8
mol_1769	3
mol_1770	8
mol_1771	1
mol_1772	6
mol_1773	5
mol_1774	7
mol_1775	0
mol_1776	4
mol_1777	9
mol_1778	3
mol_1779	7
mol_1780	1
mol_1781	0
mol_1782	6
mol_1783	0
mol_1784	6
mol_1785	8
mol_1786	9
mol_1787	4
mol_1788	9
mol_1789	2
mol_1790	0
mol_1791	5
mol_1792	3
mol_1793	8
mol_1794	0
mol_1795	4
mol_1796	3
mol_1797	9
mol_1798	1
mol_1799	9
mol_1800	8
mol_1801	6
mol_1802	0
mol_1803	2
mol_1804	0
mol_1805	0
mol_1806	6
mol_1807	8
mol_1808	2
mol_1809	1
mol_1810	2
mol_1811	8
mol_1812	9
mol_1813	2
mol_1814	0
mol_1815	8
mol_1816	7
mol_1817	9
mol_1818	5
mol_1819	1
mol_1820	3
mol_1821	1
mol_1822	0
mol_1823	5
mol_1824	7
mol_1825	7
mol_1826	1
mol_1827	4
mol_1828	2
mol_1829	5
mol_1830	0
mol_1831	6
mol_1832	8
mol_1833	9
mol_1834	5
mol_1835	8
mol_1836	7
mol_1837	9
mol_1838	8
mol_1839	8
mol_1840	6
mol_1841	7
mol_1842	8
mol_1843	8
mol_1844	0
mol_1845	8
mol_1846	9
mol_1847	8
mol_1848	9
mol_1849	0
mol_1850	5
mol_1851	8
mol_1852	2
mol_1853	6
mol_1854	9
mol_1855	6
mol_1856	8
mol_1857	7
mol_1858	1
mol_1859	8
mol_1860	0
mol_1861	3
mol_1862	1
mol_1863	9
mol_1864	8
mol_1865	6
mol_1866	7
mol_1867	8
mol_1868	6
mol_1869	7
mol_1870	3
mol_1871	3
mol_1872	4
mol_1873	5
mol_1874	9
mol_1875	2
mol_1876	8
mol_1877	8
mol_1878	5
mol_1879	6
mol_1880	8
mol_1881	1
mol_1882	7
mol_1883	1
mol_1884	5
mol_1885	8
mol_1886	6
mol_1887	6
mol_1888	2
mol_1889	8
mol_1890	8
mol_1891	4
mol_1892	6
mol_1893	8
mol_1894	8
mol_1895	0
mol_1896	9
mol_1897	8
mol_1898	8
mol_1899	1
mol_1900	8
mol_1901	9
mol_1902	0
mol_1903	5
mol_1904	9
mol_1905	8
mol_1906	1
mol_1907	6
mol_1908	2
mol_1909	9
mol_1910	1
mol_1911	5
mol_1912	7
mol_1913	8
mol_1914	6
mol_1915	0
mol_1916	9
mol_1917	7
mol_1918	5
mol_1919	6
mol_1920	9
mol_1921	7
mol_1922	8
mol_1923	0
mol_1924	0
mol_1925	9
mol_1926	0
mol_1927	0
mol_1928	9
mol_1929	6
mol_1930	0
mol_1931	3
mol_1932	8
mol_1933	1
mol_1934	9
mol_1935	6
mol_1936	6
mol_1937	7
mol_1938	8
mol_1939	1
mol_1940	9
mol_1941	4
mol_1942	6
mol_1943	4
mol_1944	4
mol_1945	3
mol_1946	5
mol_1947	0
mol_1948	2
mol_1949	6
mol_1950	1
mol_1951	0
mol_1952	8
mol_1953	1
mol_1954	9
mol_1955	8
mol_1956	5
mol_1957	8
mol_1958	9
mol_1959	5
mol_1960	0
mol_1961	9
mol_1962	0
mol_1963	6
mol_1964	4
mol_1965	8
mol_1966	1
mol_1967	9
mol_1968	6
mol_1969	9
mol_1970	9
mol_1971	9
mol_1972	8
mol_1973	3
mol_1974	2
mol_1975	3
mol_1976	4
mol_1977	1
mol_1978	1
mol_1979	6
mol_1980	4
mol_1981	8
mol_1982	8
mol_1983	8
mol_1984	2
mol_1985	8
mol_1986	5
mol_1987	9
mol_1988	0
mol_1989	2
mol_1990	9
mol_1991	8
mol_1992	1
mol_1993	2
mol_1994	8
mol_1995	0
mol_1996	8
mol_1997	5
mol_1998	5
mol_1999	0
mol_2000	6
mol_2001	1
mol_2002	6
mol_2003	8
mol_2004	9
mol_2005	1
mol_2006	8
mol_2007	5
mol_2008	3
mol_2009	3
mol_2010	8
mol_2011	8
mol_2012	0
mol_2013	3
mol_2014	5
mol_2015	5
mol_2016	8
mol_2017	1
mol_2018	8
mol_2019	7
mol_2020	0
mol_2021	2
mol_2022	0
mol_2023	9
mol_2024	8
mol_2025	3
mol_2026	8
mol_2027	5
mol_2028	2
mol_2029	7
mol_2030	5
mol_2031	2
mol_2032	4
mol_2033	1
mol_2034	8
mol_2035	9
mol_2036	0
mol_2037	2
mol_2038	9
mol_2039	9
mol_2040	6
mol_2041	2
mol_2042	0
mol_2043	6
mol_2044	0
mol_2045	8
mol_2046	1
mol_2047	8
mol_2048	8
mol_2049	8
mol_2050	7
mol_2051	4
mol_2052	0
mol_2053	5
mol_2054	3
mol_2055	3
mol_2056	1
mol_2057	9
mol_2058	9
mol_2059	3
mol_2060	0
mol_2061	3
mol_2062	1
mol_2063	2
mol_2064	3
mol_2065	8
mol_2066	8
mol_2067	9
mol_2068	1
mol_2069	3
mol_2070	5
mol_2071	6
mol_2072	9
mol_2073	9
mol_2074	7
mol_2075	1
mol_2076	3
mol_2077	7
mol_2078	9
mol_2079	8
mol_2080	2
mol_2081	4
mol_2082	9
mol_2083	8
mol_2084	9
mol_2085	8
mol_2086	2
mol_2087	6
mol_2088	5
mol_2089	9
mol_2090	8
mol_2091	8
mol_2092	6
mol_2093	6
mol_2094	0
mol_2095	8
mol_2096	2
mol_2097	6
mol_2098	8
mol_2099	0
mol_2100	9
mol_2101	0
mol_2102	2
mol_2103	8
mol_2104	9
mol_2105	8
mol_2106	1
mol_2107	6
mol_2108	6
mol_2109	5
mol_2110	8
mol_2111	0
mol_2112	9
mol_2113	8
mol_2114	0
mol_2115	2
mol_2116	9
mol_2117	7
mol_2118	1
mol_2119	1
mol_2120	8
mol_2121	8
mol_2122	8
mol_2123	0
mol_2124	9
mol_2125	6
mol_2126	8
mol_2127	3
mol_2128	8
mol_2129	8
mol_2130	8
mol_2131	9
mol_2132	8
mol_2133	8
mol_2134	8
mol_2135	1
mol_2136	7
mol_2137	1
mol_2138	4
mol_2139	2
mol_2140	8
mol_2141	6
mol_2142	5
mol_2143	1
mol_2144	8
mol_2145	8
mol_2146	5
mol_2147	1
mol_2148	7
mol_2149	1
mol_2150	8
mol_2151	8
mol_2152	8
mol_2153	1
mol_2154	1
mol_2155	8
mol_2156	8
mol_2157	6
mol_2158	8
mol_2159	3
mol_2160	5
mol_2161	3
mol_2162	8
mol_2163	9
mol_2164	8
mol_2165	0
mol_2166	9
mol_2167	7
mol_2168	8
mol_2169	4
mol_2170	1
mol_2171	1
mol_2172	5
mol_2173	5
mol_2174	4
mol_2175	6
mol_2176	8
mol_2177	9
mol_2178	7
mol_2179	9
mol_2180	6
mol_2181	9
mol_2182	1
mol_2183	0
mol_2184	5
mol_2185	2
mol_2186	3
mol_2187	8
mol_2188	9
mol_2189	8
mol_2190	8
mol_2191	5
mol_2192	8
mol_2193	9
mol_2194	4
mol_2195	8
mol_2196	6
mol_2197	6
mol_2198	9
mol_2199	5
mol_2200	4
mol_2201	6
mol_2202	9
mol_2203	0
mol_2204	1
mol_2205	7
mol_2206	6
mol_2207	4
mol_2208	8
mol_2209	8
mol_2210	1
mol_2211	8
mol_2212	7
mol_2213	0
mol_2214	4
mol_2215	0
mol_2216	0
mol_2217	8
mol_2218	8
mol_2219	1
mol_2220	8
mol_2221	5
mol_2222	3
mol_2223	5
mol_2224	0
mol_2225	0
mol_2226	6
mol_2227	8
mol_2228	5
mol_2229	9
mol_2230	5
mol_2231	5
mol_2232	8
mol_2233	3
mol_2234	1
mol_2235	8
mol_2236	5
mol_2237	9
mol_2238	1
mol_2239	7
mol_2240	8
mol_2241	8
mol_2242	8
mol_2243	4
mol_2244	6
mol_2245	8
mol_2246	2
mol_2247	9
mol_2248	0
mol_2249	6
mol_2250	3
mol_2251	9
mol_2252	1
mol_2253	0
mol_2254	9
mol_2255	9
mol_2256	3
mol_2257	5
mol_2258	6
mol_2259	8
mol_2260	5
mol_2261	5
mol_2262	2
mol_2263	9
mol_2264	8
mol_2265	2
mol_2266	0
mol_2267	6
mol_2268	0
mol_2269	9
mol_2270	5
mol_2271	9
mol_2272	1
mol_2273	2
mol_2274	1
mol_2275	1
mol_2276	8
mol_2277	0
mol_2278	9
mol_2279	0
mol_2280	6
mol_2281	7
mol_2282	9
mol_2283	5
mol_2284	3
mol_2285	9
mol_2286	2
mol_2287	9
mol_2288	9
mol_2289	9
mol_2290	1
mol_2291	1
mol_2292	0
mol_2293	1
mol_2294	0
mol_2295	8
mol_2296	6
mol_2297	0
mol_2298	9
mol_2299	3
mol_2300	5
mol_2301	6
mol_2302	9
mol_2303	7
mol_2304	3
mol_2305	8
mol_2306	2
mol_2307	5
mol_2308	6
mol_2309	5
mol_2310	9
mol_2311	8
mol_2312	0
mol_2313	0
mol_2314	9
mol_2315	8
mol_2316	0
mol_2317	2
mol_2318	1
mol_2319	0
mol_2320	6
mol_2321	9
mol_2322	1
mol_2323	0
mol_2324	9
mol_2325	8
mol_2326	1
mol_2327	8
mol_2328	0
mol_2329	7
mol_2330	8
mol_2331	7
mol_2332	1
mol_2333	2
mol_2334	6
mol_2335	2
mol_2336	1
mol_2337	8
mol_2338	9
mol_2339	5
mol_2340	8
mol_2341	8
mol_2342	8
mol_2343	1
mol_2344	0
mol_2345	2
mol_2346	9
mol_2347	8
mol_2348	8
mol_2349	2
mol_2350	9
mol_2351	0
mol_2352	9
mol_2353	2
mol_2354	8
mol_2355	0
mol_2356	5
mol_2357	5
mol_2358	8
mol_2359	9
mol_2360	1
mol_2361	0
mol_2362	8
mol_2363	8
mol_2364	0
mol_2365	7
mol_2366	9
mol_2367	1
mol_2368	9
mol_2369	9
mol_2370	2
mol_2371	2
mol_2372	2
mol_2373	9
mol_2374	5
mol_2375	6
mol_2376	2
mol_2377	8
mol_2378	1
mol_2379	8
mol_2380	8
mol_2381	1
mol_2382	6
mol_2383	9
mol_2384	8
mol_2385	8
mol_2386	9
mol_2387	6
mol_2388	1
mol_2389	9
mol_2390	2
mol_2391	3
mol_2392	3
mol_2393	6
mol_2394	7
mol_2395	5
mol_2396	7
mol_2397	8
mol_2398	9
mol_2399	9
mol_2400	2
mol_2401	8
mol_2402	6
mol_2403	1
mol_2404	6
mol_2405	5
mol_2406	7
mol_2407	6
mol_2408	8
mol_2409	7
mol_2410	3
mol_2411	7
mol_2412	7
mol_2413	5
mol_2414	3
mol_2415	6
mol_2416	8
mol_2417	9
mol_2418	3
mol_2419	7
mol_2420	2
mol_2421	2
mol_2422	3
mol_2423	1
mol_2424	4
mol_2425	6
mol_2426	1
mol_2427	5
mol_2428	5
mol_2429	0
mol_2430	8
mol_2431	9
mol_2432	0
mol_2433	5
mol_2434	9
mol_2435	6
mol_2436	9
mol_2437	2
mol_2438	1
mol_2439	1
mol_2440	0
mol_2441	5
mol_2442	6
mol_2443	9
mol_2444	5
mol_2445	1
mol_2446	2
mol_2447	8
mol_2448	2
mol_2449	1
mol_2450	5
mol_2451	3
mol_2452	9
mol_2453	2
mol_2454	8
mol_2455	1
mol_2456	0
mol_2457	8
mol_2458	2
mol_2459	6
mol_2460	8
mol_2461	1
mol_2462	1
mol_2463	0
mol_2464	8
mol_2465	3
mol_2466	6
mol_2467	0
mol_2468	7
mol_2469	2
mol_2470	5
mol_2471	8
mol_2472	1
mol_2473	9
mol_2474	8
mol_2475	1
mol_2476	1
mol_2477	2
mol_2478	9
mol_2479	8
mol_2480	5
mol_2481	8
mol_2482	5
mol_2483	8
mol_2484	8
mol_2485	3
mol_2486	8
mol_2487	4
mol_2488	2
mol_2489	9
mol_2490	3
mol_2491	7
mol_2492	2
mol_2493	4
mol_2494	5
mol_2495	8
mol_2496	8
mol_2497	6
mol_2498	1
mol_2499	8
mol_2500	8
mol_2501	9
mol_2502	8
mol_2503	4
mol_2504	5
mol_2505	7
mol_2506	6
mol_2507	3
mol_2508	8
mol_2509	1
mol_2510	8
mol_2511	2
mol_2512	9
mol_2513	2
mol_2514	1
mol_2515	8
mol_2516	3
mol_2517	2
mol_2518	9
mol_2519	8
mol_2520	0
mol_2521	1
mol_2522	5
mol_2523	0
mol_2524	0
mol_2525	8
mol_2526	9
mol_2527	8
mol_2528	1
mol_2529	8
mol_2530	0
mol_2531	2
mol_2532	2
mol_2533	1
mol_2534	2
mol_2535	2
mol_2536	6
mol_2537	7
mol_2538	8
mol_2539	0
mol_2540	6
mol_2541	1
mol_2542	9
mol_2543	6
mol_2544	2
mol_2545	8
mol_2546	5
mol_2547	9
mol_2548	1
mol_2549	9
mol_2550	9
mol_2551	0
mol_2552	8
mol_2553	2
mol_2554	7
mol_2555	1
mol_2556	2
mol_2557	8
mol_2558	4
mol_2559	1
mol_2560	5
mol_2561	5
mol_2562	3
mol_2563	3
mol_2564	0
mol_2565	6
mol_2566	1
mol_2567	8
mol_2568	9
mol_2569	7
mol_2570	4
mol_2571	0
mol_2572	6
mol_2573	2
mol_2574	4
mol_2575	6
mol_2576	5
mol_2577	7
mol_2578	7
mol_2579	4
mol_2580	8
mol_2581	2
mol_2582	0
mol_2583	9
mol_2584	8
mol_2585	6
mol_2586	0
mol_2587	8
mol_2588	8
mol_2589	7
mol_2590	3
mol_2591	0
mol_2592	2
mol_2593	1
mol_2594	8
mol_2595	3
mol_2596	8
mol_2597	1
mol_2598	8
mol_2599	1
mol_2600	8
mol_2601	9
mol_2602	7
mol_2603	8
mol_2604	6
mol_2605	6
mol_2606	9
mol_2607	8
mol_2608	9
mol_2609	3
mol_2610	6
mol_2611	3
mol_2612	5
mol_2613	6
mol_2614	2
mol_2615	7
mol_2616	0
mol_2617	1
mol_2618	1
mol_2619	7
mol_2620	9
mol_2621	8
mol_2622	0
mol_2623	3
mol_2624	9
mol_2625	8
mol_2626	5
mol_2627	8
mol_2628	3
mol_2629	9
mol_2630	4
mol_2631	1
mol_2632	6
mol_2633	8
mol_2634	0
mol_2635	2
mol_2636	6
mol_2637	1
mol_2638	1
mol_2639	5
mol_2640	9
mol_2641	8
mol_2642	1
mol_2643	2
mol_2644	0
mol_2645	9
mol_2646	1
mol_2647	6
mol_2648	8
mol_2649	9
mol_2650	8
mol_2651	2
mol_2652	9
mol_2653	0
mol_2654	0
mol_2655	2
mol_2656	1
mol_2657	9
mol_2658	0
mol_2659	6
mol_2660	9
mol_2661	2
mol_2662	9
mol_2663	6
mol_2664	8
mol_2665	8
mol_2666	9
mol_2667	8
mol_2668	7
mol_2669	7
mol_2670	5
mol_2671	1
mol_2672	1
mol_2673	8
mol_2674	9
mol_2675	2
mol_2676	1
mol_2677	4
mol_2678	3
mol_2679	8
mol_2680	1
mol_2681	6
mol_2682	4
mol_2683	1
mol_2684	5
mol_2685	1
mol_2686	5
mol_2687	8
mol_2688	2
mol_2689	2
mol_2690	8
mol_2691	7
mol_2692	5
mol_2693	1
mol_2694	6
mol_2695	8
mol_2696	9
mol_2697	2
mol_2698	5
mol_2699	2
mol_2700	9
mol_2701	2
mol_2702	5
mol_2703	8
mol_2704	2
mol_2705	3
mol_2706	9
mol_2707	3
mol_2708	0
mol_2709	2
mol_2710	9
mol_2711	0
mol_2712	2
mol_2713	0
mol_2714	5
mol_2715	9
mol_2716	8
mol_2717	4
mol_2718	7
mol_2719	5
mol_2720	2
mol_2721	3
mol_2722	3
mol_2723	8
mol_2724	8
mol_2725	8
mol_2726	0
mol_2727	9
mol_2728	9
mol_2729	5
mol_2730	5
mol_2731	6
mol_2732	2
mol_2733	1
mol_2734	9
mol_2735	2
mol_2736	6
mol_2737	9
mol_2738	2
mol_2739	1
mol_2740	8
mol_2741	4
mol_2742	1
mol_2743	4
mol_2744	6
mol_2745	6
mol_2746	9
mol_2747	9
mol_2748	7
mol_2749	5
mol_2750	1
mol_2751	1
mol_2752	2
mol_2753	5
mol_2754	7
mol_2755	3
mol_2756	9
mol_2757	8
mol_2758	1
mol_2759	1
mol_2760	4
mol_2761	9
mol_2762	0
mol_2763	8
mol_2764	5
mol_2765	0
mol_2766	0
mol_2767	1
mol_2768	8
mol_2769	1
mol_2770	6
mol_2771	9
mol_2772	4
mol_2773	9
mol_2774	8
mol_2775	7
mol_2776	6
mol_2777	3
mol_2778	1
mol_2779	7
mol_2780	8
mol_2781	8
mol_2782	8
mol_2783	0
mol_2784	5
mol_2785	6
mol_2786	1
mol_2787	0
mol_2788	1
mol_2789	3
mol_2790	6
mol_2791	8
mol_2792	8
mol_2793	8
mol_2794	9
mol_2795	1
mol_2796	8
mol_2797	1
mol_2798	8
mol_2799	9
mol_2800	8
mol_2801	9
mol_2802	7
mol_2803	4
mol_2804	8
mol_2805	2
mol_2806	8
mol_2807	8
mol_2808	9
mol_2809	4
mol_2810	9
mol_2811	8
mol_2812	8
mol_2813	7
mol_2814	9
mol_2815	5
mol_2816	7
mol_2817	8
mol_2818	0
mol_2819	5
mol_2820	6
mol_2821	5
mol_2822	2
mol_2823	5
mol_2824	5
mol_2825	8
mol_2826	9
mol_2827	0
mol_2828	0
mol_2829	9
mol_2830	9
mol_2831	5
mol_2832	8
mol_2833	3
mol_2834	2
mol_2835	9
mol_2836	5
mol_2837	8
mol_2838	2
mol_2839	3
mol_2840	2
mol_2841	9
mol_2842	7
mol_2843	8
mol_2844	9
mol_2845	9
mol_2846	9
mol_2847	1
mol_2848	1
mol_2849	1
mol_2850	9
mol_2851	2
mol_2852	6
mol_2853	1
mol_2854	0
mol_2855	9
mol_2856	8
mol_2857	2
mol_2858	8
mol_2859	1
mol_2860	9
mol_2861	1
mol_2862	7
mol_2863	8
mol_2864	6
mol_2865	9
mol_2866	2
mol_2867	9
mol_2868	2
mol_2869	9
mol_2870	8
mol_2871	7
mol_2872	3
mol_2873	9
mol_2874	0
mol_2875	8
mol_2876	7
mol_2877	6
mol_2878	8
mol_2879	0
mol_2880	1
mol_2881	1
mol_2882	8
mol_2883	1
mol_2884	1
mol_2885	3
mol_2886	1
mol_2887	9
mol_2888	7
mol_2889	1
mol_2890	6
mol_2891	2
mol_2892	1
mol_2893	8
mol_2894	3
mol_2895	2
mol_2896	6
mol_2897	1
mol_2898	6
mol_2899	0
mol_2900	1
mol_2901	6
mol_2902	5
mol_2903	8
mol_2904	2
mol_2905	1
mol_2906	6
mol_2907	8
mol_2908	9
mol_2909	9
mol_2910	1
mol_2911	5
mol_2912	8
mol_2913	8
mol_2914	3
mol_2915	2
mol_2916	8
mol_2917	6
mol_2918	8
mol_2919	6
mol_2920	0
mol_2921	0
mol_2922	9
mol_2923	9
mol_2924	2
mol_2925	6
mol_2926	9
mol_2927	8
mol_2928	0
mol_2929	2
mol_2930	6
mol_2931	0
mol_2932	9
mol_2933	6
mol_2934	9
mol_2935	1
mol_2936	9
mol_2937	5
mol_2938	9
mol_2939	7
mol_2940	5
mol_2941	9
mol_2942	0
mol_2943	5
mol_2944	8
mol_2945	0
mol_2946	9
mol_2947	6
mol_2948	9
mol_2949	2
mol_2950	3
mol_2951	5
mol_2952	2
mol_2953	8
mol_2954	9
mol_2955	7
mol_2956	1
mol_2957	0
mol_2958	8
mol_2959	5
mol_2960	6
mol_2961	4
mol_2962	1
mol_2963	1
mol_2964	2
mol_2965	5
mol_2966	6
mol_2967	5
mol_2968	8
mol_2969	9
mol_2970	3
mol_2971	7
mol_2972	2
mol_2973	6
mol_2974	5
mol_2975	7
mol_2976	8
mol_2977	6
mol_2978	6
mol_2979	8
mol_2980	1
mol_2981	5
mol_2982	9
mol_2983	5
mol_2984	9
mol_2985	1
mol_2986	7
mol_2987	2
mol_2988	5
mol_2989	4
mol_2990	8
mol_2991	9
mol_2992	0
mol_2993	3
mol_2994	4
mol_2995	8
mol_2996	9
mol_2997	9
mol_2998	2
mol_2999	8
mol_3000	8
mol_3001	8
mol_3002	2
mol_3003	6
mol_3004	0
mol_3005	8
mol_3006	9
mol_3007	8
mol_3008	9
mol_3009	9
mol_3010	8
mol_3011	1
mol_3012	7
mol_3013	5
mol_3014	4
mol_3015	1
mol_3016	4
mol_3017	7
mol_3018	3
mol_3019	8
mol_3020	7
mol_3021	6
mol_3022	6
mol_3023	1
mol_3024	4
mol_3025	8
mol_3026	9
mol_3027	4
mol_3028	0
mol_3029	7
mol_3030	9
mol_3031	2
mol_3032	9
mol_3033	1
mol_3034	0
mol_3035	5
mol_3036	8
mol_3037	3
mol_3038	1
mol_3039	2
mol_3040	6
mol_3041	2
mol_3042	0
mol_3043	1
mol_3044	9
mol_3045	0
mol_3046	5
mol_3047	8
mol_3048	5
mol_3049	1
mol_3050	1
mol_3051	8
mol_3052	0
mol_3053	1
mol_3054	2
mol_3055	8
mol_3056	9
mol_3057	5
mol_3058	1
mol_3059	5
mol_3060	8
mol_3061	0
mol_3062	1
mol_3063	7
mol_3064	7
mol_3065	0
mol_3066	9
mol_3067	1
mol_3068	0
mol_3069	5
mol_3070	1
mol_3071	9
mol_3072	6
mol_3073	7
mol_3074	5
mol_3075	0
mol_3076	3
mol_3077	9
mol_3078	3
mol_3079	8
mol_3080	1
mol_3081	2
mol_3082	6
mol_3083	0
mol_3084	0
mol_3085	0
mol_3086	8
mol_3087	1
mol_3088	0
mol_3089	9
mol_3090	5
mol_3091	3
mol_3092	7
mol_3093	6
mol_3094	1
mol_3095	5
mol_3096	3
mol_3097	5
mol_3098	2
mol_3099	5
mol_3100	2
mol_3101	8
mol_3102	5
mol_3103	2
mol_3104	2
mol_3105	2
mol_3106	0
mol_3107	2
mol_3108	5
mol_3109	0
mol_3110	8
mol_3111	8
mol_3112	8
mol_3113	0
mol_3114	9
mol_3115	0
mol_3116	5
mol_3117	5
mol_3118	3
mol_3119	5
mol_3120	1
mol_3121	3
mol_3122	1
mol_3123	4
mol_3124	3
mol_3125	9
mol_3126	6
mol_3127	7
mol_3128	0
mol_3129	0
mol_3130	9
mol_3131	2
mol_3132	3
mol_3133	7
mol_3134	8
mol_3135	0
mol_3136	1
mol_3137	8
mol_3138	2
mol_3139	7
mol_3140	9
mol_3141	8
mol_3142	2
mol_3143	8
mol_3144	3
mol_3145	2
mol_3146	8
mol_3147	1
mol_3148	3
mol_3149	7
mol_3150	1
mol_3151	2
mol_3152	8
mol_3153	9
mol_3154	3
mol_3155	3
mol_3156	6
mol_3157	2
mol_3158	6
mol_3159	1
mol_3160	5
mol_3161	0
mol_3162	7
mol_3163	9
mol_3164	2
mol_3165	9
mol_3166	6
mol_3167	5
mol_3168	5
mol_3169	7
mol_3170	7
mol_3171	9
mol_3172	0
mol_3173	2
mol_3174	8
mol_3175	2
mol_3176	5
mol_3177	9
mol_3178	6
mol_3179	1
mol_3180	1
mol_3181	3
mol_3182	9
mol_3183	5
mol_3184	0
mol_3185	6
mol_3186	9
mol_3187	5
mol_3188	1
mol_3189	0
mol_3190	1
mol_3191	5
mol_3192	1
mol_3193	1
mol_3194	8
mol_3195	2
mol_3196	6
mol_3197	8
mol_3198	6
mol_3199	8
mol_3200	2
mol_3201	8
mol_3202	8
mol_3203	0
mol_3204	8
mol_3205	8
mol_3206	5
mol_3207	5
mol_3208	1
mol_3209	1
mol_3210	1
mol_3211	9
mol_3212	3
mol_3213	3
mol_3214	3
mol_3215	9
mol_3216	5
mol_3217	9
mol_3218	9
mol_3219	6
mol_3220	0
mol_3221	9
mol_3222	6
mol_3223	5
mol_3224	2
mol_3225	2
mol_3226	9
mol_3227	8
mol_3228	0
mol_3229	5
mol_3230	9
mol_3231	9
mol_3232	8
mol_3233	6
mol_3234	3
mol_3235	6
mol_3236	1
mol_3237	4
mol_3238	9
mol_3239	1
mol_3240	3
mol_3241	8
mol_3242	5
mol_3243	2
mol_3244	0
mol_3245	6
mol_3246	2
mol_3247	8
mol_3248	0
mol_3249	1
mol_3250	9
mol_3251	9
mol_3252	0
mol_3253	8
mol_3254	7
mol_3255	0
mol_3256	3
mol_3257	8
mol_3258	3
mol_3259	8
mol_3260	1
mol_3261	5
mol_3262	3
mol_3263	2
mol_3264	2
mol_3265	5
mol_3266	2
mol_3267	5
mol_3268	0
mol_3269	4
mol_3270	7
mol_3271	0
mol_3272	8
mol_3273	1
mol_3274	8
mol_3275	0
mol_3276	8
mol_3277	2
mol_3278	7
mol_3279	8
mol_3280	1
mol_3281	7
mol_3282	7
mol_3283	8
mol_3284	9
mol_3285	9
mol_3286	4
mol_3287	8
mol_3288	5
mol_3289	1
mol_3290	8
mol_3291	3
mol_3292	2
mol_3293	8
mol_3294	1
mol_3295	6
mol_3296	2
mol_3297	0
mol_3298	8
mol_3299	8
mol_3300	6
mol_3301	0
mol_3302	8
mol_3303	1
mol_3304	0
mol_3305	1
mol_3306	1
mol_3307	7
mol_3308	8
mol_3309	1
mol_3310	0
mol_3311	7
mol_3312	3
mol_3313	1
mol_3314	9
mol_3315	9
mol_3316	8
mol_3317	7
mol_3318	3
mol_3319	9
mol_3320	5
mol_3321	8
mol_3322	7
mol_3323	9
mol_3324	9
mol_3325	1
mol_3326	0
mol_3327	6
mol_3328	4
mol_3329	5
mol_3330	0
mol_3331	8
mol_3332	8
mol_3333	9
mol_3334	9
mol_3335	0
mol_3336	1
mol_3337	7
mol_3338	3
mol_3339	0
mol_3340	7
mol_3341	0
mol_3342	8
mol_3343	8
mol_3344	1
mol_3345	9
mol_3346	3
mol_3347	8
mol_3348	0
mol_3349	6
mol_3350	0
mol_3351	5
mol_3352	8
mol_3353	2
mol_3354	9
mol_3355	8
mol_3356	6
mol_3357	7
mol_3358	1
mol_3359	8
mol_3360	9
mol_3361	0
mol_3362	8
mol_3363	5
mol_3364	9
mol_3365	2
mol_3366	8
mol_3367	0
mol_3368	9
mol_3369	0
mol_3370	9
mol_3371	1
mol_3372	9
mol_3373	8
mol_3374	8
mol_3375	3
mol_3376	2
mol_3377	5
mol_3378	0
mol_3379	1
mol_3380	0
mol_3381	7
mol_3382	9
mol_3383	2
mol_3384	0
mol_3385	8
mol_3386	0
mol_3387	2
mol_3388	9
mol_3389	8
mol_3390	9
mol_3391	8
mol_3392	7
mol_3393	8
mol_3394	0
mol_3395	3
mol_3396	6
mol_3397	9
mol_3398	9
mol_3399	8
mol_3400	0
mol_3401	8
mol_3402	5
mol_3403	6
mol_3404	0
mol_3405	8
mol_3406	7
mol_3407	9
mol_3408	6
mol_3409	8
mol_3410	6
mol_3411	7
mol_3412	6
mol_3413	2
mol_3414	4
mol_3415	1
mol_3416	1
mol_3417	6
mol_3418	7
mol_3419	8
mol_3420	9
mol_3421	0
mol_3422	2
mol_3423	9
mol_3424	2
mol_3425	9
mol_3426	1
mol_3427	6
mol_3428	1
mol_3429	6
mol_3430	0
mol_3431	6
mol_3432	8
mol_3433	8
mol_3434	4
mol_3435	9
mol_3436	3
mol_3437	8
mol_3438	9
mol_3439	3
mol_3440	1
mol_3441	5
mol_3442	1
mol_3443	2
mol_3444	7
mol_3445	6
mol_3446	0
mol_3447	8
mol_3448	2
mol_3449	3
mol_3450	7
mol_3451	9
mol_3452	8
mol_3453	5
mol_3454	7
mol_3455	5
mol_3456	8
mol_3457	5
mol_3458	7
mol_3459	2
mol_3460	5
mol_3461	4
mol_3462	0
mol_3463	9
mol_3464	6
mol_3465	9
mol_3466	3
mol_3467	7
mol_3468	7
mol_3469	2
mol_3470	5
mol_3471	8
mol_3472	3
mol_3473	6
mol_3474	8
mol_3475	3
mol_3476	1
mol_3477	6
mol_3478	8
mol_3479	0
mol_3480	9
mol_3481	3
mol_3482	8
mol_3483	7
mol_3484	6
mol_3485	8
mol_3486	1
mol_3487	1
mol_3488	9
mol_3489	9
mol_3490	9
mol_3491	0
mol_3492	7
mol_3493	5
mol_3494	2
mol_3495	0
mol_3496	5
mol_3497	2
mol_3498	2
mol_3499	9
mol_3500	3
mol_3501	0
mol_3502	1
mol_3503	8
mol_3504	4
mol_3505	5
mol_3506	3
mol_3507	9
mol_3508	2
mol_3509	5
mol_3510	6
mol_3511	0
mol_3512	0
mol_3513	8
mol_3514	6
mol_3515	1
mol_3516	5
mol_3517	3
mol_3518	2
mol_3519	9
mol_3520	8
mol_3521	0
mol_3522	4
mol_3523	8
mol_3524	0
mol_3525	5
mol_3526	9
mol_3527	7
mol_3528	6
mol_3529	1
mol_3530	6
mol_3531	3
mol_3532	4
mol_3533	5
mol_3534	0
mol_3535	4
mol_3536	9
mol_3537	6
mol_3538	0
mol_3539	7
mol_3540	1
mol_3541	3
mol_3542	8
mol_3543	3
mol_3544	9
mol_3545	2
mol_3546	6
mol_3547	2
mol_3548	8
mol_3549	8
mol_3550	6
mol_3551	1
mol_3552	1
mol_3553	9
mol_3554	8
mol_3555	8
mol_3556	8
mol_3557	8
mol_3558	0
mol_3559	0
mol_3560	0
mol_3561	4
mol_3562	9
mol_3563	3
mol_3564	8
mol_3565	8
mol_3566	0
mol_3567	5
mol_3568	8
mol_3569	8
mol_3570	3
mol_3571	3
mol_3572	8
mol_3573	7
mol_3574	1
mol_3575	9
mol_3576	0
mol_3577	9
mol_3578	9
mol_3579	4
mol_3580	8
mol_3581	8
mol_3582	4
mol_3583	3
mol_3584	1
mol_3585	7
mol_3586	6
mol_3587	5
mol_3588	2
mol_3589	2
mol_3590	8
mol_3591	9
mol_3592	2
mol_3593	6
mol_3594	1
mol_3595	3
mol_3596	7
mol_3597	6
mol_3598	8
mol_3599	9
mol_3600	9
mol_3601	8
mol_3602	5
mol_3603	9
mol_3604	5
mol_3605	7
mol_3606	8
mol_3607	8
mol_3608	8
mol_3609	6
mol_3610	9
mol_3611	6
mol_3612	9
mol_3613	8
mol_3614	8
mol_3615	6
mol_3616	6
mol_3617	1
mol_3618	9
mol_3619	8
mol_3620	1
mol_3621	9
mol_3622	0
mol_3623	8
mol_3624	3
mol_3625	8
mol_3626	6
mol_3627	3
mol_3628	7
mol_3629	7
mol_3630	5
mol_3631	8
mol_3632	8
mol_3633	9
mol_3634	7
mol_3635	2
mol_3636	8
mol_3637	3
mol_3638	1
mol_3639	6
mol_3640	2
mol_3641	6
mol_3642	6
mol_3643	8
mol_3644	5
mol_3645	2
mol_3646	6
mol_3647	5
mol_3648	6
mol_3649	6
mol_3650	8
mol_3651	0
mol_3652	9
mol_3653	8
mol_3654	1
mol_3655	3
mol_3656	4
mol_3657	4
mol_3658	9
mol_3659	7
mol_3660	8
mol_3661	1
mol_3662	8
mol_3663	6
mol_3664	0
mol_3665	9
mol_3666	8
mol_3667	9
mol_3668	9
mol_3669	4
mol_3670	1
mol_3671	2
mol_3672	5
mol_3673	9
mol_3674	0
mol_3675	6
mol_3676	8
mol_3677	8
mol_3678	0
mol_3679	7
mol_3680	1
mol_3681	9
mol_3682	3
mol_3683	8
mol_3684	0
mol_3685	6
mol_3686	9
mol_3687	2
mol_3688	7
mol_3689	1
mol_3690	6
mol_3691	2
mol_3692	9
mol_3693	8
mol_3694	6
mol_3695	8
mol_3696	8
mol_3697	8
mol_3698	0
mol_3699	8
mol_3700	9
mol_3701	9
mol_3702	9
mol_3703	1
mol_3704	9
mol_3705	4
mol_3706	9
mol_3707	1
mol_3708	1
mol_3709	3
mol_3710	3
mol_3711	4
mol_3712	9
mol_3713	8
mol_3714	8
mol_3715	7
mol_3716	3
mol_3717	2
mol_3718	9
mol_3719	8
mol_3720	2
mol_3721	9
mol_3722	8
mol_3723	2
mol_3724	7
mol_3725	8
mol_3726	5
mol_3727	7
mol_3728	8
mol_3729	3
mol_3730	8
mol_3731	7
mol_3732	7
mol_3733	8
mol_3734	1
mol_3735	8
mol_3736	2
mol_3737	8
mol_3738	3
mol_3739	8
mol_3740	9
mol_3741	1
mol_3742	0
mol_3743	2
mol_3744	2
mol_3745	4
mol_3746	6
mol_3747	4
mol_3748	6
mol_3749	7
mol_3750	1
mol_3751	2
mol_3752	9
mol_3753	9
mol_3754	8
mol_3755	4
mol_3756	3
mol_3757	6
mol_3758	4
mol_3759	3
mol_3760	8
mol_3761	2
mol_3762	6
mol_3763	7
mol_3764	6
mol_3765	0
mol_3766	9
mol_3767	9
mol_3768	1
mol_3769	6
mol_3770	9
mol_3771	9
mol_3772	9
mol_3773	0
mol_3774	0
mol_3775	8
mol_3776	6
mol_3777	9
mol_3778	9
mol_3779	1
mol_3780	1
mol_3781	1
mol_3782	6
mol_3783	5
mol_3784	2
mol_3785	2
mol_3786	4
mol_3787	5
mol_3788	9
mol_3789	0
mol_3790	4
mol_3791	5
mol_3792	8
mol_3793	8
mol_3794	7
mol_3795	8
mol_3796	6
mol_3797	0
mol_3798	1
mol_3799	7
mol_3800	3
mol_3801	6
mol_3802	2
mol_3803	0
mol_3804	2
mol_3805	2
mol_3806	1
mol_3807	1
mol_3808	6
mol_3809	2
mol_3810	8
mol_3811	6
mol_3812	9
mol_3813	0
mol_3814	6
mol_3815	9
mol_3816	5
mol_3817	8
mol_3818	4
mol_3819	9
mol_3820	7
mol_3821	6
mol_3822	2
mol_3823	6
mol_3824	9
mol_3825	3
mol_3826	8
mol_3827	7
mol_3828	5
mol_3829	7
mol_3830	1
mol_3831	0
mol_3832	4
mol_3833	6
mol_3834	2
mol_3835	1
mol_3836	7
mol_3837	1
mol_3838	9
mol_3839	9
mol_3840	1
mol_3841	1
mol_3842	1
mol_3843	9
mol_3844	8
mol_3845	2
mol_3846	4
mol_3847	6
mol_3848	0
mol_3849	9
mol_3850	8
mol_3851	0
mol_3852	7
mol_3853	0
mol_3854	8
mol_3855	8
mol_3856	0
mol_3857	7
mol_3858	9
mol_3859	9
mol_3860	6
mol_3861	8
mol_3862	0
mol_3863	0
mol_3864	7
mol_3865	1
mol_3866	8
mol_3867	3
mol_3868	8
mol_3869	8
mol_3870	6
mol_3871	5
mol_3872	0
mol_3873	3
mol_3874	3
mol_3875	0
mol_3876	6
mol_3877	1
mol_3878	8
mol_3879	6
mol_3880	4
mol_3881	8
mol_3882	6
mol_3883	5
mol_3884	3
mol_3885	9
mol_3886	5
mol_3887	1
mol_3888	2
mol_3889	2
mol_3890	3
mol_3891	9
mol_3892	8
mol_3893	2
mol_3894	8
mol_3895	1
mol_3896	9
mol_3897	8
mol_3898	6
mol_3899	8
mol_3900	2
mol_3901	1
mol_3902	6
mol_3903	5
mol_3904	9
mol_3905	5
mol_3906	2
mol_3907	9
mol_3908	3
mol_3909	8
mol_3910	0
mol_3911	2
mol_3912	9
mol_3913	7
mol_3914	9
mol_3915	8
mol_3916	5
mol_3917	8
mol_3918	9
mol_3919	2
mol_3920	8
mol_3921	8
mol_3922	8
mol_3923	0
mol_3924	0
mol_3925	6
mol_3926	1
mol_3927	5
mol_3928	7
mol_3929	3
mol_3930	9
mol_3931	6
mol_3932	6
mol_3933	9
mol_3934	8
mol_3935	9
mol_3936	1
mol_3937	5
mol_3938	0
mol_3939	9
mol_3940	1
mol_3941	7
mol_3942	8
mol_3943	8
mol_3944	8
mol_3945	2
mol_3946	7
mol_3947	8
mol_3948	2
mol_3949	7
mol_3950	3
mol_3951	9
mol_3952	1
mol_3953	8
mol_3954	6
mol_3955	9
mol_3956	3
mol_3957	9
mol_3958	9
mol_3959	5
mol_3960	1
mol_3961	8
mol_3962	8
mol_3963	8
mol_3964	6
mol_3965	7
mol_3966	2
mol_3967	1
mol_3968	8
mol_3969	5
mol_3970	0
mol_3971	4
mol_3972	1
mol_3973	0
mol_3974	9
mol_3975	8
mol_3976	8
mol_3977	4
mol_3978	7
mol_3979	9
mol_3980	1
mol_3981	7
mol_3982	9
mol_3983	9
mol_3984	0
mol_3985	9
mol_3986	8
mol_3987	1
mol_3988	8
mol_3989	8
mol_3990	2
mol_3991	1
mol_3992	1
mol_3993	6
mol_3994	6
mol_3995	8
mol_3996	0
mol_3997	9
mol_3998	9
mol_3999	2
mol_4000	1
mol_4001	8
mol_4002	5
mol_4003	7
mol_4004	8
mol_4005	2
mol_4006	8
mol_4007	8
mol_4008	7
mol_4009	4
mol_4010	8
mol_4011	1
mol_4012	7
mol_4013	5
mol_4014	0
mol_4015	3
mol_4016	5
mol_4017	8
mol_4018	9
mol_4019	9
mol_4020	7
mol_4021	7
mol_4022	4
mol_4023	4
mol_4024	8
mol_4025	0
mol_4026	9
mol_4027	7
mol_4028	9
mol_4029	1
mol_4030	0
mol_4031	8
mol_4032	5
mol_4033	5
mol_4034	3
mol_4035	2
mol_4036	0
mol_4037	0
mol_4038	5
mol_4039	8
mol_4040	9
mol_4041	8
mol_4042	6
mol_4043	9
mol_4044	5
mol_4045	0
mol_4046	3
mol_4047	2
mol_4048	5
mol_4049	2
mol_4050	8
mol_4051	7
mol_4052	8
mol_4053	3
mol_4054	2
mol_4055	3
mol_4056	8
mol_4057	7
mol_4058	0
mol_4059	9
mol_4060	6
mol_4061	9
mol_4062	0
mol_4063	8
mol_4064	6
mol_4065	5
mol_4066	9
mol_4067	6
mol_4068	0
mol_4069	1
mol_4070	8
mol_4071	8
mol_4072	8
mol_4073	8
mol_4074	8
mol_4075	9
mol_4076	3
mol_4077	2
mol_4078	6
mol_4079	7
mol_4080	9
mol_4081	2
mol_4082	9
mol_4083	4
mol_4084	1
mol_4085	8
mol_4086	6
mol_4087	8
mol_4088	5
mol_4089	8
mol_4090	2
mol_4091	8
mol_4092	9
mol_4093	3
mol_4094	7
mol_4095	2
mol_4096	5
mol_4097	3
mol_4098	1
mol_4099	5
mol_4100	0
mol_4101	9
mol_4102	8
mol_4103	3
mol_4104	4
mol_4105	7
mol_4106	0
mol_4107	5
mol_4108	6
mol_4109	6
mol_4110	6
mol_4111	8
mol_4112	6
mol_4113	1
mol_4114	3
mol_4115	9
mol_4116	5
mol_4117	7
mol_4118	9
mol_4119	5
mol_4120	5
mol_4121	2
mol_4122	9
mol_4123	5
mol_4124	3
mol_4125	6
mol_4126	8
mol_4127	8
mol_4128	9
mol_4129	0
mol_4130	8
mol_4131	8
mol_4132	3
mol_4133	3
mol_4134	9
mol_4135	3
mol_4136	3
mol_4137	6
mol_4138	3
mol_4139	1
mol_4140	5
mol_4141	9
mol_4142	5
mol_4143	8
mol_4144	9
mol_4145	3
mol_4146	9
mol_4147	7
mol_4148	3
mol_4149	5
mol_4150	1
mol_4151	1
mol_4152	4
mol_4153	1
mol_4154	1
mol_4155	1
mol_4156	5
mol_4157	5
mol_4158	9
mol_4159	2
mol_4160	6
mol_4161	2
mol_4162	8
mol_4163	0
mol_4164	6
mol_4165	8
mol_4166	2
mol_4167	0
mol_4168	8
mol_4169	0
mol_4170	0
mol_4171	1
mol_4172	1
mol_4173	7
mol_4174	9
mol_4175	8
mol_4176	8
mol_4177	3
mol_4178	9
mol_4179	3
mol_4180	9
mol_4181	9
mol_4182	0
mol_4183	4
mol_4184	3
mol_4185	0
mol_4186	7
mol_4187	2
mol_4188	1
mol_4189	6
mol_4190	5
mol_4191	2
mol_4192	1
mol_4193	3
mol_4194	6
mol_4195	9
mol_4196	8
mol_4197	8
mol_4198	8
mol_4199	7
mol_4200	2
mol_4201	1
mol_4202	5
mol_4203	3
mol_4204	8
mol_4205	8
mol_4206	5
mol_4207	0
mol_4208	5
mol_4209	8
mol_4210	9
mol_4211	6
mol_4212	8
mol_4213	0
mol_4214	8
mol_4215	0
mol_4216	7
mol_4217	9
mol_4218	0
mol_4219	8
mol_4220	6
mol_4221	1
mol_4222	6
mol_4223	6
mol_4224	8
mol_4225	6
mol_4226	8
mol_4227	7
mol_4228	3
mol_4229	8
mol_4230	5
mol_4231	0
mol_4232	0
mol_4233	6
mol_4234	6
mol_4235	2
mol_4236	9
mol_4237	8
mol_4238	8
mol_4239	5
mol_4240	4
mol_4241	8
mol_4242	5
mol_4243	7
mol_4244	5
mol_4245	8
mol_4246	7
mol_4247	2
mol_4248	1
mol_4249	1
mol_4250	1
mol_4251	2
mol_4252	1
mol_4253	8
mol_4254	8
mol_4255	0
mol_4256	1
mol_4257	2
mol_4258	5
mol_4259	2
mol_4260	9
mol_4261	4
mol_4262	8
mol_4263	5
mol_4264	8
mol_4265	3
mol_4266	8
mol_4267	9
mol_4268	8
mol_4269	5
mol_4270	8
mol_4271	0
mol_4272	6
mol_4273	1
mol_4274	6
mol_4275	9
mol_4276	1
mol_4277	5
mol_4278	8
mol_4279	7
mol_4280	9
mol_4281	5
mol_4282	8
mol_4283	1
mol_4284	7
mol_4285	8
mol_4286	1
mol_4287	4
mol_4288	7
mol_4289	2
mol_4290	8
mol_4291	1
mol_4292	0
mol_4293	8
mol_4294	4
mol_4295	4
mol_4296	9
mol_4297	7
mol_4298	8
mol_4299	7
mol_4300	0
mol_4301	8
mol_4302	1
mol_4303	5
mol_4304	1
mol_4305	9
mol_4306	6
mol_4307	8
mol_4308	3
mol_4309	7
mol_4310	3
mol_4311	6
mol_4312	4
mol_4313	8
mol_4314	6
mol_4315	8
mol_4316	9
mol_4317	8
mol_4318	8
mol_4319	7
mol_4320	3
mol_4321	1
mol_4322	8
mol_4323	9
mol_4324	9
mol_4325	9
mol_4326	8
mol_4327	2
mol_4328	6
mol_4329	0
mol_4330	1
mol_4331	2
mol_4332	2
mol_4333	8
mol_4334	7
mol_4335	5
mol_4336	1
mol_4337	1
mol_4338	0
mol_4339	0
mol_4340	9
mol_4341	0
mol_4342	6
mol_4343	8
mol_4344	5
mol_4345	2
mol_4346	4
mol_4347	2
mol_4348	3
mol_4349	9
mol_4350	6
mol_4351	8
mol_4352	2
mol_4353	1
mol_4354	5
mol_4355	9
mol_4356	8
mol_4357	2
mol_4358	3
mol_4359	0
mol_4360	9
mol_4361	9
mol_4362	6
mol_4363	3
mol_4364	2
mol_4365	6
mol_4366	8
mol_4367	1
mol_4368	6
mol_4369	8
mol_4370	6
mol_4371	5
mol_4372	8
mol_4373	3
mol_4374	1
mol_4375	6
mol_4376	2
mol_4377	9
mol_4378	5
mol_4379	8
mol_4380	8
mol_4381	4
mol_4382	1
mol_4383	8
mol_4384	1
mol_4385	9
mol_4386	1
mol_4387	3
mol_4388	7
mol_4389	8
mol_4390	5
mol_4391	2
mol_4392	7
mol_4393	9
mol_4394	9
mol_4395	7
mol_4396	7
mol_4397	8
mol_4398	1
mol_4399	4
mol_4400	6
mol_4401	0
mol_4402	0
mol_4403	2
mol_4404	9
mol_4405	5
mol_4406	0
mol_4407	0
mol_4408	0
mol_4409	0
mol_4410	0
mol_4411	3
mol_4412	9
mol_4413	6
mol_4414	0
mol_4415	1
mol_4416	9
mol_4417	8
mol_4418	7
mol_4419	8
mol_4420	6
mol_4421	5
mol_4422	0
mol_4423	9
mol_4424	8
mol_4425	1
mol_4426	1
mol_4427	8
mol_4428	6
mol_4429	1
mol_4430	7
mol_4431	2
mol_4432	6
mol_4433	1
mol_4434	6
mol_4435	9
mol_4436	0
mol_4437	1
mol_4438	0
mol_4439	1
mol_4440	8
mol_4441	8
mol_4442	8
mol_4443	3
mol_4444	6
mol_4445	1
mol_4446	0
mol_4447	4
mol_4448	1
mol_4449	0
mol_4450	5
mol_4451	7
mol_4452	5
mol_4453	6
mol_4454	0
mol_4455	0
mol_4456	8
mol_4457	8
mol_4458	8
mol_4459	6
mol_4460	8
mol_4461	4
mol_4462	9
mol_4463	8
mol_4464	9
mol_4465	5
mol_4466	6
mol_4467	3
mol_4468	4
mol_4469	8
mol_4470	9
mol_4471	5
mol_4472	9
mol_4473	0
mol_4474	0
mol_4475	4
mol_4476	5
mol_4477	5
mol_4478	8
mol_4479	1
mol_4480	0
mol_4481	1
mol_4482	0
mol_4483	9
mol_4484	4
mol_4485	1
mol_4486	6
mol_4487	1
mol_4488	6
mol_4489	8
mol_4490	5
mol_4491	6
mol_4492	0
mol_4493	9
mol_4494	9
mol_4495	3
mol_4496	2
mol_4497	2
mol_4498	8
mol_4499	0
mol_4500	0
mol_4501	7
mol_4502	5
mol_4503	3
mol_4504	3
mol_4505	1
mol_4506	6
mol_4507	5
mol_4508	3
mol_4509	8
mol_4510	9
mol_4511	8
mol_4512	1
mol_4513	3
mol_4514	8
mol_4515	8
mol_4516	8
mol_4517	0
mol_4518	8
mol_4519	2
mol_4520	4
mol_4521	8
mol_4522	3
mol_4523	3
mol_4524	9
mol_4525	3
mol_4526	7
mol_4527	3
mol_4528	6
mol_4529	6
mol_4530	9
mol_4531	5
mol_4532	4
mol_4533	0
mol_4534	5
mol_4535	6
mol_4536	1
mol_4537	8
mol_4538	1
mol_4539	1
mol_4540	1
mol_4541	0
mol_4542	4
mol_4543	8
mol_4544	8
mol_4545	1
mol_4546	5
mol_4547	0
mol_4548	2
mol_4549	7
mol_4550	9
mol_4551	9
mol_4552	6
mol_4553	8
mol_4554	4
mol_4555	5
mol_4556	9
mol_4557	2
mol_4558	8
mol_4559	1
mol_4560	9
mol_4561	8
mol_4562	0
mol_4563	1
mol_4564	9
mol_4565	6
mol_4566	8
mol_4567	2
mol_4568	3
mol_4569	6
mol_4570	1
mol_4571	0
mol_4572	9
mol_4573	9
mol_4574	4
mol_4575	0
mol_4576	0
mol_4577	9
mol_4578	9
mol_4579	9
mol_4580	0
mol_4581	9
mol_4582	9
mol_4583	3
mol_4584	5
mol_4585	2
mol_4586	0
mol_4587	1
mol_4588	0
mol_4589	9
mol_4590	1
mol_4591	1
mol_4592	0
mol_4593	6
mol_4594	9
mol_4595	8
mol_4596	7
mol_4597	3
mol_4598	2
mol_4599	2
mol_4600	4
mol_4601	6
mol_4602	4
mol_4603	1
mol_4604	8
mol_4605	8
mol_4606	9
mol_4607	1
mol_4608	6
mol_4609	8
mol_4610	8
mol_4611	1
mol_4612	8
mol_4613	9
mol_4614	5
mol_4615	1
mol_4616	7
mol_4617	2
mol_4618	9
mol_4619	4
mol_4620	0
mol_4621	3
mol_4622	4
mol_4623	4
mol_4624	2
mol_4625	9
mol_4626	6
mol_4627	9
mol_4628	3
mol_4629	4
mol_4630	4
mol_4631	8
mol_4632	5
mol_4633	5
mol_4634	1
mol_4635	2
mol_4636	9
mol_4637	9
mol_4638	3
mol_4639	8
mol_4640	8
mol_4641	7
mol_4642	8
mol_4643	1
mol_4644	7
mol_4645	8
mol_4646	3
mol_4647	8
mol_4648	1
mol_4649	0
mol_4650	1
mol_4651	6
mol_4652	9
mol_4653	8
mol_4654	0
mol_4655	8
mol_4656	1
mol_4657	5
mol_4658	6
mol_4659	1
mol_4660	2
mol_4661	0
mol_4662	1
mol_4663	2
mol_4664	6
mol_4665	8
mol_4666	1
mol_4667	6
mol_4668	6
mol_4669	5
mol_4670	1
mol_4671	7
mol_4672	8
mol_4673	1
mol_4674	6
mol_4675	0
mol_4676	0
mol_4677	5
mol_4678	5
mol_4679	7
mol_4680	5
mol_4681	3
mol_4682	5
mol_4683	9
mol_4684	5
mol_4685	9
mol_4686	8
mol_4687	7
mol_4688	2
mol_4689	0
mol_4690	4
mol_4691	0
mol_4692	2
mol_4693	0
mol_4694	1
mol_4695	1
mol_4696	9
mol_4697	9
mol_4698	1
mol_4699	8
mol_4700	0
mol_4701	0
mol_4702	9
mol_4703	9
mol_4704	2
mol_4705	8
mol_4706	2
mol_4707	5
mol_4708	1
mol_4709	3
mol_4710	7
mol_4711	8
mol_4712	1
mol_4713	2
mol_4714	9
mol_4715	5
mol_4716	2
mol_4717	1
mol_4718	9
mol_4719	5
mol_4720	2
mol_4721	9
mol_4722	6
mol_4723	2
mol_4724	6
mol_4725	2
mol_4726	9
mol_4727	3
mol_4728	8
mol_4729	2
mol_4730	2
mol_4731	3
mol_4732	6
mol_4733	8
mol_4734	4
mol_4735	5
mol_4736	1
mol_4737	7
mol_4738	8
mol_4739	8
mol_4740	7
mol_4741	8
mol_4742	9
mol_4743	9
mol_4744	6
mol_4745	7
mol_4746	2
mol_4747	2
mol_4748	6
mol_4749	9
mol_4750	1
mol_4751	5
mol_4752	9
mol_4753	1
mol_4754	8
mol_4755	9
mol_4756	1
mol_4757	9
mol_4758	5
mol_4759	1
mol_4760	9
mol_4761	9
mol_4762	0
mol_4763	8
mol_4764	2
mol_4765	0
mol_4766	8
mol_4767	4
mol_4768	2
mol_4769	0
mol_4770	5
mol_4771	8
mol_4772	0
mol_4773	3
mol_4774	4
mol_4775	8
mol_4776	1
mol_4777	8
mol_4778	6
mol_4779	9
mol_4780	5
mol_4781	1
mol_4782	1
mol_4783	8
mol_4784	1
mol_4785	6
mol_4786	2
mol_4787	8
mol_4788	8
mol_4789	0
mol_4790	2
mol_4791	8
mol_4792	0
mol_4793	5
mol_4794	0
mol_4795	9
mol_4796	9
mol_4797	2
mol_4798	6
mol_4799	8
mol_4800	6
mol_4801	9
mol_4802	8
mol_4803	0
mol_4804	6
mol_4805	9
mol_4806	0
mol_4807	5
mol_4808	8
mol_4809	1
mol_4810	3
mol_4811	2
mol_4812	5
mol_4813	6
mol_4814	9
mol_4815	0
mol_4816	3
mol_4817	8
mol_4818	1
mol_4819	6
mol_4820	4
mol_4821	2
mol_4822	8
mol_4823	5
mol_4824	9
mol_4825	9
mol_4826	6
mol_4827	5
mol_4828	9
mol_4829	6
mol_4830	9
mol_4831	7
mol_4832	0
mol_4833	1
mol_4834	8
mol_4835	6
mol_4836	2
mol_4837	8
mol_4838	1
mol_4839	8
mol_4840	8
mol_4841	2
mol_4842	8
mol_4843	3
mol_4844	8
mol_4845	9
mol_4846	1
mol_4847	4
mol_4848	8
mol_4849	6
mol_4850	0
mol_4851	5
mol_4852	3
mol_4853	6
mol_4854	9
mol_4855	9
mol_4856	8
mol_4857	7
mol_4858	9
mol_4859	4
mol_4860	1
mol_4861	2
mol_4862	7
mol_4863	1
mol_4864	0
mol_4865	8
mol_4866	4
mol_4867	6
mol_4868	4
mol_4869	9
mol_4870	6
mol_4871	3
mol_4872	6
mol_4873	9
mol_4874	3
mol_4875	8
mol_4876	3
mol_4877	5
mol_4878	0
mol_4879	9
mol_4880	1
mol_4881	3
mol_4882	1
mol_4883	9
mol_4884	3
mol_4885	0
mol_4886	8
mol_4887	9
mol_4888	9
mol_4889	2
mol_4890	3
mol_4891	8
mol_4892	8
mol_4893	9
mol_4894	8
mol_4895	4
mol_4896	0
mol_4897	8
mol_4898	9
mol_4899	9
mol_4900	5
mol_4901	2
mol_4902	1
mol_4903	6
mol_4904	7
mol_4905	8
mol_4906	3
mol_4907	9
mol_4908	5
mol_4909	9
mol_4910	6
mol_4911	0
mol_4912	6
mol_4913	6
mol_4914	2
mol_4915	0
mol_4916	1
mol_4917	2
mol_4918	9
mol_4919	1
mol_4920	9
mol_4921	3
mol_4922	5
mol_4923	8
mol_4924	0
mol_4925	3
mol_4926	2
mol_4927	6
mol_4928	0
mol_4929	2
mol_4930	5
mol_4931	9
mol_4932	8
mol_4933	5
mol_4934	9
mol_4935	5
mol_4936	0
mol_4937	6
mol_4938	8
mol_4939	2
mol_4940	0
mol_4941	8
mol_4942	9
mol_4943	0
mol_4944	8
mol_4945	5
mol_4946	8
mol_4947	6
mol_4948	9
mol_4949	5
mol_4950	5
mol_4951	2
mol_4952	9
mol_4953	1
mol_4954	6
mol_4955	9
mol_4956	8
mol_4957	9
mol_4958	8
mol_4959	2
mol_4960	8
mol_4961	0
mol_4962	9
mol_4963	3
mol_4964	5
mol_4965	9
mol_4966	8
mol_4967	1
mol_4968	9
mol_4969	0
mol_4970	3
mol_4971	8
mol_4972	8
mol_4973	8
mol_4974	1
mol_4975	0
mol_4976	6
mol_4977	8
mol_4978	6
mol_4979	5
mol_4980	3
mol_4981	8
mol_4982	9
mol_4983	1
mol_4984	1
mol_4985	1
mol_4986	9
mol_4987	6
mol_4988	8
mol_4989	0
mol_4990	1
mol_4991	3
mol_4992	3
mol_4993	9
mol_4994	0
mol_4995	1
mol_4996	0
mol_4997	2
mol_4998	5
mol_4999	7
mol_5000	3
mol_5001	9
mol_5002	8
mol_5003	8
mol_5004	0
mol_5005	9
mol_5006	2
mol_5007	1
mol_5008	2
mol_5009	0
mol_5010	0
mol_5011	6
mol_5012	8
mol_5013	9
mol_5014	0
mol_5015	5
mol_5016	6
mol_5017	8
mol_5018	1
mol_5019	5
mol_5020	8
mol_5021	0
mol_5022	8
mol_5023	8
mol_5024	2
mol_5025	3
mol_5026	2
mol_5027	9
mol_5028	8
mol_5029	8
mol_5030	7
mol_5031	8
mol_5032	7
mol_5033	8
mol_5034	5
mol_5035	7
mol_5036	6
mol_5037	8
mol_5038	3
mol_5039	1
mol_5040	1
mol_5041	8
mol_5042	7
mol_5043	9
mol_5044	8
mol_5045	5
mol_5046	9
mol_5047	2
mol_5048	1
mol_5049	9
mol_5050	1
mol_5051	9
mol_5052	2
mol_5053	8
mol_5054	5
mol_5055	6
mol_5056	7
mol_5057	0
mol_5058	3
mol_5059	5
mol_5060	8
mol_5061	1
mol_5062	8
mol_5063	1
mol_5064	8
mol_5065	9
mol_5066	3
mol_5067	9
mol_5068	9
mol_5069	1
mol_5070	2
mol_5071	7
mol_5072	0
mol_5073	8
mol_5074	0
mol_5075	2
mol_5076	0
mol_5077	8
mol_5078	9
mol_5079	0
mol_5080	2
mol_5081	1
mol_5082	6
mol_5083	1
mol_5084	0
mol_5085	9
mol_5086	8
mol_5087	2
mol_5088	9
mol_5089	1
mol_5090	4
mol_5091	2
mol_5092	7
mol_5093	2
mol_5094	9
mol_5095	8
mol_5096	0
mol_5097	8
mol_5098	1
mol_5099	8
mol_5100	8
mol_5101	1
mol_5102	0
mol_5103	1
mol_5104	1
mol_5105	8
mol_5106	6
mol_5107	1
mol_5108	6
mol_5109	8
mol_5110	2
mol_5111	8
mol_5112	2
mol_5113	6
mol_5114	5
mol_5115	3
mol_5116	9
mol_5117	9
mol_5118	8
mol_5119	8
mol_5120	4
mol_5121	7
mol_5122	4
mol_5123	5
mol_5124	8
mol_5125	6
mol_5126	8
mol_5127	9
mol_5128	1
mol_5129	9
mol_5130	8
mol_5131	2
mol_5132	2
mol_5133	0
mol_5134	1
mol_5135	8
mol_5136	9
mol_5137	5
mol_5138	9
mol_5139	1
mol_5140	9
mol_5141	2
mol_5142	8
mol_5143	8
mol_5144	6
mol_5145	3
mol_5146	3
mol_5147	9
mol_5148	1
mol_5149	1
mol_5150	1
mol_5151	8
mol_5152	0
mol_5153	8
mol_5154	0
mol_5155	3
mol_5156	1
mol_5157	8
mol_5158	2
mol_5159	9
mol_5160	1
mol_5161	6
mol_5162	8
mol_5163	4
mol_5164	7
mol_5165	4
mol_5166	9
mol_5167	8
mol_5168	2
mol_5169	8
mol_5170	8
mol_5171	9
mol_5172	9
mol_5173	6
mol_5174	9
mol_5175	0
mol_5176	9
mol_5177	6
mol_5178	2
mol_5179	7
mol_5180	6
mol_5181	1
mol_5182	9
mol_5183	5
mol_5184	4
mol_5185	7
mol_5186	8
mol_5187	8
mol_5188	8
mol_5189	3
mol_5190	4
mol_5191	8
mol_5192	1
mol_5193	9
mol_5194	7
mol_5195	2
mol_5196	0
mol_5197	9
mol_5198	8
mol_5199	8
mol_5200	7
mol_5201	1
mol_5202	4
mol_5203	8
mol_5204	0
mol_5205	4
mol_5206	0
mol_5207	0
mol_5208	7
mol_5209	9
mol_5210	7
mol_5211	9
mol_5212	5
mol_5213	3
mol_5214	1
mol_5215	8
mol_5216	2
mol_5217	1
mol_5218	7
mol_5219	5
mol_5220	0
mol_5221	2
mol_5222	6
mol_5223	8
mol_5224	9
mol_5225	0
mol_5226	2
mol_5227	8
mol_5228	8
mol_5229	3
mol_5230	9
mol_5231	8
mol_5232	6
mol_5233	1
mol_5234	5
mol_5235	8
mol_5236	1
mol_5237	2
mol_5238	6
mol_5239	2
mol_5240	2
mol_5241	6
mol_5242	8
mol_5243	0
mol_5244	2
mol_5245	0
mol_5246	2
mol_5247	8
mol_5248	7
mol_5249	9
mol_5250	8
mol_5251	1
mol_5252	2
mol_5253	0
mol_5254	8
mol_5255	1
mol_5256	2
mol_5257	1
mol_5258	6
mol_5259	3
mol_5260	3
mol_5261	9
mol_5262	0
mol_5263	8
mol_5264	5
mol_5265	5
mol_5266	9
mol_5267	7
mol_5268	8
mol_5269	7
mol_5270	9
mol_5271	8
mol_5272	0
mol_5273	7
mol_5274	1
mol_5275	6
mol_5276	9
mol_5277	2
mol_5278	1
mol_5279	4
mol_5280	9
mol_5281	3
mol_5282	8
mol_5283	0
mol_5284	6
mol_5285	8
mol_5286	9
mol_5287	5
mol_5288	4
mol_5289	6
mol_5290	8
mol_5291	6
mol_5292	8
mol_5293	2
mol_5294	9
mol_5295	0
mol_5296	6
mol_5297	1
mol_5298	6
mol_5299	7
mol_5300	8
mol_5301	0
mol_5302	9
mol_5303	9
mol_5304	3
mol_5305	1
mol_5306	7
mol_5307	1
mol_5308	2
mol_5309	7
mol_5310	1
mol_5311	8
mol_5312	8
mol_5313	8
mol_5314	0
mol_5315	2
mol_5316	8
mol_5317	6
mol_5318	6
mol_5319	0
mol_5320	7
mol_5321	9
mol_5322	1
mol_5323	8
mol_5324	5
mol_5325	4
mol_5326	6
mol_5327	8
mol_5328	9
mol_5329	0
mol_5330	3
mol_5331	6
mol_5332	4
mol_5333	0
mol_5334	7
mol_5335	0
mol_5336	8
mol_5337	2
mol_5338	3
mol_5339	1
mol_5340	8
mol_5341	2
mol_5342	2
mol_5343	1
mol_5344	9
mol_5345	1
mol_5346	4
mol_5347	0
mol_5348	0
mol_5349	3
mol_5350	2
mol_5351	1
mol_5352	1
mol_5353	1
mol_5354	3
mol_5355	2
mol_5356	9
mol_5357	0
mol_5358	3
mol_5359	8
mol_5360	0
mol_5361	0
mol_5362	6
mol_5363	6
mol_5364	9
mol_5365	8
mol_5366	9
mol_5367	0
mol_5368	0
mol_5369	0
mol_5370	8
mol_5371	2
mol_5372	1
mol_5373	8
mol_5374	8
mol_5375	7
mol_5376	6
mol_5377	4
mol_5378	2
mol_5379	6
mol_5380	2
mol_5381	7
mol_5382	8
mol_5383	3
mol_5384	8
mol_5385	8
mol_5386	8
mol_5387	6
mol_5388	8
mol_5389	8
mol_5390	8
mol_5391	8
mol_5392	8
mol_5393	0
mol_5394	6
mol_5395	6
mol_5396	4
mol_5397	2
mol_5398	6
mol_5399	8
mol_5400	8
mol_5401	1
mol_5402	6
mol_5403	4
mol_5404	3
mol_5405	8
mol_5406	9
mol_5407	7
mol_5408	6
mol_5409	2
mol_5410	1
mol_5411	1
mol_5412	2
mol_5413	4
mol_5414	4
mol_5415	9
mol_5416	7
mol_5417	8
mol_5418	7
mol_5419	1
mol_5420	3
mol_5421	8
mol_5422	9
mol_5423	3
mol_5424	0
mol_5425	9
mol_5426	6
mol_5427	0
mol_5428	1
mol_5429	8
mol_5430	0
mol_5431	8
mol_5432	9
mol_5433	9
mol_5434	6
mol_5435	1
mol_5436	3
mol_5437	9
mol_5438	8
mol_5439	4
mol_5440	9
mol_5441	9
mol_5442	9
mol_5443	2
mol_5444	4
mol_5445	7
mol_5446	1
mol_5447	1
mol_5448	6
mol_5449	8
mol_5450	6
mol_5451	8
mol_5452	0
mol_5453	5
mol_5454	7
mol_5455	1
mol_5456	9
mol_5457	8
mol_5458	8
mol_5459	1
mol_5460	5
mol_5461	2
mol_5462	0
mol_5463	9
mol_5464	7
mol_5465	8
mol_5466	0
mol_5467	8
mol_5468	9
mol_5469	8
mol_5470	8
mol_5471	2
mol_5472	1
mol_5473	2
mol_5474	1
mol_5475	3
mol_5476	8
mol_5477	1
mol_5478	5
mol_5479	6
mol_5480	2
mol_5481	8
mol_5482	3
mol_5483	6
mol_5484	7
mol_5485	0
mol_5486	3
mol_5487	8
mol_5488	1
mol_5489	3
mol_5490	0
mol_5491	2
mol_5492	7
mol_5493	5
mol_5494	5
mol_5495	8
mol_5496	7
mol_5497	7
mol_5498	9
mol_5499	0
mol_5500	8
mol_5501	7
mol_5502	3
mol_5503	4
mol_5504	4
mol_5505	6
mol_5506	5
mol_5507	9
mol_5508	8
mol_5509	2
mol_5510	6
mol_5511	3
mol_5512	5
mol_5513	1
mol_5514	7
mol_5515	0
mol_5516	3
mol_5517	7
mol_5518	8
mol_5519	0
mol_5520	2
mol_5521	1
mol_5522	0
mol_5523	5
mol_5524	5
mol_5525	2
mol_5526	8
mol_5527	9
mol_5528	1
mol_5529	6
mol_5530	3
mol_5531	2
mol_5532	1
mol_5533	8
mol_5534	0
mol_5535	3
mol_5536	6
mol_5537	5
mol_5538	1
mol_5539	9
mol_5540	1
mol_5541	1
mol_5542	8
mol_5543	4
mol_5544	2
mol_5545	3
mol_5546	8
mol_5547	2
mol_5548	1
mol_5549	5
mol_5550	0
mol_5551	8
mol_5552	6
mol_5553	8
mol_5554	2
mol_5555	0
mol_5556	2
mol_5557	8
mol_5558	9
mol_5559	6
mol_5560	8
mol_5561	0
mol_5562	6
mol_5563	8
mol_5564	6
mol_5565	0
mol_5566	3
mol_5567	9
mol_5568	8
mol_5569	9
mol_5570	3
mol_5571	8
mol_5572	6
mol_5573	9
mol_5574	2
mol_5575	7
mol_5576	5
mol_5577	0
mol_5578	0
mol_5579	8
mol_5580	7
mol_5581	9
mol_5582	9
mol_5583	2
mol_5584	8
mol_5585	6
mol_5586	8
mol_5587	5
mol_5588	5
mol_5589	2
mol_5590	8
mol_5591	0
mol_5592	8
mol_5593	6
mol_5594	2
mol_5595	8
mol_5596	8
mol_5597	7
mol_5598	8
mol_5599	7
mol_5600	2
mol_5601	8
mol_5602	8
mol_5603	8
mol_5604	9
mol_5605	8
mol_5606	3
mol_5607	0
mol_5608	9
mol_5609	1
mol_5610	0
mol_5611	7
mol_5612	5
mol_5613	7
mol_5614	9
mol_5615	3
mol_5616	8
mol_5617	0
mol_5618	7
mol_5619	9
mol_5620	8
mol_5621	2
mol_5622	5
mol_5623	0
mol_5624	9
mol_5625	4
mol_5626	1
mol_5627	9
mol_5628	6
mol_5629	2
mol_5630	9
mol_5631	8
mol_5632	6
mol_5633	6
mol_5634	4
mol_5635	9
mol_5636	7
mol_5637	2
mol_5638	0
mol_5639	8
mol_5640	6
mol_5641	6
mol_5642	8
mol_5643	1
mol_5644	9
mol_5645	2
mol_5646	9
mol_5647	9
mol_5648	1
mol_5649	9
mol_5650	5
mol_5651	8
mol_5652	3
mol_5653	9
mol_5654	8
mol_5655	1
mol_5656	0
mol_5657	7
mol_5658	3
mol_5659	4
mol_5660	2
mol_5661	2
mol_5662	3
mol_5663	0
mol_5664	4
mol_5665	1
mol_5666	9
mol_5667	1
mol_5668	0
mol_5669	2
mol_5670	9
mol_5671	0
mol_5672	2
mol_5673	8
mol_5674	4
mol_5675	8
mol_5676	9
mol_5677	4
mol_5678	9
mol_5679	1
mol_5680	2
mol_5681	2
mol_5682	8
mol_5683	9
mol_5684	8
mol_5685	1
mol_5686	8
mol_5687	9
mol_5688	6
mol_5689	8
mol_5690	4
mol_5691	8
mol_5692	9
mol_5693	0
mol_5694	9
mol_5695	1
mol_5696	9
mol_5697	2
mol_5698	6
mol_5699	7
mol_5700	0
mol_5701	0
mol_5702	9
mol_5703	8
mol_5704	9
mol_5705	7
mol_5706	9
mol_5707	9
mol_5708	1
mol_5709	8
mol_5710	9
mol_5711	9
mol_5712	9
mol_5713	3
mol_5714	1
mol_5715	8
mol_5716	5
mol_5717	2
mol_5718	8
mol_5719	9
mol_5720	9
mol_5721	6
mol_5722	7
mol_5723	8
mol_5724	5
mol_5725	2
mol_5726	1
mol_5727	0
mol_5728	8
mol_5729	1
mol_5730	1
mol_5731	1
mol_5732	9
mol_5733	8
mol_5734	4
mol_5735	8
mol_5736	9
mol_5737	8
mol_5738	9
mol_5739	7
mol_5740	7
mol_5741	6
mol_5742	7
mol_5743	8
mol_5744	8
mol_5745	7
mol_5746	0
mol_5747	3
mol_5748	2
mol_5749	9
mol_5750	2
mol_5751	8
mol_5752	8
mol_5753	9
mol_5754	8
mol_5755	1
mol_5756	0
mol_5757	5
mol_5758	5
mol_5759	9
mol_5760	2
mol_5761	9
mol_5762	0
mol_5763	0
mol_5764	3
mol_5765	1
mol_5766	4
mol_5767	3
mol_5768	9
mol_5769	7
mol_5770	0
mol_5771	7
mol_5772	9
mol_5773	3
mol_5774	0
mol_5775	0
mol_5776	5
mol_5777	8
mol_5778	6
mol_5779	8
mol_5780	9
mol_5781	7
mol_5782	9
mol_5783	1
mol_5784	9
mol_5785	2
mol_5786	4
mol_5787	2
mol_5788	8
mol_5789	1
mol_5790	5
mol_5791	9
mol_5792	0
mol_5793	5
mol_5794	9
mol_5795	1
mol_5796	8
mol_5797	8
mol_5798	2
mol_5799	1
mol_5800	1
mol_5801	9
mol_5802	1
mol_5803	9
mol_5804	6
mol_5805	9
mol_5806	3
mol_5807	6
mol_5808	8
mol_5809	2
mol_5810	6
mol_5811	6
mol_5812	0
mol_5813	0
mol_5814	8
mol_5815	5
mol_5816	5
mol_5817	8
mol_5818	0
mol_5819	4
mol_5820	0
mol_5821	9
mol_5822	5
mol_5823	8
mol_5824	6
mol_5825	9
mol_5826	1
mol_5827	0
mol_5828	8
mol_5829	0
mol_5830	8
mol_5831	3
mol_5832	3
mol_5833	6
mol_5834	8
mol_5835	5
mol_5836	1
mol_5837	6
mol_5838	1
mol_5839	1
mol_5840	1
mol_5841	5
mol_5842	8
mol_5843	8
mol_5844	0
mol_5845	8
mol_5846	3
mol_5847	7
mol_5848	5
mol_5849	6
mol_5850	0
mol_5851	1
mol_5852	3
mol_5853	3
mol_5854	9
mol_5855	7
mol_5856	9
mol_5857	6
mol_5858	6
mol_5859	7
mol_5860	1
mol_5861	7
mol_5862	8
mol_5863	9
mol_5864	6
mol_5865	7
mol_5866	4
mol_5867	7
mol_5868	9
mol_5869	8
mol_5870	6
mol_5871	8
mol_5872	2
mol_5873	9
mol_5874	9
mol_5875	1
mol_5876	5
mol_5877	0
mol_5878	5
mol_5879	0
mol_5880	8
mol_5881	7
mol_5882	0
mol_5883	9
mol_5884	0
mol_5885	1
mol_5886	8
mol_5887	4
mol_5888	7
mol_5889	5
mol_5890	0
mol_5891	8
mol_5892	3
mol_5893	8
mol_5894	1
mol_5895	0
mol_5896	0
mol_5897	7
mol_5898	6
mol_5899	9
mol_5900	8
mol_5901	5
mol_5902	4
mol_5903	2
mol_5904	2
mol_5905	3
mol_5906	8
mol_5907	2
mol_5908	5
mol_5909	7
mol_5910	7
mol_5911	8
mol_5912	4
mol_5913	4
mol_5914	0
mol_5915	3
mol_5916	9
mol_5917	0
mol_5918	2
mol_5919	8
mol_5920	8
mol_5921	9
mol_5922	5
mol_5923	2
mol_5924	9
mol_5925	4
mol_5926	6
mol_5927	0
mol_5928	8
mol_5929	7
mol_5930	0
mol_5931	9
mol_5932	5
mol_5933	1
mol_5934	1
mol_5935	9
mol_5936	5
mol_5937	6
mol_5938	8
mol_5939	5
mol_5940	8
mol_5941	3
mol_5942	0
mol_5943	0
mol_5944	1
mol_5945	9
mol_5946	2
mol_5947	8
mol_5948	8
mol_5949	8
mol_5950	4
mol_5951	0
mol_5952	2
mol_5953	8
mol_5954	9
mol_5955	6
mol_5956	3
mol_5957	8
mol_5958	2
mol_5959	5
mol_5960	9
mol_5961	3
mol_5962	3
mol_5963	6
mol_5964	8
mol_5965	9
mol_5966	8
mol_5967	0
mol_5968	7
mol_5969	2
mol_5970	3
mol_5971	5
mol_5972	9
mol_5973	5
mol_5974	8
mol_5975	0
mol_5976	9
mol_5977	8
mol_5978	8
mol_5979	9
mol_5980	1
mol_5981	8
mol_5982	9
mol_5983	5
mol_5984	5
mol_5985	9
mol_5986	9
mol_5987	8
mol_5988	0
mol_5989	0
mol_5990	8
mol_5991	5
mol_5992	9
mol_5993	7
mol_5994	8
mol_5995	8
mol_5996	2
mol_5997	0
mol_5998	9
mol_5999	1
mol_6000	8
mol_6001	9
mol_6002	6
mol_6003	8
mol_6004	7
mol_6005	1
mol_6006	9
mol_6007	8
mol_6008	5
mol_6009	7
mol_6010	3
mol_6011	8
mol_6012	8
mol_6013	1
mol_6014	7
mol_6015	2
mol_6016	0
mol_6017	1
mol_6018	6
mol_6019	1
mol_6020	0
mol_6021	1
mol_6022	2
mol_6023	5
mol_6024	7
mol_6025	6
mol_6026	3
mol_6027	4
mol_6028	8
mol_6029	3
mol_6030	2
mol_6031	1
mol_6032	4
mol_6033	1
mol_6034	5
mol_6035	9
mol_6036	3
mol_6037	1
mol_6038	8
mol_6039	8
mol_6040	9
mol_6041	9
mol_6042	1
mol_6043	5
mol_6044	4
mol_6045	0
mol_6046	7
mol_6047	8
mol_6048	1
mol_6049	3
mol_6050	9
mol_6051	8
mol_6052	8
mol_6053	9
mol_6054	7
mol_6055	3
mol_6056	8
mol_6057	9
mol_6058	3
mol_6059	4
mol_6060	3
mol_6061	3
mol_6062	9
mol_6063	8
mol_6064	8
mol_6065	8
mol_6066	9
mol_6067	8
mol_6068	6
mol_6069	2
mol_6070	6
mol_6071	8
mol_6072	8
mol_6073	1
mol_6074	1
mol_6075	9
mol_6076	2
mol_6077	0
mol_6078	2
mol_6079	5
mol_6080	9
mol_6081	0
mol_6082	3
mol_6083	4
mol_6084	9
mol_6085	4
mol_6086	2
mol_6087	7
mol_6088	8
mol_6089	1
mol_6090	5
mol_6091	9
mol_6092	6
mol_6093	0
mol_6094	5
mol_6095	5
mol_6096	1
mol_6097	8
mol_6098	9
mol_6099	0
mol_6100	7
mol_6101	4
mol_6102	7
mol_6103	2
mol_6104	6
mol_6105	1
mol_6106	6
mol_6107	4
mol_6108	7
mol_6109	9
mol_6110	7
mol_6111	8
mol_6112	1
mol_6113	6
mol_6114	8
mol_6115	0
mol_6116	8
mol_6117	1
mol_6118	8
mol_6119	1
mol_6120	2
mol_6121	0
mol_6122	9
mol_6123	1
mol_6124	8
mol_6125	8
mol_6126	5
mol_6127	1
mol_6128	0
mol_6129	9
mol_6130	2
mol_6131	7
mol_6132	8
mol_6133	3
mol_6134	2
mol_6135	1
mol_6136	8
mol_6137	7
mol_6138	2
mol_6139	9
mol_6140	0
mol_6141	9
mol_6142	7
mol_6143	1
mol_6144	9
mol_6145	8
mol_6146	0
mol_6147	4
mol_6148	4
mol_6149	6
mol_6150	1
mol_6151	1
mol_6152	8
mol_6153	0
mol_6154	2
mol_6155	2
mol_6156	3
mol_6157	5
mol_6158	6
mol_6159	0
mol_6160	2
mol_6161	1
mol_6162	5
mol_6163	8
mol_6164	0
mol_6165	2
mol_6166	1
mol_6167	4
mol_6168	6
mol_6169	9
mol_6170	8
mol_6171	3
mol_6172	6
mol_6173	1
mol_6174	9
mol_6175	9
mol_6176	6
mol_6177	9
mol_6178	4
mol_6179	7
mol_6180	9
mol_6181	5
mol_6182	3
mol_6183	6
mol_6184	9
mol_6185	3
mol_6186	2
mol_6187	9
mol_6188	8
mol_6189	9
mol_6190	9
mol_6191	0
mol_6192	8
mol_6193	2
mol_6194	3
mol_6195	6
mol_6196	3
mol_6197	8
mol_6198	6
mol_6199	1
mol_6200	9
mol_6201	8
mol_6202	7
mol_6203	5
mol_6204	1
mol_6205	9
mol_6206	8
mol_6207	7
mol_6208	8
mol_6209	2
mol_6210	4
mol_6211	6
mol_6212	6
mol_6213	8
mol_6214	1
mol_6215	1
mol_6216	4
mol_6217	6
mol_6218	8
mol_6219	5
mol_6220	1
mol_6221	1
mol_6222	3
mol_6223	1
mol_6224	9
mol_6225	8
mol_6226	4
mol_6227	8
mol_6228	8
mol_6229	1
mol_6230	9
mol_6231	1
mol_6232	0
mol_6233	7
mol_6234	8
mol_6235	6
mol_6236	8
mol_6237	8
mol_6238	8
mol_6239	9
mol_6240	1
mol_6241	0
mol_6242	0
mol_6243	8
mol_6244	1
mol_6245	0
mol_6246	9
mol_6247	3
mol_6248	3
mol_6249	0
mol_6250	7
mol_6251	2
mol_6252	9
mol_6253	5
mol_6254	1
mol_6255	1
mol_6256	8
mol_6257	1
mol_6258	5
mol_6259	6
mol_6260	9
mol_6261	7
mol_6262	1
mol_6263	2
mol_6264	5
mol_6265	0
mol_6266	6
mol_6267	8
mol_6268	7
mol_6269	8
mol_6270	5
mol_6271	8
mol_6272	6
mol_6273	9
mol_6274	2
mol_6275	8
mol_6276	3
mol_6277	0
mol_6278	1
mol_6279	5
mol_6280	9
mol_6281	2
mol_6282	6
mol_6283	9
mol_6284	0
mol_6285	3
mol_6286	3
mol_6287	2
mol_6288	6
mol_6289	6
mol_6290	4
mol_6291	7
mol_6292	8
mol_6293	8
mol_6294	0
mol_6295	0
mol_6296	1
mol_6297	2
mol_6298	8
mol_6299	8
mol_6300	9
mol_6301	6
mol_6302	5
mol_6303	1
mol_6304	4
mol_6305	9
mol_6306	0
mol_6307	0
mol_6308	0
mol_6309	9
mol_6310	3
mol_6311	5
mol_6312	8
mol_6313	8
mol_6314	1
mol_6315	8
mol_6316	6
mol_6317	1
mol_6318	4
mol_6319	2
mol_6320	0
mol_6321	7
mol_6322	9
mol_6323	8
mol_6324	9
mol_6325	2
mol_6326	6
mol_6327	8
mol_6328	9
mol_6329	5
mol_6330	9
mol_6331	5
mol_6332	5
mol_6333	1
mol_6334	8
mol_6335	1
mol_6336	8
mol_6337	0
mol_6338	9
mol_6339	9
mol_6340	8
mol_6341	0
mol_6342	6
mol_6343	1
mol_6344	8
mol_6345	1
mol_6346	6
mol_6347	1
mol_6348	2
mol_6349	3
mol_6350	7
mol_6351	1
mol_6352	2
mol_6353	8
mol_6354	4
mol_6355	1
mol_6356	2
mol_6357	2
mol_6358	8
mol_6359	1
mol_6360	8
mol_6361	8
mol_6362	2
mol_6363	9
mol_6364	9
mol_6365	2
mol_6366	8
mol_6367	8
mol_6368	2
mol_6369	1
mol_6370	0
mol_6371	0
mol_6372	7
mol_6373	1
mol_6374	7
mol_6375	6
mol_6376	4
mol_6377	5
mol_6378	5
mol_6379	5
mol_6380	7
mol_6381	6
mol_6382	6
mol_6383	6
mol_6384	1
mol_6385	6
mol_6386	0
mol_6387	6
mol_6388	9
mol_6389	2
mol_6390	8
mol_6391	1
mol_6392	7
mol_6393	9
mol_6394	1
mol_6395	7
mol_6396	7
mol_6397	8
mol_6398	6
mol_6399	1
mol_6400	2
mol_6401	6
mol_6402	0
mol_6403	9
mol_6404	9
mol_6405	8
mol_6406	1
mol_6407	9
mol_6408	4
mol_6409	2
mol_6410	0
mol_6411	6
mol_6412	7
mol_6413	0
mol_6414	8
mol_6415	4
mol_6416	9
mol_6417	6
mol_6418	2
mol_6419	7
mol_6420	9
mol_6421	2
mol_6422	8
mol_6423	1
mol_6424	9
mol_6425	0
mol_6426	4
mol_6427	9
mol_6428	9
mol_6429	1
mol_6430	6
mol_6431	1
mol_6432	5
mol_6433	3
mol_6434	3
mol_6435	2
mol_6436	7
mol_6437	7
mol_6438	9
mol_6439	6
mol_6440	9
mol_6441	6
mol_6442	4
mol_6443	0
mol_6444	4
mol_6445	8
mol_6446	9
mol_6447	8
mol_6448	2
mol_6449	8
mol_6450	1
mol_6451	8
mol_6452	3
mol_6453	9
mol_6454	9
mol_6455	2
mol_6456	9
mol_6457	8
mol_6458	1
mol_6459	6
mol_6460	9
mol_6461	5
mol_6462	9
mol_6463	5
mol_6464	2
mol_6465	7
mol_6466	2
mol_6467	8
mol_6468	0
mol_6469	1
mol_6470	8
mol_6471	0
mol_6472	9
mol_6473	3
mol_6474	0
mol_6475	1
mol_6476	2
mol_6477	4
mol_6478	8
mol_6479	7
mol_6480	0
mol_6481	2
mol_6482	2
mol_6483	5
mol_6484	1
mol_6485	0
mol_6486	8
mol_6487	0
mol_6488	9
mol_6489	4
mol_6490	9
mol_6491	2
mol_6492	9
mol_6493	8
mol_6494	2
mol_6495	8
mol_6496	2
mol_6497	2
mol_6498	3
mol_6499	8
mol_6500	1
mol_6501	1
mol_6502	9
mol_6503	1
mol_6504	1
mol_6505	7
mol_6506	1
mol_6507	9
mol_6508	2
mol_6509	5
mol_6510	0
mol_6511	9
mol_6512	0
mol_6513	3
mol_6514	2
mol_6515	8
mol_6516	8
mol_6517	9
mol_6518	6
mol_6519	8
mol_6520	9
mol_6521	4
mol_6522	9
mol_6523	5
mol_6524	9
mol_6525	1
mol_6526	2
mol_6527	6
mol_6528	4
mol_6529	2
mol_6530	6
mol_6531	5
mol_6532	9
mol_6533	1
mol_6534	6
mol_6535	9
mol_6536	6
mol_6537	1
mol_6538	8
mol_6539	2
mol_6540	7
mol_6541	6
mol_6542	0
mol_6543	5
mol_6544	3
mol_6545	6
mol_6546	2
mol_6547	3
mol_6548	8
mol_6549	2
mol_6550	1
mol_6551	8
mol_6552	1
mol_6553	5
mol_6554	1
mol_6555	9
mol_6556	3
mol_6557	1
mol_6558	9
mol_6559	4
mol_6560	0
mol_6561	9
mol_6562	9
mol_6563	2
mol_6564	3
mol_6565	4
mol_6566	3
mol_6567	8
mol_6568	8
mol_6569	0
mol_6570	3
mol_6571	9
mol_6572	1
mol_6573	1
mol_6574	5
mol_6575	8
mol_6576	1
mol_6577	0
mol_6578	0
mol_6579	8
mol_6580	8
mol_6581	8
mol_6582	1
mol_6583	8
mol_6584	2
mol_6585	0
mol_6586	8
mol_6587	2
mol_6588	4
mol_6589	2
mol_6590	1
mol_6591	6
mol_6592	8
mol_6593	9
mol_6594	4
mol_6595	8
mol_6596	1
mol_6597	6
mol_6598	8
mol_6599	6
mol_6600	9
mol_6601	6
mol_6602	7
mol_6603	3
mol_6604	7
mol_6605	8
mol_6606	5
mol_6607	6
mol_6608	6
mol_6609	6
mol_6610	9
mol_6611	0
mol_6612	4
mol_6613	3
mol_6614	7
mol_6615	9
mol_6616	1
mol_6617	8
mol_6618	5
mol_6619	9
mol_6620	9
mol_6621	7
mol_6622	8
mol_6623	6
mol_6624	8
mol_6625	9
mol_6626	9
mol_6627	1
mol_6628	3
mol_6629	8
mol_6630	6
mol_6631	0
mol_6632	8
mol_6633	6
mol_6634	0
mol_6635	3
mol_6636	8
mol_6637	9
mol_6638	5
mol_6639	7
mol_6640	8
mol_6641	8
mol_6642	3
mol_6643	6
mol_6644	0
mol_6645	9
mol_6646	9
mol_6647	7
mol_6648	2
mol_6649	8
mol_6650	9
mol_6651	8
mol_6652	9
mol_6653	9
mol_6654	6
mol_6655	5
mol_6656	1
mol_6657	4
mol_6658	1
mol_6659	1
mol_6660	8
mol_6661	8
mol_6662	8
mol_6663	9
mol_6664	8
mol_6665	4
mol_6666	1
mol_6667	1
mol_6668	8
mol_6669	8
mol_6670	9
mol_6671	5
mol_6672	0
mol_6673	6
mol_6674	6
mol_6675	0
mol_6676	9
mol_6677	7
mol_6678	1
mol_6679	1
mol_6680	8
mol_6681	3
mol_6682	9
mol_6683	8
mol_6684	8
mol_6685	9
mol_6686	2
mol_6687	6
mol_6688	1
mol_6689	9
mol_6690	6
mol_6691	1
mol_6692	8
mol_6693	0
mol_6694	0
mol_6695	7
mol_6696	7
mol_6697	8
mol_6698	8
mol_6699	0
mol_6700	2
mol_6701	9
mol_6702	6
mol_6703	5
mol_6704	8
mol_6705	2
mol_6706	3
mol_6707	4
mol_6708	7
mol_6709	5
mol_6710	0
mol_6711	3
mol_6712	9
mol_6713	0
mol_6714	3
mol_6715	1
mol_6716	1
mol_6717	8
mol_6718	9
mol_6719	0
mol_6720	0
mol_6721	3
mol_6722	8
mol_6723	6
mol_6724	9
mol_6725	9
mol_6726	2
mol_6727	6
mol_6728	2
mol_6729	1
mol_6730	1
mol_6731	6
mol_6732	9
mol_6733	8
mol_6734	5
mol_6735	9
mol_6736	8
mol_6737	0
mol_6738	3
mol_6739	0
mol_6740	0
mol_6741	0
mol_6742	1
mol_6743	1
mol_6744	1
mol_6745	6
mol_6746	2
mol_6747	8
mol_6748	0
mol_6749	3
mol_6750	5
mol_6751	2
mol_6752	3
mol_6753	9
mol_6754	8
mol_6755	7
mol_6756	5
mol_6757	6
mol_6758	3
mol_6759	1
mol_6760	1
mol_6761	6
mol_6762	8
mol_6763	6
mol_6764	8
mol_6765	8
mol_6766	2
mol_6767	9
mol_6768	5
mol_6769	1
mol_6770	9
mol_6771	6
mol_6772	7
mol_6773	2
mol_6774	9
mol_6775	3
mol_6776	7
mol_6777	8
mol_6778	0
mol_6779	1
mol_6780	0
mol_6781	8
mol_6782	6
mol_6783	6
mol_6784	9
mol_6785	8
mol_6786	0
mol_6787	2
mol_6788	8
mol_6789	1
mol_6790	0
mol_6791	4
mol_6792	1
mol_6793	9
mol_6794	0
mol_6795	8
mol_6796	8
mol_6797	8
mol_6798	8
mol_6799	1
mol_6800	5
mol_6801	5
mol_6802	8
mol_6803	2
mol_6804	2
mol_6805	0
mol_6806	3
mol_6807	9
mol_6808	1
mol_6809	0
mol_6810	8
mol_6811	8
mol_6812	1
mol_6813	9
mol_6814	5
mol_6815	1
mol_6816	6
mol_6817	0
mol_6818	1
mol_6819	1
mol_6820	6
mol_6821	7
mol_6822	0
mol_6823	7
mol_6824	4
mol_6825	9
mol_6826	7
mol_6827	8
mol_6828	4
mol_6829	9
mol_6830	1
mol_6831	7
mol_6832	6
mol_6833	0
mol_6834	4
mol_6835	9
mol_6836	5
mol_6837	9
mol_6838	0
mol_6839	2
mol_6840	8
mol_6841	1
mol_6842	7
mol_6843	0
mol_6844	5
mol_6845	6
mol_6846	8
mol_6847	2
mol_6848	8
mol_6849	7
mol_6850	5
mol_6851	7
mol_6852	7
mol_6853	8
mol_6854	7
mol_6855	1
mol_6856	1
mol_6857	6
mol_6858	3
mol_6859	8
mol_6860	7
mol_6861	1
mol_6862	9
mol_6863	5
mol_6864	7
mol_6865	0
mol_6866	3
mol_6867	9
mol_6868	1
mol_6869	1
mol_6870	1
mol_6871	6
mol_6872	3
mol_6873	6
mol_6874	1
mol_6875	8
mol_6876	0
mol_6877	8
mol_6878	1
mol_6879	8
mol_6880	6
mol_6881	1
mol_6882	1
mol_6883	2
mol_6884	5
mol_6885	6
mol_6886	1
mol_6887	9
mol_6888	8
mol_6889	0
mol_6890	8
mol_6891	2
mol_6892	9
mol_6893	5
mol_6894	6
mol_6895	3
mol_6896	6
mol_6897	8
mol_6898	5
mol_6899	9
mol_6900	8
mol_6901	1
mol_6902	9
mol_6903	5
mol_6904	5
mol_6905	8
mol_6906	8
mol_6907	8
mol_6908	5
mol_6909	8
mol_6910	1
mol_6911	4
mol_6912	0
mol_6913	8
mol_6914	2
mol_6915	6
mol_6916	2
mol_6917	0
mol_6918	6
mol_6919	5
mol_6920	6
mol_6921	9
mol_6922	1
mol_6923	1
mol_6924	7
mol_6925	8
mol_6926	2
mol_6927	3
mol_6928	1
mol_6929	0
mol_6930	6
mol_6931	8
mol_6932	3
mol_6933	5
mol_6934	5
mol_6935	6
mol_6936	7
mol_6937	1
mol_6938	0
mol_6939	2
mol_6940	7
mol_6941	0
mol_6942	4
mol_6943	6
mol_6944	9
mol_6945	8
mol_6946	5
mol_6947	2
mol_6948	2
mol_6949	7
mol_6950	8
mol_6951	2
mol_6952	9
mol_6953	2
mol_6954	2
mol_6955	0
mol_6956	8
mol_6957	2
mol_6958	8
mol_6959	9
mol_6960	9
mol_6961	2
mol_6962	4
mol_6963	8
mol_6964	2
mol_6965	6
mol_6966	9
mol_6967	2
mol_6968	8
mol_6969	5
mol_6970	2
mol_6971	6
mol_6972	2
mol_6973	1
mol_6974	8
mol_6975	1
mol_6976	6
mol_6977	0
mol_6978	9
mol_6979	6
mol_6980	9
mol_6981	9
mol_6982	8
mol_6983	1
mol_6984	6
mol_6985	5
mol_6986	1
mol_6987	8
mol_6988	1
mol_6989	1
mol_6990	0
mol_6991	9
mol_6992	8
mol_6993	8
mol_6994	2
mol_6995	3
mol_6996	2
mol_6997	1
mol_6998	0
mol_6999	0
mol_7000	6
mol_7001	8
mol_7002	6
mol_7003	8
mol_7004	4
mol_7005	6
mol_7006	2
mol_7007	1
mol_7008	1
mol_7009	5
mol_7010	8
mol_7011	8
mol_7012	9
mol_7013	8
mol_7014	5
mol_7015	6
mol_7016	5
mol_7017	1
mol_7018	4
mol_7019	5
mol_7020	1
mol_7021	1
mol_7022	0
mol_7023	3
mol_7024	7
mol_7025	9
mol_7026	1
mol_7027	8
mol_7028	4
mol_7029	8
mol_7030	6
mol_7031	8
mol_7032	9
mol_7033	4
mol_7034	0
mol_7035	6
mol_7036	8
mol_7037	7
mol_7038	0
mol_7039	9
mol_7040	8
mol_7041	4
mol_7042	8
mol_7043	4
mol_7044	9
mol_7045	0
mol_7046	4
mol_7047	9
mol_7048	0
mol_7049	8
mol_7050	8
mol_7051	2
mol_7052	1
mol_7053	6
mol_7054	7
mol_7055	0
mol_7056	1
mol_7057	2
mol_7058	9
mol_7059	6
mol_7060	1
mol_7061	6
mol_7062	8
mol_7063	8
mol_7064	0
mol_7065	8
mol_7066	6
mol_7067	7
mol_7068	1
mol_7069	2
mol_7070	1
mol_7071	6
mol_7072	8
mol_7073	6
mol_7074	7
mol_7075	6
mol_7076	8
mol_7077	3
mol_7078	3
mol_7079	9
mol_7080	1
mol_7081	0
mol_7082	8
mol_7083	9
mol_7084	5
mol_7085	5
mol_7086	1
mol_7087	0
mol_7088	2
mol_7089	6
mol_7090	8
mol_7091	6
mol_7092	5
mol_7093	6
mol_7094	1
mol_7095	9
mol_7096	5
mol_7097	0
mol_7098	1
mol_7099	8
mol_7100	6
mol_7101	6
mol_7102	8
mol_7103	5
mol_7104	2
mol_7105	7
mol_7106	9
mol_7107	5
mol_7108	8
mol_7109	0
mol_7110	7
mol_7111	5
mol_7112	8
mol_7113	1
mol_7114	5
mol_7115	7
mol_7116	9
mol_7117	2
mol_7118	6
mol_7119	0
mol_7120	3
mol_7121	0
mol_7122	0
mol_7123	7
mol_7124	2
mol_7125	4
mol_7126	3
mol_7127	5
mol_7128	9
mol_7129	6
mol_7130	9
mol_7131	3
mol_7132	0
mol_7133	9
mol_7134	8
mol_7135	0
mol_7136	6
mol_7137	7
mol_7138	4
mol_7139	3
mol_7140	8
mol_7141	3
mol_7142	5
mol_7143	9
mol_7144	5
mol_7145	8
mol_7146	7
mol_7147	5
mol_7148	1
mol_7149	8
mol_7150	2
mol_7151	7
mol_7152	6
mol_7153	2
mol_7154	8
mol_7155	8
mol_7156	1
mol_7157	1
mol_7158	7
mol_7159	2
mol_7160	5
mol_7161	8
mol_7162	0
mol_7163	8
mol_7164	9
mol_7165	5
mol_7166	7
mol_7167	9
mol_7168	4
mol_7169	2
mol_7170	2
mol_7171	0
mol_7172	8
mol_7173	5
mol_7174	6
mol_7175	0
mol_7176	4
mol_7177	9
mol_7178	8
mol_7179	9
mol_7180	3
mol_7181	4
mol_7182	7
mol_7183	8
mol_7184	1
mol_7185	6
mol_7186	5
mol_7187	3
mol_7188	7
mol_7189	1
mol_7190	0
mol_7191	5
mol_7192	1
mol_7193	3
mol_7194	0
mol_7195	3
mol_7196	9
mol_7197	9
mol_7198	1
mol_7199	2
mol_7200	0
mol_7201	6
mol_7202	2
mol_7203	5
mol_7204	3
mol_7205	1
mol_7206	9
mol_7207	8
mol_7208	0
mol_7209	1
mol_7210	6
mol_7211	2
mol_7212	5
mol_7213	8
mol_7214	6
mol_7215	5
mol_7216	7
mol_7217	4
mol_7218	8
mol_7219	9
mol_7220	9
mol_7221	1
mol_7222	9
mol_7223	6
mol_7224	3
mol_7225	0
mol_7226	8
mol_7227	0
mol_7228	2
mol_7229	1
mol_7230	1
mol_7231	9
mol_7232	9
mol_7233	1
mol_7234	6
mol_7235	0
mol_7236	4
mol_7237	7
mol_7238	8
mol_7239	1
mol_7240	1
mol_7241	1
mol_7242	3
mol_7243	7
mol_7244	5
mol_7245	2
mol_7246	5
mol_7247	5
mol_7248	2
mol_7249	8
mol_7250	5
mol_7251	6
mol_7252	3
mol_7253	7
mol_7254	8
mol_7255	3
mol_7256	9
mol_7257	6
mol_7258	4
mol_7259	5
mol_7260	8
mol_7261	5
mol_7262	3
mol_7263	5
mol_7264	2
mol_7265	1
mol_7266	3
mol_7267	2
mol_7268	2
mol_7269	8
mol_7270	5
mol_7271	1
mol_7272	2
mol_7273	8
mol_7274	6
mol_7275	2
mol_7276	1
mol_7277	1
mol_7278	1
mol_7279	2
mol_7280	1
mol_7281	1
mol_7282	1
mol_7283	1
mol_7284	0
mol_7285	0
mol_7286	1
mol_7287	0
mol_7288	4
mol_7289	1
mol_7290	4
mol_7291	9
mol_7292	1
mol_7293	1
mol_7294	9
mol_7295	8
mol_7296	1
mol_7297	8
mol_7298	5
mol_7299	3
mol_7300	0
mol_7301	9
mol_7302	8
mol_7303	3
mol_7304	1
mol_7305	8
mol_7306	2
mol_7307	7
mol_7308	5
mol_7309	1
mol_7310	6
mol_7311	4
mol_7312	8
mol_7313	5
mol_7314	7
mol_7315	5
mol_7316	0
mol_7317	8
mol_7318	0
mol_7319	8
mol_7320	2
mol_7321	8
mol_7322	2
mol_7323	6
mol_7324	1
mol_7325	0
mol_7326	5
mol_7327	0
mol_7328	9
mol_7329	1
mol_7330	7
mol_7331	0
mol_7332	4
mol_7333	4
mol_7334	9
mol_7335	1
mol_7336	5
mol_7337	7
mol_7338	9
mol_7339	9
mol_7340	9
mol_7341	6
mol_7342	7
mol_7343	3
mol_7344	0
mol_7345	5
mol_7346	1
mol_7347	0
mol_7348	5
mol_7349	9
mol_7350	6
mol_7351	2
mol_7352	5
mol_7353	8
mol_7354	6
mol_7355	8
mol_7356	9
mol_7357	7
mol_7358	2
mol_7359	8
mol_7360	8
mol_7361	3
mol_7362	8
mol_7363	9
mol_7364	9
mol_7365	8
mol_7366	0
mol_7367	8
mol_7368	4
mol_7369	8
mol_7370	8
mol_7371	7
mol_7372	6
mol_7373	9
mol_7374	3
mol_7375	0
mol_7376	8
mol_7377	3
mol_7378	6
mol_7379	8
mol_7380	2
mol_7381	6
mol_7382	3
mol_7383	0
mol_7384	5
mol_7385	5
mol_7386	0
mol_7387	8
mol_7388	8
mol_7389	6
mol_7390	5
mol_7391	0
mol_7392	4
mol_7393	2
mol_7394	3
mol_7395	2
mol_7396	4
mol_7397	7
mol_7398	3
mol_7399	0
mol_7400	2
mol_7401	8
mol_7402	8
mol_7403	4
mol_7404	1
mol_7405	0
mol_7406	6
mol_7407	1
mol_7408	0
mol_7409	9
mol_7410	8
mol_7411	0
mol_7412	6
mol_7413	1
mol_7414	8
mol_7415	1
mol_7416	9
mol_7417	6
mol_7418	1
mol_7419	0
mol_7420	8
mol_7421	2
mol_7422	5
mol_7423	2
mol_7424	1
mol_7425	8
mol_7426	6
mol_7427	8
mol_7428	1
mol_7429	9
mol_7430	3
mol_7431	6
mol_7432	8
mol_7433	9
mol_7434	7
mol_7435	8
mol_7436	1
mol_7437	4
mol_7438	5
mol_7439	8
mol_7440	6
mol_7441	0
mol_7442	6
mol_7443	1
mol_7444	9
mol_7445	0
mol_7446	9
mol_7447	0
mol_7448	6
mol_7449	9
mol_7450	0
mol_7451	5
mol_7452	0
mol_7453	7
mol_7454	9
mol_7455	9
mol_7456	8
mol_7457	0
mol_7458	9
mol_7459	8
mol_7460	0
mol_7461	0
mol_7462	8
mol_7463	8
mol_7464	9
mol_7465	9
mol_7466	8
mol_7467	3
mol_7468	1
mol_7469	9
mol_7470	8
mol_7471	6
mol_7472	2
mol_7473	9
mol_7474	8
mol_7475	8
mol_7476	8
mol_7477	8
mol_7478	6
mol_7479	8
mol_7480	6
mol_7481	6
mol_7482	0
mol_7483	4
mol_7484	1
mol_7485	6
mol_7486	7
mol_7487	1
mol_7488	8
mol_7489	6
mol_7490	8
mol_7491	2
mol_7492	8
mol_7493	9
mol_7494	2
mol_7495	9
mol_7496	2
mol_7497	7
mol_7498	9
mol_7499	8
mol_7500	1
mol_7501	9
mol_7502	8
mol_7503	2
mol_7504	5
mol_7505	8
mol_7506	2
mol_7507	8
mol_7508	3
mol_7509	6
mol_7510	5
mol_7511	8
mol_7512	8
mol_7513	1
mol_7514	7
mol_7515	1
mol_7516	9
mol_7517	9
mol_7518	6
mol_7519	3
mol_7520	0
mol_7521	9
mol_7522	8
mol_7523	9
mol_7524	1
mol_7525	9
mol_7526	8
mol_7527	8
mol_7528	0
mol_7529	0
mol_7530	8
mol_7531	4
mol_7532	9
mol_7533	9
mol_7534	6
mol_7535	3
mol_7536	5
mol_7537	1
mol_7538	7
mol_7539	2
mol_7540	3
mol_7541	0
mol_7542	6
mol_7543	8
mol_7544	9
mol_7545	3
mol_7546	6
mol_7547	9
mol_7548	5
mol_7549	1
mol_7550	8
mol_7551	3
mol_7552	5
mol_7553	8
mol_7554	8
mol_7555	9
mol_7556	6
mol_7557	7
mol_7558	8
mol_7559	8
mol_7560	8
mol_7561	8
mol_7562	4
mol_7563	1
mol_7564	9
mol_7565	5
mol_7566	5
mol_7567	3
mol_7568	4
mol_7569	5
mol_7570	0
mol_7571	9
mol_7572	6
mol_7573	0
mol_7574	3
mol_7575	4
mol_7576	8
mol_7577	2
mol_7578	1
mol_7579	9
mol_7580	5
mol_7581	3
mol_7582	2
mol_7583	2
mol_7584	4
mol_7585	7
mol_7586	7
mol_7587	8
mol_7588	6
mol_7589	4
mol_7590	5
mol_7591	0
mol_7592	0
mol_7593	4
mol_7594	9
mol_7595	3
mol_7596	1
mol_7597	8
mol_7598	9
mol_7599	5
mol_7600	7
mol_7601	1
mol_7602	6
mol_7603	8
mol_7604	0
mol_7605	0
mol_7606	1
mol_7607	5
mol_7608	1
mol_7609	2
mol_7610	2
mol_7611	2
mol_7612	9
mol_7613	6
mol_7614	8
mol_7615	1
mol_7616	9
mol_7617	5
mol_7618	7
mol_7619	8
mol_7620	3
mol_7621	8
mol_7622	0
mol_7623	8
mol_7624	9
mol_7625	8
mol_7626	7
mol_7627	0
mol_7628	1
mol_7629	6
mol_7630	7
mol_7631	9
mol_7632	6
mol_7633	5
mol_7634	0
mol_7635	5
mol_7636	9
mol_7637	2
mol_7638	8
mol_7639	8
mol_7640	7
mol_7641	8
mol_7642	5
mol_7643	8
mol_7644	9
mol_7645	8
mol_7646	1
mol_7647	9
mol_7648	9
mol_7649	8
mol_7650	3
mol_7651	9
mol_7652	9
mol_7653	8
mol_7654	7
mol_7655	6
mol_7656	2
mol_7657	9
mol_7658	5
mol_7659	6
mol_7660	0
mol_7661	0
mol_7662	8
mol_7663	3
mol_7664	8
mol_7665	6
mol_7666	3
mol_7667	9
mol_7668	5
mol_7669	4
mol_7670	5
mol_7671	9
mol_7672	8
mol_7673	6
mol_7674	9
mol_7675	5
mol_7676	9
mol_7677	9
mol_7678	9
mol_7679	3
mol_7680	4
mol_7681	7
mol_7682	6
mol_7683	2
mol_7684	7
mol_7685	0
mol_7686	9
mol_7687	8
mol_7688	6
mol_7689	3
mol_7690	1
mol_7691	6
mol_7692	1
mol_7693	6
mol_7694	1
mol_7695	8
mol_7696	6
mol_7697	2
mol_7698	9
mol_7699	8
mol_7700	9
mol_7701	9
mol_7702	4
mol_7703	2
mol_7704	2
mol_7705	1
mol_7706	1
mol_7707	1
mol_7708	0
mol_7709	9
mol_7710	9
mol_7711	8
mol_7712	8
mol_7713	9
mol_7714	0
mol_7715	2
mol_7716	1
mol_7717	8
mol_7718	2
mol_7719	1
mol_7720	6
mol_7721	2
mol_7722	7
mol_7723	3
mol_7724	9
mol_7725	8
mol_7726	1
mol_7727	8
mol_7728	8
mol_7729	4
mol_7730	5
mol_7731	7
mol_7732	6
mol_7733	8
mol_7734	6
mol_7735	8
mol_7736	1
mol_7737	7
mol_7738	0
mol_7739	3
mol_7740	3
mol_7741	7
mol_7742	5
mol_7743	2
mol_7744	3
mol_7745	1
mol_7746	0
mol_7747	8
mol_7748	5
mol_7749	5
mol_7750	1
mol_7751	1
mol_7752	8
mol_7753	3
mol_7754	7
mol_7755	6
mol_7756	4
mol_7757	8
mol_7758	0
mol_7759	8
mol_7760	4
mol_7761	0
mol_7762	5
mol_7763	7
mol_7764	0
mol_7765	9
mol_7766	6
mol_7767	3
mol_7768	0
mol_7769	5
mol_7770	7
mol_7771	2
mol_7772	7
mol_7773	1
mol_7774	0
mol_7775	0
mol_7776	7
mol_7777	1
mol_7778	0
mol_7779	3
mol_7780	0
mol_7781	9
mol_7782	0
mol_7783	1
mol_7784	8
mol_7785	5
mol_7786	5
mol_7787	8
mol_7788	2
mol_7789	1
mol_7790	8
mol_7791	9
mol_7792	8
mol_7793	3
mol_7794	6
mol_7795	0
mol_7796	3
mol_7797	8
mol_7798	2
mol_7799	6
mol_7800	8
mol_7801	8
mol_7802	4
mol_7803	6
mol_7804	8
mol_7805	9
mol_7806	7
mol_7807	5
mol_7808	9
mol_7809	5
mol_7810	9
mol_7811	9
mol_7812	8
mol_7813	3
mol_7814	7
mol_7815	0
mol_7816	6
mol_7817	9
mol_7818	2
mol_7819	8
mol_7820	6
mol_7821	9
mol_7822	8
mol_7823	5
mol_7824	4
mol_7825	0
mol_7826	9
mol_7827	2
mol_7828	3
mol_7829	0
mol_7830	2
mol_7831	5
mol_7832	0
mol_7833	4
mol_7834	1
mol_7835	3
mol_7836	5
mol_7837	5
mol_7838	6
mol_7839	8
mol_7840	2
mol_7841	8
mol_7842	1
mol_7843	1
mol_7844	2
mol_7845	8
mol_7846	6
mol_7847	7
mol_7848	2
mol_7849	1
mol_7850	5
mol_7851	6
mol_7852	5
mol_7853	9
mol_7854	4
mol_7855	9
mol_7856	4
mol_7857	3
mol_7858	0
mol_7859	1
mol_7860	3
mol_7861	1
mol_7862	6
mol_7863	7
mol_7864	8
mol_7865	0
mol_7866	3
mol_7867	9
mol_7868	8
mol_7869	6
mol_7870	8
mol_7871	3
mol_7872	2
mol_7873	9
mol_7874	3
mol_7875	5
mol_7876	3
mol_7877	7
mol_7878	3
mol_7879	5
mol_7880	3
mol_7881	1
mol_7882	4
mol_7883	0
mol_7884	5
mol_7885	9
mol_7886	9
mol_7887	7
mol_7888	3
mol_7889	1
mol_7890	1
mol_7891	9
mol_7892	0
mol_7893	9
mol_7894	9
mol_7895	1
mol_7896	3
mol_7897	6
mol_7898	9
mol_7899	8
mol_7900	8
mol_7901	8
mol_7902	8
mol_7903	8
mol_7904	2
mol_7905	2
mol_7906	8
mol_7907	1
mol_7908	3
mol_7909	4
mol_7910	8
mol_7911	8
mol_7912	1
mol_7913	4
mol_7914	9
mol_7915	0
mol_7916	2
mol_7917	8
mol_7918	3
mol_7919	6
mol_7920	8
mol_7921	8
mol_7922	1
mol_7923	9
mol_7924	4
mol_7925	2
mol_7926	6
mol_7927	8
mol_7928	8
mol_7929	9
mol_7930	7
mol_7931	3
mol_7932	8
mol_7933	8
mol_7934	0
mol_7935	0
mol_7936	1
mol_7937	4
mol_7938	9
mol_7939	1
mol_7940	2
mol_7941	6
mol_7942	9
mol_7943	2
mol_7944	1
mol_7945	6
mol_7946	1
mol_7947	8
mol_7948	0
mol_7949	1
mol_7950	8
mol_7951	9
mol_7952	7
mol_7953	1
mol_7954	6
mol_7955	9
mol_7956	2
mol_7957	8
mol_7958	9
mol_7959	8
mol_7960	2
mol_7961	9
mol_7962	1
mol_7963	7
mol_7964	8
mol_7965	4
mol_7966	0
mol_7967	0
mol_7968	0
mol_7969	2
mol_7970	0
mol_7971	2
mol_7972	0
mol_7973	9
mol_7974	3
mol_7975	7
mol_7976	2
mol_7977	9
mol_7978	5
mol_7979	9
mol_7980	5
mol_7981	1
mol_7982	0
mol_7983	5
mol_7984	9
mol_7985	5
mol_7986	9
mol_7987	8
mol_7988	2
mol_7989	2
mol_7990	6
mol_7991	0
mol_7992	5
mol_7993	8
mol_7994	4
mol_7995	2
mol_7996	4
mol_7997	1
mol_7998	1
mol_7999	7
mol_8000	6
mol_8001	9
mol_8002	8
mol_8003	2
mol_8004	6
mol_8005	8
mol_8006	1
mol_8007	7
mol_8008	0
mol_8009	9
mol_8010	2
mol_8011	9
mol_8012	0
mol_8013	4
mol_8014	5
mol_8015	7
mol_8016	8
mol_8017	6
mol_8018	0
mol_8019	6
mol_8020	0
mol_8021	2
mol_8022	9
mol_8023	8
mol_8024	0
mol_8025	6
mol_8026	8
mol_8027	7
mol_8028	7
mol_8029	1
mol_8030	9
mol_8031	5
mol_8032	7
mol_8033	9
mol_8034	7
mol_8035	0
mol_8036	9
mol_8037	3
mol_8038	6
mol_8039	1
mol_8040	9
mol_8041	9
mol_8042	2
mol_8043	6
mol_8044	8
mol_8045	8
mol_8046	2
mol_8047	5
mol_8048	8
mol_8049	7
mol_8050	2
mol_8051	0
mol_8052	1
mol_8053	9
mol_8054	9
mol_8055	2
mol_8056	6
mol_8057	2
mol_8058	8
mol_8059	9
mol_8060	4
mol_8061	8
mol_8062	1
mol_8063	1
mol_8064	9
mol_8065	5
mol_8066	2
mol_8067	9
mol_8068	0
mol_8069	0
mol_8070	3
mol_8071	1
mol_8072	6
mol_8073	9
mol_8074	2
mol_8075	3
mol_8076	8
mol_8077	2
mol_8078	1
mol_8079	9
mol_8080	6
mol_8081	3
mol_8082	6
mol_8083	8
mol_8084	7
mol_8085	8
mol_8086	7
mol_8087	9
mol_8088	0
mol_8089	1
mol_8090	1
mol_8091	0
mol_8092	6
mol_8093	8
mol_8094	0
mol_8095	8
mol_8096	2
mol_8097	0
mol_8098	8
mol_8099	8
mol_8100	8
mol_8101	4
mol_8102	3
mol_8103	3
mol_8104	1
mol_8105	9
mol_8106	8
mol_8107	1
mol_8108	6
mol_8109	9
mol_8110	7
mol_8111	0
mol_8112	2
mol_8113	3
mol_8114	1
mol_8115	1
mol_8116	9
mol_8117	3
mol_8118	8
mol_8119	3
mol_8120	1
mol_8121	0
mol_8122	9
mol_8123	3
mol_8124	4
mol_8125	8
mol_8126	0
mol_8127	6
mol_8128	1
mol_8129	2
mol_8130	8
mol_8131	5
mol_8132	2
mol_8133	0
mol_8134	9
mol_8135	8
mol_8136	7
mol_8137	0
mol_8138	8
mol_8139	6
mol_8140	6
mol_8141	5
mol_8142	9
mol_8143	0
mol_8144	5
mol_8145	5
mol_8146	1
mol_8147	3
mol_8148	6
mol_8149	8
mol_8150	1
mol_8151	9
mol_8152	8
mol_8153	3
mol_8154	6
mol_8155	0
mol_8156	5
mol_8157	7
mol_8158	9
mol_8159	0
mol_8160	5
mol_8161	0
mol_8162	5
mol_8163	6
mol_8164	0
mol_8165	6
mol_8166	8
mol_8167	8
mol_8168	8
mol_8169	5
mol_8170	0
mol_8171	5
mol_8172	8
mol_8173	9
mol_8174	9
mol_8175	1
mol_8176	3
mol_8177	3
mol_8178	2
mol_8179	9
mol_8180	0
mol_8181	5
mol_8182	1
mol_8183	8
mol_8184	8
mol_8185	3
mol_8186	7
mol_8187	8
mol_8188	3
mol_8189	9
mol_8190	3
mol_8191	2
mol_8192	6
mol_8193	0
mol_8194	6
mol_8195	9
mol_8196	1
mol_8197	6
mol_8198	6
mol_8199	4
mol_8200	8
mol_8201	4
mol_8202	6
mol_8203	2
mol_8204	2
mol_8205	3
mol_8206	8
mol_8207	1
mol_8208	9
mol_8209	8
mol_8210	5
mol_8211	9
mol_8212	8
mol_8213	6
mol_8214	6
mol_8215	1
mol_8216	9
mol_8217	3
mol_8218	1
mol_8219	9
mol_8220	0
mol_8221	8
mol_8222	7
mol_8223	7
mol_8224	9
mol_8225	4
mol_8226	0
mol_8227	9
mol_8228	4
mol_8229	5
mol_8230	3
mol_8231	8
mol_8232	8
mol_8233	6
mol_8234	9
mol_8235	0
mol_8236	8
mol_8237	4
mol_8238	1
mol_8239	8
mol_8240	7
mol_8241	5
mol_8242	2
mol_8243	8
mol_8244	7
mol_8245	5
mol_8246	0
mol_8247	1
mol_8248	8
mol_8249	5
mol_8250	3
mol_8251	8
mol_8252	8
mol_8253	2
mol_8254	2
mol_8255	7
mol_8256	8
mol_8257	2
mol_8258	3
mol_8259	1
mol_8260	6
mol_8261	7
mol_8262	8
mol_8263	5
mol_8264	1
mol_8265	1
mol_8266	0
mol_8267	9
mol_8268	1
mol_8269	5
mol_8270	5
mol_8271	6
mol_8272	8
mol_8273	0
mol_8274	6
mol_8275	8
mol_8276	4
mol_8277	8
mol_8278	4
mol_8279	5
mol_8280	9
mol_8281	1
mol_8282	9
mol_8283	9
mol_8284	7
mol_8285	0
mol_8286	0
mol_8287	8
mol_8288	9
mol_8289	0
mol_8290	2
mol_8291	0
mol_8292	9
mol_8293	3
mol_8294	1
mol_8295	5
mol_8296	2
mol_8297	0
mol_8298	8
mol_8299	8
mol_8300	0
mol_8301	5
mol_8302	9
mol_8303	6
mol_8304	9
mol_8305	9
mol_8306	6
mol_8307	7
mol_8308	3
mol_8309	2
mol_8310	8
mol_8311	6
mol_8312	9
mol_8313	8
mol_8314	8
mol_8315	3
mol_8316	0
mol_8317	9
mol_8318	6
mol_8319	8
mol_8320	2
mol_8321	3
mol_8322	1
mol_8323	8
mol_8324	3
mol_8325	8
mol_8326	8
mol_8327	8
mol_8328	3
mol_8329	0
mol_8330	9
mol_8331	3
mol_8332	5
mol_8333	0
mol_8334	7
mol_8335	1
mol_8336	9
mol_8337	2
mol_8338	8
mol_8339	7
mol_8340	8
mol_8341	0
mol_8342	8
mol_8343	1
mol_8344	0
mol_8345	6
mol_8346	4
mol_8347	8
mol_8348	8
mol_8349	6
mol_8350	2
mol_8351	3
mol_8352	0
mol_8353	0
mol_8354	8
mol_8355	7
mol_8356	1
mol_8357	7
mol_8358	8
mol_8359	2
mol_8360	7
mol_8361	5
mol_8362	6
mol_8363	9
mol_8364	8
mol_8365	5
mol_8366	0
mol_8367	9
mol_8368	1
mol_8369	8
mol_8370	1
mol_8371	1
mol_8372	3
mol_8373	1
mol_8374	4
mol_8375	6
mol_8376	8
mol_8377	9
mol_8378	1
mol_8379	6
mol_8380	9
mol_8381	2
mol_8382	8
mol_8383	2
mol_8384	8
mol_8385	5
mol_8386	4
mol_8387	7
mol_8388	1
mol_8389	9
mol_8390	4
mol_8391	6
mol_8392	5
mol_8393	2
mol_8394	9
mol_8395	2
mol_8396	1
mol_8397	2
mol_8398	3
mol_8399	1
mol_8400	8
mol_8401	1
mol_8402	0
mol_8403	7
mol_8404	8
mol_8405	4
mol_8406	6
mol_8407	5
mol_8408	0
mol_8409	4
mol_8410	6
mol_8411	2
mol_8412	1
mol_8413	2
mol_8414	9
mol_8415	8
mol_8416	1
mol_8417	2
mol_8418	7
mol_8419	5
mol_8420	0
mol_8421	5
mol_8422	1
mol_8423	8
mol_8424	6
mol_8425	2
mol_8426	6
mol_8427	4
mol_8428	0
mol_8429	1
mol_8430	0
mol_8431	6
mol_8432	8
mol_8433	8
mol_8434	9
mol_8435	8
mol_8436	0
mol_8437	2
mol_8438	8
mol_8439	3
mol_8440	9
mol_8441	9
mol_8442	0
mol_8443	2
mol_8444	0
mol_8445	8
mol_8446	8
mol_8447	1
mol_8448	1
mol_8449	1
mol_8450	2
mol_8451	2
mol_8452	8
mol_8453	5
mol_8454	6
mol_8455	9
mol_8456	1
mol_8457	9
mol_8458	8
mol_8459	8
mol_8460	4
mol_8461	7
mol_8462	0
mol_8463	8
mol_8464	9
mol_8465	6
mol_8466	6
mol_8467	8
mol_8468	1
mol_8469	7
mol_8470	1
mol_8471	6
mol_8472	9
mol_8473	5
mol_8474	1
mol_8475	1
mol_8476	6
mol_8477	7
mol_8478	8
mol_8479	2
mol_8480	8
mol_8481	8
mol_8482	9
mol_8483	9
mol_8484	3
mol_8485	6
mol_8486	1
mol_8487	7
mol_8488	2
mol_8489	1
mol_8490	2
mol_8491	1
mol_8492	8
mol_8493	8
mol_8494	6
mol_8495	6
mol_8496	5
mol_8497	2
mol_8498	8
mol_8499	8
mol_8500	3
mol_8501	0
mol_8502	8
mol_8503	6
mol_8504	8
mol_8505	1
mol_8506	3
mol_8507	9
mol_8508	4
mol_8509	5
mol_8510	1
mol_8511	1
mol_8512	9
mol_8513	0
mol_8514	2
mol_8515	9
mol_8516	1
mol_8517	9
mol_8518	3
mol_8519	3
mol_8520	4
mol_8521	8
mol_8522	9
mol_8523	8
mol_8524	2
mol_8525	5
mol_8526	0
mol_8527	9
mol_8528	5
mol_8529	1
mol_8530	5
mol_8531	2
mol_8532	8
mol_8533	9
mol_8534	5
mol_8535	7
mol_8536	8
mol_8537	4
mol_8538	0
mol_8539	9
mol_8540	3
mol_8541	6
mol_8542	1
mol_8543	5
mol_8544	8
mol_8545	9
mol_8546	2
mol_8547	2
mol_8548	5
mol_8549	6
mol_8550	2
mol_8551	7
mol_8552	7
mol_8553	9
mol_8554	0
mol_8555	1
mol_8556	8
mol_8557	9
mol_8558	7
mol_8559	0
mol_8560	8
mol_8561	8
mol_8562	9
mol_8563	6
mol_8564	0
mol_8565	2
mol_8566	6
mol_8567	1
mol_8568	0
mol_8569	8
mol_8570	3
mol_8571	5
mol_8572	2
mol_8573	8
mol_8574	2
mol_8575	5
mol_8576	2
mol_8577	3
mol_8578	6
mol_8579	8
mol_8580	9
mol_8581	5
mol_8582	6
mol_8583	2
mol_8584	9
mol_8585	1
mol_8586	4
mol_8587	9
mol_8588	4
mol_8589	8
mol_8590	8
mol_8591	1
mol_8592	8
mol_8593	8
mol_8594	1
mol_8595	8
mol_8596	9
mol_8597	8
mol_8598	8
mol_8599	8
mol_8600	7
mol_8601	2
mol_8602	6
mol_8603	9
mol_8604	8
mol_8605	0
mol_8606	4
mol_8607	0
mol_8608	3
mol_8609	2
mol_8610	2
mol_8611	2
mol_8612	1
mol_8613	7
mol_8614	8
mol_8615	2
mol_8616	7
mol_8617	2
mol_8618	3
mol_8619	7
mol_8620	3
mol_8621	9
mol_8622	8
mol_8623	2
mol_8624	1
mol_8625	7
mol_8626	3
mol_8627	2
mol_8628	8
mol_8629	8
mol_8630	5
mol_8631	8
mol_8632	5
mol_8633	0
mol_8634	2
mol_8635	3
mol_8636	1
mol_8637	1
mol_8638	3
mol_8639	7
mol_8640	0
mol_8641	0
mol_8642	8
mol_8643	9
mol_8644	9
mol_8645	8
mol_8646	7
mol_8647	9
mol_8648	8
mol_8649	3
mol_8650	5
mol_8651	5
mol_8652	8
mol_8653	8
mol_8654	8
mol_8655	4
mol_8656	8
mol_8657	1
mol_8658	0
mol_8659	1
mol_8660	5
mol_8661	3
mol_8662	8
mol_8663	2
mol_8664	2
mol_8665	4
mol_8666	9
mol_8667	4
mol_8668	8
mol_8669	0
mol_8670	9
mol_8671	2
mol_8672	1
mol_8673	8
mol_8674	3
mol_8675	1
mol_8676	3
mol_8677	6
mol_8678	5
mol_8679	8
mol_8680	1
mol_8681	5
mol_8682	2
mol_8683	9
mol_8684	2
mol_8685	8
mol_8686	9
mol_8687	1
mol_8688	1
mol_8689	8
mol_8690	1
mol_8691	4
mol_8692	1
mol_8693	9
mol_8694	1
mol_8695	0
mol_8696	2
mol_8697	9
mol_8698	5
mol_8699	0
mol_8700	7
mol_8701	5
mol_8702	9
mol_8703	8
mol_8704	6
mol_8705	8
mol_8706	8
mol_8707	9
mol_8708	7
mol_8709	3
mol_8710	6
mol_8711	1
mol_8712	3
mol_8713	3
mol_8714	9
mol_8715	4
mol_8716	8
mol_8717	8
mol_8718	1
mol_8719	8
mol_8720	8
mol_8721	9
mol_8722	8
mol_8723	6
mol_8724	7
mol_8725	6
mol_8726	0
mol_8727	5
mol_8728	9
mol_8729	9
mol_8730	7
mol_8731	0
mol_8732	3
mol_8733	8
mol_8734	8
mol_8735	7
mol_8736	7
mol_8737	0
mol_8738	2
mol_8739	6
mol_8740	3
mol_8741	8
mol_8742	6
mol_8743	0
mol_8744	8
mol_8745	7
mol_8746	9
mol_8747	8
mol_8748	7
mol_8749	1
mol_8750	4
mol_8751	9
mol_8752	9
mol_8753	1
mol_8754	2
mol_8755	4
mol_8756	2
mol_8757	7
mol_8758	5
mol_8759	8
mol_8760	8
mol_8761	2
mol_8762	5
mol_8763	0
mol_8764	3
mol_8765	1
mol_8766	1
mol_8767	8
mol_8768	8
mol_8769	9
mol_8770	2
mol_8771	8
mol_8772	9
mol_8773	9
mol_8774	9
mol_8775	9
mol_8776	4
mol_8777	1
mol_8778	5
mol_8779	6
mol_8780	3
mol_8781	0
mol_8782	2
mol_8783	8
mol_8784	8
mol_8785	7
mol_8786	5
mol_8787	8
mol_8788	8
mol_8789	5
mol_8790	8
mol_8791	6
mol_8792	8
mol_8793	7
mol_8794	0
mol_8795	1
mol_8796	5
mol_8797	8
mol_8798	9
mol_8799	5
mol_8800	9
mol_8801	4
mol_8802	6
mol_8803	0
mol_8804	8
mol_8805	7
mol_8806	2
mol_8807	7
mol_8808	2
mol_8809	2
mol_8810	7
mol_8811	6
mol_8812	2
mol_8813	6
mol_8814	2
mol_8815	2
mol_8816	8
mol_8817	5
mol_8818	7
mol_8819	6
mol_8820	1
mol_8821	9
mol_8822	2
mol_8823	1
mol_8824	8
mol_8825	9
mol_8826	2
mol_8827	5
mol_8828	9
mol_8829	9
mol_8830	1
mol_8831	7
mol_8832	8
mol_8833	1
mol_8834	7
mol_8835	7
mol_8836	9
mol_8837	4
mol_8838	2
mol_8839	2
mol_8840	8
mol_8841	5
mol_8842	8
mol_8843	2
mol_8844	7
mol_8845	1
mol_8846	4
mol_8847	7
mol_8848	6
mol_8849	2
mol_8850	7
mol_8851	9
mol_8852	8
mol_8853	8
mol_8854	1
mol_8855	6
mol_8856	8
mol_8857	9
mol_8858	5
mol_8859	4
mol_8860	8
mol_8861	2
mol_8862	9
mol_8863	2
mol_8864	9
mol_8865	0
mol_8866	9
mol_8867	8
mol_8868	8
mol_8869	8
mol_8870	9
mol_8871	8
mol_8872	5
mol_8873	2
mol_8874	5
mol_8875	6
mol_8876	9
mol_8877	4
mol_8878	0
mol_8879	0
mol_8880	9
mol_8881	1
mol_8882	9
mol_8883	6
mol_8884	9
mol_8885	7
mol_8886	7
mol_8887	4
mol_8888	3
mol_8889	8
mol_8890	3
mol_8891	1
mol_8892	0
mol_8893	8
mol_8894	3
mol_8895	0
mol_8896	6
mol_8897	8
mol_8898	4
mol_8899	9
mol_8900	0
mol_8901	8
mol_8902	7
mol_8903	9
mol_8904	1
mol_8905	1
mol_8906	3
mol_8907	7
mol_8908	9
mol_8909	7
mol_8910	3
mol_8911	5
mol_8912	6
mol_8913	2
mol_8914	0
mol_8915	2
mol_8916	1
mol_8917	5
mol_8918	5
mol_8919	4
mol_8920	8
mol_8921	5
mol_8922	1
mol_8923	5
mol_8924	8
mol_8925	8
mol_8926	1
mol_8927	0
mol_8928	5
mol_8929	7
mol_8930	9
mol_8931	5
mol_8932	8
mol_8933	6
mol_8934	8
mol_8935	5
mol_8936	0
mol_8937	0
mol_8938	3
mol_8939	9
mol_8940	5
mol_8941	0
mol_8942	8
mol_8943	8
mol_8944	9
mol_8945	1
mol_8946	1
mol_8947	8
mol_8948	5
mol_8949	5
mol_8950	1
mol_8951	8
mol_8952	8
mol_8953	9
mol_8954	0
mol_8955	6
mol_8956	9
mol_8957	6
mol_8958	4
mol_8959	4
mol_8960	8
mol_8961	5
mol_8962	6
mol_8963	1
mol_8964	3
mol_8965	0
mol_8966	0
mol_8967	6
mol_8968	2
mol_8969	3
mol_8970	8
mol_8971	0
mol_8972	6
mol_8973	5
mol_8974	1
mol_8975	6
mol_8976	9
mol_8977	6
mol_8978	1
mol_8979	3
mol_8980	1
mol_8981	8
mol_8982	8
mol_8983	6
mol_8984	8
mol_8985	0
mol_8986	7
mol_8987	1
mol_8988	0
mol_8989	0
mol_8990	5
mol_8991	8
mol_8992	8
mol_8993	6
mol_8994	5
mol_8995	2
mol_8996	2
mol_8997	1
mol_8998	1
mol_8999	2
mol_9000	7
mol_9001	9
mol_9002	2
mol_9003	5
mol_9004	9
mol_9005	5
mol_9006	2
mol_9007	9
mol_9008	7
mol_9009	3
mol_9010	8
mol_9011	6
mol_9012	6
mol_9013	3
mol_9014	9
mol_9015	9
mol_9016	5
mol_9017	6
mol_9018	9
mol_9019	8
mol_9020	0
mol_9021	6
mol_9022	6
mol_9023	6
mol_9024	9
mol_9025	8
mol_9026	1
mol_9027	6
mol_9028	8
mol_9029	8
mol_9030	7
mol_9031	7
mol_9032	5
mol_9033	5
mol_9034	8
mol_9035	7
mol_9036	3
mol_9037	2
mol_9038	9
mol_9039	7
mol_9040	8
mol_9041	8
mol_9042	2
mol_9043	9
mol_9044	7
mol_9045	8
mol_9046	2
mol_9047	2
mol_9048	9
mol_9049	1
mol_9050	6
mol_9051	6
mol_9052	2
mol_9053	7
mol_9054	8
mol_9055	9
mol_9056	8
mol_9057	4
mol_9058	0
mol_9059	2
mol_9060	5
mol_9061	8
mol_9062	6
mol_9063	7
mol_9064	4
mol_9065	8
mol_9066	4
mol_9067	9
mol_9068	8
mol_9069	1
mol_9070	9
mol_9071	9
mol_9072	9
mol_9073	1
mol_9074	1
mol_9075	3
mol_9076	8
mol_9077	1
mol_9078	8
mol_9079	8
mol_9080	6
mol_9081	7
mol_9082	4
mol_9083	1
mol_9084	2
mol_9085	6
mol_9086	7
mol_9087	4
mol_9088	2
mol_9089	9
mol_9090	8
mol_9091	8
mol_9092	9
mol_9093	8
mol_9094	0
mol_9095	1
mol_9096	9
mol_9097	8
mol_9098	8
mol_9099	1
mol_9100	3
mol_9101	1
mol_9102	9
mol_9103	9
mol_9104	0
mol_9105	0
mol_9106	8
mol_9107	5
mol_9108	7
mol_9109	0
mol_9110	5
mol_9111	1
mol_9112	6
mol_9113	3
mol_9114	0
mol_9115	8
mol_9116	9
mol_9117	7
mol_9118	6
mol_9119	1
mol_9120	0
mol_9121	2
mol_9122	8
mol_9123	2
mol_9124	1
mol_9125	2
mol_9126	6
mol_9127	5
mol_9128	3
mol_9129	2
mol_9130	9
mol_9131	8
mol_9132	2
mol_9133	1
mol_9134	0
mol_9135	8
mol_9136	0
mol_9137	1
mol_9138	8
mol_9139	0
mol_9140	1
mol_9141	0
mol_9142	8
mol_9143	6
mol_9144	4
mol_9145	6
mol_9146	1
mol_9147	4
mol_9148	9
mol_9149	4
mol_9150	3
mol_9151	9
mol_9152	1
mol_9153	6
mol_9154	5
mol_9155	8
mol_9156	0
mol_9157	7
mol_9158	5
mol_9159	6
mol_9160	9
mol_9161	2
mol_9162	8
mol_9163	9
mol_9164	9
mol_9165	8
mol_9166	7
mol_9167	7
mol_9168	9
mol_9169	0
mol_9170	0
mol_9171	8
mol_9172	9
mol_9173	8
mol_9174	8
mol_9175	7
mol_9176	6
mol_9177	0
mol_9178	7
mol_9179	5
mol_9180	6
mol_9181	6
mol_9182	1
mol_9183	0
mol_9184	1
mol_9185	8
mol_9186	0
mol_9187	6
mol_9188	8
mol_9189	9
mol_9190	7
mol_9191	0
mol_9192	6
mol_9193	1
mol_9194	8
mol_9195	3
mol_9196	5
mol_9197	8
mol_9198	1
mol_9199	0
mol_9200	8
mol_9201	2
mol_9202	5
mol_9203	0
mol_9204	9
mol_9205	9
mol_9206	9
mol_9207	1
mol_9208	6
mol_9209	6
mol_9210	8
mol_9211	9
mol_9212	0
mol_9213	2
mol_9214	8
mol_9215	8
mol_9216	8
mol_9217	5
mol_9218	8
mol_9219	5
mol_9220	1
mol_9221	9
mol_9222	9
mol_9223	8
mol_9224	1
mol_9225	5
mol_9226	3
mol_9227	0
mol_9228	1
mol_9229	8
mol_9230	9
mol_9231	6
mol_9232	8
mol_9233	3
mol_9234	6
mol_9235	4
mol_9236	6
mol_9237	1
mol_9238	0
mol_9239	8
mol_9240	8
mol_9241	7
mol_9242	8
mol_9243	6
mol_9244	0
mol_9245	8
mol_9246	2
mol_9247	8
mol_9248	2
mol_9249	5
mol_9250	5
mol_9251	8
mol_9252	8
mol_9253	9
mol_9254	1
mol_9255	9
mol_9256	0
mol_9257	5
mol_9258	7
mol_9259	0
mol_9260	3
mol_9261	9
mol_9262	9
mol_9263	8
mol_9264	3
mol_9265	8
mol_9266	8
mol_9267	8
mol_9268	2
mol_9269	5
mol_9270	7
mol_9271	8
mol_9272	2
mol_9273	8
mol_9274	3
mol_9275	1
mol_9276	7
mol_9277	2
mol_9278	8
mol_9279	8
mol_9280	9
mol_9281	9
mol_9282	8
mol_9283	7
mol_9284	9
mol_9285	8
mol_9286	0
mol_9287	8
mol_9288	4
mol_9289	4
mol_9290	1
mol_9291	8
mol_9292	0
mol_9293	8
mol_9294	1
mol_9295	8
mol_9296	4
mol_9297	9
mol_9298	7
mol_9299	3
mol_9300	3
mol_9301	9
mol_9302	6
mol_9303	1
mol_9304	0
mol_9305	3
mol_9306	1
mol_9307	8
mol_9308	8
mol_9309	6
mol_9310	3
mol_9311	8
mol_9312	8
mol_9313	0
mol_9314	7
mol_9315	3
mol_9316	5
mol_9317	4
mol_9318	1
mol_9319	0
mol_9320	7
mol_9321	0
mol_9322	1
mol_9323	5
mol_9324	0
mol_9325	5
mol_9326	3
mol_9327	6
mol_9328	6
mol_9329	2
mol_9330	5
mol_9331	1
mol_9332	2
mol_9333	9
mol_9334	5
mol_9335	7
mol_9336	5
mol_9337	6
mol_9338	8
mol_9339	9
mol_9340	5
mol_9341	8
mol_9342	9
mol_9343	8
mol_9344	1
mol_9345	8
mol_9346	8
mol_9347	9
mol_9348	8
mol_9349	8
mol_9350	8
mol_9351	0
mol_9352	7
mol_9353	3
mol_9354	6
mol_9355	0
mol_9356	7
mol_9357	1
mol_9358	8
mol_9359	7
mol_9360	0
mol_9361	2
mol_9362	2
mol_9363	6
mol_9364	6
mol_9365	6
mol_9366	4
mol_9367	1
mol_9368	7
mol_9369	8
mol_9370	5
mol_9371	1
mol_9372	1
mol_9373	8
mol_9374	9
mol_9375	9
mol_9376	0
mol_9377	6
mol_9378	8
mol_9379	8
mol_9380	6
mol_9381	6
mol_9382	8
mol_9383	1
mol_9384	8
mol_9385	6
mol_9386	7
mol_9387	7
mol_9388	7
mol_9389	5
mol_9390	9
mol_9391	8
mol_9392	2
mol_9393	9
mol_9394	9
mol_9395	0
mol_9396	9
mol_9397	6
mol_9398	6
mol_9399	0
mol_9400	6
mol_9401	1
mol_9402	0
mol_9403	8
mol_9404	7
mol_9405	3
mol_9406	0
mol_9407	9
mol_9408	0
mol_9409	9
mol_9410	9
mol_9411	8
mol_9412	8
mol_9413	5
mol_9414	1
mol_9415	7
mol_9416	8
mol_9417	6
mol_9418	3
mol_9419	8
mol_9420	2
mol_9421	1
mol_9422	4
mol_9423	1
mol_9424	3
mol_9425	8
mol_9426	2
mol_9427	9
mol_9428	1
mol_9429	0
mol_9430	0
mol_9431	8
mol_9432	1
mol_9433	5
mol_9434	3
mol_9435	0
mol_9436	5
mol_9437	7
mol_9438	6
mol_9439	4
mol_9440	0
mol_9441	6
mol_9442	4
mol_9443	5
mol_9444	7
mol_9445	1
mol_9446	9
mol_9447	1
mol_9448	8
mol_9449	6
mol_9450	1
mol_9451	7
mol_9452	9
mol_9453	1
mol_9454	1
mol_9455	0
mol_9456	8
mol_9457	9
mol_9458	0
mol_9459	8
mol_9460	8
mol_9461	7
mol_9462	1
mol_9463	3
mol_9464	7
mol_9465	1
mol_9466	1
mol_9467	8
mol_9468	4
mol_9469	3
mol_9470	8
mol_9471	7
mol_9472	1
mol_9473	0
mol_9474	2
mol_9475	9
mol_9476	2
mol_9477	5
mol_9478	4
mol_9479	6
mol_9480	7
mol_9481	9
mol_9482	1
mol_9483	6
mol_9484	8
mol_9485	1
mol_9486	5
mol_9487	3
mol_9488	1
mol_9489	9
mol_9490	1
mol_9491	7
mol_9492	6
mol_9493	8
mol_9494	9
mol_9495	9
mol_9496	6
mol_9497	5
mol_9498	8
mol_9499	0
mol_9500	2
mol_9501	3
mol_9502	3
mol_9503	4
mol_9504	7
mol_9505	9
mol_9506	0
mol_9507	3
mol_9508	0
mol_9509	5
mol_9510	2
mol_9511	9
mol_9512	5
mol_9513	2
mol_9514	1
mol_9515	2
mol_9516	8
mol_9517	3
mol_9518	1
mol_9519	0
mol_9520	3
mol_9521	0
mol_9522	7
mol_9523	6
mol_9524	2
mol_9525	1
mol_9526	2
mol_9527	5
mol_9528	9
mol_9529	8
mol_9530	0
mol_9531	8
mol_9532	4
mol_9533	1
mol_9534	8
mol_9535	4
mol_9536	9
mol_9537	9
mol_9538	6
mol_9539	3
mol_9540	8
mol_9541	1
mol_9542	9
mol_9543	8
mol_9544	2
mol_9545	8
mol_9546	9
mol_9547	0
mol_9548	0
mol_9549	8
mol_9550	0
mol_9551	8
mol_9552	4
mol_9553	8
mol_9554	8
mol_9555	1
mol_9556	9
mol_9557	2
mol_9558	4
mol_9559	5
mol_9560	1
mol_9561	2
mol_9562	6
mol_9563	1
mol_9564	3
mol_9565	9
mol_9566	0
mol_9567	0
mol_9568	8
mol_9569	1
mol_9570	1
mol_9571	7
mol_9572	1
mol_9573	9
mol_9574	5
mol_9575	4
mol_9576	3
mol_9577	2
mol_9578	5
mol_9579	2
mol_9580	9
mol_9581	0
mol_9582	6
mol_9583	1
mol_9584	2
mol_9585	1
mol_9586	7
mol_9587	8
mol_9588	0
mol_9589	9
mol_9590	0
mol_9591	0
mol_9592	9
mol_9593	9
mol_9594	1
mol_9595	7
mol_9596	0
mol_9597	3
mol_9598	8
mol_9599	4
mol_9600	2
mol_9601	8
mol_9602	2
mol_9603	8
mol_9604	8
mol_9605	0
mol_9606	1
mol_9607	6
mol_9608	3
mol_9609	1
mol_9610	9
mol_9611	0
mol_9612	7
mol_9613	0
mol_9614	1
mol_9615	8
mol_9616	0
mol_9617	8
mol_9618	9
mol_9619	9
mol_9620	5
mol_9621	4
mol_9622	1
mol_9623	2
mol_9624	1
mol_9625	2
mol_9626	9
mol_9627	8
mol_9628	0
mol_9629	6
mol_9630	8
mol_9631	2
mol_9632	1
mol_9633	8
mol_9634	4
mol_9635	0
mol_9636	9
mol_9637	0
mol_9638	2
mol_9639	2
mol_9640	4
mol_9641	3
mol_9642	0
mol_9643	8
mol_9644	7
mol_9645	9
mol_9646	4
mol_9647	8
mol_9648	9
mol_9649	1
mol_9650	9
mol_9651	4
mol_9652	8
mol_9653	8
mol_9654	7
mol_9655	4
mol_9656	9
mol_9657	9
mol_9658	8
mol_9659	7
mol_9660	1
mol_9661	6
mol_9662	5
mol_9663	1
mol_9664	5
mol_9665	5
mol_9666	7
mol_9667	7
mol_9668	8
mol_9669	1
mol_9670	2
mol_9671	1
mol_9672	1
mol_9673	9
mol_9674	8
mol_9675	0
mol_9676	0
mol_9677	4
mol_9678	4
mol_9679	0
mol_9680	1
mol_9681	8
mol_9682	5
mol_9683	8
mol_9684	9
mol_9685	6
mol_9686	9
mol_9687	9
mol_9688	5
mol_9689	9
mol_9690	8
mol_9691	3
mol_9692	2
mol_9693	6
mol_9694	1
mol_9695	7
mol_9696	8
mol_9697	1
mol_9698	8
mol_9699	9
mol_9700	6
mol_9701	8
mol_9702	0
mol_9703	8
mol_9704	8
mol_9705	1
mol_9706	9
mol_9707	0
mol_9708	7
mol_9709	2
mol_9710	9
mol_9711	7
mol_9712	3
mol_9713	6
mol_9714	2
mol_9715	0
mol_9716	9
mol_9717	4
mol_9718	6
mol_9719	9
mol_9720	8
mol_9721	8
mol_9722	7
mol_9723	0
mol_9724	8
mol_9725	8
mol_9726	8
mol_9727	3
mol_9728	0
mol_9729	5
mol_9730	1
mol_9731	1
mol_9732	7
mol_9733	6
mol_9734	8
mol_9735	9
mol_9736	0
mol_9737	7
mol_9738	2
mol_9739	3
mol_9740	8
mol_9741	5
mol_9742	6
mol_9743	0
mol_9744	6
mol_9745	3
mol_9746	8
mol_9747	8
mol_9748	6
mol_9749	8
mol_9750	0
mol_9751	2
mol_9752	2
mol_9753	8
mol_9754	8
mol_9755	9
mol_9756	9
mol_9757	1
mol_9758	5
mol_9759	1
mol_9760	4
mol_9761	3
mol_9762	1
mol_9763	7
mol_9764	2
mol_9765	6
mol_9766	9
mol_9767	0
mol_9768	8
mol_9769	0
mol_9770	6
mol_9771	1
mol_9772	6
mol_9773	3
mol_9774	7
mol_9775	8
mol_9776	3
mol_9777	2
mol_9778	6
mol_9779	3
mol_9780	7
mol_9781	2
mol_9782	0
mol_9783	0
mol_9784	2
mol_9785	6
mol_9786	7
mol_9787	5
mol_9788	6
mol_9789	1
mol_9790	7
mol_9791	0
mol_9792	9
mol_9793	1
mol_9794	6
mol_9795	9
mol_9796	9
mol_9797	1
mol_9798	3
mol_9799	8
mol_9800	8
mol_9801	9
mol_9802	1
mol_9803	8
mol_9804	9
mol_9805	0
mol_9806	9
mol_9807	7
mol_9808	5
mol_9809	7
mol_9810	2
mol_9811	9
mol_9812	9
mol_9813	9
mol_9814	5
mol_9815	3
mol_9816	2
mol_9817	1
mol_9818	8
mol_9819	6
mol_9820	2
mol_9821	9
mol_9822	5
mol_9823	5
mol_9824	8
mol_9825	5
mol_9826	8
mol_9827	3
mol_9828	6
mol_9829	7
mol_9830	8
mol_9831	6
mol_9832	7
mol_9833	9
mol_9834	2
mol_9835	6
mol_9836	6
mol_9837	6
mol_9838	5
mol_9839	8
mol_9840	4
mol_9841	8
mol_9842	5
mol_9843	0
mol_9844	0
mol_9845	5
mol_9846	4
mol_9847	8
mol_9848	1
mol_9849	6
mol_9850	2
mol_9851	6
mol_9852	3
mol_9853	9
mol_9854	9
mol_9855	0
mol_9856	3
mol_9857	7
mol_9858	0
mol_9859	2
mol_9860	0
mol_9861	1
mol_9862	1
mol_9863	9
mol_9864	8
mol_9865	0
mol_9866	5
mol_9867	8
mol_9868	1
mol_9869	4
mol_9870	3
mol_9871	9
mol_9872	8
mol_9873	9
mol_9874	1
mol_9875	3
mol_9876	5
mol_9877	1
mol_9878	0
mol_9879	6
mol_9880	9
mol_9881	9
mol_9882	3
mol_9883	9
mol_9884	1
mol_9885	1
mol_9886	8
mol_9887	9
mol_9888	9
mol_9889	0
mol_9890	0
mol_9891	8
mol_9892	0
mol_9893	2
mol_9894	0
mol_9895	9
mol_9896	7
mol_9897	5
mol_9898	0
mol_9899	5
mol_9900	7
mol_9901	8
mol_9902	4
mol_9903	3
mol_9904	4
mol_9905	8
mol_9906	1
mol_9907	4
mol_9908	2
mol_9909	4
mol_9910	3
mol_9911	3
mol_9912	8
mol_9913	2
mol_9914	5
mol_9915	6
mol_9916	0
mol_9917	7
mol_9918	8
mol_9919	0
mol_9920	6
mol_9921	4
mol_9922	3
mol_9923	3
mol_9924	8
mol_9925	7
mol_9926	8
mol_9927	8
mol_9928	4
mol_9929	2
mol_9930	9
mol_9931	8
mol_9932	9
mol_9933	5
mol_9934	1
mol_9935	0
mol_9936	1
mol_9937	5
mol_9938	1
mol_9939	1
mol_9940	9
mol_9941	8
mol_9942	2
mol_9943	2
mol_9944	8
mol_9945	2
mol_9946	5
mol_9947	2
mol_9948	2
mol_9949	9
mol_9950	2
mol_9951	8
mol_9952	1
mol_9953	8
mol_9954	8
mol_9955	5
mol_9956	6
mol_9957	4
mol_9958	7
mol_9959	0
mol_9960	9
mol_9961	8
mol_9962	1
mol_9963	0
mol_9964	0
mol_9965	9
mol_9966	5
mol_9967	8
mol_9968	8
mol_9969	8
mol_9970	5
mol_9971	1
mol_9972	9
mol_9973	2
mol_9974	6
mol_9975	1
mol_9976	0
mol_9977	3
mol_9978	8
mol_9979	1
mol_9980	1
mol_9981	9
mol_9982	5
mol_9983	9
mol_9984	6
mol_9985	6
mol_9986	1
mol_9987	7
mol_9988	9
mol_9989	9
mol_9990	0
mol_9991	0
mol_9992	0
mol_9993	7
mol_9994	0
mol_9995	9
mol_9996	5
mol_9997	3
mol_9998	8
mol_9999	5
mol_10000	7
mol_10001	6
mol_10002	8
mol_10003	6
mol_10004	9
mol_10005	8
mol_10006	9
mol_10007	7
mol_10008	8
mol_10009	9
mol_10010	8
mol_10011	9
mol_10012	9
mol_10013	4
mol_10014	1
mol_10015	6
mol_10016	2
mol_10017	6
mol_10018	8
mol_10019	1
mol_10020	2
mol_10021	8
mol_10022	8
mol_10023	8
mol_10024	8
mol_10025	9
mol_10026	1
mol_10027	8
mol_10028	8
mol_10029	4
mol_10030	9
mol_10031	6
mol_10032	1
mol_10033	9
mol_10034	2
mol_10035	5
mol_10036	4
mol_10037	1
mol_10038	4
mol_10039	1
mol_10040	0
mol_10041	8
mol_10042	1
mol_10043	9
mol_10044	9
mol_10045	7
mol_10046	8
mol_10047	9
mol_10048	7
mol_10049	2
mol_10050	9
mol_10051	8
mol_10052	5
mol_10053	9
mol_10054	6
mol_10055	8
mol_10056	8
mol_10057	6
mol_10058	5
mol_10059	1
mol_10060	8
mol_10061	0
mol_10062	2
mol_10063	4
mol_10064	9
mol_10065	8
mol_10066	6
mol_10067	2
mol_10068	1
mol_10069	2
mol_10070	7
mol_10071	6
mol_10072	8
mol_10073	5
mol_10074	3
mol_10075	7
mol_10076	6
mol_10077	8
mol_10078	8
mol_10079	8
mol_10080	5
mol_10081	9
mol_10082	2
mol_10083	0
mol_10084	7
mol_10085	9
mol_10086	8
mol_10087	1
mol_10088	8
mol_10089	6
mol_10090	2
mol_10091	8
mol_10092	7
mol_10093	0
mol_10094	9
mol_10095	5
mol_10096	9
mol_10097	4
mol_10098	2
mol_10099	8
mol_10100	2
mol_10101	8
mol_10102	2
mol_10103	7
mol_10104	5
mol_10105	9
mol_10106	9
mol_10107	8
mol_10108	9
mol_10109	9
mol_10110	0
mol_10111	6
mol_10112	1
mol_10113	0
mol_10114	1
mol_10115	2
mol_10116	5
mol_10117	1
mol_10118	0
mol_10119	7
mol_10120	7
mol_10121	6
mol_10122	8
mol_10123	0
mol_10124	8
mol_10125	7
mol_10126	8
mol_10127	3
mol_10128	9
mol_10129	9
mol_10130	1
mol_10131	5
mol_10132	9
mol_10133	9
mol_10134	0
mol_10135	9
mol_10136	1
mol_10137	9
mol_10138	1
mol_10139	8
mol_10140	9
mol_10141	1
mol_10142	3
mol_10143	8
mol_10144	2
mol_10145	1
mol_10146	9
mol_10147	2
mol_10148	8
mol_10149	9
mol_10150	1
mol_10151	0
mol_10152	9
mol_10153	9
mol_10154	6
mol_10155	8
mol_10156	5
mol_10157	6
mol_10158	0
mol_10159	8
mol_10160	8
mol_10161	8
mol_10162	6
mol_10163	9
mol_10164	7
mol_10165	8
mol_10166	1
mol_10167	4
mol_10168	6
mol_10169	5
mol_10170	0
mol_10171	5
mol_10172	9
mol_10173	0
mol_10174	1
mol_10175	2
mol_10176	5
mol_10177	7
mol_10178	2
mol_10179	5
mol_10180	6
mol_10181	9
mol_10182	3
mol_10183	3
mol_10184	1
mol_10185	8
mol_10186	7
mol_10187	8
mol_10188	0
mol_10189	9
mol_10190	5
mol_10191	6
mol_10192	6
mol_10193	8
mol_10194	6
mol_10195	0
mol_10196	8
mol_10197	0
mol_10198	8
mol_10199	0
mol_10200	7
mol_10201	5
mol_10202	9
mol_10203	0
mol_10204	6
mol_10205	9
mol_10206	2
mol_10207	0
mol_10208	0
mol_10209	2
mol_10210	0
mol_10211	7
mol_10212	8
mol_10213	0
mol_10214	0
mol_10215	1
mol_10216	2
mol_10217	1
mol_10218	0
mol_10219	8
mol_10220	7
mol_10221	7
mol_10222	2
mol_10223	3
mol_10224	9
mol_10225	0
mol_10226	9
mol_10227	0
mol_10228	2
mol_10229	8
mol_10230	1
mol_10231	9
mol_10232	1
mol_10233	1
mol_10234	2
mol_10235	8
mol_10236	8
mol_10237	2
mol_10238	8
mol_10239	7
mol_10240	8
mol_10241	5
mol_10242	9
mol_10243	7
mol_10244	8
mol_10245	2
mol_10246	8
mol_10247	3
mol_10248	9
mol_10249	5
mol_10250	1
mol_10251	9
mol_10252	5
mol_10253	8
mol_10254	0
mol_10255	9
mol_10256	6
mol_10257	7
mol_10258	0
mol_10259	8
mol_10260	8
mol_10261	3
mol_10262	1
mol_10263	6
mol_10264	2
mol_10265	0
mol_10266	5
mol_10267	1
mol_10268	8
mol_10269	4
mol_10270	2
mol_10271	3
mol_10272	6
mol_10273	8
mol_10274	4
mol_10275	7
mol_10276	3
mol_10277	8
mol_10278	8
mol_10279	8
