ID	Split
mol_0	train
mol_1	train
mol_2	train
mol_3	train
mol_4	train
mol_5	val
mol_6	train
mol_7	train
mol_8	train
mol_9	train
mol_10	train
mol_11	test
mol_12	train
mol_13	train
mol_14	train
mol_15	train
mol_16	train
mol_17	train
mol_18	train
mol_19	train
mol_20	test
mol_21	train
mol_22	test
mol_23	train
mol_24	train
mol_25	test
mol_26	train
mol_27	train
mol_28	val
mol_29	train
mol_30	val
mol_31	val
mol_32	train
mol_33	train
mol_34	val
mol_35	train
mol_36	test
mol_37	val
mol_38	test
mol_39	val
mol_40	train
mol_41	train
mol_42	train
mol_43	train
mol_44	val
mol_45	train
mol_46	train
mol_47	train
mol_48	train
mol_49	val
mol_50	train
mol_51	train
mol_52	train
mol_53	train
mol_54	train
mol_55	train
mol_56	train
mol_57	train
mol_58	train
mol_59	train
mol_60	train
mol_61	train
mol_62	val
mol_63	train
mol_64	val
mol_65	val
mol_66	train
mol_67	train
mol_68	train
mol_69	val
mol_70	train
mol_71	train
mol_72	train
mol_73	train
mol_74	train
mol_75	test
mol_76	train
mol_77	train
mol_78	train
mol_79	train
mol_80	train
mol_81	train
mol_82	train
mol_83	train
mol_84	val
mol_85	train
mol_86	train
mol_87	train
mol_88	test
mol_89	train
mol_90	test
mol_91	val
mol_92	train
mol_93	train
mol_94	train
mol_95	train
mol_96	train
mol_97	train
mol_98	test
mol_99	val
mol_100	train
mol_101	train
mol_102	train
mol_103	train
mol_104	train
mol_105	train
mol_106	train
mol_107	train
mol_108	val
mol_109	train
mol_110	train
mol_111	train
mol_112	train
mol_113	train
mol_114	train
mol_115	train
mol_116	train
mol_117	val
mol_118	val
mol_119	train
mol_120	train
mol_121	val
mol_122	test
mol_123	val
mol_124	test
mol_125	train
mol_126	train
mol_127	val
mol_128	train
mol_129	train
mol_130	train
mol_131	train
mol_132	train
mol_133	train
mol_134	train
mol_135	train
mol_136	train
mol_137	train
mol_138	val
mol_139	train
mol_140	train
mol_141	train
mol_142	train
mol_143	train
mol_144	train
mol_145	train
mol_146	train
mol_147	test
mol_148	train
mol_149	val
mol_150	train
mol_151	val
mol_152	train
mol_153	train
mol_154	train
mol_155	train
mol_156	test
mol_157	val
mol_158	train
mol_159	val
mol_160	val
mol_161	train
mol_162	train
mol_163	test
mol_164	train
mol_165	train
mol_166	val
mol_167	train
mol_168	train
mol_169	train
mol_170	train
mol_171	train
mol_172	train
mol_173	train
mol_174	test
mol_175	train
mol_176	train
mol_177	test
mol_178	train
mol_179	train
mol_180	val
mol_181	train
mol_182	val
mol_183	train
mol_184	train
mol_185	val
mol_186	train
mol_187	test
mol_188	train
mol_189	train
mol_190	train
mol_191	val
mol_192	train
mol_193	train
mol_194	train
mol_195	train
mol_196	train
mol_197	val
mol_198	train
mol_199	train
mol_200	train
mol_201	train
mol_202	train
mol_203	train
mol_204	train
mol_205	train
mol_206	train
mol_207	val
mol_208	train
mol_209	test
mol_210	train
mol_211	train
mol_212	train
mol_213	train
mol_214	train
mol_215	train
mol_216	train
mol_217	train
mol_218	train
mol_219	train
mol_220	train
mol_221	train
mol_222	train
mol_223	val
mol_224	val
mol_225	val
mol_226	train
mol_227	train
mol_228	train
mol_229	train
mol_230	train
mol_231	train
mol_232	train
mol_233	train
mol_234	train
mol_235	train
mol_236	val
mol_237	train
mol_238	train
mol_239	val
mol_240	train
mol_241	train
mol_242	train
mol_243	val
mol_244	train
mol_245	train
mol_246	train
mol_247	val
mol_248	train
mol_249	train
mol_250	train
mol_251	train
mol_252	train
mol_253	train
mol_254	val
mol_255	train
mol_256	val
mol_257	train
mol_258	val
mol_259	train
mol_260	train
mol_261	train
mol_262	train
mol_263	val
mol_264	train
mol_265	val
mol_266	train
mol_267	train
mol_268	train
mol_269	train
mol_270	train
mol_271	train
mol_272	val
mol_273	val
mol_274	train
mol_275	val
mol_276	train
mol_277	val
mol_278	train
mol_279	train
mol_280	train
mol_281	train
mol_282	train
mol_283	train
mol_284	val
mol_285	train
mol_286	train
mol_287	train
mol_288	val
mol_289	train
mol_290	train
mol_291	train
mol_292	train
mol_293	val
mol_294	train
mol_295	train
mol_296	train
mol_297	train
mol_298	train
mol_299	train
mol_300	train
mol_301	val
mol_302	train
mol_303	train
mol_304	train
mol_305	train
mol_306	val
mol_307	train
mol_308	val
mol_309	val
mol_310	train
mol_311	test
mol_312	train
mol_313	train
mol_314	train
mol_315	train
mol_316	test
mol_317	train
mol_318	train
mol_319	train
mol_320	train
mol_321	train
mol_322	train
mol_323	train
mol_324	train
mol_325	train
mol_326	train
mol_327	train
mol_328	train
mol_329	test
mol_330	train
mol_331	train
mol_332	train
mol_333	train
mol_334	train
mol_335	train
mol_336	val
mol_337	train
mol_338	train
mol_339	train
mol_340	train
mol_341	train
mol_342	train
mol_343	train
mol_344	train
mol_345	train
mol_346	train
mol_347	train
mol_348	val
mol_349	val
mol_350	train
mol_351	val
mol_352	train
mol_353	train
mol_354	train
mol_355	test
mol_356	train
mol_357	train
mol_358	train
mol_359	test
mol_360	train
mol_361	train
mol_362	val
mol_363	train
mol_364	train
mol_365	train
mol_366	train
mol_367	val
mol_368	train
mol_369	train
mol_370	test
mol_371	train
mol_372	train
mol_373	train
mol_374	test
mol_375	train
mol_376	val
mol_377	train
mol_378	train
mol_379	train
mol_380	train
mol_381	train
mol_382	val
mol_383	train
mol_384	train
mol_385	train
mol_386	train
mol_387	train
mol_388	train
mol_389	train
mol_390	train
mol_391	train
mol_392	train
mol_393	test
mol_394	test
mol_395	train
mol_396	val
mol_397	train
mol_398	val
mol_399	train
mol_400	val
mol_401	train
mol_402	val
mol_403	val
mol_404	train
mol_405	train
mol_406	val
mol_407	train
mol_408	val
mol_409	train
mol_410	train
mol_411	val
mol_412	train
mol_413	train
mol_414	train
mol_415	val
mol_416	train
mol_417	train
mol_418	train
mol_419	train
mol_420	train
mol_421	train
mol_422	train
mol_423	train
mol_424	train
mol_425	train
mol_426	train
mol_427	val
mol_428	train
mol_429	train
mol_430	train
mol_431	train
mol_432	val
mol_433	test
mol_434	val
mol_435	train
mol_436	val
mol_437	val
mol_438	val
mol_439	train
mol_440	test
mol_441	train
mol_442	train
mol_443	train
mol_444	val
mol_445	train
mol_446	test
mol_447	train
mol_448	train
mol_449	train
mol_450	val
mol_451	train
mol_452	train
mol_453	train
mol_454	val
mol_455	train
mol_456	train
mol_457	train
mol_458	train
mol_459	train
mol_460	train
mol_461	train
mol_462	train
mol_463	test
mol_464	train
mol_465	train
mol_466	train
mol_467	val
mol_468	val
mol_469	train
mol_470	train
mol_471	train
mol_472	train
mol_473	val
mol_474	train
mol_475	val
mol_476	train
mol_477	val
mol_478	train
mol_479	test
mol_480	train
mol_481	val
mol_482	test
mol_483	train
mol_484	val
mol_485	train
mol_486	train
mol_487	train
mol_488	val
mol_489	train
mol_490	train
mol_491	train
mol_492	train
mol_493	val
mol_494	train
mol_495	train
mol_496	train
mol_497	val
mol_498	test
mol_499	train
mol_500	train
mol_501	train
mol_502	val
mol_503	train
mol_504	train
mol_505	val
mol_506	test
mol_507	train
mol_508	train
mol_509	train
mol_510	train
mol_511	train
mol_512	train
mol_513	train
mol_514	train
mol_515	val
mol_516	train
mol_517	val
mol_518	train
mol_519	train
mol_520	train
mol_521	val
mol_522	train
mol_523	train
mol_524	train
mol_525	train
mol_526	train
mol_527	train
mol_528	train
mol_529	val
mol_530	test
mol_531	val
mol_532	train
mol_533	train
mol_534	train
mol_535	val
mol_536	train
mol_537	train
mol_538	train
mol_539	test
mol_540	test
mol_541	train
mol_542	train
mol_543	train
mol_544	val
mol_545	train
mol_546	train
mol_547	val
mol_548	train
mol_549	train
mol_550	train
mol_551	test
mol_552	train
mol_553	train
mol_554	train
mol_555	test
mol_556	val
mol_557	train
mol_558	train
mol_559	train
mol_560	val
mol_561	train
mol_562	train
mol_563	train
mol_564	train
mol_565	train
mol_566	train
mol_567	train
mol_568	train
mol_569	train
mol_570	train
mol_571	train
mol_572	train
mol_573	train
mol_574	train
mol_575	train
mol_576	train
mol_577	train
mol_578	train
mol_579	train
mol_580	test
mol_581	train
mol_582	train
mol_583	train
mol_584	train
mol_585	train
mol_586	test
mol_587	train
mol_588	train
mol_589	train
mol_590	train
mol_591	train
mol_592	train
mol_593	train
mol_594	train
mol_595	train
mol_596	test
mol_597	val
mol_598	val
mol_599	train
mol_600	train
mol_601	val
mol_602	train
mol_603	train
mol_604	val
mol_605	train
mol_606	train
mol_607	train
mol_608	test
mol_609	train
mol_610	val
mol_611	train
mol_612	train
mol_613	train
mol_614	train
mol_615	train
mol_616	train
mol_617	train
mol_618	val
mol_619	train
mol_620	train
mol_621	train
mol_622	test
mol_623	train
mol_624	train
mol_625	train
mol_626	train
mol_627	train
mol_628	train
mol_629	train
mol_630	train
mol_631	train
mol_632	train
mol_633	train
mol_634	val
mol_635	train
mol_636	train
mol_637	train
mol_638	train
mol_639	train
mol_640	train
mol_641	train
mol_642	train
mol_643	train
mol_644	train
mol_645	train
mol_646	val
mol_647	train
mol_648	test
mol_649	train
mol_650	val
mol_651	train
mol_652	val
mol_653	train
mol_654	train
mol_655	train
mol_656	train
mol_657	test
mol_658	train
mol_659	train
mol_660	val
mol_661	val
mol_662	val
mol_663	train
mol_664	train
mol_665	train
mol_666	train
mol_667	val
mol_668	train
mol_669	val
mol_670	train
mol_671	val
mol_672	train
mol_673	val
mol_674	train
mol_675	val
mol_676	train
mol_677	train
mol_678	train
mol_679	train
mol_680	val
mol_681	train
mol_682	train
mol_683	val
mol_684	train
mol_685	train
mol_686	val
mol_687	val
mol_688	train
mol_689	train
mol_690	val
mol_691	train
mol_692	train
mol_693	train
mol_694	train
mol_695	train
mol_696	train
mol_697	train
mol_698	train
mol_699	train
mol_700	train
mol_701	train
mol_702	train
mol_703	train
mol_704	train
mol_705	train
mol_706	train
mol_707	val
mol_708	train
mol_709	train
mol_710	train
mol_711	val
mol_712	val
mol_713	val
mol_714	val
mol_715	train
mol_716	train
mol_717	train
mol_718	train
mol_719	val
mol_720	train
mol_721	train
mol_722	train
mol_723	train
mol_724	train
mol_725	val
mol_726	train
mol_727	train
mol_728	train
mol_729	val
mol_730	train
mol_731	val
mol_732	train
mol_733	train
mol_734	train
mol_735	train
mol_736	train
mol_737	val
mol_738	test
mol_739	train
mol_740	train
mol_741	train
mol_742	val
mol_743	train
mol_744	train
mol_745	test
mol_746	train
mol_747	train
mol_748	train
mol_749	train
mol_750	test
mol_751	train
mol_752	train
mol_753	train
mol_754	train
mol_755	train
mol_756	train
mol_757	train
mol_758	train
mol_759	train
mol_760	train
mol_761	train
mol_762	train
mol_763	val
mol_764	train
mol_765	train
mol_766	train
mol_767	train
mol_768	train
mol_769	train
mol_770	train
mol_771	val
mol_772	test
mol_773	train
mol_774	train
mol_775	val
mol_776	train
mol_777	test
mol_778	test
mol_779	val
mol_780	train
mol_781	val
mol_782	train
mol_783	train
mol_784	train
mol_785	train
mol_786	val
mol_787	train
mol_788	val
mol_789	train
mol_790	train
mol_791	train
mol_792	val
mol_793	train
mol_794	train
mol_795	train
mol_796	test
mol_797	val
mol_798	val
mol_799	train
mol_800	val
mol_801	train
mol_802	train
mol_803	test
mol_804	train
mol_805	train
mol_806	train
mol_807	test
mol_808	val
mol_809	train
mol_810	train
mol_811	train
mol_812	train
mol_813	train
mol_814	train
mol_815	train
mol_816	train
mol_817	train
mol_818	train
mol_819	test
mol_820	train
mol_821	val
mol_822	train
mol_823	test
mol_824	train
mol_825	train
mol_826	test
mol_827	train
mol_828	train
mol_829	train
mol_830	test
mol_831	train
mol_832	train
mol_833	train
mol_834	val
mol_835	train
mol_836	val
mol_837	train
mol_838	train
mol_839	val
mol_840	train
mol_841	val
mol_842	train
mol_843	train
mol_844	train
mol_845	train
mol_846	train
mol_847	train
mol_848	train
mol_849	val
mol_850	val
mol_851	val
mol_852	test
mol_853	train
mol_854	val
mol_855	train
mol_856	val
mol_857	train
mol_858	train
mol_859	train
mol_860	train
mol_861	train
mol_862	val
mol_863	train
mol_864	train
mol_865	val
mol_866	val
mol_867	test
mol_868	val
mol_869	val
mol_870	train
mol_871	train
mol_872	val
mol_873	train
mol_874	train
mol_875	train
mol_876	train
mol_877	train
mol_878	train
mol_879	train
mol_880	train
mol_881	train
mol_882	train
mol_883	test
mol_884	test
mol_885	train
mol_886	val
mol_887	train
mol_888	val
mol_889	val
mol_890	train
mol_891	train
mol_892	val
mol_893	train
mol_894	train
mol_895	train
mol_896	train
mol_897	train
mol_898	train
mol_899	train
mol_900	val
mol_901	val
mol_902	train
mol_903	train
mol_904	val
mol_905	train
mol_906	train
mol_907	val
mol_908	val
mol_909	train
mol_910	val
mol_911	train
mol_912	train
mol_913	val
mol_914	train
mol_915	val
mol_916	val
mol_917	val
mol_918	val
mol_919	val
mol_920	train
mol_921	train
mol_922	train
mol_923	train
mol_924	train
mol_925	train
mol_926	train
mol_927	train
mol_928	train
mol_929	train
mol_930	train
mol_931	train
mol_932	train
mol_933	train
mol_934	train
mol_935	val
mol_936	train
mol_937	train
mol_938	val
mol_939	train
mol_940	test
mol_941	train
mol_942	val
mol_943	train
mol_944	train
mol_945	train
mol_946	train
mol_947	val
mol_948	train
mol_949	train
mol_950	val
mol_951	val
mol_952	train
mol_953	val
mol_954	val
mol_955	train
mol_956	val
mol_957	train
mol_958	train
mol_959	train
mol_960	train
mol_961	val
mol_962	train
mol_963	train
mol_964	train
mol_965	train
mol_966	train
mol_967	val
mol_968	train
mol_969	train
mol_970	train
mol_971	train
mol_972	train
mol_973	train
mol_974	train
mol_975	train
mol_976	train
mol_977	val
mol_978	train
mol_979	train
mol_980	train
mol_981	test
mol_982	train
mol_983	train
mol_984	train
mol_985	train
mol_986	train
mol_987	train
mol_988	train
mol_989	train
mol_990	train
mol_991	val
mol_992	train
mol_993	val
mol_994	train
mol_995	train
mol_996	train
mol_997	train
mol_998	train
mol_999	train
mol_1000	train
mol_1001	train
mol_1002	train
mol_1003	train
mol_1004	val
mol_1005	train
mol_1006	train
mol_1007	train
mol_1008	train
mol_1009	train
mol_1010	train
mol_1011	train
mol_1012	train
mol_1013	train
mol_1014	train
mol_1015	train
mol_1016	train
mol_1017	val
mol_1018	val
mol_1019	train
mol_1020	val
mol_1021	train
mol_1022	train
mol_1023	val
mol_1024	train
mol_1025	test
mol_1026	train
mol_1027	val
mol_1028	train
mol_1029	train
mol_1030	val
mol_1031	val
mol_1032	train
mol_1033	train
mol_1034	train
mol_1035	train
mol_1036	train
mol_1037	train
mol_1038	train
mol_1039	val
mol_1040	train
mol_1041	train
mol_1042	train
mol_1043	train
mol_1044	train
mol_1045	train
mol_1046	train
mol_1047	train
mol_1048	train
mol_1049	train
mol_1050	val
mol_1051	val
mol_1052	train
mol_1053	train
mol_1054	train
mol_1055	train
mol_1056	test
mol_1057	val
mol_1058	train
mol_1059	train
mol_1060	train
mol_1061	val
mol_1062	train
mol_1063	val
mol_1064	train
mol_1065	train
mol_1066	train
mol_1067	train
mol_1068	train
mol_1069	val
mol_1070	test
mol_1071	train
mol_1072	train
mol_1073	train
mol_1074	test
mol_1075	train
mol_1076	val
mol_1077	val
mol_1078	val
mol_1079	train
mol_1080	train
mol_1081	train
mol_1082	train
mol_1083	test
mol_1084	train
mol_1085	train
mol_1086	train
mol_1087	val
mol_1088	train
mol_1089	test
mol_1090	train
mol_1091	val
mol_1092	train
mol_1093	train
mol_1094	train
mol_1095	train
mol_1096	train
mol_1097	train
mol_1098	train
mol_1099	train
mol_1100	train
mol_1101	val
mol_1102	train
mol_1103	train
mol_1104	train
mol_1105	train
mol_1106	train
mol_1107	test
mol_1108	val
mol_1109	train
mol_1110	val
mol_1111	train
mol_1112	test
mol_1113	train
mol_1114	train
mol_1115	val
mol_1116	val
mol_1117	train
mol_1118	val
mol_1119	train
mol_1120	val
mol_1121	train
mol_1122	train
mol_1123	train
mol_1124	val
mol_1125	test
mol_1126	train
mol_1127	train
mol_1128	train
mol_1129	train
mol_1130	train
mol_1131	train
mol_1132	train
mol_1133	train
mol_1134	val
mol_1135	train
mol_1136	train
mol_1137	val
mol_1138	train
mol_1139	train
mol_1140	train
mol_1141	test
mol_1142	val
mol_1143	train
mol_1144	val
mol_1145	train
mol_1146	train
mol_1147	train
mol_1148	train
mol_1149	train
mol_1150	val
mol_1151	train
mol_1152	train
mol_1153	train
mol_1154	train
mol_1155	test
mol_1156	val
mol_1157	val
mol_1158	train
mol_1159	val
mol_1160	val
mol_1161	val
mol_1162	train
mol_1163	train
mol_1164	test
mol_1165	train
mol_1166	train
mol_1167	train
mol_1168	train
mol_1169	train
mol_1170	test
mol_1171	val
mol_1172	val
mol_1173	test
mol_1174	train
mol_1175	train
mol_1176	val
mol_1177	train
mol_1178	train
mol_1179	train
mol_1180	train
mol_1181	train
mol_1182	train
mol_1183	train
mol_1184	train
mol_1185	val
mol_1186	train
mol_1187	test
mol_1188	train
mol_1189	test
mol_1190	val
mol_1191	test
mol_1192	train
mol_1193	train
mol_1194	train
mol_1195	train
mol_1196	train
mol_1197	val
mol_1198	train
mol_1199	val
mol_1200	train
mol_1201	val
mol_1202	train
mol_1203	train
mol_1204	train
mol_1205	train
mol_1206	train
mol_1207	train
mol_1208	train
mol_1209	val
mol_1210	val
mol_1211	val
mol_1212	train
mol_1213	train
mol_1214	train
mol_1215	train
mol_1216	train
mol_1217	test
mol_1218	train
mol_1219	val
mol_1220	train
mol_1221	train
mol_1222	train
mol_1223	train
mol_1224	train
mol_1225	train
mol_1226	train
mol_1227	train
mol_1228	train
mol_1229	train
mol_1230	val
mol_1231	train
mol_1232	val
mol_1233	train
mol_1234	train
mol_1235	train
mol_1236	train
mol_1237	val
mol_1238	val
mol_1239	test
mol_1240	val
mol_1241	train
mol_1242	train
mol_1243	train
mol_1244	train
mol_1245	train
mol_1246	train
mol_1247	train
mol_1248	train
mol_1249	test
mol_1250	train
mol_1251	train
mol_1252	train
mol_1253	train
mol_1254	train
mol_1255	train
mol_1256	val
mol_1257	train
mol_1258	train
mol_1259	train
mol_1260	train
mol_1261	train
mol_1262	train
mol_1263	val
mol_1264	train
mol_1265	train
mol_1266	train
mol_1267	train
mol_1268	train
mol_1269	train
mol_1270	train
mol_1271	train
mol_1272	val
mol_1273	val
mol_1274	train
mol_1275	val
mol_1276	train
mol_1277	train
mol_1278	train
mol_1279	val
mol_1280	train
mol_1281	train
mol_1282	train
mol_1283	train
mol_1284	train
mol_1285	train
mol_1286	train
mol_1287	train
mol_1288	train
mol_1289	train
mol_1290	test
mol_1291	train
mol_1292	train
mol_1293	train
mol_1294	train
mol_1295	train
mol_1296	val
mol_1297	train
mol_1298	train
mol_1299	val
mol_1300	test
mol_1301	test
mol_1302	train
mol_1303	train
mol_1304	train
mol_1305	train
mol_1306	test
mol_1307	train
mol_1308	train
mol_1309	train
mol_1310	val
mol_1311	train
mol_1312	train
mol_1313	train
mol_1314	val
mol_1315	test
mol_1316	val
mol_1317	train
mol_1318	train
mol_1319	val
mol_1320	train
mol_1321	train
mol_1322	train
mol_1323	train
mol_1324	train
mol_1325	train
mol_1326	train
mol_1327	train
mol_1328	val
mol_1329	val
mol_1330	train
mol_1331	val
mol_1332	train
mol_1333	train
mol_1334	train
mol_1335	test
mol_1336	train
mol_1337	train
mol_1338	test
mol_1339	train
mol_1340	train
mol_1341	train
mol_1342	train
mol_1343	test
mol_1344	train
mol_1345	train
mol_1346	train
mol_1347	train
mol_1348	train
mol_1349	train
mol_1350	train
mol_1351	train
mol_1352	train
mol_1353	train
mol_1354	train
mol_1355	train
mol_1356	train
mol_1357	test
mol_1358	train
mol_1359	train
mol_1360	test
mol_1361	train
mol_1362	train
mol_1363	train
mol_1364	train
mol_1365	train
mol_1366	train
mol_1367	test
mol_1368	train
mol_1369	train
mol_1370	train
mol_1371	test
mol_1372	val
mol_1373	train
mol_1374	test
mol_1375	train
mol_1376	test
mol_1377	train
mol_1378	val
mol_1379	val
mol_1380	val
mol_1381	test
mol_1382	test
mol_1383	train
mol_1384	train
mol_1385	train
mol_1386	train
mol_1387	train
mol_1388	test
mol_1389	train
mol_1390	val
mol_1391	val
mol_1392	val
mol_1393	test
mol_1394	train
mol_1395	val
mol_1396	train
mol_1397	train
mol_1398	train
mol_1399	train
mol_1400	train
mol_1401	train
mol_1402	train
mol_1403	train
mol_1404	train
mol_1405	train
mol_1406	train
mol_1407	val
mol_1408	train
mol_1409	train
mol_1410	val
mol_1411	val
mol_1412	train
mol_1413	val
mol_1414	val
mol_1415	val
mol_1416	train
mol_1417	train
mol_1418	val
mol_1419	train
mol_1420	train
mol_1421	val
mol_1422	val
mol_1423	val
mol_1424	test
mol_1425	train
mol_1426	test
mol_1427	train
mol_1428	val
mol_1429	train
mol_1430	val
mol_1431	train
mol_1432	train
mol_1433	train
mol_1434	test
mol_1435	train
mol_1436	train
mol_1437	train
mol_1438	train
mol_1439	train
mol_1440	train
mol_1441	train
mol_1442	train
mol_1443	train
mol_1444	train
mol_1445	train
mol_1446	val
mol_1447	train
mol_1448	val
mol_1449	train
mol_1450	train
mol_1451	train
mol_1452	val
mol_1453	train
mol_1454	train
mol_1455	train
mol_1456	test
mol_1457	val
mol_1458	train
mol_1459	train
mol_1460	train
mol_1461	train
mol_1462	val
mol_1463	val
mol_1464	train
mol_1465	test
mol_1466	train
mol_1467	val
mol_1468	train
mol_1469	train
mol_1470	val
mol_1471	train
mol_1472	val
mol_1473	train
mol_1474	train
mol_1475	val
mol_1476	val
mol_1477	train
mol_1478	train
mol_1479	train
mol_1480	train
mol_1481	test
mol_1482	train
mol_1483	val
mol_1484	val
mol_1485	test
mol_1486	train
mol_1487	train
mol_1488	train
mol_1489	train
mol_1490	val
mol_1491	train
mol_1492	test
mol_1493	test
mol_1494	val
mol_1495	train
mol_1496	train
mol_1497	train
mol_1498	train
mol_1499	train
mol_1500	val
mol_1501	train
mol_1502	val
mol_1503	val
mol_1504	val
mol_1505	train
mol_1506	train
mol_1507	test
mol_1508	val
mol_1509	train
mol_1510	val
mol_1511	train
mol_1512	val
mol_1513	train
mol_1514	train
mol_1515	train
mol_1516	train
mol_1517	train
mol_1518	test
mol_1519	train
mol_1520	train
mol_1521	test
mol_1522	train
mol_1523	train
mol_1524	train
mol_1525	train
mol_1526	train
mol_1527	train
mol_1528	train
mol_1529	val
mol_1530	train
mol_1531	train
mol_1532	train
mol_1533	train
mol_1534	train
mol_1535	train
mol_1536	train
mol_1537	train
mol_1538	test
mol_1539	train
mol_1540	val
mol_1541	train
mol_1542	train
mol_1543	train
mol_1544	train
mol_1545	val
mol_1546	train
mol_1547	train
mol_1548	train
mol_1549	train
mol_1550	train
mol_1551	train
mol_1552	train
mol_1553	train
mol_1554	train
mol_1555	val
mol_1556	train
mol_1557	train
mol_1558	train
mol_1559	val
mol_1560	train
mol_1561	val
mol_1562	test
mol_1563	train
mol_1564	val
mol_1565	train
mol_1566	train
mol_1567	train
mol_1568	val
mol_1569	train
mol_1570	val
mol_1571	train
mol_1572	train
mol_1573	train
mol_1574	val
mol_1575	test
mol_1576	train
mol_1577	train
mol_1578	train
mol_1579	train
mol_1580	train
mol_1581	train
mol_1582	train
mol_1583	train
mol_1584	train
mol_1585	train
mol_1586	train
mol_1587	val
mol_1588	train
mol_1589	test
mol_1590	train
mol_1591	train
mol_1592	train
mol_1593	train
mol_1594	val
mol_1595	train
mol_1596	train
mol_1597	train
mol_1598	val
mol_1599	train
mol_1600	train
mol_1601	train
mol_1602	val
mol_1603	train
mol_1604	train
mol_1605	train
mol_1606	train
mol_1607	val
mol_1608	train
mol_1609	train
mol_1610	train
mol_1611	train
mol_1612	train
mol_1613	val
mol_1614	train
mol_1615	train
mol_1616	train
mol_1617	val
mol_1618	train
mol_1619	train
mol_1620	train
mol_1621	train
mol_1622	train
mol_1623	train
mol_1624	val
mol_1625	train
mol_1626	train
mol_1627	train
mol_1628	val
mol_1629	train
mol_1630	val
mol_1631	val
mol_1632	train
mol_1633	train
mol_1634	train
mol_1635	train
mol_1636	train
mol_1637	train
mol_1638	train
mol_1639	test
mol_1640	train
mol_1641	train
mol_1642	train
mol_1643	train
mol_1644	train
mol_1645	train
mol_1646	train
mol_1647	train
mol_1648	test
mol_1649	val
mol_1650	train
mol_1651	train
mol_1652	train
mol_1653	train
mol_1654	train
mol_1655	train
mol_1656	train
mol_1657	train
mol_1658	train
mol_1659	val
mol_1660	train
mol_1661	test
mol_1662	train
mol_1663	test
mol_1664	train
mol_1665	train
mol_1666	train
mol_1667	train
mol_1668	train
mol_1669	train
mol_1670	train
mol_1671	val
mol_1672	train
mol_1673	test
mol_1674	train
mol_1675	train
mol_1676	train
mol_1677	train
mol_1678	train
mol_1679	train
mol_1680	train
mol_1681	train
mol_1682	train
mol_1683	train
mol_1684	val
mol_1685	val
mol_1686	train
mol_1687	test
mol_1688	test
mol_1689	train
mol_1690	train
mol_1691	train
mol_1692	train
mol_1693	val
mol_1694	train
mol_1695	train
mol_1696	train
mol_1697	val
mol_1698	train
mol_1699	train
mol_1700	train
mol_1701	train
mol_1702	train
mol_1703	val
mol_1704	train
mol_1705	test
mol_1706	test
mol_1707	test
mol_1708	val
mol_1709	train
mol_1710	train
mol_1711	val
mol_1712	train
mol_1713	train
mol_1714	train
mol_1715	train
mol_1716	train
mol_1717	train
mol_1718	train
mol_1719	train
mol_1720	test
mol_1721	train
mol_1722	train
mol_1723	test
mol_1724	train
mol_1725	train
mol_1726	test
mol_1727	val
mol_1728	train
mol_1729	test
mol_1730	val
mol_1731	train
mol_1732	train
mol_1733	test
mol_1734	train
mol_1735	train
mol_1736	train
mol_1737	test
mol_1738	train
mol_1739	train
mol_1740	train
mol_1741	val
mol_1742	train
mol_1743	val
mol_1744	train
mol_1745	train
mol_1746	train
mol_1747	train
mol_1748	val
mol_1749	train
mol_1750	train
mol_1751	train
mol_1752	train
mol_1753	train
mol_1754	train
mol_1755	train
mol_1756	test
mol_1757	train
mol_1758	train
mol_1759	train
mol_1760	test
mol_1761	val
mol_1762	train
mol_1763	train
mol_1764	val
mol_1765	test
mol_1766	train
mol_1767	train
mol_1768	train
mol_1769	train
mol_1770	train
mol_1771	train
mol_1772	train
mol_1773	test
mol_1774	val
mol_1775	val
mol_1776	train
mol_1777	train
mol_1778	train
mol_1779	train
mol_1780	train
mol_1781	val
mol_1782	val
mol_1783	train
mol_1784	train
mol_1785	val
mol_1786	val
mol_1787	train
mol_1788	train
mol_1789	train
mol_1790	train
mol_1791	train
mol_1792	train
mol_1793	train
mol_1794	train
mol_1795	train
mol_1796	train
mol_1797	test
mol_1798	train
mol_1799	train
mol_1800	val
mol_1801	train
mol_1802	train
mol_1803	train
mol_1804	train
mol_1805	test
mol_1806	test
mol_1807	train
mol_1808	train
mol_1809	val
mol_1810	train
mol_1811	train
mol_1812	val
mol_1813	train
mol_1814	train
mol_1815	train
mol_1816	test
mol_1817	test
mol_1818	train
mol_1819	train
mol_1820	val
mol_1821	val
mol_1822	train
mol_1823	val
mol_1824	val
mol_1825	train
mol_1826	val
mol_1827	test
mol_1828	train
mol_1829	train
mol_1830	val
mol_1831	train
mol_1832	train
mol_1833	train
mol_1834	train
mol_1835	train
mol_1836	train
mol_1837	train
mol_1838	train
mol_1839	train
mol_1840	train
mol_1841	train
mol_1842	train
mol_1843	val
mol_1844	test
mol_1845	test
mol_1846	train
mol_1847	train
mol_1848	train
mol_1849	train
mol_1850	train
mol_1851	val
mol_1852	train
mol_1853	train
mol_1854	test
mol_1855	val
mol_1856	train
mol_1857	train
mol_1858	train
mol_1859	test
mol_1860	train
mol_1861	train
mol_1862	train
mol_1863	train
mol_1864	train
mol_1865	train
mol_1866	train
mol_1867	train
mol_1868	train
mol_1869	val
mol_1870	test
mol_1871	train
mol_1872	val
mol_1873	train
mol_1874	train
mol_1875	train
mol_1876	train
mol_1877	test
mol_1878	train
mol_1879	test
mol_1880	train
mol_1881	val
mol_1882	train
mol_1883	train
mol_1884	train
mol_1885	train
mol_1886	train
mol_1887	train
mol_1888	train
mol_1889	train
mol_1890	train
mol_1891	train
mol_1892	train
mol_1893	train
mol_1894	train
mol_1895	train
mol_1896	train
mol_1897	train
mol_1898	train
mol_1899	train
mol_1900	test
mol_1901	train
mol_1902	train
mol_1903	train
mol_1904	val
mol_1905	test
mol_1906	train
mol_1907	train
mol_1908	train
mol_1909	test
mol_1910	train
mol_1911	train
mol_1912	train
mol_1913	train
mol_1914	train
mol_1915	train
mol_1916	train
mol_1917	val
mol_1918	train
mol_1919	train
mol_1920	train
mol_1921	train
mol_1922	train
mol_1923	val
mol_1924	train
mol_1925	train
mol_1926	val
mol_1927	val
mol_1928	train
mol_1929	val
mol_1930	train
mol_1931	train
mol_1932	val
mol_1933	train
mol_1934	test
mol_1935	train
mol_1936	train
mol_1937	train
mol_1938	val
mol_1939	train
mol_1940	train
mol_1941	test
mol_1942	test
mol_1943	val
mol_1944	train
mol_1945	test
mol_1946	train
mol_1947	val
mol_1948	train
mol_1949	train
mol_1950	val
mol_1951	train
mol_1952	val
mol_1953	train
mol_1954	train
mol_1955	train
mol_1956	train
mol_1957	val
mol_1958	train
mol_1959	train
mol_1960	train
mol_1961	train
mol_1962	train
mol_1963	train
mol_1964	train
mol_1965	train
mol_1966	train
mol_1967	train
mol_1968	train
mol_1969	train
mol_1970	train
mol_1971	train
mol_1972	train
mol_1973	val
mol_1974	train
mol_1975	val
mol_1976	train
mol_1977	train
mol_1978	train
mol_1979	train
mol_1980	val
mol_1981	train
mol_1982	train
mol_1983	train
mol_1984	train
mol_1985	train
mol_1986	train
mol_1987	train
mol_1988	train
mol_1989	train
mol_1990	train
mol_1991	val
mol_1992	train
mol_1993	test
mol_1994	train
mol_1995	train
mol_1996	val
mol_1997	train
mol_1998	train
mol_1999	train
mol_2000	train
mol_2001	val
mol_2002	train
mol_2003	test
mol_2004	train
mol_2005	train
mol_2006	train
mol_2007	train
mol_2008	train
mol_2009	val
mol_2010	train
mol_2011	train
mol_2012	train
mol_2013	train
mol_2014	test
mol_2015	train
mol_2016	train
mol_2017	train
mol_2018	val
mol_2019	train
mol_2020	train
mol_2021	train
mol_2022	train
mol_2023	train
mol_2024	train
mol_2025	train
mol_2026	val
mol_2027	train
mol_2028	val
mol_2029	train
mol_2030	train
mol_2031	val
mol_2032	test
mol_2033	val
mol_2034	train
mol_2035	train
mol_2036	test
mol_2037	test
mol_2038	test
mol_2039	train
mol_2040	train
mol_2041	val
mol_2042	train
mol_2043	val
mol_2044	train
mol_2045	train
mol_2046	train
mol_2047	train
mol_2048	val
mol_2049	train
mol_2050	train
mol_2051	train
mol_2052	val
mol_2053	val
mol_2054	train
mol_2055	train
mol_2056	train
mol_2057	train
mol_2058	train
mol_2059	train
mol_2060	train
mol_2061	val
mol_2062	test
mol_2063	train
mol_2064	train
mol_2065	train
mol_2066	val
mol_2067	train
mol_2068	val
mol_2069	train
mol_2070	val
mol_2071	train
mol_2072	train
mol_2073	train
mol_2074	test
mol_2075	train
mol_2076	train
mol_2077	train
mol_2078	train
mol_2079	train
mol_2080	train
mol_2081	train
mol_2082	train
mol_2083	test
mol_2084	train
mol_2085	train
mol_2086	train
mol_2087	train
mol_2088	train
mol_2089	train
mol_2090	val
mol_2091	train
mol_2092	train
mol_2093	train
mol_2094	train
mol_2095	val
mol_2096	train
mol_2097	train
mol_2098	test
mol_2099	train
mol_2100	train
mol_2101	train
mol_2102	train
mol_2103	train
mol_2104	train
mol_2105	train
mol_2106	val
mol_2107	train
mol_2108	train
mol_2109	train
mol_2110	train
mol_2111	train
mol_2112	val
mol_2113	train
mol_2114	train
mol_2115	train
mol_2116	test
mol_2117	train
mol_2118	train
mol_2119	train
mol_2120	train
mol_2121	val
mol_2122	val
mol_2123	train
mol_2124	train
mol_2125	val
mol_2126	train
mol_2127	val
mol_2128	train
mol_2129	train
mol_2130	train
mol_2131	train
mol_2132	train
mol_2133	test
mol_2134	val
mol_2135	train
mol_2136	train
mol_2137	train
mol_2138	train
mol_2139	train
mol_2140	train
mol_2141	train
mol_2142	train
mol_2143	train
mol_2144	train
mol_2145	train
mol_2146	val
mol_2147	train
mol_2148	train
mol_2149	train
mol_2150	train
mol_2151	train
mol_2152	train
mol_2153	train
mol_2154	val
mol_2155	train
mol_2156	train
mol_2157	train
mol_2158	val
mol_2159	train
mol_2160	train
mol_2161	train
mol_2162	train
mol_2163	train
mol_2164	train
mol_2165	train
mol_2166	val
mol_2167	train
mol_2168	train
mol_2169	train
mol_2170	val
mol_2171	train
mol_2172	train
mol_2173	train
mol_2174	train
mol_2175	train
mol_2176	train
mol_2177	train
mol_2178	test
mol_2179	train
mol_2180	train
mol_2181	test
mol_2182	val
mol_2183	train
mol_2184	train
mol_2185	train
mol_2186	val
mol_2187	train
mol_2188	val
mol_2189	train
mol_2190	val
mol_2191	train
mol_2192	train
mol_2193	train
mol_2194	train
mol_2195	train
mol_2196	train
mol_2197	train
mol_2198	train
mol_2199	train
mol_2200	train
mol_2201	val
mol_2202	train
mol_2203	test
mol_2204	val
mol_2205	train
mol_2206	train
mol_2207	train
mol_2208	val
mol_2209	train
mol_2210	train
mol_2211	val
mol_2212	train
mol_2213	val
mol_2214	train
mol_2215	val
mol_2216	train
mol_2217	train
mol_2218	train
mol_2219	train
mol_2220	val
mol_2221	val
mol_2222	val
mol_2223	train
mol_2224	train
mol_2225	train
mol_2226	train
mol_2227	val
mol_2228	test
mol_2229	train
mol_2230	train
mol_2231	test
mol_2232	train
mol_2233	train
mol_2234	val
mol_2235	train
mol_2236	train
mol_2237	train
mol_2238	val
mol_2239	train
mol_2240	train
mol_2241	val
mol_2242	train
mol_2243	train
mol_2244	train
mol_2245	test
mol_2246	train
mol_2247	train
mol_2248	train
mol_2249	train
mol_2250	train
mol_2251	val
mol_2252	train
mol_2253	train
mol_2254	train
mol_2255	test
mol_2256	train
mol_2257	train
mol_2258	train
mol_2259	train
mol_2260	train
mol_2261	val
mol_2262	train
mol_2263	train
mol_2264	train
mol_2265	val
mol_2266	train
mol_2267	train
mol_2268	train
mol_2269	train
mol_2270	test
mol_2271	train
mol_2272	train
mol_2273	train
mol_2274	test
mol_2275	train
mol_2276	train
mol_2277	train
mol_2278	train
mol_2279	val
mol_2280	train
mol_2281	train
mol_2282	train
mol_2283	train
mol_2284	train
mol_2285	train
mol_2286	val
mol_2287	train
mol_2288	train
mol_2289	train
mol_2290	train
mol_2291	train
mol_2292	test
mol_2293	val
mol_2294	train
mol_2295	train
mol_2296	train
mol_2297	train
mol_2298	train
mol_2299	train
mol_2300	train
mol_2301	train
mol_2302	train
mol_2303	train
mol_2304	train
mol_2305	val
mol_2306	test
mol_2307	train
mol_2308	train
mol_2309	train
mol_2310	train
mol_2311	val
mol_2312	train
mol_2313	val
mol_2314	train
mol_2315	train
mol_2316	train
mol_2317	train
mol_2318	val
mol_2319	train
mol_2320	test
mol_2321	val
mol_2322	train
mol_2323	train
mol_2324	train
mol_2325	train
mol_2326	train
mol_2327	train
mol_2328	train
mol_2329	train
mol_2330	train
mol_2331	train
mol_2332	train
mol_2333	train
mol_2334	val
mol_2335	train
mol_2336	train
mol_2337	val
mol_2338	train
mol_2339	train
mol_2340	train
mol_2341	val
mol_2342	train
mol_2343	train
mol_2344	train
mol_2345	test
mol_2346	val
mol_2347	train
mol_2348	train
mol_2349	test
mol_2350	train
mol_2351	train
mol_2352	test
mol_2353	train
mol_2354	val
mol_2355	train
mol_2356	train
mol_2357	val
mol_2358	val
mol_2359	test
mol_2360	train
mol_2361	train
mol_2362	train
mol_2363	train
mol_2364	train
mol_2365	train
mol_2366	test
mol_2367	val
mol_2368	train
mol_2369	val
mol_2370	val
mol_2371	train
mol_2372	train
mol_2373	val
mol_2374	train
mol_2375	train
mol_2376	train
mol_2377	val
mol_2378	train
mol_2379	train
mol_2380	train
mol_2381	train
mol_2382	train
mol_2383	test
mol_2384	train
mol_2385	train
mol_2386	test
mol_2387	train
mol_2388	val
mol_2389	train
mol_2390	train
mol_2391	train
mol_2392	test
mol_2393	train
mol_2394	train
mol_2395	val
mol_2396	train
mol_2397	train
mol_2398	train
mol_2399	train
mol_2400	train
mol_2401	train
mol_2402	train
mol_2403	train
mol_2404	val
mol_2405	train
mol_2406	test
mol_2407	test
mol_2408	train
mol_2409	test
mol_2410	train
mol_2411	train
mol_2412	train
mol_2413	train
mol_2414	train
mol_2415	test
mol_2416	test
mol_2417	train
mol_2418	train
mol_2419	train
mol_2420	val
mol_2421	train
mol_2422	val
mol_2423	val
mol_2424	train
mol_2425	train
mol_2426	val
mol_2427	train
mol_2428	test
mol_2429	val
mol_2430	train
mol_2431	train
mol_2432	train
mol_2433	train
mol_2434	train
mol_2435	train
mol_2436	test
mol_2437	test
mol_2438	train
mol_2439	test
mol_2440	train
mol_2441	train
mol_2442	val
mol_2443	val
mol_2444	train
mol_2445	train
mol_2446	train
mol_2447	val
mol_2448	train
mol_2449	train
mol_2450	train
mol_2451	train
mol_2452	val
mol_2453	val
mol_2454	train
mol_2455	train
mol_2456	test
mol_2457	train
mol_2458	train
mol_2459	train
mol_2460	train
mol_2461	train
mol_2462	val
mol_2463	train
mol_2464	train
mol_2465	train
mol_2466	train
mol_2467	train
mol_2468	train
mol_2469	train
mol_2470	train
mol_2471	train
mol_2472	val
mol_2473	train
mol_2474	train
mol_2475	val
mol_2476	train
mol_2477	val
mol_2478	test
mol_2479	train
mol_2480	val
mol_2481	train
mol_2482	val
mol_2483	train
mol_2484	train
mol_2485	train
mol_2486	test
mol_2487	train
mol_2488	train
mol_2489	train
mol_2490	train
mol_2491	train
mol_2492	train
mol_2493	val
mol_2494	train
mol_2495	train
mol_2496	train
mol_2497	val
mol_2498	train
mol_2499	val
mol_2500	train
mol_2501	train
mol_2502	train
mol_2503	train
mol_2504	train
mol_2505	test
mol_2506	train
mol_2507	test
mol_2508	train
mol_2509	train
mol_2510	train
mol_2511	train
mol_2512	train
mol_2513	train
mol_2514	val
mol_2515	train
mol_2516	train
mol_2517	train
mol_2518	test
mol_2519	val
mol_2520	train
mol_2521	train
mol_2522	train
mol_2523	train
mol_2524	train
mol_2525	val
mol_2526	train
mol_2527	train
mol_2528	train
mol_2529	test
mol_2530	train
mol_2531	train
mol_2532	val
mol_2533	train
mol_2534	train
mol_2535	train
mol_2536	train
mol_2537	train
mol_2538	train
mol_2539	val
mol_2540	train
mol_2541	train
mol_2542	val
mol_2543	train
mol_2544	val
mol_2545	train
mol_2546	test
mol_2547	train
mol_2548	train
mol_2549	test
mol_2550	train
mol_2551	train
mol_2552	train
mol_2553	train
mol_2554	val
mol_2555	train
mol_2556	train
mol_2557	train
mol_2558	val
mol_2559	train
mol_2560	val
mol_2561	train
mol_2562	train
mol_2563	val
mol_2564	train
mol_2565	train
mol_2566	train
mol_2567	train
mol_2568	train
mol_2569	val
mol_2570	val
mol_2571	train
mol_2572	train
mol_2573	train
mol_2574	val
mol_2575	train
mol_2576	train
mol_2577	val
mol_2578	val
mol_2579	test
mol_2580	val
mol_2581	train
mol_2582	train
mol_2583	train
mol_2584	train
mol_2585	val
mol_2586	train
mol_2587	val
mol_2588	train
mol_2589	train
mol_2590	val
mol_2591	train
mol_2592	train
mol_2593	train
mol_2594	train
mol_2595	train
mol_2596	train
mol_2597	train
mol_2598	train
mol_2599	train
mol_2600	train
mol_2601	train
mol_2602	train
mol_2603	train
mol_2604	train
mol_2605	val
mol_2606	train
mol_2607	val
mol_2608	train
mol_2609	train
mol_2610	test
mol_2611	test
mol_2612	test
mol_2613	val
mol_2614	train
mol_2615	train
mol_2616	train
mol_2617	val
mol_2618	train
mol_2619	test
mol_2620	train
mol_2621	val
mol_2622	val
mol_2623	val
mol_2624	val
mol_2625	val
mol_2626	train
mol_2627	val
mol_2628	val
mol_2629	test
mol_2630	val
mol_2631	val
mol_2632	train
mol_2633	train
mol_2634	train
mol_2635	test
mol_2636	train
mol_2637	test
mol_2638	val
mol_2639	val
mol_2640	train
mol_2641	train
mol_2642	train
mol_2643	train
mol_2644	train
mol_2645	test
mol_2646	train
mol_2647	train
mol_2648	train
mol_2649	test
mol_2650	train
mol_2651	train
mol_2652	val
mol_2653	val
mol_2654	train
mol_2655	train
mol_2656	train
mol_2657	train
mol_2658	val
mol_2659	train
mol_2660	train
mol_2661	train
mol_2662	train
mol_2663	val
mol_2664	train
mol_2665	test
mol_2666	train
mol_2667	train
mol_2668	val
mol_2669	test
mol_2670	train
mol_2671	val
mol_2672	test
mol_2673	test
mol_2674	train
mol_2675	train
mol_2676	test
mol_2677	train
mol_2678	train
mol_2679	train
mol_2680	train
mol_2681	train
mol_2682	train
mol_2683	train
mol_2684	val
mol_2685	val
mol_2686	train
mol_2687	train
mol_2688	train
mol_2689	test
mol_2690	val
mol_2691	train
mol_2692	train
mol_2693	val
mol_2694	train
mol_2695	train
mol_2696	train
mol_2697	train
mol_2698	train
mol_2699	train
mol_2700	test
mol_2701	test
mol_2702	val
mol_2703	train
mol_2704	train
mol_2705	train
mol_2706	train
mol_2707	train
mol_2708	val
mol_2709	train
mol_2710	val
mol_2711	train
mol_2712	train
mol_2713	train
mol_2714	test
mol_2715	val
mol_2716	val
mol_2717	train
mol_2718	train
mol_2719	train
mol_2720	train
mol_2721	train
mol_2722	train
mol_2723	train
mol_2724	val
mol_2725	train
mol_2726	train
mol_2727	train
mol_2728	train
mol_2729	test
mol_2730	val
mol_2731	train
mol_2732	train
mol_2733	train
mol_2734	val
mol_2735	train
mol_2736	val
mol_2737	train
mol_2738	val
mol_2739	train
mol_2740	train
mol_2741	train
mol_2742	train
mol_2743	train
mol_2744	val
mol_2745	train
mol_2746	val
mol_2747	train
mol_2748	train
mol_2749	train
mol_2750	val
mol_2751	train
mol_2752	val
mol_2753	val
mol_2754	train
mol_2755	train
mol_2756	train
mol_2757	train
mol_2758	val
mol_2759	test
mol_2760	train
mol_2761	train
mol_2762	train
mol_2763	train
mol_2764	train
mol_2765	test
mol_2766	train
mol_2767	train
mol_2768	train
mol_2769	test
mol_2770	train
mol_2771	train
mol_2772	train
mol_2773	train
mol_2774	test
mol_2775	train
mol_2776	train
mol_2777	val
mol_2778	val
mol_2779	train
mol_2780	val
mol_2781	val
mol_2782	val
mol_2783	val
mol_2784	train
mol_2785	train
mol_2786	train
mol_2787	train
mol_2788	train
mol_2789	train
mol_2790	val
mol_2791	train
mol_2792	train
mol_2793	train
mol_2794	test
mol_2795	val
mol_2796	train
mol_2797	train
mol_2798	train
mol_2799	val
mol_2800	train
mol_2801	train
mol_2802	val
mol_2803	train
mol_2804	train
mol_2805	val
mol_2806	train
mol_2807	val
mol_2808	train
mol_2809	train
mol_2810	val
mol_2811	train
mol_2812	train
mol_2813	train
mol_2814	train
mol_2815	train
mol_2816	train
mol_2817	val
mol_2818	val
mol_2819	val
mol_2820	train
mol_2821	train
mol_2822	train
mol_2823	train
mol_2824	val
mol_2825	test
mol_2826	val
mol_2827	train
mol_2828	train
mol_2829	train
mol_2830	train
mol_2831	train
mol_2832	train
mol_2833	train
mol_2834	train
mol_2835	val
mol_2836	train
mol_2837	train
mol_2838	val
mol_2839	val
mol_2840	train
mol_2841	train
mol_2842	val
mol_2843	train
mol_2844	test
mol_2845	train
mol_2846	val
mol_2847	train
mol_2848	test
mol_2849	train
mol_2850	train
mol_2851	train
mol_2852	train
mol_2853	train
mol_2854	train
mol_2855	val
mol_2856	train
mol_2857	train
mol_2858	train
mol_2859	test
mol_2860	test
mol_2861	train
mol_2862	train
mol_2863	train
mol_2864	test
mol_2865	train
mol_2866	train
mol_2867	train
mol_2868	val
mol_2869	train
mol_2870	val
mol_2871	val
mol_2872	test
mol_2873	train
mol_2874	train
mol_2875	train
mol_2876	train
mol_2877	train
mol_2878	train
mol_2879	test
mol_2880	train
mol_2881	train
mol_2882	test
mol_2883	train
mol_2884	test
mol_2885	val
mol_2886	train
mol_2887	test
mol_2888	val
mol_2889	test
mol_2890	train
mol_2891	test
mol_2892	train
mol_2893	val
mol_2894	train
mol_2895	train
mol_2896	train
mol_2897	train
mol_2898	val
mol_2899	train
mol_2900	train
mol_2901	val
mol_2902	train
mol_2903	train
mol_2904	train
mol_2905	train
mol_2906	train
mol_2907	train
mol_2908	train
mol_2909	test
mol_2910	val
mol_2911	val
mol_2912	val
mol_2913	train
mol_2914	val
mol_2915	train
mol_2916	test
mol_2917	train
mol_2918	val
mol_2919	train
mol_2920	train
mol_2921	train
mol_2922	train
mol_2923	test
mol_2924	train
mol_2925	train
mol_2926	train
mol_2927	test
mol_2928	train
mol_2929	val
mol_2930	train
mol_2931	val
mol_2932	train
mol_2933	val
mol_2934	train
mol_2935	train
mol_2936	train
mol_2937	train
mol_2938	train
mol_2939	val
mol_2940	val
mol_2941	val
mol_2942	train
mol_2943	train
mol_2944	train
mol_2945	train
mol_2946	test
mol_2947	train
mol_2948	train
mol_2949	train
mol_2950	train
mol_2951	train
mol_2952	train
mol_2953	train
mol_2954	train
mol_2955	train
mol_2956	val
mol_2957	train
mol_2958	train
mol_2959	train
mol_2960	val
mol_2961	train
mol_2962	train
mol_2963	test
mol_2964	train
mol_2965	train
mol_2966	test
mol_2967	train
mol_2968	val
mol_2969	train
mol_2970	test
mol_2971	train
mol_2972	train
mol_2973	train
mol_2974	val
mol_2975	train
mol_2976	val
mol_2977	val
mol_2978	test
mol_2979	train
mol_2980	train
mol_2981	train
mol_2982	val
mol_2983	train
mol_2984	train
mol_2985	train
mol_2986	test
mol_2987	train
mol_2988	train
mol_2989	train
mol_2990	train
mol_2991	train
mol_2992	val
mol_2993	train
mol_2994	val
mol_2995	train
mol_2996	train
mol_2997	train
mol_2998	train
mol_2999	train
mol_3000	val
mol_3001	train
mol_3002	train
mol_3003	train
mol_3004	train
mol_3005	val
mol_3006	train
mol_3007	train
mol_3008	test
mol_3009	train
mol_3010	train
mol_3011	train
mol_3012	val
mol_3013	train
mol_3014	val
mol_3015	train
mol_3016	test
mol_3017	val
mol_3018	train
mol_3019	train
mol_3020	val
mol_3021	val
mol_3022	train
mol_3023	train
mol_3024	train
mol_3025	train
mol_3026	train
mol_3027	train
mol_3028	train
mol_3029	train
mol_3030	train
mol_3031	train
mol_3032	train
mol_3033	train
mol_3034	train
mol_3035	train
mol_3036	train
mol_3037	train
mol_3038	val
mol_3039	train
mol_3040	train
mol_3041	train
mol_3042	val
mol_3043	train
mol_3044	test
mol_3045	test
mol_3046	train
mol_3047	train
mol_3048	train
mol_3049	val
mol_3050	train
mol_3051	train
mol_3052	train
mol_3053	train
mol_3054	val
mol_3055	train
mol_3056	train
mol_3057	train
mol_3058	train
mol_3059	train
mol_3060	train
mol_3061	test
mol_3062	train
mol_3063	val
mol_3064	train
mol_3065	train
mol_3066	train
mol_3067	train
mol_3068	train
mol_3069	val
mol_3070	train
mol_3071	test
mol_3072	val
mol_3073	train
mol_3074	train
mol_3075	train
mol_3076	val
mol_3077	train
mol_3078	train
mol_3079	train
mol_3080	train
mol_3081	train
mol_3082	train
mol_3083	val
mol_3084	train
mol_3085	train
mol_3086	val
mol_3087	train
mol_3088	val
mol_3089	train
mol_3090	val
mol_3091	train
mol_3092	train
mol_3093	train
mol_3094	train
mol_3095	test
mol_3096	train
mol_3097	val
mol_3098	train
mol_3099	train
mol_3100	val
mol_3101	train
mol_3102	train
mol_3103	train
mol_3104	val
mol_3105	val
mol_3106	train
mol_3107	test
mol_3108	val
mol_3109	train
mol_3110	train
mol_3111	test
mol_3112	test
mol_3113	train
mol_3114	train
mol_3115	train
mol_3116	train
mol_3117	val
mol_3118	test
mol_3119	train
mol_3120	val
mol_3121	train
mol_3122	train
mol_3123	train
mol_3124	train
mol_3125	train
mol_3126	train
mol_3127	val
mol_3128	train
mol_3129	train
mol_3130	train
mol_3131	train
mol_3132	val
mol_3133	train
mol_3134	train
mol_3135	train
mol_3136	val
mol_3137	train
mol_3138	train
mol_3139	train
mol_3140	val
mol_3141	train
mol_3142	val
mol_3143	val
mol_3144	val
mol_3145	train
mol_3146	train
mol_3147	train
mol_3148	val
mol_3149	val
mol_3150	train
mol_3151	train
mol_3152	test
mol_3153	train
mol_3154	train
mol_3155	train
mol_3156	train
mol_3157	train
mol_3158	val
mol_3159	val
mol_3160	train
mol_3161	val
mol_3162	train
mol_3163	test
mol_3164	test
mol_3165	train
mol_3166	test
mol_3167	test
mol_3168	train
mol_3169	train
mol_3170	train
mol_3171	train
mol_3172	train
mol_3173	test
mol_3174	train
mol_3175	train
mol_3176	val
mol_3177	train
mol_3178	train
mol_3179	train
mol_3180	train
mol_3181	train
mol_3182	train
mol_3183	train
mol_3184	train
mol_3185	train
mol_3186	train
mol_3187	train
mol_3188	test
mol_3189	train
mol_3190	val
mol_3191	val
mol_3192	train
mol_3193	train
mol_3194	train
mol_3195	train
mol_3196	train
mol_3197	train
mol_3198	test
mol_3199	train
mol_3200	train
mol_3201	train
mol_3202	train
mol_3203	test
mol_3204	train
mol_3205	train
mol_3206	train
mol_3207	train
mol_3208	train
mol_3209	train
mol_3210	train
mol_3211	test
mol_3212	val
mol_3213	train
mol_3214	train
mol_3215	val
mol_3216	train
mol_3217	train
mol_3218	train
mol_3219	val
mol_3220	train
mol_3221	val
mol_3222	test
mol_3223	train
mol_3224	val
mol_3225	test
mol_3226	train
mol_3227	train
mol_3228	train
mol_3229	train
mol_3230	test
mol_3231	train
mol_3232	train
mol_3233	train
mol_3234	train
mol_3235	train
mol_3236	train
mol_3237	train
mol_3238	train
mol_3239	train
mol_3240	val
mol_3241	train
mol_3242	train
mol_3243	train
mol_3244	train
mol_3245	train
mol_3246	train
mol_3247	train
mol_3248	train
mol_3249	val
mol_3250	train
mol_3251	train
mol_3252	val
mol_3253	train
mol_3254	train
mol_3255	train
mol_3256	train
mol_3257	train
mol_3258	train
mol_3259	test
mol_3260	test
mol_3261	train
mol_3262	train
mol_3263	test
mol_3264	train
mol_3265	train
mol_3266	train
mol_3267	test
mol_3268	train
mol_3269	train
mol_3270	train
mol_3271	train
mol_3272	train
mol_3273	val
mol_3274	train
mol_3275	val
mol_3276	val
mol_3277	train
mol_3278	train
mol_3279	train
mol_3280	train
mol_3281	train
mol_3282	train
mol_3283	train
mol_3284	train
mol_3285	val
mol_3286	train
mol_3287	train
mol_3288	train
mol_3289	train
mol_3290	val
mol_3291	val
mol_3292	train
mol_3293	train
mol_3294	train
mol_3295	train
mol_3296	train
mol_3297	train
mol_3298	test
mol_3299	val
mol_3300	train
mol_3301	train
mol_3302	train
mol_3303	train
mol_3304	train
mol_3305	train
mol_3306	train
mol_3307	train
mol_3308	test
mol_3309	train
mol_3310	train
mol_3311	val
mol_3312	val
mol_3313	train
mol_3314	train
mol_3315	train
mol_3316	val
mol_3317	train
mol_3318	train
mol_3319	train
mol_3320	train
mol_3321	train
mol_3322	val
mol_3323	train
mol_3324	train
mol_3325	val
mol_3326	train
mol_3327	train
mol_3328	val
mol_3329	train
mol_3330	train
mol_3331	train
mol_3332	train
mol_3333	train
mol_3334	train
mol_3335	train
mol_3336	train
mol_3337	train
mol_3338	val
mol_3339	train
mol_3340	val
mol_3341	train
mol_3342	train
mol_3343	train
mol_3344	train
mol_3345	train
mol_3346	train
mol_3347	train
mol_3348	train
mol_3349	val
mol_3350	train
mol_3351	train
mol_3352	train
mol_3353	val
mol_3354	train
mol_3355	val
mol_3356	train
mol_3357	train
mol_3358	val
mol_3359	train
mol_3360	train
mol_3361	train
mol_3362	train
mol_3363	train
mol_3364	test
mol_3365	train
mol_3366	val
mol_3367	train
mol_3368	train
mol_3369	val
mol_3370	val
mol_3371	train
mol_3372	train
mol_3373	train
mol_3374	train
mol_3375	val
mol_3376	train
mol_3377	train
mol_3378	test
mol_3379	train
mol_3380	train
mol_3381	train
mol_3382	val
mol_3383	test
mol_3384	val
mol_3385	val
mol_3386	train
mol_3387	train
mol_3388	train
mol_3389	val
mol_3390	test
mol_3391	train
mol_3392	val
mol_3393	val
mol_3394	test
mol_3395	train
mol_3396	train
mol_3397	train
mol_3398	train
mol_3399	val
mol_3400	train
mol_3401	train
mol_3402	train
mol_3403	train
mol_3404	train
mol_3405	train
mol_3406	train
mol_3407	train
mol_3408	test
mol_3409	train
mol_3410	train
mol_3411	train
mol_3412	test
mol_3413	val
mol_3414	test
mol_3415	train
mol_3416	train
mol_3417	train
mol_3418	val
mol_3419	train
mol_3420	train
mol_3421	train
mol_3422	train
mol_3423	train
mol_3424	val
mol_3425	train
mol_3426	train
mol_3427	val
mol_3428	val
mol_3429	train
mol_3430	train
mol_3431	test
mol_3432	val
mol_3433	train
mol_3434	test
mol_3435	val
mol_3436	train
mol_3437	train
mol_3438	train
mol_3439	train
mol_3440	train
mol_3441	train
mol_3442	train
mol_3443	train
mol_3444	val
mol_3445	val
mol_3446	train
mol_3447	val
mol_3448	train
mol_3449	train
mol_3450	train
mol_3451	test
mol_3452	train
mol_3453	train
mol_3454	val
mol_3455	val
mol_3456	val
mol_3457	val
mol_3458	test
mol_3459	train
mol_3460	train
mol_3461	train
mol_3462	train
mol_3463	train
mol_3464	train
mol_3465	train
mol_3466	train
mol_3467	train
mol_3468	val
mol_3469	train
mol_3470	train
mol_3471	train
mol_3472	val
mol_3473	val
mol_3474	test
mol_3475	val
mol_3476	test
mol_3477	train
mol_3478	val
mol_3479	val
mol_3480	train
mol_3481	val
mol_3482	train
mol_3483	val
mol_3484	val
mol_3485	train
mol_3486	train
mol_3487	train
mol_3488	train
mol_3489	val
mol_3490	train
mol_3491	train
mol_3492	val
mol_3493	train
mol_3494	val
mol_3495	train
mol_3496	test
mol_3497	train
mol_3498	test
mol_3499	train
mol_3500	test
mol_3501	train
mol_3502	train
mol_3503	train
mol_3504	train
mol_3505	train
mol_3506	train
mol_3507	test
mol_3508	val
mol_3509	train
mol_3510	train
mol_3511	train
mol_3512	train
mol_3513	train
mol_3514	train
mol_3515	test
mol_3516	train
mol_3517	train
mol_3518	train
mol_3519	val
mol_3520	train
mol_3521	val
mol_3522	train
mol_3523	train
mol_3524	train
mol_3525	test
mol_3526	train
mol_3527	train
mol_3528	test
mol_3529	train
mol_3530	train
mol_3531	val
mol_3532	val
mol_3533	val
mol_3534	train
mol_3535	val
mol_3536	train
mol_3537	val
mol_3538	val
mol_3539	test
mol_3540	train
mol_3541	train
mol_3542	train
mol_3543	val
mol_3544	train
mol_3545	val
mol_3546	train
mol_3547	val
mol_3548	train
mol_3549	val
mol_3550	train
mol_3551	train
mol_3552	train
mol_3553	train
mol_3554	train
mol_3555	val
mol_3556	train
mol_3557	train
mol_3558	train
mol_3559	val
mol_3560	train
mol_3561	train
mol_3562	train
mol_3563	train
mol_3564	train
mol_3565	val
mol_3566	train
mol_3567	val
mol_3568	train
mol_3569	val
mol_3570	train
mol_3571	val
mol_3572	train
mol_3573	train
mol_3574	train
mol_3575	train
mol_3576	train
mol_3577	train
mol_3578	train
mol_3579	train
mol_3580	test
mol_3581	train
mol_3582	train
mol_3583	train
mol_3584	val
mol_3585	train
mol_3586	val
mol_3587	train
mol_3588	train
mol_3589	train
mol_3590	train
mol_3591	train
mol_3592	train
mol_3593	train
mol_3594	train
mol_3595	train
mol_3596	test
mol_3597	train
mol_3598	train
mol_3599	train
mol_3600	train
mol_3601	train
mol_3602	train
mol_3603	val
mol_3604	train
mol_3605	train
mol_3606	train
mol_3607	train
mol_3608	train
mol_3609	val
mol_3610	train
mol_3611	train
mol_3612	train
mol_3613	train
mol_3614	train
mol_3615	test
mol_3616	train
mol_3617	train
mol_3618	train
mol_3619	train
mol_3620	val
mol_3621	val
mol_3622	train
mol_3623	train
mol_3624	train
mol_3625	test
mol_3626	train
mol_3627	test
mol_3628	val
mol_3629	val
mol_3630	val
mol_3631	train
mol_3632	train
mol_3633	val
mol_3634	train
mol_3635	train
mol_3636	train
mol_3637	test
mol_3638	train
mol_3639	val
mol_3640	train
mol_3641	train
mol_3642	test
mol_3643	train
mol_3644	test
mol_3645	train
mol_3646	train
mol_3647	val
mol_3648	train
mol_3649	train
mol_3650	train
mol_3651	train
mol_3652	train
mol_3653	test
mol_3654	train
mol_3655	train
mol_3656	test
mol_3657	train
mol_3658	test
mol_3659	train
mol_3660	test
mol_3661	train
mol_3662	val
mol_3663	train
mol_3664	train
mol_3665	train
mol_3666	train
mol_3667	val
mol_3668	val
mol_3669	train
mol_3670	train
mol_3671	train
mol_3672	train
mol_3673	train
mol_3674	train
mol_3675	val
mol_3676	train
mol_3677	val
mol_3678	train
mol_3679	train
mol_3680	val
mol_3681	train
mol_3682	train
mol_3683	train
mol_3684	val
mol_3685	val
mol_3686	val
mol_3687	train
mol_3688	train
mol_3689	train
mol_3690	train
mol_3691	train
mol_3692	train
mol_3693	train
mol_3694	test
mol_3695	val
mol_3696	train
mol_3697	train
mol_3698	train
mol_3699	val
mol_3700	train
mol_3701	train
mol_3702	train
mol_3703	train
mol_3704	train
mol_3705	train
mol_3706	train
mol_3707	train
mol_3708	val
mol_3709	train
mol_3710	train
mol_3711	train
mol_3712	test
mol_3713	val
mol_3714	train
mol_3715	train
mol_3716	train
mol_3717	val
mol_3718	train
mol_3719	train
mol_3720	train
mol_3721	test
mol_3722	train
mol_3723	val
mol_3724	test
mol_3725	train
mol_3726	val
mol_3727	train
mol_3728	val
mol_3729	train
mol_3730	train
mol_3731	train
mol_3732	train
mol_3733	train
mol_3734	train
mol_3735	test
mol_3736	test
mol_3737	train
mol_3738	val
mol_3739	train
mol_3740	train
mol_3741	train
mol_3742	val
mol_3743	train
mol_3744	train
mol_3745	test
mol_3746	train
mol_3747	test
mol_3748	train
mol_3749	train
mol_3750	train
mol_3751	train
mol_3752	val
mol_3753	train
mol_3754	train
mol_3755	train
mol_3756	train
mol_3757	train
mol_3758	train
mol_3759	train
mol_3760	train
mol_3761	val
mol_3762	train
mol_3763	train
mol_3764	val
mol_3765	train
mol_3766	val
mol_3767	train
mol_3768	test
mol_3769	test
mol_3770	train
mol_3771	val
mol_3772	train
mol_3773	train
mol_3774	train
mol_3775	val
mol_3776	train
mol_3777	val
mol_3778	val
mol_3779	train
mol_3780	train
mol_3781	val
mol_3782	train
mol_3783	val
mol_3784	test
mol_3785	train
mol_3786	val
mol_3787	val
mol_3788	train
mol_3789	train
mol_3790	train
mol_3791	train
mol_3792	val
mol_3793	train
mol_3794	test
mol_3795	train
mol_3796	train
mol_3797	val
mol_3798	train
mol_3799	train
mol_3800	val
mol_3801	train
mol_3802	train
mol_3803	val
mol_3804	train
mol_3805	train
mol_3806	train
mol_3807	train
mol_3808	val
mol_3809	train
mol_3810	train
mol_3811	train
mol_3812	train
mol_3813	train
mol_3814	val
mol_3815	train
mol_3816	train
mol_3817	val
mol_3818	train
mol_3819	train
mol_3820	train
mol_3821	train
mol_3822	train
mol_3823	test
mol_3824	val
mol_3825	train
mol_3826	val
mol_3827	train
mol_3828	train
mol_3829	test
mol_3830	train
mol_3831	val
mol_3832	train
mol_3833	train
mol_3834	train
mol_3835	train
mol_3836	train
mol_3837	train
mol_3838	val
mol_3839	train
mol_3840	val
mol_3841	val
mol_3842	train
mol_3843	val
mol_3844	train
mol_3845	val
mol_3846	train
mol_3847	train
mol_3848	train
mol_3849	train
mol_3850	train
mol_3851	train
mol_3852	train
mol_3853	train
mol_3854	test
mol_3855	train
mol_3856	train
mol_3857	val
mol_3858	train
mol_3859	val
mol_3860	train
mol_3861	train
mol_3862	train
mol_3863	test
mol_3864	train
mol_3865	val
mol_3866	train
mol_3867	val
mol_3868	val
mol_3869	train
mol_3870	val
mol_3871	test
mol_3872	train
mol_3873	train
mol_3874	train
mol_3875	train
mol_3876	val
mol_3877	test
mol_3878	train
mol_3879	train
mol_3880	train
mol_3881	test
mol_3882	val
mol_3883	train
mol_3884	train
mol_3885	val
mol_3886	train
mol_3887	test
mol_3888	train
mol_3889	train
mol_3890	val
mol_3891	val
mol_3892	train
mol_3893	train
mol_3894	test
mol_3895	train
mol_3896	train
mol_3897	train
mol_3898	val
mol_3899	val
mol_3900	train
mol_3901	train
mol_3902	test
mol_3903	train
mol_3904	val
mol_3905	test
mol_3906	train
mol_3907	train
mol_3908	val
mol_3909	train
mol_3910	train
mol_3911	test
mol_3912	train
mol_3913	val
mol_3914	train
mol_3915	train
mol_3916	train
mol_3917	val
mol_3918	train
mol_3919	train
mol_3920	train
mol_3921	train
mol_3922	val
mol_3923	train
mol_3924	train
mol_3925	train
mol_3926	train
mol_3927	val
mol_3928	val
mol_3929	train
mol_3930	train
mol_3931	train
mol_3932	test
mol_3933	train
mol_3934	train
mol_3935	train
mol_3936	train
mol_3937	val
mol_3938	train
mol_3939	train
mol_3940	train
mol_3941	train
mol_3942	train
mol_3943	train
mol_3944	train
mol_3945	train
mol_3946	train
mol_3947	train
mol_3948	train
mol_3949	train
mol_3950	train
mol_3951	train
mol_3952	train
mol_3953	train
mol_3954	train
mol_3955	train
mol_3956	train
mol_3957	train
mol_3958	train
mol_3959	train
mol_3960	train
mol_3961	train
mol_3962	train
mol_3963	val
mol_3964	val
mol_3965	train
mol_3966	val
mol_3967	test
mol_3968	val
mol_3969	train
mol_3970	test
mol_3971	val
mol_3972	train
mol_3973	test
mol_3974	train
mol_3975	test
mol_3976	train
mol_3977	train
mol_3978	train
mol_3979	train
mol_3980	val
mol_3981	train
mol_3982	train
mol_3983	train
mol_3984	train
mol_3985	train
mol_3986	test
mol_3987	train
mol_3988	train
mol_3989	train
mol_3990	train
mol_3991	train
mol_3992	test
mol_3993	train
mol_3994	train
mol_3995	train
mol_3996	train
mol_3997	train
mol_3998	test
mol_3999	val
mol_4000	train
mol_4001	train
mol_4002	train
mol_4003	train
mol_4004	test
mol_4005	train
mol_4006	train
mol_4007	train
mol_4008	train
mol_4009	train
mol_4010	test
mol_4011	val
mol_4012	train
mol_4013	train
mol_4014	train
mol_4015	train
mol_4016	train
mol_4017	train
mol_4018	train
mol_4019	test
mol_4020	val
mol_4021	train
mol_4022	val
mol_4023	train
mol_4024	train
mol_4025	val
mol_4026	train
mol_4027	val
mol_4028	train
mol_4029	train
mol_4030	train
mol_4031	train
mol_4032	train
mol_4033	train
mol_4034	val
mol_4035	test
mol_4036	val
mol_4037	train
mol_4038	train
mol_4039	train
mol_4040	train
mol_4041	train
mol_4042	train
mol_4043	train
mol_4044	train
mol_4045	test
mol_4046	val
mol_4047	train
mol_4048	train
mol_4049	val
mol_4050	train
mol_4051	train
mol_4052	train
mol_4053	train
mol_4054	train
mol_4055	test
mol_4056	train
mol_4057	train
mol_4058	train
mol_4059	train
mol_4060	train
mol_4061	test
mol_4062	train
mol_4063	train
mol_4064	val
mol_4065	train
mol_4066	train
mol_4067	train
mol_4068	val
mol_4069	val
mol_4070	test
mol_4071	train
mol_4072	test
mol_4073	train
mol_4074	val
mol_4075	train
mol_4076	val
mol_4077	test
mol_4078	val
mol_4079	val
mol_4080	train
mol_4081	train
mol_4082	train
mol_4083	train
mol_4084	val
mol_4085	train
mol_4086	val
mol_4087	val
mol_4088	train
mol_4089	train
mol_4090	train
mol_4091	train
mol_4092	train
mol_4093	train
mol_4094	train
mol_4095	train
mol_4096	train
mol_4097	train
mol_4098	train
mol_4099	train
mol_4100	val
mol_4101	train
mol_4102	train
mol_4103	train
mol_4104	train
mol_4105	train
mol_4106	val
mol_4107	train
mol_4108	val
mol_4109	test
mol_4110	train
mol_4111	train
mol_4112	val
mol_4113	val
mol_4114	val
mol_4115	val
mol_4116	train
mol_4117	val
mol_4118	train
mol_4119	val
mol_4120	val
mol_4121	train
mol_4122	val
mol_4123	train
mol_4124	train
mol_4125	train
mol_4126	val
mol_4127	train
mol_4128	train
mol_4129	train
mol_4130	train
mol_4131	train
mol_4132	train
mol_4133	val
mol_4134	val
mol_4135	train
mol_4136	train
mol_4137	val
mol_4138	val
mol_4139	train
mol_4140	train
mol_4141	train
mol_4142	val
mol_4143	val
mol_4144	val
mol_4145	val
mol_4146	train
mol_4147	val
mol_4148	train
mol_4149	train
mol_4150	train
mol_4151	train
mol_4152	val
mol_4153	train
mol_4154	train
mol_4155	val
mol_4156	test
mol_4157	train
mol_4158	val
mol_4159	train
mol_4160	val
mol_4161	train
mol_4162	val
mol_4163	train
mol_4164	val
mol_4165	train
mol_4166	train
mol_4167	train
mol_4168	train
mol_4169	val
mol_4170	val
mol_4171	val
mol_4172	test
mol_4173	train
mol_4174	train
mol_4175	train
mol_4176	test
mol_4177	train
mol_4178	train
mol_4179	train
mol_4180	train
mol_4181	train
mol_4182	train
mol_4183	train
mol_4184	train
mol_4185	test
mol_4186	train
mol_4187	train
mol_4188	train
mol_4189	train
mol_4190	train
mol_4191	train
mol_4192	test
mol_4193	train
mol_4194	train
mol_4195	train
mol_4196	train
mol_4197	train
mol_4198	val
mol_4199	train
mol_4200	train
mol_4201	train
mol_4202	train
mol_4203	train
mol_4204	test
mol_4205	train
mol_4206	train
mol_4207	train
mol_4208	train
mol_4209	train
mol_4210	train
mol_4211	train
mol_4212	test
mol_4213	train
mol_4214	train
mol_4215	val
mol_4216	train
mol_4217	train
mol_4218	val
mol_4219	train
mol_4220	test
mol_4221	train
mol_4222	train
mol_4223	train
mol_4224	test
mol_4225	val
mol_4226	train
mol_4227	train
mol_4228	train
mol_4229	train
mol_4230	val
mol_4231	train
mol_4232	train
mol_4233	train
mol_4234	train
mol_4235	val
mol_4236	train
mol_4237	train
mol_4238	train
mol_4239	train
mol_4240	train
mol_4241	val
mol_4242	train
mol_4243	train
mol_4244	train
mol_4245	train
mol_4246	train
mol_4247	train
mol_4248	train
mol_4249	train
mol_4250	train
mol_4251	train
mol_4252	train
mol_4253	train
mol_4254	train
mol_4255	test
mol_4256	train
mol_4257	val
mol_4258	train
mol_4259	train
mol_4260	train
mol_4261	train
mol_4262	train
mol_4263	train
mol_4264	val
mol_4265	train
mol_4266	train
mol_4267	train
mol_4268	train
mol_4269	train
mol_4270	train
mol_4271	test
mol_4272	test
mol_4273	train
mol_4274	train
mol_4275	val
mol_4276	train
mol_4277	test
mol_4278	train
mol_4279	train
mol_4280	train
mol_4281	train
mol_4282	train
mol_4283	train
mol_4284	train
mol_4285	train
mol_4286	train
mol_4287	train
mol_4288	train
mol_4289	train
mol_4290	train
mol_4291	train
mol_4292	test
mol_4293	train
mol_4294	train
mol_4295	train
mol_4296	train
mol_4297	train
mol_4298	train
mol_4299	train
mol_4300	val
mol_4301	train
mol_4302	train
mol_4303	train
mol_4304	train
mol_4305	val
mol_4306	val
mol_4307	train
mol_4308	train
mol_4309	train
mol_4310	train
mol_4311	train
mol_4312	val
mol_4313	train
mol_4314	train
mol_4315	train
mol_4316	train
mol_4317	train
mol_4318	train
mol_4319	train
mol_4320	train
mol_4321	val
mol_4322	train
mol_4323	train
mol_4324	train
mol_4325	train
mol_4326	train
mol_4327	train
mol_4328	test
mol_4329	train
mol_4330	val
mol_4331	train
mol_4332	train
mol_4333	train
mol_4334	train
mol_4335	val
mol_4336	train
mol_4337	val
mol_4338	train
mol_4339	train
mol_4340	test
mol_4341	train
mol_4342	val
mol_4343	train
mol_4344	train
mol_4345	train
mol_4346	train
mol_4347	val
mol_4348	train
mol_4349	test
mol_4350	train
mol_4351	train
mol_4352	train
mol_4353	train
mol_4354	train
mol_4355	test
mol_4356	train
mol_4357	train
mol_4358	test
mol_4359	train
mol_4360	train
mol_4361	train
mol_4362	train
mol_4363	train
mol_4364	train
mol_4365	train
mol_4366	train
mol_4367	train
mol_4368	train
mol_4369	val
mol_4370	train
mol_4371	train
mol_4372	val
mol_4373	train
mol_4374	test
mol_4375	train
mol_4376	train
mol_4377	train
mol_4378	train
mol_4379	test
mol_4380	train
mol_4381	train
mol_4382	train
mol_4383	train
mol_4384	train
mol_4385	train
mol_4386	train
mol_4387	train
mol_4388	train
mol_4389	train
mol_4390	train
mol_4391	test
mol_4392	train
mol_4393	train
mol_4394	train
mol_4395	train
mol_4396	train
mol_4397	train
mol_4398	train
mol_4399	val
mol_4400	val
mol_4401	val
mol_4402	train
mol_4403	val
mol_4404	train
mol_4405	train
mol_4406	train
mol_4407	val
mol_4408	val
mol_4409	train
mol_4410	train
mol_4411	test
mol_4412	val
mol_4413	train
mol_4414	train
mol_4415	train
mol_4416	train
mol_4417	train
mol_4418	train
mol_4419	val
mol_4420	test
mol_4421	train
mol_4422	train
mol_4423	val
mol_4424	train
mol_4425	train
mol_4426	train
mol_4427	val
mol_4428	test
mol_4429	val
mol_4430	val
mol_4431	test
mol_4432	train
mol_4433	test
mol_4434	train
mol_4435	train
mol_4436	train
mol_4437	train
mol_4438	train
mol_4439	train
mol_4440	train
mol_4441	train
mol_4442	train
mol_4443	train
mol_4444	train
mol_4445	val
mol_4446	train
mol_4447	train
mol_4448	val
mol_4449	train
mol_4450	train
mol_4451	train
mol_4452	train
mol_4453	train
mol_4454	test
mol_4455	train
mol_4456	train
mol_4457	train
mol_4458	train
mol_4459	val
mol_4460	train
mol_4461	train
mol_4462	train
mol_4463	train
mol_4464	train
mol_4465	train
mol_4466	val
mol_4467	val
mol_4468	val
mol_4469	test
mol_4470	val
mol_4471	train
mol_4472	train
mol_4473	train
mol_4474	train
mol_4475	train
mol_4476	test
mol_4477	test
mol_4478	test
mol_4479	train
mol_4480	val
mol_4481	train
mol_4482	train
mol_4483	train
mol_4484	train
mol_4485	train
mol_4486	train
mol_4487	train
mol_4488	train
mol_4489	train
mol_4490	train
mol_4491	train
mol_4492	test
mol_4493	train
mol_4494	train
mol_4495	train
mol_4496	train
mol_4497	train
mol_4498	train
mol_4499	train
mol_4500	val
mol_4501	train
mol_4502	val
mol_4503	train
mol_4504	train
mol_4505	train
mol_4506	val
mol_4507	train
mol_4508	val
mol_4509	test
mol_4510	train
mol_4511	train
mol_4512	train
mol_4513	test
mol_4514	train
mol_4515	train
mol_4516	test
mol_4517	val
mol_4518	train
mol_4519	train
mol_4520	train
mol_4521	train
mol_4522	val
mol_4523	test
mol_4524	train
mol_4525	train
mol_4526	train
mol_4527	train
mol_4528	train
mol_4529	train
mol_4530	train
mol_4531	val
mol_4532	val
mol_4533	train
mol_4534	test
mol_4535	train
mol_4536	train
mol_4537	val
mol_4538	train
mol_4539	train
mol_4540	train
mol_4541	test
mol_4542	train
mol_4543	train
mol_4544	test
mol_4545	train
mol_4546	train
mol_4547	train
mol_4548	train
mol_4549	train
mol_4550	train
mol_4551	train
mol_4552	train
mol_4553	train
mol_4554	train
mol_4555	train
mol_4556	test
mol_4557	train
mol_4558	train
mol_4559	train
mol_4560	train
mol_4561	train
mol_4562	train
mol_4563	test
mol_4564	train
mol_4565	train
mol_4566	train
mol_4567	train
mol_4568	train
mol_4569	train
mol_4570	val
mol_4571	train
mol_4572	train
mol_4573	val
mol_4574	train
mol_4575	train
mol_4576	train
mol_4577	train
mol_4578	train
mol_4579	test
mol_4580	train
mol_4581	train
mol_4582	train
mol_4583	val
mol_4584	train
mol_4585	val
mol_4586	train
mol_4587	test
mol_4588	train
mol_4589	train
mol_4590	train
mol_4591	train
mol_4592	train
mol_4593	test
mol_4594	train
mol_4595	train
mol_4596	train
mol_4597	val
mol_4598	train
mol_4599	val
mol_4600	train
mol_4601	train
mol_4602	train
mol_4603	train
mol_4604	train
mol_4605	train
mol_4606	train
mol_4607	train
mol_4608	test
mol_4609	train
mol_4610	train
mol_4611	train
mol_4612	train
mol_4613	train
mol_4614	train
mol_4615	train
mol_4616	train
mol_4617	val
mol_4618	train
mol_4619	val
mol_4620	train
mol_4621	val
mol_4622	train
mol_4623	train
mol_4624	test
mol_4625	train
mol_4626	val
mol_4627	val
mol_4628	train
mol_4629	val
mol_4630	test
mol_4631	train
mol_4632	test
mol_4633	train
mol_4634	train
mol_4635	train
mol_4636	train
mol_4637	train
mol_4638	train
mol_4639	train
mol_4640	train
mol_4641	train
mol_4642	train
mol_4643	train
mol_4644	val
mol_4645	train
mol_4646	train
mol_4647	test
mol_4648	train
mol_4649	train
mol_4650	val
mol_4651	train
mol_4652	train
mol_4653	train
mol_4654	train
mol_4655	train
mol_4656	train
mol_4657	train
mol_4658	train
mol_4659	test
mol_4660	train
mol_4661	train
mol_4662	train
mol_4663	train
mol_4664	train
mol_4665	train
mol_4666	train
mol_4667	train
mol_4668	train
mol_4669	train
mol_4670	train
mol_4671	train
mol_4672	train
mol_4673	val
mol_4674	test
mol_4675	train
mol_4676	train
mol_4677	val
mol_4678	train
mol_4679	train
mol_4680	train
mol_4681	train
mol_4682	train
mol_4683	train
mol_4684	test
mol_4685	test
mol_4686	val
mol_4687	test
mol_4688	train
mol_4689	test
mol_4690	train
mol_4691	val
mol_4692	val
mol_4693	train
mol_4694	val
mol_4695	train
mol_4696	train
mol_4697	train
mol_4698	train
mol_4699	train
mol_4700	train
mol_4701	train
mol_4702	train
mol_4703	train
mol_4704	train
mol_4705	test
mol_4706	train
mol_4707	train
mol_4708	train
mol_4709	train
mol_4710	val
mol_4711	train
mol_4712	train
mol_4713	train
mol_4714	train
mol_4715	train
mol_4716	train
mol_4717	train
mol_4718	val
mol_4719	test
mol_4720	train
mol_4721	train
mol_4722	train
mol_4723	train
mol_4724	train
mol_4725	train
mol_4726	train
mol_4727	train
mol_4728	train
mol_4729	val
mol_4730	val
mol_4731	train
mol_4732	test
mol_4733	train
mol_4734	test
mol_4735	train
mol_4736	test
mol_4737	train
mol_4738	test
mol_4739	val
mol_4740	train
mol_4741	train
mol_4742	train
mol_4743	train
mol_4744	train
mol_4745	train
mol_4746	train
mol_4747	train
mol_4748	val
mol_4749	train
mol_4750	train
mol_4751	train
mol_4752	val
mol_4753	train
mol_4754	test
mol_4755	val
mol_4756	train
mol_4757	train
mol_4758	train
mol_4759	train
mol_4760	train
mol_4761	train
mol_4762	val
mol_4763	train
mol_4764	train
mol_4765	val
mol_4766	val
mol_4767	val
mol_4768	train
mol_4769	train
mol_4770	train
mol_4771	train
mol_4772	train
mol_4773	train
mol_4774	train
mol_4775	val
mol_4776	train
mol_4777	train
mol_4778	train
mol_4779	train
mol_4780	train
mol_4781	train
mol_4782	test
mol_4783	train
mol_4784	test
mol_4785	val
mol_4786	val
mol_4787	train
mol_4788	train
mol_4789	train
mol_4790	train
mol_4791	train
mol_4792	train
mol_4793	train
mol_4794	train
mol_4795	train
mol_4796	train
mol_4797	train
mol_4798	train
mol_4799	val
mol_4800	test
mol_4801	val
mol_4802	train
mol_4803	train
mol_4804	train
mol_4805	val
mol_4806	train
mol_4807	test
mol_4808	train
mol_4809	val
mol_4810	val
mol_4811	train
mol_4812	val
mol_4813	test
mol_4814	val
mol_4815	test
mol_4816	train
mol_4817	train
mol_4818	val
mol_4819	train
mol_4820	test
mol_4821	train
mol_4822	test
mol_4823	train
mol_4824	train
mol_4825	val
mol_4826	val
mol_4827	val
mol_4828	train
mol_4829	train
mol_4830	val
mol_4831	train
mol_4832	train
mol_4833	val
mol_4834	train
mol_4835	train
mol_4836	test
mol_4837	test
mol_4838	test
mol_4839	train
mol_4840	test
mol_4841	val
mol_4842	test
mol_4843	test
mol_4844	val
mol_4845	train
mol_4846	test
mol_4847	train
mol_4848	test
mol_4849	test
mol_4850	train
mol_4851	train
mol_4852	train
mol_4853	train
mol_4854	val
mol_4855	val
mol_4856	train
mol_4857	train
mol_4858	train
mol_4859	test
mol_4860	train
mol_4861	val
mol_4862	train
mol_4863	train
mol_4864	val
mol_4865	train
mol_4866	train
mol_4867	train
mol_4868	val
mol_4869	train
mol_4870	train
mol_4871	train
mol_4872	test
mol_4873	val
mol_4874	test
mol_4875	val
mol_4876	train
mol_4877	train
mol_4878	train
mol_4879	train
mol_4880	val
mol_4881	train
mol_4882	train
mol_4883	train
mol_4884	train
mol_4885	val
mol_4886	train
mol_4887	train
mol_4888	train
mol_4889	train
mol_4890	train
mol_4891	train
mol_4892	train
mol_4893	train
mol_4894	train
mol_4895	train
mol_4896	train
mol_4897	train
mol_4898	train
mol_4899	train
mol_4900	train
mol_4901	val
mol_4902	train
mol_4903	train
mol_4904	train
mol_4905	train
mol_4906	train
mol_4907	train
mol_4908	val
mol_4909	test
mol_4910	test
mol_4911	train
mol_4912	train
mol_4913	train
mol_4914	train
mol_4915	test
mol_4916	train
mol_4917	train
mol_4918	train
mol_4919	train
mol_4920	train
mol_4921	train
mol_4922	train
mol_4923	train
mol_4924	train
mol_4925	val
mol_4926	test
mol_4927	train
mol_4928	val
mol_4929	train
mol_4930	train
mol_4931	train
mol_4932	train
mol_4933	test
mol_4934	train
mol_4935	train
mol_4936	train
mol_4937	train
mol_4938	train
mol_4939	train
mol_4940	train
mol_4941	train
mol_4942	val
mol_4943	train
mol_4944	train
mol_4945	train
mol_4946	val
mol_4947	train
mol_4948	train
mol_4949	test
mol_4950	train
mol_4951	train
mol_4952	train
mol_4953	test
mol_4954	val
mol_4955	train
mol_4956	train
mol_4957	train
mol_4958	val
mol_4959	test
mol_4960	val
mol_4961	train
mol_4962	train
mol_4963	train
mol_4964	train
mol_4965	train
mol_4966	train
mol_4967	train
mol_4968	val
mol_4969	val
mol_4970	train
mol_4971	train
mol_4972	train
mol_4973	train
mol_4974	test
mol_4975	val
mol_4976	train
mol_4977	train
mol_4978	train
mol_4979	train
mol_4980	train
mol_4981	train
mol_4982	train
mol_4983	val
mol_4984	train
mol_4985	train
mol_4986	train
mol_4987	test
mol_4988	train
mol_4989	test
mol_4990	train
mol_4991	train
mol_4992	train
mol_4993	train
mol_4994	val
mol_4995	val
mol_4996	train
mol_4997	train
mol_4998	train
mol_4999	train
mol_5000	val
mol_5001	train
mol_5002	test
mol_5003	train
mol_5004	train
mol_5005	val
mol_5006	test
mol_5007	train
mol_5008	val
mol_5009	train
mol_5010	test
mol_5011	val
mol_5012	train
mol_5013	train
mol_5014	train
mol_5015	train
mol_5016	train
mol_5017	val
mol_5018	val
mol_5019	train
mol_5020	train
mol_5021	train
mol_5022	train
mol_5023	train
mol_5024	val
mol_5025	val
mol_5026	val
mol_5027	val
mol_5028	train
mol_5029	train
mol_5030	train
mol_5031	train
mol_5032	val
mol_5033	train
mol_5034	test
mol_5035	train
mol_5036	val
mol_5037	val
mol_5038	val
mol_5039	train
mol_5040	test
mol_5041	train
mol_5042	train
mol_5043	test
mol_5044	train
mol_5045	train
mol_5046	train
mol_5047	val
mol_5048	test
mol_5049	val
mol_5050	train
mol_5051	val
mol_5052	val
mol_5053	train
mol_5054	test
mol_5055	train
mol_5056	train
mol_5057	train
mol_5058	train
mol_5059	train
mol_5060	test
mol_5061	val
mol_5062	train
mol_5063	train
mol_5064	train
mol_5065	train
mol_5066	val
mol_5067	val
mol_5068	test
mol_5069	train
mol_5070	train
mol_5071	train
mol_5072	test
mol_5073	train
mol_5074	train
mol_5075	train
mol_5076	train
mol_5077	train
mol_5078	train
mol_5079	val
mol_5080	val
mol_5081	val
mol_5082	train
mol_5083	train
mol_5084	train
mol_5085	train
mol_5086	train
mol_5087	train
mol_5088	train
mol_5089	val
mol_5090	train
mol_5091	train
mol_5092	train
mol_5093	train
mol_5094	train
mol_5095	train
mol_5096	val
mol_5097	train
mol_5098	train
mol_5099	train
mol_5100	train
mol_5101	train
mol_5102	val
mol_5103	train
mol_5104	train
mol_5105	test
mol_5106	val
mol_5107	train
mol_5108	train
mol_5109	train
mol_5110	train
mol_5111	val
mol_5112	val
mol_5113	train
mol_5114	train
mol_5115	val
mol_5116	train
mol_5117	train
mol_5118	train
mol_5119	train
mol_5120	test
mol_5121	val
mol_5122	val
mol_5123	train
mol_5124	train
mol_5125	train
mol_5126	val
mol_5127	train
mol_5128	train
mol_5129	train
mol_5130	train
mol_5131	train
mol_5132	test
mol_5133	train
mol_5134	train
mol_5135	train
mol_5136	train
mol_5137	train
mol_5138	train
mol_5139	train
mol_5140	val
mol_5141	train
mol_5142	train
mol_5143	train
mol_5144	test
mol_5145	test
mol_5146	train
mol_5147	train
mol_5148	val
mol_5149	train
mol_5150	val
mol_5151	train
mol_5152	train
mol_5153	train
mol_5154	val
mol_5155	train
mol_5156	val
mol_5157	val
mol_5158	test
mol_5159	val
mol_5160	train
mol_5161	test
mol_5162	train
mol_5163	train
mol_5164	train
mol_5165	val
mol_5166	train
mol_5167	train
mol_5168	test
mol_5169	train
mol_5170	train
mol_5171	train
mol_5172	test
mol_5173	train
mol_5174	train
mol_5175	train
mol_5176	train
mol_5177	train
mol_5178	train
mol_5179	train
mol_5180	val
mol_5181	train
mol_5182	train
mol_5183	val
mol_5184	val
mol_5185	train
mol_5186	train
mol_5187	train
mol_5188	train
mol_5189	train
mol_5190	train
mol_5191	test
mol_5192	train
mol_5193	val
mol_5194	train
mol_5195	train
mol_5196	train
mol_5197	train
mol_5198	train
mol_5199	val
mol_5200	train
mol_5201	val
mol_5202	train
mol_5203	train
mol_5204	train
mol_5205	train
mol_5206	train
mol_5207	train
mol_5208	train
mol_5209	train
mol_5210	train
mol_5211	train
mol_5212	train
mol_5213	train
mol_5214	val
mol_5215	train
mol_5216	train
mol_5217	train
mol_5218	train
mol_5219	train
mol_5220	val
mol_5221	train
mol_5222	val
mol_5223	train
mol_5224	test
mol_5225	train
mol_5226	train
mol_5227	train
mol_5228	train
mol_5229	train
mol_5230	train
mol_5231	val
mol_5232	train
mol_5233	train
mol_5234	val
mol_5235	val
mol_5236	val
mol_5237	val
mol_5238	test
mol_5239	train
mol_5240	train
mol_5241	train
mol_5242	train
mol_5243	train
mol_5244	train
mol_5245	train
mol_5246	test
mol_5247	test
mol_5248	train
mol_5249	train
mol_5250	train
mol_5251	train
mol_5252	train
mol_5253	train
mol_5254	train
mol_5255	train
mol_5256	val
mol_5257	train
mol_5258	train
mol_5259	val
mol_5260	test
mol_5261	train
mol_5262	train
mol_5263	train
mol_5264	train
mol_5265	train
mol_5266	train
mol_5267	train
mol_5268	val
mol_5269	train
mol_5270	train
mol_5271	train
mol_5272	train
mol_5273	train
mol_5274	train
mol_5275	train
mol_5276	train
mol_5277	train
mol_5278	train
mol_5279	train
mol_5280	val
mol_5281	train
mol_5282	train
mol_5283	train
mol_5284	train
mol_5285	train
mol_5286	val
mol_5287	train
mol_5288	train
mol_5289	train
mol_5290	train
mol_5291	val
mol_5292	train
mol_5293	train
mol_5294	train
mol_5295	val
mol_5296	val
mol_5297	val
mol_5298	train
mol_5299	train
mol_5300	train
mol_5301	test
mol_5302	train
mol_5303	train
mol_5304	train
mol_5305	train
mol_5306	train
mol_5307	train
mol_5308	train
mol_5309	train
mol_5310	train
mol_5311	train
mol_5312	train
mol_5313	test
mol_5314	train
mol_5315	train
mol_5316	test
mol_5317	train
mol_5318	test
mol_5319	train
mol_5320	val
mol_5321	val
mol_5322	train
mol_5323	train
mol_5324	train
mol_5325	train
mol_5326	train
mol_5327	val
mol_5328	train
mol_5329	train
mol_5330	train
mol_5331	train
mol_5332	train
mol_5333	train
mol_5334	train
mol_5335	val
mol_5336	train
mol_5337	train
mol_5338	train
mol_5339	train
mol_5340	train
mol_5341	val
mol_5342	train
mol_5343	train
mol_5344	train
mol_5345	val
mol_5346	val
mol_5347	train
mol_5348	train
mol_5349	train
mol_5350	train
mol_5351	train
mol_5352	val
mol_5353	train
mol_5354	train
mol_5355	train
mol_5356	train
mol_5357	train
mol_5358	train
mol_5359	train
mol_5360	train
mol_5361	train
mol_5362	train
mol_5363	val
mol_5364	train
mol_5365	train
mol_5366	train
mol_5367	train
mol_5368	train
mol_5369	val
mol_5370	train
mol_5371	val
mol_5372	val
mol_5373	test
mol_5374	train
mol_5375	train
mol_5376	val
mol_5377	train
mol_5378	train
mol_5379	val
mol_5380	val
mol_5381	train
mol_5382	train
mol_5383	val
mol_5384	train
mol_5385	val
mol_5386	train
mol_5387	train
mol_5388	val
mol_5389	train
mol_5390	test
mol_5391	train
mol_5392	train
mol_5393	train
mol_5394	val
mol_5395	train
mol_5396	test
mol_5397	train
mol_5398	train
mol_5399	train
mol_5400	train
mol_5401	train
mol_5402	train
mol_5403	train
mol_5404	train
mol_5405	test
mol_5406	train
mol_5407	train
mol_5408	train
mol_5409	train
mol_5410	train
mol_5411	val
mol_5412	val
mol_5413	train
mol_5414	train
mol_5415	train
mol_5416	test
mol_5417	train
mol_5418	train
mol_5419	test
mol_5420	test
mol_5421	train
mol_5422	train
mol_5423	train
mol_5424	test
mol_5425	val
mol_5426	test
mol_5427	train
mol_5428	train
mol_5429	train
mol_5430	train
mol_5431	train
mol_5432	train
mol_5433	train
mol_5434	train
mol_5435	val
mol_5436	train
mol_5437	test
mol_5438	train
mol_5439	train
mol_5440	train
mol_5441	train
mol_5442	train
mol_5443	train
mol_5444	val
mol_5445	train
mol_5446	train
mol_5447	train
mol_5448	val
mol_5449	train
mol_5450	train
mol_5451	train
mol_5452	train
mol_5453	val
mol_5454	val
mol_5455	train
mol_5456	train
mol_5457	val
mol_5458	train
mol_5459	test
mol_5460	train
mol_5461	test
mol_5462	train
mol_5463	val
mol_5464	train
mol_5465	train
mol_5466	train
mol_5467	train
mol_5468	val
mol_5469	val
mol_5470	val
mol_5471	train
mol_5472	train
mol_5473	train
mol_5474	val
mol_5475	train
mol_5476	train
mol_5477	train
mol_5478	val
mol_5479	train
mol_5480	train
mol_5481	val
mol_5482	train
mol_5483	val
mol_5484	train
mol_5485	train
mol_5486	train
mol_5487	train
mol_5488	train
mol_5489	train
mol_5490	train
mol_5491	val
mol_5492	train
mol_5493	train
mol_5494	val
mol_5495	train
mol_5496	test
mol_5497	train
mol_5498	test
mol_5499	train
mol_5500	train
mol_5501	train
mol_5502	train
mol_5503	train
mol_5504	train
mol_5505	train
mol_5506	train
mol_5507	test
mol_5508	train
mol_5509	train
mol_5510	train
mol_5511	train
mol_5512	train
mol_5513	train
mol_5514	train
mol_5515	train
mol_5516	train
mol_5517	train
mol_5518	train
mol_5519	train
mol_5520	train
mol_5521	train
mol_5522	train
mol_5523	train
mol_5524	train
mol_5525	train
mol_5526	train
mol_5527	train
mol_5528	train
mol_5529	train
mol_5530	test
mol_5531	val
mol_5532	train
mol_5533	train
mol_5534	train
mol_5535	train
mol_5536	train
mol_5537	val
mol_5538	val
mol_5539	train
mol_5540	train
mol_5541	test
mol_5542	train
mol_5543	train
mol_5544	train
mol_5545	train
mol_5546	train
mol_5547	val
mol_5548	train
mol_5549	train
mol_5550	train
mol_5551	train
mol_5552	train
mol_5553	train
mol_5554	train
mol_5555	train
mol_5556	train
mol_5557	train
mol_5558	train
mol_5559	val
mol_5560	test
mol_5561	train
mol_5562	train
mol_5563	train
mol_5564	train
mol_5565	train
mol_5566	train
mol_5567	train
mol_5568	train
mol_5569	val
mol_5570	train
mol_5571	train
mol_5572	val
mol_5573	train
mol_5574	test
mol_5575	train
mol_5576	train
mol_5577	val
mol_5578	train
mol_5579	train
mol_5580	train
mol_5581	val
mol_5582	train
mol_5583	val
mol_5584	val
mol_5585	val
mol_5586	train
mol_5587	train
mol_5588	train
mol_5589	val
mol_5590	test
mol_5591	train
mol_5592	train
mol_5593	test
mol_5594	train
mol_5595	val
mol_5596	val
mol_5597	train
mol_5598	train
mol_5599	train
mol_5600	train
mol_5601	val
mol_5602	train
mol_5603	train
mol_5604	train
mol_5605	train
mol_5606	train
mol_5607	train
mol_5608	train
mol_5609	test
mol_5610	train
mol_5611	train
mol_5612	train
mol_5613	train
mol_5614	val
mol_5615	train
mol_5616	train
mol_5617	train
mol_5618	train
mol_5619	train
mol_5620	train
mol_5621	train
mol_5622	val
mol_5623	test
mol_5624	train
mol_5625	test
mol_5626	train
mol_5627	test
mol_5628	test
mol_5629	train
mol_5630	train
mol_5631	test
mol_5632	train
mol_5633	train
mol_5634	train
mol_5635	train
mol_5636	train
mol_5637	train
mol_5638	train
mol_5639	train
mol_5640	train
mol_5641	val
mol_5642	train
mol_5643	train
mol_5644	val
mol_5645	train
mol_5646	train
mol_5647	train
mol_5648	train
mol_5649	train
mol_5650	train
mol_5651	train
mol_5652	train
mol_5653	train
mol_5654	train
mol_5655	train
mol_5656	test
mol_5657	train
mol_5658	train
mol_5659	train
mol_5660	val
mol_5661	train
mol_5662	train
mol_5663	val
mol_5664	train
mol_5665	train
mol_5666	train
mol_5667	train
mol_5668	test
mol_5669	val
mol_5670	train
mol_5671	val
mol_5672	train
mol_5673	train
mol_5674	train
mol_5675	train
mol_5676	train
mol_5677	val
mol_5678	val
mol_5679	train
mol_5680	test
mol_5681	train
mol_5682	train
mol_5683	train
mol_5684	train
mol_5685	val
mol_5686	train
mol_5687	val
mol_5688	train
mol_5689	train
mol_5690	val
mol_5691	train
mol_5692	train
mol_5693	val
mol_5694	test
mol_5695	train
mol_5696	train
mol_5697	train
mol_5698	train
mol_5699	train
mol_5700	train
mol_5701	val
mol_5702	train
mol_5703	test
mol_5704	val
mol_5705	train
mol_5706	train
mol_5707	train
mol_5708	train
mol_5709	val
mol_5710	train
mol_5711	train
mol_5712	test
mol_5713	train
mol_5714	train
mol_5715	train
mol_5716	train
mol_5717	train
mol_5718	train
mol_5719	train
mol_5720	train
mol_5721	train
mol_5722	train
mol_5723	train
mol_5724	train
mol_5725	test
mol_5726	train
mol_5727	train
mol_5728	train
mol_5729	train
mol_5730	test
mol_5731	val
mol_5732	train
mol_5733	train
mol_5734	val
mol_5735	train
mol_5736	train
mol_5737	train
mol_5738	train
mol_5739	train
mol_5740	train
mol_5741	train
mol_5742	train
mol_5743	train
mol_5744	train
mol_5745	val
mol_5746	train
mol_5747	val
mol_5748	train
mol_5749	train
mol_5750	train
mol_5751	test
mol_5752	train
mol_5753	val
mol_5754	train
mol_5755	val
mol_5756	train
mol_5757	train
mol_5758	train
mol_5759	train
mol_5760	val
mol_5761	train
mol_5762	val
mol_5763	val
mol_5764	train
mol_5765	train
mol_5766	train
mol_5767	train
mol_5768	train
mol_5769	train
mol_5770	train
mol_5771	val
mol_5772	train
mol_5773	test
mol_5774	val
mol_5775	train
mol_5776	val
mol_5777	train
mol_5778	train
mol_5779	train
mol_5780	train
mol_5781	train
mol_5782	train
mol_5783	train
mol_5784	val
mol_5785	train
mol_5786	train
mol_5787	train
mol_5788	train
mol_5789	test
mol_5790	train
mol_5791	val
mol_5792	val
mol_5793	train
mol_5794	val
mol_5795	train
mol_5796	train
mol_5797	train
mol_5798	train
mol_5799	train
mol_5800	train
mol_5801	train
mol_5802	test
mol_5803	train
mol_5804	train
mol_5805	train
mol_5806	train
mol_5807	test
mol_5808	train
mol_5809	test
mol_5810	train
mol_5811	train
mol_5812	train
mol_5813	train
mol_5814	train
mol_5815	train
mol_5816	train
mol_5817	train
mol_5818	val
mol_5819	val
mol_5820	train
mol_5821	train
mol_5822	train
mol_5823	test
mol_5824	train
mol_5825	train
mol_5826	test
mol_5827	val
mol_5828	train
mol_5829	train
mol_5830	train
mol_5831	train
mol_5832	val
mol_5833	train
mol_5834	test
mol_5835	train
mol_5836	val
mol_5837	train
mol_5838	train
mol_5839	train
mol_5840	train
mol_5841	train
mol_5842	train
mol_5843	train
mol_5844	train
mol_5845	val
mol_5846	train
mol_5847	train
mol_5848	train
mol_5849	train
mol_5850	train
mol_5851	val
mol_5852	val
mol_5853	train
mol_5854	val
mol_5855	train
mol_5856	train
mol_5857	val
mol_5858	train
mol_5859	val
mol_5860	train
mol_5861	train
mol_5862	train
mol_5863	train
mol_5864	train
mol_5865	train
mol_5866	val
mol_5867	test
mol_5868	train
mol_5869	train
mol_5870	train
mol_5871	train
mol_5872	train
mol_5873	val
mol_5874	train
mol_5875	train
mol_5876	val
mol_5877	train
mol_5878	train
mol_5879	val
mol_5880	train
mol_5881	val
mol_5882	test
mol_5883	train
mol_5884	train
mol_5885	test
mol_5886	train
mol_5887	val
mol_5888	train
mol_5889	train
mol_5890	test
mol_5891	train
mol_5892	val
mol_5893	train
mol_5894	train
mol_5895	train
mol_5896	train
mol_5897	train
mol_5898	train
mol_5899	val
mol_5900	val
mol_5901	val
mol_5902	test
mol_5903	train
mol_5904	train
mol_5905	train
mol_5906	train
mol_5907	val
mol_5908	train
mol_5909	train
mol_5910	train
mol_5911	train
mol_5912	val
mol_5913	test
mol_5914	val
mol_5915	train
mol_5916	train
mol_5917	val
mol_5918	test
mol_5919	train
mol_5920	train
mol_5921	val
mol_5922	train
mol_5923	train
mol_5924	train
mol_5925	train
mol_5926	train
mol_5927	train
mol_5928	val
mol_5929	test
mol_5930	train
mol_5931	train
mol_5932	train
mol_5933	val
mol_5934	train
mol_5935	train
mol_5936	train
mol_5937	test
mol_5938	train
mol_5939	train
mol_5940	train
mol_5941	val
mol_5942	train
mol_5943	train
mol_5944	train
mol_5945	train
mol_5946	train
mol_5947	train
mol_5948	test
mol_5949	train
mol_5950	test
mol_5951	train
mol_5952	val
mol_5953	train
mol_5954	val
mol_5955	train
mol_5956	train
mol_5957	train
mol_5958	train
mol_5959	train
mol_5960	train
mol_5961	train
mol_5962	train
mol_5963	val
mol_5964	val
mol_5965	train
mol_5966	train
mol_5967	val
mol_5968	train
mol_5969	train
mol_5970	train
mol_5971	val
mol_5972	train
mol_5973	train
mol_5974	train
mol_5975	val
mol_5976	test
mol_5977	val
mol_5978	train
mol_5979	val
mol_5980	train
mol_5981	train
mol_5982	train
mol_5983	train
mol_5984	train
mol_5985	train
mol_5986	train
mol_5987	train
mol_5988	val
mol_5989	train
mol_5990	train
mol_5991	train
mol_5992	train
mol_5993	train
mol_5994	train
mol_5995	val
mol_5996	val
mol_5997	train
mol_5998	test
mol_5999	val
mol_6000	val
mol_6001	train
mol_6002	val
mol_6003	train
mol_6004	train
mol_6005	test
mol_6006	val
mol_6007	train
mol_6008	train
mol_6009	train
mol_6010	train
mol_6011	train
mol_6012	train
mol_6013	train
mol_6014	train
mol_6015	train
mol_6016	train
mol_6017	val
mol_6018	val
mol_6019	train
mol_6020	test
mol_6021	train
mol_6022	train
mol_6023	val
mol_6024	train
mol_6025	train
mol_6026	train
mol_6027	val
mol_6028	train
mol_6029	train
mol_6030	test
mol_6031	train
mol_6032	train
mol_6033	train
mol_6034	train
mol_6035	train
mol_6036	train
mol_6037	val
mol_6038	train
mol_6039	train
mol_6040	train
mol_6041	val
mol_6042	train
mol_6043	train
mol_6044	train
mol_6045	train
mol_6046	train
mol_6047	val
mol_6048	train
mol_6049	test
mol_6050	train
mol_6051	train
mol_6052	val
mol_6053	train
mol_6054	train
mol_6055	train
mol_6056	train
mol_6057	val
mol_6058	train
mol_6059	val
mol_6060	val
mol_6061	train
mol_6062	train
mol_6063	train
mol_6064	train
mol_6065	train
mol_6066	train
mol_6067	train
mol_6068	train
mol_6069	val
mol_6070	test
mol_6071	train
mol_6072	train
mol_6073	train
mol_6074	val
mol_6075	train
mol_6076	val
mol_6077	train
mol_6078	train
mol_6079	test
mol_6080	train
mol_6081	train
mol_6082	train
mol_6083	train
mol_6084	train
mol_6085	train
mol_6086	val
mol_6087	train
mol_6088	val
mol_6089	train
mol_6090	train
mol_6091	train
mol_6092	val
mol_6093	train
mol_6094	train
mol_6095	train
mol_6096	train
mol_6097	test
mol_6098	val
mol_6099	train
mol_6100	train
mol_6101	val
mol_6102	train
mol_6103	train
mol_6104	train
mol_6105	train
mol_6106	val
mol_6107	test
mol_6108	train
mol_6109	val
mol_6110	test
mol_6111	train
mol_6112	train
mol_6113	train
mol_6114	train
mol_6115	train
mol_6116	train
mol_6117	train
mol_6118	val
mol_6119	train
mol_6120	train
mol_6121	val
mol_6122	val
mol_6123	train
mol_6124	train
mol_6125	train
mol_6126	val
mol_6127	train
mol_6128	train
mol_6129	test
mol_6130	train
mol_6131	test
mol_6132	train
mol_6133	val
mol_6134	val
mol_6135	val
mol_6136	train
mol_6137	train
mol_6138	train
mol_6139	train
mol_6140	train
mol_6141	val
mol_6142	train
mol_6143	train
mol_6144	train
mol_6145	test
mol_6146	train
mol_6147	train
mol_6148	train
mol_6149	train
mol_6150	train
mol_6151	val
mol_6152	val
mol_6153	train
mol_6154	train
mol_6155	train
mol_6156	val
mol_6157	train
mol_6158	val
mol_6159	train
mol_6160	train
mol_6161	train
mol_6162	val
mol_6163	test
mol_6164	train
mol_6165	test
mol_6166	train
mol_6167	train
mol_6168	train
mol_6169	train
mol_6170	train
mol_6171	train
mol_6172	val
mol_6173	train
mol_6174	train
mol_6175	val
mol_6176	val
mol_6177	val
mol_6178	val
mol_6179	train
mol_6180	val
mol_6181	train
mol_6182	train
mol_6183	train
mol_6184	train
mol_6185	train
mol_6186	train
mol_6187	train
mol_6188	train
mol_6189	train
mol_6190	train
mol_6191	train
mol_6192	train
mol_6193	train
mol_6194	train
mol_6195	train
mol_6196	train
mol_6197	train
mol_6198	train
mol_6199	train
mol_6200	val
mol_6201	train
mol_6202	train
mol_6203	train
mol_6204	train
mol_6205	train
mol_6206	train
mol_6207	test
mol_6208	val
mol_6209	train
mol_6210	train
mol_6211	train
mol_6212	train
mol_6213	train
mol_6214	train
mol_6215	val
mol_6216	train
mol_6217	train
mol_6218	train
mol_6219	train
mol_6220	train
mol_6221	train
mol_6222	val
mol_6223	test
mol_6224	train
mol_6225	test
mol_6226	val
mol_6227	test
mol_6228	train
mol_6229	val
mol_6230	train
mol_6231	train
mol_6232	train
mol_6233	val
mol_6234	train
mol_6235	train
mol_6236	train
mol_6237	train
mol_6238	test
mol_6239	train
mol_6240	train
mol_6241	train
mol_6242	train
mol_6243	train
mol_6244	train
mol_6245	val
mol_6246	val
mol_6247	train
mol_6248	train
mol_6249	train
mol_6250	train
mol_6251	test
mol_6252	train
mol_6253	train
mol_6254	train
mol_6255	train
mol_6256	train
mol_6257	train
mol_6258	train
mol_6259	train
mol_6260	train
mol_6261	test
mol_6262	val
mol_6263	train
mol_6264	train
mol_6265	val
mol_6266	train
mol_6267	val
mol_6268	train
mol_6269	val
mol_6270	train
mol_6271	train
mol_6272	train
mol_6273	test
mol_6274	test
mol_6275	train
mol_6276	train
mol_6277	val
mol_6278	test
mol_6279	test
mol_6280	train
mol_6281	train
mol_6282	train
mol_6283	val
mol_6284	train
mol_6285	train
mol_6286	train
mol_6287	train
mol_6288	test
mol_6289	train
mol_6290	val
mol_6291	train
mol_6292	test
mol_6293	train
mol_6294	val
mol_6295	train
mol_6296	train
mol_6297	train
mol_6298	train
mol_6299	val
mol_6300	train
mol_6301	train
mol_6302	train
mol_6303	train
mol_6304	val
mol_6305	train
mol_6306	train
mol_6307	train
mol_6308	train
mol_6309	train
mol_6310	train
mol_6311	train
mol_6312	train
mol_6313	train
mol_6314	train
mol_6315	train
mol_6316	val
mol_6317	val
mol_6318	val
mol_6319	val
mol_6320	train
mol_6321	train
mol_6322	train
mol_6323	train
mol_6324	train
mol_6325	train
mol_6326	test
mol_6327	train
mol_6328	train
mol_6329	train
mol_6330	train
mol_6331	train
mol_6332	train
mol_6333	train
mol_6334	val
mol_6335	val
mol_6336	val
mol_6337	test
mol_6338	val
mol_6339	train
mol_6340	train
mol_6341	val
mol_6342	train
mol_6343	train
mol_6344	train
mol_6345	train
mol_6346	val
mol_6347	train
mol_6348	train
mol_6349	val
mol_6350	train
mol_6351	train
mol_6352	val
mol_6353	train
mol_6354	train
mol_6355	val
mol_6356	val
mol_6357	test
mol_6358	train
mol_6359	train
mol_6360	train
mol_6361	test
mol_6362	train
mol_6363	val
mol_6364	train
mol_6365	train
mol_6366	train
mol_6367	val
mol_6368	train
mol_6369	train
mol_6370	train
mol_6371	train
mol_6372	val
mol_6373	train
mol_6374	test
mol_6375	val
mol_6376	val
mol_6377	train
mol_6378	train
mol_6379	train
mol_6380	test
mol_6381	train
mol_6382	train
mol_6383	train
mol_6384	test
mol_6385	train
mol_6386	train
mol_6387	val
mol_6388	train
mol_6389	train
mol_6390	train
mol_6391	train
mol_6392	train
mol_6393	train
mol_6394	train
mol_6395	train
mol_6396	train
mol_6397	val
mol_6398	train
mol_6399	val
mol_6400	train
mol_6401	test
mol_6402	train
mol_6403	val
mol_6404	train
mol_6405	test
mol_6406	val
mol_6407	train
mol_6408	train
mol_6409	val
mol_6410	val
mol_6411	train
mol_6412	val
mol_6413	train
mol_6414	test
mol_6415	val
mol_6416	val
mol_6417	train
mol_6418	train
mol_6419	test
mol_6420	train
mol_6421	train
mol_6422	train
mol_6423	train
mol_6424	val
mol_6425	train
mol_6426	train
mol_6427	train
mol_6428	train
mol_6429	train
mol_6430	val
mol_6431	train
mol_6432	train
mol_6433	test
mol_6434	train
mol_6435	train
mol_6436	train
mol_6437	train
mol_6438	test
mol_6439	train
mol_6440	train
mol_6441	train
mol_6442	val
mol_6443	train
mol_6444	train
mol_6445	val
mol_6446	train
mol_6447	train
mol_6448	train
mol_6449	train
mol_6450	val
mol_6451	train
mol_6452	train
mol_6453	train
mol_6454	train
mol_6455	val
mol_6456	val
mol_6457	train
mol_6458	train
mol_6459	train
mol_6460	train
mol_6461	train
mol_6462	train
mol_6463	train
mol_6464	train
mol_6465	train
mol_6466	train
mol_6467	train
mol_6468	train
mol_6469	train
mol_6470	test
mol_6471	train
mol_6472	val
mol_6473	val
mol_6474	test
mol_6475	test
mol_6476	train
mol_6477	train
mol_6478	train
mol_6479	train
mol_6480	train
mol_6481	train
mol_6482	train
mol_6483	train
mol_6484	train
mol_6485	train
mol_6486	test
mol_6487	train
mol_6488	train
mol_6489	train
mol_6490	train
mol_6491	train
mol_6492	test
mol_6493	train
mol_6494	val
mol_6495	train
mol_6496	train
mol_6497	train
mol_6498	train
mol_6499	train
mol_6500	val
mol_6501	train
mol_6502	train
mol_6503	train
mol_6504	train
mol_6505	val
mol_6506	train
mol_6507	val
mol_6508	train
mol_6509	train
mol_6510	test
mol_6511	train
mol_6512	val
mol_6513	train
mol_6514	train
mol_6515	val
mol_6516	train
mol_6517	train
mol_6518	val
mol_6519	test
mol_6520	train
mol_6521	train
mol_6522	test
mol_6523	train
mol_6524	train
mol_6525	train
mol_6526	train
mol_6527	train
mol_6528	test
mol_6529	test
mol_6530	train
mol_6531	val
mol_6532	train
mol_6533	train
mol_6534	train
mol_6535	train
mol_6536	val
mol_6537	val
mol_6538	train
mol_6539	train
mol_6540	train
mol_6541	test
mol_6542	train
mol_6543	val
mol_6544	train
mol_6545	train
mol_6546	train
mol_6547	train
mol_6548	train
mol_6549	train
mol_6550	train
mol_6551	train
mol_6552	train
mol_6553	val
mol_6554	test
mol_6555	val
mol_6556	train
mol_6557	train
mol_6558	train
mol_6559	train
mol_6560	train
mol_6561	train
mol_6562	train
mol_6563	val
mol_6564	val
mol_6565	val
mol_6566	test
mol_6567	train
mol_6568	train
mol_6569	train
mol_6570	train
mol_6571	train
mol_6572	val
mol_6573	train
mol_6574	train
mol_6575	val
mol_6576	train
mol_6577	val
mol_6578	train
mol_6579	train
mol_6580	train
mol_6581	train
mol_6582	test
mol_6583	train
mol_6584	val
mol_6585	train
mol_6586	test
mol_6587	train
mol_6588	train
mol_6589	train
mol_6590	train
mol_6591	train
mol_6592	train
mol_6593	train
mol_6594	train
mol_6595	train
mol_6596	train
mol_6597	train
mol_6598	val
mol_6599	train
mol_6600	train
mol_6601	train
mol_6602	val
mol_6603	train
mol_6604	train
mol_6605	train
mol_6606	train
mol_6607	val
mol_6608	train
mol_6609	val
mol_6610	train
mol_6611	train
mol_6612	train
mol_6613	train
mol_6614	train
mol_6615	train
mol_6616	train
mol_6617	train
mol_6618	train
mol_6619	test
mol_6620	train
mol_6621	train
mol_6622	train
mol_6623	train
mol_6624	val
mol_6625	train
mol_6626	train
mol_6627	train
mol_6628	val
mol_6629	train
mol_6630	train
mol_6631	train
mol_6632	train
mol_6633	train
mol_6634	train
mol_6635	train
mol_6636	train
mol_6637	test
mol_6638	train
mol_6639	val
mol_6640	train
mol_6641	train
mol_6642	test
mol_6643	train
mol_6644	train
mol_6645	test
mol_6646	train
mol_6647	test
mol_6648	test
mol_6649	train
mol_6650	train
mol_6651	train
mol_6652	train
mol_6653	train
mol_6654	train
mol_6655	val
mol_6656	train
mol_6657	train
mol_6658	train
mol_6659	train
mol_6660	train
mol_6661	test
mol_6662	train
mol_6663	val
mol_6664	train
mol_6665	train
mol_6666	train
mol_6667	train
mol_6668	train
mol_6669	train
mol_6670	val
mol_6671	train
mol_6672	train
mol_6673	train
mol_6674	train
mol_6675	train
mol_6676	train
mol_6677	test
mol_6678	train
mol_6679	train
mol_6680	val
mol_6681	val
mol_6682	val
mol_6683	train
mol_6684	train
mol_6685	train
mol_6686	train
mol_6687	train
mol_6688	train
mol_6689	train
mol_6690	val
mol_6691	val
mol_6692	test
mol_6693	train
mol_6694	train
mol_6695	train
mol_6696	val
mol_6697	train
mol_6698	train
mol_6699	train
mol_6700	train
mol_6701	train
mol_6702	train
mol_6703	train
mol_6704	train
mol_6705	train
mol_6706	train
mol_6707	val
mol_6708	train
mol_6709	train
mol_6710	val
mol_6711	train
mol_6712	train
mol_6713	val
mol_6714	val
mol_6715	train
mol_6716	val
mol_6717	train
mol_6718	val
mol_6719	val
mol_6720	train
mol_6721	train
mol_6722	train
mol_6723	train
mol_6724	train
mol_6725	train
mol_6726	train
mol_6727	train
mol_6728	train
mol_6729	val
mol_6730	train
mol_6731	train
mol_6732	test
mol_6733	test
mol_6734	train
mol_6735	val
mol_6736	train
mol_6737	val
mol_6738	train
mol_6739	train
mol_6740	train
mol_6741	train
mol_6742	train
mol_6743	train
mol_6744	train
mol_6745	val
mol_6746	val
mol_6747	val
mol_6748	test
mol_6749	val
mol_6750	train
mol_6751	train
mol_6752	test
mol_6753	train
mol_6754	train
mol_6755	train
mol_6756	train
mol_6757	train
mol_6758	train
mol_6759	train
mol_6760	train
mol_6761	train
mol_6762	val
mol_6763	train
mol_6764	val
mol_6765	train
mol_6766	train
mol_6767	test
mol_6768	train
mol_6769	train
mol_6770	train
mol_6771	train
mol_6772	test
mol_6773	val
mol_6774	train
mol_6775	test
mol_6776	train
mol_6777	train
mol_6778	val
mol_6779	val
mol_6780	train
mol_6781	val
mol_6782	train
mol_6783	train
mol_6784	train
mol_6785	val
mol_6786	train
mol_6787	train
mol_6788	test
mol_6789	train
mol_6790	train
mol_6791	train
mol_6792	train
mol_6793	val
mol_6794	train
mol_6795	train
mol_6796	val
mol_6797	val
mol_6798	val
mol_6799	train
mol_6800	test
mol_6801	val
mol_6802	train
mol_6803	train
mol_6804	train
mol_6805	train
mol_6806	val
mol_6807	train
mol_6808	train
mol_6809	train
mol_6810	train
mol_6811	train
mol_6812	val
mol_6813	val
mol_6814	train
mol_6815	train
mol_6816	train
mol_6817	train
mol_6818	train
mol_6819	train
mol_6820	train
mol_6821	val
mol_6822	train
mol_6823	val
mol_6824	val
mol_6825	train
mol_6826	train
mol_6827	train
mol_6828	train
mol_6829	test
mol_6830	train
mol_6831	val
mol_6832	train
mol_6833	train
mol_6834	train
mol_6835	train
mol_6836	train
mol_6837	val
mol_6838	train
mol_6839	val
mol_6840	train
mol_6841	test
mol_6842	train
mol_6843	train
mol_6844	train
mol_6845	train
mol_6846	train
mol_6847	train
mol_6848	val
mol_6849	test
mol_6850	val
mol_6851	train
mol_6852	train
mol_6853	train
mol_6854	train
mol_6855	train
mol_6856	val
mol_6857	val
mol_6858	train
mol_6859	train
mol_6860	train
mol_6861	val
mol_6862	test
mol_6863	train
mol_6864	train
mol_6865	train
mol_6866	test
mol_6867	val
mol_6868	train
mol_6869	val
mol_6870	train
mol_6871	val
mol_6872	test
mol_6873	train
mol_6874	val
mol_6875	train
mol_6876	test
mol_6877	train
mol_6878	train
mol_6879	val
mol_6880	train
mol_6881	train
mol_6882	val
mol_6883	val
mol_6884	train
mol_6885	val
mol_6886	train
mol_6887	train
mol_6888	val
mol_6889	val
mol_6890	val
mol_6891	val
mol_6892	train
mol_6893	train
mol_6894	train
mol_6895	train
mol_6896	train
mol_6897	train
mol_6898	train
mol_6899	train
mol_6900	val
mol_6901	val
mol_6902	val
mol_6903	train
mol_6904	train
mol_6905	train
mol_6906	val
mol_6907	val
mol_6908	train
mol_6909	test
mol_6910	train
mol_6911	train
mol_6912	val
mol_6913	train
mol_6914	train
mol_6915	train
mol_6916	train
mol_6917	train
mol_6918	train
mol_6919	train
mol_6920	train
mol_6921	train
mol_6922	train
mol_6923	val
mol_6924	train
mol_6925	train
mol_6926	train
mol_6927	test
mol_6928	test
mol_6929	train
mol_6930	test
mol_6931	train
mol_6932	train
mol_6933	test
mol_6934	train
mol_6935	train
mol_6936	train
mol_6937	train
mol_6938	train
mol_6939	train
mol_6940	train
mol_6941	train
mol_6942	val
mol_6943	train
mol_6944	train
mol_6945	train
mol_6946	val
mol_6947	val
mol_6948	val
mol_6949	val
mol_6950	train
mol_6951	train
mol_6952	train
mol_6953	train
mol_6954	train
mol_6955	train
mol_6956	train
mol_6957	val
mol_6958	train
mol_6959	test
mol_6960	train
mol_6961	train
mol_6962	train
mol_6963	train
mol_6964	train
mol_6965	train
mol_6966	train
mol_6967	val
mol_6968	train
mol_6969	test
mol_6970	train
mol_6971	train
mol_6972	train
mol_6973	train
mol_6974	train
mol_6975	train
mol_6976	train
mol_6977	train
mol_6978	train
mol_6979	train
mol_6980	train
mol_6981	train
mol_6982	val
mol_6983	train
mol_6984	train
mol_6985	val
mol_6986	test
mol_6987	val
mol_6988	val
mol_6989	train
mol_6990	train
mol_6991	train
mol_6992	train
mol_6993	train
mol_6994	train
mol_6995	train
mol_6996	train
mol_6997	train
mol_6998	train
mol_6999	test
mol_7000	train
mol_7001	test
mol_7002	val
mol_7003	train
mol_7004	train
mol_7005	val
mol_7006	val
mol_7007	val
mol_7008	train
mol_7009	train
mol_7010	train
mol_7011	train
mol_7012	val
mol_7013	train
mol_7014	train
mol_7015	test
mol_7016	val
mol_7017	train
mol_7018	train
mol_7019	val
mol_7020	train
mol_7021	train
mol_7022	train
mol_7023	test
mol_7024	train
mol_7025	val
mol_7026	val
mol_7027	train
mol_7028	train
mol_7029	train
mol_7030	val
mol_7031	train
mol_7032	val
mol_7033	test
mol_7034	train
mol_7035	train
mol_7036	train
mol_7037	train
mol_7038	train
mol_7039	train
mol_7040	train
mol_7041	train
mol_7042	train
mol_7043	train
mol_7044	train
mol_7045	train
mol_7046	train
mol_7047	test
mol_7048	train
mol_7049	train
mol_7050	val
mol_7051	train
mol_7052	train
mol_7053	train
mol_7054	val
mol_7055	train
mol_7056	val
mol_7057	val
mol_7058	val
mol_7059	train
mol_7060	train
mol_7061	train
mol_7062	train
mol_7063	train
mol_7064	train
mol_7065	train
mol_7066	train
mol_7067	train
mol_7068	train
mol_7069	train
mol_7070	train
mol_7071	train
mol_7072	test
mol_7073	test
mol_7074	train
mol_7075	train
mol_7076	train
mol_7077	train
mol_7078	train
mol_7079	test
mol_7080	train
mol_7081	train
mol_7082	train
mol_7083	test
mol_7084	train
mol_7085	val
mol_7086	train
mol_7087	train
mol_7088	train
mol_7089	train
mol_7090	train
mol_7091	train
mol_7092	test
mol_7093	test
mol_7094	train
mol_7095	test
mol_7096	train
mol_7097	test
mol_7098	train
mol_7099	train
mol_7100	train
mol_7101	train
mol_7102	train
mol_7103	train
mol_7104	train
mol_7105	train
mol_7106	train
mol_7107	train
mol_7108	train
mol_7109	train
mol_7110	train
mol_7111	test
mol_7112	train
mol_7113	test
mol_7114	train
mol_7115	train
mol_7116	train
mol_7117	train
mol_7118	train
mol_7119	train
mol_7120	train
mol_7121	train
mol_7122	train
mol_7123	train
mol_7124	test
mol_7125	val
mol_7126	train
mol_7127	train
mol_7128	train
mol_7129	train
mol_7130	train
mol_7131	val
mol_7132	train
mol_7133	train
mol_7134	val
mol_7135	train
mol_7136	train
mol_7137	train
mol_7138	train
mol_7139	train
mol_7140	train
mol_7141	train
mol_7142	test
mol_7143	train
mol_7144	train
mol_7145	train
mol_7146	train
mol_7147	train
mol_7148	train
mol_7149	val
mol_7150	test
mol_7151	train
mol_7152	train
mol_7153	val
mol_7154	train
mol_7155	val
mol_7156	train
mol_7157	train
mol_7158	train
mol_7159	train
mol_7160	train
mol_7161	train
mol_7162	train
mol_7163	train
mol_7164	train
mol_7165	val
mol_7166	train
mol_7167	train
mol_7168	train
mol_7169	train
mol_7170	train
mol_7171	train
mol_7172	val
mol_7173	train
mol_7174	test
mol_7175	train
mol_7176	val
mol_7177	val
mol_7178	train
mol_7179	train
mol_7180	train
mol_7181	train
mol_7182	train
mol_7183	train
mol_7184	train
mol_7185	train
mol_7186	val
mol_7187	train
mol_7188	val
mol_7189	val
mol_7190	train
mol_7191	test
mol_7192	train
mol_7193	val
mol_7194	train
mol_7195	train
mol_7196	train
mol_7197	train
mol_7198	val
mol_7199	train
mol_7200	train
mol_7201	train
mol_7202	train
mol_7203	test
mol_7204	train
mol_7205	train
mol_7206	train
mol_7207	val
mol_7208	train
mol_7209	test
mol_7210	train
mol_7211	train
mol_7212	train
mol_7213	train
mol_7214	train
mol_7215	train
mol_7216	train
mol_7217	train
mol_7218	train
mol_7219	train
mol_7220	val
mol_7221	train
mol_7222	train
mol_7223	train
mol_7224	train
mol_7225	train
mol_7226	train
mol_7227	train
mol_7228	train
mol_7229	train
mol_7230	train
mol_7231	train
mol_7232	train
mol_7233	val
mol_7234	test
mol_7235	test
mol_7236	train
mol_7237	train
mol_7238	val
mol_7239	train
mol_7240	val
mol_7241	train
mol_7242	val
mol_7243	train
mol_7244	train
mol_7245	train
mol_7246	val
mol_7247	train
mol_7248	train
mol_7249	val
mol_7250	train
mol_7251	train
mol_7252	train
mol_7253	train
mol_7254	train
mol_7255	train
mol_7256	train
mol_7257	train
mol_7258	train
mol_7259	val
mol_7260	train
mol_7261	train
mol_7262	train
mol_7263	train
mol_7264	train
mol_7265	train
mol_7266	train
mol_7267	val
mol_7268	val
mol_7269	val
mol_7270	train
mol_7271	val
mol_7272	train
mol_7273	train
mol_7274	train
mol_7275	test
mol_7276	train
mol_7277	train
mol_7278	train
mol_7279	train
mol_7280	val
mol_7281	test
mol_7282	val
mol_7283	train
mol_7284	train
mol_7285	train
mol_7286	train
mol_7287	val
mol_7288	test
mol_7289	train
mol_7290	train
mol_7291	val
mol_7292	train
mol_7293	train
mol_7294	val
mol_7295	train
mol_7296	train
mol_7297	train
mol_7298	val
mol_7299	val
mol_7300	train
mol_7301	train
mol_7302	train
mol_7303	train
mol_7304	val
mol_7305	train
mol_7306	train
mol_7307	val
mol_7308	train
mol_7309	train
mol_7310	train
mol_7311	train
mol_7312	train
mol_7313	train
mol_7314	train
mol_7315	train
mol_7316	train
mol_7317	train
mol_7318	test
mol_7319	train
mol_7320	train
mol_7321	train
mol_7322	train
mol_7323	train
mol_7324	train
mol_7325	val
mol_7326	val
mol_7327	train
mol_7328	train
mol_7329	train
mol_7330	train
mol_7331	train
mol_7332	test
mol_7333	train
mol_7334	train
mol_7335	train
mol_7336	train
mol_7337	test
mol_7338	train
mol_7339	val
mol_7340	train
mol_7341	train
mol_7342	train
mol_7343	train
mol_7344	train
mol_7345	train
mol_7346	train
mol_7347	train
mol_7348	train
mol_7349	train
mol_7350	test
mol_7351	test
mol_7352	train
mol_7353	train
mol_7354	train
mol_7355	train
mol_7356	train
mol_7357	train
mol_7358	train
mol_7359	train
mol_7360	val
mol_7361	train
mol_7362	train
mol_7363	train
mol_7364	val
mol_7365	train
mol_7366	train
mol_7367	val
mol_7368	train
mol_7369	train
mol_7370	train
mol_7371	train
mol_7372	train
mol_7373	test
mol_7374	train
mol_7375	train
mol_7376	val
mol_7377	train
mol_7378	val
mol_7379	train
mol_7380	train
mol_7381	train
mol_7382	train
mol_7383	train
mol_7384	train
mol_7385	train
mol_7386	train
mol_7387	train
mol_7388	train
mol_7389	val
mol_7390	train
mol_7391	val
mol_7392	train
mol_7393	val
mol_7394	val
mol_7395	train
mol_7396	train
mol_7397	train
mol_7398	val
mol_7399	train
mol_7400	val
mol_7401	val
mol_7402	val
mol_7403	val
mol_7404	train
mol_7405	train
mol_7406	train
mol_7407	val
mol_7408	test
mol_7409	val
mol_7410	train
mol_7411	val
mol_7412	val
mol_7413	val
mol_7414	val
mol_7415	train
mol_7416	train
mol_7417	train
mol_7418	train
mol_7419	train
mol_7420	val
mol_7421	train
mol_7422	train
mol_7423	test
mol_7424	train
mol_7425	train
mol_7426	train
mol_7427	test
mol_7428	train
mol_7429	train
mol_7430	train
mol_7431	train
mol_7432	train
mol_7433	train
mol_7434	train
mol_7435	val
mol_7436	train
mol_7437	train
mol_7438	val
mol_7439	test
mol_7440	test
mol_7441	train
mol_7442	val
mol_7443	train
mol_7444	train
mol_7445	train
mol_7446	train
mol_7447	val
mol_7448	train
mol_7449	test
mol_7450	train
mol_7451	train
mol_7452	train
mol_7453	train
mol_7454	train
mol_7455	train
mol_7456	train
mol_7457	train
mol_7458	train
mol_7459	train
mol_7460	train
mol_7461	train
mol_7462	train
mol_7463	val
mol_7464	train
mol_7465	val
mol_7466	train
mol_7467	train
mol_7468	train
mol_7469	train
mol_7470	train
mol_7471	val
mol_7472	test
mol_7473	train
mol_7474	test
mol_7475	train
mol_7476	train
mol_7477	train
mol_7478	train
mol_7479	train
mol_7480	train
mol_7481	train
mol_7482	val
mol_7483	train
mol_7484	val
mol_7485	test
mol_7486	train
mol_7487	train
mol_7488	train
mol_7489	test
mol_7490	test
mol_7491	train
mol_7492	train
mol_7493	train
mol_7494	train
mol_7495	test
mol_7496	val
mol_7497	val
mol_7498	train
mol_7499	train
mol_7500	val
mol_7501	train
mol_7502	val
mol_7503	val
mol_7504	train
mol_7505	train
mol_7506	val
mol_7507	train
mol_7508	test
mol_7509	train
mol_7510	train
mol_7511	train
mol_7512	train
mol_7513	val
mol_7514	train
mol_7515	train
mol_7516	train
mol_7517	test
mol_7518	train
mol_7519	test
mol_7520	train
mol_7521	val
mol_7522	test
mol_7523	train
mol_7524	val
mol_7525	val
mol_7526	train
mol_7527	val
mol_7528	train
mol_7529	train
mol_7530	train
mol_7531	train
mol_7532	train
mol_7533	train
mol_7534	val
mol_7535	train
mol_7536	train
mol_7537	train
mol_7538	train
mol_7539	val
mol_7540	train
mol_7541	val
mol_7542	val
mol_7543	train
mol_7544	train
mol_7545	train
mol_7546	train
mol_7547	val
mol_7548	train
mol_7549	train
mol_7550	train
mol_7551	test
mol_7552	val
mol_7553	train
mol_7554	train
mol_7555	train
mol_7556	train
mol_7557	train
mol_7558	train
mol_7559	train
mol_7560	train
mol_7561	train
mol_7562	train
mol_7563	train
mol_7564	train
mol_7565	train
mol_7566	train
mol_7567	train
mol_7568	train
mol_7569	test
mol_7570	train
mol_7571	val
mol_7572	val
mol_7573	val
mol_7574	train
mol_7575	val
mol_7576	train
mol_7577	test
mol_7578	test
mol_7579	val
mol_7580	train
mol_7581	train
mol_7582	val
mol_7583	val
mol_7584	train
mol_7585	test
mol_7586	train
mol_7587	val
mol_7588	train
mol_7589	val
mol_7590	test
mol_7591	train
mol_7592	train
mol_7593	train
mol_7594	train
mol_7595	val
mol_7596	train
mol_7597	train
mol_7598	train
mol_7599	train
mol_7600	train
mol_7601	val
mol_7602	train
mol_7603	train
mol_7604	test
mol_7605	train
mol_7606	train
mol_7607	train
mol_7608	train
mol_7609	test
mol_7610	test
mol_7611	train
mol_7612	train
mol_7613	train
mol_7614	train
mol_7615	train
mol_7616	val
mol_7617	train
mol_7618	train
mol_7619	train
mol_7620	train
mol_7621	train
mol_7622	train
mol_7623	train
mol_7624	train
mol_7625	train
mol_7626	val
mol_7627	test
mol_7628	train
mol_7629	test
mol_7630	test
mol_7631	val
mol_7632	train
mol_7633	train
mol_7634	train
mol_7635	train
mol_7636	train
mol_7637	train
mol_7638	train
mol_7639	train
mol_7640	test
mol_7641	train
mol_7642	train
mol_7643	test
mol_7644	val
mol_7645	train
mol_7646	train
mol_7647	test
mol_7648	val
mol_7649	train
mol_7650	train
mol_7651	train
mol_7652	val
mol_7653	test
mol_7654	test
mol_7655	train
mol_7656	train
mol_7657	train
mol_7658	train
mol_7659	train
mol_7660	val
mol_7661	train
mol_7662	val
mol_7663	train
mol_7664	train
mol_7665	train
mol_7666	train
mol_7667	val
mol_7668	val
mol_7669	train
mol_7670	test
mol_7671	train
mol_7672	val
mol_7673	val
mol_7674	val
mol_7675	train
mol_7676	train
mol_7677	train
mol_7678	train
mol_7679	test
mol_7680	train
mol_7681	val
mol_7682	val
mol_7683	val
mol_7684	train
mol_7685	val
mol_7686	train
mol_7687	test
mol_7688	train
mol_7689	train
mol_7690	train
mol_7691	train
mol_7692	train
mol_7693	test
mol_7694	val
mol_7695	train
mol_7696	test
mol_7697	test
mol_7698	train
mol_7699	train
mol_7700	val
mol_7701	train
mol_7702	train
mol_7703	train
mol_7704	val
mol_7705	val
mol_7706	train
mol_7707	val
mol_7708	test
mol_7709	test
mol_7710	val
mol_7711	train
mol_7712	val
mol_7713	train
mol_7714	train
mol_7715	train
mol_7716	test
mol_7717	train
mol_7718	val
mol_7719	train
mol_7720	train
mol_7721	val
mol_7722	train
mol_7723	train
mol_7724	train
mol_7725	train
mol_7726	train
mol_7727	train
mol_7728	train
mol_7729	val
mol_7730	train
mol_7731	train
mol_7732	val
mol_7733	train
mol_7734	train
mol_7735	train
mol_7736	train
mol_7737	train
mol_7738	train
mol_7739	train
mol_7740	train
mol_7741	val
mol_7742	val
mol_7743	train
mol_7744	train
mol_7745	train
mol_7746	train
mol_7747	val
mol_7748	train
mol_7749	train
mol_7750	train
mol_7751	train
mol_7752	val
mol_7753	train
mol_7754	train
mol_7755	train
mol_7756	test
mol_7757	train
mol_7758	train
mol_7759	train
mol_7760	train
mol_7761	train
mol_7762	train
mol_7763	train
mol_7764	train
mol_7765	train
mol_7766	val
mol_7767	val
mol_7768	train
mol_7769	train
mol_7770	train
mol_7771	train
mol_7772	train
mol_7773	train
mol_7774	train
mol_7775	train
mol_7776	train
mol_7777	val
mol_7778	train
mol_7779	train
mol_7780	val
mol_7781	test
mol_7782	train
mol_7783	train
mol_7784	train
mol_7785	train
mol_7786	train
mol_7787	val
mol_7788	train
mol_7789	train
mol_7790	train
mol_7791	train
mol_7792	train
mol_7793	train
mol_7794	train
mol_7795	train
mol_7796	train
mol_7797	train
mol_7798	train
mol_7799	train
mol_7800	test
mol_7801	train
mol_7802	train
mol_7803	train
mol_7804	train
mol_7805	train
mol_7806	train
mol_7807	train
mol_7808	train
mol_7809	train
mol_7810	test
mol_7811	val
mol_7812	test
mol_7813	train
mol_7814	train
mol_7815	train
mol_7816	val
mol_7817	train
mol_7818	train
mol_7819	train
mol_7820	train
mol_7821	val
mol_7822	train
mol_7823	train
mol_7824	val
mol_7825	train
mol_7826	train
mol_7827	train
mol_7828	train
mol_7829	val
mol_7830	train
mol_7831	train
mol_7832	train
mol_7833	val
mol_7834	train
mol_7835	test
mol_7836	val
mol_7837	train
mol_7838	train
mol_7839	val
mol_7840	train
mol_7841	train
mol_7842	train
mol_7843	val
mol_7844	train
mol_7845	val
mol_7846	train
mol_7847	test
mol_7848	train
mol_7849	train
mol_7850	test
mol_7851	test
mol_7852	test
mol_7853	train
mol_7854	val
mol_7855	train
mol_7856	train
mol_7857	val
mol_7858	test
mol_7859	train
mol_7860	test
mol_7861	train
mol_7862	train
mol_7863	train
mol_7864	train
mol_7865	train
mol_7866	val
mol_7867	train
mol_7868	train
mol_7869	train
mol_7870	val
mol_7871	val
mol_7872	train
mol_7873	train
mol_7874	train
mol_7875	train
mol_7876	val
mol_7877	train
mol_7878	train
mol_7879	test
mol_7880	val
mol_7881	train
mol_7882	val
mol_7883	train
mol_7884	val
mol_7885	train
mol_7886	train
mol_7887	val
mol_7888	train
mol_7889	train
mol_7890	train
mol_7891	train
mol_7892	train
mol_7893	train
mol_7894	train
mol_7895	train
mol_7896	val
mol_7897	val
mol_7898	train
mol_7899	test
mol_7900	val
mol_7901	train
mol_7902	train
mol_7903	train
mol_7904	train
mol_7905	train
mol_7906	test
mol_7907	train
mol_7908	train
mol_7909	train
mol_7910	train
mol_7911	val
mol_7912	train
mol_7913	train
mol_7914	train
mol_7915	train
mol_7916	val
mol_7917	val
mol_7918	train
mol_7919	val
mol_7920	train
mol_7921	train
mol_7922	val
mol_7923	train
mol_7924	train
mol_7925	val
mol_7926	train
mol_7927	test
mol_7928	train
mol_7929	train
mol_7930	train
mol_7931	val
mol_7932	train
mol_7933	val
mol_7934	train
mol_7935	train
mol_7936	train
mol_7937	train
mol_7938	train
mol_7939	val
mol_7940	train
mol_7941	train
mol_7942	train
mol_7943	val
mol_7944	train
mol_7945	train
mol_7946	val
mol_7947	train
mol_7948	train
mol_7949	train
mol_7950	val
mol_7951	train
mol_7952	train
mol_7953	train
mol_7954	train
mol_7955	val
mol_7956	train
mol_7957	train
mol_7958	test
mol_7959	train
mol_7960	train
mol_7961	val
mol_7962	train
mol_7963	train
mol_7964	train
mol_7965	train
mol_7966	train
mol_7967	train
mol_7968	val
mol_7969	train
mol_7970	val
mol_7971	train
mol_7972	train
mol_7973	train
mol_7974	train
mol_7975	train
mol_7976	train
mol_7977	train
mol_7978	train
mol_7979	train
mol_7980	train
mol_7981	val
mol_7982	val
mol_7983	train
mol_7984	train
mol_7985	train
mol_7986	train
mol_7987	train
mol_7988	train
mol_7989	train
mol_7990	train
mol_7991	train
mol_7992	train
mol_7993	train
mol_7994	train
mol_7995	train
mol_7996	val
mol_7997	train
mol_7998	train
mol_7999	val
mol_8000	val
mol_8001	train
mol_8002	train
mol_8003	train
mol_8004	train
mol_8005	train
mol_8006	train
mol_8007	train
mol_8008	train
mol_8009	test
mol_8010	train
mol_8011	test
mol_8012	train
mol_8013	val
mol_8014	train
mol_8015	train
mol_8016	train
mol_8017	train
mol_8018	train
mol_8019	train
mol_8020	val
mol_8021	train
mol_8022	train
mol_8023	val
mol_8024	train
mol_8025	val
mol_8026	train
mol_8027	train
mol_8028	train
mol_8029	train
mol_8030	train
mol_8031	test
mol_8032	val
mol_8033	train
mol_8034	train
mol_8035	train
mol_8036	train
mol_8037	train
mol_8038	val
mol_8039	test
mol_8040	train
mol_8041	train
mol_8042	val
mol_8043	train
mol_8044	test
mol_8045	train
mol_8046	val
mol_8047	test
mol_8048	train
mol_8049	train
mol_8050	val
mol_8051	train
mol_8052	train
mol_8053	train
mol_8054	train
mol_8055	train
mol_8056	train
mol_8057	train
mol_8058	train
mol_8059	train
mol_8060	train
mol_8061	train
mol_8062	train
mol_8063	train
mol_8064	val
mol_8065	train
mol_8066	val
mol_8067	train
mol_8068	train
mol_8069	train
mol_8070	test
mol_8071	train
mol_8072	val
mol_8073	val
mol_8074	train
mol_8075	train
mol_8076	train
mol_8077	train
mol_8078	train
mol_8079	train
mol_8080	train
mol_8081	val
mol_8082	train
mol_8083	train
mol_8084	train
mol_8085	train
mol_8086	train
mol_8087	train
mol_8088	train
mol_8089	train
mol_8090	train
mol_8091	val
mol_8092	train
mol_8093	train
mol_8094	test
mol_8095	train
mol_8096	train
mol_8097	train
mol_8098	train
mol_8099	train
mol_8100	train
mol_8101	train
mol_8102	train
mol_8103	train
mol_8104	test
mol_8105	train
mol_8106	train
mol_8107	train
mol_8108	train
mol_8109	train
mol_8110	val
mol_8111	train
mol_8112	train
mol_8113	train
mol_8114	val
mol_8115	train
mol_8116	train
mol_8117	train
mol_8118	train
mol_8119	test
mol_8120	train
mol_8121	train
mol_8122	train
mol_8123	train
mol_8124	train
mol_8125	train
mol_8126	val
mol_8127	train
mol_8128	train
mol_8129	train
mol_8130	train
mol_8131	train
mol_8132	train
mol_8133	test
mol_8134	val
mol_8135	train
mol_8136	train
mol_8137	val
mol_8138	train
mol_8139	train
mol_8140	train
mol_8141	train
mol_8142	train
mol_8143	val
mol_8144	train
mol_8145	train
mol_8146	train
mol_8147	val
mol_8148	train
mol_8149	train
mol_8150	train
mol_8151	train
mol_8152	train
mol_8153	train
mol_8154	train
mol_8155	val
mol_8156	train
mol_8157	val
mol_8158	train
mol_8159	train
mol_8160	train
mol_8161	train
mol_8162	val
mol_8163	test
mol_8164	train
mol_8165	train
mol_8166	train
mol_8167	val
mol_8168	train
mol_8169	train
mol_8170	train
mol_8171	train
mol_8172	train
mol_8173	train
mol_8174	train
mol_8175	train
mol_8176	train
mol_8177	val
mol_8178	train
mol_8179	val
mol_8180	val
mol_8181	train
mol_8182	train
mol_8183	val
mol_8184	test
mol_8185	val
mol_8186	val
mol_8187	test
mol_8188	train
mol_8189	train
mol_8190	train
mol_8191	test
mol_8192	train
mol_8193	train
mol_8194	train
mol_8195	train
mol_8196	val
mol_8197	train
mol_8198	train
mol_8199	test
mol_8200	train
mol_8201	val
mol_8202	train
mol_8203	train
mol_8204	train
mol_8205	train
mol_8206	val
mol_8207	train
mol_8208	test
mol_8209	train
mol_8210	train
mol_8211	train
mol_8212	val
mol_8213	train
mol_8214	val
mol_8215	train
mol_8216	val
mol_8217	train
mol_8218	train
mol_8219	train
mol_8220	val
mol_8221	test
mol_8222	train
mol_8223	val
mol_8224	test
mol_8225	train
mol_8226	val
mol_8227	test
mol_8228	train
mol_8229	train
mol_8230	test
mol_8231	train
mol_8232	val
mol_8233	train
mol_8234	val
mol_8235	train
mol_8236	train
mol_8237	train
mol_8238	train
mol_8239	train
mol_8240	train
mol_8241	train
mol_8242	train
mol_8243	train
mol_8244	test
mol_8245	train
mol_8246	train
mol_8247	train
mol_8248	train
mol_8249	train
mol_8250	train
mol_8251	train
mol_8252	train
mol_8253	train
mol_8254	train
mol_8255	train
mol_8256	train
mol_8257	val
mol_8258	val
mol_8259	train
mol_8260	test
mol_8261	val
mol_8262	train
mol_8263	train
mol_8264	val
mol_8265	val
mol_8266	test
mol_8267	train
mol_8268	train
mol_8269	train
mol_8270	train
mol_8271	test
mol_8272	train
mol_8273	train
mol_8274	train
mol_8275	train
mol_8276	train
mol_8277	train
mol_8278	val
mol_8279	train
mol_8280	train
mol_8281	train
mol_8282	train
mol_8283	train
mol_8284	val
mol_8285	train
mol_8286	val
mol_8287	train
mol_8288	val
mol_8289	train
mol_8290	train
mol_8291	train
mol_8292	train
mol_8293	test
mol_8294	train
mol_8295	train
mol_8296	train
mol_8297	train
mol_8298	test
mol_8299	train
mol_8300	train
mol_8301	train
mol_8302	train
mol_8303	val
mol_8304	val
mol_8305	train
mol_8306	train
mol_8307	val
mol_8308	train
mol_8309	val
mol_8310	val
mol_8311	val
mol_8312	train
mol_8313	train
mol_8314	val
mol_8315	test
mol_8316	train
mol_8317	val
mol_8318	train
mol_8319	val
mol_8320	train
mol_8321	train
mol_8322	train
mol_8323	train
mol_8324	train
mol_8325	test
mol_8326	train
mol_8327	train
mol_8328	train
mol_8329	train
mol_8330	train
mol_8331	train
mol_8332	train
mol_8333	val
mol_8334	train
mol_8335	train
mol_8336	train
mol_8337	test
mol_8338	train
mol_8339	val
mol_8340	val
mol_8341	train
mol_8342	train
mol_8343	train
mol_8344	test
mol_8345	train
mol_8346	val
mol_8347	val
mol_8348	train
mol_8349	train
mol_8350	val
mol_8351	val
mol_8352	train
mol_8353	val
mol_8354	val
mol_8355	train
mol_8356	train
mol_8357	test
mol_8358	val
mol_8359	train
mol_8360	train
mol_8361	train
mol_8362	val
mol_8363	train
mol_8364	train
mol_8365	train
mol_8366	train
mol_8367	train
mol_8368	train
mol_8369	val
mol_8370	train
mol_8371	test
mol_8372	train
mol_8373	train
mol_8374	val
mol_8375	train
mol_8376	train
mol_8377	test
mol_8378	train
mol_8379	train
mol_8380	train
mol_8381	train
mol_8382	train
mol_8383	test
mol_8384	train
mol_8385	train
mol_8386	train
mol_8387	train
mol_8388	train
mol_8389	test
mol_8390	train
mol_8391	train
mol_8392	val
mol_8393	train
mol_8394	test
mol_8395	train
mol_8396	val
mol_8397	train
mol_8398	train
mol_8399	train
mol_8400	train
mol_8401	val
mol_8402	train
mol_8403	test
mol_8404	val
mol_8405	train
mol_8406	train
mol_8407	val
mol_8408	train
mol_8409	train
mol_8410	train
mol_8411	train
mol_8412	val
mol_8413	train
mol_8414	val
mol_8415	val
mol_8416	train
mol_8417	val
mol_8418	train
mol_8419	val
mol_8420	train
mol_8421	test
mol_8422	val
mol_8423	train
mol_8424	train
mol_8425	train
mol_8426	val
mol_8427	val
mol_8428	train
mol_8429	train
mol_8430	train
mol_8431	train
mol_8432	train
mol_8433	train
mol_8434	val
mol_8435	val
mol_8436	train
mol_8437	val
mol_8438	val
mol_8439	train
mol_8440	train
mol_8441	train
mol_8442	train
mol_8443	train
mol_8444	train
mol_8445	test
mol_8446	train
mol_8447	train
mol_8448	train
mol_8449	train
mol_8450	val
mol_8451	train
mol_8452	train
mol_8453	test
mol_8454	train
mol_8455	train
mol_8456	train
mol_8457	train
mol_8458	test
mol_8459	train
mol_8460	train
mol_8461	train
mol_8462	train
mol_8463	val
mol_8464	train
mol_8465	val
mol_8466	train
mol_8467	test
mol_8468	train
mol_8469	train
mol_8470	test
mol_8471	train
mol_8472	train
mol_8473	train
mol_8474	train
mol_8475	val
mol_8476	train
mol_8477	val
mol_8478	train
mol_8479	train
mol_8480	train
mol_8481	train
mol_8482	test
mol_8483	val
mol_8484	train
mol_8485	train
mol_8486	test
mol_8487	train
mol_8488	train
mol_8489	train
mol_8490	train
mol_8491	test
mol_8492	train
mol_8493	train
mol_8494	train
mol_8495	val
mol_8496	test
mol_8497	val
mol_8498	train
mol_8499	test
mol_8500	test
mol_8501	val
mol_8502	test
mol_8503	train
mol_8504	val
mol_8505	train
mol_8506	train
mol_8507	train
mol_8508	train
mol_8509	train
mol_8510	test
mol_8511	train
mol_8512	train
mol_8513	val
mol_8514	test
mol_8515	train
mol_8516	val
mol_8517	train
mol_8518	train
mol_8519	train
mol_8520	val
mol_8521	train
mol_8522	train
mol_8523	train
mol_8524	test
mol_8525	test
mol_8526	train
mol_8527	train
mol_8528	val
mol_8529	val
mol_8530	train
mol_8531	test
mol_8532	train
mol_8533	train
mol_8534	train
mol_8535	train
mol_8536	train
mol_8537	train
mol_8538	train
mol_8539	train
mol_8540	val
mol_8541	test
mol_8542	train
mol_8543	test
mol_8544	train
mol_8545	test
mol_8546	train
mol_8547	train
mol_8548	train
mol_8549	val
mol_8550	train
mol_8551	train
mol_8552	test
mol_8553	train
mol_8554	train
mol_8555	train
mol_8556	val
mol_8557	train
mol_8558	train
mol_8559	val
mol_8560	train
mol_8561	train
mol_8562	train
mol_8563	val
mol_8564	val
mol_8565	train
mol_8566	train
mol_8567	train
mol_8568	train
mol_8569	val
mol_8570	val
mol_8571	train
mol_8572	train
mol_8573	train
mol_8574	test
mol_8575	train
mol_8576	train
mol_8577	train
mol_8578	train
mol_8579	val
mol_8580	train
mol_8581	val
mol_8582	train
mol_8583	train
mol_8584	train
mol_8585	train
mol_8586	train
mol_8587	train
mol_8588	train
mol_8589	train
mol_8590	train
mol_8591	train
mol_8592	train
mol_8593	val
mol_8594	train
mol_8595	train
mol_8596	test
mol_8597	val
mol_8598	train
mol_8599	test
mol_8600	train
mol_8601	val
mol_8602	train
mol_8603	train
mol_8604	val
mol_8605	train
mol_8606	train
mol_8607	train
mol_8608	val
mol_8609	train
mol_8610	train
mol_8611	train
mol_8612	train
mol_8613	test
mol_8614	val
mol_8615	train
mol_8616	train
mol_8617	train
mol_8618	train
mol_8619	train
mol_8620	train
mol_8621	train
mol_8622	train
mol_8623	train
mol_8624	train
mol_8625	train
mol_8626	train
mol_8627	train
mol_8628	train
mol_8629	train
mol_8630	train
mol_8631	train
mol_8632	train
mol_8633	val
mol_8634	train
mol_8635	train
mol_8636	train
mol_8637	val
mol_8638	val
mol_8639	train
mol_8640	train
mol_8641	train
mol_8642	val
mol_8643	train
mol_8644	train
mol_8645	train
mol_8646	val
mol_8647	val
mol_8648	train
mol_8649	train
mol_8650	train
mol_8651	train
mol_8652	train
mol_8653	train
mol_8654	val
mol_8655	train
mol_8656	train
mol_8657	train
mol_8658	train
mol_8659	val
mol_8660	val
mol_8661	train
mol_8662	train
mol_8663	train
mol_8664	val
mol_8665	val
mol_8666	val
mol_8667	test
mol_8668	val
mol_8669	train
mol_8670	train
mol_8671	val
mol_8672	train
mol_8673	train
mol_8674	train
mol_8675	train
mol_8676	train
mol_8677	val
mol_8678	train
mol_8679	train
mol_8680	train
mol_8681	train
mol_8682	train
mol_8683	train
mol_8684	test
mol_8685	train
mol_8686	test
mol_8687	train
mol_8688	train
mol_8689	train
mol_8690	test
mol_8691	val
mol_8692	val
mol_8693	val
mol_8694	train
mol_8695	train
mol_8696	train
mol_8697	train
mol_8698	train
mol_8699	train
mol_8700	train
mol_8701	val
mol_8702	val
mol_8703	train
mol_8704	train
mol_8705	val
mol_8706	train
mol_8707	train
mol_8708	train
mol_8709	train
mol_8710	train
mol_8711	train
mol_8712	train
mol_8713	val
mol_8714	train
mol_8715	train
mol_8716	train
mol_8717	train
mol_8718	train
mol_8719	train
mol_8720	val
mol_8721	train
mol_8722	train
mol_8723	val
mol_8724	train
mol_8725	train
mol_8726	train
mol_8727	test
mol_8728	train
mol_8729	train
mol_8730	test
mol_8731	train
mol_8732	val
mol_8733	train
mol_8734	train
mol_8735	train
mol_8736	val
mol_8737	train
mol_8738	train
mol_8739	train
mol_8740	train
mol_8741	train
mol_8742	val
mol_8743	train
mol_8744	train
mol_8745	train
mol_8746	test
mol_8747	train
mol_8748	test
mol_8749	test
mol_8750	train
mol_8751	train
mol_8752	train
mol_8753	train
mol_8754	train
mol_8755	val
mol_8756	train
mol_8757	train
mol_8758	train
mol_8759	train
mol_8760	val
mol_8761	train
mol_8762	train
mol_8763	val
mol_8764	train
mol_8765	train
mol_8766	val
mol_8767	train
mol_8768	train
mol_8769	test
mol_8770	val
mol_8771	train
mol_8772	train
mol_8773	train
mol_8774	val
mol_8775	train
mol_8776	val
mol_8777	train
mol_8778	train
mol_8779	train
mol_8780	train
mol_8781	train
mol_8782	test
mol_8783	val
mol_8784	test
mol_8785	train
mol_8786	test
mol_8787	train
mol_8788	train
mol_8789	train
mol_8790	test
mol_8791	train
mol_8792	train
mol_8793	train
mol_8794	test
mol_8795	train
mol_8796	train
mol_8797	train
mol_8798	val
mol_8799	val
mol_8800	val
mol_8801	test
mol_8802	train
mol_8803	train
mol_8804	train
mol_8805	train
mol_8806	train
mol_8807	test
mol_8808	train
mol_8809	train
mol_8810	val
mol_8811	train
mol_8812	train
mol_8813	train
mol_8814	val
mol_8815	train
mol_8816	train
mol_8817	train
mol_8818	train
mol_8819	train
mol_8820	train
mol_8821	train
mol_8822	val
mol_8823	train
mol_8824	test
mol_8825	val
mol_8826	train
mol_8827	val
mol_8828	train
mol_8829	train
mol_8830	val
mol_8831	train
mol_8832	train
mol_8833	train
mol_8834	test
mol_8835	val
mol_8836	train
mol_8837	train
mol_8838	train
mol_8839	val
mol_8840	train
mol_8841	train
mol_8842	test
mol_8843	train
mol_8844	train
mol_8845	train
mol_8846	train
mol_8847	train
mol_8848	train
mol_8849	test
mol_8850	val
mol_8851	train
mol_8852	test
mol_8853	test
mol_8854	val
mol_8855	train
mol_8856	train
mol_8857	val
mol_8858	train
mol_8859	train
mol_8860	test
mol_8861	train
mol_8862	val
mol_8863	train
mol_8864	val
mol_8865	train
mol_8866	train
mol_8867	train
mol_8868	val
mol_8869	train
mol_8870	train
mol_8871	train
mol_8872	train
mol_8873	train
mol_8874	val
mol_8875	test
mol_8876	train
mol_8877	train
mol_8878	train
mol_8879	train
mol_8880	val
mol_8881	train
mol_8882	train
mol_8883	train
mol_8884	train
mol_8885	train
mol_8886	train
mol_8887	train
mol_8888	val
mol_8889	val
mol_8890	train
mol_8891	train
mol_8892	train
mol_8893	train
mol_8894	train
mol_8895	val
mol_8896	train
mol_8897	train
mol_8898	train
mol_8899	train
mol_8900	train
mol_8901	train
mol_8902	val
mol_8903	train
mol_8904	train
mol_8905	train
mol_8906	train
mol_8907	val
mol_8908	train
mol_8909	train
mol_8910	train
mol_8911	train
mol_8912	train
mol_8913	train
mol_8914	val
mol_8915	val
mol_8916	train
mol_8917	train
mol_8918	train
mol_8919	val
mol_8920	train
mol_8921	train
mol_8922	train
mol_8923	train
mol_8924	val
mol_8925	train
mol_8926	val
mol_8927	test
mol_8928	train
mol_8929	train
mol_8930	train
mol_8931	train
mol_8932	train
mol_8933	val
mol_8934	val
mol_8935	train
mol_8936	train
mol_8937	val
mol_8938	val
mol_8939	val
mol_8940	train
mol_8941	val
mol_8942	val
mol_8943	train
mol_8944	test
mol_8945	train
mol_8946	train
mol_8947	val
mol_8948	train
mol_8949	train
mol_8950	train
mol_8951	train
mol_8952	train
mol_8953	train
mol_8954	train
mol_8955	train
mol_8956	val
mol_8957	train
mol_8958	train
mol_8959	train
mol_8960	train
mol_8961	train
mol_8962	train
mol_8963	train
mol_8964	train
mol_8965	val
mol_8966	train
mol_8967	train
mol_8968	train
mol_8969	train
mol_8970	train
mol_8971	train
mol_8972	train
mol_8973	train
mol_8974	train
mol_8975	train
mol_8976	train
mol_8977	val
mol_8978	train
mol_8979	train
mol_8980	train
mol_8981	test
mol_8982	val
mol_8983	train
mol_8984	train
mol_8985	train
mol_8986	train
mol_8987	train
mol_8988	train
mol_8989	train
mol_8990	test
mol_8991	train
mol_8992	val
mol_8993	val
mol_8994	train
mol_8995	train
mol_8996	val
mol_8997	train
mol_8998	train
mol_8999	train
mol_9000	train
mol_9001	val
mol_9002	train
mol_9003	test
mol_9004	test
mol_9005	train
mol_9006	val
mol_9007	train
mol_9008	train
mol_9009	train
mol_9010	train
mol_9011	train
mol_9012	train
mol_9013	train
mol_9014	train
mol_9015	train
mol_9016	train
mol_9017	val
mol_9018	val
mol_9019	train
mol_9020	train
mol_9021	train
mol_9022	train
mol_9023	train
mol_9024	val
mol_9025	train
mol_9026	val
mol_9027	train
mol_9028	train
mol_9029	train
mol_9030	train
mol_9031	train
mol_9032	train
mol_9033	train
mol_9034	test
mol_9035	test
mol_9036	val
mol_9037	train
mol_9038	train
mol_9039	val
mol_9040	train
mol_9041	val
mol_9042	test
mol_9043	train
mol_9044	train
mol_9045	train
mol_9046	train
mol_9047	train
mol_9048	train
mol_9049	train
mol_9050	train
mol_9051	train
mol_9052	train
mol_9053	test
mol_9054	train
mol_9055	train
mol_9056	train
mol_9057	train
mol_9058	train
mol_9059	train
mol_9060	train
mol_9061	train
mol_9062	val
mol_9063	train
mol_9064	train
mol_9065	train
mol_9066	test
mol_9067	train
mol_9068	train
mol_9069	train
mol_9070	train
mol_9071	train
mol_9072	val
mol_9073	train
mol_9074	train
mol_9075	train
mol_9076	train
mol_9077	val
mol_9078	val
mol_9079	val
mol_9080	val
mol_9081	train
mol_9082	train
mol_9083	train
mol_9084	train
mol_9085	train
mol_9086	test
mol_9087	train
mol_9088	test
mol_9089	val
mol_9090	test
mol_9091	train
mol_9092	train
mol_9093	train
mol_9094	val
mol_9095	train
mol_9096	train
mol_9097	train
mol_9098	train
mol_9099	train
mol_9100	test
mol_9101	train
mol_9102	train
mol_9103	train
mol_9104	train
mol_9105	val
mol_9106	train
mol_9107	val
mol_9108	train
mol_9109	train
mol_9110	train
mol_9111	val
mol_9112	train
mol_9113	test
mol_9114	train
mol_9115	test
mol_9116	train
mol_9117	val
mol_9118	train
mol_9119	train
mol_9120	train
mol_9121	train
mol_9122	train
mol_9123	train
mol_9124	train
mol_9125	train
mol_9126	train
mol_9127	val
mol_9128	train
mol_9129	train
mol_9130	train
mol_9131	train
mol_9132	val
mol_9133	train
mol_9134	train
mol_9135	train
mol_9136	train
mol_9137	train
mol_9138	train
mol_9139	val
mol_9140	train
mol_9141	val
mol_9142	train
mol_9143	train
mol_9144	test
mol_9145	train
mol_9146	val
mol_9147	train
mol_9148	train
mol_9149	train
mol_9150	train
mol_9151	val
mol_9152	train
mol_9153	train
mol_9154	train
mol_9155	train
mol_9156	test
mol_9157	train
mol_9158	train
mol_9159	train
mol_9160	train
mol_9161	train
mol_9162	val
mol_9163	train
mol_9164	train
mol_9165	train
mol_9166	val
mol_9167	train
mol_9168	train
mol_9169	train
mol_9170	train
mol_9171	train
mol_9172	train
mol_9173	val
mol_9174	val
mol_9175	test
mol_9176	train
mol_9177	test
mol_9178	train
mol_9179	val
mol_9180	val
mol_9181	train
mol_9182	val
mol_9183	train
mol_9184	train
mol_9185	train
mol_9186	train
mol_9187	test
mol_9188	train
mol_9189	test
mol_9190	val
mol_9191	train
mol_9192	train
mol_9193	train
mol_9194	train
mol_9195	train
mol_9196	train
mol_9197	train
mol_9198	test
mol_9199	train
mol_9200	train
mol_9201	train
mol_9202	train
mol_9203	val
mol_9204	val
mol_9205	train
mol_9206	val
mol_9207	train
mol_9208	train
mol_9209	test
mol_9210	train
mol_9211	train
mol_9212	train
mol_9213	val
mol_9214	train
mol_9215	train
mol_9216	train
mol_9217	test
mol_9218	train
mol_9219	val
mol_9220	val
mol_9221	train
mol_9222	train
mol_9223	test
mol_9224	train
mol_9225	train
mol_9226	train
mol_9227	train
mol_9228	train
mol_9229	train
mol_9230	train
mol_9231	train
mol_9232	test
mol_9233	train
mol_9234	train
mol_9235	train
mol_9236	train
mol_9237	val
mol_9238	train
mol_9239	val
mol_9240	train
mol_9241	train
mol_9242	val
mol_9243	train
mol_9244	train
mol_9245	train
mol_9246	train
mol_9247	val
mol_9248	train
mol_9249	val
mol_9250	val
mol_9251	train
mol_9252	train
mol_9253	train
mol_9254	train
mol_9255	train
mol_9256	val
mol_9257	train
mol_9258	train
mol_9259	train
mol_9260	train
mol_9261	train
mol_9262	train
mol_9263	train
mol_9264	train
mol_9265	train
mol_9266	train
mol_9267	train
mol_9268	train
mol_9269	train
mol_9270	test
mol_9271	train
mol_9272	val
mol_9273	train
mol_9274	train
mol_9275	train
mol_9276	train
mol_9277	train
mol_9278	train
mol_9279	train
mol_9280	val
mol_9281	test
mol_9282	train
mol_9283	train
mol_9284	train
mol_9285	train
mol_9286	train
mol_9287	val
mol_9288	test
mol_9289	train
mol_9290	train
mol_9291	val
mol_9292	train
mol_9293	train
mol_9294	train
mol_9295	train
mol_9296	train
mol_9297	train
mol_9298	val
mol_9299	train
mol_9300	train
mol_9301	train
mol_9302	train
mol_9303	train
mol_9304	val
mol_9305	train
mol_9306	val
mol_9307	train
mol_9308	val
mol_9309	train
mol_9310	train
mol_9311	val
mol_9312	train
mol_9313	val
mol_9314	train
mol_9315	train
mol_9316	val
mol_9317	val
mol_9318	train
mol_9319	test
mol_9320	train
mol_9321	train
mol_9322	val
mol_9323	val
mol_9324	train
mol_9325	train
mol_9326	train
mol_9327	val
mol_9328	train
mol_9329	train
mol_9330	train
mol_9331	train
mol_9332	train
mol_9333	val
mol_9334	train
mol_9335	train
mol_9336	train
mol_9337	val
mol_9338	train
mol_9339	train
mol_9340	test
mol_9341	train
mol_9342	train
mol_9343	train
mol_9344	val
mol_9345	train
mol_9346	train
mol_9347	train
mol_9348	train
mol_9349	val
mol_9350	train
mol_9351	val
mol_9352	train
mol_9353	train
mol_9354	test
mol_9355	val
mol_9356	train
mol_9357	train
mol_9358	train
mol_9359	train
mol_9360	train
mol_9361	train
mol_9362	test
mol_9363	test
mol_9364	train
mol_9365	train
mol_9366	val
mol_9367	val
mol_9368	train
mol_9369	val
mol_9370	train
mol_9371	train
mol_9372	train
mol_9373	train
mol_9374	train
mol_9375	train
mol_9376	val
mol_9377	test
mol_9378	train
mol_9379	train
mol_9380	train
mol_9381	train
mol_9382	train
mol_9383	train
mol_9384	train
mol_9385	val
mol_9386	test
mol_9387	test
mol_9388	train
mol_9389	train
mol_9390	train
mol_9391	train
mol_9392	val
mol_9393	val
mol_9394	train
mol_9395	val
mol_9396	train
mol_9397	val
mol_9398	train
mol_9399	train
mol_9400	train
mol_9401	train
mol_9402	val
mol_9403	val
mol_9404	train
mol_9405	train
mol_9406	train
mol_9407	val
mol_9408	val
mol_9409	train
mol_9410	train
mol_9411	train
mol_9412	train
mol_9413	train
mol_9414	test
mol_9415	train
mol_9416	test
mol_9417	train
mol_9418	train
mol_9419	test
mol_9420	train
mol_9421	train
mol_9422	val
mol_9423	train
mol_9424	train
mol_9425	train
mol_9426	train
mol_9427	train
mol_9428	train
mol_9429	train
mol_9430	train
mol_9431	train
mol_9432	train
mol_9433	val
mol_9434	train
mol_9435	train
mol_9436	train
mol_9437	train
mol_9438	val
mol_9439	train
mol_9440	test
mol_9441	train
mol_9442	train
mol_9443	train
mol_9444	val
mol_9445	train
mol_9446	test
mol_9447	train
mol_9448	test
mol_9449	train
mol_9450	val
mol_9451	train
mol_9452	train
mol_9453	val
mol_9454	train
mol_9455	train
mol_9456	train
mol_9457	train
mol_9458	val
mol_9459	train
mol_9460	train
mol_9461	train
mol_9462	train
mol_9463	train
mol_9464	train
mol_9465	val
mol_9466	train
mol_9467	train
mol_9468	test
mol_9469	train
mol_9470	train
mol_9471	train
mol_9472	train
mol_9473	train
mol_9474	train
mol_9475	val
mol_9476	train
mol_9477	train
mol_9478	train
mol_9479	train
mol_9480	val
mol_9481	val
mol_9482	train
mol_9483	val
mol_9484	train
mol_9485	train
mol_9486	val
mol_9487	train
mol_9488	train
mol_9489	train
mol_9490	train
mol_9491	train
mol_9492	val
mol_9493	train
mol_9494	train
mol_9495	val
mol_9496	val
mol_9497	val
mol_9498	train
mol_9499	train
mol_9500	train
mol_9501	train
mol_9502	train
mol_9503	train
mol_9504	train
mol_9505	train
mol_9506	train
mol_9507	train
mol_9508	train
mol_9509	train
mol_9510	train
mol_9511	train
mol_9512	val
mol_9513	train
mol_9514	train
mol_9515	val
mol_9516	train
mol_9517	val
mol_9518	train
mol_9519	train
mol_9520	train
mol_9521	train
mol_9522	train
mol_9523	train
mol_9524	val
mol_9525	val
mol_9526	train
mol_9527	train
mol_9528	train
mol_9529	train
mol_9530	train
mol_9531	train
mol_9532	test
mol_9533	train
mol_9534	val
mol_9535	val
mol_9536	train
mol_9537	val
mol_9538	train
mol_9539	val
mol_9540	train
mol_9541	test
mol_9542	train
mol_9543	train
mol_9544	train
mol_9545	test
mol_9546	train
mol_9547	train
mol_9548	train
mol_9549	train
mol_9550	train
mol_9551	train
mol_9552	val
mol_9553	train
mol_9554	val
mol_9555	train
mol_9556	train
mol_9557	test
mol_9558	train
mol_9559	train
mol_9560	train
mol_9561	train
mol_9562	train
mol_9563	test
mol_9564	val
mol_9565	train
mol_9566	train
mol_9567	val
mol_9568	train
mol_9569	train
mol_9570	train
mol_9571	train
mol_9572	val
mol_9573	train
mol_9574	train
mol_9575	train
mol_9576	train
mol_9577	train
mol_9578	val
mol_9579	train
mol_9580	test
mol_9581	val
mol_9582	train
mol_9583	train
mol_9584	train
mol_9585	val
mol_9586	val
mol_9587	train
mol_9588	train
mol_9589	train
mol_9590	train
mol_9591	val
mol_9592	test
mol_9593	train
mol_9594	train
mol_9595	train
mol_9596	test
mol_9597	train
mol_9598	train
mol_9599	train
mol_9600	test
mol_9601	train
mol_9602	train
mol_9603	val
mol_9604	train
mol_9605	train
mol_9606	train
mol_9607	train
mol_9608	test
mol_9609	train
mol_9610	train
mol_9611	val
mol_9612	train
mol_9613	train
mol_9614	train
mol_9615	val
mol_9616	val
mol_9617	val
mol_9618	train
mol_9619	train
mol_9620	val
mol_9621	train
mol_9622	train
mol_9623	val
mol_9624	train
mol_9625	val
mol_9626	test
mol_9627	train
mol_9628	train
mol_9629	train
mol_9630	val
mol_9631	train
mol_9632	train
mol_9633	test
mol_9634	train
mol_9635	train
mol_9636	train
mol_9637	train
mol_9638	train
mol_9639	val
mol_9640	val
mol_9641	train
mol_9642	train
mol_9643	train
mol_9644	val
mol_9645	train
mol_9646	train
mol_9647	train
mol_9648	val
mol_9649	test
mol_9650	test
mol_9651	train
mol_9652	test
mol_9653	train
mol_9654	test
mol_9655	train
mol_9656	train
mol_9657	train
mol_9658	train
mol_9659	train
mol_9660	train
mol_9661	train
mol_9662	train
mol_9663	train
mol_9664	train
mol_9665	train
mol_9666	train
mol_9667	train
mol_9668	val
mol_9669	test
mol_9670	train
mol_9671	train
mol_9672	train
mol_9673	train
mol_9674	train
mol_9675	train
mol_9676	test
mol_9677	train
mol_9678	val
mol_9679	test
mol_9680	train
mol_9681	train
mol_9682	test
mol_9683	train
mol_9684	val
mol_9685	train
mol_9686	train
mol_9687	val
mol_9688	train
mol_9689	train
mol_9690	train
mol_9691	train
mol_9692	train
mol_9693	train
mol_9694	train
mol_9695	test
mol_9696	test
mol_9697	train
mol_9698	test
mol_9699	train
mol_9700	train
mol_9701	train
mol_9702	test
mol_9703	train
mol_9704	train
mol_9705	train
mol_9706	val
mol_9707	train
mol_9708	train
mol_9709	train
mol_9710	train
mol_9711	train
mol_9712	train
mol_9713	train
mol_9714	val
mol_9715	train
mol_9716	train
mol_9717	train
mol_9718	test
mol_9719	train
mol_9720	train
mol_9721	val
mol_9722	train
mol_9723	train
mol_9724	val
mol_9725	train
mol_9726	train
mol_9727	train
mol_9728	train
mol_9729	test
mol_9730	train
mol_9731	train
mol_9732	val
mol_9733	train
mol_9734	train
mol_9735	train
mol_9736	val
mol_9737	val
mol_9738	train
mol_9739	train
mol_9740	train
mol_9741	train
mol_9742	train
mol_9743	val
mol_9744	train
mol_9745	train
mol_9746	val
mol_9747	val
mol_9748	train
mol_9749	train
mol_9750	train
mol_9751	train
mol_9752	train
mol_9753	test
mol_9754	train
mol_9755	val
mol_9756	train
mol_9757	val
mol_9758	train
mol_9759	train
mol_9760	train
mol_9761	train
mol_9762	train
mol_9763	train
mol_9764	train
mol_9765	train
mol_9766	val
mol_9767	train
mol_9768	train
mol_9769	train
mol_9770	train
mol_9771	train
mol_9772	train
mol_9773	train
mol_9774	train
mol_9775	test
mol_9776	train
mol_9777	train
mol_9778	train
mol_9779	train
mol_9780	train
mol_9781	test
mol_9782	train
mol_9783	test
mol_9784	train
mol_9785	train
mol_9786	train
mol_9787	train
mol_9788	train
mol_9789	test
mol_9790	train
mol_9791	train
mol_9792	val
mol_9793	train
mol_9794	train
mol_9795	train
mol_9796	train
mol_9797	train
mol_9798	train
mol_9799	train
mol_9800	val
mol_9801	val
mol_9802	val
mol_9803	train
mol_9804	train
mol_9805	train
mol_9806	train
mol_9807	train
mol_9808	train
mol_9809	val
mol_9810	val
mol_9811	train
mol_9812	train
mol_9813	train
mol_9814	train
mol_9815	train
mol_9816	train
mol_9817	train
mol_9818	train
mol_9819	train
mol_9820	train
mol_9821	train
mol_9822	train
mol_9823	train
mol_9824	train
mol_9825	train
mol_9826	train
mol_9827	train
mol_9828	val
mol_9829	train
mol_9830	train
mol_9831	train
mol_9832	train
mol_9833	test
mol_9834	train
mol_9835	val
mol_9836	train
mol_9837	train
mol_9838	val
mol_9839	train
mol_9840	train
mol_9841	test
mol_9842	val
mol_9843	train
mol_9844	val
mol_9845	train
mol_9846	train
mol_9847	train
mol_9848	train
mol_9849	val
mol_9850	train
mol_9851	train
mol_9852	test
mol_9853	train
mol_9854	train
mol_9855	train
mol_9856	train
mol_9857	train
mol_9858	val
mol_9859	train
mol_9860	train
mol_9861	train
mol_9862	train
mol_9863	val
mol_9864	val
mol_9865	test
mol_9866	train
mol_9867	train
mol_9868	train
mol_9869	test
mol_9870	train
mol_9871	train
mol_9872	train
mol_9873	train
mol_9874	test
mol_9875	train
mol_9876	val
mol_9877	val
mol_9878	train
mol_9879	train
mol_9880	train
mol_9881	train
mol_9882	train
mol_9883	train
mol_9884	train
mol_9885	train
mol_9886	train
mol_9887	val
mol_9888	train
mol_9889	val
mol_9890	train
mol_9891	train
mol_9892	train
mol_9893	test
mol_9894	train
mol_9895	train
mol_9896	train
mol_9897	test
mol_9898	train
mol_9899	train
mol_9900	train
mol_9901	train
mol_9902	val
mol_9903	train
mol_9904	val
mol_9905	train
mol_9906	train
mol_9907	train
mol_9908	train
mol_9909	train
mol_9910	train
mol_9911	val
mol_9912	test
mol_9913	val
mol_9914	train
mol_9915	train
mol_9916	val
mol_9917	train
mol_9918	train
mol_9919	train
mol_9920	train
mol_9921	train
mol_9922	train
mol_9923	train
mol_9924	train
mol_9925	train
mol_9926	test
mol_9927	train
mol_9928	test
mol_9929	test
mol_9930	test
mol_9931	train
mol_9932	val
mol_9933	train
mol_9934	val
mol_9935	train
mol_9936	train
mol_9937	val
mol_9938	train
mol_9939	val
mol_9940	test
mol_9941	test
mol_9942	train
mol_9943	train
mol_9944	train
mol_9945	train
mol_9946	val
mol_9947	test
mol_9948	train
mol_9949	train
mol_9950	train
mol_9951	train
mol_9952	test
mol_9953	val
mol_9954	train
mol_9955	val
mol_9956	val
mol_9957	val
mol_9958	train
mol_9959	test
mol_9960	val
mol_9961	val
mol_9962	test
mol_9963	train
mol_9964	val
mol_9965	val
mol_9966	train
mol_9967	train
mol_9968	train
mol_9969	test
mol_9970	train
mol_9971	train
mol_9972	val
mol_9973	train
mol_9974	train
mol_9975	test
mol_9976	test
mol_9977	val
mol_9978	val
mol_9979	train
mol_9980	train
mol_9981	val
mol_9982	test
mol_9983	train
mol_9984	train
mol_9985	test
mol_9986	train
mol_9987	test
mol_9988	train
mol_9989	train
mol_9990	train
mol_9991	train
mol_9992	train
mol_9993	train
mol_9994	test
mol_9995	train
mol_9996	train
mol_9997	test
mol_9998	train
mol_9999	train
mol_10000	val
mol_10001	train
mol_10002	test
mol_10003	train
mol_10004	train
mol_10005	train
mol_10006	val
mol_10007	train
mol_10008	train
mol_10009	val
mol_10010	train
mol_10011	train
mol_10012	train
mol_10013	train
mol_10014	train
mol_10015	val
mol_10016	val
mol_10017	train
mol_10018	train
mol_10019	val
mol_10020	val
mol_10021	val
mol_10022	train
mol_10023	train
mol_10024	val
mol_10025	train
mol_10026	test
mol_10027	test
mol_10028	train
mol_10029	train
mol_10030	test
mol_10031	test
mol_10032	train
mol_10033	train
mol_10034	train
mol_10035	test
mol_10036	test
mol_10037	test
mol_10038	train
mol_10039	train
mol_10040	train
mol_10041	val
mol_10042	val
mol_10043	test
mol_10044	train
mol_10045	test
mol_10046	val
mol_10047	train
mol_10048	train
mol_10049	train
mol_10050	train
mol_10051	val
mol_10052	val
mol_10053	train
mol_10054	test
mol_10055	val
mol_10056	val
mol_10057	test
mol_10058	val
mol_10059	train
mol_10060	train
mol_10061	test
mol_10062	train
mol_10063	test
mol_10064	test
mol_10065	train
mol_10066	train
mol_10067	test
mol_10068	test
mol_10069	train
mol_10070	val
mol_10071	test
mol_10072	train
mol_10073	train
mol_10074	test
mol_10075	val
mol_10076	test
mol_10077	test
mol_10078	val
mol_10079	train
mol_10080	train
mol_10081	train
mol_10082	train
mol_10083	test
mol_10084	val
mol_10085	train
mol_10086	train
mol_10087	val
mol_10088	train
mol_10089	train
mol_10090	test
mol_10091	test
mol_10092	train
mol_10093	train
mol_10094	val
mol_10095	train
mol_10096	train
mol_10097	train
mol_10098	test
mol_10099	val
mol_10100	train
mol_10101	train
mol_10102	test
mol_10103	val
mol_10104	train
mol_10105	train
mol_10106	train
mol_10107	train
mol_10108	train
mol_10109	train
mol_10110	val
mol_10111	val
mol_10112	test
mol_10113	train
mol_10114	train
mol_10115	train
mol_10116	val
mol_10117	train
mol_10118	train
mol_10119	val
mol_10120	train
mol_10121	test
mol_10122	test
mol_10123	train
mol_10124	train
mol_10125	train
mol_10126	train
mol_10127	train
mol_10128	train
mol_10129	train
mol_10130	val
mol_10131	train
mol_10132	train
mol_10133	train
mol_10134	train
mol_10135	train
mol_10136	test
mol_10137	train
mol_10138	test
mol_10139	train
mol_10140	train
mol_10141	val
mol_10142	val
mol_10143	train
mol_10144	train
mol_10145	train
mol_10146	train
mol_10147	train
mol_10148	val
mol_10149	train
mol_10150	test
mol_10151	val
mol_10152	train
mol_10153	test
mol_10154	train
mol_10155	train
mol_10156	train
mol_10157	train
mol_10158	test
mol_10159	train
mol_10160	train
mol_10161	train
mol_10162	train
mol_10163	train
mol_10164	val
mol_10165	train
mol_10166	train
mol_10167	train
mol_10168	train
mol_10169	train
mol_10170	val
mol_10171	val
mol_10172	train
mol_10173	train
mol_10174	val
mol_10175	val
mol_10176	train
mol_10177	train
mol_10178	test
mol_10179	train
mol_10180	train
mol_10181	test
mol_10182	test
mol_10183	train
mol_10184	val
mol_10185	val
mol_10186	test
mol_10187	train
mol_10188	train
mol_10189	train
mol_10190	test
mol_10191	train
mol_10192	test
mol_10193	train
mol_10194	val
mol_10195	train
mol_10196	test
mol_10197	train
mol_10198	val
mol_10199	val
mol_10200	train
mol_10201	test
mol_10202	val
mol_10203	train
mol_10204	test
mol_10205	test
mol_10206	val
mol_10207	val
mol_10208	train
mol_10209	test
mol_10210	train
mol_10211	train
mol_10212	train
mol_10213	val
mol_10214	test
mol_10215	train
mol_10216	val
mol_10217	test
mol_10218	test
mol_10219	train
mol_10220	train
mol_10221	train
mol_10222	val
mol_10223	val
mol_10224	train
mol_10225	train
mol_10226	train
mol_10227	test
mol_10228	val
mol_10229	train
mol_10230	train
mol_10231	train
mol_10232	train
mol_10233	train
mol_10234	train
mol_10235	train
mol_10236	train
mol_10237	val
mol_10238	train
mol_10239	train
mol_10240	val
mol_10241	test
mol_10242	train
mol_10243	train
mol_10244	val
mol_10245	train
mol_10246	val
mol_10247	val
mol_10248	train
mol_10249	train
mol_10250	train
mol_10251	val
mol_10252	val
mol_10253	val
mol_10254	val
mol_10255	train
mol_10256	test
mol_10257	train
mol_10258	test
mol_10259	train
mol_10260	train
mol_10261	test
mol_10262	train
mol_10263	val
mol_10264	val
mol_10265	train
mol_10266	train
mol_10267	test
mol_10268	train
mol_10269	test
mol_10270	train
mol_10271	train
mol_10272	test
mol_10273	val
mol_10274	train
mol_10275	train
mol_10276	val
mol_10277	train
mol_10278	test
