ID	Cluster_ID
mol_0	0
mol_1	0
mol_2	9
mol_3	7
mol_4	1
mol_5	3
mol_6	2
mol_7	2
mol_8	2
mol_9	2
mol_10	2
mol_11	8
mol_12	9
mol_13	7
mol_14	0
mol_15	5
mol_16	7
mol_17	7
mol_18	7
mol_19	1
mol_20	8
mol_21	1
mol_22	8
mol_23	9
mol_24	1
mol_25	8
mol_26	7
mol_27	9
mol_28	3
mol_29	7
mol_30	3
mol_31	4
mol_32	1
mol_33	0
mol_34	4
mol_35	2
mol_36	8
mol_37	4
mol_38	8
mol_39	3
mol_40	7
mol_41	7
mol_42	7
mol_43	0
mol_44	6
mol_45	9
mol_46	0
mol_47	1
mol_48	5
mol_49	6
mol_50	0
mol_51	2
mol_52	1
mol_53	7
mol_54	0
mol_55	7
mol_56	5
mol_57	1
mol_58	2
mol_59	0
mol_60	7
mol_61	9
mol_62	4
mol_63	5
mol_64	6
mol_65	3
mol_66	1
mol_67	0
mol_68	7
mol_69	6
mol_70	7
mol_71	5
mol_72	7
mol_73	1
mol_74	7
mol_75	8
mol_76	7
mol_77	5
mol_78	9
mol_79	5
mol_80	7
mol_81	1
mol_82	0
mol_83	9
mol_84	6
mol_85	0
mol_86	1
mol_87	5
mol_88	8
mol_89	0
mol_90	8
mol_91	6
mol_92	9
mol_93	7
mol_94	0
mol_95	7
mol_96	7
mol_97	7
mol_98	8
mol_99	3
mol_100	9
mol_101	5
mol_102	0
mol_103	5
mol_104	0
mol_105	0
mol_106	0
mol_107	9
mol_108	4
mol_109	7
mol_110	0
mol_111	0
mol_112	1
mol_113	1
mol_114	9
mol_115	5
mol_116	5
mol_117	6
mol_118	3
mol_119	1
mol_120	7
mol_121	4
mol_122	8
mol_123	4
mol_124	8
mol_125	9
mol_126	0
mol_127	6
mol_128	9
mol_129	1
mol_130	1
mol_131	5
mol_132	7
mol_133	1
mol_134	0
mol_135	7
mol_136	2
mol_137	9
mol_138	4
mol_139	2
mol_140	5
mol_141	7
mol_142	1
mol_143	5
mol_144	1
mol_145	2
mol_146	9
mol_147	8
mol_148	7
mol_149	3
mol_150	7
mol_151	6
mol_152	9
mol_153	7
mol_154	7
mol_155	7
mol_156	8
mol_157	3
mol_158	7
mol_159	4
mol_160	3
mol_161	0
mol_162	0
mol_163	8
mol_164	5
mol_165	0
mol_166	6
mol_167	2
mol_168	7
mol_169	2
mol_170	9
mol_171	2
mol_172	7
mol_173	9
mol_174	8
mol_175	7
mol_176	1
mol_177	8
mol_178	5
mol_179	0
mol_180	3
mol_181	0
mol_182	6
mol_183	0
mol_184	7
mol_185	6
mol_186	9
mol_187	8
mol_188	1
mol_189	7
mol_190	1
mol_191	4
mol_192	9
mol_193	1
mol_194	9
mol_195	1
mol_196	9
mol_197	3
mol_198	2
mol_199	2
mol_200	0
mol_201	7
mol_202	0
mol_203	0
mol_204	0
mol_205	7
mol_206	0
mol_207	6
mol_208	7
mol_209	8
mol_210	1
mol_211	7
mol_212	0
mol_213	7
mol_214	7
mol_215	1
mol_216	5
mol_217	9
mol_218	7
mol_219	5
mol_220	7
mol_221	9
mol_222	7
mol_223	6
mol_224	6
mol_225	3
mol_226	7
mol_227	7
mol_228	7
mol_229	0
mol_230	7
mol_231	9
mol_232	5
mol_233	1
mol_234	7
mol_235	2
mol_236	3
mol_237	7
mol_238	9
mol_239	6
mol_240	0
mol_241	0
mol_242	1
mol_243	6
mol_244	0
mol_245	0
mol_246	2
mol_247	3
mol_248	2
mol_249	5
mol_250	2
mol_251	1
mol_252	2
mol_253	7
mol_254	3
mol_255	9
mol_256	4
mol_257	7
mol_258	6
mol_259	9
mol_260	0
mol_261	7
mol_262	1
mol_263	3
mol_264	5
mol_265	6
mol_266	0
mol_267	9
mol_268	5
mol_269	0
mol_270	1
mol_271	9
mol_272	3
mol_273	4
mol_274	0
mol_275	6
mol_276	9
mol_277	4
mol_278	9
mol_279	1
mol_280	7
mol_281	7
mol_282	9
mol_283	5
mol_284	4
mol_285	2
mol_286	7
mol_287	7
mol_288	4
mol_289	7
mol_290	1
mol_291	9
mol_292	7
mol_293	3
mol_294	7
mol_295	7
mol_296	5
mol_297	2
mol_298	7
mol_299	5
mol_300	1
mol_301	4
mol_302	1
mol_303	1
mol_304	7
mol_305	9
mol_306	6
mol_307	7
mol_308	6
mol_309	6
mol_310	2
mol_311	8
mol_312	9
mol_313	0
mol_314	2
mol_315	1
mol_316	8
mol_317	1
mol_318	2
mol_319	7
mol_320	5
mol_321	0
mol_322	7
mol_323	1
mol_324	0
mol_325	5
mol_326	9
mol_327	0
mol_328	9
mol_329	8
mol_330	9
mol_331	2
mol_332	2
mol_333	7
mol_334	0
mol_335	5
mol_336	3
mol_337	7
mol_338	1
mol_339	9
mol_340	0
mol_341	9
mol_342	1
mol_343	9
mol_344	2
mol_345	5
mol_346	7
mol_347	0
mol_348	6
mol_349	3
mol_350	7
mol_351	4
mol_352	1
mol_353	1
mol_354	7
mol_355	8
mol_356	0
mol_357	1
mol_358	5
mol_359	8
mol_360	9
mol_361	5
mol_362	3
mol_363	0
mol_364	7
mol_365	9
mol_366	7
mol_367	6
mol_368	1
mol_369	2
mol_370	8
mol_371	5
mol_372	7
mol_373	1
mol_374	8
mol_375	7
mol_376	6
mol_377	0
mol_378	7
mol_379	9
mol_380	5
mol_381	7
mol_382	3
mol_383	9
mol_384	0
mol_385	0
mol_386	0
mol_387	7
mol_388	0
mol_389	5
mol_390	7
mol_391	0
mol_392	2
mol_393	8
mol_394	8
mol_395	2
mol_396	4
mol_397	7
mol_398	6
mol_399	7
mol_400	4
mol_401	0
mol_402	3
mol_403	3
mol_404	1
mol_405	0
mol_406	3
mol_407	9
mol_408	6
mol_409	1
mol_410	7
mol_411	3
mol_412	9
mol_413	5
mol_414	5
mol_415	3
mol_416	5
mol_417	1
mol_418	0
mol_419	2
mol_420	2
mol_421	1
mol_422	1
mol_423	5
mol_424	1
mol_425	9
mol_426	9
mol_427	3
mol_428	1
mol_429	9
mol_430	5
mol_431	9
mol_432	4
mol_433	8
mol_434	6
mol_435	9
mol_436	4
mol_437	6
mol_438	4
mol_439	0
mol_440	8
mol_441	1
mol_442	5
mol_443	7
mol_444	6
mol_445	7
mol_446	8
mol_447	9
mol_448	7
mol_449	7
mol_450	6
mol_451	1
mol_452	9
mol_453	1
mol_454	4
mol_455	9
mol_456	7
mol_457	7
mol_458	0
mol_459	7
mol_460	1
mol_461	0
mol_462	1
mol_463	8
mol_464	2
mol_465	9
mol_466	0
mol_467	3
mol_468	6
mol_469	0
mol_470	2
mol_471	5
mol_472	0
mol_473	6
mol_474	7
mol_475	3
mol_476	7
mol_477	3
mol_478	5
mol_479	8
mol_480	1
mol_481	6
mol_482	8
mol_483	0
mol_484	3
mol_485	0
mol_486	1
mol_487	2
mol_488	3
mol_489	9
mol_490	7
mol_491	2
mol_492	7
mol_493	3
mol_494	7
mol_495	0
mol_496	7
mol_497	4
mol_498	8
mol_499	1
mol_500	7
mol_501	9
mol_502	6
mol_503	1
mol_504	9
mol_505	6
mol_506	8
mol_507	0
mol_508	7
mol_509	9
mol_510	7
mol_511	5
mol_512	5
mol_513	5
mol_514	7
mol_515	4
mol_516	7
mol_517	3
mol_518	2
mol_519	0
mol_520	2
mol_521	3
mol_522	7
mol_523	1
mol_524	7
mol_525	9
mol_526	0
mol_527	7
mol_528	1
mol_529	3
mol_530	8
mol_531	3
mol_532	7
mol_533	1
mol_534	0
mol_535	3
mol_536	5
mol_537	9
mol_538	2
mol_539	8
mol_540	8
mol_541	1
mol_542	0
mol_543	1
mol_544	6
mol_545	2
mol_546	0
mol_547	4
mol_548	7
mol_549	2
mol_550	1
mol_551	8
mol_552	7
mol_553	0
mol_554	9
mol_555	8
mol_556	6
mol_557	5
mol_558	7
mol_559	5
mol_560	3
mol_561	0
mol_562	7
mol_563	9
mol_564	7
mol_565	0
mol_566	5
mol_567	5
mol_568	1
mol_569	7
mol_570	2
mol_571	9
mol_572	9
mol_573	1
mol_574	0
mol_575	9
mol_576	0
mol_577	7
mol_578	9
mol_579	9
mol_580	8
mol_581	7
mol_582	5
mol_583	2
mol_584	1
mol_585	2
mol_586	8
mol_587	0
mol_588	9
mol_589	7
mol_590	7
mol_591	9
mol_592	5
mol_593	9
mol_594	9
mol_595	5
mol_596	8
mol_597	6
mol_598	3
mol_599	7
mol_600	9
mol_601	3
mol_602	7
mol_603	2
mol_604	3
mol_605	7
mol_606	9
mol_607	2
mol_608	8
mol_609	0
mol_610	4
mol_611	1
mol_612	7
mol_613	9
mol_614	7
mol_615	7
mol_616	5
mol_617	0
mol_618	6
mol_619	5
mol_620	7
mol_621	7
mol_622	8
mol_623	0
mol_624	7
mol_625	7
mol_626	7
mol_627	9
mol_628	7
mol_629	0
mol_630	7
mol_631	2
mol_632	9
mol_633	2
mol_634	4
mol_635	9
mol_636	7
mol_637	2
mol_638	7
mol_639	7
mol_640	7
mol_641	7
mol_642	5
mol_643	0
mol_644	1
mol_645	0
mol_646	4
mol_647	7
mol_648	8
mol_649	7
mol_650	3
mol_651	2
mol_652	6
mol_653	5
mol_654	7
mol_655	7
mol_656	7
mol_657	8
mol_658	1
mol_659	9
mol_660	3
mol_661	6
mol_662	3
mol_663	1
mol_664	2
mol_665	5
mol_666	1
mol_667	4
mol_668	7
mol_669	3
mol_670	5
mol_671	3
mol_672	0
mol_673	3
mol_674	7
mol_675	3
mol_676	7
mol_677	0
mol_678	7
mol_679	5
mol_680	4
mol_681	2
mol_682	9
mol_683	4
mol_684	5
mol_685	1
mol_686	6
mol_687	6
mol_688	1
mol_689	5
mol_690	4
mol_691	0
mol_692	7
mol_693	1
mol_694	5
mol_695	0
mol_696	1
mol_697	1
mol_698	0
mol_699	2
mol_700	1
mol_701	1
mol_702	0
mol_703	9
mol_704	2
mol_705	7
mol_706	1
mol_707	4
mol_708	1
mol_709	1
mol_710	2
mol_711	6
mol_712	4
mol_713	3
mol_714	6
mol_715	0
mol_716	9
mol_717	0
mol_718	0
mol_719	3
mol_720	9
mol_721	5
mol_722	1
mol_723	2
mol_724	9
mol_725	3
mol_726	9
mol_727	5
mol_728	0
mol_729	6
mol_730	9
mol_731	3
mol_732	9
mol_733	7
mol_734	5
mol_735	1
mol_736	9
mol_737	3
mol_738	8
mol_739	9
mol_740	1
mol_741	7
mol_742	3
mol_743	5
mol_744	7
mol_745	8
mol_746	0
mol_747	7
mol_748	1
mol_749	7
mol_750	8
mol_751	9
mol_752	5
mol_753	7
mol_754	2
mol_755	7
mol_756	7
mol_757	1
mol_758	2
mol_759	7
mol_760	9
mol_761	7
mol_762	2
mol_763	6
mol_764	1
mol_765	7
mol_766	0
mol_767	0
mol_768	9
mol_769	9
mol_770	7
mol_771	6
mol_772	8
mol_773	7
mol_774	5
mol_775	3
mol_776	2
mol_777	8
mol_778	8
mol_779	4
mol_780	7
mol_781	6
mol_782	0
mol_783	7
mol_784	2
mol_785	7
mol_786	3
mol_787	7
mol_788	3
mol_789	0
mol_790	2
mol_791	5
mol_792	3
mol_793	7
mol_794	0
mol_795	7
mol_796	8
mol_797	3
mol_798	6
mol_799	0
mol_800	6
mol_801	0
mol_802	9
mol_803	8
mol_804	7
mol_805	7
mol_806	0
mol_807	8
mol_808	4
mol_809	9
mol_810	7
mol_811	0
mol_812	1
mol_813	5
mol_814	1
mol_815	7
mol_816	1
mol_817	1
mol_818	7
mol_819	8
mol_820	1
mol_821	4
mol_822	1
mol_823	8
mol_824	9
mol_825	1
mol_826	8
mol_827	1
mol_828	0
mol_829	2
mol_830	8
mol_831	1
mol_832	9
mol_833	7
mol_834	6
mol_835	7
mol_836	6
mol_837	1
mol_838	5
mol_839	4
mol_840	7
mol_841	6
mol_842	1
mol_843	7
mol_844	9
mol_845	9
mol_846	0
mol_847	0
mol_848	2
mol_849	3
mol_850	6
mol_851	4
mol_852	8
mol_853	7
mol_854	3
mol_855	1
mol_856	6
mol_857	1
mol_858	7
mol_859	0
mol_860	7
mol_861	7
mol_862	4
mol_863	7
mol_864	9
mol_865	4
mol_866	3
mol_867	8
mol_868	3
mol_869	6
mol_870	0
mol_871	0
mol_872	6
mol_873	2
mol_874	2
mol_875	1
mol_876	9
mol_877	5
mol_878	0
mol_879	2
mol_880	0
mol_881	0
mol_882	7
mol_883	8
mol_884	8
mol_885	1
mol_886	4
mol_887	5
mol_888	4
mol_889	3
mol_890	7
mol_891	7
mol_892	6
mol_893	0
mol_894	9
mol_895	1
mol_896	1
mol_897	0
mol_898	1
mol_899	9
mol_900	3
mol_901	4
mol_902	1
mol_903	0
mol_904	3
mol_905	9
mol_906	0
mol_907	3
mol_908	4
mol_909	0
mol_910	6
mol_911	1
mol_912	0
mol_913	4
mol_914	9
mol_915	6
mol_916	3
mol_917	3
mol_918	3
mol_919	3
mol_920	0
mol_921	1
mol_922	7
mol_923	1
mol_924	7
mol_925	0
mol_926	0
mol_927	0
mol_928	7
mol_929	1
mol_930	7
mol_931	9
mol_932	1
mol_933	2
mol_934	9
mol_935	6
mol_936	5
mol_937	5
mol_938	3
mol_939	7
mol_940	8
mol_941	1
mol_942	6
mol_943	0
mol_944	7
mol_945	5
mol_946	1
mol_947	4
mol_948	7
mol_949	7
mol_950	4
mol_951	6
mol_952	5
mol_953	6
mol_954	4
mol_955	7
mol_956	3
mol_957	7
mol_958	7
mol_959	1
mol_960	1
mol_961	3
mol_962	7
mol_963	9
mol_964	9
mol_965	7
mol_966	9
mol_967	4
mol_968	7
mol_969	7
mol_970	0
mol_971	5
mol_972	0
mol_973	1
mol_974	9
mol_975	7
mol_976	9
mol_977	4
mol_978	0
mol_979	1
mol_980	0
mol_981	8
mol_982	7
mol_983	9
mol_984	9
mol_985	1
mol_986	9
mol_987	7
mol_988	5
mol_989	5
mol_990	5
mol_991	4
mol_992	9
mol_993	3
mol_994	9
mol_995	7
mol_996	9
mol_997	2
mol_998	1
mol_999	9
mol_1000	2
mol_1001	2
mol_1002	2
mol_1003	1
mol_1004	4
mol_1005	5
mol_1006	2
mol_1007	1
mol_1008	2
mol_1009	7
mol_1010	7
mol_1011	0
mol_1012	2
mol_1013	1
mol_1014	1
mol_1015	0
mol_1016	1
mol_1017	4
mol_1018	3
mol_1019	7
mol_1020	6
mol_1021	1
mol_1022	1
mol_1023	3
mol_1024	0
mol_1025	8
mol_1026	0
mol_1027	3
mol_1028	1
mol_1029	1
mol_1030	6
mol_1031	3
mol_1032	7
mol_1033	1
mol_1034	2
mol_1035	5
mol_1036	7
mol_1037	7
mol_1038	0
mol_1039	4
mol_1040	2
mol_1041	7
mol_1042	7
mol_1043	0
mol_1044	7
mol_1045	9
mol_1046	1
mol_1047	0
mol_1048	2
mol_1049	1
mol_1050	6
mol_1051	6
mol_1052	1
mol_1053	0
mol_1054	5
mol_1055	0
mol_1056	8
mol_1057	4
mol_1058	2
mol_1059	5
mol_1060	5
mol_1061	6
mol_1062	7
mol_1063	6
mol_1064	7
mol_1065	7
mol_1066	7
mol_1067	9
mol_1068	7
mol_1069	4
mol_1070	8
mol_1071	0
mol_1072	2
mol_1073	1
mol_1074	8
mol_1075	9
mol_1076	4
mol_1077	6
mol_1078	6
mol_1079	1
mol_1080	9
mol_1081	7
mol_1082	2
mol_1083	8
mol_1084	5
mol_1085	1
mol_1086	9
mol_1087	4
mol_1088	1
mol_1089	8
mol_1090	7
mol_1091	3
mol_1092	7
mol_1093	0
mol_1094	7
mol_1095	7
mol_1096	7
mol_1097	7
mol_1098	0
mol_1099	1
mol_1100	7
mol_1101	3
mol_1102	7
mol_1103	0
mol_1104	1
mol_1105	1
mol_1106	7
mol_1107	8
mol_1108	4
mol_1109	9
mol_1110	4
mol_1111	1
mol_1112	8
mol_1113	7
mol_1114	2
mol_1115	6
mol_1116	6
mol_1117	1
mol_1118	3
mol_1119	9
mol_1120	6
mol_1121	2
mol_1122	5
mol_1123	1
mol_1124	3
mol_1125	8
mol_1126	7
mol_1127	9
mol_1128	7
mol_1129	1
mol_1130	2
mol_1131	9
mol_1132	0
mol_1133	0
mol_1134	6
mol_1135	5
mol_1136	0
mol_1137	4
mol_1138	0
mol_1139	1
mol_1140	5
mol_1141	8
mol_1142	6
mol_1143	9
mol_1144	6
mol_1145	5
mol_1146	7
mol_1147	0
mol_1148	1
mol_1149	7
mol_1150	4
mol_1151	2
mol_1152	2
mol_1153	5
mol_1154	7
mol_1155	8
mol_1156	6
mol_1157	6
mol_1158	9
mol_1159	6
mol_1160	6
mol_1161	6
mol_1162	2
mol_1163	7
mol_1164	8
mol_1165	7
mol_1166	0
mol_1167	9
mol_1168	2
mol_1169	7
mol_1170	8
mol_1171	4
mol_1172	4
mol_1173	8
mol_1174	1
mol_1175	0
mol_1176	4
mol_1177	1
mol_1178	9
mol_1179	7
mol_1180	0
mol_1181	1
mol_1182	9
mol_1183	0
mol_1184	0
mol_1185	3
mol_1186	7
mol_1187	8
mol_1188	0
mol_1189	8
mol_1190	6
mol_1191	8
mol_1192	5
mol_1193	7
mol_1194	0
mol_1195	1
mol_1196	9
mol_1197	6
mol_1198	7
mol_1199	4
mol_1200	1
mol_1201	4
mol_1202	1
mol_1203	5
mol_1204	2
mol_1205	7
mol_1206	1
mol_1207	0
mol_1208	5
mol_1209	6
mol_1210	3
mol_1211	4
mol_1212	7
mol_1213	0
mol_1214	7
mol_1215	7
mol_1216	1
mol_1217	8
mol_1218	9
mol_1219	6
mol_1220	1
mol_1221	1
mol_1222	1
mol_1223	2
mol_1224	7
mol_1225	7
mol_1226	5
mol_1227	1
mol_1228	0
mol_1229	7
mol_1230	4
mol_1231	1
mol_1232	4
mol_1233	1
mol_1234	1
mol_1235	2
mol_1236	0
mol_1237	4
mol_1238	3
mol_1239	8
mol_1240	3
mol_1241	5
mol_1242	7
mol_1243	1
mol_1244	5
mol_1245	1
mol_1246	9
mol_1247	5
mol_1248	1
mol_1249	8
mol_1250	7
mol_1251	7
mol_1252	0
mol_1253	1
mol_1254	7
mol_1255	2
mol_1256	4
mol_1257	1
mol_1258	2
mol_1259	1
mol_1260	9
mol_1261	2
mol_1262	7
mol_1263	4
mol_1264	1
mol_1265	1
mol_1266	5
mol_1267	1
mol_1268	0
mol_1269	9
mol_1270	9
mol_1271	2
mol_1272	4
mol_1273	3
mol_1274	9
mol_1275	6
mol_1276	1
mol_1277	7
mol_1278	1
mol_1279	3
mol_1280	0
mol_1281	7
mol_1282	2
mol_1283	0
mol_1284	7
mol_1285	7
mol_1286	0
mol_1287	2
mol_1288	7
mol_1289	5
mol_1290	8
mol_1291	1
mol_1292	2
mol_1293	7
mol_1294	2
mol_1295	9
mol_1296	4
mol_1297	7
mol_1298	7
mol_1299	6
mol_1300	8
mol_1301	8
mol_1302	2
mol_1303	5
mol_1304	1
mol_1305	9
mol_1306	8
mol_1307	1
mol_1308	0
mol_1309	9
mol_1310	6
mol_1311	7
mol_1312	2
mol_1313	9
mol_1314	3
mol_1315	8
mol_1316	4
mol_1317	0
mol_1318	7
mol_1319	3
mol_1320	7
mol_1321	9
mol_1322	2
mol_1323	2
mol_1324	7
mol_1325	2
mol_1326	7
mol_1327	7
mol_1328	3
mol_1329	6
mol_1330	7
mol_1331	4
mol_1332	7
mol_1333	7
mol_1334	0
mol_1335	8
mol_1336	0
mol_1337	1
mol_1338	8
mol_1339	0
mol_1340	7
mol_1341	7
mol_1342	2
mol_1343	8
mol_1344	9
mol_1345	5
mol_1346	7
mol_1347	1
mol_1348	0
mol_1349	9
mol_1350	2
mol_1351	9
mol_1352	1
mol_1353	0
mol_1354	0
mol_1355	0
mol_1356	9
mol_1357	8
mol_1358	0
mol_1359	7
mol_1360	8
mol_1361	7
mol_1362	1
mol_1363	0
mol_1364	9
mol_1365	7
mol_1366	9
mol_1367	8
mol_1368	5
mol_1369	9
mol_1370	2
mol_1371	8
mol_1372	6
mol_1373	2
mol_1374	8
mol_1375	2
mol_1376	8
mol_1377	7
mol_1378	3
mol_1379	6
mol_1380	6
mol_1381	8
mol_1382	8
mol_1383	0
mol_1384	5
mol_1385	7
mol_1386	9
mol_1387	0
mol_1388	8
mol_1389	7
mol_1390	6
mol_1391	4
mol_1392	4
mol_1393	8
mol_1394	7
mol_1395	3
mol_1396	9
mol_1397	2
mol_1398	5
mol_1399	0
mol_1400	7
mol_1401	1
mol_1402	2
mol_1403	9
mol_1404	0
mol_1405	2
mol_1406	2
mol_1407	3
mol_1408	1
mol_1409	9
mol_1410	6
mol_1411	6
mol_1412	7
mol_1413	3
mol_1414	6
mol_1415	4
mol_1416	2
mol_1417	0
mol_1418	3
mol_1419	7
mol_1420	2
mol_1421	6
mol_1422	6
mol_1423	3
mol_1424	8
mol_1425	9
mol_1426	8
mol_1427	7
mol_1428	3
mol_1429	5
mol_1430	3
mol_1431	7
mol_1432	7
mol_1433	7
mol_1434	8
mol_1435	2
mol_1436	5
mol_1437	1
mol_1438	1
mol_1439	0
mol_1440	1
mol_1441	7
mol_1442	7
mol_1443	2
mol_1444	1
mol_1445	1
mol_1446	4
mol_1447	9
mol_1448	6
mol_1449	9
mol_1450	0
mol_1451	1
mol_1452	3
mol_1453	9
mol_1454	2
mol_1455	1
mol_1456	8
mol_1457	4
mol_1458	1
mol_1459	1
mol_1460	7
mol_1461	7
mol_1462	3
mol_1463	3
mol_1464	9
mol_1465	8
mol_1466	7
mol_1467	6
mol_1468	7
mol_1469	9
mol_1470	4
mol_1471	7
mol_1472	3
mol_1473	2
mol_1474	2
mol_1475	6
mol_1476	3
mol_1477	0
mol_1478	0
mol_1479	7
mol_1480	1
mol_1481	8
mol_1482	2
mol_1483	6
mol_1484	3
mol_1485	8
mol_1486	7
mol_1487	1
mol_1488	7
mol_1489	9
mol_1490	6
mol_1491	1
mol_1492	8
mol_1493	8
mol_1494	6
mol_1495	2
mol_1496	7
mol_1497	7
mol_1498	7
mol_1499	7
mol_1500	6
mol_1501	1
mol_1502	6
mol_1503	3
mol_1504	3
mol_1505	9
mol_1506	2
mol_1507	8
mol_1508	3
mol_1509	9
mol_1510	3
mol_1511	1
mol_1512	6
mol_1513	7
mol_1514	0
mol_1515	9
mol_1516	0
mol_1517	0
mol_1518	8
mol_1519	0
mol_1520	9
mol_1521	8
mol_1522	0
mol_1523	7
mol_1524	2
mol_1525	1
mol_1526	1
mol_1527	2
mol_1528	7
mol_1529	3
mol_1530	7
mol_1531	7
mol_1532	1
mol_1533	7
mol_1534	1
mol_1535	9
mol_1536	7
mol_1537	0
mol_1538	8
mol_1539	0
mol_1540	4
mol_1541	0
mol_1542	0
mol_1543	9
mol_1544	9
mol_1545	3
mol_1546	0
mol_1547	1
mol_1548	7
mol_1549	7
mol_1550	2
mol_1551	7
mol_1552	2
mol_1553	1
mol_1554	1
mol_1555	4
mol_1556	0
mol_1557	2
mol_1558	9
mol_1559	4
mol_1560	9
mol_1561	4
mol_1562	8
mol_1563	9
mol_1564	6
mol_1565	7
mol_1566	5
mol_1567	0
mol_1568	4
mol_1569	7
mol_1570	4
mol_1571	7
mol_1572	9
mol_1573	1
mol_1574	6
mol_1575	8
mol_1576	9
mol_1577	0
mol_1578	0
mol_1579	1
mol_1580	0
mol_1581	1
mol_1582	7
mol_1583	0
mol_1584	9
mol_1585	7
mol_1586	7
mol_1587	4
mol_1588	0
mol_1589	8
mol_1590	1
mol_1591	1
mol_1592	5
mol_1593	2
mol_1594	6
mol_1595	1
mol_1596	0
mol_1597	1
mol_1598	6
mol_1599	1
mol_1600	0
mol_1601	0
mol_1602	4
mol_1603	7
mol_1604	7
mol_1605	2
mol_1606	0
mol_1607	6
mol_1608	7
mol_1609	7
mol_1610	7
mol_1611	1
mol_1612	7
mol_1613	3
mol_1614	0
mol_1615	7
mol_1616	9
mol_1617	6
mol_1618	7
mol_1619	1
mol_1620	0
mol_1621	7
mol_1622	1
mol_1623	9
mol_1624	6
mol_1625	9
mol_1626	2
mol_1627	9
mol_1628	4
mol_1629	9
mol_1630	6
mol_1631	3
mol_1632	1
mol_1633	1
mol_1634	7
mol_1635	9
mol_1636	7
mol_1637	9
mol_1638	1
mol_1639	8
mol_1640	5
mol_1641	5
mol_1642	9
mol_1643	0
mol_1644	1
mol_1645	0
mol_1646	1
mol_1647	9
mol_1648	8
mol_1649	6
mol_1650	2
mol_1651	5
mol_1652	9
mol_1653	0
mol_1654	0
mol_1655	5
mol_1656	7
mol_1657	5
mol_1658	7
mol_1659	6
mol_1660	5
mol_1661	8
mol_1662	1
mol_1663	8
mol_1664	7
mol_1665	0
mol_1666	7
mol_1667	7
mol_1668	5
mol_1669	7
mol_1670	2
mol_1671	3
mol_1672	7
mol_1673	8
mol_1674	5
mol_1675	1
mol_1676	7
mol_1677	0
mol_1678	7
mol_1679	5
mol_1680	9
mol_1681	2
mol_1682	2
mol_1683	2
mol_1684	4
mol_1685	6
mol_1686	2
mol_1687	8
mol_1688	8
mol_1689	0
mol_1690	7
mol_1691	1
mol_1692	7
mol_1693	6
mol_1694	7
mol_1695	5
mol_1696	1
mol_1697	4
mol_1698	5
mol_1699	0
mol_1700	7
mol_1701	0
mol_1702	9
mol_1703	3
mol_1704	0
mol_1705	8
mol_1706	8
mol_1707	8
mol_1708	6
mol_1709	7
mol_1710	7
mol_1711	4
mol_1712	2
mol_1713	5
mol_1714	7
mol_1715	1
mol_1716	9
mol_1717	2
mol_1718	2
mol_1719	5
mol_1720	8
mol_1721	9
mol_1722	0
mol_1723	8
mol_1724	1
mol_1725	1
mol_1726	8
mol_1727	4
mol_1728	1
mol_1729	8
mol_1730	6
mol_1731	5
mol_1732	7
mol_1733	8
mol_1734	1
mol_1735	1
mol_1736	1
mol_1737	8
mol_1738	0
mol_1739	7
mol_1740	5
mol_1741	3
mol_1742	7
mol_1743	4
mol_1744	7
mol_1745	2
mol_1746	0
mol_1747	2
mol_1748	3
mol_1749	7
mol_1750	0
mol_1751	9
mol_1752	0
mol_1753	1
mol_1754	7
mol_1755	5
mol_1756	8
mol_1757	7
mol_1758	5
mol_1759	0
mol_1760	8
mol_1761	3
mol_1762	9
mol_1763	7
mol_1764	3
mol_1765	8
mol_1766	5
mol_1767	0
mol_1768	1
mol_1769	7
mol_1770	7
mol_1771	2
mol_1772	9
mol_1773	8
mol_1774	3
mol_1775	4
mol_1776	7
mol_1777	9
mol_1778	1
mol_1779	5
mol_1780	9
mol_1781	4
mol_1782	6
mol_1783	7
mol_1784	0
mol_1785	3
mol_1786	3
mol_1787	1
mol_1788	7
mol_1789	5
mol_1790	1
mol_1791	5
mol_1792	0
mol_1793	7
mol_1794	1
mol_1795	5
mol_1796	9
mol_1797	8
mol_1798	7
mol_1799	0
mol_1800	4
mol_1801	1
mol_1802	9
mol_1803	0
mol_1804	9
mol_1805	8
mol_1806	8
mol_1807	2
mol_1808	2
mol_1809	6
mol_1810	9
mol_1811	0
mol_1812	3
mol_1813	1
mol_1814	9
mol_1815	0
mol_1816	8
mol_1817	8
mol_1818	1
mol_1819	7
mol_1820	3
mol_1821	4
mol_1822	7
mol_1823	3
mol_1824	3
mol_1825	0
mol_1826	3
mol_1827	8
mol_1828	1
mol_1829	0
mol_1830	3
mol_1831	7
mol_1832	5
mol_1833	2
mol_1834	5
mol_1835	7
mol_1836	9
mol_1837	9
mol_1838	0
mol_1839	0
mol_1840	9
mol_1841	2
mol_1842	1
mol_1843	3
mol_1844	8
mol_1845	8
mol_1846	7
mol_1847	7
mol_1848	7
mol_1849	0
mol_1850	1
mol_1851	6
mol_1852	0
mol_1853	1
mol_1854	8
mol_1855	3
mol_1856	0
mol_1857	0
mol_1858	5
mol_1859	8
mol_1860	2
mol_1861	9
mol_1862	1
mol_1863	0
mol_1864	2
mol_1865	0
mol_1866	9
mol_1867	1
mol_1868	0
mol_1869	6
mol_1870	8
mol_1871	0
mol_1872	4
mol_1873	7
mol_1874	9
mol_1875	9
mol_1876	1
mol_1877	8
mol_1878	0
mol_1879	8
mol_1880	0
mol_1881	6
mol_1882	1
mol_1883	0
mol_1884	9
mol_1885	2
mol_1886	1
mol_1887	9
mol_1888	7
mol_1889	2
mol_1890	0
mol_1891	0
mol_1892	1
mol_1893	2
mol_1894	1
mol_1895	9
mol_1896	2
mol_1897	1
mol_1898	0
mol_1899	2
mol_1900	8
mol_1901	7
mol_1902	1
mol_1903	9
mol_1904	6
mol_1905	8
mol_1906	1
mol_1907	0
mol_1908	0
mol_1909	8
mol_1910	5
mol_1911	0
mol_1912	1
mol_1913	9
mol_1914	0
mol_1915	9
mol_1916	7
mol_1917	3
mol_1918	2
mol_1919	9
mol_1920	1
mol_1921	2
mol_1922	2
mol_1923	3
mol_1924	7
mol_1925	1
mol_1926	3
mol_1927	3
mol_1928	1
mol_1929	3
mol_1930	7
mol_1931	2
mol_1932	6
mol_1933	9
mol_1934	8
mol_1935	0
mol_1936	5
mol_1937	1
mol_1938	6
mol_1939	1
mol_1940	0
mol_1941	8
mol_1942	8
mol_1943	6
mol_1944	7
mol_1945	8
mol_1946	7
mol_1947	3
mol_1948	5
mol_1949	1
mol_1950	6
mol_1951	1
mol_1952	3
mol_1953	7
mol_1954	2
mol_1955	9
mol_1956	0
mol_1957	3
mol_1958	9
mol_1959	2
mol_1960	9
mol_1961	7
mol_1962	0
mol_1963	1
mol_1964	7
mol_1965	2
mol_1966	5
mol_1967	7
mol_1968	2
mol_1969	0
mol_1970	0
mol_1971	0
mol_1972	9
mol_1973	3
mol_1974	0
mol_1975	3
mol_1976	1
mol_1977	7
mol_1978	0
mol_1979	7
mol_1980	3
mol_1981	2
mol_1982	7
mol_1983	9
mol_1984	5
mol_1985	1
mol_1986	7
mol_1987	5
mol_1988	5
mol_1989	7
mol_1990	0
mol_1991	4
mol_1992	0
mol_1993	8
mol_1994	7
mol_1995	7
mol_1996	4
mol_1997	7
mol_1998	7
mol_1999	1
mol_2000	5
mol_2001	4
mol_2002	7
mol_2003	8
mol_2004	1
mol_2005	1
mol_2006	9
mol_2007	1
mol_2008	5
mol_2009	3
mol_2010	2
mol_2011	7
mol_2012	1
mol_2013	7
mol_2014	8
mol_2015	5
mol_2016	9
mol_2017	1
mol_2018	6
mol_2019	1
mol_2020	2
mol_2021	0
mol_2022	0
mol_2023	9
mol_2024	2
mol_2025	1
mol_2026	4
mol_2027	7
mol_2028	3
mol_2029	0
mol_2030	1
mol_2031	6
mol_2032	8
mol_2033	4
mol_2034	7
mol_2035	5
mol_2036	8
mol_2037	8
mol_2038	8
mol_2039	7
mol_2040	9
mol_2041	3
mol_2042	0
mol_2043	6
mol_2044	9
mol_2045	9
mol_2046	9
mol_2047	1
mol_2048	3
mol_2049	5
mol_2050	1
mol_2051	1
mol_2052	6
mol_2053	6
mol_2054	7
mol_2055	5
mol_2056	1
mol_2057	2
mol_2058	2
mol_2059	7
mol_2060	7
mol_2061	3
mol_2062	8
mol_2063	1
mol_2064	0
mol_2065	1
mol_2066	4
mol_2067	7
mol_2068	4
mol_2069	1
mol_2070	6
mol_2071	9
mol_2072	7
mol_2073	1
mol_2074	8
mol_2075	5
mol_2076	2
mol_2077	1
mol_2078	1
mol_2079	9
mol_2080	9
mol_2081	2
mol_2082	7
mol_2083	8
mol_2084	7
mol_2085	9
mol_2086	0
mol_2087	5
mol_2088	0
mol_2089	9
mol_2090	4
mol_2091	0
mol_2092	1
mol_2093	1
mol_2094	9
mol_2095	4
mol_2096	1
mol_2097	7
mol_2098	8
mol_2099	1
mol_2100	7
mol_2101	7
mol_2102	0
mol_2103	7
mol_2104	2
mol_2105	7
mol_2106	6
mol_2107	1
mol_2108	9
mol_2109	2
mol_2110	1
mol_2111	0
mol_2112	4
mol_2113	1
mol_2114	1
mol_2115	0
mol_2116	8
mol_2117	7
mol_2118	2
mol_2119	5
mol_2120	1
mol_2121	6
mol_2122	4
mol_2123	1
mol_2124	1
mol_2125	3
mol_2126	2
mol_2127	6
mol_2128	0
mol_2129	2
mol_2130	9
mol_2131	1
mol_2132	9
mol_2133	8
mol_2134	6
mol_2135	0
mol_2136	7
mol_2137	0
mol_2138	1
mol_2139	1
mol_2140	7
mol_2141	1
mol_2142	1
mol_2143	7
mol_2144	1
mol_2145	1
mol_2146	4
mol_2147	1
mol_2148	0
mol_2149	1
mol_2150	7
mol_2151	1
mol_2152	2
mol_2153	5
mol_2154	3
mol_2155	0
mol_2156	9
mol_2157	1
mol_2158	3
mol_2159	2
mol_2160	7
mol_2161	2
mol_2162	0
mol_2163	7
mol_2164	1
mol_2165	1
mol_2166	3
mol_2167	7
mol_2168	1
mol_2169	1
mol_2170	3
mol_2171	7
mol_2172	1
mol_2173	0
mol_2174	2
mol_2175	1
mol_2176	9
mol_2177	2
mol_2178	8
mol_2179	0
mol_2180	2
mol_2181	8
mol_2182	4
mol_2183	7
mol_2184	9
mol_2185	0
mol_2186	3
mol_2187	2
mol_2188	4
mol_2189	9
mol_2190	4
mol_2191	9
mol_2192	7
mol_2193	5
mol_2194	7
mol_2195	5
mol_2196	9
mol_2197	2
mol_2198	0
mol_2199	1
mol_2200	1
mol_2201	4
mol_2202	9
mol_2203	8
mol_2204	3
mol_2205	1
mol_2206	7
mol_2207	2
mol_2208	6
mol_2209	5
mol_2210	1
mol_2211	4
mol_2212	5
mol_2213	3
mol_2214	9
mol_2215	6
mol_2216	5
mol_2217	7
mol_2218	2
mol_2219	0
mol_2220	3
mol_2221	6
mol_2222	3
mol_2223	7
mol_2224	0
mol_2225	1
mol_2226	1
mol_2227	3
mol_2228	8
mol_2229	9
mol_2230	0
mol_2231	8
mol_2232	9
mol_2233	1
mol_2234	6
mol_2235	2
mol_2236	7
mol_2237	9
mol_2238	6
mol_2239	0
mol_2240	5
mol_2241	3
mol_2242	7
mol_2243	1
mol_2244	7
mol_2245	8
mol_2246	1
mol_2247	1
mol_2248	1
mol_2249	0
mol_2250	5
mol_2251	4
mol_2252	9
mol_2253	1
mol_2254	9
mol_2255	8
mol_2256	9
mol_2257	9
mol_2258	5
mol_2259	5
mol_2260	7
mol_2261	3
mol_2262	0
mol_2263	0
mol_2264	2
mol_2265	3
mol_2266	2
mol_2267	0
mol_2268	5
mol_2269	7
mol_2270	8
mol_2271	9
mol_2272	0
mol_2273	2
mol_2274	8
mol_2275	7
mol_2276	0
mol_2277	5
mol_2278	0
mol_2279	3
mol_2280	2
mol_2281	1
mol_2282	1
mol_2283	5
mol_2284	1
mol_2285	7
mol_2286	4
mol_2287	7
mol_2288	9
mol_2289	0
mol_2290	7
mol_2291	7
mol_2292	8
mol_2293	3
mol_2294	0
mol_2295	2
mol_2296	7
mol_2297	1
mol_2298	7
mol_2299	2
mol_2300	9
mol_2301	7
mol_2302	0
mol_2303	0
mol_2304	0
mol_2305	3
mol_2306	8
mol_2307	9
mol_2308	1
mol_2309	5
mol_2310	2
mol_2311	4
mol_2312	1
mol_2313	4
mol_2314	1
mol_2315	7
mol_2316	1
mol_2317	7
mol_2318	4
mol_2319	9
mol_2320	8
mol_2321	3
mol_2322	5
mol_2323	5
mol_2324	1
mol_2325	1
mol_2326	7
mol_2327	1
mol_2328	7
mol_2329	2
mol_2330	0
mol_2331	9
mol_2332	0
mol_2333	2
mol_2334	3
mol_2335	9
mol_2336	7
mol_2337	6
mol_2338	9
mol_2339	0
mol_2340	2
mol_2341	4
mol_2342	5
mol_2343	7
mol_2344	1
mol_2345	8
mol_2346	4
mol_2347	0
mol_2348	7
mol_2349	8
mol_2350	1
mol_2351	1
mol_2352	8
mol_2353	0
mol_2354	3
mol_2355	9
mol_2356	2
mol_2357	4
mol_2358	6
mol_2359	8
mol_2360	9
mol_2361	1
mol_2362	5
mol_2363	5
mol_2364	2
mol_2365	5
mol_2366	8
mol_2367	6
mol_2368	1
mol_2369	3
mol_2370	4
mol_2371	5
mol_2372	2
mol_2373	6
mol_2374	9
mol_2375	7
mol_2376	9
mol_2377	4
mol_2378	1
mol_2379	0
mol_2380	7
mol_2381	7
mol_2382	9
mol_2383	8
mol_2384	7
mol_2385	9
mol_2386	8
mol_2387	2
mol_2388	6
mol_2389	1
mol_2390	5
mol_2391	9
mol_2392	8
mol_2393	1
mol_2394	0
mol_2395	4
mol_2396	9
mol_2397	0
mol_2398	1
mol_2399	7
mol_2400	1
mol_2401	1
mol_2402	9
mol_2403	0
mol_2404	3
mol_2405	5
mol_2406	8
mol_2407	8
mol_2408	7
mol_2409	8
mol_2410	7
mol_2411	0
mol_2412	5
mol_2413	0
mol_2414	9
mol_2415	8
mol_2416	8
mol_2417	0
mol_2418	9
mol_2419	0
mol_2420	3
mol_2421	2
mol_2422	4
mol_2423	6
mol_2424	0
mol_2425	9
mol_2426	6
mol_2427	0
mol_2428	8
mol_2429	6
mol_2430	0
mol_2431	0
mol_2432	2
mol_2433	7
mol_2434	9
mol_2435	5
mol_2436	8
mol_2437	8
mol_2438	2
mol_2439	8
mol_2440	0
mol_2441	0
mol_2442	6
mol_2443	6
mol_2444	7
mol_2445	1
mol_2446	9
mol_2447	6
mol_2448	2
mol_2449	2
mol_2450	9
mol_2451	9
mol_2452	3
mol_2453	6
mol_2454	9
mol_2455	7
mol_2456	8
mol_2457	1
mol_2458	7
mol_2459	1
mol_2460	9
mol_2461	9
mol_2462	4
mol_2463	1
mol_2464	9
mol_2465	7
mol_2466	0
mol_2467	9
mol_2468	0
mol_2469	1
mol_2470	2
mol_2471	7
mol_2472	3
mol_2473	5
mol_2474	7
mol_2475	3
mol_2476	7
mol_2477	3
mol_2478	8
mol_2479	5
mol_2480	3
mol_2481	7
mol_2482	3
mol_2483	0
mol_2484	7
mol_2485	0
mol_2486	8
mol_2487	7
mol_2488	7
mol_2489	9
mol_2490	5
mol_2491	1
mol_2492	0
mol_2493	6
mol_2494	0
mol_2495	0
mol_2496	7
mol_2497	6
mol_2498	7
mol_2499	4
mol_2500	7
mol_2501	7
mol_2502	9
mol_2503	0
mol_2504	0
mol_2505	8
mol_2506	1
mol_2507	8
mol_2508	7
mol_2509	9
mol_2510	7
mol_2511	0
mol_2512	1
mol_2513	2
mol_2514	4
mol_2515	7
mol_2516	2
mol_2517	2
mol_2518	8
mol_2519	6
mol_2520	2
mol_2521	1
mol_2522	0
mol_2523	7
mol_2524	7
mol_2525	4
mol_2526	2
mol_2527	1
mol_2528	1
mol_2529	8
mol_2530	5
mol_2531	7
mol_2532	3
mol_2533	1
mol_2534	0
mol_2535	7
mol_2536	0
mol_2537	7
mol_2538	7
mol_2539	4
mol_2540	9
mol_2541	0
mol_2542	4
mol_2543	2
mol_2544	4
mol_2545	5
mol_2546	8
mol_2547	9
mol_2548	0
mol_2549	8
mol_2550	0
mol_2551	0
mol_2552	5
mol_2553	9
mol_2554	6
mol_2555	9
mol_2556	2
mol_2557	0
mol_2558	6
mol_2559	0
mol_2560	3
mol_2561	1
mol_2562	7
mol_2563	3
mol_2564	7
mol_2565	0
mol_2566	5
mol_2567	7
mol_2568	7
mol_2569	6
mol_2570	3
mol_2571	5
mol_2572	1
mol_2573	0
mol_2574	6
mol_2575	7
mol_2576	7
mol_2577	6
mol_2578	3
mol_2579	8
mol_2580	6
mol_2581	1
mol_2582	9
mol_2583	2
mol_2584	7
mol_2585	6
mol_2586	0
mol_2587	3
mol_2588	1
mol_2589	1
mol_2590	3
mol_2591	7
mol_2592	0
mol_2593	5
mol_2594	9
mol_2595	9
mol_2596	5
mol_2597	5
mol_2598	1
mol_2599	7
mol_2600	7
mol_2601	1
mol_2602	7
mol_2603	1
mol_2604	1
mol_2605	3
mol_2606	1
mol_2607	4
mol_2608	7
mol_2609	1
mol_2610	8
mol_2611	8
mol_2612	8
mol_2613	3
mol_2614	0
mol_2615	1
mol_2616	1
mol_2617	4
mol_2618	1
mol_2619	8
mol_2620	2
mol_2621	3
mol_2622	6
mol_2623	4
mol_2624	3
mol_2625	3
mol_2626	2
mol_2627	4
mol_2628	6
mol_2629	8
mol_2630	4
mol_2631	3
mol_2632	7
mol_2633	7
mol_2634	7
mol_2635	8
mol_2636	9
mol_2637	8
mol_2638	6
mol_2639	3
mol_2640	2
mol_2641	0
mol_2642	5
mol_2643	7
mol_2644	9
mol_2645	8
mol_2646	0
mol_2647	0
mol_2648	0
mol_2649	8
mol_2650	2
mol_2651	1
mol_2652	4
mol_2653	6
mol_2654	7
mol_2655	2
mol_2656	2
mol_2657	7
mol_2658	6
mol_2659	9
mol_2660	7
mol_2661	7
mol_2662	7
mol_2663	4
mol_2664	0
mol_2665	8
mol_2666	1
mol_2667	0
mol_2668	4
mol_2669	8
mol_2670	0
mol_2671	3
mol_2672	8
mol_2673	8
mol_2674	7
mol_2675	9
mol_2676	8
mol_2677	0
mol_2678	5
mol_2679	9
mol_2680	0
mol_2681	5
mol_2682	7
mol_2683	7
mol_2684	4
mol_2685	6
mol_2686	7
mol_2687	9
mol_2688	0
mol_2689	8
mol_2690	3
mol_2691	1
mol_2692	1
mol_2693	3
mol_2694	0
mol_2695	1
mol_2696	2
mol_2697	2
mol_2698	2
mol_2699	9
mol_2700	8
mol_2701	8
mol_2702	3
mol_2703	7
mol_2704	2
mol_2705	7
mol_2706	7
mol_2707	0
mol_2708	6
mol_2709	7
mol_2710	3
mol_2711	0
mol_2712	0
mol_2713	0
mol_2714	8
mol_2715	6
mol_2716	3
mol_2717	5
mol_2718	1
mol_2719	7
mol_2720	0
mol_2721	0
mol_2722	1
mol_2723	7
mol_2724	6
mol_2725	5
mol_2726	5
mol_2727	2
mol_2728	7
mol_2729	8
mol_2730	4
mol_2731	2
mol_2732	0
mol_2733	9
mol_2734	4
mol_2735	0
mol_2736	6
mol_2737	1
mol_2738	6
mol_2739	0
mol_2740	7
mol_2741	7
mol_2742	9
mol_2743	0
mol_2744	6
mol_2745	7
mol_2746	6
mol_2747	1
mol_2748	2
mol_2749	7
mol_2750	6
mol_2751	0
mol_2752	3
mol_2753	3
mol_2754	2
mol_2755	2
mol_2756	1
mol_2757	7
mol_2758	4
mol_2759	8
mol_2760	1
mol_2761	5
mol_2762	1
mol_2763	2
mol_2764	0
mol_2765	8
mol_2766	2
mol_2767	2
mol_2768	2
mol_2769	8
mol_2770	7
mol_2771	0
mol_2772	5
mol_2773	5
mol_2774	8
mol_2775	5
mol_2776	2
mol_2777	6
mol_2778	4
mol_2779	2
mol_2780	3
mol_2781	3
mol_2782	4
mol_2783	6
mol_2784	1
mol_2785	9
mol_2786	1
mol_2787	1
mol_2788	7
mol_2789	7
mol_2790	6
mol_2791	2
mol_2792	1
mol_2793	0
mol_2794	8
mol_2795	3
mol_2796	5
mol_2797	7
mol_2798	9
mol_2799	6
mol_2800	0
mol_2801	7
mol_2802	3
mol_2803	1
mol_2804	1
mol_2805	6
mol_2806	7
mol_2807	4
mol_2808	9
mol_2809	0
mol_2810	3
mol_2811	7
mol_2812	7
mol_2813	1
mol_2814	7
mol_2815	0
mol_2816	7
mol_2817	3
mol_2818	6
mol_2819	6
mol_2820	7
mol_2821	9
mol_2822	7
mol_2823	9
mol_2824	3
mol_2825	8
mol_2826	6
mol_2827	0
mol_2828	1
mol_2829	7
mol_2830	7
mol_2831	2
mol_2832	5
mol_2833	1
mol_2834	9
mol_2835	4
mol_2836	5
mol_2837	2
mol_2838	6
mol_2839	6
mol_2840	9
mol_2841	2
mol_2842	6
mol_2843	0
mol_2844	8
mol_2845	1
mol_2846	4
mol_2847	5
mol_2848	8
mol_2849	9
mol_2850	0
mol_2851	1
mol_2852	9
mol_2853	9
mol_2854	9
mol_2855	3
mol_2856	7
mol_2857	9
mol_2858	7
mol_2859	8
mol_2860	8
mol_2861	2
mol_2862	1
mol_2863	2
mol_2864	8
mol_2865	1
mol_2866	1
mol_2867	7
mol_2868	6
mol_2869	1
mol_2870	3
mol_2871	3
mol_2872	8
mol_2873	9
mol_2874	1
mol_2875	9
mol_2876	0
mol_2877	9
mol_2878	7
mol_2879	8
mol_2880	5
mol_2881	2
mol_2882	8
mol_2883	2
mol_2884	8
mol_2885	3
mol_2886	9
mol_2887	8
mol_2888	4
mol_2889	8
mol_2890	9
mol_2891	8
mol_2892	9
mol_2893	4
mol_2894	7
mol_2895	1
mol_2896	5
mol_2897	1
mol_2898	4
mol_2899	7
mol_2900	5
mol_2901	3
mol_2902	9
mol_2903	2
mol_2904	5
mol_2905	7
mol_2906	5
mol_2907	1
mol_2908	7
mol_2909	8
mol_2910	4
mol_2911	4
mol_2912	6
mol_2913	9
mol_2914	4
mol_2915	7
mol_2916	8
mol_2917	5
mol_2918	6
mol_2919	7
mol_2920	2
mol_2921	1
mol_2922	2
mol_2923	8
mol_2924	0
mol_2925	7
mol_2926	0
mol_2927	8
mol_2928	1
mol_2929	4
mol_2930	1
mol_2931	3
mol_2932	7
mol_2933	6
mol_2934	1
mol_2935	1
mol_2936	1
mol_2937	1
mol_2938	1
mol_2939	6
mol_2940	3
mol_2941	3
mol_2942	0
mol_2943	7
mol_2944	1
mol_2945	7
mol_2946	8
mol_2947	2
mol_2948	1
mol_2949	7
mol_2950	1
mol_2951	7
mol_2952	0
mol_2953	9
mol_2954	0
mol_2955	7
mol_2956	3
mol_2957	0
mol_2958	5
mol_2959	5
mol_2960	3
mol_2961	9
mol_2962	0
mol_2963	8
mol_2964	0
mol_2965	0
mol_2966	8
mol_2967	2
mol_2968	6
mol_2969	9
mol_2970	8
mol_2971	2
mol_2972	1
mol_2973	0
mol_2974	4
mol_2975	9
mol_2976	4
mol_2977	6
mol_2978	8
mol_2979	5
mol_2980	2
mol_2981	0
mol_2982	3
mol_2983	1
mol_2984	9
mol_2985	5
mol_2986	8
mol_2987	0
mol_2988	7
mol_2989	7
mol_2990	7
mol_2991	0
mol_2992	3
mol_2993	2
mol_2994	6
mol_2995	5
mol_2996	1
mol_2997	1
mol_2998	0
mol_2999	0
mol_3000	3
mol_3001	0
mol_3002	7
mol_3003	7
mol_3004	9
mol_3005	6
mol_3006	9
mol_3007	0
mol_3008	8
mol_3009	2
mol_3010	2
mol_3011	1
mol_3012	3
mol_3013	9
mol_3014	4
mol_3015	5
mol_3016	8
mol_3017	6
mol_3018	1
mol_3019	9
mol_3020	3
mol_3021	3
mol_3022	7
mol_3023	9
mol_3024	9
mol_3025	9
mol_3026	9
mol_3027	7
mol_3028	0
mol_3029	7
mol_3030	7
mol_3031	9
mol_3032	1
mol_3033	5
mol_3034	7
mol_3035	0
mol_3036	2
mol_3037	7
mol_3038	3
mol_3039	1
mol_3040	7
mol_3041	1
mol_3042	3
mol_3043	7
mol_3044	8
mol_3045	8
mol_3046	1
mol_3047	7
mol_3048	5
mol_3049	4
mol_3050	9
mol_3051	9
mol_3052	9
mol_3053	9
mol_3054	6
mol_3055	7
mol_3056	2
mol_3057	0
mol_3058	0
mol_3059	0
mol_3060	7
mol_3061	8
mol_3062	7
mol_3063	4
mol_3064	0
mol_3065	5
mol_3066	0
mol_3067	7
mol_3068	7
mol_3069	6
mol_3070	1
mol_3071	8
mol_3072	6
mol_3073	1
mol_3074	7
mol_3075	0
mol_3076	6
mol_3077	7
mol_3078	7
mol_3079	0
mol_3080	5
mol_3081	0
mol_3082	7
mol_3083	3
mol_3084	9
mol_3085	5
mol_3086	6
mol_3087	0
mol_3088	6
mol_3089	2
mol_3090	3
mol_3091	1
mol_3092	7
mol_3093	2
mol_3094	0
mol_3095	8
mol_3096	1
mol_3097	3
mol_3098	1
mol_3099	7
mol_3100	3
mol_3101	7
mol_3102	1
mol_3103	0
mol_3104	4
mol_3105	4
mol_3106	1
mol_3107	8
mol_3108	6
mol_3109	0
mol_3110	7
mol_3111	8
mol_3112	8
mol_3113	0
mol_3114	0
mol_3115	5
mol_3116	1
mol_3117	3
mol_3118	8
mol_3119	0
mol_3120	4
mol_3121	2
mol_3122	7
mol_3123	2
mol_3124	7
mol_3125	0
mol_3126	7
mol_3127	4
mol_3128	7
mol_3129	9
mol_3130	7
mol_3131	7
mol_3132	3
mol_3133	7
mol_3134	9
mol_3135	0
mol_3136	3
mol_3137	9
mol_3138	2
mol_3139	0
mol_3140	3
mol_3141	1
mol_3142	3
mol_3143	6
mol_3144	6
mol_3145	0
mol_3146	1
mol_3147	7
mol_3148	4
mol_3149	6
mol_3150	9
mol_3151	1
mol_3152	8
mol_3153	2
mol_3154	7
mol_3155	5
mol_3156	0
mol_3157	2
mol_3158	3
mol_3159	3
mol_3160	0
mol_3161	3
mol_3162	7
mol_3163	8
mol_3164	8
mol_3165	7
mol_3166	8
mol_3167	8
mol_3168	5
mol_3169	0
mol_3170	9
mol_3171	5
mol_3172	1
mol_3173	8
mol_3174	9
mol_3175	7
mol_3176	6
mol_3177	7
mol_3178	7
mol_3179	9
mol_3180	1
mol_3181	1
mol_3182	0
mol_3183	7
mol_3184	7
mol_3185	9
mol_3186	7
mol_3187	1
mol_3188	8
mol_3189	5
mol_3190	6
mol_3191	3
mol_3192	9
mol_3193	7
mol_3194	0
mol_3195	1
mol_3196	5
mol_3197	7
mol_3198	8
mol_3199	1
mol_3200	7
mol_3201	1
mol_3202	2
mol_3203	8
mol_3204	1
mol_3205	2
mol_3206	9
mol_3207	0
mol_3208	9
mol_3209	0
mol_3210	2
mol_3211	8
mol_3212	4
mol_3213	5
mol_3214	5
mol_3215	6
mol_3216	0
mol_3217	0
mol_3218	9
mol_3219	4
mol_3220	0
mol_3221	6
mol_3222	8
mol_3223	1
mol_3224	6
mol_3225	8
mol_3226	9
mol_3227	2
mol_3228	7
mol_3229	1
mol_3230	8
mol_3231	9
mol_3232	5
mol_3233	7
mol_3234	2
mol_3235	0
mol_3236	1
mol_3237	5
mol_3238	9
mol_3239	2
mol_3240	4
mol_3241	2
mol_3242	1
mol_3243	7
mol_3244	7
mol_3245	7
mol_3246	7
mol_3247	7
mol_3248	1
mol_3249	6
mol_3250	9
mol_3251	7
mol_3252	4
mol_3253	5
mol_3254	7
mol_3255	1
mol_3256	9
mol_3257	1
mol_3258	9
mol_3259	8
mol_3260	8
mol_3261	9
mol_3262	7
mol_3263	8
mol_3264	9
mol_3265	7
mol_3266	1
mol_3267	8
mol_3268	0
mol_3269	9
mol_3270	0
mol_3271	0
mol_3272	7
mol_3273	3
mol_3274	0
mol_3275	3
mol_3276	4
mol_3277	1
mol_3278	0
mol_3279	7
mol_3280	2
mol_3281	7
mol_3282	9
mol_3283	2
mol_3284	2
mol_3285	6
mol_3286	9
mol_3287	7
mol_3288	7
mol_3289	0
mol_3290	6
mol_3291	4
mol_3292	0
mol_3293	0
mol_3294	1
mol_3295	2
mol_3296	0
mol_3297	5
mol_3298	8
mol_3299	3
mol_3300	0
mol_3301	7
mol_3302	0
mol_3303	1
mol_3304	7
mol_3305	0
mol_3306	1
mol_3307	5
mol_3308	8
mol_3309	1
mol_3310	9
mol_3311	6
mol_3312	6
mol_3313	5
mol_3314	7
mol_3315	0
mol_3316	6
mol_3317	7
mol_3318	1
mol_3319	2
mol_3320	1
mol_3321	1
mol_3322	3
mol_3323	7
mol_3324	9
mol_3325	3
mol_3326	7
mol_3327	0
mol_3328	6
mol_3329	9
mol_3330	0
mol_3331	0
mol_3332	9
mol_3333	9
mol_3334	7
mol_3335	9
mol_3336	1
mol_3337	0
mol_3338	3
mol_3339	5
mol_3340	3
mol_3341	0
mol_3342	1
mol_3343	2
mol_3344	0
mol_3345	7
mol_3346	0
mol_3347	7
mol_3348	5
mol_3349	3
mol_3350	9
mol_3351	1
mol_3352	5
mol_3353	3
mol_3354	2
mol_3355	6
mol_3356	7
mol_3357	7
mol_3358	4
mol_3359	2
mol_3360	7
mol_3361	0
mol_3362	0
mol_3363	2
mol_3364	8
mol_3365	7
mol_3366	6
mol_3367	9
mol_3368	9
mol_3369	3
mol_3370	3
mol_3371	7
mol_3372	9
mol_3373	0
mol_3374	7
mol_3375	6
mol_3376	9
mol_3377	2
mol_3378	8
mol_3379	5
mol_3380	5
mol_3381	1
mol_3382	3
mol_3383	8
mol_3384	3
mol_3385	3
mol_3386	7
mol_3387	7
mol_3388	9
mol_3389	3
mol_3390	8
mol_3391	9
mol_3392	6
mol_3393	6
mol_3394	8
mol_3395	0
mol_3396	7
mol_3397	1
mol_3398	7
mol_3399	4
mol_3400	7
mol_3401	0
mol_3402	1
mol_3403	7
mol_3404	9
mol_3405	7
mol_3406	2
mol_3407	5
mol_3408	8
mol_3409	9
mol_3410	1
mol_3411	7
mol_3412	8
mol_3413	4
mol_3414	8
mol_3415	7
mol_3416	1
mol_3417	0
mol_3418	3
mol_3419	5
mol_3420	9
mol_3421	2
mol_3422	5
mol_3423	5
mol_3424	4
mol_3425	1
mol_3426	1
mol_3427	3
mol_3428	3
mol_3429	7
mol_3430	7
mol_3431	8
mol_3432	6
mol_3433	7
mol_3434	8
mol_3435	6
mol_3436	0
mol_3437	9
mol_3438	7
mol_3439	1
mol_3440	2
mol_3441	9
mol_3442	0
mol_3443	7
mol_3444	4
mol_3445	3
mol_3446	7
mol_3447	3
mol_3448	7
mol_3449	9
mol_3450	1
mol_3451	8
mol_3452	7
mol_3453	2
mol_3454	6
mol_3455	6
mol_3456	3
mol_3457	4
mol_3458	8
mol_3459	0
mol_3460	0
mol_3461	5
mol_3462	1
mol_3463	7
mol_3464	1
mol_3465	1
mol_3466	2
mol_3467	0
mol_3468	3
mol_3469	0
mol_3470	2
mol_3471	7
mol_3472	3
mol_3473	6
mol_3474	8
mol_3475	6
mol_3476	8
mol_3477	7
mol_3478	4
mol_3479	4
mol_3480	1
mol_3481	3
mol_3482	7
mol_3483	4
mol_3484	6
mol_3485	1
mol_3486	7
mol_3487	1
mol_3488	2
mol_3489	4
mol_3490	9
mol_3491	0
mol_3492	3
mol_3493	2
mol_3494	4
mol_3495	0
mol_3496	8
mol_3497	5
mol_3498	8
mol_3499	0
mol_3500	8
mol_3501	2
mol_3502	1
mol_3503	0
mol_3504	9
mol_3505	2
mol_3506	2
mol_3507	8
mol_3508	4
mol_3509	7
mol_3510	5
mol_3511	1
mol_3512	2
mol_3513	7
mol_3514	7
mol_3515	8
mol_3516	7
mol_3517	0
mol_3518	0
mol_3519	3
mol_3520	1
mol_3521	6
mol_3522	7
mol_3523	7
mol_3524	9
mol_3525	8
mol_3526	9
mol_3527	2
mol_3528	8
mol_3529	7
mol_3530	5
mol_3531	3
mol_3532	4
mol_3533	4
mol_3534	9
mol_3535	3
mol_3536	9
mol_3537	3
mol_3538	6
mol_3539	8
mol_3540	0
mol_3541	1
mol_3542	7
mol_3543	6
mol_3544	7
mol_3545	6
mol_3546	7
mol_3547	4
mol_3548	5
mol_3549	3
mol_3550	0
mol_3551	0
mol_3552	0
mol_3553	1
mol_3554	0
mol_3555	6
mol_3556	0
mol_3557	9
mol_3558	7
mol_3559	4
mol_3560	7
mol_3561	7
mol_3562	0
mol_3563	1
mol_3564	1
mol_3565	6
mol_3566	1
mol_3567	6
mol_3568	5
mol_3569	3
mol_3570	9
mol_3571	6
mol_3572	5
mol_3573	1
mol_3574	7
mol_3575	9
mol_3576	0
mol_3577	7
mol_3578	1
mol_3579	9
mol_3580	8
mol_3581	1
mol_3582	0
mol_3583	7
mol_3584	3
mol_3585	0
mol_3586	3
mol_3587	9
mol_3588	7
mol_3589	0
mol_3590	7
mol_3591	0
mol_3592	1
mol_3593	7
mol_3594	7
mol_3595	0
mol_3596	8
mol_3597	0
mol_3598	0
mol_3599	5
mol_3600	7
mol_3601	1
mol_3602	1
mol_3603	6
mol_3604	9
mol_3605	1
mol_3606	1
mol_3607	9
mol_3608	0
mol_3609	6
mol_3610	2
mol_3611	2
mol_3612	9
mol_3613	7
mol_3614	1
mol_3615	8
mol_3616	7
mol_3617	7
mol_3618	7
mol_3619	5
mol_3620	3
mol_3621	4
mol_3622	0
mol_3623	5
mol_3624	9
mol_3625	8
mol_3626	5
mol_3627	8
mol_3628	3
mol_3629	4
mol_3630	6
mol_3631	2
mol_3632	5
mol_3633	6
mol_3634	7
mol_3635	9
mol_3636	7
mol_3637	8
mol_3638	9
mol_3639	4
mol_3640	5
mol_3641	2
mol_3642	8
mol_3643	1
mol_3644	8
mol_3645	9
mol_3646	0
mol_3647	4
mol_3648	0
mol_3649	7
mol_3650	0
mol_3651	1
mol_3652	9
mol_3653	8
mol_3654	0
mol_3655	7
mol_3656	8
mol_3657	9
mol_3658	8
mol_3659	0
mol_3660	8
mol_3661	7
mol_3662	6
mol_3663	9
mol_3664	2
mol_3665	2
mol_3666	9
mol_3667	4
mol_3668	4
mol_3669	0
mol_3670	1
mol_3671	7
mol_3672	0
mol_3673	9
mol_3674	2
mol_3675	6
mol_3676	0
mol_3677	6
mol_3678	1
mol_3679	9
mol_3680	3
mol_3681	2
mol_3682	7
mol_3683	1
mol_3684	6
mol_3685	6
mol_3686	6
mol_3687	7
mol_3688	0
mol_3689	7
mol_3690	7
mol_3691	2
mol_3692	2
mol_3693	5
mol_3694	8
mol_3695	6
mol_3696	1
mol_3697	7
mol_3698	7
mol_3699	3
mol_3700	7
mol_3701	9
mol_3702	2
mol_3703	7
mol_3704	1
mol_3705	1
mol_3706	1
mol_3707	0
mol_3708	6
mol_3709	9
mol_3710	2
mol_3711	1
mol_3712	8
mol_3713	6
mol_3714	9
mol_3715	2
mol_3716	0
mol_3717	6
mol_3718	7
mol_3719	7
mol_3720	0
mol_3721	8
mol_3722	9
mol_3723	6
mol_3724	8
mol_3725	9
mol_3726	3
mol_3727	2
mol_3728	3
mol_3729	1
mol_3730	1
mol_3731	9
mol_3732	2
mol_3733	7
mol_3734	7
mol_3735	8
mol_3736	8
mol_3737	9
mol_3738	4
mol_3739	9
mol_3740	0
mol_3741	0
mol_3742	6
mol_3743	7
mol_3744	1
mol_3745	8
mol_3746	2
mol_3747	8
mol_3748	0
mol_3749	1
mol_3750	1
mol_3751	7
mol_3752	6
mol_3753	9
mol_3754	2
mol_3755	1
mol_3756	0
mol_3757	2
mol_3758	5
mol_3759	7
mol_3760	1
mol_3761	6
mol_3762	7
mol_3763	7
mol_3764	6
mol_3765	1
mol_3766	6
mol_3767	0
mol_3768	8
mol_3769	8
mol_3770	1
mol_3771	6
mol_3772	7
mol_3773	9
mol_3774	0
mol_3775	6
mol_3776	0
mol_3777	3
mol_3778	6
mol_3779	5
mol_3780	7
mol_3781	6
mol_3782	7
mol_3783	3
mol_3784	8
mol_3785	7
mol_3786	4
mol_3787	4
mol_3788	0
mol_3789	5
mol_3790	5
mol_3791	2
mol_3792	3
mol_3793	0
mol_3794	8
mol_3795	0
mol_3796	1
mol_3797	4
mol_3798	9
mol_3799	9
mol_3800	3
mol_3801	1
mol_3802	9
mol_3803	6
mol_3804	0
mol_3805	0
mol_3806	2
mol_3807	7
mol_3808	4
mol_3809	7
mol_3810	2
mol_3811	5
mol_3812	2
mol_3813	9
mol_3814	3
mol_3815	9
mol_3816	2
mol_3817	6
mol_3818	0
mol_3819	2
mol_3820	0
mol_3821	7
mol_3822	1
mol_3823	8
mol_3824	4
mol_3825	7
mol_3826	6
mol_3827	2
mol_3828	9
mol_3829	8
mol_3830	2
mol_3831	3
mol_3832	1
mol_3833	9
mol_3834	1
mol_3835	7
mol_3836	9
mol_3837	1
mol_3838	3
mol_3839	0
mol_3840	4
mol_3841	3
mol_3842	7
mol_3843	3
mol_3844	7
mol_3845	4
mol_3846	0
mol_3847	9
mol_3848	7
mol_3849	1
mol_3850	1
mol_3851	2
mol_3852	0
mol_3853	5
mol_3854	8
mol_3855	0
mol_3856	1
mol_3857	3
mol_3858	2
mol_3859	4
mol_3860	7
mol_3861	2
mol_3862	5
mol_3863	8
mol_3864	2
mol_3865	6
mol_3866	0
mol_3867	4
mol_3868	6
mol_3869	0
mol_3870	4
mol_3871	8
mol_3872	9
mol_3873	5
mol_3874	5
mol_3875	9
mol_3876	6
mol_3877	8
mol_3878	5
mol_3879	9
mol_3880	5
mol_3881	8
mol_3882	3
mol_3883	1
mol_3884	0
mol_3885	6
mol_3886	9
mol_3887	8
mol_3888	2
mol_3889	1
mol_3890	6
mol_3891	3
mol_3892	1
mol_3893	1
mol_3894	8
mol_3895	7
mol_3896	0
mol_3897	7
mol_3898	4
mol_3899	6
mol_3900	1
mol_3901	5
mol_3902	8
mol_3903	7
mol_3904	3
mol_3905	8
mol_3906	9
mol_3907	0
mol_3908	6
mol_3909	1
mol_3910	9
mol_3911	8
mol_3912	5
mol_3913	4
mol_3914	7
mol_3915	0
mol_3916	9
mol_3917	4
mol_3918	1
mol_3919	0
mol_3920	5
mol_3921	9
mol_3922	4
mol_3923	9
mol_3924	1
mol_3925	0
mol_3926	1
mol_3927	4
mol_3928	6
mol_3929	2
mol_3930	9
mol_3931	1
mol_3932	8
mol_3933	9
mol_3934	9
mol_3935	1
mol_3936	2
mol_3937	3
mol_3938	1
mol_3939	7
mol_3940	7
mol_3941	9
mol_3942	5
mol_3943	5
mol_3944	9
mol_3945	2
mol_3946	5
mol_3947	1
mol_3948	1
mol_3949	7
mol_3950	0
mol_3951	9
mol_3952	1
mol_3953	9
mol_3954	0
mol_3955	1
mol_3956	1
mol_3957	0
mol_3958	7
mol_3959	0
mol_3960	0
mol_3961	9
mol_3962	9
mol_3963	6
mol_3964	3
mol_3965	7
mol_3966	3
mol_3967	8
mol_3968	3
mol_3969	5
mol_3970	8
mol_3971	3
mol_3972	0
mol_3973	8
mol_3974	1
mol_3975	8
mol_3976	7
mol_3977	7
mol_3978	1
mol_3979	1
mol_3980	4
mol_3981	5
mol_3982	7
mol_3983	1
mol_3984	1
mol_3985	2
mol_3986	8
mol_3987	7
mol_3988	5
mol_3989	2
mol_3990	2
mol_3991	9
mol_3992	8
mol_3993	2
mol_3994	9
mol_3995	2
mol_3996	7
mol_3997	7
mol_3998	8
mol_3999	3
mol_4000	5
mol_4001	7
mol_4002	2
mol_4003	1
mol_4004	8
mol_4005	7
mol_4006	9
mol_4007	7
mol_4008	1
mol_4009	7
mol_4010	8
mol_4011	3
mol_4012	7
mol_4013	0
mol_4014	1
mol_4015	0
mol_4016	0
mol_4017	5
mol_4018	7
mol_4019	8
mol_4020	4
mol_4021	0
mol_4022	3
mol_4023	0
mol_4024	2
mol_4025	3
mol_4026	2
mol_4027	3
mol_4028	1
mol_4029	7
mol_4030	7
mol_4031	2
mol_4032	7
mol_4033	7
mol_4034	3
mol_4035	8
mol_4036	6
mol_4037	1
mol_4038	7
mol_4039	0
mol_4040	7
mol_4041	7
mol_4042	7
mol_4043	9
mol_4044	2
mol_4045	8
mol_4046	6
mol_4047	7
mol_4048	9
mol_4049	6
mol_4050	0
mol_4051	0
mol_4052	2
mol_4053	2
mol_4054	0
mol_4055	8
mol_4056	1
mol_4057	0
mol_4058	0
mol_4059	9
mol_4060	7
mol_4061	8
mol_4062	9
mol_4063	9
mol_4064	3
mol_4065	5
mol_4066	2
mol_4067	0
mol_4068	4
mol_4069	6
mol_4070	8
mol_4071	2
mol_4072	8
mol_4073	1
mol_4074	4
mol_4075	7
mol_4076	6
mol_4077	8
mol_4078	3
mol_4079	6
mol_4080	5
mol_4081	2
mol_4082	7
mol_4083	7
mol_4084	4
mol_4085	9
mol_4086	6
mol_4087	6
mol_4088	9
mol_4089	1
mol_4090	9
mol_4091	7
mol_4092	9
mol_4093	9
mol_4094	7
mol_4095	0
mol_4096	5
mol_4097	5
mol_4098	7
mol_4099	7
mol_4100	4
mol_4101	7
mol_4102	1
mol_4103	0
mol_4104	7
mol_4105	1
mol_4106	6
mol_4107	7
mol_4108	6
mol_4109	8
mol_4110	2
mol_4111	2
mol_4112	4
mol_4113	3
mol_4114	6
mol_4115	6
mol_4116	1
mol_4117	6
mol_4118	9
mol_4119	6
mol_4120	6
mol_4121	5
mol_4122	4
mol_4123	7
mol_4124	5
mol_4125	5
mol_4126	3
mol_4127	5
mol_4128	7
mol_4129	0
mol_4130	0
mol_4131	7
mol_4132	1
mol_4133	3
mol_4134	4
mol_4135	0
mol_4136	0
mol_4137	3
mol_4138	4
mol_4139	7
mol_4140	7
mol_4141	2
mol_4142	6
mol_4143	4
mol_4144	3
mol_4145	6
mol_4146	7
mol_4147	3
mol_4148	2
mol_4149	5
mol_4150	2
mol_4151	0
mol_4152	6
mol_4153	1
mol_4154	7
mol_4155	6
mol_4156	8
mol_4157	2
mol_4158	6
mol_4159	0
mol_4160	3
mol_4161	7
mol_4162	3
mol_4163	2
mol_4164	6
mol_4165	9
mol_4166	9
mol_4167	7
mol_4168	0
mol_4169	3
mol_4170	6
mol_4171	6
mol_4172	8
mol_4173	7
mol_4174	7
mol_4175	0
mol_4176	8
mol_4177	9
mol_4178	0
mol_4179	9
mol_4180	9
mol_4181	7
mol_4182	7
mol_4183	1
mol_4184	1
mol_4185	8
mol_4186	5
mol_4187	1
mol_4188	7
mol_4189	7
mol_4190	7
mol_4191	5
mol_4192	8
mol_4193	9
mol_4194	7
mol_4195	5
mol_4196	7
mol_4197	7
mol_4198	6
mol_4199	0
mol_4200	5
mol_4201	1
mol_4202	1
mol_4203	2
mol_4204	8
mol_4205	1
mol_4206	1
mol_4207	5
mol_4208	2
mol_4209	0
mol_4210	9
mol_4211	5
mol_4212	8
mol_4213	7
mol_4214	0
mol_4215	6
mol_4216	0
mol_4217	9
mol_4218	6
mol_4219	1
mol_4220	8
mol_4221	0
mol_4222	7
mol_4223	7
mol_4224	8
mol_4225	6
mol_4226	7
mol_4227	7
mol_4228	7
mol_4229	2
mol_4230	4
mol_4231	5
mol_4232	2
mol_4233	1
mol_4234	1
mol_4235	3
mol_4236	7
mol_4237	9
mol_4238	9
mol_4239	2
mol_4240	0
mol_4241	6
mol_4242	1
mol_4243	1
mol_4244	0
mol_4245	5
mol_4246	2
mol_4247	1
mol_4248	9
mol_4249	1
mol_4250	1
mol_4251	7
mol_4252	1
mol_4253	9
mol_4254	1
mol_4255	8
mol_4256	7
mol_4257	3
mol_4258	1
mol_4259	2
mol_4260	1
mol_4261	0
mol_4262	9
mol_4263	0
mol_4264	3
mol_4265	2
mol_4266	2
mol_4267	0
mol_4268	7
mol_4269	7
mol_4270	5
mol_4271	8
mol_4272	8
mol_4273	2
mol_4274	2
mol_4275	3
mol_4276	1
mol_4277	8
mol_4278	2
mol_4279	2
mol_4280	1
mol_4281	0
mol_4282	5
mol_4283	1
mol_4284	1
mol_4285	7
mol_4286	7
mol_4287	7
mol_4288	7
mol_4289	1
mol_4290	2
mol_4291	5
mol_4292	8
mol_4293	7
mol_4294	1
mol_4295	5
mol_4296	0
mol_4297	7
mol_4298	5
mol_4299	7
mol_4300	3
mol_4301	7
mol_4302	1
mol_4303	9
mol_4304	7
mol_4305	3
mol_4306	3
mol_4307	7
mol_4308	5
mol_4309	7
mol_4310	0
mol_4311	2
mol_4312	6
mol_4313	1
mol_4314	1
mol_4315	7
mol_4316	5
mol_4317	9
mol_4318	2
mol_4319	2
mol_4320	2
mol_4321	6
mol_4322	5
mol_4323	2
mol_4324	7
mol_4325	5
mol_4326	5
mol_4327	2
mol_4328	8
mol_4329	1
mol_4330	4
mol_4331	0
mol_4332	0
mol_4333	7
mol_4334	1
mol_4335	6
mol_4336	7
mol_4337	4
mol_4338	7
mol_4339	2
mol_4340	8
mol_4341	7
mol_4342	6
mol_4343	1
mol_4344	1
mol_4345	9
mol_4346	1
mol_4347	6
mol_4348	1
mol_4349	8
mol_4350	0
mol_4351	7
mol_4352	0
mol_4353	9
mol_4354	1
mol_4355	8
mol_4356	5
mol_4357	0
mol_4358	8
mol_4359	7
mol_4360	1
mol_4361	1
mol_4362	1
mol_4363	9
mol_4364	7
mol_4365	9
mol_4366	7
mol_4367	5
mol_4368	0
mol_4369	6
mol_4370	0
mol_4371	1
mol_4372	6
mol_4373	2
mol_4374	8
mol_4375	1
mol_4376	7
mol_4377	7
mol_4378	1
mol_4379	8
mol_4380	7
mol_4381	2
mol_4382	5
mol_4383	1
mol_4384	1
mol_4385	1
mol_4386	2
mol_4387	5
mol_4388	7
mol_4389	9
mol_4390	0
mol_4391	8
mol_4392	0
mol_4393	7
mol_4394	7
mol_4395	0
mol_4396	9
mol_4397	2
mol_4398	0
mol_4399	3
mol_4400	3
mol_4401	3
mol_4402	7
mol_4403	3
mol_4404	1
mol_4405	5
mol_4406	7
mol_4407	6
mol_4408	6
mol_4409	5
mol_4410	7
mol_4411	8
mol_4412	6
mol_4413	0
mol_4414	0
mol_4415	7
mol_4416	7
mol_4417	5
mol_4418	1
mol_4419	6
mol_4420	8
mol_4421	9
mol_4422	7
mol_4423	4
mol_4424	2
mol_4425	5
mol_4426	1
mol_4427	4
mol_4428	8
mol_4429	6
mol_4430	3
mol_4431	8
mol_4432	2
mol_4433	8
mol_4434	7
mol_4435	0
mol_4436	0
mol_4437	5
mol_4438	2
mol_4439	7
mol_4440	9
mol_4441	0
mol_4442	0
mol_4443	0
mol_4444	1
mol_4445	3
mol_4446	1
mol_4447	2
mol_4448	6
mol_4449	7
mol_4450	5
mol_4451	0
mol_4452	2
mol_4453	9
mol_4454	8
mol_4455	0
mol_4456	7
mol_4457	9
mol_4458	9
mol_4459	3
mol_4460	7
mol_4461	5
mol_4462	9
mol_4463	2
mol_4464	9
mol_4465	9
mol_4466	3
mol_4467	3
mol_4468	4
mol_4469	8
mol_4470	3
mol_4471	1
mol_4472	9
mol_4473	7
mol_4474	7
mol_4475	0
mol_4476	8
mol_4477	8
mol_4478	8
mol_4479	7
mol_4480	3
mol_4481	5
mol_4482	0
mol_4483	5
mol_4484	9
mol_4485	0
mol_4486	7
mol_4487	7
mol_4488	1
mol_4489	5
mol_4490	9
mol_4491	9
mol_4492	8
mol_4493	7
mol_4494	2
mol_4495	7
mol_4496	1
mol_4497	1
mol_4498	7
mol_4499	1
mol_4500	6
mol_4501	7
mol_4502	4
mol_4503	0
mol_4504	1
mol_4505	7
mol_4506	4
mol_4507	2
mol_4508	4
mol_4509	8
mol_4510	5
mol_4511	1
mol_4512	1
mol_4513	8
mol_4514	0
mol_4515	5
mol_4516	8
mol_4517	3
mol_4518	7
mol_4519	5
mol_4520	9
mol_4521	0
mol_4522	4
mol_4523	8
mol_4524	7
mol_4525	2
mol_4526	0
mol_4527	0
mol_4528	7
mol_4529	1
mol_4530	0
mol_4531	3
mol_4532	3
mol_4533	5
mol_4534	8
mol_4535	9
mol_4536	9
mol_4537	3
mol_4538	9
mol_4539	9
mol_4540	0
mol_4541	8
mol_4542	2
mol_4543	1
mol_4544	8
mol_4545	7
mol_4546	2
mol_4547	1
mol_4548	5
mol_4549	1
mol_4550	7
mol_4551	0
mol_4552	5
mol_4553	5
mol_4554	2
mol_4555	7
mol_4556	8
mol_4557	7
mol_4558	2
mol_4559	5
mol_4560	0
mol_4561	0
mol_4562	1
mol_4563	8
mol_4564	1
mol_4565	9
mol_4566	5
mol_4567	7
mol_4568	0
mol_4569	0
mol_4570	4
mol_4571	1
mol_4572	1
mol_4573	4
mol_4574	9
mol_4575	1
mol_4576	2
mol_4577	1
mol_4578	7
mol_4579	8
mol_4580	1
mol_4581	9
mol_4582	0
mol_4583	6
mol_4584	0
mol_4585	3
mol_4586	0
mol_4587	8
mol_4588	0
mol_4589	1
mol_4590	7
mol_4591	0
mol_4592	1
mol_4593	8
mol_4594	0
mol_4595	1
mol_4596	1
mol_4597	6
mol_4598	1
mol_4599	3
mol_4600	7
mol_4601	1
mol_4602	2
mol_4603	7
mol_4604	0
mol_4605	5
mol_4606	7
mol_4607	1
mol_4608	8
mol_4609	9
mol_4610	1
mol_4611	9
mol_4612	2
mol_4613	5
mol_4614	2
mol_4615	7
mol_4616	7
mol_4617	4
mol_4618	0
mol_4619	6
mol_4620	0
mol_4621	6
mol_4622	0
mol_4623	0
mol_4624	8
mol_4625	9
mol_4626	4
mol_4627	3
mol_4628	0
mol_4629	4
mol_4630	8
mol_4631	7
mol_4632	8
mol_4633	9
mol_4634	9
mol_4635	1
mol_4636	7
mol_4637	9
mol_4638	7
mol_4639	2
mol_4640	9
mol_4641	7
mol_4642	7
mol_4643	0
mol_4644	3
mol_4645	7
mol_4646	2
mol_4647	8
mol_4648	7
mol_4649	7
mol_4650	4
mol_4651	7
mol_4652	7
mol_4653	0
mol_4654	1
mol_4655	0
mol_4656	1
mol_4657	9
mol_4658	5
mol_4659	8
mol_4660	1
mol_4661	0
mol_4662	7
mol_4663	1
mol_4664	9
mol_4665	9
mol_4666	7
mol_4667	7
mol_4668	9
mol_4669	1
mol_4670	0
mol_4671	7
mol_4672	9
mol_4673	6
mol_4674	8
mol_4675	0
mol_4676	5
mol_4677	3
mol_4678	2
mol_4679	5
mol_4680	1
mol_4681	9
mol_4682	2
mol_4683	0
mol_4684	8
mol_4685	8
mol_4686	3
mol_4687	8
mol_4688	2
mol_4689	8
mol_4690	7
mol_4691	6
mol_4692	6
mol_4693	7
mol_4694	6
mol_4695	7
mol_4696	9
mol_4697	1
mol_4698	0
mol_4699	9
mol_4700	0
mol_4701	9
mol_4702	7
mol_4703	0
mol_4704	2
mol_4705	8
mol_4706	1
mol_4707	9
mol_4708	2
mol_4709	7
mol_4710	3
mol_4711	9
mol_4712	7
mol_4713	1
mol_4714	5
mol_4715	2
mol_4716	9
mol_4717	5
mol_4718	4
mol_4719	8
mol_4720	5
mol_4721	7
mol_4722	7
mol_4723	7
mol_4724	0
mol_4725	7
mol_4726	1
mol_4727	9
mol_4728	0
mol_4729	3
mol_4730	3
mol_4731	5
mol_4732	8
mol_4733	0
mol_4734	8
mol_4735	9
mol_4736	8
mol_4737	7
mol_4738	8
mol_4739	4
mol_4740	2
mol_4741	1
mol_4742	9
mol_4743	0
mol_4744	1
mol_4745	9
mol_4746	7
mol_4747	7
mol_4748	6
mol_4749	1
mol_4750	1
mol_4751	7
mol_4752	6
mol_4753	9
mol_4754	8
mol_4755	4
mol_4756	7
mol_4757	2
mol_4758	0
mol_4759	2
mol_4760	0
mol_4761	7
mol_4762	6
mol_4763	2
mol_4764	7
mol_4765	3
mol_4766	3
mol_4767	3
mol_4768	7
mol_4769	9
mol_4770	0
mol_4771	9
mol_4772	2
mol_4773	1
mol_4774	2
mol_4775	4
mol_4776	7
mol_4777	0
mol_4778	0
mol_4779	9
mol_4780	0
mol_4781	2
mol_4782	8
mol_4783	7
mol_4784	8
mol_4785	4
mol_4786	6
mol_4787	0
mol_4788	9
mol_4789	0
mol_4790	7
mol_4791	9
mol_4792	9
mol_4793	1
mol_4794	9
mol_4795	0
mol_4796	0
mol_4797	7
mol_4798	9
mol_4799	6
mol_4800	8
mol_4801	3
mol_4802	7
mol_4803	0
mol_4804	2
mol_4805	4
mol_4806	2
mol_4807	8
mol_4808	1
mol_4809	3
mol_4810	6
mol_4811	7
mol_4812	4
mol_4813	8
mol_4814	4
mol_4815	8
mol_4816	1
mol_4817	0
mol_4818	3
mol_4819	1
mol_4820	8
mol_4821	9
mol_4822	8
mol_4823	7
mol_4824	0
mol_4825	6
mol_4826	3
mol_4827	4
mol_4828	1
mol_4829	7
mol_4830	6
mol_4831	2
mol_4832	9
mol_4833	6
mol_4834	0
mol_4835	7
mol_4836	8
mol_4837	8
mol_4838	8
mol_4839	0
mol_4840	8
mol_4841	3
mol_4842	8
mol_4843	8
mol_4844	4
mol_4845	7
mol_4846	8
mol_4847	1
mol_4848	8
mol_4849	8
mol_4850	7
mol_4851	2
mol_4852	2
mol_4853	2
mol_4854	6
mol_4855	4
mol_4856	9
mol_4857	1
mol_4858	7
mol_4859	8
mol_4860	7
mol_4861	6
mol_4862	7
mol_4863	1
mol_4864	6
mol_4865	7
mol_4866	9
mol_4867	7
mol_4868	6
mol_4869	1
mol_4870	0
mol_4871	1
mol_4872	8
mol_4873	4
mol_4874	8
mol_4875	3
mol_4876	7
mol_4877	5
mol_4878	0
mol_4879	9
mol_4880	6
mol_4881	0
mol_4882	2
mol_4883	5
mol_4884	2
mol_4885	4
mol_4886	9
mol_4887	7
mol_4888	2
mol_4889	7
mol_4890	2
mol_4891	7
mol_4892	0
mol_4893	1
mol_4894	7
mol_4895	7
mol_4896	1
mol_4897	7
mol_4898	1
mol_4899	0
mol_4900	0
mol_4901	6
mol_4902	0
mol_4903	7
mol_4904	7
mol_4905	2
mol_4906	1
mol_4907	1
mol_4908	6
mol_4909	8
mol_4910	8
mol_4911	5
mol_4912	2
mol_4913	0
mol_4914	9
mol_4915	8
mol_4916	0
mol_4917	0
mol_4918	2
mol_4919	2
mol_4920	1
mol_4921	2
mol_4922	9
mol_4923	0
mol_4924	0
mol_4925	3
mol_4926	8
mol_4927	1
mol_4928	6
mol_4929	1
mol_4930	7
mol_4931	9
mol_4932	7
mol_4933	8
mol_4934	7
mol_4935	0
mol_4936	0
mol_4937	1
mol_4938	2
mol_4939	7
mol_4940	2
mol_4941	7
mol_4942	3
mol_4943	1
mol_4944	7
mol_4945	1
mol_4946	3
mol_4947	7
mol_4948	7
mol_4949	8
mol_4950	7
mol_4951	1
mol_4952	7
mol_4953	8
mol_4954	6
mol_4955	2
mol_4956	2
mol_4957	0
mol_4958	6
mol_4959	8
mol_4960	6
mol_4961	7
mol_4962	1
mol_4963	7
mol_4964	1
mol_4965	9
mol_4966	0
mol_4967	2
mol_4968	3
mol_4969	4
mol_4970	0
mol_4971	1
mol_4972	0
mol_4973	5
mol_4974	8
mol_4975	4
mol_4976	7
mol_4977	1
mol_4978	2
mol_4979	7
mol_4980	0
mol_4981	5
mol_4982	9
mol_4983	3
mol_4984	5
mol_4985	0
mol_4986	0
mol_4987	8
mol_4988	2
mol_4989	8
mol_4990	9
mol_4991	1
mol_4992	7
mol_4993	1
mol_4994	4
mol_4995	4
mol_4996	1
mol_4997	0
mol_4998	5
mol_4999	5
mol_5000	4
mol_5001	0
mol_5002	8
mol_5003	9
mol_5004	0
mol_5005	3
mol_5006	8
mol_5007	2
mol_5008	4
mol_5009	1
mol_5010	8
mol_5011	3
mol_5012	1
mol_5013	2
mol_5014	7
mol_5015	2
mol_5016	7
mol_5017	4
mol_5018	6
mol_5019	1
mol_5020	7
mol_5021	7
mol_5022	9
mol_5023	2
mol_5024	3
mol_5025	6
mol_5026	3
mol_5027	3
mol_5028	5
mol_5029	0
mol_5030	0
mol_5031	1
mol_5032	4
mol_5033	7
mol_5034	8
mol_5035	7
mol_5036	3
mol_5037	6
mol_5038	4
mol_5039	1
mol_5040	8
mol_5041	5
mol_5042	2
mol_5043	8
mol_5044	9
mol_5045	1
mol_5046	7
mol_5047	6
mol_5048	8
mol_5049	3
mol_5050	0
mol_5051	3
mol_5052	6
mol_5053	7
mol_5054	8
mol_5055	7
mol_5056	2
mol_5057	0
mol_5058	0
mol_5059	7
mol_5060	8
mol_5061	6
mol_5062	9
mol_5063	1
mol_5064	0
mol_5065	7
mol_5066	6
mol_5067	4
mol_5068	8
mol_5069	7
mol_5070	9
mol_5071	1
mol_5072	8
mol_5073	7
mol_5074	9
mol_5075	5
mol_5076	0
mol_5077	0
mol_5078	0
mol_5079	6
mol_5080	4
mol_5081	6
mol_5082	1
mol_5083	2
mol_5084	9
mol_5085	0
mol_5086	5
mol_5087	5
mol_5088	7
mol_5089	3
mol_5090	0
mol_5091	0
mol_5092	7
mol_5093	7
mol_5094	0
mol_5095	1
mol_5096	6
mol_5097	0
mol_5098	9
mol_5099	7
mol_5100	9
mol_5101	0
mol_5102	6
mol_5103	0
mol_5104	0
mol_5105	8
mol_5106	4
mol_5107	5
mol_5108	0
mol_5109	9
mol_5110	9
mol_5111	6
mol_5112	3
mol_5113	0
mol_5114	9
mol_5115	6
mol_5116	7
mol_5117	9
mol_5118	7
mol_5119	1
mol_5120	8
mol_5121	4
mol_5122	3
mol_5123	1
mol_5124	0
mol_5125	7
mol_5126	3
mol_5127	9
mol_5128	0
mol_5129	9
mol_5130	7
mol_5131	7
mol_5132	8
mol_5133	2
mol_5134	0
mol_5135	0
mol_5136	0
mol_5137	5
mol_5138	0
mol_5139	1
mol_5140	3
mol_5141	9
mol_5142	7
mol_5143	7
mol_5144	8
mol_5145	8
mol_5146	0
mol_5147	7
mol_5148	6
mol_5149	9
mol_5150	4
mol_5151	9
mol_5152	5
mol_5153	9
mol_5154	3
mol_5155	1
mol_5156	3
mol_5157	6
mol_5158	8
mol_5159	3
mol_5160	7
mol_5161	8
mol_5162	1
mol_5163	5
mol_5164	5
mol_5165	4
mol_5166	0
mol_5167	0
mol_5168	8
mol_5169	1
mol_5170	9
mol_5171	9
mol_5172	8
mol_5173	0
mol_5174	7
mol_5175	2
mol_5176	7
mol_5177	1
mol_5178	7
mol_5179	7
mol_5180	6
mol_5181	1
mol_5182	9
mol_5183	6
mol_5184	4
mol_5185	9
mol_5186	5
mol_5187	9
mol_5188	9
mol_5189	0
mol_5190	9
mol_5191	8
mol_5192	7
mol_5193	3
mol_5194	9
mol_5195	5
mol_5196	5
mol_5197	0
mol_5198	9
mol_5199	6
mol_5200	0
mol_5201	6
mol_5202	9
mol_5203	0
mol_5204	7
mol_5205	9
mol_5206	7
mol_5207	2
mol_5208	9
mol_5209	7
mol_5210	0
mol_5211	7
mol_5212	0
mol_5213	7
mol_5214	6
mol_5215	7
mol_5216	2
mol_5217	0
mol_5218	7
mol_5219	9
mol_5220	3
mol_5221	5
mol_5222	3
mol_5223	1
mol_5224	8
mol_5225	7
mol_5226	1
mol_5227	0
mol_5228	2
mol_5229	9
mol_5230	7
mol_5231	3
mol_5232	0
mol_5233	7
mol_5234	3
mol_5235	6
mol_5236	6
mol_5237	6
mol_5238	8
mol_5239	2
mol_5240	5
mol_5241	1
mol_5242	2
mol_5243	9
mol_5244	0
mol_5245	1
mol_5246	8
mol_5247	8
mol_5248	0
mol_5249	7
mol_5250	9
mol_5251	9
mol_5252	7
mol_5253	0
mol_5254	7
mol_5255	2
mol_5256	4
mol_5257	5
mol_5258	9
mol_5259	3
mol_5260	8
mol_5261	7
mol_5262	7
mol_5263	2
mol_5264	7
mol_5265	9
mol_5266	1
mol_5267	7
mol_5268	6
mol_5269	0
mol_5270	7
mol_5271	7
mol_5272	5
mol_5273	1
mol_5274	7
mol_5275	7
mol_5276	2
mol_5277	9
mol_5278	0
mol_5279	2
mol_5280	4
mol_5281	2
mol_5282	7
mol_5283	1
mol_5284	2
mol_5285	1
mol_5286	6
mol_5287	2
mol_5288	0
mol_5289	7
mol_5290	9
mol_5291	6
mol_5292	9
mol_5293	1
mol_5294	7
mol_5295	3
mol_5296	6
mol_5297	4
mol_5298	0
mol_5299	2
mol_5300	2
mol_5301	8
mol_5302	7
mol_5303	2
mol_5304	7
mol_5305	2
mol_5306	5
mol_5307	7
mol_5308	2
mol_5309	9
mol_5310	9
mol_5311	0
mol_5312	1
mol_5313	8
mol_5314	9
mol_5315	0
mol_5316	8
mol_5317	9
mol_5318	8
mol_5319	1
mol_5320	6
mol_5321	3
mol_5322	0
mol_5323	5
mol_5324	2
mol_5325	9
mol_5326	7
mol_5327	6
mol_5328	9
mol_5329	9
mol_5330	0
mol_5331	1
mol_5332	2
mol_5333	7
mol_5334	7
mol_5335	4
mol_5336	9
mol_5337	0
mol_5338	7
mol_5339	2
mol_5340	9
mol_5341	3
mol_5342	7
mol_5343	0
mol_5344	0
mol_5345	3
mol_5346	3
mol_5347	1
mol_5348	1
mol_5349	7
mol_5350	9
mol_5351	5
mol_5352	4
mol_5353	7
mol_5354	5
mol_5355	5
mol_5356	9
mol_5357	0
mol_5358	5
mol_5359	0
mol_5360	2
mol_5361	1
mol_5362	7
mol_5363	6
mol_5364	0
mol_5365	7
mol_5366	7
mol_5367	0
mol_5368	7
mol_5369	4
mol_5370	1
mol_5371	6
mol_5372	3
mol_5373	8
mol_5374	1
mol_5375	7
mol_5376	6
mol_5377	9
mol_5378	0
mol_5379	3
mol_5380	6
mol_5381	1
mol_5382	7
mol_5383	4
mol_5384	1
mol_5385	4
mol_5386	7
mol_5387	0
mol_5388	6
mol_5389	9
mol_5390	8
mol_5391	7
mol_5392	9
mol_5393	9
mol_5394	6
mol_5395	1
mol_5396	8
mol_5397	0
mol_5398	1
mol_5399	5
mol_5400	1
mol_5401	1
mol_5402	0
mol_5403	7
mol_5404	0
mol_5405	8
mol_5406	9
mol_5407	5
mol_5408	0
mol_5409	1
mol_5410	7
mol_5411	6
mol_5412	3
mol_5413	9
mol_5414	7
mol_5415	0
mol_5416	8
mol_5417	7
mol_5418	7
mol_5419	8
mol_5420	8
mol_5421	1
mol_5422	7
mol_5423	2
mol_5424	8
mol_5425	3
mol_5426	8
mol_5427	1
mol_5428	0
mol_5429	1
mol_5430	2
mol_5431	1
mol_5432	0
mol_5433	2
mol_5434	1
mol_5435	3
mol_5436	1
mol_5437	8
mol_5438	0
mol_5439	1
mol_5440	1
mol_5441	0
mol_5442	5
mol_5443	0
mol_5444	6
mol_5445	7
mol_5446	9
mol_5447	9
mol_5448	4
mol_5449	0
mol_5450	2
mol_5451	9
mol_5452	1
mol_5453	4
mol_5454	6
mol_5455	7
mol_5456	0
mol_5457	3
mol_5458	7
mol_5459	8
mol_5460	0
mol_5461	8
mol_5462	2
mol_5463	4
mol_5464	9
mol_5465	7
mol_5466	7
mol_5467	7
mol_5468	4
mol_5469	3
mol_5470	3
mol_5471	1
mol_5472	9
mol_5473	9
mol_5474	6
mol_5475	2
mol_5476	1
mol_5477	1
mol_5478	3
mol_5479	2
mol_5480	0
mol_5481	6
mol_5482	2
mol_5483	3
mol_5484	0
mol_5485	0
mol_5486	2
mol_5487	9
mol_5488	1
mol_5489	2
mol_5490	5
mol_5491	6
mol_5492	0
mol_5493	0
mol_5494	6
mol_5495	7
mol_5496	8
mol_5497	9
mol_5498	8
mol_5499	1
mol_5500	7
mol_5501	2
mol_5502	7
mol_5503	2
mol_5504	7
mol_5505	7
mol_5506	7
mol_5507	8
mol_5508	5
mol_5509	0
mol_5510	7
mol_5511	5
mol_5512	9
mol_5513	1
mol_5514	7
mol_5515	7
mol_5516	9
mol_5517	7
mol_5518	2
mol_5519	2
mol_5520	2
mol_5521	7
mol_5522	2
mol_5523	7
mol_5524	7
mol_5525	9
mol_5526	1
mol_5527	7
mol_5528	7
mol_5529	1
mol_5530	8
mol_5531	3
mol_5532	1
mol_5533	7
mol_5534	7
mol_5535	0
mol_5536	5
mol_5537	6
mol_5538	6
mol_5539	5
mol_5540	9
mol_5541	8
mol_5542	1
mol_5543	0
mol_5544	2
mol_5545	5
mol_5546	7
mol_5547	4
mol_5548	9
mol_5549	9
mol_5550	9
mol_5551	9
mol_5552	2
mol_5553	2
mol_5554	7
mol_5555	1
mol_5556	2
mol_5557	7
mol_5558	7
mol_5559	3
mol_5560	8
mol_5561	7
mol_5562	5
mol_5563	9
mol_5564	1
mol_5565	2
mol_5566	5
mol_5567	7
mol_5568	1
mol_5569	4
mol_5570	7
mol_5571	7
mol_5572	3
mol_5573	7
mol_5574	8
mol_5575	9
mol_5576	0
mol_5577	6
mol_5578	2
mol_5579	9
mol_5580	9
mol_5581	6
mol_5582	1
mol_5583	4
mol_5584	4
mol_5585	4
mol_5586	2
mol_5587	1
mol_5588	0
mol_5589	3
mol_5590	8
mol_5591	7
mol_5592	1
mol_5593	8
mol_5594	9
mol_5595	6
mol_5596	3
mol_5597	7
mol_5598	0
mol_5599	5
mol_5600	0
mol_5601	3
mol_5602	0
mol_5603	0
mol_5604	7
mol_5605	9
mol_5606	1
mol_5607	7
mol_5608	9
mol_5609	8
mol_5610	1
mol_5611	9
mol_5612	9
mol_5613	7
mol_5614	3
mol_5615	2
mol_5616	7
mol_5617	5
mol_5618	5
mol_5619	0
mol_5620	7
mol_5621	7
mol_5622	3
mol_5623	8
mol_5624	0
mol_5625	8
mol_5626	0
mol_5627	8
mol_5628	8
mol_5629	1
mol_5630	1
mol_5631	8
mol_5632	0
mol_5633	2
mol_5634	2
mol_5635	0
mol_5636	0
mol_5637	7
mol_5638	0
mol_5639	0
mol_5640	2
mol_5641	4
mol_5642	7
mol_5643	1
mol_5644	6
mol_5645	0
mol_5646	1
mol_5647	2
mol_5648	7
mol_5649	5
mol_5650	1
mol_5651	9
mol_5652	1
mol_5653	5
mol_5654	7
mol_5655	5
mol_5656	8
mol_5657	7
mol_5658	7
mol_5659	2
mol_5660	3
mol_5661	5
mol_5662	1
mol_5663	6
mol_5664	7
mol_5665	0
mol_5666	7
mol_5667	9
mol_5668	8
mol_5669	3
mol_5670	2
mol_5671	6
mol_5672	5
mol_5673	7
mol_5674	1
mol_5675	7
mol_5676	1
mol_5677	3
mol_5678	3
mol_5679	0
mol_5680	8
mol_5681	7
mol_5682	9
mol_5683	0
mol_5684	0
mol_5685	6
mol_5686	9
mol_5687	4
mol_5688	0
mol_5689	0
mol_5690	3
mol_5691	1
mol_5692	2
mol_5693	3
mol_5694	8
mol_5695	2
mol_5696	9
mol_5697	7
mol_5698	9
mol_5699	7
mol_5700	0
mol_5701	3
mol_5702	1
mol_5703	8
mol_5704	3
mol_5705	9
mol_5706	7
mol_5707	1
mol_5708	7
mol_5709	4
mol_5710	0
mol_5711	1
mol_5712	8
mol_5713	7
mol_5714	0
mol_5715	9
mol_5716	7
mol_5717	7
mol_5718	7
mol_5719	7
mol_5720	2
mol_5721	1
mol_5722	9
mol_5723	5
mol_5724	7
mol_5725	8
mol_5726	1
mol_5727	1
mol_5728	7
mol_5729	9
mol_5730	8
mol_5731	4
mol_5732	0
mol_5733	1
mol_5734	3
mol_5735	7
mol_5736	1
mol_5737	0
mol_5738	9
mol_5739	7
mol_5740	7
mol_5741	1
mol_5742	7
mol_5743	1
mol_5744	7
mol_5745	4
mol_5746	1
mol_5747	6
mol_5748	0
mol_5749	0
mol_5750	1
mol_5751	8
mol_5752	9
mol_5753	3
mol_5754	9
mol_5755	3
mol_5756	2
mol_5757	7
mol_5758	7
mol_5759	7
mol_5760	6
mol_5761	7
mol_5762	6
mol_5763	6
mol_5764	2
mol_5765	0
mol_5766	9
mol_5767	0
mol_5768	9
mol_5769	5
mol_5770	9
mol_5771	4
mol_5772	9
mol_5773	8
mol_5774	4
mol_5775	9
mol_5776	6
mol_5777	0
mol_5778	9
mol_5779	7
mol_5780	5
mol_5781	5
mol_5782	2
mol_5783	2
mol_5784	3
mol_5785	1
mol_5786	1
mol_5787	9
mol_5788	7
mol_5789	8
mol_5790	0
mol_5791	3
mol_5792	6
mol_5793	0
mol_5794	6
mol_5795	7
mol_5796	2
mol_5797	0
mol_5798	0
mol_5799	7
mol_5800	0
mol_5801	1
mol_5802	8
mol_5803	9
mol_5804	7
mol_5805	0
mol_5806	1
mol_5807	8
mol_5808	7
mol_5809	8
mol_5810	2
mol_5811	5
mol_5812	1
mol_5813	7
mol_5814	1
mol_5815	5
mol_5816	5
mol_5817	2
mol_5818	3
mol_5819	6
mol_5820	9
mol_5821	0
mol_5822	9
mol_5823	8
mol_5824	0
mol_5825	1
mol_5826	8
mol_5827	4
mol_5828	7
mol_5829	0
mol_5830	0
mol_5831	7
mol_5832	3
mol_5833	9
mol_5834	8
mol_5835	1
mol_5836	4
mol_5837	0
mol_5838	0
mol_5839	1
mol_5840	9
mol_5841	9
mol_5842	7
mol_5843	5
mol_5844	1
mol_5845	6
mol_5846	2
mol_5847	9
mol_5848	1
mol_5849	7
mol_5850	1
mol_5851	4
mol_5852	4
mol_5853	7
mol_5854	6
mol_5855	0
mol_5856	1
mol_5857	4
mol_5858	5
mol_5859	4
mol_5860	9
mol_5861	9
mol_5862	7
mol_5863	1
mol_5864	7
mol_5865	7
mol_5866	4
mol_5867	8
mol_5868	7
mol_5869	1
mol_5870	9
mol_5871	5
mol_5872	2
mol_5873	3
mol_5874	5
mol_5875	7
mol_5876	3
mol_5877	7
mol_5878	7
mol_5879	6
mol_5880	2
mol_5881	6
mol_5882	8
mol_5883	1
mol_5884	7
mol_5885	8
mol_5886	1
mol_5887	6
mol_5888	0
mol_5889	2
mol_5890	8
mol_5891	2
mol_5892	3
mol_5893	1
mol_5894	7
mol_5895	9
mol_5896	0
mol_5897	7
mol_5898	5
mol_5899	4
mol_5900	6
mol_5901	3
mol_5902	8
mol_5903	9
mol_5904	7
mol_5905	7
mol_5906	5
mol_5907	4
mol_5908	0
mol_5909	7
mol_5910	9
mol_5911	2
mol_5912	3
mol_5913	8
mol_5914	3
mol_5915	9
mol_5916	9
mol_5917	4
mol_5918	8
mol_5919	7
mol_5920	5
mol_5921	6
mol_5922	5
mol_5923	2
mol_5924	1
mol_5925	7
mol_5926	7
mol_5927	1
mol_5928	3
mol_5929	8
mol_5930	5
mol_5931	0
mol_5932	9
mol_5933	4
mol_5934	2
mol_5935	9
mol_5936	2
mol_5937	8
mol_5938	0
mol_5939	0
mol_5940	0
mol_5941	3
mol_5942	1
mol_5943	7
mol_5944	1
mol_5945	7
mol_5946	9
mol_5947	7
mol_5948	8
mol_5949	7
mol_5950	8
mol_5951	1
mol_5952	3
mol_5953	7
mol_5954	4
mol_5955	1
mol_5956	2
mol_5957	1
mol_5958	9
mol_5959	0
mol_5960	9
mol_5961	0
mol_5962	1
mol_5963	6
mol_5964	6
mol_5965	9
mol_5966	7
mol_5967	6
mol_5968	9
mol_5969	0
mol_5970	5
mol_5971	3
mol_5972	1
mol_5973	9
mol_5974	9
mol_5975	4
mol_5976	8
mol_5977	3
mol_5978	7
mol_5979	3
mol_5980	1
mol_5981	7
mol_5982	5
mol_5983	1
mol_5984	2
mol_5985	0
mol_5986	7
mol_5987	0
mol_5988	4
mol_5989	5
mol_5990	9
mol_5991	0
mol_5992	5
mol_5993	7
mol_5994	0
mol_5995	3
mol_5996	6
mol_5997	2
mol_5998	8
mol_5999	3
mol_6000	3
mol_6001	9
mol_6002	4
mol_6003	7
mol_6004	7
mol_6005	8
mol_6006	3
mol_6007	7
mol_6008	0
mol_6009	2
mol_6010	7
mol_6011	2
mol_6012	7
mol_6013	2
mol_6014	2
mol_6015	2
mol_6016	0
mol_6017	6
mol_6018	3
mol_6019	9
mol_6020	8
mol_6021	0
mol_6022	2
mol_6023	4
mol_6024	2
mol_6025	5
mol_6026	7
mol_6027	3
mol_6028	1
mol_6029	9
mol_6030	8
mol_6031	7
mol_6032	7
mol_6033	7
mol_6034	7
mol_6035	7
mol_6036	9
mol_6037	6
mol_6038	9
mol_6039	7
mol_6040	0
mol_6041	6
mol_6042	1
mol_6043	5
mol_6044	9
mol_6045	7
mol_6046	5
mol_6047	6
mol_6048	7
mol_6049	8
mol_6050	7
mol_6051	0
mol_6052	6
mol_6053	5
mol_6054	7
mol_6055	5
mol_6056	9
mol_6057	6
mol_6058	9
mol_6059	6
mol_6060	4
mol_6061	7
mol_6062	7
mol_6063	1
mol_6064	5
mol_6065	1
mol_6066	1
mol_6067	1
mol_6068	9
mol_6069	4
mol_6070	8
mol_6071	1
mol_6072	5
mol_6073	9
mol_6074	6
mol_6075	9
mol_6076	6
mol_6077	7
mol_6078	9
mol_6079	8
mol_6080	7
mol_6081	9
mol_6082	0
mol_6083	1
mol_6084	2
mol_6085	5
mol_6086	6
mol_6087	1
mol_6088	6
mol_6089	9
mol_6090	0
mol_6091	2
mol_6092	3
mol_6093	0
mol_6094	2
mol_6095	0
mol_6096	9
mol_6097	8
mol_6098	6
mol_6099	9
mol_6100	2
mol_6101	3
mol_6102	1
mol_6103	2
mol_6104	7
mol_6105	9
mol_6106	3
mol_6107	8
mol_6108	5
mol_6109	6
mol_6110	8
mol_6111	1
mol_6112	1
mol_6113	7
mol_6114	9
mol_6115	9
mol_6116	9
mol_6117	7
mol_6118	4
mol_6119	0
mol_6120	9
mol_6121	6
mol_6122	4
mol_6123	7
mol_6124	2
mol_6125	2
mol_6126	3
mol_6127	7
mol_6128	7
mol_6129	8
mol_6130	7
mol_6131	8
mol_6132	7
mol_6133	6
mol_6134	3
mol_6135	4
mol_6136	5
mol_6137	7
mol_6138	7
mol_6139	1
mol_6140	2
mol_6141	4
mol_6142	7
mol_6143	9
mol_6144	0
mol_6145	8
mol_6146	7
mol_6147	7
mol_6148	9
mol_6149	7
mol_6150	7
mol_6151	4
mol_6152	4
mol_6153	0
mol_6154	5
mol_6155	1
mol_6156	4
mol_6157	7
mol_6158	6
mol_6159	9
mol_6160	2
mol_6161	2
mol_6162	3
mol_6163	8
mol_6164	0
mol_6165	8
mol_6166	0
mol_6167	2
mol_6168	2
mol_6169	9
mol_6170	9
mol_6171	9
mol_6172	6
mol_6173	5
mol_6174	0
mol_6175	3
mol_6176	3
mol_6177	6
mol_6178	4
mol_6179	0
mol_6180	6
mol_6181	2
mol_6182	1
mol_6183	1
mol_6184	0
mol_6185	1
mol_6186	0
mol_6187	2
mol_6188	5
mol_6189	2
mol_6190	0
mol_6191	1
mol_6192	0
mol_6193	0
mol_6194	5
mol_6195	5
mol_6196	7
mol_6197	9
mol_6198	0
mol_6199	0
mol_6200	3
mol_6201	7
mol_6202	1
mol_6203	2
mol_6204	9
mol_6205	7
mol_6206	7
mol_6207	8
mol_6208	3
mol_6209	1
mol_6210	1
mol_6211	2
mol_6212	0
mol_6213	0
mol_6214	2
mol_6215	3
mol_6216	0
mol_6217	2
mol_6218	5
mol_6219	7
mol_6220	7
mol_6221	7
mol_6222	3
mol_6223	8
mol_6224	0
mol_6225	8
mol_6226	6
mol_6227	8
mol_6228	7
mol_6229	3
mol_6230	0
mol_6231	7
mol_6232	0
mol_6233	6
mol_6234	1
mol_6235	1
mol_6236	7
mol_6237	7
mol_6238	8
mol_6239	9
mol_6240	7
mol_6241	7
mol_6242	7
mol_6243	5
mol_6244	9
mol_6245	3
mol_6246	4
mol_6247	9
mol_6248	0
mol_6249	0
mol_6250	0
mol_6251	8
mol_6252	0
mol_6253	5
mol_6254	1
mol_6255	9
mol_6256	5
mol_6257	9
mol_6258	7
mol_6259	2
mol_6260	1
mol_6261	8
mol_6262	3
mol_6263	7
mol_6264	7
mol_6265	3
mol_6266	5
mol_6267	6
mol_6268	1
mol_6269	3
mol_6270	7
mol_6271	7
mol_6272	9
mol_6273	8
mol_6274	8
mol_6275	2
mol_6276	2
mol_6277	6
mol_6278	8
mol_6279	8
mol_6280	7
mol_6281	7
mol_6282	0
mol_6283	4
mol_6284	5
mol_6285	7
mol_6286	7
mol_6287	5
mol_6288	8
mol_6289	0
mol_6290	3
mol_6291	0
mol_6292	8
mol_6293	1
mol_6294	6
mol_6295	9
mol_6296	7
mol_6297	7
mol_6298	2
mol_6299	6
mol_6300	7
mol_6301	9
mol_6302	1
mol_6303	1
mol_6304	3
mol_6305	7
mol_6306	0
mol_6307	2
mol_6308	7
mol_6309	1
mol_6310	7
mol_6311	7
mol_6312	5
mol_6313	7
mol_6314	1
mol_6315	1
mol_6316	3
mol_6317	6
mol_6318	4
mol_6319	3
mol_6320	5
mol_6321	9
mol_6322	1
mol_6323	0
mol_6324	2
mol_6325	9
mol_6326	8
mol_6327	7
mol_6328	7
mol_6329	9
mol_6330	1
mol_6331	1
mol_6332	1
mol_6333	9
mol_6334	3
mol_6335	3
mol_6336	6
mol_6337	8
mol_6338	6
mol_6339	1
mol_6340	2
mol_6341	6
mol_6342	9
mol_6343	7
mol_6344	9
mol_6345	7
mol_6346	6
mol_6347	2
mol_6348	2
mol_6349	6
mol_6350	7
mol_6351	7
mol_6352	4
mol_6353	1
mol_6354	7
mol_6355	3
mol_6356	6
mol_6357	8
mol_6358	2
mol_6359	5
mol_6360	5
mol_6361	8
mol_6362	0
mol_6363	6
mol_6364	2
mol_6365	1
mol_6366	1
mol_6367	6
mol_6368	1
mol_6369	1
mol_6370	9
mol_6371	9
mol_6372	3
mol_6373	2
mol_6374	8
mol_6375	4
mol_6376	3
mol_6377	1
mol_6378	0
mol_6379	5
mol_6380	8
mol_6381	0
mol_6382	2
mol_6383	9
mol_6384	8
mol_6385	9
mol_6386	9
mol_6387	6
mol_6388	1
mol_6389	2
mol_6390	1
mol_6391	0
mol_6392	2
mol_6393	9
mol_6394	5
mol_6395	5
mol_6396	2
mol_6397	4
mol_6398	7
mol_6399	6
mol_6400	0
mol_6401	8
mol_6402	5
mol_6403	4
mol_6404	0
mol_6405	8
mol_6406	3
mol_6407	7
mol_6408	9
mol_6409	3
mol_6410	4
mol_6411	1
mol_6412	6
mol_6413	2
mol_6414	8
mol_6415	3
mol_6416	4
mol_6417	1
mol_6418	0
mol_6419	8
mol_6420	2
mol_6421	1
mol_6422	7
mol_6423	9
mol_6424	3
mol_6425	7
mol_6426	1
mol_6427	5
mol_6428	5
mol_6429	7
mol_6430	6
mol_6431	7
mol_6432	0
mol_6433	8
mol_6434	7
mol_6435	7
mol_6436	0
mol_6437	0
mol_6438	8
mol_6439	9
mol_6440	7
mol_6441	7
mol_6442	4
mol_6443	1
mol_6444	2
mol_6445	3
mol_6446	9
mol_6447	7
mol_6448	9
mol_6449	1
mol_6450	6
mol_6451	5
mol_6452	1
mol_6453	9
mol_6454	0
mol_6455	6
mol_6456	3
mol_6457	2
mol_6458	7
mol_6459	5
mol_6460	2
mol_6461	7
mol_6462	5
mol_6463	2
mol_6464	0
mol_6465	2
mol_6466	2
mol_6467	0
mol_6468	2
mol_6469	2
mol_6470	8
mol_6471	9
mol_6472	3
mol_6473	3
mol_6474	8
mol_6475	8
mol_6476	0
mol_6477	5
mol_6478	5
mol_6479	1
mol_6480	0
mol_6481	7
mol_6482	7
mol_6483	1
mol_6484	0
mol_6485	1
mol_6486	8
mol_6487	7
mol_6488	1
mol_6489	7
mol_6490	5
mol_6491	5
mol_6492	8
mol_6493	5
mol_6494	3
mol_6495	2
mol_6496	7
mol_6497	7
mol_6498	9
mol_6499	7
mol_6500	3
mol_6501	9
mol_6502	2
mol_6503	2
mol_6504	7
mol_6505	6
mol_6506	5
mol_6507	4
mol_6508	5
mol_6509	7
mol_6510	8
mol_6511	2
mol_6512	3
mol_6513	0
mol_6514	1
mol_6515	4
mol_6516	7
mol_6517	2
mol_6518	4
mol_6519	8
mol_6520	2
mol_6521	7
mol_6522	8
mol_6523	7
mol_6524	9
mol_6525	1
mol_6526	5
mol_6527	1
mol_6528	8
mol_6529	8
mol_6530	9
mol_6531	4
mol_6532	1
mol_6533	1
mol_6534	0
mol_6535	9
mol_6536	4
mol_6537	4
mol_6538	1
mol_6539	1
mol_6540	0
mol_6541	8
mol_6542	0
mol_6543	6
mol_6544	7
mol_6545	7
mol_6546	0
mol_6547	0
mol_6548	1
mol_6549	0
mol_6550	9
mol_6551	7
mol_6552	0
mol_6553	6
mol_6554	8
mol_6555	6
mol_6556	0
mol_6557	9
mol_6558	1
mol_6559	5
mol_6560	0
mol_6561	1
mol_6562	1
mol_6563	3
mol_6564	3
mol_6565	4
mol_6566	8
mol_6567	5
mol_6568	1
mol_6569	2
mol_6570	1
mol_6571	1
mol_6572	4
mol_6573	9
mol_6574	9
mol_6575	6
mol_6576	0
mol_6577	3
mol_6578	2
mol_6579	2
mol_6580	1
mol_6581	0
mol_6582	8
mol_6583	7
mol_6584	6
mol_6585	9
mol_6586	8
mol_6587	2
mol_6588	7
mol_6589	1
mol_6590	9
mol_6591	9
mol_6592	7
mol_6593	7
mol_6594	2
mol_6595	9
mol_6596	1
mol_6597	7
mol_6598	4
mol_6599	9
mol_6600	2
mol_6601	0
mol_6602	4
mol_6603	2
mol_6604	2
mol_6605	0
mol_6606	2
mol_6607	3
mol_6608	7
mol_6609	4
mol_6610	1
mol_6611	9
mol_6612	0
mol_6613	1
mol_6614	2
mol_6615	1
mol_6616	5
mol_6617	1
mol_6618	7
mol_6619	8
mol_6620	1
mol_6621	0
mol_6622	2
mol_6623	7
mol_6624	6
mol_6625	2
mol_6626	1
mol_6627	1
mol_6628	4
mol_6629	5
mol_6630	7
mol_6631	1
mol_6632	2
mol_6633	0
mol_6634	9
mol_6635	1
mol_6636	0
mol_6637	8
mol_6638	1
mol_6639	6
mol_6640	1
mol_6641	2
mol_6642	8
mol_6643	2
mol_6644	0
mol_6645	8
mol_6646	0
mol_6647	8
mol_6648	8
mol_6649	9
mol_6650	1
mol_6651	9
mol_6652	2
mol_6653	1
mol_6654	9
mol_6655	6
mol_6656	5
mol_6657	1
mol_6658	1
mol_6659	0
mol_6660	7
mol_6661	8
mol_6662	5
mol_6663	3
mol_6664	2
mol_6665	2
mol_6666	7
mol_6667	5
mol_6668	5
mol_6669	0
mol_6670	3
mol_6671	9
mol_6672	7
mol_6673	9
mol_6674	7
mol_6675	2
mol_6676	5
mol_6677	8
mol_6678	0
mol_6679	7
mol_6680	6
mol_6681	3
mol_6682	3
mol_6683	1
mol_6684	7
mol_6685	0
mol_6686	7
mol_6687	1
mol_6688	2
mol_6689	9
mol_6690	4
mol_6691	4
mol_6692	8
mol_6693	9
mol_6694	0
mol_6695	7
mol_6696	3
mol_6697	7
mol_6698	5
mol_6699	7
mol_6700	0
mol_6701	7
mol_6702	1
mol_6703	9
mol_6704	1
mol_6705	0
mol_6706	7
mol_6707	6
mol_6708	0
mol_6709	1
mol_6710	3
mol_6711	7
mol_6712	0
mol_6713	3
mol_6714	6
mol_6715	7
mol_6716	4
mol_6717	0
mol_6718	6
mol_6719	6
mol_6720	0
mol_6721	9
mol_6722	9
mol_6723	7
mol_6724	9
mol_6725	2
mol_6726	2
mol_6727	2
mol_6728	7
mol_6729	3
mol_6730	9
mol_6731	7
mol_6732	8
mol_6733	8
mol_6734	5
mol_6735	6
mol_6736	9
mol_6737	3
mol_6738	7
mol_6739	2
mol_6740	7
mol_6741	9
mol_6742	1
mol_6743	1
mol_6744	1
mol_6745	6
mol_6746	6
mol_6747	6
mol_6748	8
mol_6749	3
mol_6750	5
mol_6751	1
mol_6752	8
mol_6753	0
mol_6754	9
mol_6755	9
mol_6756	7
mol_6757	1
mol_6758	1
mol_6759	0
mol_6760	7
mol_6761	1
mol_6762	3
mol_6763	9
mol_6764	6
mol_6765	1
mol_6766	9
mol_6767	8
mol_6768	7
mol_6769	9
mol_6770	7
mol_6771	2
mol_6772	8
mol_6773	3
mol_6774	9
mol_6775	8
mol_6776	1
mol_6777	0
mol_6778	3
mol_6779	4
mol_6780	5
mol_6781	6
mol_6782	9
mol_6783	2
mol_6784	1
mol_6785	3
mol_6786	1
mol_6787	7
mol_6788	8
mol_6789	0
mol_6790	5
mol_6791	1
mol_6792	0
mol_6793	4
mol_6794	2
mol_6795	2
mol_6796	3
mol_6797	3
mol_6798	4
mol_6799	1
mol_6800	8
mol_6801	3
mol_6802	1
mol_6803	5
mol_6804	5
mol_6805	2
mol_6806	4
mol_6807	0
mol_6808	7
mol_6809	7
mol_6810	7
mol_6811	0
mol_6812	4
mol_6813	4
mol_6814	9
mol_6815	9
mol_6816	0
mol_6817	7
mol_6818	7
mol_6819	0
mol_6820	2
mol_6821	3
mol_6822	1
mol_6823	3
mol_6824	6
mol_6825	7
mol_6826	5
mol_6827	5
mol_6828	9
mol_6829	8
mol_6830	9
mol_6831	3
mol_6832	0
mol_6833	9
mol_6834	7
mol_6835	2
mol_6836	9
mol_6837	6
mol_6838	2
mol_6839	6
mol_6840	1
mol_6841	8
mol_6842	9
mol_6843	0
mol_6844	1
mol_6845	5
mol_6846	0
mol_6847	1
mol_6848	4
mol_6849	8
mol_6850	6
mol_6851	9
mol_6852	2
mol_6853	5
mol_6854	0
mol_6855	1
mol_6856	4
mol_6857	3
mol_6858	5
mol_6859	2
mol_6860	9
mol_6861	3
mol_6862	8
mol_6863	1
mol_6864	1
mol_6865	7
mol_6866	8
mol_6867	6
mol_6868	9
mol_6869	4
mol_6870	0
mol_6871	6
mol_6872	8
mol_6873	2
mol_6874	3
mol_6875	9
mol_6876	8
mol_6877	7
mol_6878	5
mol_6879	3
mol_6880	5
mol_6881	5
mol_6882	4
mol_6883	6
mol_6884	2
mol_6885	4
mol_6886	7
mol_6887	5
mol_6888	3
mol_6889	3
mol_6890	3
mol_6891	6
mol_6892	9
mol_6893	9
mol_6894	7
mol_6895	7
mol_6896	1
mol_6897	0
mol_6898	2
mol_6899	7
mol_6900	3
mol_6901	4
mol_6902	6
mol_6903	7
mol_6904	1
mol_6905	9
mol_6906	3
mol_6907	6
mol_6908	9
mol_6909	8
mol_6910	1
mol_6911	1
mol_6912	6
mol_6913	7
mol_6914	1
mol_6915	5
mol_6916	1
mol_6917	0
mol_6918	9
mol_6919	7
mol_6920	5
mol_6921	7
mol_6922	2
mol_6923	4
mol_6924	7
mol_6925	0
mol_6926	0
mol_6927	8
mol_6928	8
mol_6929	0
mol_6930	8
mol_6931	5
mol_6932	0
mol_6933	8
mol_6934	2
mol_6935	1
mol_6936	0
mol_6937	1
mol_6938	0
mol_6939	9
mol_6940	2
mol_6941	7
mol_6942	4
mol_6943	1
mol_6944	0
mol_6945	5
mol_6946	3
mol_6947	6
mol_6948	3
mol_6949	6
mol_6950	5
mol_6951	7
mol_6952	0
mol_6953	7
mol_6954	0
mol_6955	5
mol_6956	0
mol_6957	3
mol_6958	7
mol_6959	8
mol_6960	7
mol_6961	1
mol_6962	7
mol_6963	7
mol_6964	9
mol_6965	7
mol_6966	1
mol_6967	4
mol_6968	1
mol_6969	8
mol_6970	5
mol_6971	9
mol_6972	1
mol_6973	2
mol_6974	2
mol_6975	1
mol_6976	7
mol_6977	0
mol_6978	0
mol_6979	7
mol_6980	1
mol_6981	0
mol_6982	3
mol_6983	9
mol_6984	5
mol_6985	3
mol_6986	8
mol_6987	3
mol_6988	4
mol_6989	0
mol_6990	7
mol_6991	7
mol_6992	9
mol_6993	1
mol_6994	9
mol_6995	9
mol_6996	7
mol_6997	1
mol_6998	1
mol_6999	8
mol_7000	1
mol_7001	8
mol_7002	6
mol_7003	7
mol_7004	2
mol_7005	6
mol_7006	6
mol_7007	6
mol_7008	5
mol_7009	7
mol_7010	7
mol_7011	7
mol_7012	3
mol_7013	9
mol_7014	5
mol_7015	8
mol_7016	4
mol_7017	9
mol_7018	7
mol_7019	3
mol_7020	9
mol_7021	1
mol_7022	1
mol_7023	8
mol_7024	1
mol_7025	3
mol_7026	6
mol_7027	5
mol_7028	7
mol_7029	1
mol_7030	3
mol_7031	0
mol_7032	6
mol_7033	8
mol_7034	5
mol_7035	2
mol_7036	2
mol_7037	0
mol_7038	7
mol_7039	7
mol_7040	1
mol_7041	1
mol_7042	7
mol_7043	0
mol_7044	5
mol_7045	9
mol_7046	9
mol_7047	8
mol_7048	7
mol_7049	2
mol_7050	4
mol_7051	7
mol_7052	7
mol_7053	9
mol_7054	6
mol_7055	1
mol_7056	6
mol_7057	3
mol_7058	3
mol_7059	1
mol_7060	2
mol_7061	9
mol_7062	1
mol_7063	1
mol_7064	1
mol_7065	7
mol_7066	7
mol_7067	5
mol_7068	1
mol_7069	9
mol_7070	5
mol_7071	7
mol_7072	8
mol_7073	8
mol_7074	7
mol_7075	1
mol_7076	9
mol_7077	7
mol_7078	7
mol_7079	8
mol_7080	7
mol_7081	7
mol_7082	9
mol_7083	8
mol_7084	2
mol_7085	6
mol_7086	0
mol_7087	5
mol_7088	0
mol_7089	9
mol_7090	9
mol_7091	1
mol_7092	8
mol_7093	8
mol_7094	2
mol_7095	8
mol_7096	9
mol_7097	8
mol_7098	7
mol_7099	2
mol_7100	7
mol_7101	9
mol_7102	1
mol_7103	1
mol_7104	2
mol_7105	7
mol_7106	7
mol_7107	2
mol_7108	0
mol_7109	2
mol_7110	5
mol_7111	8
mol_7112	1
mol_7113	8
mol_7114	9
mol_7115	0
mol_7116	1
mol_7117	2
mol_7118	7
mol_7119	7
mol_7120	9
mol_7121	2
mol_7122	0
mol_7123	9
mol_7124	8
mol_7125	6
mol_7126	0
mol_7127	9
mol_7128	2
mol_7129	5
mol_7130	0
mol_7131	3
mol_7132	1
mol_7133	2
mol_7134	3
mol_7135	0
mol_7136	7
mol_7137	9
mol_7138	2
mol_7139	0
mol_7140	5
mol_7141	9
mol_7142	8
mol_7143	7
mol_7144	1
mol_7145	7
mol_7146	7
mol_7147	9
mol_7148	0
mol_7149	3
mol_7150	8
mol_7151	7
mol_7152	5
mol_7153	4
mol_7154	9
mol_7155	4
mol_7156	1
mol_7157	7
mol_7158	1
mol_7159	9
mol_7160	7
mol_7161	7
mol_7162	0
mol_7163	5
mol_7164	1
mol_7165	3
mol_7166	9
mol_7167	1
mol_7168	1
mol_7169	9
mol_7170	7
mol_7171	9
mol_7172	4
mol_7173	1
mol_7174	8
mol_7175	5
mol_7176	4
mol_7177	4
mol_7178	9
mol_7179	9
mol_7180	9
mol_7181	9
mol_7182	7
mol_7183	1
mol_7184	2
mol_7185	1
mol_7186	4
mol_7187	0
mol_7188	4
mol_7189	4
mol_7190	9
mol_7191	8
mol_7192	0
mol_7193	6
mol_7194	9
mol_7195	2
mol_7196	1
mol_7197	1
mol_7198	6
mol_7199	0
mol_7200	7
mol_7201	2
mol_7202	9
mol_7203	8
mol_7204	5
mol_7205	1
mol_7206	0
mol_7207	3
mol_7208	9
mol_7209	8
mol_7210	1
mol_7211	1
mol_7212	2
mol_7213	7
mol_7214	7
mol_7215	2
mol_7216	5
mol_7217	2
mol_7218	0
mol_7219	7
mol_7220	6
mol_7221	7
mol_7222	1
mol_7223	1
mol_7224	7
mol_7225	5
mol_7226	1
mol_7227	7
mol_7228	0
mol_7229	7
mol_7230	2
mol_7231	1
mol_7232	9
mol_7233	6
mol_7234	8
mol_7235	8
mol_7236	9
mol_7237	9
mol_7238	6
mol_7239	1
mol_7240	3
mol_7241	0
mol_7242	6
mol_7243	9
mol_7244	7
mol_7245	2
mol_7246	4
mol_7247	5
mol_7248	2
mol_7249	3
mol_7250	1
mol_7251	7
mol_7252	1
mol_7253	0
mol_7254	0
mol_7255	5
mol_7256	1
mol_7257	0
mol_7258	9
mol_7259	6
mol_7260	1
mol_7261	9
mol_7262	0
mol_7263	5
mol_7264	7
mol_7265	5
mol_7266	5
mol_7267	6
mol_7268	4
mol_7269	3
mol_7270	9
mol_7271	4
mol_7272	0
mol_7273	9
mol_7274	7
mol_7275	8
mol_7276	7
mol_7277	7
mol_7278	7
mol_7279	0
mol_7280	4
mol_7281	8
mol_7282	6
mol_7283	1
mol_7284	7
mol_7285	1
mol_7286	7
mol_7287	6
mol_7288	8
mol_7289	7
mol_7290	2
mol_7291	3
mol_7292	7
mol_7293	7
mol_7294	6
mol_7295	2
mol_7296	9
mol_7297	0
mol_7298	6
mol_7299	6
mol_7300	0
mol_7301	7
mol_7302	0
mol_7303	1
mol_7304	6
mol_7305	9
mol_7306	1
mol_7307	4
mol_7308	0
mol_7309	9
mol_7310	9
mol_7311	0
mol_7312	7
mol_7313	2
mol_7314	1
mol_7315	9
mol_7316	7
mol_7317	5
mol_7318	8
mol_7319	9
mol_7320	1
mol_7321	7
mol_7322	2
mol_7323	7
mol_7324	0
mol_7325	3
mol_7326	4
mol_7327	1
mol_7328	0
mol_7329	0
mol_7330	5
mol_7331	9
mol_7332	8
mol_7333	7
mol_7334	7
mol_7335	1
mol_7336	2
mol_7337	8
mol_7338	9
mol_7339	4
mol_7340	5
mol_7341	0
mol_7342	7
mol_7343	9
mol_7344	7
mol_7345	9
mol_7346	1
mol_7347	0
mol_7348	2
mol_7349	0
mol_7350	8
mol_7351	8
mol_7352	7
mol_7353	1
mol_7354	0
mol_7355	7
mol_7356	5
mol_7357	9
mol_7358	2
mol_7359	9
mol_7360	6
mol_7361	1
mol_7362	9
mol_7363	2
mol_7364	3
mol_7365	1
mol_7366	0
mol_7367	3
mol_7368	0
mol_7369	7
mol_7370	7
mol_7371	1
mol_7372	1
mol_7373	8
mol_7374	1
mol_7375	5
mol_7376	6
mol_7377	1
mol_7378	6
mol_7379	0
mol_7380	0
mol_7381	2
mol_7382	7
mol_7383	7
mol_7384	5
mol_7385	1
mol_7386	9
mol_7387	0
mol_7388	2
mol_7389	3
mol_7390	9
mol_7391	6
mol_7392	9
mol_7393	6
mol_7394	3
mol_7395	2
mol_7396	0
mol_7397	9
mol_7398	6
mol_7399	9
mol_7400	6
mol_7401	6
mol_7402	4
mol_7403	3
mol_7404	7
mol_7405	0
mol_7406	1
mol_7407	3
mol_7408	8
mol_7409	3
mol_7410	7
mol_7411	3
mol_7412	3
mol_7413	4
mol_7414	6
mol_7415	9
mol_7416	7
mol_7417	1
mol_7418	9
mol_7419	2
mol_7420	4
mol_7421	7
mol_7422	0
mol_7423	8
mol_7424	0
mol_7425	7
mol_7426	9
mol_7427	8
mol_7428	0
mol_7429	1
mol_7430	7
mol_7431	9
mol_7432	7
mol_7433	5
mol_7434	2
mol_7435	3
mol_7436	7
mol_7437	0
mol_7438	6
mol_7439	8
mol_7440	8
mol_7441	0
mol_7442	3
mol_7443	7
mol_7444	2
mol_7445	7
mol_7446	1
mol_7447	6
mol_7448	2
mol_7449	8
mol_7450	0
mol_7451	2
mol_7452	9
mol_7453	0
mol_7454	0
mol_7455	1
mol_7456	7
mol_7457	1
mol_7458	0
mol_7459	7
mol_7460	2
mol_7461	1
mol_7462	5
mol_7463	4
mol_7464	9
mol_7465	4
mol_7466	1
mol_7467	9
mol_7468	9
mol_7469	9
mol_7470	7
mol_7471	3
mol_7472	8
mol_7473	1
mol_7474	8
mol_7475	7
mol_7476	1
mol_7477	9
mol_7478	9
mol_7479	7
mol_7480	9
mol_7481	7
mol_7482	6
mol_7483	7
mol_7484	4
mol_7485	8
mol_7486	7
mol_7487	1
mol_7488	5
mol_7489	8
mol_7490	8
mol_7491	0
mol_7492	7
mol_7493	7
mol_7494	1
mol_7495	8
mol_7496	3
mol_7497	6
mol_7498	7
mol_7499	2
mol_7500	3
mol_7501	5
mol_7502	3
mol_7503	4
mol_7504	9
mol_7505	7
mol_7506	3
mol_7507	1
mol_7508	8
mol_7509	1
mol_7510	7
mol_7511	0
mol_7512	1
mol_7513	6
mol_7514	2
mol_7515	7
mol_7516	9
mol_7517	8
mol_7518	2
mol_7519	8
mol_7520	7
mol_7521	4
mol_7522	8
mol_7523	7
mol_7524	4
mol_7525	3
mol_7526	5
mol_7527	4
mol_7528	7
mol_7529	2
mol_7530	9
mol_7531	0
mol_7532	9
mol_7533	9
mol_7534	4
mol_7535	0
mol_7536	7
mol_7537	9
mol_7538	0
mol_7539	4
mol_7540	9
mol_7541	4
mol_7542	6
mol_7543	1
mol_7544	0
mol_7545	5
mol_7546	9
mol_7547	4
mol_7548	0
mol_7549	9
mol_7550	0
mol_7551	8
mol_7552	6
mol_7553	0
mol_7554	7
mol_7555	9
mol_7556	9
mol_7557	9
mol_7558	1
mol_7559	7
mol_7560	1
mol_7561	7
mol_7562	9
mol_7563	9
mol_7564	2
mol_7565	0
mol_7566	7
mol_7567	7
mol_7568	5
mol_7569	8
mol_7570	5
mol_7571	4
mol_7572	6
mol_7573	4
mol_7574	2
mol_7575	6
mol_7576	0
mol_7577	8
mol_7578	8
mol_7579	3
mol_7580	7
mol_7581	2
mol_7582	3
mol_7583	3
mol_7584	1
mol_7585	8
mol_7586	7
mol_7587	6
mol_7588	5
mol_7589	6
mol_7590	8
mol_7591	5
mol_7592	2
mol_7593	7
mol_7594	2
mol_7595	6
mol_7596	9
mol_7597	9
mol_7598	2
mol_7599	9
mol_7600	7
mol_7601	3
mol_7602	9
mol_7603	1
mol_7604	8
mol_7605	0
mol_7606	9
mol_7607	1
mol_7608	5
mol_7609	8
mol_7610	8
mol_7611	7
mol_7612	7
mol_7613	1
mol_7614	7
mol_7615	2
mol_7616	4
mol_7617	0
mol_7618	9
mol_7619	2
mol_7620	1
mol_7621	7
mol_7622	2
mol_7623	7
mol_7624	0
mol_7625	5
mol_7626	6
mol_7627	8
mol_7628	2
mol_7629	8
mol_7630	8
mol_7631	4
mol_7632	0
mol_7633	1
mol_7634	7
mol_7635	7
mol_7636	5
mol_7637	1
mol_7638	1
mol_7639	0
mol_7640	8
mol_7641	7
mol_7642	7
mol_7643	8
mol_7644	4
mol_7645	0
mol_7646	1
mol_7647	8
mol_7648	3
mol_7649	7
mol_7650	0
mol_7651	0
mol_7652	3
mol_7653	8
mol_7654	8
mol_7655	2
mol_7656	7
mol_7657	1
mol_7658	0
mol_7659	7
mol_7660	6
mol_7661	1
mol_7662	3
mol_7663	9
mol_7664	9
mol_7665	0
mol_7666	2
mol_7667	4
mol_7668	6
mol_7669	7
mol_7670	8
mol_7671	7
mol_7672	6
mol_7673	3
mol_7674	3
mol_7675	0
mol_7676	9
mol_7677	9
mol_7678	1
mol_7679	8
mol_7680	7
mol_7681	4
mol_7682	3
mol_7683	6
mol_7684	1
mol_7685	3
mol_7686	7
mol_7687	8
mol_7688	9
mol_7689	1
mol_7690	7
mol_7691	5
mol_7692	5
mol_7693	8
mol_7694	3
mol_7695	7
mol_7696	8
mol_7697	8
mol_7698	2
mol_7699	2
mol_7700	3
mol_7701	2
mol_7702	7
mol_7703	9
mol_7704	3
mol_7705	3
mol_7706	2
mol_7707	3
mol_7708	8
mol_7709	8
mol_7710	6
mol_7711	2
mol_7712	4
mol_7713	7
mol_7714	1
mol_7715	1
mol_7716	8
mol_7717	5
mol_7718	4
mol_7719	0
mol_7720	0
mol_7721	6
mol_7722	1
mol_7723	9
mol_7724	7
mol_7725	2
mol_7726	0
mol_7727	0
mol_7728	7
mol_7729	3
mol_7730	1
mol_7731	7
mol_7732	4
mol_7733	0
mol_7734	7
mol_7735	5
mol_7736	2
mol_7737	9
mol_7738	0
mol_7739	7
mol_7740	7
mol_7741	3
mol_7742	4
mol_7743	2
mol_7744	2
mol_7745	2
mol_7746	0
mol_7747	3
mol_7748	0
mol_7749	9
mol_7750	1
mol_7751	0
mol_7752	3
mol_7753	5
mol_7754	9
mol_7755	1
mol_7756	8
mol_7757	0
mol_7758	7
mol_7759	2
mol_7760	7
mol_7761	2
mol_7762	5
mol_7763	9
mol_7764	5
mol_7765	5
mol_7766	4
mol_7767	6
mol_7768	9
mol_7769	7
mol_7770	2
mol_7771	0
mol_7772	2
mol_7773	5
mol_7774	2
mol_7775	0
mol_7776	7
mol_7777	4
mol_7778	7
mol_7779	2
mol_7780	3
mol_7781	8
mol_7782	9
mol_7783	7
mol_7784	7
mol_7785	7
mol_7786	7
mol_7787	6
mol_7788	5
mol_7789	0
mol_7790	5
mol_7791	5
mol_7792	1
mol_7793	9
mol_7794	9
mol_7795	7
mol_7796	7
mol_7797	5
mol_7798	9
mol_7799	0
mol_7800	8
mol_7801	0
mol_7802	0
mol_7803	7
mol_7804	5
mol_7805	7
mol_7806	5
mol_7807	0
mol_7808	0
mol_7809	7
mol_7810	8
mol_7811	4
mol_7812	8
mol_7813	5
mol_7814	1
mol_7815	1
mol_7816	6
mol_7817	7
mol_7818	5
mol_7819	2
mol_7820	2
mol_7821	3
mol_7822	5
mol_7823	0
mol_7824	3
mol_7825	2
mol_7826	9
mol_7827	7
mol_7828	7
mol_7829	3
mol_7830	7
mol_7831	0
mol_7832	7
mol_7833	3
mol_7834	1
mol_7835	8
mol_7836	3
mol_7837	7
mol_7838	1
mol_7839	3
mol_7840	7
mol_7841	1
mol_7842	2
mol_7843	3
mol_7844	7
mol_7845	6
mol_7846	7
mol_7847	8
mol_7848	1
mol_7849	9
mol_7850	8
mol_7851	8
mol_7852	8
mol_7853	1
mol_7854	6
mol_7855	5
mol_7856	7
mol_7857	6
mol_7858	8
mol_7859	0
mol_7860	8
mol_7861	9
mol_7862	2
mol_7863	2
mol_7864	7
mol_7865	1
mol_7866	3
mol_7867	7
mol_7868	2
mol_7869	0
mol_7870	6
mol_7871	4
mol_7872	0
mol_7873	5
mol_7874	0
mol_7875	0
mol_7876	4
mol_7877	7
mol_7878	0
mol_7879	8
mol_7880	6
mol_7881	7
mol_7882	3
mol_7883	2
mol_7884	3
mol_7885	2
mol_7886	7
mol_7887	6
mol_7888	7
mol_7889	9
mol_7890	0
mol_7891	1
mol_7892	0
mol_7893	0
mol_7894	2
mol_7895	0
mol_7896	3
mol_7897	6
mol_7898	0
mol_7899	8
mol_7900	4
mol_7901	1
mol_7902	7
mol_7903	2
mol_7904	9
mol_7905	0
mol_7906	8
mol_7907	7
mol_7908	0
mol_7909	0
mol_7910	7
mol_7911	3
mol_7912	7
mol_7913	2
mol_7914	1
mol_7915	0
mol_7916	6
mol_7917	3
mol_7918	1
mol_7919	4
mol_7920	9
mol_7921	9
mol_7922	6
mol_7923	9
mol_7924	0
mol_7925	4
mol_7926	5
mol_7927	8
mol_7928	1
mol_7929	7
mol_7930	2
mol_7931	4
mol_7932	7
mol_7933	3
mol_7934	0
mol_7935	9
mol_7936	1
mol_7937	0
mol_7938	7
mol_7939	4
mol_7940	0
mol_7941	5
mol_7942	7
mol_7943	6
mol_7944	7
mol_7945	0
mol_7946	3
mol_7947	5
mol_7948	0
mol_7949	5
mol_7950	3
mol_7951	1
mol_7952	7
mol_7953	1
mol_7954	7
mol_7955	3
mol_7956	0
mol_7957	7
mol_7958	8
mol_7959	2
mol_7960	7
mol_7961	3
mol_7962	7
mol_7963	9
mol_7964	0
mol_7965	1
mol_7966	7
mol_7967	7
mol_7968	6
mol_7969	7
mol_7970	4
mol_7971	9
mol_7972	1
mol_7973	7
mol_7974	7
mol_7975	0
mol_7976	5
mol_7977	7
mol_7978	9
mol_7979	9
mol_7980	7
mol_7981	6
mol_7982	4
mol_7983	1
mol_7984	7
mol_7985	0
mol_7986	7
mol_7987	2
mol_7988	9
mol_7989	1
mol_7990	7
mol_7991	1
mol_7992	7
mol_7993	1
mol_7994	2
mol_7995	1
mol_7996	3
mol_7997	0
mol_7998	2
mol_7999	4
mol_8000	6
mol_8001	9
mol_8002	9
mol_8003	1
mol_8004	7
mol_8005	0
mol_8006	9
mol_8007	0
mol_8008	9
mol_8009	8
mol_8010	1
mol_8011	8
mol_8012	0
mol_8013	6
mol_8014	5
mol_8015	0
mol_8016	1
mol_8017	9
mol_8018	9
mol_8019	1
mol_8020	3
mol_8021	9
mol_8022	5
mol_8023	3
mol_8024	7
mol_8025	3
mol_8026	9
mol_8027	9
mol_8028	9
mol_8029	9
mol_8030	5
mol_8031	8
mol_8032	6
mol_8033	1
mol_8034	1
mol_8035	0
mol_8036	7
mol_8037	1
mol_8038	4
mol_8039	8
mol_8040	0
mol_8041	9
mol_8042	4
mol_8043	1
mol_8044	8
mol_8045	1
mol_8046	3
mol_8047	8
mol_8048	0
mol_8049	5
mol_8050	6
mol_8051	5
mol_8052	7
mol_8053	7
mol_8054	9
mol_8055	9
mol_8056	1
mol_8057	7
mol_8058	2
mol_8059	1
mol_8060	0
mol_8061	9
mol_8062	0
mol_8063	9
mol_8064	3
mol_8065	7
mol_8066	3
mol_8067	5
mol_8068	1
mol_8069	0
mol_8070	8
mol_8071	2
mol_8072	3
mol_8073	4
mol_8074	1
mol_8075	7
mol_8076	9
mol_8077	7
mol_8078	0
mol_8079	2
mol_8080	5
mol_8081	4
mol_8082	0
mol_8083	0
mol_8084	0
mol_8085	9
mol_8086	9
mol_8087	0
mol_8088	1
mol_8089	0
mol_8090	5
mol_8091	4
mol_8092	5
mol_8093	5
mol_8094	8
mol_8095	7
mol_8096	2
mol_8097	1
mol_8098	7
mol_8099	7
mol_8100	0
mol_8101	9
mol_8102	1
mol_8103	2
mol_8104	8
mol_8105	1
mol_8106	7
mol_8107	9
mol_8108	1
mol_8109	1
mol_8110	4
mol_8111	7
mol_8112	1
mol_8113	0
mol_8114	6
mol_8115	9
mol_8116	9
mol_8117	7
mol_8118	0
mol_8119	8
mol_8120	2
mol_8121	7
mol_8122	0
mol_8123	5
mol_8124	0
mol_8125	5
mol_8126	4
mol_8127	0
mol_8128	7
mol_8129	7
mol_8130	0
mol_8131	2
mol_8132	0
mol_8133	8
mol_8134	3
mol_8135	1
mol_8136	7
mol_8137	6
mol_8138	0
mol_8139	9
mol_8140	7
mol_8141	0
mol_8142	5
mol_8143	4
mol_8144	0
mol_8145	0
mol_8146	2
mol_8147	6
mol_8148	0
mol_8149	1
mol_8150	2
mol_8151	7
mol_8152	2
mol_8153	1
mol_8154	1
mol_8155	4
mol_8156	7
mol_8157	4
mol_8158	1
mol_8159	0
mol_8160	9
mol_8161	7
mol_8162	3
mol_8163	8
mol_8164	7
mol_8165	9
mol_8166	0
mol_8167	6
mol_8168	0
mol_8169	5
mol_8170	1
mol_8171	1
mol_8172	5
mol_8173	1
mol_8174	0
mol_8175	0
mol_8176	7
mol_8177	3
mol_8178	2
mol_8179	4
mol_8180	6
mol_8181	7
mol_8182	1
mol_8183	4
mol_8184	8
mol_8185	6
mol_8186	6
mol_8187	8
mol_8188	2
mol_8189	0
mol_8190	0
mol_8191	8
mol_8192	0
mol_8193	1
mol_8194	7
mol_8195	9
mol_8196	4
mol_8197	9
mol_8198	1
mol_8199	8
mol_8200	7
mol_8201	4
mol_8202	0
mol_8203	2
mol_8204	0
mol_8205	9
mol_8206	3
mol_8207	0
mol_8208	8
mol_8209	1
mol_8210	9
mol_8211	1
mol_8212	3
mol_8213	7
mol_8214	3
mol_8215	5
mol_8216	6
mol_8217	7
mol_8218	2
mol_8219	0
mol_8220	6
mol_8221	8
mol_8222	9
mol_8223	4
mol_8224	8
mol_8225	1
mol_8226	3
mol_8227	8
mol_8228	7
mol_8229	7
mol_8230	8
mol_8231	7
mol_8232	4
mol_8233	0
mol_8234	6
mol_8235	0
mol_8236	9
mol_8237	7
mol_8238	7
mol_8239	7
mol_8240	0
mol_8241	5
mol_8242	7
mol_8243	1
mol_8244	8
mol_8245	9
mol_8246	7
mol_8247	7
mol_8248	0
mol_8249	5
mol_8250	1
mol_8251	1
mol_8252	9
mol_8253	5
mol_8254	1
mol_8255	7
mol_8256	1
mol_8257	4
mol_8258	3
mol_8259	2
mol_8260	8
mol_8261	3
mol_8262	0
mol_8263	2
mol_8264	6
mol_8265	6
mol_8266	8
mol_8267	1
mol_8268	7
mol_8269	0
mol_8270	9
mol_8271	8
mol_8272	7
mol_8273	7
mol_8274	0
mol_8275	0
mol_8276	1
mol_8277	0
mol_8278	3
mol_8279	9
mol_8280	2
mol_8281	1
mol_8282	2
mol_8283	2
mol_8284	4
mol_8285	7
mol_8286	3
mol_8287	7
mol_8288	6
mol_8289	2
mol_8290	7
mol_8291	0
mol_8292	5
mol_8293	8
mol_8294	7
mol_8295	9
mol_8296	0
mol_8297	2
mol_8298	8
mol_8299	0
mol_8300	1
mol_8301	7
mol_8302	7
mol_8303	3
mol_8304	3
mol_8305	7
mol_8306	2
mol_8307	3
mol_8308	0
mol_8309	6
mol_8310	6
mol_8311	3
mol_8312	0
mol_8313	9
mol_8314	6
mol_8315	8
mol_8316	7
mol_8317	3
mol_8318	0
mol_8319	3
mol_8320	0
mol_8321	1
mol_8322	0
mol_8323	7
mol_8324	7
mol_8325	8
mol_8326	7
mol_8327	7
mol_8328	7
mol_8329	1
mol_8330	9
mol_8331	7
mol_8332	7
mol_8333	6
mol_8334	9
mol_8335	7
mol_8336	0
mol_8337	8
mol_8338	7
mol_8339	3
mol_8340	3
mol_8341	7
mol_8342	1
mol_8343	5
mol_8344	8
mol_8345	7
mol_8346	6
mol_8347	4
mol_8348	5
mol_8349	5
mol_8350	3
mol_8351	4
mol_8352	7
mol_8353	6
mol_8354	3
mol_8355	1
mol_8356	9
mol_8357	8
mol_8358	3
mol_8359	0
mol_8360	2
mol_8361	2
mol_8362	6
mol_8363	2
mol_8364	0
mol_8365	0
mol_8366	0
mol_8367	5
mol_8368	9
mol_8369	6
mol_8370	0
mol_8371	8
mol_8372	0
mol_8373	7
mol_8374	3
mol_8375	1
mol_8376	1
mol_8377	8
mol_8378	9
mol_8379	1
mol_8380	9
mol_8381	7
mol_8382	2
mol_8383	8
mol_8384	9
mol_8385	5
mol_8386	9
mol_8387	2
mol_8388	7
mol_8389	8
mol_8390	7
mol_8391	9
mol_8392	3
mol_8393	7
mol_8394	8
mol_8395	1
mol_8396	3
mol_8397	2
mol_8398	0
mol_8399	2
mol_8400	7
mol_8401	4
mol_8402	5
mol_8403	8
mol_8404	6
mol_8405	5
mol_8406	5
mol_8407	6
mol_8408	0
mol_8409	7
mol_8410	2
mol_8411	9
mol_8412	6
mol_8413	0
mol_8414	6
mol_8415	6
mol_8416	7
mol_8417	6
mol_8418	0
mol_8419	3
mol_8420	1
mol_8421	8
mol_8422	4
mol_8423	0
mol_8424	0
mol_8425	0
mol_8426	3
mol_8427	3
mol_8428	2
mol_8429	0
mol_8430	2
mol_8431	9
mol_8432	9
mol_8433	7
mol_8434	3
mol_8435	6
mol_8436	9
mol_8437	3
mol_8438	4
mol_8439	1
mol_8440	9
mol_8441	1
mol_8442	1
mol_8443	9
mol_8444	0
mol_8445	8
mol_8446	7
mol_8447	7
mol_8448	9
mol_8449	9
mol_8450	4
mol_8451	9
mol_8452	1
mol_8453	8
mol_8454	1
mol_8455	0
mol_8456	1
mol_8457	7
mol_8458	8
mol_8459	0
mol_8460	1
mol_8461	7
mol_8462	7
mol_8463	6
mol_8464	2
mol_8465	4
mol_8466	7
mol_8467	8
mol_8468	0
mol_8469	2
mol_8470	8
mol_8471	1
mol_8472	5
mol_8473	1
mol_8474	9
mol_8475	3
mol_8476	7
mol_8477	3
mol_8478	9
mol_8479	9
mol_8480	7
mol_8481	2
mol_8482	8
mol_8483	6
mol_8484	0
mol_8485	9
mol_8486	8
mol_8487	0
mol_8488	5
mol_8489	0
mol_8490	5
mol_8491	8
mol_8492	0
mol_8493	9
mol_8494	1
mol_8495	3
mol_8496	8
mol_8497	3
mol_8498	9
mol_8499	8
mol_8500	8
mol_8501	3
mol_8502	8
mol_8503	0
mol_8504	6
mol_8505	1
mol_8506	0
mol_8507	1
mol_8508	9
mol_8509	9
mol_8510	8
mol_8511	7
mol_8512	9
mol_8513	6
mol_8514	8
mol_8515	7
mol_8516	4
mol_8517	7
mol_8518	0
mol_8519	1
mol_8520	6
mol_8521	2
mol_8522	2
mol_8523	7
mol_8524	8
mol_8525	8
mol_8526	0
mol_8527	1
mol_8528	3
mol_8529	6
mol_8530	9
mol_8531	8
mol_8532	5
mol_8533	2
mol_8534	7
mol_8535	7
mol_8536	9
mol_8537	5
mol_8538	1
mol_8539	0
mol_8540	6
mol_8541	8
mol_8542	1
mol_8543	8
mol_8544	5
mol_8545	8
mol_8546	7
mol_8547	0
mol_8548	9
mol_8549	3
mol_8550	9
mol_8551	7
mol_8552	8
mol_8553	7
mol_8554	0
mol_8555	1
mol_8556	4
mol_8557	7
mol_8558	1
mol_8559	3
mol_8560	7
mol_8561	5
mol_8562	1
mol_8563	6
mol_8564	3
mol_8565	7
mol_8566	0
mol_8567	5
mol_8568	9
mol_8569	4
mol_8570	3
mol_8571	7
mol_8572	9
mol_8573	0
mol_8574	8
mol_8575	1
mol_8576	1
mol_8577	7
mol_8578	7
mol_8579	4
mol_8580	7
mol_8581	6
mol_8582	9
mol_8583	9
mol_8584	5
mol_8585	5
mol_8586	2
mol_8587	2
mol_8588	0
mol_8589	7
mol_8590	2
mol_8591	1
mol_8592	0
mol_8593	3
mol_8594	7
mol_8595	7
mol_8596	8
mol_8597	3
mol_8598	0
mol_8599	8
mol_8600	9
mol_8601	4
mol_8602	0
mol_8603	5
mol_8604	3
mol_8605	9
mol_8606	7
mol_8607	9
mol_8608	3
mol_8609	2
mol_8610	7
mol_8611	7
mol_8612	7
mol_8613	8
mol_8614	6
mol_8615	9
mol_8616	7
mol_8617	7
mol_8618	7
mol_8619	9
mol_8620	0
mol_8621	2
mol_8622	9
mol_8623	0
mol_8624	2
mol_8625	7
mol_8626	1
mol_8627	9
mol_8628	0
mol_8629	9
mol_8630	7
mol_8631	9
mol_8632	7
mol_8633	6
mol_8634	5
mol_8635	7
mol_8636	1
mol_8637	3
mol_8638	4
mol_8639	0
mol_8640	9
mol_8641	5
mol_8642	4
mol_8643	1
mol_8644	0
mol_8645	9
mol_8646	6
mol_8647	6
mol_8648	9
mol_8649	7
mol_8650	7
mol_8651	1
mol_8652	0
mol_8653	2
mol_8654	6
mol_8655	1
mol_8656	1
mol_8657	9
mol_8658	9
mol_8659	6
mol_8660	6
mol_8661	9
mol_8662	7
mol_8663	7
mol_8664	3
mol_8665	3
mol_8666	3
mol_8667	8
mol_8668	6
mol_8669	7
mol_8670	7
mol_8671	4
mol_8672	5
mol_8673	5
mol_8674	7
mol_8675	7
mol_8676	0
mol_8677	3
mol_8678	0
mol_8679	7
mol_8680	9
mol_8681	0
mol_8682	9
mol_8683	1
mol_8684	8
mol_8685	1
mol_8686	8
mol_8687	5
mol_8688	0
mol_8689	9
mol_8690	8
mol_8691	4
mol_8692	3
mol_8693	6
mol_8694	2
mol_8695	5
mol_8696	0
mol_8697	5
mol_8698	7
mol_8699	1
mol_8700	9
mol_8701	3
mol_8702	4
mol_8703	0
mol_8704	7
mol_8705	6
mol_8706	7
mol_8707	9
mol_8708	2
mol_8709	0
mol_8710	5
mol_8711	7
mol_8712	2
mol_8713	6
mol_8714	7
mol_8715	7
mol_8716	7
mol_8717	9
mol_8718	2
mol_8719	1
mol_8720	3
mol_8721	1
mol_8722	2
mol_8723	4
mol_8724	2
mol_8725	2
mol_8726	0
mol_8727	8
mol_8728	2
mol_8729	1
mol_8730	8
mol_8731	9
mol_8732	4
mol_8733	0
mol_8734	7
mol_8735	2
mol_8736	4
mol_8737	1
mol_8738	2
mol_8739	7
mol_8740	1
mol_8741	9
mol_8742	3
mol_8743	7
mol_8744	1
mol_8745	2
mol_8746	8
mol_8747	0
mol_8748	8
mol_8749	8
mol_8750	9
mol_8751	0
mol_8752	7
mol_8753	2
mol_8754	7
mol_8755	4
mol_8756	9
mol_8757	2
mol_8758	9
mol_8759	7
mol_8760	3
mol_8761	7
mol_8762	1
mol_8763	3
mol_8764	2
mol_8765	0
mol_8766	6
mol_8767	9
mol_8768	9
mol_8769	8
mol_8770	6
mol_8771	0
mol_8772	5
mol_8773	0
mol_8774	4
mol_8775	0
mol_8776	6
mol_8777	1
mol_8778	0
mol_8779	7
mol_8780	7
mol_8781	1
mol_8782	8
mol_8783	6
mol_8784	8
mol_8785	7
mol_8786	8
mol_8787	9
mol_8788	1
mol_8789	1
mol_8790	8
mol_8791	1
mol_8792	7
mol_8793	9
mol_8794	8
mol_8795	1
mol_8796	1
mol_8797	9
mol_8798	3
mol_8799	6
mol_8800	3
mol_8801	8
mol_8802	9
mol_8803	2
mol_8804	5
mol_8805	7
mol_8806	7
mol_8807	8
mol_8808	1
mol_8809	7
mol_8810	3
mol_8811	0
mol_8812	2
mol_8813	0
mol_8814	4
mol_8815	9
mol_8816	2
mol_8817	0
mol_8818	0
mol_8819	7
mol_8820	2
mol_8821	7
mol_8822	4
mol_8823	9
mol_8824	8
mol_8825	3
mol_8826	1
mol_8827	3
mol_8828	0
mol_8829	0
mol_8830	4
mol_8831	5
mol_8832	9
mol_8833	1
mol_8834	8
mol_8835	3
mol_8836	2
mol_8837	0
mol_8838	2
mol_8839	4
mol_8840	1
mol_8841	1
mol_8842	8
mol_8843	7
mol_8844	1
mol_8845	9
mol_8846	1
mol_8847	9
mol_8848	2
mol_8849	8
mol_8850	6
mol_8851	0
mol_8852	8
mol_8853	8
mol_8854	4
mol_8855	5
mol_8856	0
mol_8857	6
mol_8858	2
mol_8859	7
mol_8860	8
mol_8861	0
mol_8862	3
mol_8863	1
mol_8864	6
mol_8865	5
mol_8866	7
mol_8867	1
mol_8868	6
mol_8869	0
mol_8870	7
mol_8871	0
mol_8872	0
mol_8873	9
mol_8874	6
mol_8875	8
mol_8876	9
mol_8877	1
mol_8878	7
mol_8879	0
mol_8880	3
mol_8881	0
mol_8882	1
mol_8883	7
mol_8884	7
mol_8885	1
mol_8886	7
mol_8887	7
mol_8888	3
mol_8889	4
mol_8890	9
mol_8891	0
mol_8892	2
mol_8893	1
mol_8894	0
mol_8895	3
mol_8896	2
mol_8897	5
mol_8898	0
mol_8899	0
mol_8900	7
mol_8901	5
mol_8902	3
mol_8903	2
mol_8904	7
mol_8905	0
mol_8906	7
mol_8907	6
mol_8908	5
mol_8909	2
mol_8910	7
mol_8911	7
mol_8912	0
mol_8913	7
mol_8914	3
mol_8915	6
mol_8916	9
mol_8917	0
mol_8918	9
mol_8919	3
mol_8920	7
mol_8921	5
mol_8922	1
mol_8923	1
mol_8924	4
mol_8925	5
mol_8926	6
mol_8927	8
mol_8928	2
mol_8929	0
mol_8930	1
mol_8931	7
mol_8932	2
mol_8933	3
mol_8934	4
mol_8935	0
mol_8936	9
mol_8937	6
mol_8938	3
mol_8939	3
mol_8940	7
mol_8941	3
mol_8942	6
mol_8943	0
mol_8944	8
mol_8945	7
mol_8946	2
mol_8947	6
mol_8948	9
mol_8949	9
mol_8950	2
mol_8951	2
mol_8952	2
mol_8953	1
mol_8954	1
mol_8955	2
mol_8956	6
mol_8957	0
mol_8958	0
mol_8959	1
mol_8960	9
mol_8961	5
mol_8962	0
mol_8963	0
mol_8964	0
mol_8965	3
mol_8966	0
mol_8967	7
mol_8968	1
mol_8969	7
mol_8970	7
mol_8971	2
mol_8972	5
mol_8973	2
mol_8974	5
mol_8975	0
mol_8976	7
mol_8977	6
mol_8978	2
mol_8979	7
mol_8980	2
mol_8981	8
mol_8982	6
mol_8983	0
mol_8984	9
mol_8985	1
mol_8986	7
mol_8987	7
mol_8988	1
mol_8989	0
mol_8990	8
mol_8991	2
mol_8992	3
mol_8993	3
mol_8994	7
mol_8995	1
mol_8996	3
mol_8997	7
mol_8998	9
mol_8999	7
mol_9000	0
mol_9001	3
mol_9002	9
mol_9003	8
mol_9004	8
mol_9005	2
mol_9006	3
mol_9007	2
mol_9008	9
mol_9009	9
mol_9010	9
mol_9011	7
mol_9012	2
mol_9013	7
mol_9014	0
mol_9015	9
mol_9016	0
mol_9017	3
mol_9018	4
mol_9019	0
mol_9020	9
mol_9021	7
mol_9022	1
mol_9023	2
mol_9024	6
mol_9025	0
mol_9026	3
mol_9027	9
mol_9028	9
mol_9029	7
mol_9030	1
mol_9031	1
mol_9032	7
mol_9033	5
mol_9034	8
mol_9035	8
mol_9036	3
mol_9037	1
mol_9038	7
mol_9039	3
mol_9040	0
mol_9041	6
mol_9042	8
mol_9043	1
mol_9044	1
mol_9045	7
mol_9046	0
mol_9047	9
mol_9048	9
mol_9049	5
mol_9050	0
mol_9051	2
mol_9052	7
mol_9053	8
mol_9054	0
mol_9055	2
mol_9056	2
mol_9057	2
mol_9058	0
mol_9059	9
mol_9060	2
mol_9061	5
mol_9062	4
mol_9063	7
mol_9064	2
mol_9065	0
mol_9066	8
mol_9067	7
mol_9068	1
mol_9069	5
mol_9070	7
mol_9071	7
mol_9072	4
mol_9073	7
mol_9074	0
mol_9075	1
mol_9076	1
mol_9077	6
mol_9078	4
mol_9079	3
mol_9080	6
mol_9081	7
mol_9082	9
mol_9083	7
mol_9084	0
mol_9085	5
mol_9086	8
mol_9087	9
mol_9088	8
mol_9089	6
mol_9090	8
mol_9091	9
mol_9092	2
mol_9093	1
mol_9094	3
mol_9095	1
mol_9096	7
mol_9097	0
mol_9098	0
mol_9099	7
mol_9100	8
mol_9101	0
mol_9102	1
mol_9103	5
mol_9104	1
mol_9105	6
mol_9106	9
mol_9107	6
mol_9108	5
mol_9109	5
mol_9110	7
mol_9111	4
mol_9112	9
mol_9113	8
mol_9114	0
mol_9115	8
mol_9116	2
mol_9117	6
mol_9118	0
mol_9119	1
mol_9120	7
mol_9121	5
mol_9122	2
mol_9123	0
mol_9124	2
mol_9125	1
mol_9126	0
mol_9127	3
mol_9128	9
mol_9129	7
mol_9130	2
mol_9131	2
mol_9132	4
mol_9133	9
mol_9134	9
mol_9135	2
mol_9136	5
mol_9137	7
mol_9138	0
mol_9139	4
mol_9140	1
mol_9141	4
mol_9142	7
mol_9143	1
mol_9144	8
mol_9145	1
mol_9146	3
mol_9147	1
mol_9148	2
mol_9149	2
mol_9150	0
mol_9151	4
mol_9152	0
mol_9153	0
mol_9154	7
mol_9155	7
mol_9156	8
mol_9157	7
mol_9158	7
mol_9159	9
mol_9160	9
mol_9161	0
mol_9162	3
mol_9163	9
mol_9164	7
mol_9165	0
mol_9166	6
mol_9167	7
mol_9168	7
mol_9169	7
mol_9170	0
mol_9171	1
mol_9172	1
mol_9173	3
mol_9174	3
mol_9175	8
mol_9176	1
mol_9177	8
mol_9178	5
mol_9179	3
mol_9180	3
mol_9181	9
mol_9182	6
mol_9183	5
mol_9184	0
mol_9185	9
mol_9186	0
mol_9187	8
mol_9188	7
mol_9189	8
mol_9190	6
mol_9191	9
mol_9192	0
mol_9193	0
mol_9194	0
mol_9195	1
mol_9196	7
mol_9197	9
mol_9198	8
mol_9199	7
mol_9200	1
mol_9201	1
mol_9202	1
mol_9203	6
mol_9204	3
mol_9205	5
mol_9206	6
mol_9207	1
mol_9208	1
mol_9209	8
mol_9210	7
mol_9211	7
mol_9212	7
mol_9213	6
mol_9214	9
mol_9215	7
mol_9216	7
mol_9217	8
mol_9218	7
mol_9219	4
mol_9220	6
mol_9221	0
mol_9222	9
mol_9223	8
mol_9224	2
mol_9225	5
mol_9226	5
mol_9227	0
mol_9228	2
mol_9229	9
mol_9230	0
mol_9231	2
mol_9232	8
mol_9233	2
mol_9234	7
mol_9235	9
mol_9236	9
mol_9237	3
mol_9238	2
mol_9239	6
mol_9240	5
mol_9241	7
mol_9242	3
mol_9243	9
mol_9244	9
mol_9245	0
mol_9246	7
mol_9247	3
mol_9248	7
mol_9249	6
mol_9250	6
mol_9251	7
mol_9252	1
mol_9253	5
mol_9254	7
mol_9255	7
mol_9256	3
mol_9257	1
mol_9258	9
mol_9259	0
mol_9260	9
mol_9261	7
mol_9262	7
mol_9263	1
mol_9264	1
mol_9265	7
mol_9266	7
mol_9267	2
mol_9268	9
mol_9269	7
mol_9270	8
mol_9271	1
mol_9272	3
mol_9273	5
mol_9274	7
mol_9275	2
mol_9276	2
mol_9277	0
mol_9278	2
mol_9279	7
mol_9280	3
mol_9281	8
mol_9282	7
mol_9283	7
mol_9284	2
mol_9285	7
mol_9286	9
mol_9287	4
mol_9288	8
mol_9289	5
mol_9290	9
mol_9291	3
mol_9292	7
mol_9293	7
mol_9294	0
mol_9295	1
mol_9296	5
mol_9297	9
mol_9298	3
mol_9299	9
mol_9300	7
mol_9301	0
mol_9302	7
mol_9303	2
mol_9304	6
mol_9305	1
mol_9306	4
mol_9307	7
mol_9308	3
mol_9309	7
mol_9310	7
mol_9311	6
mol_9312	0
mol_9313	6
mol_9314	5
mol_9315	1
mol_9316	4
mol_9317	3
mol_9318	2
mol_9319	8
mol_9320	5
mol_9321	0
mol_9322	3
mol_9323	6
mol_9324	5
mol_9325	0
mol_9326	9
mol_9327	3
mol_9328	7
mol_9329	7
mol_9330	0
mol_9331	7
mol_9332	2
mol_9333	4
mol_9334	7
mol_9335	1
mol_9336	0
mol_9337	3
mol_9338	1
mol_9339	9
mol_9340	8
mol_9341	1
mol_9342	7
mol_9343	0
mol_9344	3
mol_9345	9
mol_9346	7
mol_9347	0
mol_9348	9
mol_9349	3
mol_9350	1
mol_9351	3
mol_9352	9
mol_9353	1
mol_9354	8
mol_9355	6
mol_9356	2
mol_9357	5
mol_9358	1
mol_9359	7
mol_9360	7
mol_9361	0
mol_9362	8
mol_9363	8
mol_9364	2
mol_9365	7
mol_9366	3
mol_9367	4
mol_9368	9
mol_9369	3
mol_9370	5
mol_9371	9
mol_9372	7
mol_9373	7
mol_9374	7
mol_9375	0
mol_9376	4
mol_9377	8
mol_9378	2
mol_9379	2
mol_9380	9
mol_9381	7
mol_9382	7
mol_9383	1
mol_9384	7
mol_9385	6
mol_9386	8
mol_9387	8
mol_9388	5
mol_9389	7
mol_9390	7
mol_9391	7
mol_9392	3
mol_9393	3
mol_9394	1
mol_9395	4
mol_9396	1
mol_9397	3
mol_9398	7
mol_9399	1
mol_9400	7
mol_9401	7
mol_9402	6
mol_9403	6
mol_9404	1
mol_9405	7
mol_9406	9
mol_9407	6
mol_9408	6
mol_9409	7
mol_9410	7
mol_9411	1
mol_9412	0
mol_9413	5
mol_9414	8
mol_9415	9
mol_9416	8
mol_9417	5
mol_9418	2
mol_9419	8
mol_9420	7
mol_9421	2
mol_9422	4
mol_9423	7
mol_9424	9
mol_9425	2
mol_9426	7
mol_9427	7
mol_9428	2
mol_9429	9
mol_9430	7
mol_9431	1
mol_9432	9
mol_9433	4
mol_9434	7
mol_9435	9
mol_9436	2
mol_9437	7
mol_9438	4
mol_9439	7
mol_9440	8
mol_9441	7
mol_9442	9
mol_9443	7
mol_9444	6
mol_9445	7
mol_9446	8
mol_9447	1
mol_9448	8
mol_9449	5
mol_9450	6
mol_9451	9
mol_9452	9
mol_9453	3
mol_9454	7
mol_9455	7
mol_9456	1
mol_9457	9
mol_9458	3
mol_9459	7
mol_9460	2
mol_9461	1
mol_9462	2
mol_9463	5
mol_9464	2
mol_9465	6
mol_9466	0
mol_9467	9
mol_9468	8
mol_9469	1
mol_9470	1
mol_9471	1
mol_9472	2
mol_9473	5
mol_9474	1
mol_9475	6
mol_9476	1
mol_9477	1
mol_9478	1
mol_9479	7
mol_9480	3
mol_9481	6
mol_9482	9
mol_9483	3
mol_9484	9
mol_9485	2
mol_9486	3
mol_9487	5
mol_9488	1
mol_9489	1
mol_9490	7
mol_9491	0
mol_9492	3
mol_9493	5
mol_9494	0
mol_9495	6
mol_9496	6
mol_9497	4
mol_9498	5
mol_9499	1
mol_9500	1
mol_9501	9
mol_9502	1
mol_9503	2
mol_9504	7
mol_9505	9
mol_9506	0
mol_9507	1
mol_9508	5
mol_9509	0
mol_9510	2
mol_9511	9
mol_9512	4
mol_9513	7
mol_9514	5
mol_9515	3
mol_9516	5
mol_9517	6
mol_9518	1
mol_9519	7
mol_9520	5
mol_9521	0
mol_9522	7
mol_9523	9
mol_9524	6
mol_9525	4
mol_9526	5
mol_9527	5
mol_9528	9
mol_9529	5
mol_9530	0
mol_9531	9
mol_9532	8
mol_9533	1
mol_9534	4
mol_9535	4
mol_9536	9
mol_9537	3
mol_9538	9
mol_9539	3
mol_9540	7
mol_9541	8
mol_9542	9
mol_9543	0
mol_9544	0
mol_9545	8
mol_9546	7
mol_9547	0
mol_9548	9
mol_9549	9
mol_9550	1
mol_9551	7
mol_9552	6
mol_9553	9
mol_9554	3
mol_9555	2
mol_9556	7
mol_9557	8
mol_9558	7
mol_9559	1
mol_9560	0
mol_9561	9
mol_9562	5
mol_9563	8
mol_9564	3
mol_9565	1
mol_9566	7
mol_9567	6
mol_9568	2
mol_9569	9
mol_9570	0
mol_9571	7
mol_9572	6
mol_9573	9
mol_9574	7
mol_9575	7
mol_9576	7
mol_9577	0
mol_9578	6
mol_9579	2
mol_9580	8
mol_9581	4
mol_9582	2
mol_9583	2
mol_9584	2
mol_9585	3
mol_9586	6
mol_9587	0
mol_9588	0
mol_9589	1
mol_9590	0
mol_9591	6
mol_9592	8
mol_9593	7
mol_9594	9
mol_9595	7
mol_9596	8
mol_9597	5
mol_9598	0
mol_9599	0
mol_9600	8
mol_9601	1
mol_9602	0
mol_9603	3
mol_9604	2
mol_9605	7
mol_9606	9
mol_9607	1
mol_9608	8
mol_9609	5
mol_9610	9
mol_9611	3
mol_9612	7
mol_9613	7
mol_9614	7
mol_9615	4
mol_9616	4
mol_9617	3
mol_9618	9
mol_9619	0
mol_9620	6
mol_9621	0
mol_9622	0
mol_9623	3
mol_9624	1
mol_9625	3
mol_9626	8
mol_9627	2
mol_9628	1
mol_9629	9
mol_9630	3
mol_9631	5
mol_9632	7
mol_9633	8
mol_9634	7
mol_9635	1
mol_9636	7
mol_9637	2
mol_9638	0
mol_9639	3
mol_9640	3
mol_9641	0
mol_9642	7
mol_9643	0
mol_9644	3
mol_9645	1
mol_9646	0
mol_9647	1
mol_9648	3
mol_9649	8
mol_9650	8
mol_9651	9
mol_9652	8
mol_9653	0
mol_9654	8
mol_9655	9
mol_9656	9
mol_9657	1
mol_9658	9
mol_9659	9
mol_9660	1
mol_9661	0
mol_9662	5
mol_9663	7
mol_9664	7
mol_9665	1
mol_9666	2
mol_9667	7
mol_9668	3
mol_9669	8
mol_9670	1
mol_9671	0
mol_9672	9
mol_9673	0
mol_9674	1
mol_9675	5
mol_9676	8
mol_9677	1
mol_9678	4
mol_9679	8
mol_9680	7
mol_9681	1
mol_9682	8
mol_9683	0
mol_9684	6
mol_9685	2
mol_9686	1
mol_9687	3
mol_9688	7
mol_9689	7
mol_9690	1
mol_9691	1
mol_9692	5
mol_9693	9
mol_9694	1
mol_9695	8
mol_9696	8
mol_9697	7
mol_9698	8
mol_9699	0
mol_9700	2
mol_9701	1
mol_9702	8
mol_9703	2
mol_9704	9
mol_9705	7
mol_9706	6
mol_9707	1
mol_9708	9
mol_9709	1
mol_9710	2
mol_9711	9
mol_9712	0
mol_9713	1
mol_9714	6
mol_9715	9
mol_9716	7
mol_9717	7
mol_9718	8
mol_9719	7
mol_9720	2
mol_9721	4
mol_9722	7
mol_9723	1
mol_9724	6
mol_9725	0
mol_9726	5
mol_9727	9
mol_9728	1
mol_9729	8
mol_9730	9
mol_9731	0
mol_9732	6
mol_9733	9
mol_9734	0
mol_9735	0
mol_9736	3
mol_9737	6
mol_9738	9
mol_9739	2
mol_9740	0
mol_9741	0
mol_9742	7
mol_9743	6
mol_9744	1
mol_9745	0
mol_9746	6
mol_9747	6
mol_9748	7
mol_9749	1
mol_9750	5
mol_9751	5
mol_9752	1
mol_9753	8
mol_9754	7
mol_9755	3
mol_9756	0
mol_9757	3
mol_9758	9
mol_9759	0
mol_9760	9
mol_9761	1
mol_9762	9
mol_9763	1
mol_9764	0
mol_9765	9
mol_9766	3
mol_9767	7
mol_9768	7
mol_9769	9
mol_9770	1
mol_9771	0
mol_9772	5
mol_9773	2
mol_9774	7
mol_9775	8
mol_9776	2
mol_9777	2
mol_9778	9
mol_9779	2
mol_9780	9
mol_9781	8
mol_9782	0
mol_9783	8
mol_9784	5
mol_9785	7
mol_9786	9
mol_9787	2
mol_9788	9
mol_9789	8
mol_9790	0
mol_9791	1
mol_9792	4
mol_9793	7
mol_9794	9
mol_9795	7
mol_9796	2
mol_9797	1
mol_9798	1
mol_9799	7
mol_9800	3
mol_9801	3
mol_9802	3
mol_9803	9
mol_9804	9
mol_9805	1
mol_9806	0
mol_9807	7
mol_9808	9
mol_9809	3
mol_9810	3
mol_9811	0
mol_9812	7
mol_9813	0
mol_9814	9
mol_9815	1
mol_9816	2
mol_9817	9
mol_9818	9
mol_9819	7
mol_9820	7
mol_9821	7
mol_9822	2
mol_9823	1
mol_9824	2
mol_9825	9
mol_9826	7
mol_9827	7
mol_9828	6
mol_9829	0
mol_9830	0
mol_9831	7
mol_9832	2
mol_9833	8
mol_9834	1
mol_9835	3
mol_9836	5
mol_9837	9
mol_9838	6
mol_9839	7
mol_9840	5
mol_9841	8
mol_9842	4
mol_9843	5
mol_9844	6
mol_9845	1
mol_9846	0
mol_9847	1
mol_9848	1
mol_9849	3
mol_9850	2
mol_9851	2
mol_9852	8
mol_9853	9
mol_9854	7
mol_9855	7
mol_9856	7
mol_9857	9
mol_9858	6
mol_9859	7
mol_9860	1
mol_9861	0
mol_9862	9
mol_9863	6
mol_9864	6
mol_9865	8
mol_9866	2
mol_9867	5
mol_9868	7
mol_9869	8
mol_9870	0
mol_9871	2
mol_9872	1
mol_9873	9
mol_9874	8
mol_9875	2
mol_9876	4
mol_9877	4
mol_9878	1
mol_9879	2
mol_9880	5
mol_9881	0
mol_9882	0
mol_9883	1
mol_9884	0
mol_9885	7
mol_9886	7
mol_9887	3
mol_9888	1
mol_9889	3
mol_9890	5
mol_9891	7
mol_9892	7
mol_9893	8
mol_9894	0
mol_9895	2
mol_9896	0
mol_9897	8
mol_9898	1
mol_9899	7
mol_9900	7
mol_9901	2
mol_9902	4
mol_9903	7
mol_9904	3
mol_9905	0
mol_9906	9
mol_9907	1
mol_9908	7
mol_9909	0
mol_9910	1
mol_9911	6
mol_9912	8
mol_9913	6
mol_9914	0
mol_9915	0
mol_9916	4
mol_9917	7
mol_9918	5
mol_9919	9
mol_9920	7
mol_9921	1
mol_9922	2
mol_9923	7
mol_9924	2
mol_9925	0
mol_9926	8
mol_9927	7
mol_9928	8
mol_9929	8
mol_9930	8
mol_9931	7
mol_9932	6
mol_9933	7
mol_9934	6
mol_9935	9
mol_9936	0
mol_9937	3
mol_9938	7
mol_9939	6
mol_9940	8
mol_9941	8
mol_9942	7
mol_9943	7
mol_9944	7
mol_9945	1
mol_9946	3
mol_9947	8
mol_9948	1
mol_9949	5
mol_9950	0
mol_9951	7
mol_9952	8
mol_9953	6
mol_9954	7
mol_9955	6
mol_9956	4
mol_9957	6
mol_9958	7
mol_9959	8
mol_9960	6
mol_9961	6
mol_9962	8
mol_9963	7
mol_9964	6
mol_9965	6
mol_9966	9
mol_9967	2
mol_9968	0
mol_9969	8
mol_9970	7
mol_9971	5
mol_9972	3
mol_9973	0
mol_9974	0
mol_9975	8
mol_9976	8
mol_9977	6
mol_9978	6
mol_9979	9
mol_9980	7
mol_9981	3
mol_9982	8
mol_9983	9
mol_9984	7
mol_9985	8
mol_9986	7
mol_9987	8
mol_9988	2
mol_9989	7
mol_9990	0
mol_9991	7
mol_9992	7
mol_9993	7
mol_9994	8
mol_9995	7
mol_9996	7
mol_9997	8
mol_9998	7
mol_9999	2
mol_10000	6
mol_10001	7
mol_10002	8
mol_10003	0
mol_10004	7
mol_10005	0
mol_10006	6
mol_10007	1
mol_10008	7
mol_10009	6
mol_10010	2
mol_10011	2
mol_10012	9
mol_10013	2
mol_10014	2
mol_10015	6
mol_10016	6
mol_10017	9
mol_10018	7
mol_10019	6
mol_10020	6
mol_10021	6
mol_10022	0
mol_10023	7
mol_10024	6
mol_10025	7
mol_10026	8
mol_10027	8
mol_10028	2
mol_10029	9
mol_10030	8
mol_10031	8
mol_10032	2
mol_10033	0
mol_10034	0
mol_10035	8
mol_10036	8
mol_10037	8
mol_10038	7
mol_10039	1
mol_10040	0
mol_10041	3
mol_10042	3
mol_10043	8
mol_10044	2
mol_10045	8
mol_10046	6
mol_10047	7
mol_10048	9
mol_10049	9
mol_10050	7
mol_10051	6
mol_10052	3
mol_10053	9
mol_10054	8
mol_10055	6
mol_10056	6
mol_10057	8
mol_10058	6
mol_10059	7
mol_10060	7
mol_10061	8
mol_10062	7
mol_10063	8
mol_10064	8
mol_10065	7
mol_10066	5
mol_10067	8
mol_10068	8
mol_10069	1
mol_10070	6
mol_10071	8
mol_10072	7
mol_10073	9
mol_10074	8
mol_10075	3
mol_10076	8
mol_10077	8
mol_10078	6
mol_10079	7
mol_10080	7
mol_10081	7
mol_10082	2
mol_10083	8
mol_10084	6
mol_10085	0
mol_10086	9
mol_10087	6
mol_10088	5
mol_10089	9
mol_10090	8
mol_10091	8
mol_10092	7
mol_10093	5
mol_10094	6
mol_10095	9
mol_10096	1
mol_10097	7
mol_10098	8
mol_10099	6
mol_10100	9
mol_10101	5
mol_10102	8
mol_10103	6
mol_10104	0
mol_10105	0
mol_10106	9
mol_10107	1
mol_10108	0
mol_10109	1
mol_10110	6
mol_10111	6
mol_10112	8
mol_10113	2
mol_10114	7
mol_10115	7
mol_10116	6
mol_10117	9
mol_10118	7
mol_10119	6
mol_10120	1
mol_10121	8
mol_10122	8
mol_10123	7
mol_10124	1
mol_10125	0
mol_10126	7
mol_10127	2
mol_10128	9
mol_10129	2
mol_10130	6
mol_10131	9
mol_10132	7
mol_10133	7
mol_10134	7
mol_10135	5
mol_10136	8
mol_10137	0
mol_10138	8
mol_10139	7
mol_10140	7
mol_10141	6
mol_10142	6
mol_10143	5
mol_10144	5
mol_10145	0
mol_10146	2
mol_10147	9
mol_10148	6
mol_10149	7
mol_10150	8
mol_10151	3
mol_10152	1
mol_10153	8
mol_10154	0
mol_10155	5
mol_10156	7
mol_10157	1
mol_10158	8
mol_10159	5
mol_10160	7
mol_10161	5
mol_10162	5
mol_10163	9
mol_10164	6
mol_10165	7
mol_10166	1
mol_10167	0
mol_10168	2
mol_10169	9
mol_10170	6
mol_10171	6
mol_10172	9
mol_10173	7
mol_10174	6
mol_10175	6
mol_10176	0
mol_10177	2
mol_10178	8
mol_10179	0
mol_10180	2
mol_10181	8
mol_10182	8
mol_10183	9
mol_10184	3
mol_10185	6
mol_10186	8
mol_10187	9
mol_10188	7
mol_10189	7
mol_10190	8
mol_10191	2
mol_10192	8
mol_10193	5
mol_10194	6
mol_10195	1
mol_10196	8
mol_10197	9
mol_10198	6
mol_10199	6
mol_10200	9
mol_10201	8
mol_10202	4
mol_10203	2
mol_10204	8
mol_10205	8
mol_10206	6
mol_10207	6
mol_10208	0
mol_10209	8
mol_10210	5
mol_10211	2
mol_10212	7
mol_10213	4
mol_10214	8
mol_10215	7
mol_10216	6
mol_10217	8
mol_10218	8
mol_10219	7
mol_10220	9
mol_10221	9
mol_10222	6
mol_10223	4
mol_10224	0
mol_10225	7
mol_10226	2
mol_10227	8
mol_10228	6
mol_10229	2
mol_10230	7
mol_10231	9
mol_10232	5
mol_10233	7
mol_10234	5
mol_10235	7
mol_10236	7
mol_10237	6
mol_10238	1
mol_10239	0
mol_10240	6
mol_10241	8
mol_10242	7
mol_10243	7
mol_10244	6
mol_10245	7
mol_10246	6
mol_10247	6
mol_10248	0
mol_10249	9
mol_10250	9
mol_10251	6
mol_10252	4
mol_10253	4
mol_10254	6
mol_10255	9
mol_10256	8
mol_10257	7
mol_10258	8
mol_10259	7
mol_10260	0
mol_10261	8
mol_10262	5
mol_10263	6
mol_10264	6
mol_10265	2
mol_10266	7
mol_10267	8
mol_10268	7
mol_10269	8
mol_10270	7
mol_10271	1
mol_10272	8
mol_10273	6
mol_10274	7
mol_10275	7
mol_10276	6
mol_10277	7
mol_10278	8
