ID	Split	Source
mol_0	train	sampled
mol_1	train	assigned
mol_2	val	assigned
mol_3	train	assigned
mol_4	train	assigned
mol_5	train	assigned
mol_6	train	assigned
mol_7	train	assigned
mol_8	train	sampled
mol_9	test	assigned
mol_10	val	assigned
mol_11	val	assigned
mol_12	train	assigned
mol_13	train	assigned
mol_14	val	sampled
mol_15	train	assigned
mol_16	test	assigned
mol_17	train	sampled
mol_18	train	assigned
mol_19	train	sampled
mol_20	train	assigned
mol_21	train	assigned
mol_22	train	assigned
mol_23	val	sampled
mol_24	train	assigned
mol_25	train	assigned
mol_26	train	sampled
mol_27	train	assigned
mol_28	train	assigned
mol_29	train	assigned
mol_30	train	assigned
mol_31	train	sampled
mol_32	train	assigned
mol_33	train	sampled
mol_34	train	assigned
mol_35	train	assigned
mol_36	train	assigned
mol_37	test	sampled
mol_38	test	assigned
mol_39	train	assigned
mol_40	train	assigned
mol_41	train	sampled
mol_42	test	assigned
mol_43	test	assigned
mol_44	train	assigned
mol_45	train	sampled
mol_46	train	assigned
mol_47	test	assigned
mol_48	train	sampled
mol_49	val	assigned
mol_50	train	sampled
mol_51	test	sampled
mol_52	train	assigned
mol_53	train	assigned
mol_54	train	assigned
mol_55	val	assigned
mol_56	train	sampled
mol_57	train	sampled
mol_58	train	sampled
mol_59	val	assigned
mol_60	train	assigned
mol_61	train	sampled
mol_62	val	assigned
mol_63	train	assigned
mol_64	train	assigned
mol_65	train	sampled
mol_66	train	assigned
mol_67	test	assigned
mol_68	train	assigned
mol_69	train	sampled
mol_70	train	assigned
mol_71	train	assigned
mol_72	train	assigned
mol_73	val	sampled
mol_74	train	assigned
mol_75	train	assigned
mol_76	test	assigned
mol_77	test	assigned
mol_78	train	assigned
mol_79	val	sampled
mol_80	train	sampled
mol_81	train	assigned
mol_82	train	assigned
mol_83	train	assigned
mol_84	test	sampled
mol_85	train	assigned
mol_86	train	assigned
mol_87	val	sampled
mol_88	val	sampled
mol_89	train	assigned
mol_90	val	assigned
mol_91	train	sampled
mol_92	train	assigned
mol_93	val	sampled
mol_94	train	assigned
mol_95	val	sampled
mol_96	val	sampled
mol_97	train	assigned
mol_98	test	assigned
mol_99	train	assigned
mol_100	train	sampled
mol_101	train	sampled
mol_102	train	assigned
mol_103	val	assigned
mol_104	train	assigned
mol_105	val	assigned
mol_106	val	sampled
mol_107	val	sampled
mol_108	val	assigned
mol_109	train	assigned
mol_110	val	sampled
mol_111	val	assigned
mol_112	train	assigned
mol_113	train	assigned
mol_114	test	assigned
mol_115	train	assigned
mol_116	train	assigned
mol_117	train	assigned
mol_118	train	assigned
mol_119	val	assigned
mol_120	train	assigned
mol_121	train	sampled
mol_122	test	sampled
mol_123	test	assigned
mol_124	train	assigned
mol_125	test	assigned
mol_126	test	assigned
mol_127	val	assigned
mol_128	test	assigned
mol_129	val	assigned
mol_130	val	assigned
mol_131	train	sampled
mol_132	test	sampled
mol_133	train	assigned
mol_134	train	assigned
mol_135	test	assigned
mol_136	train	assigned
mol_137	test	assigned
mol_138	train	assigned
mol_139	train	assigned
mol_140	train	assigned
mol_141	train	assigned
mol_142	train	assigned
mol_143	val	assigned
mol_144	val	assigned
mol_145	train	assigned
mol_146	train	assigned
mol_147	train	assigned
mol_148	train	assigned
mol_149	val	sampled
mol_150	test	assigned
mol_151	train	assigned
mol_152	train	assigned
mol_153	test	assigned
mol_154	train	assigned
mol_155	train	assigned
mol_156	train	sampled
mol_157	train	sampled
mol_158	train	assigned
mol_159	val	assigned
mol_160	train	assigned
mol_161	train	assigned
mol_162	train	assigned
mol_163	train	assigned
mol_164	test	assigned
mol_165	train	assigned
mol_166	val	assigned
mol_167	val	sampled
mol_168	val	sampled
mol_169	train	sampled
mol_170	train	assigned
mol_171	train	assigned
mol_172	train	sampled
mol_173	train	assigned
mol_174	train	assigned
mol_175	test	assigned
mol_176	train	sampled
mol_177	train	sampled
mol_178	train	assigned
mol_179	test	sampled
mol_180	train	assigned
mol_181	train	assigned
mol_182	test	assigned
mol_183	train	assigned
mol_184	train	assigned
mol_185	train	sampled
mol_186	val	assigned
mol_187	train	assigned
mol_188	train	sampled
mol_189	test	assigned
mol_190	train	assigned
mol_191	test	assigned
mol_192	train	assigned
mol_193	train	assigned
mol_194	test	assigned
mol_195	train	assigned
mol_196	train	sampled
mol_197	val	assigned
mol_198	train	sampled
mol_199	train	sampled
mol_200	train	assigned
mol_201	train	assigned
mol_202	train	assigned
mol_203	train	assigned
mol_204	train	assigned
mol_205	train	assigned
mol_206	train	assigned
mol_207	train	assigned
mol_208	train	sampled
mol_209	val	assigned
mol_210	train	sampled
mol_211	train	assigned
mol_212	train	assigned
mol_213	train	assigned
mol_214	train	assigned
mol_215	train	assigned
mol_216	train	sampled
mol_217	val	sampled
mol_218	test	assigned
mol_219	train	assigned
mol_220	train	assigned
mol_221	train	sampled
mol_222	train	sampled
mol_223	train	assigned
mol_224	train	assigned
mol_225	train	assigned
mol_226	train	assigned
mol_227	train	assigned
mol_228	train	sampled
mol_229	train	assigned
mol_230	val	sampled
mol_231	train	sampled
mol_232	train	assigned
mol_233	train	sampled
mol_234	train	assigned
mol_235	train	assigned
mol_236	train	assigned
mol_237	train	assigned
mol_238	train	assigned
mol_239	train	sampled
mol_240	train	assigned
mol_241	train	assigned
mol_242	train	assigned
mol_243	train	assigned
mol_244	val	assigned
mol_245	val	sampled
mol_246	val	assigned
mol_247	val	sampled
mol_248	train	sampled
mol_249	train	assigned
mol_250	train	assigned
mol_251	val	sampled
mol_252	train	assigned
mol_253	train	assigned
mol_254	train	sampled
mol_255	train	assigned
mol_256	test	assigned
mol_257	train	sampled
mol_258	train	assigned
mol_259	train	sampled
mol_260	val	assigned
mol_261	train	assigned
mol_262	train	assigned
mol_263	train	sampled
mol_264	train	assigned
mol_265	train	sampled
mol_266	train	assigned
mol_267	train	sampled
mol_268	test	assigned
mol_269	train	assigned
mol_270	train	assigned
mol_271	test	assigned
mol_272	train	assigned
mol_273	train	assigned
mol_274	train	assigned
mol_275	train	assigned
mol_276	val	assigned
mol_277	train	assigned
mol_278	train	assigned
mol_279	train	sampled
mol_280	train	assigned
mol_281	train	assigned
mol_282	train	assigned
mol_283	train	assigned
mol_284	train	assigned
mol_285	val	assigned
mol_286	val	sampled
mol_287	val	assigned
mol_288	test	assigned
mol_289	train	assigned
mol_290	train	sampled
mol_291	train	sampled
mol_292	train	assigned
mol_293	val	sampled
mol_294	train	assigned
mol_295	train	assigned
mol_296	train	sampled
mol_297	train	assigned
mol_298	train	assigned
mol_299	test	assigned
mol_300	train	assigned
mol_301	train	assigned
mol_302	train	assigned
mol_303	train	sampled
mol_304	test	assigned
mol_305	train	assigned
mol_306	train	assigned
mol_307	train	assigned
mol_308	val	sampled
mol_309	train	assigned
mol_310	train	assigned
mol_311	train	assigned
mol_312	test	assigned
mol_313	test	assigned
mol_314	val	assigned
mol_315	train	sampled
mol_316	val	assigned
mol_317	train	assigned
mol_318	train	sampled
mol_319	train	sampled
mol_320	train	assigned
mol_321	train	sampled
mol_322	test	sampled
mol_323	train	sampled
mol_324	val	sampled
mol_325	train	sampled
mol_326	train	assigned
mol_327	train	assigned
mol_328	train	sampled
mol_329	train	assigned
mol_330	train	assigned
mol_331	val	assigned
mol_332	train	sampled
mol_333	val	sampled
mol_334	val	sampled
mol_335	train	assigned
mol_336	train	assigned
mol_337	val	assigned
mol_338	train	assigned
mol_339	train	sampled
mol_340	train	assigned
mol_341	train	assigned
mol_342	val	assigned
mol_343	train	assigned
mol_344	train	assigned
mol_345	val	assigned
mol_346	train	sampled
mol_347	train	sampled
mol_348	train	assigned
mol_349	train	sampled
mol_350	train	assigned
mol_351	val	sampled
mol_352	train	assigned
mol_353	train	sampled
mol_354	train	sampled
mol_355	train	assigned
mol_356	train	assigned
mol_357	train	assigned
mol_358	val	assigned
mol_359	train	assigned
mol_360	train	assigned
mol_361	train	assigned
mol_362	train	assigned
mol_363	train	assigned
mol_364	train	assigned
mol_365	test	assigned
mol_366	train	assigned
mol_367	train	sampled
mol_368	test	assigned
mol_369	train	assigned
mol_370	train	assigned
mol_371	val	sampled
mol_372	train	assigned
mol_373	train	sampled
mol_374	train	assigned
mol_375	train	assigned
mol_376	train	sampled
mol_377	train	assigned
mol_378	test	sampled
mol_379	train	assigned
mol_380	train	sampled
mol_381	val	sampled
mol_382	train	assigned
mol_383	train	assigned
mol_384	train	assigned
mol_385	train	assigned
mol_386	train	assigned
mol_387	train	assigned
mol_388	train	assigned
mol_389	train	assigned
mol_390	train	assigned
mol_391	train	assigned
mol_392	train	assigned
mol_393	test	sampled
mol_394	train	assigned
mol_395	train	assigned
mol_396	train	assigned
mol_397	train	assigned
mol_398	train	assigned
mol_399	train	assigned
mol_400	train	assigned
mol_401	train	sampled
mol_402	train	assigned
mol_403	val	assigned
mol_404	train	assigned
mol_405	val	assigned
mol_406	val	assigned
mol_407	train	assigned
mol_408	val	sampled
mol_409	train	assigned
mol_410	val	sampled
mol_411	train	assigned
mol_412	train	assigned
mol_413	train	assigned
mol_414	train	sampled
mol_415	val	sampled
mol_416	train	assigned
mol_417	train	assigned
mol_418	train	sampled
mol_419	val	assigned
mol_420	train	assigned
mol_421	train	sampled
mol_422	train	assigned
mol_423	train	assigned
mol_424	val	assigned
mol_425	test	sampled
mol_426	train	sampled
mol_427	train	assigned
mol_428	train	assigned
mol_429	test	sampled
mol_430	train	assigned
mol_431	test	assigned
mol_432	train	sampled
mol_433	val	assigned
mol_434	train	sampled
mol_435	test	sampled
mol_436	train	assigned
mol_437	train	sampled
mol_438	train	sampled
mol_439	train	sampled
mol_440	train	assigned
mol_441	train	assigned
mol_442	train	assigned
mol_443	train	assigned
mol_444	train	assigned
mol_445	train	sampled
mol_446	train	assigned
mol_447	train	sampled
mol_448	val	assigned
mol_449	val	assigned
mol_450	train	assigned
mol_451	train	assigned
mol_452	val	assigned
mol_453	train	sampled
mol_454	test	assigned
mol_455	test	assigned
mol_456	train	assigned
mol_457	train	sampled
mol_458	test	assigned
mol_459	train	assigned
mol_460	train	assigned
mol_461	val	assigned
mol_462	train	assigned
mol_463	train	assigned
mol_464	train	assigned
mol_465	train	sampled
mol_466	test	assigned
mol_467	train	assigned
mol_468	train	sampled
mol_469	train	sampled
mol_470	train	assigned
mol_471	train	assigned
mol_472	train	sampled
mol_473	train	sampled
mol_474	train	assigned
mol_475	train	assigned
mol_476	val	sampled
mol_477	val	assigned
mol_478	test	sampled
mol_479	test	sampled
mol_480	train	assigned
mol_481	test	assigned
mol_482	test	assigned
mol_483	train	assigned
mol_484	train	assigned
mol_485	test	assigned
mol_486	train	sampled
mol_487	val	sampled
mol_488	test	assigned
mol_489	train	assigned
mol_490	train	assigned
mol_491	test	sampled
mol_492	train	assigned
mol_493	train	assigned
mol_494	train	assigned
mol_495	train	assigned
mol_496	train	sampled
mol_497	train	assigned
mol_498	train	assigned
mol_499	val	assigned
mol_500	train	sampled
mol_501	train	sampled
mol_502	train	assigned
mol_503	train	sampled
mol_504	train	assigned
mol_505	train	sampled
mol_506	train	sampled
mol_507	train	assigned
mol_508	train	assigned
mol_509	train	sampled
mol_510	train	assigned
mol_511	train	sampled
mol_512	train	assigned
mol_513	train	assigned
mol_514	train	assigned
mol_515	train	assigned
mol_516	val	assigned
mol_517	train	assigned
mol_518	train	sampled
mol_519	train	assigned
mol_520	train	assigned
mol_521	test	assigned
mol_522	train	assigned
mol_523	train	assigned
mol_524	val	assigned
mol_525	test	assigned
mol_526	train	assigned
mol_527	train	sampled
mol_528	train	assigned
mol_529	train	assigned
mol_530	test	assigned
mol_531	val	assigned
mol_532	train	sampled
mol_533	train	sampled
mol_534	train	sampled
mol_535	train	sampled
mol_536	train	assigned
mol_537	train	assigned
mol_538	train	sampled
mol_539	train	assigned
mol_540	test	assigned
mol_541	train	assigned
mol_542	train	assigned
mol_543	test	sampled
mol_544	test	sampled
mol_545	test	assigned
mol_546	train	assigned
mol_547	val	sampled
mol_548	val	sampled
mol_549	val	sampled
mol_550	val	sampled
mol_551	train	assigned
mol_552	train	assigned
mol_553	train	assigned
mol_554	test	sampled
mol_555	test	assigned
mol_556	val	assigned
mol_557	train	assigned
mol_558	train	assigned
mol_559	train	assigned
mol_560	val	assigned
mol_561	train	sampled
mol_562	test	assigned
mol_563	train	assigned
mol_564	train	assigned
mol_565	val	sampled
mol_566	train	assigned
mol_567	train	assigned
mol_568	train	assigned
mol_569	val	assigned
mol_570	train	assigned
mol_571	test	assigned
mol_572	val	assigned
mol_573	val	sampled
mol_574	val	assigned
mol_575	train	assigned
mol_576	val	sampled
mol_577	train	assigned
mol_578	train	assigned
mol_579	train	assigned
mol_580	test	assigned
mol_581	train	assigned
mol_582	train	assigned
mol_583	train	assigned
mol_584	train	assigned
mol_585	val	sampled
mol_586	train	sampled
mol_587	train	assigned
mol_588	train	assigned
mol_589	train	assigned
mol_590	train	assigned
mol_591	train	assigned
mol_592	train	sampled
mol_593	train	assigned
mol_594	val	assigned
mol_595	val	assigned
mol_596	val	assigned
mol_597	train	assigned
mol_598	train	assigned
mol_599	val	sampled
mol_600	train	assigned
mol_601	test	sampled
mol_602	train	assigned
mol_603	val	assigned
mol_604	train	sampled
mol_605	val	assigned
mol_606	train	assigned
mol_607	train	assigned
mol_608	val	assigned
mol_609	train	assigned
mol_610	train	assigned
mol_611	val	sampled
mol_612	train	assigned
mol_613	val	assigned
mol_614	train	assigned
mol_615	train	assigned
mol_616	train	assigned
mol_617	train	assigned
mol_618	train	assigned
mol_619	val	assigned
mol_620	val	sampled
mol_621	val	assigned
mol_622	val	sampled
mol_623	train	assigned
mol_624	train	sampled
mol_625	train	sampled
mol_626	train	sampled
mol_627	val	assigned
mol_628	train	assigned
mol_629	train	assigned
mol_630	train	assigned
mol_631	train	assigned
mol_632	train	assigned
mol_633	test	assigned
mol_634	train	assigned
mol_635	train	assigned
mol_636	test	assigned
mol_637	test	assigned
mol_638	test	assigned
mol_639	train	assigned
mol_640	train	sampled
mol_641	train	sampled
mol_642	test	sampled
mol_643	val	assigned
mol_644	train	assigned
mol_645	train	assigned
mol_646	train	assigned
mol_647	train	sampled
mol_648	test	assigned
mol_649	train	assigned
mol_650	val	assigned
mol_651	train	assigned
mol_652	train	sampled
mol_653	train	assigned
mol_654	val	assigned
mol_655	train	assigned
mol_656	train	assigned
mol_657	train	assigned
mol_658	train	assigned
mol_659	train	assigned
mol_660	train	assigned
mol_661	train	assigned
mol_662	train	sampled
mol_663	train	assigned
mol_664	train	assigned
mol_665	train	sampled
mol_666	train	assigned
mol_667	test	assigned
mol_668	test	assigned
mol_669	test	assigned
mol_670	train	assigned
mol_671	train	assigned
mol_672	train	sampled
mol_673	train	assigned
mol_674	train	assigned
mol_675	train	assigned
mol_676	train	sampled
mol_677	train	assigned
mol_678	val	assigned
mol_679	train	assigned
mol_680	train	assigned
mol_681	train	sampled
mol_682	train	sampled
mol_683	test	sampled
mol_684	train	assigned
mol_685	train	assigned
mol_686	test	assigned
mol_687	train	assigned
mol_688	train	assigned
mol_689	test	assigned
mol_690	train	assigned
mol_691	train	assigned
mol_692	train	assigned
mol_693	test	assigned
mol_694	train	sampled
mol_695	val	assigned
mol_696	val	sampled
mol_697	train	assigned
mol_698	val	assigned
mol_699	train	assigned
mol_700	train	assigned
mol_701	train	sampled
mol_702	train	assigned
mol_703	train	assigned
mol_704	train	assigned
mol_705	val	sampled
mol_706	train	sampled
mol_707	test	assigned
mol_708	test	assigned
mol_709	test	assigned
mol_710	val	assigned
mol_711	train	sampled
mol_712	test	sampled
mol_713	train	assigned
mol_714	train	assigned
mol_715	train	assigned
mol_716	val	assigned
mol_717	train	assigned
mol_718	train	assigned
mol_719	test	assigned
mol_720	val	assigned
mol_721	train	assigned
mol_722	train	assigned
mol_723	train	assigned
mol_724	train	assigned
mol_725	train	assigned
mol_726	val	assigned
mol_727	train	assigned
mol_728	train	assigned
mol_729	train	assigned
mol_730	train	sampled
mol_731	train	assigned
mol_732	train	assigned
mol_733	train	sampled
mol_734	train	sampled
mol_735	test	assigned
mol_736	test	sampled
mol_737	train	sampled
mol_738	train	assigned
mol_739	test	assigned
mol_740	train	assigned
mol_741	train	assigned
mol_742	train	sampled
mol_743	train	sampled
mol_744	test	assigned
mol_745	test	assigned
mol_746	test	sampled
mol_747	train	sampled
mol_748	train	sampled
mol_749	val	assigned
mol_750	train	assigned
mol_751	train	sampled
mol_752	val	sampled
mol_753	train	assigned
mol_754	train	assigned
mol_755	val	sampled
mol_756	train	sampled
mol_757	train	assigned
mol_758	val	assigned
mol_759	train	assigned
mol_760	val	assigned
mol_761	val	sampled
mol_762	val	assigned
mol_763	train	sampled
mol_764	train	sampled
mol_765	train	assigned
mol_766	train	assigned
mol_767	train	assigned
mol_768	train	assigned
mol_769	train	assigned
mol_770	train	assigned
mol_771	test	assigned
mol_772	train	assigned
mol_773	train	sampled
mol_774	train	assigned
mol_775	train	assigned
mol_776	train	assigned
mol_777	train	assigned
mol_778	train	assigned
mol_779	train	assigned
mol_780	train	assigned
mol_781	train	assigned
mol_782	train	assigned
mol_783	train	assigned
mol_784	val	assigned
mol_785	train	assigned
mol_786	train	sampled
mol_787	train	assigned
mol_788	train	assigned
mol_789	train	sampled
mol_790	train	assigned
mol_791	train	assigned
mol_792	train	assigned
mol_793	train	assigned
mol_794	test	assigned
mol_795	train	assigned
mol_796	val	assigned
mol_797	train	assigned
mol_798	val	sampled
mol_799	train	assigned
mol_800	train	sampled
mol_801	train	assigned
mol_802	train	assigned
mol_803	train	assigned
mol_804	train	assigned
mol_805	train	sampled
mol_806	train	assigned
mol_807	train	assigned
mol_808	test	assigned
mol_809	train	assigned
mol_810	train	assigned
mol_811	train	sampled
mol_812	train	sampled
mol_813	train	assigned
mol_814	train	assigned
mol_815	train	assigned
mol_816	train	assigned
mol_817	train	assigned
mol_818	train	assigned
mol_819	train	assigned
mol_820	train	assigned
mol_821	test	assigned
mol_822	val	assigned
mol_823	train	assigned
mol_824	train	assigned
mol_825	train	assigned
mol_826	train	assigned
mol_827	train	assigned
mol_828	train	sampled
mol_829	train	assigned
mol_830	train	assigned
mol_831	train	assigned
mol_832	train	assigned
mol_833	train	sampled
mol_834	val	assigned
mol_835	val	sampled
mol_836	val	assigned
mol_837	train	assigned
mol_838	train	sampled
mol_839	train	assigned
mol_840	test	assigned
mol_841	train	assigned
mol_842	test	sampled
mol_843	test	assigned
mol_844	test	assigned
mol_845	test	assigned
mol_846	train	assigned
mol_847	val	sampled
mol_848	train	assigned
mol_849	train	assigned
mol_850	train	assigned
mol_851	train	assigned
mol_852	train	sampled
mol_853	test	assigned
mol_854	train	assigned
mol_855	train	assigned
mol_856	train	sampled
mol_857	val	assigned
mol_858	train	sampled
mol_859	train	assigned
mol_860	train	assigned
mol_861	test	assigned
mol_862	test	assigned
mol_863	train	assigned
mol_864	train	sampled
mol_865	train	sampled
mol_866	train	sampled
mol_867	train	assigned
mol_868	train	assigned
mol_869	val	assigned
mol_870	train	assigned
mol_871	val	assigned
mol_872	train	assigned
mol_873	train	assigned
mol_874	val	assigned
mol_875	train	assigned
mol_876	val	assigned
mol_877	train	sampled
mol_878	train	assigned
mol_879	val	sampled
mol_880	test	assigned
mol_881	train	sampled
mol_882	train	assigned
mol_883	train	assigned
mol_884	val	assigned
mol_885	test	assigned
mol_886	train	assigned
mol_887	train	assigned
mol_888	train	assigned
mol_889	train	sampled
mol_890	train	assigned
mol_891	train	assigned
mol_892	train	assigned
mol_893	val	sampled
mol_894	train	assigned
mol_895	test	assigned
mol_896	train	assigned
mol_897	train	assigned
mol_898	train	assigned
mol_899	train	assigned
mol_900	train	assigned
mol_901	train	assigned
mol_902	train	assigned
mol_903	train	assigned
mol_904	train	sampled
mol_905	train	assigned
mol_906	train	assigned
mol_907	val	assigned
mol_908	train	sampled
mol_909	train	assigned
mol_910	train	assigned
mol_911	train	sampled
mol_912	train	assigned
mol_913	train	assigned
mol_914	val	assigned
mol_915	val	assigned
mol_916	train	assigned
mol_917	train	assigned
mol_918	train	assigned
mol_919	train	assigned
mol_920	train	assigned
mol_921	val	sampled
mol_922	test	assigned
mol_923	train	assigned
mol_924	train	assigned
mol_925	train	assigned
mol_926	train	assigned
mol_927	train	sampled
mol_928	val	assigned
mol_929	val	assigned
mol_930	train	assigned
mol_931	val	assigned
mol_932	train	sampled
mol_933	train	assigned
mol_934	train	assigned
mol_935	train	assigned
mol_936	train	assigned
mol_937	train	sampled
mol_938	train	assigned
mol_939	train	assigned
mol_940	train	sampled
mol_941	train	assigned
mol_942	train	assigned
mol_943	train	assigned
mol_944	train	assigned
mol_945	test	assigned
mol_946	train	assigned
mol_947	test	assigned
mol_948	val	assigned
mol_949	val	assigned
mol_950	train	assigned
mol_951	train	assigned
mol_952	test	assigned
mol_953	train	assigned
mol_954	train	assigned
mol_955	test	assigned
mol_956	val	assigned
mol_957	train	sampled
mol_958	val	assigned
mol_959	train	assigned
mol_960	val	sampled
mol_961	val	assigned
mol_962	train	assigned
mol_963	train	assigned
mol_964	train	sampled
mol_965	val	sampled
mol_966	test	assigned
mol_967	train	assigned
mol_968	train	assigned
mol_969	val	assigned
mol_970	train	sampled
mol_971	test	assigned
mol_972	train	assigned
mol_973	val	assigned
mol_974	train	assigned
mol_975	train	assigned
mol_976	train	assigned
mol_977	train	assigned
mol_978	train	assigned
mol_979	train	assigned
mol_980	train	assigned
mol_981	train	assigned
mol_982	train	sampled
mol_983	train	assigned
mol_984	train	assigned
mol_985	train	assigned
mol_986	test	assigned
mol_987	train	assigned
mol_988	train	assigned
mol_989	train	assigned
mol_990	test	assigned
mol_991	val	assigned
mol_992	train	assigned
mol_993	train	assigned
mol_994	train	sampled
mol_995	train	assigned
mol_996	train	sampled
mol_997	train	sampled
mol_998	train	assigned
mol_999	train	assigned
mol_1000	train	assigned
mol_1001	train	assigned
mol_1002	train	sampled
mol_1003	val	assigned
mol_1004	train	assigned
mol_1005	train	sampled
mol_1006	val	assigned
mol_1007	val	assigned
mol_1008	train	assigned
mol_1009	train	sampled
mol_1010	val	sampled
mol_1011	train	assigned
mol_1012	train	assigned
mol_1013	val	assigned
mol_1014	train	assigned
mol_1015	train	assigned
mol_1016	train	assigned
mol_1017	train	sampled
mol_1018	val	sampled
mol_1019	train	assigned
mol_1020	train	sampled
mol_1021	train	assigned
mol_1022	train	sampled
mol_1023	train	assigned
mol_1024	train	sampled
mol_1025	train	sampled
mol_1026	train	assigned
mol_1027	test	sampled
mol_1028	train	assigned
mol_1029	train	assigned
mol_1030	val	assigned
mol_1031	train	assigned
mol_1032	train	assigned
mol_1033	val	sampled
mol_1034	train	sampled
mol_1035	val	assigned
mol_1036	val	assigned
mol_1037	train	assigned
mol_1038	val	sampled
mol_1039	train	sampled
mol_1040	train	assigned
mol_1041	val	sampled
mol_1042	val	sampled
mol_1043	val	assigned
mol_1044	train	sampled
mol_1045	train	assigned
mol_1046	val	sampled
mol_1047	train	sampled
mol_1048	train	assigned
mol_1049	val	sampled
mol_1050	train	assigned
mol_1051	train	assigned
mol_1052	train	assigned
mol_1053	train	sampled
mol_1054	train	assigned
mol_1055	train	sampled
mol_1056	train	sampled
mol_1057	train	sampled
mol_1058	train	assigned
mol_1059	train	assigned
mol_1060	train	assigned
mol_1061	val	sampled
mol_1062	train	assigned
mol_1063	train	assigned
mol_1064	val	assigned
mol_1065	test	assigned
mol_1066	train	assigned
mol_1067	train	assigned
mol_1068	train	assigned
mol_1069	train	assigned
mol_1070	train	assigned
mol_1071	train	assigned
mol_1072	train	assigned
mol_1073	train	assigned
mol_1074	test	sampled
mol_1075	val	sampled
mol_1076	train	assigned
mol_1077	train	assigned
mol_1078	train	sampled
mol_1079	val	sampled
mol_1080	val	assigned
mol_1081	train	assigned
mol_1082	train	assigned
mol_1083	train	assigned
mol_1084	val	sampled
mol_1085	train	assigned
mol_1086	train	assigned
mol_1087	train	sampled
mol_1088	train	assigned
mol_1089	val	assigned
mol_1090	train	sampled
mol_1091	train	assigned
mol_1092	train	assigned
mol_1093	val	assigned
mol_1094	train	assigned
mol_1095	train	assigned
mol_1096	train	assigned
mol_1097	train	sampled
mol_1098	train	assigned
mol_1099	test	assigned
mol_1100	train	assigned
mol_1101	train	sampled
mol_1102	train	assigned
mol_1103	train	sampled
mol_1104	train	assigned
mol_1105	train	assigned
mol_1106	test	assigned
mol_1107	train	assigned
mol_1108	train	sampled
mol_1109	test	sampled
mol_1110	train	assigned
mol_1111	train	assigned
mol_1112	train	assigned
mol_1113	val	assigned
mol_1114	val	assigned
mol_1115	val	sampled
mol_1116	val	assigned
mol_1117	train	assigned
mol_1118	train	assigned
mol_1119	test	assigned
mol_1120	train	assigned
mol_1121	train	assigned
mol_1122	val	assigned
mol_1123	val	sampled
mol_1124	val	assigned
mol_1125	val	assigned
mol_1126	train	assigned
mol_1127	train	assigned
mol_1128	val	sampled
mol_1129	val	sampled
mol_1130	train	assigned
mol_1131	train	assigned
mol_1132	val	assigned
mol_1133	train	assigned
mol_1134	train	assigned
mol_1135	val	assigned
mol_1136	val	assigned
mol_1137	val	assigned
mol_1138	train	assigned
mol_1139	train	assigned
mol_1140	train	assigned
mol_1141	train	assigned
mol_1142	train	sampled
mol_1143	train	assigned
mol_1144	train	sampled
mol_1145	train	assigned
mol_1146	val	sampled
mol_1147	train	assigned
mol_1148	train	assigned
mol_1149	train	sampled
mol_1150	train	assigned
mol_1151	train	assigned
mol_1152	train	assigned
mol_1153	train	sampled
mol_1154	train	assigned
mol_1155	val	assigned
mol_1156	train	assigned
mol_1157	train	assigned
mol_1158	train	sampled
mol_1159	train	assigned
mol_1160	test	assigned
mol_1161	train	assigned
mol_1162	train	assigned
mol_1163	train	sampled
mol_1164	train	assigned
mol_1165	train	assigned
mol_1166	train	assigned
mol_1167	val	assigned
mol_1168	train	sampled
mol_1169	train	assigned
mol_1170	test	assigned
mol_1171	train	assigned
mol_1172	val	sampled
mol_1173	train	sampled
mol_1174	train	sampled
mol_1175	train	sampled
mol_1176	train	sampled
mol_1177	train	assigned
mol_1178	train	assigned
mol_1179	test	assigned
mol_1180	train	sampled
mol_1181	train	sampled
mol_1182	train	assigned
mol_1183	val	assigned
mol_1184	val	assigned
mol_1185	train	assigned
mol_1186	val	assigned
mol_1187	val	assigned
mol_1188	train	sampled
mol_1189	train	assigned
mol_1190	train	assigned
mol_1191	train	assigned
mol_1192	train	sampled
mol_1193	train	sampled
mol_1194	train	assigned
mol_1195	train	sampled
mol_1196	val	assigned
mol_1197	train	sampled
mol_1198	train	assigned
mol_1199	train	sampled
mol_1200	train	assigned
mol_1201	val	sampled
mol_1202	train	assigned
mol_1203	train	sampled
mol_1204	train	assigned
mol_1205	test	assigned
mol_1206	train	assigned
mol_1207	val	assigned
mol_1208	train	assigned
mol_1209	train	assigned
mol_1210	train	sampled
mol_1211	test	assigned
mol_1212	test	assigned
mol_1213	train	assigned
mol_1214	val	assigned
mol_1215	train	sampled
mol_1216	train	assigned
mol_1217	val	assigned
mol_1218	test	assigned
mol_1219	train	sampled
mol_1220	train	assigned
mol_1221	train	sampled
mol_1222	train	assigned
mol_1223	test	sampled
mol_1224	train	assigned
mol_1225	train	assigned
mol_1226	train	sampled
mol_1227	train	assigned
mol_1228	test	assigned
mol_1229	test	assigned
mol_1230	val	assigned
mol_1231	val	assigned
mol_1232	test	assigned
mol_1233	train	assigned
mol_1234	train	assigned
mol_1235	test	assigned
mol_1236	train	assigned
mol_1237	train	assigned
mol_1238	train	assigned
mol_1239	train	assigned
mol_1240	train	assigned
mol_1241	test	assigned
mol_1242	train	sampled
mol_1243	train	assigned
mol_1244	train	sampled
mol_1245	test	assigned
mol_1246	train	assigned
mol_1247	train	assigned
mol_1248	train	assigned
mol_1249	train	assigned
mol_1250	test	assigned
mol_1251	train	assigned
mol_1252	test	assigned
mol_1253	val	sampled
mol_1254	train	assigned
mol_1255	test	assigned
mol_1256	test	assigned
mol_1257	train	assigned
mol_1258	train	assigned
mol_1259	val	sampled
mol_1260	val	assigned
mol_1261	train	sampled
mol_1262	train	assigned
mol_1263	val	sampled
mol_1264	val	assigned
mol_1265	train	assigned
mol_1266	train	assigned
mol_1267	train	assigned
mol_1268	train	assigned
mol_1269	val	assigned
mol_1270	train	assigned
mol_1271	train	assigned
mol_1272	val	assigned
mol_1273	train	assigned
mol_1274	val	assigned
mol_1275	val	assigned
mol_1276	train	assigned
mol_1277	train	sampled
mol_1278	val	assigned
mol_1279	train	assigned
mol_1280	val	assigned
mol_1281	train	sampled
mol_1282	train	assigned
mol_1283	train	assigned
mol_1284	train	assigned
mol_1285	val	assigned
mol_1286	train	assigned
mol_1287	train	sampled
mol_1288	train	assigned
mol_1289	train	assigned
mol_1290	train	assigned
mol_1291	val	assigned
mol_1292	val	assigned
mol_1293	train	assigned
mol_1294	train	assigned
mol_1295	train	sampled
mol_1296	val	assigned
mol_1297	train	sampled
mol_1298	train	sampled
mol_1299	train	assigned
mol_1300	train	assigned
mol_1301	train	assigned
mol_1302	train	sampled
mol_1303	train	assigned
mol_1304	train	assigned
mol_1305	train	assigned
mol_1306	train	assigned
mol_1307	train	assigned
mol_1308	train	assigned
mol_1309	train	assigned
mol_1310	train	assigned
mol_1311	train	assigned
mol_1312	train	assigned
mol_1313	train	sampled
mol_1314	train	assigned
mol_1315	train	sampled
mol_1316	train	assigned
mol_1317	val	sampled
mol_1318	train	assigned
mol_1319	train	assigned
mol_1320	train	sampled
mol_1321	train	sampled
mol_1322	val	sampled
mol_1323	train	sampled
mol_1324	val	assigned
mol_1325	train	assigned
mol_1326	val	assigned
mol_1327	val	assigned
mol_1328	train	sampled
mol_1329	train	assigned
mol_1330	train	sampled
mol_1331	train	assigned
mol_1332	train	assigned
mol_1333	test	assigned
mol_1334	train	assigned
mol_1335	val	sampled
mol_1336	train	assigned
mol_1337	val	assigned
mol_1338	train	assigned
mol_1339	train	assigned
mol_1340	train	assigned
mol_1341	val	assigned
mol_1342	val	assigned
mol_1343	val	assigned
mol_1344	train	assigned
mol_1345	train	assigned
mol_1346	train	sampled
mol_1347	val	assigned
mol_1348	val	assigned
mol_1349	val	assigned
mol_1350	test	assigned
mol_1351	train	assigned
mol_1352	test	sampled
mol_1353	train	assigned
mol_1354	train	assigned
mol_1355	train	assigned
mol_1356	train	assigned
mol_1357	train	assigned
mol_1358	train	assigned
mol_1359	train	assigned
mol_1360	train	sampled
mol_1361	train	assigned
mol_1362	train	assigned
mol_1363	train	assigned
mol_1364	train	assigned
mol_1365	test	assigned
mol_1366	val	assigned
mol_1367	val	assigned
mol_1368	train	assigned
mol_1369	train	assigned
mol_1370	train	sampled
mol_1371	val	assigned
mol_1372	train	sampled
mol_1373	val	sampled
mol_1374	train	sampled
mol_1375	train	sampled
mol_1376	test	assigned
mol_1377	train	assigned
mol_1378	train	assigned
mol_1379	train	sampled
mol_1380	train	assigned
mol_1381	train	assigned
mol_1382	train	assigned
mol_1383	train	sampled
mol_1384	test	assigned
mol_1385	train	sampled
mol_1386	train	assigned
mol_1387	train	assigned
mol_1388	val	assigned
mol_1389	val	assigned
mol_1390	train	assigned
mol_1391	train	assigned
mol_1392	train	assigned
mol_1393	val	sampled
mol_1394	train	assigned
mol_1395	train	assigned
mol_1396	train	assigned
mol_1397	test	assigned
mol_1398	train	assigned
mol_1399	train	assigned
mol_1400	test	sampled
mol_1401	test	assigned
mol_1402	train	sampled
mol_1403	train	assigned
mol_1404	test	assigned
mol_1405	val	sampled
mol_1406	train	sampled
mol_1407	train	sampled
mol_1408	train	assigned
mol_1409	train	assigned
mol_1410	train	sampled
mol_1411	test	assigned
mol_1412	train	sampled
mol_1413	train	assigned
mol_1414	train	sampled
mol_1415	train	assigned
mol_1416	val	assigned
mol_1417	train	assigned
mol_1418	train	assigned
mol_1419	train	sampled
mol_1420	train	sampled
mol_1421	train	sampled
mol_1422	test	assigned
mol_1423	train	sampled
mol_1424	train	assigned
mol_1425	train	sampled
mol_1426	train	sampled
mol_1427	train	assigned
mol_1428	val	assigned
mol_1429	train	sampled
mol_1430	train	sampled
mol_1431	test	assigned
mol_1432	train	assigned
mol_1433	train	assigned
mol_1434	train	assigned
mol_1435	train	assigned
mol_1436	train	sampled
mol_1437	val	assigned
mol_1438	val	sampled
mol_1439	train	assigned
mol_1440	train	assigned
mol_1441	train	assigned
mol_1442	train	assigned
mol_1443	test	sampled
mol_1444	train	assigned
mol_1445	train	assigned
mol_1446	train	sampled
mol_1447	val	assigned
mol_1448	train	assigned
mol_1449	val	assigned
mol_1450	train	sampled
mol_1451	test	sampled
mol_1452	val	sampled
mol_1453	train	assigned
mol_1454	val	sampled
mol_1455	test	assigned
mol_1456	train	assigned
mol_1457	train	assigned
mol_1458	train	assigned
mol_1459	train	assigned
mol_1460	train	assigned
mol_1461	train	assigned
mol_1462	train	assigned
mol_1463	train	assigned
mol_1464	train	sampled
mol_1465	train	sampled
mol_1466	train	assigned
mol_1467	train	sampled
mol_1468	train	assigned
mol_1469	train	assigned
mol_1470	train	assigned
mol_1471	train	assigned
mol_1472	train	assigned
mol_1473	train	assigned
mol_1474	train	assigned
mol_1475	train	assigned
mol_1476	train	assigned
mol_1477	train	sampled
mol_1478	train	assigned
mol_1479	train	assigned
mol_1480	train	sampled
mol_1481	train	assigned
mol_1482	test	assigned
mol_1483	test	sampled
mol_1484	train	assigned
mol_1485	test	assigned
mol_1486	train	assigned
mol_1487	train	sampled
mol_1488	test	sampled
mol_1489	val	sampled
mol_1490	train	assigned
mol_1491	train	assigned
mol_1492	val	assigned
mol_1493	train	assigned
mol_1494	train	assigned
mol_1495	train	assigned
mol_1496	train	assigned
mol_1497	train	assigned
mol_1498	train	sampled
mol_1499	train	sampled
mol_1500	test	assigned
mol_1501	train	sampled
mol_1502	train	sampled
mol_1503	test	assigned
mol_1504	train	assigned
mol_1505	val	assigned
mol_1506	train	assigned
mol_1507	val	sampled
mol_1508	train	assigned
mol_1509	val	sampled
mol_1510	train	assigned
mol_1511	val	sampled
mol_1512	train	sampled
mol_1513	val	sampled
mol_1514	train	sampled
mol_1515	train	sampled
mol_1516	train	assigned
mol_1517	val	assigned
mol_1518	train	assigned
mol_1519	val	assigned
mol_1520	test	assigned
mol_1521	train	assigned
mol_1522	train	assigned
mol_1523	val	assigned
mol_1524	train	assigned
mol_1525	train	assigned
mol_1526	train	assigned
mol_1527	train	assigned
mol_1528	train	assigned
mol_1529	val	assigned
mol_1530	train	assigned
mol_1531	train	assigned
mol_1532	train	assigned
mol_1533	test	sampled
mol_1534	train	assigned
mol_1535	train	sampled
mol_1536	train	sampled
mol_1537	train	assigned
mol_1538	train	assigned
mol_1539	train	sampled
mol_1540	train	assigned
mol_1541	train	assigned
mol_1542	train	assigned
mol_1543	test	sampled
mol_1544	train	sampled
mol_1545	train	sampled
mol_1546	train	assigned
mol_1547	train	assigned
mol_1548	train	assigned
mol_1549	train	assigned
mol_1550	train	sampled
mol_1551	train	assigned
mol_1552	train	assigned
mol_1553	train	assigned
mol_1554	val	sampled
mol_1555	train	assigned
mol_1556	test	assigned
mol_1557	train	assigned
mol_1558	train	sampled
mol_1559	val	sampled
mol_1560	train	assigned
mol_1561	train	sampled
mol_1562	train	sampled
mol_1563	val	sampled
mol_1564	train	assigned
mol_1565	train	sampled
mol_1566	val	sampled
mol_1567	val	assigned
mol_1568	train	assigned
mol_1569	val	sampled
mol_1570	train	assigned
mol_1571	train	assigned
mol_1572	train	assigned
mol_1573	train	assigned
mol_1574	train	assigned
mol_1575	test	sampled
mol_1576	test	assigned
mol_1577	train	assigned
mol_1578	val	sampled
mol_1579	train	assigned
mol_1580	train	assigned
mol_1581	test	assigned
mol_1582	train	sampled
mol_1583	train	assigned
mol_1584	val	assigned
mol_1585	train	assigned
mol_1586	test	sampled
mol_1587	test	assigned
mol_1588	train	assigned
mol_1589	train	assigned
mol_1590	train	assigned
mol_1591	val	assigned
mol_1592	train	assigned
mol_1593	train	sampled
mol_1594	train	assigned
mol_1595	val	sampled
mol_1596	val	assigned
mol_1597	val	assigned
mol_1598	val	assigned
mol_1599	train	assigned
mol_1600	val	sampled
mol_1601	train	assigned
mol_1602	train	assigned
mol_1603	train	assigned
mol_1604	test	assigned
mol_1605	train	assigned
mol_1606	train	sampled
mol_1607	train	assigned
mol_1608	train	sampled
mol_1609	train	assigned
mol_1610	train	assigned
mol_1611	train	assigned
mol_1612	train	assigned
mol_1613	train	assigned
mol_1614	test	assigned
mol_1615	train	sampled
mol_1616	train	sampled
mol_1617	test	sampled
mol_1618	train	sampled
mol_1619	train	assigned
mol_1620	train	assigned
mol_1621	train	assigned
mol_1622	train	assigned
mol_1623	train	sampled
mol_1624	train	assigned
mol_1625	train	assigned
mol_1626	train	assigned
mol_1627	val	assigned
mol_1628	train	assigned
mol_1629	val	assigned
mol_1630	train	assigned
mol_1631	train	assigned
mol_1632	train	sampled
mol_1633	train	assigned
mol_1634	train	sampled
mol_1635	train	assigned
mol_1636	train	assigned
mol_1637	train	assigned
mol_1638	train	assigned
mol_1639	val	assigned
mol_1640	train	assigned
mol_1641	val	assigned
mol_1642	train	assigned
mol_1643	val	sampled
mol_1644	train	assigned
mol_1645	train	assigned
mol_1646	test	assigned
mol_1647	val	assigned
mol_1648	val	assigned
mol_1649	train	sampled
mol_1650	train	sampled
mol_1651	train	assigned
mol_1652	train	sampled
mol_1653	train	assigned
mol_1654	train	assigned
mol_1655	train	assigned
mol_1656	val	sampled
mol_1657	train	assigned
mol_1658	train	assigned
mol_1659	train	assigned
mol_1660	val	assigned
mol_1661	train	assigned
mol_1662	train	sampled
mol_1663	test	assigned
mol_1664	train	assigned
mol_1665	train	sampled
mol_1666	train	assigned
mol_1667	train	assigned
mol_1668	test	assigned
mol_1669	train	sampled
mol_1670	val	sampled
mol_1671	train	sampled
mol_1672	val	sampled
mol_1673	train	assigned
mol_1674	val	assigned
mol_1675	train	assigned
mol_1676	val	assigned
mol_1677	val	sampled
mol_1678	test	assigned
mol_1679	test	assigned
mol_1680	train	assigned
mol_1681	train	assigned
mol_1682	train	assigned
mol_1683	train	assigned
mol_1684	train	assigned
mol_1685	train	assigned
mol_1686	train	assigned
mol_1687	train	assigned
mol_1688	test	assigned
mol_1689	train	assigned
mol_1690	test	assigned
mol_1691	train	assigned
mol_1692	train	assigned
mol_1693	train	assigned
mol_1694	val	sampled
mol_1695	val	assigned
mol_1696	val	assigned
mol_1697	val	assigned
mol_1698	train	assigned
mol_1699	train	assigned
mol_1700	train	assigned
mol_1701	train	assigned
mol_1702	train	sampled
mol_1703	train	sampled
mol_1704	train	assigned
mol_1705	train	assigned
mol_1706	train	sampled
mol_1707	train	assigned
mol_1708	val	assigned
mol_1709	train	assigned
mol_1710	train	assigned
mol_1711	train	assigned
mol_1712	train	assigned
mol_1713	train	assigned
mol_1714	train	assigned
mol_1715	train	assigned
mol_1716	val	assigned
mol_1717	train	assigned
mol_1718	train	sampled
mol_1719	val	assigned
mol_1720	train	sampled
mol_1721	train	sampled
mol_1722	val	assigned
mol_1723	test	assigned
mol_1724	train	assigned
mol_1725	train	assigned
mol_1726	train	sampled
mol_1727	test	assigned
mol_1728	train	sampled
mol_1729	train	sampled
mol_1730	train	sampled
mol_1731	train	sampled
mol_1732	train	sampled
mol_1733	train	assigned
mol_1734	train	assigned
mol_1735	train	assigned
mol_1736	test	assigned
mol_1737	train	sampled
mol_1738	test	assigned
mol_1739	val	sampled
mol_1740	train	sampled
mol_1741	val	sampled
mol_1742	train	assigned
mol_1743	train	assigned
mol_1744	train	assigned
mol_1745	train	assigned
mol_1746	train	sampled
mol_1747	train	sampled
mol_1748	train	assigned
mol_1749	val	assigned
mol_1750	train	assigned
mol_1751	train	assigned
mol_1752	train	assigned
mol_1753	train	assigned
mol_1754	train	assigned
mol_1755	val	sampled
mol_1756	train	assigned
mol_1757	train	assigned
mol_1758	train	sampled
mol_1759	val	assigned
mol_1760	val	assigned
mol_1761	train	assigned
mol_1762	train	assigned
mol_1763	val	assigned
mol_1764	train	assigned
mol_1765	train	sampled
mol_1766	train	assigned
mol_1767	train	assigned
mol_1768	val	sampled
mol_1769	val	assigned
mol_1770	train	assigned
mol_1771	val	assigned
mol_1772	train	assigned
mol_1773	val	assigned
mol_1774	val	assigned
mol_1775	train	sampled
mol_1776	val	assigned
mol_1777	val	assigned
mol_1778	val	assigned
mol_1779	train	assigned
mol_1780	train	assigned
mol_1781	train	assigned
mol_1782	train	sampled
mol_1783	train	sampled
mol_1784	train	sampled
mol_1785	train	assigned
mol_1786	train	sampled
mol_1787	train	assigned
mol_1788	train	assigned
mol_1789	train	assigned
mol_1790	val	sampled
mol_1791	train	assigned
mol_1792	train	assigned
mol_1793	train	sampled
mol_1794	train	assigned
mol_1795	test	assigned
mol_1796	train	assigned
mol_1797	test	assigned
mol_1798	val	assigned
mol_1799	train	assigned
mol_1800	train	assigned
mol_1801	train	assigned
mol_1802	val	assigned
mol_1803	train	sampled
mol_1804	train	assigned
mol_1805	train	assigned
mol_1806	train	assigned
mol_1807	train	sampled
mol_1808	val	assigned
mol_1809	test	assigned
mol_1810	train	assigned
mol_1811	train	sampled
mol_1812	test	assigned
mol_1813	train	assigned
mol_1814	test	assigned
mol_1815	val	assigned
mol_1816	train	assigned
mol_1817	test	sampled
mol_1818	train	assigned
mol_1819	train	assigned
mol_1820	train	sampled
mol_1821	val	assigned
mol_1822	train	assigned
mol_1823	train	assigned
mol_1824	train	assigned
mol_1825	train	assigned
mol_1826	train	assigned
mol_1827	test	assigned
mol_1828	train	assigned
mol_1829	train	assigned
mol_1830	train	assigned
mol_1831	test	assigned
mol_1832	train	sampled
mol_1833	train	assigned
mol_1834	val	assigned
mol_1835	train	sampled
mol_1836	val	assigned
mol_1837	train	assigned
mol_1838	train	assigned
mol_1839	val	sampled
mol_1840	val	assigned
mol_1841	train	assigned
mol_1842	val	assigned
mol_1843	train	assigned
mol_1844	train	sampled
mol_1845	test	assigned
mol_1846	val	assigned
mol_1847	train	assigned
mol_1848	train	assigned
mol_1849	train	assigned
mol_1850	test	sampled
mol_1851	train	assigned
mol_1852	train	assigned
mol_1853	train	assigned
mol_1854	train	assigned
mol_1855	train	assigned
mol_1856	train	assigned
mol_1857	train	assigned
mol_1858	train	sampled
mol_1859	train	assigned
mol_1860	train	assigned
mol_1861	val	assigned
mol_1862	train	sampled
mol_1863	train	assigned
mol_1864	train	sampled
mol_1865	train	assigned
mol_1866	val	assigned
mol_1867	train	sampled
mol_1868	train	assigned
mol_1869	train	sampled
mol_1870	train	sampled
mol_1871	train	sampled
mol_1872	val	sampled
mol_1873	val	assigned
mol_1874	train	assigned
mol_1875	train	assigned
mol_1876	train	assigned
mol_1877	train	assigned
mol_1878	train	assigned
mol_1879	train	assigned
mol_1880	train	sampled
mol_1881	train	assigned
mol_1882	train	sampled
mol_1883	test	sampled
mol_1884	test	assigned
mol_1885	test	assigned
mol_1886	test	sampled
mol_1887	train	assigned
mol_1888	train	sampled
mol_1889	train	assigned
mol_1890	train	assigned
mol_1891	test	assigned
mol_1892	train	assigned
mol_1893	test	sampled
mol_1894	train	sampled
mol_1895	train	assigned
mol_1896	test	assigned
mol_1897	test	sampled
mol_1898	train	assigned
mol_1899	train	assigned
mol_1900	train	assigned
mol_1901	val	assigned
mol_1902	train	assigned
mol_1903	test	assigned
mol_1904	val	assigned
mol_1905	val	sampled
mol_1906	train	assigned
mol_1907	train	assigned
mol_1908	train	assigned
mol_1909	test	assigned
mol_1910	train	assigned
mol_1911	train	assigned
mol_1912	train	sampled
mol_1913	train	assigned
mol_1914	train	assigned
mol_1915	test	sampled
mol_1916	test	sampled
mol_1917	val	assigned
mol_1918	train	sampled
mol_1919	train	sampled
mol_1920	train	assigned
mol_1921	train	assigned
mol_1922	train	sampled
mol_1923	train	assigned
mol_1924	train	assigned
mol_1925	train	assigned
mol_1926	train	sampled
mol_1927	train	assigned
mol_1928	train	sampled
mol_1929	train	assigned
mol_1930	test	assigned
mol_1931	train	assigned
mol_1932	train	assigned
mol_1933	train	assigned
mol_1934	train	sampled
mol_1935	train	assigned
mol_1936	train	assigned
mol_1937	train	assigned
mol_1938	test	assigned
mol_1939	train	assigned
mol_1940	train	sampled
mol_1941	test	sampled
mol_1942	train	assigned
mol_1943	train	assigned
mol_1944	val	assigned
mol_1945	train	sampled
mol_1946	train	assigned
mol_1947	train	assigned
mol_1948	train	assigned
mol_1949	train	assigned
mol_1950	train	assigned
mol_1951	train	assigned
mol_1952	train	sampled
mol_1953	train	assigned
mol_1954	train	sampled
mol_1955	val	assigned
mol_1956	train	assigned
mol_1957	val	assigned
mol_1958	test	assigned
mol_1959	val	assigned
mol_1960	train	assigned
mol_1961	train	assigned
mol_1962	train	assigned
mol_1963	train	assigned
mol_1964	train	sampled
mol_1965	train	sampled
mol_1966	val	sampled
mol_1967	train	assigned
mol_1968	train	assigned
mol_1969	train	assigned
mol_1970	train	assigned
mol_1971	val	sampled
mol_1972	train	sampled
mol_1973	train	assigned
mol_1974	train	assigned
mol_1975	train	assigned
mol_1976	train	assigned
mol_1977	train	assigned
mol_1978	train	sampled
mol_1979	train	sampled
mol_1980	val	assigned
mol_1981	train	assigned
mol_1982	train	assigned
mol_1983	train	assigned
mol_1984	train	assigned
mol_1985	train	assigned
mol_1986	train	assigned
mol_1987	train	assigned
mol_1988	train	assigned
mol_1989	train	assigned
mol_1990	test	assigned
mol_1991	train	assigned
mol_1992	train	sampled
mol_1993	train	assigned
mol_1994	train	assigned
mol_1995	test	assigned
mol_1996	train	assigned
mol_1997	train	assigned
mol_1998	test	assigned
mol_1999	train	assigned
mol_2000	train	assigned
mol_2001	train	assigned
mol_2002	test	sampled
mol_2003	val	assigned
mol_2004	train	assigned
mol_2005	train	assigned
mol_2006	train	assigned
mol_2007	test	assigned
mol_2008	train	assigned
mol_2009	val	assigned
mol_2010	train	assigned
mol_2011	train	assigned
mol_2012	train	assigned
mol_2013	train	assigned
mol_2014	train	assigned
mol_2015	val	assigned
mol_2016	val	assigned
mol_2017	train	assigned
mol_2018	train	sampled
mol_2019	train	assigned
mol_2020	val	sampled
mol_2021	train	assigned
mol_2022	train	sampled
mol_2023	train	assigned
mol_2024	train	sampled
mol_2025	train	assigned
mol_2026	train	assigned
mol_2027	train	assigned
mol_2028	train	assigned
mol_2029	val	sampled
mol_2030	val	assigned
mol_2031	train	sampled
mol_2032	train	assigned
mol_2033	val	assigned
mol_2034	train	sampled
mol_2035	train	assigned
mol_2036	train	sampled
mol_2037	val	assigned
mol_2038	train	assigned
mol_2039	train	assigned
mol_2040	train	assigned
mol_2041	val	assigned
mol_2042	train	assigned
mol_2043	train	assigned
mol_2044	val	assigned
mol_2045	train	assigned
mol_2046	train	assigned
mol_2047	train	assigned
mol_2048	val	assigned
mol_2049	train	assigned
mol_2050	val	assigned
mol_2051	val	assigned
mol_2052	val	assigned
mol_2053	val	assigned
mol_2054	train	assigned
mol_2055	train	assigned
mol_2056	val	assigned
mol_2057	val	sampled
mol_2058	train	assigned
mol_2059	train	assigned
mol_2060	train	assigned
mol_2061	val	assigned
mol_2062	val	assigned
mol_2063	val	sampled
mol_2064	val	assigned
mol_2065	train	assigned
mol_2066	train	assigned
mol_2067	train	assigned
mol_2068	train	assigned
mol_2069	train	sampled
mol_2070	test	assigned
mol_2071	train	assigned
mol_2072	train	assigned
mol_2073	train	assigned
mol_2074	test	assigned
mol_2075	train	assigned
mol_2076	train	assigned
mol_2077	train	assigned
mol_2078	test	assigned
mol_2079	train	assigned
mol_2080	test	sampled
mol_2081	train	assigned
mol_2082	test	assigned
mol_2083	train	sampled
mol_2084	train	assigned
mol_2085	test	assigned
mol_2086	test	assigned
mol_2087	train	sampled
mol_2088	train	sampled
mol_2089	val	assigned
mol_2090	train	assigned
mol_2091	train	assigned
mol_2092	test	assigned
mol_2093	val	assigned
mol_2094	val	sampled
mol_2095	val	assigned
mol_2096	train	assigned
mol_2097	val	assigned
mol_2098	val	sampled
mol_2099	train	assigned
mol_2100	val	assigned
mol_2101	train	assigned
mol_2102	train	assigned
mol_2103	train	assigned
mol_2104	train	assigned
mol_2105	val	assigned
mol_2106	train	assigned
mol_2107	val	sampled
mol_2108	train	assigned
mol_2109	test	assigned
mol_2110	train	sampled
mol_2111	train	sampled
mol_2112	train	sampled
mol_2113	train	assigned
mol_2114	val	sampled
mol_2115	val	sampled
mol_2116	train	assigned
mol_2117	train	assigned
mol_2118	test	assigned
mol_2119	val	assigned
mol_2120	test	assigned
mol_2121	train	assigned
mol_2122	test	assigned
mol_2123	test	assigned
mol_2124	val	sampled
mol_2125	test	assigned
mol_2126	test	sampled
mol_2127	train	sampled
mol_2128	test	assigned
mol_2129	val	assigned
mol_2130	val	assigned
mol_2131	train	sampled
mol_2132	val	sampled
mol_2133	train	sampled
mol_2134	val	assigned
mol_2135	val	assigned
mol_2136	train	assigned
mol_2137	train	assigned
mol_2138	train	sampled
mol_2139	train	assigned
mol_2140	train	assigned
mol_2141	train	assigned
mol_2142	val	sampled
mol_2143	train	assigned
mol_2144	train	assigned
mol_2145	train	assigned
mol_2146	train	assigned
mol_2147	val	assigned
mol_2148	train	assigned
mol_2149	train	sampled
mol_2150	val	assigned
mol_2151	train	assigned
mol_2152	train	assigned
mol_2153	train	assigned
mol_2154	train	assigned
mol_2155	train	assigned
mol_2156	val	assigned
mol_2157	train	assigned
mol_2158	train	assigned
mol_2159	train	assigned
mol_2160	train	assigned
mol_2161	train	assigned
mol_2162	val	assigned
mol_2163	val	assigned
mol_2164	train	assigned
mol_2165	val	assigned
mol_2166	val	sampled
mol_2167	train	assigned
mol_2168	train	assigned
mol_2169	train	assigned
mol_2170	train	assigned
mol_2171	test	assigned
mol_2172	train	assigned
mol_2173	train	sampled
mol_2174	val	assigned
mol_2175	train	assigned
mol_2176	val	assigned
mol_2177	train	sampled
mol_2178	train	sampled
mol_2179	train	assigned
mol_2180	train	assigned
mol_2181	train	sampled
mol_2182	train	sampled
mol_2183	val	sampled
mol_2184	test	sampled
mol_2185	train	assigned
mol_2186	train	assigned
mol_2187	train	assigned
mol_2188	train	assigned
mol_2189	val	sampled
mol_2190	test	assigned
mol_2191	train	sampled
mol_2192	train	assigned
mol_2193	train	assigned
mol_2194	train	assigned
mol_2195	val	assigned
mol_2196	val	assigned
mol_2197	train	assigned
mol_2198	train	assigned
mol_2199	train	sampled
mol_2200	train	assigned
mol_2201	train	assigned
mol_2202	train	assigned
mol_2203	val	assigned
mol_2204	test	assigned
mol_2205	train	assigned
mol_2206	train	assigned
mol_2207	train	assigned
mol_2208	train	sampled
mol_2209	train	assigned
mol_2210	test	sampled
mol_2211	train	assigned
mol_2212	train	assigned
mol_2213	train	assigned
mol_2214	val	assigned
mol_2215	train	sampled
mol_2216	train	assigned
mol_2217	val	assigned
mol_2218	val	assigned
mol_2219	train	assigned
mol_2220	train	assigned
mol_2221	train	sampled
mol_2222	train	assigned
mol_2223	train	sampled
mol_2224	val	assigned
mol_2225	train	sampled
mol_2226	train	sampled
mol_2227	train	sampled
mol_2228	train	assigned
mol_2229	train	assigned
mol_2230	train	assigned
mol_2231	train	assigned
mol_2232	val	assigned
mol_2233	val	sampled
mol_2234	train	assigned
mol_2235	train	assigned
mol_2236	train	assigned
mol_2237	val	assigned
mol_2238	train	assigned
mol_2239	train	assigned
mol_2240	train	assigned
mol_2241	train	assigned
mol_2242	val	assigned
mol_2243	train	assigned
mol_2244	train	assigned
mol_2245	train	assigned
mol_2246	train	assigned
mol_2247	train	assigned
mol_2248	train	assigned
mol_2249	train	sampled
mol_2250	train	assigned
mol_2251	train	sampled
mol_2252	train	sampled
mol_2253	train	assigned
mol_2254	train	assigned
mol_2255	train	assigned
mol_2256	train	assigned
mol_2257	train	assigned
mol_2258	train	assigned
mol_2259	val	assigned
mol_2260	train	sampled
mol_2261	train	assigned
mol_2262	train	assigned
mol_2263	train	assigned
mol_2264	train	sampled
mol_2265	train	assigned
mol_2266	train	sampled
mol_2267	val	assigned
mol_2268	train	sampled
mol_2269	train	assigned
mol_2270	train	assigned
mol_2271	train	assigned
mol_2272	train	sampled
mol_2273	train	sampled
mol_2274	val	assigned
mol_2275	test	sampled
mol_2276	train	sampled
mol_2277	train	assigned
mol_2278	train	assigned
mol_2279	train	assigned
mol_2280	val	sampled
mol_2281	train	assigned
mol_2282	train	assigned
mol_2283	train	sampled
mol_2284	test	assigned
mol_2285	test	assigned
mol_2286	train	assigned
mol_2287	val	sampled
mol_2288	test	sampled
mol_2289	test	assigned
mol_2290	test	assigned
mol_2291	val	assigned
mol_2292	train	assigned
mol_2293	train	assigned
mol_2294	train	assigned
mol_2295	train	assigned
mol_2296	val	assigned
mol_2297	train	assigned
mol_2298	train	assigned
mol_2299	train	assigned
mol_2300	val	assigned
mol_2301	train	sampled
mol_2302	train	sampled
mol_2303	train	sampled
mol_2304	train	assigned
mol_2305	val	assigned
mol_2306	train	sampled
mol_2307	train	assigned
mol_2308	val	assigned
mol_2309	train	assigned
mol_2310	train	sampled
mol_2311	val	assigned
mol_2312	val	assigned
mol_2313	val	assigned
mol_2314	val	assigned
mol_2315	val	assigned
mol_2316	train	sampled
mol_2317	train	sampled
mol_2318	train	sampled
mol_2319	train	assigned
mol_2320	train	assigned
mol_2321	train	assigned
mol_2322	train	assigned
mol_2323	train	assigned
mol_2324	train	assigned
mol_2325	train	assigned
mol_2326	train	assigned
mol_2327	train	assigned
mol_2328	train	sampled
mol_2329	train	assigned
mol_2330	train	assigned
mol_2331	train	assigned
mol_2332	val	assigned
mol_2333	val	sampled
mol_2334	train	assigned
mol_2335	train	assigned
mol_2336	val	assigned
mol_2337	train	sampled
mol_2338	test	sampled
mol_2339	train	assigned
mol_2340	train	assigned
mol_2341	val	assigned
mol_2342	train	assigned
mol_2343	train	assigned
mol_2344	val	sampled
mol_2345	train	assigned
mol_2346	train	assigned
mol_2347	train	assigned
mol_2348	train	sampled
mol_2349	train	assigned
mol_2350	train	assigned
mol_2351	val	sampled
mol_2352	val	assigned
mol_2353	train	assigned
mol_2354	train	sampled
mol_2355	val	assigned
mol_2356	train	assigned
mol_2357	train	sampled
mol_2358	test	assigned
mol_2359	train	assigned
mol_2360	train	assigned
mol_2361	train	assigned
mol_2362	val	assigned
mol_2363	val	assigned
mol_2364	train	assigned
mol_2365	train	assigned
mol_2366	train	assigned
mol_2367	train	assigned
mol_2368	train	assigned
mol_2369	train	assigned
mol_2370	train	assigned
mol_2371	train	assigned
mol_2372	train	sampled
mol_2373	val	assigned
mol_2374	train	assigned
mol_2375	train	sampled
mol_2376	train	assigned
mol_2377	val	assigned
mol_2378	train	assigned
mol_2379	train	assigned
mol_2380	test	assigned
mol_2381	test	assigned
mol_2382	train	assigned
mol_2383	val	assigned
mol_2384	val	assigned
mol_2385	val	assigned
mol_2386	val	assigned
mol_2387	val	assigned
mol_2388	train	sampled
mol_2389	train	sampled
mol_2390	train	assigned
mol_2391	train	assigned
mol_2392	test	assigned
mol_2393	train	assigned
mol_2394	val	assigned
mol_2395	train	assigned
mol_2396	train	assigned
mol_2397	train	assigned
mol_2398	train	assigned
mol_2399	val	sampled
mol_2400	train	assigned
mol_2401	val	assigned
mol_2402	train	sampled
mol_2403	val	assigned
mol_2404	train	sampled
mol_2405	train	sampled
mol_2406	train	sampled
mol_2407	train	sampled
mol_2408	train	assigned
mol_2409	train	assigned
mol_2410	val	assigned
mol_2411	val	assigned
mol_2412	train	assigned
mol_2413	val	assigned
mol_2414	train	assigned
mol_2415	val	sampled
mol_2416	train	assigned
mol_2417	train	assigned
mol_2418	train	sampled
mol_2419	train	assigned
mol_2420	train	assigned
mol_2421	test	assigned
mol_2422	val	assigned
mol_2423	train	sampled
mol_2424	test	assigned
mol_2425	train	assigned
mol_2426	train	assigned
mol_2427	test	assigned
mol_2428	val	assigned
mol_2429	train	assigned
mol_2430	train	assigned
mol_2431	train	assigned
mol_2432	train	sampled
mol_2433	train	assigned
mol_2434	train	assigned
mol_2435	train	assigned
mol_2436	train	sampled
mol_2437	train	assigned
mol_2438	train	assigned
mol_2439	val	sampled
mol_2440	val	assigned
mol_2441	train	sampled
mol_2442	val	assigned
mol_2443	train	assigned
mol_2444	train	assigned
mol_2445	val	sampled
mol_2446	train	sampled
mol_2447	train	assigned
mol_2448	train	assigned
mol_2449	train	assigned
mol_2450	test	assigned
mol_2451	train	assigned
mol_2452	train	assigned
mol_2453	test	sampled
mol_2454	test	assigned
mol_2455	test	assigned
mol_2456	train	assigned
mol_2457	test	sampled
mol_2458	test	sampled
mol_2459	val	assigned
mol_2460	train	assigned
mol_2461	train	assigned
mol_2462	train	assigned
mol_2463	train	assigned
mol_2464	train	sampled
mol_2465	train	assigned
mol_2466	train	assigned
mol_2467	train	assigned
mol_2468	train	assigned
mol_2469	train	assigned
mol_2470	train	sampled
mol_2471	train	sampled
mol_2472	train	assigned
mol_2473	train	sampled
mol_2474	test	assigned
mol_2475	train	assigned
mol_2476	val	sampled
mol_2477	val	assigned
mol_2478	train	sampled
mol_2479	train	assigned
mol_2480	train	assigned
mol_2481	train	sampled
mol_2482	train	assigned
mol_2483	train	assigned
mol_2484	train	assigned
mol_2485	train	assigned
mol_2486	val	assigned
mol_2487	train	sampled
mol_2488	test	assigned
mol_2489	train	assigned
mol_2490	test	assigned
mol_2491	test	assigned
mol_2492	test	sampled
mol_2493	train	assigned
mol_2494	train	assigned
mol_2495	train	sampled
mol_2496	train	assigned
mol_2497	train	assigned
mol_2498	train	sampled
mol_2499	test	sampled
mol_2500	val	assigned
mol_2501	val	assigned
mol_2502	val	assigned
mol_2503	val	assigned
mol_2504	train	assigned
mol_2505	val	assigned
mol_2506	train	assigned
mol_2507	val	assigned
mol_2508	train	assigned
mol_2509	train	assigned
mol_2510	train	sampled
mol_2511	train	assigned
mol_2512	train	assigned
mol_2513	val	sampled
mol_2514	train	assigned
mol_2515	val	sampled
mol_2516	val	sampled
mol_2517	train	sampled
mol_2518	train	assigned
mol_2519	val	sampled
mol_2520	val	assigned
mol_2521	val	sampled
mol_2522	val	sampled
mol_2523	train	sampled
mol_2524	train	assigned
mol_2525	train	assigned
mol_2526	train	assigned
mol_2527	train	assigned
mol_2528	train	assigned
mol_2529	test	assigned
mol_2530	test	assigned
mol_2531	train	sampled
mol_2532	train	assigned
mol_2533	train	assigned
mol_2534	val	sampled
mol_2535	val	assigned
mol_2536	train	assigned
mol_2537	train	assigned
mol_2538	train	assigned
mol_2539	train	assigned
mol_2540	train	sampled
mol_2541	train	assigned
mol_2542	train	sampled
mol_2543	train	sampled
mol_2544	test	assigned
mol_2545	train	assigned
mol_2546	train	assigned
mol_2547	train	assigned
mol_2548	test	assigned
mol_2549	train	sampled
mol_2550	train	sampled
mol_2551	train	assigned
mol_2552	train	assigned
mol_2553	train	assigned
mol_2554	train	assigned
mol_2555	train	assigned
mol_2556	train	assigned
mol_2557	train	assigned
mol_2558	train	assigned
mol_2559	train	assigned
mol_2560	train	assigned
mol_2561	train	assigned
mol_2562	train	assigned
mol_2563	test	assigned
mol_2564	train	assigned
mol_2565	train	assigned
mol_2566	train	assigned
mol_2567	train	assigned
mol_2568	train	assigned
mol_2569	train	sampled
mol_2570	val	assigned
mol_2571	train	sampled
mol_2572	train	sampled
mol_2573	val	assigned
mol_2574	val	sampled
mol_2575	train	assigned
mol_2576	train	sampled
mol_2577	train	assigned
mol_2578	train	sampled
mol_2579	train	sampled
mol_2580	train	assigned
mol_2581	val	assigned
mol_2582	train	sampled
mol_2583	train	assigned
mol_2584	train	assigned
mol_2585	train	assigned
mol_2586	test	sampled
mol_2587	test	assigned
mol_2588	train	assigned
mol_2589	train	sampled
mol_2590	test	assigned
mol_2591	train	assigned
mol_2592	train	sampled
mol_2593	train	assigned
mol_2594	train	assigned
mol_2595	val	assigned
mol_2596	train	assigned
mol_2597	train	assigned
mol_2598	val	sampled
mol_2599	train	assigned
mol_2600	train	assigned
mol_2601	val	assigned
mol_2602	train	assigned
mol_2603	train	assigned
mol_2604	train	assigned
mol_2605	train	assigned
mol_2606	val	assigned
mol_2607	train	assigned
mol_2608	train	assigned
mol_2609	train	assigned
mol_2610	val	assigned
mol_2611	train	assigned
mol_2612	val	assigned
mol_2613	train	assigned
mol_2614	train	assigned
mol_2615	val	assigned
mol_2616	train	assigned
mol_2617	train	assigned
mol_2618	test	assigned
mol_2619	val	sampled
mol_2620	test	assigned
mol_2621	train	assigned
mol_2622	train	assigned
mol_2623	train	assigned
mol_2624	train	assigned
mol_2625	train	assigned
mol_2626	train	assigned
mol_2627	train	sampled
mol_2628	val	sampled
mol_2629	train	sampled
mol_2630	train	assigned
mol_2631	test	assigned
mol_2632	test	assigned
mol_2633	train	assigned
mol_2634	val	assigned
mol_2635	val	assigned
mol_2636	val	assigned
mol_2637	test	assigned
mol_2638	train	sampled
mol_2639	val	assigned
mol_2640	train	assigned
mol_2641	val	sampled
mol_2642	test	assigned
mol_2643	train	assigned
mol_2644	train	assigned
mol_2645	train	assigned
mol_2646	val	sampled
mol_2647	train	sampled
mol_2648	train	sampled
mol_2649	val	assigned
mol_2650	train	sampled
mol_2651	train	sampled
mol_2652	train	assigned
mol_2653	train	assigned
mol_2654	val	assigned
mol_2655	train	assigned
mol_2656	train	sampled
mol_2657	train	assigned
mol_2658	train	assigned
mol_2659	train	assigned
mol_2660	val	assigned
mol_2661	train	assigned
mol_2662	train	sampled
mol_2663	train	sampled
mol_2664	train	assigned
mol_2665	train	assigned
mol_2666	test	assigned
mol_2667	train	assigned
mol_2668	train	assigned
mol_2669	train	sampled
mol_2670	val	assigned
mol_2671	train	assigned
mol_2672	train	assigned
mol_2673	train	sampled
mol_2674	train	assigned
mol_2675	val	assigned
mol_2676	train	sampled
mol_2677	test	assigned
mol_2678	train	assigned
mol_2679	train	assigned
mol_2680	train	sampled
mol_2681	train	assigned
mol_2682	train	assigned
mol_2683	train	sampled
mol_2684	train	assigned
mol_2685	train	sampled
mol_2686	train	assigned
mol_2687	train	assigned
mol_2688	train	sampled
mol_2689	val	sampled
mol_2690	train	assigned
mol_2691	val	sampled
mol_2692	train	sampled
mol_2693	val	assigned
mol_2694	val	assigned
mol_2695	train	assigned
mol_2696	train	assigned
mol_2697	test	assigned
mol_2698	val	sampled
mol_2699	train	assigned
mol_2700	train	assigned
mol_2701	train	assigned
mol_2702	train	assigned
mol_2703	val	assigned
mol_2704	val	assigned
mol_2705	train	assigned
mol_2706	train	sampled
mol_2707	train	assigned
mol_2708	train	assigned
mol_2709	test	assigned
mol_2710	train	assigned
mol_2711	train	assigned
mol_2712	train	assigned
mol_2713	train	assigned
mol_2714	train	assigned
mol_2715	val	assigned
mol_2716	val	assigned
mol_2717	train	assigned
mol_2718	train	sampled
mol_2719	train	assigned
mol_2720	train	assigned
mol_2721	train	assigned
mol_2722	train	assigned
mol_2723	train	assigned
mol_2724	train	assigned
mol_2725	train	assigned
mol_2726	train	sampled
mol_2727	test	assigned
mol_2728	test	sampled
mol_2729	train	assigned
mol_2730	train	assigned
mol_2731	train	assigned
mol_2732	test	assigned
mol_2733	train	assigned
mol_2734	train	assigned
mol_2735	train	assigned
mol_2736	train	assigned
mol_2737	train	assigned
mol_2738	train	assigned
mol_2739	train	assigned
mol_2740	train	assigned
mol_2741	val	assigned
mol_2742	val	assigned
mol_2743	val	assigned
mol_2744	test	assigned
mol_2745	val	assigned
mol_2746	train	sampled
mol_2747	train	assigned
mol_2748	val	assigned
mol_2749	train	assigned
mol_2750	train	assigned
mol_2751	val	assigned
mol_2752	train	assigned
mol_2753	train	assigned
mol_2754	train	assigned
mol_2755	train	sampled
mol_2756	val	assigned
mol_2757	train	assigned
mol_2758	train	assigned
mol_2759	train	sampled
mol_2760	val	sampled
mol_2761	test	assigned
mol_2762	train	assigned
mol_2763	train	assigned
mol_2764	train	assigned
mol_2765	train	assigned
mol_2766	train	assigned
mol_2767	train	assigned
mol_2768	test	assigned
mol_2769	test	assigned
mol_2770	train	sampled
mol_2771	train	sampled
mol_2772	train	assigned
mol_2773	train	assigned
mol_2774	train	assigned
mol_2775	test	assigned
mol_2776	test	assigned
mol_2777	train	assigned
mol_2778	train	sampled
mol_2779	train	assigned
mol_2780	test	assigned
mol_2781	train	assigned
mol_2782	train	assigned
mol_2783	train	assigned
mol_2784	train	assigned
mol_2785	val	assigned
mol_2786	train	assigned
mol_2787	train	assigned
mol_2788	train	assigned
mol_2789	train	assigned
mol_2790	test	assigned
mol_2791	test	assigned
mol_2792	test	assigned
mol_2793	test	assigned
mol_2794	train	sampled
mol_2795	test	assigned
mol_2796	train	assigned
mol_2797	val	assigned
mol_2798	val	assigned
mol_2799	val	sampled
mol_2800	val	assigned
mol_2801	train	assigned
mol_2802	val	sampled
mol_2803	val	assigned
mol_2804	train	assigned
mol_2805	train	assigned
mol_2806	train	assigned
mol_2807	val	sampled
mol_2808	train	assigned
mol_2809	train	assigned
mol_2810	train	assigned
mol_2811	train	assigned
mol_2812	train	assigned
mol_2813	train	assigned
mol_2814	train	assigned
mol_2815	train	sampled
mol_2816	test	assigned
mol_2817	test	assigned
mol_2818	train	sampled
mol_2819	train	assigned
mol_2820	train	sampled
mol_2821	train	assigned
mol_2822	val	assigned
mol_2823	train	assigned
mol_2824	train	assigned
mol_2825	train	sampled
mol_2826	train	assigned
mol_2827	val	sampled
mol_2828	test	assigned
mol_2829	val	sampled
mol_2830	train	assigned
mol_2831	train	assigned
mol_2832	train	assigned
mol_2833	val	sampled
mol_2834	train	assigned
mol_2835	train	sampled
mol_2836	train	assigned
mol_2837	train	assigned
mol_2838	train	assigned
mol_2839	train	assigned
mol_2840	train	sampled
mol_2841	train	assigned
mol_2842	val	sampled
mol_2843	test	assigned
mol_2844	test	assigned
mol_2845	train	assigned
mol_2846	test	assigned
mol_2847	train	assigned
mol_2848	val	assigned
mol_2849	train	assigned
mol_2850	train	assigned
mol_2851	train	sampled
mol_2852	train	assigned
mol_2853	train	assigned
mol_2854	val	assigned
mol_2855	train	sampled
mol_2856	test	assigned
mol_2857	train	assigned
mol_2858	train	assigned
mol_2859	train	sampled
mol_2860	val	assigned
mol_2861	val	assigned
mol_2862	train	sampled
mol_2863	train	assigned
mol_2864	train	sampled
mol_2865	train	assigned
mol_2866	train	assigned
mol_2867	val	sampled
mol_2868	train	sampled
mol_2869	train	assigned
mol_2870	train	assigned
mol_2871	train	assigned
mol_2872	val	assigned
mol_2873	train	assigned
mol_2874	train	sampled
mol_2875	train	assigned
mol_2876	train	assigned
mol_2877	test	sampled
mol_2878	val	assigned
mol_2879	train	assigned
mol_2880	val	assigned
mol_2881	val	assigned
mol_2882	val	sampled
mol_2883	train	assigned
mol_2884	val	assigned
mol_2885	val	sampled
mol_2886	val	sampled
mol_2887	train	assigned
mol_2888	train	assigned
mol_2889	train	assigned
mol_2890	train	assigned
mol_2891	train	assigned
mol_2892	train	assigned
mol_2893	val	assigned
mol_2894	train	assigned
mol_2895	val	assigned
mol_2896	train	assigned
mol_2897	val	sampled
mol_2898	val	assigned
mol_2899	val	assigned
mol_2900	test	assigned
mol_2901	val	assigned
mol_2902	val	sampled
mol_2903	train	sampled
mol_2904	train	assigned
mol_2905	train	assigned
mol_2906	train	sampled
mol_2907	train	assigned
mol_2908	train	sampled
mol_2909	val	assigned
mol_2910	train	assigned
mol_2911	train	assigned
mol_2912	train	assigned
mol_2913	train	sampled
mol_2914	train	assigned
mol_2915	train	assigned
mol_2916	train	assigned
mol_2917	val	assigned
mol_2918	val	sampled
mol_2919	val	assigned
mol_2920	val	assigned
mol_2921	train	sampled
mol_2922	val	assigned
mol_2923	train	assigned
mol_2924	train	assigned
mol_2925	train	assigned
mol_2926	train	sampled
mol_2927	train	sampled
mol_2928	test	assigned
mol_2929	val	sampled
mol_2930	train	assigned
mol_2931	train	assigned
mol_2932	val	sampled
mol_2933	val	assigned
mol_2934	val	sampled
mol_2935	train	assigned
mol_2936	train	assigned
mol_2937	train	assigned
mol_2938	train	assigned
mol_2939	train	sampled
mol_2940	train	assigned
mol_2941	test	assigned
mol_2942	test	assigned
mol_2943	train	sampled
mol_2944	train	assigned
mol_2945	train	sampled
mol_2946	test	assigned
mol_2947	val	assigned
mol_2948	train	sampled
mol_2949	train	assigned
mol_2950	train	assigned
mol_2951	train	assigned
mol_2952	train	assigned
mol_2953	train	assigned
mol_2954	test	sampled
mol_2955	train	sampled
mol_2956	train	assigned
mol_2957	train	sampled
mol_2958	test	assigned
mol_2959	train	assigned
mol_2960	train	sampled
mol_2961	train	assigned
mol_2962	train	assigned
mol_2963	train	sampled
mol_2964	train	assigned
mol_2965	train	assigned
mol_2966	train	sampled
mol_2967	train	assigned
mol_2968	train	sampled
mol_2969	train	assigned
mol_2970	train	assigned
mol_2971	test	assigned
mol_2972	train	assigned
mol_2973	val	sampled
mol_2974	train	assigned
mol_2975	val	assigned
mol_2976	test	assigned
mol_2977	val	assigned
mol_2978	val	assigned
mol_2979	test	assigned
mol_2980	train	assigned
mol_2981	val	assigned
mol_2982	train	assigned
mol_2983	train	assigned
mol_2984	train	sampled
mol_2985	train	assigned
mol_2986	train	assigned
mol_2987	train	sampled
mol_2988	train	sampled
mol_2989	train	assigned
mol_2990	train	assigned
mol_2991	val	sampled
mol_2992	val	assigned
mol_2993	train	assigned
mol_2994	train	assigned
mol_2995	val	assigned
mol_2996	val	sampled
mol_2997	val	assigned
mol_2998	train	assigned
mol_2999	val	assigned
mol_3000	train	assigned
mol_3001	train	sampled
mol_3002	train	assigned
mol_3003	val	sampled
mol_3004	val	assigned
mol_3005	train	assigned
mol_3006	train	sampled
mol_3007	train	sampled
mol_3008	test	assigned
mol_3009	train	assigned
mol_3010	train	assigned
mol_3011	train	sampled
mol_3012	train	assigned
mol_3013	test	assigned
mol_3014	train	assigned
mol_3015	train	assigned
mol_3016	train	sampled
mol_3017	val	assigned
mol_3018	train	assigned
mol_3019	val	assigned
mol_3020	train	assigned
mol_3021	train	assigned
mol_3022	train	assigned
mol_3023	val	sampled
mol_3024	train	assigned
mol_3025	train	sampled
mol_3026	train	sampled
mol_3027	val	assigned
mol_3028	train	assigned
mol_3029	test	assigned
mol_3030	train	assigned
mol_3031	test	assigned
mol_3032	train	sampled
mol_3033	val	assigned
mol_3034	train	sampled
mol_3035	train	assigned
mol_3036	train	assigned
mol_3037	test	assigned
mol_3038	train	sampled
mol_3039	train	assigned
mol_3040	train	assigned
mol_3041	test	assigned
mol_3042	test	assigned
mol_3043	test	assigned
mol_3044	train	sampled
mol_3045	train	sampled
mol_3046	train	assigned
mol_3047	test	assigned
mol_3048	test	assigned
mol_3049	train	sampled
mol_3050	test	sampled
mol_3051	train	assigned
mol_3052	train	assigned
mol_3053	train	sampled
mol_3054	test	assigned
mol_3055	train	sampled
mol_3056	train	assigned
mol_3057	test	assigned
mol_3058	train	assigned
mol_3059	train	assigned
mol_3060	train	assigned
mol_3061	train	assigned
mol_3062	train	assigned
mol_3063	train	assigned
mol_3064	train	assigned
mol_3065	val	assigned
mol_3066	train	assigned
mol_3067	train	assigned
mol_3068	train	assigned
mol_3069	train	assigned
mol_3070	train	sampled
mol_3071	train	sampled
mol_3072	train	assigned
mol_3073	train	assigned
mol_3074	train	assigned
mol_3075	val	assigned
mol_3076	test	sampled
mol_3077	train	assigned
mol_3078	train	sampled
mol_3079	val	assigned
mol_3080	test	assigned
mol_3081	val	assigned
mol_3082	val	assigned
mol_3083	val	assigned
mol_3084	val	assigned
mol_3085	train	sampled
mol_3086	train	assigned
mol_3087	train	assigned
mol_3088	test	assigned
mol_3089	train	assigned
mol_3090	val	assigned
mol_3091	test	sampled
mol_3092	val	assigned
mol_3093	train	assigned
mol_3094	train	sampled
mol_3095	train	assigned
mol_3096	train	assigned
mol_3097	train	assigned
mol_3098	train	sampled
mol_3099	train	assigned
mol_3100	val	assigned
mol_3101	train	sampled
mol_3102	train	assigned
mol_3103	val	assigned
mol_3104	train	assigned
mol_3105	train	assigned
mol_3106	val	assigned
mol_3107	train	sampled
mol_3108	train	assigned
mol_3109	train	assigned
mol_3110	train	assigned
mol_3111	train	assigned
mol_3112	train	assigned
mol_3113	train	assigned
mol_3114	train	sampled
mol_3115	train	assigned
mol_3116	val	assigned
mol_3117	train	assigned
mol_3118	train	assigned
mol_3119	val	assigned
mol_3120	train	assigned
mol_3121	train	assigned
mol_3122	train	assigned
mol_3123	train	assigned
mol_3124	train	assigned
mol_3125	train	assigned
mol_3126	train	sampled
mol_3127	train	sampled
mol_3128	train	assigned
mol_3129	train	assigned
mol_3130	train	assigned
mol_3131	train	assigned
mol_3132	train	sampled
mol_3133	train	assigned
mol_3134	train	assigned
mol_3135	train	assigned
mol_3136	train	assigned
mol_3137	train	assigned
mol_3138	test	assigned
mol_3139	train	assigned
mol_3140	train	assigned
mol_3141	train	assigned
mol_3142	test	sampled
mol_3143	test	assigned
mol_3144	test	assigned
mol_3145	train	assigned
mol_3146	train	assigned
mol_3147	train	assigned
mol_3148	val	sampled
mol_3149	train	sampled
mol_3150	test	assigned
mol_3151	train	sampled
mol_3152	test	assigned
mol_3153	train	assigned
mol_3154	train	assigned
mol_3155	train	assigned
mol_3156	train	assigned
mol_3157	val	assigned
mol_3158	train	assigned
mol_3159	val	sampled
mol_3160	val	assigned
mol_3161	train	assigned
mol_3162	train	assigned
mol_3163	train	assigned
mol_3164	train	sampled
mol_3165	train	assigned
mol_3166	train	assigned
mol_3167	train	assigned
mol_3168	train	assigned
mol_3169	train	sampled
mol_3170	val	assigned
mol_3171	val	assigned
mol_3172	train	assigned
mol_3173	train	assigned
mol_3174	train	assigned
mol_3175	train	assigned
mol_3176	train	sampled
mol_3177	train	assigned
mol_3178	test	assigned
mol_3179	train	assigned
mol_3180	val	assigned
mol_3181	val	sampled
mol_3182	train	assigned
mol_3183	train	assigned
mol_3184	train	sampled
mol_3185	train	assigned
mol_3186	train	assigned
mol_3187	train	assigned
mol_3188	train	assigned
mol_3189	train	assigned
mol_3190	test	assigned
mol_3191	test	assigned
mol_3192	train	assigned
mol_3193	train	sampled
mol_3194	test	sampled
mol_3195	test	assigned
mol_3196	train	assigned
mol_3197	train	assigned
mol_3198	train	assigned
mol_3199	train	sampled
mol_3200	val	assigned
mol_3201	train	assigned
mol_3202	train	assigned
mol_3203	train	assigned
mol_3204	train	assigned
mol_3205	train	assigned
mol_3206	train	sampled
mol_3207	train	assigned
mol_3208	val	assigned
mol_3209	train	assigned
mol_3210	train	sampled
mol_3211	train	assigned
mol_3212	train	assigned
mol_3213	train	assigned
mol_3214	train	assigned
mol_3215	train	assigned
mol_3216	train	assigned
mol_3217	train	sampled
mol_3218	train	assigned
mol_3219	test	assigned
mol_3220	train	assigned
mol_3221	train	sampled
mol_3222	val	assigned
mol_3223	val	assigned
mol_3224	train	assigned
mol_3225	val	assigned
mol_3226	val	assigned
mol_3227	train	assigned
mol_3228	train	assigned
mol_3229	val	assigned
mol_3230	train	assigned
mol_3231	train	sampled
mol_3232	train	assigned
mol_3233	train	assigned
mol_3234	train	assigned
mol_3235	train	assigned
mol_3236	train	assigned
mol_3237	train	assigned
mol_3238	train	sampled
mol_3239	train	assigned
mol_3240	train	assigned
mol_3241	test	assigned
mol_3242	val	assigned
mol_3243	train	assigned
mol_3244	train	sampled
mol_3245	train	sampled
mol_3246	train	sampled
mol_3247	val	assigned
mol_3248	train	sampled
mol_3249	train	assigned
mol_3250	train	assigned
mol_3251	train	assigned
mol_3252	train	assigned
mol_3253	val	assigned
mol_3254	val	sampled
mol_3255	test	assigned
mol_3256	train	assigned
mol_3257	train	assigned
mol_3258	train	assigned
mol_3259	train	assigned
mol_3260	val	assigned
mol_3261	test	assigned
mol_3262	train	sampled
mol_3263	val	sampled
mol_3264	train	assigned
mol_3265	train	assigned
mol_3266	train	assigned
mol_3267	val	assigned
mol_3268	train	assigned
mol_3269	train	assigned
mol_3270	train	assigned
mol_3271	train	assigned
mol_3272	val	assigned
mol_3273	train	assigned
mol_3274	val	assigned
mol_3275	train	assigned
mol_3276	val	assigned
mol_3277	val	assigned
mol_3278	train	assigned
mol_3279	train	sampled
mol_3280	train	assigned
mol_3281	train	assigned
mol_3282	train	assigned
mol_3283	train	assigned
mol_3284	train	assigned
mol_3285	train	assigned
mol_3286	train	sampled
mol_3287	train	assigned
mol_3288	train	sampled
mol_3289	test	sampled
mol_3290	train	assigned
mol_3291	val	assigned
mol_3292	train	assigned
mol_3293	test	assigned
mol_3294	train	assigned
mol_3295	train	sampled
mol_3296	test	sampled
mol_3297	train	sampled
mol_3298	train	sampled
mol_3299	train	assigned
mol_3300	test	assigned
mol_3301	train	assigned
mol_3302	train	assigned
mol_3303	train	sampled
mol_3304	train	assigned
mol_3305	train	sampled
mol_3306	train	assigned
mol_3307	train	assigned
mol_3308	test	assigned
mol_3309	train	sampled
mol_3310	train	assigned
mol_3311	test	assigned
mol_3312	train	sampled
mol_3313	train	assigned
mol_3314	train	assigned
mol_3315	val	assigned
mol_3316	train	assigned
mol_3317	train	sampled
mol_3318	train	assigned
mol_3319	val	assigned
mol_3320	train	assigned
mol_3321	test	assigned
mol_3322	test	assigned
mol_3323	test	assigned
mol_3324	train	assigned
mol_3325	train	assigned
mol_3326	train	assigned
mol_3327	train	assigned
mol_3328	train	assigned
mol_3329	val	assigned
mol_3330	train	assigned
mol_3331	train	assigned
mol_3332	val	sampled
mol_3333	train	assigned
mol_3334	val	assigned
mol_3335	train	assigned
mol_3336	train	assigned
mol_3337	train	assigned
mol_3338	train	assigned
mol_3339	train	assigned
mol_3340	val	sampled
mol_3341	val	assigned
mol_3342	train	assigned
mol_3343	train	assigned
mol_3344	val	assigned
mol_3345	train	assigned
mol_3346	train	sampled
mol_3347	train	sampled
mol_3348	train	assigned
mol_3349	test	assigned
mol_3350	train	sampled
mol_3351	train	assigned
mol_3352	test	sampled
mol_3353	train	assigned
mol_3354	train	assigned
mol_3355	train	sampled
mol_3356	train	assigned
mol_3357	val	assigned
mol_3358	train	assigned
mol_3359	train	assigned
mol_3360	train	assigned
mol_3361	train	assigned
mol_3362	train	sampled
mol_3363	train	assigned
mol_3364	train	assigned
mol_3365	train	assigned
mol_3366	train	assigned
mol_3367	train	assigned
mol_3368	train	assigned
mol_3369	train	assigned
mol_3370	train	sampled
mol_3371	train	assigned
mol_3372	train	assigned
mol_3373	train	assigned
mol_3374	train	assigned
mol_3375	val	sampled
mol_3376	train	assigned
mol_3377	train	sampled
mol_3378	val	sampled
mol_3379	val	sampled
mol_3380	val	assigned
mol_3381	val	assigned
mol_3382	train	assigned
mol_3383	train	sampled
mol_3384	val	assigned
mol_3385	val	assigned
mol_3386	train	assigned
mol_3387	val	assigned
mol_3388	val	assigned
mol_3389	train	assigned
mol_3390	train	assigned
mol_3391	train	assigned
mol_3392	train	assigned
mol_3393	train	sampled
mol_3394	train	assigned
mol_3395	train	sampled
mol_3396	train	sampled
mol_3397	train	assigned
mol_3398	train	assigned
mol_3399	train	sampled
mol_3400	val	sampled
mol_3401	train	assigned
mol_3402	val	assigned
mol_3403	test	assigned
mol_3404	train	sampled
mol_3405	train	assigned
mol_3406	train	sampled
mol_3407	train	assigned
mol_3408	val	assigned
mol_3409	train	sampled
mol_3410	val	assigned
mol_3411	train	sampled
mol_3412	val	sampled
mol_3413	val	assigned
mol_3414	train	assigned
mol_3415	train	assigned
mol_3416	train	assigned
mol_3417	val	assigned
mol_3418	train	sampled
mol_3419	val	assigned
mol_3420	train	assigned
mol_3421	val	assigned
mol_3422	train	assigned
mol_3423	train	assigned
mol_3424	test	sampled
mol_3425	train	assigned
mol_3426	train	assigned
mol_3427	train	assigned
mol_3428	val	sampled
mol_3429	test	sampled
mol_3430	train	assigned
mol_3431	train	assigned
mol_3432	train	assigned
mol_3433	val	assigned
mol_3434	val	assigned
mol_3435	val	assigned
mol_3436	train	assigned
mol_3437	train	assigned
mol_3438	test	assigned
mol_3439	train	sampled
mol_3440	test	assigned
mol_3441	train	assigned
mol_3442	test	assigned
mol_3443	train	sampled
mol_3444	val	assigned
mol_3445	test	assigned
mol_3446	val	assigned
mol_3447	train	assigned
mol_3448	val	assigned
mol_3449	train	assigned
mol_3450	train	assigned
mol_3451	train	assigned
mol_3452	train	assigned
mol_3453	train	assigned
mol_3454	train	sampled
mol_3455	train	sampled
mol_3456	train	assigned
mol_3457	train	assigned
mol_3458	train	sampled
mol_3459	test	sampled
mol_3460	train	sampled
mol_3461	train	assigned
mol_3462	val	assigned
mol_3463	train	sampled
mol_3464	train	assigned
mol_3465	val	assigned
mol_3466	train	assigned
mol_3467	train	sampled
mol_3468	val	assigned
mol_3469	val	assigned
mol_3470	val	assigned
mol_3471	train	assigned
mol_3472	train	assigned
mol_3473	val	assigned
mol_3474	train	assigned
mol_3475	train	assigned
mol_3476	val	assigned
mol_3477	train	assigned
mol_3478	train	assigned
mol_3479	train	assigned
mol_3480	val	assigned
mol_3481	train	assigned
mol_3482	test	sampled
mol_3483	val	assigned
mol_3484	train	assigned
mol_3485	train	assigned
mol_3486	train	assigned
mol_3487	val	assigned
mol_3488	train	assigned
mol_3489	train	assigned
mol_3490	train	assigned
mol_3491	train	assigned
mol_3492	val	assigned
mol_3493	test	assigned
mol_3494	val	assigned
mol_3495	train	assigned
mol_3496	train	assigned
mol_3497	train	assigned
mol_3498	val	assigned
mol_3499	val	assigned
mol_3500	train	assigned
mol_3501	train	sampled
mol_3502	train	assigned
mol_3503	train	assigned
mol_3504	train	sampled
mol_3505	train	sampled
mol_3506	train	assigned
mol_3507	test	assigned
mol_3508	train	assigned
mol_3509	train	assigned
mol_3510	train	assigned
mol_3511	train	assigned
mol_3512	train	assigned
mol_3513	train	assigned
mol_3514	train	assigned
mol_3515	val	assigned
mol_3516	val	assigned
mol_3517	test	assigned
mol_3518	train	sampled
mol_3519	train	assigned
mol_3520	train	assigned
mol_3521	train	assigned
mol_3522	train	assigned
mol_3523	train	assigned
mol_3524	train	assigned
mol_3525	train	assigned
mol_3526	test	assigned
mol_3527	train	sampled
mol_3528	train	sampled
mol_3529	train	sampled
mol_3530	train	assigned
mol_3531	train	assigned
mol_3532	val	sampled
mol_3533	train	assigned
mol_3534	val	sampled
mol_3535	test	sampled
mol_3536	train	assigned
mol_3537	train	assigned
mol_3538	train	sampled
mol_3539	train	assigned
mol_3540	train	assigned
mol_3541	train	assigned
mol_3542	train	sampled
mol_3543	train	sampled
mol_3544	train	sampled
mol_3545	train	sampled
mol_3546	val	assigned
mol_3547	train	assigned
mol_3548	train	sampled
mol_3549	train	assigned
mol_3550	train	assigned
mol_3551	train	assigned
mol_3552	train	sampled
mol_3553	train	assigned
mol_3554	train	assigned
mol_3555	val	sampled
mol_3556	train	assigned
mol_3557	val	assigned
mol_3558	train	assigned
mol_3559	test	assigned
mol_3560	train	sampled
mol_3561	train	assigned
mol_3562	train	assigned
mol_3563	train	assigned
mol_3564	train	assigned
mol_3565	train	assigned
mol_3566	val	assigned
mol_3567	train	assigned
mol_3568	train	assigned
mol_3569	train	assigned
mol_3570	train	assigned
mol_3571	val	assigned
mol_3572	train	assigned
mol_3573	train	assigned
mol_3574	train	assigned
mol_3575	train	assigned
mol_3576	train	assigned
mol_3577	train	assigned
mol_3578	train	assigned
mol_3579	train	assigned
mol_3580	train	assigned
mol_3581	train	assigned
mol_3582	train	assigned
mol_3583	val	assigned
mol_3584	train	assigned
mol_3585	train	assigned
mol_3586	train	assigned
mol_3587	val	assigned
mol_3588	train	assigned
mol_3589	train	assigned
mol_3590	train	assigned
mol_3591	train	assigned
mol_3592	train	assigned
mol_3593	val	sampled
mol_3594	train	assigned
mol_3595	test	assigned
mol_3596	val	assigned
mol_3597	val	assigned
mol_3598	train	assigned
mol_3599	train	assigned
mol_3600	train	assigned
mol_3601	train	assigned
mol_3602	train	assigned
mol_3603	train	assigned
mol_3604	train	assigned
mol_3605	train	assigned
mol_3606	val	assigned
mol_3607	train	assigned
mol_3608	train	assigned
mol_3609	train	assigned
mol_3610	val	assigned
mol_3611	val	assigned
mol_3612	test	assigned
mol_3613	val	assigned
mol_3614	train	assigned
mol_3615	train	sampled
mol_3616	train	assigned
mol_3617	train	assigned
mol_3618	train	assigned
mol_3619	test	assigned
mol_3620	train	sampled
mol_3621	train	assigned
mol_3622	train	sampled
mol_3623	train	assigned
mol_3624	val	assigned
mol_3625	train	sampled
mol_3626	train	sampled
mol_3627	train	assigned
mol_3628	train	assigned
mol_3629	train	assigned
mol_3630	train	assigned
mol_3631	train	assigned
mol_3632	train	assigned
mol_3633	train	assigned
mol_3634	train	assigned
mol_3635	train	assigned
mol_3636	val	assigned
mol_3637	train	assigned
mol_3638	train	assigned
mol_3639	train	assigned
mol_3640	train	assigned
mol_3641	train	assigned
mol_3642	train	assigned
mol_3643	test	assigned
mol_3644	train	assigned
mol_3645	train	assigned
mol_3646	val	sampled
mol_3647	train	assigned
mol_3648	train	assigned
mol_3649	val	assigned
mol_3650	test	assigned
mol_3651	test	sampled
mol_3652	val	assigned
mol_3653	train	sampled
mol_3654	train	assigned
mol_3655	train	assigned
mol_3656	train	assigned
mol_3657	train	assigned
mol_3658	train	assigned
mol_3659	train	assigned
mol_3660	val	assigned
mol_3661	train	assigned
mol_3662	train	sampled
mol_3663	train	assigned
mol_3664	train	sampled
mol_3665	val	assigned
mol_3666	train	sampled
mol_3667	train	assigned
mol_3668	train	assigned
mol_3669	train	assigned
mol_3670	val	assigned
mol_3671	train	assigned
mol_3672	train	assigned
mol_3673	train	assigned
mol_3674	train	assigned
mol_3675	train	assigned
mol_3676	train	assigned
mol_3677	train	assigned
mol_3678	train	assigned
mol_3679	train	assigned
mol_3680	train	assigned
mol_3681	train	assigned
mol_3682	train	assigned
mol_3683	train	assigned
mol_3684	train	assigned
mol_3685	train	sampled
mol_3686	train	sampled
mol_3687	train	assigned
mol_3688	val	sampled
mol_3689	val	sampled
mol_3690	train	assigned
mol_3691	train	assigned
mol_3692	train	sampled
mol_3693	train	sampled
mol_3694	val	assigned
mol_3695	train	assigned
mol_3696	train	assigned
mol_3697	train	assigned
mol_3698	train	sampled
mol_3699	train	assigned
mol_3700	train	assigned
mol_3701	train	assigned
mol_3702	val	assigned
mol_3703	train	assigned
mol_3704	train	sampled
mol_3705	val	assigned
mol_3706	train	assigned
mol_3707	train	sampled
mol_3708	train	assigned
mol_3709	train	assigned
mol_3710	train	sampled
mol_3711	val	assigned
mol_3712	train	assigned
mol_3713	train	assigned
mol_3714	val	assigned
mol_3715	val	assigned
mol_3716	test	assigned
mol_3717	val	assigned
mol_3718	val	assigned
mol_3719	val	assigned
mol_3720	test	assigned
mol_3721	train	assigned
mol_3722	train	assigned
mol_3723	test	assigned
mol_3724	train	assigned
mol_3725	test	assigned
mol_3726	train	assigned
mol_3727	val	assigned
mol_3728	train	sampled
mol_3729	train	assigned
mol_3730	val	assigned
mol_3731	train	sampled
mol_3732	val	assigned
mol_3733	train	assigned
mol_3734	test	sampled
mol_3735	val	assigned
mol_3736	train	assigned
mol_3737	train	assigned
mol_3738	train	assigned
mol_3739	val	assigned
mol_3740	val	assigned
mol_3741	train	assigned
mol_3742	val	sampled
mol_3743	train	assigned
mol_3744	train	assigned
mol_3745	train	sampled
mol_3746	test	assigned
mol_3747	train	assigned
mol_3748	train	assigned
mol_3749	train	sampled
mol_3750	train	assigned
mol_3751	train	sampled
mol_3752	train	assigned
mol_3753	train	assigned
mol_3754	train	assigned
mol_3755	train	sampled
mol_3756	val	assigned
mol_3757	train	assigned
mol_3758	train	assigned
mol_3759	test	assigned
mol_3760	test	assigned
mol_3761	test	assigned
mol_3762	train	assigned
mol_3763	test	assigned
mol_3764	train	assigned
mol_3765	train	sampled
mol_3766	train	assigned
mol_3767	train	assigned
mol_3768	train	assigned
mol_3769	train	assigned
mol_3770	train	assigned
mol_3771	train	assigned
mol_3772	train	assigned
mol_3773	train	sampled
mol_3774	train	assigned
mol_3775	test	assigned
mol_3776	train	assigned
mol_3777	train	assigned
mol_3778	train	assigned
mol_3779	train	sampled
mol_3780	train	assigned
mol_3781	train	sampled
mol_3782	train	assigned
mol_3783	train	sampled
mol_3784	train	assigned
mol_3785	train	assigned
mol_3786	train	assigned
mol_3787	test	assigned
mol_3788	train	assigned
mol_3789	train	assigned
mol_3790	val	assigned
mol_3791	train	assigned
mol_3792	train	assigned
mol_3793	train	assigned
mol_3794	train	sampled
mol_3795	val	assigned
mol_3796	train	assigned
mol_3797	train	assigned
mol_3798	train	assigned
mol_3799	test	assigned
mol_3800	test	assigned
mol_3801	train	sampled
mol_3802	test	assigned
mol_3803	train	assigned
mol_3804	val	assigned
mol_3805	train	assigned
mol_3806	val	sampled
mol_3807	train	assigned
mol_3808	train	assigned
mol_3809	train	assigned
mol_3810	train	assigned
mol_3811	train	assigned
mol_3812	train	assigned
mol_3813	train	sampled
mol_3814	train	assigned
mol_3815	val	assigned
mol_3816	val	assigned
mol_3817	train	sampled
mol_3818	train	assigned
mol_3819	val	sampled
mol_3820	val	sampled
mol_3821	val	sampled
mol_3822	val	assigned
mol_3823	train	assigned
mol_3824	val	assigned
mol_3825	train	assigned
mol_3826	val	sampled
mol_3827	train	assigned
mol_3828	train	assigned
mol_3829	val	assigned
mol_3830	test	assigned
mol_3831	val	assigned
mol_3832	train	assigned
mol_3833	train	sampled
mol_3834	train	assigned
mol_3835	train	assigned
mol_3836	train	assigned
mol_3837	val	sampled
mol_3838	train	assigned
mol_3839	train	assigned
mol_3840	test	assigned
mol_3841	val	assigned
mol_3842	train	sampled
mol_3843	train	assigned
mol_3844	val	assigned
mol_3845	train	assigned
mol_3846	train	assigned
mol_3847	val	assigned
mol_3848	val	assigned
mol_3849	train	assigned
mol_3850	train	assigned
mol_3851	train	assigned
mol_3852	val	sampled
mol_3853	test	assigned
mol_3854	val	assigned
mol_3855	train	assigned
mol_3856	train	assigned
mol_3857	train	sampled
mol_3858	train	assigned
mol_3859	train	assigned
mol_3860	train	assigned
mol_3861	train	sampled
mol_3862	train	sampled
mol_3863	train	assigned
mol_3864	test	assigned
mol_3865	test	assigned
mol_3866	val	assigned
mol_3867	train	assigned
mol_3868	val	assigned
mol_3869	train	sampled
mol_3870	test	sampled
mol_3871	train	assigned
mol_3872	val	assigned
mol_3873	train	assigned
mol_3874	test	assigned
mol_3875	train	sampled
mol_3876	train	assigned
mol_3877	train	assigned
mol_3878	train	assigned
mol_3879	train	assigned
mol_3880	train	assigned
mol_3881	train	sampled
mol_3882	train	sampled
mol_3883	val	assigned
mol_3884	val	assigned
mol_3885	train	assigned
mol_3886	val	assigned
mol_3887	val	sampled
mol_3888	val	assigned
mol_3889	train	assigned
mol_3890	train	assigned
mol_3891	train	assigned
mol_3892	train	sampled
mol_3893	train	assigned
mol_3894	train	assigned
mol_3895	train	assigned
mol_3896	train	assigned
mol_3897	train	assigned
mol_3898	train	assigned
mol_3899	train	assigned
mol_3900	train	assigned
mol_3901	test	assigned
mol_3902	val	assigned
mol_3903	train	assigned
mol_3904	train	assigned
mol_3905	train	sampled
mol_3906	val	assigned
mol_3907	val	assigned
mol_3908	train	sampled
mol_3909	train	assigned
mol_3910	train	sampled
mol_3911	val	assigned
mol_3912	train	sampled
mol_3913	train	assigned
mol_3914	train	assigned
mol_3915	val	sampled
mol_3916	val	assigned
mol_3917	train	assigned
mol_3918	train	assigned
mol_3919	val	assigned
mol_3920	train	assigned
mol_3921	train	assigned
mol_3922	val	sampled
mol_3923	val	assigned
mol_3924	train	assigned
mol_3925	train	assigned
mol_3926	train	assigned
mol_3927	train	assigned
mol_3928	train	assigned
mol_3929	train	assigned
mol_3930	train	assigned
mol_3931	train	sampled
mol_3932	train	sampled
mol_3933	test	sampled
mol_3934	train	sampled
mol_3935	val	assigned
mol_3936	val	sampled
mol_3937	test	assigned
mol_3938	test	assigned
mol_3939	train	assigned
mol_3940	train	assigned
mol_3941	test	assigned
mol_3942	train	sampled
mol_3943	train	assigned
mol_3944	train	assigned
mol_3945	train	assigned
mol_3946	train	sampled
mol_3947	train	sampled
mol_3948	train	assigned
mol_3949	train	assigned
mol_3950	train	assigned
mol_3951	val	sampled
mol_3952	train	assigned
mol_3953	val	assigned
mol_3954	val	sampled
mol_3955	val	sampled
mol_3956	train	sampled
mol_3957	train	assigned
mol_3958	train	assigned
mol_3959	val	assigned
mol_3960	val	assigned
mol_3961	val	sampled
mol_3962	train	assigned
mol_3963	train	assigned
mol_3964	train	sampled
mol_3965	train	assigned
mol_3966	train	sampled
mol_3967	test	assigned
mol_3968	test	sampled
mol_3969	val	assigned
mol_3970	train	assigned
mol_3971	train	assigned
mol_3972	train	assigned
mol_3973	train	sampled
mol_3974	val	assigned
mol_3975	train	sampled
mol_3976	train	assigned
mol_3977	train	assigned
mol_3978	train	assigned
mol_3979	train	assigned
mol_3980	train	sampled
mol_3981	test	assigned
mol_3982	train	sampled
mol_3983	train	assigned
mol_3984	train	sampled
mol_3985	train	sampled
mol_3986	train	assigned
mol_3987	val	assigned
mol_3988	val	assigned
mol_3989	train	sampled
mol_3990	train	assigned
mol_3991	train	assigned
mol_3992	train	assigned
mol_3993	train	assigned
mol_3994	train	assigned
mol_3995	train	sampled
mol_3996	train	sampled
mol_3997	val	sampled
mol_3998	val	assigned
mol_3999	test	assigned
mol_4000	test	assigned
mol_4001	train	sampled
mol_4002	train	sampled
mol_4003	train	sampled
mol_4004	train	assigned
mol_4005	train	assigned
mol_4006	train	assigned
mol_4007	train	assigned
mol_4008	train	assigned
mol_4009	train	assigned
mol_4010	train	assigned
mol_4011	train	assigned
mol_4012	train	assigned
mol_4013	train	assigned
mol_4014	train	assigned
mol_4015	val	sampled
mol_4016	val	assigned
mol_4017	train	sampled
mol_4018	val	assigned
mol_4019	test	sampled
mol_4020	train	assigned
mol_4021	train	assigned
mol_4022	test	assigned
mol_4023	val	assigned
mol_4024	train	sampled
mol_4025	train	assigned
mol_4026	train	assigned
mol_4027	train	assigned
mol_4028	train	sampled
mol_4029	test	assigned
mol_4030	train	assigned
mol_4031	train	sampled
mol_4032	train	sampled
mol_4033	train	assigned
mol_4034	train	sampled
mol_4035	train	assigned
mol_4036	test	assigned
mol_4037	val	assigned
mol_4038	train	sampled
mol_4039	train	assigned
mol_4040	test	assigned
mol_4041	train	assigned
mol_4042	test	assigned
mol_4043	val	assigned
mol_4044	test	assigned
mol_4045	train	assigned
mol_4046	val	sampled
mol_4047	val	assigned
mol_4048	train	assigned
mol_4049	test	assigned
mol_4050	val	sampled
mol_4051	train	assigned
mol_4052	val	assigned
mol_4053	val	assigned
mol_4054	train	assigned
mol_4055	val	sampled
mol_4056	val	assigned
mol_4057	val	assigned
mol_4058	train	assigned
mol_4059	val	assigned
mol_4060	train	sampled
mol_4061	val	assigned
mol_4062	test	assigned
mol_4063	train	sampled
mol_4064	train	assigned
mol_4065	train	assigned
mol_4066	train	assigned
mol_4067	val	assigned
mol_4068	val	assigned
mol_4069	val	assigned
mol_4070	train	assigned
mol_4071	train	sampled
mol_4072	train	assigned
mol_4073	val	assigned
mol_4074	train	assigned
mol_4075	train	assigned
mol_4076	train	sampled
mol_4077	train	sampled
mol_4078	val	assigned
mol_4079	train	assigned
mol_4080	train	sampled
mol_4081	train	assigned
mol_4082	train	assigned
mol_4083	train	assigned
mol_4084	train	assigned
mol_4085	train	sampled
mol_4086	train	sampled
mol_4087	train	assigned
mol_4088	train	assigned
mol_4089	train	assigned
mol_4090	train	assigned
mol_4091	train	assigned
mol_4092	train	assigned
mol_4093	train	assigned
mol_4094	train	assigned
mol_4095	train	assigned
mol_4096	train	assigned
mol_4097	val	assigned
mol_4098	train	sampled
mol_4099	train	sampled
mol_4100	train	sampled
mol_4101	train	sampled
mol_4102	val	assigned
mol_4103	val	assigned
mol_4104	train	assigned
mol_4105	train	assigned
mol_4106	test	assigned
mol_4107	train	assigned
mol_4108	train	assigned
mol_4109	train	assigned
mol_4110	train	assigned
mol_4111	train	assigned
mol_4112	test	sampled
mol_4113	val	sampled
mol_4114	train	assigned
mol_4115	train	assigned
mol_4116	train	assigned
mol_4117	train	assigned
mol_4118	train	assigned
mol_4119	train	assigned
mol_4120	train	assigned
mol_4121	train	sampled
mol_4122	train	sampled
mol_4123	val	assigned
mol_4124	train	assigned
mol_4125	train	sampled
mol_4126	train	assigned
mol_4127	train	assigned
mol_4128	test	assigned
mol_4129	train	sampled
mol_4130	test	assigned
mol_4131	test	assigned
mol_4132	train	assigned
mol_4133	train	assigned
mol_4134	train	assigned
mol_4135	val	assigned
mol_4136	train	assigned
mol_4137	train	assigned
mol_4138	val	assigned
mol_4139	train	sampled
mol_4140	train	assigned
mol_4141	train	assigned
mol_4142	train	assigned
mol_4143	train	assigned
mol_4144	train	assigned
mol_4145	val	assigned
mol_4146	train	assigned
mol_4147	val	sampled
mol_4148	train	sampled
mol_4149	val	assigned
mol_4150	train	assigned
mol_4151	val	assigned
mol_4152	train	assigned
mol_4153	train	assigned
mol_4154	train	assigned
mol_4155	train	assigned
mol_4156	train	assigned
mol_4157	train	sampled
mol_4158	train	assigned
mol_4159	val	assigned
mol_4160	train	sampled
mol_4161	train	sampled
mol_4162	train	sampled
mol_4163	val	assigned
mol_4164	val	assigned
mol_4165	train	assigned
mol_4166	train	sampled
mol_4167	val	assigned
mol_4168	train	assigned
mol_4169	train	sampled
mol_4170	val	assigned
mol_4171	train	assigned
mol_4172	train	assigned
mol_4173	train	sampled
mol_4174	train	assigned
mol_4175	test	assigned
mol_4176	train	sampled
mol_4177	test	assigned
mol_4178	train	assigned
mol_4179	train	assigned
mol_4180	train	assigned
mol_4181	test	assigned
mol_4182	train	assigned
mol_4183	train	assigned
mol_4184	train	assigned
mol_4185	val	assigned
mol_4186	train	assigned
mol_4187	train	assigned
mol_4188	train	assigned
mol_4189	train	sampled
mol_4190	train	sampled
mol_4191	val	assigned
mol_4192	val	sampled
mol_4193	val	assigned
mol_4194	train	sampled
mol_4195	train	sampled
mol_4196	val	sampled
mol_4197	train	assigned
mol_4198	val	sampled
mol_4199	val	assigned
mol_4200	val	assigned
mol_4201	test	assigned
mol_4202	val	assigned
mol_4203	test	assigned
mol_4204	train	assigned
mol_4205	val	assigned
mol_4206	train	assigned
mol_4207	val	sampled
mol_4208	val	assigned
mol_4209	train	assigned
mol_4210	train	sampled
mol_4211	train	assigned
mol_4212	train	assigned
mol_4213	train	assigned
mol_4214	train	assigned
mol_4215	val	sampled
mol_4216	train	assigned
mol_4217	train	assigned
mol_4218	train	assigned
mol_4219	train	assigned
mol_4220	train	assigned
mol_4221	train	assigned
mol_4222	train	sampled
mol_4223	train	assigned
mol_4224	train	sampled
mol_4225	train	assigned
mol_4226	train	assigned
mol_4227	train	assigned
mol_4228	train	assigned
mol_4229	val	sampled
mol_4230	test	sampled
mol_4231	train	assigned
mol_4232	train	assigned
mol_4233	train	sampled
mol_4234	train	assigned
mol_4235	train	assigned
mol_4236	train	assigned
mol_4237	val	sampled
mol_4238	val	assigned
mol_4239	train	assigned
mol_4240	val	assigned
mol_4241	train	sampled
mol_4242	train	assigned
mol_4243	train	assigned
mol_4244	train	assigned
mol_4245	train	assigned
mol_4246	train	sampled
mol_4247	train	sampled
mol_4248	train	assigned
mol_4249	val	assigned
mol_4250	train	sampled
mol_4251	train	assigned
mol_4252	train	sampled
mol_4253	train	sampled
mol_4254	train	sampled
mol_4255	train	assigned
mol_4256	val	assigned
mol_4257	val	sampled
mol_4258	train	sampled
mol_4259	val	assigned
mol_4260	train	assigned
mol_4261	val	assigned
mol_4262	train	assigned
mol_4263	test	assigned
mol_4264	test	sampled
mol_4265	train	assigned
mol_4266	train	assigned
mol_4267	train	assigned
mol_4268	train	assigned
mol_4269	test	assigned
mol_4270	train	sampled
mol_4271	test	sampled
mol_4272	val	assigned
mol_4273	test	sampled
mol_4274	test	assigned
mol_4275	train	sampled
mol_4276	test	assigned
mol_4277	train	assigned
mol_4278	train	assigned
mol_4279	train	sampled
mol_4280	train	sampled
mol_4281	train	assigned
mol_4282	train	assigned
mol_4283	train	assigned
mol_4284	train	assigned
mol_4285	train	assigned
mol_4286	train	assigned
mol_4287	train	assigned
mol_4288	train	assigned
mol_4289	train	assigned
mol_4290	val	sampled
mol_4291	train	assigned
mol_4292	train	sampled
mol_4293	test	assigned
mol_4294	train	sampled
mol_4295	train	assigned
mol_4296	train	sampled
mol_4297	train	assigned
mol_4298	train	assigned
mol_4299	train	assigned
mol_4300	val	assigned
mol_4301	val	sampled
mol_4302	val	sampled
mol_4303	train	assigned
mol_4304	val	sampled
mol_4305	train	assigned
mol_4306	val	sampled
mol_4307	val	assigned
mol_4308	train	assigned
mol_4309	train	assigned
mol_4310	val	assigned
mol_4311	train	assigned
mol_4312	train	assigned
mol_4313	val	assigned
mol_4314	val	assigned
mol_4315	train	assigned
mol_4316	train	assigned
mol_4317	train	sampled
mol_4318	train	assigned
mol_4319	train	sampled
mol_4320	train	sampled
mol_4321	train	assigned
mol_4322	train	assigned
mol_4323	train	sampled
mol_4324	train	assigned
mol_4325	test	assigned
mol_4326	train	sampled
mol_4327	test	assigned
mol_4328	train	sampled
mol_4329	train	assigned
mol_4330	train	assigned
mol_4331	train	sampled
mol_4332	val	sampled
mol_4333	val	sampled
mol_4334	train	assigned
mol_4335	train	assigned
mol_4336	train	sampled
mol_4337	val	assigned
mol_4338	val	assigned
mol_4339	train	sampled
mol_4340	val	sampled
mol_4341	train	assigned
mol_4342	train	sampled
mol_4343	train	sampled
mol_4344	train	assigned
mol_4345	train	assigned
mol_4346	train	assigned
mol_4347	train	sampled
mol_4348	train	assigned
mol_4349	test	assigned
mol_4350	val	assigned
mol_4351	train	assigned
mol_4352	train	assigned
mol_4353	train	sampled
mol_4354	train	assigned
mol_4355	train	sampled
mol_4356	val	assigned
mol_4357	val	assigned
mol_4358	train	assigned
mol_4359	train	sampled
mol_4360	test	assigned
mol_4361	train	assigned
mol_4362	test	assigned
mol_4363	train	assigned
mol_4364	test	assigned
mol_4365	train	assigned
mol_4366	train	assigned
mol_4367	train	sampled
mol_4368	train	assigned
mol_4369	train	assigned
mol_4370	val	sampled
mol_4371	test	assigned
mol_4372	train	sampled
mol_4373	train	assigned
mol_4374	test	sampled
mol_4375	val	assigned
mol_4376	train	assigned
mol_4377	train	assigned
mol_4378	train	assigned
mol_4379	test	sampled
mol_4380	train	assigned
mol_4381	train	sampled
mol_4382	train	assigned
mol_4383	train	assigned
mol_4384	test	assigned
mol_4385	val	sampled
mol_4386	train	assigned
mol_4387	train	assigned
mol_4388	train	assigned
mol_4389	train	assigned
mol_4390	train	assigned
mol_4391	train	assigned
mol_4392	train	assigned
mol_4393	val	assigned
mol_4394	val	sampled
mol_4395	train	sampled
mol_4396	train	assigned
mol_4397	train	assigned
mol_4398	train	assigned
mol_4399	train	assigned
mol_4400	train	assigned
mol_4401	train	assigned
mol_4402	train	assigned
mol_4403	test	assigned
mol_4404	train	assigned
mol_4405	val	assigned
mol_4406	train	assigned
mol_4407	train	sampled
mol_4408	train	assigned
mol_4409	train	sampled
mol_4410	train	sampled
mol_4411	test	assigned
mol_4412	val	sampled
mol_4413	val	assigned
mol_4414	train	sampled
mol_4415	train	assigned
mol_4416	train	sampled
mol_4417	train	assigned
mol_4418	train	assigned
mol_4419	train	assigned
mol_4420	train	assigned
mol_4421	train	assigned
mol_4422	train	assigned
mol_4423	val	sampled
mol_4424	train	assigned
mol_4425	val	assigned
mol_4426	train	assigned
mol_4427	val	assigned
mol_4428	val	sampled
mol_4429	train	assigned
mol_4430	train	assigned
mol_4431	train	assigned
mol_4432	train	assigned
mol_4433	train	assigned
mol_4434	test	assigned
mol_4435	train	assigned
mol_4436	train	sampled
mol_4437	train	assigned
mol_4438	train	assigned
mol_4439	val	sampled
mol_4440	train	assigned
mol_4441	val	assigned
mol_4442	val	sampled
mol_4443	train	assigned
mol_4444	train	assigned
mol_4445	val	assigned
mol_4446	train	sampled
mol_4447	train	sampled
mol_4448	train	assigned
mol_4449	train	sampled
mol_4450	val	assigned
mol_4451	train	assigned
mol_4452	train	assigned
mol_4453	val	assigned
mol_4454	val	sampled
mol_4455	test	assigned
mol_4456	test	assigned
mol_4457	val	assigned
mol_4458	train	assigned
mol_4459	train	assigned
mol_4460	train	assigned
mol_4461	train	sampled
mol_4462	train	sampled
mol_4463	train	assigned
mol_4464	train	assigned
mol_4465	test	assigned
mol_4466	val	assigned
mol_4467	train	assigned
mol_4468	test	assigned
mol_4469	train	assigned
mol_4470	train	assigned
mol_4471	train	sampled
mol_4472	train	sampled
mol_4473	train	assigned
mol_4474	train	assigned
mol_4475	train	assigned
mol_4476	train	assigned
mol_4477	train	assigned
mol_4478	val	assigned
mol_4479	val	assigned
mol_4480	train	assigned
mol_4481	test	assigned
mol_4482	test	sampled
mol_4483	val	sampled
mol_4484	val	assigned
mol_4485	train	assigned
mol_4486	train	assigned
mol_4487	train	assigned
mol_4488	train	assigned
mol_4489	val	assigned
mol_4490	train	sampled
mol_4491	train	assigned
mol_4492	train	assigned
mol_4493	val	assigned
mol_4494	train	assigned
mol_4495	train	assigned
mol_4496	train	assigned
mol_4497	train	assigned
mol_4498	train	assigned
mol_4499	train	assigned
mol_4500	train	sampled
mol_4501	train	assigned
mol_4502	train	assigned
mol_4503	train	assigned
mol_4504	train	assigned
mol_4505	train	sampled
mol_4506	train	sampled
mol_4507	train	assigned
mol_4508	train	sampled
mol_4509	test	sampled
mol_4510	val	sampled
mol_4511	train	assigned
mol_4512	train	sampled
mol_4513	val	assigned
mol_4514	val	assigned
mol_4515	val	assigned
mol_4516	test	sampled
mol_4517	train	assigned
mol_4518	val	assigned
mol_4519	train	assigned
mol_4520	train	assigned
mol_4521	train	assigned
mol_4522	train	assigned
mol_4523	train	assigned
mol_4524	train	assigned
mol_4525	train	assigned
mol_4526	train	sampled
mol_4527	test	sampled
mol_4528	train	assigned
mol_4529	train	assigned
mol_4530	train	assigned
mol_4531	train	assigned
mol_4532	train	assigned
mol_4533	val	assigned
mol_4534	val	assigned
mol_4535	train	assigned
mol_4536	val	assigned
mol_4537	val	sampled
mol_4538	test	sampled
mol_4539	test	sampled
mol_4540	train	assigned
mol_4541	train	assigned
mol_4542	train	assigned
mol_4543	train	assigned
mol_4544	train	assigned
mol_4545	test	assigned
mol_4546	val	sampled
mol_4547	train	assigned
mol_4548	train	assigned
mol_4549	test	assigned
mol_4550	train	sampled
mol_4551	test	assigned
mol_4552	train	assigned
mol_4553	train	sampled
mol_4554	train	sampled
mol_4555	train	assigned
mol_4556	train	sampled
mol_4557	train	sampled
mol_4558	train	assigned
mol_4559	train	sampled
mol_4560	train	sampled
mol_4561	train	sampled
mol_4562	test	sampled
mol_4563	train	assigned
mol_4564	val	assigned
mol_4565	train	assigned
mol_4566	val	assigned
mol_4567	train	assigned
mol_4568	train	assigned
mol_4569	train	assigned
mol_4570	train	assigned
mol_4571	train	assigned
mol_4572	test	assigned
mol_4573	val	assigned
mol_4574	train	sampled
mol_4575	val	assigned
mol_4576	train	assigned
mol_4577	val	assigned
mol_4578	train	assigned
mol_4579	train	assigned
mol_4580	val	assigned
mol_4581	train	assigned
mol_4582	val	sampled
mol_4583	train	assigned
mol_4584	val	sampled
mol_4585	train	assigned
mol_4586	train	assigned
mol_4587	train	assigned
mol_4588	train	assigned
mol_4589	train	assigned
mol_4590	train	sampled
mol_4591	val	assigned
mol_4592	val	assigned
mol_4593	val	sampled
mol_4594	train	assigned
mol_4595	train	assigned
mol_4596	train	sampled
mol_4597	test	sampled
mol_4598	train	assigned
mol_4599	train	assigned
mol_4600	test	sampled
mol_4601	train	assigned
mol_4602	train	sampled
mol_4603	val	assigned
mol_4604	train	sampled
mol_4605	train	assigned
mol_4606	train	assigned
mol_4607	val	assigned
mol_4608	train	sampled
mol_4609	train	assigned
mol_4610	train	assigned
mol_4611	train	assigned
mol_4612	train	assigned
mol_4613	train	assigned
mol_4614	train	sampled
mol_4615	train	sampled
mol_4616	train	assigned
mol_4617	train	sampled
mol_4618	train	sampled
mol_4619	train	sampled
mol_4620	train	sampled
mol_4621	train	assigned
mol_4622	train	assigned
mol_4623	val	sampled
mol_4624	train	assigned
mol_4625	train	assigned
mol_4626	train	assigned
mol_4627	train	assigned
mol_4628	train	assigned
mol_4629	val	assigned
mol_4630	train	sampled
mol_4631	train	sampled
mol_4632	train	assigned
mol_4633	val	assigned
mol_4634	train	assigned
mol_4635	val	assigned
mol_4636	train	assigned
mol_4637	train	assigned
mol_4638	train	sampled
mol_4639	train	assigned
mol_4640	val	sampled
mol_4641	train	sampled
mol_4642	train	assigned
mol_4643	val	assigned
mol_4644	train	assigned
mol_4645	train	assigned
mol_4646	val	assigned
mol_4647	train	sampled
mol_4648	val	assigned
mol_4649	val	assigned
mol_4650	train	assigned
mol_4651	train	assigned
mol_4652	train	assigned
mol_4653	train	assigned
mol_4654	val	assigned
mol_4655	train	assigned
mol_4656	test	sampled
mol_4657	test	assigned
mol_4658	train	assigned
mol_4659	train	assigned
mol_4660	val	sampled
mol_4661	test	sampled
mol_4662	test	assigned
mol_4663	val	assigned
mol_4664	train	assigned
mol_4665	val	assigned
mol_4666	train	assigned
mol_4667	train	assigned
mol_4668	val	assigned
mol_4669	val	sampled
mol_4670	val	assigned
mol_4671	val	assigned
mol_4672	train	assigned
mol_4673	train	assigned
mol_4674	train	assigned
mol_4675	test	assigned
mol_4676	val	assigned
mol_4677	val	assigned
mol_4678	train	assigned
mol_4679	val	assigned
mol_4680	val	sampled
mol_4681	train	assigned
mol_4682	train	assigned
mol_4683	val	assigned
mol_4684	train	sampled
mol_4685	train	sampled
mol_4686	train	assigned
mol_4687	train	sampled
mol_4688	train	assigned
mol_4689	train	sampled
mol_4690	val	sampled
mol_4691	train	assigned
mol_4692	train	sampled
mol_4693	test	assigned
mol_4694	val	assigned
mol_4695	val	assigned
mol_4696	train	assigned
mol_4697	train	assigned
mol_4698	train	assigned
mol_4699	val	assigned
mol_4700	train	assigned
mol_4701	val	assigned
mol_4702	val	assigned
mol_4703	train	assigned
mol_4704	train	assigned
mol_4705	val	sampled
mol_4706	train	assigned
mol_4707	train	assigned
mol_4708	train	assigned
mol_4709	train	assigned
mol_4710	train	assigned
mol_4711	val	assigned
mol_4712	train	assigned
mol_4713	train	assigned
mol_4714	val	sampled
mol_4715	val	assigned
mol_4716	val	assigned
mol_4717	train	sampled
mol_4718	train	assigned
mol_4719	val	assigned
mol_4720	train	assigned
mol_4721	train	assigned
mol_4722	val	assigned
mol_4723	val	assigned
mol_4724	test	assigned
mol_4725	val	assigned
mol_4726	train	sampled
mol_4727	train	sampled
mol_4728	val	assigned
mol_4729	val	assigned
mol_4730	train	sampled
mol_4731	train	sampled
mol_4732	train	assigned
mol_4733	train	assigned
mol_4734	train	sampled
mol_4735	test	assigned
mol_4736	train	assigned
mol_4737	val	assigned
mol_4738	train	assigned
mol_4739	train	sampled
mol_4740	val	sampled
mol_4741	test	assigned
mol_4742	train	assigned
mol_4743	train	assigned
mol_4744	train	assigned
mol_4745	train	assigned
mol_4746	val	sampled
mol_4747	val	sampled
mol_4748	train	assigned
mol_4749	train	assigned
mol_4750	train	assigned
mol_4751	train	assigned
mol_4752	train	assigned
mol_4753	train	assigned
mol_4754	train	assigned
mol_4755	train	assigned
mol_4756	val	sampled
mol_4757	val	assigned
mol_4758	train	assigned
mol_4759	val	assigned
mol_4760	val	assigned
mol_4761	train	assigned
mol_4762	train	assigned
mol_4763	train	sampled
mol_4764	train	sampled
mol_4765	train	assigned
mol_4766	train	assigned
mol_4767	train	assigned
mol_4768	test	assigned
mol_4769	train	sampled
mol_4770	train	assigned
mol_4771	test	assigned
mol_4772	train	assigned
mol_4773	train	sampled
mol_4774	test	sampled
mol_4775	train	sampled
mol_4776	train	assigned
mol_4777	train	assigned
mol_4778	train	assigned
mol_4779	train	assigned
mol_4780	train	assigned
mol_4781	train	sampled
mol_4782	train	assigned
mol_4783	val	assigned
mol_4784	train	assigned
mol_4785	train	assigned
mol_4786	train	assigned
mol_4787	train	assigned
mol_4788	train	assigned
mol_4789	train	assigned
mol_4790	train	assigned
mol_4791	test	assigned
mol_4792	train	assigned
mol_4793	val	assigned
mol_4794	train	assigned
mol_4795	val	assigned
mol_4796	train	assigned
mol_4797	train	assigned
mol_4798	train	assigned
mol_4799	val	assigned
mol_4800	val	assigned
mol_4801	train	assigned
mol_4802	test	assigned
mol_4803	val	sampled
mol_4804	train	assigned
mol_4805	train	assigned
mol_4806	train	assigned
mol_4807	train	assigned
mol_4808	train	sampled
mol_4809	test	assigned
mol_4810	train	assigned
mol_4811	train	assigned
mol_4812	train	sampled
mol_4813	train	assigned
mol_4814	train	assigned
mol_4815	train	assigned
mol_4816	train	assigned
mol_4817	train	sampled
mol_4818	train	assigned
mol_4819	train	assigned
mol_4820	train	assigned
mol_4821	train	assigned
mol_4822	val	assigned
mol_4823	val	assigned
mol_4824	train	sampled
mol_4825	train	assigned
mol_4826	val	assigned
mol_4827	train	assigned
mol_4828	train	sampled
mol_4829	val	sampled
mol_4830	train	assigned
mol_4831	train	assigned
mol_4832	train	sampled
mol_4833	train	assigned
mol_4834	train	sampled
mol_4835	train	assigned
mol_4836	train	assigned
mol_4837	val	assigned
mol_4838	train	sampled
mol_4839	train	assigned
mol_4840	val	sampled
mol_4841	train	assigned
mol_4842	train	assigned
mol_4843	val	assigned
mol_4844	train	assigned
mol_4845	val	assigned
mol_4846	train	assigned
mol_4847	train	assigned
mol_4848	train	sampled
mol_4849	val	assigned
mol_4850	val	assigned
mol_4851	val	assigned
mol_4852	train	assigned
mol_4853	val	assigned
mol_4854	train	assigned
mol_4855	train	sampled
mol_4856	train	assigned
mol_4857	val	sampled
mol_4858	train	assigned
mol_4859	val	assigned
mol_4860	train	assigned
mol_4861	train	assigned
mol_4862	train	assigned
mol_4863	test	sampled
mol_4864	train	sampled
mol_4865	train	assigned
mol_4866	test	assigned
mol_4867	test	assigned
mol_4868	train	sampled
mol_4869	train	assigned
mol_4870	train	assigned
mol_4871	train	sampled
mol_4872	train	assigned
mol_4873	train	assigned
mol_4874	train	assigned
mol_4875	test	assigned
mol_4876	train	assigned
mol_4877	train	assigned
mol_4878	val	assigned
mol_4879	train	assigned
mol_4880	train	assigned
mol_4881	val	sampled
mol_4882	train	assigned
mol_4883	train	sampled
mol_4884	val	assigned
mol_4885	train	sampled
mol_4886	train	sampled
mol_4887	train	assigned
mol_4888	train	assigned
mol_4889	train	assigned
mol_4890	train	assigned
mol_4891	train	assigned
mol_4892	train	assigned
mol_4893	val	assigned
mol_4894	val	assigned
mol_4895	train	assigned
mol_4896	train	sampled
mol_4897	train	sampled
mol_4898	train	sampled
mol_4899	train	assigned
mol_4900	train	assigned
mol_4901	test	sampled
mol_4902	train	assigned
mol_4903	val	sampled
mol_4904	val	assigned
mol_4905	test	assigned
mol_4906	val	sampled
mol_4907	train	assigned
mol_4908	train	assigned
mol_4909	train	assigned
mol_4910	train	assigned
mol_4911	train	assigned
mol_4912	train	assigned
mol_4913	train	sampled
mol_4914	train	sampled
mol_4915	train	assigned
mol_4916	train	assigned
mol_4917	train	assigned
mol_4918	train	assigned
mol_4919	train	assigned
mol_4920	val	sampled
mol_4921	val	sampled
mol_4922	val	assigned
mol_4923	val	sampled
mol_4924	val	assigned
mol_4925	train	assigned
mol_4926	test	assigned
mol_4927	train	assigned
mol_4928	train	sampled
mol_4929	train	assigned
mol_4930	val	assigned
mol_4931	train	assigned
mol_4932	train	assigned
mol_4933	val	assigned
mol_4934	val	sampled
mol_4935	train	assigned
mol_4936	train	sampled
mol_4937	train	sampled
mol_4938	val	assigned
mol_4939	train	assigned
mol_4940	train	assigned
mol_4941	train	assigned
mol_4942	train	assigned
mol_4943	train	sampled
mol_4944	test	assigned
mol_4945	train	assigned
mol_4946	train	assigned
mol_4947	train	assigned
mol_4948	train	assigned
mol_4949	train	sampled
mol_4950	val	assigned
mol_4951	train	sampled
mol_4952	test	assigned
mol_4953	train	sampled
mol_4954	train	assigned
mol_4955	test	assigned
mol_4956	val	assigned
mol_4957	val	assigned
mol_4958	train	sampled
mol_4959	train	assigned
mol_4960	train	assigned
mol_4961	train	sampled
mol_4962	train	assigned
mol_4963	train	sampled
mol_4964	train	assigned
mol_4965	train	sampled
mol_4966	val	assigned
mol_4967	train	sampled
mol_4968	val	assigned
mol_4969	train	assigned
mol_4970	val	assigned
mol_4971	train	assigned
mol_4972	val	assigned
mol_4973	val	assigned
mol_4974	train	assigned
mol_4975	test	sampled
mol_4976	test	assigned
mol_4977	train	assigned
mol_4978	val	assigned
mol_4979	train	assigned
mol_4980	train	assigned
mol_4981	val	assigned
mol_4982	train	assigned
mol_4983	train	assigned
mol_4984	val	assigned
mol_4985	train	assigned
mol_4986	test	assigned
mol_4987	train	sampled
mol_4988	train	assigned
mol_4989	train	assigned
mol_4990	train	assigned
mol_4991	train	assigned
mol_4992	train	assigned
mol_4993	val	assigned
mol_4994	train	assigned
mol_4995	val	assigned
mol_4996	val	assigned
mol_4997	train	assigned
mol_4998	train	assigned
mol_4999	val	sampled
mol_5000	train	assigned
mol_5001	train	sampled
mol_5002	train	assigned
mol_5003	train	assigned
mol_5004	test	assigned
mol_5005	train	assigned
mol_5006	train	sampled
mol_5007	train	sampled
mol_5008	train	sampled
mol_5009	test	sampled
mol_5010	test	assigned
mol_5011	train	sampled
mol_5012	test	assigned
mol_5013	test	assigned
mol_5014	train	sampled
mol_5015	train	assigned
mol_5016	train	assigned
mol_5017	val	sampled
mol_5018	train	sampled
mol_5019	train	assigned
mol_5020	train	sampled
mol_5021	train	assigned
mol_5022	val	sampled
mol_5023	test	assigned
mol_5024	test	assigned
mol_5025	train	assigned
mol_5026	train	assigned
mol_5027	train	assigned
mol_5028	train	assigned
mol_5029	train	assigned
mol_5030	train	sampled
mol_5031	train	assigned
mol_5032	val	assigned
mol_5033	val	assigned
mol_5034	train	assigned
mol_5035	val	assigned
mol_5036	test	assigned
mol_5037	val	assigned
mol_5038	train	sampled
mol_5039	train	sampled
mol_5040	train	assigned
mol_5041	train	assigned
mol_5042	train	assigned
mol_5043	train	assigned
mol_5044	train	sampled
mol_5045	train	sampled
mol_5046	train	sampled
mol_5047	test	assigned
mol_5048	val	sampled
mol_5049	train	assigned
mol_5050	train	sampled
mol_5051	train	assigned
mol_5052	test	assigned
mol_5053	train	assigned
mol_5054	train	assigned
mol_5055	val	assigned
mol_5056	val	assigned
mol_5057	train	sampled
mol_5058	train	assigned
mol_5059	train	assigned
mol_5060	train	assigned
mol_5061	val	assigned
mol_5062	val	sampled
mol_5063	val	assigned
mol_5064	train	sampled
mol_5065	train	sampled
mol_5066	val	assigned
mol_5067	train	assigned
mol_5068	train	assigned
mol_5069	val	assigned
mol_5070	train	sampled
mol_5071	train	assigned
mol_5072	train	assigned
mol_5073	train	assigned
mol_5074	train	assigned
mol_5075	train	assigned
mol_5076	train	sampled
mol_5077	train	assigned
mol_5078	val	assigned
mol_5079	train	assigned
mol_5080	train	assigned
mol_5081	train	assigned
mol_5082	train	sampled
mol_5083	val	assigned
mol_5084	train	assigned
mol_5085	train	assigned
mol_5086	train	sampled
mol_5087	val	sampled
mol_5088	train	assigned
mol_5089	test	assigned
mol_5090	train	assigned
mol_5091	train	sampled
mol_5092	train	assigned
mol_5093	train	sampled
mol_5094	train	assigned
mol_5095	test	assigned
mol_5096	train	assigned
mol_5097	train	sampled
mol_5098	train	assigned
mol_5099	val	sampled
mol_5100	train	assigned
mol_5101	val	assigned
mol_5102	val	sampled
mol_5103	train	sampled
mol_5104	val	assigned
mol_5105	train	assigned
mol_5106	val	sampled
mol_5107	train	assigned
mol_5108	train	assigned
mol_5109	val	assigned
mol_5110	train	assigned
mol_5111	train	assigned
mol_5112	train	assigned
mol_5113	train	assigned
mol_5114	val	assigned
mol_5115	test	assigned
mol_5116	test	assigned
mol_5117	train	sampled
mol_5118	train	sampled
mol_5119	train	sampled
mol_5120	train	sampled
mol_5121	train	assigned
mol_5122	val	assigned
mol_5123	train	sampled
mol_5124	train	assigned
mol_5125	train	assigned
mol_5126	val	assigned
mol_5127	val	assigned
mol_5128	val	assigned
mol_5129	val	assigned
mol_5130	train	sampled
mol_5131	train	assigned
mol_5132	train	assigned
mol_5133	train	assigned
mol_5134	test	assigned
mol_5135	train	assigned
mol_5136	train	assigned
mol_5137	train	assigned
mol_5138	val	assigned
mol_5139	train	assigned
mol_5140	train	assigned
mol_5141	test	assigned
mol_5142	train	assigned
mol_5143	train	sampled
mol_5144	train	sampled
mol_5145	train	assigned
mol_5146	train	assigned
mol_5147	test	assigned
mol_5148	train	sampled
mol_5149	train	assigned
mol_5150	train	assigned
mol_5151	val	assigned
mol_5152	train	sampled
mol_5153	val	sampled
mol_5154	train	assigned
mol_5155	train	sampled
mol_5156	train	sampled
mol_5157	train	sampled
mol_5158	train	assigned
mol_5159	train	sampled
mol_5160	train	assigned
mol_5161	train	assigned
mol_5162	train	assigned
mol_5163	val	assigned
mol_5164	test	assigned
mol_5165	train	sampled
mol_5166	val	assigned
mol_5167	train	assigned
mol_5168	val	sampled
mol_5169	train	assigned
mol_5170	train	sampled
mol_5171	train	sampled
mol_5172	val	assigned
mol_5173	train	assigned
mol_5174	train	assigned
mol_5175	train	assigned
mol_5176	train	sampled
mol_5177	test	assigned
mol_5178	train	assigned
mol_5179	test	assigned
mol_5180	train	assigned
mol_5181	train	assigned
mol_5182	train	assigned
mol_5183	train	assigned
mol_5184	val	assigned
mol_5185	val	sampled
mol_5186	val	assigned
mol_5187	val	sampled
mol_5188	train	assigned
mol_5189	train	assigned
mol_5190	train	assigned
mol_5191	test	assigned
mol_5192	train	assigned
mol_5193	test	assigned
mol_5194	train	assigned
mol_5195	train	assigned
mol_5196	train	sampled
mol_5197	train	assigned
mol_5198	train	assigned
mol_5199	train	assigned
mol_5200	train	assigned
mol_5201	train	assigned
mol_5202	train	sampled
mol_5203	train	assigned
mol_5204	train	sampled
mol_5205	train	assigned
mol_5206	train	sampled
mol_5207	train	assigned
mol_5208	train	assigned
mol_5209	train	assigned
mol_5210	train	assigned
mol_5211	train	assigned
mol_5212	val	sampled
mol_5213	train	sampled
mol_5214	train	assigned
mol_5215	train	assigned
mol_5216	train	sampled
mol_5217	train	assigned
mol_5218	val	assigned
mol_5219	val	assigned
mol_5220	train	assigned
mol_5221	train	sampled
mol_5222	train	assigned
mol_5223	val	assigned
mol_5224	train	assigned
mol_5225	train	assigned
mol_5226	train	assigned
mol_5227	train	assigned
mol_5228	train	sampled
mol_5229	val	sampled
mol_5230	train	assigned
mol_5231	train	sampled
mol_5232	train	assigned
mol_5233	train	assigned
mol_5234	train	sampled
mol_5235	train	sampled
mol_5236	val	assigned
mol_5237	val	assigned
mol_5238	val	assigned
mol_5239	train	assigned
mol_5240	val	assigned
mol_5241	val	assigned
mol_5242	val	sampled
mol_5243	train	assigned
mol_5244	train	assigned
mol_5245	train	assigned
mol_5246	train	assigned
mol_5247	val	assigned
mol_5248	val	assigned
mol_5249	val	assigned
mol_5250	train	sampled
mol_5251	train	assigned
mol_5252	train	assigned
mol_5253	train	assigned
mol_5254	train	assigned
mol_5255	val	assigned
mol_5256	test	assigned
mol_5257	val	assigned
mol_5258	val	assigned
mol_5259	val	assigned
mol_5260	val	assigned
mol_5261	train	assigned
mol_5262	train	assigned
mol_5263	train	assigned
mol_5264	test	assigned
mol_5265	train	assigned
mol_5266	train	assigned
mol_5267	train	sampled
mol_5268	train	assigned
mol_5269	train	assigned
mol_5270	train	assigned
mol_5271	train	assigned
mol_5272	test	assigned
mol_5273	train	assigned
mol_5274	train	assigned
mol_5275	val	assigned
mol_5276	train	assigned
mol_5277	train	sampled
mol_5278	train	sampled
mol_5279	train	assigned
mol_5280	train	assigned
mol_5281	val	assigned
mol_5282	train	assigned
mol_5283	train	assigned
mol_5284	train	sampled
mol_5285	train	assigned
mol_5286	train	sampled
mol_5287	train	assigned
mol_5288	train	sampled
mol_5289	train	assigned
mol_5290	train	assigned
mol_5291	val	assigned
mol_5292	train	assigned
mol_5293	train	assigned
mol_5294	val	assigned
mol_5295	test	assigned
mol_5296	train	assigned
mol_5297	val	assigned
mol_5298	train	assigned
mol_5299	train	assigned
mol_5300	train	sampled
mol_5301	val	assigned
mol_5302	test	sampled
mol_5303	train	assigned
mol_5304	val	assigned
mol_5305	train	assigned
mol_5306	train	sampled
mol_5307	val	assigned
mol_5308	train	assigned
mol_5309	train	assigned
mol_5310	train	assigned
mol_5311	train	assigned
mol_5312	test	assigned
mol_5313	val	sampled
mol_5314	train	assigned
mol_5315	train	assigned
mol_5316	train	assigned
mol_5317	val	sampled
mol_5318	train	assigned
mol_5319	train	assigned
mol_5320	val	assigned
mol_5321	train	sampled
mol_5322	train	assigned
mol_5323	test	assigned
mol_5324	train	sampled
mol_5325	train	sampled
mol_5326	train	assigned
mol_5327	train	assigned
mol_5328	test	sampled
mol_5329	val	sampled
mol_5330	train	assigned
mol_5331	test	sampled
mol_5332	train	assigned
mol_5333	train	assigned
mol_5334	train	assigned
mol_5335	train	sampled
mol_5336	train	assigned
mol_5337	test	assigned
mol_5338	test	sampled
mol_5339	train	assigned
mol_5340	train	sampled
mol_5341	train	sampled
mol_5342	train	assigned
mol_5343	train	assigned
mol_5344	train	sampled
mol_5345	train	assigned
mol_5346	train	assigned
mol_5347	val	assigned
mol_5348	val	assigned
mol_5349	train	assigned
mol_5350	train	assigned
mol_5351	train	assigned
mol_5352	train	assigned
mol_5353	train	assigned
mol_5354	train	assigned
mol_5355	train	assigned
mol_5356	train	assigned
mol_5357	train	assigned
mol_5358	train	assigned
mol_5359	test	sampled
mol_5360	test	assigned
mol_5361	val	sampled
mol_5362	train	assigned
mol_5363	val	assigned
mol_5364	val	assigned
mol_5365	train	sampled
mol_5366	val	assigned
mol_5367	train	sampled
mol_5368	train	assigned
mol_5369	val	sampled
mol_5370	train	assigned
mol_5371	train	sampled
mol_5372	train	assigned
mol_5373	train	assigned
mol_5374	train	sampled
mol_5375	train	sampled
mol_5376	train	assigned
mol_5377	train	assigned
mol_5378	train	assigned
mol_5379	train	assigned
mol_5380	test	assigned
mol_5381	train	sampled
mol_5382	train	assigned
mol_5383	train	assigned
mol_5384	val	assigned
mol_5385	train	assigned
mol_5386	train	assigned
mol_5387	val	assigned
mol_5388	train	assigned
mol_5389	train	assigned
mol_5390	train	assigned
mol_5391	train	assigned
mol_5392	train	assigned
mol_5393	train	assigned
mol_5394	train	assigned
mol_5395	test	assigned
mol_5396	train	sampled
mol_5397	train	assigned
mol_5398	train	assigned
mol_5399	test	assigned
mol_5400	train	assigned
mol_5401	val	assigned
mol_5402	val	assigned
mol_5403	val	sampled
mol_5404	val	assigned
mol_5405	train	sampled
mol_5406	train	assigned
mol_5407	train	assigned
mol_5408	train	assigned
mol_5409	train	assigned
mol_5410	train	assigned
mol_5411	train	sampled
mol_5412	train	assigned
mol_5413	train	assigned
mol_5414	train	sampled
mol_5415	train	assigned
mol_5416	train	assigned
mol_5417	train	assigned
mol_5418	train	assigned
mol_5419	val	assigned
mol_5420	val	assigned
mol_5421	train	assigned
mol_5422	val	assigned
mol_5423	val	assigned
mol_5424	val	assigned
mol_5425	train	assigned
mol_5426	train	sampled
mol_5427	train	assigned
mol_5428	train	assigned
mol_5429	train	assigned
mol_5430	train	assigned
mol_5431	train	assigned
mol_5432	train	assigned
mol_5433	train	assigned
mol_5434	test	assigned
mol_5435	train	assigned
mol_5436	train	sampled
mol_5437	train	assigned
mol_5438	train	sampled
mol_5439	train	assigned
mol_5440	test	assigned
mol_5441	val	sampled
mol_5442	val	assigned
mol_5443	val	assigned
mol_5444	train	sampled
mol_5445	train	assigned
mol_5446	val	assigned
mol_5447	train	sampled
mol_5448	train	sampled
mol_5449	train	assigned
mol_5450	train	assigned
mol_5451	train	assigned
mol_5452	train	sampled
mol_5453	train	assigned
mol_5454	train	assigned
mol_5455	val	assigned
mol_5456	train	assigned
mol_5457	test	assigned
mol_5458	train	assigned
mol_5459	val	assigned
mol_5460	test	assigned
mol_5461	train	sampled
mol_5462	train	assigned
mol_5463	test	assigned
mol_5464	train	assigned
mol_5465	train	sampled
mol_5466	val	assigned
mol_5467	train	assigned
mol_5468	train	assigned
mol_5469	train	assigned
mol_5470	train	assigned
mol_5471	train	sampled
mol_5472	train	assigned
mol_5473	train	assigned
mol_5474	train	assigned
mol_5475	train	assigned
mol_5476	test	sampled
mol_5477	train	assigned
mol_5478	train	sampled
mol_5479	train	assigned
mol_5480	val	sampled
mol_5481	train	sampled
mol_5482	val	sampled
mol_5483	val	assigned
mol_5484	train	assigned
mol_5485	train	assigned
mol_5486	train	assigned
mol_5487	train	assigned
mol_5488	train	assigned
mol_5489	train	assigned
mol_5490	test	assigned
mol_5491	test	assigned
mol_5492	train	assigned
mol_5493	train	sampled
mol_5494	val	assigned
mol_5495	train	assigned
mol_5496	train	assigned
mol_5497	train	assigned
mol_5498	train	sampled
mol_5499	train	sampled
mol_5500	train	sampled
mol_5501	test	assigned
mol_5502	train	sampled
mol_5503	train	assigned
mol_5504	train	assigned
mol_5505	train	assigned
mol_5506	train	assigned
mol_5507	val	sampled
mol_5508	train	sampled
mol_5509	val	sampled
mol_5510	train	sampled
mol_5511	train	assigned
mol_5512	train	assigned
mol_5513	train	assigned
mol_5514	val	assigned
mol_5515	train	assigned
mol_5516	train	assigned
mol_5517	test	assigned
mol_5518	train	assigned
mol_5519	train	assigned
mol_5520	train	assigned
mol_5521	train	assigned
mol_5522	train	sampled
mol_5523	train	sampled
mol_5524	train	assigned
mol_5525	train	assigned
mol_5526	test	assigned
mol_5527	train	assigned
mol_5528	train	assigned
mol_5529	train	assigned
mol_5530	train	assigned
mol_5531	train	sampled
mol_5532	train	assigned
mol_5533	test	assigned
mol_5534	val	assigned
mol_5535	train	assigned
mol_5536	test	assigned
mol_5537	train	sampled
mol_5538	train	sampled
mol_5539	train	assigned
mol_5540	train	assigned
mol_5541	test	assigned
mol_5542	train	assigned
mol_5543	train	assigned
mol_5544	train	sampled
mol_5545	train	assigned
mol_5546	train	assigned
mol_5547	train	assigned
mol_5548	train	sampled
mol_5549	train	sampled
mol_5550	train	sampled
mol_5551	val	assigned
mol_5552	val	assigned
mol_5553	val	sampled
mol_5554	train	assigned
mol_5555	train	assigned
mol_5556	train	assigned
mol_5557	train	assigned
mol_5558	train	assigned
mol_5559	val	assigned
mol_5560	test	assigned
mol_5561	train	assigned
mol_5562	train	assigned
mol_5563	train	assigned
mol_5564	train	assigned
mol_5565	test	assigned
mol_5566	val	assigned
mol_5567	train	assigned
mol_5568	train	sampled
mol_5569	val	assigned
mol_5570	test	assigned
mol_5571	train	assigned
mol_5572	test	assigned
mol_5573	train	sampled
mol_5574	train	sampled
mol_5575	train	assigned
mol_5576	test	assigned
mol_5577	train	sampled
mol_5578	val	assigned
mol_5579	train	sampled
mol_5580	val	assigned
mol_5581	train	assigned
mol_5582	train	assigned
mol_5583	train	assigned
mol_5584	train	assigned
mol_5585	train	assigned
mol_5586	train	assigned
mol_5587	test	sampled
mol_5588	train	assigned
mol_5589	test	sampled
mol_5590	train	assigned
mol_5591	train	assigned
mol_5592	train	assigned
mol_5593	train	assigned
mol_5594	train	sampled
mol_5595	train	sampled
mol_5596	train	assigned
mol_5597	val	sampled
mol_5598	train	assigned
mol_5599	train	assigned
mol_5600	train	assigned
mol_5601	val	sampled
mol_5602	test	sampled
mol_5603	val	assigned
mol_5604	train	assigned
mol_5605	val	assigned
mol_5606	train	assigned
mol_5607	val	assigned
mol_5608	train	assigned
mol_5609	train	assigned
mol_5610	train	sampled
mol_5611	train	assigned
mol_5612	train	sampled
mol_5613	train	assigned
mol_5614	val	assigned
mol_5615	train	assigned
mol_5616	val	assigned
mol_5617	val	assigned
mol_5618	val	assigned
mol_5619	test	assigned
mol_5620	test	assigned
mol_5621	train	assigned
mol_5622	train	assigned
mol_5623	train	assigned
mol_5624	train	sampled
mol_5625	train	assigned
mol_5626	train	assigned
mol_5627	train	assigned
mol_5628	train	assigned
mol_5629	test	assigned
mol_5630	train	assigned
mol_5631	train	assigned
mol_5632	train	sampled
mol_5633	train	sampled
mol_5634	train	assigned
mol_5635	train	sampled
mol_5636	train	sampled
mol_5637	train	assigned
mol_5638	train	assigned
mol_5639	train	sampled
mol_5640	test	assigned
mol_5641	train	assigned
mol_5642	train	assigned
mol_5643	train	sampled
mol_5644	train	assigned
mol_5645	test	assigned
mol_5646	train	assigned
mol_5647	test	sampled
mol_5648	train	assigned
mol_5649	train	assigned
mol_5650	train	assigned
mol_5651	val	assigned
mol_5652	train	assigned
mol_5653	train	sampled
mol_5654	train	sampled
mol_5655	train	assigned
mol_5656	train	assigned
mol_5657	test	assigned
mol_5658	train	assigned
mol_5659	train	assigned
mol_5660	train	sampled
mol_5661	train	assigned
mol_5662	train	sampled
mol_5663	val	assigned
mol_5664	val	assigned
mol_5665	val	assigned
mol_5666	val	assigned
mol_5667	test	assigned
mol_5668	val	assigned
mol_5669	val	assigned
mol_5670	train	assigned
mol_5671	test	assigned
mol_5672	train	assigned
mol_5673	test	sampled
mol_5674	train	assigned
mol_5675	train	assigned
mol_5676	train	sampled
mol_5677	val	sampled
mol_5678	val	assigned
mol_5679	val	assigned
mol_5680	train	sampled
mol_5681	train	assigned
mol_5682	val	assigned
mol_5683	train	assigned
mol_5684	train	sampled
mol_5685	train	assigned
mol_5686	train	sampled
mol_5687	train	sampled
mol_5688	train	sampled
mol_5689	train	assigned
mol_5690	train	assigned
mol_5691	test	assigned
mol_5692	train	sampled
mol_5693	train	assigned
mol_5694	test	assigned
mol_5695	train	assigned
mol_5696	train	assigned
mol_5697	train	assigned
mol_5698	train	sampled
mol_5699	train	assigned
mol_5700	train	assigned
mol_5701	train	sampled
mol_5702	train	sampled
mol_5703	train	assigned
mol_5704	val	sampled
mol_5705	train	assigned
mol_5706	train	assigned
mol_5707	train	assigned
mol_5708	train	assigned
mol_5709	train	sampled
mol_5710	val	assigned
mol_5711	val	assigned
mol_5712	train	assigned
mol_5713	train	assigned
mol_5714	train	assigned
mol_5715	val	assigned
mol_5716	val	sampled
mol_5717	train	sampled
mol_5718	train	assigned
mol_5719	val	sampled
mol_5720	train	sampled
mol_5721	train	assigned
mol_5722	test	assigned
mol_5723	train	assigned
mol_5724	val	sampled
mol_5725	val	assigned
mol_5726	val	assigned
mol_5727	val	assigned
mol_5728	train	assigned
mol_5729	train	sampled
mol_5730	val	assigned
mol_5731	train	assigned
mol_5732	train	assigned
mol_5733	train	assigned
mol_5734	train	assigned
mol_5735	train	assigned
mol_5736	val	assigned
mol_5737	val	sampled
mol_5738	val	assigned
mol_5739	val	assigned
mol_5740	train	assigned
mol_5741	train	sampled
mol_5742	train	assigned
mol_5743	train	sampled
mol_5744	test	sampled
mol_5745	test	assigned
mol_5746	test	assigned
mol_5747	val	assigned
mol_5748	train	assigned
mol_5749	val	assigned
mol_5750	val	assigned
mol_5751	train	assigned
mol_5752	val	sampled
mol_5753	train	sampled
mol_5754	train	assigned
mol_5755	train	assigned
mol_5756	train	sampled
mol_5757	val	assigned
mol_5758	train	assigned
mol_5759	train	assigned
mol_5760	test	assigned
mol_5761	train	assigned
mol_5762	train	assigned
mol_5763	test	assigned
mol_5764	train	assigned
mol_5765	train	assigned
mol_5766	val	assigned
mol_5767	train	assigned
mol_5768	train	assigned
mol_5769	val	assigned
mol_5770	train	sampled
mol_5771	train	sampled
mol_5772	test	assigned
mol_5773	val	assigned
mol_5774	train	assigned
mol_5775	train	sampled
mol_5776	train	assigned
mol_5777	val	sampled
mol_5778	test	assigned
mol_5779	val	assigned
mol_5780	train	sampled
mol_5781	train	assigned
mol_5782	test	sampled
mol_5783	train	assigned
mol_5784	train	assigned
mol_5785	train	assigned
mol_5786	train	assigned
mol_5787	train	sampled
mol_5788	train	assigned
mol_5789	test	sampled
mol_5790	train	assigned
mol_5791	val	assigned
mol_5792	train	assigned
mol_5793	train	sampled
mol_5794	train	assigned
mol_5795	train	assigned
mol_5796	train	assigned
mol_5797	val	assigned
mol_5798	train	assigned
mol_5799	val	assigned
mol_5800	train	assigned
mol_5801	train	assigned
mol_5802	test	sampled
mol_5803	val	assigned
mol_5804	train	assigned
mol_5805	train	assigned
mol_5806	test	assigned
mol_5807	val	sampled
mol_5808	val	assigned
mol_5809	train	assigned
mol_5810	train	assigned
mol_5811	train	assigned
mol_5812	train	assigned
mol_5813	train	assigned
mol_5814	train	assigned
mol_5815	val	assigned
mol_5816	train	assigned
mol_5817	train	assigned
mol_5818	train	assigned
mol_5819	train	assigned
mol_5820	val	assigned
mol_5821	train	assigned
mol_5822	test	sampled
mol_5823	train	assigned
mol_5824	train	sampled
mol_5825	train	assigned
mol_5826	val	sampled
mol_5827	val	assigned
mol_5828	val	assigned
mol_5829	val	assigned
mol_5830	train	sampled
mol_5831	train	assigned
mol_5832	train	assigned
mol_5833	test	sampled
mol_5834	val	assigned
mol_5835	train	assigned
mol_5836	train	assigned
mol_5837	train	assigned
mol_5838	train	assigned
mol_5839	train	assigned
mol_5840	val	assigned
mol_5841	train	sampled
mol_5842	train	assigned
mol_5843	train	sampled
mol_5844	val	assigned
mol_5845	val	sampled
mol_5846	train	assigned
mol_5847	train	assigned
mol_5848	val	assigned
mol_5849	train	assigned
mol_5850	train	assigned
mol_5851	train	assigned
mol_5852	val	sampled
mol_5853	val	assigned
mol_5854	test	assigned
mol_5855	test	assigned
mol_5856	test	assigned
mol_5857	test	assigned
mol_5858	train	assigned
mol_5859	train	assigned
mol_5860	train	sampled
mol_5861	val	sampled
mol_5862	val	assigned
mol_5863	val	assigned
mol_5864	train	assigned
mol_5865	train	assigned
mol_5866	val	assigned
mol_5867	train	sampled
mol_5868	val	assigned
mol_5869	train	assigned
mol_5870	test	assigned
mol_5871	train	sampled
mol_5872	train	assigned
mol_5873	train	assigned
mol_5874	train	sampled
mol_5875	train	assigned
mol_5876	train	assigned
mol_5877	train	assigned
mol_5878	train	assigned
mol_5879	train	assigned
mol_5880	test	assigned
mol_5881	train	assigned
mol_5882	train	assigned
mol_5883	train	assigned
mol_5884	train	assigned
mol_5885	train	assigned
mol_5886	train	assigned
mol_5887	train	sampled
mol_5888	train	assigned
mol_5889	train	sampled
mol_5890	train	sampled
mol_5891	val	assigned
mol_5892	val	assigned
mol_5893	train	assigned
mol_5894	train	assigned
mol_5895	train	assigned
mol_5896	train	assigned
mol_5897	train	assigned
mol_5898	train	assigned
mol_5899	train	assigned
mol_5900	train	assigned
mol_5901	val	sampled
mol_5902	train	sampled
mol_5903	train	assigned
mol_5904	train	assigned
mol_5905	train	assigned
mol_5906	train	assigned
mol_5907	train	assigned
mol_5908	train	assigned
mol_5909	train	assigned
mol_5910	train	assigned
mol_5911	train	assigned
mol_5912	train	sampled
mol_5913	train	assigned
mol_5914	test	assigned
mol_5915	test	assigned
mol_5916	test	assigned
mol_5917	train	assigned
mol_5918	train	sampled
mol_5919	train	assigned
mol_5920	train	assigned
mol_5921	train	sampled
mol_5922	train	sampled
mol_5923	train	assigned
mol_5924	train	assigned
mol_5925	train	assigned
mol_5926	train	sampled
mol_5927	train	sampled
mol_5928	val	sampled
mol_5929	train	sampled
mol_5930	train	assigned
mol_5931	val	sampled
mol_5932	train	assigned
mol_5933	val	sampled
mol_5934	train	assigned
mol_5935	train	assigned
mol_5936	val	sampled
mol_5937	train	assigned
mol_5938	train	sampled
mol_5939	train	sampled
mol_5940	train	assigned
mol_5941	train	assigned
mol_5942	val	assigned
mol_5943	train	assigned
mol_5944	test	assigned
mol_5945	train	assigned
mol_5946	train	assigned
mol_5947	train	assigned
mol_5948	train	assigned
mol_5949	val	assigned
mol_5950	test	sampled
mol_5951	test	assigned
mol_5952	train	assigned
mol_5953	train	sampled
mol_5954	train	assigned
mol_5955	train	assigned
mol_5956	train	assigned
mol_5957	train	assigned
mol_5958	train	assigned
mol_5959	train	assigned
mol_5960	train	assigned
mol_5961	train	assigned
mol_5962	val	assigned
mol_5963	val	sampled
mol_5964	val	assigned
mol_5965	val	assigned
mol_5966	train	assigned
mol_5967	test	sampled
mol_5968	train	assigned
mol_5969	train	assigned
mol_5970	test	assigned
mol_5971	train	assigned
mol_5972	train	assigned
mol_5973	val	sampled
mol_5974	val	assigned
mol_5975	train	assigned
mol_5976	train	assigned
mol_5977	train	assigned
mol_5978	train	sampled
mol_5979	train	assigned
mol_5980	train	assigned
mol_5981	train	assigned
mol_5982	train	assigned
mol_5983	train	assigned
mol_5984	train	assigned
mol_5985	val	assigned
mol_5986	train	assigned
mol_5987	train	sampled
mol_5988	train	assigned
mol_5989	train	assigned
mol_5990	train	sampled
mol_5991	train	assigned
mol_5992	train	sampled
mol_5993	train	assigned
mol_5994	train	sampled
mol_5995	train	assigned
mol_5996	val	assigned
mol_5997	train	assigned
mol_5998	train	sampled
mol_5999	train	assigned
mol_6000	train	sampled
mol_6001	train	assigned
mol_6002	train	assigned
mol_6003	train	assigned
mol_6004	train	sampled
mol_6005	val	assigned
mol_6006	train	assigned
mol_6007	train	assigned
mol_6008	train	assigned
mol_6009	train	assigned
mol_6010	train	assigned
mol_6011	val	assigned
mol_6012	train	sampled
mol_6013	val	sampled
mol_6014	train	sampled
mol_6015	train	assigned
mol_6016	val	assigned
mol_6017	train	assigned
mol_6018	train	assigned
mol_6019	train	assigned
mol_6020	train	assigned
mol_6021	train	assigned
mol_6022	train	assigned
mol_6023	train	sampled
mol_6024	train	assigned
mol_6025	val	sampled
mol_6026	train	assigned
mol_6027	train	assigned
mol_6028	train	assigned
mol_6029	train	sampled
mol_6030	train	assigned
mol_6031	train	assigned
mol_6032	val	assigned
mol_6033	val	assigned
mol_6034	train	assigned
mol_6035	test	assigned
mol_6036	train	assigned
mol_6037	test	sampled
mol_6038	train	assigned
mol_6039	test	assigned
mol_6040	train	assigned
mol_6041	train	sampled
mol_6042	train	assigned
mol_6043	val	assigned
mol_6044	val	sampled
mol_6045	val	assigned
mol_6046	train	assigned
mol_6047	val	assigned
mol_6048	val	assigned
mol_6049	val	assigned
mol_6050	train	assigned
mol_6051	train	assigned
mol_6052	test	sampled
mol_6053	val	sampled
mol_6054	val	sampled
mol_6055	train	assigned
mol_6056	val	sampled
mol_6057	train	assigned
mol_6058	val	assigned
mol_6059	train	assigned
mol_6060	train	sampled
mol_6061	train	assigned
mol_6062	train	assigned
mol_6063	train	sampled
mol_6064	train	assigned
mol_6065	val	assigned
mol_6066	train	sampled
mol_6067	train	assigned
mol_6068	val	assigned
mol_6069	train	assigned
mol_6070	train	assigned
mol_6071	train	assigned
mol_6072	train	assigned
mol_6073	train	sampled
mol_6074	train	assigned
mol_6075	train	assigned
mol_6076	train	assigned
mol_6077	train	assigned
mol_6078	train	assigned
mol_6079	train	sampled
mol_6080	train	assigned
mol_6081	train	sampled
mol_6082	train	sampled
mol_6083	val	assigned
mol_6084	train	sampled
mol_6085	val	assigned
mol_6086	train	sampled
mol_6087	train	assigned
mol_6088	val	sampled
mol_6089	val	assigned
mol_6090	train	assigned
mol_6091	val	assigned
mol_6092	train	sampled
mol_6093	train	sampled
mol_6094	val	assigned
mol_6095	val	assigned
mol_6096	val	sampled
mol_6097	train	assigned
mol_6098	train	assigned
mol_6099	train	sampled
mol_6100	train	assigned
mol_6101	train	sampled
mol_6102	train	assigned
mol_6103	val	assigned
mol_6104	train	sampled
mol_6105	train	sampled
mol_6106	test	sampled
mol_6107	train	assigned
mol_6108	val	assigned
mol_6109	test	sampled
mol_6110	train	sampled
mol_6111	test	assigned
mol_6112	test	sampled
mol_6113	test	assigned
mol_6114	train	assigned
mol_6115	test	sampled
mol_6116	train	sampled
mol_6117	train	assigned
mol_6118	train	assigned
mol_6119	train	assigned
mol_6120	train	assigned
mol_6121	train	assigned
mol_6122	val	assigned
mol_6123	val	assigned
mol_6124	val	assigned
mol_6125	train	assigned
mol_6126	train	assigned
mol_6127	train	assigned
mol_6128	train	assigned
mol_6129	train	assigned
mol_6130	train	assigned
mol_6131	train	assigned
mol_6132	train	assigned
mol_6133	train	assigned
mol_6134	train	assigned
mol_6135	train	assigned
mol_6136	train	assigned
mol_6137	val	assigned
mol_6138	train	sampled
mol_6139	train	sampled
mol_6140	val	sampled
mol_6141	train	assigned
mol_6142	train	assigned
mol_6143	train	assigned
mol_6144	val	assigned
mol_6145	train	assigned
mol_6146	train	sampled
mol_6147	val	assigned
mol_6148	train	assigned
mol_6149	train	assigned
mol_6150	train	assigned
mol_6151	train	assigned
mol_6152	train	assigned
mol_6153	train	sampled
mol_6154	train	sampled
mol_6155	val	assigned
mol_6156	train	assigned
mol_6157	train	sampled
mol_6158	train	assigned
mol_6159	val	assigned
mol_6160	train	assigned
mol_6161	train	assigned
mol_6162	train	assigned
mol_6163	train	assigned
mol_6164	train	assigned
mol_6165	train	assigned
mol_6166	val	assigned
mol_6167	train	sampled
mol_6168	train	assigned
mol_6169	train	sampled
mol_6170	test	assigned
mol_6171	val	assigned
mol_6172	train	assigned
mol_6173	val	sampled
mol_6174	val	assigned
mol_6175	test	assigned
mol_6176	test	assigned
mol_6177	train	assigned
mol_6178	test	assigned
mol_6179	train	assigned
mol_6180	val	sampled
mol_6181	train	assigned
mol_6182	train	assigned
mol_6183	val	assigned
mol_6184	train	assigned
mol_6185	train	assigned
mol_6186	train	assigned
mol_6187	train	assigned
mol_6188	train	assigned
mol_6189	train	assigned
mol_6190	train	assigned
mol_6191	test	assigned
mol_6192	val	assigned
mol_6193	train	assigned
mol_6194	train	assigned
mol_6195	train	assigned
mol_6196	train	assigned
mol_6197	train	assigned
mol_6198	train	assigned
mol_6199	train	assigned
mol_6200	val	sampled
mol_6201	val	assigned
mol_6202	train	sampled
mol_6203	train	sampled
mol_6204	test	sampled
mol_6205	test	assigned
mol_6206	test	assigned
mol_6207	train	assigned
mol_6208	test	assigned
mol_6209	train	assigned
mol_6210	train	assigned
mol_6211	train	assigned
mol_6212	val	assigned
mol_6213	train	assigned
mol_6214	train	assigned
mol_6215	train	assigned
mol_6216	train	assigned
mol_6217	train	assigned
mol_6218	train	assigned
mol_6219	val	sampled
mol_6220	train	assigned
mol_6221	train	assigned
mol_6222	val	sampled
mol_6223	train	assigned
mol_6224	train	assigned
mol_6225	train	assigned
mol_6226	train	sampled
mol_6227	train	assigned
mol_6228	train	sampled
mol_6229	val	assigned
mol_6230	test	assigned
mol_6231	train	assigned
mol_6232	val	assigned
mol_6233	val	assigned
mol_6234	val	assigned
mol_6235	train	assigned
mol_6236	val	sampled
mol_6237	val	assigned
mol_6238	val	assigned
mol_6239	val	sampled
mol_6240	test	assigned
mol_6241	val	assigned
mol_6242	train	assigned
mol_6243	train	assigned
mol_6244	train	assigned
mol_6245	train	assigned
mol_6246	train	sampled
mol_6247	test	sampled
mol_6248	train	sampled
mol_6249	train	assigned
mol_6250	train	assigned
mol_6251	val	assigned
mol_6252	val	assigned
mol_6253	train	assigned
mol_6254	train	assigned
mol_6255	train	assigned
mol_6256	train	assigned
mol_6257	train	assigned
mol_6258	train	assigned
mol_6259	train	assigned
mol_6260	val	sampled
mol_6261	test	sampled
mol_6262	val	sampled
mol_6263	val	sampled
mol_6264	train	sampled
mol_6265	train	assigned
mol_6266	train	assigned
mol_6267	train	sampled
mol_6268	train	assigned
mol_6269	train	assigned
mol_6270	test	assigned
mol_6271	train	assigned
mol_6272	train	sampled
mol_6273	val	assigned
mol_6274	train	assigned
mol_6275	train	sampled
mol_6276	train	sampled
mol_6277	train	assigned
mol_6278	train	assigned
mol_6279	train	sampled
mol_6280	test	assigned
mol_6281	val	assigned
mol_6282	train	assigned
mol_6283	train	assigned
mol_6284	train	assigned
mol_6285	train	sampled
mol_6286	train	sampled
mol_6287	val	assigned
mol_6288	train	assigned
mol_6289	train	sampled
mol_6290	train	assigned
mol_6291	val	sampled
mol_6292	train	sampled
mol_6293	train	assigned
mol_6294	train	assigned
mol_6295	train	assigned
mol_6296	train	sampled
mol_6297	train	assigned
mol_6298	train	assigned
mol_6299	val	sampled
mol_6300	test	assigned
mol_6301	train	sampled
mol_6302	train	assigned
mol_6303	train	assigned
mol_6304	train	assigned
mol_6305	train	assigned
mol_6306	train	assigned
mol_6307	train	assigned
mol_6308	train	assigned
mol_6309	train	assigned
mol_6310	train	assigned
mol_6311	val	assigned
mol_6312	test	assigned
mol_6313	val	assigned
mol_6314	train	assigned
mol_6315	train	assigned
mol_6316	test	assigned
mol_6317	train	assigned
mol_6318	train	assigned
mol_6319	train	assigned
mol_6320	train	assigned
mol_6321	train	assigned
mol_6322	train	assigned
mol_6323	val	assigned
mol_6324	train	sampled
mol_6325	train	assigned
mol_6326	val	sampled
mol_6327	val	assigned
mol_6328	train	assigned
mol_6329	val	sampled
mol_6330	train	assigned
mol_6331	val	assigned
mol_6332	val	assigned
mol_6333	train	assigned
mol_6334	val	sampled
mol_6335	val	assigned
mol_6336	train	assigned
mol_6337	train	assigned
mol_6338	train	sampled
mol_6339	train	assigned
mol_6340	train	assigned
mol_6341	train	sampled
mol_6342	train	assigned
mol_6343	train	assigned
mol_6344	train	sampled
mol_6345	train	assigned
mol_6346	train	assigned
mol_6347	val	assigned
mol_6348	val	sampled
mol_6349	val	assigned
mol_6350	val	assigned
mol_6351	train	sampled
mol_6352	train	sampled
mol_6353	val	sampled
mol_6354	train	assigned
mol_6355	train	assigned
mol_6356	train	assigned
mol_6357	train	sampled
mol_6358	train	assigned
mol_6359	test	assigned
mol_6360	val	assigned
mol_6361	train	assigned
mol_6362	train	assigned
mol_6363	train	assigned
mol_6364	val	assigned
mol_6365	train	assigned
mol_6366	train	assigned
mol_6367	train	assigned
mol_6368	train	assigned
mol_6369	train	assigned
mol_6370	train	assigned
mol_6371	test	assigned
mol_6372	train	sampled
mol_6373	val	assigned
mol_6374	val	assigned
mol_6375	val	sampled
mol_6376	train	assigned
mol_6377	train	sampled
mol_6378	val	assigned
mol_6379	test	assigned
mol_6380	train	assigned
mol_6381	train	assigned
mol_6382	train	assigned
mol_6383	train	assigned
mol_6384	train	assigned
mol_6385	train	sampled
mol_6386	train	assigned
mol_6387	train	assigned
mol_6388	test	sampled
mol_6389	train	assigned
mol_6390	train	assigned
mol_6391	train	sampled
mol_6392	train	assigned
mol_6393	train	assigned
mol_6394	train	assigned
mol_6395	train	assigned
mol_6396	train	assigned
mol_6397	train	assigned
mol_6398	train	assigned
mol_6399	train	sampled
mol_6400	val	sampled
mol_6401	val	assigned
mol_6402	train	assigned
mol_6403	train	sampled
mol_6404	train	sampled
mol_6405	val	sampled
mol_6406	train	assigned
mol_6407	train	assigned
mol_6408	train	assigned
mol_6409	train	assigned
mol_6410	test	sampled
mol_6411	train	sampled
mol_6412	test	sampled
mol_6413	train	assigned
mol_6414	train	assigned
mol_6415	train	sampled
mol_6416	train	assigned
mol_6417	train	assigned
mol_6418	train	assigned
mol_6419	val	sampled
mol_6420	train	assigned
mol_6421	train	assigned
mol_6422	train	assigned
mol_6423	val	assigned
mol_6424	train	assigned
mol_6425	train	assigned
mol_6426	test	assigned
mol_6427	test	assigned
mol_6428	val	sampled
mol_6429	train	sampled
mol_6430	train	sampled
mol_6431	val	assigned
mol_6432	train	assigned
mol_6433	train	assigned
mol_6434	test	sampled
mol_6435	train	sampled
mol_6436	train	assigned
mol_6437	train	assigned
mol_6438	train	assigned
mol_6439	train	assigned
mol_6440	train	assigned
mol_6441	train	sampled
mol_6442	train	assigned
mol_6443	val	sampled
mol_6444	train	sampled
mol_6445	train	assigned
mol_6446	val	assigned
mol_6447	train	assigned
mol_6448	train	assigned
mol_6449	train	assigned
mol_6450	train	sampled
mol_6451	train	assigned
mol_6452	train	sampled
mol_6453	train	assigned
mol_6454	test	assigned
mol_6455	train	assigned
mol_6456	train	assigned
mol_6457	val	assigned
mol_6458	train	assigned
mol_6459	val	assigned
mol_6460	val	assigned
mol_6461	train	assigned
mol_6462	train	sampled
mol_6463	val	sampled
mol_6464	train	assigned
mol_6465	val	assigned
mol_6466	val	assigned
mol_6467	train	assigned
mol_6468	val	sampled
mol_6469	train	assigned
mol_6470	train	assigned
mol_6471	val	sampled
mol_6472	val	assigned
mol_6473	train	sampled
mol_6474	train	assigned
mol_6475	train	sampled
mol_6476	train	assigned
mol_6477	train	assigned
mol_6478	train	assigned
mol_6479	val	assigned
mol_6480	train	assigned
mol_6481	train	assigned
mol_6482	train	assigned
mol_6483	train	assigned
mol_6484	train	assigned
mol_6485	test	assigned
mol_6486	test	assigned
mol_6487	test	assigned
mol_6488	test	assigned
mol_6489	test	assigned
mol_6490	train	sampled
mol_6491	train	assigned
mol_6492	train	assigned
mol_6493	train	assigned
mol_6494	train	assigned
mol_6495	train	assigned
mol_6496	train	sampled
mol_6497	test	assigned
mol_6498	train	assigned
mol_6499	train	assigned
mol_6500	test	assigned
mol_6501	test	assigned
mol_6502	train	assigned
mol_6503	train	assigned
mol_6504	train	sampled
mol_6505	test	sampled
mol_6506	train	assigned
mol_6507	train	assigned
mol_6508	train	assigned
mol_6509	train	assigned
mol_6510	train	assigned
mol_6511	val	sampled
mol_6512	train	sampled
mol_6513	train	sampled
mol_6514	train	assigned
mol_6515	train	assigned
mol_6516	test	assigned
mol_6517	val	assigned
mol_6518	val	sampled
mol_6519	val	sampled
mol_6520	train	assigned
mol_6521	train	assigned
mol_6522	train	assigned
mol_6523	val	assigned
mol_6524	train	assigned
mol_6525	val	assigned
mol_6526	train	assigned
mol_6527	train	assigned
mol_6528	train	assigned
mol_6529	test	assigned
mol_6530	train	assigned
mol_6531	train	assigned
mol_6532	train	assigned
mol_6533	train	sampled
mol_6534	train	sampled
mol_6535	train	assigned
mol_6536	train	assigned
mol_6537	train	sampled
mol_6538	val	assigned
mol_6539	train	assigned
mol_6540	test	assigned
mol_6541	test	assigned
mol_6542	test	sampled
mol_6543	train	sampled
mol_6544	val	assigned
mol_6545	train	assigned
mol_6546	train	assigned
mol_6547	val	sampled
mol_6548	train	sampled
mol_6549	test	assigned
mol_6550	train	assigned
mol_6551	train	assigned
mol_6552	train	assigned
mol_6553	train	assigned
mol_6554	test	sampled
mol_6555	test	assigned
mol_6556	train	assigned
mol_6557	train	sampled
mol_6558	train	assigned
mol_6559	train	assigned
mol_6560	train	assigned
mol_6561	test	sampled
mol_6562	test	assigned
mol_6563	train	assigned
mol_6564	train	assigned
mol_6565	train	sampled
mol_6566	train	assigned
mol_6567	val	sampled
mol_6568	test	assigned
mol_6569	val	assigned
mol_6570	train	sampled
mol_6571	train	assigned
mol_6572	train	assigned
mol_6573	train	assigned
mol_6574	train	assigned
mol_6575	val	sampled
mol_6576	train	assigned
mol_6577	train	assigned
mol_6578	train	assigned
mol_6579	train	assigned
mol_6580	train	assigned
mol_6581	train	sampled
mol_6582	train	sampled
mol_6583	train	assigned
mol_6584	test	assigned
mol_6585	train	assigned
mol_6586	val	assigned
mol_6587	train	assigned
mol_6588	train	assigned
mol_6589	train	sampled
mol_6590	train	assigned
mol_6591	train	assigned
mol_6592	train	assigned
mol_6593	val	assigned
mol_6594	val	assigned
mol_6595	train	assigned
mol_6596	val	assigned
mol_6597	test	assigned
mol_6598	test	assigned
mol_6599	train	sampled
mol_6600	val	assigned
mol_6601	train	assigned
mol_6602	val	sampled
mol_6603	train	assigned
mol_6604	train	sampled
mol_6605	train	assigned
mol_6606	train	assigned
mol_6607	train	assigned
mol_6608	train	assigned
mol_6609	train	assigned
mol_6610	train	sampled
mol_6611	train	sampled
mol_6612	val	assigned
mol_6613	train	assigned
mol_6614	train	assigned
mol_6615	train	assigned
mol_6616	train	assigned
mol_6617	train	assigned
mol_6618	train	assigned
mol_6619	val	assigned
mol_6620	train	assigned
mol_6621	train	assigned
mol_6622	val	assigned
mol_6623	train	assigned
mol_6624	train	assigned
mol_6625	train	assigned
mol_6626	train	assigned
mol_6627	val	assigned
mol_6628	train	assigned
mol_6629	val	assigned
mol_6630	train	assigned
mol_6631	test	assigned
mol_6632	train	assigned
mol_6633	val	sampled
mol_6634	train	assigned
mol_6635	train	assigned
mol_6636	train	sampled
mol_6637	val	assigned
mol_6638	test	assigned
mol_6639	val	sampled
mol_6640	train	assigned
mol_6641	train	assigned
mol_6642	val	assigned
mol_6643	val	sampled
mol_6644	train	sampled
mol_6645	train	assigned
mol_6646	val	assigned
mol_6647	val	assigned
mol_6648	train	assigned
mol_6649	train	assigned
mol_6650	train	assigned
mol_6651	val	sampled
mol_6652	train	sampled
mol_6653	val	sampled
mol_6654	train	sampled
mol_6655	train	assigned
mol_6656	train	assigned
mol_6657	val	sampled
mol_6658	train	sampled
mol_6659	train	assigned
mol_6660	train	sampled
mol_6661	train	sampled
mol_6662	val	assigned
mol_6663	test	assigned
mol_6664	train	assigned
mol_6665	train	assigned
mol_6666	train	assigned
mol_6667	train	assigned
mol_6668	val	assigned
mol_6669	train	sampled
mol_6670	train	assigned
mol_6671	test	assigned
mol_6672	train	assigned
mol_6673	train	assigned
mol_6674	test	assigned
mol_6675	train	sampled
mol_6676	train	sampled
mol_6677	train	assigned
mol_6678	test	assigned
mol_6679	train	assigned
mol_6680	val	assigned
mol_6681	train	assigned
mol_6682	train	assigned
mol_6683	train	assigned
mol_6684	train	assigned
mol_6685	train	sampled
mol_6686	train	assigned
mol_6687	train	assigned
mol_6688	train	assigned
mol_6689	val	assigned
mol_6690	train	assigned
mol_6691	train	assigned
mol_6692	test	assigned
mol_6693	test	assigned
mol_6694	test	assigned
mol_6695	train	assigned
mol_6696	train	assigned
mol_6697	train	assigned
mol_6698	test	assigned
mol_6699	train	assigned
mol_6700	train	assigned
mol_6701	train	assigned
mol_6702	train	assigned
mol_6703	val	assigned
mol_6704	val	sampled
mol_6705	train	assigned
mol_6706	val	sampled
mol_6707	train	assigned
mol_6708	train	assigned
mol_6709	test	assigned
mol_6710	train	assigned
mol_6711	train	sampled
mol_6712	test	assigned
mol_6713	train	assigned
mol_6714	train	sampled
mol_6715	train	sampled
mol_6716	train	assigned
mol_6717	train	assigned
mol_6718	val	assigned
mol_6719	val	sampled
mol_6720	val	assigned
mol_6721	val	assigned
mol_6722	train	assigned
mol_6723	val	assigned
mol_6724	val	assigned
mol_6725	train	assigned
mol_6726	val	assigned
mol_6727	train	assigned
mol_6728	train	assigned
mol_6729	train	assigned
mol_6730	val	assigned
mol_6731	train	assigned
mol_6732	train	assigned
mol_6733	test	assigned
mol_6734	test	sampled
mol_6735	train	sampled
mol_6736	train	assigned
mol_6737	train	sampled
mol_6738	train	sampled
mol_6739	train	sampled
mol_6740	train	assigned
mol_6741	train	assigned
mol_6742	train	assigned
mol_6743	val	sampled
mol_6744	val	assigned
mol_6745	train	sampled
mol_6746	val	assigned
mol_6747	train	assigned
mol_6748	train	assigned
mol_6749	train	sampled
mol_6750	train	sampled
mol_6751	train	sampled
mol_6752	train	sampled
mol_6753	train	assigned
mol_6754	test	sampled
mol_6755	train	assigned
mol_6756	train	assigned
mol_6757	test	assigned
mol_6758	train	assigned
mol_6759	train	assigned
mol_6760	train	assigned
mol_6761	train	assigned
mol_6762	train	assigned
mol_6763	train	sampled
mol_6764	train	sampled
mol_6765	train	sampled
mol_6766	train	assigned
mol_6767	train	assigned
mol_6768	val	sampled
mol_6769	test	assigned
mol_6770	test	assigned
mol_6771	train	assigned
mol_6772	train	assigned
mol_6773	train	assigned
mol_6774	test	sampled
mol_6775	train	assigned
mol_6776	train	assigned
mol_6777	train	sampled
mol_6778	train	assigned
mol_6779	train	assigned
mol_6780	val	assigned
mol_6781	train	assigned
mol_6782	val	assigned
mol_6783	train	assigned
mol_6784	train	assigned
mol_6785	val	assigned
mol_6786	train	assigned
mol_6787	train	assigned
mol_6788	train	sampled
mol_6789	train	sampled
mol_6790	val	assigned
mol_6791	train	assigned
mol_6792	train	assigned
mol_6793	train	assigned
mol_6794	train	assigned
mol_6795	train	assigned
mol_6796	train	assigned
mol_6797	train	sampled
mol_6798	train	sampled
mol_6799	val	assigned
mol_6800	train	assigned
mol_6801	train	assigned
mol_6802	train	assigned
mol_6803	test	sampled
mol_6804	train	sampled
mol_6805	train	assigned
mol_6806	train	assigned
mol_6807	val	assigned
mol_6808	train	assigned
mol_6809	train	assigned
mol_6810	train	assigned
mol_6811	train	assigned
mol_6812	test	sampled
mol_6813	train	sampled
mol_6814	test	sampled
mol_6815	train	assigned
mol_6816	train	assigned
mol_6817	train	sampled
mol_6818	train	assigned
mol_6819	train	assigned
mol_6820	train	sampled
mol_6821	train	assigned
mol_6822	train	assigned
mol_6823	val	assigned
mol_6824	train	assigned
mol_6825	train	assigned
mol_6826	train	assigned
mol_6827	train	assigned
mol_6828	train	sampled
mol_6829	val	sampled
mol_6830	train	assigned
mol_6831	train	assigned
mol_6832	train	assigned
mol_6833	val	assigned
mol_6834	val	assigned
mol_6835	train	assigned
mol_6836	train	assigned
mol_6837	train	assigned
mol_6838	train	assigned
mol_6839	train	assigned
mol_6840	train	assigned
mol_6841	train	assigned
mol_6842	train	assigned
mol_6843	train	sampled
mol_6844	train	sampled
mol_6845	train	assigned
mol_6846	train	sampled
mol_6847	val	sampled
mol_6848	train	assigned
mol_6849	train	sampled
mol_6850	test	assigned
mol_6851	train	assigned
mol_6852	train	assigned
mol_6853	train	assigned
mol_6854	train	assigned
mol_6855	train	sampled
mol_6856	train	assigned
mol_6857	test	assigned
mol_6858	test	sampled
mol_6859	val	assigned
mol_6860	val	assigned
mol_6861	train	assigned
mol_6862	train	assigned
mol_6863	train	assigned
mol_6864	train	sampled
mol_6865	val	sampled
mol_6866	train	assigned
mol_6867	val	assigned
mol_6868	train	assigned
mol_6869	train	assigned
mol_6870	train	assigned
mol_6871	train	assigned
mol_6872	val	assigned
mol_6873	train	assigned
mol_6874	train	sampled
mol_6875	train	sampled
mol_6876	val	assigned
mol_6877	val	assigned
mol_6878	train	assigned
mol_6879	train	sampled
mol_6880	train	sampled
mol_6881	val	assigned
mol_6882	train	assigned
mol_6883	train	assigned
mol_6884	train	sampled
mol_6885	train	sampled
mol_6886	val	sampled
mol_6887	train	assigned
mol_6888	train	assigned
mol_6889	train	sampled
mol_6890	train	assigned
mol_6891	val	assigned
mol_6892	train	assigned
mol_6893	val	assigned
mol_6894	train	sampled
mol_6895	train	assigned
mol_6896	train	assigned
mol_6897	train	sampled
mol_6898	train	assigned
mol_6899	val	assigned
mol_6900	train	assigned
mol_6901	val	assigned
mol_6902	train	assigned
mol_6903	train	assigned
mol_6904	test	assigned
mol_6905	train	assigned
mol_6906	train	sampled
mol_6907	val	assigned
mol_6908	train	assigned
mol_6909	val	sampled
mol_6910	train	assigned
mol_6911	test	assigned
mol_6912	train	assigned
mol_6913	train	assigned
mol_6914	train	assigned
mol_6915	train	assigned
mol_6916	train	assigned
mol_6917	train	assigned
mol_6918	train	assigned
mol_6919	train	assigned
mol_6920	train	sampled
mol_6921	val	assigned
mol_6922	train	sampled
mol_6923	test	assigned
mol_6924	train	sampled
mol_6925	train	assigned
mol_6926	train	assigned
mol_6927	train	assigned
mol_6928	train	assigned
mol_6929	train	assigned
mol_6930	train	assigned
mol_6931	train	assigned
mol_6932	train	assigned
mol_6933	val	assigned
mol_6934	train	assigned
mol_6935	val	assigned
mol_6936	val	sampled
mol_6937	val	assigned
mol_6938	train	assigned
mol_6939	train	assigned
mol_6940	train	sampled
mol_6941	train	sampled
mol_6942	train	assigned
mol_6943	train	sampled
mol_6944	test	assigned
mol_6945	train	sampled
mol_6946	train	assigned
mol_6947	train	assigned
mol_6948	test	sampled
mol_6949	train	assigned
mol_6950	val	assigned
mol_6951	test	sampled
mol_6952	val	sampled
mol_6953	test	assigned
mol_6954	train	sampled
mol_6955	val	sampled
mol_6956	val	sampled
mol_6957	val	assigned
mol_6958	val	assigned
mol_6959	train	assigned
mol_6960	val	assigned
mol_6961	train	assigned
mol_6962	train	assigned
mol_6963	test	sampled
mol_6964	train	assigned
mol_6965	val	assigned
mol_6966	train	assigned
mol_6967	train	sampled
mol_6968	val	sampled
mol_6969	train	assigned
mol_6970	train	assigned
mol_6971	train	assigned
mol_6972	val	sampled
mol_6973	train	assigned
mol_6974	val	assigned
mol_6975	train	assigned
mol_6976	train	assigned
mol_6977	train	assigned
mol_6978	val	assigned
mol_6979	test	sampled
mol_6980	test	assigned
mol_6981	train	assigned
mol_6982	test	assigned
mol_6983	train	assigned
mol_6984	train	assigned
mol_6985	val	sampled
mol_6986	train	assigned
mol_6987	train	assigned
mol_6988	test	assigned
mol_6989	test	assigned
mol_6990	test	assigned
mol_6991	test	sampled
mol_6992	test	assigned
mol_6993	train	sampled
mol_6994	train	assigned
mol_6995	test	assigned
mol_6996	train	assigned
mol_6997	train	assigned
mol_6998	train	sampled
mol_6999	train	sampled
mol_7000	train	sampled
mol_7001	train	assigned
mol_7002	train	sampled
mol_7003	train	assigned
mol_7004	train	assigned
mol_7005	train	sampled
mol_7006	train	sampled
mol_7007	train	assigned
mol_7008	val	assigned
mol_7009	train	sampled
mol_7010	train	assigned
mol_7011	train	sampled
mol_7012	val	assigned
mol_7013	train	assigned
mol_7014	val	sampled
mol_7015	train	assigned
mol_7016	train	assigned
mol_7017	train	assigned
mol_7018	train	assigned
mol_7019	test	assigned
mol_7020	test	assigned
mol_7021	train	assigned
mol_7022	train	assigned
mol_7023	train	assigned
mol_7024	train	assigned
mol_7025	train	assigned
mol_7026	train	sampled
mol_7027	val	assigned
mol_7028	test	assigned
mol_7029	test	assigned
mol_7030	train	assigned
mol_7031	train	assigned
mol_7032	train	assigned
mol_7033	val	assigned
mol_7034	train	sampled
mol_7035	train	assigned
mol_7036	train	sampled
mol_7037	train	assigned
mol_7038	val	assigned
mol_7039	train	assigned
mol_7040	train	assigned
mol_7041	train	assigned
mol_7042	train	assigned
mol_7043	val	assigned
mol_7044	val	assigned
mol_7045	test	assigned
mol_7046	val	assigned
mol_7047	train	sampled
mol_7048	train	assigned
mol_7049	train	assigned
mol_7050	train	assigned
mol_7051	train	sampled
mol_7052	test	assigned
mol_7053	test	assigned
mol_7054	test	sampled
mol_7055	train	assigned
mol_7056	train	assigned
mol_7057	train	assigned
mol_7058	train	sampled
mol_7059	val	sampled
mol_7060	test	assigned
mol_7061	val	sampled
mol_7062	val	sampled
mol_7063	train	sampled
mol_7064	train	sampled
mol_7065	train	assigned
mol_7066	train	assigned
mol_7067	test	assigned
mol_7068	test	assigned
mol_7069	train	assigned
mol_7070	train	assigned
mol_7071	train	assigned
mol_7072	train	assigned
mol_7073	train	assigned
mol_7074	train	assigned
mol_7075	test	assigned
mol_7076	train	assigned
mol_7077	val	assigned
mol_7078	val	assigned
mol_7079	train	assigned
mol_7080	val	assigned
mol_7081	train	assigned
mol_7082	val	assigned
mol_7083	train	assigned
mol_7084	val	sampled
mol_7085	val	sampled
mol_7086	train	assigned
mol_7087	train	sampled
mol_7088	train	assigned
mol_7089	train	assigned
mol_7090	train	assigned
mol_7091	val	assigned
mol_7092	test	assigned
mol_7093	val	assigned
mol_7094	train	assigned
mol_7095	val	assigned
mol_7096	train	assigned
mol_7097	train	assigned
mol_7098	train	assigned
mol_7099	train	assigned
mol_7100	val	sampled
mol_7101	val	assigned
mol_7102	train	assigned
mol_7103	test	assigned
mol_7104	train	assigned
mol_7105	train	assigned
mol_7106	train	assigned
mol_7107	train	assigned
mol_7108	val	assigned
mol_7109	train	sampled
mol_7110	train	assigned
mol_7111	train	assigned
mol_7112	train	assigned
mol_7113	train	assigned
mol_7114	train	assigned
mol_7115	train	assigned
mol_7116	train	sampled
mol_7117	train	assigned
mol_7118	test	assigned
mol_7119	train	assigned
mol_7120	train	assigned
mol_7121	train	assigned
mol_7122	train	assigned
mol_7123	val	sampled
mol_7124	train	assigned
mol_7125	train	assigned
mol_7126	train	assigned
mol_7127	val	assigned
mol_7128	val	assigned
mol_7129	train	assigned
mol_7130	train	assigned
mol_7131	val	assigned
mol_7132	val	assigned
mol_7133	val	sampled
mol_7134	train	sampled
mol_7135	train	assigned
mol_7136	train	assigned
mol_7137	train	assigned
mol_7138	train	assigned
mol_7139	train	sampled
mol_7140	train	assigned
mol_7141	train	assigned
mol_7142	train	assigned
mol_7143	train	assigned
mol_7144	test	assigned
mol_7145	test	sampled
mol_7146	val	assigned
mol_7147	test	assigned
mol_7148	train	assigned
mol_7149	val	assigned
mol_7150	test	assigned
mol_7151	test	assigned
mol_7152	train	assigned
mol_7153	train	assigned
mol_7154	train	assigned
mol_7155	test	sampled
mol_7156	train	assigned
mol_7157	train	sampled
mol_7158	train	assigned
mol_7159	val	assigned
mol_7160	train	assigned
mol_7161	val	assigned
mol_7162	train	sampled
mol_7163	train	assigned
mol_7164	val	sampled
mol_7165	train	assigned
mol_7166	train	assigned
mol_7167	test	sampled
mol_7168	val	assigned
mol_7169	test	assigned
mol_7170	train	assigned
mol_7171	train	assigned
mol_7172	train	assigned
mol_7173	val	assigned
mol_7174	train	assigned
mol_7175	train	sampled
mol_7176	train	assigned
mol_7177	train	assigned
mol_7178	train	assigned
mol_7179	train	sampled
mol_7180	train	assigned
mol_7181	train	assigned
mol_7182	test	assigned
mol_7183	train	sampled
mol_7184	train	sampled
mol_7185	val	assigned
mol_7186	val	assigned
mol_7187	train	sampled
mol_7188	test	sampled
mol_7189	train	assigned
mol_7190	train	assigned
mol_7191	train	sampled
mol_7192	train	assigned
mol_7193	train	assigned
mol_7194	train	assigned
mol_7195	train	assigned
mol_7196	train	assigned
mol_7197	train	assigned
mol_7198	train	sampled
mol_7199	test	sampled
mol_7200	val	assigned
mol_7201	train	sampled
mol_7202	train	assigned
mol_7203	train	assigned
mol_7204	train	assigned
mol_7205	val	sampled
mol_7206	train	assigned
mol_7207	train	assigned
mol_7208	train	assigned
mol_7209	train	sampled
mol_7210	test	assigned
mol_7211	train	assigned
mol_7212	val	assigned
mol_7213	train	assigned
mol_7214	train	assigned
mol_7215	train	assigned
mol_7216	train	sampled
mol_7217	train	sampled
mol_7218	train	assigned
mol_7219	train	assigned
mol_7220	train	assigned
mol_7221	train	assigned
mol_7222	train	assigned
mol_7223	val	assigned
mol_7224	train	assigned
mol_7225	train	assigned
mol_7226	train	sampled
mol_7227	train	assigned
mol_7228	train	assigned
mol_7229	val	sampled
mol_7230	train	assigned
mol_7231	val	assigned
mol_7232	train	assigned
mol_7233	train	sampled
mol_7234	train	assigned
mol_7235	train	assigned
mol_7236	val	sampled
mol_7237	val	assigned
mol_7238	train	sampled
mol_7239	train	assigned
mol_7240	train	assigned
mol_7241	train	sampled
mol_7242	train	assigned
mol_7243	val	assigned
mol_7244	train	assigned
mol_7245	test	assigned
mol_7246	train	assigned
mol_7247	train	assigned
mol_7248	train	sampled
mol_7249	val	sampled
mol_7250	test	sampled
mol_7251	train	sampled
mol_7252	test	assigned
mol_7253	val	assigned
mol_7254	train	assigned
mol_7255	val	sampled
mol_7256	train	assigned
mol_7257	train	assigned
mol_7258	train	assigned
mol_7259	train	assigned
mol_7260	val	sampled
mol_7261	test	assigned
mol_7262	test	assigned
mol_7263	val	sampled
mol_7264	test	assigned
mol_7265	train	assigned
mol_7266	train	assigned
mol_7267	train	assigned
mol_7268	test	assigned
mol_7269	train	assigned
mol_7270	test	assigned
mol_7271	train	sampled
mol_7272	test	assigned
mol_7273	train	assigned
mol_7274	val	sampled
mol_7275	test	sampled
mol_7276	val	assigned
mol_7277	train	assigned
mol_7278	train	assigned
mol_7279	train	assigned
mol_7280	test	assigned
mol_7281	train	assigned
mol_7282	val	assigned
mol_7283	test	sampled
mol_7284	test	assigned
mol_7285	train	assigned
mol_7286	val	assigned
mol_7287	train	assigned
mol_7288	train	assigned
mol_7289	train	sampled
mol_7290	train	assigned
mol_7291	val	assigned
mol_7292	val	assigned
mol_7293	train	assigned
mol_7294	test	assigned
mol_7295	train	assigned
mol_7296	train	assigned
mol_7297	val	assigned
mol_7298	train	sampled
mol_7299	train	assigned
mol_7300	val	assigned
mol_7301	train	assigned
mol_7302	train	assigned
mol_7303	train	assigned
mol_7304	train	sampled
mol_7305	test	sampled
mol_7306	train	assigned
mol_7307	val	assigned
mol_7308	test	sampled
mol_7309	test	assigned
mol_7310	train	sampled
mol_7311	train	sampled
mol_7312	test	assigned
mol_7313	val	assigned
mol_7314	train	assigned
mol_7315	train	assigned
mol_7316	train	assigned
mol_7317	train	sampled
mol_7318	test	assigned
mol_7319	train	assigned
mol_7320	train	sampled
mol_7321	test	assigned
mol_7322	train	assigned
mol_7323	train	assigned
mol_7324	test	sampled
mol_7325	train	assigned
mol_7326	train	sampled
mol_7327	train	sampled
mol_7328	train	sampled
mol_7329	train	assigned
mol_7330	train	assigned
mol_7331	train	sampled
mol_7332	train	sampled
mol_7333	train	assigned
mol_7334	train	sampled
mol_7335	train	sampled
mol_7336	val	assigned
mol_7337	train	assigned
mol_7338	train	assigned
mol_7339	train	assigned
mol_7340	train	assigned
mol_7341	val	assigned
mol_7342	train	sampled
mol_7343	train	assigned
mol_7344	val	assigned
mol_7345	train	sampled
mol_7346	train	sampled
mol_7347	train	sampled
mol_7348	train	assigned
mol_7349	val	assigned
mol_7350	train	assigned
mol_7351	train	assigned
mol_7352	train	assigned
mol_7353	train	assigned
mol_7354	val	assigned
mol_7355	val	assigned
mol_7356	train	assigned
mol_7357	val	assigned
mol_7358	train	sampled
mol_7359	val	sampled
mol_7360	train	assigned
mol_7361	train	assigned
mol_7362	test	assigned
mol_7363	train	assigned
mol_7364	train	assigned
mol_7365	train	assigned
mol_7366	train	assigned
mol_7367	val	assigned
mol_7368	train	sampled
mol_7369	train	sampled
mol_7370	val	assigned
mol_7371	val	assigned
mol_7372	train	assigned
mol_7373	train	assigned
mol_7374	train	sampled
mol_7375	train	assigned
mol_7376	train	sampled
mol_7377	train	assigned
mol_7378	val	sampled
mol_7379	train	assigned
mol_7380	test	assigned
mol_7381	train	assigned
mol_7382	train	assigned
mol_7383	train	sampled
mol_7384	test	sampled
mol_7385	train	assigned
mol_7386	train	assigned
mol_7387	val	assigned
mol_7388	train	assigned
mol_7389	train	sampled
mol_7390	train	sampled
mol_7391	train	sampled
mol_7392	val	assigned
mol_7393	val	assigned
mol_7394	train	assigned
mol_7395	train	assigned
mol_7396	val	sampled
mol_7397	test	assigned
mol_7398	train	assigned
mol_7399	test	assigned
mol_7400	train	assigned
mol_7401	train	assigned
mol_7402	test	assigned
mol_7403	test	assigned
mol_7404	train	sampled
mol_7405	test	assigned
mol_7406	train	assigned
mol_7407	train	assigned
mol_7408	train	assigned
mol_7409	train	assigned
mol_7410	train	sampled
mol_7411	val	sampled
mol_7412	train	assigned
mol_7413	val	assigned
mol_7414	train	assigned
mol_7415	val	sampled
mol_7416	val	sampled
mol_7417	val	assigned
mol_7418	train	assigned
mol_7419	train	assigned
mol_7420	train	assigned
mol_7421	train	assigned
mol_7422	train	assigned
mol_7423	train	assigned
mol_7424	test	sampled
mol_7425	train	sampled
mol_7426	train	assigned
mol_7427	train	sampled
mol_7428	val	assigned
mol_7429	train	assigned
mol_7430	val	assigned
mol_7431	train	assigned
mol_7432	train	assigned
mol_7433	val	assigned
mol_7434	train	sampled
mol_7435	train	assigned
mol_7436	train	assigned
mol_7437	train	sampled
mol_7438	train	sampled
mol_7439	train	assigned
mol_7440	train	sampled
mol_7441	train	assigned
mol_7442	train	assigned
mol_7443	train	assigned
mol_7444	train	sampled
mol_7445	val	assigned
mol_7446	val	assigned
mol_7447	train	sampled
mol_7448	train	sampled
mol_7449	test	assigned
mol_7450	train	sampled
mol_7451	test	assigned
mol_7452	test	assigned
mol_7453	train	assigned
mol_7454	train	sampled
mol_7455	train	assigned
mol_7456	val	assigned
mol_7457	test	assigned
mol_7458	train	assigned
mol_7459	train	assigned
mol_7460	test	assigned
mol_7461	train	sampled
mol_7462	test	assigned
mol_7463	train	assigned
mol_7464	train	assigned
mol_7465	train	sampled
mol_7466	test	sampled
mol_7467	train	assigned
mol_7468	train	assigned
mol_7469	train	assigned
mol_7470	train	sampled
mol_7471	train	assigned
mol_7472	train	sampled
mol_7473	val	assigned
mol_7474	train	assigned
mol_7475	train	assigned
mol_7476	val	assigned
mol_7477	train	assigned
mol_7478	test	assigned
mol_7479	train	assigned
mol_7480	val	sampled
mol_7481	test	assigned
mol_7482	train	assigned
mol_7483	train	assigned
mol_7484	test	assigned
mol_7485	train	assigned
mol_7486	train	assigned
mol_7487	train	assigned
mol_7488	train	assigned
mol_7489	train	assigned
mol_7490	train	assigned
mol_7491	train	assigned
mol_7492	train	assigned
mol_7493	train	assigned
mol_7494	train	assigned
mol_7495	train	assigned
mol_7496	train	assigned
mol_7497	train	assigned
mol_7498	train	sampled
mol_7499	train	assigned
mol_7500	train	assigned
mol_7501	train	assigned
mol_7502	train	assigned
mol_7503	train	assigned
mol_7504	val	assigned
mol_7505	val	sampled
mol_7506	train	sampled
mol_7507	train	assigned
mol_7508	train	assigned
mol_7509	val	assigned
mol_7510	val	sampled
mol_7511	val	sampled
mol_7512	train	sampled
mol_7513	test	assigned
mol_7514	train	assigned
mol_7515	train	assigned
mol_7516	train	assigned
mol_7517	test	assigned
mol_7518	test	assigned
mol_7519	train	assigned
mol_7520	val	assigned
mol_7521	train	assigned
mol_7522	train	assigned
mol_7523	train	sampled
mol_7524	train	assigned
mol_7525	train	assigned
mol_7526	train	assigned
mol_7527	train	assigned
mol_7528	train	assigned
mol_7529	train	assigned
mol_7530	train	assigned
mol_7531	train	assigned
mol_7532	val	assigned
mol_7533	train	assigned
mol_7534	val	assigned
mol_7535	train	assigned
mol_7536	val	sampled
mol_7537	train	sampled
mol_7538	test	sampled
mol_7539	train	assigned
mol_7540	train	assigned
mol_7541	val	assigned
mol_7542	val	sampled
mol_7543	val	sampled
mol_7544	val	assigned
mol_7545	train	sampled
mol_7546	train	assigned
mol_7547	train	assigned
mol_7548	train	assigned
mol_7549	train	assigned
mol_7550	train	assigned
mol_7551	train	assigned
mol_7552	train	assigned
mol_7553	val	assigned
mol_7554	train	assigned
mol_7555	train	assigned
mol_7556	train	assigned
mol_7557	train	assigned
mol_7558	train	sampled
mol_7559	val	sampled
mol_7560	val	sampled
mol_7561	train	assigned
mol_7562	val	assigned
mol_7563	val	assigned
mol_7564	train	assigned
mol_7565	train	assigned
mol_7566	train	assigned
mol_7567	train	assigned
mol_7568	train	assigned
mol_7569	train	sampled
mol_7570	train	assigned
mol_7571	train	assigned
mol_7572	train	assigned
mol_7573	val	assigned
mol_7574	train	assigned
mol_7575	test	assigned
mol_7576	val	assigned
mol_7577	val	assigned
mol_7578	val	assigned
mol_7579	val	assigned
mol_7580	val	sampled
mol_7581	val	assigned
mol_7582	train	assigned
mol_7583	train	assigned
mol_7584	train	sampled
mol_7585	train	sampled
mol_7586	train	assigned
mol_7587	val	assigned
mol_7588	val	assigned
mol_7589	val	assigned
mol_7590	val	assigned
mol_7591	val	assigned
mol_7592	val	assigned
mol_7593	val	assigned
mol_7594	train	assigned
mol_7595	val	assigned
mol_7596	val	assigned
mol_7597	train	assigned
mol_7598	val	sampled
mol_7599	train	assigned
mol_7600	train	assigned
mol_7601	train	sampled
mol_7602	train	assigned
mol_7603	train	assigned
mol_7604	val	assigned
mol_7605	train	assigned
mol_7606	train	assigned
mol_7607	test	sampled
mol_7608	train	sampled
mol_7609	test	sampled
mol_7610	val	assigned
mol_7611	val	assigned
mol_7612	val	assigned
mol_7613	train	assigned
mol_7614	train	assigned
mol_7615	val	assigned
mol_7616	val	assigned
mol_7617	train	sampled
mol_7618	train	assigned
mol_7619	val	assigned
mol_7620	train	assigned
mol_7621	val	sampled
mol_7622	train	assigned
mol_7623	test	assigned
mol_7624	val	assigned
mol_7625	val	sampled
mol_7626	val	assigned
mol_7627	train	assigned
mol_7628	train	assigned
mol_7629	train	assigned
mol_7630	train	sampled
mol_7631	train	sampled
mol_7632	train	assigned
mol_7633	train	assigned
mol_7634	val	assigned
mol_7635	train	sampled
mol_7636	val	sampled
mol_7637	val	sampled
mol_7638	train	assigned
mol_7639	val	assigned
mol_7640	train	assigned
mol_7641	train	assigned
mol_7642	train	sampled
mol_7643	train	assigned
mol_7644	train	assigned
mol_7645	val	assigned
mol_7646	train	assigned
mol_7647	train	sampled
mol_7648	train	assigned
mol_7649	train	assigned
mol_7650	train	assigned
mol_7651	train	assigned
mol_7652	train	assigned
mol_7653	val	sampled
mol_7654	train	sampled
mol_7655	test	assigned
mol_7656	train	assigned
mol_7657	train	sampled
mol_7658	train	sampled
mol_7659	val	assigned
mol_7660	train	assigned
mol_7661	train	assigned
mol_7662	val	assigned
mol_7663	train	assigned
mol_7664	val	assigned
mol_7665	train	assigned
mol_7666	train	assigned
mol_7667	train	assigned
mol_7668	train	assigned
mol_7669	train	assigned
mol_7670	val	assigned
mol_7671	val	assigned
mol_7672	train	sampled
mol_7673	val	assigned
mol_7674	train	assigned
mol_7675	val	assigned
mol_7676	val	assigned
mol_7677	train	sampled
mol_7678	val	sampled
mol_7679	val	assigned
mol_7680	train	assigned
mol_7681	test	assigned
mol_7682	train	assigned
mol_7683	train	assigned
mol_7684	train	assigned
mol_7685	test	assigned
mol_7686	test	sampled
mol_7687	test	assigned
mol_7688	test	sampled
mol_7689	train	sampled
mol_7690	train	assigned
mol_7691	val	assigned
mol_7692	train	sampled
mol_7693	train	assigned
mol_7694	train	assigned
mol_7695	train	assigned
mol_7696	train	sampled
mol_7697	train	sampled
mol_7698	test	assigned
mol_7699	train	sampled
mol_7700	train	assigned
mol_7701	val	assigned
mol_7702	train	assigned
mol_7703	train	assigned
mol_7704	train	sampled
mol_7705	train	sampled
mol_7706	val	sampled
mol_7707	train	assigned
mol_7708	train	assigned
mol_7709	train	assigned
mol_7710	val	assigned
mol_7711	train	assigned
mol_7712	train	assigned
mol_7713	train	assigned
mol_7714	val	assigned
mol_7715	val	assigned
mol_7716	train	assigned
mol_7717	train	assigned
mol_7718	val	sampled
mol_7719	train	assigned
mol_7720	val	sampled
mol_7721	val	assigned
mol_7722	train	assigned
mol_7723	train	assigned
mol_7724	train	assigned
mol_7725	val	assigned
mol_7726	train	assigned
mol_7727	val	sampled
mol_7728	test	assigned
mol_7729	train	assigned
mol_7730	train	assigned
mol_7731	val	sampled
mol_7732	test	sampled
mol_7733	train	assigned
mol_7734	train	assigned
mol_7735	train	assigned
mol_7736	train	assigned
mol_7737	train	assigned
mol_7738	train	assigned
mol_7739	train	sampled
mol_7740	train	assigned
mol_7741	train	assigned
mol_7742	train	assigned
mol_7743	train	sampled
mol_7744	train	assigned
mol_7745	train	sampled
mol_7746	train	assigned
mol_7747	train	assigned
mol_7748	train	assigned
mol_7749	train	assigned
mol_7750	train	assigned
mol_7751	val	assigned
mol_7752	train	assigned
mol_7753	val	assigned
mol_7754	val	assigned
mol_7755	val	sampled
mol_7756	val	sampled
mol_7757	train	assigned
mol_7758	train	assigned
mol_7759	test	assigned
mol_7760	test	sampled
mol_7761	test	assigned
mol_7762	test	assigned
mol_7763	test	assigned
mol_7764	test	sampled
mol_7765	train	sampled
mol_7766	train	assigned
mol_7767	train	sampled
mol_7768	train	sampled
mol_7769	train	sampled
mol_7770	train	assigned
mol_7771	train	assigned
mol_7772	train	sampled
mol_7773	val	assigned
mol_7774	train	assigned
mol_7775	train	assigned
mol_7776	train	assigned
mol_7777	train	assigned
mol_7778	train	assigned
mol_7779	train	assigned
mol_7780	train	assigned
mol_7781	train	sampled
mol_7782	train	assigned
mol_7783	train	assigned
mol_7784	train	assigned
mol_7785	train	assigned
mol_7786	train	assigned
mol_7787	val	assigned
mol_7788	test	sampled
mol_7789	train	assigned
mol_7790	train	assigned
mol_7791	train	assigned
mol_7792	val	assigned
mol_7793	val	assigned
mol_7794	val	assigned
mol_7795	train	assigned
mol_7796	train	assigned
mol_7797	train	sampled
mol_7798	train	assigned
mol_7799	train	assigned
mol_7800	val	sampled
mol_7801	train	assigned
mol_7802	train	sampled
mol_7803	val	sampled
mol_7804	val	assigned
mol_7805	val	assigned
mol_7806	train	assigned
mol_7807	test	assigned
mol_7808	train	assigned
mol_7809	val	sampled
mol_7810	train	sampled
mol_7811	train	assigned
mol_7812	val	sampled
mol_7813	val	assigned
mol_7814	train	assigned
mol_7815	val	assigned
mol_7816	train	assigned
mol_7817	train	assigned
mol_7818	train	assigned
mol_7819	val	assigned
mol_7820	val	assigned
mol_7821	val	sampled
mol_7822	val	assigned
