ID	Split
mol_0	train
mol_1	train
mol_2	val
mol_3	train
mol_4	train
mol_5	train
mol_6	train
mol_7	train
mol_8	test
mol_9	val
mol_10	train
mol_11	val
mol_12	train
mol_13	train
mol_14	train
mol_15	train
mol_16	val
mol_17	train
mol_18	train
mol_19	train
mol_20	train
mol_21	train
mol_22	train
mol_23	train
mol_24	train
mol_25	train
mol_26	test
mol_27	train
mol_28	train
mol_29	train
mol_30	train
mol_31	train
mol_32	train
mol_33	train
mol_34	train
mol_35	train
mol_36	train
mol_37	val
mol_38	val
mol_39	train
mol_40	train
mol_41	train
mol_42	val
mol_43	val
mol_44	train
mol_45	train
mol_46	train
mol_47	test
mol_48	train
mol_49	train
mol_50	train
mol_51	test
mol_52	train
mol_53	train
mol_54	train
mol_55	train
mol_56	train
mol_57	train
mol_58	train
mol_59	val
mol_60	train
mol_61	train
mol_62	val
mol_63	test
mol_64	test
mol_65	train
mol_66	train
mol_67	val
mol_68	train
mol_69	test
mol_70	train
mol_71	train
mol_72	train
mol_73	val
mol_74	train
mol_75	train
mol_76	val
mol_77	val
mol_78	train
mol_79	train
mol_80	train
mol_81	test
mol_82	test
mol_83	train
mol_84	val
mol_85	train
mol_86	train
mol_87	train
mol_88	train
mol_89	train
mol_90	val
mol_91	train
mol_92	train
mol_93	train
mol_94	test
mol_95	val
mol_96	train
mol_97	train
mol_98	test
mol_99	test
mol_100	train
mol_101	train
mol_102	train
mol_103	train
mol_104	train
mol_105	train
mol_106	train
mol_107	train
mol_108	train
mol_109	train
mol_110	train
mol_111	val
mol_112	train
mol_113	train
mol_114	train
mol_115	test
mol_116	train
mol_117	train
mol_118	val
mol_119	train
mol_120	train
mol_121	train
mol_122	val
mol_123	val
mol_124	train
mol_125	val
mol_126	val
mol_127	val
mol_128	test
mol_129	val
mol_130	train
mol_131	train
mol_132	val
mol_133	train
mol_134	train
mol_135	val
mol_136	train
mol_137	train
mol_138	train
mol_139	train
mol_140	train
mol_141	train
mol_142	train
mol_143	val
mol_144	val
mol_145	test
mol_146	train
mol_147	train
mol_148	train
mol_149	train
mol_150	train
mol_151	train
mol_152	train
mol_153	val
mol_154	train
mol_155	train
mol_156	train
mol_157	train
mol_158	train
mol_159	train
mol_160	train
mol_161	train
mol_162	train
mol_163	train
mol_164	train
mol_165	train
mol_166	val
mol_167	train
mol_168	val
mol_169	train
mol_170	train
mol_171	train
mol_172	train
mol_173	train
mol_174	train
mol_175	val
mol_176	train
mol_177	test
mol_178	train
mol_179	val
mol_180	test
mol_181	test
mol_182	val
mol_183	train
mol_184	train
mol_185	train
mol_186	val
mol_187	train
mol_188	test
mol_189	val
mol_190	train
mol_191	val
mol_192	train
mol_193	train
mol_194	val
mol_195	train
mol_196	train
mol_197	train
mol_198	train
mol_199	train
mol_200	train
mol_201	train
mol_202	val
mol_203	train
mol_204	train
mol_205	train
mol_206	train
mol_207	train
mol_208	train
mol_209	val
mol_210	train
mol_211	train
mol_212	train
mol_213	train
mol_214	val
mol_215	val
mol_216	train
mol_217	val
mol_218	val
mol_219	train
mol_220	test
mol_221	train
mol_222	train
mol_223	val
mol_224	train
mol_225	train
mol_226	test
mol_227	train
mol_228	train
mol_229	train
mol_230	train
mol_231	train
mol_232	train
mol_233	train
mol_234	train
mol_235	train
mol_236	train
mol_237	train
mol_238	train
mol_239	train
mol_240	train
mol_241	train
mol_242	train
mol_243	train
mol_244	val
mol_245	val
mol_246	train
mol_247	val
mol_248	train
mol_249	test
mol_250	test
mol_251	val
mol_252	train
mol_253	train
mol_254	train
mol_255	val
mol_256	val
mol_257	train
mol_258	train
mol_259	train
mol_260	val
mol_261	train
mol_262	train
mol_263	train
mol_264	train
mol_265	train
mol_266	train
mol_267	train
mol_268	val
mol_269	train
mol_270	train
mol_271	val
mol_272	train
mol_273	train
mol_274	train
mol_275	train
mol_276	train
mol_277	train
mol_278	train
mol_279	val
mol_280	train
mol_281	train
mol_282	train
mol_283	train
mol_284	train
mol_285	val
mol_286	val
mol_287	val
mol_288	val
mol_289	val
mol_290	train
mol_291	train
mol_292	train
mol_293	train
mol_294	train
mol_295	train
mol_296	train
mol_297	train
mol_298	train
mol_299	val
mol_300	test
mol_301	train
mol_302	train
mol_303	train
mol_304	train
mol_305	train
mol_306	train
mol_307	train
mol_308	train
mol_309	train
mol_310	train
mol_311	train
mol_312	train
mol_313	train
mol_314	val
mol_315	test
mol_316	val
mol_317	val
mol_318	train
mol_319	train
mol_320	train
mol_321	train
mol_322	val
mol_323	train
mol_324	train
mol_325	train
mol_326	train
mol_327	train
mol_328	train
mol_329	train
mol_330	train
mol_331	train
mol_332	train
mol_333	train
mol_334	train
mol_335	test
mol_336	train
mol_337	val
mol_338	train
mol_339	train
mol_340	train
mol_341	val
mol_342	train
mol_343	train
mol_344	train
mol_345	train
mol_346	train
mol_347	train
mol_348	train
mol_349	train
mol_350	train
mol_351	train
mol_352	train
mol_353	train
mol_354	train
mol_355	train
mol_356	train
mol_357	train
mol_358	train
mol_359	train
mol_360	test
mol_361	test
mol_362	val
mol_363	test
mol_364	test
mol_365	test
mol_366	test
mol_367	train
mol_368	train
mol_369	train
mol_370	train
mol_371	train
mol_372	train
mol_373	train
mol_374	train
mol_375	val
mol_376	train
mol_377	train
mol_378	val
mol_379	train
mol_380	train
mol_381	train
mol_382	train
mol_383	train
mol_384	train
mol_385	train
mol_386	train
mol_387	train
mol_388	train
mol_389	train
mol_390	train
mol_391	train
mol_392	train
mol_393	val
mol_394	train
mol_395	train
mol_396	train
mol_397	train
mol_398	train
mol_399	train
mol_400	train
mol_401	train
mol_402	train
mol_403	train
mol_404	train
mol_405	train
mol_406	train
mol_407	train
mol_408	val
mol_409	train
mol_410	train
mol_411	train
mol_412	train
mol_413	train
mol_414	train
mol_415	val
mol_416	test
mol_417	train
mol_418	test
mol_419	train
mol_420	train
mol_421	train
mol_422	train
mol_423	train
mol_424	val
mol_425	val
mol_426	train
mol_427	train
mol_428	train
mol_429	val
mol_430	train
mol_431	train
mol_432	train
mol_433	val
mol_434	train
mol_435	test
mol_436	test
mol_437	train
mol_438	train
mol_439	train
mol_440	val
mol_441	train
mol_442	train
mol_443	train
mol_444	train
mol_445	train
mol_446	train
mol_447	test
mol_448	train
mol_449	train
mol_450	train
mol_451	train
mol_452	train
mol_453	test
mol_454	val
mol_455	val
mol_456	train
mol_457	train
mol_458	train
mol_459	train
mol_460	train
mol_461	train
mol_462	train
mol_463	train
mol_464	train
mol_465	train
mol_466	train
mol_467	train
mol_468	train
mol_469	train
mol_470	train
mol_471	train
mol_472	train
mol_473	train
mol_474	train
mol_475	train
mol_476	val
mol_477	train
mol_478	val
mol_479	val
mol_480	train
mol_481	train
mol_482	val
mol_483	val
mol_484	train
mol_485	test
mol_486	train
mol_487	train
mol_488	train
mol_489	train
mol_490	train
mol_491	test
mol_492	train
mol_493	train
mol_494	train
mol_495	train
mol_496	train
mol_497	train
mol_498	train
mol_499	train
mol_500	train
mol_501	train
mol_502	train
mol_503	train
mol_504	test
mol_505	train
mol_506	train
mol_507	train
mol_508	train
mol_509	train
mol_510	train
mol_511	train
mol_512	train
mol_513	train
mol_514	train
mol_515	train
mol_516	train
mol_517	val
mol_518	train
mol_519	val
mol_520	train
mol_521	val
mol_522	train
mol_523	train
mol_524	val
mol_525	val
mol_526	train
mol_527	train
mol_528	train
mol_529	train
mol_530	train
mol_531	val
mol_532	train
mol_533	train
mol_534	train
mol_535	train
mol_536	train
mol_537	train
mol_538	train
mol_539	train
mol_540	val
mol_541	train
mol_542	val
mol_543	val
mol_544	val
mol_545	val
mol_546	test
mol_547	train
mol_548	train
mol_549	train
mol_550	train
mol_551	train
mol_552	train
mol_553	train
mol_554	val
mol_555	val
mol_556	train
mol_557	train
mol_558	train
mol_559	train
mol_560	train
mol_561	train
mol_562	val
mol_563	train
mol_564	train
mol_565	val
mol_566	train
mol_567	train
mol_568	test
mol_569	val
mol_570	train
mol_571	val
mol_572	train
mol_573	train
mol_574	val
mol_575	train
mol_576	train
mol_577	train
mol_578	test
mol_579	train
mol_580	val
mol_581	train
mol_582	test
mol_583	train
mol_584	train
mol_585	val
mol_586	train
mol_587	test
mol_588	train
mol_589	train
mol_590	train
mol_591	val
mol_592	train
mol_593	train
mol_594	train
mol_595	val
mol_596	train
mol_597	train
mol_598	train
mol_599	train
mol_600	train
mol_601	val
mol_602	train
mol_603	train
mol_604	train
mol_605	train
mol_606	train
mol_607	train
mol_608	train
mol_609	train
mol_610	train
mol_611	train
mol_612	test
mol_613	train
mol_614	train
mol_615	train
mol_616	train
mol_617	train
mol_618	train
mol_619	train
mol_620	val
mol_621	train
mol_622	train
mol_623	train
mol_624	train
mol_625	train
mol_626	train
mol_627	train
mol_628	train
mol_629	val
mol_630	train
mol_631	test
mol_632	train
mol_633	val
mol_634	train
mol_635	train
mol_636	val
mol_637	train
mol_638	val
mol_639	train
mol_640	train
mol_641	train
mol_642	val
mol_643	train
mol_644	train
mol_645	test
mol_646	test
mol_647	train
mol_648	train
mol_649	train
mol_650	val
mol_651	train
mol_652	test
mol_653	train
mol_654	train
mol_655	train
mol_656	train
mol_657	train
mol_658	train
mol_659	test
mol_660	train
mol_661	train
mol_662	val
mol_663	train
mol_664	train
mol_665	train
mol_666	train
mol_667	val
mol_668	train
mol_669	val
mol_670	train
mol_671	train
mol_672	train
mol_673	train
mol_674	train
mol_675	train
mol_676	train
mol_677	train
mol_678	val
mol_679	train
mol_680	train
mol_681	train
mol_682	test
mol_683	val
mol_684	train
mol_685	train
mol_686	test
mol_687	train
mol_688	train
mol_689	val
mol_690	train
mol_691	train
mol_692	train
mol_693	val
mol_694	train
mol_695	train
mol_696	val
mol_697	train
mol_698	train
mol_699	train
mol_700	train
mol_701	train
mol_702	train
mol_703	train
mol_704	train
mol_705	train
mol_706	train
mol_707	val
mol_708	val
mol_709	val
mol_710	train
mol_711	train
mol_712	val
mol_713	train
mol_714	train
mol_715	train
mol_716	val
mol_717	train
mol_718	test
mol_719	val
mol_720	train
mol_721	train
mol_722	train
mol_723	test
mol_724	train
mol_725	train
mol_726	train
mol_727	train
mol_728	train
mol_729	train
mol_730	train
mol_731	train
mol_732	train
mol_733	train
mol_734	train
mol_735	train
mol_736	val
mol_737	train
mol_738	train
mol_739	val
mol_740	train
mol_741	train
mol_742	train
mol_743	train
mol_744	val
mol_745	test
mol_746	val
mol_747	train
mol_748	test
mol_749	val
mol_750	train
mol_751	train
mol_752	train
mol_753	train
mol_754	train
mol_755	train
mol_756	train
mol_757	train
mol_758	train
mol_759	train
mol_760	train
mol_761	train
mol_762	train
mol_763	train
mol_764	train
mol_765	train
mol_766	train
mol_767	train
mol_768	train
mol_769	train
mol_770	test
mol_771	train
mol_772	train
mol_773	train
mol_774	train
mol_775	train
mol_776	train
mol_777	train
mol_778	train
mol_779	train
mol_780	train
mol_781	train
mol_782	train
mol_783	test
mol_784	train
mol_785	train
mol_786	train
mol_787	train
mol_788	train
mol_789	train
mol_790	train
mol_791	train
mol_792	train
mol_793	val
mol_794	val
mol_795	train
mol_796	train
mol_797	train
mol_798	train
mol_799	train
mol_800	train
mol_801	train
mol_802	train
mol_803	train
mol_804	train
mol_805	train
mol_806	train
mol_807	train
mol_808	val
mol_809	train
mol_810	train
mol_811	test
mol_812	train
mol_813	train
mol_814	train
mol_815	test
mol_816	test
mol_817	train
mol_818	train
mol_819	train
mol_820	test
mol_821	train
mol_822	train
mol_823	train
mol_824	train
mol_825	train
mol_826	train
mol_827	train
mol_828	train
mol_829	val
mol_830	test
mol_831	train
mol_832	train
mol_833	train
mol_834	test
mol_835	val
mol_836	train
mol_837	test
mol_838	train
mol_839	train
mol_840	val
mol_841	test
mol_842	val
mol_843	val
mol_844	val
mol_845	val
mol_846	test
mol_847	train
mol_848	val
mol_849	train
mol_850	train
mol_851	val
mol_852	train
mol_853	val
mol_854	train
mol_855	train
mol_856	train
mol_857	train
mol_858	train
mol_859	test
mol_860	val
mol_861	val
mol_862	val
mol_863	train
mol_864	test
mol_865	train
mol_866	test
mol_867	test
mol_868	train
mol_869	val
mol_870	train
mol_871	val
mol_872	train
mol_873	train
mol_874	train
mol_875	train
mol_876	val
mol_877	train
mol_878	train
mol_879	val
mol_880	val
mol_881	train
mol_882	train
mol_883	val
mol_884	val
mol_885	train
mol_886	train
mol_887	val
mol_888	train
mol_889	train
mol_890	train
mol_891	train
mol_892	train
mol_893	val
mol_894	train
mol_895	val
mol_896	train
mol_897	train
mol_898	train
mol_899	train
mol_900	train
mol_901	train
mol_902	train
mol_903	train
mol_904	train
mol_905	train
mol_906	train
mol_907	val
mol_908	train
mol_909	train
mol_910	test
mol_911	train
mol_912	train
mol_913	train
mol_914	val
mol_915	val
mol_916	train
mol_917	train
mol_918	train
mol_919	train
mol_920	train
mol_921	val
mol_922	val
mol_923	train
mol_924	train
mol_925	train
mol_926	train
mol_927	train
mol_928	train
mol_929	train
mol_930	train
mol_931	train
mol_932	train
mol_933	train
mol_934	train
mol_935	train
mol_936	train
mol_937	train
mol_938	train
mol_939	train
mol_940	train
mol_941	test
mol_942	train
mol_943	train
mol_944	train
mol_945	train
mol_946	train
mol_947	train
mol_948	train
mol_949	val
mol_950	train
mol_951	train
mol_952	val
mol_953	train
mol_954	train
mol_955	val
mol_956	train
mol_957	train
mol_958	train
mol_959	val
mol_960	train
mol_961	test
mol_4689	test
mol_962	test
mol_963	test
mol_964	test
mol_965	val
mol_966	val
mol_967	train
mol_968	train
mol_969	train
mol_970	train
mol_971	test
mol_972	train
mol_973	train
mol_974	train
mol_975	test
mol_976	train
mol_977	test
mol_978	train
mol_979	train
mol_980	train
mol_981	train
mol_982	train
mol_983	train
mol_984	train
mol_985	test
mol_986	train
mol_987	train
mol_988	train
mol_989	train
mol_990	val
mol_991	train
mol_992	val
mol_993	train
mol_994	train
mol_995	train
mol_996	val
mol_997	train
mol_998	train
mol_999	val
mol_1000	val
mol_1001	train
mol_1002	train
mol_1003	train
mol_1004	train
mol_1005	train
mol_1006	val
mol_1007	train
mol_1008	train
mol_1009	train
mol_1010	train
mol_1011	train
mol_1012	train
mol_1013	train
mol_1014	train
mol_1015	train
mol_1016	train
mol_1017	train
mol_1018	train
mol_1019	train
mol_1020	train
mol_1021	train
mol_1022	train
mol_1023	train
mol_1024	test
mol_1025	train
mol_1026	train
mol_1027	val
mol_1028	train
mol_1029	train
mol_1030	val
mol_1031	train
mol_1032	train
mol_1033	val
mol_1034	train
mol_1035	train
mol_1036	val
mol_1037	train
mol_1038	train
mol_1039	train
mol_1040	train
mol_1041	train
mol_1042	train
mol_1043	train
mol_1044	train
mol_1045	train
mol_1046	train
mol_1047	test
mol_1048	test
mol_1049	val
mol_1050	train
mol_1051	test
mol_1052	test
mol_1053	train
mol_1054	train
mol_1055	test
mol_1056	train
mol_1057	train
mol_1058	train
mol_1059	train
mol_1060	train
mol_1061	val
mol_1062	train
mol_1063	train
mol_1064	val
mol_1065	val
mol_1066	train
mol_1067	train
mol_1068	train
mol_1069	train
mol_1070	train
mol_1071	train
mol_1072	train
mol_1073	train
mol_1074	train
mol_1075	val
mol_1076	train
mol_1077	train
mol_1078	train
mol_1079	train
mol_1080	train
mol_1081	train
mol_1082	train
mol_1083	train
mol_1084	val
mol_1085	train
mol_1086	train
mol_1087	train
mol_1088	train
mol_1089	train
mol_1090	train
mol_1091	train
mol_1092	train
mol_1093	train
mol_1094	train
mol_1095	train
mol_1096	train
mol_1097	train
mol_1098	train
mol_1099	val
mol_1100	train
mol_1101	train
mol_1102	train
mol_1103	train
mol_1104	train
mol_1105	train
mol_1106	val
mol_1107	train
mol_1108	train
mol_1109	val
mol_1110	train
mol_1111	train
mol_1112	train
mol_1113	val
mol_1114	val
mol_1115	train
mol_1116	val
mol_1117	train
mol_1118	train
mol_1119	val
mol_1120	train
mol_1121	train
mol_1122	train
mol_1123	val
mol_1124	val
mol_1125	val
mol_1126	train
mol_1127	train
mol_1128	val
mol_1129	val
mol_1130	train
mol_1131	train
mol_1132	train
mol_1133	train
mol_1134	train
mol_1135	val
mol_1136	train
mol_1137	val
mol_1138	train
mol_1139	train
mol_1140	train
mol_1141	test
mol_1142	train
mol_1143	test
mol_1144	train
mol_1145	train
mol_1146	val
mol_1147	train
mol_1148	train
mol_1149	train
mol_1150	train
mol_1151	test
mol_1152	train
mol_1153	train
mol_1154	train
mol_1155	train
mol_1156	train
mol_1157	train
mol_1158	train
mol_1159	train
mol_1160	test
mol_1161	train
mol_1162	train
mol_1163	train
mol_1164	train
mol_1165	train
mol_1166	train
mol_1167	val
mol_1168	test
mol_1169	train
mol_1170	val
mol_1171	train
mol_1172	val
mol_1173	train
mol_1174	train
mol_1175	train
mol_1176	train
mol_1177	train
mol_1178	train
mol_1179	val
mol_1180	train
mol_1181	test
mol_1182	train
mol_1183	train
mol_1184	train
mol_1185	train
mol_1186	val
mol_1187	train
mol_1188	train
mol_1189	train
mol_1190	train
mol_1191	test
mol_1192	train
mol_1193	train
mol_1194	train
mol_1195	train
mol_1196	val
mol_1197	train
mol_1198	train
mol_1199	train
mol_1200	train
mol_1201	train
mol_1202	train
mol_1203	train
mol_1204	train
mol_1205	val
mol_1206	train
mol_1207	val
mol_1208	train
mol_1209	train
mol_1210	train
mol_1211	val
mol_1212	val
mol_1213	train
mol_1214	train
mol_1215	train
mol_1216	test
mol_1217	train
mol_1218	train
mol_1219	train
mol_1220	train
mol_1221	train
mol_1222	train
mol_1223	val
mol_1224	train
mol_1225	val
mol_1226	train
mol_1227	train
mol_1228	val
mol_1229	train
mol_1230	val
mol_1231	train
mol_1232	train
mol_1233	train
mol_1234	test
mol_1235	train
mol_1236	train
mol_1237	train
mol_1238	train
mol_1239	test
mol_1240	train
mol_1241	train
mol_1242	train
mol_1243	train
mol_1244	train
mol_1245	train
mol_1246	train
mol_1247	train
mol_1248	train
mol_1249	train
mol_1250	train
mol_1251	train
mol_1252	val
mol_1253	val
mol_1254	train
mol_1255	val
mol_1256	val
mol_1257	train
mol_1258	train
mol_1259	train
mol_1260	train
mol_1261	train
mol_1262	train
mol_1263	val
mol_1264	val
mol_1265	train
mol_1266	test
mol_1267	train
mol_1268	test
mol_1269	train
mol_1270	train
mol_1271	train
mol_1272	val
mol_1273	train
mol_1274	val
mol_1275	val
mol_1276	train
mol_1277	train
mol_1278	val
mol_1279	train
mol_1280	val
mol_1281	train
mol_1282	train
mol_1283	train
mol_1284	train
mol_1285	train
mol_1286	train
mol_1287	test
mol_1288	train
mol_1289	train
mol_1290	train
mol_1291	val
mol_1292	val
mol_1293	train
mol_1294	train
mol_1295	test
mol_1296	test
mol_1297	train
mol_1298	train
mol_1299	train
mol_1300	val
mol_1301	train
mol_1302	train
mol_1303	train
mol_1304	test
mol_1305	train
mol_1306	train
mol_1307	train
mol_1308	train
mol_1309	train
mol_1310	train
mol_1311	train
mol_1312	train
mol_1313	train
mol_1314	train
mol_1315	train
mol_1316	train
mol_1317	val
mol_1318	train
mol_1319	train
mol_1320	train
mol_1321	train
mol_1323	train
mol_1324	train
mol_1325	train
mol_1326	train
mol_1327	val
mol_1328	train
mol_1329	train
mol_1330	train
mol_1331	train
mol_1332	test
mol_1333	train
mol_1334	train
mol_1335	train
mol_1336	train
mol_1337	train
mol_1338	val
mol_1339	train
mol_1340	train
mol_1341	train
mol_1342	train
mol_1343	train
mol_1344	val
mol_1345	train
mol_1346	train
mol_1347	train
mol_1348	train
mol_1349	val
mol_1350	train
mol_1351	val
mol_1352	val
mol_1353	val
mol_1354	train
mol_1355	train
mol_1356	train
mol_1357	test
mol_1670	test
mol_1358	train
mol_1359	train
mol_1360	train
mol_1361	test
mol_1362	test
mol_1363	train
mol_1364	train
mol_1365	train
mol_1366	train
mol_1367	train
mol_1368	train
mol_1369	train
mol_1370	test
mol_1371	train
mol_1372	val
mol_1373	train
mol_1374	train
mol_1375	train
mol_1376	train
mol_1377	train
mol_1378	train
mol_1379	train
mol_1380	train
mol_1381	train
mol_1382	train
mol_1383	train
mol_1384	test
mol_1385	val
mol_1386	train
mol_1387	train
mol_1388	train
mol_1389	train
mol_1390	train
mol_1391	train
mol_1392	train
mol_1393	train
mol_1394	val
mol_1395	train
mol_1396	test
mol_1397	train
mol_1398	test
mol_1399	train
mol_1400	train
mol_1401	val
mol_1402	val
mol_1403	train
mol_1404	train
mol_1405	train
mol_1406	val
mol_1407	train
mol_1408	train
mol_1409	train
mol_1410	train
mol_1411	train
mol_1412	val
mol_1413	train
mol_1414	train
mol_1415	train
mol_1416	train
mol_1417	train
mol_1418	train
mol_1419	train
mol_1420	train
mol_1421	test
mol_1422	train
mol_1423	val
mol_1424	train
mol_1425	train
mol_1426	train
mol_1427	train
mol_1428	train
mol_1429	val
mol_1430	train
mol_1431	train
mol_1432	test
mol_1433	test
mol_1434	train
mol_1435	train
mol_1436	train
mol_1437	train
mol_1438	train
mol_1439	train
mol_1440	train
mol_1441	train
mol_1442	train
mol_1443	test
mol_1444	val
mol_1445	train
mol_1446	train
mol_1447	test
mol_1448	val
mol_1449	train
mol_1450	val
mol_1451	train
mol_1452	val
mol_1453	val
mol_1454	train
mol_1455	train
mol_1456	train
mol_1457	train
mol_1458	train
mol_1459	train
mol_1460	train
mol_1461	train
mol_1462	train
mol_1463	train
mol_1464	train
mol_1465	train
mol_1466	train
mol_1467	train
mol_1468	train
mol_1469	train
mol_1470	train
mol_1471	train
mol_1472	val
mol_1473	train
mol_1474	train
mol_1475	train
mol_1476	train
mol_1477	train
mol_1478	train
mol_1479	train
mol_1480	train
mol_1481	train
mol_1482	train
mol_1483	val
mol_1484	val
mol_1485	train
mol_1486	val
mol_1487	train
mol_1488	train
mol_1489	val
mol_1490	val
mol_1491	train
mol_1492	train
mol_1493	train
mol_1494	train
mol_1495	train
mol_1496	train
mol_1497	train
mol_1498	train
mol_1499	train
mol_1500	train
mol_1501	val
mol_1502	train
mol_1503	train
mol_1504	train
mol_1505	train
mol_1506	train
mol_1507	train
mol_1508	val
mol_1509	train
mol_1510	val
mol_1511	train
mol_1512	train
mol_1513	train
mol_1514	train
mol_1515	train
mol_1516	train
mol_1517	train
mol_1518	train
mol_1519	train
mol_1520	val
mol_1521	val
mol_1522	test
mol_1523	train
mol_1524	val
mol_1525	test
mol_1526	train
mol_1527	test
mol_1528	train
mol_1529	train
mol_1530	val
mol_1531	train
mol_1532	test
mol_1533	train
mol_1534	val
mol_1535	train
mol_1536	train
mol_1537	train
mol_1538	train
mol_1539	train
mol_1540	train
mol_1541	train
mol_1542	test
mol_1543	train
mol_1544	val
mol_1545	train
mol_1546	train
mol_1547	val
mol_1548	train
mol_1549	train
mol_1550	train
mol_1551	train
mol_1552	train
mol_1553	train
mol_1554	train
mol_1555	train
mol_1556	train
mol_1557	val
mol_1558	train
mol_1559	train
mol_1560	val
mol_1561	test
mol_1562	train
mol_1563	train
mol_1564	val
mol_1565	train
mol_1566	train
mol_1567	train
mol_1568	val
mol_1569	train
mol_1570	train
mol_1571	test
mol_1572	train
mol_1573	train
mol_1574	train
mol_1575	train
mol_1576	val
mol_1577	val
mol_1578	train
mol_1579	val
mol_1580	val
mol_1581	train
mol_1582	test
mol_1583	train
mol_1584	train
mol_1585	train
mol_1586	train
mol_1587	val
mol_1588	val
mol_1589	test
mol_1590	train
mol_1591	train
mol_1592	val
mol_1593	test
mol_1594	train
mol_1595	train
mol_1596	train
mol_1597	val
mol_1598	val
mol_1599	val
mol_1600	train
mol_1601	val
mol_1602	train
mol_1603	train
mol_1604	train
mol_1605	train
mol_1606	train
mol_1607	train
mol_1608	train
mol_1609	train
mol_1610	train
mol_1611	train
mol_1612	test
mol_1613	train
mol_1614	train
mol_1615	val
mol_1616	train
mol_1617	train
mol_1618	val
mol_1619	train
mol_1620	test
mol_1621	train
mol_1622	val
mol_1623	train
mol_1624	train
mol_1625	train
mol_1626	train
mol_1627	train
mol_1628	val
mol_1629	train
mol_1630	val
mol_1631	train
mol_1632	test
mol_1633	test
mol_1634	test
mol_1635	train
mol_1636	train
mol_1637	train
mol_1638	train
mol_1639	train
mol_1640	train
mol_1641	train
mol_1642	train
mol_1643	train
mol_1644	train
mol_1645	train
mol_1646	train
mol_1647	val
mol_1648	train
mol_1649	val
mol_1650	train
mol_1651	train
mol_1652	test
mol_1653	test
mol_1654	test
mol_1655	test
mol_1656	test
mol_1657	val
mol_1658	train
mol_1659	train
mol_1660	train
mol_1661	train
mol_1662	train
mol_1663	train
mol_1664	val
mol_1665	train
mol_1666	train
mol_1667	train
mol_1668	train
mol_1669	val
mol_1671	train
mol_1672	train
mol_1673	train
mol_1674	train
mol_1675	train
mol_1676	train
mol_1677	train
mol_1678	train
mol_1679	val
mol_1680	test
mol_1681	train
mol_1682	train
mol_1683	train
mol_1684	train
mol_1685	train
mol_1686	train
mol_1687	train
mol_1688	train
mol_1689	val
mol_1690	test
mol_1691	val
mol_1692	test
mol_1693	train
mol_1694	test
mol_1695	train
mol_1696	val
mol_1697	val
mol_1698	train
mol_1699	val
mol_1700	val
mol_1701	train
mol_1702	train
mol_1703	train
mol_1704	train
mol_1705	train
mol_1706	train
mol_1707	train
mol_1708	train
mol_1709	val
mol_1710	train
mol_1711	train
mol_1712	train
mol_1713	train
mol_1714	train
mol_1715	test
mol_1716	train
mol_1717	val
mol_1718	train
mol_1719	train
mol_1720	train
mol_1721	train
mol_1722	train
mol_1723	train
mol_1724	val
mol_1725	train
mol_1726	train
mol_1727	train
mol_1728	val
mol_1729	train
mol_1730	train
mol_1731	train
mol_1732	train
mol_1733	test
mol_1734	train
mol_1735	val
mol_1736	val
mol_1737	val
mol_1738	train
mol_1739	val
mol_1740	train
mol_1741	train
mol_1742	val
mol_1743	train
mol_1744	train
mol_1745	train
mol_1746	train
mol_1747	train
mol_1748	train
mol_1749	train
mol_1750	train
mol_1751	train
mol_1752	train
mol_1753	train
mol_1754	train
mol_1755	train
mol_1756	train
mol_1757	train
mol_1758	train
mol_1759	train
mol_1760	val
mol_1761	val
mol_1762	train
mol_1763	train
mol_1764	val
mol_1765	train
mol_1766	train
mol_1767	train
mol_1768	test
mol_1769	train
mol_1770	train
mol_1771	train
mol_1772	train
mol_1773	train
mol_1774	val
mol_1775	val
mol_1776	train
mol_1777	val
mol_1778	val
mol_1779	train
mol_1780	train
mol_1781	train
mol_1782	test
mol_1783	train
mol_1784	train
mol_1785	train
mol_1786	train
mol_1787	train
mol_1788	val
mol_1789	train
mol_1790	train
mol_1791	train
mol_1792	train
mol_1793	train
mol_1794	train
mol_1795	train
mol_1796	val
mol_1797	test
mol_1798	val
mol_1799	val
mol_1800	test
mol_1801	test
mol_1802	test
mol_1803	train
mol_1804	train
mol_1805	train
mol_1806	train
mol_1807	train
mol_1808	train
mol_1809	test
mol_1810	val
mol_1811	train
mol_1812	train
mol_1813	test
mol_1814	train
mol_1815	train
mol_1816	val
mol_1817	train
mol_1818	val
mol_1819	test
mol_1820	train
mol_1821	train
mol_1822	val
mol_1823	train
mol_1824	train
mol_1825	train
mol_1826	train
mol_1827	train
mol_1828	train
mol_1829	train
mol_1830	train
mol_1831	train
mol_1832	val
mol_1833	train
mol_1834	train
mol_1835	train
mol_1836	train
mol_1837	train
mol_1838	train
mol_1839	train
mol_1840	train
mol_1841	train
mol_1842	train
mol_1843	train
mol_1844	train
mol_1845	train
mol_1846	train
mol_1847	train
mol_1848	train
mol_1849	train
mol_1850	train
mol_1851	val
mol_1852	train
mol_1853	train
mol_1854	val
mol_1855	val
mol_1856	train
mol_1857	train
mol_1858	train
mol_1859	train
mol_1860	train
mol_1861	val
mol_1862	val
mol_1863	train
mol_1864	train
mol_1865	train
mol_1866	train
mol_1867	val
mol_1868	test
mol_1869	val
mol_1870	train
mol_1871	train
mol_1872	train
mol_1873	train
mol_1874	train
mol_1875	train
mol_1876	train
mol_1877	train
mol_1878	train
mol_1879	train
mol_1880	test
mol_1881	train
mol_1882	train
mol_1883	train
mol_1884	val
mol_1885	val
mol_1886	val
mol_1887	val
mol_1888	train
mol_1889	train
mol_1890	train
mol_1891	train
mol_1892	train
mol_1893	train
mol_1894	test
mol_1895	train
mol_1896	train
mol_1897	val
mol_1898	val
mol_1899	train
mol_1900	train
mol_1901	train
mol_1902	val
mol_1903	train
mol_1904	train
mol_1905	train
mol_1906	val
mol_1907	train
mol_1908	train
mol_1909	train
mol_1910	val
mol_1911	train
mol_1912	train
mol_1913	train
mol_1914	train
mol_1915	val
mol_1916	val
mol_1917	val
mol_1918	train
mol_1919	test
mol_1920	train
mol_1921	test
mol_1922	test
mol_1923	test
mol_1924	test
mol_1925	test
mol_1926	test
mol_1927	train
mol_1928	test
mol_1929	train
mol_1930	test
mol_1931	val
mol_1932	test
mol_1933	test
mol_1934	train
mol_1935	train
mol_1936	train
mol_1937	test
mol_1938	test
mol_1939	val
mol_1940	train
mol_1941	train
mol_1942	val
mol_1943	train
mol_1944	test
mol_1945	train
mol_1946	train
mol_1947	train
mol_1948	train
mol_1949	train
mol_1950	train
mol_1951	train
mol_1952	val
mol_1953	train
mol_1954	train
mol_1955	train
mol_1956	train
mol_1957	train
mol_1958	train
mol_1959	train
mol_1960	train
mol_1961	train
mol_1962	train
mol_1963	train
mol_1964	train
mol_1965	train
mol_1966	train
mol_1967	train
mol_1968	train
mol_1969	train
mol_1970	train
mol_1971	train
mol_1972	val
mol_1973	train
mol_1974	train
mol_1975	train
mol_1976	train
mol_1977	train
mol_1978	train
mol_1979	train
mol_1980	train
mol_1981	train
mol_1982	train
mol_1983	train
mol_1984	train
mol_1985	train
mol_1986	train
mol_1987	train
mol_1988	train
mol_1989	train
mol_1990	train
mol_1991	val
mol_1992	train
mol_1993	train
mol_1994	test
mol_1995	train
mol_1996	val
mol_1997	train
mol_1998	train
mol_1999	train
mol_2000	train
mol_2001	train
mol_2002	train
mol_2003	val
mol_2004	train
mol_2005	train
mol_2006	train
mol_2007	train
mol_2008	train
mol_2009	test
mol_2010	val
mol_2011	train
mol_2012	train
mol_2013	train
mol_2014	test
mol_2015	train
mol_2016	val
mol_2017	val
mol_2018	train
mol_2019	train
mol_2020	val
mol_2021	val
mol_2022	train
mol_2023	train
mol_2024	train
mol_2025	train
mol_2026	train
mol_2027	train
mol_2028	train
mol_2029	train
mol_2030	val
mol_2031	train
mol_2032	train
mol_2033	train
mol_2034	train
mol_2035	train
mol_2036	train
mol_2037	train
mol_2038	train
mol_2039	train
mol_2040	train
mol_2041	train
mol_2042	train
mol_2043	train
mol_2044	train
mol_2045	train
mol_2046	train
mol_2047	train
mol_2048	train
mol_2049	train
mol_2050	train
mol_2051	train
mol_2052	val
mol_2053	train
mol_2054	train
mol_2055	train
mol_2056	train
mol_2057	train
mol_2058	train
mol_2059	train
mol_2060	train
mol_2061	train
mol_2062	train
mol_2063	val
mol_2064	train
mol_2065	train
mol_2066	train
mol_2067	train
mol_2068	train
mol_2069	train
mol_2070	train
mol_2071	val
mol_2072	train
mol_2073	train
mol_2074	train
mol_2075	val
mol_2076	train
mol_2077	train
mol_2078	train
mol_2079	val
mol_2080	train
mol_2081	val
mol_2082	train
mol_2083	val
mol_2084	train
mol_2085	train
mol_2086	val
mol_2087	val
mol_2088	train
mol_2089	train
mol_2090	train
mol_2091	train
mol_2092	train
mol_2093	val
mol_2094	train
mol_2095	train
mol_2096	train
mol_2097	train
mol_2098	train
mol_2099	val
mol_2100	train
mol_2101	train
mol_2102	train
mol_2103	train
mol_2104	train
mol_2105	train
mol_2106	train
mol_2107	train
mol_2108	val
mol_2109	train
mol_2110	train
mol_2111	train
mol_2112	train
mol_2113	train
mol_2114	train
mol_2115	train
mol_2116	train
mol_2117	train
mol_2118	train
mol_2119	val
mol_2120	train
mol_2121	val
mol_2122	val
mol_2123	val
mol_2124	val
mol_2125	train
mol_2126	val
mol_2127	val
mol_2128	train
mol_2129	val
mol_2130	train
mol_2131	train
mol_2132	train
mol_2133	train
mol_2134	train
mol_2135	train
mol_2136	train
mol_2137	train
mol_2138	train
mol_2139	train
mol_2140	train
mol_2141	train
mol_2142	train
mol_2143	train
mol_2144	train
mol_2145	train
mol_2146	train
mol_2147	train
mol_2148	val
mol_2149	train
mol_2150	train
mol_2151	train
mol_2152	train
mol_2153	train
mol_2154	train
mol_2155	train
mol_2156	train
mol_2157	val
mol_2158	train
mol_2159	train
mol_2160	train
mol_2161	train
mol_2162	val
mol_2163	train
mol_2164	val
mol_2165	train
mol_2166	val
mol_2167	val
mol_2168	train
mol_2169	train
mol_2170	train
mol_2171	val
mol_2172	val
mol_2173	test
mol_2174	test
mol_2175	train
mol_2176	test
mol_2177	train
mol_2178	train
mol_2179	test
mol_2180	train
mol_2181	train
mol_2182	train
mol_2183	train
mol_2184	train
mol_2185	val
mol_2186	train
mol_2187	test
mol_2188	train
mol_2189	train
mol_2190	val
mol_2191	train
mol_2192	train
mol_2193	train
mol_2194	train
mol_2195	train
mol_2196	train
mol_2197	train
mol_2198	train
mol_2199	train
mol_2200	train
mol_2201	val
mol_2202	train
mol_2203	test
mol_2204	val
mol_2205	val
mol_2206	train
mol_2207	train
mol_2208	train
mol_2209	train
mol_2210	train
mol_2211	val
mol_2212	train
mol_2213	train
mol_2214	test
mol_2215	train
mol_2216	train
mol_2217	train
mol_2218	train
mol_2219	train
mol_2220	train
mol_2221	test
mol_2222	train
mol_2223	train
mol_2224	train
mol_2225	val
mol_2226	train
mol_2227	test
mol_2228	test
mol_2229	test
mol_2230	test
mol_2231	test
mol_2232	train
mol_2233	val
mol_2234	train
mol_2235	train
mol_2236	train
mol_2237	train
mol_2238	train
mol_2239	train
mol_2240	train
mol_2241	train
mol_2242	train
mol_2243	val
mol_2244	val
mol_2245	train
mol_2246	val
mol_2247	train
mol_2248	train
mol_2249	train
mol_2250	train
mol_2251	val
mol_2252	train
mol_2253	train
mol_2254	train
mol_2255	train
mol_2256	train
mol_2257	train
mol_2258	train
mol_2259	train
mol_2260	train
mol_2261	train
mol_2262	train
mol_2263	train
mol_2264	train
mol_2265	train
mol_2266	test
mol_2267	train
mol_2268	val
mol_2269	train
mol_2270	train
mol_2271	test
mol_2272	test
mol_2273	train
mol_2274	train
mol_2275	train
mol_2276	test
mol_2277	train
mol_2278	train
mol_2279	train
mol_2280	train
mol_2281	train
mol_2282	train
mol_2283	train
mol_2284	train
mol_2285	val
mol_2286	val
mol_2287	test
mol_2288	val
mol_2289	val
mol_2291	val
mol_2292	train
mol_2293	val
mol_2294	train
mol_2295	test
mol_2296	train
mol_2298	train
mol_2299	val
mol_2300	train
mol_2301	train
mol_2302	test
mol_2303	train
mol_2304	train
mol_2305	train
mol_2306	train
mol_2307	train
mol_2308	val
mol_2309	test
mol_2310	train
mol_2311	test
mol_2312	train
mol_2313	train
mol_2314	train
mol_2315	val
mol_2316	train
mol_2317	train
mol_2318	val
mol_2319	train
mol_2320	test
mol_2321	train
mol_2322	train
mol_2323	train
mol_2324	val
mol_2325	train
mol_2326	train
mol_2327	train
mol_2328	train
mol_2329	train
mol_2330	train
mol_2331	train
mol_2332	train
mol_2333	train
mol_2334	val
mol_2335	train
mol_2336	val
mol_2337	train
mol_2338	train
mol_2339	val
mol_2340	train
mol_2341	val
mol_2342	train
mol_2343	train
mol_2344	val
mol_2345	train
mol_2346	train
mol_2347	val
mol_2348	train
mol_2349	train
mol_2350	train
mol_2351	train
mol_2352	train
mol_2353	train
mol_2354	train
mol_2355	val
mol_2356	val
mol_2357	train
mol_2358	train
mol_2359	train
mol_2360	train
mol_2361	train
mol_2362	train
mol_2363	train
mol_2364	train
mol_2365	train
mol_2366	train
mol_2367	train
mol_2368	train
mol_2369	train
mol_2370	train
mol_2371	train
mol_2372	train
mol_2373	train
mol_2374	train
mol_2375	train
mol_2376	train
mol_2377	train
mol_2378	train
mol_2379	train
mol_2380	val
mol_2381	test
mol_2382	train
mol_2383	val
mol_2384	val
mol_2385	val
mol_2386	test
mol_2387	train
mol_2388	val
mol_2389	train
mol_2390	val
mol_2391	train
mol_2392	train
mol_2393	train
mol_2394	train
mol_2395	val
mol_2396	train
mol_2397	train
mol_2398	train
mol_2399	train
mol_2400	train
mol_2401	train
mol_2402	val
mol_2403	val
mol_2404	val
mol_2405	test
mol_2406	train
mol_2407	train
mol_2408	train
mol_2409	train
mol_2410	train
mol_2411	train
mol_2412	train
mol_2413	val
mol_2414	train
mol_2415	train
mol_2416	val
mol_2417	train
mol_2418	val
mol_2419	train
mol_2420	train
mol_2421	train
mol_2422	test
mol_2423	train
mol_2424	test
mol_2425	val
mol_2426	test
mol_2427	train
mol_2428	train
mol_2429	test
mol_2430	val
mol_2431	val
mol_2432	train
mol_2433	test
mol_2434	train
mol_2435	test
mol_2436	train
mol_2437	train
mol_2438	val
mol_2439	train
mol_2440	train
mol_2441	train
mol_2442	train
mol_2443	train
mol_2444	train
mol_2445	train
mol_2446	train
mol_2447	train
mol_2448	val
mol_2449	train
mol_2450	train
mol_2451	train
mol_2452	train
mol_2453	val
mol_2454	train
mol_2455	train
mol_2456	val
mol_2457	val
mol_2458	val
mol_2459	test
mol_2460	val
mol_2461	val
mol_2462	val
mol_2463	train
mol_2464	train
mol_2465	train
mol_2466	test
mol_2467	train
mol_2468	train
mol_2469	train
mol_2470	train
mol_2471	train
mol_2472	train
mol_2473	train
mol_2474	train
mol_2475	train
mol_2476	train
mol_2477	test
mol_2478	train
mol_2479	val
mol_2480	train
mol_2481	test
mol_2482	train
mol_2483	train
mol_2484	train
mol_2485	train
mol_2486	val
mol_2487	train
mol_2488	train
mol_2489	val
mol_2490	train
mol_2491	test
mol_2492	test
mol_2493	val
mol_2494	val
mol_2495	val
mol_2496	train
mol_2497	val
mol_2498	train
mol_2499	val
mol_2500	train
mol_2501	train
mol_2502	val
mol_2503	train
mol_2504	train
mol_2505	train
mol_2506	val
mol_2507	train
mol_2508	train
mol_2509	test
mol_2510	val
mol_2511	train
mol_2512	test
mol_2513	train
mol_2514	train
mol_2515	train
mol_2516	val
mol_2517	train
mol_2518	train
mol_2519	train
mol_2520	train
mol_2521	train
mol_2522	train
mol_2523	val
mol_2524	train
mol_2525	train
mol_2526	train
mol_2527	train
mol_2528	train
mol_2529	train
mol_2530	train
mol_2531	train
mol_2532	val
mol_2533	val
mol_2534	train
mol_2535	train
mol_2536	train
mol_2537	val
mol_2538	val
mol_2539	test
mol_2540	train
mol_2541	train
mol_2542	test
mol_2543	train
mol_2544	train
mol_2545	train
mol_2546	train
mol_2547	test
mol_2548	train
mol_2549	train
mol_2550	train
mol_2551	test
mol_2552	train
mol_2553	train
mol_2554	train
mol_2555	train
mol_2556	train
mol_2557	train
mol_2558	train
mol_2559	train
mol_2560	val
mol_2561	train
mol_2562	train
mol_2563	test
mol_2564	train
mol_2565	train
mol_2566	val
mol_2567	train
mol_2568	train
mol_2569	train
mol_2570	test
mol_2571	train
mol_2572	train
mol_2573	train
mol_2574	train
mol_2575	train
mol_2576	val
mol_2577	train
mol_2578	train
mol_2579	train
mol_2580	test
mol_2581	train
mol_2582	train
mol_2583	train
mol_2584	train
mol_2585	train
mol_2586	train
mol_2587	test
mol_2588	train
mol_2589	val
mol_2590	val
mol_2591	test
mol_2592	train
mol_2593	val
mol_2594	val
mol_2595	train
mol_2596	train
mol_2597	train
mol_2598	val
mol_2599	train
mol_2600	train
mol_2601	train
mol_2602	train
mol_2603	train
mol_2604	train
mol_2605	train
mol_2606	train
mol_2607	train
mol_2608	train
mol_2609	val
mol_2610	train
mol_2611	train
mol_2612	train
mol_2613	train
mol_2614	test
mol_2615	train
mol_2616	train
mol_2617	train
mol_2618	train
mol_2619	train
mol_2620	train
mol_2621	val
mol_2622	train
mol_2623	val
mol_2624	train
mol_2625	test
mol_2626	train
mol_2627	train
mol_2628	test
mol_2629	train
mol_2630	train
mol_2631	train
mol_2632	train
mol_2633	train
mol_2634	train
mol_2635	val
mol_2636	train
mol_2637	val
mol_2638	train
mol_2639	train
mol_2640	test
mol_2641	train
mol_2642	train
mol_2643	train
mol_2644	train
mol_2645	train
mol_2646	test
mol_2647	train
mol_2648	train
mol_2649	train
mol_2650	train
mol_2651	test
mol_2652	train
mol_2653	train
mol_2654	train
mol_2655	train
mol_2656	train
mol_2657	val
mol_2658	train
mol_2659	train
mol_2660	train
mol_2661	train
mol_2662	train
mol_2663	val
mol_2664	train
mol_2665	train
mol_2666	train
mol_2667	test
mol_2668	train
mol_2669	train
mol_2670	train
mol_2671	train
mol_2672	train
mol_2673	val
mol_2674	train
mol_2675	val
mol_2676	train
mol_2677	train
mol_2678	val
mol_2679	test
mol_2680	val
mol_2681	train
mol_2682	test
mol_2683	train
mol_2684	train
mol_2685	train
mol_2686	train
mol_2687	train
mol_2688	train
mol_2689	train
mol_2690	train
mol_2691	train
mol_2692	val
mol_2693	train
mol_2694	train
mol_2695	train
mol_2696	train
mol_2697	train
mol_2698	train
mol_2699	train
mol_2700	train
mol_2701	val
mol_2702	test
mol_2703	test
mol_2704	train
mol_2705	train
mol_2706	train
mol_2707	val
mol_2708	train
mol_2709	train
mol_2710	train
mol_2711	train
mol_2712	val
mol_2713	train
mol_2714	test
mol_2715	train
mol_2716	train
mol_2717	train
mol_2718	train
mol_2719	val
mol_2720	train
mol_2721	train
mol_2722	train
mol_2723	val
mol_2724	train
mol_2725	val
mol_2726	train
mol_2727	train
mol_2728	train
mol_2729	train
mol_2730	train
mol_2731	val
mol_2732	train
mol_2733	train
mol_2734	train
mol_2735	test
mol_2736	train
mol_2737	train
mol_2738	train
mol_2739	train
mol_2740	train
mol_2741	train
mol_2742	train
mol_2743	train
mol_2744	val
mol_2745	train
mol_2746	val
mol_2747	train
mol_2748	train
mol_2749	train
mol_2750	train
mol_2751	train
mol_2752	train
mol_2753	train
mol_2754	train
mol_2755	train
mol_2756	test
mol_2757	train
mol_2758	train
mol_2759	val
mol_2760	test
mol_2761	train
mol_2762	train
mol_2763	val
mol_2764	val
mol_2765	train
mol_2766	test
mol_2767	test
mol_2768	test
mol_2769	train
mol_2770	test
mol_2771	val
mol_2772	val
mol_2773	train
mol_2774	train
mol_2775	test
mol_2776	train
mol_2777	train
mol_2778	val
mol_2779	val
mol_2780	train
mol_2781	train
mol_2782	val
mol_2783	train
mol_2784	train
mol_2785	train
mol_2786	train
mol_2787	train
mol_2788	val
mol_2789	train
mol_2790	train
mol_2791	train
mol_2792	train
mol_2793	val
mol_2794	val
mol_2795	val
mol_2796	val
mol_2797	train
mol_2798	val
mol_2799	train
mol_2800	val
mol_2801	val
mol_2802	val
mol_2803	train
mol_2804	train
mol_2805	train
mol_2806	val
mol_2807	train
mol_2808	train
mol_2809	train
mol_2810	val
mol_2811	train
mol_2812	test
mol_2813	train
mol_2814	train
mol_2815	train
mol_2816	val
mol_2817	train
mol_2818	train
mol_2819	train
mol_2820	test
mol_2821	train
mol_2822	train
mol_2823	train
mol_2824	train
mol_2825	train
mol_2826	train
mol_2827	train
mol_2828	train
mol_2829	train
mol_2830	val
mol_2831	val
mol_2832	test
mol_2833	test
mol_2834	train
mol_2835	train
mol_2836	train
mol_2837	train
mol_2838	train
mol_2839	train
mol_2840	train
mol_2841	train
mol_2842	train
mol_2843	train
mol_2844	train
mol_2845	val
mol_2846	val
mol_2847	val
mol_2848	train
mol_2849	val
mol_2850	train
mol_2851	val
mol_2852	train
mol_2853	train
mol_2854	train
mol_2855	train
mol_2856	train
mol_2857	train
mol_2858	train
mol_2859	train
mol_2860	train
mol_2861	train
mol_2862	train
mol_2863	train
mol_2864	val
mol_2865	train
mol_2866	train
mol_2867	train
mol_2868	train
mol_2869	train
mol_2870	val
mol_2871	train
mol_2872	train
mol_2873	train
mol_2874	val
mol_2875	val
mol_2876	train
mol_2877	test
mol_2878	train
mol_2879	train
mol_2880	val
mol_2881	train
mol_2882	train
mol_2883	train
mol_2884	train
mol_2885	train
mol_2886	train
mol_2887	train
mol_2888	train
mol_2889	val
mol_2890	train
mol_2891	test
mol_2892	train
mol_2893	train
mol_2894	train
mol_2895	val
mol_2896	train
mol_2897	train
mol_2898	train
mol_2899	train
mol_2900	val
mol_2901	train
mol_2902	train
mol_2903	val
mol_2904	val
mol_2905	train
mol_2906	train
mol_2907	train
mol_2908	train
mol_2909	test
mol_2910	train
mol_2911	train
mol_2912	train
mol_2913	train
mol_2914	train
mol_2915	train
mol_2916	train
mol_2917	train
mol_2918	train
mol_2919	train
mol_2920	val
mol_2921	train
mol_2922	train
mol_2923	val
mol_2924	train
mol_2925	train
mol_2926	train
mol_2927	train
mol_2928	train
mol_2929	train
mol_2930	train
mol_2931	test
mol_2932	val
mol_2933	val
mol_2934	train
mol_2935	train
mol_2936	val
mol_2937	train
mol_2938	train
mol_2939	train
mol_2940	train
mol_2941	train
mol_2942	train
mol_2943	train
mol_2944	val
mol_2945	val
mol_2946	train
mol_2947	test
mol_2948	train
mol_2949	train
mol_2950	train
mol_2951	train
mol_2952	train
mol_2953	test
mol_2954	train
mol_2955	train
mol_2956	test
mol_2957	val
mol_2958	train
mol_2959	train
mol_2960	test
mol_2961	val
mol_2962	train
mol_2963	train
mol_2964	train
mol_2965	test
mol_2966	test
mol_2967	test
mol_2968	test
mol_2969	test
mol_2970	test
mol_2971	train
mol_2972	train
mol_2973	train
mol_2974	train
mol_2975	train
mol_2976	train
mol_2977	train
mol_2978	val
mol_2979	val
mol_2980	train
mol_2981	train
mol_2982	val
mol_2983	train
mol_2984	train
mol_2985	train
mol_2986	train
mol_2987	train
mol_2988	train
mol_2989	test
mol_2990	train
mol_2991	train
mol_2992	test
mol_2993	train
mol_2994	val
mol_2995	train
mol_2996	train
mol_2997	test
mol_2998	train
mol_2999	train
mol_3000	val
mol_3001	train
mol_3002	train
mol_3003	train
mol_3004	train
mol_3005	train
mol_3006	val
mol_3007	train
mol_3008	train
mol_3009	train
mol_3010	train
mol_3011	val
mol_3012	train
mol_3013	test
mol_3014	train
mol_3015	train
mol_3016	val
mol_3017	test
mol_3018	train
mol_3019	train
mol_3020	val
mol_3021	test
mol_3022	train
mol_3023	train
mol_3024	train
mol_3025	train
mol_3026	train
mol_3027	train
mol_3028	train
mol_3029	train
mol_3030	train
mol_3031	train
mol_3032	train
mol_3033	test
mol_3034	val
mol_3035	train
mol_3036	val
mol_3037	test
mol_3038	train
mol_3039	val
mol_3040	val
mol_3041	train
mol_3042	train
mol_3043	test
mol_3044	train
mol_3045	train
mol_3046	test
mol_3047	train
mol_3048	test
mol_3049	train
mol_3050	val
mol_3051	val
mol_3052	train
mol_3053	val
mol_3054	train
mol_3055	train
mol_3056	train
mol_3057	val
mol_3058	train
mol_3059	train
mol_3060	train
mol_3061	train
mol_3062	train
mol_3063	test
mol_3064	train
mol_3065	train
mol_3066	train
mol_3067	train
mol_3068	train
mol_3069	train
mol_3070	train
mol_3071	train
mol_3072	train
mol_3073	train
mol_3074	train
mol_3075	test
mol_3076	train
mol_3077	test
mol_3078	val
mol_3079	val
mol_3080	train
mol_3081	train
mol_3082	train
mol_3083	train
mol_3084	val
mol_3085	train
mol_3086	val
mol_3087	train
mol_3088	train
mol_3089	test
mol_3090	train
mol_3091	val
mol_3092	train
mol_3093	val
mol_3094	val
mol_3095	val
mol_3096	train
mol_3097	train
mol_3098	train
mol_3099	train
mol_3100	test
mol_3101	test
mol_3102	train
mol_3103	train
mol_3104	train
mol_3105	test
mol_3106	val
mol_3107	train
mol_3108	test
mol_3109	val
mol_3110	train
mol_3111	train
mol_3112	test
mol_3113	train
mol_3114	train
mol_3115	train
mol_3116	train
mol_3117	train
mol_3118	test
mol_3119	val
mol_3120	train
mol_3121	train
mol_3122	train
mol_3123	train
mol_3124	train
mol_3125	train
mol_3126	train
mol_3127	train
mol_3128	train
mol_3129	train
mol_3130	train
mol_3131	train
mol_3132	train
mol_3133	train
mol_3134	train
mol_3135	train
mol_3136	train
mol_3137	train
mol_3138	val
mol_3139	train
mol_3140	train
mol_3141	train
mol_3142	train
mol_3143	train
mol_3144	train
mol_3145	val
mol_3146	val
mol_3147	val
mol_3148	train
mol_3149	train
mol_3150	train
mol_3151	val
mol_3152	train
mol_3153	val
mol_3154	train
mol_3155	val
mol_3156	train
mol_3157	train
mol_3158	val
mol_3159	train
mol_3160	val
mol_3161	train
mol_3162	train
mol_3163	train
mol_3164	train
mol_3165	train
mol_3166	train
mol_3167	train
mol_3168	train
mol_3169	train
mol_3170	train
mol_3171	train
mol_3172	train
mol_3173	train
mol_3174	train
mol_3175	train
mol_3176	train
mol_3177	train
mol_3178	train
mol_3179	train
mol_3180	train
mol_3181	train
mol_3182	train
mol_3183	train
mol_3184	val
mol_3185	train
mol_3186	train
mol_3187	test
mol_3188	test
mol_3189	test
mol_3190	train
mol_3191	test
mol_3192	train
mol_3193	val
mol_3194	test
mol_3195	train
mol_3196	train
mol_3197	val
mol_3198	val
mol_3199	test
mol_3200	train
mol_3201	train
mol_3202	train
mol_3203	train
mol_3204	train
mol_3205	train
mol_3206	train
mol_3207	train
mol_3208	test
mol_3209	train
mol_3210	train
mol_3211	val
mol_3212	train
mol_3213	train
mol_3214	train
mol_3215	train
mol_3216	train
mol_3217	train
mol_3218	train
mol_3219	train
mol_3220	train
mol_3221	train
mol_3222	val
mol_3223	train
mol_3224	train
mol_3225	val
mol_3226	train
mol_3227	train
mol_3228	train
mol_3229	train
mol_3230	train
mol_3231	train
mol_3232	train
mol_3233	train
mol_3234	test
mol_3235	train
mol_3236	train
mol_3237	train
mol_3238	train
mol_3239	train
mol_3240	train
mol_3241	train
mol_3242	train
mol_3243	train
mol_3244	val
mol_3245	val
mol_3246	train
mol_3247	train
mol_3248	train
mol_3249	train
mol_3250	train
mol_3251	train
mol_3252	train
mol_3253	train
mol_3254	train
mol_3255	train
mol_3256	train
mol_3257	train
mol_3258	train
mol_3259	train
mol_3260	train
mol_3261	train
mol_3262	train
mol_3263	train
mol_3264	val
mol_3265	train
mol_3266	train
mol_3267	train
mol_3268	train
mol_3269	test
mol_3270	train
mol_3271	train
mol_3272	train
mol_3273	train
mol_3274	train
mol_3275	train
mol_3276	train
mol_3277	val
mol_3278	train
mol_3279	val
mol_3280	val
mol_3281	train
mol_3282	test
mol_3283	train
mol_3284	train
mol_3285	train
mol_3286	train
mol_3287	train
mol_3288	train
mol_3289	train
mol_3290	train
mol_3291	train
mol_3292	val
mol_3293	train
mol_3294	train
mol_3295	test
mol_3296	val
mol_3297	train
mol_3298	train
mol_3299	val
mol_3300	train
mol_3301	train
mol_3302	train
mol_3303	val
mol_3304	train
mol_3305	train
mol_3306	train
mol_3307	train
mol_3308	test
mol_3309	val
mol_3310	val
mol_3311	val
mol_3312	train
mol_3313	train
mol_3314	val
mol_3315	train
mol_3316	train
mol_3317	train
mol_3318	val
mol_3319	train
mol_3320	train
mol_3321	test
mol_3322	val
mol_3323	test
mol_3324	val
mol_3325	val
mol_3326	val
mol_3327	train
mol_3328	train
mol_3329	val
mol_3330	train
mol_3331	train
mol_3332	val
mol_3333	train
mol_3334	train
mol_3335	train
mol_3336	train
mol_3337	train
mol_3338	train
mol_3339	train
mol_3340	train
mol_3341	train
mol_3342	train
mol_3343	val
mol_3344	train
mol_3345	train
mol_3346	train
mol_3347	train
mol_3348	train
mol_3349	train
mol_3350	train
mol_3351	train
mol_3352	val
mol_3353	train
mol_3354	train
mol_3355	val
mol_3356	train
mol_3357	train
mol_3358	train
mol_3359	train
mol_3360	test
mol_3361	train
mol_3362	test
mol_3363	train
mol_3364	train
mol_3365	train
mol_3366	train
mol_3367	train
mol_3368	train
mol_3369	train
mol_3370	test
mol_3371	train
mol_3372	train
mol_3373	train
mol_3374	test
mol_3375	train
mol_3376	train
mol_3377	train
mol_3378	val
mol_3379	train
mol_3380	train
mol_3381	val
mol_3382	train
mol_3383	train
mol_3384	train
mol_3385	train
mol_3386	test
mol_3387	val
mol_3388	val
mol_3389	train
mol_3390	val
mol_3391	train
mol_3392	train
mol_3393	train
mol_3394	train
mol_3395	test
mol_3396	train
mol_3397	train
mol_3398	train
mol_3399	train
mol_3400	train
mol_3401	train
mol_3402	train
mol_3403	train
mol_3404	test
mol_3405	val
mol_3406	val
mol_3407	train
mol_3408	train
mol_3409	train
mol_3410	train
mol_3411	train
mol_3412	train
mol_3413	val
mol_3414	train
mol_3415	val
mol_3416	val
mol_3417	train
mol_3418	train
mol_3419	train
mol_3420	val
mol_3421	test
mol_3422	val
mol_3423	train
mol_3424	train
mol_3425	train
mol_3426	train
mol_3427	val
mol_3428	train
mol_3429	train
mol_3430	train
mol_3431	train
mol_3432	val
mol_3433	train
mol_3434	train
mol_3435	test
mol_3436	train
mol_3437	val
mol_3438	val
mol_3439	train
mol_3440	test
mol_3441	train
mol_3442	train
mol_3443	val
mol_3444	test
mol_3445	val
mol_3446	train
mol_3447	train
mol_3448	val
mol_3449	train
mol_3450	train
mol_3451	train
mol_3452	val
mol_3453	train
mol_3454	train
mol_3455	train
mol_3456	train
mol_3457	train
mol_3458	train
mol_3459	train
mol_3460	test
mol_3461	train
mol_3462	val
mol_3463	train
mol_3464	train
mol_3465	val
mol_3466	train
mol_3467	train
mol_3468	val
mol_3469	train
mol_3470	train
mol_3471	train
mol_3472	train
mol_3473	train
mol_3474	train
mol_3475	train
mol_3476	val
mol_3477	test
mol_3478	train
mol_3479	val
mol_3480	train
mol_3481	train
mol_3482	train
mol_3483	train
mol_3484	train
mol_3485	val
mol_3486	val
mol_3487	test
mol_3488	train
mol_3489	train
mol_3490	val
mol_3491	train
mol_3492	train
mol_3493	train
mol_3494	test
mol_3495	train
mol_3496	val
mol_3497	train
mol_3498	train
mol_3499	train
mol_3500	train
mol_3501	train
mol_3502	train
mol_3503	test
mol_3504	train
mol_3505	train
mol_3506	val
mol_3507	train
mol_3508	train
mol_3509	train
mol_3510	val
mol_3511	test
mol_3512	train
mol_3513	test
mol_3514	train
mol_3515	val
mol_3516	train
mol_3517	train
mol_3518	val
mol_3519	val
mol_3520	val
mol_3521	train
mol_3522	train
mol_3523	train
mol_3524	train
mol_3525	train
mol_3526	train
mol_3527	train
mol_3528	train
mol_3529	val
mol_3530	test
mol_3531	train
mol_3532	test
mol_3533	train
mol_3534	train
mol_3535	train
mol_3536	train
mol_3537	train
mol_3538	val
mol_3539	train
mol_3540	train
mol_3541	train
mol_3542	train
mol_3543	train
mol_3544	train
mol_3545	train
mol_3546	train
mol_3547	train
mol_3548	train
mol_3549	train
mol_3550	train
mol_3551	train
mol_3552	train
mol_3553	test
mol_3554	train
mol_3555	train
mol_3556	train
mol_3557	train
mol_3559	train
mol_3560	test
mol_3561	val
mol_3562	test
mol_3563	train
mol_3564	train
mol_3565	train
mol_3566	train
mol_3567	val
mol_3568	val
mol_3569	train
mol_3570	val
mol_3571	train
mol_3572	train
mol_3573	train
mol_3574	train
mol_3575	train
mol_3576	train
mol_3577	train
mol_3578	train
mol_3579	train
mol_3580	train
mol_3581	train
mol_3582	train
mol_3583	train
mol_3584	train
mol_3585	test
mol_3586	train
mol_3587	val
mol_3588	train
mol_3589	train
mol_3590	train
mol_3591	train
mol_3592	test
mol_3593	train
mol_3594	train
mol_3595	train
mol_3596	train
mol_3597	val
mol_3598	train
mol_3599	val
mol_3600	val
mol_3601	val
mol_3602	train
mol_3603	train
mol_3604	test
mol_3605	test
mol_3606	train
mol_3607	train
mol_3608	train
mol_3609	test
mol_3610	val
mol_3611	train
mol_3612	train
mol_3613	test
mol_3614	train
mol_3615	val
mol_3616	train
mol_3617	train
mol_3618	train
mol_3619	test
mol_3620	train
mol_3621	train
mol_3622	train
mol_3623	val
mol_3624	train
mol_3625	train
mol_3626	test
mol_3627	train
mol_3628	val
mol_3629	train
mol_3630	train
mol_3631	train
mol_3632	train
mol_3633	train
mol_3634	train
mol_3635	train
mol_3636	train
mol_3637	train
mol_3638	train
mol_3639	test
mol_3640	val
mol_3641	train
mol_3642	train
mol_3643	train
mol_3644	train
mol_3645	train
mol_3646	train
mol_3647	val
mol_3648	train
mol_3649	train
mol_3650	val
mol_3651	test
mol_3652	val
mol_3653	val
mol_3654	train
mol_3655	val
mol_3656	train
mol_3657	train
mol_3658	train
mol_3659	train
mol_3660	train
mol_3661	train
mol_3662	train
mol_3663	train
mol_3664	test
mol_3665	train
mol_3666	train
mol_3667	train
mol_3668	train
mol_3669	train
mol_3670	train
mol_3671	train
mol_3672	train
mol_3673	train
mol_3674	train
mol_3675	train
mol_3676	train
mol_3677	train
mol_3678	test
mol_3679	train
mol_3680	val
mol_3681	train
mol_3682	test
mol_3683	train
mol_3684	train
mol_3685	train
mol_3686	train
mol_3687	train
mol_3688	test
mol_3689	train
mol_3690	train
mol_3691	train
mol_3692	train
mol_3693	val
mol_3694	train
mol_3695	train
mol_3696	train
mol_3697	train
mol_3698	train
mol_3699	train
mol_3700	train
mol_3701	train
mol_3702	train
mol_3703	train
mol_3704	train
mol_3705	train
mol_3706	val
mol_3707	train
mol_3708	train
mol_3709	train
mol_3710	train
mol_3711	train
mol_3712	train
mol_3713	train
mol_3714	train
mol_3715	val
mol_3716	train
mol_3717	train
mol_3718	val
mol_3719	val
mol_3720	val
mol_3721	train
mol_3722	train
mol_3723	train
mol_3724	val
mol_3725	train
mol_3726	train
mol_3727	val
mol_3728	train
mol_3729	val
mol_3730	train
mol_3731	train
mol_3732	train
mol_3733	train
mol_3734	val
mol_3735	train
mol_3736	train
mol_3737	train
mol_3738	val
mol_3739	val
mol_3740	train
mol_3741	train
mol_3742	train
mol_3743	train
mol_3744	train
mol_3745	train
mol_3746	val
mol_3747	train
mol_3748	train
mol_3749	train
mol_3750	val
mol_3751	train
mol_3752	train
mol_3753	train
mol_3754	train
mol_3755	train
mol_3756	train
mol_3757	val
mol_3758	train
mol_3759	train
mol_3760	val
mol_3761	train
mol_3762	train
mol_3763	val
mol_3764	train
mol_3765	train
mol_3766	train
mol_3767	val
mol_3768	train
mol_3769	train
mol_3770	test
mol_3771	train
mol_3772	val
mol_3773	train
mol_3774	train
mol_3775	train
mol_3776	train
mol_3777	train
mol_3778	train
mol_3779	train
mol_3780	train
mol_3781	test
mol_3782	train
mol_3783	train
mol_3784	train
mol_3785	train
mol_3786	train
mol_3787	train
mol_3788	train
mol_3789	train
mol_3790	train
mol_3791	val
mol_3792	test
mol_3793	val
mol_3794	val
mol_3795	train
mol_3796	train
mol_3797	train
mol_3798	test
mol_3799	val
mol_3800	test
mol_3801	train
mol_3802	train
mol_3803	train
mol_3804	val
mol_3805	test
mol_3806	val
mol_3807	train
mol_3808	test
mol_3809	train
mol_3810	train
mol_3811	train
mol_3812	train
mol_3813	train
mol_3814	train
mol_3815	train
mol_3816	train
mol_3817	train
mol_3818	train
mol_3819	val
mol_3820	val
mol_3821	train
mol_3822	train
mol_3823	val
mol_3824	val
mol_3825	val
mol_3826	train
mol_3827	train
mol_3828	train
mol_3829	train
mol_3830	val
mol_3831	train
mol_3832	train
mol_3833	val
mol_3834	val
mol_3835	test
mol_3836	train
mol_3837	train
mol_3838	train
mol_3839	train
mol_3840	test
mol_3841	train
mol_3842	train
mol_3843	train
mol_3844	val
mol_3845	val
mol_3846	train
mol_3847	train
mol_3848	val
mol_3849	train
mol_3850	test
mol_3851	val
mol_3852	train
mol_3853	train
mol_3854	train
mol_3855	train
mol_3856	train
mol_3857	val
mol_3858	train
mol_3859	train
mol_3860	train
mol_3861	train
mol_3862	train
mol_3863	train
mol_3864	train
mol_3865	test
mol_3866	test
mol_3867	train
mol_3868	test
mol_3869	train
mol_3870	val
mol_3871	train
mol_3872	train
mol_3873	train
mol_3874	val
mol_3875	train
mol_3876	val
mol_3877	train
mol_3878	val
mol_3879	train
mol_3880	train
mol_3881	train
mol_3882	train
mol_3883	train
mol_3884	train
mol_3885	train
mol_3886	train
mol_3887	val
mol_3888	val
mol_3889	train
mol_3890	train
mol_3891	val
mol_3892	train
mol_3893	train
mol_3894	train
mol_3895	train
mol_3896	train
mol_3897	train
mol_3898	train
mol_3899	train
mol_3900	train
mol_3901	train
mol_3902	train
mol_3903	val
mol_3904	train
mol_3905	val
mol_3906	val
mol_3907	train
mol_3908	train
mol_3909	train
mol_3910	val
mol_3911	test
mol_3912	train
mol_3913	train
mol_3914	train
mol_3915	val
mol_3916	train
mol_3917	train
mol_3918	train
mol_3919	train
mol_3920	val
mol_3921	train
mol_3922	train
mol_3923	val
mol_3924	train
mol_3925	train
mol_3926	train
mol_3927	train
mol_3928	train
mol_3929	train
mol_3930	train
mol_3931	train
mol_3932	train
mol_3933	train
mol_3934	train
mol_3935	train
mol_3936	train
mol_3937	val
mol_3938	train
mol_3939	val
mol_3940	train
mol_3941	val
mol_3942	val
mol_3943	train
mol_3944	val
mol_3945	val
mol_3946	train
mol_3947	test
mol_3948	train
mol_3949	train
mol_3950	test
mol_3951	train
mol_3952	train
mol_3953	train
mol_3954	train
mol_3955	val
mol_3956	train
mol_3957	val
mol_3958	train
mol_3959	train
mol_3960	train
mol_3961	train
mol_3962	train
mol_3963	train
mol_3964	train
mol_3965	train
mol_3966	train
mol_3967	train
mol_3968	train
mol_3969	train
mol_3970	val
mol_3971	test
mol_3972	test
mol_3973	train
mol_3974	val
mol_3975	train
mol_3976	test
mol_3977	train
mol_3978	val
mol_3979	train
mol_3980	train
mol_3981	train
mol_3982	train
mol_3983	test
mol_3984	train
mol_3985	val
mol_3986	train
mol_3987	train
mol_3988	train
mol_3989	train
mol_3990	train
mol_3991	val
mol_3992	train
mol_3993	train
mol_3994	train
mol_3995	train
mol_3996	train
mol_3997	train
mol_3998	train
mol_3999	train
mol_4000	train
mol_4001	val
mol_4002	train
mol_4003	val
mol_4004	val
mol_4005	test
mol_4006	test
mol_4007	train
mol_4008	test
mol_4009	train
mol_4010	train
mol_4011	train
mol_4012	train
mol_4013	train
mol_4014	train
mol_4015	train
mol_4016	train
mol_4017	train
mol_4018	train
mol_4019	train
mol_4020	val
mol_4021	train
mol_4022	val
mol_4023	val
mol_4024	test
mol_4025	train
mol_4026	val
mol_4027	val
mol_4028	train
mol_4029	train
mol_4030	train
mol_4031	train
mol_4032	train
mol_4033	test
mol_4034	train
mol_4035	train
mol_4036	train
mol_4037	train
mol_4038	train
mol_4039	train
mol_4040	val
mol_4041	train
mol_4042	train
mol_4043	train
mol_4044	val
mol_4045	train
mol_4046	train
mol_4047	train
mol_4048	train
mol_4049	train
mol_4050	val
mol_4051	val
mol_4052	train
mol_4053	val
mol_4054	val
mol_4055	train
mol_4056	train
mol_4057	train
mol_4058	train
mol_4059	val
mol_4060	train
mol_4061	val
mol_4062	train
mol_4063	train
mol_4064	train
mol_4065	val
mol_4066	train
mol_4067	train
mol_4068	train
mol_4069	train
mol_4070	train
mol_4071	train
mol_4072	val
mol_4073	train
mol_4074	train
mol_4075	train
mol_4076	train
mol_4077	train
mol_4078	train
mol_4079	test
mol_4080	train
mol_4081	train
mol_4082	val
mol_4083	train
mol_4084	train
mol_4085	test
mol_4086	train
mol_4087	train
mol_4088	train
mol_4089	train
mol_4090	train
mol_4091	train
mol_4092	train
mol_4093	train
mol_4094	train
mol_4095	val
mol_4096	test
mol_4097	train
mol_4098	train
mol_4099	train
mol_4100	test
mol_4101	val
mol_4102	train
mol_4103	train
mol_4104	train
mol_4105	train
mol_4106	train
mol_4107	val
mol_4108	train
mol_4109	train
mol_4110	val
mol_4111	train
mol_4112	train
mol_4113	train
mol_4114	train
mol_4115	train
mol_4116	val
mol_4117	val
mol_4118	train
mol_4119	train
mol_4120	train
mol_4121	train
mol_4122	train
mol_4123	test
mol_4124	train
mol_4125	test
mol_4126	train
mol_4127	val
mol_4128	train
mol_4129	train
mol_4130	train
mol_4131	train
mol_4132	val
mol_4133	train
mol_4134	val
mol_4135	val
mol_4136	train
mol_4137	train
mol_4138	train
mol_4139	val
mol_4140	train
mol_4141	train
mol_4142	train
mol_4143	test
mol_4144	train
mol_4145	train
mol_4146	train
mol_4147	train
mol_4148	train
mol_4149	train
mol_4150	train
mol_4151	train
mol_4152	train
mol_4153	train
mol_4154	train
mol_4155	val
mol_4156	train
mol_4157	train
mol_4158	train
mol_4159	train
mol_4160	train
mol_4161	train
mol_4162	train
mol_4163	train
mol_4164	train
mol_4165	train
mol_4166	train
mol_4167	val
mol_4168	train
mol_4169	train
mol_4170	train
mol_4171	train
mol_4172	train
mol_4173	train
mol_4174	val
mol_4175	train
mol_4176	train
mol_4177	train
mol_4178	test
mol_4179	val
mol_4180	train
mol_4181	val
mol_4182	train
mol_4183	train
mol_4184	train
mol_4185	val
mol_4186	val
mol_4187	train
mol_4188	train
mol_4189	train
mol_4190	val
mol_4191	train
mol_4192	train
mol_4193	train
mol_4194	train
mol_4195	train
mol_4196	val
mol_4197	train
mol_4198	train
mol_4199	train
mol_4200	train
mol_4201	train
mol_4202	train
mol_4203	train
mol_4204	val
mol_4205	train
mol_4206	train
mol_4207	val
mol_4208	val
mol_4209	val
mol_4210	val
mol_4211	train
mol_4212	val
mol_4213	train
mol_4214	train
mol_4215	train
mol_4216	test
mol_4217	train
mol_4218	train
mol_4219	val
mol_4220	train
mol_4221	test
mol_4222	train
mol_4223	train
mol_4224	train
mol_4225	train
mol_4226	train
mol_4227	test
mol_4228	train
mol_4229	train
mol_4230	train
mol_4231	train
mol_4232	test
mol_4233	val
mol_4234	val
mol_4235	train
mol_4236	train
mol_4237	train
mol_4238	train
mol_4239	train
mol_4240	train
mol_4241	test
mol_4242	val
mol_4243	test
mol_4244	val
mol_4245	train
mol_4246	train
mol_4247	train
mol_4248	train
mol_4249	train
mol_4250	train
mol_4251	train
mol_4252	train
mol_4253	train
mol_4254	train
mol_4255	train
mol_4256	train
mol_4257	test
mol_4258	train
mol_4259	train
mol_4260	train
mol_4261	train
mol_4262	train
mol_4263	train
mol_4264	train
mol_4265	val
mol_4266	train
mol_4267	val
mol_4268	val
mol_4269	test
mol_4270	train
mol_4271	train
mol_4272	train
mol_4273	val
mol_4274	test
mol_4275	val
mol_4276	train
mol_4277	train
mol_4278	val
mol_4279	train
mol_4280	val
mol_4281	train
mol_4282	train
mol_4283	train
mol_4284	test
mol_4285	train
mol_4286	train
mol_4287	train
mol_4288	train
mol_4289	train
mol_4290	train
mol_4291	train
mol_4292	train
mol_4293	train
mol_4294	train
mol_4295	train
mol_4296	train
mol_4297	train
mol_4298	train
mol_4299	train
mol_4300	val
mol_4301	train
mol_4302	train
mol_4303	test
mol_4304	train
mol_4305	train
mol_4306	val
mol_4307	train
mol_4308	train
mol_4309	train
mol_4310	train
mol_4311	train
mol_4312	train
mol_4313	train
mol_4314	train
mol_4315	train
mol_4316	test
mol_4317	train
mol_4318	train
mol_4319	train
mol_4320	train
mol_4321	train
mol_4322	train
mol_4323	train
mol_4324	train
mol_4325	train
mol_4326	train
mol_4327	train
mol_4328	train
mol_4329	val
mol_4330	train
mol_4331	val
mol_4332	train
mol_4333	train
mol_4334	train
mol_4335	train
mol_4336	val
mol_4337	val
mol_4338	train
mol_4339	train
mol_4340	train
mol_4341	val
mol_4342	val
mol_4343	test
mol_4344	val
mol_4345	train
mol_4346	train
mol_4347	test
mol_4348	train
mol_4349	train
mol_4350	train
mol_4351	test
mol_4352	test
mol_4353	test
mol_4354	val
mol_4355	train
mol_4356	train
mol_4357	train
mol_4358	train
mol_4359	train
mol_4360	train
mol_4361	train
mol_4362	test
mol_4363	train
mol_4364	val
mol_4365	train
mol_4366	test
mol_4367	train
mol_4368	train
mol_4369	train
mol_4370	test
mol_4371	train
mol_4372	test
mol_4373	train
mol_4374	train
mol_4375	val
mol_4376	train
mol_4377	train
mol_4378	val
mol_4379	val
mol_4380	train
mol_4381	train
mol_4382	train
mol_4383	val
mol_4384	train
mol_4385	train
mol_4386	train
mol_4387	train
mol_4388	val
mol_4389	val
mol_4390	train
mol_4391	train
mol_4392	train
mol_4393	test
mol_4394	train
mol_4395	train
mol_4396	test
mol_4397	val
mol_4398	val
mol_4399	train
mol_4400	train
mol_4401	train
mol_4402	train
mol_4403	train
mol_4404	train
mol_4405	train
mol_4406	train
mol_4407	val
mol_4408	train
mol_4409	train
mol_4410	train
mol_4411	train
mol_4412	test
mol_4413	test
mol_4414	train
mol_4415	val
mol_4416	train
mol_4417	val
mol_4418	train
mol_4419	test
mol_4420	train
mol_4421	train
mol_4422	train
mol_4423	train
mol_4424	train
mol_4425	train
mol_4426	test
mol_4427	train
mol_4428	test
mol_4429	val
mol_4430	train
mol_4431	val
mol_4432	train
mol_4433	train
mol_4434	train
mol_4435	train
mol_4436	train
mol_4437	train
mol_4438	val
mol_4439	train
mol_4440	train
mol_4441	train
mol_4442	train
mol_4443	train
mol_4444	train
mol_4445	train
mol_4446	train
mol_4447	train
mol_4448	train
mol_4449	val
mol_4450	train
mol_4451	train
mol_4452	train
mol_4453	train
mol_4454	train
mol_4455	train
mol_4456	train
mol_4457	val
mol_4458	train
mol_4459	test
mol_4460	val
mol_4461	val
mol_4462	train
mol_4463	test
mol_4464	train
mol_4465	train
mol_4466	train
mol_4467	train
mol_4468	test
mol_4469	val
mol_4470	train
mol_4471	train
mol_4472	val
mol_4473	train
mol_4474	train
mol_4475	train
mol_4476	train
mol_4477	test
mol_4478	train
mol_4479	train
mol_4480	train
mol_4481	train
mol_4482	train
mol_4483	val
mol_4484	train
mol_4485	val
mol_4486	val
mol_4487	train
mol_4488	val
mol_4489	train
mol_4490	train
mol_4491	train
mol_4492	test
mol_4493	val
mol_4494	train
mol_4495	val
mol_4496	train
mol_4497	val
mol_4498	train
mol_4499	train
mol_4500	train
mol_4501	train
mol_4502	train
mol_4503	train
mol_4504	train
mol_4505	train
mol_4506	train
mol_4507	train
mol_4508	train
mol_4509	train
mol_4510	train
mol_4511	train
mol_4512	train
mol_4513	val
mol_4514	val
mol_4515	train
mol_4516	train
mol_4517	val
mol_4518	val
mol_4519	train
mol_4520	val
mol_4521	train
mol_4522	train
mol_4523	train
mol_4524	train
mol_4525	train
mol_4526	train
mol_4527	train
mol_4528	train
mol_4529	train
mol_4530	test
mol_4531	val
mol_4532	test
mol_4533	train
mol_4534	train
mol_4535	train
mol_4536	train
mol_4537	train
mol_4538	train
mol_4539	train
mol_4540	train
mol_4541	val
mol_4542	val
mol_4543	val
mol_4544	train
mol_4545	train
mol_4546	train
mol_4547	train
mol_4548	train
mol_4549	val
mol_4550	val
mol_4551	train
mol_4552	test
mol_4553	train
mol_4554	train
mol_4555	val
mol_4556	train
mol_4557	train
mol_4558	train
mol_4559	train
mol_4560	train
mol_4561	train
mol_4562	train
mol_4563	train
mol_4564	train
mol_4566	test
mol_4567	val
mol_4568	train
mol_4569	train
mol_4570	train
mol_4571	train
mol_4572	train
mol_4573	train
mol_4574	train
mol_4575	train
mol_4576	train
mol_4577	train
mol_4578	train
mol_4579	train
mol_4580	train
mol_4581	train
mol_4582	train
mol_4583	train
mol_4584	train
mol_4585	train
mol_4586	train
mol_4587	train
mol_4588	train
mol_4589	train
mol_4590	train
mol_4591	train
mol_4592	train
mol_4593	train
mol_4594	train
mol_4595	train
mol_4596	val
mol_4597	train
mol_4598	val
mol_4599	train
mol_4600	train
mol_4601	train
mol_4602	test
mol_4603	train
mol_4604	train
mol_4605	test
mol_4606	train
mol_4607	train
mol_4608	val
mol_4609	train
mol_4610	train
mol_4611	test
mol_4612	val
mol_4613	train
mol_4614	train
mol_4615	train
mol_4616	test
mol_4617	train
mol_4618	train
mol_4619	train
mol_4620	train
mol_4621	train
mol_4622	train
mol_4623	train
mol_4624	train
mol_4625	train
mol_4626	train
mol_4627	train
mol_4628	val
mol_4629	train
mol_4630	train
mol_4631	train
mol_4632	train
mol_4633	train
mol_4634	train
mol_4635	train
mol_4636	train
mol_4637	train
mol_4638	train
mol_4639	train
mol_4640	val
mol_4641	train
mol_4642	train
mol_4643	train
mol_4644	train
mol_4645	train
mol_4646	train
mol_4647	test
mol_4648	train
mol_4650	test
mol_4651	train
mol_4652	val
mol_4653	train
mol_4654	val
mol_4655	val
mol_4656	train
mol_4657	train
mol_4658	train
mol_4659	train
mol_4660	val
mol_4661	train
mol_4662	val
mol_4663	val
mol_4664	train
mol_4665	val
mol_4666	val
mol_4667	val
mol_4668	val
mol_4669	val
mol_4670	train
mol_4671	val
mol_4672	test
mol_4673	test
mol_4674	train
mol_4675	train
mol_4676	train
mol_4677	train
mol_4678	train
mol_4679	test
mol_4680	train
mol_4681	val
mol_4682	val
mol_4683	train
mol_4684	train
mol_4685	val
mol_4686	train
mol_4687	train
mol_4688	train
mol_4690	train
mol_4691	train
mol_4692	train
mol_4693	train
mol_4694	train
mol_4695	train
mol_4696	val
mol_4697	train
mol_4698	train
mol_4699	val
mol_4700	train
mol_4701	train
mol_4702	train
mol_4703	train
mol_4704	train
mol_4705	train
mol_4706	train
mol_4707	test
mol_4708	train
mol_4709	train
mol_4710	train
mol_4711	train
mol_4712	train
mol_4713	train
mol_4714	train
mol_4715	train
mol_4716	train
mol_4717	train
mol_4718	train
mol_4719	train
mol_4720	val
mol_4721	val
mol_4722	val
mol_4723	test
mol_4724	train
mol_4725	val
mol_4726	train
mol_4727	train
mol_4728	val
mol_4729	train
mol_4730	val
mol_4731	val
mol_4732	train
mol_4733	train
mol_4734	val
mol_4735	val
mol_4736	train
mol_4737	train
mol_4738	train
mol_4739	train
mol_4740	train
mol_4741	val
mol_4742	train
mol_4743	train
mol_4744	train
mol_4745	train
mol_4746	val
mol_4747	val
mol_4748	train
mol_4749	train
mol_4750	train
mol_4751	train
mol_4752	val
mol_4753	val
mol_4754	train
mol_4755	train
mol_4756	train
mol_4757	train
mol_4758	train
mol_4759	val
mol_4760	train
mol_4761	train
mol_4762	train
mol_4763	train
mol_4764	train
mol_4765	val
mol_4766	val
mol_4767	train
mol_4768	val
mol_4769	train
mol_4770	train
mol_4771	train
mol_4772	test
mol_4773	train
mol_4774	test
mol_4775	train
mol_4776	train
mol_4777	train
mol_4778	train
mol_4779	train
mol_4780	val
mol_4781	train
mol_4782	train
mol_4783	train
mol_4784	train
mol_4785	train
mol_4786	train
mol_4787	train
mol_4788	test
mol_4789	val
mol_4790	train
mol_4791	train
mol_4792	train
mol_4793	train
mol_4794	train
mol_4795	train
mol_4796	train
mol_4797	val
mol_4798	train
mol_4799	val
mol_4800	test
mol_4801	train
mol_4802	train
mol_4803	train
mol_4804	train
mol_4805	train
mol_4806	train
mol_4807	train
mol_4808	val
mol_4809	train
mol_4810	train
mol_4811	train
mol_4812	train
mol_4813	train
mol_4814	train
mol_4815	val
mol_4816	train
mol_4817	train
mol_4818	train
mol_4819	train
mol_4820	test
mol_4821	test
mol_4822	test
mol_4823	train
mol_4824	train
mol_4825	train
mol_4826	train
mol_4827	train
mol_4828	train
mol_4829	train
mol_4830	train
mol_4831	train
mol_4832	train
mol_4833	train
mol_4834	train
mol_4835	train
mol_4836	train
mol_4837	train
mol_4838	train
mol_4839	train
mol_4840	train
mol_4841	train
mol_4842	test
mol_4843	train
mol_4844	train
mol_4845	train
mol_4846	train
mol_4847	train
mol_4848	train
mol_4849	val
mol_4850	train
mol_4851	train
mol_4852	train
mol_4853	train
mol_4854	train
mol_4855	train
mol_4856	val
mol_4857	train
mol_4858	test
mol_4859	train
mol_4860	train
mol_4861	train
mol_4862	train
mol_4863	train
mol_4864	train
mol_4865	train
mol_4866	test
mol_4867	train
mol_4868	train
mol_4869	val
mol_4870	train
mol_4871	train
mol_4872	val
mol_4873	train
mol_4874	train
mol_4875	train
mol_4876	train
mol_4877	train
mol_4878	train
mol_4879	train
mol_4880	train
mol_4881	val
mol_4882	test
mol_4883	train
mol_4884	train
mol_4885	train
mol_4886	train
mol_4887	train
mol_4888	train
mol_4889	train
mol_4890	train
mol_4891	train
mol_4892	train
mol_4893	train
mol_4894	train
mol_4895	train
mol_4896	train
mol_4897	train
mol_4898	train
mol_4899	train
mol_4900	train
mol_4901	test
mol_4902	train
mol_4903	train
mol_4904	train
mol_4905	train
mol_4906	test
mol_4907	val
mol_4908	train
mol_4909	val
mol_4910	train
mol_4911	val
mol_4912	val
mol_4913	train
mol_4914	train
mol_4915	test
mol_4916	test
mol_4917	train
mol_4918	test
mol_4919	train
mol_4920	test
mol_4921	test
mol_4922	train
mol_4923	test
mol_4924	train
mol_4925	train
mol_4926	val
mol_4927	train
mol_4928	train
mol_4929	train
mol_4930	val
mol_4931	train
mol_4932	val
mol_4933	train
mol_4934	test
mol_4935	train
mol_4936	train
mol_4937	train
mol_4938	train
mol_4939	train
mol_4940	val
mol_4941	train
mol_4942	train
mol_4943	train
mol_4944	train
mol_4945	train
mol_4946	train
mol_4947	train
mol_4948	train
mol_4949	train
mol_4950	val
mol_4951	test
mol_4952	train
mol_4953	val
mol_4954	train
mol_4955	train
mol_4956	val
mol_4957	train
mol_4958	val
mol_4959	train
mol_4960	train
mol_4961	val
mol_4962	val
mol_4963	train
mol_4964	test
mol_4965	test
mol_4966	train
mol_4967	test
mol_4968	test
mol_4969	test
mol_4970	train
mol_4971	test
mol_4972	train
mol_4973	train
mol_4974	train
mol_4975	train
mol_4976	train
mol_4977	train
mol_4978	train
mol_4979	val
mol_4980	test
mol_4981	val
mol_4982	val
mol_4983	train
mol_4984	train
mol_4985	train
mol_4986	train
mol_4987	train
mol_4988	train
mol_4989	test
mol_4990	train
mol_4991	train
mol_4992	test
mol_4993	train
mol_4994	train
mol_4995	train
mol_4996	train
mol_4997	train
mol_4998	train
mol_4999	val
mol_5000	train
mol_5001	train
mol_5002	train
mol_5003	train
mol_5004	train
mol_5005	val
mol_5006	train
mol_5007	train
mol_5008	test
mol_5009	train
mol_5010	val
mol_5011	train
mol_5012	train
mol_5013	train
mol_5014	train
mol_5015	val
mol_5016	train
mol_5017	train
mol_5018	val
mol_5019	val
mol_5020	train
mol_5021	train
mol_5022	train
mol_5023	train
mol_5024	test
mol_5025	test
mol_5026	train
mol_5027	train
mol_5028	val
mol_5029	train
mol_5030	train
mol_5031	train
mol_5032	train
mol_5033	val
mol_5034	train
mol_5035	train
mol_5036	train
mol_5037	train
mol_5038	train
mol_5039	train
mol_5040	train
mol_5041	train
mol_5042	train
mol_5043	train
mol_5044	train
mol_5045	train
mol_5046	train
mol_5047	val
mol_5048	train
mol_5049	train
mol_5050	train
mol_5051	train
mol_5052	train
mol_5053	train
mol_5054	train
mol_5055	train
mol_5056	train
mol_5057	train
mol_5058	val
mol_5059	train
mol_5060	train
mol_5061	train
mol_5062	val
mol_5063	test
mol_5064	train
mol_5065	train
mol_5066	train
mol_5067	val
mol_5068	train
mol_5069	val
mol_5070	train
mol_5071	train
mol_5072	val
mol_5073	train
mol_5074	train
mol_5075	val
mol_5076	train
mol_5077	train
mol_5078	train
mol_5079	train
mol_5080	train
mol_5081	train
mol_5082	test
mol_5083	train
mol_5084	train
mol_5085	test
mol_5086	train
mol_5087	test
mol_5088	train
mol_5089	train
mol_5090	train
mol_5091	train
mol_5092	train
mol_5093	val
mol_5094	train
mol_5095	val
mol_5096	train
mol_5097	train
mol_5098	train
mol_5099	train
mol_5100	train
mol_5101	val
mol_5102	train
mol_5103	train
mol_5104	train
mol_5105	train
mol_5106	train
mol_5107	val
mol_5108	train
mol_5109	train
mol_5110	train
mol_5111	train
mol_5112	val
mol_5113	train
mol_5114	train
mol_5115	val
mol_5116	train
mol_5117	train
mol_5118	train
mol_5119	train
mol_5120	val
mol_5121	val
mol_5122	val
mol_5123	train
mol_5124	test
mol_5125	train
mol_5126	train
mol_5127	train
mol_5128	val
mol_5129	train
mol_5130	train
mol_5131	train
mol_5132	train
mol_5133	val
mol_5134	train
mol_5135	train
mol_5136	train
mol_5137	train
mol_5138	train
mol_5139	test
mol_5140	val
mol_5141	test
mol_5142	test
mol_5143	train
mol_5144	val
mol_5145	train
mol_5146	val
mol_5147	test
mol_5148	train
mol_5149	train
mol_5150	train
mol_5151	train
mol_5152	train
mol_5153	val
mol_5154	test
mol_5155	train
mol_5156	train
mol_5157	train
mol_5158	train
mol_5159	train
mol_5160	train
mol_5161	train
mol_5162	train
mol_5163	test
mol_5164	test
mol_5165	test
mol_5166	test
mol_5167	test
mol_5168	train
mol_5169	val
mol_5170	train
mol_5171	train
mol_5172	val
mol_5173	train
mol_5174	train
mol_5175	train
mol_5176	train
mol_5177	train
mol_5178	train
mol_5179	train
mol_5180	train
mol_5181	train
mol_5182	train
mol_5183	val
mol_5184	train
mol_5185	val
mol_5186	train
mol_5187	train
mol_5188	train
mol_5189	train
mol_5190	train
mol_5191	val
mol_5192	val
mol_5193	val
mol_5194	train
mol_5195	test
mol_5196	train
mol_5197	train
mol_5198	train
mol_5199	train
mol_5200	train
mol_5201	train
mol_5202	train
mol_5203	train
mol_5204	train
mol_5205	train
mol_5206	test
mol_5207	train
mol_5208	train
mol_5209	train
mol_5210	train
mol_5211	train
mol_5212	train
mol_5213	train
mol_5214	train
mol_5215	test
mol_5216	train
mol_5217	train
mol_5218	train
mol_5219	train
mol_5220	train
mol_5221	train
mol_5222	train
mol_5223	val
mol_5224	train
mol_5225	train
mol_5226	train
mol_5227	train
mol_5228	train
mol_5229	train
mol_5230	train
mol_5231	train
mol_5232	train
mol_5233	train
mol_5234	train
mol_5235	val
mol_5236	train
mol_5237	train
mol_5238	train
mol_5239	train
mol_5240	train
mol_5241	train
mol_5242	val
mol_5243	val
mol_5244	val
mol_5245	train
mol_5246	train
mol_5247	train
mol_5248	train
mol_5249	train
mol_5250	train
mol_5251	train
mol_5252	train
mol_5253	train
mol_5254	val
mol_5255	val
mol_5256	train
mol_5257	test
mol_5258	train
mol_5259	train
mol_5260	train
mol_5261	train
mol_5262	train
mol_5263	val
mol_5264	train
mol_5265	val
mol_5266	train
mol_5267	train
mol_5268	train
mol_5269	train
mol_5270	val
mol_5271	train
mol_5272	train
mol_5273	train
mol_5274	train
mol_5275	train
mol_5276	train
mol_5277	train
mol_5278	val
mol_5279	train
mol_5280	train
mol_5281	val
mol_5282	train
mol_5283	train
mol_5284	test
mol_5285	train
mol_5286	train
mol_5287	train
mol_5288	train
mol_5289	train
mol_5290	train
mol_5291	train
mol_5292	train
mol_5293	train
mol_5294	train
mol_5295	train
mol_5296	train
mol_5297	val
mol_5298	test
mol_5299	train
mol_5300	train
mol_5301	test
mol_5302	train
mol_5303	train
mol_5304	train
mol_5305	train
mol_5306	train
mol_5307	val
mol_5308	val
mol_5309	train
mol_5310	train
mol_5311	train
mol_5312	test
mol_5313	train
mol_5314	test
mol_5315	test
mol_5316	train
mol_5317	train
mol_5318	train
mol_5319	train
mol_5320	train
mol_5321	train
mol_5322	train
mol_5323	train
mol_5324	test
mol_5325	test
mol_5326	val
mol_5327	train
mol_5328	train
mol_5329	train
mol_5330	train
mol_5331	test
mol_5332	train
mol_5333	train
mol_5334	val
mol_5335	test
mol_5336	train
mol_5337	val
mol_5338	val
mol_5339	train
mol_5340	train
mol_5341	train
mol_5342	train
mol_5343	val
mol_5344	val
mol_5345	train
mol_5346	train
mol_5347	train
mol_5348	test
mol_5349	train
mol_5350	test
mol_5351	test
mol_5352	train
mol_5353	val
mol_5354	val
mol_5355	train
mol_5356	train
mol_5357	train
mol_5358	train
mol_5359	train
mol_5360	train
mol_5361	train
mol_5362	train
mol_5363	train
mol_5364	train
mol_5365	val
mol_5366	test
mol_5367	train
mol_5368	train
mol_5369	train
mol_5370	train
mol_5371	train
mol_5372	train
mol_5373	train
mol_5374	train
mol_5375	train
mol_5376	train
mol_5377	train
mol_5378	train
mol_5379	train
mol_5380	train
mol_5381	train
mol_5382	train
mol_5383	test
mol_5384	train
mol_5385	val
mol_5386	val
mol_5387	train
mol_5388	train
mol_5389	train
mol_5390	train
mol_5391	train
mol_5392	train
mol_5393	val
mol_5394	train
mol_5395	test
mol_5396	test
mol_5397	val
mol_5398	train
mol_5399	train
mol_5400	train
mol_5401	val
mol_5402	train
mol_5403	train
mol_5404	train
mol_5405	test
mol_5406	train
mol_5407	train
mol_5408	train
mol_5409	train
mol_5410	train
mol_5411	train
mol_5412	train
mol_5413	train
mol_5414	test
mol_5415	train
mol_5416	train
mol_5417	train
mol_5418	train
mol_5419	val
mol_5420	train
mol_5421	train
mol_5422	train
mol_5423	train
mol_5424	train
mol_5425	val
mol_5426	val
mol_5427	train
mol_5428	val
mol_5429	train
mol_5430	val
mol_5431	train
mol_5432	train
mol_5433	train
mol_5434	test
mol_5435	test
mol_5436	test
mol_5437	test
mol_5438	test
mol_5439	train
mol_5440	train
mol_5441	train
mol_5442	train
mol_5443	train
mol_5444	train
mol_5445	train
mol_5446	val
mol_5447	train
mol_5448	train
mol_5449	val
mol_5450	val
mol_5451	train
mol_5452	train
mol_5453	train
mol_5454	train
mol_5455	train
mol_5456	train
mol_5457	train
mol_5458	train
mol_5459	train
mol_5460	train
mol_5461	val
mol_5462	train
mol_5463	test
mol_5464	train
mol_5465	val
mol_5466	test
mol_5467	train
mol_5468	train
mol_5469	val
mol_5470	test
mol_5471	train
mol_5472	val
mol_5473	train
mol_5474	test
mol_5475	train
mol_5476	train
mol_5477	train
mol_5478	train
mol_5479	train
mol_5480	train
mol_5481	train
mol_5482	val
mol_5483	test
mol_5484	test
mol_5485	train
mol_5486	train
mol_5487	train
mol_5488	train
mol_5489	val
mol_5490	train
mol_5491	train
mol_5492	train
mol_5493	train
mol_5494	train
mol_5495	train
mol_5496	val
mol_5497	val
mol_5498	test
mol_5499	train
mol_5500	train
mol_5501	test
mol_5502	train
mol_5503	train
mol_5504	test
mol_5505	train
mol_5506	test
mol_5507	val
mol_5508	train
mol_5509	train
mol_5510	train
mol_5511	train
mol_5512	train
mol_5513	train
mol_5514	train
mol_5515	train
mol_5516	train
mol_5517	train
mol_5518	train
mol_5519	train
mol_5520	val
mol_5521	test
mol_5522	train
mol_5523	val
mol_5524	train
mol_5525	train
mol_5526	train
mol_5527	train
mol_5528	train
mol_5529	train
mol_5530	train
mol_5531	train
mol_5532	val
mol_5533	train
mol_5534	train
mol_5535	train
mol_5536	train
mol_5537	train
mol_5539	test
mol_5540	val
mol_5541	val
mol_5542	train
mol_5543	train
mol_5544	train
mol_5545	test
mol_5546	train
mol_5547	train
mol_5548	train
mol_5549	train
mol_5550	train
mol_5551	train
mol_5552	train
mol_5553	train
mol_5554	train
mol_5555	train
mol_5556	train
mol_5557	train
mol_5558	train
mol_5559	train
mol_5560	train
mol_5561	train
mol_5562	train
mol_5563	train
mol_5564	train
mol_5565	train
mol_5566	val
mol_5567	test
mol_5568	test
mol_5569	train
mol_5570	train
mol_5571	test
mol_5572	train
mol_5573	val
mol_5574	val
mol_5575	train
mol_5576	train
mol_5577	train
mol_5578	train
mol_5579	val
mol_5580	train
mol_5581	test
mol_5582	test
mol_5583	val
mol_5584	train
mol_5585	test
mol_5586	train
mol_5587	train
mol_5588	train
mol_5589	train
mol_5590	val
mol_5591	train
mol_5592	train
mol_5593	train
mol_5594	val
mol_5595	val
mol_5596	val
mol_5597	train
mol_5598	train
mol_5599	train
mol_5600	train
mol_5601	train
mol_5602	val
mol_5603	train
mol_5604	train
mol_5605	train
mol_5606	train
mol_5607	train
mol_5608	train
mol_5609	val
mol_5610	train
mol_5611	train
mol_5612	test
mol_5613	train
mol_5614	train
mol_5615	train
mol_5616	train
mol_5617	train
mol_5618	train
mol_5619	train
mol_5620	train
mol_5621	val
mol_5622	train
mol_5623	val
mol_5624	train
mol_5625	train
mol_5626	val
mol_5627	train
mol_5628	train
mol_5629	train
mol_5630	train
mol_5631	train
mol_5632	train
mol_5633	train
mol_5634	train
mol_5635	train
mol_5636	val
mol_5637	train
mol_5638	test
mol_5639	train
mol_5640	train
mol_5641	train
mol_5642	train
mol_5643	train
mol_5644	train
mol_5645	train
mol_5646	train
mol_5647	val
mol_5648	train
mol_5649	val
mol_5650	train
mol_5651	train
mol_5652	val
mol_5653	val
mol_5654	train
mol_5655	test
mol_5656	train
mol_5657	test
mol_5658	train
mol_5659	train
mol_5660	train
mol_5661	train
mol_5662	train
mol_5663	train
mol_5664	val
mol_5665	train
mol_5666	test
mol_5667	train
mol_5668	train
mol_5669	test
mol_5670	val
mol_5671	val
mol_5672	val
mol_5673	val
mol_5674	val
mol_5675	val
mol_5676	val
mol_5677	train
mol_5678	train
mol_5679	train
mol_5680	val
mol_5681	train
mol_5682	train
mol_5683	train
mol_5684	train
mol_5685	train
mol_5686	train
mol_5687	train
mol_5688	train
mol_5689	train
mol_5690	train
mol_5691	train
mol_5692	train
mol_5693	train
mol_5694	train
mol_5695	train
mol_5696	train
mol_5697	train
mol_5698	val
mol_5699	train
mol_5700	test
mol_5701	val
mol_5702	test
mol_5703	train
mol_5704	train
mol_5705	test
mol_5706	train
mol_5707	train
mol_5708	train
mol_5709	train
mol_5710	train
mol_5711	val
mol_5712	train
mol_5713	train
mol_5714	train
mol_5715	train
mol_5716	train
mol_5717	train
mol_5718	train
mol_5719	train
mol_5720	train
mol_5721	train
mol_5722	val
mol_5723	val
mol_5724	train
mol_5725	train
mol_5726	val
mol_5727	train
mol_5728	train
mol_5729	val
mol_5730	train
mol_5731	train
mol_5732	train
mol_5733	train
mol_5734	val
mol_5735	train
mol_5736	train
mol_5737	train
mol_5738	train
mol_5739	test
mol_5740	train
mol_5741	train
mol_5742	train
mol_5743	train
mol_5744	val
mol_5745	val
mol_5746	val
mol_5747	train
mol_5748	train
mol_5749	train
mol_5750	train
mol_5751	val
mol_5752	val
mol_5753	test
mol_5754	train
mol_5755	train
mol_5756	val
mol_5757	val
mol_5758	train
mol_5759	val
mol_5760	train
mol_5761	train
mol_5762	train
mol_5763	train
mol_5764	val
mol_5765	test
mol_5766	train
mol_5767	val
mol_5768	val
mol_5769	train
mol_5770	train
mol_5771	train
mol_5772	train
mol_5773	train
mol_5774	train
mol_5775	train
mol_5776	val
mol_5777	test
mol_5778	train
mol_5779	val
mol_5780	val
mol_5781	train
mol_5782	train
mol_5783	train
mol_5784	val
mol_5785	test
mol_5786	test
mol_5787	train
mol_5788	train
mol_5789	val
mol_5790	train
mol_5791	train
mol_5792	train
mol_5793	train
mol_5794	train
mol_5795	train
mol_5796	val
mol_5797	train
mol_5798	val
mol_5799	train
mol_5800	train
mol_5801	train
mol_5802	train
mol_5803	train
mol_5804	train
mol_5805	train
mol_5806	train
mol_5807	train
mol_5808	train
mol_5809	val
mol_5810	val
mol_5811	train
mol_5812	train
mol_5813	val
mol_5814	train
mol_5815	train
mol_5816	test
mol_5817	train
mol_5818	train
mol_5819	train
mol_5820	train
mol_5821	train
mol_5822	train
mol_5823	train
mol_5824	train
mol_5825	train
mol_5826	train
mol_5827	train
mol_5828	train
mol_5829	val
mol_5830	train
mol_5831	train
mol_5832	train
mol_5833	val
mol_5834	train
mol_5835	train
mol_5836	train
mol_5837	train
mol_5838	train
mol_5839	test
mol_5840	val
mol_5841	train
mol_5842	train
mol_5843	test
mol_5844	train
mol_5845	train
mol_5846	train
mol_5847	train
mol_5848	train
mol_5849	train
mol_5850	train
mol_5851	val
mol_5852	val
mol_5853	train
mol_5854	train
mol_5855	train
mol_5856	train
mol_5857	train
mol_5858	train
mol_5859	val
mol_5860	val
mol_5861	val
mol_5862	val
mol_5863	train
mol_5864	val
mol_5865	train
mol_5866	train
mol_5867	train
mol_5868	train
mol_5869	train
mol_5870	train
mol_5871	train
mol_5872	train
mol_5873	train
mol_5874	train
mol_5875	train
mol_5876	train
mol_5877	train
mol_5878	test
mol_5879	train
mol_5880	train
mol_5881	train
mol_5882	train
mol_5883	train
mol_5884	train
mol_5885	train
mol_5886	test
mol_5887	val
mol_5888	train
mol_5889	train
mol_5890	train
mol_5891	train
mol_5892	test
mol_5893	test
mol_5894	test
mol_5895	test
mol_5896	train
mol_5897	train
mol_5898	val
mol_5899	val
mol_5900	train
mol_5901	train
mol_5902	train
mol_5903	train
mol_5904	test
mol_5905	train
mol_5906	train
mol_5907	test
mol_5908	val
mol_5909	train
mol_5910	train
mol_5911	train
mol_5912	train
mol_5913	train
mol_5914	test
mol_5915	train
mol_5916	test
mol_5917	train
mol_5918	train
mol_5919	train
mol_5920	train
mol_5921	val
mol_5922	val
mol_5923	val
mol_5924	train
mol_5925	train
mol_5926	test
mol_5927	train
mol_5928	train
mol_5929	test
mol_5930	test
mol_5931	train
mol_5932	train
mol_5933	train
mol_5934	train
mol_5935	train
mol_5936	train
mol_5937	test
mol_5938	val
mol_5939	train
mol_5940	val
mol_5941	train
mol_5942	test
mol_5943	train
mol_5944	test
mol_5945	train
mol_5946	train
mol_5947	train
mol_5948	train
mol_5949	val
mol_5950	train
mol_5951	val
mol_5952	train
mol_5953	train
mol_5954	val
mol_5955	train
mol_5956	val
mol_5957	val
mol_5958	val
mol_5959	train
mol_5960	test
mol_5961	test
mol_5962	test
mol_5963	test
mol_5964	train
mol_5965	train
mol_5966	train
mol_5967	train
mol_5968	train
mol_5969	train
mol_5970	train
mol_5971	val
mol_5972	train
mol_5973	train
mol_5974	val
mol_5975	train
mol_5976	train
mol_5977	test
mol_5978	val
mol_5979	train
mol_5980	train
mol_5981	train
mol_5982	train
mol_5983	train
mol_5984	train
mol_5985	train
mol_5986	train
mol_5987	train
mol_5988	train
mol_5989	train
mol_5990	train
mol_5991	train
mol_5992	val
mol_5993	train
mol_5994	train
mol_5995	train
mol_5996	train
mol_5997	train
mol_5998	train
mol_5999	train
mol_6000	test
mol_6001	test
mol_6002	train
mol_6003	val
mol_6004	train
mol_6005	train
mol_6006	train
mol_6007	train
mol_6008	train
mol_6009	train
mol_6010	train
mol_6011	train
mol_6012	train
mol_6013	test
mol_6014	test
mol_6015	train
mol_6016	test
mol_6017	val
mol_6018	train
mol_6019	train
mol_6020	val
mol_6021	train
mol_6022	train
mol_6023	val
mol_6024	train
mol_6025	train
mol_6026	train
mol_6027	train
mol_6028	train
mol_6029	val
mol_6030	val
mol_6031	train
mol_6032	train
mol_6033	train
mol_6034	train
mol_6035	test
mol_6036	train
mol_6037	train
mol_6038	train
mol_6039	val
mol_6040	val
mol_6041	val
mol_6042	test
mol_6043	train
mol_6044	val
mol_6045	train
mol_6046	val
mol_6047	train
mol_6048	train
mol_6049	train
mol_6050	val
mol_6051	train
mol_6052	val
mol_6053	train
mol_6054	train
mol_6055	val
mol_6056	val
mol_6057	train
mol_6058	train
mol_6059	val
mol_6060	train
mol_6061	train
mol_6062	train
mol_6063	train
mol_6064	train
mol_6065	train
mol_6066	train
mol_6067	train
mol_6068	test
mol_6069	train
mol_6070	train
mol_6071	train
mol_6072	train
mol_6073	train
mol_6074	train
mol_6075	train
mol_6076	train
mol_6077	train
mol_6078	train
mol_6079	train
mol_6080	train
mol_6081	train
mol_6082	train
mol_6083	train
mol_6084	train
mol_6085	test
mol_6086	train
mol_6087	train
mol_6088	train
mol_6089	train
mol_6090	train
mol_6091	train
mol_6092	train
mol_6093	train
mol_6094	train
mol_6095	train
mol_6096	train
mol_6097	train
mol_6098	val
mol_6099	train
mol_6100	train
mol_6101	val
mol_6102	val
mol_6103	train
mol_6104	train
mol_6105	train
mol_6106	test
mol_6107	test
mol_6108	train
mol_6109	train
mol_6110	train
mol_6111	train
mol_6112	train
mol_6113	val
mol_6114	test
mol_6115	train
mol_6116	val
mol_6117	train
mol_6118	val
mol_6119	val
mol_6120	val
mol_6121	train
mol_6122	val
mol_6123	train
mol_6124	train
mol_6125	train
mol_6126	train
mol_6127	train
mol_6128	train
mol_6129	train
mol_6130	test
mol_6131	train
mol_6132	val
mol_6133	test
mol_6134	test
mol_6135	test
mol_6136	test
mol_6137	test
mol_6138	test
mol_6139	test
mol_6140	train
mol_6141	test
mol_6142	test
mol_6143	train
mol_6144	train
mol_6145	train
mol_6146	train
mol_6147	train
mol_6148	val
mol_6149	train
mol_6150	train
mol_6151	train
mol_6152	train
mol_6153	train
mol_6154	train
mol_6155	train
mol_6156	train
mol_6157	train
mol_6158	train
mol_6159	train
mol_6160	train
mol_6161	test
mol_6162	train
mol_6163	val
mol_6164	train
mol_6165	train
mol_6166	val
mol_6167	train
mol_6168	train
mol_6169	test
mol_6170	train
mol_6171	train
mol_6172	test
mol_6173	val
mol_6174	train
mol_6175	train
mol_6176	train
mol_6177	val
mol_6178	train
mol_6179	train
mol_6180	train
mol_6181	train
mol_6182	val
mol_6183	train
mol_6184	test
mol_6185	test
mol_6186	train
mol_6187	val
mol_6188	train
mol_6189	train
mol_6190	train
mol_6191	train
mol_6192	test
mol_6193	train
mol_6194	train
mol_6195	val
mol_6196	train
mol_6197	train
mol_6198	val
mol_6199	val
mol_6200	train
mol_6201	train
mol_6202	train
mol_6203	train
mol_6204	train
mol_6205	train
mol_6206	train
mol_6207	val
mol_6208	train
mol_6209	train
mol_6210	train
mol_6211	val
mol_6212	val
mol_6213	val
mol_6214	test
mol_6215	val
mol_6216	train
mol_6217	test
mol_6218	train
mol_6219	val
mol_6220	train
mol_6221	test
mol_6222	test
mol_6223	train
mol_6224	train
mol_6225	train
mol_6226	train
mol_6227	train
mol_6228	train
mol_6229	val
mol_6230	train
mol_6231	train
mol_6232	train
mol_6233	train
mol_6234	train
mol_6235	train
mol_6236	train
mol_6237	val
mol_6238	train
mol_6239	train
mol_6240	train
mol_6241	train
mol_6242	train
mol_6243	train
mol_6244	train
mol_6245	train
mol_6246	train
mol_6247	val
mol_6248	train
mol_6249	train
mol_6250	train
mol_6251	train
mol_6252	train
mol_6253	train
mol_6254	val
mol_6255	train
mol_6256	train
mol_6257	train
mol_6258	val
mol_6259	val
mol_6260	train
mol_6261	train
mol_6262	train
mol_6263	train
mol_6264	train
mol_6265	train
mol_6266	train
mol_6267	train
mol_6268	val
mol_6269	val
mol_6270	val
mol_6271	train
mol_6272	train
mol_6273	train
mol_6274	train
mol_6275	train
mol_6276	train
mol_6277	val
mol_6278	train
mol_6279	train
mol_6280	test
mol_6281	test
mol_6282	test
mol_6283	test
mol_6284	train
mol_6285	train
mol_6286	train
mol_6287	val
mol_6288	train
mol_6289	test
mol_6290	train
mol_6291	test
mol_6292	test
mol_6293	train
mol_6294	val
mol_6295	train
mol_6296	train
mol_6297	train
mol_6298	val
mol_6299	test
mol_6300	train
mol_6301	train
mol_6302	train
mol_6303	train
mol_6304	test
mol_6305	train
mol_6306	val
mol_6307	val
mol_6308	train
mol_6309	train
mol_6310	train
mol_6311	train
mol_6312	train
mol_6313	train
mol_6314	test
mol_6315	train
mol_6316	train
mol_6317	train
mol_6318	train
mol_6319	val
mol_6320	val
mol_6321	train
mol_6322	test
mol_6323	val
mol_6324	test
mol_6325	train
mol_6326	train
mol_6327	train
mol_6328	train
mol_6329	train
mol_6330	train
mol_6331	train
mol_6332	train
mol_6333	train
mol_6334	val
mol_6335	train
mol_6336	train
mol_6337	train
mol_6338	train
mol_6339	val
mol_6340	train
mol_6341	train
mol_6342	val
mol_6343	train
mol_6344	train
mol_6345	train
mol_6346	train
mol_6347	train
mol_6348	train
mol_6349	train
mol_6350	test
mol_6351	test
mol_6352	train
mol_6353	train
mol_6354	train
mol_6355	train
mol_6356	val
mol_6357	val
mol_6358	train
mol_6359	train
mol_6360	val
mol_6361	train
mol_6362	train
mol_6363	train
mol_6364	train
mol_6365	test
mol_6366	val
mol_6367	train
mol_6368	train
mol_6369	val
mol_6370	test
mol_6371	train
mol_6372	train
mol_6373	train
mol_6374	train
mol_6375	val
mol_6376	test
mol_6377	train
mol_6378	val
mol_6379	train
mol_6380	train
mol_6381	train
mol_6382	train
mol_6383	train
mol_6384	train
mol_6385	train
mol_6386	val
mol_6387	train
mol_6388	train
mol_6389	train
mol_6390	val
mol_6391	train
mol_6392	train
mol_6393	train
mol_6394	train
mol_6395	val
mol_6396	train
mol_6397	test
mol_6398	train
mol_6399	train
mol_6400	train
mol_6401	train
mol_6402	train
mol_6403	train
mol_6404	train
mol_6405	train
mol_6406	train
mol_6407	train
mol_6408	val
mol_6409	train
mol_6410	train
mol_6411	train
mol_6412	train
mol_6413	val
mol_6414	train
mol_6415	train
mol_6416	train
mol_6417	val
mol_6418	train
mol_6419	train
mol_6420	test
mol_6421	train
mol_6422	test
mol_6423	test
mol_6424	test
mol_6425	train
mol_6426	train
mol_6427	train
mol_6428	test
mol_6429	train
mol_6430	train
mol_6431	train
mol_6432	train
mol_6433	val
mol_6434	val
mol_6435	val
mol_6436	train
mol_6437	train
mol_6438	train
mol_6439	train
mol_6440	train
mol_6441	val
mol_6442	train
mol_6443	test
mol_6444	train
mol_6445	train
mol_6446	train
mol_6447	train
mol_6448	train
mol_6449	train
mol_6450	train
mol_6451	train
mol_6452	train
mol_6453	train
mol_6454	train
mol_6455	train
mol_6456	train
mol_6457	train
mol_6458	test
mol_6459	train
mol_6460	train
mol_6461	train
mol_6462	val
mol_6463	train
mol_6464	val
mol_6465	train
mol_6466	val
mol_6467	train
mol_6468	train
mol_6469	train
mol_6470	val
mol_6471	train
mol_6472	val
mol_6473	train
mol_6474	train
mol_6475	val
mol_6476	train
mol_6477	train
mol_6478	train
mol_6479	val
mol_6480	train
mol_6481	train
mol_6482	test
mol_6483	train
mol_6484	train
mol_6485	train
mol_6486	train
mol_6487	train
mol_6488	train
mol_6489	train
mol_6490	train
mol_6491	train
mol_6492	val
mol_6493	val
mol_6494	val
mol_6495	val
mol_6496	val
mol_6497	test
mol_6498	train
mol_6499	train
mol_6500	train
mol_6501	train
mol_6502	train
mol_6503	train
mol_6504	val
mol_6505	train
mol_6506	val
mol_6507	val
mol_6508	val
mol_6509	train
mol_6510	train
mol_6511	train
mol_6512	val
mol_6513	train
mol_6514	train
mol_6515	train
mol_6516	train
mol_6517	train
mol_6518	train
mol_6519	train
mol_6520	train
mol_6521	train
mol_6522	val
mol_6523	val
mol_6524	train
mol_6525	train
mol_6526	train
mol_6527	train
mol_6528	train
mol_6529	train
mol_6530	train
mol_6531	train
mol_6532	train
mol_6533	train
mol_6534	train
mol_6535	train
mol_6536	train
mol_6537	train
mol_6538	train
mol_6539	train
mol_6540	train
mol_6541	train
mol_6542	train
mol_6543	train
mol_6544	train
mol_6545	val
mol_6546	train
mol_6547	train
mol_6548	test
mol_6549	val
mol_6550	test
mol_6551	val
mol_6552	test
mol_6553	train
mol_6554	train
mol_6555	train
mol_6556	train
mol_6557	test
mol_6558	train
mol_6559	train
mol_6560	train
mol_6561	val
mol_6562	train
mol_6563	train
mol_6564	train
mol_6565	train
mol_6566	train
mol_6567	test
mol_6568	train
mol_6569	val
mol_6570	train
mol_6571	train
mol_6572	train
mol_6573	train
mol_6574	val
mol_6575	val
mol_6576	val
mol_6577	train
mol_6578	train
mol_6579	train
mol_6580	train
mol_6581	train
mol_6582	train
mol_6583	train
mol_6584	train
mol_6585	train
mol_6586	test
mol_6587	train
mol_6588	train
mol_6589	test
mol_6590	train
mol_6591	val
mol_6592	train
mol_6593	val
mol_6594	train
mol_6595	train
mol_6596	train
mol_6597	train
mol_6598	train
mol_6599	train
mol_6600	val
mol_6601	val
mol_6602	train
mol_6603	val
mol_6604	val
mol_6605	val
mol_6606	train
mol_6607	val
mol_6608	train
mol_6609	val
mol_6610	train
mol_6611	train
mol_6612	train
mol_6613	train
mol_6614	train
mol_6615	train
mol_6616	val
mol_6617	train
mol_6618	train
mol_6619	train
mol_6620	train
mol_6621	train
mol_6622	train
mol_6623	train
mol_6624	train
mol_6625	train
mol_6626	val
mol_6627	train
mol_6628	train
mol_6629	train
mol_6630	train
mol_6631	train
mol_6632	train
mol_6633	train
mol_6634	train
mol_6635	train
mol_6636	val
mol_6637	train
mol_6638	train
mol_6639	val
mol_6640	train
mol_6641	train
mol_6642	train
mol_6643	train
mol_6644	train
mol_6645	train
mol_6646	train
mol_6647	train
mol_6648	train
mol_6649	train
mol_6650	val
mol_6651	train
mol_6652	train
mol_6653	val
mol_6654	val
mol_6655	train
mol_6656	train
mol_6657	train
mol_6658	val
mol_6659	train
mol_6660	train
mol_6661	train
mol_6662	train
mol_6663	train
mol_6664	train
mol_6665	train
mol_6666	train
mol_6667	train
mol_6668	train
mol_6669	val
mol_6670	train
mol_6671	train
mol_6672	train
mol_6673	train
mol_6674	train
mol_6675	train
mol_6676	train
mol_6677	train
mol_6678	train
mol_6679	train
mol_6680	train
mol_6681	train
mol_6682	train
mol_6683	train
mol_6684	test
mol_6685	val
mol_6686	train
mol_6687	val
mol_6688	train
mol_6689	train
mol_6690	train
mol_6691	train
mol_6692	train
mol_6693	train
mol_6694	train
mol_6695	train
mol_6696	train
mol_6697	train
mol_6698	val
mol_6699	val
mol_6700	val
mol_6701	val
mol_6702	train
mol_6703	train
mol_6704	train
mol_6705	val
mol_6706	train
mol_6707	train
mol_6708	train
mol_6709	train
mol_6710	train
mol_6711	val
mol_6712	train
mol_6713	train
mol_6714	train
mol_6715	train
mol_6716	val
mol_6717	train
mol_6718	train
mol_6719	val
mol_6720	train
mol_6721	train
mol_6722	train
mol_6724	train
mol_6725	train
mol_6726	train
mol_6727	train
mol_6728	val
mol_6729	val
mol_6730	train
mol_6731	train
mol_6732	val
mol_6733	train
mol_6734	val
mol_6735	train
mol_6736	train
mol_6737	train
mol_6738	train
mol_6739	train
mol_6740	train
mol_6741	val
mol_6742	val
mol_6743	train
mol_6744	train
mol_6745	train
mol_6746	train
mol_6747	train
mol_6748	train
mol_6749	train
mol_6750	train
mol_6751	train
mol_6752	val
mol_6753	train
mol_6754	val
mol_6755	train
mol_6756	train
mol_6757	train
mol_6758	test
mol_6759	train
mol_6760	train
mol_6761	train
mol_6762	val
mol_6763	train
mol_6764	train
mol_6765	test
mol_6766	train
mol_6767	train
mol_6768	train
mol_6769	train
mol_6770	train
mol_6771	train
mol_6772	test
mol_6773	test
mol_6774	test
mol_6775	val
mol_6776	val
mol_6777	val
mol_6778	val
mol_6779	train
mol_6780	test
mol_6781	train
mol_6782	val
mol_6783	train
mol_6784	train
mol_6785	train
mol_6786	train
mol_6787	val
mol_6788	val
mol_6789	train
mol_6790	train
mol_6791	train
mol_6792	train
mol_6793	val
mol_6794	train
mol_6795	test
mol_6796	train
mol_6797	train
mol_6798	train
mol_6799	train
mol_6800	train
mol_6801	train
mol_6802	train
mol_6803	train
mol_6804	test
mol_6805	train
mol_6806	train
mol_6807	train
mol_6808	train
mol_6809	train
mol_6810	train
mol_6811	val
mol_6812	train
mol_6813	test
mol_6814	test
mol_6815	val
mol_6816	train
mol_6817	train
mol_6818	train
mol_6819	test
mol_6820	val
mol_6821	train
mol_6822	train
mol_6823	test
mol_6824	train
mol_6825	train
mol_6826	train
mol_6827	train
mol_6828	train
mol_6829	train
mol_6830	train
mol_6831	train
mol_6832	train
mol_6833	train
mol_6834	train
mol_6835	train
mol_6836	train
mol_6837	train
mol_6838	train
mol_6839	train
mol_6840	train
mol_6841	val
mol_6842	val
mol_6843	train
mol_6844	train
mol_6845	train
mol_6846	train
mol_6847	train
mol_6848	train
mol_6849	train
mol_6850	train
mol_6851	train
mol_6852	train
mol_6853	test
mol_6854	train
mol_6855	train
mol_6856	train
mol_6857	train
mol_6858	train
mol_6859	train
mol_6860	train
mol_6861	val
mol_6862	train
mol_6863	train
mol_6864	train
mol_6865	val
mol_6866	train
mol_6867	val
mol_6868	val
mol_6869	train
mol_6870	train
mol_6871	train
mol_6872	test
mol_6873	val
mol_6874	train
mol_6875	val
mol_6876	train
mol_6877	train
mol_6878	train
mol_6879	train
mol_6880	train
mol_6881	train
mol_6882	train
mol_6883	train
mol_6884	val
mol_6885	train
mol_6886	train
mol_6887	train
mol_6888	train
mol_6889	train
mol_6890	val
mol_6891	test
mol_6892	train
mol_6893	train
mol_6894	train
mol_6895	train
mol_6896	val
mol_6897	train
mol_6898	train
mol_6899	val
mol_6900	train
mol_6901	train
mol_6902	train
mol_6903	train
mol_6904	val
mol_6905	test
mol_6906	train
mol_6907	train
mol_6908	train
mol_6909	train
mol_6910	train
mol_6911	train
mol_6912	val
mol_6913	train
mol_6914	train
mol_6915	val
mol_6916	train
mol_6917	val
mol_6918	train
mol_6919	val
mol_6920	train
mol_6921	train
mol_6922	train
mol_6923	val
mol_6924	train
mol_6925	train
mol_6926	train
mol_6927	train
mol_6928	train
mol_6929	train
mol_6930	train
mol_6931	val
mol_6932	train
mol_6933	train
mol_6934	train
mol_6935	val
mol_6936	train
mol_6937	train
mol_6938	train
mol_6939	test
mol_6940	test
mol_6941	train
mol_6942	train
mol_6943	train
mol_6944	train
mol_6945	train
mol_6946	train
mol_6947	train
mol_6948	train
mol_6949	train
mol_6950	train
mol_6951	train
mol_6952	train
mol_6953	train
mol_6954	test
mol_6955	test
mol_6956	val
mol_6957	test
mol_6958	train
mol_6959	val
mol_6960	train
mol_6961	train
mol_6962	train
mol_6963	train
mol_6964	train
mol_6965	val
mol_6966	train
mol_6967	train
mol_6968	train
mol_6969	train
mol_6970	train
mol_6971	val
mol_6972	train
mol_6973	val
mol_6974	train
mol_6975	train
mol_6976	train
mol_6977	train
mol_6978	train
mol_6979	train
mol_6980	train
mol_6981	val
mol_6982	train
mol_6983	train
mol_6984	train
mol_6985	train
mol_6986	train
mol_6987	val
mol_6988	val
mol_6989	test
mol_6990	val
mol_6991	train
mol_6992	train
mol_6993	val
mol_6994	train
mol_6995	train
mol_6996	val
mol_6997	val
mol_6998	test
mol_6999	val
mol_7000	val
mol_7001	test
mol_7002	train
mol_7003	train
mol_7004	train
mol_7005	train
mol_7006	train
mol_7007	train
mol_7008	train
mol_7009	train
mol_7010	train
mol_7011	train
mol_7012	train
mol_7013	train
mol_7014	train
mol_7015	train
mol_7016	train
mol_7017	train
mol_7018	test
mol_7019	train
mol_7020	train
mol_7021	val
mol_7022	val
mol_7023	train
mol_7024	train
mol_7025	train
mol_7026	train
mol_7027	val
mol_7028	val
mol_7029	train
mol_7030	train
mol_7031	train
mol_7032	train
mol_7033	train
mol_7034	test
mol_7035	val
mol_7036	val
mol_7037	val
mol_7038	train
mol_7039	train
mol_7040	train
mol_7041	train
mol_7042	train
mol_7043	train
mol_7044	test
mol_7045	train
mol_7046	val
mol_7047	val
mol_7048	train
mol_7049	train
mol_7050	train
mol_7051	train
mol_7052	train
mol_7053	val
mol_7054	val
mol_7055	train
mol_7056	train
mol_7057	train
mol_7058	train
mol_7059	train
mol_7060	val
mol_7061	val
mol_7062	val
mol_7063	train
mol_7064	train
mol_7065	train
mol_7066	train
mol_7067	train
mol_7068	val
mol_7069	val
mol_7070	val
mol_7071	train
mol_7072	train
mol_7073	train
mol_7074	train
mol_7075	train
mol_7076	val
mol_7077	train
mol_7078	train
mol_7079	train
mol_7080	train
mol_7081	train
mol_7082	train
mol_7083	test
mol_7084	train
mol_7085	train
mol_7086	train
mol_7087	test
mol_7088	val
mol_7089	train
mol_7090	train
mol_7091	train
mol_7092	train
mol_7093	train
mol_7094	train
mol_7095	train
mol_7096	train
mol_7097	train
mol_7098	train
mol_7099	train
mol_7100	val
mol_7101	train
mol_7102	train
mol_7103	train
mol_7104	val
mol_7105	train
mol_7106	train
mol_7107	train
mol_7108	val
mol_7109	val
mol_7110	train
mol_7111	val
mol_7112	train
mol_7113	train
mol_7114	train
mol_7115	train
mol_7116	train
mol_7117	train
mol_7118	train
mol_7119	train
mol_7120	test
mol_7121	train
mol_7122	train
mol_7123	train
mol_7124	train
mol_7125	train
mol_7126	train
mol_7127	train
mol_7128	train
mol_7129	train
mol_7130	train
mol_7131	train
mol_7132	test
mol_7133	train
mol_7134	train
mol_7135	train
mol_7136	train
mol_7137	train
mol_7138	train
mol_7139	train
mol_7140	train
mol_7141	val
mol_7142	train
mol_7143	train
mol_7144	train
mol_7145	train
mol_7146	train
mol_7147	train
mol_7148	train
mol_7149	train
mol_7150	test
mol_7151	train
mol_7152	train
mol_7153	val
mol_7154	val
mol_7155	train
mol_7156	val
mol_7157	train
mol_7158	val
mol_7159	val
mol_7160	test
mol_7161	train
mol_7162	train
mol_7163	val
mol_7164	val
mol_7165	train
mol_7166	train
mol_7167	train
mol_7168	train
mol_7169	val
mol_7170	train
mol_7171	train
mol_7172	val
mol_7173	train
mol_7174	train
mol_7175	val
mol_7176	val
mol_7177	train
mol_7178	train
mol_7179	test
mol_7180	train
mol_7181	train
mol_7182	train
mol_7183	train
mol_7184	train
mol_7185	val
mol_7186	train
mol_7187	train
mol_7188	train
mol_7189	test
mol_7190	train
mol_7191	train
mol_7192	train
mol_7193	val
mol_7194	val
mol_7195	train
mol_7196	val
mol_7197	train
mol_7198	train
mol_7199	train
mol_7200	train
mol_7201	train
mol_7202	train
mol_7203	train
mol_7204	train
mol_7205	train
mol_7206	train
mol_7207	val
mol_7208	val
mol_7209	train
mol_7210	train
mol_7211	train
mol_7212	train
mol_7213	train
mol_7214	train
mol_7215	train
mol_7216	train
mol_7217	train
mol_7218	val
mol_7219	train
mol_7220	train
mol_7221	train
mol_7222	test
mol_7223	test
mol_7224	test
mol_7225	train
mol_7226	train
mol_7227	train
mol_7228	train
mol_7229	train
mol_7230	train
mol_7231	val
mol_7232	train
mol_7233	train
mol_7234	train
mol_7235	train
mol_7236	train
mol_7237	train
mol_7238	train
mol_7239	val
mol_7240	train
mol_7241	train
mol_7242	train
mol_7243	train
mol_7244	val
mol_7245	val
mol_7246	train
mol_7247	train
mol_7248	test
mol_7249	train
mol_7250	train
mol_7251	val
mol_7252	train
mol_7253	val
mol_7254	train
mol_7255	train
mol_7256	train
mol_7257	train
mol_7258	test
mol_7259	train
mol_7260	val
mol_7261	train
mol_7262	train
mol_7263	train
mol_7264	train
mol_7265	train
mol_7266	train
mol_7267	train
mol_7268	val
mol_7269	val
mol_7270	val
mol_7271	val
mol_7272	val
mol_7273	train
mol_7274	train
mol_7275	train
mol_7276	val
mol_7277	train
mol_7278	val
mol_7279	train
mol_7280	train
mol_7281	test
mol_7282	train
mol_7283	val
mol_7284	val
mol_7285	train
mol_7286	test
mol_7287	test
mol_7288	test
mol_7289	train
mol_7290	train
mol_7291	val
mol_7292	val
mol_7293	train
mol_7294	train
mol_7295	train
mol_7296	train
mol_7297	train
mol_7298	train
mol_7299	val
mol_7300	val
mol_7301	train
mol_7302	val
mol_7303	test
mol_7304	train
mol_7305	val
mol_7306	test
mol_7307	test
mol_7308	train
mol_7309	train
mol_7310	train
mol_7311	train
mol_7312	train
mol_7313	val
mol_7314	train
mol_7315	train
mol_7316	val
mol_7317	val
mol_7318	test
mol_7319	train
mol_7320	val
mol_7321	train
mol_7322	train
mol_7323	train
mol_7324	train
mol_7325	train
mol_7326	train
mol_7327	train
mol_7328	train
mol_7329	train
mol_7330	train
mol_7331	train
mol_7332	val
mol_7333	train
mol_7334	test
mol_7335	train
mol_7336	train
mol_7337	train
mol_7338	train
mol_7339	train
mol_7340	train
mol_7341	train
mol_7342	train
mol_7343	test
mol_7344	val
mol_7345	train
mol_7346	train
mol_7347	test
mol_7348	train
mol_7349	val
mol_7350	train
mol_7351	train
mol_7352	train
mol_7353	train
mol_7354	train
mol_7355	train
mol_7356	train
mol_7357	train
mol_7358	val
mol_7359	train
mol_7360	train
mol_7361	train
mol_7362	train
mol_7363	train
mol_7364	train
mol_7365	train
mol_7366	test
mol_7367	val
mol_7368	train
mol_7369	train
mol_7370	val
mol_7371	train
mol_7372	train
mol_7373	train
mol_7374	train
mol_7375	val
mol_7376	train
mol_7377	train
mol_7378	val
mol_7379	val
mol_7380	train
mol_7381	train
mol_7382	test
mol_7383	train
mol_7384	train
mol_7385	train
mol_7386	train
mol_7387	test
mol_7388	val
mol_7389	test
mol_7390	train
mol_7391	test
mol_7392	val
mol_7393	train
mol_7394	train
mol_7395	train
mol_7396	train
mol_7397	train
mol_7398	train
mol_7399	train
mol_7400	train
mol_7401	train
mol_7402	train
mol_7403	train
mol_7404	train
mol_7405	test
mol_7406	train
mol_7407	test
mol_7408	train
mol_7409	train
mol_7410	train
mol_7411	val
mol_7412	train
mol_7413	val
mol_7414	train
mol_7415	train
mol_7416	train
mol_7417	train
mol_7418	train
mol_7419	train
mol_7420	train
mol_7421	train
mol_7422	train
mol_7423	val
mol_7424	val
mol_7425	train
mol_7426	train
mol_7427	train
mol_7428	train
mol_7429	train
mol_7430	train
mol_7431	train
mol_7432	val
mol_7433	train
mol_7434	train
mol_7435	train
mol_7436	val
mol_7437	train
mol_7438	train
mol_7439	train
mol_7440	train
mol_7441	train
mol_7442	train
mol_7443	train
mol_7444	train
mol_7445	train
mol_7446	train
mol_7447	train
mol_7448	train
mol_7449	train
mol_7450	train
mol_7451	train
mol_7452	train
mol_7453	val
mol_7454	val
mol_7455	train
mol_7456	train
mol_7457	val
mol_7458	train
mol_7459	train
mol_7460	val
mol_7461	train
mol_7462	train
mol_7463	train
mol_7464	train
mol_7465	val
mol_7466	train
mol_7467	train
mol_7468	val
mol_7469	train
mol_7470	val
mol_7471	train
mol_7472	train
mol_7473	train
mol_7474	val
mol_7475	train
mol_7476	test
mol_7477	train
mol_7478	train
mol_7479	train
mol_7480	train
mol_7481	train
mol_7482	train
mol_7483	train
mol_7484	val
mol_7485	train
mol_7486	train
mol_7487	train
mol_7488	train
mol_7489	val
mol_7490	train
mol_7491	train
mol_7492	val
mol_7493	train
mol_7494	val
mol_7495	test
mol_7496	val
mol_7497	train
mol_7498	test
mol_7499	train
mol_7500	test
mol_7501	train
mol_7502	test
mol_7503	test
mol_7504	test
mol_7505	test
mol_7506	train
mol_7507	train
mol_7508	train
mol_7509	train
mol_7510	train
mol_7511	train
mol_7512	train
mol_7513	train
mol_7514	train
mol_7515	train
mol_7516	train
mol_7517	train
mol_7518	train
mol_7519	train
mol_7520	train
mol_7521	val
mol_7522	train
mol_7523	train
mol_7524	train
mol_7525	train
mol_7526	val
mol_7527	train
mol_7528	val
mol_7529	train
mol_7530	train
mol_7531	train
mol_7532	train
mol_7533	test
mol_7534	train
mol_7535	train
mol_7536	train
mol_7537	test
mol_7538	train
mol_7539	train
mol_7540	val
mol_7541	train
mol_7542	test
mol_7543	train
mol_7544	train
mol_7545	train
mol_7546	val
mol_7547	test
mol_7548	test
mol_7549	train
mol_7550	train
mol_7551	val
mol_7552	train
mol_7553	train
mol_7554	train
mol_7555	train
mol_7556	train
mol_7557	train
mol_7558	test
mol_7559	train
mol_7560	train
mol_7561	val
mol_7562	train
mol_7563	train
mol_7564	train
mol_7565	train
mol_7566	train
mol_7567	val
mol_7568	train
mol_7569	train
mol_7570	train
mol_7571	train
mol_7572	train
mol_7573	train
mol_7574	train
mol_7575	train
mol_7576	train
mol_7577	train
mol_7578	train
mol_7579	train
mol_7580	test
mol_7581	val
mol_7582	train
mol_7583	train
mol_7584	val
mol_7585	train
mol_7586	val
mol_7587	train
mol_7588	train
mol_7589	train
mol_7590	train
mol_7591	train
mol_7592	train
mol_7593	test
mol_7594	train
mol_7595	train
mol_7596	train
mol_7597	train
mol_7598	train
mol_7599	train
mol_7600	train
mol_7601	val
mol_7602	train
mol_7603	val
mol_7604	val
mol_7605	train
mol_7606	val
mol_7607	train
mol_7608	train
mol_7609	train
mol_7610	train
mol_7611	train
mol_7612	val
mol_7613	train
mol_7614	train
mol_7615	val
mol_7616	train
mol_7617	val
mol_7618	train
mol_7619	train
mol_7620	train
mol_7621	train
mol_7622	train
mol_7623	val
mol_7624	val
mol_7625	train
mol_7626	train
mol_7627	val
mol_7628	train
mol_7629	val
mol_7630	train
mol_7631	val
mol_7632	val
mol_7633	train
mol_7634	train
mol_7635	train
mol_7636	train
mol_7637	train
mol_7638	train
mol_7639	train
mol_7640	train
mol_7641	train
mol_7642	val
mol_7643	train
mol_7644	train
mol_7645	train
mol_7646	train
mol_7647	train
mol_7648	train
mol_7649	train
mol_7650	test
mol_7651	train
mol_7652	val
mol_7653	train
mol_7654	train
mol_7655	train
mol_7656	train
mol_7657	train
mol_7658	train
mol_7659	train
mol_7660	train
mol_7661	train
mol_7662	train
mol_7663	val
mol_7664	train
mol_7665	train
mol_7666	train
mol_7667	val
mol_7668	train
mol_7669	train
mol_7670	train
mol_7671	train
mol_7672	val
mol_7673	train
mol_7674	train
mol_7675	train
mol_7676	train
mol_7677	train
mol_7678	val
mol_7679	val
mol_7680	train
mol_7681	val
mol_7682	train
mol_7683	val
mol_7684	train
mol_7685	train
mol_7686	train
mol_7687	val
mol_7688	test
mol_7689	val
mol_7690	train
mol_7691	train
mol_7692	test
mol_7693	val
mol_7694	val
mol_7695	val
mol_7696	val
mol_7697	train
mol_7698	train
mol_7699	train
mol_7700	train
mol_7701	train
mol_7702	train
mol_7703	test
mol_7704	train
mol_7705	train
mol_7706	val
mol_7707	train
mol_7708	train
mol_7709	val
mol_7710	train
mol_7711	train
mol_7712	train
mol_7713	train
mol_7714	train
mol_7715	train
mol_7716	train
mol_7717	train
mol_7718	train
mol_7719	train
mol_7720	train
mol_7721	train
mol_7722	train
mol_7723	val
mol_7724	train
mol_7725	train
mol_7726	val
mol_7727	train
mol_7728	train
mol_7729	val
mol_7730	train
mol_7731	train
mol_7732	train
mol_7733	train
mol_7734	train
mol_7735	train
mol_7736	val
mol_7737	train
mol_7738	train
mol_7739	val
mol_7740	val
mol_7741	val
mol_7742	test
mol_7743	train
mol_7744	train
mol_7745	train
mol_7746	train
mol_7747	train
mol_7748	train
mol_7749	test
mol_7750	train
mol_7751	train
mol_7752	train
mol_7753	train
mol_7754	train
mol_7755	train
mol_7756	test
mol_7757	test
mol_7758	test
mol_7759	val
mol_7760	train
mol_7761	train
mol_7762	train
mol_7763	val
mol_7764	val
mol_7765	train
mol_7766	val
mol_7767	val
mol_7768	val
mol_7769	val
mol_7770	test
mol_7771	val
mol_7772	val
mol_7773	train
mol_7774	train
mol_7775	train
mol_7776	train
mol_7777	train
mol_7778	train
mol_7779	train
mol_7780	train
mol_7781	train
mol_7782	train
mol_7783	test
mol_7784	train
mol_7785	test
mol_7786	train
mol_7787	test
mol_7788	train
mol_7789	train
mol_7790	train
mol_7791	train
mol_7792	train
mol_7793	train
mol_7794	train
mol_7795	val
mol_7796	train
mol_7797	train
mol_7798	train
mol_7799	train
mol_7800	val
mol_7801	val
mol_7802	val
mol_7803	test
mol_7804	train
mol_7805	train
mol_7806	train
mol_7807	train
mol_7808	train
mol_7809	val
mol_7810	train
mol_7811	val
mol_7812	val
mol_7813	val
mol_7814	train
mol_7815	train
mol_7816	val
mol_7817	train
mol_7818	train
mol_7819	train
mol_7820	train
mol_7821	train
mol_7822	val
mol_7823	train
mol_7824	train
mol_7825	train
mol_7826	train
mol_7827	val
mol_7828	val
mol_7829	val
mol_7830	train
