num,name,p_np,smiles,confidence
1,Propanolol,1,[Cl].CC(C)NCC(O)COc1cccc2ccccc12,0.13337339961508166
2,Terbutylchlorambucil,1,C(=O)(OC(C)(C)C)CCCc1ccc(cc1)N(CCCl)CCCl,0.44877236735412224
9,diltiazem,1,COc1ccc(cc1)[C@@H]2Sc3ccccc3N(CCN(C)C)C(=O)[C@@H]2OC(C)=O,0.057191005903097045
10,Amiloride,1,NC(N)=NC(=O)c1nc(Cl)c(N)nc1N,1.0
11,M2L-663581,0,OCC(C)(O)c1onc(c2ncn3c2CN(C)C(c4c3cccc4Cl)=O)n1,0.03784445179879687
16,alfentanil,1,CCN1N=NN(CCN2CCC(CC2)(COC)N(C(=O)CC)c3ccccc3)C1=O,0.095476527835009
17,BRL53080,1,CN(C)C(=O)C(CCN1CCC(O)(CC1)c1ccc(Cl)cc1)(c1ccccc1)c1ccccc1,0.0015644729622855274
18,hyoscyamine,1,CN1C2CCC1CC(C2)OC(=O)[C@H](CO)c3ccccc3,0.12708856857244416
22,Dexamfetamine,1,C[C@H](N)Cc1ccccc1,0.3772573755538655
23,SKF-93619,0,c1cc2c(cc(CC3=CNC(=NC3=O)NCCSCc3oc(cc3)CN(C)C)cc2)cc1,1.0
25,sufentanil,1,CCC(=O)N(c1ccccc1)C2(CCN(CCc3sccc3)CC2)COC,0.1085812475843564
26,12,0,CCNC(=NC#N)NCCSCc1c(cccn1)Br,1.0
28,clozapine,1,CN1CCN(CC1)C2=C3C=CC=CC3=Nc4ccc(Cl)cc4N2,1.0
30,piperacillin,1,O.CCN1CCN(C(=O)N[C@@H](C(=O)N[C@H]2[C@H]3SC(C)(C)[C@@H](N3C2=O)C(O)=O)c4ccccc4)C(=O)C1=O,1.0
31,Pentobarbital,1,CCCC(C)C1(CC)C(=O)NC(=O)NC1=O,1.0
33,compound 40,1,c1ccc(C(NCCCOc2cc(CN3CCCCC3)ccc2)=O)cc1,1.0
34,RO19-4603,1,CC(C)(C)OC(=O)C1=C2CN(C(=O)C3=C(N2C=N1)C=CS3)C,1.0
35,fentanyl,1,CCC(=O)N(C1CCN(CC1)CCc2ccccc2)c3ccccc3,0.2396135575027178
36,etomidate,1,CCOC(=O)c1cncn1C(C)c2ccccc2,1.0
37,11a,0,CN(C)c1cc(C2=NC(N)=NN2)ccn1,0.17923743664811223
38,prochlorperazine,1,CN1CCN(CCCN2c3ccccc3Sc4ccc(Cl)cc24)CC1,0.03720714683460501
39,2-(3'-Iodo-4'-aminophenyl)-6-hydroxybenzothiazole,1,IC1=C(N([H])[H])C=CC(C2=NC3=CC=C(O[H])C=C3S2)=C1,1.0
40,compound 34,0,O=C(C)Nc1cc(c2csc(N=C(N)N)n2)ccc1,1.0
42,thiamphenicol,1,C[S](=O)(=O)c1ccc(cc1)[C@@H](O)[C@@H](CO)NC(=O)C(Cl)Cl,0.26381335152622465
43,16,1,c1ccc(cc1)c1csc(n1)N=C(N)N,0.34058278619907006
44,mexiletine,1,CC(N)COc1c(C)cccc1C,0.1465499492814218
47,compound 37,1,CN(C)Cc1ccc(c2cccc(NC3C([N+]([O-])=O)=CC=N3)c2)o1,1.0
49,Y-G 15,1,n(ccc1)c(c1)CCN(C)C,0.0014179215809351595
51,Quinidine,1,COc1ccc2nccc([C@H](O)[C@H]3C[C@@H]4CCN3C[C@@H]4C=C)c2c1,0.5249584982531696
52,38480,1,c1(ccccc1)CC,1.0
53,17,1,c1ccc(cc1N)c1csc(n1)N=C(N)N,0.5538833336645039
54,vinblastine,1,CC[C@]1(O)C[C@H]2CN(CCc3c([nH]c4ccccc34)[C@@](C2)(C(=O)OC)c5cc6c(cc5OC)N(C)[C@H]7[C@](O)([C@H](OC(C)=O)[C@]8(CC)C=CCN9CC[C@]67[C@H]89)C(=O)OC)C1,1.0
55,Bacitracin,1,c1(c(cc(NC(CCC)=O)cc1)C(C)=O)OCC(CNC(C)C)O,0.21399895653560172
57,compound 36,1,CN(C)Cc1ccc(CSCCNC2=C([N+]([O-])=O)C(Cc3ccccc3)=CN2)o1,1.0
58,19,0,CNC(=NC#N)Nc1cccc(c1)c1csc(n1)N=C(N)N,0.5237679572109655
61,sertraline,1,[Cl-].CN[C@H]1CC[C@@H](c2ccc(Cl)c(Cl)c2)c3ccccc13.[H+],1.0
64,vincristine,1,CC[C@]1(O)C[C@H]2CN(CCc3c([nH]c4ccccc34)[C@@](C2)(C(=O)OC)c5cc6c(cc5OC)N(C=O)[C@H]7[C@](O)([C@H](OC(C)=O)[C@]8(CC)C=CCN9CC[C@]67[C@H]89)C(=O)OC)C1,1.0
67,compound 38,1,CN(C)Cc1ccnc(c2cccc(NC3C([N+]([O-])=O)=CC=N3)c2)c1,1.0
68,maprotiline,1,CNCCCC12CCC(c3ccccc13)c4ccccc24,0.20594458529205786
69,compound 43,1,N1(Cc2cc(OCCCNc3nccs3)ccc2)CCCCC1,1.0
70,MIL-663581,0,OC(C)(C)c1onc(c2ncn3c2CN(C)C(c4c3cccc4Cl)=O)n1,1.0
71,cefotaxime,1,[Na+].CO\N=C(C(=O)N[C@@H]1[C@@H]2SCC(=C(N2C1=O)C([O-])=O)COC(C)=O)\c3csc(N)n3,1.0
72,carbamazepine-10,1,C1=CC=C2C(=C1)C3C(O3)C4=CC=CC=C4N2C(=O)N,0.02387626673055078
73,Cyclohexane,1,C1CCCCC1,1.0
74,2,1,Cc1csc(n1)N=C(N)N,1.0
75,SKF89124,1,CCCN(CCc1c2c(c(cc1)O)NC(=O)C2)CCC,1.0
77,compound 35,0,CN(C)Cc1oc(CSCCNC2C([N+]([O-])=O)=CC=N2)cc1,1.0
80,Org4428,1,OC12c3c(Oc4c(C)cccc4C2CN(CC1)C)cccc3,1.0
81,compound 32,1,[O-][N+](C1=CC=NC1NCCSCc2ccccn2)=O,0.17804289380703253
82,Bretyliumtosilate,1,c12c(nc([nH]1)NC(OC)=O)cc(SCCC)cc2,1.0
83,Y-G 20,0,c1cccn2c1nc(c2)CCN,0.5156583301319688
84,ornidazole,1,Cc1ncc(n1CC(O)CCl)[N+]([O-])=O,1.0
85,SKF101468,1,CCCN(CCc1c2c(ccc1)NC(=O)C2)CCC,0.5469363948273046
86,Org30526,1,Clc1cc2c(Oc3ccccc3C3CNCC32)cc1,0.2811322432830737
87,36,1,CN(CCC=C1c2ccccc2CCc2ccccc12)C,0.1534421960976267
88,ceftriaxone,1,CO/N=C(C(=O)N[C@H]1[C@H]2SCC(=C(N2C1=O)C(O)=O)CSC3=NC(=O)C(=O)NN3C)/c4csc(N)n4,0.1643926567247632
90,Org32104,1,OC12c3c(Oc4c(C)cccc4C2CNCC1)cccc3,0.42775906760381643
91,compound 31,1,[O-][N+](C1=CC=NC1NCCSCc2ncccc2Br)=O,1.0
96,"""1,1,1-Trifluro-2-chloroethane""",1,ClCC(F)(F)F,0.40297169474062355
97,33,1,CN1C(=O)c2c(cccc2Cl)n2cnc(c2C1)c1noc(n1)C(C)C,0.15775196934574817
98,cefoxitin,1,CO[C@]1(NC(=O)Cc2sccc2)[C@H]3SCC(=C(N3C1=O)C(O)=O)COC(N)=O,0.09145544110884342
99,Org34167,1,NC(CC=C)c1ccccc1c2noc3c2cccc3,0.08839442248454826
104,Alprostadil,0,CCCCC[C@H](O)/C=C/[C@H]1[C@H](O)CC(=O)[C@@H]1CCCCCCC(O)=O,1.0
107,amoxicillin,0,O.O.O.CC1(C)S[C@@H]2[C@H](NC(=O)[C@H](N)c3ccc(O)cc3)C(=O)N2[C@H]1C(O)=O,0.02842602604256802
108,ampicillin,0,CC1(C)S[C@@H]2[C@H](NC(=O)[C@H](N)c3ccccc3)C(=O)N2[C@H]1C(O)=O,0.060820775873687734
109,androsan,0,C[C@]1(O)CC[C@H]2[C@@H]3CCC4=CC(=O)CC[C@]4(C)[C@H]3CC[C@]12C,1.0
110,oxaflumazine,1,OC(=O)CCC(O)=O.FC(F)(F)c1ccc2Sc3ccccc3N(CCCN4CCN(CCC5OCCCO5)CC4)c2c1,0.03148327688103048
111,oxazepam,1,OC1N=C(c2ccccc2)c3cc(Cl)ccc3NC1=O,0.07730331832917059
113,oxycodone,1,COc1ccc2C[C@H]3N(C)CC[C@@]45[C@@H](Oc1c24)C(=O)CC[C@@]35O,1.0
114,oxymorphone,1,CN1CC[C@]23[C@H]4Oc5c(O)ccc(C[C@@H]1[C@]2(O)CCC4=O)c35,0.431022166987817
115,pecazine,1,CN1CCCC(C1)CN2c3ccccc3Sc4ccccc24,1.0
117,pentazocine,1,C[C@@H]1[C@H]2Cc3ccc(O)cc3[C@]1(C)CCN2CC=C(C)C,0.17924072398843005
119,Etoposide,0,COc1cc(cc(OC)c1O)[C@H]2[C@@H]3C(COC3=O)[C@H](O[C@@H]4O[C@@H]5CO[C@@H](C)O[C@H]5[C@H](O)[C@H]4O)c6cc7OCOc7cc26,1.0
120,Famotidine,1,NC(N)=Nc1scc(CSCCC(N)=N[S](N)(=O)=O)n1,1.0
121,Fluconazole,1,OC(Cn1cncn1)(Cn2cncn2)c3ccc(F)cc3F,0.019773745519213768
122,Foscarnetsodium,1,[Na+].[Na+].[Na+].[O-]C(=O)[P]([O-])([O-])=O,0.001271001040267986
123,Gabapentin,1,NCC1(CCCCC1)CC(O)=O,0.01995344149315597
124,Nafcillin,0,[Na+].CCOc1ccc2ccccc2c1C(=O)N[C@H]3[C@H]4SC(C)(C)[C@@H](N4C3=O)C([O-])=O,1.0
125,Nalidixicacid,0,CCN1C=C(C(O)=O)C(=O)c2ccc(C)nc12,0.11495030387312999
128,atropine,0,CN1C2CCC1CC(C2)OC(=O)C(CO)c3ccccc3,1.0
130,Betamethasone,0,C[C@H]1C[C@H]2[C@@H]3CCC4=CC(=O)C=C[C@]4(C)[C@@]3(F)[C@@H](O)C[C@]2(C)[C@@]1(O)C(=O)CO,0.10406785999516073
132,carbidopa,0,C[C@@](Cc1ccc(O)c(O)c1)(NN)C(O)=O,1.0
134,Cefazolin,0,[Na+].Cc1sc(SCC2=C(N3[C@H](SC2)[C@H](NC(=O)Cn4cnnn4)C3=O)C([O-])=O)nn1,0.04542167831786442
135,cephapirin,0,CC(=O)OCC1=C(N2[C@H](SC1)[C@H](NC(=O)CSc3ccncc3)C2=O)C(O)=O,0.009976642526685588
136,chlorambucil,0,OC(=O)CCCc1ccc(cc1)N(CCCl)CCCl,0.4167352249881112
137,pergolide,1,CCCN1C[C@H](CSC)C[C@H]2[C@H]1Cc3c[nH]c4cccc2c34,0.535221848846204
138,perlapine,1,CN1CCN(CC1)C2=Nc3ccccc3Cc4ccccc24,0.12718180115057928
139,perphenazine-HCl,1,OCCN1CCN(CCCN2c3ccccc3Sc4ccc(Cl)cc24)CC1,1.0
140,pethidine,1,CCOC(=O)C1(CCN(C)CC1)c2ccccc2,0.08297882568754275
142,phenelzine sulfate,1,NNCCc1ccccc1.O[S](O)(=O)=O,1.0
145,physostigmine,1,CNC(=O)Oc1ccc2N(C)[C@H]3N(C)CC[C@@]3(C)c2c1,1.0
147,Omeprazole,0,COc1ccc2nc([nH]c2c1)[S](=O)Cc3ncc(C)c(OC)c3C,1.0
151,chloramphenicol,0,OCC(NC(=O)C(Cl)Cl)C(O)c1ccc(cc1)[N+]([O-])=O,0.40605623948282527
156,clofibrate,0,CCOC(=O)C(C)(C)Oc1ccc(Cl)cc1,0.16614545094972805
157,clofibric acid,0,CC(C)(Oc1ccc(Cl)cc1)C(O)=O,0.14913328360662176
158,clotrimazole,0,Clc1ccccc1C(n2ccnc2)(c3ccccc3)c4ccccc4,0.02665921734256936
159,corticosterone,0,C[C@]12C[C@H](O)[C@H]3[C@@H](CCC4=CC(=O)CC[C@]34C)[C@@H]1CC[C@@H]2C(=O)CO,1.0
160,Cortisone,0,C[C@]12CCC(=O)C=C1CC[C@H]3[C@@H]4CC[C@](O)(C(=O)CO)[C@@]4(C)CC(=O)[C@H]23,0.3384126278463388
161,piflutixol,1,OCC[C@@H]1CCN(CC\C=C2/c3ccc(F)cc3Sc4ccc(cc24)C(F)(F)F)CC1,0.24919153978804828
163,pinoxepin,1,OCCN1CCN(CC\C=C/2c3ccccc3COc4ccc(Cl)cc24)CC1,0.19618847397739614
164,pipamperone,1,NC(=O)C1(CCN(CCCC(=O)c2ccc(F)cc2)CC1)N3CCCCC3,1.0
165,prazepam,1,Clc1ccc2N(CC3CC3)C(=O)CN=C(c4ccccc4)c2c1,0.018106867547038104
169,procyclidine,1,OC(CCN1CCCC1)(C2CCCCC2)c3ccccc3,0.15233762829133857
171,Pindolol,1,CC(C)NCC(O)COc1cccc2[nH]ccc12,0.16088059565552928
172,Plicamycin,1,CO[C@@H]([C@@H]1Cc2cc3cc(O[C@H]4C[C@@H](O[C@H]5C[C@@H](O)[C@H](O)[C@@H](C)O5)[C@H](O)[C@@H](C)O4)c(C)c(O)c3c(O)c2C(=O)[C@H]1O[C@H]6C[C@@H](O[C@H]7C[C@@H](O[C@H]8C[C@](C)(O)[C@H](O)[C@@H](C)O8)[C@H](O)[C@@H](C)O7)[C@H](O)[C@@H](C)O6)C(=O)[C@@H](O)[C@@H](C)O,1.0
174,Praziquantel,1,O=C1CN(CC2N1CCc3ccccc23)C(=O)C4CCCCC4,0.019886261416086466
175,Trimethoprim,1,COc1cc(Cc2cnc(N)nc2N)cc(OC)c1OC,0.2506612428777274
176,Trimetrexate,0,COc1cc(NCc2ccc3nc(N)nc(N)c3c2C)cc(OC)c1OC,0.6455138711504832
178,Trovafloxacin,1,NC1[C@H]2CN(C[C@@H]12)c3nc4N(C=C(C(O)=O)C(=O)c4cc3F)c5ccc(F)cc5F,0.0941869785965752
179,Urea,1,NC(N)=O,1.0
180,coumarin,0,O=C1Oc2ccccc2C=C1,0.18593136704758312
182,Dehydrocholic acid,0,C[C@H](CCC(O)=O)[C@H]1CC[C@H]2[C@H]3[C@H](CC(=O)[C@]12C)[C@@]4(C)CCC(=O)C[C@H]4CC3=O,0.05660838656500874
183,dicumarol,0,OC1=C(CC2=C(O)Oc3ccccc3C2=O)C(=O)c4ccccc4O1,1.0
185,Diethylstilbestrol,0,CC\C(c1ccc(O)cc1)=C(\CC)c2ccc(O)cc2,0.04538219207266676
186,Digitoxin,0,C[C@H]1O[C@H](C[C@H](O)[C@@H]1O)O[C@H]2[C@@H](O)C[C@@H](O[C@@H]2C)O[C@H]3[C@@H](O)C[C@@H](O[C@@H]3C)O[C@H]4CC[C@@]5(C)[C@H](CC[C@@H]6[C@@H]5CC[C@]7(C)[C@@H](CC[C@]67O)C8=CC(=O)OC8)C4,0.062484466473124105
187,Digoxin,0,C[C@H]1O[C@H](C[C@H](O)[C@@H]1O)O[C@H]2[C@@H](O)C[C@@H](O[C@@H]2C)O[C@H]3[C@@H](O)C[C@@H](O[C@@H]3C)O[C@H]4CC[C@@]5(C)[C@H](CC[C@@H]6[C@@H]5C[C@@H](O)[C@]7(C)[C@H](CC[C@]67O)C8=CC(=O)OC8)C4,0.0907046609534707
192,protriptyline,1,CNCCCC1c2ccccc2C=Cc3ccccc13,1.0
193,pyridazinone,1,O=C1C=CNN=C1,0.05426852839255565
195,rescinnamine,1,CO[C@H]1[C@@H](C[C@@H]2CN3CCc4c([nH]c5cc(OC)ccc45)[C@H]3C[C@@H]2[C@@H]1C(=O)OC)OC(=O)\C=C\c6cc(OC)c(OC)c(OC)c6,1.0
196,reserpine,1,CO[C@H]1[C@@H](C[C@@H]2CN3CCc4c([nH]c5cc(OC)ccc45)[C@H]3C[C@@H]2[C@@H]1C(=O)OC)OC(=O)c6cc(OC)c(OC)c(OC)c6,1.0
197,secobarbital,1,CCCC(C)C1(CC=C)C(=O)NC(=O)NC1=O,1.0
198,spiclomazine,1,[H+].[Cl-].Clc1ccc2Sc3ccccc3N(CCCN4CCC5(CC4)NC(=O)CS5)c2c1,1.0
199,Atovaquone,0,OC1=C(C2CCC(CC2)c3ccc(Cl)cc3)C(=O)C(=O)c4ccccc14,0.0753092090333836
201,Azithromycin,0,CC[C@H]1OC(=O)[C@H](C)[C@@H](O[C@H]2C[C@@](C)(OC)[C@@H](O)[C@H](C)O2)C(C)[C@@H](O[C@@H]3O[C@H](C)C[C@@H]([C@H]3O)N(C)C)[C@](C)(O)C[C@@H](C)CN(C)[C@H](C)[C@@H](O)[C@]1(C)O,0.5571683842279401
202,Bacitracin,0,CCC(C)C(N)C1=NC(CS1)C(=O)N[C@@H](CC(C)C)C(=O)N[C@H](CCC(O)=O)C(=O)N[C@@H]([C@@H](C)CC)C(=O)NCCCC[C@@H]2NC(=O)[C@H](CC(N)=O)NC(=O)[C@@H](CC(O)=O)NC(=O)[C@H](Cc3[nH]cnc3)NC(=O)[C@@H](Cc4ccccc4)NC(=O)[C@@H](NC(=O)[C@@H](CCCN)NC2=O)[C@@H](C)CC,1.0
203,Bethanechol,0,[Cl-].CC(C[N+](C)(C)C)OC(N)=O,0.14661046513755552
205,Bromocriptine,0,CC(C)C[C@@H]1N2C(=O)[C@](NC(=O)[C@H]3CN(C)[C@@H]4Cc5c(Br)[nH]c6cccc(C4=C3)c56)(O[C@@]2(O)[C@@H]7CCCN7C1=O)C(C)C,0.22652438879858622
207,dopamine,0,NCCc1ccc(O)c(O)c1,1.0
210,Dyclonine,0,[Cl].CCCCOc1ccc(cc1)C(=O)CCN2CCCCC2,1.0
212,enkephalin,0,CC(C)[C@H](NC(=O)[C@H](Cc1ccccc1)NC(=O)CNC(=O)[C@@H](C)NC(=O)[C@@H](N)Cc2ccc(O)cc2)C(N)=O,0.25169881561443996
213,Ephedrine,0,CN[C@@H](C)[C@H](O)c1ccccc1,1.0
215,erythromycin,0,CC[C@H]1OC(=O)[C@H](C)[C@@H](O[C@H]2C[C@@](C)(OC)[C@@H](O)[C@H](C)O2)[C@H](C)[C@@H](O[C@@H]3O[C@H](C)C[C@@H]([C@H]3O)N(C)C)[C@](C)(O)C[C@@H](C)C(=O)[C@H](C)[C@@H](O)[C@]1(C)O,1.0
216,estradiol,0,C[C@]12CC[C@H]3[C@@H](CCc4cc(O)ccc34)[C@@H]1CC[C@@H]2O,1.0
217,tacrine,1,Nc1c2CCCCc2nc3ccccc13,0.4127126246363555
218,temazepam,1,CN1C(=O)C(O)N=C(c2ccccc2)c3cc(Cl)ccc13,0.20475567850012583
219,tetrabenzine,1,COc1cc2CCN3CC(CC(C)C)C(=O)CC3c2cc1OC,0.14495417945779335
220,thc,1,CCCCCc1cc(O)c2[C@@H]3C=C(C)CC[C@H]3C(C)(C)Oc2c1,1.0
221,thebaine,1,COC1=CC=C2[C@H]3Cc4ccc(OC)c5O[C@@H]1[C@]2(CCN3C)c45,1.0
222,thiethylperazine,1,CCSc1ccc2Sc3ccccc3N(CCCN4CCN(C)CC4)c2c1,1.0
225,tranylcypromine,1,[Cl-].N[C@@H]1C[C@H]1c2ccccc2.[H+],1.0
227,Busulfan,1,C[S](=O)(=O)OCCCCO[S](C)(=O)=O,0.15745197213440973
228,Cefradine,0,CC1=C(N2[C@H](SC1)[C@H](NC(=O)[C@H](N)C3=CCC=CC3)C2=O)C(O)=O,0.10754013093424837
229,Chloroquine,1,CCN(CC)CCCC(C)Nc1ccnc2cc(Cl)ccc12,1.0
230,Cisapride,1,O.COC1CN(CCCOc2ccc(F)cc2)CCC1NC(=O)c3cc(Cl)c(N)cc3OC,0.12643454427020445
232,Clidiniumbromide,0,[Br-].C[N+]12CCC(CC1)C(C2)OC(=O)C(O)(c3ccccc3)c4ccccc4,0.2971834806251766
233,estrone,0,C[C@]12CC[C@H]3[C@@H](CCc4cc(O)ccc34)[C@@H]1CCC2=O,1.0
234,Ethacrynic acid,0,CCC(=C)C(=O)c1ccc(OCC(O)=O)c(Cl)c1Cl,0.1478536633311074
235,ethinylestradiol,0,C[C@]12CC[C@H]3[C@@H](CCc4cc(O)ccc34)[C@@H]1CC[C@@]2(O)C#C,1.0
236,fenoterol,0,CC(Cc1ccc(O)cc1)NCC(O)c2cc(O)cc(O)c2,0.03805470548406603
238,Flucloxacillin,0,Cc1onc(c1C(=O)N[C@H]2[C@H]3SC(C)(C)[C@@H](N3C2=O)C(O)=O)c4c(F)cccc4Cl,0.004507760675851989
240,furosemide,0,N[S](=O)(=O)c1cc(C(O)=O)c(NCc2occc2)cc1Cl,0.03606474221498789
241,ganciclovir,0,NC1=NC(=O)c2ncn(COC(CO)CO)c2N1,1.0
242,glycopyrrolate,0,[Br-].C[N+]1(C)CCC(C1)OC(=O)C(O)(C2CCCC2)c3ccccc3,0.3979324669595492
243,trifluperidol,1,OC1(CCN(CCCC(=O)c2ccc(F)cc2)CC1)c3cccc(c3)C(F)(F)F,1.0
245,trifluroperazine,1,CN1CCN(CCCN2c3ccccc3Sc4ccc(cc24)C(F)(F)F)CC1,0.02914268614794413
246,trihexyphenidyl,1,OC(CCN1CCCCC1)(C2CCCCC2)c3ccccc3,0.14076557962793393
247,trimetozine,1,COc1cc(cc(OC)c1OC)C(=O)N2CCOCC2,0.0777963090454744
248,trimipramine,1,CC(CN(C)C)CN1c2ccccc2CCc3ccccc13,1.0
251,valproicacid,1,CCCC(CCC)C(O)=O,1.0
253,Clofazimine,0,CC(C)N=C1C=C2N(c3ccc(Cl)cc3)c4ccccc4N=C2C=C1Nc5ccc(Cl)cc5,0.10972102820381861
255,Cromoglicicacid,0,OC(COc1ccc2OC(=CC(=O)c2c1)C(O)=O)COc3cccc4OC(=CC(=O)c34)C(O)=O,1.0
256,Cycloserine,1,NC1CONC1=O,0.07909747933065701
257,Hydroxycarbamide,1,NC(=O)NO,0.3274413096955165
258,Ipratropiumbromide,0,[Br-].CC(C)[N+]1(C)C2CCC1CC(C2)OC(=O)C(CO)c3ccccc3,1.0
259,guanabenz,0,NC(N)=N\N=C\c1c(Cl)cccc1Cl,0.045187245076008756
261,homatropine,0,CN1C2CCC1CC(C2)OC(=O)C(O)c3ccccc3,0.011606859268699282
262,hydralazine,0,NNc1nncc2ccccc12,0.10643973979696963
264,Hydrocortisone,0,C[C@]12CCC(=O)C=C1CC[C@H]3[C@@H]4CC[C@](O)(C(=O)CO)[C@@]4(C)C[C@H](O)[C@H]23,1.0
265,hydroflumethiazide,0,N[S](=O)(=O)c1cc2c(NCN[S]2(=O)=O)cc1C(F)(F)F,1.0
266,ibuprofen,0,CC(C)Cc1ccc(cc1)C(C)C(O)=O,0.2210644332509605
267,indomethacin,0,COc1ccc2n(c(C)c(CC(O)=O)c2c1)C(=O)c3ccc(Cl)cc3,1.0
268,35,0,c12c(c(ccc1)Cl)C(N(Cc1n2cnc1c1nc(on1)[C@](CO)(C)O)C)=O,0.2134322283260132
269,1-47,0,NCCc1cn2c(n1)cccc2,1.0
270,1-48,1,CCCN(CCC)CCc1ccc(c2c1CC(N2)=C)O,1.0
271,9-OH-risperidone,1,c1(c2c(cc(F)cc2)on1)C1CCN(CCc2c(n3c([C@@H](CCC3)O)nc2C)=O)CC1,0.009865396318108519
272,Alprazolam,1,Cc1nnc2CN=C(c3ccccc3)c4cc(Cl)ccc4n12,1.0
273,BCNU,1,ClCCNC(=O)N(CCCl)N=O,0.33290187483251316
274,Itraconazole,0,CCC(C)N1N=CN(C1=O)c2ccc(cc2)N3CCN(CC3)c4ccc(OC[C@H]5CO[C@@](Cn6cncn6)(O5)c7ccc(Cl)cc7Cl)cc4,1.0
275,Kanamycin,0,NCC1OC(OC2C(N)CC(N)C(OC3OC(CO)C(O)C(N)C3O)C2O)C(O)C(O)C1O,1.0
276,Ketoprofen,1,CC(C(O)=O)c1cccc(c1)C(=O)c2ccccc2,1.0
277,Ketorolac,0,OC(=O)C1CCn2c1ccc2C(=O)c3ccccc3,1.0
278,Metaraminol,0,C[C@H](N)[C@H](O)c1cccc(O)c1,0.08904074213251319
279,isoniazid,0,NNC(=O)c1ccncc1,1.0
281,Isoquercitrin,0,OC[C@H]1O[C@@H](OC2=C(Oc3cc(O)cc(O)c3C2=O)c4ccc(O)c(O)c4)[C@H](O)[C@@H](O)[C@@H]1O,0.09932742695425023
282,Ketoconazole,0,CC(=O)N1CCN(CC1)c2ccc(OC[C@H]3CO[C@@](Cn4ccnc4)(O3)c5ccc(Cl)cc5Cl)cc2,0.18724775860263757
284,levodopa,0,N[C@@H](Cc1ccc(O)c(O)c1)C(O)=O,0.39982609382557865
285,mannitol,0,OCC(O)C(O)C(O)C(O)CO,1.0
287,Meclofenamate,0,Cc1ccc(Cl)c(Nc2ccccc2C(O)=O)c1Cl,0.04533276423036703
288,Mefenamic_acid,0,Cc1cccc(Nc2ccccc2C(O)=O)c1C,1.0
289,Cimetidine,0,CN=C(NCCSCc1nc[nH]c1C)NC#N,1.0
291,Didanosine,0,OC[C@@H]1CC[C@@H](O1)n2cnc3C(=O)N=CNc23,0.3269079119511137
292,Metoprolol,1,COCCc1ccc(OCC(O)CNC(C)C)cc1,0.2705081898848902
293,Metronidazole,1,Cc1ncc(n1CCO)[N+]([O-])=O,1.0
294,Mifepristone,0,CC#C[C@]1(O)CC[C@H]2[C@@H]3CCC4=CC(=O)CCC4=C3[C@H](C[C@]12C)c5ccc(cc5)N(C)C,0.08424322563193555
296,Moclobemide,1,Clc1ccc(cc1)C(=O)NCCN2CCOCC2,1.0
297,Propanthelinebromide,0,[Br-].CC(C)[N+](C)(CCOC(=O)C1c2ccccc2Oc3ccccc13)C(C)C,0.46093974569048785
298,Pyrazinamide,1,NC(=O)c1cnccn1,1.0
299,Pyridostigminebromide,1,[Br-].CN(C)C(=O)Oc1ccc[n+](C)c1,0.17009868468428466
301,Quinine,0,COc1ccc2nccc([C@@H](O)[C@@H]3C[C@H]4CCN3C[C@@H]4C=C)c2c1,1.0
302,melphalan,0,NC(Cc1ccc(cc1)N(CCCl)CCCl)C(O)=O,1.0
303,mepenzolatebromide,0,[Br-].C[N+]1(C)CCCC(C1)OC(=O)C(O)(c2ccccc2)c3ccccc3,1.0
304,mepiramine,0,COc1ccc(CN(CCN(C)C)c2ccccn2)cc1,1.0
305,mequitazine,0,C1CN2CCC1C(C2)CN3c4ccccc4Sc5ccccc35,0.18303380168918157
306,mestranol,0,COc1ccc2[C@H]3CC[C@@]4(C)[C@@H](CC[C@@]4(O)C#C)[C@@H]3CCc2c1,1.0
307,methantheline,0,CC[N+](C)(CC)CCOC(=O)C1c2ccccc2Oc3ccccc13,1.0
309,Methyclothiazide,0,CN1C(CCl)Nc2cc(Cl)c(cc2[S]1(=O)=O)[S](N)(=O)=O,1.0
310,methyldopa,0,C[C@](N)(Cc1ccc(O)c(O)c1)C(O)=O,1.0
311,Icotidine,0,[Cl-].[Cl-].[Cl-].COc1cccnc1CCCCNC2=NC=C(Cc3ccc(C)nc3)C(=O)N2.[H+].[H+].[H+],1.0
312,L-663581,1,CC(C)c1onc(n1)c2ncn3c2CN(C)C(=O)c4c(Cl)cccc34,0.161114838789283
313,Lupitidine,0,Cc1ccc(CC2=CN=C(NCCSCc3oc(cc3)C(C)(C)N)NC2=O)cn1,1.0
315,Midazolam,1,Cc1ncc2CN=C(c3ccccc3F)c4cc(Cl)ccc4n12,0.25959926870788363
316,Ritonavir,0,CC(C)[C@H](NC(=O)N(C)Cc1csc(n1)C(C)C)C(=O)N[C@H](C[C@H](O)[C@H](Cc2ccccc2)NC(=O)OCc3scnc3)Cc4ccccc4,0.03401232133532592
318,Sevoflurane,1,FCOC(C(F)(F)F)C(F)(F)F,0.23951073513481025
319,Sodiumamidotrizoate,0,[Na+].CC(=O)Nc1c(I)c(NC(C)=O)c(I)c(C([O-])=O)c1I,0.16574763209115984
320,Sotalol,1,CC(C)NCC(O)c1ccc(N[S](C)(=O)=O)cc1,1.0
325,Methylprednisolone,0,C[C@H]1C[C@H]2[C@@H]3CC[C@](O)(C(=O)CO)[C@@]3(C)C[C@H](O)[C@@H]2[C@@]4(C)C=CC(=O)C=C14,1.0
327,nandrolone,0,C[C@]12CC[C@H]3[C@@H](CCC4=CC(=O)CC[C@H]34)[C@@H]1CC[C@@H]2O,0.18559418427691665
328,neodicoumarol,0,CCOC(=O)C(C1=C(O)Oc2ccccc2C1=O)C3=C(O)Oc4ccccc4C3=O,1.0
329,Nicotinyl alcohol,0,OCc1cccnc1,1.0
330,norethindrone,0,C[C@]12CC[C@H]3[C@@H](CCC4=CC(=O)CC[C@H]34)[C@@H]1CC[C@@]2(O)C#C,1.0
331,norfenefrine,0,NCC(O)c1cccc(O)c1,0.11421026020867231
332,nylidrin,0,CC(CCc1ccccc1)NC(C)C(O)c2ccc(O)cc2,1.0
334,Oxaprozin,0,OC(=O)CCc1oc(c2ccccc2)c(n1)c3ccccc3,0.04965592007536865
337,Org12962,1,C1NCCN(C1)c1ccc(c(n1)Cl)C(F)(F)F,0.09060888956367513
338,Org30526,1,c1c2c(cc(c1)Cl)[C@@H]1[C@H](c3ccccc3O2)CNC1,0.330384727742939
339,Org32104,1,c1c2c(ccc1)[C@@]1([C@@H](c3cccc(c3O2)C)CNCC1)O,0.4636423744312741
340,Org34167,1,c1ccc(c(c1)[C@H](CC=C)N)c1c2c(on1)cccc2,0.11930341125159816
341,Org4428,1,c1c2c(ccc1)[C@@]1([C@@H](c3cccc(c3O2)C)C[N@](CC1)C)O,0.6928653882642967
343,Ranitidine,0,CNC(/NCCSCc1oc(CN(C)C)cc1)=C\[N+]([O-])=O,1.0
345,Tamoxifen,1,CC/C(c1ccccc1)=C(c2ccccc2)/c3ccc(OCCN(C)C)cc3,1.0
346,Ticarcillin,1,[Na+].[Na+].CC1(C)S[C@@H]2[C@H](NC(=O)[C@H](C([O-])=O)c3cscc3)C(=O)N2[C@H]1C([O-])=O,1.0
347,Topotecan,1,CC[C@@]1(O)C(=O)OCC2=C1C=C3N(Cc4cc5c(CN(C)C)c(O)ccc5nc34)C2=O,1.0
348,Zalcitabine,1,NC1=NC(=O)N(C=C1)[C@H]2CC[C@@H](CO)O2,1.0
349,Zonisamide,1,N[S](=O)(=O)Cc1noc2ccccc12,0.07759285028390471
350,AmphotericinB,0,C[C@H]1O[C@@H](O[C@@H]\2C[C@@H]3O[C@](O)(C[C@@H](O)C[C@@H](O)[C@H](O)CC[C@@H](O)C[C@@H](O)CC(=O)O[C@@H](C)[C@H](C)[C@H](O)[C@@H](C)\C=C/C=C\C=C/C=C\C=C/C=C\C=C2)C[C@H](O)[C@H]3C(O)=O)[C@@H](O)[C@@H](N)[C@@H]1O,0.07076085308613926
351,Calcium-folinate,1,[Ca++].NC1=NC(=O)C2=C(NCC(CNc3ccc(cc3)C(=O)N[C@@H](CCC([O-])=O)C([O-])=O)N2C=O)N1,0.130899269865007
357,pheniramine,0,CN(C)CCC(c1ccccc1)c2ccccn2,1.0
359,phenoxybenzamine,0,CC(COc1ccccc1)N(CCCl)Cc2ccccc2,0.04184040571902887
360,Phenylbutazone,0,CCCCC1C(=O)N(N(C1=O)c2ccccc2)c3ccccc3,1.0
363,Phenserine,1,CN1CC[C@]2(C)[C@H]1N(C)c3ccc(OC(=O)Nc4ccccc4)cc23,0.42681495983075546
364,Temelastine,0,Cc1ccc(CC2=CN=C(NCCCCc3ncc(Br)cc3C)NC2=O)cn1,0.46491745297132847
365,Tibolone,1,C[C@@H]1CC2=C(CCC(=O)C2)[C@H]3CC[C@@]4(C)[C@@H](CC[C@@]4(O)C#C)[C@H]13,1.0
366,Ceftazidime,1,CC(C)(O/N=C(C(=O)N[C@H]1[C@H]2SCC(=C(N2C1=O)C([O-])=O)C[n+]3ccccc3)/c4csc(N)n4)C(O)=O,1.0
369,Lomustine,1,ClCCN(N=O)C(=O)NC1CCCCC1,1.0
372,Teniposide,1,COc1cc(cc(OC)c1O)[C@H]2[C@@H]3[C@H](COC3=O)[C@H](OC4OC5COC(OC5C(O)C4O)c6sccc6)c7cc8OCOc8cc27,1.0
373,Thiotepa,1,S=[P](N1CC1)(N2CC2)N3CC3,0.1253822132918364
374,Vancomycin,0,CN[C@H](CC(C)C)C(=O)NC1[C@H](O)c2ccc(Oc3cc4cc(Oc5ccc(cc5Cl)[C@@H](O)[C@@H]6NC(=O)[C@H](NC(=O)[C@@H]4NC(=O)[C@H](CC(N)=O)NC1=O)c7ccc(O)c(c7)c8c(O)cc(O)cc8[C@@H](NC6=O)C(O)=O)c3O[C@@H]9O[C@H](CO)[C@@H](O)[C@H](O)[C@H]9O[C@H]%10C[C@](C)(N)[C@H](O)[C@H](C)O%10)c(Cl)c2,1.0
375,Polythiazide,0,CN1C(CSCC(F)(F)F)Nc2cc(Cl)c(cc2[S]1(=O)=O)[S](N)(=O)=O,0.031118013873491522
376,prednisolone,0,C[C@]12C[C@H](O)[C@H]3[C@@H](CCC4=CC(=O)C=C[C@]34C)[C@@H]1CC[C@]2(O)C(=O)CO,0.14654660165163624
377,prednisone,0,C[C@]12CC(=O)[C@H]3[C@@H](CCC4=CC(=O)C=C[C@]34C)[C@@H]1CC[C@]2(O)C(=O)CO,0.1067231717576312
378,probenecid,0,CCCN(CCC)[S](=O)(=O)c1ccc(cc1)C(O)=O,1.0
380,propranolol,0,CC(C)NCC(O)COc1cccc2ccccc12,1.0
381,proscillaridin,0,CC1OC(O[C@H]2CC[C@]3(C)[C@H]4CC[C@]5(C)[C@H](CC[C@]5(O)[C@@H]4CCC3=C2)C6=COC(=O)C=C6)C(O)C(O)C1O,0.06414107759738674
384,Tiotidine,1,CN=C(NCCSCc1csc(N=C(N)N)n1)NC#N,1.0
387,111-trichloroethane,1,CC(Cl)(Cl)Cl,1.0
388,111-trifluoro-2-chloroethane,1,C(CCl)(F)(F)F,0.4383649872030238
390,"""2,2-dimethylbutane""",1,CCC(C)(C)C,0.43331739506018685
392,Bis-hydroxylated-L-663581,0,c12c(C(N(Cc3n1cnc3c1noc(n1)C(CO)(CO)C)C)=O)c(ccc2)Cl,0.18451388369393842
394,Mono-hydroxylated-L-663581,0,c12c(C(N(Cc3n1cnc3c1noc(n1)C(O)(C)C)C)=O)c(ccc2)Cl,1.0
395,Thioperamide,1,S=C(NC1CCCCC1)N2CCC(CC2)c3[nH]cnc3,1.0
396,rifampin,0,CC1C=CC=C(C(=O)NC2=C(C3=C(C(=C4C(=C3C(=O)C2=CNN5CCN(CC5)C)C(=O)C(O4)(OC=CC(C(C(C(C(C(C1O)C)O)C)OC(=O)C)C)OC)C)C)O)O)C,0.4000728554731962
397,salicylic acid,0,OC(=O)c1ccccc1O,1.0
398,scopolamine,0,CN1[C@@H]2CC(C[C@H]1[C@@H]3O[C@H]23)OC(=O)[C@H](CO)c4ccccc4,1.0
399,Spironolactone,0,CC(=O)S[C@@H]1CC2=CC(=O)CC[C@]2(C)[C@H]3CC[C@@]4(C)[C@@H](CC[C@@]45CCC(=O)O5)[C@H]13,1.0
401,sulfasalazine,0,OC(=O)C1=C\C(C=CC1=O)=N/Nc2ccc(cc2)[S](=O)(=O)Nc3ccccn3,0.04566453748697648
402,Terconazole,0,CC(C)N1CCN(CC1)c2ccc(OC[C@H]3CO[C@@](Cn4cncn4)(O3)c5ccc(Cl)cc5Cl)cc2,1.0
404,testosterone,0,C[C@]12CC[C@H]3[C@@H](CCC4=CC(=O)CC[C@]34C)[C@@H]1CC[C@@H]2O,1.0
406,3-methylhexane,1,CCCC(C)CC,0.1189632547024855
408,4-hydroxymidazolam,1,Cc1ncc2C(O)N=C(c3ccccc3F)c4cc(Cl)ccc4n12,0.11723094360776384
409,Aminopyrine,1,CN(C)C1=C(C)N(C)N(c2ccccc2)C1=O,1.0
410,Atenolol,0,CC(C)NCC(O)COc1ccc(CC(N)=O)cc1,1.0
411,Benzene,1,c1ccccc1,1.0
412,Bretazenil,1,CC(C)(C)OC(=O)c1ncn2c3cccc(Br)c3C(=O)N4CCC[C@H]4c12,0.006653435428247492
413,Bromperidol,1,OC1(CCN(CCCC(=O)c2ccc(F)cc2)CC1)c3ccc(Br)cc3,1.0
414,Mefloquine,1,OC(C1CCCCN1)c2cc(nc3c2cccc3C(F)(F)F)C(F)(F)F,1.0
417,aldosterone,0,C[C@]12CCC(=O)C=C1CC[C@H]3[C@@H]4CC[C@H](C(=O)CO)[C@]4(C[C@H](O)[C@H]23)C=O,1.0
418,BRL52537,1,c1(cc(c(cc1)Cl)Cl)CC(N1CCCC[C@H]1CN1CCCC1)=O,0.1191863681292857
419,BRL52580,1,c1(cc(c(cc1)Cl)Cl)CC(N1[C@@H](c2c(CC1)cccc2)CN1CCCC1)=O,1.0
420,BRL52656,1,c1(ccc(cc1)C(F)(F)F)CC(N1[C@@H](CCCC1)CN1CCCC1)=O,1.0
421,BRL52871,1,c1(ccc(c(c1)Cl)Cl)CC(N1[C@@H](c2c(CC1)scc2)CN1CCCC1)=O,1.0
423,thioguanine,0,NC1=NC(=S)c2[nH]cnc2N1,0.24460600359434817
426,Triamcinolone,0,C[C@]12C[C@H](O)[C@@]3(F)[C@@H](CCC4=CC(=O)C=C[C@]34C)[C@@H]1C[C@@H](O)[C@]2(O)C(=O)CO,0.11687351028698885
431,warfarin,0,CC(=O)CC(c1ccccc1)C2=C(O)Oc3ccccc3C2=O,1.0
432,Butanone,1,CCC(C)=O,1.0
433,Cyclopropane,1,C1CC1,0.6102952743824541
434,Desmethyldesipramine,1,N1(c2c(CCc3c1cccc3)cccc2)CCCN,1.0
436,Diethylether,1,CCOCC,0.11358705858935371
437,Divinylether,1,C=COC=C,1.0
438,Enflurane,1,FC(F)OC(F)(F)C(F)Cl,1.0
440,BRL53087,1,c1(ccc(c(c1)Cl)Cl)CC(N1[C@@H](CN2CCCC2)CC(CC1)(C)C)=O,0.08525929711670623
441,carebastine,0,CC(C)(C(O)=O)c1ccc(cc1)C(=O)CCCN2CCC(CC2)OC(c3ccccc3)c4ccccc4,1.0
442,cetirizine,0,OC(=O)COCCN1CCN(CC1)C(c2ccccc2)c3ccc(Cl)cc3,1.0
443,ciprofloxacin,0,OC(=O)C1=CN(C2CC2)c3cc(N4CCNCC4)c(F)cc3C1=O,1.0
444,cp102,0,c1cn(CCO)c(CC)c(O)c1=O,1.0
445,cp107,0,c1cn(CCCCO)c(CC)c(O)c1=O,1.0
446,yohimbine,0,COC(=O)[C@H]1[C@@H](O)CC[C@H]2CN3CCc4c([nH]c5ccccc45)[C@@H]3C[C@H]12,0.39171260421377163
449,acetophenazine,1,CC(=O)c1ccc2Sc3ccccc3N(CCCN4CCN(CCO)CC4)c2c1,0.18777808538385862
450,acetozalamide,1,CC(=O)Nc1sc(nn1)[S](N)(=O)=O,1.0
451,allobarbital,1,C=CCC1(CC=C)C(=O)NC(=O)NC1=O,1.0
452,amantadine,1,[Cl-].NC12CC3CC(CC(C3)C1)C2.[H+],0.1334451288181098
453,amitriptyline,1,CN(C)CCC=C1c2ccccc2CCc3ccccc13,0.24081667169430415
454,amobarbital,1,CCC1(CCC(C)C)C(=O)NC(=O)NC1=O,0.15815322185878136
455,amphetamine,1,CC(N)Cc1ccccc1,1.0
456,Ethanol,1,CCO,0.22605038942060476
457,Ethylbenzene,1,CCc1ccccc1,0.3806796622058625
458,Flumazenil,1,CCOC(=O)c1ncn2c1CN(C)C(=O)c3cc(F)ccc23,1.0
460,Fluroxene,1,FC(F)(F)COC=C,0.3983726379714946
461,Halothane,1,FC(F)(F)C(Cl)Br,1.0
464,cp20,1,CN1C=CC(=O)C(=C1C)O,0.5490354419955635
465,cp21,1,CCN1C=CC(=O)C(=C1C)O,1.0
466,cp24,1,CCCCN1C=CC(=O)C(=C1C)O,0.6175038487960876
467,cp25,1,CCCCCN1C=CC(=O)C(=C1C)O,1.0
468,cp29,1,c1cn(CCCCC)c(C)c(O)c1=O,0.6193870994349945
469,cp41,0,c1cn(CCCO)c(C)c(O)c1=O,1.0
470,cp94,1,CCN1C=CC(=O)C(=C1CC)O,0.575238282783759
471,difloxacin,0,CN1CCN(CC1)c2cc3N(C=C(C(O)=O)C(=O)c3cc2F)c4ccc(F)cc4,0.01875602590819206
473,apomorphine,1,CN1CCc2cccc3c2[C@H]1Cc4ccc(O)c(O)c34,1.0
474,arecoline,1,COC(=O)C1=CCCN(C)C1,1.0
475,azaperone,1,Fc1ccc(cc1)C(=O)CCCN2CCN(CC2)c3ccccn3,1.0
478,benzocaine,1,CCOC(=O)c1ccc(N)cc1,0.21874386436054044
479,benzquinamide,1,CCN(CC)C(=O)C1CN2CCc3cc(OC)c(OC)cc3C2CC1OC(C)=O,0.14712716517009405
481,biperiden,1,OC(CCN1CCCCC1)(C2CC3CC2C=C3)c4ccccc4,0.09779607735893067
484,Isoflurane,1,FC(F)OC(Cl)C(F)(F)F,1.0
485,Methohexital,1,CCC#CC(C)C1(CC=C)C(=O)NC(=O)N(C)C1=O,1.0
486,Methoxyflurane,1,COC(F)(F)C(Cl)Cl,1.0
488,Nor-1-chlorpromazine,1,N1(c2c(Sc3c1cccc3)ccc(c2)Cl)CCCNC,1.0
490,doxylamine,1,CN(C)CCOC(C)(c1ccccc1)c2ccccn2,1.0
491,EMD60400,0,c1ccc([C@H](C[N@]2CC[C@H](C2)O)N(C(Cc2ccccc2N)=O)C)cc1,1.0
492,enoxacin,0,CCN1C=C(C(O)=O)C(=O)c2cc(F)c(nc12)N3CCNCC3,0.34186370310471437
494,GR85571,1,c1(cc(c(cc1)Cl)Cl)CC(N1[C@@H](CN2CCCC2)CN(CC1)C(=O)C)=O,0.08193076995624005
495,GR88377,1,c1(ccc(c(c1)Cl)Cl)CC(N1[C@@H](c2c(CC1)occ2)CN1CCCC1)=O,0.2835789966688954
496,GR89696,1,c1(ccc(c(c1)Cl)Cl)CC(N1[C@H](CN(CC1)C(=O)OC)CN1CCCC1)=O,0.1496184970374411
498,buclizine,1,CC(C)(C)c1ccc(CN2CCN(CC2)C(c3ccccc3)c4ccc(Cl)cc4)cc1,0.2265715952008282
499,bufotenine,1,CN(C)CCc1c[nH]c2ccc(O)cc12,1.0
500,bupropion,1,CC(NC(C)(C)C)C(=O)c1cccc(Cl)c1,1.0
502,butabarbital,1,CCC(C)C1(CC)C(=O)NC(=O)NC1=O,1.0
504,cannabidiol,1,CCCCCc1cc(O)c(C2C=C(C)CC[C@H]2C(C)=C)c(O)c1,1.0
505,capuride,1,CCC(C)C(CC)C(=O)NC(N)=O,0.2776982079876201
506,carbamazepine,1,NC(=O)N1c2ccccc2C=Cc3ccccc13,1.0
507,Northioridazine,1,CSc1ccc2Sc3ccccc3N(CCC4CCCNC4)c2c1,0.0888485750541706
511,Propanol,1,CCCO,0.24434076743853286
513,GR89696_et,1,c1(ccc(c(c1)Cl)Cl)CC(N1[C@H](CN(CC1)C(=O)OCC)CN1CCCC1)=O,0.030249258205850473
514,GR89696_pr,1,c1(CC(N2[C@H](CN(CC2)C(=O)OCCC)CN2CCCC2)=O)cc(c(cc1)Cl)Cl,0.026710220783916827
515,GR91272,1,c1(ccc(c(c1)Cl)Cl)CC(N1[C@@H](c2c(CC1)occ2)C[N@@]1C[C@@H](CC1)O)=O,0.0382617254280109
516,GR94839,0,c1(ccc(c(c1)Cl)Cl)CC(=O)N1[C@H](CN(C(=O)C)CC1)C[N@@]1C[C@H](O)CC1,0.09468286670034341
517,GR94839_A,0,c1(CC(N2[C@H](CN(CC2)C(=O)C)C[N@]2CC[C@H](C2)O)=O)ccc(C(F)(F)F)cc1,0.09648672777321922
519,GR94839_C,0,c1(CC(N2[C@H](CN(CC2)C(=O)C)C[N@]2CC[C@H](C2)O)=O)cc(cc(c1)F)F,1.0
523,carphenazine,1,CCC(=O)c1ccc2Sc3ccccc3N(CCCN4CCN(CCO)CC4)c2c1,0.1912905956861045
524,cartazolate,1,CCCCNc1c(cnc2n(CC)ncc12)C(=O)OCC,1.0
525,centazolone,1,NN1C=Nc2cc3ccccc3cc2C1=O,0.11566415905885832
526,chloralhydrate,1,OC(O)C(Cl)(Cl)Cl,0.24730334176802793
527,chlordiazepoxide,1,CN=C1CN(O)C(=C2C=C(Cl)C=CC2=N1)c3ccccc3,1.0
528,chlorpromazine,1,CN(C)CCCN1c2ccccc2Sc3ccc(Cl)cc13,0.027482014378530418
529,chlorprothixene,1,CN(C)CC\C=C/1c2ccccc2Sc3ccc(Cl)cc13,0.13080040854287203
530,chlorzoxazone,1,Clc1ccc2OC(=O)Nc2c1,0.06533932551800507
531,choline,1,C[N+](C)(C)CCO,1.0
532,clobazam,1,CN1C(=O)CC(=O)N(c2ccccc2)c3cc(Cl)ccc13,1.0
533,RO19-4603,1,CN1Cc2n(cnc2C(=O)OC(C)(C)C)c3ccsc3C1=O,1.0
534,SKF101468,1,C1C(Nc2c1c(ccc2)CCN(CCC)CCC)=O,1.0
535,SKF89124,1,C1C(Nc2c1c(ccc2O)CCN(CCC)CCC)=O,1.0
536,Salicyluricacid,1,OC(=O)CNC(=O)c1ccccc1O,0.23971783678880268
538,Teflurane,1,FC(Br)C(F)(F)F,1.0
540,Thiopental,0,CCCC(C)C1(CC)C(=O)NC(=S)NC1=O,1.0
541,Toluene,1,Cc1ccccc1,1.0
542,Triazolam,1,Cc1nnc2CN=C(c3ccccc3Cl)c4cc(Cl)ccc4n12,0.22120361255185977
547,ICI197067,1,CC(C)[C@@H](CN1CCCC1)N(C)C(=O)Cc2ccc(Cl)c(Cl)c2,0.25238252636405234
548,ICI199441,1,c1(ccccc1)[C@H](CN1CCCC1)N(C(=O)Cc1ccc(c(c1)Cl)Cl)C,1.0
549,isoxicam,0,CN1C(=C(\O)Nc2cc(C)on2)/C(=O)c3ccccc3[S]1(=O)=O,1.0
550,Levallorphan,1,Oc1ccc2C[C@@H]3[C@@H]4CCCC[C@]4(CCN3CC=C)c2c1,1.0
551,lomefloxacin,0,CCN1C=C(C(O)=O)C(=O)c2cc(F)c(N3CCNC(C)C3)c(F)c12,0.3549573181051241
552,loperamide,0,CN(C)C(=O)C(CCN1CCC(O)(CC1)c2ccc(Cl)cc2)(c3ccccc3)c4ccccc4,0.13009494751943593
553,clomipramine,1,CN(C)CCCN1c2ccccc2CCc3ccc(Cl)cc13,1.0
555,clopenthixol,1,OCCN1CCN(CC\C=C/2c3ccccc3Sc4ccc(Cl)cc24)CC1,0.19525099029356827
557,cocaine,1,COC(=O)[C@H]1[C@H](CC2CCC1N2C)OC(=O)c3ccccc3,1.0
558,codeine,1,COc1ccc2C[C@@H]3[C@@H]4C=C[C@H](O)[C@@H]5Oc1c2[C@]45CCN3C,0.3002903503265939
559,cyclazocine,1,CC1C2Cc3ccc(O)cc3C1(C)CCN2CC4CC4,1.0
561,deanol,1,CN(C)CCO,1.0
562,demerol,1,[H+].[Cl-].CCOC(=O)C1(CCN(C)CC1)c2ccccc2,0.05171123767181452
563,Trichloroethylene,1,ClC=C(Cl)Cl,0.038582360221906774
564,Trichloromethane,1,ClC(Cl)Cl,1.0
566,Y-G15,1,c1c(nccc1)CCN(C)C,1.0
567,Y-G16,1,n1c(scc1)CCN,0.19435441561600703
568,Y-G19,0,n1c(scc1c1ccccc1)CCN,0.052842127642095664
569,Y-G20,0,c1c(nc2n1cccc2)CCN,0.543537385384773
570,m-Xylene,1,Cc1cccc(C)c1,0.24740236328158652
571,loratadine,0,CCOC(=O)N1CCC(CC1)=C2c3ccc(Cl)cc3CCc4cccnc24,0.028524784354609402
572,meloxicam,0,CN1C(=C(/O)Nc2sc(C)cn2)/C(=O)c3ccccc3[S]1(=O)=O,1.0
573,Nalorphine,1,O[C@H]1C=C[C@H]2[C@H]3Cc4ccc(O)c5O[C@@H]1[C@]2(CCN3CC=C)c45,0.17974392742533402
574,naltrexone,1,Oc1ccc2C[C@H]3N(CC[C@@]45[C@@H](Oc1c24)C(=O)CC[C@@]35O)CC6CC6,0.15933083145068047
575,norfloxacin,0,CCN1C=C(C(O)=O)C(=O)c2cc(F)c(cc12)N3CCNCC3,1.0
576,pefloxacin,0,CCN1C=C(C(O)=O)C(=O)c2cc(F)c(cc12)N3CCN(C)CC3,0.1595620308214044
577,piroxicam,0,CN1C(=C(/O)Nc2ccccn2)/C(=O)c3ccccc3[S]1(=O)=O,1.0
578,roxindole,1,C[S](O)(=O)=O.Oc1ccc2[nH]cc(CCCCN3CCC(=CC3)c4ccccc4)c2c1,0.21498448073690082
579,deserpidine,1,CO[C@H]1[C@@H](C[C@@H]2CN3CCc4c([nH]c5ccccc45)[C@H]3C[C@@H]2[C@@H]1C(=O)OC)OC(=O)c6cc(OC)c(OC)c(OC)c6,0.5099436180404129
580,desipramine,1,CNCCCN1c2ccccc2CCc3ccccc13,0.08425935865747738
581,diazepam,1,CN1C(=O)CN=C(c2ccccc2)c3cc(Cl)ccc13,1.0
582,dihydrocodeine,1,COc1ccc2C[C@@H]3[C@@H]4CC[C@H](O)[C@@H]5Oc1c2[C@]45CCN3C,0.35445596126768636
583,dihydromorphine,1,CN1CCC23C4CCC(O)C2Oc5c(O)ccc(CC14)c35,0.21056238448554224
584,diphenhydramine,1,CN(C)CCOC(c1ccccc1)c2ccccc2,1.0
587,DMT,1,COC(=O)c1ccc(cc1)C(=O)OC,1.0
588,o-Xylene,1,Cc1ccccc1C,1.0
589,p-Xylene,1,Cc1ccc(C)cc1,1.0
590,2-propanol,1,CC(C)O,1.0
591,Carbamazepineepoxide,1,NC(=O)N1c2ccccc2C3OC3c4ccccc14,0.08213893215149594
592,SB-222200,1,c12c(nc(c(c1C(N[C@@H](CC)c1ccccc1)=O)C)c1ccccc1)cccc2,0.03695975315568047
593,Tertbutylchlorambucil,1,c1cc(ccc1CCCC(OC(C)(C)C)=O)N(CCCl)CCCl,1.0
594,Delavirdine,0,CC(C)Nc1cccnc1N2CCN(CC2)C(=O)c3[nH]c4ccc(N[S](C)(=O)=O)cc4c3,0.1885898389123976
595,Ebastine,0,CC(C)(C)c1ccc(cc1)C(=O)CCCN2CCC(CC2)OC(c3ccccc3)c4ccccc4,1.0
596,Pirenzepine,1,CN1CCN(CC1)CC(=O)N2c3ccccc3C(=O)Nc4cccnc24,1.0
597,RP60180,1,c1ccc2N([C@H](CN3CCCC3)C)c3c(ccc(C(=O)NCCC)c3)Sc2c1,0.10533166129617746
598,rufloxacin,0,CN1CCN(CC1)c2c(F)cc3C(=O)C(=CN4CCSc2c34)C(O)=O,1.0
601,SB201708,1,c1(ccc(c(c1)Cl)Cl)CC(N1[C@H](CN2CCCC2)c2n(CC1)ccn2)=O,1.0
602,SB204454,0,c1(ccc(c(c1)Cl)Cl)CC(N1[C@H](C[C@]2(CC1)NC(NC2=O)=O)CN1CCCC1)=O,0.020753758110675844
603,SB204459,0,c1(ccc(c(c1)Cl)Cl)CC(N1[C@H](C[N@@]2C[C@@H](CC2)O)c2n(CC1)ccn2)=O,0.00406025438513365
606,doxepin,1,[H+].[Cl-].CN(C)CC\C=C/1c2ccccc2COc3ccccc13,0.2739608460781374
607,doxylamine succinate,1,CN(C)CCOC(C)(c1ccccc1)c2ccccn2.OC(=O)CCC(O)=O,1.0
608,droperidol,1,Fc1ccc(cc1)C(=O)CCCN2CCC(=CC2)N3C(=O)Nc4ccccc34,1.0
609,ectylurea,1,CC\C(=C/C)C(=O)NC(N)=O,0.3151981822461312
611,estazolam,1,Clc1ccc2n3cnnc3CN=C(c4ccccc4)c2c1,0.2054375767195146
612,etaqualone,1,CCc1ccccc1N2C(=Nc3ccccc3C2=O)C,1.0
613,etazolate,1,CCOC(=O)c1cnc2n(CC)ncc2c1NN=C(C)C,0.43457954808194565
614,ethchlorvynol,1,CCC(O)(\C=C\Cl)C#C,0.3324230926749179
615,ethinamate,1,NC(=O)OC1(CCCCC1)C#C,1.0
618,5-67,1,c1cc(CCN(C)C)ncc1,0.0611087429948412
619,5-68,1,s1c(ncc1)CCN,0.14616541741570993
620,5-69,1,c1nc(C2CCN(CC2)C(NC2CCCCC2)=S)c[nH]1,1.0
623,7-K10,1,c1ccc2Oc3c(cc(cc3)Cl)[C@@H]3[C@@H](c2c1)CNCC3,1.0
625,skb_a,1,c1ccc2nc(c(c(C(N[C@@H](CC)c3ccccc3)=O)c2c1)O)c1ccccc1,1.0
634,ethosuximide,1,CCC1(C)CC(=O)NC1=O,0.10187374212398205
635,etymemazine,1,CCc1ccc2Sc3ccccc3N(CC(C)CN(C)C)c2c1,0.06816170019653069
636,flupentixol,1,OCCN1CCN(CC\C=C/2c3ccccc3Sc4ccc(cc24)C(F)(F)F)CC1,1.0
637,fluphenazine,1,OCCN1CCN(CCCN2c3ccccc3Sc4ccc(cc24)C(F)(F)F)CC1,0.12853360819716828
639,glaziovine,1,COc1cc2CCN(C)C3CC4(C=CC(=O)C=C4)c(c1O)c23,1.0
641,haloperidol,1,OC1(CCN(CCCC(=O)c2ccc(F)cc2)CC1)c3ccc(Cl)cc3,1.0
646,15,1,c1(cc(nc(c1C)C)C(SC(CNc1c(cc[nH]1)[N+](=O)[O-])(C)C)(C)C)C,1.0
652,22,1,c1(c(oc(c1C)C(N(C(C)(N)C)C(N)(C)C)(C)C)C)C.C[NH+]O.[OH-],0.07223948973848478
653,23,1,[NH]C(CC(C)C([N@@](C(C)(C)C)C(N)(C)N)(C)C)c1c(c(c[nH+][o+]1)C)[O-],0.061108842040432994
654,tamitinol,1,CCNCc1c(O)c(C)ncc1CSC,1.0
655,tenoxicam,0,CN1C(=C(\O)Nc2ccccn2)/C(=O)c3sccc3[S]1(=O)=O,0.5237354260373931
656,terfenadine,0,CC(C)(C)c1ccc(cc1)C(O)CCCN2CCC(CC2)C(O)(c3ccccc3)c4ccccc4,0.17141909764288715
657,U50488,1,CN(C1CCCC[C@H]1N2CCCC2)C(=O)Cc3ccc(Cl)c(Cl)c3,0.15787697202373008
658,heroin,1,CN1CC[C@]23[C@H]4Oc5c(OC(C)=O)ccc(C[C@@H]1[C@@H]2C=C[C@@H]4OC(C)=O)c35,1.0
659,hexapropymate,1,NC(=O)OC1(CCCCC1)CC#C,0.40497021382488524
660,homophenazine,1,[H+].[H+].[Cl-].[Cl-].OCCN1CCCN(CCCN2c3ccccc3Sc4cc(ccc24)C(F)(F)F)CC1,0.19079402712005702
661,hydrocodone,1,COc1ccc2C[C@@H]3[C@@H]4CCC(=O)[C@@H]5Oc1c2[C@]45CCN3C,1.0
663,hydroxyzine,1,OCCOCCN1CCN(CC1)C(c2ccccc2)c3ccc(Cl)cc3,1.0
664,imipramine,1,CN(C)CCCN1c2ccccc2CCc3ccccc13,0.25797863794590364
665,ketamine,1,CNC1(CCCCC1=O)c2ccccc2Cl,0.0723106751675753
666,kynurenic acid,1,OC(=O)C1=CC(=O)c2ccccc2N1,1.0
668,25,1,C1CN(CCC1)Cc1cccc(c1)OCCCNC(=O)c1ccccc1,0.02483215758732378
673,4,0,c1c(oc(c1)CN(C)C)CSCCNc1nc(c(c[nH]1)Cc1cc2c(cc1)cccc2)=O,1.0
674,8-5,0,CN(C)Cc1oc(cc1)CSCCNC=1NC=C(CN1)Cc1cnc(cc1)C,1.0
675,BBcpd10,0,c1(nccc(c1)c1nc([nH]n1)N)N(C)C,0.2635309271157395
677,lenperone,1,Fc1ccc(cc1)C(=O)CCCN2CCC(CC2)C(=O)c3ccc(F)cc3,1.0
678,levorphanol,1,CN1CC[C@]23CCCC[C@H]2[C@H]1Cc4ccc(O)cc34,1.0
679,lidocaine,1,CCN(CC)CC(=O)Nc1c(C)cccc1C,1.0
680,lorazepam,1,OC1N=C(c2ccccc2Cl)c3cc(Cl)ccc3NC1=O,0.24701998168857053
681,lorcainide,1,CC(C)N1CCC(CC1)N(C(=O)Cc2ccccc2)c3ccc(Cl)cc3,1.0
682,meclofenoxate,1,CN(C)CCOC(=O)COc1ccc(Cl)cc1,1.0
684,medazepam,1,CN1CCN=C(c2ccccc2)c3cc(Cl)ccc13,0.23262941363346906
688,9-C7,1,c1(c(cc2n(ncc2c1)CCN)Cl)Cl,0.07442509224220466
689,Abacavir,1,Nc1nc(NC2CC2)c3ncn([C@@H]4C[C@H](CO)C=C4)c3n1,0.20910743372845758
690,Acebutolol,1,CCCC(=O)Nc1ccc(OCC(O)CNC(C)C)c(c1)C(C)=O,0.30871898119603886
691,Aciclovir,1,NC1=NC(=O)c2ncn(COCCO)c2N1,1.0
692,Albendazole,1,CCCSc1ccc2nc(NC(=O)OC)[nH]c2c1,1.0
693,Amifostine,0,NCCCNCCS[P](O)(O)=O,1.0
694,mescaline,1,COc1cc(CCN)cc(OC)c1OC,0.24806362885578837
696,methamphetamine,1,CN[C@@H](C)Cc1ccccc1,0.3715702019372669
698,methocarbamol,1,COc1ccccc1OCC(O)COC(N)=O,0.1945157377706384
700,methotrimeprazine,1,COc1ccc2Sc3ccccc3N(C[C@H](C)CN(C)C)c2c1,0.10622704041189791
701,methylpentynol,1,CCC(C)(O)C#C,0.410653160430254
702,methylphenidate,1,COC(=O)C(C1CCCCN1)c2ccccc2,1.0
704,Amikacin,1,NCC[C@H](O)C(=O)N[C@@H]1C[C@H](N)[C@@H](O[C@H]2O[C@H](CN)[C@@H](O)[C@H](O)[C@H]2O)[C@H](O)[C@H]1O[C@H]3O[C@H](CO)[C@@H](O)[C@H](N)[C@H]3O,0.6760192114135795
705,Aminosalicylicacid,0,Nc1ccc(C(O)=O)c(O)c1,1.0
707,Dacarbazine,1,CN(C)N\N=C/1N=CN=C1C(N)=O,1.0
710,Desmethylclobazam,1,Clc1ccc2NC(=O)CC(=O)N(c3ccccc3)c2c1,1.0
711,Desmonomethylpromazine,1,CNCCCN1c2ccccc2Sc3ccccc13,0.34143150337941985
712,Dexrazoxane,0,C[C@@H](CN1CC(=O)NC(=O)C1)N2CC(=O)NC(=O)C2,0.09455839236626346
713,midazolam maleate,1,Cc1ncc2CN=C(c3ccccc3F)c4cc(Cl)ccc4n12.OC(=O)\C=C/C(O)=O,0.23319721167840138
714,moperone,1,Cc1ccc(cc1)C2(O)CCN(CCCC(=O)c3ccc(F)cc3)CC2,1.0
715,morphine,1,CN1CC[C@]23[C@H]4Oc5c(O)ccc(C[C@@H]1[C@@H]2C=CC4O)c35,0.1503798827198368
716,MPTP,1,CN1CCC(=CC1)c2ccccc2,0.18017076790405054
717,naloxone,1,Oc1ccc2C[C@H]3N(CC[C@@]45[C@@H](Oc1c24)C(=O)CC[C@@]35O)CC=C,1.0
718,nicotine,1,CN1CCC[C@H]1c2cccnc2,1.0
720,nordazepam,1,Clc1ccc2NC(=O)CN=C(c3ccccc3)c2c1,1.0
721,nortriptyline,1,CNCCC=C1c2ccccc2CCc3ccccc13,0.1031303941301769
722,orphenadrine,1,CN(C)CCOC(c1ccccc1)c2ccccc2C,1.0
723,Dextromethorphan,1,COc1ccc2C[C@H]3[C@H]4CCCC[C@@]4(CCN3C)c2c1,1.0
724,Dihydroergotamine,0,CN1C[C@@H](C[C@H]2[C@H]1Cc3c[nH]c4cccc2c34)C(=O)N[C@]5(C)O[C@@]6(O)[C@@H]7CCCN7C(=O)[C@H](Cc8ccccc8)N6C5=O,0.42946968933466273
725,Disulfiram,1,CCN(CC)C(=S)SSC(=S)N(CC)CC,1.0
726,Efavirenz,0,FC(F)(F)[C@]1(OC(=O)Nc2ccc(Cl)cc12)C#CC3CC3,0.07421776423293411
727,Enalapril,0,CCOC(=O)[C@H](CCc1ccccc1)N[C@@H](C)C(=O)N2CCC[C@H]2C(O)=O,0.115326280760459
729,aclarubicin,0,CC[C@@]1(O)C[C@H](OC2CC(C(OC3CC(O)C(OC4CCC(=O)C(C)O4)C(C)O3)C(C)O2)N(C)C)c5c(O)c6C(=O)c7c(O)cccc7C(=O)c6cc5[C@H]1C(=O)OC,0.09088749750680068
733,almecillin,0,[Na+].CC1(C)SC2C(NC(=O)CSCC=C)C(=O)N2C1C([O-])=O,0.21407444134200393
735,amdinocillinpivoxil,0,CC(C)(C)C(=O)OCOC(=O)C1N2[C@H](SC1(C)C)[C@H](N=CN3CCCCCC3)C2=O,0.20013961827528284
737,amrubicin,0,[Cl-].CC(=O)[C@@]1(N)C[C@H](O[C@H]2C[C@H](O)[C@H](O)CO2)c3c(O)c4C(=O)c5ccccc5C(=O)c4c(O)c3C1.[H+],0.16998024085704952
738,apalcillin,0,CC1(C)S[C@@H]2C(NC(=O)[C@H](NC(=O)C3=CNc4cccnc4C3=O)c5ccccc5)C(=O)N2[C@H]1C(O)=O,0.09875111726996748
740,apramycin,0,CN[C@H]1[C@@H](O)[C@H]2O[C@@H](O[C@@H]3[C@@H](N)C[C@@H](N)[C@H](O)[C@H]3O)[C@H](N)C[C@@H]2O[C@@H]1O[C@H]4O[C@H](CO)[C@@H](N)[C@H](O)[C@H]4O,0.42471233358410626
741,arbekacin,0,NCC[C@H](O)C(=O)N[C@@H]1C[C@H](N)[C@@H](O[C@H]2O[C@H](CN)CC[C@H]2N)[C@H](O)[C@H]1O[C@H]3O[C@H](CO)[C@@H](O)[C@H](N)[C@H]3O,0.5681550668203847
742,aspoxicillin,0,CNC(=O)C[C@@H](N)C(=O)N[C@@H](C(=O)N[C@H]1[C@H]2SC(C)(C)[C@@H](N2C1=O)C(O)=O)c3ccc(O)cc3,0.18403168635941924
744,aztreonam,0,C[C@H]1[C@H](NC(=O)C(=N/OC(C)(C)C(O)=O)\c2csc([NH3+])n2)C(=O)N1[S]([O-])(=O)=O,0.03633232422322742
745,bacmecillinam,0,CCOC(=O)OC(C)OC(=O)[C@@H]1N2[C@H](SC1(C)C)[C@H](N=CN3CCCCCC3)C2=O,0.09754912376008648
746,bekanamycin,0,NCC1OC(OC2C(N)CC(N)C(OC3OC(CO)C(O)C(N)C3O)C2O)C(N)C(O)C1O,1.0
747,benserazide,0,NC(CO)C(=O)NNCc1ccc(O)c(O)c1O,0.09074313268212325
749,berythromycin,0,CC[C@H]1OC(=O)[C@H](C)[C@@H](OC2CC(C)(OC)C(O)C(C)O2)C(C)[C@@H](OC3OC(C)CC(C3O)N(C)C)[C@](C)(O)C[C@@H](C)C(=O)[C@H](C)[C@@H](O)[C@H]1C,0.5684172245164457
750,butikacin,0,NCCC(O)CNC1CC(N)C(OC2OC(CN)C(O)C(O)C2O)C(O)C1OC3OC(CO)C(O)C(N)C3O,0.7047774022023142
752,carfecillin,0,CC1(C)S[C@@H]2[C@H](NC(=O)C(C(=O)Oc3ccccc3)c4ccccc4)C(=O)N2[C@H]1C(O)=O,0.019102552213874524
753,carindacillin,0,CC1(C)S[C@@H]2[C@H](NC(=O)C(C(=O)Oc3ccc4CCCc4c3)c5ccccc5)C(=O)N2[C@H]1C(O)=O,0.03337184082938594
754,carubicin,0,CC1OC(CC(N)C1O)OC2C[C@@](O)(Cc3c(O)c4C(=O)c5cccc(O)c5C(=O)c4c(O)c23)C(C)=O,1.0
756,cefaclor,0,N[C@@H](C(=O)N[C@H]1[C@H]2SCC(=C(N2C1=O)C(O)=O)Cl)c3ccccc3,0.012111348573861116
762,cefazaflur,0,[Na+].Cn1nnnc1SCC2=C(N3[C@H](SC2)[C@H](NC(=O)CSC(F)(F)F)C3=O)C([O-])=O,0.015942880028834757
763,cefazedone,0,Cc1sc(SCC2=C(N3[C@H](SC2)[C@H](NC(=O)CN4C=C(Cl)C(=O)C(=C4)Cl)C3=O)C(O)=O)nn1,0.22241485534853353
764,cefcanel,0,Cc1sc(SCC2=C(N3[C@H](SC2)[C@H](NC(=O)[C@H](O)c4ccccc4)C3=O)C(O)=O)nn1,0.06565607865469776
765,cefcanel-daloxate,0,CC(N)C(=O)OC(C(=O)NC1C2SCC(=C(N2C1=O)C(=O)OCC3=C(C)OC(=O)O3)CSc4sc(C)nn4)c5ccccc5,1.0
766,cefcapene,0,CC/C=C(C(=O)N[C@H]1[C@H]2SCC(=C(N2C1=O)C(O)=O)COC(N)=O)/c3csc(N)n3,1.0
767,cefdaloxime,0,COCC1=C(N2[C@H](SC1)[C@H](NC(=O)C(=N\O)/c3csc(N)n3)C2=O)C(O)=O,1.0
768,cefdinir,0,Nc1scc(n1)\C(=N\O)C(=O)N[C@H]2[C@H]3SCC(=C(N3C2=O)C(O)=O)C=C,1.0
769,cefditoren,0,CO\N=C(C(=O)NC1[C@H]2SCC(=C(N2C1=O)C(O)=O)\C=C/c3scnc3C)\c4csc(N)n4,1.0
770,cefedrolor,0,CC1=C(N2[C@H](SC1)[C@H](NC(=O)[C@H](N)c3ccc(O)c(Cl)c3)C2=O)C(O)=O,1.0
771,cefetamet,0,CO/N=C(C(=O)N[C@H]1[C@H]2SCC(=C(N2C1=O)C(O)=O)C)/c3csc(N)n3,1.0
772,cefetrizole,0,OC(=O)C1=C(CS[C@@H]2[C@H](NC(=O)Cc3sccc3)C(=O)N12)CSc4[nH]ncn4,1.0
773,cefivitril,0,Cn1nnnc1SCC2=C(N3[C@H](SC2)[C@H](NC(=O)CS\C=C/C#N)C3=O)C(O)=O,0.27516784823057167
774,cefixime,0,Nc1scc(n1)\C(=N\OCC(O)=O)C(=O)N[C@H]2[C@H]3SCC(=C(N3C2=O)C(O)=O)C=C,1.0
775,cefmenoxime,0,CO/N=C(C(=O)N[C@H]1[C@H]2SCC(=C(N2C1=O)C(O)=O)CSc3nnnn3C)/c4csc(N)n4,1.0
776,cefmetazole,0,CO[C@]1(NC(=O)CSCC#N)[C@H]2SCC(=C(N2C1=O)C(O)=O)CSc3nnnn3C,0.45675147452443543
777,cefminox,0,CO[C@]1(NC(=O)CSC[C@@H](N)C(O)=O)[C@H]2SCC(=C(N2C1=O)C(O)=O)CSc3nnnn3C,1.0
778,cefodizime,0,CO\N=C(C(=O)N[C@H]1[C@H]2SCC(=C(N2C1=O)C(O)=O)CSc3sc(CC(O)=O)c(C)n3)/c4csc(N)n4,1.0
779,cefonicid,0,OC(C(=O)N[C@H]1[C@H]2SCC(=C(N2C1=O)C(O)=O)CSc3nnnn3C[S](O)(=O)=O)c4ccccc4,0.21923585126699074
780,ceforanide,0,NCc1ccccc1CC(=O)N[C@H]2[C@H]3SCC(=C(N3C2=O)C(O)=O)CSc4nnnn4CC(O)=O,1.0
781,cefotetan,0,CO[C@]1(NC(=O)C2S\C(S2)=C(\C(N)=O)C(O)=O)[C@H]3SCC(=C(N3C1=O)C(O)=O)CSc4nnnn4C,1.0
782,cefotiam,0,CN(C)CCn1nnnc1SCC2=C(N3[C@H](SC2)[C@H](NC(=O)Cc4csc(N)n4)C3=O)C(O)=O,0.26142800619585127
783,cefoxazole,0,CC(=O)OCC1=C(N2[C@H](SC1)[C@H](NC(=O)c3c(C)onc3c4ccccc4Cl)C2=O)C(O)=O,0.022297375746133923
785,cefpodoxime,0,[Na+].COCC1=C(N2[C@H](SC1)[C@H](NC(=O)C(=N/OC)\c3csc(N)n3)C2=O)C([O-])=O,0.2581443542694955
789,cefsumide,0,CC1=C(N2[C@H](SC1)[C@H](NC(=O)[C@H](N)c3cccc(N[S](C)(=O)=O)c3)C2=O)C(O)=O,0.16169886871053818
790,cefteram,0,CO/N=C(C(=O)N[C@H]1[C@H]2SCC(=C(N2C1=O)C(O)=O)Cn3nnc(C)n3)/c4csc(N)n4,0.20892805648414953
791,ceftezole,0,OC(=O)C1=C(CS[C@@H]2[C@H](NC(=O)Cn3cnnn3)C(=O)N12)CSc4scnn4,0.20759969499460243
792,ceftibuten,0,O.O.Nc1scc(n1)\C(=C\CC(O)=O)C(=O)N[C@H]2[C@H]3SCC=C(N3C2=O)C(O)=O,1.0
793,ceftiofur,0,CO/N=C(C(=O)N[C@H]1[C@H]2SCC(=C(N2C1=O)C(O)=O)CSC(=O)c3occc3)/c4csc(N)n4,1.0
794,ceftiolene,0,CO/N=C(C(=O)N[C@H]1[C@H]2SCC(=C(N2C1=O)C(O)=O)\C=C\SC3=NNC(=O)C(=O)N3CC=O)/c4csc(N)n4,1.0
796,ceftizoxime,0,CO/N=C(C(=O)N[C@H]1[C@H]2SCC=C(N2C1=O)C(O)=O)/c3csc(N)n3,0.138752915079255
797,cefuracetime,0,CO/N=C(C(=O)N[C@H]1[C@H]2SCC(=C(N2C1=O)C(O)=O)COC(C)=O)/c3occc3,0.14104026835038277
800,cefuzonam,0,CO/N=C(C(=O)N[C@H]1[C@H]2SCC(=C(N2C1=O)C(O)=O)CSc3snnc3)/c4csc(N)n4,0.23799305481657254
803,cephalosporin-c,0,CC(=O)OCC1=C(N2[C@H](SC1)[C@H](NC(=O)CCC[C@@H](N)C(O)=O)C2=O)C(O)=O,0.06999211446790735
804,cephalothin,0,CC(=O)OCC1=C(N2[C@H](SC1)[C@H](NC(=O)Cc3sccc3)C2=O)C(O)=O,0.1082469194673524
805,cetocycline,0,CC(=O)C1=C(O)[C@]2(O)[C@@H](Cc3c(C)c4ccc(C)c(O)c4c(O)c3C2=O)[C@@H](N)C1=O,1.0
806,clarithromycin,0,CC[C@H]1OC(=O)[C@H](C)[C@@H](O[C@H]2C[C@@](C)(OC)[C@@H](O)[C@H](C)O2)[C@H](C)[C@@H](O[C@@H]3O[C@H](C)C[C@@H]([C@H]3O)N(C)C)[C@@](C)(C[C@@H](C)C(=O)[C@H](C)[C@@H](O)[C@]1(C)O)OC,0.5900301411614789
807,clindamycin,0,CCC[C@@H]1C[C@H](N(C)C1)C(=O)NC(C(C)Cl)[C@H]2O[C@H](SC)[C@H](O)[C@@H](O)[C@H]2O,0.030254744865968335
808,clindamycin-phosphate,0,CCC[C@@H]1C[C@H](N(C)C1)C(=O)NC(C(C)Cl)[C@H]2O[C@H](SC)[C@H](O[P](O)(O)=O)[C@@H](O)[C@H]2O,0.11940555587663818
809,clometocillin,0,COC(C(=O)N[C@H]1[C@H]2SC(C)(C)[C@@H](N2C1=O)C(O)=O)c3ccc(Cl)c(Cl)c3,0.001128199759412183
810,clomocycline,0,CN(C)[C@H]1[C@@H]2C[C@H]3C(=C(O)c4c(O)ccc(Cl)c4[C@@]3(C)O)C(=O)[C@]2(O)C(=O)\C(=C(/O)NCO)C1=O,0.22127857760676067
812,cyclosporina,0,CCC1C(=O)N(CC(=O)N(C(C(=O)NC(C(=O)N(C(C(=O)NC(C(=O)NC(C(=O)N(C(C(=O)N(C(C(=O)N(C(C(=O)N(C(C(=O)N1)C(C(C)CC=CC)O)C)C(C)C)C)CC(C)C)C)CC(C)C)C)C)C)CC(C)C)C)C(C)C)CC(C)C)C)C,0.12628790053825112
813,dactinomycin,0,CC(C)C1NC(=O)C(NC(=O)c2ccc(C)c3OC4=C(C)C(=O)C(=C(C(=O)NC5C(C)OC(=O)C(C(C)C)N(C)C(=O)CN(C)C(=O)C6CCCN6C(=O)C(NC5=O)C(C)C)C4=Nc23)N)C(C)OC(=O)C(C(C)C)N(C)C(=O)CN(C)C(=O)C7CCCN7C1=O,0.050155826223672643
816,dibekacin,0,NCC1CCC(N)C(O1)OC2C(N)CC(N)C(OC3OC(CO)C(O)C(N)C3O)C2O,0.700692448875841
817,dicloxacillin,0,Cc1onc(c1C(=O)N[C@H]2[C@H]3SC(C)(C)[C@@H](N3C2=O)C(O)=O)c4c(Cl)cccc4Cl,0.002534086986581402
819,diosmin,0,COc1ccc(cc1O)C2=CC(=O)c3c(O)cc(O[C@@H]4O[C@H](CO[C@@H]5O[C@@H](C)[C@H](O)[C@@H](O)[C@H]5O)[C@@H](O)[C@H](O)[C@H]4O)cc3O2,1.0
820,dipivefrin,0,CNCC(O)c1ccc(OC(=O)C(C)(C)C)c(OC(=O)C(C)(C)C)c1,1.0
821,diproleandomycin,0,CCC(=O)O[C@H]1[C@@H](C)[C@@H](C)OC(=O)C(C)[C@@H](O[C@H]2C[C@H](OC)[C@@H](OC(=O)CC)[C@H](C)O2)[C@H](C)[C@@H](O[C@@H]3O[C@H](C)C[C@@H]([C@H]3O)N(C)C)C(C)C[C@@]4(CO4)C(=O)[C@@H]1C,0.3923134209280957
822,dipyridamole,0,OCCN(CCO)c1nc(N2CCCCC2)c3nc(nc(N4CCCCC4)c3n1)N(CCO)CCO,1.0
823,dirithromycin,0,CC[C@H]1OC(=O)[C@H](C)[C@@H](O[C@H]2C[C@@](C)(OC)[C@@H](O)[C@H](C)O2)[C@H](C)[C@@H](O[C@@H]3O[C@H](C)C[C@@H]([C@H]3O)N(C)C)[C@](C)(O)C[C@@H](C)[C@@H]4N[C@@H](COCCOC)O[C@H]([C@H]4C)[C@]1(C)O,0.5605256686363755
824,docetaxel,0,CC(=O)O[C@@]12CO[C@@H]1C[C@H](O)[C@]3(C)[C@@H]2[C@H](OC(=O)c4ccccc4)[C@]5(O)C[C@H](OC(=O)[C@H](O)[C@@H](NC(=O)OC(C)(C)C)c6ccccc6)C(=C([C@@H](O)C3=O)C5(C)C)C,1.0
825,efrotomycin,0,CCC(C(=O)NC\C=C\C=C(/C)C(OC)C(C)C1OC(\C=C\C=C\C=C(/C)C(=O)C2=C(O)N(C)C=CC2=O)C(O)C1O)C3(O)OC(\C=C\C=C\C)C(C)(C)C(OC4OC(C)C(OC5OC(C)C(OC)C(O)C5OC)C(OC)C4O)C3O,1.0
826,emetine,0,[Cl].CC[C@H]1CN2CCc3cc(OC)c(OC)cc3[C@@H]2C[C@@H]1C[C@H]4NCCc5cc(OC)c(OC)cc45,0.10500213485285662
828,eqvalan,0,CCC(C)[C@H]1O[C@]2(CC[C@@H]1C)CC3C[C@@H](C\C=C(C)\[C@@H](O[C@H]4C[C@H](OC)[C@@H](OC5C[C@H](OC)[C@@H](O)[C@H](C)O5)[C@H](C)O4)[C@@H](C)/C=C/C=C/6CO[C@@H]7[C@H](O)C(=C[C@@H](C(=O)O3)[C@]67O)C)O2.CO[C@H]8CC(O[C@@H](C)[C@@H]8O)O[C@H]9[C@H](C)O[C@H](C[C@@H]9OC)O[C@H]/%10[C@@H](C)/C=C/C=C/%11CO[C@@H]%12[C@H](O)C(=C[C@@H](C(=O)OC%13C[C@@H](C\C=C%10C)O[C@@]%14(CC[C@H](C)[C@H](O%14)C(C)C)C%13)[C@]%11%12O)C,0.1644673591197348
830,etamocycline,0,CN(C)[C@H]1[C@@H]2C[C@H]3C(=C(O)c4c(O)cccc4[C@@]3(C)O)C(=O)[C@]2(O)C(=O)\C(=C(/O)NCN(C)CCN(C)CNC(/O)=C/5C(=O)[C@H]([C@@H]6C[C@H]7C(=C(O)c8c(O)cccc8[C@@]7(C)O)C(=O)[C@]6(O)C5=O)N(C)C)C1=O,1.0
831,etilefrine,0,CCNCC(O)c1cccc(O)c1,1.0
834,fenoxazoline,0,CC(C)c1ccccc1OCC2=NCCN2,0.00912094133726928
835,fexofenadine,0,CC(C)(C(O)=O)c1ccc(cc1)C(O)CCCN2CCC(CC2)C(O)(c3ccccc3)c4ccccc4,0.23334631163484656
836,fibracillin,0,CC1(C)S[C@@H]2[C@H](NC(=O)[C@H](NC(=O)C(C)(C)Oc3ccc(Cl)cc3)c4ccccc4)C(=O)N2[C@H]1C(O)=O,0.09934571489632746
837,flomoxef,0,[Na].CO[C@]1(NC(=O)CSC(F)(F)F)[C@H]2OCC(=C(N2C1=O)C(O)=O)CSc3nnnn3CCO,1.0
838,flurithromycin,0,CC[C@H]1OC(=O)[C@H](C)[C@@H](O[C@H]2C[C@@](C)(OC)[C@@H](O)[C@H](C)O2)[C@H](C)[C@@H](O[C@@H]3O[C@H](C)C[C@@H]([C@H]3O)N(C)C)[C@](C)(O)C[C@](C)(F)C(=O)[C@H](C)[C@@H](O)[C@]1(C)O,0.5741075340625587
839,fropenem,0,C[C@@H](O)[C@@H]1[C@H]2SC(=C(N2C1=O)C(O)=O)[C@H]3CCCO3,0.43807327857865636
842,fusidic-acid,0,C[C@@H]1[C@H](O)CC[C@@]2(C)[C@H]1CC[C@@]3(C)[C@H]2[C@H](O)C[C@H]4\C([C@H](C[C@]34C)OC(C)=O)=C(/CCC=C(C)C)C(O)=O,1.0
844,gloximonam,0,CO/N=C(C(=O)N[C@H]1[C@H](C)N(OCC(=O)OCC(=O)OC(C)(C)C)C1=O)/c2csc(N)n2,0.025184499972515467
845,gramicidin-s-2,0,CC(C)CC1C(=O)NC(C(=O)N2CCCC2C(=O)NC(C(=O)NC(C(=O)NC(C(=O)NC(C(=O)N3CCCC3C(=O)NC(C(=O)NC(C(=O)N1)CCCN)C(C)C)CC4=CC=CC=C4)CC(C)C)CCCN)C(C)C)CC5=CC=CC=C5,0.0630493470875543
846,grepafloxacin,0,CC1CN(CCN1)c2cc3N(C=C(C(O)=O)C(=O)c3c(C)c2F)C4CC4,0.15202964835001812
848,hetacillin,0,CC1(C)N[C@@H](C(=O)N1[C@H]2[C@H]3SC(C)(C)[C@@H](N3C2=O)C(O)=O)c4ccccc4,0.21209865619853394
849,hydroxyamphetamine,0,CC(Cc1ccccc1)NO,1.0
851,hymecromone,0,CC1=CC(=O)Oc2cc(O)ccc12,0.12925164363495373
853,imipenem,0,O.C[C@H](O)[C@@H]1[C@H]2CC(=C(N2C1=O)C(O)=O)SCCN=CN,0.015453246149466852
854,isepamicin,0,CNC1C(O)C(OCC1(C)O)OC2C(O)C(OC3OC(CN)C(O)C(O)C3O)C(N)CC2NC(=O)C(O)CN,0.28707280042453753
856,josamycin,0,CO[C@H]1[C@@H](CC(=O)O[C@H](C)C/C=C/C=C/[C@H](O)[C@H](C)C[C@H](CC=O)[C@@H]1O[C@@H]2O[C@H](C)[C@@H](O[C@H]3C[C@@](C)(O)[C@@H](OC(=O)CC(C)C)[C@H](C)O3)[C@@H]([C@H]2O)N(C)C)OC(C)=O,0.5130459327194881
857,lenampicillin,0,CC1=C(COC(=O)[C@@H]2N3[C@H](SC2(C)C)[C@H](NC(=O)[C@H](N)c4ccccc4)C3=O)OC(=O)O1,0.1546531441379147
858,lenapenem,0,CNCC[C@@H](O)[C@@H]1C[C@@H](CN1)SC2=C(N3[C@H]([C@H]2C)[C@@H]([C@@H](C)O)C3=O)C(O)=O,0.26453598349032986
860,lexithromycin,0,CC[C@H]1OC(=O)[C@H](C)[C@@H](OC2CC(C)(OC)C(O)C(C)O2)C(C)[C@@H](OC3OC(C)CC(C3O)N(C)C)[C@](C)(O)C[C@@H](C)\C(=N/OC)[C@H](C)[C@@H](O)[C@]1(C)O,0.6002841644334509
866,mecloxamine,0,CC(CN(C)C)OC(C)(c1ccccc1)c2ccc(Cl)cc2,0.16334708357687436
868,meropenem,0,O.O.O.C[C@H](O)C1C2[C@@H](C)C(=C(N2C1=O)C(O)=O)S[C@@H]3CN[C@@H](C3)C(=O)N(C)C,0.40694979042742124
869,metampicillin,0,CC1(C)SC2C(NC(=O)C(N=C)c3ccccc3)C(=O)N2C1C(O)=O,0.0022311575610446666
871,methoxyphedrine,0,CNC(C)C(=O)c1ccc(OC)cc1,1.0
872,meticillin,0,COc1cccc(OC)c1C(=O)N[C@H]2[C@H]3SC(C)(C)[C@@H](N3C2=O)C(O)=O,0.06939094611308742
873,mezlocillin,0,CC1(C)S[C@@H]2[C@H](NC(=O)[C@H](NC(=O)N3CCN(C3=O)[S](C)(=O)=O)c4ccccc4)C(=O)N2[C@H]1C(O)=O,0.1542544408546387
874,mibefradil,0,COCC(=O)O[C@]1(CCN(C)CCCc2[nH]c3ccccc3n2)CCc4cc(F)ccc4[C@@H]1C(C)C,1.0
875,midecamycin,0,CCC(=O)OC1CC(=O)OC(C)C\C=C\C=C/C(O)C(C)CC(CC=O)C(O[C@@H]2O[C@H](C)[C@@H](O[C@H]3C[C@@](C)(O)[C@H](OC(=O)CC)[C@@H](C)O3)[C@@H]([C@H]2O)N(C)C)C1OC,1.0
876,mikamycin,0,CCC1NC(=O)C(NC(=O)c2ncccc2O)C(C)OC(=O)C(NC(=O)C3CC(=O)CCN3C(=O)C(Cc4ccc(cc4)N(C)C)N(C)C(=O)C5CCCN5C1=O)c6ccccc6,0.04179645670206459
877,mirincamycin,0,CCCCCC1CNC(C1)C(=O)NC(C(C)Cl)C2OC(SC)C(O)C(O)C2O,0.06886177007918405
878,mitomycin,0,CO[C@@]12[C@H](COC(N)=O)C3=C(N1C[C@@H]4N[C@H]24)C(=O)C(=C(N)C3=O)C,1.0
879,moxalactam,0,CO[C@]1(NC(=O)C(C(O)=O)c2ccc(O)cc2)[C@H]3OCC(=C(N3C1=O)C(O)=O)CSc4nnnn4C,0.2583354032535446
880,neamine,0,NC[C@H]1O[C@H](O[C@@H]2[C@@H](N)C[C@@H](N)[C@H](O)[C@H]2O)[C@H](N)[C@@H](O)[C@@H]1O,0.6164728240096966
881,netilmicin,0,CCN[C@@H]1C[C@H](N)[C@@H](O[C@H]2OC(=CC[C@H]2N)CN)[C@H](O)[C@H]1O[C@H]3OC[C@](C)(O)[C@H](NC)[C@H]3O,0.2239355265238901
882,nicardipine,0,COC(=O)C1=C(C)NC(=C(C1c2cccc(c2)[N+]([O-])=O)C(=O)OCCN(C)Cc3ccccc3)C,1.0
884,nitrendipine,0,CCOC(=O)C1=C(C)NC(=C(C1c2cccc(c2)[N+]([O-])=O)C(=O)OC)C,0.09475632921707842
886,novobiocin,0,CO[C@@H]1[C@@H](OC(N)=O)[C@@H](O)[C@H](Oc2ccc3C(=O)C(=C(O)Oc3c2C)NC(=O)c4ccc(O)c(CC=C(C)C)c4)OC1(C)C,1.0
887,oleandomycin,0,COC1CC(OC(C)C1O)O[C@H]2[C@H](C)[C@@H](OC3OC(C)CC(C3O)N(C)C)[C@@H](C)C[C@]4(CO4)C(=O)[C@H](C)[C@@H](O)[C@@H](C)[C@@H](C)OC(=O)[C@@H]2C,1.0
888,oxetacillin,0,CC1(C)NC(C(=O)[NH+]1[C@H]2[C@H]3SC(C)(C)[C@@H](N3C2=O)C(O)=O)c4ccc(O)cc4,0.15183972817249153
889,oximonam,0,CO\N=C(C(=O)NC1[C@H](C)N(OCC(O)=O)C1=O)\c2csc(N)n2,0.04621824141104434
890,paclitaxel,0,CC(=O)O[C@H]1C(=O)[C@]2(C)[C@@H](O)C[C@H]3OC[C@@]3(OC(C)=O)C2[C@H](OC(=O)c4ccccc4)[C@]5(O)C[C@H](OC(=O)[C@H](O)[C@@H](NC(=O)c6ccccc6)c7ccccc7)C(=C1C5(C)C)C,1.0
891,pecocycline,0,CN(C)[C@H]1[C@@H]2C[C@H]3C(=C(O)c4c(O)cccc4[C@@]3(C)O)C(=O)[C@]2(O)C(=O)\C(=C(/O)NCN5CCCC(C5)C(O)=O)C1=O,0.18051493517561737
894,penimocycline,0,CN(C)[C@H]1[C@@H]2C[C@H]3C(=C(O)c4c(O)cccc4[C@@]3(C)O)C(=O)[C@]2(O)C(=O)\C(=C(/O)NCNC(C(=O)NC5C6SC(C)(C)C(N6C5=O)C(O)=O)c7ccccc7)C1=O,0.2724983551139939
895,phenethicillin,0,CC(Oc1ccccc1)C(=O)NC2C3SC(C)(C)C(N3C2=O)C(O)=O,0.001133624235134362
898,pirbenicillin,0,CC1(C)SC2C(N([C@H](C(=O)NC(=O)CN)c3ccccc3)C(=N)c4ccncc4)C(=O)N2C1C(O)=O,0.12765033533526768
900,piroxicillin,0,CC1(C)S[C@@H]2[C@H](NC(=O)[C@H](NC(=O)NC3=CN=C(NC3=O)Nc4ccc(cc4)[S](N)(=O)=O)c5ccc(O)cc5)C(=O)N2[C@H]1C(O)=O,1.0
901,pivampicillin,0,CC(C)(C)C(=O)OCOC(=O)[C@@H]1N2[C@H](SC1(C)C)[C@H](NC(=O)[C@H](N)c3ccccc3)C2=O,1.0
902,pivenfrine,0,CNCC(O)c1cccc(OC(=O)C(C)(C)C)c1,0.09594874284966373
903,prazocillin,0,Cc1cnn(c1C(=O)N[C@H]2[C@H]3SC(C)(C)[C@@H](N3C2=O)C(O)=O)c4c(Cl)cccc4Cl,0.007137420105835387
904,pristinamycin-ic,0,CC1OC(=O)C(NC(=O)C2CC(=O)CCN2C(=O)C(Cc3ccc(cc3)N(C)C)N(C)C(=O)C4CCCN4C(=O)C(C)NC(=O)C1NC(=O)c5ncccc5O)c6ccccc6,0.0910750559713776
905,propafenone,0,CCCNCC(O)COc1ccccc1C(=O)CCc2ccccc2,1.0
906,propicillin,0,CCC(Oc1ccccc1)C(=O)NC2C3SC(C)(C)C(N3C2=O)C(O)=O,0.02836519107288251
907,propikacin,0,NCC1OC(OC2C(N)CC(NC(CO)CO)C(OC3OC(CO)C(O)C(N)C3O)C2O)C(N)C(O)C1O,0.6977271575311226
908,quinacillin,0,CC1(C)S[C@@H]2[C@H](NC(=O)c3nc4ccccc4nc3C(O)=O)C(=O)N2[C@H]1C(O)=O,0.014142573712108924
909,rifabutin,0,CO[C@H]1/C=C/O[C@@]2(C)Oc3c(C)c(O)c4C(=O)C(=C5NC6(CCN(CC6)CC(C)C)N=C5c4c3C2=O)NC(=O)C(=C\C=C\[C@H](C)[C@H](O)[C@@H](C)[C@@H](O)[C@@H](C)[C@H](OC(C)=O)[C@@H]1C)/C,0.4453828590663913
910,rifametane,0,CCN(CC)C(C)=NN=Cc1c(O)c2c3C(=O)C4(C)OC=CC(OC)C(C)C(OC(C)=O)C(C)C(O)C(C)C(O)C(C)C=CC=C(C)C(=O)Nc1c(O)c2c(O)c(C)c3O4,1.0
911,rifamexil,0,CCN(CC)c1sc2c3NC(=O)C(=C\C=C\[C@H](C)[C@H](O)[C@@H](C)[C@@H](O)[C@@H](C)[C@H](OC(C)=O)[C@H](C)[C@@H](OC)/C=C/O[C@@]4(C)Oc5c(C)c(O)c(c3O)c(c2n1)c5C4=O)/C,1.0
912,rifamide,0,CCN(CC)C(=O)COc1cc2NC(=O)C(=C\C=C\[C@H](C)[C@H](O)[C@@H](C)[C@@H](O)[C@@H](C)[C@H](OC(C)=O)[C@H](C)[C@@H](OC)/C=C/O[C@@]3(C)Oc4c(C)c(O)c(c2O)c1c4C3=O)/C,0.5424726768930979
913,rifampin,0,COC1C=COC5(C)Oc4c(C)c(O)c3c(O)c(NC(=O)C(=CC=CC(C)C(O)C(C)C(O)C(C)C(OC(C)=O)C1C)C)c(C=NN2CCN(C)CC2)c(O)c3c4C5=O,1.0
914,rifamycin,0,CO[C@H]1/C=C/O[C@@]2(C)Oc3c(C)c(O)c4c(O)c(NC(=O)C(=C\C=C\[C@H](C)[C@H](O)[C@@H](C)[C@@H](O)[C@@H](C)[C@H](OC(C)=O)[C@@H]1C)/C)cc(O)c4c3C2=O,1.0
915,rifapentine,0,CO[C@H]1\C=C\O[C@@]2(C)Oc3c(C)c(O)c4C(=C(NC(=O)C(=C/C=C/[C@H](C)[C@H](O)[C@@H](C)[C@@H](O)[C@@H](C)[C@H](OC(C)=O)[C@@H]1C)\C)C(=C/NN5CCN(CC5)C6CCCC6)\C(=O)c4c3C2=O)O,1.0
916,rifaximin,0,CO[C@H]1/C=C/O[C@@]2(C)Oc3c(C)c(O)c4c(O)c(NC(=O)C(=C\C=C\[C@H](C)[C@H](O)[C@@H](C)[C@@H](O)[C@@H](C)[C@H](OC(C)=O)[C@@H]1C)/C)c5n6ccc(C)cc6nc5c4c3C2=O,1.0
918,rodorubicin,0,CC[C@@]1(O)C[C@H](O[C@H]2C[C@@H]([C@H](O[C@H]3C[C@@H]4O[C@H]5CC(=O)[C@H](C)O[C@H]5O[C@@H]4[C@H](C)O3)[C@H](C)O2)N(C)C)c6c(O)c7C(=O)c8c(O)cccc8C(=O)c7c(O)c6[C@H]1O[C@H]9C[C@@H]([C@H](O)[C@H](C)O9)N(C)C,1.0
919,rotamicillin,0,CC1(C)S[C@@H]2[C@H](NC(=O)[C@H](NC(=O)Cc3ccc(cc3)C4=NCCCN4)c5ccccc5)C(=O)N2[C@H]1C(O)=O,0.06314235443460836
920,roxithromycin,0,CC[C@H]1OC(=O)[C@H](C)[C@@H](O[C@H]2C[C@@](C)(OC)[C@@H](O)[C@H](C)O2)[C@H](C)[C@@H](O[C@@H]3O[C@H](C)C[C@@H]([C@H]3O)N(C)C)[C@](C)(O)C[C@@H](C)\C(=N\OCOCCOC)[C@H](C)[C@@H](O)[C@]1(C)O,1.0
921,sanfetrinem,0,COC1CCCC2C3C(C(C)O)C(=O)N3C(=C12)C([O-])=O,0.044805065174831446
922,sarmoxicillin,0,COCOC(=O)C1N2C(SC1(C)C)C(N3C(=O)C(NC3(C)C)c4ccc(O)cc4)C2=O,1.0
923,sarpicillin,0,COCOC(=O)[C@@H]1N2[C@H](SC1(C)C)[C@H](N3C(=O)C(NC3(C)C)c4ccccc4)C2=O,0.41075873900118914
924,sedecamycin,0,CC1C2CC(OC(C)=O)\C=C\C(=C\CC(O)/C=C/C(=C/C(NC(=O)C(C)=O)C(C)(C(=O)O2)C1=O)C)C,0.027120741607703183
925,sisomicin,0,CN[C@@H]1[C@@H](O)[C@H](OC[C@]1(C)O)O[C@H]2[C@H](N)C[C@H](N)[C@@H](O[C@H]3OC(=CC[C@H]3N)CN)[C@@H]2O,0.1925794785569523
926,spiramycin,0,COC1C(O)CC(=O)OC(C)C\C=C\C=C\C(OC2CCC(C(C)O2)N(C)C)C(C)CC(CC=O)C1OC3OC(C)C(OC4CC(C)(O)C(O)C(C)O4)C(C3O)N(C)C,0.4670406642910137
928,sulopenem,0,C[C@@H](O)[C@@H]1[C@H]2SC(=C(N2C1=O)C(O)=O)SC3CC[S](=O)C3,1.0
930,suncillin,0,[Na+].[Na+].CC1(C)S[C@@H]2[C@H](NC(=O)[C@H](N[S]([O-])(=O)=O)c3ccccc3)C(=O)N2[C@H]1C([O-])=O,0.15808101365217897
931,tacrolimus,0,CO[C@@H]1C[C@@H](CC[C@H]1O)/C=C(C)/[C@H]2OC(=O)[C@@H]3CCCCN3C(=O)C(=O)[C@]4(O)O[C@H]([C@H](C[C@@H](C)CC(=C/[C@@H](CC=C)C(=O)C[C@H](O)[C@H]2C)/C)OC)[C@H](C[C@H]4C)OC,0.12023892100657511
932,talampicillin,0,CC1(C)S[C@@H]2[C@H](NC(=O)[C@H](N)c3ccccc3)C(=O)N2[C@H]1C(=O)OC4OC(=O)c5ccccc45,0.17912587815407405
934,teicoplanin,0,CCCCCCCCCC(=O)N[C@@H]1[C@@H](O)[C@H](O)[C@@H](CO)O[C@H]1Oc2c3Oc4ccc(C[C@H]5NC(=O)[C@H](N)c6ccc(O)c(Oc7cc(O)cc(c7)[C@H](NC5=O)C(=O)N[C@H]8C(=O)N[C@H]9C(=O)N[C@@H]([C@H](O[C@@H]%10O[C@H](CO)[C@@H](O)[C@H](O)[C@H]%10NC(C)=O)c%11ccc(Oc2cc8c3)c(Cl)c%11)C(=O)N[C@@H](C(O)=O)c%12cc(O)cc(O[C@H]%13O[C@H](CO)[C@@H](O)[C@H](O)[C@@H]%13O)c%12c%14cc9ccc%14O)c6)cc4Cl,1.0
935,temocillin,0,CO[C@]1(NC(=O)C(C(O)=O)c2cscc2)[C@H]3SC(C)(C)[C@@H](N3C1=O)C(O)=O,0.1326009449096439
936,theodrenaline,0,CN1C(=O)N(C)c2ncn(CCNCC(O)c3ccc(O)c(O)c3)c2C1=O,1.0
938,tigemonam,0,CC1(C)[C@H](NC(=O)C(=N\OCC(O)=O)/c2csc(N)n2)C(=O)N1O[S](O)(=O)=O,0.07979968028880753
939,tobicillin,0,CC(C)C(=O)OCc1cccc(OC(=O)[C@@H]2N3[C@H](SC2(C)C)[C@H](NC(=O)Cc4ccccc4)C3=O)c1,1.0
940,tobramycin,0,NC[C@H]1O[C@H](O[C@@H]2[C@@H](N)C[C@@H](N)[C@H](O[C@H]3O[C@H](CO)[C@@H](O)[C@H](N)[C@H]3O)[C@H]2O)[C@H](N)C[C@@H]1O,0.7284209584992586
942,troleandomycin,0,CO[C@H]1C[C@@H](O[C@@H](C)[C@@H]1OC(C)=O)O[C@H]2[C@H](C)[C@@H](O[C@@H]3O[C@H](C)C[C@@H]([C@H]3OC(C)=O)N(C)C)[C@@H](C)C[C@@]4(CO4)C(=O)[C@H](C)[C@@H](OC(C)=O)[C@@H](C)[C@@H](C)OC(=O)[C@@H]2C,1.0
943,trospectomycin,0,CCCC[C@@H]1CC(=O)[C@]2(O)O[C@@H]3[C@@H](NC)[C@@H](O)[C@@H](NC)[C@H](O)[C@H]3O[C@@H]2O1,0.024179169311333102
944,tymazoline,0,CC(C)c1ccc(C)cc1OCC2=NCCN2,0.06718488156863668
945,vindesine,0,CC[C@]1(O)C[C@H]2CN(CCc3c([nH]c4ccccc34)[C@@](C2)(C(=O)OC)c5cc6c(cc5OC)N(C)[C@H]7[C@](O)([C@H](O)[C@]8(CC)C=CCN9CC[C@]67[C@H]89)C(N)=O)C1,1.0
946,virginiamycin-factor-m1,0,CC(C)C1OC(=O)C2=CCCN2C(=O)c3coc(CC(=O)CC(O)\C=C(C)/C=C\CNC(=O)\C=C/C1C)n3,0.007925545658328346
949,cryofluorane,1,ClC(C(F)(F)Cl)(F)F,1.0
951,fenetylline,1,[H+].C1=NC3=C([N]1CCNC(CC2=CC=CC=C2)C)C(=O)N(C(=O)N3C)C.[Cl-],1.0
952,acaprazine,1,C1=C(Cl)C=CC(=C1N2CCN(CCCNC(C)=O)CC2)Cl,1.0
955,acefurtiamine,1,C2=C(CN(C(=C(SC(=O)C1=CC=CO1)\CCOC(=O)COC(=O)C)/C)C=O)C(=NC(=N2)C)N,1.0
957,aceperone,1,C1=CC=CC=C1C3(CCN(CCCC(C2=CC=C(F)C=C2)=O)CC3)CNC(C)=O,1.0
959,acetazolamide,1,CC(NC1=NN=C(S1)[S](N)(=O)=O)=O,0.6240337590153656
960,acetiamine,1,C1=NC(=NC(=C1CN(C(=C(\CCOC(C)=O)SC(C)=O)/C)C=O)N)C,0.47504726596168123
962,acetorphine,1,[C@H]23OC1=C(OC(=O)C)C=CC6=C1C25C4(C[C@@H](C3(OC)C=C4)[C@](O)(CCC)C)C(N(CC5)C)C6,1.0
965,acrocinonide,1,[C@]12(OC(O[C@@H]1CC3C2(CC(O)C4(F)C3CCC5=CC(=O)C=CC45C)C)C=C)C(=O)CO,0.15860296679467456
966,acyclovir/aciclovir,1,C1=NC2=C([N]1COCCO)NC(=NC2=O)N,0.24247423409000166
967,adafenoxate,1,C1=CC(=CC=C1OCC(OCCNC23CC4CC(C2)CC(C3)C4)=O)Cl,0.2594268277729391
968,adatanserin,1,C1=NC(=NC=C1)N5CCN(CCNC(C23CC4CC(C2)CC(C3)C4)=O)CC5,1.0
971,alentemol,1,C1=C3C2=C(C=C1O)C=CC=C2CC(C3)N(CCC)CCC,1.0
974,algestone-acetonide,1,CC14C5(C(CC1C3C(C2(C(=CC(=O)CC2)CC3)C)CC4)OC(O5)(C)C)C(C)=O,1.0
975,aliflurane,1,COC1(C(F)(F)C1(F)Cl)F,1.0
976,alletorphine,1,[C@@](O)(C5C6(OC)C2OC1=C(O)C=CC4=C1C23C(C(N(CC3)CC=C)C4)(C5)C=C6)(CCC)C,1.0
978,almoxatone,1,[C@H]3(CN(C2=CC=C(OCC1=CC=CC(=C1)Cl)C=C2)C(O3)=O)CNC,1.0
979,alnespirone,1,[H+].C4=C3OCC(N(CCCCN1C(=O)CC2(CC1=O)CCCC2)CCC)CC3=C(OC)C=C4.[Cl-],1.0
980,alonimid,1,C1=CC=CC3=C1C2(C(NC(=O)CC2)=O)CCC3=O,0.05399566967016002
981,aloracetam,1,C1=C([N](C(=C1C=O)C)CCNC(C)=O)C,1.0
983,alphameprodine/betameprodine,1,[C@]2(C1=CC=CC=C1)([C@H](CN(C)CC2)CC)OC(CC)=O,0.1514770876015698
986,alrestatin,1,C1=CC=C3C2=C1C(N(CC(O)=O)C(C2=CC=C3)=O)=O,1.0
987,amcinafal,1,[C@H]23C([C@@]1(OC(O[C@@H]1C2)(CC)CC)C(=O)CO)(C[C@H](O)[C@@]4(F)C3CCC5=CC(=O)C=CC45C)C,1.0
988,amcinafide,1,[C@H]24C([C@@]1(O[C@@](O[C@@H]1C2)(C3=CC=CC=C3)C)C(=O)CO)(C[C@H](O)[C@@]5(F)C4CCC6=CC(=O)C=CC56C)C,0.15099988722921467
991,ameltolide,1,C1=C(C(=C(C=C1)C)NC(C2=CC=C(N)C=C2)=O)C,1.0
992,amesergide,1,[C@H]4(CC3C2=C1C(=C[N](C1=CC=C2)C(C)C)CC3N(C4)C)C(NC5CCCCC5)=O,1.0
993,amfetaminil,1,C2=C(C(NC(CC1=CC=CC=C1)C)C#N)C=CC=C2,0.23439715548111226
996,amitriptylinoxide,1,C1=CC=CC2=C1C(C3=C(CC2)C=CC=C3)=CCC[N+](C)(C)[O-],0.08774744945703859
997,amixetrine,1,C1=CC=CC=C1C(CN2CCCC2)OCCC(C)C,1.0
998,amperozide,1,C3=C(C(C1=CC=C(C=C1)F)CCCN2CCN(C(NCC)=O)CC2)C=CC(=C3)F,0.07827225234528987
1000,ampyzine,1,CN(C)c1cnccn1,1.0
1001,amylene-hydrate,1,C(C(C)(C)O)C,1.0
1002,anileridine,1,C3=C(CCN1CCC(CC1)(C2=CC=CC=C2)C(OCC)=O)C=CC(=C3)N,0.26835596811715284
1003,aniracetam,1,C1=CC(=CC=C1C(N2C(CCC2)=O)=O)OC,1.0
1004,anseculin,1,COc2cc1oc(=O)c(C)c(C)c1cc2OCCCN3CCN(CC3)c4ccccc4OC,0.14509240206470425
1005,apadoline,1,[C@H](N1C3=C(SC2=C1C=CC=C2)C=CC(=C3)C(=O)NCCC)(CN4CCCC4)C,0.027028215495585463
1006,aprobarbital,1,C(C1(C(NC(=O)NC1=O)=O)C(C)C)C=C,1.0
1007,aripiprazole,1,C1=C4C(=CC=C1OCCCCN3CCN(C2=CC=CC(=C2Cl)Cl)CC3)CCC(N4)=O,1.0
1009,aspirin,1,C1=CC=CC(=C1C(O)=O)OC(C)=O,0.039429527310861544
1010,atolide,1,C1=CC=CC(=C1C(NC2=C(C=C(N(CC)CC)C=C2)C)=O)N,1.0
1012,atropine-oxide,1,C1=CC=CC=C1C(C(OC2CC3[N+](C(C2)CC3)(C)[O-])=O)CO,0.4475969079195358
1016,azabuperone,1,C1=CC(=CC=C1C(CCCN2CC3N(CC2)CCC3)=O)F,1.0
1017,azacyclonol,1,C3=C(C(O)(C1=CC=CC=C1)C2CCNCC2)C=CC=C3,0.10482437473523123
1018,azaloxan,1,O=C1NCCN1C4CCN(CCC3COc2ccccc2O3)CC4,1.0
1020,azepindole,1,C1=CC=CC2=C1[N]3C(=C2)CNCCC3,1.0
1021,azipramine,1,CN(CCc2cc3cccc4CCc1ccccc1n2c34)Cc5ccccc5,1.0
1023,bamifylline,1,C1=CC=CC=C1CC2=NC3=C([N]2CCN(CCO)CC)C(N(C)C(N3C)=O)=O,0.19758725395549087
1025,batelapine,1,C1=CC=CC3=C1N=C([N]2C(=NC(=N2)C)C3)N4CCN(C)CC4,0.18445594744271657
1027,beclomethasone/beclometasone,1,[C@]23([C@H]([C@H]1[C@]([C@](C(CO)=O)(O)[C@H](C1)C)(C)C[C@@H]2O)CCC4=CC(=O)C=C[C@]34C)Cl,0.10430879735723966
1028,befloxatone,1,[C@@H]2(CN(C1=CC=C(C=C1)OCC[C@H](C(F)(F)F)O)C(O2)=O)COC,0.2023142860718861
1030,benfotiamine,1,C2=C(CN(C(=C(SC(=O)C1=CC=CC=C1)/CCO[P](=O)(O)O)/C)C=O)C(=NC(=N2)C)N,0.4133519292238416
1032,bentazepam,1,C4=C(C2=C1C3=C(SC1=NC(=O)CN2)CCCC3)C=CC=C4,0.11709577447699772
1033,bentiamine,1,C3=C(C(SC(/CCOC(C1=CC=CC=C1)=O)=C(N(CC2=C(N=C(N=C2)C)N)C=O)/C)=O)C=CC=C3,0.3987381208512614
1034,benzaprinoxide,1,C1=CC=C(Cl)C3=C1\C(C2=CC=CC=C2C=C3)=C/CC[N+]([O-])(C)C,0.1382597169257439
1035,benzindopyrine,1,[Cl].C1=CC=CC2=C1[N](C=C2CCC3=CC=NC=C3)CC4=CC=CC=C4,0.15540776091057038
1036,benzyl-alcohol,1,C(C1=CC=CC=C1)O,0.28501123319271265
1037,berupipam,1,[C@@H]4(C1=C2C(=CC(=C1)Br)CCO2)C3=C(C=C(Cl)C(=C3)O)CCN(C4)C,0.10079174764297624
1038,bervastatin,1,[C@H](O)(/C=C/C1=C(C3=C(OC12CCCC2)C=CC=C3)C4=CC=C(F)C=C4)C[C@H](O)CC(OCC)=O,1.0
1041,binospirone,1,O=C2CC1(CCCC1)CC(=O)N2CCNCC4COc3ccccc3O4,0.04193565315373974
1043,bipenamol,1,S1[C@H]4N(CC1(C2CN3[C@H](S2)CC3=O)O)C(C4)=O,0.16087670578602375
1044,biriperone,1,C1=CC=CC2=C1C4=C([NH]2)CN3CCN(CC3C4)CCCC(C5=CC=C(C=C5)F)=O,1.0
1045,bisbentiamine,1,C1=NC(=NC(=C1CN(C(=C(SSC(=C(\C)N(C=O)CC2=C(N)N=C(C)N=C2)/CCOC(=O)C3=CC=CC=C3)/CCOC(=O)C4=CC=CC=C4)\C)C=O)N)C,0.34735281949175945
1050,bromisoval,1,CC(C(C(NC(N)=O)=O)Br)C,1.0
1051,bromoform,1,C(Br)(Br)Br,1.0
1052,brosotamide,1,C1=C(C(=C(C=C1Br)C)O)C(N)=O,1.0
1053,brosuximide,1,C2=C(C1C(NC(C1)=O)=O)C=CC=C2Br,0.14920755683727727
1054,brotizolam,1,C1=C(Br)SC2=C1C(=NCC3=NN=C([N]23)C)C4=C(C=CC=C4)Cl,0.15713221182089454
1055,buciclovir,1,[C@@H](CC[N]2C1=C(C(N=C(N1)N)=O)N=C2)(CO)O,0.43933092446541083
1056,butacetin,1,C1=C(C=CC(=C1)NC(C)=O)OC(C)(C)C,1.0
1057,butaclamol,1,[C@]1(O)(C[C@@H]4N(CC1)C[C@@H]2C5=C(CCC3=CC=CC=C23)C=CC=C45)C(C)(C)C.[H+].[Cl-],0.0891839639697735
1060,butorphanol,1,[C@]235[C@]([C@H](N(CC1CCC1)CC2)CC4=C3C=C(O)C=C4)(CCCC5)O,1.0
1061,cabergoline,1,[C@@H]34C1=CC=CC2=C1C(=C[NH]2)C[C@H]3N(C[C@@H](C4)C(N(C(NCC)=O)CCCN(C)C)=O)CC=C,1.0
1062,cafedrine,1,C1=NC3=C([N]1CCNC(C(C2=CC=CC=C2)O)C)C(N(C)C(N3C)=O)=O,0.4427887670056631
1063,camazepam,1,C1=C(Cl)C=CC2=C1C(=NC(OC(N(C)C)=O)C(N2C)=O)C3=CC=CC=C3,0.10329915563028554
1064,camphor,1,CC12C(C(CC1=O)CC2)(C)C,0.08884810184267138
1065,caproxamine,1,C1=C(C(=CC=C1C(/CCCCC)=N\OCCN)C)N,1.0
1066,captodiame,1,C1=CC(=CC=C1C(C2=CC=CC=C2)SCCN(C)C)SCCCC,1.0
1067,carbubarb,1,C(C1(C(NC(=O)NC1=O)=O)CCCC)COC(N)=O,1.0
1068,carburazepam,1,C1=C(Cl)C=CC2=C1C(N(CC(=O)N2C)C(N)=O)C3=CC=CC=C3,1.0
1069,carfimate,1,C1=C(C(OC(N)=O)C#C)C=CC=C1,0.12809735694152563
1070,carmantadine,1,O=C(C4N(C12CC3CC(C1)CC(C2)C3)CC4)O,1.0
1071,caroxazone,1,C1=CC=CC2=C1CN(CC(N)=O)C(O2)=O,1.0
1072,carperone,1,C2=C(C(CCCN1CCC(OC(NC(C)C)=O)CC1)=O)C=CC(=C2)F,1.0
1073,carphenazine/carfenazine,1,C1=C(C=CC3=C1N(CCCN2CCN(CC2)CCO)C4=C(S3)C=CC=C4)C(CC)=O,0.17683507005574722
1074,carzenide,1,C1=C(C=CC(=C1)[S](N)(=O)=O)C(O)=O,1.0
1075,cathinone,1,[C@@H](C(C1=CC=CC=C1)=O)(C)N,1.0
1076,cebaracetam,1,C1=CC(=CC=C1C3CN(CC(N2CC(NCC2)=O)=O)C(C3)=O)Cl,0.08853359388643134
1077,celucloral,1,OC1OC(COCCOC(O)C(Cl)(Cl)Cl)C(OC2OC(COCCOCCOC(O)C(Cl)(Cl)Cl)CC(OC(O)C(Cl)(Cl)Cl)C2O)C(OCCOCCOC(O)C(Cl)(Cl)Cl)C1O,0.2454401687478203
1080,cetophenicol/cetofenicol,1,C1=C(C(O)C(CO)NC(C(Cl)Cl)=O)C=CC(=C1)C(=O)C,1.0
1081,cetotiamine,1,C1=C(CN(C(=C(SC(OCC)=O)/CCOC(OCC)=O)/C)C=O)C(=NC(=N1)C)N,0.4546662315055641
1082,chloralose,1,[C@@H]2(OC1O[C@@H](O[C@@H]1[C@H]2O)C(Cl)(Cl)Cl)[C@H](O)CO,0.09641782295249518
1083,chlorhexadol/chloralodol,1,C(C(OC(C(Cl)(Cl)Cl)O)C)C(C)(C)O,0.04010993433578029
1084,chlormezanone,1,C1=CC(=CC=C1C2[S](CCC(N2C)=O)(=O)=O)Cl,0.03384006704785619
1085,chloroform,1,C(Cl)(Cl)Cl,1.0
1087,chromocarb,1,C1=C2C(=CC=C1)C(C=C(O2)C(O)=O)=O,1.0
1088,ciclesonide,1,[C@@]45([C@@]3([C@H]([C@H]2[C@@H]([C@@]1(C(=CC(=O)C=C1)CC2)C)[C@H](C3)O)C[C@H]4O[C@H](O5)C6CCCCC6)C)C(COC(C(C)C)=O)=O,0.09916426318083711
1089,ciclotizolam,1,C1=C(SC2=C1C(=NCC3=NN=C([N]23)C4CCCCC4)C5=CC=CC=C5Cl)Br,0.1815851462645412
1090,cicortonide,1,[C@H]23C([C@@]1(OC(O[C@@H]1C2)(C)C)C(=O)COC(=O)C)(CC(O)[C@@]4(F)C3CC(=C5C4(CCC(=C5)OCCCl)C)C#N)C,0.08577800188473515
1091,cilobamine,1,[C@@]1([C@H](C2CCC1CC2)NC(C)C)(C3=CC(=C(C=C3)Cl)Cl)O,0.16362939669412635
1092,cimemoxin,1,C(C1CCCCC1)NN,1.0
1094,cimoxatone,1,C1=CC(=CC=C1N2CC(COC)OC2=O)OCC3=CC(=CC=C3)C#N,0.3794804485562064
1098,ciprocinonide,1,[C@]34([C@H](C2[C@@](F)([C@@]1(C(=CC(=O)C=C1)[C@@H](F)C2)C)[C@@H](O)C3)C[C@H]5OC(O[C@@]45C(=O)COC(=O)C6CC6)(C)C)C,1.0
1099,citatepine,1,C1=C(C#N)C=CC3=C1C4=C(C2=C(C=CC=C2)S3)CCN(CC4)C,1.0
1100,clebopride,1,C1=C(C(=CC(=C1Cl)N)OC)C(NC3CCN(CC2=CC=CC=C2)CC3)=O,0.249375041823733
1102,clobetasone,1,[C@@]23(F)[C@H]([C@H]1[C@@]([C@@]([C@H](C1)C)(O)C(=O)CCl)(CC2=O)C)CCC4=CC(=O)C=C[C@]34C,0.17862918430829147
1104,clocapramine,1,C1=C(Cl)C=CC4=C1N(CCCN3CCC(N2CCCCC2)(CC3)C(N)=O)C5=C(CC4)C=CC=C5,0.07001202998819739
1105,clocortolone,1,[C@@]24(Cl)C1(C(=CC(=O)C=C1)[C@@H](F)CC2C3C(C([C@@H](C3)C)C(=O)CO)(CC4O)C)C,0.3663920653716154
1106,clocortolone-acetate,1,[C@H]2(C1=CC(C=C[C@@]1(C4([C@@H](C2)[C@@H]3C[C@H]([C@H](C(COC(=O)C)=O)[C@@]3(C)C[C@@H]4O)C)Cl)C)=O)F,0.2124982654355454
1107,clocortolone-pivalate,1,[C@@]24(Cl)C1(C(=CC(=O)C=C1)[C@@H](F)CC2C3C(C([C@@H](C3)C)C(=O)COC(=O)C(C)(C)C)(CC4O)C)C,0.26466155889784193
1108,clodazon,1,C1=C(Cl)C=CC3=C1N(C2=CC=CC=C2)C(=O)N3CCCN(C)C,0.1681135584886628
1109,clofenciclan,1,C2=C(C1(OCCN(CC)CC)CCCCC1)C=CC(=C2)Cl,0.10262741251771669
1110,clofluperol,1,C1=C(C(=CC=C1C3(CCN(CCCC(C2=CC=C(F)C=C2)=O)CC3)O)Cl)C(F)(F)F,1.0
1111,clopenthixol/zuclopenthixol,1,C1=C(Cl)C=CC3=C1\C(C2=C(C=CC=C2)S3)=C/CCN4CCN(CCO)CC4,0.15739919406357056
1113,cloprednol,1,[C@H]24[C@H]1[C@@]([C@](C(CO)=O)(O)CC1)(C[C@@H]([C@@H]2[C@@]3(C(=CC(=O)C=C3)C(=C4)Cl)C)O)C,0.025922528923680407
1115,clorgiline,1,C1=C(C(=CC(=C1)Cl)Cl)OCCCN(CC#C)C,1.0
1116,cloroperone,1,C3=C(C(C2CCN(CCCC(C1=CC=C(F)C=C1)=O)CC2)=O)C=CC(=C3)Cl,1.0
1120,clotixamide(clotixamide),1,CNC(=O)CCN1CCN(CCC=C2c3ccccc3Sc3ccc(cc23)Cl)CC1,1.0
1122,conorphone(conorfone),1,[C@H]12C5CC4=C3[C@]1([C@H](C(C[C@@H]2CC)=O)OC3=C(C=C4)OC)CCN5CC6CC6,0.07876572207190635
1123,cormetasone,1,CC1CC2C3CC(F)(F)C4=CC(=O)C=C[C@]4(C)C3(F)C(O)CC2(C)C1(O)C(=O)CO,0.13699847364781617
1124,cortexolone(cortodoxonecortifen),1,C(O)C(=O)C4(O)C3(C(C2C(C1(C(=CC(=O)CC1)CC2)C)CC3)CC4)C,0.21866568742089468
1125,cortisone-acetate,1,[C@]34([C@H]([C@H]2[C@@H]([C@@]1(C(=CC(=O)CC1)CC2)C)C(C3)=O)CC[C@@]4(C(COC(C)=O)=O)O)C,1.0
1126,cortisuzol,1,[C@H]37[C@H]2[C@@]([C@](C(COC(C1=CC(=CC=C1)[S](O)(=O)=O)=O)=O)(O)[C@@H](C2)C)(C[C@@H]([C@@H]3[C@@]4(C(=CC5=C(C4)C=N[N]5C6=CC=CC=C6)C(=C7)C)C)O)C,1.0
1127,cortivazol,1,[C@H]26[C@H]1[C@@]([C@](C(COC(C)=O)=O)(O)[C@@H](C1)C)(C[C@@H]([C@@H]2[C@@]3(C(=CC4=C(C3)C=N[N]4C5=CC=CC=C5)C(=C6)C)C)O)C,1.0
1128,cotinine,1,C1=CC=NC=C1C2N(C(=O)CC2)C,0.36533017400766976
1129,cotriptyline,1,C1=CC=CC2=C1C(C3=C(CC2)C=CC=C3)=CC(CN(C)C)=O,0.06486136350051558
1130,crilvastatin,1,CC2(CC(OC(C1NC(=O)CC1)=O)CC(C2)C)C,1.0
1131,crotetamide,1,C(C(N(C(\C=C\C)=O)CC)C(N(C)C)=O)C,1.0
1132,cyclarbamate,1,C1=CC=CC=C1NC(OCC3(COC(NC2=CC=CC=C2)=O)CCCC3)=O,0.05816766744906643
1134,cyclobarbital,1,C(C2(C1=CCCCC1)C(NC(=O)NC2=O)=O)C,0.3182216826313367
1135,cyclobenzaprine,1,C1=CC=CC2=C1C(C3=C(C=C2)C=CC=C3)=CCCN(C)C,1.0
1137,cycotiamine,1,C1=NC(=NC(=C1CN(C(/C)=C2\CCOC(=O)S2)C=O)N)C,1.0
1140,cyprodenate,1,C(C1CCCCC1)CC(OCCN(C)C)=O,0.22588653885025034
1141,cyprolidol,1,C4=C(C(C2C(C1=CC=NC=C1)C2)(C3=CC=CC=C3)O)C=CC=C4,0.048179143368666466
1145,decimemide,1,C1=C(C(N)=O)C=C(C(=C1OC)OCCCCCCCCCC)OC,1.0
1147,demoxepam,1,C3=C(C1=C2C(=NC(=O)CN1O)C=CC(=C2)Cl)C=CC=C3,1.0
1148,denbufylline,1,C1=NC2=C([N]1CC(C)=O)C(N(CCCC)C(N2CCCC)=O)=O,0.1755289325727346
1149,deprodone,1,CC(=O)C3(O)CCC4C2CCC1=CC(=O)C=CC1(C)C2C(O)CC34C,0.03094997656336186
1150,desciclovir,1,C1=NC(=NC2=C1N=C[N]2COCCO)N,0.36474894413216713
1151,descinolone(descinolone-acetonide),1,[C@H]34[C@H]2[C@@](F)([C@@]1(C(=CC(=O)C=C1)CC2)C)[C@@H](O)C[C@@]3([C@](O)([C@H](O)C4)C(=O)C)C,0.15862009015783854
1152,desonide,1,[C@]12(OC(O[C@@H]1C[C@@H]3C2(CC(O)[C@H]4C3CCC5=CC(=O)C=CC45C)C)(C)C)C(=O)CO,0.09803674052406677
1153,desoximetasone,1,[C@H]23[C@@]([C@@]1(C(=CC(=O)C=C1)CC2)C)([C@H](C[C@]4([C@H]3C[C@@H](C)[C@@H]4C(CO)=O)C)O)F,0.100988028746382
1154,detomidine,1,C2=C(CC1=CN=C[NH]1)C(=C(C=C2)C)C,0.06558451582578216
1155,dexamethasone-acefurate,1,[C@]4([C@@]3([C@H]([C@H]2[C@]([C@@]1(C(=CC(=O)C=C1)CC2)C)(F)[C@H](C3)O)C[C@H]4C)C)(OC(C5=CC=CO5)=O)C(COC(C)=O)=O,0.013395371623089044
1156,dexamisole,1,[C@@H]3(C1=CC=CC=C1)CN2CCSC2=N3,1.0
1157,deximafen(imafen),1,C3=C(C1N2C(=NC1)NCC2)C=CC=C3,0.07162202456088347
1158,dexoxadrol(dioxadrolandlevoxadrol),1,[C@@H]1(NCCCC1)[C@@H]2OC(OC2)(C3=CC=CC=C3)C4=CC=CC=C4,1.0
1159,dichlorisone,1,[C@@]23(Cl)C(C1C([C@](O)(CC1)C(=O)CO)(CC2Cl)C)CCC4=CC(=O)C=CC34C,0.15744367401817513
1162,diclometide,1,C1=C(Cl)C=C(C(=C1C(NCCN(CC)CC)=O)OC)Cl,0.2536349497079313
1163,didrovaltrate,1,[C@]23([C@@H]1[C@@H](C(=CO[C@H]1OC(=O)CC(C)C)COC(=O)CC(C)C)C[C@@H]2OC(=O)C)OC3,0.07895467064543252
1164,difebarbamate,1,C2=C(C1(C(N(C(=O)N(C1=O)CC(COCCCC)OC(N)=O)CC(COCCCC)OC(N)=O)=O)CC)C=CC=C2,0.1018952269768657
1166,diflucortolone,1,[C@@]24(F)C1(C(=CC(=O)C=C1)[C@@H](F)CC2C3C(C([C@@H](C3)C)C(=O)CO)(CC4O)C)C,1.0
1167,diflucortolone-pivalate,1,[C@H]23[C@@]([C@@]1(C(=CC(=O)C=C1)[C@H](C2)F)C)([C@H](C[C@]4([C@H]3C[C@@H](C)[C@@H]4C(COC(C(C)(C)C)=O)=O)C)O)F,0.18829264083622615
1168,dimelazine,1,C1=CC=CC3=C1N(C2=C(C=CC=C2)S3)CC4(CN(C)CC4)C,0.08508538801263987
1170,dimethazan,1,C1=NC2=C([N]1CCN(C)C)C(N(C)C(N2C)=O)=O,0.1837557267089856
1171,dimethylamphetamine(dimethamphetamine),1,CN(C(C)CC1=CC=CC=C1)C,0.05652938330792086
1172,dimiracetam,1,O=C2N1C(NC(=O)C1)CC2,1.0
1173,dioxamate,1,C(C1(OC(COC(N)=O)CO1)C)CCCCCCCC,0.149100082838756
1176,divaplon,1,C1=C(N=C2[N]1C(=C(CC)C(=N2)OC)C)C(C3=CC=CC=C3)=O,1.0
1179,donepezil,1,[H+].C1=C(OC)C(=CC2=C1C(=O)C(C2)CC3CCN(CC3)CC4=CC=CC=C4)OC.[Cl-],0.031523512217693284
1180,dopamantine,1,C4=C(CCNC(C12CC3CC(C1)CC(C2)C3)=O)C=CC(=C4O)O,0.35698265848148236
1181,doxapram,1,C1=CC=CC=C1C2(C(CN(C2=O)CC)CCN3CCOCC3)C4=CC=CC=C4,0.021562951724015036
1182,drotebanol,1,[C@@]123C4=C(C[C@H]([C@@]1(CC[C@H](C2)O)O)N(CC3)C)C=CC(=C4OC)OC,0.2535269847386267
1183,duloxetine,1,C1=CC=C3C(=C1OC(C2=CC=CS2)CCNC)C=CC=C3,0.35224868380662094
1184,duoperone,1,C1=C(C(F)(F)F)C=CC3=C1N(C2=C(C=CC=C2)S3)CCCN5CCC(C(C4=CC=C(F)C=C4)=O)CC5,1.0
1185,dupracetam,1,C(N1C(CCC1)=O)C(NNC(CN2C(CCC2)=O)=O)=O,0.16461598381987846
1186,eclanamine,1,[C@H]2(N(C1=CC=C(C(=C1)Cl)Cl)C(CC)=O)[C@@H](CCC2)N(C)C,0.004312683048523427
1187,edaravone,1,C2=C(N1N=C(C)CC1=O)C=CC=C2,1.0
1188,efetozole,1,C1=CC=CC=C1C(C)[N]2C=CN=C2C,1.0
1189,elanzepine,1,C1=CC(=CC3=C1\C(C2=CC=CC=C2N3)=C/CN(CC)CC)Cl,1.0
1191,elopiprazole,1,C1=C(C2=C(C=C1)C=CO2)N5CCN(CC3=CC=C([NH]3)C4=CC=C(C=C4)F)CC5,1.0
1192,eltoprazine,1,C1=C(C2=C(C=C1)OCCO2)N3CCNCC3,1.0
1194,enciprazine,1,C3=C(N2CCN(CC(COC1=CC(=C(OC)C(=C1)OC)OC)O)CC2)C(=CC=C3)OC,0.07825539563015542
1196,endixaprine,1,C3=C(C2=CC=C(N1CCC(O)CC1)N=N2)C(=CC(=C3)Cl)Cl,1.0
1197,endomide,1,[C@@H]1([C@@H]([C@H]2C=C[C@@H]1C2)C(N(CC)CC)=O)C(N(CC)CC)=O,1.0
1198,endrysone(endrisone),1,CC3CC2C1CCC(C(C)=O)C1(C)CC(O)C2C4(C)C=CC(=O)C=C34,0.17089326197220434
1200,eptastigmine,1,[C@@]12(C3=C(N(C)[C@H]1N(C)CC2)C=CC(=C3)OC(NCCCCCCC)=O)C,0.2996329568274255
1201,erizepine,1,C1=CC=CC3=C1C4=C(C2=C(C=CC=C2)N3C)CCN(CC4)C,1.0
1203,etamiphyllin,1,C1=NC2=C([N]1CCN(CC)CC)C(N(C)C(N2C)=O)=O,0.175196180437841
1204,etasuline,1,C1=C(Cl)C=CC3=C1C(C2=CC=CC=C2)SC(=N3)NCC,1.0
1205,etazepine,1,C1=CC=CC2=C1C(C3=C(N(C)C2=O)C=CC=C3)OCC,1.0
1207,ethylene(ethene),1,C(C)Cl,1.0
1208,ethyl-loflazepate,1,C=C,0.6280181872513454
1211,etifoxine,1,[H+].C2=C1C(OC(=NC1=CC=C2Cl)NCC)(C3=CC=CC=C3)C.[Cl-],0.06881089668444815
1212,etiracetam(levetiracetam),1,C(C(N1C(CCC1)=O)C(N)=O)C,0.28304683643155415
1213,etisulergine,1,[C@@H]34C1=CC=CC2=C1C(=C[NH]2)C[C@H]3N(C[C@H](C4)N[S](N(CC)CC)(=O)=O)C,1.0
1214,etodroxizine,1,C3=C(C(N1CCN(CC1)CCOCCOCCO)C2=CC=CC=C2)C=CC(=C3)Cl.O=C(O)\C=C\C(O)=O,0.18152841905400383
1215,etoperidone,1,C1=C(C=CC=C1N3CCN(CCCN2C(N(C(=N2)CC)CC)=O)CC3)Cl,0.046290997567590336
1217,etoxadrol,1,C3=C(C2(OC(C1CCCCN1)CO2)CC)C=CC=C3,1.0
1219,fantridone,1,C1=CC=CC2=C1C3=C(C(=O)N2CCCN(C)C)C=CC=C3,0.08003481020665144
1220,fasiplon,1,C1=C(N=C2[N]1C(=C(CC)C(=N2)OC)C)C3=NOC(=N3)C,0.3956679928588227
1221,fasoracetam,1,[C@H]1(NC(=O)CC1)C(=O)N2CCCCC2,1.0
1223,felbamate,1,C1=C(C(COC(N)=O)COC(N)=O)C=CC=C1,1.0
1224,femoxetine,1,C3=C(C2C(COC1=CC=C(OC)C=C1)CN(C)CC2)C=CC=C3,0.11548613699548944
1225,fenaperone,1,C1=CC(=CC=C1C(CCCN3CCN(C(OC2CCCCC2)=O)CC3)=O)F,1.0
1226,fenbutrazate,1,C3=C(C1C(N(CCO1)CCOC(C(C2=CC=CC=C2)CC)=O)C)C=CC=C3,0.17760802748933524
1227,fencamfamin,1,C3=C(C1C(NCC)C2CC1CC2)C=CC=C3,0.04052033885460607
1229,fenharmane,1,C4=C3[NH]C1=C(CCNC1CC2=CC=CC=C2)C3=CC=C4,0.057564893724955456
1231,fenmetozole,1,C1=C(C(=CC=C1OCC2=NCCN2)Cl)Cl,1.0
1232,fenmetramide,1,C1=CC=CC=C1C2C(NC(=O)CO2)C,0.10416624782389558
1233,fenobam,1,C1=C(C=CC=C1NC(NC2=NC(=O)CN2C)=O)Cl,1.0
1236,fepitrizol,1,C3=C(C1=NC(=N[N]1C)C2=CC=CN=C2)C(=CC=C3)CO,0.13176297308918306
1237,fipexide,1,C1=C4C(=CC(=C1)CN3CCN(C(COC2=CC=C(Cl)C=C2)=O)CC3)OCO4,1.0
1239,florfenicol,1,[C@@H](C1=CC=C(C=C1)[S](C)(=O)=O)([C@H](NC(C(Cl)Cl)=O)CF)O,0.28298982086583874
1240,fluacizine,1,C1=C(C(F)(F)F)C=CC3=C1N(C2=C(C=CC=C2)S3)C(CCN(CC)CC)=O,0.07733352182354637
1243,flubepride,1,C1=C(C(=CC=C1[S](N)(=O)=O)OC)C(NCC3N(CC2=CC=C(F)C=C2)CCC3)=O,0.13637028377010119
1247,flumezapine,1,C1=C(F)C=CC2=C1NC(=C3C(=N2)SC(=C3)C)N4CCN(CC4)C,1.0
1248,flumoxonide,1,[C@]12(OC(O[C@@H]1CC3C2(CC(O)[C@@]4(F)C3C[C@H](F)C5=CC(=O)C=CC45C)C)(C)C)C(=O)C(OC)OC,0.04318569129668279
1249,fluocinonide,1,[C@@]45([C@@]3([C@H]([C@H]2[C@]([C@@]1(C(=CC(=O)C=C1)[C@H](C2)F)C)(F)[C@H](C3)O)C[C@H]4OC(O5)(C)C)C)C(COC(C)=O)=O,0.1983217822249629
1250,fluocortin,1,CCCCOC(=O)C(=O)C3C(C)CC4C2CC(F)C1=CC(=O)C=CC1(C)C2C(O)CC34C,0.0174653614319419
1251,fluocortolone-caproate,1,CCCCCC(=O)OCC(=O)C3C(C)CC4C2CC(F)C1=CC(=O)C=CC1(C)C2C(O)CC34C,0.03586125961490368
1255,fluoxetine,1,C2=C(C(OC1=CC=C(C=C1)C(F)(F)F)CCNC)C=CC=C2,1.0
1259,fluspirilene,1,C1=CC=CC=C1N2C5(C(NC2)=O)CCN(CCCC(C3=CC=C(C=C3)F)C4=CC=C(C=C4)F)CC5,0.27870618762976945
1262,fluticasone,1,CC4CC3C2CC(F)C1=CC(=O)C=CC1(C)C2(F)C(O)CC3(C)C4(O)C(=O)SCF,1.0
1263,fluticasone-propionate,1,[C@]4([C@@]3([C@H]([C@H]2[C@]([C@@]1(C(=CC(=O)C=C1)[C@H](C2)F)C)(F)[C@H](C3)O)C[C@H]4C)C)(OC(CC)=O)C(SCF)=O,0.018479008596739215
1264,flutizenol,1,C1=C(C(F)(F)F)C=CC3=C1N(C2=C(SC=C2)S3)CCCN4CCN(CCO)CC4,0.06041521466063041
1265,flutomidate,1,C1=C(C(OCC)=O)[N](C=N1)C(C)C2=CC=C(C=C2)F,0.17880184226319415
1268,fluvoxamine,1,C1=C(C(F)(F)F)C=CC(=C1)C(=N/OCCN)/CCCCOC.O=C(O)\C=C/C(=O)O,1.0
1269,fluzinamide,1,C2=C(OC1CN(C(NC)=O)C1)C=CC=C2C(F)(F)F,0.055143312373647196
1270,folic-acid,1,[C@H](NC(C3=CC=C(NCC1=NC2=C(N=C1)NC(=NC2=O)N)C=C3)=O)(CCC(O)=O)C(O)=O,0.0866719528976691
1271,formocortal,1,[C@]12(OC(O[C@@H]1CC3C2(CC(O)[C@@]4(F)C3CC(=C5C4(CCC(=C5)OCCCl)C)C=O)C)(C)C)C(=O)COC(=O)C,0.05135455303120186
1272,fosazepam,1,C1=CC(=CC2=C1N(C(CN=C2C3=CC=CC=C3)=O)C[P](C)(C)=O)Cl,0.07981302715083761
1273,fosenazide,1,C1=CC=CC=C1[P](C2=CC=CC=C2)(CC(NN)=O)=O,0.08275777842561134
1275,fosphenytoin,1,C1=CC=CC=C1C3(C2=CC=CC=C2)C(N(CO[P](O)(O)=O)C(N3)=O)=O,0.12695765965431466
1276,ftormetazine,1,C1=C(C(F)(F)F)C=CC3=C1N(C2=C(C=CC=C2)S3)C(CCN4CCN(C)CC4)=O,1.0
1277,ftorpropazine,1,C1=C(C(F)(F)F)C=CC3=C1N(C2=C(C=CC=C2)S3)C(CCN4CCN(CCO)CC4)=O,0.2329171337389155
1279,fursultiamine,1,C1=NC(=NC(=C1CN(C(=C(SSCC2CCCO2)\CCO)/C)C=O)N)C,1.0
1282,gedocarnil,1,C1=NC(=C(C2=C1[NH]C3=C2C(=CC=C3)OC4=CC=C(C=C4)Cl)COC)C(OC(C)C)=O,0.18481583985412714
1283,gemazocine,1,C1=C(O)C=CC4=C1C3(C(C(N(CC2CC2)CC3)C4)(C)C)CC,1.0
1284,gepirone,1,[H+].C1=CC=NC(=N1)N2CCN(CC2)CCCCN3C(=O)CC(CC3=O)(C)C.[Cl-],1.0
1288,halocortolone,1,[C@H]23C(Cl)([C@@]1(C(=CC(=O)C=C1)[C@@H](F)C2)C)[C@@H](F)C[C@]4([C@H]3C[C@H]([C@@H]4C(=O)CO)C)C,0.3406239688684329
1289,halopemide,1,C1=CC(=CC4=C1N(C3CCN(CCNC(C2=CC=C(F)C=C2)=O)CC3)C(N4)=O)Cl,1.0
1290,haloperidol-decanoate,1,C1=CC(=CC=C1C3(CCN(CCCC(C2=CC=C(C=C2)F)=O)CC3)OC(CCCCCCCCC)=O)Cl,1.0
1292,haloxazolam,1,C1=C(Br)C=CC3=C1C2(N(CCO2)CC(=O)N3)C4=C(C=CC=C4)F,0.045573783615758014
1294,homopipramol,1,C3=C2N(C1=CC=CC=C1C=CC2=CC=C3)CCCN4C=CN(CC=C4)CCO,1.0
1296,hopantenic-acid,1,[C@H](C(NCCCC(O)=O)=O)(C(CO)(C)C)O,1.0
1298,hydrocortisone-aceponate,1,[C@@]4([C@@]3([C@H]([C@H]2[C@@H]([C@@]1(C(=CC(=O)CC1)CC2)C)[C@H](C3)O)CC4)C)(C(COC(C)=O)=O)OC(CC)=O,1.0
1299,hydrocortisonecypionate(hydrocortisone-cipionate),1,[C@]34([C@H]([C@H]2[C@@H]([C@@]1(C(=CC(=O)CC1)CC2)C)[C@@H](O)C3)CC[C@]4(O)C(=O)COC(=O)CCC(O)=O)C.O,1.0
1300,hydrocortisone-hemisuccinate,1,[C@@]4(OC(=O)CCCC)(C3(C(C2C(C1(C(=CC(=O)CC1)CC2)C)C(O)C3)CC4)C)C(=O)CO,1.0
1301,hydrocortisone-valerate,1,CC14CCC(=O)C=C1CCC5C3CCC(O)(C(=O)COC(=O)CCC2CCCC2)C3(C)CC(O)C45,1.0
1302,hydromorphinol,1,[C@@]125C3=C4C[C@H]([C@@]1(CC[C@@H]([C@@H]2OC3=C(C=C4)O)O)O)N(C)CC5,0.21179581450411536
1304,ibrotamide,1,C(C(C(C)C)(C(N)=O)Br)C,0.13597436033465046
1306,ifoxetine,1,[C@@H]2(OC1=C(C(=CC=C1)C)C)[C@@H](CNCC2)O,0.11974590616325079
1307,ilepcimide,1,C1=C3C(=CC=C1\C=C\C(N2CCCCC2)=O)OCO3,1.0
1308,iloperidone,1,C1=CC(=CC2=C1C(=NO2)C4CCN(CCCOC3=C(C=C(C(C)=O)C=C3)OC)CC4)F,1.0
1309,imiclopazine,1,C1=C(Cl)C=CC3=C1N(C2=C(C=CC=C2)S3)CCCN5CCN(CCN4C(N(C)CC4)=O)CC5,0.10976572104498879
1311,imipraminoxide,1,C1=CC=CC2=C1N(C3=C(CC2)C=CC=C3)CCC[N+](C)(C)[O-],0.36280538397194373
1312,indatraline,1,[C@@H]2(C1=CC=CC=C1[C@H](NC)C2)C3=CC=C(Cl)C(=C3)Cl.[H+].[Cl-],1.0
1313,indeloxazine,1,C2=C(C1=C(C=CC1)C=C2)OCC3CNCCO3,1.0
1314,indomethacin(indometacin),1,C1=CC(=CC2=C1[N](C(=C2CC(O)=O)C)C(C3=CC=C(Cl)C=C3)=O)OC,1.0
1315,indriline,1,C1=CC=CC3=C1C(C2=CC=CC=C2)(C=C3)CCN(C)C,1.0
1316,iproclozide,1,C1=CC(=CC=C1OCC(NNC(C)C)=O)Cl,1.0
1317,iprozilamine,1,CSC1=C(N=C(N=C1N2CCN(C)CC2)NC(C)C)Cl,0.09691580197575642
1318,ipsapirone,1,[H+].C1=CC=CC2=C1[S](=O)(=O)N(C2=O)CCCCN4CCN(C3=NC=CC=N3)CC4.[Cl-],1.0
1320,isoflupredone,1,C(C(C1(CCC2C4C(C(CC12C)O)(F)C3(C=CC(C=C3CC4)=O)C)O)=O)O,0.07489430276582626
1321,isoflupredone-acetate,1,[C@H]23[C@@]([C@@]1(C(=CC(=O)C=C1)CC2)C)([C@H](C[C@]4([C@H]3CC[C@@]4(C(COC(C)=O)=O)O)C)O)F,0.059116924524854925
1323,ivoqualine,1,[C@H]3(CCCC1=C2C(=NC=C1)C=CC(=C2)OC)[C@@H](CNCC3)C=C,1.0
1324,ketazocine,1,[C@H]12N(CC[C@](C1C)(C3=C(C2=O)C=CC(=C3)O)C)CC4CC4,0.0868159312854836
1325,ketazolam,1,C1=C(Cl)C=CC2=C1C3(N(CC(=O)N2C)C(C=C(O3)C)=O)C4=CC=CC=C4,0.09010598260847646
1327,lesopitron,1,C1=CC=NC(=N1)N3CCN(CCCC[N]2C=C(Cl)C=N2)CC3,1.0
1328,levophenacylmorphan,1,C5=C(C(CN1C2C4C(CC1)(C3=C(C2)C=CC(=C3)O)CCCC4)=O)C=CC=C5,1.0
1329,linopirdine,1,C1=CC=CC2=C1C(C(N2C3=CC=CC=C3)=O)(CC4=CC=NC=C4)CC5=CC=NC=C5,1.0
1330,lisuride,1,[C@@H]14C(=C[C@H](NC(N(CC)CC)=O)CN1C)C2=CC=CC3=C2C(=C[NH]3)C4,1.0
1331,litracen,1,C1=CC=CC3=C1C(C2=C(C=CC=C2)C3(C)C)=CCCNC,0.28163926949337875
1332,lofendazam,1,C1=C(Cl)C=CC3=C1N(C2=CC=CC=C2)C(CCN3)=O,1.0
1333,lofentanil,1,[C@]3(N(C1=CC=CC=C1)C(=O)CC)(C(=O)OC)[C@H](CN(CCC2=CC=CC=C2)CC3)C,1.0
1334,lofepramine,1,[H+].C1=CC=CC2=C1N(C3=C(CC2)C=CC=C3)CCCN(CC(=O)C4=CC=C(Cl)C=C4)C.[Cl-],1.0
1336,lopirazepam,1,C3=C(C1=NC(C(=O)NC2=C1N=C(Cl)C=C2)O)C(=CC=C3)Cl,0.054810194776485084
1337,loprazolam,1,C1=CC(=CC4=C1N2C(=NC(/C2=O)=C\N3CCN(C)CC3)CN=C4C5=C(C=CC=C5)Cl)[N+](=O)[O-],0.04191523638054927
1342,lorzafone,1,C1=CC(=CC(=C1N(C(=O)CNC(=O)CN)C)C(=O)C2=CC=CC=C2Cl)Cl.O,1.0
1345,loxapine,1,C1=C(Cl)C=CC2=C1C(=NC3=C(O2)C=CC=C3)N4CCN(CC4)C,0.13623334891596658
1347,mazindol,1,C1=CC=CC2=C1C(N3C2=NCC3)(C4=CC=C(C=C4)Cl)O,0.08096005396618991
1348,mazipredone,1,[C@]34([C@H]([C@H]2[C@@H]([C@@]1(C(=CC(=O)C=C1)CC2)C)[C@H](C3)O)CC[C@@]4(C(CN5CCN(C)CC5)=O)O)C,0.08328736795001468
1349,mebanazine,1,C1=CC=CC=C1C(NN)C,1.0
1352,mecloralurea,1,CNC(NC(C(Cl)(Cl)Cl)O)=O,0.024309329267091166
1353,meclorisone(meclorisone-dibutyrate),1,[C@@]23(Cl)C(C1C([C@](O)([C@@H](C1)C)C(=O)CO)(CC2Cl)C)CCC4=CC(=O)C=CC34C,1.0
1354,medrysone,1,[C@@H]23[C@H]([C@H]1[C@]([C@@H](C(C)=O)CC1)(C)C[C@@H]2O)C[C@H](C)C4=CC(=O)CC[C@]34C,0.030803511648036866
1355,mefexamide,1,[H+].C1=C(OCC(=O)NCCN(CC)CC)C=CC(=C1)OC.[Cl-],1.0
1356,melitracen,1,C1=CC=CC3=C1C(C2=C(C=CC=C2)C3(C)C)=CCCN(C)C,1.0
1357,melperone,1,C1=CC(=CC=C1C(CCCN2CCC(C)CC2)=O)F,1.0
1358,memantine,1,CC12CC3(CC(C1)(CC(C2)C3)N)C,1.0
1359,mephenoxalone,1,C1=C(C(=CC=C1)OC)OCC2CNC(O2)=O,1.0
1361,mequitazine,1,C1=CC=CC2=C1SC5=C(N2CC3C4CCN(C3)CC4)C=CC=C5,0.20497809082950366
1362,mesulergine,1,[C@@H]34C1=CC=CC2=C1C(=C[N]2C)C[C@H]3N(C[C@H](C4)N[S](N(C)C)(=O)=O)C,1.0
1364,metaglycodol,1,C1=C(C(C(C)(C)O)(C)O)C=CC=C1Cl,0.19855918195098074
1365,methapyrilene,1,C2=C(N(CC1=CC=CS1)CCN(C)C)N=CC=C2,1.0
1367,methitural,1,C(C1(C(NC(=S)NC1=O)=O)C(CCC)C)CSC,1.0
1368,methyldesorphine,1,C5=C3C1=C(OC4C12C(C(N(CC2)C)C3)CC=C4C)C(=C5)O,1.0
1369,methyldihydromorphine,1,[C@@H]25CC1=CC=C(C4=C1[C@@]3([C@H]2CC[C@@H]([C@@H]3O4)OC)CCN5C)O,0.1489599371477249
1370,methylprednisolone21hemisuccinate(methylprednisolone-hemisuccinate),1,[C@@]4([C@@]3([C@H]([C@H]2[C@@H]([C@@]1(C(=CC(=O)C=C1)[C@H](C2)C)C)[C@H](C3)O)CC4)C)(C(COC(C)=O)=O)OC(CC)=O,0.09545894238176626
1372,metofenazate,1,C1=C(Cl)C=CC3=C1N(C2=C(C=CC=C2)S3)CCCN5CCN(CCOC(C4=CC(=C(OC)C(=C4)OC)OC)=O)CC5,0.16067572135077693
1373,metopimazine,1,C1=C([S](C)(=O)=O)C=CC3=C1N(C2=C(C=CC=C2)S3)CCCN4CCC(C(N)=O)CC4,1.0
1374,metopon,1,[C@@]125C3=C4C[C@H]([C@@H]1CCC([C@@]2(OC3=C(C=C4)O)C)=O)N(C)CC5,1.0
1375,metoserpate,1,C5=C4C3=C(C2N(CC1CC(OC)C(C(C1C2)C(OC)=O)OC)CC3)[NH]C4=CC(=C5)OC,1.0
1376,metoxepin,1,C1=C(OC)C=CC3=C1C(=CC2=C(C=CC=C2)O3)N4CCN(C)CC4,1.0
1377,metralindole,1,C1=C(OC)C=CC2=C1C4=C3[N]2CCN(C3=NCC4)C,1.0
1379,mexazolam,1,C1=C(Cl)C=CC3=C1C2(N(C(C)CO2)CC(=O)N3)C4=CC=CC=C4Cl,0.10242676465168596
1380,mezilamine,1,CSC2=C(N1CCN(C)CC1)N=C(NC)N=C2Cl,0.15069739436813467
1382,midaflur,1,C1(=NC(NC1(C(F)(F)F)C(F)(F)F)(C(F)(F)F)C(F)(F)F)N,0.1915969919075463
1384,milameline,1,CN1CC(=CCC1)\C=N\OC,1.0
1385,minaprine,1,C1=C(C(=NN=C1C2=CC=CC=C2)NCCN3CCOCC3)C,1.0
1387,mirisetron,1,[C@@H]45N([C@@H](CC(NC(=O)C1=CN(C2=C(C1=O)C=CC=C2)C3CCCCC3)C4)CC5)C,0.11747445570709644
1388,moclobemide,1,C2=C(C(NCCN1CCOCC1)=O)C=CC(=C2)Cl,1.0
1389,modafinil,1,C2=C(C(C1=CC=CC=C1)[S](CC(N)=O)=O)C=CC=C2,1.0
1390,mometasone(mometasone-furoate),1,[C@H]34[C@H]2[C@@](Cl)([C@@]1(C(=CC(=O)C=C1)CC2)C)[C@@H](O)C[C@@]3([C@](O)([C@@H](C4)C)C(=O)CCl)C,0.10847780500944959
1392,morsuximide,1,C3=C(C2(C(N(CN1CCOCC1)C(C2)=O)=O)C)C=CC=C3,0.056918037370472914
1394,motrazepam,1,C1=C([N+](=O)[O-])C=CC2=C1C(=NCC(N2COC)=O)C3=CC=CC=C3,1.0
1395,moxadolen,1,[C@@H]13C=C[C@@H]([C@@]2([C@H]1[C@H](OC2=O)OC(NC)=O)C)C3,0.1630484239170127
1396,moxiraprine,1,C(N1CCOCC1)CNC2=NNC(C=C2C)=C3C=CC(=O)C=C3,1.0
1397,myrophine,1,[C@@]126C3=C4C[C@H]([C@@H]1C=C[C@@H]([C@@H]2OC3=C(C=C4)OCC5=CC=CC=C5)OC(CCCCCCCCCCCCC)=O)N(CC6)C,1.0
1398,nabazenil,1,C1=C(C(C(CCCCC)C)C)C=C(C2=C1OC(C3=C2CC(C)CC3)(C)C)OC(CCCN4CCCCCC4)=O,1.0
1399,nabilone,1,[C@H]23C1=C(C=C(C(CCCCCC)(C)C)C=C1O)OC([C@@H]2CCC(C3)=O)(C)C,0.10641999885933989
1400,nafimidone,1,C2=C(C(C[N]1C=CN=C1)=O)C=CC3=CC=CC=C23,1.0
1401,naflocort,1,[C@]14([C@H]([C@H]3[C@](F)([C@@H](O)C1)[C@@]2(C(=CC(=O)C=C2)CC3)C)C[C@@H]6[C@]4(CC5=CC=CC=C5C6)C(=O)CO)C.O,1.0
1402,nalbuphine,1,OC1CCC2(O)C3Cc5ccc(O)c6OC1C2(CCN3CC4CCC4)c56,0.044957661977181276
1404,nalmexone,1,[C@@]125C3=C4C[C@H]([C@@]1(CCC([C@@H]2OC3=C(C=C4)O)=O)O)N(CC=C(C)C)CC5,0.3570302085996787
1405,napactadine,1,C1=C(C=CC2=C1C=CC=C2)CC([NH2+]C)=NC.[Cl-],1.0
1406,napamezole,1,C1=C2C(=CC=C1)CCC(=C2)CC3=NCNC3,1.0
1407,naprodoxime,1,C2=C1C(=CC=CC1=CC=C2)OC(\C(=N\O)N)C,0.29801477081978733
1408,nefazodone,1,[H+].C4=C(N3CCN(CCCN1N=C(N(C1=O)CCOC2=CC=CC=C2)CC)CC3)C=CC=C4Cl.[Cl-],1.0
1409,nefiracetam,1,C1=CC=C(C(=C1C)NC(CN2C(CCC2)=O)=O)C,0.2520475443600549
1412,niaprazine,1,C1=CC(=CC=C1N3CCN(CCC(NC(C2=CC=CN=C2)=O)C)CC3)F,1.0
1413,nicocortonide,1,[C@]125OC(O[C@@]([C@]1(C[C@H](O)[C@H]3[C@H]2CCC4=CC(=O)CC[C@]34C)C)(CC5)C(=O)COC(=O)C6=CC=NC=C6)\C=C/C,1.0
1414,nicomorphine,1,[C@@]127C3=C4C[C@H]([C@@H]1C=C[C@@H]([C@@H]2OC3=C(C=C4)OC(C5=CN=CC=C5)=O)OC(C6=CN=CC=C6)=O)N(C)CC7,1.0
1415,nicopholine,1,C1=CC=NC=C1C(N2CCOCC2)=O,1.0
1416,nicotinamide,1,C(C1=CN=CC=C1)(=O)N,0.20321963864594267
1417,nikethamide,1,C1=CC=NC=C1C(N(CC)CC)=O,0.06291021787868753
1418,nimetazepam,1,C1=C([N+]([O-])=O)C=CC2=C1C(=NCC(=O)N2C)C3=CC=CC=C3,0.1780181813609659
1420,nisoxetine,1,C1=CC=CC=C1C(OC2=CC=CC=C2OC)CCNC,1.0
1421,nitrafudam,1,NC(=N)c1ccc(o1)c2ccccc2N(=O)=O,0.102701478322809
1422,nivazol(nivacortol),1,[C@H]12C([C@@](O)(CC1)C#C)(CC[C@H]3C2CCC4=CC5=C(CC34C)C=N[N]5C6=CC=C(F)C=C6)C,1.0
1424,nomifensine,1,C1=CC=C(C3=C1C(C2=CC=CC=C2)CN(C)C3)N,1.0
1426,norflurane,1,C(C(F)(F)F)F,0.27304987257533103
1427,norlevorphanol,1,C1=C(O)C=CC3=C1C24C(C(NCC2)C3)CCCC4,1.0
1428,normorphine,1,C1=CC(=C3C2=C1CC5C4C2(C(O3)C(O)C=C4)CCN5)O,0.05897047765969861
1429,nortetrazepam,1,C1=C(Cl)C=CC2=C1C(=NCC(=O)N2)C3=CCCCC3,0.1551008060525896
1430,noscapine,1,[C@@H]3(C1=C(C=C2C(=C1OC)OCO2)CCN3C)[C@@H]5C4=C(C(=C(OC)C=C4)OC)C(O5)=O,0.0853822052879449
1431,noxiptiline,1,C1=CC=CC2=C1C(C3=C(CC2)C=CC=C3)=NOCCN(C)C,0.03119621266996391
1432,nuclotixene,1,C1=C(Cl)C=CC3=C1\C(C2=C(C=CC=C2)S3)=C\C4C5CCN(C4)CC5,1.0
1436,octriptyline,1,CNCCC=C3c1ccccc1C2CC2c4ccccc34,0.13202759749900528
1437,omiloxetine,1,[C@H]2([C@H](CN(CC(C1=CC=C(F)C=C1)=O)CC2)COC4=CC3=C(OCO3)C=C4)C5=CC=C(F)C=C5,1.0
1438,oxaflozane,1,C2=C(C1CN(CCO1)C(C)C)C=CC(=C2)C(F)(F)F,0.13616151900082257
1439,oxcarbazepine,1,C1=CC=CC3=C1N(C2=C(C=CC=C2)CC3=O)C(N)=O,1.0
1440,oxifentorex,1,C1=CC=CC=C1C[N+](C(CC2=CC=CC=C2)C)(C)[O-],0.22873745787278255
1441,oxiracetam,1,C(N1CC(O)CC1=O)C(N)=O,0.4091184392879421
1442,oxisopred,1,[C@H]34C1[C@@H](C2(C(C(=O)CC1)C(=O)C=C2)C)C(O)CC3([C@](O)(CC4)C(OC)=O)C,0.01727846037578583
1443,oxitriptan,1,C1=C(O)C=CC2=C1C(=C[NH]2)CC(C(O)=O)N,1.0
1445,pagoclone,1,C4=C3C(N(C1=CC=C2C(=N1)N=C(Cl)C=C2)C(=O)C3=CC=C4)CC(CCC(C)C)=O,0.19847167535823865
1446,panadiplon,1,C1=NC(=C3[N]1C2=C(C=CC=C2)N(C3=O)C(C)C)C4=NOC(=N4)C5CC5,0.0065861715966395945
1447,panamesine,1,[C@H]5(CN3CCC(C2=CC1=C(OCO1)C=C2)(CC3)O)CN(C4=CC=C(OC)C=C4)C(O5)=O,0.20101090574679767
1448,pancopride,1,C3=C(C(NC1C2CCN(C1)CC2)=O)C(=CC(=C3Cl)N)OCC4CC4,0.08790303448118335
1449,panuramine,1,C1=C4C(=CC=C1CN3CCC(NC(NC(C2=CC=CC=C2)=O)=O)CC3)C=CC=C4,0.15860479213747575
1452,pargyline,1,C1=CC=CC=C1CN(CC#C)C,0.04073149545639218
1453,paroxetine,1,[C@@H]3([C@H](COC1=CC=C2C(=C1)OCO2)CNCC3)C4=CC=C(C=C4)F,0.44056163508946317
1454,pazinaclone,1,C1=CC=CC2=C1C(N(C2=O)C3=NC4=C(C=C3)C=CC(=N4)Cl)CC(=O)N6CCC5(OCCO5)CC6,0.2327650851835167
1455,penfluridol,1,C4=C(C(CCCN1CCC(CC1)(C2=CC=C(C(=C2)C(F)(F)F)Cl)O)C3=CC=C(C=C3)F)C=CC(=C4)F,0.25728619359058785
1456,pentabamate,1,CC(C(C(OC(N)=O)C)C)OC(N)=O,1.0
1457,pentamorphone,1,[C@]135[C@@]4([C@@H](CC2=C1C(=C(C=C2)O)O[C@H]3C(=O)C=C4)N(C)CC5)NCCCCC,1.0
1462,perphenazine,1,C1=C(Cl)C=CC3=C1N(C2=C(C=CC=C2)S3)CCCN4CCN(CCO)CC4,0.21334651208907232
1465,phenazocine,1,C1=C(C=CC2=C1C3(C)C(C)C(C2)N(CC3)CCC4=CC=CC=C4)O,0.2049731510027663
1466,pheneturide,1,C1=CC=CC=C1C(C(NC(N)=O)=O)CC,1.0
1467,phenmetrazine,1,C2=C(C1C(C)NCCO1)C=CC=C2,0.004084614742327923
1468,phenoxypropazine(fenoxypropazine),1,C1=C(OCC(NN)C)C=CC=C1,0.20309184187898896
1469,phensuximide,1,C1=CC=CC=C1C2C(N(C)C(C2)=O)=O,1.0
1470,phenyl-salicylate,1,C1(=CC=CC=C1)OC2=CC=CC=C2C(=O)[O-],1.0
1472,phetharbital,1,C1=CC=CC=C1N2C(C(C(NC2=O)=O)(CC)CC)=O,1.0
1473,piberaline,1,C3=C(C(N2CCN(CC1=CC=CC=C1)CC2)=O)N=CC=C3,0.019734984149382087
1474,picenadol,1,[C@]2(C1=CC(=CC=C1)O)([C@H](CN(C)CC2)C)CCC,1.0
1476,pipequaline,1,C2=C(C1=CC=CC=C1)N=C4C(=C2CCC3CCNCC3)C=CC=C4,1.0
1477,piperacetazine,1,C1=C(C(C)=O)C=CC3=C1N(C2=C(C=CC=C2)S3)CCCN4CCC(CCO)CC4,0.032068614013822314
1479,pipofezine,1,C2=C(N1CCN(C)CC1)N=NC3=C2N(C4=C(O3)C=CC=C4)C,0.09976314777916746
1480,pipotiazine-palmitate,1,C1=C([S](N(C)C)(=O)=O)C=CC3=C1N(C2=C(C=CC=C2)S3)CCCN4CCC(CCOC(CCCCCCCCCCCCCCC)=O)CC4,0.1327566171185315
1481,piquindone,1,[C@H]12C(C3=C(C[C@@H]1CCN(C2)C)[NH]C(=C3CC)C)=O,1.0
1482,piracetam,1,C(N1C(CCC1)=O)C(N)=O,1.0
1483,pirandamine,1,C1=CC=CC2=C1C3=C(C2)CCOC3(CCN(C)C)C,1.0
1486,pirlindole,1,[N]14C3=C(C2=C1C=CC(=C2)C)CCCC3NCC4.[H+].[Cl-],0.10922330360765926
1487,pivagabine,1,C(NC(C(C)(C)C)=O)CCC(O)=O,0.14876575140987094
1488,pivoxazepam,1,C1=C(Cl)C=CC2=C1C(=NC(C(=O)N2)OC(C(C)(C)C)=O)C3=CC=CC=C3,0.1232810234743184
1489,pramiracetam,1,C(N1C(CCC1)=O)C(NCCN(C(C)C)C(C)C)=O,0.22192797230441827
1490,prazitone,1,C1=CC=CC=C1C3(CC2CCCCN2)C(NC(=O)NC3=O)=O,1.0
1493,prednisolone-steaglate,1,[C@H]34[C@H]2[C@@H]([C@@]1(C(=CC(=O)C=C1)CC2)C)[C@@H](O)C[C@@]3([C@](C(COC(COC(CCCCCCCCCCCCCCCCC)=O)=O)=O)(O)CC4)C,0.08564393792086882
1495,prednylidene,1,C(C(C3(C(CC4C2CCC1=CC(C=CC1(C)C2C(CC34C)O)=O)=C)O)=O)O,0.03980458430105775
1496,pregabalin,1,[C@@H](CC(=O)O)(CC(C)C)CN,1.0
1498,pridefine,1,[H+].C3=C(C(=C1CCN(C1)CC)C2=CC=CC=C2)C=CC=C3.[Cl-],1.0
1499,procarbazine,1,C1=CC(=CC=C1C(NC(C)C)=O)CNNC,0.08259175736648885
1504,promoxolane,1,C(C1OC(C(C)C)(C(C)C)OC1)O,1.0
1506,propanidid,1,[CH2-][CH-]C,0.14984408792292442
1509,propyperone,1,C1=CC(=CC=C1C(CCCN3CCC(N2CCCCC2)(CC3)C(CC)=O)=O)F,1.0
1510,prothixene,1,C1=CC=CC3=C1C(C2=C(C=CC=C2)S3)=CCCN(C)C,0.06837565533685487
1511,proxibarbal,1,C(C1(C(NC(=O)NC1=O)=O)CC=C)C(C)O,1.0
1512,proxorphan,1,Oc5ccc4CC2C1CCOCC1(CCN2CC3CC3)c4c5,0.1497444561293752
1513,proxyphylline,1,C1=NC2=C([N]1CC(C)O)C(N(C)C(N2C)=O)=O,0.21183121794559082
1514,psilocybine,1,C1=CC=C(C2=C1[NH]C=C2CCN(C)C)O[P](O)(O)=O,1.0
1515,pyridarone,1,C2=C(C1=CC=NC=C1)OC3=C2C=CC=C3,0.17671119875387484
1516,pyritinol,1,C1=C(C(=C(C(=N1)C)O)CO)CSSCC2=CN=C(C(=C2CO)O)C,1.0
1518,quilostigmine,1,[C@@]45(C1=C(C=CC(=C1)OC(N3CC2=CC=CC=C2CC3)=O)N([C@H]4N(C)CC5)C)C,1.0
1519,quinagolide,1,C1=CC=C(C2=C1CC3C(C2)CC(N[S](N(CC)CC)(=O)=O)CN3CCC)O,1.0
1520,ramciclane,1,C1=CC=CC=C1CC2(C3(C(C)(C)C(C2)CC3)C)OCCN(C)C,0.056712796713755696
1521,rasagiline,1,[C@@H]1(C2=C(CC1)C=CC=C2)NCC#C,1.0
1522,reclazepam,1,C1=CC(=CC3=C1N(C2=NC(=O)CO2)CCN=C3C4=CC=CC=C4Cl)Cl,0.08375055825370702
1524,remifentanil,1,C1=CC=CC=C1N(C2(CCN(CCC(OC)=O)CC2)C(OC)=O)C(CC)=O,0.44137643256873405
1525,resocortol,1,CCC(=O)C1(O)CCC2C3CCC4=CC(=O)CCC4(C)C3C(O)CC21C,1.0
1526,retigabine,1,C1=CC(=CC(=C1NC(OCC)=O)N)NCC2=CC=C(C=C2)F,1.0
1527,ricasetron,1,C3(NC(N1C2=C(C(C)(C)C1)C=CC=C2)=O)C[C@@H]4N(C)[C@H](C3)CC4,0.007006991857047786
1528,rilmazafone,1,C2=C([N]1C(=NC(=N1)C(N(C)C)=O)CNC(CN)=O)C(=CC(=C2)Cl)C(C3=C(C=CC=C3)Cl)=O,0.007277287461550401
1529,rimcazole,1,CC4CN(CCCn2c1ccccc1c3ccccc23)CC(C)N4,1.0
1532,rivastigmine,1,[C@H](C1=CC(=CC=C1)OC(N(CC)C)=O)(N(C)C)C,1.0
1535,rofelodine,1,C3=C(C2CN1C(CCN=C1C2)=O)C=CC=C3,0.16192113207932105
1537,rolicyprine,1,C3=C(C2C(NC(=O)C1NC(CC1)=O)C2)C=CC=C3,0.1820546619003601
1538,rolipram,1,C1=C(C(=CC=C1C2CNC(C2)=O)OC)OC3CCCC3,1.0
1539,romergoline,1,[C@@H]25C(=C[C@@H](CN1CC(NC(C1)=O)=O)CN2C)C3=CC=CC4=C3C(=C[NH]4)C5,1.0
1541,ropinirole,1,C2=C(C1=C(NC(C1)=O)C=C2)CCN(CCC)CCC,0.6235502917945361
1542,roxoperone,1,C1=CC(=CC=C1C(CCCN3CCC2(C(N(C)C(C2)=O)=O)CC3)=O)F,1.0
1543,sabcomeline,1,CON=C(C#N)C1CN2CCC1CC2,1.0
1544,salicin,1,[C@@H]2(OC1=C(C=CC=C1)CO)O[C@@H]([C@@H](O)[C@@H]([C@H]2O)O)CO,0.016099806849949713
1545,salicylamide,1,C(C1=CC=CC=C1O)(=O)N,1.0
1546,salsalate(salsalic-acid),1,C1=CC=CC(=C1OC(C2=C(C=CC=C2)O)=O)C(O)=O,1.0
1549,savoxepin,1,N#Cc5ccc4Oc1ccccc1C2=C(CCN(CC2)CC3CCCC3)c4c5,0.19762977852039768
1551,semorphone,1,[C@@]125C3=C4C[C@H]([C@@]1(CCC([C@@H]2OC3=C(C=C4)O)=O)O)N(CCOC)CC5,0.30997383612190366
1552,sertindole,1,C2=C(C1=C(C=CC(=C1)Cl)[N]2C3=CC=C(C=C3)F)C5CCN(CCN4C(NCC4)=O)CC5,0.07732948760008945
1553,setiptiline,1,C1=CC=CC3=C1C4=C(C2=C(C=CC=C2)C3)CN(C)CC4,0.22419724469703475
1554,sibopirdine,1,C1=CC=NC2=C1C(C3=C2N=CC=C3)(CC4=CC=NC=C4)CC5=CN=CC=C5.O,0.2418644470893766
1555,sibutramine,1,C1=CC(=CC=C1C2(C(CC(C)C)N(C)C)CCC2)Cl,0.002356078839100045
1556,sifaprazine,1,C1=CC=CC(=C1N2CCN(C)CC2)CC3=CC=CC=C3,1.0
1558,soretolide,1,C1=CC=C(C(=C1C)C(NC2=NOC(=C2)C)=O)C,1.0
1559,spiperone,1,C1=CC=CC=C1N2C4(C(NC2)=O)CCN(CCCC(C3=CC=C(F)C=C3)=O)CC4,1.0
1560,spiradoline,1,[C@]24(C[C@@H]([C@@H](N(C(CC1=CC(=C(Cl)C=C1)Cl)=O)C)CC2)N3CCCC3)CCCO4,0.10171583457045326
1561,spiramide,1,C4=C(N1C3(C(NC1)=O)CCN(CCCOC2=CC=C(C=C2)F)CC3)C=CC=C4,1.0
1562,spirilene,1,C1=CC=CC=C1N2C4(C(NC2)=O)CCN(CC\C=C(C3=CC=C(F)C=C3)\C)CC4,1.0
1563,spiroxepin,1,C1=CC=CC2=C1C4(C3=C(OC2)C=CC=C3)OC(CN(C)C)CO4,1.0
1564,stacofylline,1,C(C1=NC2=C([N]1C)C(N(C)C(N2C)=O)=O)CCN3CCN(C(N(CC)CC)=O)CC3,0.06234852350293093
1565,stiripentol,1,C1=C2C(=CC=C1\C=C\C(C(C)(C)C)O)OCO2,1.0
1566,suclofenide,1,C3=C(N2C(C(C1=CC=CC=C1)CC2=O)=O)C(=CC(=C3)[S](N)(=O)=O)Cl,1.0
1568,sulfonmethane,1,C([S](C(C)(C)[S](=O)(=O)CC)(=O)=O)C,0.1705209334402216
1569,sulmepride,1,C1=C(C(=CC=C1[S](N)(=O)=O)OC)C(NCC2N(CCC2)C)=O,0.2818402576122328
1571,sultopride,1,C1=C([S](CC)(=O)=O)C=CC(=C1C(NCC2N(CCC2)CC)=O)OC,0.17147196111920007
1572,sumacetamol,1,[C@H](C(=O)OC1=CC=C(C=C1)NC(=O)C)(NC(=O)C)CCSC,1.0
1573,sunepitron,1,O=C1CCC(=O)N1CC1CCC2CN(CCN2C1)c1ncccn1,0.16112952584677295
1574,suproclone,1,C4=C(N2C(C1=C(SCCS1)C2=O)OC(N3CCN(C(CC)=O)CC3)=O)N=C5C(=C4)C=CC(=N5)Cl,1.0
1575,suriclone,1,C4=C(N2C(C1=C(SCCS1)C2=O)OC(N3CCN(C)CC3)=O)N=C5C(=C4)C=CC(=N5)Cl,1.0
1577,taglutimide(biglumide),1,O=C3C1C(C2CCC1C2)C(=O)N3C4C(NC(=O)CC4)=O,1.0
1578,talopram,1,C1=CC=CC3=C1C(C2=CC=CC=C2)(OC3(C)C)CCCNC,0.22921486133324714
1579,talsupram,1,C1=CC=CC3=C1C(C2=CC=CC=C2)(SC3(C)C)CCCNC,1.0
1581,tameridone,1,C1=NC5=C([N]1CCN4CCC(C2=C[NH]C3=C2C=CC=C3)CC4)C(N(C)C(N5C)=O)=O,1.0
1582,tametraline,1,CNC2CCC(c1ccccc1)c3ccccc23,1.0
1583,tamitinol,1,C1=C(C(=C(O)C(=N1)C)CNCC)CSC,1.0
1584,tamolarizine,1,C4=C(C(N2CCN(CC(C1=CC=C(C(=C1)OC)OC)O)CC2)C3=CC=CC=C3)C=CC=C4,0.07855166091132852
1585,tampramine,1,CN(C)CCCN2c1ccccc1C(=Nc3cccnc23)c4ccccc4,0.026174061995253056
1586,tandamine,1,C1=CC=CC2=C1C3=C([N]2CC)C(SCC3)(CCN(C)C)C,1.0
1587,tandospirone,1,[C@H]13[C@H]([C@H]2C[C@@H]1CC2)C(=O)N(C3=O)CCCCN4CCN(CC4)C5=NC=CC=N5.C(C(O)(C(=O)O)CC(=O)O)C(=O)O,0.1995483577900901
1588,taniplon,1,C2=C(C1=NOC(=N1)C)N=C3[N]2C4=C(C(=N3)OC)CCCC4,0.19569740898985807
1591,tefludazine,1,[C@@H]2(C3=C([C@H](C1=CC=C(C=C1)F)C2)C=CC(=C3)C(F)(F)F)N4CCN(CCO)CC4,0.08020668242997665
1592,teflutixol,1,C1=C(C(F)(F)F)C=CC3=C1C(C2=C(C=C(F)C=C2)S3)CCCN4CCN(CCO)CC4,0.1027374461943544
1594,tepirindole,1,C3=C(C1=CCN(CCC)CC1)C2=CC(=CC=C2[NH]3)Cl,0.016469389483962673
1595,terguride,1,[C@@H]34C1=CC=CC2=C1C(=C[NH]2)C[C@H]3N(C[C@H](C4)NC(N(CC)CC)=O)C,1.0
1596,tetrabarbital,1,C(C1(C(CCC)CC)C(NC(=O)NC1=O)=O)C,1.0
1597,tetrabenazine(tetrabenzine),1,C1=C(OC)C(=CC3=C1C2N(CC(CC(C)C)C(C2)=O)CC3)OC,0.05937623699609813
1599,thalidomide,1,C1=CC=CC3=C1C(N(C2C(NC(=O)CC2)=O)C3=O)=O,0.132373893368456
1600,thebacon,1,C1=CC(=C4C2=C1CC5C3C2(C(C(=CC3)OC(C)=O)O4)CCN5C)OC,1.0
1601,thialbarbital,1,C(C2(C1CCCC=C1)C(NC(=S)NC2=O)=O)C=C,1.0
1602,thiamylal,1,C(C1(C(NC(=S)NC1=O)=O)C(CCC)C)C=C,1.0
1603,thiazesim(tiazesim),1,C1=CC=CC2=C1N(C(CC(S2)C3=CC=CC=C3)=O)CCN(C)C,1.0
1604,thiopropazate,1,C1=C(Cl)C=CC3=C1N(C2=C(C=CC=C2)S3)CCCN4CCN(CCOC(C)=O)CC4,0.08639369283610265
1607,tiagabine,1,[C@@H]3(CN(CCC=C(C1=C(C=CS1)C)C2=C(C=CS2)C)CCC3)C(O)=O,0.026286371443224474
1608,tianeptine,1,C1=CC(=CC2=C1C(C3=C(N(C)[S]2(=O)=O)C=CC=C3)NCCCCCCC(O)=O)Cl,0.013078592876688423
1609,tienocarbine,1,C1=C4C(=C2C(=C1)SC=C2C)C3=C(CCN(C3)C)[NH]4,1.0
1610,tifemoxone,1,C2=C(OCC1OC(NCC1)=S)C=CC=C2,0.13633817605287726
1612,timelotem,1,C1=C(F)C=CC2=C1N4C(CN=C2C3=CC=CS3)CN(C)CC4,0.01423601137634475
1613,timiperone,1,C1=CC=CC4=C1N(C3CCN(CCCC(C2=CC=C(F)C=C2)=O)CC3)C(N4)=S,1.0
1614,timirdine,1,C2=C(N1C(SCC1)=N)C(=CC(=C2)Cl)N,1.0
1615,timobesone-acetate,1,[C@H]12[C@@](C(OC(=O)C)([C@H](C1)C)C(SC)=O)(C[C@H](O)C3(F)[C@H]2CCC4=CC(=O)C=C[C@]34C)C,0.15516442501739994
1616,tinidazole,1,C1=C([N](CC[S](CC)(=O)=O)C(=N1)C)[N+](=O)[O-],0.2534489209149541
1617,tiomergine,1,C5=C2C1=C([NH]C=C1CC4C2=CC(CSC3=NC=CC=C3)CN4C)C=C5,0.328917332806055
1620,tipredane,1,[C@]23([C@H]([C@H]1[C@]([C@@](SCC)(SC)CC1)(C)C[C@@H]2O)CCC4=CC(=O)C=C[C@]34C)F,0.07730434769036315
1622,tixadil,1,C1=CC=CC=C1CC(C)NCCC3C2=C(C=CC=C2)SC4=C3C=CC=C4,0.22404464660438894
1623,tixocortol,1,[C@H]34[C@H]2[C@@H]([C@@]1(C(=CC(=O)CC1)CC2)C)[C@@H](O)C[C@@]3([C@](C(CS)=O)(O)CC4)C,1.0
1624,tixocortol-pivalate,1,[C@@H]23[C@H]([C@H]1[C@]([C@](C(CSC(C(C)(C)C)=O)=O)(O)CC1)(C)C[C@@H]2O)CCC4=CC(=O)CC[C@]34C,1.0
1625,tofenacin,1,C2=C(C(C1=CC=CC=C1)OCCNC)C(=CC=C2)C,0.02764697374985556
1631,tonazocine,1,[C@]1([C@]2(C3=C(C[C@@H]1N(CC2)C)C=CC(=C3)O)C)(CCC(=O)CCCCC)C,1.0
1632,topiramate,1,[C@@]23([C@H]([C@H]1[C@H](OC(O1)(C)C)CO2)OC(O3)(C)C)CO[S](N)(=O)=O,0.01626409896758896
1633,tracazolate,1,C1=N[N](C2=C1C(=C(C(=N2)C)C(OCC)=O)NCCCC)CC,0.3838652151051155
1636,trebenzomine,1,C1=CC=CC2=C1CC(N(C)C)C(O2)C,0.010129729775952669
1640,tribromoethanol,1,BrCC(O)(Br)Br,0.184158771293609
1642,triclodazol,1,C3=C(C2(C1=CC=CC=C1)C(N(C(C(Cl)(Cl)Cl)O)CN2)=O)C=CC=C3,0.04455921532803761
1645,trimetrexate,1,C1=C3C(=C(C(=C1)CNC2=CC(=C(C(=C2)OC)OC)OC)C)C(=NC(=N3)N)N,1.0
1646,trizoxime,1,C3=C2N(CC1=CC=CC=C1)C(=O)\C(NNC2=CC=C3)=C(\N)N=O,1.0
1648,tryptophan(l-tryptophan),1,N[C@@H](CC1=C[NH]C2=CC=CC=C12)C(=O)O,1.0
1649,uldazepam,1,C1=C(Cl)C=CC2=C1C(=NCC(=N2)NOCC=C)C3=CC=CC=C3Cl,0.12313984621953562
1650,umespirone,1,C4=C(N3CCN(CCCCN1C(C2C(C(C1=O)C(=O)N(C2=O)CCCC)(C)C)=O)CC3)C(=CC=C4)OC,0.009518162037337427
1652,valaciclovir,1,[C@@H](N)(C(OCCOC[N]1C2=C(N=C1)C(=O)N=C(N2)N)=O)C(C)C,1.0
1653,valdipromide,1,C(C(C(N)=O)(CCC)CCC)CC,0.06393778379837273
1657,velnacrine,1,C1=CC=CC2=C1C(=C3C(=N2)CCCC3O)N,1.0
1658,venlafaxine,1,C1=CC(=CC=C1C(C2(CCCCC2)O)CN(C)C)OC,1.0
1659,veralipride,1,C1=C([S](N)(=O)=O)C=C(C(=C1C(NCC2N(CCC2)CC=C)=O)OC)OC,1.0
1661,viloxazine,1,C1=CC=CC(=C1OCC2CNCCO2)OCC,0.09045841255776087
1662,vinyl-ether,1,C(=C)OC=C,1.0
1663,vitamine(alpha-tocopherol),1,[C@]2(OC1=C(C(=C(C(=C1CC2)C)O)C)C)(CCC[C@@H](CCC[C@@H](CCCC(C)C)C)C)C,1.0
1664,xaliproden,1,C1=C(C(F)(F)F)C=CC=C1C2=CCN(CC2)CCC4=CC3=CC=CC=C3C=C4,0.022575727989743583
1665,xanthiol,1,OCCCN4CCN(CCCC2c1ccccc1Sc3ccc(Cl)cc23)CC4,0.14598898707093982
1666,xorphanol,1,[C@]135[C@H]([C@H](N(CC1)CC2CCC2)CC4=C3C=C(O)C=C4)[C@H](CC(C5)=C)C,0.01340418726620195
1667,xylazine,1,C1=C(C(=C(C=C1)C)NC2=NCCCS2)C,1.0
1669,zalospirone,1,[C@H]14[C@H]([C@@H]2[C@@H]3[C@H]([C@H]1C=C2)C=C3)C(=O)N(C4=O)CCCCN6CCN(C5=NC=CC=N5)CC6,0.2802154891724857
1673,zoloperone,1,C4=C(C3=C(CCN2CCN(C1=C(C=CC=C1)OC)CC2)OC(N3)=O)C=CC(=C4)F,1.0
1674,zoniclezole,1,C1=C(Cl)C=CC2=C1C(=NO2)C([N]3C=CN=C3)C,1.0
1675,zopiclone,1,C1=CC(=CN=C1N2C(C3=C(C2=O)N=CC=N3)OC(N4CCN(C)CC4)=O)Cl,0.26416250125096
1676,zotepine,1,C1=C(Cl)C=CC2=C1C(=CC3=C(S2)C=CC=C3)OCCN(C)C,0.15131294265947004
1679,adinazolam,1,C1=CC(=CC3=C1[N]2C(=NN=C2CN(C)C)CN=C3C4=CC=CC=C4)Cl,1.0
1680,albutoin,1,C(N1C(C(CC(C)C)NC1=S)=O)C=C,1.0
1681,alclometasone,1,[C@H]24[C@H]1[C@@]([C@](O)([C@@H](C1)C)C(=O)CO)(C[C@H](O)[C@@H]2[C@@]3(C(=CC(=O)C=C3)C[C@H]4Cl)C)C,0.06192635644066952
1682,aletamine(alfetamine),1,C1=C(CC(CC=C)N)C=CC=C1,0.26323827186418575
1683,algestone,1,[C@H]34[C@H]2[C@@H]([C@@]1(C(=CC(=O)CC1)CC2)C)CC[C@@]3([C@](O)([C@H](O)C4)C(=O)C)C,1.0
1685,alpertine,1,C1=C(OC)C(=CC2=C1C(=C(C(OCC)=O)[NH]2)CCN4CCN(C3=CC=CC=C3)CC4)OC,1.0
1686,alphaprodine(betaprodine),1,C2=C(C1(C(CN(C)CC1)C)OC(CC)=O)C=CC=C2,0.10167883001274403
1687,alpidem,1,C3=C(C1=C([N]2C(=N1)C=CC(=C2)Cl)CC(N(CCC)CCC)=O)C=CC(=C3)Cl,1.0
1688,amebucort,1,[C@@]4([C@@]3([C@H]([C@H]2[C@@H]([C@@]1(C(=CC(=O)CC1)[C@H](C2)C)C)[C@H](C3)O)CC4)C)(C(COC(C)=O)=O)OC(CCC)=O,0.23205219575888722
1689,amedalin,1,CNCCCC2(C)C(=O)N(c1ccccc1)c3ccccc23,0.23616801127401937
1690,amfonelic-acid,1,C1=CC(=NC2=C1C(C(=CN2CC)C(O)=O)=O)CC3=CC=CC=C3,1.0
1691,amiflamine,1,[C@@H](O)([C@@H](O)C(=O)O)C(=O)O.[C@@H](N)(CC1=CC=C(N(C)C)C=C1C)C,0.16136312847948026
1694,amiperone,1,C1=CC(=CC=C1C3(CCN(CCCC(C2=CC=C(F)C=C2)=O)CC3)C(N(C)C)=O)Cl,1.0
1695,amoxapine,1,C1=C(Cl)C=CC2=C1C(=NC3=C(O2)C=CC=C3)N4CCNCC4,0.21524742778993208
1696,anisopirol,1,C3=C(N2CCN(CCCC(C1=CC=C(F)C=C1)O)CC2)C(=CC=C3)OC,0.03733159755275003
1698,arfendazam,1,C1=C(Cl)C=CC3=C1N(C2=CC=CC=C2)C(CCN3C(OCC)=O)=O,1.0
1699,asimadoline,1,[C@H](N(C(C(C1=CC=CC=C1)C2=CC=CC=C2)=O)C)(C3=CC=CC=C3)CN4CC[C@@H](C4)O,0.31645473178562405
1700,atibeprone,1,C2=C(OCC1=NN=C(S1)C(C)C)C=CC3=C2OC(=O)C(=C3C)C,1.0
1701,atropine(hyoscyamine),1,C1=CC=CC=C1C(C(OC2CC3N(C)C(C2)CC3)=O)CO,0.18034030298139958
1702,bazinaprine,1,C1=C(C(=NN=C1C2=CC=CC=C2)NCCN3CCOCC3)C#N,1.0
1704,befuraline,1,C3=C(C(N2CCN(CC1=CC=CC=C1)CC2)=O)OC4=C3C=CC=C4,0.0608858458221818
1705,beloxepin,1,[C@@H]24[C@@](C1=CC=CC=C1OC3=C(C=CC=C23)C)(CCN(C4)C)O,1.0
1706,benmoxin,1,C2=C(C(NNC(C1=CC=CC=C1)=O)C)C=CC=C2,1.0
1708,benzoclidine,1,C3=C(C(OC1C2CCN(C1)CC2)=O)C=CC=C3,1.0
1709,benzoctamine,1,C1=CC=C2C(=C1)C3C4=C(C2(CNC)CC3)C=CC=C4,1.0
1711,besipirdine,1,[H+].C1=CC3=C([N]1N(C2=CC=NC=C2)CCC)C=CC=C3.[Cl-],0.07785898172942923
1713,betamethasone-acetate(dexamethasone-acetate),1,[C@@]4([C@@]3([C@H]([C@H]2[C@]([C@@]1(C(=CC(=O)C=C1)CC2)C)(F)[C@H](C3)O)C[C@@H]4C)C)(C(COC(C)=O)=O)OC(C(C)C)=O,0.057073576934329066
1714,betamethasone-dipropionate(dexamethasone-dipropionate),1,[C@H]34[C@H]2[C@@]([C@@]1(C(=CC(=O)C=C1)CC2)C)([C@@H](O)C[C@@]3([C@](C(COC(C)=O)=O)(O)[C@H](C4)C)C)F,1.0
1716,bifemelane,1,[H+].C2=C(CC1=CC=CC=C1)C(=CC=C2)OCCCCNC.[Cl-],1.0
1717,binedaline,1,C2=C(C1=C(C=CC=C1)[N]2N(CCN(C)C)C)C3=CC=CC=C3,0.076037033039975
1718,brallobarbital,1,C(C1(C(NC(=O)NC1=O)=O)CC=C)C(=C)Br,1.0
1719,brifentanil,1,[C@@H]3(N(C1=C(C=CC=C1)F)C(COC)=O)[C@@H](CN(CCN2C(N(CC)N=N2)=O)CC3)C,1.0
1722,bromodiphenhydramine(bromazine),1,C2=C(C(OCCN(C)C)C1=CC=CC=C1)C=CC(=C2)Br,1.0
1723,bromopride,1,C1=C(Br)C(=CC(=C1C(NCCN(CC)CC)=O)OC)N,0.1764569970923312
1724,bromperidol-decanoate,1,C1=CC(=CC=C1C3(CCN(CCCC(C2=CC=C(C=C2)F)=O)CC3)OC(CCCCCCCCC)=O)Br,1.0
1725,budesonide,1,[C@@]45([C@@]3([C@H]([C@H]2[C@@H]([C@@]1(C(=CC(=O)C=C1)CC2)C)[C@H](C3)O)C[C@H]4OC(O5)CCC)C)C(CO)=O,0.11075531268465773
1727,bufenadrine,1,C2=C(C(C1=CC=CC=C1)OCCN(C)C)C(=CC=C2)C(C)(C)C,1.0
1728,buspirone,1,C1=NC(=NC=C1)N4CCN(CCCCN2C(CC3(CC2=O)CCCC3)=O)CC4,1.0
1729,butalbital,1,C(C1(C(NC(=O)NC1=O)=O)CC=C)C(C)C,1.0
1730,butamoxane,1,C1=CC=CC2=C1OC(CNCCCC)CO2,0.14925935932857162
1731,butriptyline,1,C1=CC=CC3=C1C(C2=CC=CC=C2CC3)CC(CN(C)C)C,1.0
1732,carbenzide,1,C1=CC=CC=C1C(NNC(OCC)=O)C,1.0
1734,carbromal,1,C(C(C(NC(N)=O)=O)(CC)Br)C,1.0
1735,carfentanil,1,C1=CC=CC=C1N(C3(CCN(CCC2=CC=CC=C2)CC3)C(OC)=O)C(CC)=O,1.0
1736,carpipramine,1,C1=CC=CC4=C1N(CCCN3CCC(N2CCCCC2)(CC3)C(N)=O)C5=C(CC4)C=CC=C5,0.10751227682163128
1738,cericlamine,1,[H+].C1=C(CC(N(C)C)(CO)C)C=CC(=C1Cl)Cl.[Cl-],1.0
1739,chlorcyclizine,1,C3=C(C(N1CCN(C)CC1)C2=CC=CC=C2)C=CC(=C3)Cl,1.0
1740,chlorobutanol,1,ClC(CCC)O,0.17132852836986787
1741,chloroprednisone,1,[C@H]24[C@H]1[C@@]([C@](C(COC(C)=O)=O)(O)CC1)(CC([C@@H]2[C@@]3(C(=CC(=O)C=C3)[C@H](C4)Cl)C)=O)C,0.1937280447069067
1742,chloroserpidine,1,[C@@H]36C2=C(C1=CC(=CC=C1[NH]2)Cl)CCN3C[C@H]5C[C@@H](OC(C4=CC(=C(C(=C4)OC)OC)OC)=O)[C@@H]([C@H]([C@H]5C6)C(OC)=O)OC,0.4624830376751427
1743,chlorphenesin-carbamate,1,C1=CC(=CC=C1OCC(COC(N)=O)O)Cl,1.0
1744,chlorphenoxamine,1,C2=C(C(C1=CC=CC=C1)(OCCN(C)C)C)C=CC(=C2)Cl,1.0
1745,chlorthenoxazine,1,C1=C2C(=CC=C1)OC(CCCl)NC2=O,1.0
1746,cianopramine,1,C1=C(C#N)C=CC3=C1N(C2=C(C=CC=C2)CC3)CCCN(C)C,0.19483550906946265
1747,ciclazindol,1,C1=CC=CC2=C1C(C3=NCCCN23)(C4=CC=CC(=C4)Cl)O,0.07994439814034063
1748,ciclopramine,1,C4=C2C1=C(CCC3=C(N1CCC2NC)C=CC=C3)C=C4,1.0
1749,cidoxepin,1,CN(C)CCC=C2c1ccccc1COc3ccccc23,0.22354256191296795
1751,cinfenine,1,C1=CC=CC=C1C(C2=CC=CC=C2)OCCN(C\C=C\C3=CC=CC=C3)C,1.0
1753,cinperene,1,C1=CC=CC=C1C4(C3CCN(C\C=C\C2=CC=CC=C2)CC3)C(NC(=O)CC4)=O,1.0
1755,cintriamide(cintramide),1,C1=C(C(=C(C=C1\C=C\C(N)=O)OC)OC)OC,0.2133759071162986
1756,cinuperone,1,C3=C(N2CCN(CCCC(C1=CC=C(F)C=C1)=O)CC2)N=CC4=CC=CC=C34,1.0
1757,citalopram,1,C1=CC(=CC3=C1C(C2=CC=C(F)C=C2)(OC3)CCCN(C)C)C#N,1.0
1758,citenamide,1,C1=CC=CC3=C1C(C2=C(C=CC=C2)C=C3)C(N)=O,1.0
1759,clazolam,1,C1=C(Cl)C=CC4=C1C3C2=CC=CC=C2CCN3CC(=O)N4C,0.21278888461489817
1760,clemeprol,1,C1=CC=CC(=C1)C(C(CN(C)C)O)C2=CC=C(C=C2)Cl,0.12101915715283137
1761,climazolam,1,C1=CC(=CC3=C1[N]2C(=CN=C2C)CN=C3C4=CC=CC=C4Cl)Cl,1.0
1762,clobetasol,1,[C@@]23(F)C(C1C([C@](O)(C(C1)C)C(=O)CCl)(CC2O)C)CCC4=CC(=O)C=CC34C,0.10591357826119618
1764,clofexamide,1,C1=CC(=CC=C1OCC(NCCN(CC)CC)=O)Cl,1.0
1765,clomacran,1,C1=C(Cl)C=CC3=C1C(C2=C(C=CC=C2)N3)CCCN(C)C,1.0
1766,clopipazan,1,CN1CCC(CC1)=C3c2ccccc2Oc4ccc(Cl)cc34,0.1308847422463413
1768,clovoxamine,1,C1=C(C(=N/OCCN)/CCCCOC)C=CC(=C1)Cl,0.032283955698522424
1769,cloxazolam,1,C1=C(Cl)C=CC3=C1C2(OCCN2CC(=O)N3)C4=C(Cl)C=CC=C4,0.0983932050738388
1770,cloxypendyl,1,C1=C(Cl)C=NC2=C1SC4=C(N2CCCN3CCN(CCO)CC3)C=CC=C4,1.0
1771,cormethasoneacetate(cormetasone-acetate),1,CC4CC3C2CC(F)(F)C1=CC(=O)C=CC1(C)C2(F)C(O)CC3(C)C4(O)C(=O)COC(C)=O,0.1753950218139747
1772,cropropamide,1,C(C(N(C(\C=C\C)=O)CCC)C(N(C)C)=O)C,1.0
1773,cyamemazine,1,C1=C(C#N)C=CC3=C1N(C2=C(C=CC=C2)S3)CC(CN(C)C)C,0.04554488238034162
1775,cypenamine,1,C2=C(C1C(CCC1)N)C=CC=C2,1.0
1776,cyprazepam,1,C4=C(C2=C3C(=NC(=NCC1CC1)CN2O)C=CC(=C3)Cl)C=CC=C4,0.14490363526367328
1777,dabelotine,1,C1=CC=C3C(=C1OCC2CNCCO2)N(CCC3)C,0.1226111803776885
1778,daledalin,1,C1=CC=CC3=C1N(C2=CC=CC=C2)CC3(CCCNC)C,0.0624077455748806
1779,damotepine,1,C1=CC=CC3=C1SC2=C(C=CC=C2)C=C3CN(C)C,1.0
1780,danitracen,1,C1=CC=CC3=C1C(C2=C(C=CC=C2)C3O)=C4CCN(C)CC4,0.22888321459868013
1781,dapoxetine,1,[C@H](CCOC1=CC=CC2=CC=CC=C12)(C3=CC=CC=C3)N(C)C,1.0
1783,dazepinil,1,CN2C(Cc1ccccc1N=C2C)c3ccccc3,0.12410534320103397
1786,delergotrile,1,[C@@H]34CC1=C[NH]C2=CC=CC(=C12)C3C[C@@H](CN4C)CC#N,1.0
1787,delorazepam,1,C1=C(Cl)C=CC2=C1C(=NCC(N2)=O)C3=CC=CC=C3Cl,0.19968939226560373
1790,depramine,1,C1=CC=CC2=C1N(C3=C(C=C2)C=CC=C3)CCCN(C)C,0.23381170743376906
1791,desflurane,1,O(C(C(F)(F)F)F)C(F)F,0.6092825580065623
1792,desomorphine,1,C1=CC(=C3C2=C1CC5C4C2(C(O3)CCC4)CCN5C)O,0.19480026184617855
1794,dextromoramide(levomoramideandracemoramide),1,C4=C(C(C(=O)N1CCCC1)(C2=CC=CC=C2)C(CN3CCOCC3)C)C=CC=C4,0.09288400419598299
1795,dextrorphan,1,[C@]134[C@@H]([C@H](CC2=C1C=C(O)C=C2)N(C)CC3)CCCC4,1.0
1796,dezinamide,1,C1=C(C=CC=C1OC2CN(C(N)=O)C2)C(F)(F)F,0.11368217521114884
1797,dezocine,1,CC13CCCCCC(Cc2ccc(O)cc12)C3N,0.1086684833033088
1798,diacetylnalorphine,1,C1=CC(=C3C2=C1CC5C4C2(C(O3)C(C=C4)OC(C)=O)CCN5CC=C)OC(C)=O,1.0
1799,dibenzepin,1,C1=CC=CC2=C1N(C(C3=C(N2C)C=CC=C3)=O)CCN(C)C,0.025723703926931504
1800,dicarbine,1,C1=C(C)C=CC3=C1C2C(CCN(C2)C)N3,0.012209153838920824
1801,dichlormezanone,1,C2=C(C1[S](CCC(N1C)=O)(=O)=O)C=CC(=C2Cl)Cl,1.0
1802,diclofensine,1,C1=CC(=CC3=C1C(C2=CC(=C(Cl)C=C2)Cl)CN(C)C3)OC,0.14563700654262782
1804,difencloxazine,1,Clc1ccc(cc1)C(OCCN2CCOCC2)c3ccccc3,1.0
1807,dimemorfan,1,[C@]134[C@@H]([C@H](CC2=C1C=C(C)C=C2)N(C)CC3)CCCC4,1.0
1808,dimeprozan,1,C3=CC1=C(C(/C2=C(O1)C=CC=C2)=C/CCN(C)C)C=C3OC,0.19319440702165658
1810,dimetacrine,1,C1=CC=CC3=C1N(C2=C(C=CC=C2)C3(C)C)CCCN(C)C,0.05523937038564305
1811,dinazafone,1,C1=C(C(=CC=C1Cl)N(C(CNCC(C)=C)=O)C)C(C2=CC=CC=C2)=O,0.08329058880479617
1812,doliracetam,1,C1=CC=CC2=C1C(C(N2CC(N)=O)=O)C3=CC=CC=C3,1.0
1813,dosulepin,1,[H+].C3=C2\C(C1=CC=CC=C1SCC2=CC=C3)=C\CCN(C)C.[Cl-],0.10439783053477288
1816,doxibetasol,1,[C@H]34[C@H]2[C@@](F)([C@@]1(C(=CC(=O)C=C1)CC2)C)[C@@H](O)C[C@@]3([C@](O)([C@H](C4)C)C(=O)C)C,0.10309895818763964
1817,drocinonide,1,[C@H]23C([C@@]1(OC(O[C@@H]1C2)(C)C)C(=O)CO)(C[C@H](O)[C@@]4(F)C3CCC5C4(CCC(=O)C5)C)C,0.05693466399206614
1818,dulozafone,1,C1=C(C(=CC=C1Cl)N(C(CN(CCO)CCO)=O)C)C(C2=C(C=CC=C2)Cl)=O,0.05383008644892632
1821,eprobemide,1,C1=CC(=CC=C1C(NCCCN2CCOCC2)=O)Cl,1.0
1823,eterobarb,1,C2=C(C1(C(N(C(=O)N(C1=O)COC)COC)=O)CC)C=CC=C2,1.0
1824,ethotoin,1,C1=CC=CC=C1C2C(N(CC)C(N2)=O)=O,0.06000522384253809
1825,ethyl-chloride,1,C1=C(Cl)C=CC2=C1C(=NC(C(=O)N2)C(OCC)=O)C3=CC=CC=C3F,0.03891842644451984
1826,etizolam,1,C1=C(SC2=C1C(=NCC3=NN=C([N]23)C)C4=CC=CC=C4Cl)CC,0.22216710798832925
1827,etrabamine,1,C2=NC1=C(CC(NC)CC1)S2,0.00933545739956853
1828,etryptamine,1,C1=CC=CC2=C1C(=C[NH]2)CC(CC)N,0.07052464765495649
1829,fenaclon,1,C1=CC=CC=C1CCNC(CCCl)=O,0.11222175199561647
1833,fluanisone,1,C1=CC=CC(=C1N3CCN(CCCC(C2=CC=C(F)C=C2)=O)CC3)OC,1.0
1835,fluciprazine,1,C1=CC(=CC=C1N3CCN(CC(O)COC2(CCCCC2)C#C)CC3)F,1.0
1837,flumethasone(flumetasoneanddiflorasone),1,[C@H]23[C@@]([C@@]1(C(=CC(=O)C=C1)[C@H](C2)F)C)([C@H](C[C@]4([C@H]3C[C@@H](C)[C@@]4(C(CO)=O)O)C)O)F,0.0667802775214757
1838,flumethasone21pivalate(flumetasone-pivalate),1,[C@]12(F)[C@H](CC4([C@H](C1C[C@@H](C3=CC(=O)C=CC23C)F)C[C@H]([C@]4(O)C(=O)COC(=O)C(C)(C)C)C)C)O,0.10258713913408851
1839,flunisolide,1,[C@]14(C([C@H]3[C@H]([C@@H](O)C1)C2(C(=CC(=O)C=C2)[C@@H](F)C3)C)C[C@H]5OC(O[C@@]45C(=O)CO)(C)C)C.[C@]69(C([C@H]8[C@H]([C@@H](O)C6)C7(C(=CC(=O)C=C7)[C@@H](F)C8)C)C[C@H]%10OC(O[C@@]9%10C(=O)CO)(C)C)C.O,1.0
1841,fluocinolone,1,[C@H]2(C1=CC(=O)C=C[C@@]1([C@@]4([C@@H](C2)[C@@H]3C[C@@H](O)[C@]([C@@]3(C)C[C@@H]4O)(O)C(=O)CO)F)C)F,0.11269384074371383
1843,fluocortin-butyl,1,[C@H]24[C@H]1[C@@]([C@@H](C(C(OCCCC)=O)=O)[C@@H](C1)C)(C[C@@H]([C@@H]2[C@@]3(C(=CC(=O)C=C3)[C@H](C4)F)C)O)C,0.006988811685955129
1846,fluperlapine,1,C1=CC=CC3=C1C(=NC2=C(C=CC(=C2)F)C3)N4CCN(C)CC4,1.0
1847,fluperolone(fluperolone-acetate),1,[C@H]23[C@@]([C@@]1(C(=CC(=O)C=C1)CC2)C)([C@H](C[C@]4([C@H]3CC[C@@]4(C([C@@H](OC(C)=O)C)=O)O)C)O)F,0.07238829648642942
1848,fluprednidene,1,[C@]34([C@H]([C@H]2[C@@]([C@@]1(C(=CC(C=C1)=O)CC2)C)(C(C3)O)F)CC([C@@]4(C(=O)CO)O)=C)C,0.024705835074822362
1850,fluprednisolone-valerate,1,[C@@]4(OC(=O)CCCC)(C3(C(C2C(C1(C(=CC(=O)C=C1)C(F)C2)C)C(O)C3)CC4)C)C(=O)CO,1.0
1851,fluradoline,1,C1=C(F)C=CC3=C1C=C(SCCNC)C2=CC=CC=C2O3,0.02304423459043157
1852,flurandrenolide(fludroxycortide),1,[C@@]45([C@@]3([C@H]([C@H]2[C@@H]([C@@]1(C(=CC(=O)CC1)[C@H](C2)F)C)[C@H](C3)O)C[C@H]4OC(O5)(C)C)C)C(CO)=O,0.30917537718050586
1853,fluspiperone,1,C1=CC(=CC=C1N2C4(C(NC2)=O)CCN(CCCC(C3=CC=C(F)C=C3)=O)CC4)F,1.0
1856,galantamine,1,[C@]234C1=C(C=CC(=C1O[C@H]2C[C@@H](O)C=C3)OC)CN(CC4)C,0.17723090494559549
1857,gamfexine,1,C2=C(C(C1CCCCC1)CCN(C)C)C=CC=C2,1.0
1858,guanoxyfen,1,NC(=N)NCCCOc1ccccc1,0.10935625405845688
1859,halazepam,1,C1=C(Cl)C=CC2=C1C(=NCC(=O)N2CC(F)(F)F)C3=CC=CC=C3,0.03488292954439503
1860,halometasone,1,[C@H]23[C@@]([C@@]1(C(=CC(C(=C1)Cl)=O)[C@H](C2)F)C)([C@H](C[C@]4(C3C[C@H]([C@@]4(C(CO)=O)O)C)C)O)F,0.0382454880545494
1861,heptabarb,1,C(C2(C1=CCCCCC1)C(NC(=O)NC2=O)=O)C,1.0
1862,hepzidine,1,C1=CC=CC2=C1C(C3=C(CC2)C=CC=C3)OC4CCN(C)CC4,1.0
1863,homochlorcyclizine,1,C1=CC(=CC=C1C(N2CCN(C)CCC2)C3=CC=CC=C3)Cl,0.17441302955224908
1864,homofenazine(homophenazine),1,C1=C(C(F)(F)F)C=CC3=C1N(C2=C(C=CC=C2)S3)CCCN4CCN(CCO)CCC4,1.0
1865,hydrocortisone-acetate,1,[C@]34([C@H]([C@H]2[C@@H]([C@@]1(C(=CC(=O)CC1)CC2)C)[C@H](C3)O)CC[C@@]4(C(COC(C)=O)=O)O)C,1.0
1866,hydrocortisone-buteprate,1,[C@@]4([C@@]3([C@H]([C@H]2[C@@H]([C@@]1(C(=CC(=O)CC1)CC2)C)[C@H](C3)O)CC4)C)(C(COC(CC)=O)=O)OC(CCC)=O,1.0
1867,hydrocortisone-butyrate,1,[C@]4([C@@]3([C@H]([C@H]2[C@@H]([C@@]1(C(=CC(=O)CC1)CC2)C)[C@H](C3)O)CC4)C)(OC(CCC)=O)C(CO)=O,0.17502045610594866
1868,hydromorphone,1,[C@@]125C3=C4C[C@H]([C@@H]1CCC([C@@H]2OC3=C(C=C4)O)=O)N(C)CC5,1.0
1869,hydroxypethidine,1,C2=C(C1(C(OCC)=O)CCN(C)CC1)C=CC=C2O,0.05233091931224582
1871,iminophenimide,1,C2=C(C1(C(NC(=O)CN1)=O)CC)C=CC=C2,1.0
1872,indalpine,1,C1=CC=CC2=C1C(=C[NH]2)CCC3CCNCC3,1.0
1873,intriptyline,1,CN(C)CC#CC=C2c1ccccc1C=Cc3ccccc23,1.0
1874,iprindole,1,C1=CC=CC3=C1C2=C(CCCCCC2)[N]3CCCN(C)C,0.05907588934152459
1875,iproniazid,1,C1=CN=CC=C1C(NNC(C)C)=O,1.0
1879,ketipramine(ketimipramine),1,C1=CC=CC2=C1N(C3=C(CC2=O)C=CC=C3)CCCN(C)C,1.0
1880,ketorfanol,1,[C@]235[C@H]([C@H](N(CC1CC1)CC2)CC4=C3C(=CC=C4)O)CCC(C5)=O,1.0
1881,levodopa,1,[C@H](CC1=CC(=C(C=C1)O)O)(C(O)=O)N,0.35969879249679354
1882,levomepromazine,1,[C@H](CN1C3=C(SC2=C1C=CC=C2)C=CC(=C3)OC)(CN(C)C)C,0.029892443177067584
1885,litoxetine,1,C2=C(COC1CCNCC1)C=CC3=C2C=CC=C3,0.018821520302103815
1886,lobeline,1,C3=C(C(CC2N(C(CC(C1=CC=CC=C1)=O)CCC2)C)O)C=CC=C3,1.0
1887,lodaxaprine,1,C1=CC(=NN=C1C2=C(Cl)C=CC=C2)N3CCC(O)CC3,0.3599329518669213
1888,lorcinadol,1,C3=C(N2CCN(C\C=C\C1=CC=CC=C1)CC2)N=NC(=C3)Cl,0.224933825342116
1890,losindole,1,[C@@H]1([C@H]3[C@@H](CC2=C1C=C(Cl)C=C2)CN(C3)C)C4=CC=CC=C4,0.055606133002908086
1891,maroxepin,1,C1=CC=CC3=C1C4=C(C2=C(C=CC=C2)O3)CCN(CC4)C,1.0
1893,medifoxamine,1,C2=C(OC(OC1=CC=CC=C1)CN(C)C)C=CC=C2,0.032922729582672755
1895,menitrazepam,1,C1=C([N+](=O)[O-])C=CC2=C1C(=NCC(N2C)=O)C3=CCCCC3,0.06675458291110685
1896,mephenytoin,1,C2=C(C1(C(N(C)C(N1)=O)=O)CC)C=CC=C2,0.0977343872045768
1899,meprednisone,1,[C@H]12[C@@]([C@](C(CO)=O)(O)[C@H](C1)C)(CC(=O)[C@H]3[C@H]2CCC4=CC(=O)C=C[C@]34C)C,0.1240790666997374
1900,metaclazepam,1,C1=C(Br)C=CC2=C1C(=NCC(N2C)COC)C3=CC=CC=C3Cl,1.0
1902,metapramine,1,C1=CC=CC2=C1C(CC3=C(N2C)C=CC=C3)NC,1.0
1903,metaxalone,1,C1=C(C=C(C=C1OCC2CNC(O2)=O)C)C,0.3607096380594633
1904,metazocine,1,C1=CC(=CC2=C1CC3C(C2(CCN3C)C)C)O,1.0
1905,metetoin,1,C1=CC=CC=C1C2(N(C(=O)NC2=O)C)CC,1.0
1907,methastyridone,1,C1=CC=CC=C1/C=C/C2C(NC(O2)(C)C)=O,0.045821932643053766
1908,methiomeprazine(levometiomeprazine),1,C1=C(SC)C=CC3=C1N(C2=C(C=CC=C2)S3)CC(CN(C)C)C,0.057487513089151475
1909,methsuximide(mesuximide),1,C2=C(C1(C(N(C)C(C1)=O)=O)C)C=CC=C2,0.1206183618544389
1911,methylprednisolone-aceponate,1,[C@H]24[C@H]1[C@@]([C@](C(COC(C)=O)=O)(O)CC1)(C[C@@H]([C@@H]2[C@@]3(C(=CC(=O)C=C3)[C@H](C4)C)C)O)C,1.0
1912,methylprednisolone-acetate,1,[C@H]24[C@H]1[C@@]([C@](C(COC(CCC(O)=O)=O)=O)(O)CC1)(C[C@@H]([C@@H]2[C@@]3(C(=CC(=O)C=C3)[C@H](C4)C)C)O)C,0.12037150313534825
1914,metomidate,1,C1=NC=C([N]1C(C2=CC=CC=C2)C)C(=O)OC,1.0
1916,midazolam(midazolammaleate),1,C1=CC(=CC3=C1[N]2C(=CN=C2C)CN=C3C4=CC=CC=C4F)Cl,0.21257022756711402
1917,milenperone,1,C1=CC(=CC2=C1N(C(=O)N2)CCCN4CCC(C(C3=CC=C(F)C=C3)=O)CC4)Cl,0.13238946976119903
1918,milipertine,1,C1=C(OC)C(=CC2=C1C(=C(C)[NH]2)CCN4CCN(C3=CC=CC=C3OC)CC4)OC,0.025724917160408946
1920,mindoperone,1,C1=CC(=CC2=C1C(=C([NH]2)C)C4CCN(CCCC(C3=CC=C(F)C=C3)=O)CC4)OC,1.0
1921,mirfentanil,1,C1=NC=CN=C1N(C3CCN(CCC2=CC=CC=C2)CC3)C(C4=CC=CO4)=O,0.08985713287457513
1922,modaline,1,C1=CN=C(C(=N1)N2CCCCC2)C,0.10884537526846177
1923,mofegiline,1,C1=C(CC\C(CN)=C/F)C=CC(=C1)F,1.0
1924,molindone,1,C(C1=C(C)[NH]C3=C1C(C(CN2CCOCC2)CC3)=O)C,0.27853475978486375
1925,nafenodone(dexnafenodone),1,[C@]3(C1=CC=CC=C1)(C(C2=C(C=CC=C2)CC3)=O)CCN(C)C,0.093384608218529
1926,napitane,1,C5CC(CN1CCC(C1)c2ccccc2)c4ccc3OCOc3c4C5,0.09095683437793912
1927,naranol,1,C1=C4C(=C2C(=C1)C=CC=C2)CC3CN(C)CC(C3(O4)O)C,0.043526356744390544
1928,nealbarbital,1,C(C1(C(NC(=O)NC1=O)=O)CC=C)C(C)(C)C,1.0
1929,nebracetam,1,C1=CC=CC=C1CN2C(CC(C2)CN)=O,0.06151889141949123
1930,nefopam,1,C1=CC=CC3=C1C(C2=CC=CC=C2)OCCN(C3)C,0.059142600183472914
1931,nemonapride,1,[C@H]2(NC(=O)C1=C(OC)C=C(NC)C(=C1)Cl)[C@H](N(CC2)CC3=CC=CC=C3)C,0.08764598517557953
1933,nicodicodine,1,C1=CC(=C3C2=C1CC6C4C2(C(O3)C(CC4)OC(C5=CN=CC=C5)=O)CCN6C)OC,1.0
1934,nonaperone,1,C1=CC(=CC=C1C(CCCN2CC3CCC(C2)CC3)=O)F,1.0
1935,norcodeine,1,C1=CC(=C3C2=C1CC5C4C2(C(O3)C(O)C=C4)CCN5)OC,0.08686176963312797
1937,ocfentanil,1,C3=C(N(C2CCN(CCC1=CC=CC=C1)CC2)C(COC)=O)C(=CC=C3)F,0.06033328531910736
1938,odapipam,1,[C@@H]4(C1=CC=CC2=C1OCC2)C3=CC(=C(Cl)C=C3CCN(C4)C)O.CC(=O)O,0.043035909286302326
1939,olanzapine,1,C1=C3C(=CC=C1)N=C2SC(=CC2=C(N3)N4CCN(CC4)C)C,0.3606704739409428
1940,opipramol,1,C1=CC=CC2=C1N(C3=C(C=C2)C=CC=C3)CCCN4CCN(CCO)CC4,0.16974630044215058
1942,oxazolam,1,[C@@]12(C3=C(NC(CN1C[C@H](O2)C)=O)C=CC(=C3)Cl)C4=CC=CC=C4,0.010825089283069996
1943,oxilorphan,1,[C@]235[C@]([C@H](N(CC1CC1)CC2)CC4=C3C=C(O)C=C4)(CCCC5)O,0.05616070722542791
1944,oxomemazine,1,C1=CC=CC3=C1N(C2=C(C=CC=C2)[S]3(=O)=O)CC(CN(C)C)C,0.10432359883287612
1951,paraxazone,1,C1=CC=CC2=C1N(C(CO2)=O)CC(N)=O,1.0
1953,pentamoxane,1,CC(C)CCNCC2COc1ccccc1O2,0.025640145692743234
1954,pentylenetetrazole(pentetrazol),1,C2C1=NN=N[N]1CCCC2,0.06454364588051163
1955,periciazine,1,C1=C(C=CC3=C1N(CCCN2CCC(CC2)O)C4=C(S3)C=CC=C4)C#N,0.0183863139752479
1956,perimetazine,1,C1=C(OC)C=CC3=C1N(C2=C(C=CC=C2)S3)CC(CN4CCC(O)CC4)C,0.02794851692577239
1957,perisoxal,1,C2=C(C1=CC=CC=C1)ON=C2C(CN3CCCCC3)O,1.0
1958,phacetoperane,1,CC(=O)OC(C1CCCCN1)c2ccccc2,0.09024982951801394
1960,phendimetrazine,1,[C@H]2(C1=CC=CC=C1)[C@@H](N(CCO2)C)C,1.0
1961,phenelzine,1,[Cl].C1=CC=CC=C1CCNN,1.0
1962,pheniprazine,1,C1=CC=CC=C1CC(NN)C,0.3119173232384154
1963,phenomorphan,1,C1=C(O)C=CC4=C1C35C(C(N(CCC2=CC=CC=C2)CC3)C4)CCCC5,1.0
1964,pimethixene,1,C1=CC=CC3=C1C(C2=C(C=CC=C2)S3)=C4CCN(C)CC4,0.26577230334336494
1965,piminodine,1,C3=C(C1(C(OCC)=O)CCN(CC1)CCCNC2=CC=CC=C2)C=CC=C3,1.0
1966,pinazepam,1,C1=C(Cl)C=CC2=C1C(=NCC(N2CC#C)=O)C3=CC=CC=C3,0.04139806248313646
1967,pipotiazine,1,C1=C([S](N(C)C)(=O)=O)C=CC3=C1N(C2=C(C=CC=C2)S3)CCCN4CCC(CCO)CC4,0.09612842029856435
1968,pipradrol,1,C1=C(C=CC=C1)C(C2=CC=CC=C2)(C3NCCCC3)O,0.27670249900321725
1969,piribedil,1,C4Oc3ccc(CN1CCN(CC1)c2ncccn2)cc3O4,1.0
1970,pizotifen,1,C1=CSC2=C1C(C3=C(CC2)C=CC=C3)=C4CCN(CC4)C,1.0
1971,prazepine,1,C1=CC=CC2=C1N(C3=C(CC2)C=CC=C3)CCCN(C)C,0.18712587198932046
1972,prednisolone-acetate,1,[C@]34([C@H]([C@H]2[C@@H]([C@@]1(C(=CC(=O)C=C1)CC2)C)[C@H](C3)O)CC[C@@]4(C(COC(C)=O)=O)O)C,0.10934005743525785
1973,prednisolone-hemisuccinate,1,[C@]14([C@@](C(=O)COC(CCC(=O)[O-])=O)(CC[C@H]1[C@@H]3CCC2=CC(C=C[C@@]2([C@H]3[C@H](C4)O)C)=O)O)C.[Na+],1.0
1976,prideperone,1,C1=C(C(=CC=C1C#N)OC)C(NCCN3CCC(C(C2=CC=C(F)C=C2)=O)CC3)=O,1.0
1980,propoxate,1,C1=NC=C([N]1C(C2=CC=CC=C2)C)C(OCCC)=O,0.007575000524160452
1981,prosulpride,1,C1=C([S](N)(=O)=O)C=CC(=C1C(NCC2N(CCC2)CCC)=O)OC,1.0
1984,pyrovalerone,1,C2=C(C(C(N1CCCC1)CCC)=O)C=CC(=C2)C,1.0
1985,quinupramine,1,C1=CC=CC4=C1N(C2C3CCN(C2)CC3)C5=C(CC4)C=CC=C5,1.0
1986,ralitoline,1,C1=C(Cl)C(=C(C=C1)C)NC(=O)/C=C/2SCC(=O)N2C,1.0
1987,razobazam,1,C3=C(N2C1=C([NH]N=C1N(C(=O)CC2=O)C)C)C=CC=C3,1.0
1990,revospirone,1,C1=CC=CC4=C1C(N(CCCN3CCN(C2=NC=CC=N2)CC3)[S]4(=O)=O)=O,1.0
1991,rilapine,1,C1=C(Cl)C=CC\3=C1C=C(N2CCN(C)CC2)C4=C(C3=C/C#N)C=CC=C4,1.0
1992,riluzole,1,[H+].C1=C(OC(F)(F)F)C=CC2=C1SC(=N2)N.[Cl-],1.0
1993,roflurane,1,COC(C(F)Br)(F)F,1.0
1994,roletamide,1,C1=C(C(=C(C=C1C(\C=C\N2CC=CC2)=O)OC)OC)OC,0.09266149146041405
1995,rolziracetam,1,O=C1N2C(CC1)CCC2=O,0.03558993657338445
1996,ropizine,1,C4=C(C(N2CCN(\N=C\C1=NC(=CC=C1)C)CC2)C3=CC=CC=C3)C=CC=C4,0.13693430650856503
1997,rufinamide,1,C1=C(C(N)=O)N=N[N]1CC2=C(C=CC=C2F)F,1.0
1999,seproxetine,1,NCCC(Oc1ccc(cc1)C(F)(F)F)c2ccccc2,1.0
2000,setoperone,1,C4=C(C(C3CCN(CCC1=C(N=C2N(C1=O)CCS2)C)CC3)=O)C=CC(=C4)F,0.17637358796350774
2001,sipatrigine,1,C3=C(C2=C(N=C(N1CCN(C)CC1)N=C2)N)C(=C(C=C3Cl)Cl)Cl,1.0
2002,spiclamine,1,[C@@H]3(C1=CC=C(Cl)C=C1)[C@H]2CC[C@@H](C2)C34CCC(=N4)N5CCOCC5,0.07767881984766167
2004,sulazepam,1,C1=C(Cl)C=CC2=C1C(=NCC(=S)N2C)C3=CC=CC=C3,1.0
2005,sulfonethylmethane,1,C(C([S](CC)(=O)=O)([S](CC)(=O)=O)C)C,0.20361014928858273
2006,sulpiride,1,C1=C([S](=O)(=O)N)C=CC(=C1C(NCC2N(CC)CCC2)=O)OC,0.2867077961614364
2007,supidimide,1,C1=CC=CC3=C1C(N(C2C(NCCC2)=O)[S]3(=O)=O)=O,0.12707282952989363
2009,talbutal,1,C(C(C)C1(CC=C)C(=O)NC(NC1=O)=O)C,1.0
2010,tenilapine,1,C3=C2C(=NC1=CSC=C1C(/C2=CS3)=C/C#N)N4CCN(C)CC4,0.024031424709027728
2013,thiotetrabarbital,1,C(C1(C(CCC)CC)C(NC(=S)NC1=O)=O)C,1.0
2014,tiapride,1,C1=C([S](C)(=O)=O)C=CC(=C1C(NCCN(CC)CC)=O)OC,0.2343291796786285
2016,tienopramine,1,C1=CSC2=C1N(C3=C(C=C2)C=CC=C3)CCCN(C)C,1.0
2019,timobesone,1,CSC(=O)C3(O)C(C)CC4C2CCC1=CC(=O)C=CC1(C)C2(F)C(O)CC34C,1.0
2020,tolboxane,1,C1=CC(=CC=C1B2OCC(CCC)(C)CO2)C,1.0
2021,toloxatone,1,C2=C(N1CC(CO)OC1=O)C=CC=C2C,0.2804536785157721
2022,tomoxetine,1,[C@H](OC1=C(C=CC=C1)C)(C2=CC=CC=C2)CCNC,1.0
2023,toprilidine,1,C1=CC=CC(=C1N3CCN(CCCOC2=CC=CC=N2)CC3)C,1.0
2024,trepipam(trimopam),1,[C@H]2(C1=CC(=C(OC)C=C1CCN(C2)C)OC)C3=CC=CC=C3,0.08760398999393337
2025,triamcinolone-acetonide,1,[C@@]45([C@@]3([C@H]([C@H]2[C@]([C@@]1(C(=CC(=O)C=C1)CC2)C)(F)[C@H](C3)O)C[C@H]4OC(O5)(C)C)C)C(CO)=O,0.12819496266591648
2026,triamcinolone-diacetate,1,[C@]34([C@H]([C@H]2[C@]([C@@]1(C(=CC(=O)C=C1)CC2)C)(F)[C@H](C3)O)C[C@H]([C@@]4(C(COC(C)=O)=O)O)OC(C)=O)C,0.0868554917205317
2029,triflubazam,1,C1=C(C(F)(F)F)C=CC3=C1N(C2=CC=CC=C2)C(CC(N3C)=O)=O,0.22192007887334572
2030,trifluomeprazine,1,C1=CC=C2C(=C1)SC3=C(N2CC(C)CN(C)C)C=C(C=C3)C(F)(F)F,1.0
2033,tropapride,1,[C@H]13N([C@H](CC(C1)NC(C2=CC=CC(=C2OC)OC)=O)CC3)CC4=CC=CC=C4,1.0
2034,tuclazepam,1,C1=C2C(=CC=C1)N(C(Cl)(CN=C2C3=CC=CC=C3Cl)CO)C,0.20715933832409497
2036,valdetamide,1,C(C(C(N)=O)(CC)CC)C=C,0.0730133679222735
2039,valpromide,1,C(C(CCC)C(N)=O)CC,0.12853997373775156
2040,vinbarbital,1,C(C1(C(NC(=O)NC1=O)=O)C(=C/CC)/C)C,1.0
2041,vinylbital,1,C(C(C1(C(NC(=O)NC1=O)=O)C=C)C)CC,1.0
2042,viqualine,1,C1=C(OC)C=CC2=NC=CC(=C12)CCCC3C(CNCC3)C=C,1.0
2046,zomebazam,1,C3=C(N2C1=C([N](C)N=C1C)N(C(=O)CC2=O)C)C=CC=C3,1.0
2051,mesocarb,1,[O+]1=N[N](C=C1[N-]C(NC2=CC=CC=C2)=O)C(CC3=CC=CC=C3)C,0.07688063905965743
2053,azidamfenicol,1,[N+](=NCC(=O)N[C@@H]([C@H](O)C1=CC=C([N+]([O-])=O)C=C1)CO)=[N-],0.21029093926303866
