num,name,p_np,smiles,confidence
1,Propanolol,1,[Cl].CC(C)NCC(O)COc1cccc2ccccc12,0.30835204685207235
3,40730,1,c12c3c(N4CCN(C)CC4)c(F)cc1c(c(C(O)=O)cn2C(C)CO3)=O,0.012974943731262335
5,cloxacillin,1,Cc1onc(c2ccccc2Cl)c1C(=O)N[C@H]3[C@H]4SC(C)(C)[C@@H](N4C3=O)C(O)=O,1.0
6,cefoperazone,1,CCN1CCN(C(=O)N[C@@H](C(=O)N[C@H]2[C@H]3SCC(=C(N3C2=O)C(O)=O)CSc4nnnn4C)c5ccc(O)cc5)C(=O)C1=O,1.0
7,rolitetracycline,1,CN(C)[C@H]1[C@@H]2C[C@H]3C(=C(O)c4c(O)cccc4[C@@]3(C)O)C(=O)[C@]2(O)C(=O)\C(=C(/O)NCN5CCCC5)C1=O,1.0
9,diltiazem,1,COc1ccc(cc1)[C@@H]2Sc3ccccc3N(CCN(C)C)C(=O)[C@@H]2OC(C)=O,0.153366813654002
10,Amiloride,1,NC(N)=NC(=O)c1nc(Cl)c(N)nc1N,0.07132144401849115
11,M2L-663581,0,OCC(C)(O)c1onc(c2ncn3c2CN(C)C(c4c3cccc4Cl)=O)n1,0.4170479796087937
14,24959,1,C1N(C(CC2CCCCC12)C(NC(C)(C)C)=O)CC(C(Cc1ccccc1)NC(C(NC(c1nc2c(cccc2)cc1)=O)CC(N)=O)=O)O,0.053692105829704885
15,methadone,1,CCC(=O)C(CC(C)N(C)C)(c1ccccc1)c2ccccc2,0.05201366848413187
16,alfentanil,1,CCN1N=NN(CCN2CCC(CC2)(COC)N(C(=O)CC)c3ccccc3)C1=O,0.24266070208283902
17,BRL53080,1,CN(C)C(=O)C(CCN1CCC(O)(CC1)c1ccc(Cl)cc1)(c1ccccc1)c1ccccc1,1.0
20,lamotrigine,1,Nc1nnc(c(N)n1)c2cccc(Cl)c2Cl,0.005182683379911452
23,SKF-93619,0,c1cc2c(cc(CC3=CNC(=NC3=O)NCCSCc3oc(cc3)CN(C)C)cc2)cc1,0.652914282329809
24,nadolol,1,CC(C)(C)NCC(O)COc1cccc2C[C@@H](O)[C@@H](O)Cc12,0.20215029578314508
25,sufentanil,1,CCC(=O)N(c1ccccc1)C2(CCN(CCc3sccc3)CC2)COC,1.0
26,12,0,CCNC(=NC#N)NCCSCc1c(cccn1)Br,0.20283791710325377
28,clozapine,1,CN1CCN(CC1)C2=C3C=CC=CC3=Nc4ccc(Cl)cc4N2,1.0
29,Org12692,1,FC(F)(F)c1c(Cl)nc(N2CCNCC2)cc1,0.2277984577660916
30,piperacillin,1,O.CCN1CCN(C(=O)N[C@@H](C(=O)N[C@H]2[C@H]3SC(C)(C)[C@@H](N3C2=O)C(O)=O)c4ccccc4)C(=O)C1=O,1.0
31,Pentobarbital,1,CCCC(C)C1(CC)C(=O)NC(=O)NC1=O,0.38489940283549445
32,Levofloxacin,1,C[C@H]1COc2c(N3CCN(C)CC3)c(F)cc4C(=O)C(=CN1c24)C(O)=O,0.11314533624398003
34,RO19-4603,1,CC(C)(C)OC(=O)C1=C2CN(C(=O)C3=C(N2C=N1)C=CS3)C,1.0
35,fentanyl,1,CCC(=O)N(C1CCN(CC1)CCc2ccccc2)c3ccccc3,0.1899751015914669
36,etomidate,1,CCOC(=O)c1cncn1C(C)c2ccccc2,1.0
38,prochlorperazine,1,CN1CCN(CCCN2c3ccccc3Sc4ccc(Cl)cc24)CC1,0.03824942610922303
39,2-(3'-Iodo-4'-aminophenyl)-6-hydroxybenzothiazole,1,IC1=C(N([H])[H])C=CC(C2=NC3=CC=C(O[H])C=C3S2)=C1,0.0063833679424149
40,compound 34,0,O=C(C)Nc1cc(c2csc(N=C(N)N)n2)ccc1,0.20155220535480048
41,granisetron,1,CN1[C@H]2CCC[C@@H]1CC(C2)NC(=O)c3nn(C)c4ccccc34,0.10222632790333791
43,16,1,c1ccc(cc1)c1csc(n1)N=C(N)N,0.40170178725885314
46,Nor-1-chlorpromazine,1,ClC1=CC=C(C2=C1)SC3=C(N2CCCNC)C=CC=C3,0.19672960710709633
47,compound 37,1,CN(C)Cc1ccc(c2cccc(NC3C([N+]([O-])=O)=CC=N3)c2)o1,0.10519502349665648
48,cefamandole,1,Cn1nnnc1SCC2=C(N3[C@H](SC2)[C@H](NC(=O)[C@H](O)c4ccccc4)C3=O)C(O)=O,1.0
49,Y-G 15,1,n(ccc1)c(c1)CCN(C)C,1.0
50,Org13011,1,O=C1N(CCC1)CCCCN2CCN(CC2)c3cc(C(F)(F)F)ccn3,1.0
51,Quinidine,1,COc1ccc2nccc([C@H](O)[C@H]3C[C@@H]4CCN3C[C@@H]4C=C)c2c1,0.298556484327163
52,38480,1,c1(ccccc1)CC,0.13981891141940628
53,17,1,c1ccc(cc1N)c1csc(n1)N=C(N)N,0.42585406186504393
54,vinblastine,1,CC[C@]1(O)C[C@H]2CN(CCc3c([nH]c4ccccc34)[C@@](C2)(C(=O)OC)c5cc6c(cc5OC)N(C)[C@H]7[C@](O)([C@H](OC(C)=O)[C@]8(CC)C=CCN9CC[C@]67[C@H]89)C(=O)OC)C1,0.19265076043755883
55,Bacitracin,1,c1(c(cc(NC(CCC)=O)cc1)C(C)=O)OCC(CNC(C)C)O,1.0
56,Nor-2-chlorpromazine,1,ClC1=CC=C(SC(C=CC=C2)=C2N3CCCN)C3=C1,1.0
57,compound 36,1,CN(C)Cc1ccc(CSCCNC2=C([N+]([O-])=O)C(Cc3ccccc3)=CN2)o1,1.0
58,19,0,CNC(=NC#N)Nc1cccc(c1)c1csc(n1)N=C(N)N,0.2905567419074172
61,sertraline,1,[Cl-].CN[C@H]1CC[C@@H](c2ccc(Cl)c(Cl)c2)c3ccccc13.[H+],1.0
64,vincristine,1,CC[C@]1(O)C[C@H]2CN(CCc3c([nH]c4ccccc34)[C@@](C2)(C(=O)OC)c5cc6c(cc5OC)N(C=O)[C@H]7[C@](O)([C@H](OC(C)=O)[C@]8(CC)C=CCN9CC[C@]67[C@H]89)C(=O)OC)C1,0.25876401909487334
66,SB-656104-A,1,ClC1=CC=CC(OC2CCN(CCC3CCCN3S(C4=CC(N([H])C=C5)=C5C=C4)(=O)=O)CC2)=C1,1.0
67,compound 38,1,CN(C)Cc1ccnc(c2cccc(NC3C([N+]([O-])=O)=CC=N3)c2)c1,0.01520023615750297
68,maprotiline,1,CNCCCC12CCC(c3ccccc13)c4ccccc24,1.0
69,compound 43,1,N1(Cc2cc(OCCCNc3nccs3)ccc2)CCCCC1,1.0
70,MIL-663581,0,OC(C)(C)c1onc(c2ncn3c2CN(C)C(c4c3cccc4Cl)=O)n1,0.457559687140341
71,cefotaxime,1,[Na+].CO\N=C(C(=O)N[C@@H]1[C@@H]2SCC(=C(N2C1=O)C([O-])=O)COC(C)=O)\c3csc(N)n3,1.0
72,carbamazepine-10,1,C1=CC=C2C(=C1)C3C(O3)C4=CC=CC=C4N2C(=O)N,1.0
74,2,1,Cc1csc(n1)N=C(N)N,1.0
75,SKF89124,1,CCCN(CCc1c2c(c(cc1)O)NC(=O)C2)CCC,0.4274612613510598
76,Org5222,1,Clc1cc2c(Oc3ccccc3C3CN(CC32)C)cc1,1.0
77,compound 35,0,CN(C)Cc1oc(CSCCNC2C([N+]([O-])=O)=CC=N2)cc1,0.6199469714347591
78,cefuroxime,1,CO/N=C(C(=O)N[C@H]1[C@H]2SCC(=C(N2C1=O)C(O)=O)COC(N)=O)/c3occc3,1.0
81,compound 32,1,[O-][N+](C1=CC=NC1NCCSCc2ccccn2)=O,0.19754657545218632
83,Y-G 20,0,c1cccn2c1nc(c2)CCN,0.6614049888567924
85,SKF101468,1,CCCN(CCc1c2c(ccc1)NC(=O)C2)CCC,0.4376839255691073
86,Org30526,1,Clc1cc2c(Oc3ccccc3C3CNCC32)cc1,1.0
88,ceftriaxone,1,CO/N=C(C(=O)N[C@H]1[C@H]2SCC(=C(N2C1=O)C(O)=O)CSC3=NC(=O)C(=O)NN3C)/c4csc(N)n4,1.0
89,compound 42,1,N1(Cc2cccc(OCCCNc3ccccn3)c2)CCCCC1,1.0
91,compound 31,1,[O-][N+](C1=CC=NC1NCCSCc2ncccc2Br)=O,1.0
95,celiprolol,1,CCN(CC)C(=O)Nc1ccc(OCC(O)CNC(C)(C)C)c(c1)C(C)=O,0.5364487663981687
96,"""1,1,1-Trifluro-2-chloroethane""",1,ClCC(F)(F)F,1.0
97,33,1,CN1C(=O)c2c(cccc2Cl)n2cnc(c2C1)c1noc(n1)C(C)C,0.22541489686850696
98,cefoxitin,1,CO[C@]1(NC(=O)Cc2sccc2)[C@H]3SCC(=C(N3C1=O)C(O)=O)COC(N)=O,1.0
99,Org34167,1,NC(CC=C)c1ccccc1c2noc3c2cccc3,1.0
100,9-OH Risperidone,1,OC1C(N2CCC1)=NC(C)=C(CCN3CCC(CC3)c4c5ccc(F)cc5on4)C2=O,0.17327414884671302
101,acetaminophen,1,CC(=O)Nc1ccc(O)cc1,0.19995708200400747
102,acetylsalicylate,0,CC(=O)Oc1ccccc1C(O)=O,0.06836420780793344
106,Amiodarone,0,CCCCc1oc2ccccc2c1C(=O)c3cc(I)c(OCCN(CC)CC)c(I)c3,0.08601453702167317
107,amoxicillin,0,O.O.O.CC1(C)S[C@@H]2[C@H](NC(=O)[C@H](N)c3ccc(O)cc3)C(=O)N2[C@H]1C(O)=O,1.0
108,ampicillin,0,CC1(C)S[C@@H]2[C@H](NC(=O)[C@H](N)c3ccccc3)C(=O)N2[C@H]1C(O)=O,1.0
109,androsan,0,C[C@]1(O)CC[C@H]2[C@@H]3CCC4=CC(=O)CC[C@]4(C)[C@H]3CC[C@]12C,1.0
110,oxaflumazine,1,OC(=O)CCC(O)=O.FC(F)(F)c1ccc2Sc3ccccc3N(CCCN4CCN(CCC5OCCCO5)CC4)c2c1,0.11478185277775402
112,oxiperomide,1,O=C1Nc2ccccc2N1C3CCN(CCOc4ccccc4)CC3,0.18527565599768697
115,pecazine,1,CN1CCCC(C1)CN2c3ccccc3Sc4ccccc24,0.25848679227697996
116,pemoline,1,NC1=NC(=O)C(O1)c2ccccc2,1.0
118,Ethionamide,1,CCc1cc(ccn1)C(N)=S,0.001962362596600794
120,Famotidine,1,NC(N)=Nc1scc(CSCCC(N)=N[S](N)(=O)=O)n1,1.0
122,Foscarnetsodium,1,[Na+].[Na+].[Na+].[O-]C(=O)[P]([O-])([O-])=O,0.09379407006690077
123,Gabapentin,1,NCC1(CCCCC1)CC(O)=O,1.0
124,Nafcillin,0,[Na+].CCOc1ccc2ccccc2c1C(=O)N[C@H]3[C@H]4SC(C)(C)[C@@H](N4C3=O)C([O-])=O,1.0
125,Nalidixicacid,0,CCN1C=C(C(O)=O)C(=O)c2ccc(C)nc12,0.4260476064230864
126,Nelfinavir,0,Cc1c(O)cccc1C(=O)N[C@@H](CSc2ccccc2)[C@H](O)CN3C[C@H]4CCCC[C@H]4C[C@H]3C(=O)NC(C)(C)C,0.01869344849555953
127,Astemizole,0,COc1ccc(CCN2CCC(CC2)Nc3nc4ccccc4n3Cc5ccc(F)cc5)cc1,0.01872272002804216
129,Auxeomycin,0,[Cl-].CN(C)[C@H]1[C@@H]2C[C@H]3C(=C(O)c4c(O)ccc(Cl)c4[C@@]3(C)O)C(=O)[C@]2(O)C(=O)\C(=C(N)/O)C1=O.[H+],1.0
130,Betamethasone,0,C[C@H]1C[C@H]2[C@@H]3CCC4=CC(=O)C=C[C@]4(C)[C@@]3(F)[C@@H](O)C[C@]2(C)[C@@]1(O)C(=O)CO,0.007937407803713523
131,carbenicillin,0,CC1(C)S[C@@H]2[C@H](NC(=O)C(C(O)=O)c3ccccc3)C(=O)N2[C@H]1C(O)=O,1.0
133,carteolol,0,CC(C)(C)NCC(O)COc1cccc2NC(=O)CCc12,0.08439263235502963
134,Cefazolin,0,[Na+].Cc1sc(SCC2=C(N3[C@H](SC2)[C@H](NC(=O)Cn4cnnn4)C3=O)C([O-])=O)nn1,1.0
135,cephapirin,0,CC(=O)OCC1=C(N2[C@H](SC1)[C@H](NC(=O)CSc3ccncc3)C2=O)C(O)=O,1.0
137,pergolide,1,CCCN1C[C@H](CSC)C[C@H]2[C@H]1Cc3c[nH]c4cccc2c34,0.4109364265295824
138,perlapine,1,CN1CCN(CC1)C2=Nc3ccccc3Cc4ccccc24,0.01657827691585929
139,perphenazine-HCl,1,OCCN1CCN(CCCN2c3ccccc3Sc4ccc(Cl)cc24)CC1,0.1592937291541687
140,pethidine,1,CCOC(=O)C1(CCN(C)CC1)c2ccccc2,0.25994101607438724
142,phenelzine sulfate,1,NNCCc1ccccc1.O[S](O)(=O)=O,1.0
144,phenprobamate,1,NC(=O)OCCCc1ccccc1,0.20226497741326313
145,physostigmine,1,CNC(=O)Oc1ccc2N(C)[C@H]3N(C)CC[C@@]3(C)c2c1,0.28236512672315944
147,Omeprazole,0,COc1ccc2nc([nH]c2c1)[S](=O)Cc3ncc(C)c(OC)c3C,1.0
148,Oxacillin,0,Cc1onc(c2ccccc2)c1C(=O)N[C@H]3[C@H]4SC(C)(C)[C@@H](N4C3=O)C(O)=O,1.0
150,Phenoxymethylpenicillin,0,CC1(C)S[C@@H]2[C@H](NC(=O)COc3ccccc3)C(=O)N2[C@H]1C([O-])=O,1.0
152,chlorothiazide,0,N[S](=O)(=O)c1cc2c(NC=N[S]2(=O)=O)cc1Cl,0.45250946394761
154,Chlortetracycline,0,CN(C)[C@H]1[C@@H]2C[C@H]3C(=C(O)c4c(O)ccc(Cl)c4[C@@]3(C)O)C(=O)[C@]2(O)C(=O)\C(=C(N)/O)C1=O,1.0
156,clofibrate,0,CCOC(=O)C(C)(C)Oc1ccc(Cl)cc1,0.16695649388856068
157,clofibric acid,0,CC(C)(Oc1ccc(Cl)cc1)C(O)=O,1.0
159,corticosterone,0,C[C@]12C[C@H](O)[C@H]3[C@@H](CCC4=CC(=O)CC[C@]34C)[C@@H]1CC[C@@H]2C(=O)CO,1.0
161,piflutixol,1,OCC[C@@H]1CCN(CC\C=C2/c3ccc(F)cc3Sc4ccc(cc24)C(F)(F)F)CC1,1.0
162,pimozide,1,Fc1ccc(cc1)C(CCCN2CCC(CC2)N3C(=O)Nc4ccccc34)c5ccc(F)cc5,1.0
163,pinoxepin,1,OCCN1CCN(CC\C=C/2c3ccccc3COc4ccc(Cl)cc24)CC1,1.0
165,prazepam,1,Clc1ccc2N(CC3CC3)C(=O)CN=C(c4ccccc4)c2c1,0.029171136306777885
167,primidone,1,CCC1(C(=O)NCNC1=O)c2ccccc2,0.018839489450969218
169,procyclidine,1,OC(CCN1CCCC1)(C2CCCCC2)c3ccccc3,1.0
170,promazine,1,CN(C)CCCN1c2ccccc2Sc3ccccc13,0.22997848324143969
171,Pindolol,1,CC(C)NCC(O)COc1cccc2[nH]ccc12,0.09597639968491387
173,Pravastatin,0,CC[C@H](C)C(=O)O[C@H]1C[C@H](O)C=C2C=C[C@H](C)[C@H](CC[C@@H](O)C[C@@H](O)CC(O)=O)[C@@H]12,1.0
174,Praziquantel,1,O=C1CN(CC2N1CCc3ccccc23)C(=O)C4CCCCC4,1.0
175,Trimethoprim,1,COc1cc(Cc2cnc(N)nc2N)cc(OC)c1OC,0.1542828433919415
176,Trimetrexate,0,COc1cc(NCc2ccc3nc(N)nc(N)c3c2C)cc(OC)c1OC,0.01951314793539643
178,Trovafloxacin,1,NC1[C@H]2CN(C[C@@H]12)c3nc4N(C=C(C(O)=O)C(=O)c4cc3F)c5ccc(F)cc5F,0.2216699981237259
181,dapsone,0,Nc1ccc(cc1)[S](=O)(=O)c2ccc(N)cc2,0.16117888598788063
182,Dehydrocholic acid,0,C[C@H](CCC(O)=O)[C@H]1CC[C@H]2[C@H]3[C@H](CC(=O)[C@]12C)[C@@]4(C)CCC(=O)C[C@H]4CC3=O,0.05558717516741672
183,dicumarol,0,OC1=C(CC2=C(O)Oc3ccccc3C2=O)C(=O)c4ccccc4O1,1.0
184,dicyclomine,0,CCN(CC)CCOC(=O)C1(CCCCC1)C2CCCCC2,0.06595810067001258
188,Domperidone,0,Clc1ccc2N(C3CCN(CCCN4C(=O)Nc5ccccc45)CC3)C(=O)Nc2c1,1.0
192,protriptyline,1,CNCCCC1c2ccccc2C=Cc3ccccc13,0.13837670870008512
195,rescinnamine,1,CO[C@H]1[C@@H](C[C@@H]2CN3CCc4c([nH]c5cc(OC)ccc45)[C@H]3C[C@@H]2[C@@H]1C(=O)OC)OC(=O)\C=C\c6cc(OC)c(OC)c(OC)c6,0.5742140586052664
196,reserpine,1,CO[C@H]1[C@@H](C[C@@H]2CN3CCc4c([nH]c5cc(OC)ccc45)[C@H]3C[C@@H]2[C@@H]1C(=O)OC)OC(=O)c6cc(OC)c(OC)c(OC)c6,1.0
197,secobarbital,1,CCCC(C)C1(CC=C)C(=O)NC(=O)NC1=O,0.19113702679818664
198,spiclomazine,1,[H+].[Cl-].Clc1ccc2Sc3ccccc3N(CCCN4CCC5(CC4)NC(=O)CS5)c2c1,0.11355837478506531
201,Azithromycin,0,CC[C@H]1OC(=O)[C@H](C)[C@@H](O[C@H]2C[C@@](C)(OC)[C@@H](O)[C@H](C)O2)C(C)[C@@H](O[C@@H]3O[C@H](C)C[C@@H]([C@H]3O)N(C)C)[C@](C)(O)C[C@@H](C)CN(C)[C@H](C)[C@@H](O)[C@]1(C)O,0.5693125585609372
202,Bacitracin,0,CCC(C)C(N)C1=NC(CS1)C(=O)N[C@@H](CC(C)C)C(=O)N[C@H](CCC(O)=O)C(=O)N[C@@H]([C@@H](C)CC)C(=O)NCCCC[C@@H]2NC(=O)[C@H](CC(N)=O)NC(=O)[C@@H](CC(O)=O)NC(=O)[C@H](Cc3[nH]cnc3)NC(=O)[C@@H](Cc4ccccc4)NC(=O)[C@@H](NC(=O)[C@@H](CCCN)NC2=O)[C@@H](C)CC,1.0
203,Bethanechol,0,[Cl-].CC(C[N+](C)(C)C)OC(N)=O,0.0667743747544576
204,Bretyliumtosilate,0,CC[N+](C)(C)Cc1ccccc1Br.Cc2ccc(cc2)[S]([O-])(=O)=O,1.0
205,Bromocriptine,0,CC(C)C[C@@H]1N2C(=O)[C@](NC(=O)[C@H]3CN(C)[C@@H]4Cc5c(Br)[nH]c6cccc(C4=C3)c56)(O[C@@]2(O)[C@@H]7CCCN7C1=O)C(C)C,1.0
206,Buprenorphine,1,c12[C@]34[C@@]56[C@H]([N@@](CC7CC7)CC4)Cc2ccc(c1O[C@H]3[C@](OC)([C@H](C5)[C@](C(C)(C)C)(C)O)CC6)O,0.17363458248365926
208,doxorubicin,0,COc1cccc2C(=O)c3c(O)c4C[C@](O)(C[C@H](O[C@H]5C[C@H](N)[C@H](O)[C@H](C)O5)c4c(O)c3C(=O)c12)C(=O)CO,1.0
209,doxycycline,0,O.C[C@@H]1[C@H]2[C@H](O)[C@H]3[C@H](N(C)C)C(=O)C(=C(N)/O)/C(=O)[C@@]3(O)C(=O)C2=C(O)c4c(O)cccc14,1.0
210,Dyclonine,0,[Cl].CCCCOc1ccc(cc1)C(=O)CCN2CCCCC2,1.0
211,Econazole,0,Clc1ccc(COC(Cn2ccnc2)c3ccc(Cl)cc3Cl)cc1,0.369683318296265
212,enkephalin,0,CC(C)[C@H](NC(=O)[C@H](Cc1ccccc1)NC(=O)CNC(=O)[C@@H](C)NC(=O)[C@@H](N)Cc2ccc(O)cc2)C(N)=O,0.0003979736299089214
215,erythromycin,0,CC[C@H]1OC(=O)[C@H](C)[C@@H](O[C@H]2C[C@@](C)(OC)[C@@H](O)[C@H](C)O2)[C@H](C)[C@@H](O[C@@H]3O[C@H](C)C[C@@H]([C@H]3O)N(C)C)[C@](C)(O)C[C@@H](C)C(=O)[C@H](C)[C@@H](O)[C@]1(C)O,0.5656394356653285
216,estradiol,0,C[C@]12CC[C@H]3[C@@H](CCc4cc(O)ccc34)[C@@H]1CC[C@@H]2O,0.15040236923215866
219,tetrabenzine,1,COc1cc2CCN3CC(CC(C)C)C(=O)CC3c2cc1OC,1.0
220,thc,1,CCCCCc1cc(O)c2[C@@H]3C=C(C)CC[C@H]3C(C)(C)Oc2c1,0.13855511485108968
221,thebaine,1,COC1=CC=C2[C@H]3Cc4ccc(OC)c5O[C@@H]1[C@]2(CCN3C)c45,1.0
224,thiothixene,1,CN1CCN(CC/C=C/2c3ccccc3Sc4ccc(cc24)[S](=O)(=O)N(C)C)CC1,0.2315172392997378
225,tranylcypromine,1,[Cl-].N[C@@H]1C[C@H]1c2ccccc2.[H+],1.0
226,trazodone,1,Clc1cccc(c1)N2CCN(CCCN3N=C4C=CC=CN4C3=O)CC2,1.0
227,Busulfan,1,C[S](=O)(=O)OCCCCO[S](C)(=O)=O,0.14655814576530263
228,Cefradine,0,CC1=C(N2[C@H](SC1)[C@H](NC(=O)[C@H](N)C3=CCC=CC3)C2=O)C(O)=O,1.0
232,Clidiniumbromide,0,[Br-].C[N+]12CCC(CC1)C(C2)OC(=O)C(O)(c3ccccc3)c4ccccc4,1.0
233,estrone,0,C[C@]12CC[C@H]3[C@@H](CCc4cc(O)ccc34)[C@@H]1CCC2=O,0.04324026152122284
234,Ethacrynic acid,0,CCC(=C)C(=O)c1ccc(OCC(O)=O)c(Cl)c1Cl,0.08157034215409018
235,ethinylestradiol,0,C[C@]12CC[C@H]3[C@@H](CCc4cc(O)ccc34)[C@@H]1CC[C@@]2(O)C#C,0.21825918390065116
238,Flucloxacillin,0,Cc1onc(c1C(=O)N[C@H]2[C@H]3SC(C)(C)[C@@H](N3C2=O)C(O)=O)c4c(F)cccc4Cl,1.0
240,furosemide,0,N[S](=O)(=O)c1cc(C(O)=O)c(NCc2occc2)cc1Cl,0.09804065531554383
242,glycopyrrolate,0,[Br-].C[N+]1(C)CCC(C1)OC(=O)C(O)(C2CCCC2)c3ccccc3,1.0
244,triflupromazine,1,CN(C)CCCN1c2ccccc2Sc3ccc(cc13)C(F)(F)F,1.0
245,trifluroperazine,1,CN1CCN(CCCN2c3ccccc3Sc4ccc(cc24)C(F)(F)F)CC1,0.12667735450978657
246,trihexyphenidyl,1,OC(CCN1CCCCC1)(C2CCCCC2)c3ccccc3,1.0
248,trimipramine,1,CC(CN(C)C)CN1c2ccccc2CCc3ccccc13,0.2135688570035082
249,tybamate,1,CCCCNC(=O)OCC(C)(CCC)COC(N)=O,1.0
251,valproicacid,1,CCCC(CCC)C(O)=O,0.02075040706066427
252,zimelidine,1,CN(C)C/C=C(/c1ccc(Br)cc1)c2cccnc2,1.0
253,Clofazimine,0,CC(C)N=C1C=C2N(c3ccc(Cl)cc3)c4ccccc4N=C2C=C1Nc5ccc(Cl)cc5,0.0063287298543587426
254,Colchicine,0,COC1=CC=C2C(=CC1=O)[C@H](CCc3cc(OC)c(OC)c(OC)c23)NC(C)=O,0.06930705765972343
255,Cromoglicicacid,0,OC(COc1ccc2OC(=CC(=O)c2c1)C(O)=O)COc3cccc4OC(=CC(=O)c34)C(O)=O,0.04136737964346455
256,Cycloserine,1,NC1CONC1=O,1.0
257,Hydroxycarbamide,1,NC(=O)NO,0.18381186483507372
258,Ipratropiumbromide,0,[Br-].CC(C)[N+]1(C)C2CCC1CC(C2)OC(=O)C(CO)c3ccccc3,0.18369307866359627
260,guanethidinesulfate,0,NC(N)=NCCN1CCCCCCC1,0.0007795587922727562
262,hydralazine,0,NNc1nncc2ccccc12,0.027868562529840147
263,Hydrochlorothiazide,0,N[S](=O)(=O)c1cc2c(NCN[S]2(=O)=O)cc1Cl,0.34862130610252023
264,Hydrocortisone,0,C[C@]12CCC(=O)C=C1CC[C@H]3[C@@H]4CC[C@](O)(C(=O)CO)[C@@]4(C)C[C@H](O)[C@H]23,0.26055463179510796
265,hydroflumethiazide,0,N[S](=O)(=O)c1cc2c(NCN[S]2(=O)=O)cc1C(F)(F)F,0.24581686370041803
267,indomethacin,0,COc1ccc2n(c(C)c(CC(O)=O)c2c1)C(=O)c3ccc(Cl)cc3,0.47428442688271727
268,35,0,c12c(c(ccc1)Cl)C(N(Cc1n2cnc1c1nc(on1)[C@](CO)(C)O)C)=O,0.38106891120169684
269,1-47,0,NCCc1cn2c(n1)cccc2,1.0
270,1-48,1,CCCN(CCC)CCc1ccc(c2c1CC(N2)=C)O,0.3571775327742948
271,9-OH-risperidone,1,c1(c2c(cc(F)cc2)on1)C1CCN(CCc2c(n3c([C@@H](CCC3)O)nc2C)=O)CC1,0.14115280598582433
272,Alprazolam,1,Cc1nnc2CN=C(c3ccccc3)c4cc(Cl)ccc4n12,0.03723229956171981
273,BCNU,1,ClCCNC(=O)N(CCCl)N=O,1.0
274,Itraconazole,0,CCC(C)N1N=CN(C1=O)c2ccc(cc2)N3CCN(CC3)c4ccc(OC[C@H]5CO[C@@](Cn6cncn6)(O5)c7ccc(Cl)cc7Cl)cc4,0.5905043760437457
275,Kanamycin,0,NCC1OC(OC2C(N)CC(N)C(OC3OC(CO)C(O)C(N)C3O)C2O)C(O)C(O)C1O,0.6676065851919405
277,Ketorolac,0,OC(=O)C1CCn2c1ccc2C(=O)c3ccccc3,1.0
279,isoniazid,0,NNC(=O)c1ccncc1,0.14249528066596034
281,Isoquercitrin,0,OC[C@H]1O[C@@H](OC2=C(Oc3cc(O)cc(O)c3C2=O)c4ccc(O)c(O)c4)[C@H](O)[C@@H](O)[C@@H]1O,0.1605217783316491
282,Ketoconazole,0,CC(=O)N1CCN(CC1)c2ccc(OC[C@H]3CO[C@@](Cn4ccnc4)(O3)c5ccc(Cl)cc5Cl)cc2,1.0
286,Meclocycline,0,CN(C)C1C2C(O)C3C(=C)c4c(Cl)ccc(O)c4C(=C3C(=O)C2(O)C(=O)\C(=C(N)/O)C1=O)O,1.0
289,Cimetidine,0,CN=C(NCCSCc1nc[nH]c1C)NC#N,0.20612671969400864
291,Didanosine,0,OC[C@@H]1CC[C@@H](O1)n2cnc3C(=O)N=CNc23,0.25793366738777285
294,Mifepristone,0,CC#C[C@]1(O)CC[C@H]2[C@@H]3CCC4=CC(=O)CCC4=C3[C@H](C[C@]12C)c5ccc(cc5)N(C)C,0.08287719870292716
295,Minocycline,1,C1[C@@H]2[C@](C(=C3C(c4c(ccc(c4C[C@@H]13)N(C)C)O)=O)O)(C(C(C(N)=O)=C([C@H]2N(C)C)O)=O)O,1.0
296,Moclobemide,1,Clc1ccc(cc1)C(=O)NCCN2CCOCC2,1.0
297,Propanthelinebromide,0,[Br-].CC(C)[N+](C)(CCOC(=O)C1c2ccccc2Oc3ccccc13)C(C)C,1.0
299,Pyridostigminebromide,1,[Br-].CN(C)C(=O)Oc1ccc[n+](C)c1,0.10939137299556757
301,Quinine,0,COc1ccc2nccc([C@@H](O)[C@@H]3C[C@H]4CCN3C[C@@H]4C=C)c2c1,0.28527156856932395
303,mepenzolatebromide,0,[Br-].C[N+]1(C)CCCC(C1)OC(=O)C(O)(c2ccccc2)c3ccccc3,1.0
304,mepiramine,0,COc1ccc(CN(CCN(C)C)c2ccccn2)cc1,0.12452906433498342
305,mequitazine,0,C1CN2CCC1C(C2)CN3c4ccccc4Sc5ccccc35,1.0
306,mestranol,0,COc1ccc2[C@H]3CC[C@@]4(C)[C@@H](CC[C@@]4(O)C#C)[C@@H]3CCc2c1,0.1418672115243747
307,methantheline,0,CC[N+](C)(CC)CCOC(=O)C1c2ccccc2Oc3ccccc13,1.0
308,methotrexate,0,CN(Cc1cnc2nc(N)nc(N)c2n1)c3ccc(cc3)C(=O)N[C@@H](CCC(O)=O)C(O)=O,0.1186131563256296
309,Methyclothiazide,0,CN1C(CCl)Nc2cc(Cl)c(cc2[S]1(=O)=O)[S](N)(=O)=O,1.0
312,L-663581,1,CC(C)c1onc(n1)c2ncn3c2CN(C)C(=O)c4c(Cl)cccc34,0.21641688787742366
313,Lupitidine,0,Cc1ccc(CC2=CN=C(NCCSCc3oc(cc3)C(C)(C)N)NC2=O)cn1,0.36287455194605345
314,Mianserin,1,CN1CCN2C(C1)c3ccccc3Cc4ccccc24,0.18530833211296782
315,Midazolam,1,Cc1ncc2CN=C(c3ccccc3F)c4cc(Cl)ccc4n12,0.07917584584278409
316,Ritonavir,0,CC(C)[C@H](NC(=O)N(C)Cc1csc(n1)C(C)C)C(=O)N[C@H](C[C@H](O)[C@H](Cc2ccccc2)NC(=O)OCc3scnc3)Cc4ccccc4,0.061896034227510346
317,Saquinavir,0,CC(C)(C)NC(=O)[C@@H]1C[C@@H]2CCCC[C@@H]2CN1C[C@@H](O)[C@H](Cc3ccccc3)NC(=O)[C@H](CC(N)=O)NC(=O)c4ccc5ccccc5n4,0.010051189294029378
318,Sevoflurane,1,FCOC(C(F)(F)F)C(F)(F)F,0.355281378918435
322,Streptomycin,0,CN[C@H]1[C@H](O)[C@@H](O)[C@H](CO)O[C@H]1O[C@H]2[C@@H](O[C@@H](C)[C@]2(O)C=O)O[C@H]3[C@H](O)[C@@H](O)[C@H](N=C(N)N)[C@@H](O)[C@@H]3N=C(N)N,1.0
323,Sulfadiazine,1,Nc1ccc(cc1)[S](=O)(=O)Nc2ncccn2,1.0
324,Sulfafurazole,1,Cc1noc(N[S](=O)(=O)c2ccc(N)cc2)c1C,1.0
325,Methylprednisolone,0,C[C@H]1C[C@H]2[C@@H]3CC[C@](O)(C(=O)CO)[C@@]3(C)C[C@H](O)[C@@H]2[C@@]4(C)C=CC(=O)C=C14,0.09379278379438254
326,Miconazole,0,Clc1ccc(COC(Cn2ccnc2)c3ccc(Cl)cc3Cl)c(Cl)c1,1.0
327,nandrolone,0,C[C@]12CC[C@H]3[C@@H](CCC4=CC(=O)CC[C@H]34)[C@@H]1CC[C@@H]2O,1.0
328,neodicoumarol,0,CCOC(=O)C(C1=C(O)Oc2ccccc2C1=O)C3=C(O)Oc4ccccc4C3=O,0.2809710302448286
329,Nicotinyl alcohol,0,OCc1cccnc1,1.0
330,norethindrone,0,C[C@]12CC[C@H]3[C@@H](CCC4=CC(=O)CC[C@H]34)[C@@H]1CC[C@@]2(O)C#C,1.0
333,Oxandrolone,0,C[C@]1(O)CC[C@H]2[C@@H]3CC[C@H]4CC(=O)OC[C@]4(C)[C@H]3CC[C@]12C,1.0
335,Mirtazapine,1,CN1CCN2C(C1)c3ccccc3Cc4cccnc24,0.03559355335600196
337,Org12962,1,C1NCCN(C1)c1ccc(c(n1)Cl)C(F)(F)F,0.3299037802524843
338,Org30526,1,c1c2c(cc(c1)Cl)[C@@H]1[C@H](c3ccccc3O2)CNC1,1.0
340,Org34167,1,c1ccc(c(c1)[C@H](CC=C)N)c1c2c(on1)cccc2,0.2657871318845454
342,Org5222,1,c1c2c(cc(c1)Cl)[C@@H]1[C@H](c3ccccc3O2)CN(C1)C,0.5309203931061601
343,Ranitidine,0,CNC(/NCCSCc1oc(CN(C)C)cc1)=C\[N+]([O-])=O,0.39683921130830485
344,Sulfamethoxazole,1,Cc1onc(N[S](=O)(=O)c2ccc(N)cc2)c1,0.5781501616245007
345,Tamoxifen,1,CC/C(c1ccccc1)=C(c2ccccc2)/c3ccc(OCCN(C)C)cc3,0.09603387114232247
346,Ticarcillin,1,[Na+].[Na+].CC1(C)S[C@@H]2[C@H](NC(=O)[C@H](C([O-])=O)c3cscc3)C(=O)N2[C@H]1C([O-])=O,1.0
348,Zalcitabine,1,NC1=NC(=O)N(C=C1)[C@H]2CC[C@@H](CO)O2,1.0
350,AmphotericinB,0,C[C@H]1O[C@@H](O[C@@H]\2C[C@@H]3O[C@](O)(C[C@@H](O)C[C@@H](O)[C@H](O)CC[C@@H](O)C[C@@H](O)CC(=O)O[C@@H](C)[C@H](C)[C@H](O)[C@@H](C)\C=C/C=C\C=C/C=C\C=C/C=C\C=C2)C[C@H](O)[C@H]3C(O)=O)[C@@H](O)[C@@H](N)[C@@H]1O,1.0
352,oxytetracycline,0,O.O.CN(C)[C@H]1[C@@H]2[C@@H](O)[C@H]3C(=C(O)c4c(O)cccc4[C@@]3(C)O)C(=O)[C@]2(O)C(=O)\C(=C(N)/O)C1=O,0.647975029166552
353,papaverine,0,COc1ccc(Cc2nccc3cc(OC)c(OC)cc23)cc1OC,1.0
354,penicillin G,0,CC1(C)S[C@@H]2[C@H](NC(=O)Cc3ccccc3)C(=O)N2[C@H]1C(O)=O,1.0
356,phenazopyridine,0,Nc1ccc(N=Nc2ccccc2)c(N)n1,0.07673354498929362
357,pheniramine,0,CN(C)CCC(c1ccccc1)c2ccccn2,0.18871208128892222
358,Phenolphthalein,0,Oc1ccc(cc1)C2(OC(=O)c3ccccc23)c4ccc(O)cc4,0.03456382483695223
359,phenoxybenzamine,0,CC(COc1ccccc1)N(CCCl)Cc2ccccc2,0.029997534007790608
360,Phenylbutazone,0,CCCCC1C(=O)N(N(C1=O)c2ccccc2)c3ccccc3,1.0
361,pirbuterol,0,CC(C)(C)NCC(O)c1ccc(O)c(CO)n1,0.02876263992968961
362,Risperidone,1,CC1=C(CCN2CCC(CC2)c3noc4cc(F)ccc34)C(=O)N5CCCCC5=N1,0.1535308483117944
363,Phenserine,1,CN1CC[C@]2(C)[C@H]1N(C)c3ccc(OC(=O)Nc4ccccc4)cc23,0.3651146734814311
364,Temelastine,0,Cc1ccc(CC2=CN=C(NCCCCc3ncc(Br)cc3C)NC2=O)cn1,1.0
365,Tibolone,1,C[C@@H]1CC2=C(CCC(=O)C2)[C@H]3CC[C@@]4(C)[C@@H](CC[C@@]4(O)C#C)[C@H]13,1.0
366,Ceftazidime,1,CC(C)(O/N=C(C(=O)N[C@H]1[C@H]2SCC(=C(N2C1=O)C([O-])=O)C[n+]3ccccc3)/c4csc(N)n4)C(O)=O,1.0
368,Guanadrel,0,NC(N)=NCC1COC2(CCCCC2)O1,0.2294432954983315
369,Lomustine,1,ClCCN(N=O)C(=O)NC1CCCCC1,0.40526380233766196
370,Mesna,0,[Na+].[O-][S](=O)(=O)CCS,0.10852954624233936
371,Streptozotocin,0,CN(N=O)C(=O)N[C@H]1[C@@H](O)O[C@H](CO)[C@@H](O)[C@@H]1O,1.0
372,Teniposide,1,COc1cc(cc(OC)c1O)[C@H]2[C@@H]3[C@H](COC3=O)[C@H](OC4OC5COC(OC5C(O)C4O)c6sccc6)c7cc8OCOc8cc27,0.055158290741639776
375,Polythiazide,0,CN1C(CSCC(F)(F)F)Nc2cc(Cl)c(cc2[S]1(=O)=O)[S](N)(=O)=O,1.0
379,progesterone,0,CC(=O)[C@H]1CC[C@H]2[C@@H]3CCC4=CC(=O)CC[C@]4(C)[C@H]3CC[C@]12C,1.0
380,propranolol,0,CC(C)NCC(O)COc1cccc2ccccc12,0.23032895384256658
382,puromycin,0,COc1ccc(C[C@H](N)C(=O)NC2[C@@H](O)[C@@H](O[C@@H]2CO)n3cnc4c(ncnc34)N(C)C)cc1,0.1375994663551604
384,Tiotidine,1,CN=C(NCCSCc1csc(N=C(N)N)n1)NC#N,1.0
386,1-hydroxymidazolam,1,OCc1ncc2CN=C(c3ccccc3F)c4cc(Cl)ccc4n12,0.16604866426367215
387,111-trichloroethane,1,CC(Cl)(Cl)Cl,0.023578739123515362
388,111-trifluoro-2-chloroethane,1,C(CCl)(F)(F)F,1.0
390,"""2,2-dimethylbutane""",1,CCC(C)(C)C,0.1292982946805659
392,Bis-hydroxylated-L-663581,0,c12c(C(N(Cc3n1cnc3c1noc(n1)C(CO)(CO)C)C)=O)c(ccc2)Cl,1.0
394,Mono-hydroxylated-L-663581,0,c12c(C(N(Cc3n1cnc3c1noc(n1)C(O)(C)C)C)=O)c(ccc2)Cl,0.4399916998242938
395,Thioperamide,1,S=C(NC1CCCCC1)N2CCC(CC2)c3[nH]cnc3,0.08722612806910361
396,rifampin,0,CC1C=CC=C(C(=O)NC2=C(C3=C(C(=C4C(=C3C(=O)C2=CNN5CCN(CC5)C)C(=O)C(O4)(OC=CC(C(C(C(C(C(C1O)C)O)C)OC(=O)C)C)OC)C)C)O)O)C,1.0
398,scopolamine,0,CN1[C@@H]2CC(C[C@H]1[C@@H]3O[C@H]23)OC(=O)[C@H](CO)c4ccccc4,1.0
399,Spironolactone,0,CC(=O)S[C@@H]1CC2=CC(=O)CC[C@]2(C)[C@H]3CC[C@@]4(C)[C@@H](CC[C@@]45CCC(=O)O5)[C@H]13,0.189428102642629
400,Stanozolol,0,C[C@]1(O)CC[C@H]2[C@@H]3CC[C@H]4Cc5[nH]ncc5C[C@]4(C)[C@H]3CC[C@]12C,0.26203221750994
401,sulfasalazine,0,OC(=O)C1=C\C(C=CC1=O)=N/Nc2ccc(cc2)[S](=O)(=O)Nc3ccccn3,0.23316185109329537
402,Terconazole,0,CC(C)N1CCN(CC1)c2ccc(OC[C@H]3CO[C@@](Cn4cncn4)(O3)c5ccc(Cl)cc5Cl)cc2,1.0
404,testosterone,0,C[C@]12CC[C@H]3[C@@H](CCC4=CC(=O)CC[C@]34C)[C@@H]1CC[C@@H]2O,1.0
405,TetraCycline,0,CN(C)[C@H]1[C@@H]2C[C@H]3C(=C(O)c4c(O)cccc4[C@@]3(C)O)C(=O)[C@]2(O)C(=O)\C(=C(N)/O)C1=O,1.0
408,4-hydroxymidazolam,1,Cc1ncc2C(O)N=C(c3ccccc3F)c4cc(Cl)ccc4n12,1.0
409,Aminopyrine,1,CN(C)C1=C(C)N(C)N(c2ccccc2)C1=O,1.0
411,Benzene,1,c1ccccc1,0.13127583818218183
412,Bretazenil,1,CC(C)(C)OC(=O)c1ncn2c3cccc(Br)c3C(=O)N4CCC[C@H]4c12,1.0
414,Mefloquine,1,OC(C1CCCCN1)c2cc(nc3c2cccc3C(F)(F)F)C(F)(F)F,0.258709539147102
415,Ofloxacin,1,CC1COc2c(N3CCN(C)CC3)c(F)cc4C(=O)C(=CN1c24)C(O)=O,0.22350136855170147
417,aldosterone,0,C[C@]12CCC(=O)C=C1CC[C@H]3[C@@H]4CC[C@H](C(=O)CO)[C@]4(C[C@H](O)[C@H]23)C=O,1.0
418,BRL52537,1,c1(cc(c(cc1)Cl)Cl)CC(N1CCCC[C@H]1CN1CCCC1)=O,0.2846802230780513
419,BRL52580,1,c1(cc(c(cc1)Cl)Cl)CC(N1[C@@H](c2c(CC1)cccc2)CN1CCCC1)=O,1.0
420,BRL52656,1,c1(ccc(cc1)C(F)(F)F)CC(N1[C@@H](CCCC1)CN1CCCC1)=O,1.0
421,BRL52871,1,c1(ccc(c(c1)Cl)Cl)CC(N1[C@@H](c2c(CC1)scc2)CN1CCCC1)=O,1.0
426,Triamcinolone,0,C[C@]12C[C@H](O)[C@@]3(F)[C@@H](CCC4=CC(=O)C=C[C@]34C)[C@@H]1C[C@@H](O)[C@]2(O)C(=O)CO,0.029156148983687492
427,Triamterene,0,Nc1nc(N)c2nc(c3ccccc3)c(N)nc2n1,0.057540615246365466
428,Trichlormethiazide,0,N[S](=O)(=O)c1cc2c(NC(N[S]2(=O)=O)C(Cl)Cl)cc1Cl,0.3368346250449119
429,valinomycin,0,CC(C)[C@@H]1NC(=O)[C@H](C)OC(=O)C(NC(=O)[C@H](OC(=O)[C@@H](NC(=O)[C@H](C)OC(=O)[C@H](NC(=O)[C@H](OC(=O)[C@@H](NC(=O)[C@H](C)OC(=O)[C@H](NC(=O)[C@H](OC1=O)C(C)C)C(C)C)C(C)C)C(C)C)C(C)C)C(C)C)C(C)C)C(C)C,1.0
430,verapamil,0,COc1ccc(CCN(C)CCCC(C#N)(C(C)C)c2ccc(OC)c(OC)c2)cc1OC,0.12400437903598789
431,warfarin,0,CC(=O)CC(c1ccccc1)C2=C(O)Oc3ccccc3C2=O,0.15360724547292637
434,Desmethyldesipramine,1,N1(c2c(CCc3c1cccc3)cccc2)CCCN,0.26212223431051146
436,Diethylether,1,CCOCC,1.0
438,Enflurane,1,FC(F)OC(F)(F)C(F)Cl,1.0
439,BRL52974,0,c1(ccc(c(c1)Cl)Cl)CC(N1[C@@H](c2c(CC1)[nH]cn2)CN1CCCC1)=O,1.0
440,BRL53087,1,c1(ccc(c(c1)Cl)Cl)CC(N1[C@@H](CN2CCCC2)CC(CC1)(C)C)=O,1.0
441,carebastine,0,CC(C)(C(O)=O)c1ccc(cc1)C(=O)CCCN2CCC(CC2)OC(c3ccccc3)c4ccccc4,1.0
442,cetirizine,0,OC(=O)COCCN1CCN(CC1)C(c2ccccc2)c3ccc(Cl)cc3,1.0
443,ciprofloxacin,0,OC(=O)C1=CN(C2CC2)c3cc(N4CCNCC4)c(F)cc3C1=O,0.21395244839272318
446,yohimbine,0,COC(=O)[C@H]1[C@@H](O)CC[C@H]2CN3CCc4c([nH]c5ccccc45)[C@@H]3C[C@H]12,0.3106270789668845
448,acepromazine,1,CN(C)CCCN1c2ccccc2Sc3ccc(cc13)C(C)=O,1.0
452,amantadine,1,[Cl-].NC12CC3CC(CC(C3)C1)C2.[H+],1.0
457,Ethylbenzene,1,CCc1ccccc1,0.13481058961546005
458,Flumazenil,1,CCOC(=O)c1ncn2c1CN(C)C(=O)c3cc(F)ccc23,0.24233945476270807
459,Flunitrazepam,1,CN1C(=O)CN=C(c2ccccc2F)c3cc(ccc13)[N+]([O-])=O,0.040910933717551876
461,Halothane,1,FC(F)(F)C(Cl)Br,1.0
462,Heptane,1,CCCCCCC,1.0
463,Hexane,1,CCCCCC,0.3889469240957834
471,difloxacin,0,CN1CCN(CC1)c2cc3N(C=C(C(O)=O)C(=O)c3cc2F)c4ccc(F)cc4,0.07496390155982778
472,antipyrine,1,CN1N(C(=O)C=C1C)c2ccccc2,0.34557280825954256
475,azaperone,1,Fc1ccc(cc1)C(=O)CCCN2CCN(CC2)c3ccccn3,1.0
476,benactyzine,1,[H+].[Cl-].CCN(CC)CCOC(=O)C(O)(c1ccccc1)c2ccccc2,0.20517996830389884
477,benperidol,1,Fc1ccc(cc1)C(=O)CCCN2CCC(CC2)N3C(=O)Nc4ccccc34,1.0
481,biperiden,1,OC(CCN1CCCCC1)(C2CC3CC2C=C3)c4ccccc4,1.0
482,Hexobarbital,1,CN1C(=O)NC(=O)C(C)(C1=O)C2=CCCCC2,0.127742315984331
483,Indinavir,1,CC(C)(C)NC(=O)[C@@H]1CN(CCN1C[C@@H](O)C[C@@H](Cc2ccccc2)C(=O)N[C@@H]3[C@H](O)Cc4ccccc34)Cc5cccnc5,0.09967284054870236
484,Isoflurane,1,FC(F)OC(Cl)C(F)(F)F,1.0
486,Methoxyflurane,1,COC(F)(F)C(Cl)Cl,0.3559048525812306
487,Methylcyclopentane,1,CC1CCCC1,1.0
488,Nor-1-chlorpromazine,1,N1(c2c(Sc3c1cccc3)ccc(c2)Cl)CCCNC,0.16995989039462964
489,Nor-2-chlorpromazine,1,N1(c2c(Sc3c1cccc3)ccc(c2)Cl)CCCN,1.0
490,doxylamine,1,CN(C)CCOC(C)(c1ccccc1)c2ccccn2,0.5256380206570358
491,EMD60400,0,c1ccc([C@H](C[N@]2CC[C@H](C2)O)N(C(Cc2ccccc2N)=O)C)cc1,1.0
492,enoxacin,0,CCN1C=C(C(O)=O)C(=O)c2cc(F)c(nc12)N3CCNCC3,0.4327572482626418
493,fleroxacin,0,CN1CCN(CC1)c2c(F)cc3C(=O)C(=CN(CCF)c3c2F)C(O)=O,0.25514847177126965
494,GR85571,1,c1(cc(c(cc1)Cl)Cl)CC(N1[C@@H](CN2CCCC2)CN(CC1)C(=O)C)=O,1.0
495,GR88377,1,c1(ccc(c(c1)Cl)Cl)CC(N1[C@@H](c2c(CC1)occ2)CN1CCCC1)=O,1.0
496,GR89696,1,c1(ccc(c(c1)Cl)Cl)CC(N1[C@H](CN(CC1)C(=O)OC)CN1CCCC1)=O,1.0
498,buclizine,1,CC(C)(C)c1ccc(CN2CCN(CC2)C(c3ccccc3)c4ccc(Cl)cc4)cc1,0.3252630116388184
499,bufotenine,1,CN(C)CCc1c[nH]c2ccc(O)cc12,1.0
500,bupropion,1,CC(NC(C)(C)C)C(=O)c1cccc(Cl)c1,1.0
502,butabarbital,1,CCC(C)C1(CC)C(=O)NC(=O)NC1=O,1.0
506,carbamazepine,1,NC(=O)N1c2ccccc2C=Cc3ccccc13,1.0
508,Org13011,1,C1N(CCN(C1)c1cc(ccn1)C(F)(F)F)CCCCN1C(CCC1)=O,1.0
510,Pentane,1,CCCCC,1.0
512,Propanone,1,CC(C)=O,0.05288987273656049
513,GR89696_et,1,c1(ccc(c(c1)Cl)Cl)CC(N1[C@H](CN(CC1)C(=O)OCC)CN1CCCC1)=O,1.0
514,GR89696_pr,1,c1(CC(N2[C@H](CN(CC2)C(=O)OCCC)CN2CCCC2)=O)cc(c(cc1)Cl)Cl,1.0
515,GR91272,1,c1(ccc(c(c1)Cl)Cl)CC(N1[C@@H](c2c(CC1)occ2)C[N@@]1C[C@@H](CC1)O)=O,1.0
516,GR94839,0,c1(ccc(c(c1)Cl)Cl)CC(=O)N1[C@H](CN(C(=O)C)CC1)C[N@@]1C[C@H](O)CC1,1.0
517,GR94839_A,0,c1(CC(N2[C@H](CN(CC2)C(=O)C)C[N@]2CC[C@H](C2)O)=O)ccc(C(F)(F)F)cc1,1.0
518,GR94839_B,0,c1(ccc(cc1)SC)CC(N1[C@H](CN(CC1)C(=O)C)C[N@]1CC[C@H](C1)O)=O,1.0
519,GR94839_C,0,c1(CC(N2[C@H](CN(CC2)C(=O)C)C[N@]2CC[C@H](C2)O)=O)cc(cc(c1)F)F,1.0
520,GR94839_D,0,c1(CC(N2[C@H](CN(CC2)C(=O)C)C[N@]2CC[C@H](C2)O)=O)cc(ccc1)OC,1.0
521,GR94839_E,0,c1(CC(N2[C@H](CN(CC2)C(=O)C)C[N@]2CC[C@H](O)C2)=O)ccc(N(=O)=O)cc1,1.0
522,GR94839_F,0,c1(CC(N2[C@H](CN(CC2)C(=O)C)C[N@]2CC[C@H](C2)O)=O)ccc(OC)cc1,1.0
523,carphenazine,1,CCC(=O)c1ccc2Sc3ccccc3N(CCCN4CCN(CCO)CC4)c2c1,1.0
524,cartazolate,1,CCCCNc1c(cnc2n(CC)ncc12)C(=O)OCC,0.4567047460475636
526,chloralhydrate,1,OC(O)C(Cl)(Cl)Cl,1.0
527,chlordiazepoxide,1,CN=C1CN(O)C(=C2C=C(Cl)C=CC2=N1)c3ccccc3,0.31834542454542586
528,chlorpromazine,1,CN(C)CCCN1c2ccccc2Sc3ccc(Cl)cc13,1.0
529,chlorprothixene,1,CN(C)CC\C=C/1c2ccccc2Sc3ccc(Cl)cc13,1.0
530,chlorzoxazone,1,Clc1ccc2OC(=O)Nc2c1,1.0
533,RO19-4603,1,CN1Cc2n(cnc2C(=O)OC(C)(C)C)c3ccsc3C1=O,1.0
534,SKF101468,1,C1C(Nc2c1c(ccc2)CCN(CCC)CCC)=O,0.6106330378461032
535,SKF89124,1,C1C(Nc2c1c(ccc2O)CCN(CCC)CCC)=O,0.5723388468393433
538,Teflurane,1,FC(Br)C(F)(F)F,1.0
540,Thiopental,0,CCCC(C)C1(CC)C(=O)NC(=S)NC1=O,0.40944514127077536
541,Toluene,1,Cc1ccccc1,0.24886018338944438
542,Triazolam,1,Cc1nnc2CN=C(c3ccccc3Cl)c4cc(Cl)ccc4n12,0.1079353823966725
543,GR94839_G,0,c1(CC(N2[C@H](CN(CC2)C(=O)C)C[N@]2CC[C@H](O)C2)=O)cc(ccc1)N(=O)=O,1.0
544,GR94839_H,0,c1(ccccc1)CC(N1[C@H](CN(CC1)C(=O)C)C[N@]1CC[C@H](C1)O)=O,1.0
545,GR94839_I,0,c1(CC(N2[C@H](CN(CC2)C(=O)C)C[N@]2CC[C@H](O)C2)=O)ccc([S@](=O)C)cc1,1.0
546,GR94839_L,0,c1(CC(N2[C@H](CN(CC2)C(=O)C)C[N@]2CC[C@H](O)C2)=O)ccc(S(=O)(=O)C)cc1,1.0
549,isoxicam,0,CN1C(=C(\O)Nc2cc(C)on2)/C(=O)c3ccccc3[S]1(=O)=O,0.3782484541897394
550,Levallorphan,1,Oc1ccc2C[C@@H]3[C@@H]4CCCC[C@]4(CCN3CC=C)c2c1,1.0
551,lomefloxacin,0,CCN1C=C(C(O)=O)C(=O)c2cc(F)c(N3CCNC(C)C3)c(F)c12,0.4417642372343221
552,loperamide,0,CN(C)C(=O)C(CCN1CCC(O)(CC1)c2ccc(Cl)cc2)(c3ccccc3)c4ccccc4,0.34425725424913534
555,clopenthixol,1,OCCN1CCN(CC\C=C/2c3ccccc3Sc4ccc(Cl)cc24)CC1,1.0
556,clopimozide,1,Fc1ccc(cc1)C(CCCN2CCC(CC2)N3C(=O)Nc4cc(Cl)ccc34)c5ccc(F)cc5,0.19980007366235542
557,cocaine,1,COC(=O)[C@H]1[C@H](CC2CCC1N2C)OC(=O)c3ccccc3,0.0003085344170447411
558,codeine,1,COc1ccc2C[C@@H]3[C@@H]4C=C[C@H](O)[C@@H]5Oc1c2[C@]45CCN3C,0.01571547794789944
560,cyclophenazine,1,FC(F)(F)c1ccc2Sc3ccccc3N(CCCN4CCN(CC4)C5CC5)c2c1,1.0
562,demerol,1,[H+].[Cl-].CCOC(=O)C1(CCN(C)CC1)c2ccccc2,0.2663834421642195
564,Trichloromethane,1,ClC(Cl)Cl,0.5713078162987284
566,Y-G15,1,c1c(nccc1)CCN(C)C,0.24857460462817516
568,Y-G19,0,n1c(scc1c1ccccc1)CCN,0.016118001534007137
569,Y-G20,0,c1c(nc2n1cccc2)CCN,0.6553187857832308
570,m-Xylene,1,Cc1cccc(C)c1,0.2879661630615698
572,meloxicam,0,CN1C(=C(/O)Nc2sc(C)cn2)/C(=O)c3ccccc3[S]1(=O)=O,0.4680042874183967
574,naltrexone,1,Oc1ccc2C[C@H]3N(CC[C@@]45[C@@H](Oc1c24)C(=O)CC[C@@]35O)CC6CC6,1.0
575,norfloxacin,0,CCN1C=C(C(O)=O)C(=O)c2cc(F)c(cc12)N3CCNCC3,0.24894671595768808
576,pefloxacin,0,CCN1C=C(C(O)=O)C(=O)c2cc(F)c(cc12)N3CCN(C)CC3,0.16221066309854887
577,piroxicam,0,CN1C(=C(/O)Nc2ccccn2)/C(=O)c3ccccc3[S]1(=O)=O,1.0
578,roxindole,1,C[S](O)(=O)=O.Oc1ccc2[nH]cc(CCCCN3CCC(=CC3)c4ccccc4)c2c1,1.0
579,deserpidine,1,CO[C@H]1[C@@H](C[C@@H]2CN3CCc4c([nH]c5ccccc45)[C@H]3C[C@@H]2[C@@H]1C(=O)OC)OC(=O)c6cc(OC)c(OC)c(OC)c6,1.0
580,desipramine,1,CNCCCN1c2ccccc2CCc3ccccc13,0.06363661833386859
581,diazepam,1,CN1C(=O)CN=C(c2ccccc2)c3cc(Cl)ccc13,0.10711248359198301
582,dihydrocodeine,1,COc1ccc2C[C@@H]3[C@@H]4CC[C@H](O)[C@@H]5Oc1c2[C@]45CCN3C,0.2977512657806696
583,dihydromorphine,1,CN1CCC23C4CCC(O)C2Oc5c(O)ccc(CC14)c35,0.22661458336304816
589,p-Xylene,1,Cc1ccc(C)cc1,1.0
590,2-propanol,1,CC(C)O,0.1765563042338536
591,Carbamazepineepoxide,1,NC(=O)N1c2ccccc2C3OC3c4ccccc14,1.0
594,Delavirdine,0,CC(C)Nc1cccnc1N2CCN(CC2)C(=O)c3[nH]c4ccc(N[S](C)(=O)=O)cc4c3,1.0
595,Ebastine,0,CC(C)(C)c1ccc(cc1)C(=O)CCCN2CCC(CC2)OC(c3ccccc3)c4ccccc4,0.23847345285278507
596,Pirenzepine,1,CN1CCN(CC1)CC(=O)N2c3ccccc3C(=O)Nc4cccnc24,0.07405501631837412
598,rufloxacin,0,CN1CCN(CC1)c2c(F)cc3C(=O)C(=CN4CCSc2c34)C(O)=O,0.19385664754877976
599,salbutamol,0,CC(C)(C)NCC(O)c1ccc(O)c(CO)c1,0.006197228623904981
600,Sankyo,1,c1(ccc(c(c1)Cl)Cl)CC(=O)N1[C@H](C[N@@](C)CC1)CN1CCCC1,1.0
601,SB201708,1,c1(ccc(c(c1)Cl)Cl)CC(N1[C@H](CN2CCCC2)c2n(CC1)ccn2)=O,1.0
602,SB204454,0,c1(ccc(c(c1)Cl)Cl)CC(N1[C@H](C[C@]2(CC1)NC(NC2=O)=O)CN1CCCC1)=O,1.0
603,SB204459,0,c1(ccc(c(c1)Cl)Cl)CC(N1[C@H](C[N@@]2C[C@@H](CC2)O)c2n(CC1)ccn2)=O,1.0
604,SB204484,1,c1(ccc(c(c1)Cl)Cl)CC(N1[C@H](CN2CCCC2)c2n(CC1)ncn2)=O,1.0
605,SB205563,0,c1(ccc(c(c1)Cl)Cl)CC(N1[C@@H](C[N@@]2C[C@@H](CC2)O)C[N@](CC1)CCO)=O,1.0
607,doxylamine succinate,1,CN(C)CCOC(C)(c1ccccc1)c2ccccn2.OC(=O)CCC(O)=O,1.0
608,droperidol,1,Fc1ccc(cc1)C(=O)CCCN2CCC(=CC2)N3C(=O)Nc4ccccc34,1.0
609,ectylurea,1,CC\C(=C/C)C(=O)NC(N)=O,1.0
611,estazolam,1,Clc1ccc2n3cnnc3CN=C(c4ccccc4)c2c1,0.35769775260146164
613,etazolate,1,CCOC(=O)c1cnc2n(CC)ncc2c1NN=C(C)C,1.0
614,ethchlorvynol,1,CCC(O)(\C=C\Cl)C#C,0.02289142226720998
615,ethinamate,1,NC(=O)OC1(CCCCC1)C#C,0.34844615194907447
618,5-67,1,c1cc(CCN(C)C)ncc1,0.2224760422977363
620,5-69,1,c1nc(C2CCN(CC2)C(NC2CCCCC2)=S)c[nH]1,0.10978062775797268
621,7-K06,1,c1ccc2Oc3c(cc(cc3)Cl)[C@@H]3[C@@H](c2c1)C[N@](CC3)C,0.47704271327611913
622,7-K08,1,c1c(Cl)nc(N2CCN(CCCCN3C(CCC3)=O)CC2)cc1C(F)(F)F,1.0
623,7-K10,1,c1ccc2Oc3c(cc(cc3)Cl)[C@@H]3[C@@H](c2c1)CNCC3,1.0
624,SB205605,0,c1(ccc(c(c1)Cl)Cl)CC(N1[C@H](C[N@@]2C[C@@H](CC2)O)c2c(CC1)[nH]cn2)=O,1.0
626,skb_c,1,c1cc2c(C(N[C@@H](CC)c3ccccc3)=O)c(c(nc2cc1)c1ccccc1)OCCCN(C)C,1.0
633,sparfloxacin,0,C[C@H]1CN(C[C@@H](C)N1)c2c(F)c(N)c3C(=O)C(=CN(C4CC4)c3c2F)C(O)=O,1.0
634,ethosuximide,1,CCC1(C)CC(=O)NC1=O,1.0
635,etymemazine,1,CCc1ccc2Sc3ccccc3N(CC(C)CN(C)C)c2c1,0.018141592389680557
636,flupentixol,1,OCCN1CCN(CC\C=C/2c3ccccc3Sc4ccc(cc24)C(F)(F)F)CC1,1.0
637,fluphenazine,1,OCCN1CCN(CCCN2c3ccccc3Sc4ccc(cc24)C(F)(F)F)CC1,0.21923003804110291
638,flurazepam,1,CCN(CC)CCN1C(=O)CN=C(c2ccccc2F)c3cc(Cl)ccc13,0.19490105621028667
640,glutethimide,1,CCC1(CCC(=O)NC1=O)c2ccccc2,0.1450414668077861
642,harmalol,1,CC1=C2NC3=CC(=O)C=CC3=C2C=CN1,1.0
643,harman,1,Cc1nccc2c1[nH]c3ccccc23,0.09400175925956214
645,14,1,c1cc(ncc1)CSCCNc1c(cc[nH]1)[N+](=O)[O-],0.15896002224334385
646,15,1,c1(cc(nc(c1C)C)C(SC(CNc1c(cc[nH]1)[N+](=O)[O-])(C)C)(C)C)C,1.0
652,22,1,c1(c(oc(c1C)C(N(C(C)(N)C)C(N)(C)C)(C)C)C)C.C[NH+]O.[OH-],1.0
653,23,1,[NH]C(CC(C)C([N@@](C(C)(C)C)C(N)(C)N)(C)C)c1c(c(c[nH+][o+]1)C)[O-],0.1317758833947592
655,tenoxicam,0,CN1C(=C(\O)Nc2ccccn2)/C(=O)c3sccc3[S]1(=O)=O,0.4498726644735955
656,terfenadine,0,CC(C)(C)c1ccc(cc1)C(O)CCCN2CCC(CC2)C(O)(c3ccccc3)c4ccccc4,1.0
659,hexapropymate,1,NC(=O)OC1(CCCCC1)CC#C,0.37006031455845795
660,homophenazine,1,[H+].[H+].[Cl-].[Cl-].OCCN1CCCN(CCCN2c3ccccc3Sc4cc(ccc24)C(F)(F)F)CC1,1.0
661,hydrocodone,1,COc1ccc2C[C@@H]3[C@@H]4CCC(=O)[C@@H]5Oc1c2[C@]45CCN3C,0.39379285973519196
662,hydroxyphenamate,1,CCC(O)(COC(N)=O)c1ccccc1,0.06397914544601808
663,hydroxyzine,1,OCCOCCN1CCN(CC1)C(c2ccccc2)c3ccc(Cl)cc3,0.028405399679134115
664,imipramine,1,CN(C)CCCN1c2ccccc2CCc3ccccc13,1.0
665,ketamine,1,CNC1(CCCCC1=O)c2ccccc2Cl,1.0
666,kynurenic acid,1,OC(=O)C1=CC(=O)c2ccccc2N1,0.05464739362249911
669,26,1,C1CN(CCC1)Cc1cccc(c1)OCCCO,0.031202313767729473
670,27,1,C1CN(CCC1)Cc1cccc(c1)OCCCNc1ncccc1,1.0
671,28,1,C1CN(CCC1)Cc1cccc(c1)OCCCNc1nccs1,0.3106672834142305
672,30,1,C1CN(CCC1)Cc1cccc(c1)OCCCNc1nc2c(o1)cccc2,1.0
673,4,0,c1c(oc(c1)CN(C)C)CSCCNc1nc(c(c[nH]1)Cc1cc2c(cc1)cccc2)=O,1.0
674,8-5,0,CN(C)Cc1oc(cc1)CSCCNC=1NC=C(CN1)Cc1cnc(cc1)C,0.5366864824654449
675,BBcpd10,0,c1(nccc(c1)c1nc([nH]n1)N)N(C)C,0.1166053673712527
677,lenperone,1,Fc1ccc(cc1)C(=O)CCCN2CCC(CC2)C(=O)c3ccc(F)cc3,1.0
679,lidocaine,1,CCN(CC)CC(=O)Nc1c(C)cccc1C,0.06836180052840665
681,lorcainide,1,CC(C)N1CCC(CC1)N(C(=O)Cc2ccccc2)c3ccc(Cl)cc3,0.1645874165550835
682,meclofenoxate,1,CN(C)CCOC(=O)COc1ccc(Cl)cc1,1.0
684,medazepam,1,CN1CCN=C(c2ccccc2)c3cc(Cl)ccc13,1.0
685,meprobamate,1,CCCC(C)(COC(N)=O)COC(N)=O,0.1373549845181379
686,9-C15,1,c1c2CCOc2c(cc1OC)CN[C@@H]1CCCN[C@H]1c1ccccc1,0.0375365939317916
688,9-C7,1,c1(c(cc2n(ncc2c1)CCN)Cl)Cl,0.12980126433129818
689,Abacavir,1,Nc1nc(NC2CC2)c3ncn([C@@H]4C[C@H](CO)C=C4)c3n1,0.0934483540844761
690,Acebutolol,1,CCCC(=O)Nc1ccc(OCC(O)CNC(C)C)c(c1)C(C)=O,1.0
691,Aciclovir,1,NC1=NC(=O)c2ncn(COCCO)c2N1,1.0
692,Albendazole,1,CCCSc1ccc2nc(NC(=O)OC)[nH]c2c1,1.0
693,Amifostine,0,NCCCNCCS[P](O)(O)=O,1.0
698,methocarbamol,1,COc1ccccc1OCC(O)COC(N)=O,0.20361500680456823
699,methopromazine,1,COc1ccc2Sc3ccccc3N(CCCN(C)C)c2c1,0.059482361983969084
700,methotrimeprazine,1,COc1ccc2Sc3ccccc3N(C[C@H](C)CN(C)C)c2c1,0.3374968115864719
702,methylphenidate,1,COC(=O)C(C1CCCCN1)c2ccccc2,1.0
703,methyprylon,1,CCC1(CC)C(=O)NCC(C)C1=O,1.0
704,Amikacin,1,NCC[C@H](O)C(=O)N[C@@H]1C[C@H](N)[C@@H](O[C@H]2O[C@H](CN)[C@@H](O)[C@H](O)[C@H]2O)[C@H](O)[C@H]1O[C@H]3O[C@H](CO)[C@@H](O)[C@H](N)[C@H]3O,0.5635630193108554
706,Cytarabine,1,NC1=NC(=O)N(C=C1)[C@@H]2O[C@H](CO)[C@@H](O)[C@@H]2O,0.3521253268832483
708,Daunorubicin,0,COc1cccc2C(=O)c3c(O)c4C[C@](O)(C[C@H](O[C@H]5C[C@H](N)[C@H](O)[C@H](C)O5)c4c(O)c3C(=O)c12)C(C)=O,1.0
709,Demeclocycline,0,CN(C)[C@H]1[C@@H]2C[C@@H]3[C@H](O)c4c(Cl)ccc(O)c4C(=C3C(=O)[C@]2(O)C(=O)\C(=C(N)/O)C1=O)O,1.0
711,Desmonomethylpromazine,1,CNCCCN1c2ccccc2Sc3ccccc13,0.04182060354180504
713,midazolam maleate,1,Cc1ncc2CN=C(c3ccccc3F)c4cc(Cl)ccc4n12.OC(=O)\C=C/C(O)=O,0.2209415763457641
715,morphine,1,CN1CC[C@]23[C@H]4Oc5c(O)ccc(C[C@@H]1[C@@H]2C=CC4O)c35,0.16897729881549547
716,MPTP,1,CN1CCC(=CC1)c2ccccc2,0.08496230018586393
718,nicotine,1,CN1CCC[C@H]1c2cccnc2,0.07625855012867486
721,nortriptyline,1,CNCCC=C1c2ccccc2CCc3ccccc13,0.12846745669633197
724,Dihydroergotamine,0,CN1C[C@@H](C[C@H]2[C@H]1Cc3c[nH]c4cccc2c34)C(=O)N[C@]5(C)O[C@@]6(O)[C@@H]7CCCN7C(=O)[C@H](Cc8ccccc8)N6C5=O,1.0
725,Disulfiram,1,CCN(CC)C(=S)SSC(=S)N(CC)CC,0.024032850515782203
726,Efavirenz,0,FC(F)(F)[C@]1(OC(=O)Nc2ccc(Cl)cc12)C#CC3CC3,1.0
727,Enalapril,0,CCOC(=O)[C@H](CCc1ccccc1)N[C@@H](C)C(=O)N2CCC[C@H]2C(O)=O,0.17766863827985033
729,aclarubicin,0,CC[C@@]1(O)C[C@H](OC2CC(C(OC3CC(O)C(OC4CCC(=O)C(C)O4)C(C)O3)C(C)O2)N(C)C)c5c(O)c6C(=O)c7c(O)cccc7C(=O)c6cc5[C@H]1C(=O)OC,1.0
730,adicillin,0,CC1(C)S[C@@H]2[C@H](NC(=O)CCC[C@@H](N)C(O)=O)C(=O)N2[C@H]1C(O)=O,1.0
732,adriamycinol-aglycone,0,COc1cccc2C(=O)c3c(O)c4CC(O)(CC(O)c4c(O)c3C(=O)c12)C(=O)CO,1.0
733,almecillin,0,[Na+].CC1(C)SC2C(NC(=O)CSCC=C)C(=O)N2C1C([O-])=O,1.0
734,amantocillin,0,CC1(C)S[C@@H]2[C@H](NC(=O)C34C[C@H]5C[C@H](CC(N)(C5)C3)C4)C(=O)N2[C@H]1C(O)=O,1.0
735,amdinocillinpivoxil,0,CC(C)(C)C(=O)OCOC(=O)C1N2[C@H](SC1(C)C)[C@H](N=CN3CCCCCC3)C2=O,1.0
736,amicycline,0,CN(C)[C@H]1[C@@H]2C[C@@H]3Cc4ccc(N)c(O)c4C(=C3C(=O)[C@]2(O)C(=O)\C(=C(N)/O)C1=O)O,1.0
737,amrubicin,0,[Cl-].CC(=O)[C@@]1(N)C[C@H](O[C@H]2C[C@H](O)[C@H](O)CO2)c3c(O)c4C(=O)c5ccccc5C(=O)c4c(O)c3C1.[H+],1.0
738,apalcillin,0,CC1(C)S[C@@H]2C(NC(=O)[C@H](NC(=O)C3=CNc4cccnc4C3=O)c5ccccc5)C(=O)N2[C@H]1C(O)=O,1.0
739,apicycline,0,CN(C)[C@H]1[C@@H]2C[C@H]3C(=C(O)c4c(O)cccc4[C@@]3(C)O)C(=O)[C@]2(O)C(=O)\C(=C(/O)NC(N5CCN(CCO)CC5)C(O)=O)C1=O,1.0
740,apramycin,0,CN[C@H]1[C@@H](O)[C@H]2O[C@@H](O[C@@H]3[C@@H](N)C[C@@H](N)[C@H](O)[C@H]3O)[C@H](N)C[C@@H]2O[C@@H]1O[C@H]4O[C@H](CO)[C@@H](N)[C@H](O)[C@H]4O,0.4990764095683019
741,arbekacin,0,NCC[C@H](O)C(=O)N[C@@H]1C[C@H](N)[C@@H](O[C@H]2O[C@H](CN)CC[C@H]2N)[C@H](O)[C@H]1O[C@H]3O[C@H](CO)[C@@H](O)[C@H](N)[C@H]3O,0.5970426673491596
742,aspoxicillin,0,CNC(=O)C[C@@H](N)C(=O)N[C@@H](C(=O)N[C@H]1[C@H]2SC(C)(C)[C@@H](N2C1=O)C(O)=O)c3ccc(O)cc3,1.0
743,astromicin,0,CO[C@H]1[C@@H](O)[C@H](N)[C@@H](O[C@H]2O[C@@H](CC[C@H]2N)C(C)N)[C@H](O)[C@@H]1N(C)C(=O)CN,1.0
744,aztreonam,0,C[C@H]1[C@H](NC(=O)C(=N/OC(C)(C)C(O)=O)\c2csc([NH3+])n2)C(=O)N1[S]([O-])(=O)=O,1.0
745,bacmecillinam,0,CCOC(=O)OC(C)OC(=O)[C@@H]1N2[C@H](SC1(C)C)[C@H](N=CN3CCCCCC3)C2=O,1.0
746,bekanamycin,0,NCC1OC(OC2C(N)CC(N)C(OC3OC(CO)C(O)C(N)C3O)C2O)C(N)C(O)C1O,0.6770940925146512
747,benserazide,0,NC(CO)C(=O)NNCc1ccc(O)c(O)c1O,0.11170064972217884
748,bepridil,0,CC(C)COCC(CN(Cc1ccccc1)c2ccccc2)N3CCCC3,1.0
749,berythromycin,0,CC[C@H]1OC(=O)[C@H](C)[C@@H](OC2CC(C)(OC)C(O)C(C)O2)C(C)[C@@H](OC3OC(C)CC(C3O)N(C)C)[C@](C)(O)C[C@@H](C)C(=O)[C@H](C)[C@@H](O)[C@H]1C,0.5735779828290261
750,butikacin,0,NCCC(O)CNC1CC(N)C(OC2OC(CN)C(O)C(O)C2O)C(O)C1OC3OC(CO)C(O)C(N)C3O,0.574982518302069
752,carfecillin,0,CC1(C)S[C@@H]2[C@H](NC(=O)C(C(=O)Oc3ccccc3)c4ccccc4)C(=O)N2[C@H]1C(O)=O,1.0
753,carindacillin,0,CC1(C)S[C@@H]2[C@H](NC(=O)C(C(=O)Oc3ccc4CCCc4c3)c5ccccc5)C(=O)N2[C@H]1C(O)=O,1.0
754,carubicin,0,CC1OC(CC(N)C1O)OC2C[C@@](O)(Cc3c(O)c4C(=O)c5cccc(O)c5C(=O)c4c(O)c23)C(C)=O,1.0
755,carumonam,0,NC(=O)OCC1[C@H](NC(=O)C(=N/OCC(O)=O)\c2csc(N)n2)C(=O)N1[S](O)(=O)=O,1.0
756,cefaclor,0,N[C@@H](C(=O)N[C@H]1[C@H]2SCC(=C(N2C1=O)C(O)=O)Cl)c3ccccc3,1.0
757,cefadroxil,0,CC1=C(N2[C@H](SC1)[C@H](NC(=O)[C@H](N)c3ccc(O)cc3)C2=O)C(O)=O,1.0
758,cefalexin,0,CC1=C(N2[C@H](SC1)[C@H](NC(=O)[C@H](N)c3ccccc3)C2=O)C(O)=O,1.0
759,cefaloram,0,CC(=O)OCC1=C(N2[C@H](SC1)[C@H](NC(=O)Cc3ccccc3)C2=O)C(O)=O,1.0
760,cefaparole,0,Cc1sc(SCC2=C(N3[C@H](SC2)[C@H](NC(=O)C(N)c4ccc(O)cc4)C3=O)C(O)=O)nn1,1.0
761,cefatrizine,0,NC(C(=O)N[C@H]1[C@H]2SCC(=C(N2C1=O)C(O)=O)CSc3cn[nH]n3)c4ccc(O)cc4,1.0
762,cefazaflur,0,[Na+].Cn1nnnc1SCC2=C(N3[C@H](SC2)[C@H](NC(=O)CSC(F)(F)F)C3=O)C([O-])=O,1.0
763,cefazedone,0,Cc1sc(SCC2=C(N3[C@H](SC2)[C@H](NC(=O)CN4C=C(Cl)C(=O)C(=C4)Cl)C3=O)C(O)=O)nn1,1.0
764,cefcanel,0,Cc1sc(SCC2=C(N3[C@H](SC2)[C@H](NC(=O)[C@H](O)c4ccccc4)C3=O)C(O)=O)nn1,1.0
765,cefcanel-daloxate,0,CC(N)C(=O)OC(C(=O)NC1C2SCC(=C(N2C1=O)C(=O)OCC3=C(C)OC(=O)O3)CSc4sc(C)nn4)c5ccccc5,1.0
766,cefcapene,0,CC/C=C(C(=O)N[C@H]1[C@H]2SCC(=C(N2C1=O)C(O)=O)COC(N)=O)/c3csc(N)n3,1.0
767,cefdaloxime,0,COCC1=C(N2[C@H](SC1)[C@H](NC(=O)C(=N\O)/c3csc(N)n3)C2=O)C(O)=O,1.0
768,cefdinir,0,Nc1scc(n1)\C(=N\O)C(=O)N[C@H]2[C@H]3SCC(=C(N3C2=O)C(O)=O)C=C,1.0
769,cefditoren,0,CO\N=C(C(=O)NC1[C@H]2SCC(=C(N2C1=O)C(O)=O)\C=C/c3scnc3C)\c4csc(N)n4,1.0
770,cefedrolor,0,CC1=C(N2[C@H](SC1)[C@H](NC(=O)[C@H](N)c3ccc(O)c(Cl)c3)C2=O)C(O)=O,1.0
771,cefetamet,0,CO/N=C(C(=O)N[C@H]1[C@H]2SCC(=C(N2C1=O)C(O)=O)C)/c3csc(N)n3,1.0
772,cefetrizole,0,OC(=O)C1=C(CS[C@@H]2[C@H](NC(=O)Cc3sccc3)C(=O)N12)CSc4[nH]ncn4,1.0
773,cefivitril,0,Cn1nnnc1SCC2=C(N3[C@H](SC2)[C@H](NC(=O)CS\C=C/C#N)C3=O)C(O)=O,1.0
774,cefixime,0,Nc1scc(n1)\C(=N\OCC(O)=O)C(=O)N[C@H]2[C@H]3SCC(=C(N3C2=O)C(O)=O)C=C,1.0
775,cefmenoxime,0,CO/N=C(C(=O)N[C@H]1[C@H]2SCC(=C(N2C1=O)C(O)=O)CSc3nnnn3C)/c4csc(N)n4,1.0
776,cefmetazole,0,CO[C@]1(NC(=O)CSCC#N)[C@H]2SCC(=C(N2C1=O)C(O)=O)CSc3nnnn3C,1.0
777,cefminox,0,CO[C@]1(NC(=O)CSC[C@@H](N)C(O)=O)[C@H]2SCC(=C(N2C1=O)C(O)=O)CSc3nnnn3C,1.0
778,cefodizime,0,CO\N=C(C(=O)N[C@H]1[C@H]2SCC(=C(N2C1=O)C(O)=O)CSc3sc(CC(O)=O)c(C)n3)/c4csc(N)n4,1.0
779,cefonicid,0,OC(C(=O)N[C@H]1[C@H]2SCC(=C(N2C1=O)C(O)=O)CSc3nnnn3C[S](O)(=O)=O)c4ccccc4,1.0
780,ceforanide,0,NCc1ccccc1CC(=O)N[C@H]2[C@H]3SCC(=C(N3C2=O)C(O)=O)CSc4nnnn4CC(O)=O,1.0
781,cefotetan,0,CO[C@]1(NC(=O)C2S\C(S2)=C(\C(N)=O)C(O)=O)[C@H]3SCC(=C(N3C1=O)C(O)=O)CSc4nnnn4C,1.0
782,cefotiam,0,CN(C)CCn1nnnc1SCC2=C(N3[C@H](SC2)[C@H](NC(=O)Cc4csc(N)n4)C3=O)C(O)=O,1.0
783,cefoxazole,0,CC(=O)OCC1=C(N2[C@H](SC1)[C@H](NC(=O)c3c(C)onc3c4ccccc4Cl)C2=O)C(O)=O,1.0
784,cefpiramide,0,Cn1nnnc1SCC2=C(N3[C@H](SC2)C(NC(=O)[C@H](NC(=O)C4=CNC(=CC4=O)C)c5ccc(O)cc5)C3=O)C(O)=O,1.0
785,cefpodoxime,0,[Na+].COCC1=C(N2[C@H](SC1)[C@H](NC(=O)C(=N/OC)\c3csc(N)n3)C2=O)C([O-])=O,1.0
786,cefprozil,0,O.C/C=C/C1=C(N2[C@H](SC1)[C@H](NC(=O)[C@H](N)c3ccc(O)cc3)C2=O)C(O)=O,1.0
787,cefrotil,0,CC1=C(N2[C@H](SC1)[C@H](NC(=O)Cc3ccc(cc3)C4=NCCCN4)C2=O)C(O)=O,1.0
788,cefroxadine,0,COC1=C(N3C(SC1)C(NC(=O)C(N)C2C=CCC=C2)C3=O)C(O)=O,1.0
789,cefsumide,0,CC1=C(N2[C@H](SC1)[C@H](NC(=O)[C@H](N)c3cccc(N[S](C)(=O)=O)c3)C2=O)C(O)=O,1.0
790,cefteram,0,CO/N=C(C(=O)N[C@H]1[C@H]2SCC(=C(N2C1=O)C(O)=O)Cn3nnc(C)n3)/c4csc(N)n4,1.0
791,ceftezole,0,OC(=O)C1=C(CS[C@@H]2[C@H](NC(=O)Cn3cnnn3)C(=O)N12)CSc4scnn4,1.0
792,ceftibuten,0,O.O.Nc1scc(n1)\C(=C\CC(O)=O)C(=O)N[C@H]2[C@H]3SCC=C(N3C2=O)C(O)=O,1.0
793,ceftiofur,0,CO/N=C(C(=O)N[C@H]1[C@H]2SCC(=C(N2C1=O)C(O)=O)CSC(=O)c3occc3)/c4csc(N)n4,1.0
794,ceftiolene,0,CO/N=C(C(=O)N[C@H]1[C@H]2SCC(=C(N2C1=O)C(O)=O)\C=C\SC3=NNC(=O)C(=O)N3CC=O)/c4csc(N)n4,1.0
795,ceftioxide,0,CO/N=C(C(=O)N[C@H]1[C@@H]2N(C1=O)C(=C(COC(C)=O)C[S]2=O)C(O)=O)/c3csc(N)n3,1.0
796,ceftizoxime,0,CO/N=C(C(=O)N[C@H]1[C@H]2SCC=C(N2C1=O)C(O)=O)/c3csc(N)n3,1.0
797,cefuracetime,0,CO/N=C(C(=O)N[C@H]1[C@H]2SCC(=C(N2C1=O)C(O)=O)COC(C)=O)/c3occc3,1.0
798,cefuroxime-axetil,0,CO/N=C(C(=O)N[C@H]1[C@H]2SCC(=C(N2C1=O)C(=O)OC(C)OC(C)=O)COC(N)=O)/c3occc3,1.0
799,cefuroxime-pivoxetil,0,COCCCC(=O)OC(C)OC(=O)C1=C(COC(N)=O)CS[C@@H]2[C@H](NC(=O)C(=N/OC)\c3occc3)C(=O)N12,1.0
800,cefuzonam,0,CO/N=C(C(=O)N[C@H]1[C@H]2SCC(=C(N2C1=O)C(O)=O)CSc3snnc3)/c4csc(N)n4,1.0
801,cephacetrile,0,[Na+].CC(=O)OCC1=C(N2[C@@H](SC1)[C@@H](NC(=O)CC#N)C2=O)C([O-])=O,1.0
802,cephaloglycin,0,O.O.CC(=O)OCC1=C(N2[C@H](SC1)[C@H](NC(=O)[C@H](N)c3ccccc3)C2=O)C(O)=O,1.0
803,cephalosporin-c,0,CC(=O)OCC1=C(N2[C@H](SC1)[C@H](NC(=O)CCC[C@@H](N)C(O)=O)C2=O)C(O)=O,1.0
804,cephalothin,0,CC(=O)OCC1=C(N2[C@H](SC1)[C@H](NC(=O)Cc3sccc3)C2=O)C(O)=O,1.0
805,cetocycline,0,CC(=O)C1=C(O)[C@]2(O)[C@@H](Cc3c(C)c4ccc(C)c(O)c4c(O)c3C2=O)[C@@H](N)C1=O,1.0
806,clarithromycin,0,CC[C@H]1OC(=O)[C@H](C)[C@@H](O[C@H]2C[C@@](C)(OC)[C@@H](O)[C@H](C)O2)[C@H](C)[C@@H](O[C@@H]3O[C@H](C)C[C@@H]([C@H]3O)N(C)C)[C@@](C)(C[C@@H](C)C(=O)[C@H](C)[C@@H](O)[C@]1(C)O)OC,0.5521576045981246
807,clindamycin,0,CCC[C@@H]1C[C@H](N(C)C1)C(=O)NC(C(C)Cl)[C@H]2O[C@H](SC)[C@H](O)[C@@H](O)[C@H]2O,1.0
808,clindamycin-phosphate,0,CCC[C@@H]1C[C@H](N(C)C1)C(=O)NC(C(C)Cl)[C@H]2O[C@H](SC)[C@H](O[P](O)(O)=O)[C@@H](O)[C@H]2O,1.0
809,clometocillin,0,COC(C(=O)N[C@H]1[C@H]2SC(C)(C)[C@@H](N2C1=O)C(O)=O)c3ccc(Cl)c(Cl)c3,1.0
810,clomocycline,0,CN(C)[C@H]1[C@@H]2C[C@H]3C(=C(O)c4c(O)ccc(Cl)c4[C@@]3(C)O)C(=O)[C@]2(O)C(=O)\C(=C(/O)NCO)C1=O,1.0
811,cyclacillin,0,CC1(C)S[C@@H]2[C@H](NC(=O)C3(N)CCCCC3)C(=O)N2[C@H]1C(O)=O,1.0
813,dactinomycin,0,CC(C)C1NC(=O)C(NC(=O)c2ccc(C)c3OC4=C(C)C(=O)C(=C(C(=O)NC5C(C)OC(=O)C(C(C)C)N(C)C(=O)CN(C)C(=O)C6CCCN6C(=O)C(NC5=O)C(C)C)C4=Nc23)N)C(C)OC(=O)C(C(C)C)N(C)C(=O)CN(C)C(=O)C7CCCN7C1=O,1.0
814,demecycline,0,CN(C)[C@H]1[C@@H]2C[C@@H]3[C@H](O)c4cccc(O)c4C(=C3C(=O)[C@]2(O)C(=O)\C(=C(N)/O)C1=O)O,1.0
815,detorubicin,0,CCOC(OCC)C(=O)OCC(=O)C1(O)CC(OC2CC(N)C(O)C(C)O2)c3c(O)c4C(=O)c5c(OC)cccc5C(=O)c4c(O)c3C1,1.0
816,dibekacin,0,NCC1CCC(N)C(O1)OC2C(N)CC(N)C(OC3OC(CO)C(O)C(N)C3O)C2O,1.0
817,dicloxacillin,0,Cc1onc(c1C(=O)N[C@H]2[C@H]3SC(C)(C)[C@@H](N3C2=O)C(O)=O)c4c(Cl)cccc4Cl,1.0
818,dihydrostreptomycin,0,CN[C@H]1[C@H](O)[C@@H](O)[C@H](CO)O[C@H]1O[C@H]2[C@@H](O[C@@H](C)[C@]2(O)CO)O[C@@H]3[C@@H](O)[C@H](O)[C@@H](N=C(N)N)[C@H](O)[C@H]3N=C(N)N,1.0
819,diosmin,0,COc1ccc(cc1O)C2=CC(=O)c3c(O)cc(O[C@@H]4O[C@H](CO[C@@H]5O[C@@H](C)[C@H](O)[C@@H](O)[C@H]5O)[C@@H](O)[C@H](O)[C@H]4O)cc3O2,0.08044073256955442
821,diproleandomycin,0,CCC(=O)O[C@H]1[C@@H](C)[C@@H](C)OC(=O)C(C)[C@@H](O[C@H]2C[C@H](OC)[C@@H](OC(=O)CC)[C@H](C)O2)[C@H](C)[C@@H](O[C@@H]3O[C@H](C)C[C@@H]([C@H]3O)N(C)C)C(C)C[C@@]4(CO4)C(=O)[C@@H]1C,1.0
823,dirithromycin,0,CC[C@H]1OC(=O)[C@H](C)[C@@H](O[C@H]2C[C@@](C)(OC)[C@@H](O)[C@H](C)O2)[C@H](C)[C@@H](O[C@@H]3O[C@H](C)C[C@@H]([C@H]3O)N(C)C)[C@](C)(O)C[C@@H](C)[C@@H]4N[C@@H](COCCOC)O[C@H]([C@H]4C)[C@]1(C)O,0.5063756775609374
824,docetaxel,0,CC(=O)O[C@@]12CO[C@@H]1C[C@H](O)[C@]3(C)[C@@H]2[C@H](OC(=O)c4ccccc4)[C@]5(O)C[C@H](OC(=O)[C@H](O)[C@@H](NC(=O)OC(C)(C)C)c6ccccc6)C(=C([C@@H](O)C3=O)C5(C)C)C,1.0
825,efrotomycin,0,CCC(C(=O)NC\C=C\C=C(/C)C(OC)C(C)C1OC(\C=C\C=C\C=C(/C)C(=O)C2=C(O)N(C)C=CC2=O)C(O)C1O)C3(O)OC(\C=C\C=C\C)C(C)(C)C(OC4OC(C)C(OC5OC(C)C(OC)C(O)C5OC)C(OC)C4O)C3O,1.0
827,epicillin,0,CC1(C)S[C@@H]2[C@H](NC(=O)[C@H](N)C3=CCC=CC3)C(=O)N2[C@H]1C(O)=O,1.0
829,esorubicin,0,COc1cccc2C(=O)c3c(O)c4C[C@@](O)(C[C@@H](OC5CC(N)CC(C)O5)c4c(O)c3C(=O)c12)C(=O)CO,1.0
830,etamocycline,0,CN(C)[C@H]1[C@@H]2C[C@H]3C(=C(O)c4c(O)cccc4[C@@]3(C)O)C(=O)[C@]2(O)C(=O)\C(=C(/O)NCN(C)CCN(C)CNC(/O)=C/5C(=O)[C@H]([C@@H]6C[C@H]7C(=C(O)c8c(O)cccc8[C@@]7(C)O)C(=O)[C@]6(O)C5=O)N(C)C)C1=O,1.0
833,fenbenicillin,0,CC1(C)S[C@@H]2[C@H](NC(=O)C(Oc3ccccc3)c4ccccc4)C(=O)N2[C@H]1C(O)=O,1.0
835,fexofenadine,0,CC(C)(C(O)=O)c1ccc(cc1)C(O)CCCN2CCC(CC2)C(O)(c3ccccc3)c4ccccc4,1.0
836,fibracillin,0,CC1(C)S[C@@H]2[C@H](NC(=O)[C@H](NC(=O)C(C)(C)Oc3ccc(Cl)cc3)c4ccccc4)C(=O)N2[C@H]1C(O)=O,1.0
837,flomoxef,0,[Na].CO[C@]1(NC(=O)CSC(F)(F)F)[C@H]2OCC(=C(N2C1=O)C(O)=O)CSc3nnnn3CCO,1.0
838,flurithromycin,0,CC[C@H]1OC(=O)[C@H](C)[C@@H](O[C@H]2C[C@@](C)(OC)[C@@H](O)[C@H](C)O2)[C@H](C)[C@@H](O[C@@H]3O[C@H](C)C[C@@H]([C@H]3O)N(C)C)[C@](C)(O)C[C@](C)(F)C(=O)[C@H](C)[C@@H](O)[C@]1(C)O,1.0
839,fropenem,0,C[C@@H](O)[C@@H]1[C@H]2SC(=C(N2C1=O)C(O)=O)[C@H]3CCCO3,1.0
840,fumoxicillin,0,CC1(C)S[C@@H]2[C@H](NC(=O)[C@@H](N=Cc3occc3)c4ccc(O)cc4)C(=O)N2[C@H]1C(O)=O,1.0
841,furbucillin,0,CC(C)CC(OC(=O)c1occc1)C(=O)N[C@H]2[C@H]3SC(C)(C)[C@@H](N3C2=O)C(O)=O,1.0
843,gentamicin,0,CNC(C)C1CCC(N)C(O1)OC2C(N)CC(N)C(OC3OCC(C)(O)C(NC)C3O)C2O,1.0
844,gloximonam,0,CO/N=C(C(=O)N[C@H]1[C@H](C)N(OCC(=O)OCC(=O)OC(C)(C)C)C1=O)/c2csc(N)n2,1.0
845,gramicidin-s-2,0,CC(C)CC1C(=O)NC(C(=O)N2CCCC2C(=O)NC(C(=O)NC(C(=O)NC(C(=O)NC(C(=O)N3CCCC3C(=O)NC(C(=O)NC(C(=O)N1)CCCN)C(C)C)CC4=CC=CC=C4)CC(C)C)CCCN)C(C)C)CC5=CC=CC=C5,0.04525859233469923
846,grepafloxacin,0,CC1CN(CCN1)c2cc3N(C=C(C(O)=O)C(=O)c3c(C)c2F)C4CC4,0.18518400144904199
847,guamecycline,0,CN(C)C1C2CC3C(=C(O)c4c(O)cccc4C3(C)O)C(=O)C2(O)C(=O)\C(=C(/O)NCN5CCN(CC5)C(=N)N=C(N)N)C1=O,1.0
848,hetacillin,0,CC1(C)N[C@@H](C(=O)N1[C@H]2[C@H]3SC(C)(C)[C@@H](N3C2=O)C(O)=O)c4ccccc4,1.0
851,hymecromone,0,CC1=CC(=O)Oc2cc(O)ccc12,1.0
852,idarubicin,0,C[C@@H]1O[C@H](C[C@H](N)[C@@H]1O)O[C@H]2C[C@@](O)(Cc3c(O)c4C(=O)c5ccccc5C(=O)c4c(O)c23)C(C)=O,1.0
853,imipenem,0,O.C[C@H](O)[C@@H]1[C@H]2CC(=C(N2C1=O)C(O)=O)SCCN=CN,1.0
854,isepamicin,0,CNC1C(O)C(OCC1(C)O)OC2C(O)C(OC3OC(CN)C(O)C(O)C3O)C(N)CC2NC(=O)C(O)CN,1.0
855,isopropicillin,0,CC1(C)S[C@@H]2[C@H](NC(=O)C(C)(C)Oc3ccccc3)C(=O)N2[C@H]1C(O)=O,1.0
856,josamycin,0,CO[C@H]1[C@@H](CC(=O)O[C@H](C)C/C=C/C=C/[C@H](O)[C@H](C)C[C@H](CC=O)[C@@H]1O[C@@H]2O[C@H](C)[C@@H](O[C@H]3C[C@@](C)(O)[C@@H](OC(=O)CC(C)C)[C@H](C)O3)[C@@H]([C@H]2O)N(C)C)OC(C)=O,0.5329082463718918
857,lenampicillin,0,CC1=C(COC(=O)[C@@H]2N3[C@H](SC2(C)C)[C@H](NC(=O)[C@H](N)c4ccccc4)C3=O)OC(=O)O1,1.0
858,lenapenem,0,CNCC[C@@H](O)[C@@H]1C[C@@H](CN1)SC2=C(N3[C@H]([C@H]2C)[C@@H]([C@@H](C)O)C3=O)C(O)=O,1.0
859,leurubicin,0,COc1cccc2C(=O)c3c(O)c4C[C@](O)(C[C@H](O[C@H]5C[C@H](NC(=O)[C@@H](N)CC(C)C)[C@H](O)[C@H](C)O5)c4c(O)c3C(=O)c12)C(=O)CO,1.0
860,lexithromycin,0,CC[C@H]1OC(=O)[C@H](C)[C@@H](OC2CC(C)(OC)C(O)C(C)O2)C(C)[C@@H](OC3OC(C)CC(C3O)N(C)C)[C@](C)(O)C[C@@H](C)\C(=N/OC)[C@H](C)[C@@H](O)[C@]1(C)O,0.5335784588385557
861,lincomycin,0,CCCC1CC(N(C)C1)C(=O)NC(C(C)O)C2OC(SC)C(O)C(O)C2O,1.0
862,loracarbef,0,O.N[C@@H](C(=O)NC1C2CCC(=C(N2C1=O)C(O)=O)Cl)c3ccccc3,1.0
863,losartan,0,CCCCc1nc(Cl)c(CO)n1Cc2ccc(cc2)c3ccccc3c4n[nH]nn4,1.0
864,lymecycline,0,[Cl-].CN(C)[C@H]1[C@@H]2C[C@H]3C(=C(O)c4c(O)ccc(Cl)c4[C@@]3(C)O)C(=O)[C@]2(O)C(=O)\C(=C(N)\O)C1=O.[H+],1.0
865,mecillinam,0,CC1(C)S[C@@H]2[C@H](N=CN3CCCCCC3)C(=O)N2[C@H]1C(O)=O,1.0
867,medorubicin,0,CC1OC(CC(N)C1O)OC2CC(O)(Cc3c(O)c4C(=O)c5ccccc5C(=O)c4c(O)c23)C(=O)CO,1.0
868,meropenem,0,O.O.O.C[C@H](O)C1C2[C@@H](C)C(=C(N2C1=O)C(O)=O)S[C@@H]3CN[C@@H](C3)C(=O)N(C)C,1.0
869,metampicillin,0,CC1(C)SC2C(NC(=O)C(N=C)c3ccccc3)C(=O)N2C1C(O)=O,1.0
870,methacycline,0,CN(C)[C@H]1[C@@H]2[C@@H](O)[C@@H]3C(=C)c4cccc(O)c4C(=C3C(=O)[C@]2(O)C(=O)\C(=C(N)/O)C1=O)O,1.0
872,meticillin,0,COc1cccc(OC)c1C(=O)N[C@H]2[C@H]3SC(C)(C)[C@@H](N3C2=O)C(O)=O,1.0
873,mezlocillin,0,CC1(C)S[C@@H]2[C@H](NC(=O)[C@H](NC(=O)N3CCN(C3=O)[S](C)(=O)=O)c4ccccc4)C(=O)N2[C@H]1C(O)=O,1.0
874,mibefradil,0,COCC(=O)O[C@]1(CCN(C)CCCc2[nH]c3ccccc3n2)CCc4cc(F)ccc4[C@@H]1C(C)C,1.0
875,midecamycin,0,CCC(=O)OC1CC(=O)OC(C)C\C=C\C=C/C(O)C(C)CC(CC=O)C(O[C@@H]2O[C@H](C)[C@@H](O[C@H]3C[C@@](C)(O)[C@H](OC(=O)CC)[C@@H](C)O3)[C@@H]([C@H]2O)N(C)C)C1OC,1.0
876,mikamycin,0,CCC1NC(=O)C(NC(=O)c2ncccc2O)C(C)OC(=O)C(NC(=O)C3CC(=O)CCN3C(=O)C(Cc4ccc(cc4)N(C)C)N(C)C(=O)C5CCCN5C1=O)c6ccccc6,1.0
877,mirincamycin,0,CCCCCC1CNC(C1)C(=O)NC(C(C)Cl)C2OC(SC)C(O)C(O)C2O,0.34951290991533784
878,mitomycin,0,CO[C@@]12[C@H](COC(N)=O)C3=C(N1C[C@@H]4N[C@H]24)C(=O)C(=C(N)C3=O)C,1.0
879,moxalactam,0,CO[C@]1(NC(=O)C(C(O)=O)c2ccc(O)cc2)[C@H]3OCC(=C(N3C1=O)C(O)=O)CSc4nnnn4C,1.0
880,neamine,0,NC[C@H]1O[C@H](O[C@@H]2[C@@H](N)C[C@@H](N)[C@H](O)[C@H]2O)[C@H](N)[C@@H](O)[C@@H]1O,1.0
881,netilmicin,0,CCN[C@@H]1C[C@H](N)[C@@H](O[C@H]2OC(=CC[C@H]2N)CN)[C@H](O)[C@H]1O[C@H]3OC[C@](C)(O)[C@H](NC)[C@H]3O,1.0
885,nitrocycline,0,CN(C)[C@H]1[C@@H]2C[C@@H]3Cc4c(ccc(O)c4C(=C3C(=O)[C@]2(O)C(=O)\C(=C(N)/O)C1=O)O)[N+]([O-])=O,0.6023557179532476
886,novobiocin,0,CO[C@@H]1[C@@H](OC(N)=O)[C@@H](O)[C@H](Oc2ccc3C(=O)C(=C(O)Oc3c2C)NC(=O)c4ccc(O)c(CC=C(C)C)c4)OC1(C)C,1.0
887,oleandomycin,0,COC1CC(OC(C)C1O)O[C@H]2[C@H](C)[C@@H](OC3OC(C)CC(C3O)N(C)C)[C@@H](C)C[C@]4(CO4)C(=O)[C@H](C)[C@@H](O)[C@@H](C)[C@@H](C)OC(=O)[C@@H]2C,1.0
888,oxetacillin,0,CC1(C)NC(C(=O)[NH+]1[C@H]2[C@H]3SC(C)(C)[C@@H](N3C2=O)C(O)=O)c4ccc(O)cc4,1.0
889,oximonam,0,CO\N=C(C(=O)NC1[C@H](C)N(OCC(O)=O)C1=O)\c2csc(N)n2,1.0
890,paclitaxel,0,CC(=O)O[C@H]1C(=O)[C@]2(C)[C@@H](O)C[C@H]3OC[C@@]3(OC(C)=O)C2[C@H](OC(=O)c4ccccc4)[C@]5(O)C[C@H](OC(=O)[C@H](O)[C@@H](NC(=O)c6ccccc6)c7ccccc7)C(=C1C5(C)C)C,1.0
891,pecocycline,0,CN(C)[C@H]1[C@@H]2C[C@H]3C(=C(O)c4c(O)cccc4[C@@]3(C)O)C(=O)[C@]2(O)C(=O)\C(=C(/O)NCN5CCCC(C5)C(O)=O)C1=O,1.0
892,penamecillin,0,CC(=O)OCOC(=O)C1N2C(SC1(C)C)C(NC(=O)Cc3ccccc3)C2=O,1.0
893,penicillin,0,[Na].CC1(C)SC2C(NC(=O)Cc3ccccc3)C(=O)N2C1C(O)=O,1.0
894,penimocycline,0,CN(C)[C@H]1[C@@H]2C[C@H]3C(=C(O)c4c(O)cccc4[C@@]3(C)O)C(=O)[C@]2(O)C(=O)\C(=C(/O)NCNC(C(=O)NC5C6SC(C)(C)C(N6C5=O)C(O)=O)c7ccccc7)C1=O,1.0
895,phenethicillin,0,CC(Oc1ccccc1)C(=O)NC2C3SC(C)(C)C(N3C2=O)C(O)=O,1.0
896,pipacycline,0,CN(C)C1C2CC3C(=C(O)c4c(O)cccc4C3(C)O)C(=O)C2(O)C(=O)\C(=C(/O)NCN5CCN(CCO)CC5)C1=O,1.0
897,pirarubicin,0,COc1cccc2C(=O)c3c(O)c4C[C@](O)(C[C@H](O[C@H]5C[C@H](N)[C@H](O[C@H]6CCCCO6)[C@H](C)O5)c4c(O)c3C(=O)c12)C(=O)CO,1.0
898,pirbenicillin,0,CC1(C)SC2C(N([C@H](C(=O)NC(=O)CN)c3ccccc3)C(=N)c4ccncc4)C(=O)N2C1C(O)=O,1.0
899,piridicillin,0,[Na+].CC1(C)S[C@@H]2[C@H](NC(=O)[C@H](NC(=O)C3=CC=C(NC3=O)c4ccc(cc4)[S](=O)(=O)N(CCO)CCO)c5ccc(O)cc5)C(=O)N2[C@H]1C([O-])=O,1.0
900,piroxicillin,0,CC1(C)S[C@@H]2[C@H](NC(=O)[C@H](NC(=O)NC3=CN=C(NC3=O)Nc4ccc(cc4)[S](N)(=O)=O)c5ccc(O)cc5)C(=O)N2[C@H]1C(O)=O,1.0
901,pivampicillin,0,CC(C)(C)C(=O)OCOC(=O)[C@@H]1N2[C@H](SC1(C)C)[C@H](NC(=O)[C@H](N)c3ccccc3)C2=O,1.0
903,prazocillin,0,Cc1cnn(c1C(=O)N[C@H]2[C@H]3SC(C)(C)[C@@H](N3C2=O)C(O)=O)c4c(Cl)cccc4Cl,1.0
904,pristinamycin-ic,0,CC1OC(=O)C(NC(=O)C2CC(=O)CCN2C(=O)C(Cc3ccc(cc3)N(C)C)N(C)C(=O)C4CCCN4C(=O)C(C)NC(=O)C1NC(=O)c5ncccc5O)c6ccccc6,1.0
905,propafenone,0,CCCNCC(O)COc1ccccc1C(=O)CCc2ccccc2,0.023410370212973857
906,propicillin,0,CCC(Oc1ccccc1)C(=O)NC2C3SC(C)(C)C(N3C2=O)C(O)=O,1.0
907,propikacin,0,NCC1OC(OC2C(N)CC(NC(CO)CO)C(OC3OC(CO)C(O)C(N)C3O)C2O)C(N)C(O)C1O,0.5813242609016578
908,quinacillin,0,CC1(C)S[C@@H]2[C@H](NC(=O)c3nc4ccccc4nc3C(O)=O)C(=O)N2[C@H]1C(O)=O,1.0
909,rifabutin,0,CO[C@H]1/C=C/O[C@@]2(C)Oc3c(C)c(O)c4C(=O)C(=C5NC6(CCN(CC6)CC(C)C)N=C5c4c3C2=O)NC(=O)C(=C\C=C\[C@H](C)[C@H](O)[C@@H](C)[C@@H](O)[C@@H](C)[C@H](OC(C)=O)[C@@H]1C)/C,1.0
910,rifametane,0,CCN(CC)C(C)=NN=Cc1c(O)c2c3C(=O)C4(C)OC=CC(OC)C(C)C(OC(C)=O)C(C)C(O)C(C)C(O)C(C)C=CC=C(C)C(=O)Nc1c(O)c2c(O)c(C)c3O4,1.0
911,rifamexil,0,CCN(CC)c1sc2c3NC(=O)C(=C\C=C\[C@H](C)[C@H](O)[C@@H](C)[C@@H](O)[C@@H](C)[C@H](OC(C)=O)[C@H](C)[C@@H](OC)/C=C/O[C@@]4(C)Oc5c(C)c(O)c(c3O)c(c2n1)c5C4=O)/C,1.0
912,rifamide,0,CCN(CC)C(=O)COc1cc2NC(=O)C(=C\C=C\[C@H](C)[C@H](O)[C@@H](C)[C@@H](O)[C@@H](C)[C@H](OC(C)=O)[C@H](C)[C@@H](OC)/C=C/O[C@@]3(C)Oc4c(C)c(O)c(c2O)c1c4C3=O)/C,0.6624310944369147
913,rifampin,0,COC1C=COC5(C)Oc4c(C)c(O)c3c(O)c(NC(=O)C(=CC=CC(C)C(O)C(C)C(O)C(C)C(OC(C)=O)C1C)C)c(C=NN2CCN(C)CC2)c(O)c3c4C5=O,0.7301268351806214
914,rifamycin,0,CO[C@H]1/C=C/O[C@@]2(C)Oc3c(C)c(O)c4c(O)c(NC(=O)C(=C\C=C\[C@H](C)[C@H](O)[C@@H](C)[C@@H](O)[C@@H](C)[C@H](OC(C)=O)[C@@H]1C)/C)cc(O)c4c3C2=O,0.6598771215620888
915,rifapentine,0,CO[C@H]1\C=C\O[C@@]2(C)Oc3c(C)c(O)c4C(=C(NC(=O)C(=C/C=C/[C@H](C)[C@H](O)[C@@H](C)[C@@H](O)[C@@H](C)[C@H](OC(C)=O)[C@@H]1C)\C)C(=C/NN5CCN(CC5)C6CCCC6)\C(=O)c4c3C2=O)O,1.0
916,rifaximin,0,CO[C@H]1/C=C/O[C@@]2(C)Oc3c(C)c(O)c4c(O)c(NC(=O)C(=C\C=C\[C@H](C)[C@H](O)[C@@H](C)[C@@H](O)[C@@H](C)[C@H](OC(C)=O)[C@@H]1C)/C)c5n6ccc(C)cc6nc5c4c3C2=O,1.0
917,ritipenem,0,[Na+].C[C@@H](O)[C@@H]1[C@H]2SC(=C(N2C1=O)C([O-])=O)COC(N)=O,1.0
918,rodorubicin,0,CC[C@@]1(O)C[C@H](O[C@H]2C[C@@H]([C@H](O[C@H]3C[C@@H]4O[C@H]5CC(=O)[C@H](C)O[C@H]5O[C@@H]4[C@H](C)O3)[C@H](C)O2)N(C)C)c6c(O)c7C(=O)c8c(O)cccc8C(=O)c7c(O)c6[C@H]1O[C@H]9C[C@@H]([C@H](O)[C@H](C)O9)N(C)C,1.0
919,rotamicillin,0,CC1(C)S[C@@H]2[C@H](NC(=O)[C@H](NC(=O)Cc3ccc(cc3)C4=NCCCN4)c5ccccc5)C(=O)N2[C@H]1C(O)=O,1.0
920,roxithromycin,0,CC[C@H]1OC(=O)[C@H](C)[C@@H](O[C@H]2C[C@@](C)(OC)[C@@H](O)[C@H](C)O2)[C@H](C)[C@@H](O[C@@H]3O[C@H](C)C[C@@H]([C@H]3O)N(C)C)[C@](C)(O)C[C@@H](C)\C(=N\OCOCCOC)[C@H](C)[C@@H](O)[C@]1(C)O,0.489939150523201
921,sanfetrinem,0,COC1CCCC2C3C(C(C)O)C(=O)N3C(=C12)C([O-])=O,1.0
922,sarmoxicillin,0,COCOC(=O)C1N2C(SC1(C)C)C(N3C(=O)C(NC3(C)C)c4ccc(O)cc4)C2=O,1.0
923,sarpicillin,0,COCOC(=O)[C@@H]1N2[C@H](SC1(C)C)[C@H](N3C(=O)C(NC3(C)C)c4ccccc4)C2=O,1.0
925,sisomicin,0,CN[C@@H]1[C@@H](O)[C@H](OC[C@]1(C)O)O[C@H]2[C@H](N)C[C@H](N)[C@@H](O[C@H]3OC(=CC[C@H]3N)CN)[C@@H]2O,1.0
926,spiramycin,0,COC1C(O)CC(=O)OC(C)C\C=C\C=C\C(OC2CCC(C(C)O2)N(C)C)C(C)CC(CC=O)C1OC3OC(C)C(OC4CC(C)(O)C(O)C(C)O4)C(C3O)N(C)C,1.0
927,sulbenicillin,0,CC1(C)S[C@@H]2[C@H](NC(=O)C(c3ccccc3)[S](O)(=O)=O)C(=O)N2[C@H]1C(O)=O,1.0
928,sulopenem,0,C[C@@H](O)[C@@H]1[C@H]2SC(=C(N2C1=O)C(O)=O)SC3CC[S](=O)C3,1.0
929,sultamicillin,0,CC1(C)S[C@@H]2[C@H](NC(=O)[C@H](N)c3ccccc3)C(=O)N2[C@H]1C(O)=O.CC4(C)[C@@H](N5[C@@H](CC5=O)[S]4(=O)=O)C(O)=O,1.0
930,suncillin,0,[Na+].[Na+].CC1(C)S[C@@H]2[C@H](NC(=O)[C@H](N[S]([O-])(=O)=O)c3ccccc3)C(=O)N2[C@H]1C([O-])=O,1.0
932,talampicillin,0,CC1(C)S[C@@H]2[C@H](NC(=O)[C@H](N)c3ccccc3)C(=O)N2[C@H]1C(=O)OC4OC(=O)c5ccccc45,1.0
933,tazobactam,0,C[C@]1(Cn2ccnn2)[C@@H](N3[C@@H](CC3=O)[S]1(=O)=O)C(O)=O,1.0
935,temocillin,0,CO[C@]1(NC(=O)C(C(O)=O)c2cscc2)[C@H]3SC(C)(C)[C@@H](N3C1=O)C(O)=O,1.0
936,theodrenaline,0,CN1C(=O)N(C)c2ncn(CCNCC(O)c3ccc(O)c(O)c3)c2C1=O,1.0
937,thiphencillin,0,CC1(C)SC2C(NC(=O)CSc3ccccc3)C(=O)N2C1C(O)=O,1.0
938,tigemonam,0,CC1(C)[C@H](NC(=O)C(=N\OCC(O)=O)/c2csc(N)n2)C(=O)N1O[S](O)(=O)=O,1.0
939,tobicillin,0,CC(C)C(=O)OCc1cccc(OC(=O)[C@@H]2N3[C@H](SC2(C)C)[C@H](NC(=O)Cc4ccccc4)C3=O)c1,1.0
940,tobramycin,0,NC[C@H]1O[C@H](O[C@@H]2[C@@H](N)C[C@@H](N)[C@H](O[C@H]3O[C@H](CO)[C@@H](O)[C@H](N)[C@H]3O)[C@H]2O)[C@H](N)C[C@@H]1O,1.0
942,troleandomycin,0,CO[C@H]1C[C@@H](O[C@@H](C)[C@@H]1OC(C)=O)O[C@H]2[C@H](C)[C@@H](O[C@@H]3O[C@H](C)C[C@@H]([C@H]3OC(C)=O)N(C)C)[C@@H](C)C[C@@]4(CO4)C(=O)[C@H](C)[C@@H](OC(C)=O)[C@@H](C)[C@@H](C)OC(=O)[C@@H]2C,1.0
944,tymazoline,0,CC(C)c1ccc(C)cc1OCC2=NCCN2,1.0
945,vindesine,0,CC[C@]1(O)C[C@H]2CN(CCc3c([nH]c4ccccc34)[C@@](C2)(C(=O)OC)c5cc6c(cc5OC)N(C)[C@H]7[C@](O)([C@H](O)[C@]8(CC)C=CCN9CC[C@]67[C@H]89)C(N)=O)C1,0.0021360215582295716
946,virginiamycin-factor-m1,0,CC(C)C1OC(=O)C2=CCCN2C(=O)c3coc(CC(=O)CC(O)\C=C(C)/C=C\CNC(=O)\C=C/C1C)n3,1.0
948,zorubicin,0,[Cl-].COc1cccc2C(=O)c3c(O)c4C[C@](O)(C[C@H](O[C@H]5C[C@H](N)[C@H](O)[C@H](C)O5)c4c(O)c3C(=O)c12)/C(C)=N/NC(=O)c6ccccc6.[H+],1.0
949,cryofluorane,1,ClC(C(F)(F)Cl)(F)F,1.0
951,fenetylline,1,[H+].C1=NC3=C([N]1CCNC(CC2=CC=CC=C2)C)C(=O)N(C(=O)N3C)C.[Cl-],0.06490275521409114
952,acaprazine,1,C1=C(Cl)C=CC(=C1N2CCN(CCCNC(C)=O)CC2)Cl,1.0
956,aceglutamide,1,C(C(NC(C)=O)C(O)=O)CC(N)=O,1.0
960,acetiamine,1,C1=NC(=NC(=C1CN(C(=C(\CCOC(C)=O)SC(C)=O)/C)C=O)N)C,1.0
964,acevaltrate,1,[C@]12(OC1)[C@@H]3C(=C[C@@H]2OC(=O)CC(OC(=O)C)(C)C)C(=CO[C@H]3OC(=O)CC(C)C)COC(=O)C,0.24135546937146976
966,acyclovir/aciclovir,1,C1=NC2=C([N]1COCCO)NC(=NC2=O)N,0.3854350714637907
967,adafenoxate,1,C1=CC(=CC=C1OCC(OCCNC23CC4CC(C2)CC(C3)C4)=O)Cl,0.2387282509479474
968,adatanserin,1,C1=NC(=NC=C1)N5CCN(CCNC(C23CC4CC(C2)CC(C3)C4)=O)CC5,1.0
969,alaproclate,1,C1=CC(=CC=C1CC(OC(C(C)N)=O)(C)C)Cl,0.004173028824898151
972,alfadolone,1,[C@@H]12C4([C@@H](CCC1[C@H]3C(CC2=O)(C(CC3)C(=O)CO)C)C[C@H](O)CC4)C,0.2354695740453864
973,alfaxalone/renanolone,1,[C@@H]23[C@H]([C@H]1[C@]([C@@H](C(C)=O)CC1)(C)CC2=O)CC[C@@H]4[C@@]3(CC[C@H](C4)O)C,1.0
974,algestone-acetonide,1,CC14C5(C(CC1C3C(C2(C(=CC(=O)CC2)CC3)C)CC4)OC(O5)(C)C)C(C)=O,1.0
975,aliflurane,1,COC1(C(F)(F)C1(F)Cl)F,1.0
977,allomethadione,1,C(N1C(C(C)OC1=O)=O)C=C,1.0
978,almoxatone,1,[C@H]3(CN(C2=CC=C(OCC1=CC=CC(=C1)Cl)C=C2)C(O3)=O)CNC,1.0
981,aloracetam,1,C1=C([N](C(=C1C=O)C)CCNC(C)=O)C,0.020306250376545678
983,alphameprodine/betameprodine,1,[C@]2(C1=CC=CC=C1)([C@H](CN(C)CC2)CC)OC(CC)=O,1.0
984,alphamethadol,1,[C@H](C(C1=CC=CC=C1)(C2=CC=CC=C2)C[C@H](N(C)C)C)(CC)O,0.13281471753462443
986,alrestatin,1,C1=CC=C3C2=C1C(N(CC(O)=O)C(C2=CC=C3)=O)=O,1.0
989,amcinonide,1,[C@@]45([C@@]3([C@H]([C@H]2[C@]([C@@]1(C(=CC(=O)C=C1)CC2)C)(F)[C@H](C3)O)C[C@H]4OC6(O5)CCCC6)C)C(COC(C)=O)=O,1.0
992,amesergide,1,[C@H]4(CC3C2=C1C(=C[N](C1=CC=C2)C(C)C)CC3N(C4)C)C(NC5CCCCC5)=O,1.0
994,amineptine,1,C3=C2C([NH2+]CCCCCCC(O)=O)C1=CC=CC=C1CCC2=CC=C3.[Cl-],0.11152531508903696
996,amitriptylinoxide,1,C1=CC=CC2=C1C(C3=C(CC2)C=CC=C3)=CCC[N+](C)(C)[O-],0.023607401399329018
997,amixetrine,1,C1=CC=CC=C1C(CN2CCCC2)OCCC(C)C,0.1081221199575455
998,amperozide,1,C3=C(C(C1=CC=C(C=C1)F)CCCN2CCN(C(NCC)=O)CC2)C=CC(=C3)F,1.0
1002,anileridine,1,C3=C(CCN1CCC(CC1)(C2=CC=CC=C2)C(OCC)=O)C=CC(=C3)N,1.0
1004,anseculin,1,COc2cc1oc(=O)c(C)c(C)c1cc2OCCCN3CCN(CC3)c4ccccc4OC,0.015287442344721344
1006,aprobarbital,1,C(C1(C(NC(=O)NC1=O)=O)C(C)C)C=C,1.0
1012,atropine-oxide,1,C1=CC=CC=C1C(C(OC2CC3[N+](C(C2)CC3)(C)[O-])=O)CO,0.14720404435401013
1013,avizafone,1,[C@@H](C(NCC(N(C1=CC=C(C=C1C(C2=CC=CC=C2)=O)Cl)C)=O)=O)(CCCCN)N,0.14109836623513755
1015,azabon,1,C1=CC(=CC=C1[S](N2CC3CCC(C2)CC3)(=O)=O)N,0.14786521469327674
1016,azabuperone,1,C1=CC(=CC=C1C(CCCN2CC3N(CC2)CCC3)=O)F,0.010544206271628774
1017,azacyclonol,1,C3=C(C(O)(C1=CC=CC=C1)C2CCNCC2)C=CC=C3,1.0
1018,azaloxan,1,O=C1NCCN1C4CCN(CCC3COc2ccccc2O3)CC4,1.0
1021,azipramine,1,CN(CCc2cc3cccc4CCc1ccccc1n2c34)Cc5ccccc5,1.0
1022,balaperidone,1,[C@H]13[C@H](C[C@@H]1C2=CC=C(F)C=C2)CN(C3)CCN4C(=O)C5=C(NC4=O)C=CC=C5,0.029161821030486288
1024,barbital,1,C(C1(C(NC(=O)NC1=O)=O)CC)C,0.0058605787502522665
1025,batelapine,1,C1=CC=CC3=C1N=C([N]2C(=NC(=N2)C)C3)N4CCN(C)CC4,1.0
1027,beclomethasone/beclometasone,1,[C@]23([C@H]([C@H]1[C@]([C@](C(CO)=O)(O)[C@H](C1)C)(C)C[C@@H]2O)CCC4=CC(=O)C=C[C@]34C)Cl,1.0
1028,befloxatone,1,[C@@H]2(CN(C1=CC=C(C=C1)OCC[C@H](C(F)(F)F)O)C(O2)=O)COC,0.20654267192262687
1029,bemegride,1,C(C1(CC(NC(C1)=O)=O)C)C,0.1275853576009125
1032,bentazepam,1,C4=C(C2=C1C3=C(SC1=NC(=O)CN2)CCCC3)C=CC=C4,0.04067658453460391
1034,benzaprinoxide,1,C1=CC=C(Cl)C3=C1\C(C2=CC=CC=C2C=C3)=C/CC[N+]([O-])(C)C,0.03389463332695425
1036,benzyl-alcohol,1,C(C1=CC=CC=C1)O,1.0
1043,bipenamol,1,S1[C@H]4N(CC1(C2CN3[C@H](S2)CC3=O)O)C(C4)=O,0.13006322568044296
1046,bisorcic,1,[C@H](CCCNC(C)=O)(C(O)=O)NC(C)=O,1.0
1047,blonanserin,1,C1=C(C3=C(N=C1N2CCN(CC)CC2)CCCCCC3)C4=CC=C(F)C=C4,1.0
1049,brofoxine,1,C1=CC(=CC2=C1NC(=O)OC2(C)C)Br,0.2883909211506162
1050,bromisoval,1,CC(C(C(NC(N)=O)=O)Br)C,0.14488246456215997
1052,brosotamide,1,C1=C(C(=C(C=C1Br)C)O)C(N)=O,1.0
1054,brotizolam,1,C1=C(Br)SC2=C1C(=NCC3=NN=C([N]23)C)C4=C(C=CC=C4)Cl,0.387121282275906
1059,butoctamide,1,C(C(CCCC)CC)NC(CC(C)O)=O,1.0
1061,cabergoline,1,[C@@H]34C1=CC=CC2=C1C(=C[NH]2)C[C@H]3N(C[C@@H](C4)C(N(C(NCC)=O)CCCN(C)C)=O)CC=C,0.3225549365926888
1064,camphor,1,CC12C(C(CC1=O)CC2)(C)C,1.0
1065,caproxamine,1,C1=C(C(=CC=C1C(/CCCCC)=N\OCCN)C)N,0.4331920751256946
1068,carburazepam,1,C1=C(Cl)C=CC2=C1C(N(CC(=O)N2C)C(N)=O)C3=CC=CC=C3,1.0
1069,carfimate,1,C1=C(C(OC(N)=O)C#C)C=CC=C1,0.0690583332265225
1070,carmantadine,1,O=C(C4N(C12CC3CC(C1)CC(C2)C3)CC4)O,1.0
1071,caroxazone,1,C1=CC=CC2=C1CN(CC(N)=O)C(O2)=O,1.0
1072,carperone,1,C2=C(C(CCCN1CCC(OC(NC(C)C)=O)CC1)=O)C=CC(=C2)F,0.16188352363097494
1076,cebaracetam,1,C1=CC(=CC=C1C3CN(CC(N2CC(NCC2)=O)=O)C(C3)=O)Cl,0.0006748110362320678
1077,celucloral,1,OC1OC(COCCOC(O)C(Cl)(Cl)Cl)C(OC2OC(COCCOCCOC(O)C(Cl)(Cl)Cl)CC(OC(O)C(Cl)(Cl)Cl)C2O)C(OCCOCCOC(O)C(Cl)(Cl)Cl)C1O,0.24015378515928465
1079,cetohexazine,1,CC1=CC(=NNC1=O)C,0.026921025167059097
1081,cetotiamine,1,C1=C(CN(C(=C(SC(OCC)=O)/CCOC(OCC)=O)/C)C=O)C(=NC(=N1)C)N,1.0
1082,chloralose,1,[C@@H]2(OC1O[C@@H](O[C@@H]1[C@H]2O)C(Cl)(Cl)Cl)[C@H](O)CO,0.07587965431485647
1084,chlormezanone,1,C1=CC(=CC=C1C2[S](CCC(N2C)=O)(=O)=O)Cl,0.08229027758621103
1085,chloroform,1,C(Cl)(Cl)Cl,0.5728228646667785
1087,chromocarb,1,C1=C2C(=CC=C1)C(C=C(O2)C(O)=O)=O,0.15541028853042935
1089,ciclotizolam,1,C1=C(SC2=C1C(=NCC3=NN=C([N]23)C4CCCCC4)C5=CC=CC=C5Cl)Br,1.0
1090,cicortonide,1,[C@H]23C([C@@]1(OC(O[C@@H]1C2)(C)C)C(=O)COC(=O)C)(CC(O)[C@@]4(F)C3CC(=C5C4(CCC(=C5)OCCCl)C)C#N)C,1.0
1091,cilobamine,1,[C@@]1([C@H](C2CCC1CC2)NC(C)C)(C3=CC(=C(C=C3)Cl)Cl)O,1.0
1092,cimemoxin,1,C(C1CCCCC1)NN,0.16870571925410022
1093,cimepanol,1,CC(C(C1CCCCC1)O)C,0.2855882283246688
1094,cimoxatone,1,C1=CC(=CC=C1N2CC(COC)OC2=O)OCC3=CC(=CC=C3)C#N,0.3540676320425519
1095,cinoctramide,1,C1=C(C(=C(C=C1\C=C\C(N2CCCCCCC2)=O)OC)OC)OC,1.0
1097,ciprazafone,1,C1=C(Cl)C=CC(=C1C(C2=C(C=CC=C2)Cl)=O)N(C(CNC3CC3)=O)C,0.09776581041948224
1102,clobetasone,1,[C@@]23(F)[C@H]([C@H]1[C@@]([C@@]([C@H](C1)C)(O)C(=O)CCl)(CC2=O)C)CCC4=CC(=O)C=C[C@]34C,0.11302239482138261
1105,clocortolone,1,[C@@]24(Cl)C1(C(=CC(=O)C=C1)[C@@H](F)CC2C3C(C([C@@H](C3)C)C(=O)CO)(CC4O)C)C,0.2224813478009239
1106,clocortolone-acetate,1,[C@H]2(C1=CC(C=C[C@@]1(C4([C@@H](C2)[C@@H]3C[C@H]([C@H](C(COC(=O)C)=O)[C@@]3(C)C[C@@H]4O)C)Cl)C)=O)F,1.0
1107,clocortolone-pivalate,1,[C@@]24(Cl)C1(C(=CC(=O)C=C1)[C@@H](F)CC2C3C(C([C@@H](C3)C)C(=O)COC(=O)C(C)(C)C)(CC4O)C)C,1.0
1109,clofenciclan,1,C2=C(C1(OCCN(CC)CC)CCCCC1)C=CC(=C2)Cl,0.11709352549921898
1111,clopenthixol/zuclopenthixol,1,C1=C(Cl)C=CC3=C1\C(C2=C(C=CC=C2)S3)=C/CCN4CCN(CCO)CC4,1.0
1112,cloperidone,1,C1=CC=CC4=C1C(N(CCCN3CCN(C2=CC(=CC=C2)Cl)CC3)C(N4)=O)=O,0.08534572705539117
1114,clorethate/cloretate,1,C(C(Cl)(Cl)Cl)OC(OCC(Cl)(Cl)Cl)=O,1.0
1115,clorgiline,1,C1=C(C(=CC(=C1)Cl)Cl)OCCCN(CC#C)C,0.0895744438815154
1116,cloroperone,1,C3=C(C(C2CCN(CCCC(C1=CC=C(F)C=C1)=O)CC2)=O)C=CC(=C3)Cl,0.13939189851712833
1118,clotiazepam,1,C1=C(CC)SC2=C1C(=NCC(N2C)=O)C3=CC=CC=C3Cl,0.026106856197005666
1119,cloticasone(cloticasone-propionate),1,[C@]34([C@H](C2[C@@](F)([C@@]1(C(=CC(=O)C=C1)[C@@H](F)C2)C)[C@@H](O)C3)C[C@H]([C@]4(OC(=O)CC)C(SCCl)=O)C)C,1.0
1120,clotixamide(clotixamide),1,CNC(=O)CCN1CCN(CCC=C2c3ccccc3Sc3ccc(cc23)Cl)CC1,0.23167695322024673
1122,conorphone(conorfone),1,[C@H]12C5CC4=C3[C@]1([C@H](C(C[C@@H]2CC)=O)OC3=C(C=C4)OC)CCN5CC6CC6,1.0
1123,cormetasone,1,CC1CC2C3CC(F)(F)C4=CC(=O)C=C[C@]4(C)C3(F)C(O)CC2(C)C1(O)C(=O)CO,0.05166865312264518
1124,cortexolone(cortodoxonecortifen),1,C(O)C(=O)C4(O)C3(C(C2C(C1(C(=CC(=O)CC1)CC2)C)CC3)CC4)C,0.047777205656324685
1126,cortisuzol,1,[C@H]37[C@H]2[C@@]([C@](C(COC(C1=CC(=CC=C1)[S](O)(=O)=O)=O)=O)(O)[C@@H](C2)C)(C[C@@H]([C@@H]3[C@@]4(C(=CC5=C(C4)C=N[N]5C6=CC=CC=C6)C(=C7)C)C)O)C,0.032776056710866086
1127,cortivazol,1,[C@H]26[C@H]1[C@@]([C@](C(COC(C)=O)=O)(O)[C@@H](C1)C)(C[C@@H]([C@@H]2[C@@]3(C(=CC4=C(C3)C=N[N]4C5=CC=CC=C5)C(=C6)C)C)O)C,0.06385927332213619
1128,cotinine,1,C1=CC=NC=C1C2N(C(=O)CC2)C,0.08909183262312746
1129,cotriptyline,1,C1=CC=CC2=C1C(C3=C(CC2)C=CC=C3)=CC(CN(C)C)=O,1.0
1130,crilvastatin,1,CC2(CC(OC(C1NC(=O)CC1)=O)CC(C2)C)C,0.18216166411632134
1131,crotetamide,1,C(C(N(C(\C=C\C)=O)CC)C(N(C)C)=O)C,0.00419311439843784
1132,cyclarbamate,1,C1=CC=CC=C1NC(OCC3(COC(NC2=CC=CC=C2)=O)CCCC3)=O,0.11991579113688108
1134,cyclobarbital,1,C(C2(C1=CCCCC1)C(NC(=O)NC2=O)=O)C,1.0
1136,cyclopregnol,1,[C@]23(C1(C(C1)CC2)[C@H](O)C[C@@H]4[C@@H]3CC[C@]5([C@H]4CC[C@@H]5C(=O)C)C)C,1.0
1138,cyheptamide,1,C1=CC=CC3=C1C(C2=C(C=CC=C2)CC3)C(N)=O,0.14582233036606504
1139,cyprenorphine,1,[C@@]135C67[C@@H](N(CC1)CC2CC2)CC4=CC=C(O)C(=C34)O[C@@H]5C(OC)(C(C6)C(O)(C)C)C=C7,0.2084945470866643
1140,cyprodenate,1,C(C1CCCCC1)CC(OCCN(C)C)=O,1.0
1141,cyprolidol,1,C4=C(C(C2C(C1=CC=NC=C1)C2)(C3=CC=CC=C3)O)C=CC=C4,1.0
1143,dacemazine,1,C1=CC=CC3=C1N(C2=C(C=CC=C2)S3)C(CN(C)C)=O,1.0
1144,dazadrol,1,C1=CC(=CC=C1C(C2=NCCN2)(C3=NC=CC=C3)O)Cl,1.0
1145,decimemide,1,C1=C(C(N)=O)C=C(C(=C1OC)OCCCCCCCCCC)OC,0.15421097406999357
1146,delfaprazine,1,C1=C(C(=CC=C1C)CC2=CC=CC=C2)N3CCNCC3,0.139469060950888
1147,demoxepam,1,C3=C(C1=C2C(=NC(=O)CN1O)C=CC(=C2)Cl)C=CC=C3,1.0
1151,descinolone(descinolone-acetonide),1,[C@H]34[C@H]2[C@@](F)([C@@]1(C(=CC(=O)C=C1)CC2)C)[C@@H](O)C[C@@]3([C@](O)([C@H](O)C4)C(=O)C)C,0.004520498334845176
1152,desonide,1,[C@]12(OC(O[C@@H]1C[C@@H]3C2(CC(O)[C@H]4C3CCC5=CC(=O)C=CC45C)C)(C)C)C(=O)CO,0.13993075253640916
1153,desoximetasone,1,[C@H]23[C@@]([C@@]1(C(=CC(=O)C=C1)CC2)C)([C@H](C[C@]4([C@H]3C[C@@H](C)[C@@H]4C(CO)=O)C)O)F,1.0
1155,dexamethasone-acefurate,1,[C@]4([C@@]3([C@H]([C@H]2[C@]([C@@]1(C(=CC(=O)C=C1)CC2)C)(F)[C@H](C3)O)C[C@H]4C)C)(OC(C5=CC=CO5)=O)C(COC(C)=O)=O,0.2141644485021329
1156,dexamisole,1,[C@@H]3(C1=CC=CC=C1)CN2CCSC2=N3,0.09129568364341774
1157,deximafen(imafen),1,C3=C(C1N2C(=NC1)NCC2)C=CC=C3,0.13551084818758188
1158,dexoxadrol(dioxadrolandlevoxadrol),1,[C@@H]1(NCCCC1)[C@@H]2OC(OC2)(C3=CC=CC=C3)C4=CC=CC=C4,0.26822583783480114
1159,dichlorisone,1,[C@@]23(Cl)C(C1C([C@](O)(CC1)C(=O)CO)(CC2Cl)C)CCC4=CC(=O)C=CC34C,0.13727855542573356
1160,dichlorisone-acetate,1,[C@@]23(Cl)C(C1C([C@](O)(CC1)C(=O)COC(=O)C)(CC2Cl)C)CCC4=CC(=O)C=CC34C,0.0007050012908325274
1162,diclometide,1,C1=C(Cl)C=C(C(=C1C(NCCN(CC)CC)=O)OC)Cl,1.0
1163,didrovaltrate,1,[C@]23([C@@H]1[C@@H](C(=CO[C@H]1OC(=O)CC(C)C)COC(=O)CC(C)C)C[C@@H]2OC(=O)C)OC3,1.0
1164,difebarbamate,1,C2=C(C1(C(N(C(=O)N(C1=O)CC(COCCCC)OC(N)=O)CC(COCCCC)OC(N)=O)=O)CC)C=CC=C2,1.0
1165,difluanine(difluanazine),1,C4=C(C(C1=CC=C(C=C1)F)CCCN3CCN(CCNC2=CC=CC=C2)CC3)C=CC(=C4)F,1.0
1166,diflucortolone,1,[C@@]24(F)C1(C(=CC(=O)C=C1)[C@@H](F)CC2C3C(C([C@@H](C3)C)C(=O)CO)(CC4O)C)C,0.12859590267188276
1167,diflucortolone-pivalate,1,[C@H]23[C@@]([C@@]1(C(=CC(=O)C=C1)[C@H](C2)F)C)([C@H](C[C@]4([C@H]3C[C@@H](C)[C@@H]4C(COC(C(C)(C)C)=O)=O)C)O)F,0.19119627981799517
1169,dimethadione,1,CC1(C(NC(O1)=O)=O)C,1.0
1171,dimethylamphetamine(dimethamphetamine),1,CN(C(C)CC1=CC=CC=C1)C,1.0
1172,dimiracetam,1,O=C2N1C(NC(=O)C1)CC2,1.0
1173,dioxamate,1,C(C1(OC(COC(N)=O)CO1)C)CCCCCCCC,1.0
1174,diphoxazide,1,C2=C(C(C1=CC=CC=C1)(CC(NNC(C)=O)=O)O)C=CC=C2,1.0
1175,diprenorphine,1,[C@]235[C@@]67[C@H](N(CC1CC1)CC2)CC4=C3C(=C(C=C4)O)O[C@H]5[C@](OC)([C@H](C6)C(C)(C)O)CC7,0.19916567339577626
1176,divaplon,1,C1=C(N=C2[N]1C(=C(CC)C(=N2)OC)C)C(C3=CC=CC=C3)=O,0.07537874217442726
1178,domoprednate,1,[C@]4([C@@]3([C@H]([C@H]2[C@@H]([C@@]1(C(=CC(=O)C=C1)CC2)C)[C@H](C3)O)CCC4)C)(OC(CCC)=O)C(C)=O,0.028657975442048948
1181,doxapram,1,C1=CC=CC=C1C2(C(CN(C2=O)CC)CCN3CCOCC3)C4=CC=CC=C4,1.0
1182,drotebanol,1,[C@@]123C4=C(C[C@H]([C@@]1(CC[C@H](C2)O)O)N(CC3)C)C=CC(=C4OC)OC,1.0
1184,duoperone,1,C1=C(C(F)(F)F)C=CC3=C1N(C2=C(C=CC=C2)S3)CCCN5CCC(C(C4=CC=C(F)C=C4)=O)CC5,0.1289650096540974
1185,dupracetam,1,C(N1C(CCC1)=O)C(NNC(CN2C(CCC2)=O)=O)=O,1.0
1186,eclanamine,1,[C@H]2(N(C1=CC=C(C(=C1)Cl)Cl)C(CC)=O)[C@@H](CCC2)N(C)C,1.0
1187,edaravone,1,C2=C(N1N=C(C)CC1=O)C=CC=C2,1.0
1188,efetozole,1,C1=CC=CC=C1C(C)[N]2C=CN=C2C,0.12175662848450378
1189,elanzepine,1,C1=CC(=CC3=C1\C(C2=CC=CC=C2N3)=C/CN(CC)CC)Cl,0.14611301589931955
1190,elfazepam,1,C1=C(Cl)C=CC2=C1C(=NCC(N2CC[S](CC)(=O)=O)=O)C3=CC=CC=C3F,0.20166198852866218
1191,elopiprazole,1,C1=C(C2=C(C=C1)C=CO2)N5CCN(CC3=CC=C([NH]3)C4=CC=C(C=C4)F)CC5,1.0
1192,eltoprazine,1,C1=C(C2=C(C=C1)OCCO2)N3CCNCC3,0.1107656540251944
1193,embutramide,1,C1=C(C=CC=C1C(CNC(CCCO)=O)(CC)CC)OC,0.05189220231108652
1195,encyprate,1,C1=CC=CC=C1CN(C2CC2)C(OCC)=O,1.0
1197,endomide,1,[C@@H]1([C@@H]([C@H]2C=C[C@@H]1C2)C(N(CC)CC)=O)C(N(CC)CC)=O,1.0
1198,endrysone(endrisone),1,CC3CC2C1CCC(C(C)=O)C1(C)CC(O)C2C4(C)C=CC(=O)C=C34,1.0
1199,enilospirone,1,C3=C(OC2C1(NC(=O)C(O1)C)CCCC2)C=CC=C3Cl,1.0
1200,eptastigmine,1,[C@@]12(C3=C(N(C)[C@H]1N(C)CC2)C=CC(=C3)OC(NCCCCCCC)=O)C,1.0
1203,etamiphyllin,1,C1=NC2=C([N]1CCN(CC)CC)C(N(C)C(N2C)=O)=O,0.3671674158247638
1204,etasuline,1,C1=C(Cl)C=CC3=C1C(C2=CC=CC=C2)SC(=N3)NCC,0.13236676873556102
1205,etazepine,1,C1=CC=CC2=C1C(C3=C(N(C)C2=O)C=CC=C3)OCC,0.13537355440899815
1207,ethylene(ethene),1,C(C)Cl,0.04578308653576706
1209,ethypicone,1,C(C1(C(C(=CNC1=O)C)=O)CC)C,1.0
1210,eticyclidine,1,C2=C(C1(CCCCC1)NCC)C=CC=C2,1.0
1212,etiracetam(levetiracetam),1,C(C(N1C(CCC1)=O)C(N)=O)C,1.0
1213,etisulergine,1,[C@@H]34C1=CC=CC2=C1C(=C[NH]2)C[C@H]3N(C[C@H](C4)N[S](N(CC)CC)(=O)=O)C,0.5524973822433316
1215,etoperidone,1,C1=C(C=CC=C1N3CCN(CCCN2C(N(C(=N2)CC)CC)=O)CC3)Cl,0.15979996914374714
1216,etorphine,1,C2=CC(=C3OC5C14C6(C(N(CC1)C)CC2=C34)CC(C5(OC)C=C6)C(O)(CCC)C)O,1.0
1217,etoxadrol,1,C3=C(C2(OC(C1CCCCN1)CO2)CC)C=CC=C3,1.0
1221,fasoracetam,1,[C@H]1(NC(=O)CC1)C(=O)N2CCCCC2,0.22293325505236863
1222,febarbamate,1,C2=C(C1(C(N(CC(COCCCC)OC(N)=O)C(=O)NC1=O)=O)CC)C=CC=C2,1.0
1223,felbamate,1,C1=C(C(COC(N)=O)COC(N)=O)C=CC=C1,0.10930863255063043
1224,femoxetine,1,C3=C(C2C(COC1=CC=C(OC)C=C1)CN(C)CC2)C=CC=C3,1.0
1225,fenaperone,1,C1=CC(=CC=C1C(CCCN3CCN(C(OC2CCCCC2)=O)CC3)=O)F,0.07153631198654717
1226,fenbutrazate,1,C3=C(C1C(N(CCO1)CCOC(C(C2=CC=CC=C2)CC)=O)C)C=CC=C3,1.0
1227,fencamfamin,1,C3=C(C1C(NCC)C2CC1CC2)C=CC=C3,1.0
1228,fengabine,1,C2=C(\C(NCCCC)=C\1C=C(Cl)C=CC1=O)C(=CC=C2)Cl,0.04326457781264098
1229,fenharmane,1,C4=C3[NH]C1=C(CCNC1CC2=CC=CC=C2)C3=CC=C4,0.04864813567866471
1230,fenimide,1,C2=C(C1(C(C(=O)NC1=O)CC)C)C=CC=C2,1.0
1231,fenmetozole,1,C1=C(C(=CC=C1OCC2=NCCN2)Cl)Cl,0.08333248334332718
1232,fenmetramide,1,C1=CC=CC=C1C2C(NC(=O)CO2)C,0.21095422882602297
1233,fenobam,1,C1=C(C=CC=C1NC(NC2=NC(=O)CN2C)=O)Cl,0.15849960397059898
1234,fenozolone,1,C1=CC=CC=C1C2C(N=C(O2)NCC)=O,1.0
1236,fepitrizol,1,C3=C(C1=NC(=N[N]1C)C2=CC=CN=C2)C(=CC=C3)CO,0.1626687436110545
1237,fipexide,1,C1=C4C(=CC(=C1)CN3CCN(C(COC2=CC=C(Cl)C=C2)=O)CC3)OCO4,0.11134159976778671
1238,flerobuterol,1,C1=C(C(CNC(C)(C)C)O)C(=CC=C1)F,1.0
1240,fluacizine,1,C1=C(C(F)(F)F)C=CC3=C1N(C2=C(C=CC=C2)S3)C(CCN(CC)CC)=O,0.3332116664317469
1241,fluazacort,1,[C@@]34(F)C(C2C(C1(N=C(OC1C2)C)C(=O)COC(=O)C)(CC3O)C)CCC5=CC(=O)C=CC45C,0.15839725597953142
1242,flubanilate,1,CCOC(=O)N(CCN(C)C)c1cccc(c1)C(F)(F)F,0.044513034905588895
1247,flumezapine,1,C1=C(F)C=CC2=C1NC(=C3C(=N2)SC(=C3)C)N4CCN(CC4)C,1.0
1249,fluocinonide,1,[C@@]45([C@@]3([C@H]([C@H]2[C@]([C@@]1(C(=CC(=O)C=C1)[C@H](C2)F)C)(F)[C@H](C3)O)C[C@H]4OC(O5)(C)C)C)C(COC(C)=O)=O,1.0
1250,fluocortin,1,CCCCOC(=O)C(=O)C3C(C)CC4C2CC(F)C1=CC(=O)C=CC1(C)C2C(O)CC34C,1.0
1251,fluocortolone-caproate,1,CCCCCC(=O)OCC(=O)C3C(C)CC4C2CC(F)C1=CC(=O)C=CC1(C)C2C(O)CC34C,0.2908628676794711
1254,fluotracen,1,[C@@H]1(C3=C([C@H](C2=C1C=CC=C2)C)C=CC(=C3)C(F)(F)F)CCCN(C)C,0.3009880092539962
1255,fluoxetine,1,C2=C(C(OC1=CC=C(C=C1)C(F)(F)F)CCNC)C=CC=C2,0.4801679446880815
1256,fluphenazine-enanthate,1,C1=C(C(F)(F)F)C=CC3=C1N(C2=C(C=CC=C2)S3)CCCN4CCN(CCOC(CCCCCC)=O)CC4,0.06012634660448751
1257,flupimazine,1,C1=CC=CC3=C1N(CCCN2CCC(OCCO)CC2)C4=C(S3)C=CC(=C4)C(F)(F)F,0.20274366736091468
1258,fluprazine,1,C1=C(C=CC=C1N2CCN(CCNC(N)=O)CC2)C(F)(F)F,1.0
1259,fluspirilene,1,C1=CC=CC=C1N2C5(C(NC2)=O)CCN(CCCC(C3=CC=C(C=C3)F)C4=CC=C(C=C4)F)CC5,1.0
1260,flutazolam,1,C1=C(Cl)C=CC2=C1C3(N(CC(=O)N2CCO)CCO3)C4=CC=CC=C4F,0.19966920390876336
1262,fluticasone,1,CC4CC3C2CC(F)C1=CC(=O)C=CC1(C)C2(F)C(O)CC3(C)C4(O)C(=O)SCF,0.07276174326512844
1263,fluticasone-propionate,1,[C@]4([C@@]3([C@H]([C@H]2[C@]([C@@]1(C(=CC(=O)C=C1)[C@H](C2)F)C)(F)[C@H](C3)O)C[C@H]4C)C)(OC(CC)=O)C(SCF)=O,0.27322025527348515
1264,flutizenol,1,C1=C(C(F)(F)F)C=CC3=C1N(C2=C(SC=C2)S3)CCCN4CCN(CCO)CC4,1.0
1265,flutomidate,1,C1=C(C(OCC)=O)[N](C=N1)C(C)C2=CC=C(C=C2)F,0.32445389671867336
1266,flutroline,1,C1=CC(=CC2=C1[N](C4=C2CN(CCCC(C3=CC=C(C=C3)F)O)CC4)C5=CC=C(F)C=C5)F,1.0
1268,fluvoxamine,1,C1=C(C(F)(F)F)C=CC(=C1)C(=N/OCCN)/CCCCOC.O=C(O)\C=C/C(=O)O,1.0
1269,fluzinamide,1,C2=C(OC1CN(C(NC)=O)C1)C=CC=C2C(F)(F)F,0.08748662315761734
1271,formocortal,1,[C@]12(OC(O[C@@H]1CC3C2(CC(O)[C@@]4(F)C3CC(=C5C4(CCC(=C5)OCCCl)C)C=O)C)(C)C)C(=O)COC(=O)C,0.11327879495211755
1272,fosazepam,1,C1=CC(=CC2=C1N(C(CN=C2C3=CC=CC=C3)=O)C[P](C)(C)=O)Cl,0.3422819099841985
1273,fosenazide,1,C1=CC=CC=C1[P](C2=CC=CC=C2)(CC(NN)=O)=O,0.06756591828912718
1274,fosfomycin,1,[C@@H]1([P](O)(O)=O)[C@H](C)O1,1.0
1275,fosphenytoin,1,C1=CC=CC=C1C3(C2=CC=CC=C2)C(N(CO[P](O)(O)=O)C(N3)=O)=O,1.0
1276,ftormetazine,1,C1=C(C(F)(F)F)C=CC3=C1N(C2=C(C=CC=C2)S3)C(CCN4CCN(C)CC4)=O,1.0
1277,ftorpropazine,1,C1=C(C(F)(F)F)C=CC3=C1N(C2=C(C=CC=C2)S3)C(CCN4CCN(CCO)CC4)=O,1.0
1278,furomazine,1,C1=C(Cl)C=CC3=C1N(C2=C(C=CC=C2)S3)CCCN5CCC(C4C(OCC4)=O)(O)CC5,0.0855222919980508
1280,gaboxadol,1,O=C2C1=C(CNCC1)ON2,0.09435007428933584
1282,gedocarnil,1,C1=NC(=C(C2=C1[NH]C3=C2C(=CC=C3)OC4=CC=C(C=C4)Cl)COC)C(OC(C)C)=O,1.0
1284,gepirone,1,[H+].C1=CC=NC(=N1)N2CCN(CC2)CCCCN3C(=O)CC(CC3=O)(C)C.[Cl-],1.0
1286,girisopam,1,C1=C(OC)C(=CC2=C1C(=NN=C(C2)C)C3=CC=CC(=C3)Cl)OC,0.20350509237800643
1288,halocortolone,1,[C@H]23C(Cl)([C@@]1(C(=CC(=O)C=C1)[C@@H](F)C2)C)[C@@H](F)C[C@]4([C@H]3C[C@H]([C@@H]4C(=O)CO)C)C,0.17145713258695003
1290,haloperidol-decanoate,1,C1=CC(=CC=C1C3(CCN(CCCC(C2=CC=C(C=C2)F)=O)CC3)OC(CCCCCCCCC)=O)Cl,0.04927595783669338
1292,haloxazolam,1,C1=C(Br)C=CC3=C1C2(N(CCO2)CC(=O)N3)C4=C(C=CC=C4)F,1.0
1293,hexapradol,1,C2=C(C(C1=CC=CC=C1)(C(CCCCC)N)O)C=CC=C2,0.033866494616118965
1294,homopipramol,1,C3=C2N(C1=CC=CC=C1C=CC2=CC=C3)CCCN4C=CN(CC=C4)CCO,0.3471079941395651
1295,homprenorphine,1,C1=CC(=C5C2=C1CC6C34C2(C(C(OC)(C(C3)C(CC)(C)O)C=C4)O5)CCN6CC7CC7)OC,1.0
1297,hydrocortamate,1,[C@]34([C@H]([C@H]2[C@@H]([C@@]1(C(=CC(=O)CC1)CC2)C)[C@H](C3)O)CC[C@@]4(C(COC(CN(CC)CC)=O)=O)O)C,0.10353836303775449
1298,hydrocortisone-aceponate,1,[C@@]4([C@@]3([C@H]([C@H]2[C@@H]([C@@]1(C(=CC(=O)CC1)CC2)C)[C@H](C3)O)CC4)C)(C(COC(C)=O)=O)OC(CC)=O,0.4342538045452438
1299,hydrocortisonecypionate(hydrocortisone-cipionate),1,[C@]34([C@H]([C@H]2[C@@H]([C@@]1(C(=CC(=O)CC1)CC2)C)[C@@H](O)C3)CC[C@]4(O)C(=O)COC(=O)CCC(O)=O)C.O,0.035625317367988005
1300,hydrocortisone-hemisuccinate,1,[C@@]4(OC(=O)CCCC)(C3(C(C2C(C1(C(=CC(=O)CC1)CC2)C)C(O)C3)CC4)C)C(=O)CO,1.0
1301,hydrocortisone-valerate,1,CC14CCC(=O)C=C1CCC5C3CCC(O)(C(=O)COC(=O)CCC2CCCC2)C3(C)CC(O)C45,0.04971851872762048
1302,hydromorphinol,1,[C@@]125C3=C4C[C@H]([C@@]1(CC[C@@H]([C@@H]2OC3=C(C=C4)O)O)O)N(C)CC5,1.0
1303,hydroxindasol,1,C1=C(O)C=CC2=C1C(=C(C)[N]2CC3=CC=C(OC)C=C3)CCN,0.045219386810039314
1305,iclazepam,1,C1=C(Cl)C=CC2=C1C(=NCC(N2CCOCC3CC3)=O)C4=CC=CC=C4,0.09735691479102408
1307,ilepcimide,1,C1=C3C(=CC=C1\C=C\C(N2CCCCC2)=O)OCO3,1.0
1308,iloperidone,1,C1=CC(=CC2=C1C(=NO2)C4CCN(CCCOC3=C(C=C(C(C)=O)C=C3)OC)CC4)F,0.15687000558941172
1309,imiclopazine,1,C1=C(Cl)C=CC3=C1N(C2=C(C=CC=C2)S3)CCCN5CCN(CCN4C(N(C)CC4)=O)CC5,0.046940168542943764
1311,imipraminoxide,1,C1=CC=CC2=C1N(C3=C(CC2)C=CC=C3)CCC[N+](C)(C)[O-],1.0
1312,indatraline,1,[C@@H]2(C1=CC=CC=C1[C@H](NC)C2)C3=CC=C(Cl)C(=C3)Cl.[H+].[Cl-],1.0
1314,indomethacin(indometacin),1,C1=CC(=CC2=C1[N](C(=C2CC(O)=O)C)C(C3=CC=C(Cl)C=C3)=O)OC,1.0
1316,iproclozide,1,C1=CC(=CC=C1OCC(NNC(C)C)=O)Cl,0.24167671243365949
1318,ipsapirone,1,[H+].C1=CC=CC2=C1[S](=O)(=O)N(C2=O)CCCCN4CCN(C3=NC=CC=N3)CC4.[Cl-],1.0
1320,isoflupredone,1,C(C(C1(CCC2C4C(C(CC12C)O)(F)C3(C=CC(C=C3CC4)=O)C)O)=O)O,0.0009659183124949271
1321,isoflupredone-acetate,1,[C@H]23[C@@]([C@@]1(C(=CC(=O)C=C1)CC2)C)([C@H](C[C@]4([C@H]3CC[C@@]4(C(COC(C)=O)=O)O)C)O)F,0.01996863414276428
1322,itrocinonide,1,[C@]34([C@H]([C@H]2C(F)([C@@]1(C(=CC(=O)C=C1)[C@@H](F)C2)C)[C@@H](O)C3)C[C@H]5O[C@H](O[C@@]45C(O[C@@H](OC(OCC)=O)C)=O)CCC)C,0.00996056816974945
1323,ivoqualine,1,[C@H]3(CCCC1=C2C(=NC=C1)C=CC(=C2)OC)[C@@H](CNCC3)C=C,1.0
1325,ketazolam,1,C1=C(Cl)C=CC2=C1C3(N(CC(=O)N2C)C(C=C(O3)C)=O)C4=CC=CC=C4,0.03523507506419686
1326,ketobemidone,1,C1=C(C=CC=C1C2(CCN(C)CC2)C(CC)=O)O,0.1997415138019072
1327,lesopitron,1,C1=CC=NC(=N1)N3CCN(CCCC[N]2C=C(Cl)C=N2)CC3,1.0
1329,linopirdine,1,C1=CC=CC2=C1C(C(N2C3=CC=CC=C3)=O)(CC4=CC=NC=C4)CC5=CC=NC=C5,0.2625393484149276
1330,lisuride,1,[C@@H]14C(=C[C@H](NC(N(CC)CC)=O)CN1C)C2=CC=CC3=C2C(=C[NH]3)C4,1.0
1333,lofentanil,1,[C@]3(N(C1=CC=CC=C1)C(=O)CC)(C(=O)OC)[C@H](CN(CCC2=CC=CC=C2)CC3)C,0.1401572380056287
1334,lofepramine,1,[H+].C1=CC=CC2=C1N(C3=C(CC2)C=CC=C3)CCCN(CC(=O)C4=CC=C(Cl)C=C4)C.[Cl-],0.005315521388763509
1335,lometraline,1,C1=C(C2=C(C(=C1)OC)CCCC2N(C)C)Cl,0.110933609263366
1336,lopirazepam,1,C3=C(C1=NC(C(=O)NC2=C1N=C(Cl)C=C2)O)C(=CC=C3)Cl,1.0
1337,loprazolam,1,C1=CC(=CC4=C1N2C(=NC(/C2=O)=C\N3CCN(C)CC3)CN=C4C5=C(C=CC=C5)Cl)[N+](=O)[O-],0.08776412948858657
1340,lorpiprazole,1,[C@H]23C1=NN=C([N]1C[C@H]2CCC3)CCN4CCN(CC4)C5=CC=CC(=C5)C(F)(F)F,1.0
1341,lortalamine,1,[C@@]123OC4=C(C(C1CN(CC2)C)CC(=O)N3)C=C(Cl)C=C4,1.0
1345,loxapine,1,C1=C(Cl)C=CC2=C1C(=NC3=C(O2)C=CC=C3)N4CCN(CC4)C,1.0
1346,lufuradom,1,C1=CC(=CC2=C1C(=NCC(N2C)CNC(C3=COC=C3)=O)C4=CC=CC=C4)F,0.08020363086268383
1347,mazindol,1,C1=CC=CC2=C1C(N3C2=NCC3)(C4=CC=C(C=C4)Cl)O,0.2247550653312978
1349,mebanazine,1,C1=CC=CC=C1C(NN)C,0.18027979273150757
1353,meclorisone(meclorisone-dibutyrate),1,[C@@]23(Cl)C(C1C([C@](O)([C@@H](C1)C)C(=O)CO)(CC2Cl)C)CCC4=CC(=O)C=CC34C,0.19670745574435375
1354,medrysone,1,[C@@H]23[C@H]([C@H]1[C@]([C@@H](C(C)=O)CC1)(C)C[C@@H]2O)C[C@H](C)C4=CC(=O)CC[C@]34C,1.0
1357,melperone,1,C1=CC(=CC=C1C(CCCN2CCC(C)CC2)=O)F,0.18083533233000923
1360,meprotixol,1,C1=C(OC)C=CC3=C1C(C2=C(C=CC=C2)S3)(CCCN(C)C)O,0.13878793036838635
1361,mequitazine,1,C1=CC=CC2=C1SC5=C(N2CC3C4CCN(C3)CC4)C=CC=C5,0.6480086087284096
1362,mesulergine,1,[C@@H]34C1=CC=CC2=C1C(=C[N]2C)C[C@H]3N(C[C@H](C4)N[S](N(C)C)(=O)=O)C,0.41538550146140724
1363,metacetamol,1,C1=C(C=CC=C1O)NC(C)=O,0.06903848759640699
1364,metaglycodol,1,C1=C(C(C(C)(C)O)(C)O)C=CC=C1Cl,1.0
1365,methapyrilene,1,C2=C(N(CC1=CC=CS1)CCN(C)C)N=CC=C2,0.2358991931023315
1366,metharbital,1,C(C1(C(NC(N(C1=O)C)=O)=O)CC)C,0.05653843273642734
1367,methitural,1,C(C1(C(NC(=S)NC1=O)=O)C(CCC)C)CSC,0.22568900804997263
1368,methyldesorphine,1,C5=C3C1=C(OC4C12C(C(N(CC2)C)C3)CC=C4C)C(=C5)O,0.29485590335240625
1369,methyldihydromorphine,1,[C@@H]25CC1=CC=C(C4=C1[C@@]3([C@H]2CC[C@@H]([C@@H]3O4)OC)CCN5C)O,0.21383573297070343
1370,methylprednisolone21hemisuccinate(methylprednisolone-hemisuccinate),1,[C@@]4([C@@]3([C@H]([C@H]2[C@@H]([C@@]1(C(=CC(=O)C=C1)[C@H](C2)C)C)[C@H](C3)O)CC4)C)(C(COC(C)=O)=O)OC(CC)=O,0.15511985913157855
1371,metiapine,1,C1=C(C)C=CC3=C1C(=NC2=C(C=CC=C2)S3)N4CCN(C)CC4,0.04100195330787082
1372,metofenazate,1,C1=C(Cl)C=CC3=C1N(C2=C(C=CC=C2)S3)CCCN5CCN(CCOC(C4=CC(=C(OC)C(=C4)OC)OC)=O)CC5,0.08543728038773035
1373,metopimazine,1,C1=C([S](C)(=O)=O)C=CC3=C1N(C2=C(C=CC=C2)S3)CCCN4CCC(C(N)=O)CC4,0.053840254536896434
1374,metopon,1,[C@@]125C3=C4C[C@H]([C@@H]1CCC([C@@]2(OC3=C(C=C4)O)C)=O)N(C)CC5,0.1607282089851642
1375,metoserpate,1,C5=C4C3=C(C2N(CC1CC(OC)C(C(C1C2)C(OC)=O)OC)CC3)[NH]C4=CC(=C5)OC,0.5234662235048921
1376,metoxepin,1,C1=C(OC)C=CC3=C1C(=CC2=C(C=CC=C2)O3)N4CCN(C)CC4,0.15678958421786088
1377,metralindole,1,C1=C(OC)C=CC2=C1C4=C3[N]2CCN(C3=NCC4)C,0.04172031665989414
1378,mevastatin,1,[C@@H]23[C@@H](CC[C@@H]1C[C@H](CC(O1)=O)O)[C@H](C=CC2=CCC[C@@H]3OC([C@H](CC)C)=O)C,1.0
1379,mexazolam,1,C1=C(Cl)C=CC3=C1C2(N(C(C)CO2)CC(=O)N3)C4=CC=CC=C4Cl,0.10139060424970193
1381,miconazole,1,C1=C(C=CC(=C1Cl)COC(C[N]2C=NC=C2)C3=C(C=C(C=C3)Cl)Cl)Cl,0.43663406024410245
1382,midaflur,1,C1(=NC(NC1(C(F)(F)F)C(F)(F)F)(C(F)(F)F)C(F)(F)F)N,0.04072723013022154
1383,milacemide,1,C(NCC(N)=O)CCCC,1.0
1385,minaprine,1,C1=C(C(=NN=C1C2=CC=CC=C2)NCCN3CCOCC3)C,1.0
1387,mirisetron,1,[C@@H]45N([C@@H](CC(NC(=O)C1=CN(C2=C(C1=O)C=CC=C2)C3CCCCC3)C4)CC5)C,0.15536432555250562
1388,moclobemide,1,C2=C(C(NCCN1CCOCC1)=O)C=CC(=C2)Cl,0.44669089212004925
1390,mometasone(mometasone-furoate),1,[C@H]34[C@H]2[C@@](Cl)([C@@]1(C(=CC(=O)C=C1)CC2)C)[C@@H](O)C[C@@]3([C@](O)([C@@H](C4)C)C(=O)CCl)C,0.2008964617075982
1391,monometacrine,1,C1=CC=CC3=C1N(C2=C(C=CC=C2)C3(C)C)CCCNC,0.019833803153144553
1392,morsuximide,1,C3=C(C2(C(N(CN1CCOCC1)C(C2)=O)=O)C)C=CC=C3,1.0
1393,mosapramine,1,C1=C(Cl)C=CC5=C1N(CCCN4CCC3(N2C(CCCC2)NC3=O)CC4)C6=C(CC5)C=CC=C6,0.03607867950720158
1395,moxadolen,1,[C@@H]13C=C[C@@H]([C@@]2([C@H]1[C@H](OC2=O)OC(NC)=O)C)C3,1.0
1396,moxiraprine,1,C(N1CCOCC1)CNC2=NNC(C=C2C)=C3C=CC(=O)C=C3,1.0
1398,nabazenil,1,C1=C(C(C(CCCCC)C)C)C=C(C2=C1OC(C3=C2CC(C)CC3)(C)C)OC(CCCN4CCCCCC4)=O,1.0
1399,nabilone,1,[C@H]23C1=C(C=C(C(CCCCCC)(C)C)C=C1O)OC([C@@H]2CCC(C3)=O)(C)C,0.0850614591274444
1402,nalbuphine,1,OC1CCC2(O)C3Cc5ccc(O)c6OC1C2(CCN3CC4CCC4)c56,1.0
1403,nalmefene,1,[C@@]126C3=C4C[C@H]([C@@]1(CCC([C@@H]2OC3=C(C=C4)O)=C)O)N(CC5CC5)CC6,0.08286730356042002
1406,napamezole,1,C1=C2C(=CC=C1)CCC(=C2)CC3=NCNC3,0.08360991916864158
1408,nefazodone,1,[H+].C4=C(N3CCN(CCCN1N=C(N(C1=O)CCOC2=CC=CC=C2)CC)CC3)C=CC=C4Cl.[Cl-],0.14607205184082891
1409,nefiracetam,1,C1=CC=C(C(=C1C)NC(CN2C(CCC2)=O)=O)C,0.10000207346524986
1410,neflumozide,1,Fc5ccc4c(CCCN1CCC(CC1)n2c(=O)[nH]c3ccccc23)noc4c5,1.0
1412,niaprazine,1,C1=CC(=CC=C1N3CCN(CCC(NC(C2=CC=CN=C2)=O)C)CC3)F,1.0
1413,nicocortonide,1,[C@]125OC(O[C@@]([C@]1(C[C@H](O)[C@H]3[C@H]2CCC4=CC(=O)CC[C@]34C)C)(CC5)C(=O)COC(=O)C6=CC=NC=C6)\C=C/C,0.14918395902110881
1416,nicotinamide,1,C(C1=CN=CC=C1)(=O)N,1.0
1417,nikethamide,1,C1=CC=NC=C1C(N(CC)CC)=O,1.0
1420,nisoxetine,1,C1=CC=CC=C1C(OC2=CC=CC=C2OC)CCNC,0.11539938450402108
1422,nivazol(nivacortol),1,[C@H]12C([C@@](O)(CC1)C#C)(CC[C@H]3C2CCC4=CC5=C(CC34C)C=N[N]5C6=CC=C(F)C=C6)C,0.09754952514818435
1425,nonapyrimine,1,C1=C[NH]C2=C1C(=NC=N2)NCCCCCCCCC,1.0
1426,norflurane,1,C(C(F)(F)F)F,1.0
1428,normorphine,1,C1=CC(=C3C2=C1CC5C4C2(C(O3)C(O)C=C4)CCN5)O,0.14739637818189288
1431,noxiptiline,1,C1=CC=CC2=C1C(C3=C(CC2)C=CC=C3)=NOCCN(C)C,0.20141141196484158
1432,nuclotixene,1,C1=C(Cl)C=CC3=C1\C(C2=C(C=CC=C2)S3)=C\C4C5CCN(C4)CC5,0.23409529282850286
1433,ocaperidone,1,C1=CC(=CC2=C1C(=NO2)C5CCN(CCC3=C(N=C4N(C3=O)C=CC=C4C)C)CC5)F,0.19185755628031295
1434,ocinaplon,1,C1=N[N]3C(=C1C(C2=NC=CC=C2)=O)N=CC=C3C4=CC=NC=C4,0.07716728321116981
1435,octamoxin,1,C(C(NN)C)CCCCC,0.14828979288067842
1436,octriptyline,1,CNCCC=C3c1ccccc1C2CC2c4ccccc34,0.09201002907899765
1437,omiloxetine,1,[C@H]2([C@H](CN(CC(C1=CC=C(F)C=C1)=O)CC2)COC4=CC3=C(OCO3)C=C4)C5=CC=C(F)C=C5,1.0
1438,oxaflozane,1,C2=C(C1CN(CCO1)C(C)C)C=CC(=C2)C(F)(F)F,1.0
1439,oxcarbazepine,1,C1=CC=CC3=C1N(C2=C(C=CC=C2)CC3=O)C(N)=O,1.0
1443,oxitriptan,1,C1=C(O)C=CC2=C1C(=C[NH]2)CC(C(O)=O)N,1.0
1444,oxitriptyline,1,CN(C)C(=O)COC2c1ccccc1CCc3ccccc23,1.0
1445,pagoclone,1,C4=C3C(N(C1=CC=C2C(=N1)N=C(Cl)C=C2)C(=O)C3=CC=C4)CC(CCC(C)C)=O,0.24491970408459285
1447,panamesine,1,[C@H]5(CN3CCC(C2=CC1=C(OCO1)C=C2)(CC3)O)CN(C4=CC=C(OC)C=C4)C(O5)=O,0.24512177411560526
1450,paraldehyde,1,CC1OC(C)OC(O1)C,1.0
1451,paramethasone-acetate,1,[C@]34([C@H]([C@H]2[C@@H]([C@@]1(C(=CC(=O)C=C1)[C@H](C2)F)C)[C@H](C3)O)C[C@H]([C@@]4(C(COC(C)=O)=O)O)C)C,1.0
1452,pargyline,1,C1=CC=CC=C1CN(CC#C)C,0.2035183989001884
1453,paroxetine,1,[C@@H]3([C@H](COC1=CC=C2C(=C1)OCO2)CNCC3)C4=CC=C(C=C4)F,1.0
1454,pazinaclone,1,C1=CC=CC2=C1C(N(C2=O)C3=NC4=C(C=C3)C=CC(=N4)Cl)CC(=O)N6CCC5(OCCO5)CC6,0.17314010838984642
1456,pentabamate,1,CC(C(C(OC(N)=O)C)C)OC(N)=O,0.16734626821651355
1457,pentamorphone,1,[C@]135[C@@]4([C@@H](CC2=C1C(=C(C=C2)O)O[C@H]3C(=O)C=C4)N(C)CC5)NCCCCC,0.05987552865551173
1458,penthrichloral,1,C(C1(COC(C(Cl)(Cl)Cl)OC1)CO)O,0.19276586088389108
1459,pentiapine,1,CN1CCN(CC1)C3=Nc2ccccc2Sc4nccn34,0.09939307928030851
1460,perafensine,1,C2=C1C(=NC(=CC1=CC=C2)N3CCNCC3)C4=CC=CC=C4,1.0
1462,perphenazine,1,C1=C(Cl)C=CC3=C1N(C2=C(C=CC=C2)S3)CCCN4CCN(CCO)CC4,0.16067809867732785
1464,phenacemide,1,C1=CC=CC=C1CC(NC(N)=O)=O,1.0
1466,pheneturide,1,C1=CC=CC=C1C(C(NC(N)=O)=O)CC,0.20956835417399877
1467,phenmetrazine,1,C2=C(C1C(C)NCCO1)C=CC=C2,1.0
1469,phensuximide,1,C1=CC=CC=C1C2C(N(C)C(C2)=O)=O,0.0680743422335387
1472,phetharbital,1,C1=CC=CC=C1N2C(C(C(NC2=O)=O)(CC)CC)=O,1.0
1473,piberaline,1,C3=C(C(N2CCN(CC1=CC=CC=C1)CC2)=O)N=CC=C3,0.10078091566984429
1474,picenadol,1,[C@]2(C1=CC(=CC=C1)O)([C@H](CN(C)CC2)C)CCC,0.07208396790309511
1476,pipequaline,1,C2=C(C1=CC=CC=C1)N=C4C(=C2CCC3CCNCC3)C=CC=C4,0.23008558426665363
1477,piperacetazine,1,C1=C(C(C)=O)C=CC3=C1N(C2=C(C=CC=C2)S3)CCCN4CCC(CCO)CC4,0.04110789187011197
1478,piperilate(pipethanate),1,C3=C(C(C1=CC=CC=C1)(C(OCCN2CCCCC2)=O)O)C=CC=C3,1.0
1479,pipofezine,1,C2=C(N1CCN(C)CC1)N=NC3=C2N(C4=C(O3)C=CC=C4)C,1.0
1480,pipotiazine-palmitate,1,C1=C([S](N(C)C)(=O)=O)C=CC3=C1N(C2=C(C=CC=C2)S3)CCCN4CCC(CCOC(CCCCCCCCCCCCCCC)=O)CC4,0.08955511990833656
1481,piquindone,1,[C@H]12C(C3=C(C[C@@H]1CCN(C2)C)[NH]C(=C3CC)C)=O,1.0
1482,piracetam,1,C(N1C(CCC1)=O)C(N)=O,1.0
1483,pirandamine,1,C1=CC=CC2=C1C3=C(C2)CCOC3(CCN(C)C)C,0.11443996146158514
1486,pirlindole,1,[N]14C3=C(C2=C1C=CC(=C2)C)CCCC3NCC4.[H+].[Cl-],1.0
1487,pivagabine,1,C(NC(C(C)(C)C)=O)CCC(O)=O,0.011220548228186104
1489,pramiracetam,1,C(N1C(CCC1)=O)C(NCCN(C(C)C)C(C)C)=O,0.1955362227439946
1495,prednylidene,1,C(C(C3(C(CC4C2CCC1=CC(C=CC1(C)C2C(CC34C)O)=O)=C)O)=O)O,0.1134311801069343
1497,pregnenolone-succinate,1,C(C(OC4CC3=CCC2C1C(C(CC1)C(C)=O)(CCC2C3(CC4)C)C)=O)CC(O)=O,0.02027399754076967
1498,pridefine,1,[H+].C3=C(C(=C1CCN(C1)CC)C2=CC=CC=C2)C=CC=C3.[Cl-],1.0
1499,procarbazine,1,C1=CC(=CC=C1C(NC(C)C)=O)CNNC,0.11691604328580057
1500,procymate,1,C(C(C1CCCCC1)OC(N)=O)C,1.0
1501,proflazepam,1,C1=C(Cl)C=CC2=C1C(=NCC(N2CC(CO)O)=O)C3=CC=CC=C3F,0.2582821190295493
1502,progabide,1,C2=C(\C(NCCCC(=O)N)=C/1C=C(F)C=CC1=O)C=CC(=C2)Cl,0.17088215083305497
1503,prolintane,1,C1=CC=CC=C1CC(N2CCCC2)CCC,0.12704755934537013
1504,promoxolane,1,C(C1OC(C(C)C)(C(C)C)OC1)O,1.0
1507,propizepine,1,C1=CC=CC2=C1N(C(C3=C(N2)N=CC=C3)=O)CC(N(C)C)C,1.0
1510,prothixene,1,C1=CC=CC3=C1C(C2=C(C=CC=C2)S3)=CCCN(C)C,0.1226797383307388
1514,psilocybine,1,C1=CC=C(C2=C1[NH]C=C2CCN(C)C)O[P](O)(O)=O,1.0
1518,quilostigmine,1,[C@@]45(C1=C(C=CC(=C1)OC(N3CC2=CC=CC=C2CC3)=O)N([C@H]4N(C)CC5)C)C,0.4294026578990856
1519,quinagolide,1,C1=CC=C(C2=C1CC3C(C2)CC(N[S](N(CC)CC)(=O)=O)CN3CCC)O,0.20537818752139225
1520,ramciclane,1,C1=CC=CC=C1CC2(C3(C(C)(C)C(C2)CC3)C)OCCN(C)C,1.0
1521,rasagiline,1,[C@@H]1(C2=C(CC1)C=CC=C2)NCC#C,0.05802663398609202
1522,reclazepam,1,C1=CC(=CC3=C1N(C2=NC(=O)CO2)CCN=C3C4=CC=CC=C4Cl)Cl,0.08725048741858155
1523,remacemide,1,C1=CC=CC=C1C(CC2=CC=CC=C2)(NC(CN)=O)C,0.20048148549814204
1524,remifentanil,1,C1=CC=CC=C1N(C2(CCN(CCC(OC)=O)CC2)C(OC)=O)C(CC)=O,1.0
1525,resocortol,1,CCC(=O)C1(O)CCC2C3CCC4=CC(=O)CCC4(C)C3C(O)CC21C,0.2920608911273581
1527,ricasetron,1,C3(NC(N1C2=C(C(C)(C)C1)C=CC=C2)=O)C[C@@H]4N(C)[C@H](C3)CC4,1.0
1528,rilmazafone,1,C2=C([N]1C(=NC(=N1)C(N(C)C)=O)CNC(CN)=O)C(=CC(=C2)Cl)C(C3=C(C=CC=C3)Cl)=O,1.0
1529,rimcazole,1,CC4CN(CCCn2c1ccccc1c3ccccc23)CC(C)N4,0.14693250119746434
1530,rimexolone,1,[C@H]12[C@@]([C@](C(CC)=O)(C)[C@@H](C1)C)(C[C@H](O)[C@H]3[C@H]2CCC4=CC(=O)C=C[C@]34C)C,1.0
1535,rofelodine,1,C3=C(C2CN1C(CCN=C1C2)=O)C=CC=C3,0.06457288128731475
1536,rofleponide,1,[C@H]23[C@@]([C@@]1(O[C@@H](O[C@@H]1C2)CCC)C(=O)CO)(C[C@H](O)[C@@]4(F)[C@H]3C[C@H](F)C5=CC(=O)CC[C@]45C)C,0.0220047303744422
1537,rolicyprine,1,C3=C(C2C(NC(=O)C1NC(CC1)=O)C2)C=CC=C3,1.0
1539,romergoline,1,[C@@H]25C(=C[C@@H](CN1CC(NC(C1)=O)=O)CN2C)C3=CC=CC4=C3C(=C[NH]4)C5,0.38848583538020387
1540,romifidine,1,C1=C(C(=C(C=C1)Br)NC2=NCCN2)F,0.1465874990197698
1541,ropinirole,1,C2=C(C1=C(NC(C1)=O)C=C2)CCN(CCC)CCC,1.0
1542,roxoperone,1,C1=CC(=CC=C1C(CCCN3CCC2(C(N(C)C(C2)=O)=O)CC3)=O)F,1.0
1543,sabcomeline,1,CON=C(C#N)C1CN2CCC1CC2,1.0
1544,salicin,1,[C@@H]2(OC1=C(C=CC=C1)CO)O[C@@H]([C@@H](O)[C@@H]([C@H]2O)O)CO,1.0
1547,sameridine,1,C1=CC=CC=C1C2(C(N(CC)C)=O)CCN(CCCCCC)CC2,1.0
1549,savoxepin,1,N#Cc5ccc4Oc1ccccc1C2=C(CCN(CC2)CC3CCCC3)c4c5,0.11308189483097808
1550,selegiline,1,[C@@H](CC1=CC=CC=C1)(N(CC#C)C)C,0.4048121506406553
1551,semorphone,1,[C@@]125C3=C4C[C@H]([C@@]1(CCC([C@@H]2OC3=C(C=C4)O)=O)O)N(CCOC)CC5,1.0
1553,setiptiline,1,C1=CC=CC3=C1C4=C(C2=C(C=CC=C2)C3)CN(C)CC4,0.011818346232712615
1554,sibopirdine,1,C1=CC=NC2=C1C(C3=C2N=CC=C3)(CC4=CC=NC=C4)CC5=CN=CC=C5.O,0.322382289397329
1555,sibutramine,1,C1=CC(=CC=C1C2(C(CC(C)C)N(C)C)CCC2)Cl,0.11607276516191312
1556,sifaprazine,1,C1=CC=CC(=C1N2CCN(C)CC2)CC3=CC=CC=C3,1.0
1557,simvastatin,1,[C@H]12[C@@H](OC(C(CC)(C)C)=O)C[C@@H](C)C=C1C=C[C@@H]([C@@H]2CC[C@@H]3C[C@H](CC(O3)=O)O)C,1.0
1558,soretolide,1,C1=CC=C(C(=C1C)C(NC2=NOC(=C2)C)=O)C,0.09169007198820518
1559,spiperone,1,C1=CC=CC=C1N2C4(C(NC2)=O)CCN(CCCC(C3=CC=C(F)C=C3)=O)CC4,0.23175313144969126
1561,spiramide,1,C4=C(N1C3(C(NC1)=O)CCN(CCCOC2=CC=C(C=C2)F)CC3)C=CC=C4,1.0
1562,spirilene,1,C1=CC=CC=C1N2C4(C(NC2)=O)CCN(CC\C=C(C3=CC=C(F)C=C3)\C)CC4,0.3054911363438419
1563,spiroxepin,1,C1=CC=CC2=C1C4(C3=C(OC2)C=CC=C3)OC(CN(C)C)CO4,0.10360091890928733
1565,stiripentol,1,C1=C2C(=CC=C1\C=C\C(C(C)(C)C)O)OCO2,0.3878301580184917
1566,suclofenide,1,C3=C(N2C(C(C1=CC=CC=C1)CC2=O)=O)C(=CC(=C3)[S](N)(=O)=O)Cl,0.17928172760082361
1567,sulfamethoxazole(tiabendazole),1,C1=CC(=CC=C1[S](NC2=NOC(=C2)C)(=O)=O)N,0.6050899069853817
1568,sulfonmethane,1,C([S](C(C)(C)[S](=O)(=O)CC)(=O)=O)C,0.1123189181624788
1569,sulmepride,1,C1=C(C(=CC=C1[S](N)(=O)=O)OC)C(NCC2N(CCC2)C)=O,0.18194468479345516
1573,sunepitron,1,O=C1CCC(=O)N1CC1CCC2CN(CCN2C1)c1ncccn1,1.0
1574,suproclone,1,C4=C(N2C(C1=C(SCCS1)C2=O)OC(N3CCN(C(CC)=O)CC3)=O)N=C5C(=C4)C=CC(=N5)Cl,1.0
1575,suriclone,1,C4=C(N2C(C1=C(SCCS1)C2=O)OC(N3CCN(C)CC3)=O)N=C5C(=C4)C=CC(=N5)Cl,0.5091991542257363
1577,taglutimide(biglumide),1,O=C3C1C(C2CCC1C2)C(=O)N3C4C(NC(=O)CC4)=O,1.0
1579,talsupram,1,C1=CC=CC3=C1C(C2=CC=CC=C2)(SC3(C)C)CCCNC,1.0
1580,taltrimide,1,C1=CC=CC2=C1C(N(CC[S](NC(C)C)(=O)=O)C2=O)=O,0.16374360055672596
1582,tametraline,1,CNC2CCC(c1ccccc1)c3ccccc23,0.20458246655997106
1584,tamolarizine,1,C4=C(C(N2CCN(CC(C1=CC=C(C(=C1)OC)OC)O)CC2)C3=CC=CC=C3)C=CC=C4,0.020307631875942145
1586,tandamine,1,C1=CC=CC2=C1C3=C([N]2CC)C(SCC3)(CCN(C)C)C,0.19591835666782226
1587,tandospirone,1,[C@H]13[C@H]([C@H]2C[C@@H]1CC2)C(=O)N(C3=O)CCCCN4CCN(CC4)C5=NC=CC=N5.C(C(O)(C(=O)O)CC(=O)O)C(=O)O,1.0
1588,taniplon,1,C2=C(C1=NOC(=N1)C)N=C3[N]2C4=C(C(=N3)OC)CCCC4,0.03217174567719682
1589,tasosartan,1,C3=C(CN2C1=NC(=NC(=C1CCC2=O)C)C)C=CC(=C3)C4=CC=CC=C4C5=N[NH]N=N5,0.09214680707593265
1591,tefludazine,1,[C@@H]2(C3=C([C@H](C1=CC=C(C=C1)F)C2)C=CC(=C3)C(F)(F)F)N4CCN(CCO)CC4,1.0
1592,teflutixol,1,C1=C(C(F)(F)F)C=CC3=C1C(C2=C(C=C(F)C=C2)S3)CCCN4CCN(CCO)CC4,1.0
1593,tenilsetam,1,C2=C(C1C(NCCN1)=O)SC=C2,0.1389290836648013
1594,tepirindole,1,C3=C(C1=CCN(CCC)CC1)C2=CC(=CC=C2[NH]3)Cl,0.13933429110836737
1595,terguride,1,[C@@H]34C1=CC=CC2=C1C(=C[NH]2)C[C@H]3N(C[C@H](C4)NC(N(CC)CC)=O)C,1.0
1596,tetrabarbital,1,C(C1(C(CCC)CC)C(NC(=O)NC1=O)=O)C,0.3620455044472522
1600,thebacon,1,C1=CC(=C4C2=C1CC5C3C2(C(C(=CC3)OC(C)=O)O4)CCN5C)OC,1.0
1602,thiamylal,1,C(C1(C(NC(=S)NC1=O)=O)C(CCC)C)C=C,0.1446223207074178
1603,thiazesim(tiazesim),1,C1=CC=CC2=C1N(C(CC(S2)C3=CC=CC=C3)=O)CCN(C)C,0.12318889296420762
1604,thiopropazate,1,C1=C(Cl)C=CC3=C1N(C2=C(C=CC=C2)S3)CCCN4CCN(CCOC(C)=O)CC4,1.0
1605,thioproperazine,1,C1=CC=CC2=C1N(C3=C(S2)C=CC(=C3)[S](N(C)C)(=O)=O)CCCN4CCN(CC4)C,1.0
1606,thozalinone(tozalinone),1,C1=CC=CC=C1C2OC(=NC2=O)N(C)C,1.0
1607,tiagabine,1,[C@@H]3(CN(CCC=C(C1=C(C=CS1)C)C2=C(C=CS2)C)CCC3)C(O)=O,1.0
1608,tianeptine,1,C1=CC(=CC2=C1C(C3=C(N(C)[S]2(=O)=O)C=CC=C3)NCCCCCCC(O)=O)Cl,0.14475403593588915
1609,tienocarbine,1,C1=C4C(=C2C(=C1)SC=C2C)C3=C(CCN(C3)C)[NH]4,0.17233258558760822
1610,tifemoxone,1,C2=C(OCC1OC(NCC1)=S)C=CC=C2,1.0
1611,tilidine,1,[H+].C2=C(C1(C(N(C)C)C=CCC1)C(OCC)=O)C=CC=C2.[Cl-],0.3577889684952838
1612,timelotem,1,C1=C(F)C=CC2=C1N4C(CN=C2C3=CC=CS3)CN(C)CC4,1.0
1613,timiperone,1,C1=CC=CC4=C1N(C3CCN(CCCC(C2=CC=C(F)C=C2)=O)CC3)C(N4)=S,0.17603297116793684
1614,timirdine,1,C2=C(N1C(SCC1)=N)C(=CC(=C2)Cl)N,0.14552968841088174
1616,tinidazole,1,C1=C([N](CC[S](CC)(=O)=O)C(=N1)C)[N+](=O)[O-],1.0
1617,tiomergine,1,C5=C2C1=C([NH]C=C1CC4C2=CC(CSC3=NC=CC=C3)CN4C)C=C5,0.36559293551197786
1618,tioperidone,1,C4=C(N3CCN(CCCCN2C(C1=C(C=CC=C1)NC2=O)=O)CC3)C(=CC=C4)SCCC,0.1585152491462741
1620,tipredane,1,[C@]23([C@H]([C@H]1[C@]([C@@](SCC)(SC)CC1)(C)C[C@@H]2O)CCC4=CC(=O)C=C[C@]34C)F,0.024802561849296315
1621,tisocromide,1,C1=C(OC)C(=CC2=C1[S](OC(C2)C(NC(CC(N(C)C)(C)C)C)=O)(=O)=O)OC,0.1591840588077995
1623,tixocortol,1,[C@H]34[C@H]2[C@@H]([C@@]1(C(=CC(=O)CC1)CC2)C)[C@@H](O)C[C@@]3([C@](C(CS)=O)(O)CC4)C,0.2666006046616042
1624,tixocortol-pivalate,1,[C@@H]23[C@H]([C@H]1[C@]([C@](C(CSC(C(C)(C)C)=O)=O)(O)CC1)(C)C[C@@H]2O)CCC4=CC(=O)CC[C@]34C,0.2595526684339161
1626,tofisopam,1,C1=C(OC)C(=CC2=C1C(=NN=C(C2CC)C)C3=CC=C(C(=C3)OC)OC)OC,1.0
1628,tolpiprazole,1,C1=C(C=CC=C1N3CCN(CCC2=N[NH]C(=C2)C)CC3)C,1.0
1630,tolufazepam,1,C1=C(Cl)C=CC2=C1C(=NCC(N2CC[S](C3=CC=C(C)C=C3)(=O)=O)=O)C4=CC=CC=C4Cl,0.08721457732013305
1631,tonazocine,1,[C@]1([C@]2(C3=C(C[C@@H]1N(CC2)C)C=CC(=C3)O)C)(CCC(=O)CCCCC)C,1.0
1632,topiramate,1,[C@@]23([C@H]([C@H]1[C@H](OC(O1)(C)C)CO2)OC(O3)(C)C)CO[S](N)(=O)=O,1.0
1633,tracazolate,1,C1=N[N](C2=C1C(=C(C(=N2)C)C(OCC)=O)NCCCC)CC,1.0
1634,tralonide,1,[C@]12(OC(O[C@@H]1CC3C2(C[C@H](Cl)[C@@]4(Cl)C3C[C@H](F)C5=CC(=O)C=CC45C)C)(C)C)C(=O)CF,0.04211827651245646
1635,tramadol,1,[C@H]1([C@](O)(CCCC1)C2=CC(=CC=C2)OC)CN(C)C.[H+].[Cl-],0.006596231061334395
1636,trebenzomine,1,C1=CC=CC2=C1CC(N(C)C)C(O2)C,1.0
1637,trefentanil,1,[H+].C4=C(C2(N(C1=C(F)C=CC=C1)C(=O)CC)CCN(CC2)CCN3N=NN(C3=O)CC)C=CC=C4.[Cl-],1.0
1638,triamcinolone-benetonide,1,[C@@]45([C@@]3([C@H]([C@H]2[C@]([C@@]1(C(=CC(=O)C=C1)CC2)C)(F)[C@H](C3)O)C[C@H]4OC(O5)(C)C)C)C(COC(C(CNC(C6=CC=CC=C6)=O)C)=O)=O,1.0
1639,triamcinolone-furetonide,1,[C@@]45([C@@]3([C@H]([C@H]2[C@]([C@@]1(C(=CC(=O)C=C1)CC2)C)(F)[C@H](C3)O)C[C@H]4OC(O5)(C)C)C)C(COC(C6=CC7=C(O6)C=CC=C7)=O)=O,0.283190310998821
1641,tricetamide,1,C1=C(C(=C(C=C1C(NCC(N(CC)CC)=O)=O)OC)OC)OC,0.228514745110647
1643,triclofos,1,O=[P](O)(OCC(Cl)(Cl)Cl)O,0.26787302149792575
1644,triclonide,1,[C@H]23C([C@@]1(OC(O[C@@H]1C2)(C)C)C(=O)CCl)(C[C@H](Cl)[C@@]4(Cl)C3C[C@H](F)C5=CC(=O)C=CC45C)C,0.05955500883228748
1645,trimetrexate,1,C1=C3C(=C(C(=C1)CNC2=CC(=C(C(=C2)OC)OC)OC)C)C(=NC(=N3)N)N,0.04936068875664877
1646,trizoxime,1,C3=C2N(CC1=CC=CC=C1)C(=O)\C(NNC2=CC=C3)=C(\N)N=O,0.025076576998092237
1647,trocimine,1,C2=C(C(N1CCCCCCC1)=O)C=C(OC)C(=C2OC)OC,0.2801833146808997
1648,tryptophan(l-tryptophan),1,N[C@@H](CC1=C[NH]C2=CC=CC=C12)C(=O)O,0.5636622828913742
1650,umespirone,1,C4=C(N3CCN(CCCCN1C(C2C(C(C1=O)C(=O)N(C2=O)CCCC)(C)C)=O)CC3)C(=CC=C4)OC,0.14339989052564303
1651,urethane,1,NC(=O)OCC,0.0082299446151625
1653,valdipromide,1,C(C(C(N)=O)(CCC)CCC)CC,0.029186196155378097
1654,valganciclovir(RS790702),1,[C@@H](N)(C(OCC(OC[N]1C2=C(N=C1)C(=O)N=C(N2)N)CO)=O)C(C)C,1.0
1655,valproatepivoxil,1,C(C(C(OCOC(C(C)(C)C)=O)=O)CCC)CC,0.13839696558523212
1656,valtrate,1,[C@@]13([C@@H]2C(=C[C@@H]1OC(CC(C)C)=O)C(=CO[C@H]2OC(CC(C)C)=O)COC(C)=O)CO3,1.0
1658,venlafaxine,1,C1=CC(=CC=C1C(C2(CCCCC2)O)CN(C)C)OC,0.042911167853528345
1660,vigabatrin,1,C(C(C=C)N)CC(O)=O,0.07757813884983598
1663,vitamine(alpha-tocopherol),1,[C@]2(OC1=C(C(=C(C(=C1CC2)C)O)C)C)(CCC[C@@H](CCC[C@@H](CCCC(C)C)C)C)C,0.10183683658831372
1664,xaliproden,1,C1=C(C(F)(F)F)C=CC=C1C2=CCN(CC2)CCC4=CC3=CC=CC=C3C=C4,1.0
1665,xanthiol,1,OCCCN4CCN(CCCC2c1ccccc1Sc3ccc(Cl)cc23)CC4,1.0
1669,zalospirone,1,[C@H]14[C@H]([C@@H]2[C@@H]3[C@H]([C@H]1C=C2)C=C3)C(=O)N(C4=O)CCCCN6CCN(C5=NC=CC=N5)CC6,1.0
1670,zetidoline,1,C1=C(C=CC=C1N3C(N(CCN2CC(C)(C)C2)CC3)=O)Cl,0.1525632674879009
1673,zoloperone,1,C4=C(C3=C(CCN2CCN(C1=C(C=CC=C1)OC)CC2)OC(N3)=O)C=CC(=C4)F,1.0
1674,zoniclezole,1,C1=C(Cl)C=CC2=C1C(=NO2)C([N]3C=CN=C3)C,0.16891715011723724
1675,zopiclone,1,C1=CC(=CN=C1N2C(C3=C(C2=O)N=CC=N3)OC(N4CCN(C)CC4)=O)Cl,0.021126808825477825
1676,zotepine,1,C1=C(Cl)C=CC2=C1C(=CC3=C(S2)C=CC=C3)OCCN(C)C,1.0
1678,aceprometazine,1,C1=CC2=C(C=C1)SC3=C(N2CC(C)N(C)C)C=C(C=C3)C(=O)C,0.004146002363461403
1679,adinazolam,1,C1=CC(=CC3=C1[N]2C(=NN=C2CN(C)C)CN=C3C4=CC=CC=C4)Cl,0.10595710293649437
1680,albutoin,1,C(N1C(C(CC(C)C)NC1=S)=O)C=C,0.06491409086784718
1683,algestone,1,[C@H]34[C@H]2[C@@H]([C@@]1(C(=CC(=O)CC1)CC2)C)CC[C@@]3([C@](O)([C@H](O)C4)C(=O)C)C,1.0
1685,alpertine,1,C1=C(OC)C(=CC2=C1C(=C(C(OCC)=O)[NH]2)CCN4CCN(C3=CC=CC=C3)CC4)OC,1.0
1686,alphaprodine(betaprodine),1,C2=C(C1(C(CN(C)CC1)C)OC(CC)=O)C=CC=C2,0.13832621674069237
1688,amebucort,1,[C@@]4([C@@]3([C@H]([C@H]2[C@@H]([C@@]1(C(=CC(=O)CC1)[C@H](C2)C)C)[C@H](C3)O)CC4)C)(C(COC(C)=O)=O)OC(CCC)=O,0.42232506634048955
1689,amedalin,1,CNCCCC2(C)C(=O)N(c1ccccc1)c3ccccc23,0.09096822850821072
1690,amfonelic-acid,1,C1=CC(=NC2=C1C(C(=CN2CC)C(O)=O)=O)CC3=CC=CC=C3,1.0
1691,amiflamine,1,[C@@H](O)([C@@H](O)C(=O)O)C(=O)O.[C@@H](N)(CC1=CC=C(N(C)C)C=C1C)C,1.0
1692,aminoglutethimide,1,C1=CC(=CC=C1C2(C(NC(=O)CC2)=O)CC)N,1.0
1694,amiperone,1,C1=CC(=CC=C1C3(CCN(CCCC(C2=CC=C(F)C=C2)=O)CC3)C(N(C)C)=O)Cl,1.0
1695,amoxapine,1,C1=C(Cl)C=CC2=C1C(=NC3=C(O2)C=CC=C3)N4CCNCC4,1.0
1696,anisopirol,1,C3=C(N2CCN(CCCC(C1=CC=C(F)C=C1)O)CC2)C(=CC=C3)OC,1.0
1697,aptazapine,1,[N]12C(=CC=C1)C4N(C3=C(C2)C=CC=C3)CCN(C4)C.O=C(O)\C=C/C(=O)O,1.0
1699,asimadoline,1,[C@H](N(C(C(C1=CC=CC=C1)C2=CC=CC=C2)=O)C)(C3=CC=CC=C3)CN4CC[C@@H](C4)O,1.0
1700,atibeprone,1,C2=C(OCC1=NN=C(S1)C(C)C)C=CC3=C2OC(=O)C(=C3C)C,0.2167996321728944
1702,bazinaprine,1,C1=C(C(=NN=C1C2=CC=CC=C2)NCCN3CCOCC3)C#N,1.0
1703,beclomethasonedipropionate(beclometasone-dipropionate),1,[C@@]4([C@@]3([C@H]([C@H]2[C@]([C@@]1(C(=CC(=O)C=C1)CC2)C)(Cl)[C@H](C3)O)C[C@@H]4C)C)(C(COC(CC)=O)=O)OC(CC)=O,0.05776808456970833
1704,befuraline,1,C3=C(C(N2CCN(CC1=CC=CC=C1)CC2)=O)OC4=C3C=CC=C4,0.06939601257903077
1706,benmoxin,1,C2=C(C(NNC(C1=CC=CC=C1)=O)C)C=CC=C2,1.0
1707,benzobarbital,1,C1=CC=CC=C1C3(C(N(C(C2=CC=CC=C2)=O)C(=O)NC3=O)=O)CC,0.23620101485478034
1708,benzoclidine,1,C3=C(C(OC1C2CCN(C1)CC2)=O)C=CC=C3,1.0
1709,benzoctamine,1,C1=CC=C2C(=C1)C3C4=C(C2(CNC)CC3)C=CC=C4,0.3556279258408835
1710,benzphetamine(benzfetamine),1,C1=CC(=CC=C1)CC(N(C)CC2=CC=CC=C2)C,1.0
1711,besipirdine,1,[H+].C1=CC3=C([N]1N(C2=CC=NC=C2)CCC)C=CC=C3.[Cl-],0.008901339610105625
1712,betamethadol,1,C2=C(C(CC(N(C)C)C)(C(CC)O)C1=CC=CC=C1)C=CC=C2,0.2557529135321999
1713,betamethasone-acetate(dexamethasone-acetate),1,[C@@]4([C@@]3([C@H]([C@H]2[C@]([C@@]1(C(=CC(=O)C=C1)CC2)C)(F)[C@H](C3)O)C[C@@H]4C)C)(C(COC(C)=O)=O)OC(C(C)C)=O,1.0
1715,betamethasone-valerate,1,[C@@]4([C@@]3([C@H]([C@H]2[C@]([C@@]1(C(=CC(=O)C=C1)CC2)C)(F)[C@H](C3)O)C[C@@H]4C)C)(C(COC(CC)=O)=O)OC(CC)=O,0.15254430388669493
1716,bifemelane,1,[H+].C2=C(CC1=CC=CC=C1)C(=CC=C2)OCCCCNC.[Cl-],0.01728572152309181
1717,binedaline,1,C2=C(C1=C(C=CC=C1)[N]2N(CCN(C)C)C)C3=CC=CC=C3,0.05392536783227321
1719,brifentanil,1,[C@@H]3(N(C1=C(C=CC=C1)F)C(COC)=O)[C@@H](CN(CCN2C(N(CC)N=N2)=O)CC3)C,1.0
1721,bromamid,1,C1=CC(=CC=C1NCCC(N(C)C)=O)Br,1.0
1723,bromopride,1,C1=C(Br)C(=CC(=C1C(NCCN(CC)CC)=O)OC)N,0.17705493318960444
1724,bromperidol-decanoate,1,C1=CC(=CC=C1C3(CCN(CCCC(C2=CC=C(C=C2)F)=O)CC3)OC(CCCCCCCCC)=O)Br,0.0881302663104041
1725,budesonide,1,[C@@]45([C@@]3([C@H]([C@H]2[C@@H]([C@@]1(C(=CC(=O)C=C1)CC2)C)[C@H](C3)O)C[C@H]4OC(O5)CCC)C)C(CO)=O,0.18775286823307136
1726,budipine,1,C1=CC=CC=C1C3(C2=CC=CC=C2)CCN(C(C)(C)C)CC3,0.1189736852192687
1728,buspirone,1,C1=NC(=NC=C1)N4CCN(CCCCN2C(CC3(CC2=O)CCCC3)=O)CC4,1.0
1730,butamoxane,1,C1=CC=CC2=C1OC(CNCCCC)CO2,0.20001986982329858
1731,butriptyline,1,C1=CC=CC3=C1C(C2=CC=CC=C2CC3)CC(CN(C)C)C,0.1966905359826139
1732,carbenzide,1,C1=CC=CC=C1C(NNC(OCC)=O)C,0.25675317812793946
1735,carfentanil,1,C1=CC=CC=C1N(C3(CCN(CCC2=CC=CC=C2)CC3)C(OC)=O)C(CC)=O,0.16577958668953527
1737,carvotroline,1,C1=C(F)C=CC2=C1C3=C([NH]2)CCN(C3)CCC4=CC=NC=C4,0.05453775004109819
1739,chlorcyclizine,1,C3=C(C(N1CCN(C)CC1)C2=CC=CC=C2)C=CC(=C3)Cl,1.0
1740,chlorobutanol,1,ClC(CCC)O,1.0
1742,chloroserpidine,1,[C@@H]36C2=C(C1=CC(=CC=C1[NH]2)Cl)CCN3C[C@H]5C[C@@H](OC(C4=CC(=C(C(=C4)OC)OC)OC)=O)[C@@H]([C@H]([C@H]5C6)C(OC)=O)OC,0.58682841843587
1743,chlorphenesin-carbamate,1,C1=CC(=CC=C1OCC(COC(N)=O)O)Cl,1.0
1744,chlorphenoxamine,1,C2=C(C(C1=CC=CC=C1)(OCCN(C)C)C)C=CC(=C2)Cl,0.2333956628690656
1745,chlorthenoxazine,1,C1=C2C(=CC=C1)OC(CCCl)NC2=O,0.06083977734835358
1747,ciclazindol,1,C1=CC=CC2=C1C(C3=NCCCN23)(C4=CC=CC(=C4)Cl)O,0.12840386775697316
1753,cinperene,1,C1=CC=CC=C1C4(C3CCN(C\C=C\C2=CC=CC=C2)CC3)C(NC(=O)CC4)=O,1.0
1755,cintriamide(cintramide),1,C1=C(C(=C(C=C1\C=C\C(N)=O)OC)OC)OC,0.4360017755277987
1756,cinuperone,1,C3=C(N2CCN(CCCC(C1=CC=C(F)C=C1)=O)CC2)N=CC4=CC=CC=C34,0.19085419031281323
1757,citalopram,1,C1=CC(=CC3=C1C(C2=CC=C(F)C=C2)(OC3)CCCN(C)C)C#N,1.0
1758,citenamide,1,C1=CC=CC3=C1C(C2=C(C=CC=C2)C=C3)C(N)=O,0.12146887323066294
1760,clemeprol,1,C1=CC=CC(=C1)C(C(CN(C)C)O)C2=CC=C(C=C2)Cl,0.09115274820043925
1761,climazolam,1,C1=CC(=CC3=C1[N]2C(=CN=C2C)CN=C3C4=CC=CC=C4Cl)Cl,0.12368960125494204
1762,clobetasol,1,[C@@]23(F)C(C1C([C@](O)(C(C1)C)C(=O)CCl)(CC2O)C)CCC4=CC(=O)C=CC34C,0.05965310783674696
1765,clomacran,1,C1=C(Cl)C=CC3=C1C(C2=C(C=CC=C2)N3)CCCN(C)C,1.0
1767,clothiapine(clotiapine),1,C1=C(Cl)C=CC2=C1C(=NC3=C(S2)C=CC=C3)N4CCN(CC4)C,1.0
1768,clovoxamine,1,C1=C(C(=N/OCCN)/CCCCOC)C=CC(=C1)Cl,1.0
1769,cloxazolam,1,C1=C(Cl)C=CC3=C1C2(OCCN2CC(=O)N3)C4=C(Cl)C=CC=C4,0.3533026343236119
1770,cloxypendyl,1,C1=C(Cl)C=NC2=C1SC4=C(N2CCCN3CCN(CCO)CC3)C=CC=C4,0.2082273570978807
1771,cormethasoneacetate(cormetasone-acetate),1,CC4CC3C2CC(F)(F)C1=CC(=O)C=CC1(C)C2(F)C(O)CC3(C)C4(O)C(=O)COC(C)=O,0.15915313050455007
1772,cropropamide,1,C(C(N(C(\C=C\C)=O)CCC)C(N(C)C)=O)C,0.05810180828208525
1773,cyamemazine,1,C1=C(C#N)C=CC3=C1N(C2=C(C=CC=C2)S3)CC(CN(C)C)C,0.22628880344296476
1774,cyclazodone,1,C3=C(C1OC(=NC1=O)NC2CC2)C=CC=C3,1.0
1775,cypenamine,1,C2=C(C1C(CCC1)N)C=CC=C2,1.0
1776,cyprazepam,1,C4=C(C2=C3C(=NC(=NCC1CC1)CN2O)C=CC(=C3)Cl)C=CC=C4,0.30073113714846644
1778,daledalin,1,C1=CC=CC3=C1N(C2=CC=CC=C2)CC3(CCCNC)C,1.0
1779,damotepine,1,C1=CC=CC3=C1SC2=C(C=CC=C2)C=C3CN(C)C,0.06421916487123952
1781,dapoxetine,1,[C@H](CCOC1=CC=CC2=CC=CC=C12)(C3=CC=CC=C3)N(C)C,0.0072305938056017195
1783,dazepinil,1,CN2C(Cc1ccccc1N=C2C)c3ccccc3,1.0
1785,deflazacort,1,[C@@]45([C@@]3([C@H]([C@H]2[C@@H]([C@@]1(C(=CC(=O)C=C1)CC2)C)[C@H](C3)O)C[C@H]4OC(=N5)C)C)C(COC(C)=O)=O,0.12614878013353337
1786,delergotrile,1,[C@@H]34CC1=C[NH]C2=CC=CC(=C12)C3C[C@@H](CN4C)CC#N,0.4708330465189517
1790,depramine,1,C1=CC=CC2=C1N(C3=C(C=C2)C=CC=C3)CCCN(C)C,0.157818467509552
1791,desflurane,1,O(C(C(F)(F)F)F)C(F)F,0.522659313519684
1792,desomorphine,1,C1=CC(=C3C2=C1CC5C4C2(C(O3)CCC4)CCN5C)O,1.0
1793,dexclamol,1,[C@H]15C3=C(CCC2=C1C=CC=C2)C=CC=C3[C@H]4C[C@](C(C)C)(O)CCN4C5,0.006624195530220528
1794,dextromoramide(levomoramideandracemoramide),1,C4=C(C(C(=O)N1CCCC1)(C2=CC=CC=C2)C(CN3CCOCC3)C)C=CC=C4,1.0
1796,dezinamide,1,C1=C(C=CC=C1OC2CN(C(N)=O)C2)C(F)(F)F,1.0
1799,dibenzepin,1,C1=CC=CC2=C1N(C(C3=C(N2C)C=CC=C3)=O)CCN(C)C,0.09379842214154199
1800,dicarbine,1,C1=C(C)C=CC3=C1C2C(CCN(C2)C)N3,0.14396596466070305
1801,dichlormezanone,1,C2=C(C1[S](CCC(N1C)=O)(=O)=O)C=CC(=C2Cl)Cl,0.18262371152413784
1804,difencloxazine,1,Clc1ccc(cc1)C(OCCN2CCOCC2)c3ccccc3,1.0
1805,diflorasone-diacetate,1,[C@@]4([C@@]3([C@H]([C@H]2[C@]([C@@]1(C(=CC(=O)C=C1)[C@H](C2)F)C)(F)[C@H](C3)O)C[C@@H]4C)C)(C(COC(C)=O)=O)OC(C)=O,1.0
1806,difluprednate,1,[C@@]4([C@@]3([C@H]([C@H]2[C@]([C@@]1(C(=CC(=O)C=C1)[C@H](C2)F)C)(F)[C@H](C3)O)CC4)C)(C(COC(C)=O)=O)OC(CCC)=O,1.0
1809,dimesone,1,[C@]23([C@H]([C@H]1[C@]([C@](C(CO)=O)(C)[C@@H](C1)C)(C)C[C@@H]2O)CCC4=CC(=O)C=C[C@]34C)F,0.02608473125009016
1810,dimetacrine,1,C1=CC=CC3=C1N(C2=C(C=CC=C2)C3(C)C)CCCN(C)C,0.15491917778622483
1811,dinazafone,1,C1=C(C(=CC=C1Cl)N(C(CNCC(C)=C)=O)C)C(C2=CC=CC=C2)=O,1.0
1812,doliracetam,1,C1=CC=CC2=C1C(C(N2CC(N)=O)=O)C3=CC=CC=C3,1.0
1819,enpiprazole,1,C1=CC=CC(=C1N3CCN(CCC2=C[N](C)N=C2)CC3)Cl,1.0
1820,enprazepine,1,C1=CC=CC2=C1N(CC3=C(C2=C)C=CC=C3)CCCN(C)C,1.0
1821,eprobemide,1,C1=CC(=CC=C1C(NCCCN2CCOCC2)=O)Cl,0.43495302465573515
1822,eptazocine,1,C1=C(O)C=CC3=C1C2(CC(CN(CC2)C)C3)C,1.0
1823,eterobarb,1,C2=C(C1(C(N(C(=O)N(C1=O)COC)COC)=O)CC)C=CC=C2,0.28289012586369594
1824,ethotoin,1,C1=CC=CC=C1C2C(N(CC)C(N2)=O)=O,1.0
1825,ethyl-chloride,1,C1=C(Cl)C=CC2=C1C(=NC(C(=O)N2)C(OCC)=O)C3=CC=CC=C3F,0.10882235242914015
1826,etizolam,1,C1=C(SC2=C1C(=NCC3=NN=C([N]23)C)C4=CC=CC=C4Cl)CC,0.5189330352696039
1827,etrabamine,1,C2=NC1=C(CC(NC)CC1)S2,1.0
1828,etryptamine,1,C1=CC=CC2=C1C(=C[NH]2)CC(CC)N,1.0
1830,fenadiazole,1,O=C2\C(=C1\OC=NN1)C=CC=C2,0.10817578659561569
1832,fletazepam,1,C1=C(Cl)C=CC2=C1C(=NCCN2CC(F)(F)F)C3=CC=CC=C3F,0.2851876956905934
1833,fluanisone,1,C1=CC=CC(=C1N3CCN(CCCC(C2=CC=C(F)C=C2)=O)CC3)OC,1.0
1834,flucindol,1,CN(C)C3CCc2[nH]c1c(F)cc(F)cc1c2C3,0.10662559024660537
1835,fluciprazine,1,C1=CC(=CC=C1N3CCN(CC(O)COC2(CCCCC2)C#C)CC3)F,0.04736335325686792
1836,fludiazepam,1,C1=C(Cl)C=CC2=C1C(=NCC(=O)N2C)C3=CC=CC=C3F,0.007676567244118302
1837,flumethasone(flumetasoneanddiflorasone),1,[C@H]23[C@@]([C@@]1(C(=CC(=O)C=C1)[C@H](C2)F)C)([C@H](C[C@]4([C@H]3C[C@@H](C)[C@@]4(C(CO)=O)O)C)O)F,0.04709478242522506
1838,flumethasone21pivalate(flumetasone-pivalate),1,[C@]12(F)[C@H](CC4([C@H](C1C[C@@H](C3=CC(=O)C=CC23C)F)C[C@H]([C@]4(O)C(=O)COC(=O)C(C)(C)C)C)C)O,0.09517797929901778
1839,flunisolide,1,[C@]14(C([C@H]3[C@H]([C@@H](O)C1)C2(C(=CC(=O)C=C2)[C@@H](F)C3)C)C[C@H]5OC(O[C@@]45C(=O)CO)(C)C)C.[C@]69(C([C@H]8[C@H]([C@@H](O)C6)C7(C(=CC(=O)C=C7)[C@@H](F)C8)C)C[C@H]%10OC(O[C@@]9%10C(=O)CO)(C)C)C.O,0.09667489244857844
1840,flunisolide-acetate,1,[C@]12(OC(O[C@@H]1CC3C2(CC(O)[C@H]4C3C[C@H](F)C5=CC(=O)C=CC45C)C)(C)C)C(=O)COC(=O)C,0.23197320798051713
1843,fluocortin-butyl,1,[C@H]24[C@H]1[C@@]([C@@H](C(C(OCCCC)=O)=O)[C@@H](C1)C)(C[C@@H]([C@@H]2[C@@]3(C(=CC(=O)C=C3)[C@H](C4)F)C)O)C,1.0
1844,fluocortolone,1,[C@H]24[C@H]1[C@@]([C@@H](C(CO)=O)[C@@H](C1)C)(C[C@@H]([C@@H]2[C@@]3(C(=CC(=O)C=C3)[C@H](C4)F)C)O)C,0.40828695088243483
1846,fluperlapine,1,C1=CC=CC3=C1C(=NC2=C(C=CC(=C2)F)C3)N4CCN(C)CC4,0.13573924891054182
1847,fluperolone(fluperolone-acetate),1,[C@H]23[C@@]([C@@]1(C(=CC(=O)C=C1)CC2)C)([C@H](C[C@]4([C@H]3CC[C@@]4(C([C@@H](OC(C)=O)C)=O)O)C)O)F,0.10101168887901595
1849,fluprednisolone,1,[C@H]24[C@H]1[C@@]([C@](C(CO)=O)(O)CC1)(C[C@@H]([C@@H]2[C@@]3(C(=CC(=O)C=C3)[C@H](C4)F)C)O)C,0.2600279474184577
1850,fluprednisolone-valerate,1,[C@@]4(OC(=O)CCCC)(C3(C(C2C(C1(C(=CC(=O)C=C1)C(F)C2)C)C(O)C3)CC4)C)C(=O)CO,1.0
1852,flurandrenolide(fludroxycortide),1,[C@@]45([C@@]3([C@H]([C@H]2[C@@H]([C@@]1(C(=CC(=O)CC1)[C@H](C2)F)C)[C@H](C3)O)C[C@H]4OC(O5)(C)C)C)C(CO)=O,0.00979028970815152
1853,fluspiperone,1,C1=CC(=CC=C1N2C4(C(NC2)=O)CCN(CCCC(C3=CC=C(F)C=C3)=O)CC4)F,1.0
1854,flutoprazepam,1,C1=C(Cl)C=CC2=C1C(=NCC(N2CC3CC3)=O)C4=CC=CC=C4F,0.2832665927318756
1855,furfenorex,1,C1=CC=CC=C1CC(N(CC2=CC=CO2)C)C,0.4446803849025129
1856,galantamine,1,[C@]234C1=C(C=CC(=C1O[C@H]2C[C@@H](O)C=C3)OC)CN(CC4)C,0.1630719602638213
1859,halazepam,1,C1=C(Cl)C=CC2=C1C(=NCC(=O)N2CC(F)(F)F)C3=CC=CC=C3,1.0
1860,halometasone,1,[C@H]23[C@@]([C@@]1(C(=CC(C(=C1)Cl)=O)[C@H](C2)F)C)([C@H](C[C@]4(C3C[C@H]([C@@]4(C(CO)=O)O)C)C)O)F,0.06057216519425464
1861,heptabarb,1,C(C2(C1=CCCCCC1)C(NC(=O)NC2=O)=O)C,1.0
1862,hepzidine,1,C1=CC=CC2=C1C(C3=C(CC2)C=CC=C3)OC4CCN(C)CC4,0.13884889594764768
1863,homochlorcyclizine,1,C1=CC(=CC=C1C(N2CCN(C)CCC2)C3=CC=CC=C3)Cl,1.0
1864,homofenazine(homophenazine),1,C1=C(C(F)(F)F)C=CC3=C1N(C2=C(C=CC=C2)S3)CCCN4CCN(CCO)CCC4,0.24268936619251183
1865,hydrocortisone-acetate,1,[C@]34([C@H]([C@H]2[C@@H]([C@@]1(C(=CC(=O)CC1)CC2)C)[C@H](C3)O)CC[C@@]4(C(COC(C)=O)=O)O)C,0.12199193732681511
1866,hydrocortisone-buteprate,1,[C@@]4([C@@]3([C@H]([C@H]2[C@@H]([C@@]1(C(=CC(=O)CC1)CC2)C)[C@H](C3)O)CC4)C)(C(COC(CC)=O)=O)OC(CCC)=O,1.0
1867,hydrocortisone-butyrate,1,[C@]4([C@@]3([C@H]([C@H]2[C@@H]([C@@]1(C(=CC(=O)CC1)CC2)C)[C@H](C3)O)CC4)C)(OC(CCC)=O)C(CO)=O,1.0
1868,hydromorphone,1,[C@@]125C3=C4C[C@H]([C@@H]1CCC([C@@H]2OC3=C(C=C4)O)=O)N(C)CC5,0.2589903659004942
1869,hydroxypethidine,1,C2=C(C1(C(OCC)=O)CCN(C)CC1)C=CC=C2O,0.30307052723864075
1870,icometasone-enbutate,1,[C@@]4([C@@]3([C@H]([C@H]2[C@]([C@@]1(C(=CC(=O)C=C1)CC2)C)(Cl)[C@H](C3)O)C[C@H]4C)C)(C(COC(C)=O)=O)OC(CCC)=O,0.02363098427666675
1871,iminophenimide,1,C2=C(C1(C(NC(=O)CN1)=O)CC)C=CC=C2,0.10646986312649713
1872,indalpine,1,C1=CC=CC2=C1C(=C[NH]2)CCC3CCNCC3,1.0
1874,iprindole,1,C1=CC=CC3=C1C2=C(CCCCCC2)[N]3CCCN(C)C,0.09473854687439417
1875,iproniazid,1,C1=CN=CC=C1C(NNC(C)C)=O,0.2606600970008064
1877,isoprednidene,1,[C@@]4(O)(C3(C(C2C(C1(C(=CC(=O)CC1)C=C2)C)C(O)C3)CC4=C)C)C(=O)CO,1.0
1879,ketipramine(ketimipramine),1,C1=CC=CC2=C1N(C3=C(CC2=O)C=CC=C3)CCCN(C)C,0.20620175271987543
1880,ketorfanol,1,[C@]235[C@H]([C@H](N(CC1CC1)CC2)CC4=C3C(=CC=C4)O)CCC(C5)=O,0.01132379986889828
1882,levomepromazine,1,[C@H](CN1C3=C(SC2=C1C=CC=C2)C=CC(=C3)OC)(CN(C)C)C,1.0
1883,levoprotiline(oxaprotiline),1,C13(C4=C(C(C2=C1C=CC=C2)CC3)C=CC=C4)C[C@H](CNC)O,0.4053440642222647
1885,litoxetine,1,C2=C(COC1CCNCC1)C=CC3=C2C=CC=C3,1.0
1886,lobeline,1,C3=C(C(CC2N(C(CC(C1=CC=CC=C1)=O)CCC2)C)O)C=CC=C3,0.11299056813963666
1888,lorcinadol,1,C3=C(N2CCN(C\C=C\C1=CC=CC=C1)CC2)N=NC(=C3)Cl,1.0
1889,loreclezole,1,C1=CC(=CC(=C1\C(=C\[N]2C=NC=N2)Cl)Cl)Cl,0.1258027310787246
1890,losindole,1,[C@@H]1([C@H]3[C@@H](CC2=C1C=C(Cl)C=C2)CN(C3)C)C4=CC=CC=C4,0.21596839269670753
1891,maroxepin,1,C1=CC=CC3=C1C4=C(C2=C(C=CC=C2)O3)CCN(CC4)C,0.10307680903915983
1893,medifoxamine,1,C2=C(OC(OC1=CC=CC=C1)CN(C)C)C=CC=C2,0.03479101439935466
1894,mefeclorazine,1,C1=CC(=CC(=C1OC)OC)CCN2CCN(CC2)C3=CC(=CC=C3)Cl,1.0
1895,menitrazepam,1,C1=C([N+](=O)[O-])C=CC2=C1C(=NCC(N2C)=O)C3=CCCCC3,1.0
1896,mephenytoin,1,C2=C(C1(C(N(C)C(N1)=O)=O)CC)C=CC=C2,0.10074834737509046
1897,mephobarbital(methylphenobarbital),1,C2=C(C1(C(N(C(NC1=O)=O)C)=O)CC)C=CC=C2,0.1277667680334357
1898,mepiprazole,1,C1=C(C=CC=C1N3CCN(CCC2=N[NH]C(=C2)C)CC3)Cl,0.25050220848959914
1899,meprednisone,1,[C@H]12[C@@]([C@](C(CO)=O)(O)[C@H](C1)C)(CC(=O)[C@H]3[C@H]2CCC4=CC(=O)C=C[C@]34C)C,0.05052627179841842
1900,metaclazepam,1,C1=C(Br)C=CC2=C1C(=NCC(N2C)COC)C3=CC=CC=C3Cl,0.005622207186646902
1902,metapramine,1,C1=CC=CC2=C1C(CC3=C(N2C)C=CC=C3)NC,0.05598406183397548
1903,metaxalone,1,C1=C(C=C(C=C1OCC2CNC(O2)=O)C)C,1.0
1905,metetoin,1,C1=CC=CC=C1C2(N(C(=O)NC2=O)C)CC,0.07595540743107193
1906,methadone(levomethadone),1,C1=CC=CC=C1C(C2=CC=CC=C2)(C(CC)=O)CC(N(C)C)C,1.0
1907,methastyridone,1,C1=CC=CC=C1/C=C/C2C(NC(O2)(C)C)=O,0.0927603580968323
1908,methiomeprazine(levometiomeprazine),1,C1=C(SC)C=CC3=C1N(C2=C(C=CC=C2)S3)CC(CN(C)C)C,0.03838276218857282
1909,methsuximide(mesuximide),1,C2=C(C1(C(N(C)C(C1)=O)=O)C)C=CC=C2,0.10018381077258172
1910,methylprednisolone,1,[C@H]24[C@H]1[C@@]([C@](C(CO)=O)(O)CC1)(C[C@@H]([C@@H]2[C@@]3(C(=CC(=O)C=C3)[C@H](C4)C)C)O)C,0.13684534642332352
1913,metitepine(methiothepin),1,C1=C(SC)C=CC4=C1C(N2CCN(C)CC2)CC3=C(C=CC=C3)S4,0.11197774343900442
1914,metomidate,1,C1=NC=C([N]1C(C2=CC=CC=C2)C)C(=O)OC,0.4001816011242111
1915,mezepine,1,C1=CC=CC2=C1N(CC3=C(C2)C=CC=C3)CCCNC,1.0
1916,midazolam(midazolammaleate),1,C1=CC(=CC3=C1[N]2C(=CN=C2C)CN=C3C4=CC=CC=C4F)Cl,0.11991193045625206
1918,milipertine,1,C1=C(OC)C(=CC2=C1C(=C(C)[NH]2)CCN4CCN(C3=CC=CC=C3OC)CC4)OC,0.10710123662207297
1919,milnacipran,1,[C@]1([C@H](C1)CN)(C(=O)N(CC)CC)C2=CC=CC=C2.[H+].[Cl-],1.0
1920,mindoperone,1,C1=CC(=CC2=C1C(=C([NH]2)C)C4CCN(CCCC(C3=CC=C(F)C=C3)=O)CC4)OC,1.0
1921,mirfentanil,1,C1=NC=CN=C1N(C3CCN(CCC2=CC=CC=C2)CC3)C(C4=CC=CO4)=O,0.08064539560512182
1922,modaline,1,C1=CN=C(C(=N1)N2CCCCC2)C,1.0
1924,molindone,1,C(C1=C(C)[NH]C3=C1C(C(CN2CCOCC2)CC3)=O)C,0.3431501917604819
1925,nafenodone(dexnafenodone),1,[C@]3(C1=CC=CC=C1)(C(C2=C(C=CC=C2)CC3)=O)CCN(C)C,0.24079698286349147
1926,napitane,1,C5CC(CN1CCC(C1)c2ccccc2)c4ccc3OCOc3c4C5,1.0
1927,naranol,1,C1=C4C(=C2C(=C1)C=CC=C2)CC3CN(C)CC(C3(O4)O)C,0.019601256486107346
1930,nefopam,1,C1=CC=CC3=C1C(C2=CC=CC=C2)OCCN(C3)C,0.2148188313627655
1932,nerisopam,1,C2=C1C(=NN=C(CC1=CC(=C2OC)OC)C)C3=CC=C(N)C=C3,0.25845096099607934
1933,nicodicodine,1,C1=CC(=C3C2=C1CC6C4C2(C(O3)C(CC4)OC(C5=CN=CC=C5)=O)CCN6C)OC,0.2083325602122169
1934,nonaperone,1,C1=CC(=CC=C1C(CCCN2CC3CCC(C2)CC3)=O)F,1.0
1937,ocfentanil,1,C3=C(N(C2CCN(CCC1=CC=CC=C1)CC2)C(COC)=O)C(=CC=C3)F,0.25709545886232127
1939,olanzapine,1,C1=C3C(=CC=C1)N=C2SC(=CC2=C(N3)N4CCN(CC4)C)C,0.11583179630988756
1940,opipramol,1,C1=CC=CC2=C1N(C3=C(C=C2)C=CC=C3)CCCN4CCN(CCO)CC4,1.0
1942,oxazolam,1,[C@@]12(C3=C(NC(CN1C[C@H](O2)C)=O)C=CC(=C3)Cl)C4=CC=CC=C4,1.0
1944,oxomemazine,1,C1=CC=CC3=C1N(C2=C(C=CC=C2)[S]3(=O)=O)CC(CN(C)C)C,0.12821967921658325
1945,oxypertine,1,C1=C(OC)C(=CC2=C1C(=C(C)[NH]2)CCN4CCN(C3=CC=CC=C3)CC4)OC,0.2773445103177931
1947,paracetamol(acetaminophen),1,N(C(=O)C)C1=CC=C(O)C=C1,0.23067718893000527
1948,paramethadione,1,C(C)C1(C)C(=O)N(C(O1)=O)C,0.3144691638063205
1949,paramethasone,1,[C@]12(C(=CC(C=C1)=O)[C@H](C[C@H]3[C@H]4[C@](C[C@@H]([C@H]23)O)([C@](C(=O)CO)(O)[C@@H](C4)C)C)F)C,1.0
1950,parapropamol,1,C1=C(NC(CC)=O)C=CC(=C1)O,1.0
1951,paraxazone,1,C1=CC=CC2=C1N(C(CO2)=O)CC(N)=O,1.0
1953,pentamoxane,1,CC(C)CCNCC2COc1ccccc1O2,0.21555337831600802
1954,pentylenetetrazole(pentetrazol),1,C2C1=NN=N[N]1CCCC2,0.17653055645021293
1955,periciazine,1,C1=C(C=CC3=C1N(CCCN2CCC(CC2)O)C4=C(S3)C=CC=C4)C#N,0.1008864419818968
1957,perisoxal,1,C2=C(C1=CC=CC=C1)ON=C2C(CN3CCCCC3)O,0.1712606182346999
1958,phacetoperane,1,CC(=O)OC(C1CCCCN1)c2ccccc2,0.30098108636378335
1959,phenaglycodol,1,C1=C(C(C(C)(C)O)(C)O)C=CC(=C1)Cl,0.05518763236760478
1960,phendimetrazine,1,[C@H]2(C1=CC=CC=C1)[C@@H](N(CCO2)C)C,1.0
1961,phenelzine,1,[Cl].C1=CC=CC=C1CCNN,0.3589441415569031
1965,piminodine,1,C3=C(C1(C(OCC)=O)CCN(CC1)CCCNC2=CC=CC=C2)C=CC=C3,1.0
1966,pinazepam,1,C1=C(Cl)C=CC2=C1C(=NCC(N2CC#C)=O)C3=CC=CC=C3,0.13136505586850178
1967,pipotiazine,1,C1=C([S](N(C)C)(=O)=O)C=CC3=C1N(C2=C(C=CC=C2)S3)CCCN4CCC(CCO)CC4,0.2340816793852859
1968,pipradrol,1,C1=C(C=CC=C1)C(C2=CC=CC=C2)(C3NCCCC3)O,1.0
1969,piribedil,1,C4Oc3ccc(CN1CCN(CC1)c2ncccn2)cc3O4,1.0
1970,pizotifen,1,C1=CSC2=C1C(C3=C(CC2)C=CC=C3)=C4CCN(CC4)C,1.0
1974,prednival,1,C(C)CCC(=O)OC3(CCC4C2CCC1=CC(=O)C=CC1(C)C2C(O)CC34C)C(=O)CO,0.15850804138375382
1976,prideperone,1,C1=C(C(=CC=C1C#N)OC)C(NCCN3CCC(C(C2=CC=C(F)C=C2)=O)CC3)=O,0.15995282369085312
1978,profexalone,1,C1=CC=CC=C1C2CN(C(NCCC)=O)C(O2)=O,1.0
1980,propoxate,1,C1=NC=C([N]1C(C2=CC=CC=C2)C)C(OCCC)=O,0.4017981927117227
1981,prosulpride,1,C1=C([S](N)(=O)=O)C=CC(=C1C(NCC2N(CCC2)CCC)=O)OC,1.0
1982,prothipendyl,1,C1=CC=CC2=C1N(C3=C(S2)C=CC=N3)CCCN(C)C,0.0701052279518756
1983,pyrithyldione,1,C(C1(C(C=CNC1=O)=O)CC)C,1.0
1984,pyrovalerone,1,C2=C(C(C(N1CCCC1)CCC)=O)C=CC(=C2)C,0.1514874348092677
1987,razobazam,1,C3=C(N2C1=C([NH]N=C1N(C(=O)CC2=O)C)C)C=CC=C3,0.2849091451519976
1990,revospirone,1,C1=CC=CC4=C1C(N(CCCN3CCN(C2=NC=CC=N2)CC3)[S]4(=O)=O)=O,1.0
1991,rilapine,1,C1=C(Cl)C=CC\3=C1C=C(N2CCN(C)CC2)C4=C(C3=C/C#N)C=CC=C4,0.150093504757994
1993,roflurane,1,COC(C(F)Br)(F)F,0.420868687801996
1994,roletamide,1,C1=C(C(=C(C=C1C(\C=C\N2CC=CC2)=O)OC)OC)OC,0.22634189748858377
1995,rolziracetam,1,O=C1N2C(CC1)CCC2=O,0.015731867366995993
1996,ropizine,1,C4=C(C(N2CCN(\N=C\C1=NC(=CC=C1)C)CC2)C3=CC=CC=C3)C=CC=C4,1.0
1999,seproxetine,1,NCCC(Oc1ccc(cc1)C(F)(F)F)c2ccccc2,1.0
2001,sipatrigine,1,C3=C(C2=C(N=C(N1CCN(C)CC1)N=C2)N)C(=C(C=C3Cl)Cl)Cl,0.012161083631666835
2002,spiclamine,1,[C@@H]3(C1=CC=C(Cl)C=C1)[C@H]2CC[C@@H](C2)C34CCC(=N4)N5CCOCC5,1.0
2003,spiroxatrine,1,C1=CC=CC=C1N2C5(C(NC2)=O)CCN(CC4OC3=C(C=CC=C3)OC4)CC5,1.0
2006,sulpiride,1,C1=C([S](=O)(=O)N)C=CC(=C1C(NCC2N(CC)CCC2)=O)OC,0.11518404333344155
2007,supidimide,1,C1=CC=CC3=C1C(N(C2C(NCCC2)=O)[S]3(=O)=O)=O,1.0
2008,taclamine,1,C5=C2C1=C(CCC4=C(C1CN3CCCCC23)C=CC=C4)C=C5,0.12774537453343573
2009,talbutal,1,C(C(C)C1(CC=C)C(=O)NC(NC1=O)=O)C,0.23277174588513097
2010,tenilapine,1,C3=C2C(=NC1=CSC=C1C(/C2=CS3)=C/C#N)N4CCN(C)CC4,0.06647544879908909
2011,teniloxazine,1,C1=CC=CC(=C1CC2=CC=CS2)OCC3OCCNC3.O=C(O)\C=C/C(=O)O,1.0
2012,tetrazepam,1,C1=C(Cl)C=CC2=C1C(=NCC(=O)N2C)C3=CCCCC3,0.17738995906339192
2013,thiotetrabarbital,1,C(C1(C(CCC)CC)C(NC(=S)NC1=O)=O)C,1.0
2014,tiapride,1,C1=C([S](C)(=O)=O)C=CC(=C1C(NCCN(CC)CC)=O)OC,0.3781555004862195
2015,ticabesone(ticabesone-propionate),1,[C@]14([C@](OC(=O)CC)([C@@H](CC1C3[C@@](F)(C2(C(=CC(=O)C=C2)[C@@H](F)C3)C)[C@@H](O)C4)C)C(SC)=O)C,0.3132367676780826
2016,tienopramine,1,C1=CSC2=C1N(C3=C(C=C2)C=CC=C3)CCCN(C)C,0.15756760560748678
2017,tiflucarbine,1,C1=C4C(=C2C(=C1F)SC=C2C)C3=C(CCN(C3)CC)[NH]4,0.18073409166041138
2018,tiletamine,1,C1=C(SC=C1)C2(C(CCCC2)=O)NCC,1.0
2020,tolboxane,1,C1=CC(=CC=C1B2OCC(CCC)(C)CO2)C,0.15994152802158487
2021,toloxatone,1,C2=C(N1CC(CO)OC1=O)C=CC=C2C,1.0
2022,tomoxetine,1,[C@H](OC1=C(C=CC=C1)C)(C2=CC=CC=C2)CCNC,0.24775719906960175
2023,toprilidine,1,C1=CC=CC(=C1N3CCN(CCCOC2=CC=CC=N2)CC3)C,1.0
2025,triamcinolone-acetonide,1,[C@@]45([C@@]3([C@H]([C@H]2[C@]([C@@]1(C(=CC(=O)C=C1)CC2)C)(F)[C@H](C3)O)C[C@H]4OC(O5)(C)C)C)C(CO)=O,0.07211506459574361
2026,triamcinolone-diacetate,1,[C@]34([C@H]([C@H]2[C@]([C@@]1(C(=CC(=O)C=C1)CC2)C)(F)[C@H](C3)O)C[C@H]([C@@]4(C(COC(C)=O)=O)O)OC(C)=O)C,0.16849788268737553
2027,triamcinolone-hexacetonide,1,[C@@]45([C@@]3([C@H]([C@H]2[C@]([C@@]1(C(=CC(=O)C=C1)CC2)C)(F)[C@H](C3)O)C[C@H]4OC(O5)(C)C)C)C(COC(CC(C)(C)C)=O)=O,0.2639795165060537
2028,triclacetamol,1,C1=C(NC(C(Cl)(Cl)Cl)=O)C=CC(=C1)O,0.5466348170869968
2030,trifluomeprazine,1,C1=CC=C2C(=C1)SC3=C(N2CC(C)CN(C)C)C=C(C=C3)C(F)(F)F,0.07574587243288701
2031,trifluoperazine,1,C1=C(C=CC3=C1N(CCCN2CCN(CC2)C)C4=C(S3)C=CC=C4)C(F)(F)F,0.14904485428613645
2032,trimethadione,1,CC1(C(N(C(O1)=O)C)=O)C,1.0
2035,ulobetasol,1,CC4CC3C2CC(F)C1=CC(=O)C=CC1(C)C2(F)C(O)CC3(C)C4(O)C(=O)CCl,1.0
2036,valdetamide,1,C(C(C(N)=O)(CC)CC)C=C,0.030291750065607397
2038,valperinol,1,[C@@H]1(C[C@H]3[C@H]2[C@@]1(O[C@H](O[C@H]2OC)[C@@H]3C)CN4CCCCC4)O,1.0
2040,vinbarbital,1,C(C1(C(NC(=O)NC1=O)=O)C(=C/CC)/C)C,0.16339625789031378
2041,vinylbital,1,C(C(C1(C(NC(=O)NC1=O)=O)C=C)C)CC,1.0
2042,viqualine,1,C1=C(OC)C=CC2=NC=CC(=C12)CCCC3C(CNCC3)C=C,0.5965674639037254
2044,zaleplon,1,C2=N[N]1C(=CC=NC1=C2C#N)C3=CC(=CC=C3)N(C(C)=O)CC,1.0
2046,zomebazam,1,C3=C(N2C1=C([N](C)N=C1C)N(C(=O)CC2=O)C)C=CC=C3,0.030219177663644105
2047,zometapine,1,C3=C(C1=NCCN=C2N(NC(=C12)C)C)C=CC=C3Cl,0.03809560287461121
2049,licostinel,1,C1=C(Cl)C(=C(C2=C1NC(=O)C(N2)=O)[N+](=O)[O-])Cl,1.0
2050,ademetionine(adenosyl-methionine),1,[C@H]3([N]2C1=C(C(=NC=N1)N)N=C2)[C@@H]([C@@H]([C@H](O3)C[S+](CC[C@@H](C([O-])=O)N)C)O)O,0.022855500867156445
