id,smiles
mol_0,O=C1CCC23CC(C=CC=C12)n1c(=O)n(-c2ccccc2)c(=O)n13
mol_1,CC(=O)OC(Cc1cc(C=C(C(F)(F)F)C(F)(F)F)cc(C)n1)(C(F)(F)F)C(F)(F)F
mol_2,N#CC(=Cn1ccc(=O)[nH]c1=S)c1nc2ccccc2s1
mol_3,CC(=N)NOCc1nc(C)no1
mol_4,CC(=O)NC(=N)NC#N
mol_5,Cc1cc(Br)cc(C)c1NC(=O)C(=O)CC(=O)c1sc(-n2nc(-c3ccccc3)cc2-c2ccccc2)nc1C
mol_6,CN(c1ccc(Cl)cc1)S(=O)(=O)c1ccccc1
mol_7,CC(c1ccc2c(c1)CCC1C2CC2OC23CC=CC(=O)C13C)C1CC2(C)OC2(C)C(O)O1
mol_8,Cn1c([N+](=O)[O-])cnc1CSc1ccc(C#N)cc1
mol_9,Cl.O=C1OC(c2ccccc2)CC1CN1CCOCC1
mol_10,CC1=[O+][Cu-3]23[O+]=C(C)CC(C)=[N+]2C(C)C[N+]3=C(C)C1
mol_11,CC(=O)OCC1OC(n2c3c(c(-c4ccco4)c(C#N)c2=S)CCCC3)C(OC(C)=O)C(OC(C)=O)C1OC(C)=O
mol_12,COC(=O)C(=O)C(C(=O)OC)C(=O)C(=O)Nc1c(Cl)cc([N+](=O)[O-])cc1Cl
mol_13,N#CC(=CNC(=S)NC1CCCCC1)c1nc2ccccc2s1
mol_14,O=C(NNC(=O)c1csc(NC(=S)NC2CCCCC2)n1)c1ccccc1
mol_15,NC1=C(c2nc(-c3ccccc3)cs2)C(c2ccc(Br)cc2)c2c(c3ccccc3oc2=O)O1
mol_16,O=[N+]([O-])c1ccc(Sc2ccc([N+](=O)[O-])cc2[N+](=O)[O-])c([N+](=O)[O-])c1
mol_17,O=C(O)O.O=C1C=C(N2CCN(CCO)CC2)C(=O)c2c(N3CCN(CCO)CC3)cc(N3CCN(CCO)CC3)nc21
mol_18,O=S(=O)(c1ccccc1)C1(Sc2ccccc2)CC=CC1
mol_19,O=C1c2c(c3c4ccccc4n(COCCO)c3c3[nH]c4ccccc4c23)C(=O)N1Cc1ccccc1
mol_20,O=C(CC(C(=O)c1cccs1)c1ccccc1)c1ccccc1O
mol_21,CCOC(=O)Cc1csc(Nc2ccc(OCC)cc2)n1
mol_22,CC(NC(=O)C(N)Cc1ccc(O)cn1)C(=O)O
mol_23,CN(C)CCC(=NNc1ccc([N+](=O)[O-])cc1)c1ccccc1.Cl
mol_24,Cn1c(=O)ccc2cc(C(=O)c3ccccc3)ccc21
mol_25,CCOC(=O)CC(SP1(=S)OCC2(CC=CCC2)CO1)C(=O)OCC
mol_26,N#CC12CCC1C1CCCCC12N1CCSCC1
mol_27,Oc1c(C2=NNC(c3ccc(Cl)cc3Cl)C2)ccc2ccccc12
mol_28,COc1ccc(C2C3=C(N=C4SC(C(C)=O)=C(C)N42)c2ccccc2CC3)cc1
mol_29,Cc1ncc([N+](=O)[O-])n1CCn1ccnc1[N+](=O)[O-]
mol_30,O=NNc1nc(-c2ccccn2)nc2ccccc12.[NaH]
mol_31,Cc1nn(C(=O)Cc2ccccc2)c2c1C(c1ccc(Cl)cc1)SC(=N)N2
mol_32,c1cc2nsnc2c2c[nH]cc12
mol_33,CC(=O)NC1C(OCc2ccccc2)OC(COC(=O)CCCCCNc2ccc([N+](=O)[O-])c3[nH]c4ccc(O)cc4c(=O)c23)C(O)C1OC(C)C(=O)NC(C)C(=O)NC(CCC(=O)OCc1ccccc1)C(N)=O
mol_34,[N-]=[N+]=C1C(=O)NCN=C1c1ccccc1
mol_35,CC(CCO)OC1OC(COC(=O)C(C)(C)C)C(OC(=O)C(C)(C)C)C(OC(=O)C(C)(C)C)C1OC(=O)C(C)(C)C
mol_36,[O-]c1c2cc(-[n+]3c(-c4ccccc4)cc(-c4ccccc4)cc3-c3ccccc3)cc1COC(c1ccccc1)C(c1ccccc1)OCc1cccc(n1)COC(c1ccccc1)C(c1ccccc1)OC2
mol_37,Cc1noc(NS(=O)(=O)c2ccc(NC(=O)c3ccc4[nH]c5ccccc5c(=O)c4c3)cc2)c1C
mol_38,CCOC(=O)C(NC(C)=O)C(c1ccc(OC)cc1)[Sn](c1ccccc1)(c1ccccc1)c1ccccc1
mol_39,COC(=O)c1cc2c(s1)C(=O)c1ccccc1-2
mol_40,CCOC(=O)C(=Cc1ccc(C#N)cc1)C(C)=O
mol_41,COC(=O)c1cc(C(CCl)c2cc(C(=O)OC)c(O)cc2C)c(C)cc1O
mol_42,Cc1cc(C)c(C(=O)O)c(N)c1O
mol_43,COP1(=O)NCc2ncccc2O1
mol_44,CN(C)CCNC(=O)C1COc2cc(-c3cc(=O)c4ccccc4o3)ccc2O1.Cl
mol_45,O=C(O)C1(Cc2ccc3c(c2)CCC3)Cc2ccccc2C1=O.[KH]
mol_46,CC(C)(CN1CCCCC1)C(=O)C=Cc1ccc(Cl)c(Cl)c1.Cl
mol_47,COc1cc(C=C2CCC(C)C3=C(c4cc(OC)c(OC)c(OC)c4)C(C#N)=C(N)OC23)cc(OC)c1OC
mol_48,CN(C)c1nncc2[nH]nnc12
mol_49,N=c1[nH]c2cc(Cl)ccc2n1N
mol_50,CC1=CC(=O)C(=C(C)C)CC1
mol_51,O=C(Cn1c2ccc(Br)cc2c2nc3ccccc3nc21)NNC(=S)NC1CCCCC1
mol_52,Cc1cn(COCCS(=O)c2ccccc2)c(=O)[nH]c1=O
mol_53,CN1C(=S)N2CCCCCCCC2C(C#N)=C1N
mol_54,O=C1CC(=O)NC(NNS(=O)(=O)c2ccc(Cl)cc2)=N1
mol_55,CCOC(=S)NP(=O)(NC(=S)OCC)NC(=S)OCC
mol_56,CC1=C(C(=O)NCC(C)O)CC(C(=O)NCC(C)O)=C(C)N1
mol_57,CCCc1ccc(OC2OC(CO)C(O)C(O)C2O)cc1
mol_58,COn1oc(=O)c2ccccc21
mol_59,N#CC(C(=O)c1ccccc1)=C1Nc2ccccc2N1
mol_60,Cc1cc([N+](=O)[O-])ccc1N=NC(=O)NNc1ccc([N+](=O)[O-])cc1C
mol_61,CCCCCCCCCCCCCCCCOCC(COC(c1ccccc1)(c1ccccc1)c1ccccc1)O[PH](=S)OC
mol_62,Cc1cc(OCC(O)CO)ccc1Cl
mol_63,CCCCOCc1cc(CN2CCN(C)CC2)c(O)c2ncccc12
mol_64,COC(=O)CSc1n[nH]c(-c2ccccc2)n1
mol_65,C=CCOc1cc(NC(=S)c2ccoc2C)ccc1OC
mol_66,O=C1C(=Cc2ccc(O)c(O)c2)CCc2ccccc21
mol_67,COC(C(=O)C(O)C(C)O)C1Cc2cc3cc(OC4CC(OC5CC(O)C(O)C(C)O5)C(O)C(C)O4)c(C)c(O)c3c(O)c2C(=O)C1OC1CC(OC2CC(OC3CC(C)(O)C(O)C(C)O3)C(O)C(C)O2)C(O)C(C)O1
mol_68,CCc1c(CNC2=NCCN2)c(CC)c(CNC2=NCCN2)c(CC)c1CNC1=NCCN1.Cl
mol_69,CC(C=Cc1ccccc1)=Nc1ccccc1
mol_70,CCCNCCCCC(NC(C)=O)C(=O)NCc1ccccc1
mol_71,O=C(O)CC1CCN(C(=O)c2ccccc2)C(Cc2c[nH]c3ccccc23)C1O
mol_72,CC(C)(C)CNC(=O)NCn1cc(-c2ccccc2)nn1
mol_73,CC(C)=C=CCN(C)Cc1ccccc1.O=C(O)C(=O)O
mol_74,COCCn1cnc2c(Cl)nc(Nc3ccccc3)nc21
mol_75,O=C1C(=Cc2ccccc2Cl)COc2ccccc21
mol_76,COc1cc2c(c(OC)c1)C(C)=NC(C)C2
mol_77,O=S(=O)(c1ccccc1)C1CN(Cc2ccccc2)CCN(Cc2ccccc2)C1
mol_78,O=C1CCC2(CCC(=O)NC2=O)C(=O)N1
mol_79,COc1ccc(C(C2=C(O)CC(C)OC2=O)C2=C(O)CC(C)OC2=O)cc1
mol_80,COc1ccc(-c2nc3c(nc2-c2ccc(OC)cc2)C(N)=NS(=O)(O)=N3)cc1
mol_81,CCCCCCCCCCCCCCCCOC1OC(CSSCC2OC(OCCCCCCCCCCCCCCCC)C(O)C(O)C2O)C(O)C(O)C1O
mol_82,CC(=O)Nc1nnc(S(C)(=O)=O)s1
mol_83,CCOC(=O)c1sc2nc(SC)nc(N3CCCCC3)c2c1N
mol_84,Cc1ccc(C2OC(=O)c3c2ccc2ccccc32)cc1
mol_85,Oc1c(Cc2ccccc2)c(-c2ccccc2)nn1C1=NCCN1
mol_86,CCOC=C1C(=O)N(C(C)=O)c2cc(OC)c(OC)cc21
mol_87,Nc1c(Br)cc(C=C2C=Cc3ccccc32)cc1Br
mol_88,O=C1c2ccccc2-c2c3c(cc4ccnc1c24)OCO3
mol_89,CCOC(=O)c1nc2ccccc2nc1Nc1cc(OC)c(OC)c(OC)c1
mol_90,O=C(C1=CCC2(CC1)OCCO2)N(Cc1ccccc1)c1ccccc1I
mol_91,Nc1nc(N)c(N=O)c(N)n1
mol_92,COC(=O)CCC(NC(=O)C(C)NC(=O)COC1C(O)C(COC(=O)CCCCCCCCCCNC(=O)c2ccc([N+](=O)[O-])c3[nH]c4cc(Br)ccc4c(=O)c23)OC(OCc2ccccc2)C1NC(C)=O)C(N)=O
mol_93,CC1(C)C2CCC(CNC(=N)CSS(=O)(=O)O)C1C2
mol_94,CCOC(=O)C(O)=C1C(=O)N(C)C(=O)C1c1ccc(OC)c(OC)c1
mol_95,COc1ccc(C23c4ccc(OC)cc4CC2(c2ccc([N+](=O)[O-])cc2)Cc2cc(OC)ccc23)cc1
mol_96,COc1nc2ccc(COc3ccc(C(=O)O)cc3)cc2nc1OC
mol_97,CN(C)c1ncnc2c1Cc1ccccc1C(=O)N2C
mol_98,COC(=O)CCC(=O)c1ccc2c(c1)CC1(Cc3ccccc3C1)C2
mol_99,O=c1cc[nH]c2c1ccc1ncccc12
mol_100,CCOC(=O)NC(Nc1ncccn1)(C(F)(F)F)C(F)(F)F
mol_101,CC(C)(C)C1CCC2c3c([nH]c4ccccc34)C3C(=O)N(c4ccc(C(=O)O)cc4)C(=O)C3C2C1
mol_102,CC(=CC1CC(C2CCC34CC23C=CC2C3(C)CC=C5CC(c6ccccc6)OCC5(C)C3CC(O)C24C)C(=O)O1)CO
mol_103,CC1(C)c2ccccc2-c2nc3ccccc3c3c2C1OC3=O
mol_104,Cc1cn(C2CC(CC=[N+]([O-])CC3OC(n4cc(C)c(=O)[nH]c4=O)CC3O[Si](C)(C)C(C)(C)C)C(CO[Si](C)(C)C(C)(C)C)O2)c(=O)[nH]c1=O
mol_105,CCOC(=O)C(=Cc1ccc(C#N)cc1)C(=O)OCC
mol_106,COc1ccc(OC)c(C(Nc2ccc3cn[nH]c3c2)P(=O)(c2ccccc2)c2ccccc2)c1
mol_107,CC(CC(=O)Nc1ccc(C)c(C)c1)=NN(c1ccccc1)c1ccccc1
mol_108,CC(C)(C)OC(=O)NC(C)(C)C(=O)NCCC(=O)O
mol_109,CN1c2ccccc2N=Cc2c1oc1ccc3ccccc3c1c2=O
mol_110,Oc1ccccc1C=Nc1ccccc1N=Cc1ccccc1O
mol_111,CCCCC(C#N)C(=O)NC(N)=O
mol_112,N#Cc1c(N2CCCC2)ncn(Cc2ccccc2)c1=O
mol_113,N#CCCN(CCC#N)C(=O)Nc1cccc2ccccc12
mol_114,CC(=NNC(=N)N)c1ccccc1
mol_115,CCCC[Sn](CCCC)(OC(=O)c1cc(F)cc(F)c1)O[Sn](CCCC)(CCCC)OC(=O)c1cc(F)cc(F)c1
mol_116,C[SH](C)(=O)CCCS(=O)(=O)O
mol_117,CCOC(=O)C(=Cc1ccc(N(C)C)cc1)[Se]c1ccccc1
mol_118,O=C(CI)Nc1ccc2oc(=O)c(C(=O)O)cc2c1
mol_119,CCCCOC1CC2(c3ccc(OC)cc3)C(=O)c3ccccc3N2O1
mol_120,CCOC(=O)C1=NN(c2ccccc2)C(=O)C1=CN1C(=O)CC(=O)NC1=S
mol_121,COc1ccc(C(=O)C(c2ccc(OC)cc2)C2(O)C(=O)Nc3ccc([N+](=O)[O-])cc32)cc1
mol_122,CN(C)CCCN1c2ccccc2Sc2ccc(Cl)cc21
mol_123,CCC(=O)OCN(C)c1nc(N(C)COC(=O)CC)nc(N(C)COC(=O)CC)n1
mol_124,CC(=O)CCS(=O)(=O)O
mol_125,OCc1cccnc1
mol_126,CC(=O)OC(C)(C)c1ccc2c(c1)C(=O)CC1C(C)(C#N)CCCC21C
mol_127,O=S(=O)(O)c1ccc(Nc2ccnc3cc(Cl)ccc23)cc1
mol_128,N#CCCN(CCC#N)c1ccc(C=C2N=C(c3ccccc3)N(c3ccc(F)cc3)C2=O)cc1
mol_129,I.OCCN(C1=NCCN1)[N+](=Cc1ccc(Cl)cc1)[CH-]c1ccc(Cl)cc1
mol_130,CN(C)c1ccc(C=Cc2cc[n+](C)c3ccccc23)cc1
mol_131,COC(=O)C12CCC(C)C(C)C1C1=CCC3C4(C)CCC(OC(C)=O)C(C)(C)C4CCC3(C)C1(C)C(O)C2
mol_132,COC(=O)C12C3C4C1C1C2C3C41C(=O)O
mol_133,BC#N.CN(C)CCCn1ccc(=O)[nH]c1=O
mol_134,CC(=O)OCC1(C)C(OC(C)=O)CCC2(C)C(CC(OC(C)=O)C3=CCOC3=O)C(O)(CO)CCC12
mol_135,O=C(O)C(=O)O.O=C1CN(CCN2CCCCC2)CC(=O)N2CCCCN12
mol_136,ON=C(CSSCC(=NO)c1ccc(Cl)cc1)c1ccc(Cl)cc1
mol_137,Nc1ccc(C(=O)Nc2ccccc2N)cc1
mol_138,c1ccc(N=C(N2CCOCC2)N(CCN2CCOCC2)c2ccccc2)cc1
mol_139,CCOC1NC(N=Cc2ccc(OC)cc2)=C(C#N)C1C#N
mol_140,CCCCCC(C=CC1CCC(=O)C1)OCOCCOC
mol_141,CCOC(=O)NC(Nc1ccc(Cl)cn1)(C(F)(F)F)C(F)(F)F
mol_142,CC(C)(C)c1ccc(-n2c3nc(=O)n(-c4ccccc4C(F)(F)F)c(=O)c-3cc3ccccc32)cc1
mol_143,COc1cccc(Nc2nc(N)nc(N)c2N=O)c1
mol_144,Cc1ccc(N=Cc2ccc3c(c2)OCO3)cc1C
mol_145,CC1=C(C(=O)NNC(=O)Cc2ccccc2)CC(C(=O)NNC(=O)Cc2ccccc2)=C(C)N1
mol_146,COc1ccc(N=NC(=O)NC(CC(C)C)C(N)=O)cc1
mol_147,CC(NC(=O)OCc1ccccc1)NC(=O)C(CC(=O)OC(C)(C)C)NC(=O)OC(C)(C)C
mol_148,C[n+]1cc(C(O)c2ccc3c(c2)OCO3)c2ccccc2c1.[I-]
mol_149,O=C1C(=Cc2ccc(O)c([N+](=O)[O-])c2)CCCC1=Cc1ccc(O)c([N+](=O)[O-])c1
mol_150,C1CSCC2COCC(CSCCS1)S2
mol_151,COc1ccccc1C(=O)c1c(NCc2ccccc2)c(=O)c1=O
mol_152,CC(=O)C(C)C(=O)N1C(=O)OCC12C1CCC(C1)C2(C)C
mol_153,Cc1cc(CO)c(O)c(C(=O)CC2CC(=O)NC(=O)C2)c1
mol_154,CC12CCC3C(CCC4C(=NO)C(=O)C(=NO)CC43C)C1CC(=NO)C2=O
mol_155,[N-]=[N+]=CC(=O)OCCCCl
mol_156,CC1=CC(=O)c2c(O)cccc2C1=O
mol_157,COc1ccc(S(=O)(=O)c2ccccc2[N+](=O)[O-])cc1
mol_158,NS(=O)(=O)c1nnc(NC(=O)Nc2ccc(Cl)c(Cl)c2)s1
mol_159,CCCCOC(=O)C1CN2C=CC=NC2=NC1(C(F)(F)F)C(F)(F)F
mol_160,CC(=O)ON(OC(C)=O)c1ccc(C)cc1
mol_161,N#Cc1ncn(-c2ccccc2)c1N
mol_162,CC(=O)NNc1nc(C)c(C(=O)C=CC=Cc2ccccc2)s1
mol_163,C(=Cc1ccc2ccccc2c1Nc1ccccc1)c1ccccc1
mol_164,COc1ccc(NC2C(=O)C3(C)CCC2C3(C)C)cc1
mol_165,O=C(Oc1ccc(OC(Oc2ccccc2)c2ccccc2)cc1)c1ccccc1
mol_166,CC1=NOC2(C1)C(=NO)CCCC2=NO
mol_167,COc1ccc(C(=O)C(C(=O)C(=O)NCCCNC(=O)C(=O)C(C(=O)c2ccc(OC)cc2)c2ccc(OC)cc2)c2ccc(OC)cc2)cc1
mol_168,Cc1cn(C2CC(S(=O)c3ccccc3)C(CO)O2)c(=O)[nH]c1=O
mol_169,CC(=O)c1cccc(NC(=O)C(=O)c2c(O)c3ccccc3oc2=O)c1
mol_170,COC(=O)N1CCC(Sc2ccccc2)C2(CCOC(=O)c3ccccc3)CCC(O)C12
mol_171,O=c1[nH]c2ncsc2c(=O)n1O
mol_172,NCCCCC(NC(=O)C(CO)NC(=O)C(CO)NC(=O)CN)C(=O)NC(CO)C(=O)NC(CCCCN)C(=O)N1CCCC1C(=O)NC(CCCCN)C(=O)NC(CC(=O)O)C(N)=O
mol_173,Nc1nc(Cl)c(Cl)c(NCC2(O)CCC2)n1
mol_174,N#CC(=N)c1ncn(-c2ccccc2N)c1N
mol_175,CCOC(=O)c1cc(NN=C2CCCNC2=O)c[nH]1
mol_176,O=C(NNC(=O)c1ccc([N+](=O)[O-])cc1)c1ccc([N+](=O)[O-])cc1
mol_177,CC(NNC(=O)c1ccncc1)c1ccc(Cl)c(Cl)c1
mol_178,CCC(=O)c1c(CC)ccc2ccccc12
mol_179,CCOC(=O)OC(=Cc1ccc(OC)cc1)c1c(OC(=O)OCC)n(C(=O)OCC)c2ccccc12
mol_180,CCOC(=O)C(=Cc1ccc(C)cc1)C(=O)c1ccccc1
mol_181,N#CC(=CNC(=S)C(N)=S)C(=O)c1ccc2ccccc2c1
mol_182,COC(=O)C1(C)CCCC2(C)c3cc(C(C)=O)c(C(C)C)cc3CCC12
mol_183,CN(C)c1ccc(-c2ccc(N(C)C)c3n[se]nc23)c2n[se]nc12
mol_184,C#CCCOC1(OC)N=NC(C)(C)O1
mol_185,CCCCCCCCOc1ccc(C(=O)c2ccccc2)c(O)c1
mol_186,c1ccc(-c2nnc(CCCCCCCCc3nnc(-c4ccccc4)o3)o2)cc1
mol_187,CC1(C)CCNc2ccccc2S1
mol_188,Cc1cc(N(CCCl)CCCl)ccc1N=Nc1ccccc1
mol_189,COc1ccc(N2C(=O)C(N3C(=O)C=CC3=O)C2C=O)cc1
mol_190,CCC(C)C(=O)OC1C(=O)OC2CC3C(C)=CC(=O)C(O)C3(C)C3C(O)C(O)C4(C)OCC23C14
mol_191,CCc1nnc(-c2nsc3ccccc23)s1
mol_192,O=C1c2ccccc2C(=O)N1CC=NNS(=O)(=O)c1ccc2ccccc2c1
mol_193,CCOC(=O)C(C)(c1c[nH]c2ccccc12)c1c[nH]c2ccccc12
mol_194,CCOC(=O)C1=C(O)c2c(sc(C)c2C)N(S(=O)(=O)c2ccc(C)cc2)CC1
mol_195,COc1c2c(c3c(c1CCC(=O)O)OC(C)(C)C=C3)OC(C)(C)C=C2
mol_196,CCCCCCCCCCCCCCCC(=O)OCC(O)CO
mol_197,CCCCn1c(C)c(C)c2c1NN=C(C#N)S2(=O)=O
mol_198,Cc1c(C(=O)O)n2c(C)nnc2c2ccccc12
mol_199,CCSC1=NC(=Cc2ccccc2O)C(Nc2ccc(C)cc2)=N1
mol_200,O=C1OC(C2Cc3cc4c(cc3C2=O)CCC4)c2ccccc21
mol_201,CSc1cc(-c2ccccn2)nc(-c2ccccn2)c1
mol_202,COc1cc(C=NNC(=N)NO)cc(OC)c1OC.Cc1ccc(S(=O)(=O)O)cc1
mol_203,CC1(C)NC(=N)NC(=N)N1c1cccc(N)c1
mol_204,O=C(CCCCCCCCC(=O)N1C(=O)CC(=O)N(c2ccc(Cl)cc2)C1=S)N1C(=O)CC(=O)N(c2ccc(Cl)cc2)C1=S
mol_205,O=C1[OH+][Co-4]23(NCCN2)(NCCN3)[OH+]1.[O-]C(O)=[OH+]
mol_206,Cc1nc2ccccc2c(=O)n1NC(=O)c1ccc([N+](=O)[O-])cc1
mol_207,COc1ccc2nc3cccc([N+](=O)[O-])c3c(NCCC(=O)O)c2c1
mol_208,CC12CP(=O)(O)CC1C2(Cl)Cl
mol_209,CN1C(C)(c2ccccc2)c2ccccc2S1(=O)=O
mol_210,CC(C)CN(CC(C)C)C(=O)C(Br)C(Br)C(=O)O
mol_211,CS(=O)CC1=NOC(c2ccccc2)C1c1ccccc1
mol_212,CC(C)=CC1CC(=O)C1(C)Sc1ccccc1
mol_213,CC12CCC3C(CCC4=CC(OC5OC(CO)C(O)C(O)C5O)CCC43C=O)C1(O)CCC2c1ccc(=O)oc1
mol_214,CC1=NN(C(=O)CC(=O)Nc2cccc(C)c2)C(=O)C1N=Nc1ccc(S(=O)(=O)CCOS(=O)(=O)O)cc1
mol_215,Cc1ccc(Cc2n[nH]c(=O)n2N2C(=O)c3ccccc3C2=O)cc1
mol_216,COc1cc2c(c(OC)c1OC)CCc1cnoc1-2
mol_217,COC(=O)c1c(C)cc2c(c1O)C1(O)C(=O)c3cc4c(c(O)c3C(=O)C1(OC)C(O)C2)C(=O)C=C(NC1OC(C)C(OC)C(O)C1OC)C4=O
mol_218,Oc1ncc2[nH]c(=S)[nH]c2n1
mol_219,CC(CCC1(O)OC2CC3C4CC=C5CC(OC6OC(CO)C(O)C(OC7OC(CO)C(O)C(O)C7O)C6OC6OC(C)C(O)C(O)C6O)CCC5(C)C4CCC3(C)C2C1C)COC1OC(CO)C(O)C(O)C1O
mol_220,c1ccc2sc(CN(Cc3nc4ccccc4s3)Cc3nc4ccccc4s3)nc2c1
mol_221,C=C1CN(S(=O)(=O)c2ccc(C)cc2)CCCN(C(=O)OC(C)C)CCCN(S(=O)(=O)c2ccc(C)cc2)C1
mol_222,CCOC(=O)c1ccc(C(C)=NNC(N)=S)cc1
mol_223,CSc1nncc2[nH]cnc12
mol_224,CC1=NN(c2ccccc2)C(=O)C1=Nc1c(C)nn(-c2ccccc2)c1O
mol_225,Cn1c(=O)c2c(n(C)c1=O)n1c(=O)c3ccccc3nc1n2C
mol_226,COc1ccccc1NC(=O)C1=C(C)NC(C)=C(C(=O)Nc2ccccc2OC)C1c1cccc2ccccc12
mol_227,O=C(c1ccccc1)c1nc2c(Cl)ccc(Cl)c2cc1C(Br)Br
mol_228,COC(OC)C(C)C(O)C(C)(O)C1OC(C)(C)OC(C(C)C=C(C)C)C1C
mol_229,O=C1C2Nc3ccccc3SC2C(=O)N1c1cccc([N+](=O)[O-])c1
mol_230,O=C1CCCCCC1=Cc1ccccc1
mol_231,Cc1c(-c2coc(-c3ccc([N+](=O)[O-])cc3)n2)c(=O)n(-c2ccccc2)n1C
mol_232,O=C1C(=Cc2ccc([N+](=O)[O-])cc2)C(=O)c2ccccc21
mol_233,COc1ccc(C2=NC(c3ccccc3)N3C(c4ccccc4)NC(c4ccccc4)C2C3c2ccccc2)cc1
mol_234,O=[N+]([O-])c1cccc(C2=NC(=S)NC(c3cc(Cl)ccc3O)C2)c1
mol_235,CC(C)C(=O)[OH+][Co-4](N)(N)(N)(N)[OH+]C(=O)C(C)C.[O-][Cl+3]([O-])([O-])O
mol_236,O=C1C(O)=C(Sc2ccc(Cl)cc2)C(=O)c2ccccc21
mol_237,CC(=O)Oc1ccc(-c2nnc(-c3ccc(OC(C)=O)cc3)nn2)cc1
mol_238,CC(C)=CCCC(C)C1C(OC2OC(CO)C(O)C(O)C2O)CC2(C)C3CC(=O)C4C(C)(C)C(OC5OC(CO)C(O)C(O)C5O)CCC45CC35CCC12C
mol_239,CC1C2CCC3(CCC4C5(C)CCCC4(CN(CCO)C5)C3C2)C1O
mol_240,CC(=O)NC1C(OCc2ccccc2)OC(CO)C(O)C1OC(C)C(=O)NC(C)C(=O)NC(CCC(=O)OCCNCCCNc1ccc([N+](=O)[O-])c2[nH]c3ccccc3c(=O)c12)C(N)=O
mol_241,CC1CCC(=Cc2ccc(N(C)C)cc2)C(=O)C1=Cc1ccc(N(C)C)cc1
mol_242,O=c1c2nn[nH]c2nc2n1CC(c1ccccc1)S2
mol_243,O=S1(=O)CS(=O)(=O)OCCCCCO1
mol_244,O=C1NC(=S)NNC12c1ccccc1-c1ccccc12
mol_245,O=Nc1c(-c2ccccc2)[nH]c2cc(-c3ccccc3)nn12
mol_246,O=c1c2cc(-c3ccccc3)cnc2sn1-c1ccc(Br)cc1
mol_247,CC1(C)C2CCC1(C)C(NC(=O)COCCOCC(N)=O)C2
mol_248,COc1ccccc1C1SCc2nc3ccccc3n21
mol_249,COc1ccc(CNc2nc3cc(C(F)(F)F)ccc3nc2C(=O)O)cc1
mol_250,CCCC(CCC)C1=[O+][Cu-4]234[O+]=C(C(CCC)CCC)[OH+][Cu-4]2([O+]=C(C(CCC)CCC)[OH+]3)([O+]=C(C(CCC)CCC)[OH+]4)[OH+]1
mol_251,Cc1ccc([Hg-]2[S+]=C(NNc3ccccc3)[SH+]2)cc1
mol_252,C=C1c2nc3ccccc3n2C=C(c2ccccc2)N1c1ccc([N+](=O)[O-])cc1
mol_253,COC(=O)c1ccc(CCc2cc(O)ccc2O)cc1
mol_254,CN(C)CC1CCCC(=Cc2ccc(OC(=O)C=Cc3ccc(Cl)cc3)cc2)C1=O.Cl
mol_255,Cc1nc2c(=O)n(C)c(=O)nc-2n(-c2ccc(Cl)cc2)c1C
mol_256,COc1ccc(C=C2C[N+](C)(C)CC(=Cc3ccc(OC)cc3)C2=O)cc1.[I-]
mol_257,Cc1cn(C2CC(N=[N+]=[N-])C(CO)O2)c(=O)[nH]c1=N.Cl
mol_258,CCCS(=O)(=O)O
mol_259,CC12CCC(C(Br)C1=O)C2(C)CBr
mol_260,CC(CC(N)C(=O)O)C(=O)O
mol_261,C1COCCOP2(N3CC3)=NP(N3CC3)(=NP(N3CC3)(N3CC3)=N2)OCCOCCO1
mol_262,CCN(CC)C(=C(C(Cl)=C(Cl)Cl)[N+](=O)[O-])N(CC)CC
mol_263,O=C(O)c1cc(C(=O)Nc2ccc(C3=NCCN3)cc2)c(C(=O)O)cc1C(=O)Nc1ccc(C2=NCCN2)cc1
mol_264,O=C1C(=Cc2cccc(F)c2)CCCc2ccccc21
mol_265,CCOC(=O)c1c(-c2ccc(O)c(OC)c2)c(C#N)c(=S)n(C2OC(CO)C(O)C(O)C2O)c1-c1ccccc1
mol_266,CC(C)(CN1CCCCC1)C(=O)C=Cc1c(Cl)cccc1Cl.Cl
mol_267,O=C(C1OC1c1cccc([N+](=O)[O-])c1)C12CC3CC(CC(C3)C1)C2
mol_268,CC[Pb](CC)(CC)OC(=O)COc1ccc(Cl)cc1Cl
mol_269,COc1ccccc1C=C(C(=O)c1ccccc1)c1ccccc1
mol_270,COC(C(=O)OC1C(=O)N2CCC3CCC1C32C)c1ccccc1
mol_271,CCOC(=O)C(Br)=CSCCC(=O)O
mol_272,COC(=O)C(=NNC(C)(C)C)C(C(=O)C(=O)Nc1cc(C)ccc1C)c1nc2ccccc2nc1O
mol_273,O=C1N=C2NC=NN2C1=O
mol_274,COC1=CC(=O)NCCN1
mol_275,COC(=O)c1ccccc1COC(=O)c1cc(C(=CCCC2CCC3(C)C(CCC4C3CCC3(C)C(C(C)CCCC(C)C)CCC43)C2)c2cc(Cl)c(OCc3ccccc3C(=O)OC)c(C(=O)OCc3ccccc3C(=O)OC)c2)cc(Cl)c1OCc1ccccc1C(=O)OC
mol_276,N#Cc1ccc(-c2ccc(Cl)cc2)n(C2OC(CO)C(O)C(O)C2O)c1=S
mol_277,C[n+]1cccc(O)c1.[I-]
mol_278,CC(C)=CCc1c(-c2ccc(O)cc2OC2OC(CO)C(O)C(O)C2O)oc2c3c(cc(O)c2c1=O)OC(C)(C)C=C3
mol_279,Oc1nc2c(c3ccccc13)CCc1ccccc1-2
mol_280,COC1N(C2CC(N=[N+]=[N-])C(CO)O2)C(=O)NC(=O)C1(C)Cl
mol_281,O=C1C(=Cc2ccc(OC(=O)c3ccc(Cl)cc3)cc2)CCCC1=Cc1ccc(OC(=O)c2ccc(Cl)cc2)cc1
mol_282,COC(=O)C(Cc1ccc2c(c1)CCC2)Cc1ccc2c(c1)CCC2
mol_283,COc1ccc(C2CC(=O)CC(c3ccc(OC)cc3)C23C(=O)NC(=O)NC3=O)cc1
mol_284,OCC=Cc1ccc(O)c(O)c1
mol_285,N#Cc1c(-c2ccccc2)c(-c2ccccc2)cc2c(=O)c3ccc(Cl)cc3[nH]c12
mol_286,O=C(c1ccncc1)n1nc(-c2ccccc2)c(N=Nc2ccc([N+](=O)[O-])cc2)c1-c1ccccc1
mol_287,CC(C(=O)N1C(=O)N(C(=O)C(C)C(O)c2ccccc2)C2CCCCC21)C(O)c1ccccc1
mol_288,CC(C)=CC(=O)CC(=O)C(=O)Nc1ccc(Cl)c(Cl)c1
mol_289,COc1cc2c3c(c1)nnn3C(=O)C(C)S2
mol_290,COc1cccc2c1C(=O)c1c(O)c3c(c(O)c1C2=O)CC(O)(C(C)=O)CC3OC1CC(N(Cc2ccccc2)Cc2ccccc2)C(O)C(C)O1
mol_291,CC1(C)CC(Br)(C(Br)c2ccccc2)C(=O)c2ccccc21
mol_292,Cc1ccc(S(=O)(=O)n2cncc2CO)cc1
mol_293,CC1C(=O)c2cc3c(cc2CCN(C)Cc2c1ccc1c2OCO1)OCO3
mol_294,COc1ccc(C2NC(=O)N3C(c4ccc(OC)c(OC)c4)NC(=O)N23)cc1OC
mol_295,CNC(=O)c1cc(NC(=O)N(CCC#N)CCN(C(=O)NC(Cc2ccccc2)C(=O)NC(CC(C)C)C(=O)NC)c2ccccc2)ccc1OC
mol_296,CC1(C)Oc2ccc3c(=O)cc(-c4ccc(F)cc4)oc3c2C1C(=O)O
mol_297,CN(C)CC1C(OC(=O)C(O)(c2ccccc2)C2CCCC2)C2CCN1CC2
mol_298,CCOC(=O)CC(=O)NC1CC2CCC1(C)C2(C)C
mol_299,N#CC(=Cn1c(=S)[nH]c2ccc([N+](=O)[O-])cc21)C(=O)c1ccc2ccccc2c1
mol_300,C=C1CC[N+]2(C)CCCC12
mol_301,CC(NC(=O)C(C)NC(=O)C(CC(N)=O)NC(=O)CN)C(=O)NC(CO)C(=O)NC(C)C(=O)NC(CCCNC(=N)N)C(N)=O
mol_302,O=C(O)CSc1nnc(Cc2ccccc2)[nH]1
mol_303,Cl.O=[N+]([O-])c1cccc2nccc(NCC(O)CO)c12
mol_304,Cl.O=C1CCCCCCCCCCC1CN1CCOCC1
mol_305,CC(=NNC(=S)Nc1ccccc1C)c1cccc(C(C)=NNC(=S)Nc2ccccc2C)n1
mol_306,N#CCCC(CC#N)S(=O)(=O)O
mol_307,CCOC(=O)NC(NNc1ccc([N+](=O)[O-])cc1[N+](=O)[O-])(C(F)(F)F)C(F)(F)F
mol_308,Cc1cccc(NC(=O)CC2C(=O)Nc3ccccc3S2(=O)=O)c1C
mol_309,COc1ccc(CNC(=N)N)c2ccccc12.O=S(=O)(O)O
mol_310,Cc1cccc(-c2cc(=O)c3cc(C)c(C)c(C(=O)O)c3o2)c1
mol_311,CCN1CCCCC(=NO)C(=NO)CCCC1
mol_312,CN(C)c1ccc(C=Cc2sc3ccccc3[n+]2C)cc1.[I-]
mol_313,O=c1[nH]c2ccccc2c(=O)n1N=Cc1ccc([N+](=O)[O-])cc1
mol_314,COC(=O)C(Cc1c[nH]c2ccccc12)NC(=O)C(Cc1c[nH]c2ccccc12)NC(=O)C(Cc1c[nH]c2ccccc12)NC(=O)OC(C)(C)C
mol_315,CCOCc1cc(=O)c2c(OC)cc3c(c2o1)CCC(C)(C)O3
mol_316,O=c1oc2ccccc2c(O)c1C(c1ccc(Cl)cc1)c1c(O)c2ccccc2oc1=O
mol_317,NS(=O)(=O)c1ccc(NC2=NCC(CI)S2)cc1
mol_318,ON1CCc2c([nH]c3ccccc23)C1c1ccccc1Br
mol_319,O=P1(Oc2ccccc2)Nc2cc(Cl)ccc2S1
mol_320,CCOC(=O)Cc1nc2sc(S(N)(=O)=O)nn2c1Br
mol_321,O=[N+]([O-])c1cccc2nc3ccccc3c(NCCCCCNc3c4ccccc4nc4cccc([N+](=O)[O-])c34)c12
mol_322,O=C1CS(=O)c2ccccc2N1
mol_323,N#CC(C(=O)C(=O)Nc1c(Cl)cccc1Cl)c1ccccc1
mol_324,CC1=NN(c2ccccc2)C(=O)CC1
mol_325,COC(=O)CC1(C(=O)OC)Nc2cc(Cl)c(Cl)cc2S(=O)(=O)N1O
mol_326,COc1cc2c(cc1O)C1(Cc3ccc4c(c3C1O)OCO4)N(C)CC2
mol_327,Nc1ccccc1C(=O)C(Br)C(Br)c1ccc2c(c1)OCO2
mol_328,CCC1(CC)C(=O)N(C(=O)c2ccc(Cl)cc2)N(C(=O)c2ccccc2Cl)C1=O
mol_329,COc1ccc(C=C(C#N)c2ccccc2)cc1OC
mol_330,O=C(NNC(=S)S)c1ccncc1
mol_331,CC(C)NC(=O)N(Nc1ccccc1)C(C)(C)C
mol_332,CSc1nc(O)c2nc(C)c(O)nc2n1
mol_333,O=S(=O)(F)c1ccc(C[PH](c2ccccc2)(c2ccccc2)c2ccccc2)cc1Cl
mol_334,O=C1c2ccccc2-c2cccc3ccc(Cc4ccc5ccccc5c4)c1c23
mol_335,CCOC(=O)c1c(-c2ccccc2)csc1N
mol_336,CC(C)=CC(CC(O)(C(F)(F)F)C(F)(F)F)=NO
mol_337,COc1ccccc1C(=O)N(Cc1ccccc1)c1ccc(Cl)c(C(=O)OC(C)C)c1
mol_338,CC(C)CCCC(C)C1CCC2C3CCC4CC(CCC=C(c5cc(Cl)c(OCc6ccc(B(O)O)cc6)c(C(=O)O)c5)c5cc(Cl)c(OCc6ccc(B(O)O)cc6)c(C(=O)O)c5)CCC4(C)C3CCC12C.[NaH]
mol_339,O=C1CC(c2ccc(Cl)cc2)=Nc2ccccc2N1
mol_340,O=C1NC(Cc2ccc(O)cc2)C(=O)N2CCCC12
mol_341,COc1cc(C(=O)CC(CCC(=O)Nc2ccc(Cl)cc2Cl)=NNc2nnc(C)n2N)ccc1O
mol_342,CCCC=CC=CC(=O)OC1C(C)C2(O)C3C=C(C)C(=O)C3CC(COC(C)=O)=CC2C2C(C)(C)C12OC(C)=O
mol_343,O=C(NC1C=Nc2ccccc2NC1=O)c1ccc(Cl)cc1
mol_344,Cl.O=C(CN1C(=O)CC(c2ccccc2)(c2ccccc2)C1=O)N1CCN(CCO)CC1
mol_345,COc1cccc2c1OC1(C=C2)Oc2ccccc2C(=O)N1C
mol_346,O=C(NCP(=O)(c1ccccc1)c1ccccc1)OCc1ccccc1
mol_347,COc1ccc(N2C(=O)C3c4[nH]c5cccc(Cl)c5c4C4CCC(C(C)(C)C)CC4C3C2=O)cc1
mol_348,Cc1cc(CC(O)c2ccc(Cl)c(Cl)c2)nc(O)n1
mol_349,CCc1cccc(CC)c1NC1=CC(=O)C(=O)c2ccccc21
mol_350,CC1CCCc2c(CC3CC(=O)NC(=O)C3)n[nH]c21
mol_351,Cl.O=C(O)CN1CCNCCN(CC(=O)O)CCNCC1
mol_352,CC(=O)Oc1ccc(-c2oc3c(C4C=C(C)CC(c5ccc(OC(C)=O)cc5OC(C)=O)C4C(=O)c4ccc(OC(C)=O)c(CC=C(C)C)c4OC(C)=O)c(OC(C)=O)cc(OC(C)=O)c3c(=O)c2CC=C(C)C)c(OC(C)=O)c1
mol_353,Clc1nc(Nc2nc3ccccc3[nH]2)nc(Cl)c1Cc1ccccc1
mol_354,CCSCC1OC2OC3C(CSCC)OC(OC4C(CSCC)OC(OC5C(CSCC)OC(OC6C(CSCC)OC(OC7C(CSCC)OC(OC8C(CSCC)OC(OC1C(OS(=O)(=O)O)C2OS(=O)(=O)O)C(OS(=O)(=O)O)C8OS(=O)(=O)O)C(OS(=O)(=O)O)C7OS(=O)(=O)O)C(OS(=O)(=O)O)C6OS(=O)(=O)O)C(OS(=O)(=O)O)C5OS(=O)(=O)O)C(OS(=O)(=O)O)C4OS(=O)(=O)O)C(OS(=O)(=O)O)C3OS(=O)(=O)O
mol_355,CCN1C(Cl)=NS(=O)(=O)c2ccccc21
mol_356,O=C(O)c1ccc(C2=Cc3cc(Cl)ccc3OC2)cc1
mol_357,CC1(Br)C(=O)NC(=O)N(C2C=CC(CO)O2)C1N=[N+]=[N-]
mol_358,Cc1ccc(C=NNc2nncc3ccccc23)s1
mol_359,N#Cc1nc(C(=O)c2ccccc2)oc1N
mol_360,COc1ccc(CC(=O)NC(C)Cc2ccc(OC)c(OC)c2)cc1OC
mol_361,Cc1ccc(N2C(=O)C(=C3SC(C(N)=O)=C(N)N3c3ccccc3)SC2=S)cc1
mol_362,Clc1ccc(C=NN2CCCCCC2)c(Cl)c1
mol_363,[N-]=[N+]=[N-].[N-]=[N+]=[NH+][Co-4](N)(N)(N)(N)[NH+]=[N+]=[N-]
mol_364,Br.NC1OC(COC(=O)c2ccccc2)C(O)C(OC(=O)c2ccccc2)C1OC(=O)c1ccccc1
mol_365,CC(C=CC=C(C)C=CC1=C(C)CCCC1(C)C)=CC=CC=C(C)C=CC=C(C)C=CC1=C(C)CCCC1(C)C
mol_366,CC12CCC(=O)N1c1cccnc1N2
mol_367,COc1c(O)cc2c(c1OC)-c1ccc(SC)c(=O)cc1C(NC=O)CC2
mol_368,COC(=O)C1=C(C(=O)OC)C23CC1C1C(C(=O)OC)=C(C(=O)OC)C12C1C=CC3C2C(=O)OC(=O)C21
mol_369,O=C(N(O)c1ccccc1Cl)C(O)(c1ccccc1)c1ccccc1
mol_370,COC(=O)C=Cc1cc(=O)n2c(nc3ccccc32)s1
mol_371,COC(=O)Nc1nc(O)c2cc(SC)ccc2n1
mol_372,CCN(CC)C(=S)SS(=O)(=O)c1cccc(N)c1
mol_373,NNC(=O)C(=O)NN=C(CCC(=O)Nc1ccc(Cl)cc1)Cc1nc2ccccc2s1
mol_374,N#CC(=C1N=C(c2ccccc2O)Oc2ccccc21)c1ccc([N+](=O)[O-])cc1
mol_375,CCCCN(CCCC)C1CCC(Nc2ccnc3cc(Cl)ccc23)CC1
mol_376,CCCCCC[N+](C)(C)Cc1ccc(C[N+](C)(C)CCCCCC)cc1.[Br-]
mol_377,OC1CCOc2ccccc21
mol_378,COc1ccc(C=CC(=O)c2cc(OC)cc(OC)c2)cc1
mol_379,COC(=O)c1ccccc1C=C1Cc2cc3c(cc2C1=O)CCC3
mol_380,COc1cc(C)c(Br)c2ccc(Br)c(O)c12
mol_381,OC(c1ccc(C(F)(F)F)cc1)C(F)(F)c1nc2ccccc2o1
mol_382,O=C(N=C(Nc1ccccc1)SCCSC(=NC(=O)c1cccs1)Nc1ccccc1)c1cccs1
mol_383,Cn1c(=O)c2c(no[n+]2[O-])c2ccccc21
mol_384,COc1cc(C)cc2c1OC(c1ccccc1)CC2=O
mol_385,COC(=O)CSc1nc2[nH]c(SC)c(C(N)=O)c2c(=O)n1-c1ccccc1
mol_386,O=C1C(=O)N(Cc2ccc(Cl)cc2)c2ccccc21
mol_387,COc1ccc2c(O)c(Cc3ccc(OC)c(OC)c3)c(=O)oc2c1
mol_388,N#Cc1sc2c(c1OC(=O)c1ccco1)c(=O)n(-c1ccccc1)c(=S)n2-c1ccccc1
mol_389,CC[N+]1(CC)CCC(=O)[Pd-2]1(Cl)NCCO
mol_390,CC(CC(=O)Nc1ccc([N+](=O)[O-])cc1)=NNc1ccc([N+](=O)[O-])cc1[N+](=O)[O-]
mol_391,Oc1ccc(-c2nc(-c3cccnc3)c(-c3ccc(Cl)cc3)[nH]2)cc1O
mol_392,COC1CCC(OS(C)(=O)=O)C(CO)O1
mol_393,COc1cccc2c1[OH+][Pd-2]1(O)[O+]=C(N)[N-][N+]1=C2
mol_394,NNC(=S)NN=C(c1nc2ccc(Cl)cc2nc1O)C(O)c1cccc([N+](=O)[O-])c1
mol_395,CC(=O)OC(Cc1ccc2ccccc2n1)(C(F)(F)F)C(F)(F)F
mol_396,Cc1ccc(C2OC(COCc3ccc(Cl)cc3)C(OCc3ccc(Cl)cc3)C2O)cc1
mol_397,CCOc1cc2c(cc1O)C(=NNS(=O)(=O)c1ccc(C)cc1)CC1C2CCC2(C)C(O)CCC12
mol_398,COc1ccccc1NC(=O)C(=Cc1ccccc1)C(C)=O
mol_399,CCOC(=O)C1(C(F)(F)F)N=C(CC)OC(N2CCOCC2)=N1
mol_400,CC(C)(CCc1nc2ccccc2[nH]1)C(=O)O
mol_401,Cc1cc2c(cc1C)N1C(Cl)=C3CCCCC3=C(C#N)C1N2
mol_402,Cc1nc(C(N)=S)sc1C(=O)CC(=NN)C(=O)Nc1ccc(Cl)cc1
mol_403,CCOC(=O)C1=C(c2ccccc2)NC(c2ccccc2)=C(C(=O)OCC)c2c1c(=O)cc[nH]c2=O
mol_404,Cc1cccc2c(=O)c([Se]c3coc4c(C)cccc4c3=O)coc12
mol_405,CCOC(=O)c1nc2cc(C(F)(F)F)ccc2nc1Oc1ccc(C(=O)OC)cc1
mol_406,CCN(CC)Cc1nc2sc3c(c2c(=O)n1-c1ccccc1)CCCC3
mol_407,Oc1c(CN2CCCCC2)ccc2ccccc12
mol_408,Cc1nnc2scnn12
mol_409,NCCSSc1ccccc1C(=O)O
mol_410,O=C(Cn1ccnc1[N+](=O)[O-])c1ccccc1
mol_411,CCOC(=O)c1ccc(NC(=O)ON=C(Cl)C(C)C)cc1
mol_412,N=C(N)NCCC(O)(P(=O)(O)O)P(=O)(O)O.[NaH]
mol_413,Cc1ccccc1NC(=O)C(=O)CC(=O)c1sc(-n2nc(-c3ccccc3)cc2-c2ccccc2)nc1C
mol_414,CCCCCCCCCCCCCCCCOP(=O)(O)OP(=O)(O)OCC1OC(n2cnc3c(N)ncnc32)C(O)C1O.[NaH]
mol_415,CCN(C(=O)c1ccc([N+](=O)[O-])cc1)C(c1ccccc1)P(=O)(c1ccccc1)c1ccccc1
mol_416,CS(=O)(=O)CCC(N)P(=O)(O)O
mol_417,COC(=O)C1=C(C)N2C(C(=O)O)CSC2(C)C(C(=O)OC)C1c1cccc([N+](=O)[O-])c1
mol_418,O=C(NNC(=O)c1ccccc1SSc1ccccc1C(=O)NNC(=O)c1ccccc1S)c1ccccc1S
mol_419,c1ccc(C2(c3cc4ccccc4[nH]3)OCCO2)nc1
mol_420,O=S1(=O)OCCOS(=O)(=O)C1I
mol_421,NC(Cc1ccc2oc3cc(=O)c4ccccc4c-3nc2c1)C(=O)O.O=[N+]([O-])O
mol_422,N#CC(=CNC(N)=S)c1nc2ccccc2s1
mol_423,Cc1nc2c(S)ncnc2n1Nc1ccccc1
mol_424,CCOC(=O)C(=C=Cc1cccs1)C(=O)c1ccccc1
mol_425,C=C1C(OC)OC2OC3(C)CCC4C(C)CCC1C24O3
mol_426,N#CC(NNC(=O)Cc1ccccc1)c1c(O)ccc2ccccc12
mol_427,COC(=O)C1Cc2ccc(OC)c(c2)OCCC(=O)N1
mol_428,Cn1c(N)c2c(=O)n(C)c3c(c2c(C#N)c1=O)CCSc1ccccc1-3
mol_429,COC(=O)c1c2c(cc3c1CC1(Cc4ccc(C(C)=O)cc4C1)C3)CCC2
mol_430,CC(C)CC(NC(=O)C(Cc1ccc(O)cc1)NC(=O)C(CO)NC(=O)C(CCC(=O)O)NC(=O)C1CCCN1C(=O)C(CC(C)C)NC(=O)C(C)NC(=O)CNC(=O)C(N)CCC(=O)O)C(=O)NC(Cc1c[nH]c2ccccc12)C(=O)O
mol_431,Cc1ccc(C2=C(c3ccccc3)C(O)(c3ccccc3)C(c3ccccc3)=C2c2ccc(C)cc2)cc1
mol_432,CCCC[PH](c1ccccc1)(c1ccccc1)c1ccccc1
mol_433,O=c1c(=Cc2ccccc2)sc2nc(-c3ccccc3)nn12
mol_434,CN(C)NP(=O)(NN(C)C)NN(C)C
mol_435,O=Nc1c(-c2ccccc2)nc2ccccn12
mol_436,CCC(C)C(NC(=O)C(CCC(N)=O)NC(=O)C1CCCN1)C(=O)NC(C(=O)NC(CC(C)C)C(=O)NC(Cc1c[nH]c2ccccc12)C(=O)NCC(CCC(N)=O)C(=O)NC(CCCNC(=N)N)C(=O)N1CCCC1C(=O)NC(CC(C)C)C(=O)O)C(C)O
mol_437,NNC(=S)NN=C(C(=O)Nc1cccc(O)c1)C1C(=O)NC(=S)NC1=O
mol_438,O=C(c1ccccc1)N1CCN(C(=S)NC2CCCCC2)C1=S
mol_439,Cl.OCC1OC(n2cnc(C3=NCCCN3)n2)C(O)C1O
mol_440,CC1OS(=O)(=O)CS(=O)(=O)OC1C
mol_441,CCC(c1ccccc1)C1NC(=S)NC1=O
mol_442,COc1ccc(N2C(=O)C3c4[nH]c5ccccc5c4C4CCC(C(C)(C)C)CC4C3C2=O)c(C)c1
mol_443,C=C1c2c(C)coc2C(=O)c2c(O)cc(OC)c(C)c21
mol_444,COc1ccc2c(c1)C(C)(C)Oc1cc3oc(C(=O)O)cc(=O)c3cc1-2
mol_445,N#CC1=C(N)N(N=Cc2ccccc2)C(c2ccccc2)C1(C#N)C#N
mol_446,O=C1CCCN1CCCN=c1cc2n(-c3ccc(Cl)cc3)c3ccccc3nc-2cc1Nc1ccc(Cl)cc1
mol_447,CC(C(=O)O)C(=Cc1ccc2c(c1)OCO2)C(=O)O
mol_448,CC(=O)CC1(O)C(=O)Nc2ccccc21
mol_449,CCC(C)C(CC)(C(=O)O)C(=O)O
mol_450,Cc1cccc(NC(=O)CC(=O)N2N=C(N3c4ccccc4Sc4ccccc43)CC2c2ccccc2)c1
mol_451,CCN(CC)P1CCP(c2ccccc2)CC1
mol_452,CCCCCCCCCCCCCCCCCCOC(COP(=O)(O)OCC1CCC(n2cnc3c(O)ncnc32)O1)COP(=O)(O)OCC1OC(n2cc(C)c(=O)[nH]c2=O)CC1N=[N+]=[N-]
mol_453,CC(=O)NNc1nc(C)c(C(=O)NNC(=O)C(=O)Nc2ccc([N+](=O)[O-])cc2C#N)s1
mol_454,O=C1C(=C2SC(c3ccccc3)(c3ccccc3)c3ccccc32)C(=O)c2ccccc21
mol_455,Cc1[nH]c(NC(=O)C(=O)O)c(C#N)c1C
mol_456,Cc1oc2nc(N(C)C)n3c(C)nnc3c2c1C
mol_457,N#CCCC(CCC#N)(CCC#N)NO
mol_458,NC(=O)NN=CCC(O)(C(F)(F)Cl)C(F)(F)Cl
mol_459,Cc1cc(C)nc(NS(=O)(=O)c2ccc(Nc3c4ccccc4nc4c(C(=O)N5CCN(CCO)CC5)ccc(Cl)c34)cc2)n1
mol_460,O=c1c(O)c(-c2ccc(O)c(O)c2)oc2cc(O)cc(O)c12
mol_461,CC(=O)OC1CC(C)C2CC2C2=C(C(O)OC2O)C1C(C)CCC=C(C)C
mol_462,CCOc1csc(C2CCC3C4CC=C5CC(O)CCC5(C)C4CCC23C)n1
mol_463,COc1ccc(C2CC(=O)c3cc(OC)ccc3O2)cc1
mol_464,NNC(=O)C(=O)NN=C(CCC(=O)NCCc1ccccc1)CC(=O)c1ccccc1
mol_465,CCCC(=O)OCC1OC2OC(C)(C)OC2C2OC(C)(C)OC12
mol_466,O=c1[nH]nc(Cn2c3ccc(Br)cc3c3nc4ccccc4nc32)n1C1CCCCC1
mol_467,Cc1ccc(C=CC(=O)c2sc(-n3nc(-c4ccccc4)cc3-c3ccccc3)nc2C)cc1
mol_468,CCOC(=N)CCCSSc1ccc(N=[N+]=[N-])cc1
mol_469,O=C1C(=Cc2cccc(O)c2)COc2ccccc21
mol_470,Cl.N=C(N)Cn1cnc2ccccc21
mol_471,CC(C)C1=Cc2ccc3c(c2C(=O)C1=O)CCCC3
mol_472,CCOc1cnc(C(O)(c2ccccc2)c2ccccc2)o1
mol_473,Cc1cc(O)cc2c1CC=C1C(=O)C(C(C)C)=C(O)C(=O)C1=C2
mol_474,N#CC(=Cc1c[nH]c2ccccc12)C(=O)c1ccc(O)c(O)c1
mol_475,NC(=S)C1=C(N)Oc2c(c(=O)oc3ccccc23)C1c1ccc(Br)cc1
mol_476,COc1ccc2c(c1OC)CN(C)CCc1cc3c(cc1C(=O)C2)OCO3
mol_477,CCCN(CCC)c1cc2c(cc1F)c(=O)c(C(=O)O)cn2-c1ccc(N2CCN(C)CC2)cn1
mol_478,COc1ccc(C=NNS(=O)(=O)c2ccc(NC(C)=O)cc2)cc1
mol_479,O=C1CNc2cc(N3CCOCC3)ccc2N1
mol_480,COC1C=COC2(C)Oc3c(C)c(O)c4c(O)c(c(C=NN(C)C5OC(COC(=O)c6ccccc6)C(OC(=O)c6ccccc6)C5OC(=O)c5ccccc5)c(O)c4c3C2=O)NC(=O)C(C)=CC=CC(C)C(O)C(C)C(O)C(C)C(OC(C)=O)C1C
mol_481,Cc1cccc2c(=O)c3c(O)cc4c(c3n(C)c12)C=CC(C)(C)O4
mol_482,COc1ccc(C(=O)c2ccc(OC)c(S(=O)(=O)N(C)C=O)c2)cc1S(=O)(=O)N(C)C=O
mol_483,O=C(O)CC12C3C4C5C3C1C5C42
mol_484,c1ccc(P(C2=C(P(c3ccccc3)c3ccccc3)[Pt]23C(P(c2ccccc2)c2ccccc2)=C3P(c2ccccc2)c2ccccc2)c2ccccc2)cc1
mol_485,O=C(O)c1nn[nH]c1Cl
mol_486,CCOC(=O)C(C(=O)c1ccccc1)=[N+]1c2ccccc2N(C)[C-]1C
mol_487,Cn1c2c(c3ccccc31)C1CCCCC1C1C(=O)NC(=O)C21
mol_488,NC(CCC(=O)NCCCC(=O)O)C(=O)O
mol_489,COC(=O)C1Cc2c(OC)ccc(OC)c2C(O)C1C(=O)OC
mol_490,COc1ccc(C(=O)CCC2(C)OCCO2)cc1OC
mol_491,CCOC(=O)C1Nc2ccc(OC)cc2C2c3ccccc3CC12
mol_492,N#CC(=CNC(=S)Nc1ccc(S(N)(=O)=O)cc1)C(=O)c1ccc2ccccc2c1
mol_493,COC(=O)C1CC23C=CCN4CC(C2C)C2(c5ccccc5NC12)C43
mol_494,C[n+]1cn(C2OC(CO)C(O)C2O)c2[nH+]c(O)nc(O)c21
mol_495,CC(=O)N(C(C)=O)n1c(Cc2ccc(Cl)cc2)nn(C(C)=O)c1=O
mol_496,CCC1=CCN(c2cc(C)ccn2)OC1c1ccc(OC)cc1
mol_497,C=CCCCCCCCCCCCC1CCC(CC)N1
mol_498,COc1ccc(C2=Nn3c(nc4sc5c(c4c3=O)CCCC5)SC2)cc1
mol_499,CCCCCCCCCCCCOC(=S)NCCCC
mol_500,S=P(c1ccccc1)(N1CCCCC1)N1CCCCC1
mol_501,COc1ccc2ccc3c(c2c1)CN1CCc2cc(OC)c(OC)cc2C1C3
mol_502,O=c1c2c(c1=O)-c1ccccc1CN2
mol_503,Cc1ccc(N(C)S(=O)(=O)c2ccccc2)cc1
mol_504,CCC(=O)c1cc(C(=O)C(=S)SC)cc(C(=O)C(=S)SC)c1
mol_505,COc1cc(CC(C)=O)cc(OC)c1
mol_506,O=[N+]([O-])c1ccc(NN=C(c2ccccc2)c2ccccc2)c([N+](=O)[O-])c1
mol_507,Fc1c(F)c(-c2c(F)c(F)c(S)c(F)c2F)c(F)c(F)c1S
mol_508,COc1ccc(C2=C(N)c3c(OC)cccc3C2=O)cc1
mol_509,CN(C)CCSC(=Nc1ccccc1)N1CCCCC1
mol_510,O=C1c2ccccc2-c2nnc(-c3ccc([N+](=O)[O-])cc3)cc21
mol_511,Br.COc1cc(CNC2=NCCC2)cc(OC)c1OC
mol_512,CCN(CC)CCN=c1c2cc(OC)ccc2[nH]c2c([N+](=O)[O-])ccc(NCCN(CC)CC)c12
mol_513,COc1cc(C=Cc2nc3ccccc3nc2C=Cc2cc(OC)c(OC)c(OC)c2)cc(OC)c1OC
mol_514,CCC(C)C(NC(=O)C(CCCCN)NC(=O)CNC(=O)C(NC(=O)C(NC(=O)C(NC(=O)C(Cc1ccccc1)NC(=O)C(C)NC(=O)C(CCCNC(=N)N)NC(=O)CNC(=O)C1CCCN1C(=O)CNC(=O)C(CCCNC(=N)N)NC(=O)C(CCC(N)=O)NC(=O)C(NC(=O)C(CCCNC(=N)N)NC(=O)C(NC(=O)C(CO)NC(=O)C(CCCCN)NC(=O)C(CCCNC(=N)N)NC(=O)C(NC(=O)C(CC(N)=O)NC(=O)C(N)CC(=O)NC1OC(CO)C(O)C(O)C1NC(C)=O)C(C)O)C(C)CC)C(C)CC)C(C)C)C(C)O)C(C)CC)C(=O)NCC(N)=O
mol_515,CC1CC(C)C(=O)C(C(=O)CC2CC(=O)NC(=O)C2)C1
mol_516,Cc1ccc2c(c1)CN1c3ccc(C)cc3CN2C1c1ccccc1O
mol_517,COc1cc(C=C2SC(NNc3nc(-c4ccc(Br)cc4)cs3)=NC2=O)cc(OC)c1OC
mol_518,CCOP(=O)(OCC)C(Nc1ccc(F)cc1)c1cccc([N+](=O)[O-])c1
mol_519,O=C(C=Cc1cccc2ccccc12)c1ccccc1[N+](=O)[O-]
mol_520,O=C(Cn1ccnc1[N+](=O)[O-])NCc1ccc(F)cc1
mol_521,CC1(c2ccccc2)CC(c2ccccc2)=NO1
mol_522,CCC1=C(OC)c2nccc(C)c2C(=O)C1=O
mol_523,CC1CCC2C1C1C(CCC23CCc2ccccc2O3)C1(C)C
mol_524,CCCCC(C(=O)O)C1=CCCCC1
mol_525,O=C(O)c1ccc(OCc2nc3cc(C(F)(F)F)ccc3nc2-c2ccccc2)cc1
mol_526,Cc1cc(Cl)ccc1NC(=O)CCC(CC(=O)C(C)C)=NNC(=O)C[n+]1ccccc1.[Cl-]
mol_527,C=CCNC(=S)NC=C(C(N)=O)C(N)=O
mol_528,COc1ccccc1NC(=O)CC(=O)N1N=C(N(c2ccccc2)c2ccccc2)CC1c1ccccc1
mol_529,COc1cc(CC2C(=O)OCC2Cc2ccc(OC)c(OC)c2)cc(OC)c1
mol_530,CCOC(=O)C(NC(=O)c1cccc(Cl)c1)(Nc1cccc(C)c1)C(F)(F)F
mol_531,Cc1ccc2c(c1)CC1(Cc3c(C)cccc3C1=O)C2=O
mol_532,O=C(Nc1ccc2oc3ccc(Cl)cc3c(=O)c2c1)c1ccc(Cl)cc1Cl
mol_533,COC(=O)CP1(=O)OC2C(C3CCC2(C)C3(C)C)N1c1cc(C(F)(F)F)cc(C(F)(F)F)c1
mol_534,CC1=CC(=NO)C(C(O)(C(F)(F)F)C(F)(F)F)C(C)(C)C1
mol_535,O=S(=O)(F)c1ccccc1C[PH](c1ccccc1)(c1ccccc1)c1ccccc1
mol_536,N#Cc1ccc2oc3ccc(C#N)cc3c(=O)c2c1
mol_537,COc1cc(C2c3cc4c(cc3OC(NNc3ccccc3)C2C)OCO4)cc(OC)c1OC
mol_538,O=C(NC12CC3CC(NC(=O)c4ccccc4)(CC(C1)c1ccccc13)C2)c1ccccc1
mol_539,CC1N=C(SCC(=O)c2ccc(Cl)cc2)N2C(C)N=C(SCC(=O)c3ccc(Cl)cc3)N12
mol_540,Cc1ccc(C(=O)Nc2ccc(CP(=O)(O)O)cc2)cc1NC(=O)c1cccc(N)c1
mol_541,COc1cc2cc(C(=O)N3CC(CCl)c4ccc([N+](C)(C)Cc5ccc([N+](=O)[O-])cc5)cc43)[nH]c2c(OC)c1OC.[Cl-]
mol_542,COC(=O)c1ccc(C=C2Oc3ccccc3C2=O)cc1
mol_543,CCC=CC(O)(C(=O)OC1CN2CCC1CC2)C1CCCC1
mol_544,Cc1ccc(S(=O)(=O)C(CC(NC=O)S(=O)(=O)c2ccc(C)cc2)NC=O)cc1
mol_545,O=C1OC(CC(=O)c2ccc(Cl)c(Cl)c2)C(Cl)=C1Cl
mol_546,O=C(O)c1cc(CCc2cc(O)ccc2O)ccc1O
mol_547,COc1ccc2c(c1)C(O)NC(=O)O2
mol_548,CC1=CC(O)(c2ccccn2)P(=O)(c2ccccc2)C=C1C
mol_549,O=C1C(=Cc2ccccc2)C2C(=Cc3ccccc3)C(=O)C(=Cc3ccccc3)C2C1=Cc1ccccc1
mol_550,Cc1ccc(S(=O)(=O)NN=C(c2nc3ccc(Cl)cc3nc2O)C(O)c2ccco2)cc1
mol_551,COc1ccc(C2C3COc4ccccc4C3=NN2c2ccccc2)cc1
mol_552,CCC1C(OC(=O)C(O)(c2ccccc2)c2ccccc2)C(C)(C)C1N1CCCCC1
mol_553,O=c1c(SCc2ccccc2Cl)c(SCc2ccccc2Cl)cnn1-c1ccccc1
mol_554,CCOC(=O)C1Nc2ccccc2C2OCCC12
mol_555,CCOS(=O)(=O)O.CC[N+]1(C)CSC(=S)N(C)C1
mol_556,CC1(C)CCCCCC(C)(CCCCCCCCCCCO)C1=O
mol_557,COc1cc2nncc(SCc3ccc(Cl)cc3Cl)c2cc1OC
mol_558,N=c1ccn(C=C=CCO)c(=O)[nH]1
mol_559,N#Cc1c(O)nc2c(c1C#N)CCCC2
mol_560,CCCCCON=Cc1c2c(O)c3c(O)c(C)c4c(c3c1O)C(=O)C(C)(OC=CC(OC)C(C)C(OC(C)=O)C(C)C(O)C(C)C(O)C(C)C=CC=C(C)C(=O)N2)O4
mol_561,O=C(O)COc1ccc(C(=O)C(SSC(C(=O)c2ccc(OCC(=O)O)c(Cl)c2Cl)=C2C=C(c3ccc(Cl)cc3)SS2)=C2C=C(c3ccc(Cl)cc3)SS2)c(Cl)c1Cl
mol_562,COc1ccc([N+](=O)[O-])c(C(C#N)=Cc2ccccc2)c1
mol_563,Nc1ncnc2c1nnn2C1CCC(CP(=O)(O)O)C1
mol_564,OC1C2CCC3C2CC(C(O)(c2ccccc2)c2ccccc2)C13
mol_565,Sc1ncnc2cc3[nH]ncc3cc12
mol_566,CCC1c2cc3n(c(=O)c2COC1O)Cc1c-3nc2ccccc2c1Cl
mol_567,Cc1cccc2c1CC1(Cc3ccccc3C1=O)C2=O
mol_568,CN1CN(C(=O)N2CN(C)C(=O)N(C)C2)CN(C)C1=O
mol_569,O[Pb](c1ccccc1)(c1ccccc1)c1ccccc1
mol_570,CCCCCOCCCCCCCC(=O)OCC1OC(n2cc(C)c(=O)[nH]c2=O)CC1N=[N+]=[N-]
mol_571,O=[N+]([O-])C(C(Cl)=C(Cl)Cl)=C(Sc1ccccc1)N1CCCCC1
mol_572,Cn1cnc(N)c(N=O)c1=O
mol_573,Cc1cccc(N2C(=O)C(=Cc3ccc(N(CCC#N)CCC#N)cc3C)N=C2c2cc([N+](=O)[O-])ccc2Cl)c1
mol_574,COc1ccc2c(c1)OCC1=C2Oc2ccccc2C1
mol_575,Oc1ccc(Cl)cc1Sc1cc(Cl)ccc1O
mol_576,CC(=O)NC(C)(C)C
mol_577,CCc1nnc2n1N=C(c1ccc(-c3ccccc3)cc1)CS2
mol_578,O=[N+]([O-])c1ccc(Ic2ccccc2)cc1
mol_579,O=C(Nc1ccc(Cl)cc1)c1ccccc1[Se][Se]c1ccccc1C(=O)Nc1ccc(Cl)cc1
mol_580,CCC1(CC=C(C)C)Oc2ccccc2-n2cccc2C1=O
mol_581,N#Cc1c(Cl)nc2ccccc2c1N=[N+]=[N-]
mol_582,O=c1c2cnccc2cc2n1CCc1c-2[nH]c2ccccc12
mol_583,COC(=O)c1cc(C(CCl)c2cc(C(=O)OC)c(OC)c(Br)c2C)c(C)c(Br)c1OC
mol_584,CCOC(=O)C(=NNc1ccccc1)N1C(=S)N(C)N=C(C)C=C1S
mol_585,O=S(=O)(Cc1nc2ccccc2s1)c1nc2ccccc2s1
mol_586,CCOC(=O)Cn1c2ccccc2c(=O)c2cc(C)c(C)c(C#N)c21
mol_587,CCCCCCC(O)CCCC(O)C1CCC(C2CCC(C(O)CCCCCCCCCCCCC3=CC(C)OC3=O)O2)O1
mol_588,COC(=O)C1=COC(C)C2C[n+]3ccc4c([nH]c5ccccc54)c3CC12
mol_589,O=C1c2cccc3cccc(c23)C(=O)N1CCCN(CCO)CCO
mol_590,C=CC1=CC(C)CC1(O)C(=O)OC
mol_591,C=CC1(c2ccc3ccccc3c2)OCC(CC)O1
mol_592,CCOP(=O)(OCC)C(c1ccccc1)N(C(=O)NC(F)(F)F)c1ccc(C)cc1
mol_593,CC1=C(C(=O)Nc2cc(F)c(F)cc2F)C(c2ccc3c(c2)OCO3)C(C(=O)Nc2cc(F)c(F)cc2F)=C(C)N1
mol_594,Cc1nnc2ccccc2c1O
mol_595,CCOC(=O)C(=Cc1ccc([N+](=O)[O-])cc1)C(=O)c1ccccc1
mol_596,CCOc1ccc(NC(=O)CC2SC(Nc3ccc(Cl)cc3)=NC2=O)cc1
mol_597,O=C(Nc1ccccc1)C1CC=C2CCC3OC(=O)C1C23
mol_598,CC(=O)OC1C=CN(C(C)=O)C(SC(C)(C)C)C1(C)O
mol_599,CC1(C)CC(C2CC(C)(C)CC(C)(C)C2O)C(O)C(C)(C)C1
mol_600,Cn1cc(C(=O)C2CCCCC2)ccc1=O
mol_601,CC(CCn1[nH]c(=O)ccc1=O)=NOCCCc1ccccc1
mol_602,C=C1c2nc3ccccc3n2C=C(c2ccccc2)N1c1ccc(OC)cc1
mol_603,N=C(N)NS(=O)(=O)c1ccc(NC(=O)c2ccc(Cl)c3c(Nc4ccc(S(=O)(=O)NC(=N)N)cc4)c4ccccc4nc23)cc1
mol_604,OC12COc3ccccc3C1Oc1ccccc1C2
mol_605,CC1(O)CCn2c(=O)c3cc4ccccc4cc3c(=O)n2C1O
mol_606,NC(=S)NNC1=NC(=O)C(=Cc2ccc3c(c2)OCO3)S1
mol_607,COc1ccc(C(=O)Sc2c(-c3ccccc3)c(=O)n(-c3ccccc3)c(=S)n2-c2ccccc2)cc1
mol_608,Cc1cc(C(c2cc(C)c(O)c(C(=O)O)c2)c2cc(C)c(O)c(C(=O)O)c2)cc(C(=O)O)c1O
mol_609,CN1CC=C(C#CC(C)(C)O)CC1.O=C(O)C(=O)O
mol_610,COC(=O)C(C(=NNC(=O)c1ccncc1)C(=O)Nc1ccccc1OC)c1nc2ccc(Cl)cc2nc1O
mol_611,CC(=NNC(N)=S)C(CN(C)C)C(C1=C(O)c2ccccc2OC1)c1ccccc1.Cl
mol_612,Nc1ncnc2c1ncn2CC(O)CO
mol_613,COc1cccc(C2c3cc4c(cc3OC(C)(O)C2C)OCO4)c1O
mol_614,Cc1ccc(S(=O)(=O)N2CCN(C=S)CC2)cc1
mol_615,COc1cc(-c2oc(C=Nc3ccccc3)c([N+](=O)[O-])c2-c2ccc(O)c(OC)c2)ccc1O
mol_616,OCC(O)C(O)C(O)C1SC(c2ccccc2)=NN1c1ccccc1
mol_617,CC(CC1C2CCCC1C2)=NNC(N)=O
mol_618,Cc1cc2c(nn1)CCc1c-2no[n+]1[O-]
mol_619,C=C(C(=C)P(=S)(C(C)C)C(C)C)P(=S)(C(C)C)C(C)C
mol_620,COc1c2c(cc3c1C1(O)Cc4ccc5c(c4C[N+]1(C)CC3)OCO5)OCO2
mol_621,Cl.O=C(Nc1ccccc1)c1cc2cc(O)c(O)cc2cn1
mol_622,CCOCNC=O
mol_623,c1ccc(CN(Cn2cccn2)Cn2cccn2)nc1
mol_624,CCOC(=O)C1(Br)C(c2ccccc2)NC(=O)NC1(C)Br
mol_625,OC(CC(O)(C(F)(F)Cl)C(F)(F)Cl)c1ccccc1
mol_626,CC(C)c1nsc2c1C(=O)NC(C(C)(C)C)N2
mol_627,CCC1(C(=O)OC)C=CCN2C(=O)OC(C)(C)C21
mol_628,Cc1cn(C2CC(C)(CO)N(C)O2)c(=O)[nH]c1=O
mol_629,CC(OC(C)(C)C)C1NC(=O)C(CCCCNC(=O)OC(C)(C)C)NC(=O)C(Cc2c[nH]c3ccccc23)NC(=O)C(Cc2ccccc2)NC(=O)C2CCCC2NC(=O)C(Cc2ccccc2)NC1=O
mol_630,COc1cc(C(C#N)NNC(=O)Cc2ccccc2)cc(OC)c1OC
mol_631,CN(C)C=Cc1c2c(nc3ccccc13)C(=O)c1ccccc1C2=O
mol_632,c1ccc(C2(c3ccccc3)SCCCS2)cc1
mol_633,O=C(OC1C#CCSCC#CC=C1)c1ccc2c(c1)C(=O)c1ccccc1C2=O
mol_634,CC(=O)N(CCc1ccccc1)C(C)(C#N)c1ccccc1
mol_635,COCC12CN(C)C3C4C(OC)C1C3(C(OC)CC2O)C1CC2(O)C(OC)C(O)C4(OC(C)=O)C1C2OC(=O)c1ccccc1
mol_636,C=C1CCC2(C)C(CCC3C2CCC2(C)C(C(C)CCC(=O)OC)CCC32)C1
mol_637,CCN(CC)CC1CCCCN1CC(=O)N1c2cc(Cl)ccc2NC(=O)CC1C
mol_638,C[S+](C)CCS(=O)(=O)O
mol_639,O=C1Cc2c(-c3ccccc3)cc(-c3ccc4ccccc4c3)nc2-c2ccccc2N1
mol_640,COc1cc2c(cc1OC)NCc1ccccc1NCc1cc(OC)c(OC)cc1NCc1ccccc1NC2
mol_641,CCC(C)C1NC(=O)C2CCCN2C(=O)CNC(=O)C(C)NC(=O)C(Cc2ccccc2)NC(=O)C(C(C)C)NC1=O
mol_642,CCC(O)(CC(=O)OC1C(=O)OC2CC3C(C)=CC(=O)C(O)C3(C)C3C4(O)OCC23C1C(C)C4O)C(C)C
mol_643,COc1cccc(N2N=C3c4ccccc4-n4c(nc5ccccc54)C3C2N)c1
mol_644,CCCc1cc(=O)oc2c3c(c4c(c12)OC(C)(C)C=C4)OC(C)C(C)C3OC(=O)CCl
mol_645,CC1(C)CC(=O)C2=C(C1)OC1=C(C(=O)CC(C)(C)C1)C2CC(c1ccccc1)c1ccc(O)c(O)c1O
mol_646,CN1C(=O)c2ccccc2Cc2c(Cl)ncnc21
mol_647,N#CC(C(=O)Nc1ccccc1)=C(N)N1CCCCC1
mol_648,Clc1ccc2nc3nc(-c4ccccc4)c(-c4ccccc4)nc3nc2c1
mol_649,Cc1ccc(S(=O)(=O)OCC2CCC3(C)C(CCC4C3CCC3(C)C(C(C)CCC(=O)O)CCC43)C2)cc1.N
mol_650,CC(=O)C(=CNC(N)=S)C(C)=O
mol_651,O=C1CSC(=O)N1c1ccccc1
mol_652,CC(CSC(=N)N)C(N)=O
mol_653,Cn1cnc2c1c(=O)n(CCNCCO)c(=O)n2C
mol_654,CCOc1ncn(-c2ccc(NC(=S)Nc3cnccn3)cc2)n1
mol_655,N[Co-4](N)(N)(N)(N)[NH+]1N=NC(C(=O)[O-])=N1.[Cl-]
mol_656,CN1C(=O)CN2C(Cl)(Cl)C2(c2ccccc2F)c2cc([N+](=O)[O-])ccc21
mol_657,C1=NC2=[S+][Pt-2]3([S+]=C4NC=NC5=C4[NH+]3C=N5)[NH+]3C=NC(=C23)N1
mol_658,S=CN1CCN(C=S)CC1
mol_659,Oc1nnc(Nc2ccccc2)c2nnn(C3CCCCC3)c12
mol_660,[N-]=[N+]=C1N=CN=C1c1ncn[nH]1
mol_661,O[Si](c1ccc(C(F)(F)F)cc1)(c1cccc(C(F)(F)F)c1)c1cccc(C(F)(F)F)c1
mol_662,O=C1NC(=O)c2c1n(Cc1ccccc1)c(=O)n2Cc1ccccc1
mol_663,Cc1ccc(S(=O)(=O)N2CCN(CCO)CCN(S(=O)(=O)c3ccc(C)cc3)CCN(CCO)CC2)cc1
mol_664,CC(C)(C)c1cc(C(CO)OCCOCCO)cc(C(C)(C)C)c1O
mol_665,Clc1ccccc1CN1COc2c(cc(Cl)c3cccnc23)C1
mol_666,CCCCCC(=O)Cc1cc(O)cc2c1C(=O)Oc1cc(O)c(C(=O)O)c(CCCCC)c1O2
mol_667,CCOC(=O)C(NC(=O)CC)(Nc1ccc(S(=O)(=O)Nc2onc(C)c2C)cc1)C(F)(F)F
mol_668,CN(CCSSCCN(C)C(N)=S)C(N)=S
mol_669,COc1ccc(OC)c(C=Cc2ccc3ccccc3n2)c1
mol_670,CCOC(=O)C1=NN(c2ccc([N+](=O)[O-])cc2)C2(C)CC3(c4ccccc4)N(c4ccc([N+](=O)[O-])cc4)N=C(C(=O)OCC)N3c3ccccc3N12
mol_671,CCCCc1ccc(Nc2nc(S)c3ncn(COCCO)c3n2)cc1
mol_672,ON=C1C(=Cc2ccc3c(c2)OCCO3)CCCC1C(NO)c1ccc2c(c1)OCCO2
mol_673,O=C(NCc1ccccc1)c1c(O)nc2ccccc2c1O
mol_674,CCOC(=O)C(C)c1nc2cc(C(F)(F)F)ccc2nc1O
mol_675,CC12CCC(O)CC1=CCC1C2CCC2(C)C(c3nc(-c4ccccc4)cs3)CCC12
mol_676,COc1ccc(S(=O)c2ccc(OC)cc2)cc1
mol_677,CN(C)CC1CCCC1=NO
mol_678,C=CCC1(C(C)C(OC(C)=O)c2ccc3c(c2)OCO3)CC(OC)C=CC1=O
mol_679,COc1cc(C2c3cc4c(cc3OC3(O)COC(=O)C23)OCO4)cc(OC)c1OC
mol_680,COc1ccc(OC)c(NC2=NCCO2)c1
mol_681,CC1(C)OCC2OC3(C4OC(C)(C)OC4CO)OC(C)(C)OC3C2O1
mol_682,CC(C)Oc1cc2c(c3oc(=O)cc(CCl)c13)C(=O)C(C)C(C)O2
mol_683,CC(=O)Nc1cc2c(s1)CCC1CC(=O)NN=C21
mol_684,O=[N+]([O-])c1ccc(Cl)cc1NN=Cc1cccc2cccnc12
mol_685,CC(C)=CCN1CC(C)Cn2c(=S)[nH]c3cccc1c32
mol_686,CC(C)=CCc1c(-c2ccc(OC3OC(CO)C(O)C(O)C3O)cc2O)oc2c3c(cc(O)c2c1=O)OC(C)(C)C=C3
mol_687,Nc1ccc2c(O)c(N=Nc3ccc(N=Nc4ccc(S(=O)(=O)O)cc4)cc3)c(S(=O)(=O)O)cc2c1N=Nc1ccc(N=Nc2ccc(S(=O)(=O)O)cc2)cc1
mol_688,O=c1[nH]c(=O)n(Cc2ccccc2)cc1B(O)O
mol_689,COc1ccc(N=Nc2ccc3oc(=O)c(C(=O)Nc4ccc(Cl)cc4)cc3c2)cc1
mol_690,COC(=O)C(Cc1nc2ccccc2nc1O)C(=O)C(=O)Nc1ccc(F)cc1
mol_691,Clc1ccc2nc(-c3ccc(Cl)c(Cl)c3)cc(-c3ccccc3)c2c1
mol_692,CCOC(CNc1nn2c(C)nnc2s1)OCC
mol_693,c1ccc2[nH]c(CNc3ccc(C4C[Se]N=N4)cc3)nc2c1
mol_694,CN(C)C=Nc1ccc2[nH]c3ccccc3c2c1
mol_695,COc1ccc(-c2cc(=O)c3c(OC)c(OC)c(OC)c(OC)c3o2)c(OC)c1
mol_696,Cc1nnc(N)nc1C=Cc1cccs1
mol_697,CCNC(=O)OCc1cnc(C)c(O)c1COC(=O)NCC
mol_698,CN(C)CCC=C1c2ccccc2C(C)(C)c2ccccc21
mol_699,CCN1C(=CC=Cc2ccc3ccccc3[n+]2CC)C=Cc2ccccc21
mol_700,O=C(O)c1ccc(CS(=O)(=O)c2ccccc2)cc1
mol_701,NNC(=O)CCC(=O)Nc1cc(Cl)c(Cl)cc1Cl
mol_702,[N-]=[N+]=CC(=O)c1ccccc1C#CCCc1ccccc1
mol_703,CCOC(=O)C(=O)C(=Cn1c(=S)[nH]c2cc(C)ccc21)C(=O)OCC
mol_704,COC(=O)NC12CC3CC(C(C)O1)C2N(Cc1ccccc1)C3
mol_705,O=c1c2cc([N+](=O)[O-])ccc2n2n1Cc1ccccc1CC2
mol_706,COC(=O)NN=Cc1oc(-c2cccc([N+](=O)[O-])c2)c(-c2cccc([N+](=O)[O-])c2)c1[N+](=O)[O-]
mol_707,CC(C)(C)OC(=O)NCCc1ccc(N)cc1.Cl
mol_708,c1cc2nnc1SCCSCCCSCCS2
mol_709,CN(C)c1ccc(C=C(C#N)c2ccc(Br)cc2)cc1
mol_710,O=C(O)COc1ccc(Cl)cc1Cc1cc(Cl)ccc1OCC(=O)O
mol_711,CC(=O)Nc1ccc(-c2nnc(SCC(=O)Nc3ccccc3[N+](=O)[O-])o2)cc1
mol_712,O=C(O)CCSC(=O)Nc1ccccc1
mol_713,CC(=O)Nc1ccc(S(=O)(=O)NNC(=O)NNS(=O)(=O)c2ccc(NC(C)=O)cc2)cc1
mol_714,NC(=O)C1=CC2C3C=CC2(O)C(=O)OC3O1
mol_715,Cc1ccc(S(=O)(=O)NC(=O)NCCCSSCCCNC(=O)NS(=O)(=O)c2ccc(C)cc2)cc1
mol_716,N#CC(=Cc1cccc(Cl)c1Cl)c1ccccc1
mol_717,CCC1C(C)C=CC(C)N1S(=O)(=O)c1ccc(C)cc1
mol_718,O=C1CC2CCCC(C1)S2=O
mol_719,CCCCCCCCOP(=O)(C=Cc1ccccc1)OCCCCCCCC
mol_720,CC1(C)OCC(CO)(CO)CO1
mol_721,S=C(NN=C(c1ccccc1)c1ccccn1)Nc1ccccc1
mol_722,O=C1N2CCNc3ccccc3C(c3ccccc3)N1CC2
mol_723,O=C(CC1C(=O)Nc2ccccc2S1=O)Nc1ccc(Cl)cc1
mol_724,CC1=CC(=C(c2cc(C)c(O)c(C(=O)O)c2)c2c(Cl)cccc2Cl)C=C(C(=O)O)C1=O
mol_725,COc1ccc(NC(=S)c2ccoc2C)cc1CC(=O)OC(C)C
mol_726,COc1ccc(Nc2nc(NNC(=O)Cc3ccccc3)nc(NNC(=O)c3ccncc3)n2)cc1
mol_727,COc1cc2c3c(c1OC)-c1cc(O)ccc1CC3NCC2
mol_728,CCOC(=O)C(=Cc1ccc([N+](=O)[O-])cc1)[Se]c1ccccc1
mol_729,CN(C)CCOC1(Cc2ccc(F)cc2)CCC(C(C)(C)C)CC1.O=C(O)C=CC(=O)O
mol_730,CC1=CC2OC3C(O)C(O)C(C)(C34CO4)C2(C(=O)O)CC1
mol_731,CC(=O)Nc1cc2c(cc1O)CCC1C2CCC2(C)C(O)CCC12
mol_732,CC(=O)OC1COC(Nn2c(=O)[nH]c3ccccc3c2=O)C(OC(C)=O)C1OC(C)=O
mol_733,Cc1nc2c3c(ncn2n1)Oc1c(c(-c2ccccc2)nn1-c1ccccc1)C3c1ccc(Cl)cc1
mol_734,CC(=O)Nc1ccc(S(=O)(=O)Nc2ccc(S(=O)(=O)c3ccc(NC(=O)c4ccccc4SSc4ccccc4C(=O)Nc4ccc(S(=O)(=O)c5ccc(NS(=O)(=O)c6ccc(NC(C)=O)cc6)cc5)cc4)cc3)cc2)cc1
mol_735,O=c1c(SCc2ccc(Cl)cc2Cl)c(SCc2ccc(Cl)cc2Cl)cnn1-c1ccccc1
mol_736,CNC(=O)Nc1ccncc1
mol_737,COC(=O)NN=C(CCC(=O)Nc1ccc(C)c(C)c1)CC(=O)C(C)(C)C
mol_738,COC(=O)c1c2n(c3ccccc13)CC1OC(C)(C)OC21
mol_739,Cl.N=C(C=Cc1ccc(-c2cn3cc(C=CC(=N)N4CCCC4)ccc3n2)cc1)N1CCCC1
mol_740,CCN(CC)C(=S)S[Se](SC(=S)N(CC)CC)(SC(=S)N(CC)CC)SC(=S)N(CC)CC
mol_741,CC(C)(CN1CCCCC1)C(=O)CC(SCCS(=O)(=O)O)c1ccc(Br)cc1.Cl.[NaH]
mol_742,Cc1nc2ccc(NC3OC(CO)C(O)C(O)C3O)cc2c(=O)n1-c1ccccc1
mol_743,CCC1(COC(NC(=O)c2ccccc2)(C(F)(F)F)C(F)(F)F)COC1
mol_744,C1C[S+]2CC[S+]1CC2
mol_745,CC(C)C(C=O)C(O)(C(F)(F)F)C(F)(F)F
mol_746,CC(=NNC(=N)N)C(CN(CC(C)C)CC(C)C)C(=O)Nc1ccc(C)cc1C
mol_747,Nc1ccccc1C(=O)NN=C1C(=O)Nc2ccccc21
mol_748,CNC(C)(C)C(SSSC(c1ccc(Cl)cc1)C(C)(C)NC)c1ccc(Cl)cc1
mol_749,CCC(C)C(=CC(=O)O)C(=O)O
mol_750,C=CCOCCCC(=O)C(=[N+]=[NH2+])C(=O)OC
mol_751,CN(C)c1cc[n+](C2C(=O)c3ccccc3N(c3ccccc3)C2=O)cc1
mol_752,O=C(CNc1cccc([N+](=O)[O-])c1)Nn1c(-c2ccccc2)nc2ccccc2c1=O
mol_753,CCOC(=O)C(F)=Cc1cccc(F)c1
mol_754,O=C(c1cccs1)N(C(=S)N1CCN(c2ccccn2)CC1)C1CCCCC1
mol_755,CN(C)c1nc(=Nc2ccc3ccccc3c2)ss1.Cl
mol_756,CC1=Nc2ccccc2C12C(c1ccccc1)C(c1ccccc1)C(=O)N1c3ccccc3CC12
mol_757,CCCCN(CCCC)C(=S)S.[NaH]
mol_758,CC(=NNC(=O)C(N)=O)C1=C(C)Nc2ccccc2S1
mol_759,CC(C)=C1CC(C)(C)N=C1CCN1CCOCC1
mol_760,OC1CN=C2C=CC=CN2C1
mol_761,CCC(COCC(CC)C(=O)O)C(=O)O
mol_762,CN1C2=CC=CC=CC2=[N+](C)C1[C-](C#N)C#N
mol_763,O=C(O)c1ccc(-c2nc3cccc4cccc([nH]2)c43)cc1
mol_764,COc1ccc(OC)c(C=C2C(=O)N=C(NC(C)=O)N2C)c1
mol_765,Cc1[nH]c2ccccc2c1C1Cc2ccccc2N1C(=O)C#Cc1ccc([N+](=O)[O-])cc1.Cl
mol_766,Clc1ccccc1CN1COc2c(ccc3cccnc23)C1
mol_767,CC(=O)ONC(=O)CSc1nn2cc(-c3ccccc3)nc2s1
mol_768,CCc1cc2c(oc3c4ccccc4ccc23)c(O)n1
mol_769,c1ccc(SCCCC(Sc2ccccc2)Sc2ccccc2)cc1
mol_770,Nc1ccc(N=Nc2ccc(-c3ccc(N=Nc4c(S(=O)(=O)O)cc5cc(S(=O)(=O)O)c(N=Nc6cccc([N+](=O)[O-])c6)c(N)c5c4O)cc3)cc2)c2cc(S(=O)(=O)O)ccc12
mol_771,COc1cc2c(cc1OC)CC(N=[N+]=[N-])c1cc(OC)c(OC)cc1C=C2
mol_772,CC1CN1C(=O)NCCCCCCNC(=O)N1CC1C
mol_773,CC=C(C)C(=O)OC1CCC2(CO2)C2(COC(C)=O)C(OC(C)=O)CC(C)C(C)(CC(O)C3=CC(=O)OC3)C12
mol_774,CCC[Sn](CCC)(OC(=O)c1cccnc1SC)O[Sn](CCC)(CCC)OC(=O)c1cccnc1SC
mol_775,Cc1nc(SCC(N)=O)c2sc(=S)n(-c3ccccc3)c2n1
mol_776,Cl.Nc1nc(O)c2c(n1)NCC(CO)N2
mol_777,Oc1nnnc2cc(Cl)ccc12
mol_778,Cn1c(N)c(Cc2ccc(Cl)cc2)c(=O)[nH]c1=O
mol_779,CCOC(=O)C(F)=Cc1cccc(C#N)c1
mol_780,NC(=O)C(=CN1C(=O)C(=Cc2ccccc2O)SC1=S)C(N)=O
mol_781,CCOc1c2c(cc3c1C(=O)c1c(OC)cccc1C3=O)C=C(OC)CC2
mol_782,CCOc1ncn(-c2ccc(NC(=S)NC3OC(CO)C(O)C(O)C3O)cc2)n1
mol_783,COC1=C(N=[N+]=[N-])C(=O)c2ncccc2C1=O
mol_784,CC1(C)OC(C(O)CO)C(C2NCCS2)O1
mol_785,CCOC(=O)c1c(N2CCOCC2)nc(O)c(C(c2c(O)nc(N3CCOCC3)c(C(=O)OCC)c2O)C(C)C)c1O
mol_786,CCOP(=O)(CC(=O)NC(C(N)=O)C(C)C)OCC
mol_787,O=[N+]([O-])c1ccc(O)c(C=NNC(=S)Nc2ccc(F)cc2)c1
mol_788,COc1ccc(-c2oc3cc(OC)ccc3c(=O)c2O)cc1
mol_789,CNC1(C(=O)O)CC1
mol_790,Cc1ccc2[nH]c3c(c2c1)[n+]([O-])c1ccccc1[n+]3[O-]
mol_791,CN(C)C(=O)OCOP(=O)(OCOC(=O)N(C)C)OCC1CCC(n2ccc(=O)[nH]c2=O)O1
mol_792,O=C1CC(c2n[nH]c3ccccc23)C(=O)N1c1ccccc1
mol_793,COC(C(=O)C(O)C(C)O)C1Cc2cc3cc(OC4CC(OC5CC(O)C(OC)C(C)O5)C(OC(C)=O)C(C)O4)c(C)c(O)c3c(O)c2C(=O)C1OC1CC(OC2CC(OC3CC(C)(O)C(OC(C)=O)C(C)O3)C(O)C(C)O2)C(O)C(C)O1
mol_794,COC(=O)c1c(-c2ccccc2)c(C(O)c2ccccc2)n2ccccc12
mol_795,Fc1ccc(N=C2C=CC(=Nc3ccc(F)cc3)c3ccccc32)cc1
mol_796,Oc1nc(Cc2ccccc2)nc2c1sc1nc3ccccc3n12
mol_797,O=[N+]([O-])C(=C(Cl)SCc1ccccc1)C(Cl)=C(Cl)Br
mol_798,Nc1nc(S)nc2snnc12
mol_799,C1NNCN2CNNCN12
mol_800,Fc1cccc(F)c1C1SCc2nc3cc(Cl)ccc3n21
mol_801,CC=C1CN2CCC34c5ccccc5N5C(=O)CCC(C1CC23)C54
mol_802,CCCCCCCCCCCCCCCCCCNC(=S)NC=C(C(C)=O)C(=O)Nc1ccccc1C
mol_803,O=[N+]([O-])c1ccc2c(c1)S(=O)(=O)N1Cc3ccccc3CCN21
mol_804,NS(=O)(=O)c1ccc(NC(=S)NC=C2C(=O)c3ccccc3C2=O)cc1
mol_805,ON=C(C1CC1)C1CC1
mol_806,Nc1nc(N)c(CCCCc2ccccc2)c(C=Cc2ccc([N+](=O)[O-])cc2)n1
mol_807,O=C1NC(O)c2ccccc2O1
mol_808,CCOC(=O)CSC(=O)NCCCl
mol_809,O=C1Oc2ccccc2C(=O)C1=CN1C(=O)C(=Cc2ccc3c(c2)OCO3)SC1=S
mol_810,CC(=O)Nc1c(C#N)c2n(c1C(=O)Nc1ccccc1)CCCC2
mol_811,O=C(Nc1nc(O)c2c(ncn2CCO)n1)c1ccccc1
mol_812,Nc1nc(Cl)c(C=O)c(NCC2(CO)CC(CCc3ccccc3)C2)n1
mol_813,CC1Cc2c([nH]c3ccccc3c2=O)O1
mol_814,CC(=O)C(=CC=C(c1ccc(N(C)C)cc1)c1ccc(N(C)C)cc1)C(C)=O
mol_815,CCOP(=O)(OCC)c1cc(NC(=O)c2cc(NC(=O)c3cc(NC(=O)Nc4cc(C(=O)Nc5cc(C(=O)Nc6cc(P(=O)(OCC)OCC)c7cccc(P(=O)(OCC)OCC)c7c6)n(C)c5)n(C)c4)cn3C)cn2C)cc2c(P(=O)(OCC)OCC)cccc12
mol_816,COC(N)=C(C#N)N=Cc1ccccc1
mol_817,COc1ccc(Br)c(CCC(CO)C2=CCC3(CC2)OCCO3)c1
mol_818,Cn1c2ccccc2c2nnc(SCCN3CCOCC3)nc21
mol_819,CC(C)NC(=O)OCc1c(COC(=O)NC(C)C)c(-c2ccc(Cl)c(Cl)c2)n2c1CCC2
mol_820,COc1ccc(NC(=O)C(=Cc2ccccc2)C(C)=O)cc1
mol_821,O=C(NCCCN1CCN(CCCNC(=O)Nc2ccc(N=Nc3ccccc3)cc2)CC1)Nc1ccc(N=Nc2ccccc2)cc1
mol_822,CCC1Sc2cc(OC)cc(N)c2NC1=O
mol_823,COc1cccc(C=C2C(=O)NC(=O)NC2=O)c1
mol_824,Cn1c(=N)c(C#N)c2n(c1=S)CCCCCCC2
mol_825,CC(C)(C)C(=O)OC1C=CC(O)C2C3C=CC(C3)C12
mol_826,Cc1cc(Cl)nc(NC(=O)NP(=O)(Nc2ccccc2)Nc2ccccc2)n1
mol_827,COc1cccc(CN2CC(C)N(N=Cc3c4c(O)c5c(O)c(C)c6c(c5c3O)C(=O)C(C)(OC=CC(OC)C(C)C(OC(C)=O)C(C)C(O)C(C)C(O)C(C)C=CC=C(C)C(=O)N4)O6)C(C)C2)c1
mol_828,CN(N=Cc1cccc2cccnc12)c1ccc([N+](=O)[O-])cc1
mol_829,COCn1cnc2c(=O)nc(SC)n(-c3ccccc3)c21
mol_830,Nc1ccccc1-c1nc2c(ccc3ccccc32)[nH]1
mol_831,CCCCC(=O)N1SC(NC(=O)OC)=Nc2ccccc21
mol_832,Cl.O=C1c2ccccc2Sc2ccccc2N1CCCCN1CCN(c2ccc(F)cc2)CC1
mol_833,CCOC(=O)CCC(NC(=O)c1ccc(Nc2nc3ccccc3nc2-c2cccs2)cc1)C(=O)OCC
mol_834,Oc1nc2ccccc2c(O)c1-c1ccccc1
mol_835,NC1(CSS(=O)(=O)O)CCN1
mol_836,Cc1cc(-c2ccc(N=Nc3ccc4c(S(=O)(=O)O)cc(S(=O)(=O)O)c(N)c4c3O)c(C)c2)ccc1N=Nc1ccc2c(S(=O)(=O)O)cc(S(=O)(=O)O)c(N)c2c1O
mol_837,COC(=O)c1cc(=O)n(C)c2ccc(OC)cc12
mol_838,CC(=O)On1c(-c2ccccc2-c2nc3ccccc3n2OC(C)=O)nc2ccccc21
mol_839,CCCCCCC(=O)CC(=NNC(N)=S)C(=O)NC1C2CC3CC(C2)CC1C3
mol_840,CCN(CC)c1ccc(N=Nc2ccc([N+](=O)[O-])cc2OC(=O)C=Cc2ccccc2)c(OC(=O)C=Cc2ccccc2)c1
mol_841,CN(C(=O)C1=CCCCCC1)c1ccccc1I
mol_842,CSC1=[S+][Zn-2]2([OH+]C(C)=O)[OH+]c3c(C)ncc(CO)c3C=[N+]2[N-]1
mol_843,CC1SC2=NC3=C(c4ccccc4C3=O)C(c3ccccc3Cl)N2C1=O
mol_844,CC12CCC(=O)N1c1cnccc1N2
mol_845,O=C1CCCN(c2ccccc2)N1
mol_846,CC(=O)Oc1ccc(-c2cc3ccccc3oc2=O)cc1OC(C)=O
mol_847,COC(CO)=C1CC2(OC1=O)C1OC1C1(O)C3C(=O)OC(C(OC)C21C)C3(O)C(C)C
mol_848,O=C1CC(=O)N(CCc2ccccn2)C(=O)N1CCc1ccccn1
mol_849,O=C1OC(=O)C2C1C1C(c3ccccc3)=C(c3ccccc3)C2(O)C2C(=O)OC(=O)C12
mol_850,Cc1cccc(C(C)C)c1NC(=O)CC1Sc2ccccc2NC1=O
mol_851,CC(C)(NO)C(=NO)c1ccccc1
mol_852,O=C1CSC(c2ccc(Cl)cc2)N1c1ccc(-n2c(-c3ccccc3)nc3ccccc3c2=O)cc1
mol_853,N#CC(C#N)=c1ccc(=C2N3CCCC3CN2C23CC4CC(CC(C4)C2)C3)cc1
mol_854,CCCCCCCCCCCCCCCCCCn1[se]c2ccccc2c1=O
mol_855,O=C(C=C1Nc2ccc([N+](=O)[O-])cc2NC1=CC(=O)c1ccc(Cl)cc1)c1ccccc1
mol_856,NS(=O)(=O)c1ccc(N=NC2Sc3nc4ccccc4n3C2=O)cc1
mol_857,CCN(CC)CCOc1cccc(C=C(C#N)c2ccccc2)c1
mol_858,O=C(CCl)Nc1ccccc1-c1ccccc1NC(=O)CCl
mol_859,Cl.Oc1nc(-c2ccccc2)nc2ccc(Cl)cc12
mol_860,CC1=[N+]2[N-]C(N3CC4CCC(CC4)C3)=[S+][Pt-4]2(Cl)(Cl)(Cl)[n+]2ccccc21
mol_861,CC1OC(OC23C(=O)CC(C)(O)CC2(O)C=CC2=C3C(=O)c3ccc(C4CC(OC5CCC(OC6CC(O)C(O)C(C)O6)C(C)O5)C(O)C(C)O4)c(O)c3C2=O)CCC1O
mol_862,CCOC(=O)CNC(=O)c1cccc2c(Nc3ccc(S(=O)(=O)Nc4cc(C)on4)cc3)c3ccccc3nc12
mol_863,O=C(C=Cc1cccc([N+](=O)[O-])c1)c1ccccc1
mol_864,CC(=O)CCCC(CC(C)O)[Si](C)(C)C
mol_865,O=C1NCCS(=O)(=O)N2CCCC12
mol_866,CN(C)c1nn2c(-c3ccccc3)nnc2s1
mol_867,Oc1c(N2CCCCC2)cc(-c2cc(N3CCCCC3)c(O)c3ccccc23)c2ccccc12
mol_868,Cc1ccc(-n2nnc(C#N)c2O)cc1
mol_869,CCCCCC[n+]1noc(N)c1-c1ccc(-c2c(N)on[n+]2CCCCCC)cc1.[Cl-]
mol_870,O=C(Cc1nc2ccccc2o1)C(=O)Nc1cccc(Cl)c1
mol_871,COC(=O)C1=C(C(=O)OC)C2(CCCCCC2=O)OC1=O
mol_872,Cc1ccc(C2=C(C#N)C(=O)N3CCN=C3S2)cc1
mol_873,OC(c1ccco1)C(F)(F)c1nc2ccccc2o1
mol_874,I.O=CSC(=Nc1ccc(Cl)cc1)NC(=O)COc1ccc(Cl)cc1
mol_875,COC(=O)C1CCC(=O)N1CN(C(C)=O)c1cccc(O)c1
mol_876,CC1(C)CNC(=O)C(C)(C2(C)NC(C)(C)CNC2=O)N1
mol_877,COc1cccc(C2c3cc4c(cc3OC(N3CCOCC3)C2C)OCO4)c1O
mol_878,CC(=O)C(CN1CCCCC1)C(c1ccccc1)c1c(O)c2ccccc2oc1=O.Cl
mol_879,CC1(C)COC2C(N(Cc3ccccc3)Cc3ccccc3)C(=O)N21
mol_880,CN1C(=O)C23SSC1(C)C(=O)N2c1ccccc1C3(C)C
mol_881,Oc1ccccc1C1C=C(c2ccccc2)NC(N2CCCCC2)=C1c1nc2ccccc2[nH]1
mol_882,CSc1n[nH]c2[nH]nc(C)c12
mol_883,CC1=CCC(C)=Nc2nc3ccccc3n21
mol_884,O=C1c2ccccc2C(=O)c2c1ccc1c2[nH]c2ccccc21
mol_885,O=C1NC(=O)C(=CNC(=S)NN=C2C(=O)Nc3ccccc32)C(=O)N1
mol_886,CCCCOc1cc(C[S+]2CCCC2)c(OC)cc1C[S+]1CCCC1.[Cl-]
mol_887,O=C1C=CC(=O)c2c1ccc1c3ccccc3n(Cc3cccc([N+](=O)[O-])c3)c21
mol_888,CC(O)C1=CCC2c3[nH]c4ccccc4c3CCN2C1
mol_889,O=C(O)c1sc(=S)sc1C(=O)O
mol_890,O=C(O)CCC(O)=C1S(=O)(=O)OCCOS1(=O)=O.[NaH]
mol_891,CCOC(=O)c1c(C)nc(S)c(C#N)c1-c1cccc2ccccc12
mol_892,CC1=NN2C(=NC(C)(C)C1)NN=C2c1ccc(N)cc1
mol_893,COc1ccc(OC)c(-c2csc(=O)s2)c1
mol_894,O=C1CS(=O)(=O)C(c2ccccc2)N1N1C(=O)CS(=O)(=O)C1c1ccccc1
mol_895,O=S1ON=C(C2CCC(C3=NOS(=O)O3)C2)O1
mol_896,CN(C)c1cccc2c(S(=O)(=O)NCCN)cccc12
mol_897,Cc1ccc(N(C(=O)CC(=O)N2N=C(c3ccccc3)C(N=Nc3ccc([N+](=O)[O-])cc3)C2=O)C(=O)c2ccc(Cl)cc2)cc1
mol_898,N#CC(=Cc1ccc2c(c1)OCO2)c1ccccc1
mol_899,Cc1ccc(NC(=O)Nc2sc(=S)c3c(c2C#N)CCCC3)c(C)c1
mol_900,NCC1OC(OC2C(CO)OC(OC3C(O)C(N)CC(N)C3OC3OC(CO)C(O)CC3N)C2O)C(N)C(O)C1OC1OC(CO)C(O)C(O)C1O.O=S(=O)(O)O
mol_901,C[Sn](C)(C)c1cccc2ccccc12
mol_902,O=C(CCc1ccccc1)NCCc1ccc(O)c(O)c1
mol_903,CC(C)[Si](OC12CCC(CC1O)CC2C(=O)O)(C(C)C)C(C)C
mol_904,CN(C)N1C(=O)c2c(Cl)c(Cl)c(Cl)c(Cl)c2C1=O
mol_905,Cc1cc2nc(=O)cc(CCl)n2c(=O)n1C(=O)C(O)C(O)C(O)CO
mol_906,O=C1c2ccccc2CC12Cc1ccc3ccccc3c1C2=O
mol_907,Nc1nc(O)c2ncn(CC3COC(CO)O3)c2n1
mol_908,CCOC(=O)C1N(S(=O)(=O)c2ccc(C)cc2)CCC12c1ccccc1N(C(C)=O)C2c1ccc(OC)c(OC)c1
mol_909,C=CCNC1=NC(=O)C(CC(=O)Nc2ccc(C)cc2)S1
mol_910,CC(C)OC(=O)c1ccc(CCC2=CC(=O)C(Br)=CC2=O)cc1
mol_911,Cc1cc(C)nc(NS(=O)(=O)c2ccc(Nc3c4ccccc4nc4c(C(=O)NCCO)cccc34)cc2)n1
mol_912,CC(=O)Oc1ccc2c(-c3ccccc3)c(Oc3ccc(Cl)cc3)c(=O)oc2c1
mol_913,O=C(O)CCCCCCC[n+]1ccccc1.[Br-]
mol_914,O=C1CN(CCCO)CC(=O)N2Cc3ccccc3CN12
mol_915,O=c1ccn(C2CCC3(CO)CC23)c(=O)[nH]1
mol_916,CC1NCc2c(S)ncnc21
mol_917,CCC(Cl)=NOC(=O)NCc1ccc(F)cc1
mol_918,N#CC1C(=N)Cc2ccccc2-c2ccccc21
mol_919,COc1ccc2nc3cccc([N+](=O)[O-])c3c(NCCO)c2c1
mol_920,COC(=O)C1Cc2cc3c(cc2C1=O)CCC3
mol_921,COCC(Cc1ccccc1)N=Cc1ccccc1
mol_922,COc1cccc(-c2cc(C(=O)Nc3ccc(Cl)cc3)nc(N)n2)c1
mol_923,N#CC(=C(c1ccccc1)c1ccccc1)c1ccccc1
mol_924,COC1C=COC2(C)Oc3c(C)c(O)c4c(O)c(cc(OCC(=O)N(C)C)c4c3C2=O)NC(=O)C(C)=CC=CC(C)C(O)C(C)C(O)C(C)C(OC(C)=O)C1C
mol_925,O=[N+]([O-])c1cc(C(F)(F)F)cc([N+](=O)[O-])c1CCl
mol_926,CCc1cccc(CC)c1NC(=O)C(C#N)C1=C(Cl)C(=O)c2ccccc2C1=O
mol_927,Cc1cc2c(cc1C)[n+]([O-])c(C(=O)CC(=NNC(=S)NN)C(=O)Nc1cccc(C(F)(F)F)c1)c[n+]2[O-]
mol_928,CC(=O)OCC(OC(C)=O)C(OC(C)=O)C(OC(C)=O)C(=O)CNn1c(-c2ccccc2)nc2ccc(Br)cc2c1=O
mol_929,Nc1ccc(Nc2nc(F)nc(-c3c4ccccc4c4n3CCS4)n2)cc1
mol_930,Clc1cc(Cl)cc(C2SCc3nc4ccccc4n32)c1
mol_931,COC(=O)C1(CC(=O)OC(C)(C)C)NCCc2c1[nH]c1ccccc21
mol_932,CCCCCCCCCCCCCCCC=C(c1cc(Cl)c(OC)c(C(=O)O)c1)c1cc(Cl)c(OC)c(C(=O)O)c1.N
mol_933,O=C1COc2cccnc2N1CCCCO
mol_934,CCOC(=O)c1ccc(CS(=O)c2ccc(N)cc2)c([N+](=O)[O-])c1
mol_935,CC(C)(C)OC(=O)NC1CC=CCC1NC(=O)OC(C)(C)C
mol_936,CSc1c(C(=O)Nc2ccc(Cl)cc2)c(N)n(N)c(=O)c1C#N
mol_937,CCOC(=O)c1cc(-c2ccc([N+](=O)[O-])cc2)c([N+](=O)[O-])[nH]1
mol_938,CCOC(=O)C1=C(C)C2=Cc3c(C)c(C(=O)OCC)c(C)n3[Cu-3]3(n4c(C)c(C(=O)OCC)c(C)c4C=C4C(C)=C(C(=O)OCC)C(C)=[N+]43)[N+]2=C1C
mol_939,O=C1CCCCC1C1CCCC(C2CCCCC2=O)C1=O
mol_940,O=[N+]([O-])c1nc(Br)n(F)c1[N+](=O)[O-]
mol_941,N=C(N)NS(=O)(=O)c1ccc(-n2sc3ccccc3c2=O)cc1
mol_942,COc1cc2c(cc1OC)C(Cl)C(c1ccc(Cl)c(Cl)c1)=C2Cl
mol_943,COc1nc(O)cc(N=P(c2ccccc2)(c2ccccc2)c2ccccc2)n1
mol_944,CCOc1ccc(-n2nc(C(=O)O)cc(Cl)c2=O)cc1
mol_945,COC1OC2COC(c3ccccc3)OC2C2OC12
mol_946,Cl.O=C(NCCCN1CC2CCCC2C1)C(C1CCCCC1)C1CCCCC1
mol_947,COc1ccc2c(c1)C1Oc3ccccc3CC1CO2
mol_948,Clc1cc(Cl)c(NN=C(c2ccccc2)c2ccccc2)c(Cl)c1
mol_949,CCOC(=O)c1c(N=P(c2ccccc2)(c2ccccc2)c2ccccc2)nnc(-c2ccccc2)c1-c1ccccc1
mol_950,CCS(=O)(=O)c1c2cc(OC)ccc2nc2ccc(OC)cc12
mol_951,c1cnc2c(c1)ccc1cccnc12
mol_952,O=C(ONC(=O)C1C2C=CC(C2)C1C(=O)NOC(=O)c1ccccc1)c1ccccc1
mol_953,C=Cc1cc[n+](Cc2ccc(C[n+]3ccc(C=C)cc3)cc2)cc1
mol_954,COc1ccc(OC)c(C=C(C#N)c2ccccc2)c1
mol_955,N#CC(=CN1C(=O)CC(=O)NC1=S)c1cccc(Cl)c1
mol_956,COc1cc(C2c3cc4c(cc3OC3(OC)COC(=O)C23)OCO4)cc(OC)c1OC(C)=O
mol_957,COc1c(-c2ccccc2)oc2c(ccc3occc32)c1=O
mol_958,COC(=O)c1ccc2cc1nc1c(C#N)c[nH]c(=S)n21
mol_959,CCOC(=O)c1c2c(n3ccc(C)cc13)C(=O)C(c1ccc([N+](=O)[O-])cc1)S2
mol_960,N=C(N)N1CCNc2ccccc2C1.O=[N+]([O-])O
mol_961,CC=Nn1c(C)n[nH]c1=O
mol_962,O=C1c2cc3c(cc2CC1Br)CCC3
mol_963,O=C1C=CC2=[N+]([O-])C(c3ccccc3)(c3ccccc3)C(=Nc3ccccc3)C2=C1
mol_964,Cl.NCCSC=CC(=O)OCc1ccc(Br)cc1
mol_965,CCOC(=O)C(O)=Cc1nc2ccccc2nc1C
mol_966,CC(=O)c1ccc2c3c(ccc([N+](=O)[O-])c13)C(=O)OC2=O
mol_967,O=C(C=Cc1ccc(O)c(F)c1)CC(=O)C=Cc1ccc(O)c(F)c1
mol_968,CC1(C)C(C(=O)O)N2C(=O)C(NS(=O)(=O)c3ccc([N+](=O)[O-])cc3)C2S1(=O)=O.[NaH]
mol_969,COc1ccc2nc3cc(Cl)ccc3c(Sc3ccc([N+](=O)[O-])cc3C)c2c1
mol_970,CN(C)CCCNC(=O)c1cn2c(ccc3sc4ccccc4c(=O)c32)n1
mol_971,CNN=C(Cc1occc(=O)c1O)C(=O)Nc1ccc(C)c(C)c1
mol_972,Cc1c(-c2coc(-c3ccc(Cl)cc3)n2)c(=O)n(-c2ccccc2)n1C
mol_973,O=C(CCc1ccc(O)cc1)NCCCNC(=O)CCc1ccc(O)cc1
mol_974,CCOC(=O)c1c(-c2cccc3ccccc23)c(C#N)c(=S)n(C2OC(COC(C)=O)C(OC(C)=O)C(OC(C)=O)C2OC(C)=O)c1C
mol_975,C=CCC1(C(C)Cc2ccc(OC)c(OC)c2)CC(OC)C=CC1=O
mol_976,COC(=O)NC(=O)NC(Cc1ccccc1)NC(=O)OCc1ccccc1
mol_977,O=C([OH+][Mo+2]1234(C#[O+])(C#[O+])(C#[O+])C5=C1[C-]2C3=C54)C(F)(F)F
mol_978,O=C1O[Pt-2]2(NC3CCCC3N2)OC1=O
mol_979,O=[N+]([O-])c1ccc2cnc(O)nc2c1
mol_980,Cc1ccccc1C1OC(=O)c2ccccc21
mol_981,O=C1C2CCCCC2C(=O)N1n1c(Cc2ccccc2)n[nH]c1=O
mol_982,COc1cc2ccnc(C#N)c2cc1OCc1ccccc1
mol_983,COc1cc(C=CC(=O)c2sc(Nc3ccccc3)nc2C)ccc1O
mol_984,O=C(O)CCc1coc2ccc(O)cc12
mol_985,CS(C)=O
mol_986,O=C(O)C=CC(=O)c1ccc(Cl)cc1
mol_987,O=C1C(=Cc2ccc(F)cc2)C(=O)c2ccccc21
mol_988,O=C(O)c1nc2ccccc2nc1Nc1ccc(Cl)c(Cl)c1
mol_989,N=C1NCCC1(c1ccccc1)c1ccccn1
mol_990,CC(SC(=N)N)C(=N)N
mol_991,CCN(CC)CC(=O)NC1c2ccccc2Sc2c(C)cccc21
mol_992,Cc1ccccc1NC(=O)CC(=O)N1N=C(N(CCC#N)c2ccccc2Cl)CC1c1ccccc1
mol_993,O=C1Cc2c([nH]c3ccc(Br)cc23)-c2ccccc2N1
mol_994,CNN=C(CC(=O)c1sc(NNC(C)=O)nc1C)C(=O)Nc1ccc(OC)cc1OC
mol_995,O=C(O)c1c[nH]cc1C(=O)O
mol_996,COC(=O)c1cc(O)nc2c1c(=O)n(C)c(=O)n2C
mol_997,COC(=O)c1cc2c(cc1CC(Cc1ccc3c(c1)CCC3)C(=O)OC)CCC2
mol_998,N#Cc1c2c(c(Nc3ccc(Cl)cc3)n3c1nc1ccccc13)CCCC2
mol_999,COc1ccc(Nc2nc3c(=O)n(C)c(=O)n(C)c3[nH]2)cc1
mol_1000,c1ccc(P2c3ccccc3Nc3ccccc32)cc1
mol_1001,CCCC[Sn](CCCC)(SCCS(=O)(=O)O)SCCS(=O)(=O)O
mol_1002,CC[n+]1[b-](C(C)(C)C)n(N=CC(C)(C)C)[b-](C(C)(C)C)[n+]1CC
mol_1003,Cc1ccc(NC(=O)C(CC(=O)c2sc(Nc3ccc(Cl)c(Cl)c3)nc2C)=NNc2ccc([N+](=O)[O-])cc2[N+](=O)[O-])c(C)c1
mol_1004,COc1ccc(C2SCC(=O)N2c2ccc(-c3ccc(-n4c(-c5ccccc5)nc5ccccc5c4=O)cc3)cc2)cc1
mol_1005,O=C1NC(N2CCOCC2)=NC1=Cc1ccccc1O
mol_1006,CCCCc1c2c(nc3c1CCCC3=Cc1ccccc1)C(=O)CCC2
mol_1007,O=S1(=O)Cc2nc3ccccc3n2C1c1c(F)cccc1F
mol_1008,CC(C=CC=CC=CC=CC=CC(=O)C1=C(O)C(CCC(=O)O)N(C)C1=O)=CC(C)C(OC1CC(O)C(O)C(C)O1)C(C)C.[NaH]
mol_1009,NS(=O)(=O)c1nnc(NC(=O)c2cccc([N+](=O)[O-])c2)s1
mol_1010,COc1ccc(CN2C(=O)C(=O)N(C)C2=O)c2ccccc12
mol_1011,COc1ccc(Br)c(CN2CCc3ccccc32)c1OS(=O)(=O)c1ccc(C)cc1.Cl
mol_1012,S=C(Nc1ccccc1)N(N=CC=Cc1ccccc1)c1nnc(-c2ccccc2)c(-c2ccccc2)n1
mol_1013,O=C(C=Cc1ccccc1)c1cc(C(=O)C=Cc2ccccc2)c(O)cc1O
mol_1014,Cc1cc(NS(=O)(=O)c2ccc(NC(=O)c3cccc4c(Nc5ccc(S(=O)(=O)NC(=N)N)cc5)c5ccccc5nc34)cc2)no1
mol_1015,Cc1[nH]c2c(C)cccc2c1C1Cc2ccccc2N1.Cl
mol_1016,CN(C(=NO)c1ccccc1)c1ccccc1
mol_1017,CN1C(=O)CSC1=S
mol_1018,CC1=C2C(=COC(C)C2C)C(O)=C(C(=O)O)C1=O
mol_1019,N#CCCN(CCC#N)c1ccc(C=C(NC(=O)Nc2ccccc2Cl)NC(=O)c2cc([N+](=O)[O-])ccc2Cl)cc1
mol_1020,CCOC(=O)CCC(=O)C1c2cccc(O)c2C(=O)c2c(O)cc(C)cc21
mol_1021,NC1=C(c2nc(-c3cc4ccccc4oc3=O)cs2)C(c2ccco2)c2c(c3ccccc3oc2=O)O1
mol_1022,CCOC(=O)C(C(=O)OCC)C(=S)NC1OC(COC(C)=O)C(OC(C)=O)C(OC(C)=O)C1OC(C)=O
mol_1023,O=C1C=CC(=O)C2C3c4ccccc4C(c4ccccc43)C12
mol_1024,O=c1[nH]c(=O)n(C2CC(O)C(CO)O2)cc1C=CBr
mol_1025,CC1CC(O[Ti](OC2CC(C)CC(C)(C)C2)(OC2CC(C)CC(C)(C)C2)OC2CC(C)CC(C)(C)C2)CC(C)(C)C1
mol_1026,CC1(CC(=O)O)C(=O)CCCC1=O
mol_1027,COC(=O)c1cc2cc3c(c(O)c2c(=O)o1)OC1(Oc2c(O)c4c(c(O)c2C1OC1CC(OC)C(O)C(C)O1)C(=O)C=C(OC)C4=O)C(O)C3
mol_1028,C=C(CCC(O)C(Cl)CO)[Si](C)(C)C
mol_1029,CCC1(NC(=O)CN)C(=O)NC(=O)NC1=O
mol_1030,Cc1ccc(S(=O)(=O)OC2C3OC(C)(C)OC3OC2C2CSC(=S=O)S2)cc1
mol_1031,Cc1ccc(S(=NS(=O)(=O)c2ccc(C)cc2)c2ccc(C)cc2)cc1
mol_1032,Cc1c(NC(=O)C(C)(C)Br)c(=O)oc2c(C)c3occc(=O)c3cc12
mol_1033,CCOC(=O)c1c(NC(=O)c2ccccc2)c(C#N)c2n1CCCCC2
mol_1034,CNC(=O)CCNC(=O)CCC(=O)N(C)C
mol_1035,CC#CC(O)(C(=O)OC1CN2CCC1CC2)C1CC1
mol_1036,CCCCCCN(CCCCCC)N=Cc1c2c(O)c3c(O)c(C)c4c(c3c1O)C(=O)C(C)(OC=CC(OC)C(C)C(OC(C)=O)C(C)C(O)C(C)C(O)C(C)C=CC=C(C)C(=O)N2)O4
mol_1037,CCOC(=O)c1c(N)sc(C)c1C
mol_1038,Cl.NC1CCCCC1NCCNC1CCCCC1N
mol_1039,COc1cccc2c1[OH+][Ni-2]1(O)[O+]=C(N)[N-][N+]1=C2
mol_1040,CCOC(=O)CC1C(=O)CC2CC(C)CC(=O)C21CCC#N
mol_1041,CC(C1C(O)CC2(C)C3C=CC4C(C)(C)C(N(C)C)CCC45CC35CCC12C)N(C)C
mol_1042,CC(=O)[OH+][Co-3]12([OH+]c3ccccc3C=[N+]1c1ccc(S(=O)(=O)Nc3nccc(C)n3)cc1)[OH+]c1ccccc1C=[N+]2c1ccc(S(=O)(=O)Nc2nccc(C)n2)cc1
mol_1043,CC(=O)Nc1ccc2c(c1)Cc1cc(N(CCO)CCO)ccc1-2
mol_1044,O=C(CCCN1CCC2(CC1)C(=O)NCN2c1ccccc1)c1ccc(F)cc1
mol_1045,O=S(=O)(O)c1cc(O)c2c(N=Nc3ccc(Nc4ccccc4)c4c(S(=O)(=O)O)cccc34)cc(S(=O)(=O)O)cc2c1
mol_1046,O=c1ccn(C2OC(CN(O)CCC3C(CO)OC(n4ccc(=O)[nH]c4=O)C3O)C(O)C2O)c(=O)[nH]1
mol_1047,O=C1CC(c2ccco2)NC(=O)N1CCCl
mol_1048,CCOC(=O)C1=C2Nc3cccc4cccc(c34)N2C(=O)CC1
mol_1049,COC(=O)C=c1sc(=CC(=O)OC)c2ccccc12
mol_1050,CCCCCCCCCCCCCCCCCCNc1nc(=O)n(C2CC(OC(C)=O)C(COP(=O)(O)OCC3CCC(n4ccc(NC(=O)CCCCCCCCCCCCCCC)nc4=O)O3)O2)cc1F
mol_1051,CC(=O)NCCC1CNc2ccccc21
mol_1052,O=C(CCn1[nH]c(=O)c(Cl)c(Cl)c1=O)NO
mol_1053,CC(=NOc1cc(Cl)ncn1)c1ccccn1
mol_1054,CC(=O)OCC1CN(OC(C)=O)CC(n2cc(C)c(=O)[nH]c2=O)O1
mol_1055,Oc1nc(S)nc2[nH]c(=S)[nH]c12
mol_1056,CCOC(=O)c1c(SCCCN2CCCCC2)n(-c2ccccc2)c(=S)n(-c2ccccc2)c1=O
mol_1057,CCOC(=O)C1(C#N)C(c2ccccc2)CC(O)(c2ccc(OC)cc2)C(C(=O)c2ccc(OC)cc2)C1c1ccccc1
mol_1058,CCc1cccc(C)c1NC(=O)C1=C(C)NC(C)=C(C(=O)Nc2c(C)cccc2CC)C1c1ccc([N+](=O)[O-])cc1
mol_1059,Cn1c(=O)c2c(=O)c(=O)[nH][nH]c2n(C)c1=O
mol_1060,CCOP(=O)(OCC)C(C#N)=Cc1cn(C)cn1
mol_1061,COC1CC2C=C(C)C=CC=CC(=O)NC(c3ccccc3)CC=CCCC(O)CC(=O)C2=C1O
mol_1062,CCNC(=S)NN=Cc1cc(OC)ccc1O
mol_1063,CC(=O)OCCn1cnc2nc(Nc3ccccc3)nc(Cl)c21
mol_1064,COC(=O)CCC(=O)CC1CC(=O)C2CCCN12
mol_1065,Oc1ccc(C=Cc2cc(O)cc3c2C(c2cc(O)cc4c2C(c2cc(O)cc5c2C(c2cc(O)cc(O)c2)C(c2ccc(O)cc2)O5)C(c2ccc(O)cc2)O4)C(c2ccc(O)cc2)O3)cc1
mol_1066,CS1(=O)=NC(=NC#N)c2ccccc21
mol_1067,O=C(CCc1nnc2sc(=Cc3ccc([N+](=O)[O-])cc3)c(=O)n12)Nc1ccc(Cl)c(Cl)c1
mol_1068,S=C(Nc1ccc(Br)cn1)NC12CC3CC(CC(C3)C1)C2
mol_1069,N#CC(=CNC(=S)c1ccncc1)c1nc2ccccc2s1
mol_1070,O=[N+]([O-])C(Cl)=C(NCCO)C(Cl)=C(Cl)Cl
mol_1071,O=C1OC(Sc2ccccc2)(Sc2ccccc2)c2cccc3cccc1c23
mol_1072,O=C1CCC(C(=O)N2CSCC2C(=O)O)N1
mol_1073,Cc1ncc([N+](=O)[O-])n1CC[N+](C)(O)CCCCn1ccnc1[N+](=O)[O-].[Cl-]
mol_1074,CCCCCCCCCCCCP(=O)(O)OCC(N)C(=O)O.N
mol_1075,CCOC(=O)c1cn(CC)c2ccc3c(c2c1=O)S(=O)(=O)C=C3
mol_1076,Cl.O=[N+]([O-])c1cccc2nc3ccccc3c(NCCc3cccc[n+]3[O-])c12
mol_1077,O=C(CC(=O)C(=O)CC(=O)OCc1ccccc1)OCc1ccccc1
mol_1078,CC[N+](C)(CC)CCNC(=O)C(O)(c1ccccc1)c1ccccc1.[I-]
mol_1079,CC(=O)OCC1OC(n2c(C)c(N=Nc3ccccc3)c(C)c(C#N)c2=S)C(OC(C)=O)C(OC(C)=O)C1OC(C)=O
mol_1080,COC1=NC2=CC(=O)c3c(c(O)c(C)c4c3C(=O)C(C)(OC=CC(OC)C(C)C(OC(C)=O)C(C)C(O)C(C)C(O)C(C)C=CC=C1C)O4)C2=O
mol_1081,Cc1ccc(N=NC2SC(=C(C#N)c3nc4ccccc4[nH]3)N(c3ccccc3)C2=O)cc1
mol_1082,Cn1ccc2c(c1=O)C(=O)OC2(C)C
mol_1083,Cc1cc2c(cc1C)[n+]([O-])c(C(=O)CC(=NNC(=O)CC#N)C(=O)Nc1ccccc1C(F)(F)F)c(C)[n+]2[O-]
mol_1084,C=C1C(C)C2C(Cc3ccccc3)NC(=O)C23OC(=O)C=CCC(=O)CCC(C)CC=CC3C1O
mol_1085,CC(=NNC(N)=O)c1sc(-c2nc(C)c(C(C)=NNC(N)=O)s2)nc1C
mol_1086,CC12CC(OC(=O)C1(C)O)C(C1(O)CCC3C4CC5OC56C(O)C=CC(=O)C6(C)C4CCC31C)C2
mol_1087,NCCCSCC(=O)O
mol_1088,CC(=O)OC12c3ccccc3C(c3ccccc31)C1C(=O)N(N=C(C)C)C(=O)C12
mol_1089,CC(=O)C1C(=O)C(=O)N(c2ccccc2)C1=O.[NaH]
mol_1090,CCC(OCc1ccccc1)C(C)=CCC(C)C=C(CC1(C)OC(=O)N2CCCC21)[Si](C)(C)C
mol_1091,CC(=O)N1C(Nc2ccccc2)CCN1c1ccccc1
mol_1092,CN(C)CC1CCCc2ccccc2C1=O.Cl
mol_1093,COc1cc2oc(-c3ccc(O)cc3)c(OC3OC(C)C(O)C(O)C3O)c(=O)c2c(O)c1OC
mol_1094,CC(=O)C(=CNC(N)=S)C(=O)Nc1ccccc1C
mol_1095,Cc1cn(C2CC(NC(=O)N(C)O)C(CO)O2)c(=O)[nH]c1=O
mol_1096,CCOP(=O)(Nc1nccs1)c1ccc(N)cc1
mol_1097,CCC1=CCC(P(=O)(c2ccccc2)c2ccccc2)CC1C
mol_1098,COCn1c(C)c(C)c2c(=O)oc(N(C)C)nc21
mol_1099,Cc1cn(C2CC3OP(C)(=O)OCC3O2)c(=O)[nH]c1=O
mol_1100,COC(=O)C1C2CCC3C45CC(c6ccoc6)OC4OC(O2)C13CCC5C
mol_1101,COCN1C(=O)C2CCCN2C(=O)c2cc(OC)c(Cc3ccccc3)cc21
mol_1102,CC1CCC2C(C)C(=O)OC3OC4(C)CCC1C32OO4
mol_1103,Cc1ccc2c3c4c(ccc13)C(C)(C)OC4=C(C(C)C)C2=O
mol_1104,Cc1ccc(S(=O)(=O)c2scc(-c3ccccc3)c2C)cc1
mol_1105,CCn1c2ccccc2c2c(-c3ccccc3)cc3c(c21)C(=O)N(c1ccccc1)C3=O
mol_1106,O=C1CCC(c2ccccc2)(C2CCN(Cc3ccc(F)cc3)CC2)C(=O)N1
mol_1107,COC(=O)C(Cc1cccc(OC)c1)NC(=O)OC(C)(C)C
mol_1108,O=C(C(=Cc1ccccc1)C(=O)c1ccccc1)c1ccccc1
mol_1109,CC(=O)OCC(=O)C1(O)CCC2C3CC(C)C4=CC(=O)C=CC4(C)C3(F)C(O)CC21C
mol_1110,COC(=O)c1ccccc1C=C1Cc2cccc(C)c2C1=O
mol_1111,O=c1c2ccccc2c2nccc3c4ccccc4n1c32
mol_1112,Clc1c(Cl)c2c(Cl)c(Cl)c1C[PH](c1ccccc1)(c1ccccc1)CC[PH](c1ccccc1)(c1ccccc1)Cc1c(Cl)c(Cl)c(c(Cl)c1Cl)C[PH](c1ccccc1)(c1ccccc1)CC[PH](c1ccccc1)(c1ccccc1)C2
mol_1113,CC1=NN(c2ccccc2)C(=O)C1N=Nc1ccc(S(=O)(=O)Nc2cc(C)nc(C)n2)cc1
mol_1114,CSC1=NC(=O)C2(CCCCC2)N(C)N1
mol_1115,CCOc1ccccc1NC(=O)C(=O)c1c(O)c2ccc(O)cc2oc1=O
mol_1116,COc1ccc(-c2cc(=O)c3c(O)cc(O)c(-c4cc(-c5cc(=O)c6c(O)cc(OC)cc6o5)ccc4OC)c3o2)cc1
mol_1117,O=C(CCC(=O)c1ccsc1)c1ccsc1
mol_1118,CSc1cc(SC)ncn1
mol_1119,O=C1C(=Cc2ccc(Cl)cc2Cl)Sc2scc(-c3cccc([N+](=O)[O-])c3)[n+]21.[Cl-]
mol_1120,CN(CN(C)N=Cc1ccc(Cl)cc1)N=Cc1ccc(Cl)cc1
mol_1121,Cc1ccc2ccc(=O)oc2c1
mol_1122,O=C(Nc1nc(C23CC4CC(CC(C4)C2)C3)cs1)c1cc2cc([N+](=O)[O-])ccc2oc1=O
mol_1123,N#CC(C#N)=C1C(=O)NC(N)=C1C#N
mol_1124,OCC1OC(n2cnc3c(I)ncnc32)C(O)C1O
mol_1125,Oc1nnc(CNc2ccc(Cl)cc2Cl)c2ccccc12
mol_1126,Cl.O=C(O)C1(c2ccccc2)CCCNCC1
mol_1127,COc1ccc2c(c1)CCN1CCCc3ccc(OC)cc3C21
mol_1128,O=C(CN1C(=O)c2cccc3c(Br)ccc(c23)C1=O)c1ccc(Cl)cc1
mol_1129,O=S1(=O)OC(c2cc(Br)c(O)c(Br)c2)(c2cc(Br)c(O)c(Br)c2)c2ccccc21
mol_1130,CCCC[Sn](CCCC)(OC(=O)c1cc(OC)c(OC)cc1OC)OC(=O)c1cc(OC)c(OC)cc1OC
mol_1131,CC(=Cc1ccccc1)C=C1NC(=O)NC1=O
mol_1132,CC(=O)NC(CCCCN(Cc1ccccc1)C(=O)N(C)N=O)C(=O)NCc1ccccc1
mol_1133,CCn1c(SCC(=O)NNC(=S)Nc2ccc(Cl)cc2)nc2ccccc2c1=O
mol_1134,CCOC(=O)C(C)c1c(C(=O)c2ccc(C)nc2)c2ccccc2n1C
mol_1135,Cn1cnc([N+](=O)[O-])c1S
mol_1136,N#CC1=C(Cl)NC(Cl)=C(C#N)C1c1c(Cl)cccc1Cl
mol_1137,CCN1CC2(COC(=O)c3ccccc3N3C(=O)CC(C)C3=O)CCC(OC)C34C5CC6C(OC)CC(O)(C5C6OC)C(O)(C(OC)C23)C14
mol_1138,O=C1CC2CCCC23CC2(CCN13)OCCO2
mol_1139,CCCCCCCCSc1ncnc2[nH]ncc12
mol_1140,O=C(C=Cc1ccsc1)c1ccco1
mol_1141,NC(=O)NN=C1C2CC3CC(C2)C1C3
mol_1142,ClCCCC1COc2ccccc2O1
mol_1143,CNS(=O)(=O)NN(C)S(=O)(=O)c1ccc(C)cc1
mol_1144,CC1CCC2(C(=O)O)CCC3(C)C(=C2C1C)C=CC1C2(C)CCC(O)C(C)(C)C2CCC13C
mol_1145,CN(C)c1ccc(C=C(C#N)C(=O)O)cc1
mol_1146,c1ccc2sc(SCN3CCCCC3)nc2c1
mol_1147,COC(=O)CCCN(C)c1n[nH]c(=N)[nH]1
mol_1148,O=C1OC2(CC1C1(O)C3CC4CC(C3)CC1C4)C1CC3CC(C1)CC2C3
mol_1149,Cc1nc(N)nc(O)c1CCCNc1ccc(C(=O)NC(CCC(=O)O)C(=O)O)cc1
mol_1150,CC(=O)OC1(C)CCC2C(C)C(=O)OC2C2C(C)C(O)CC21
mol_1151,COC(=O)C(CC1=C(O)Nc2ccccc2N1)C(=NNC(N)=O)C(=O)Nc1ccccc1C
mol_1152,CCCCCCC(C)CCCCCCCCCCC(=O)OCC(COP(=O)([O-])OCC[N+](C)(C)C)OC(=O)CCCCCCCCCCC(C)CCCCCC
mol_1153,NNC(=S)SSC(=S)NN
mol_1154,COC1Cc2c(C)c(OC(C)=O)c3cccnc3c2O1
mol_1155,COc1cc(C(=O)O[Sn](c2ccccc2)(c2ccccc2)c2ccccc2)cc(OC)c1OC
mol_1156,Cc1cc(S(=O)(=O)N2CCNNC2=O)c(S)cc1Cl
mol_1157,N#Cc1ccccc1NC(=O)C(=O)C1NC(=S)NC1=O
mol_1158,CCOC(=O)C(=Cc1ccc(N(C)C)cc1)P(=O)(OCC)OCC
mol_1159,COC(=O)c1ccc(NCC2=CC(=O)C=CC2=O)cc1
mol_1160,CCCCCCCCCCCCOC(=N)N(C)C
mol_1161,CC(=O)NC(=O)c1ccccc1O
mol_1162,Cn1nccc2c(=O)n(C)c(=O)nc1-2
mol_1163,CCC[PH](c1ccccc1)(c1ccccc1)c1ccccc1
mol_1164,O=C1NC(NN=Cc2ccccc2)=NC1=Cc1ccc(Cl)cc1
mol_1165,COc1cc(C(C)=O)cc(C(=O)N(C(C)C)C(C)C)c1[Si](C)(C)C
mol_1166,CCOCc1cc(=O)c2cc3c(cc2o1)OC(C)(C)CC3
mol_1167,COc1ccc(Nc2nc3ccc(C(F)(F)F)cc3nc2-c2ccccc2)cc1OC
mol_1168,I.O=C(CCCl)NNC1=NCCCCN1
mol_1169,Nc1c(S)nc(O)nc1C(=O)O
mol_1170,COc1cc2c(cc1OC)C(CN)C2
mol_1171,CCOP(=O)(OCC)C(C#N)=C(C)c1ccco1
mol_1172,CC1=C2CC(OC3OCC(O)C(O)C3O)C(C)C2CC=C(C=O)C2CC3(C)CCC(C(C)C)C3CC12
mol_1173,COc1ccc(N2C(=O)C3c4[nH]c5c(C)cccc5c4C4CCC(C(C)(C)C)CC4C3C2=O)cc1
mol_1174,c1ccc2c(c1)N=c1ccccc1=P21c2ccccc2Nc2ccccc21
mol_1175,Cl.NCc1ccc(-c2ccc(CN)s2)s1
mol_1176,C1COC(NC(C2CC2)C2CC2)=N1
mol_1177,Cc1ccc(S(=O)c2occc2C=O)cc1
mol_1178,CC(CCO)=NNC(N)=S
mol_1179,CC(C)(C)C(=O)C=Cc1ccc(-c2ccccc2)cc1
mol_1180,CCOC(=O)C=CC(CC)O[Si](C(C)C)(C(C)C)C(C)C
mol_1181,O=C1CC(c2ccccc2)=NO1
mol_1182,O=C(c1ccccc1)n1c(Cc2ccccc2)nc2cc(C34CC5CC(CC(C5)C3)C4)ccc21
mol_1183,O=C1C(O)=C(C(CCc2ccccc2)C2=C(O)C(=O)c3ccccc3C2=O)C(=O)c2ccccc21
mol_1184,CCC1(N=[N+]=[N-])C(=O)Nc2cc(C)ccc2C1=O
mol_1185,COC(=O)C(C(=NN)C(=O)Nc1ccc(C)c(C)c1)c1nc2ccc(Cl)cc2nc1O
mol_1186,CC(O)C1OC(n2cnc3c(O)ncnc32)C(O)C1O
mol_1187,CSc1nc(Cl)c2c(n1)Sc1nc3ccccc3n1C2O
mol_1188,COC(=O)CN(CC1OC2OC(C)(C)OC2C1NC(C)=O)C(=O)OCc1ccccc1
mol_1189,O=C(CC(=O)Nc1ccccc1)NN=Cc1cc(N=Nc2ccc(Br)cc2)ccc1O
mol_1190,FC(F)=C(c1ccc(-c2ccc(Cl)cc2)cc1)C(F)(F)F
mol_1191,COc1ccc(C=CC(=O)c2sc(=N)[nH]c2C)cc1
mol_1192,COc1cc2c(o1)C(=O)N1CCc3c([nH]c4ccccc34)C21
mol_1193,CCCCN(CCCC)C(=O)C(=O)C(C(=O)c1ccc(OC)cc1)c1ccc(OC)cc1
mol_1194,CCOC(=O)c1nnsc1NN=Cc1ccc([N+](=O)[O-])cc1
mol_1195,NNC(=O)CC(=O)N(C(=O)c1ccccc1)c1ccc(Cl)cc1
mol_1196,OCC1OC(n2cnc3c(SSc4ncnc5c4ncn5C4OC(CO)C(O)C4O)ncnc32)C(O)C1O
mol_1197,Cc1ccc2c(n1)C(N(C)C)=CC(=O)C2=O
mol_1198,O=C(Nc1ccc([N+](=O)[O-])cc1)OCC(COc1ccccc1)OC(=O)Nc1ccc([N+](=O)[O-])cc1
mol_1199,CCCN=Cc1c(O)c(O)c(C(C)C)c2cc(C)c(-c3c(C)cc4c(C(C)C)c(O)c(O)c(C=NCCC)c4c3O)c(O)c12
mol_1200,Cc1nc2ccc(Br)cc2c(=O)n1-c1ccc(NC2OCC(O)C(O)C2O)cc1
mol_1201,Nc1nc(Cl)cc(NCCCCCCCCNc2cc(Cl)nc(N)n2)n1
mol_1202,CC(=O)N(CCc1ccccc1)C(C#N)c1ccccc1
mol_1203,CC1(C)OC(=O)C(C#N)=C1C=C1OC(=O)c2ccccc21
mol_1204,CC(=O)c1ccc(C(O)C(CO)NC(=O)C(Cl)Cl)cc1
mol_1205,Cc1cc(S(=O)(=O)Nc2nnc3c4scc(C)c4ncn23)c(S)cc1Cl
mol_1206,OCC(O)C(O)C(O)C(O)C1SCCCS1
mol_1207,COC(=O)CC(=O)OC1CC2CCC3C(C)(C)CCCC3(C)C23CCC1(C)C3
mol_1208,CCOC(=O)C1Cc2c(O)nc(O)nc2OC1(C)c1ccccc1
mol_1209,CCCC1OCC2OC(n3cc(C)c(=O)[nH]c3=O)CC2N1O
mol_1210,O=S(OC12CC3CC(CC(C3)C1)C2)c1cc(Cl)cc(Cl)c1OCc1ccccc1
mol_1211,COc1ccc(-c2cc(=O)cc(C(N)=O)o2)cc1
mol_1212,O=C1CCN2C(=O)CCN12
mol_1213,Cc1ccc(N2C(=O)C3c4[nH]c5ccc(C)cc5c4C4CCC(C(C)(C)C)CC4C3C2=O)cc1
mol_1214,COc1ccc(S(=O)(=O)NN=CCN2C(=O)c3ccccc3C2=O)cc1OC
mol_1215,CCOc1ccc2ccccc2c1NC1=NCCO1
mol_1216,NC(=S)Nc1nc(S)nc2c1c(-c1ccccc1)cn2C(=O)c1ccccc1
mol_1217,COc1cc2c(oc(=O)c3cc4ccoc4c(OC)c32)c2cccc(O)c12
mol_1218,CCN(CC)CCCNc1ccc([N+](=O)[O-])c2[nH]c3ccc(OC)cc3c(=N)c12
mol_1219,CC(C)C1CN(C(=O)OCc2ccccc2)C2N1C(=O)C2(C)OCc1ccccc1
mol_1220,O=c1cc(N2CCOCC2)n2c(ccc3ccccc32)n1
mol_1221,CC(=O)OCC1OC(n2c(=O)n(-c3ccccc3)c(=O)c3cc(Br)cc(Br)c32)C(OC(C)=O)C(OC(C)=O)C1OC(C)=O
mol_1222,COC1CC2CCC(C)C(O)(O2)C(=O)C(=O)N2CCCCC2C(=O)OC(C(C)CC2CCC(O)C(OC)C2)CC(=O)C(C)C=C(C)C(O)C(OC)C(=O)C(C)CC(C)C=CC=CC=C1C
mol_1223,O=c1[nH]c2ccccc2c(=O)c2ccccc12
mol_1224,Cc1cc(S(N)(=O)=O)c(SCc2nc(N)nc(N(C)C)n2)cc1Cl
mol_1225,CCOC(=O)Cc1csc(NN=C2SC(=CNc3ccccc3)C(=O)N2CC)n1
mol_1226,CCOC(=O)c1ccc(CSc2ccccc2C(=O)OCC)c([N+](=O)[O-])c1
mol_1227,CC1=COC2OC3(C)CCC4C(C)CCC1C24O3
mol_1228,[N-]=[N+]=CC(=O)OC1Cc2ccccc2C1
mol_1229,O=C(O)CC(Sc1ccc(Cl)cc1)C(=O)Nc1ccccc1
mol_1230,C=CCC(C)C12CCNC(Cc3ccc(O)cc31)C2C
mol_1231,COc1ccc2c(c1)[n+]([O-])c(C(C)=NNC(=O)c1ccccc1O)c(C)[n+]2[O-]
mol_1232,CC1CCC2(CC1)CC(=O)N(N1CCCCC1)C2=O
mol_1233,O=C(c1nc2ccc(Cl)cc2nc1O)C(O)c1ccc2c(c1)OCO2
mol_1234,CCn1ncc2c1nc(-c1ccccc1)c[n+]2[O-]
mol_1235,CN(C)CCNc1ccc(NCC[N+](C)(C)Cc2ccc([N+](=O)[O-])cc2)c2c1C(=O)c1c(O)ccc(O)c1C2=O.[Cl-]
mol_1236,COC(=O)C1=CN(C2CCCCC2)C2(c3ccccc3)c3ccccc3C(=O)OC(=O)C12
mol_1237,CSc1nc(NC(=O)c2ccc(Cl)cc2)n[nH]1
mol_1238,OC1CCCC1C(O)(C(F)(F)F)C(F)(F)F
mol_1239,CN(C)CC(C(Cc1ccccc1)=NNC(=O)c1ccncc1)c1ccccc1
mol_1240,NC(=O)c1cn(C2OC(CO)C(O)C2O)c(=O)[nH]c1=O
mol_1241,Cc1cc(=O)n2c(nc3cc(C)c(C)cc32)s1
mol_1242,COc1ccc(C(Nc2ccccc2)=C(CCl)c2ccccc2)cc1OC.Cl
mol_1243,NC(=O)C(c1ccccc1)N1CCOCC1
mol_1244,C=CCNC(=S)NC=C(C(C)=O)C(=O)Nc1ccccc1OC
mol_1245,NC1C2C(CC(=O)O)OCC=C3CN4CCC1(C(=O)C(=O)O)C4CC32
mol_1246,Cn1c(Nc2ccccc2)c(C=Nc2ccccc2)c(=O)n(C)c1=O
mol_1247,CCc1ccc(C=CC(=O)C2CN(CC)CCC2(O)C=Cc2ccc(CC)cc2)cc1.Cl
mol_1248,C(=NN=C(NN=CC1CNCCN1)NN=CC1CNCCN1)C1CNCCN1
mol_1249,CC(=NNC(=S)NC1CCCC1)c1ccccn1
mol_1250,C1CCN2CC34CC(CC5CCCN(C6CCCC3N6)C54)C2C1
mol_1251,COC=CCCCNCc1ccccc1
mol_1252,CC1OC(OC2C(Oc3cc(O)c4c(=O)cc(-c5ccc(O)cc5)oc4c3)OC(CO)C(O)C2O)C(O)C(O)C1O
mol_1253,O=c1[nH]c(=O)n(C2CC(O)C(CO)O2)cc1OCCc1ccccc1
mol_1254,CC(C)(C)OC(=O)N1N=NC2C3CC(=O)C(O3)C21
mol_1255,CSc1cc(Br)ccc1-n1c(C(=O)c2ccccc2)c(SC)n(-c2ccccc2)c1=O
mol_1256,O=C(CC(=O)N(C(=O)c1ccccc1)c1ccc(Cl)cc1)NN=Cc1ccccc1O
mol_1257,NC(=O)c1c(Cl)nc2n1CCS2
mol_1258,O=C(NNC(=O)c1ccncc1)C(=O)Nc1cc(Cl)c(Cl)cc1Cl
mol_1259,CN(C)C(=S)NN=C(C(=NNC(=S)N(C)C)c1ccccn1)c1ccccn1
mol_1260,CC(C)CN(CC(=O)Nc1cccc(Cl)c1)CC(C)C
mol_1261,N=C(CSS(=O)(=O)O)NCC12CC3CC(CC(C3)C1)C2
mol_1262,C=C1C(OC(=O)C(O)C(c2ccccc2)N(C)C)CC(OC(C)=O)C2(C)C1CC1CC(OC(C)=O)C(C)=C(C(OC(C)=O)C2OC(C)=O)C1(C)C
mol_1263,CSC(C)CS(=O)(=O)O
mol_1264,O=C(Nc1nc(O)c2c(ncn2CCNCCn2cnc3nc(NC(=O)c4ccccc4)nc(O)c32)n1)c1ccccc1
mol_1265,COc1c(Cl)cc(C(=CCNC2CCC3(C)C(CCC4C3CCC3(C)C(C(C)CCCC(C)C)CCC43)C2)c2cc(Cl)c(OC)c(C(=O)O)c2)cc1C(=O)O.N
mol_1266,O=C(NN=Cc1ccccc1)c1ccccc1Nc1ccccc1C(=O)NN=Cc1ccccc1
mol_1267,S=C(Nc1cccc(Cl)c1)Nc1ccccn1
mol_1268,CCOC(=O)c1c(C(=O)OC)nc2n1-c1ccccc1OC2
mol_1269,COc1ccc(C23CCC(=O)CC2N(C)CC3)cc1OC.Cl
mol_1270,O=CC(O)C(O)C(O)C1O[Pt-2]2(NC3CCCCC3N2)OC1=O
mol_1271,O=[N+]([O-])c1ccc(C2N3CCCCC3C3CCCCN32)cc1
mol_1272,Nc1nc(O)c(N)c(C(=O)O)n1
mol_1273,CCCc1cc(O)nc2c3c(c4c(c12)OC(C)(C)C=C4)OC(C)C(C)C3O
mol_1274,COC(=O)C1=C(C(=O)OC)C2(C)Nc3ccccc3C2=C(c2ccccc2)C1
mol_1275,CCc1occc(=O)c1O
mol_1276,CC(CCc1nc2ccccc2n1CCN(C)C)C1CCC2C3CCC4CC(O)CCC4(C)C3CCC12C.CS(=O)(=O)O
mol_1277,CCN(CC)C(=O)c1cccc2c1OCO2
mol_1278,Cc1cc(O)nc(NN=Cc2ccc(Cl)c(Cl)c2)n1
mol_1279,N#Cc1nc(Cc2cccs2)oc1N
mol_1280,COC=Cc1ccc2c(c1)OCO2
mol_1281,CCOP(=O)(OCC)C(C)(C)OC(=O)NC(F)(F)F
mol_1282,[N-]=[N+]=Nc1c(Cc2ccccc2)c(Cl)nc2ccccc12
mol_1283,Cc1nc(S)nc(O)c1CCl
mol_1284,N#CC(NC12CC3CC(CC(C3)C1)C2)c1ccccc1
mol_1285,O=C(O)CCSc1nnc(COc2ccc(Cl)cc2)n1-c1ccccc1
mol_1286,CC12CCC3C(CCC4CC(CC=C(c5cc(Cl)c(O)c(C(=O)O)c5)c5cc(Cl)c(O)c(C(=O)O)c5)CCC43C)C1CCC2CC=C(c1cc(Cl)c(O)c(C(=O)O)c1)c1cc(Cl)c(O)c(C(=O)O)c1.N
mol_1287,CCCC(C)N(CC(=O)Nc1ccc(S(N)(=O)=O)cc1)C(C)=O
mol_1288,Cc1cc(C)c(NC(=O)c2ccccc2)c(=O)o1
mol_1289,Cc1ccc(NC(=O)OCC(COc2ccc(Cl)cc2Cl)OC(=O)Nc2ccc(C)cc2)cc1
mol_1290,C[N+](C)(C)C1CC([N+](C)(C)C)C2c3ccccc3C21.[I-]
mol_1291,CCCCCCCCCCCCCCCCCCOc1ccc2c3nc4nc(nc5nc(nc6nc(nc(n3)c2c1)c1cc(OCCCCCCCCCCCCCCCCCC)ccc61)c1ccc(OCCCCCCCCCCCCCCCCCC)cc51)c1cc(OCCCCCCCCCCCCCCCCCC)ccc41
mol_1292,COc1ccccc1C=CC(=O)C(C)(C)C
mol_1293,C[CH-][Ge]([CH-]C)([CH-]C)[OH+]C(=O)CNC(C)=O
mol_1294,O=C(O)C(Cl)=C(Cl)C(=O)Nc1ccc(Cl)cc1Cl
mol_1295,CC(=O)OC12CCCCC1C1(O)C(O)CCCCC21
mol_1296,COc1ccc(-c2cc(-c3ccco3)c(C#N)c(=S)n2C2OC(COC(C)=O)C(OC(C)=O)C(OC(C)=O)C2OC(C)=O)cc1
mol_1297,CC=CC(=O)C#Cc1cnc(OC)nc1OC
mol_1298,CC(C(=O)O)c1ccc2oc(-c3ccc(Cl)cc3)nc2c1
mol_1299,O=C1C=CC(=O)c2c1ccc1c2[nH]c2ccccc21
mol_1300,COc1ccc2c(O)c(S(=O)(=O)c3ccc(Cl)cc3)c(=O)oc2c1
mol_1301,CCCCC=C(C1OC(=O)N2CCCC2C1(C)C)[Si](C)(C)C
mol_1302,[N-]=[N+]=CC(=O)CCC(=O)N(c1ccccc1)c1ccccc1
mol_1303,COc1cc2cc(C(=O)N3CC(CCl)c4ccc(N)cc43)[nH]c2c(OC)c1OC
mol_1304,O=c1cc(N2CCOCC2)n2ccccc2n1
mol_1305,CC(=O)NC1C(O)OC(CO)C(O)C1OC(C)C(=O)NC(CC(N)=O)C(=O)NC(CCC(=O)O)C(N)=O
mol_1306,COc1cc(C(O)CCBr)c(OC)cc1C
mol_1307,Nc1ncnc2c1ncn2C1CC(O)C(CO)(C(F)(F)F)O1
mol_1308,COc1cc2c[n+](C)c3c4ccccc4ccc3c2cc1OC.COc1cc2cnc3c4ccccc4ccc3c2cc1OC.CS(=O)(O)=[OH+]
mol_1309,CC(=NNC(=S)N1CCCCCC1)c1cccc(C(C)=NNC(=S)N2CCCCCC2)n1
mol_1310,C=CCNC(=O)N(CCCC(NC(C)=O)C(=O)NCc1ccccc1)Cc1ccccc1
mol_1311,CSC1=Nc2ccccc2-c2nc3ccccc3cc2C1
mol_1312,CC(C)(C)C(=O)OCOP(=O)(OCOC(=O)C(C)(C)C)OCC1CCC(n2ccc(=O)[nH]c2=O)O1
mol_1313,COc1ccc(C(=O)C(C(=O)CCC(=O)Nc2cccc(Cl)c2)c2ccc(OC)cc2)cc1
mol_1314,Cc1ccc(NC(=O)CC2SC(=N)NC2=O)cc1C
mol_1315,CC1CCN(SSc2nc3ccccc3s2)CC1
mol_1316,CC1=NC(=Cc2ccc([N+](=O)[O-])cc2)C(=O)O1
mol_1317,Fc1c(F)c(F)c(CSc2nc3ccccc3[nH]2)c(F)c1F
mol_1318,CCOc1ccnc2c(OC)c(C)c3nc4ccccc4nc3c12
mol_1319,CCOC(=O)C1CC(C(=O)OCC)c2nc3ccccc3nc21
mol_1320,CCOP(=O)(CC=CCN(C(=O)OC(C)(C)C)C(=O)OC(C)(C)C)OCC
mol_1321,COC(=O)C=CC(C#N)(C#N)N=Cc1ccc(C)s1
mol_1322,Cc1cc(C)nc(NS(=O)(=O)c2ccc(N=c3c4ccccc4n(C)c4ccccc34)cc2)n1
mol_1323,O=C1CC(c2ccsc2)n2cccc21
mol_1324,CCCc1nc(N)nc(C(=O)Nc2cccc(C(F)(F)F)c2)c1CC
mol_1325,CN1C(=O)C(O)(Cc2nccc3ccccc23)c2ccccc21
mol_1326,CCOC(=O)C12C(=C(c3ccccc3)OC3C=CCCC31)C(=O)C(=O)N2c1ccccc1
mol_1327,O=C(NCCCCCCCCCCNC(=O)c1cc(O)c(O)c(O)c1)c1cc(O)c(O)c(O)c1
mol_1328,CCC(=O)c1c(O)c2ccccc2oc1=O
mol_1329,CC1=C(C(=O)Nc2ccc([N+](=O)[O-])cc2)C(c2cccc([N+](=O)[O-])c2)C(C(=O)Nc2ccc([N+](=O)[O-])cc2)=C(C)N1
mol_1330,CN(N=Cc1cccc2cccnc12)c1ccccc1
mol_1331,CC1CCC2C(CN3CCCCC3)C(=O)OC2C2(C)C(=O)CC(N3CCCCC3)C12O
mol_1332,C=CC(C)C(O[Si](C)(C)C(C)(C)C)c1c(O)c2c(c3c(CCC)cc(=O)oc13)OC(C)(C)C=C2
mol_1333,O=[N+]([O-])c1cccc(S(=O)(=O)N2CCCC2)c1
mol_1334,O=c1c(Cl)c(N2CCOCC2)cnn1-c1ccccc1
mol_1335,Oc1cc(NNc2cccc3ccccc23)nc(O)n1
mol_1336,CC1=NN(c2ccccc2)[As]2ON=C(c3ccc(Cl)cc3)C12
mol_1337,O=[N+]([O-])c1cc(C(F)(F)F)cc2n[se]nc12
mol_1338,CC(=O)Oc1c2c(c(CC=C(C)C)c3c1C(=O)C1=CC4CC5C(C)(C)OC(CC=C(C)C(=O)O)(C4=O)C15O3)OC(C)(CCC=C(C)C)C=C2
mol_1339,N#CC(C#N)=CN1CCNC1=S
mol_1340,CC(=Nc1nc(O)cc2c1C(=O)CC2)N(C)C
mol_1341,N=C(N)NS(=O)(=O)c1ccc(NC(=O)c2ccc3nc4ccccc4c(N)c3c2)cc1
mol_1342,N=C1NC(=O)C(c2ccccc2)S1
mol_1343,CCCCCCCCCCCCCCCC(=O)NC(Cc1ccc(O)cc1)C(=O)O
mol_1344,COc1ccc2c(c1)CCCN1CCc3cc(OC)c(OC)cc3C21
mol_1345,O=P(Nc1nccc(Cl)n1)(Nc1nccc(Cl)n1)c1ccccc1
mol_1346,COc1ccccc1C=Cc1nc2ccccc2o1
mol_1347,CN1C(=O)C(C=NNC(=O)c2cccnc2)C(N)N(C)C1=O
mol_1348,O=[N+]([O-])C1=C(c2ccccc2)SC([N+](=O)[O-])=C(c2ccccc2)S1
mol_1349,CC(=O)NC(CCCN(Cc1ccccc1)C(=O)N(C)N=O)C(=O)NCc1ccccc1
mol_1350,CCOc1ccc(C=C2C(=N)NC(=N)NC2=O)cc1OCC
mol_1351,CCN1C(NCCO)=NS(=O)(=O)c2ccccc21
mol_1352,CC1=C(C)C(=O)c2c(cc3c4ccccc4ccn23)C1=O
mol_1353,COC(=O)C1=C(C(=O)OC)C2CCC1CC2=O
mol_1354,Cc1ccc(Nc2nc(-c3ccc(-c4ccc([N+](=O)[O-])cc4)o3)cs2)cc1
mol_1355,NS(=O)(=O)c1cc2c(cc1Cl)NC(CC1CCCC1)NS2(=O)=O
mol_1356,COC1=C(N)C(=O)C2=C(CCC(c3nc(C(=O)O)c(C)c(-c4ccc(OC)c(OC)c4O)c3N)N2)C1=O
mol_1357,CC1(C)OC2C(C#N)CC(COC(=O)c3ccccc3)C2O1
mol_1358,COc1ccc2[nH]c3cc4c(=O)c5cc(OC)ccc5[nH]c4cc3c(=O)c2c1
mol_1359,O=C(C=C(O)C(=O)O)C=C(O)c1ccccc1
mol_1360,CN(C)c1ccc(C=C(C(=O)O)c2csc(-c3nc(C(=Cc4ccc(N(C)C)cc4)C(=O)O)cs3)n2)cc1
mol_1361,C=C(CN(C)C)C(=O)c1ccc(C)cc1C
mol_1362,COC1(C)CNCC(C)(C)NC(=O)C(C)(OC)CNCC(C)(C)NC1=O
mol_1363,Cn1c2ccc3cc2c(=S)c2cc(ccc21)OCCOCCOCCOCCOCCOCCO3
mol_1364,COc1cccc2c1[OH+][Ni-2]1(O)[O+]=C(c3ccncc3)[N-][N+]1=C2
mol_1365,CC(=O)OC1CC2C(C)(C)CCCC2(C)C2=C1C(=O)C(C(C)C)=C(O)C2=O
mol_1366,N#CC(C#N)=CNC(=S)c1ccncc1
mol_1367,Nc1cc(-c2ccc(Cl)cc2)nn1-c1nnc2c(n1)[nH]c1ccccc12
mol_1368,CC(=O)OC1CC(C)C2(CC(O)c3ccoc3)C(=O)OCC13C2CCC(O)C31CO1
mol_1369,O=CC1=CN2C(c3ccoc3)CCC(CO)C2CC1
mol_1370,COc1cc(C2C3C=CC=C4CC=CC(=C43)C3CCC(=O)N32)cc(OC)c1OC
mol_1371,COc1ccc2c(c1O)-c1c(O)cccc1CCN(C)CC2
mol_1372,CC(Oc1ccc(OCC2CCCCC2)cc1)C(=O)N(CCO)CCO
mol_1373,COc1ccc(C=C2CN(C)Cc3c2nc(N)nc3-c2ccc(OC)cc2)cc1
mol_1374,Cc1ccc(S(=O)(=O)O)cc1.Cn1c2ccccc2n2c3ccccc3c3n[nH]c(=N)c-3c12
mol_1375,Cc1ccccc1C=Cc1csnn1
mol_1376,COC(=O)C(C#N)=C(NCc1ccccc1)Nc1ccccc1
mol_1377,Sc1snc2c1CCC2
mol_1378,Cc1cc(O)nc(NN2C(Cl)C(=O)C2c2cccc([N+](=O)[O-])c2)n1
mol_1379,COc1cc2cc(C(=O)N3CC(CCl)c4c3cc(NC(=O)OCc3ccc([N+](=O)[O-])cc3)c3ccccc43)[nH]c2c(OC)c1OC
mol_1380,CC1(C)CCCCC1C=CC(CC(O)(C(F)(F)F)C(F)(F)F)=NNc1ccc([N+](=O)[O-])cc1[N+](=O)[O-]
mol_1381,CCOC(=O)c1c(C)nc2c(c1-c1cn(-c3ccccc3)nc1-c1ccccc1)C(=O)c1ccccc1-2
mol_1382,Oc1ccc(C2Oc3cc(OC4OCC(O)C(O)C4O)cc(O)c3CC2O)cc1O
mol_1383,Cc1cn(C2C=CCCC2)c(=O)[nH]c1=O
mol_1384,Clc1ccc(CN2CCCN(Cc3ccc(Cl)c(Cl)c3)S2)cc1Cl
mol_1385,CCC1OC(=O)C(C)C(OC2CC(C)(OC)C(O)C(C)O2)C(C)C(OC2OC(C)CC(N(C)C)C2O)C(C)(O)CC(C)CN(C)C(C)C(O)C1(C)O
mol_1386,COc1cccc(C=NNC(=N)NO)c1.Cc1ccc(S(=O)(=O)O)cc1
mol_1387,COC1=CC(=O)C(OC)=C(C2C(=O)N(C)c3ccccc32)C1=O
mol_1388,O=C1Sc2ccccc2C(=O)N2C1CSC2c1ccccc1
mol_1389,O=c1c2ccccc2nc(-c2ccccc2Cl)n1NC1OC(CO)C(O)C(O)C1O
mol_1390,Nc1nc(Cl)cc(NCCCCCCNc2cc(Cl)nc(N)n2)n1
mol_1391,O=C(O)CSc1nnc(-c2ccccc2)[nH]1
mol_1392,CCCCCCCCCC(=O)OCC1OC(n2cc(F)c(=O)[nH]c2=O)C(N)C(OC(=O)CCCCCCCCC)C1O
mol_1393,CC1(C)CC(=O)C2=C(C1)Nc1ccccc1NC2c1ccc([N+](=O)[O-])cc1
mol_1394,O=P1(c2ccccc2)C(c2ccccc2)=CC=C1c1ccccc1
mol_1395,O=[N+]([O-])c1ccc(C2=NOC(c3ccccc3F)N2C23CC4CC(CC(C4)C2)C3)cc1
mol_1396,Cc1sc2nc3n(c(=O)c2c1C)N=CN(c1ccc(Cl)cc1)C3
mol_1397,Nc1nc(Br)nc2ncn(C3CC(O)C(CO)O3)c12
mol_1398,CCOC(=O)C(C#N)=C1SSC(=C(C#N)C(=O)OCC)S1
mol_1399,N#Cc1ccc(-c2nc3c(N)nc(-c4ccccc4)nc3o2)cc1
mol_1400,CCOC(=O)C=C(c1cc(C)[nH]c1C)N(CC)CC
mol_1401,CC1C(c2ccc(N(C)C)cc2)c2cc3c(cc2OC1N1CCCC1)OCO3
mol_1402,CC(=O)NC(C)(C)C1CCC(C)=C(c2ccccc2)C1
mol_1403,CC=C1CN2CCC34C5=CC(=O)C(c6cc7c(cc6OC)N(C)C6=C(C(=O)OC)CC8(CC)CCCN9CCC67C98)=CC5=NC23CCC1C4C(=O)OC
mol_1404,CC[N+]1(C)CCC(O)(C=Cc2ccc(Cl)cc2)C(C(=O)C=Cc2ccc(Cl)cc2)C1.[I-]
mol_1405,NC(=O)c1ccc(NN=O)nc1.[NaH]
mol_1406,COc1ccc(C=C2CN(C)CC3C2=NN(c2ccccc2)C3c2ccc(OC)cc2)cc1
mol_1407,Cc1ccc(N2C(=S)N(c3ccccc3C)C3=C(N=Nc4ccc(Cl)cc4)C2=Nc2ccccc2N3)cc1
mol_1408,COc1ccc(C=CC(=O)C(C)(C)CN2CCCCC2)cc1.Cl
mol_1409,C=C(C)Cn1c(N)c(N=O)c(=O)n(CC)c1=O
mol_1410,NN1C(=O)c2cccc3cccc(c23)C1=O
mol_1411,CCC[Pb](CCC)(CCC)NS(=O)(=O)c1ccc(C)cc1
mol_1412,Cc1occc1C(=S)Nc1ccc(Cl)c(C(=O)OC2CCCCC2)c1
mol_1413,Cc1ccccc1N=C1SCC(=O)N1c1ccccc1C
mol_1414,OC1(c2ccc(Cl)cc2)c2ccccc2-c2nc3ccccc3n21
mol_1415,CN(C)c1nc(NC23CC4CC(CC(C4)C2)C3)nc(N(C)C)n1
mol_1416,CC[n+]1cnc(N)c2c(-c3ccc(Cl)cc3)cn(-c3ccc(C)cc3)c21.[I-]
mol_1417,COc1ccccc1NC(=O)C1=C(C)NC(C)=C(C(=O)Nc2ccccc2OC)C1c1ccc([N+](=O)[O-])cc1
mol_1418,CC(C)(C)C1CCC2c3c([nH]c4ccccc34)C3C(=O)N(c4ccc(Br)cc4)C(=O)C3C2C1
mol_1419,CC1=C2CCC3(C)C(=CCC3O)C2(C)CCC1=O
mol_1420,O=C(C(=Cn1c(=O)cc[nH]c1=S)C(=O)c1ccccc1)c1ccccc1
mol_1421,CC(=O)[OH+][Ni-3]12([OH+]C(C)=O)Oc3c(Cl)cc(Cl)cc3C=[N+]1[N-]C(c1ccncc1)=[O+]2
mol_1422,CNC(=O)CN(CC(N)=O)C(=O)NC
mol_1423,O=C1NC(=O)C(CCCCO)N1
mol_1424,O=c1[nH]c(=O)n(C2CCCO2)cc1F
mol_1425,CC1(Cl)CCC2(CC(Br)=CC3OC32C)CC1Br
mol_1426,CCNCC.O=C1C2CCCC1C1C(=[N+]([O-])[O-])C=C([N+](=O)[O-])C2C1[N+](=O)[O-]
mol_1427,CCCCC1C=Cn2c(=O)oc3c(OC(C)C)c(OC(C)C)c(O)c1c32
mol_1428,C=CCNC(=S)NC=C(C(C)=O)C(=O)Nc1ccccc1C
mol_1429,CCOC(=O)c1cc(C=CC(C)=CC(=O)OC)oc1C
mol_1430,CN1CN(c2ccccc2)C2(CCN(CCc3cc4ccccc4o3)CC2)C1=O
mol_1431,CC12c3c4cccc3Oc3cc(N)cc(c31)Oc1cc(N)cc(c12)O4
mol_1432,O=C(Oc1ccccc1)C(c1ccccc1)c1ccccc1
mol_1433,Cc1cc(-c2cccc3ccccc23)c(C#N)c(=S)n1C1OC(CO)C(O)C(O)C1O
mol_1434,O=C1C(=Cc2cccc(Br)c2)CSCC1=Cc1cccc(Br)c1
mol_1435,Cc1ccc2c(c1)C1(c3ccc(Cl)cc3)Oc3ccc(C)cc3C(c3ccc(Cl)cc3)(O2)O1
mol_1436,CN(C)c1ccc(C2N(C)CCN2C)cc1
mol_1437,O=C(S)C(=O)Cc1nnn(-c2ccccc2)c1-c1ccccc1
mol_1438,ClCC1(CCl)COC1
mol_1439,Cc1cc(C(=O)N2CCN(Cc3ccccc3)CC2)c(C)o1.Cl
mol_1440,O=S(=O)(c1ccccc1)N1CC2(CN(S(=O)(=O)c3ccccc3)c3ccccc31)CN(S(=O)(=O)c1ccccc1)c1ccccc1N(S(=O)(=O)c1ccccc1)C2
mol_1441,CC(C)(C=NO)NO
mol_1442,O=C1N(c2ccccc2)SN2C3C=CC(C4CC43)N12
mol_1443,CCOC(=O)C(=Cc1cccc(Br)c1)P(=O)(OCC)OCC
mol_1444,CCOC(=O)c1c(CN2CCNCC2)nc2ccc(Cl)cc2c1-c1ccccc1
mol_1445,CC(=CC(=O)Nc1ccc2nn[nH]c2c1)Nc1ccc2nn[nH]c2c1
mol_1446,Cc1ccc(S(=O)(=O)SS(=O)(=O)c2ccc(C)cc2)cc1
mol_1447,CCOC(=O)C(=O)Nc1ccc(Cl)c(C(F)(F)F)c1
mol_1448,Oc1csc2n(-c3ccccc3)c3ccccc3[n+]12
mol_1449,O=C(O)CCc1nn2c(nc1=O)sc1ccc3ccccc3c12
mol_1450,O=C(Nn1c(-c2ccccc2)nc2ccccc2c1=O)c1ccc(Cl)cc1
mol_1451,CCN(CC)CCNc1ccc2ncn3c4c(OC)ccc(OC)c4c(=O)c1c23
mol_1452,O=C1NC(=O)C2(Br)Nc3ccc(Br)cc3C(=O)C2N1
mol_1453,CN1CC(=Cc2cccs2)C(O)C(=Cc2cccs2)C1
mol_1454,Cc1ccc(S(=O)(=O)N=C2N(C)CCCS2(=O)=O)cc1
mol_1455,Cc1cc(C)c2c(c1N)C(=O)CCO2
mol_1456,CN1C(=O)C(=C2SC(=O)N(CNc3ccc(Br)cc3)C2=O)c2ccccc21
mol_1457,CC(C)CCCC(C)C1CCC2C3CC=C4CC(OP(=O)(O)OP(=O)(O)O)CCC4(C)C3CCC12C
mol_1458,CC(C)(C)OC(=O)NCCCCC(NC(=O)OCc1ccccc1)C(N)=O
mol_1459,CN(Cc1ccccc1)C(=NC#N)N(Cc1ccccc1)Cc1ccccc1
mol_1460,Cc1ccc(S(=O)(=O)NN=C2C3CC4CC(C3)C2C4)cc1
mol_1461,COc1ccc(CC(CO)NC2=C(C#N)CCC2)cc1
mol_1462,CCOC(=O)c1[nH]cc(C)c1-c1ccc2c(-c3ccccc3)nc3ccccc3n12
mol_1463,COC(=O)CNC(=O)C(CSC(=O)OCC1c2ccccc2-c2ccccc21)NC(=O)CCC(NC(=O)OCC1c2ccccc2-c2ccccc21)C(=O)OC
mol_1464,O=C(O)C(=O)O.O=c1oc2cccnc2n1CCCCN1CCN(c2ccccc2)CC1
mol_1465,CN(C)CCOc1ccc(-c2c(Oc3ccccc3)c(=O)oc3ccccc23)cc1
mol_1466,O=c1c2ccccc2[nH]c2ccc3c(Cl)n[nH]c3c12
mol_1467,CCOC(=O)c1cc2nc3ccccc3c(=O)n2c2ccccc12
mol_1468,O=C1C(F)=CC(COC(c2ccccc2)(c2ccccc2)c2ccccc2)OC1n1cc(F)c(=O)[nH]c1=O
mol_1469,O=C1c2ccccc2-c2cccc3cccc1c23
mol_1470,CCCCC(=O)NS(=NC(=O)c1ccccc1)C(Cl)(Cl)Cl
mol_1471,COc1ccc2[nH]c3c(cnn4cnnc34)c2c1
mol_1472,C=C1C(=O)OC2CC3(COC(C)=O)C=COC=C(COC(=O)C(C)C)C3CC12
mol_1473,COc1ccccc1NCC(=O)Nn1c(C)nc2ccc(S(=O)(=O)Nc3ccccc3OC)cc2c1=O
mol_1474,O=C(Nc1ccccc1Cl)c1cc2cc(N=Nc3ccc(Br)cc3)ccc2oc1=O
mol_1475,COc1ccc(C(=O)C(CC2C(=O)CC(C)(C)C(C(=O)C(=O)Nc3c(C)cccc3C)C2=O)c2ccc(OC)cc2)cc1
mol_1476,CC(C)(C)[Si](C)(C)OC1C(=O)C(CO)OC1n1ccc(=O)[nH]c1=O
mol_1477,CCOC(=O)Nc1cc(Nc2ccc(Cl)cc2)c2nc(-c3ccc(Cl)cc3)c(-c3ccc(Cl)cc3)nc2n1
mol_1478,COc1ccc(CC2C(=O)OCC2Cc2ccc(OC)c(OC)c2)cc1
mol_1479,O=c1nc2sc3ccccc3c(=O)n2[nH]1
mol_1480,Cc1ccc([PH](Cc2ccccc2)(c2ccccc2)c2cccc3ccccc23)cc1
mol_1481,CCC(=Cc1ccc(OC)cc1)c1ccc(OC)cc1
mol_1482,O=C1NC(N2CCOCC2)=NC1=Cc1ccccc1
mol_1483,COC(=O)c1c(C(=O)OC)c2cc(C(=O)c3ccccc3)ccn2c1Cl
mol_1484,NC(=S)NN=Cc1cccc(CC(O)(C(F)(F)F)C(F)(F)F)n1
mol_1485,CC(C)=CC1CC(C)C2(CCC3(C)CC4C5C(=CCC32)C(=O)OC5CC4(C)O)O1
mol_1486,COC1=C(OC)C(=O)C2=C(OCCCO2)C1=O
mol_1487,N=c1[nH]c2c(O)nc(N)nc2n1Cc1ccccc1
mol_1488,CC12Nc3ccccc3N1C(=O)c1ccccc12
mol_1489,CSC(=S)N(C)NC(=O)c1cccc(C(=O)NN(C)C(=S)SC)n1
mol_1490,O=C(CC(=O)N1N=C(N(c2ccccc2)c2ccccc2)CC1c1ccccc1)Nc1cccc(Cl)c1
mol_1491,CCOc1ccc(NC2=NC(=O)C(CC(=O)Nc3ccccc3[N+](=O)[O-])S2)cc1
mol_1492,COc1ccc(C2=Nc3ccccc3SC(c3ccc(OC)cc3)C2)cc1
mol_1493,C=CCOc1cc2c(c3oc(=O)cc(CCC)c13)C(O)C(C)C(C)O2
mol_1494,O=C1C(=Cc2ccccc2)CN(C(=O)C(Cl)(Cl)Cl)CC1=Cc1ccccc1
mol_1495,c1c[n+]([Ni-4]([n+]2cc[nH]c2)([n+]2cc[nH]c2)([n+]2cc[nH]c2)([n+]2cc[nH]c2)[n+]2cc[nH]c2)c[nH]1
mol_1496,CC#CC(O)(C(=O)OC1CC(C)N(C)C(C)(C)C1)C1CCCC1
mol_1497,CNNc1ncnc2c1cnn2C
mol_1498,CC1(C)OP(=O)(O)C=C1[Se]c1ccccc1
mol_1499,COc1ccc(N=C2[Se]C(=NC(=O)c3ccccc3)N(c3ccc(OC)cc3)C2=Nc2ccc(OC)cc2)cc1
mol_1500,Cc1cc(C)nc(C(=NNC(N)=O)C(=O)Nc2nc3ccc(C)cc3s2)c1
mol_1501,Cc1nc2ccccc2n1COC(Cn1ccnc1)c1ccc(Cl)cc1Cl
mol_1502,O=Nn1cc(-c2cc3ccccc3n2N=O)c2ccccc21
mol_1503,NC(CCC(=O)O)(CCC(=O)O)CCC(=O)O
mol_1504,COc1ccc(C(c2c(O)c3ccccc3oc2=O)N2CCOCC2)cc1
mol_1505,O=C1O[Cu-3]2(Oc3ccccc31)Oc1cccc3ccc[n+]2c13
mol_1506,COC(=O)C1C2CC3c4[nH]c5cc(OC)ccc5c4CCN3CC2CC(OC)C1OC
mol_1507,CC(C)=CCc1cc(C2COc3cc4c(c(O)c3C2=O)C=CC(C)(C)O4)c(O)cc1O
mol_1508,O=C(O)CSCc1cc(C(=O)Nc2ccc(C=Cc3ccc(NC(=O)c4cc(CSCC(=O)O)c5cccnc5c4O)cc3S(=O)(=O)O)c(S(=O)(=O)O)c2)c(O)c2ncccc12.[NaH]
mol_1509,O=c1c2ccccc2c2nc3ccccc3nc2n1C1CCCCC1
mol_1510,CC(Cl)=NOC(=O)Nc1ccc(C)cc1
mol_1511,Cc1ccc(C2=C(c3ccccc3)C(=O)C(c3ccccc3)=C2c2ccc(C)cc2)cc1
mol_1512,FC(F)C(F)(F)C(F)(F)C(F)(F)C(F)(F)C(F)(F)COC(OCC(F)(F)C(F)(F)C(F)(F)C(F)(F)C(F)(F)C(F)F)OCC(F)(F)C(F)(F)C(F)(F)C(F)(F)C(F)(F)C(F)F
mol_1513,O=C(NC1C=Nc2ccc([N+](=O)[O-])cc2NC1=O)c1cc(Cl)cc([N+](=O)[O-])c1
mol_1514,NC(=O)C(=CN1CC(=O)NC1=S)C(N)=O
mol_1515,COC1=C(C)C(=O)C(=O)c2c(C)ccnc21
mol_1516,Cn1c(=O)cc(NNc2ccc(Br)cc2)[nH]c1=O
mol_1517,O=C1OC2(C(F)(F)F)Oc3ccccc3CN2C12CCCCC2
mol_1518,COC(=O)c1nc(S)nc(C(=O)OC)c1C(=O)C=Cc1ccccc1
mol_1519,Cc1ccc(C(=O)Nc2ccc(S(=O)(=O)O)c3cc(S(=O)(=O)O)cc(S(=O)(=O)O)c23)cc1NC(=O)Nc1cc(C(=O)Nc2ccc(S(=O)(=O)O)c3cc(S(=O)(=O)O)cc(S(=O)(=O)O)c23)ccc1C.[NaH]
mol_1520,COc1ccc2c(c1)CC1c3c(cc4c(c3-2)OCO4)CCN1C
mol_1521,Cc1cc2n(n1)C(C)(C)C(=O)Nc1ccc(Cl)cc1-2
mol_1522,CC1(c2cccc3c2C2(O)C=CC4(CCC32)OCCO4)OCCO1
mol_1523,CC(=O)[OH+][Zn-2]12[OH+]c3c(Cl)cc(Cl)cc3C=[N+]1[N-]c1cccc[n+]12
mol_1524,Cc1cc(C(=O)CCCCOc2ccc(C3=NCCO3)cc2)c(C)n1C
mol_1525,Oc1nncc2c1Sc1cnnc(O)c1S2
mol_1526,CC(=S)NC=C1C(=O)C=C(C)OC1=O
mol_1527,COc1nc(NC2OCC(OC(C)=O)C(OC(C)=O)C2OC(C)=O)c(-c2csc(=N)[nH]2)c(=O)n1C
mol_1528,O=C1c2c(ccc3c2CCC3)CC12Cc1cc3c(cc1C2)CCC3
mol_1529,Oc1cc(O)c(Oc2cccc(O)c2O)c(O)c1
mol_1530,COC(=O)C(C)(C)NC(=O)C(Cc1ccccc1)NC(=O)C(C)(C)NC(=O)OCc1ccccc1
mol_1531,N=c1cnn(C2OC(CO)C(F)C2F)c(=O)[nH]1
mol_1532,O=C1c2ccccc2CC12Cc1ccccc1C2
mol_1533,C1=CC2(C=C1)OC21CCC2(C=CC3(C2)OC3C2CCCCC2)CC1
mol_1534,CN1c2ccccc2N(C)C23N(C)c4ccccc4N(C)C12N(C)c1ccccc1N3C
mol_1535,O=C(O)CCc1cccc2c1oc1c(CCC(=O)O)cccc12
mol_1536,COC=CCCCN(C1CCCCC1)C(C#N)c1ccccc1
mol_1537,CCC12CN(C(=O)OC)C3C(Br)C1CCC(=O)C32
mol_1538,Cc1cn(COCCCO)c(=O)[nH]c1=O
mol_1539,Cc1cc(N=Nc2ccc(NC(=O)c3ccc(NC(=O)c4ccccc4)cc3)c3ccc(S(=O)(=O)O)cc23)ccc1N=Nc1ccc2c(O)cc(S(=O)(=O)O)cc2c1
mol_1540,COC(=O)C1C=CCON2CCc3c(n(S(=O)(=O)c4ccccc4)c4ccccc34)C12
mol_1541,Cc1ccc([PH](Cc2ccccc2)(c2ccc(C)cc2)c2ccc(C)cc2)cc1
mol_1542,ClC1(Cl)C2(Cl)C3(Cl)C4C2(Cl)C2(Cl)C4(Cl)C3(Cl)C12Cl
mol_1543,COC(=O)CCCC=C(c1cc(F)c(OC)c(C(=O)OC)c1)c1cc(F)c(OC)c(C(=O)OC)c1
mol_1544,CCCCCC1CCCCCCCCCC(=O)OC2C(O)C(CO)OC(OC3C(O1)OC(C)C(O)C3O)C2OC1OC(C)C(OC(=O)C(C)CC)C(OC2OC(C)C(O)C(O)C2O)C1OC(=O)C(C)CC
mol_1545,O=[N+]([O-])c1ccc(CSC2=C(c3ccc(Cl)cc3)SC(=C3SC(SCc4ccc([N+](=O)[O-])cc4)=C(c4ccc(Cl)cc4)S3)S2)cc1
mol_1546,COc1ccc(C2CC(=O)N3CCCC3N2)cc1
mol_1547,Clc1cccc2c1OCC1C(c3ccccc3)=NN(c3ccccc3)C21
mol_1548,O=C1CCC(c2ccccc2)=NN1c1nc2ccccc2s1
mol_1549,CC(=O)OCC1OC(NC(=S)Nc2nc(-c3ccccc3)cc(-c3cc(Cl)ccc3O)n2)C(OC(C)=O)C(OC(C)=O)C1OC(C)=O
mol_1550,O=C(CCCC[n+]1ccccc1)Sc1ccccc1C(=O)Nc1ccc(S(=O)(=O)c2ccc([N+](=O)[O-])cc2)cc1.[Br-]
mol_1551,O=C(NCCc1ccccc1)C1CCCCC1CCO
mol_1552,O=C(C[PH](c1ccccc1)(c1ccccc1)c1ccccc1)c1ccc([N+](=O)[O-])cc1
mol_1553,Cn1c(=O)cc(CNc2ccc(-c3ccccc3)cc2)c2ccccc21
mol_1554,COc1cc(OC)cc(-n2c(N)c(-c3nc4ccccc4s3)c3ccc([N+](=O)[O-])cc3c2=O)c1
mol_1555,O=c1[nH]c(=O)n(C2OC(CO)C(O)C2O)cc1N=NNCc1ccccc1
mol_1556,CCCCCCCCCCCCCCCC(=O)Nc1ccn(C2CCC(COP(=O)(O)OC3CC(n4cc(C)c(=O)[nH]c4=O)OC3CO)O2)c(=O)n1
mol_1557,CC=C(c1cc(Br)c(OC)c(C(=O)OC)c1)c1cc(Br)c(OC)c(C(=O)OC)c1
mol_1558,NC(=O)C1CCCN1C(=O)N(CCCl)N=O
mol_1559,O=C(CN1CCCCC1)Nc1ccc2c(c1)C1Oc3ccccc3CC1CO2
mol_1560,C=C(C(N)=O)c1ccc([N+](=O)[O-])o1
mol_1561,CC(C)(C)OC(=O)NC(Cc1ccc(O)cc1)C(=O)N1CCCC1C(=O)O
mol_1562,CC(C)OC(=O)C=CC(=O)OC=C[N+](=O)[O-]
mol_1563,CN(C)c1ccc(C=NCC2CCCN3CCCCC23)cc1
mol_1564,CC1CCC2C(C)C3C(CC4C5CC=C6CC(O)CCC6(C)C5CC(O)C43C)N2C1
mol_1565,c1ccc(N2CC3CSc4ccc5ccccc5c4C3=N2)cc1
mol_1566,O=c1c(=CC=Cc2ccccc2)sc2n1CCN=2
mol_1567,COc1ccc(C2CC(=O)c3c(cc(OC)c(O)c3OC)O2)cc1
mol_1568,CN(C)c1ccc(C=C(NC(=O)c2ccccc2)C(=O)NC(Cc2c[nH]c3ccccc23)C(=O)O)cc1
mol_1569,CCSc1nc(N)c2c(-c3ccc(OC)c(OC)c3)c3c(nc2n1)CCCC3
mol_1570,Cc1ccccc1NC(=O)CC(=O)NNCC(=O)Nc1nnc(-c2ccccc2)s1
mol_1571,O=C1C(=Cc2ccc(O)cc2)Oc2ccccc21
mol_1572,N#Cc1cc2cccn2c2c1cnn2-c1ccccc1
mol_1573,CC1(C)OC(=O)C(=Cc2ccc(O)cc2)C(=O)O1
mol_1574,CNc1nc2c(C)ccc3[nH]c(N(C)C)nc3c-2n1
mol_1575,CN(C)c1ccc(C(c2c(O)c3ccccc3oc2=O)c2c(O)c3ccccc3oc2=O)cc1
mol_1576,COC1(C)C(=O)N2C1N(C(=O)OC(C)(C)C)CC2(C)C
mol_1577,O=C1CCC2(c3ccc(F)cc3)Nc3cc(Cl)ccc3N12
mol_1578,COc1ccc(C=C2C(=O)N(C(=O)c3ccccc3O)N=C2C)cc1OC
mol_1579,Cc1c(C(C)C2NCC(C)CC2O)ccc2c1CC1C2CC=C2CC(O)CCC21C
mol_1580,CC[N+]1(CC)CCC(=O)[Pd-2]1(Cl)NC(CO)C(O)c1ccccc1
mol_1581,COc1ccc(C(C)=NNC(N)=S)c(OC)c1
mol_1582,CCc1cc(-c2cccc3ccccc23)c(C#N)c(S)n1
mol_1583,CC1(CO[N+](=O)[O-])OC(=O)N2CCCC21
mol_1584,COC(=O)C1CC(=O)N(C)c2sc(C)c(C)c2C1=O
mol_1585,COc1ccc2c(-c3cc4ccccc4o3)cc(=O)oc2c1
mol_1586,CC(=O)C1C(O)CC2(C)C3CCc4cc(O)c(OC5OC(CO)C(O)C(O)C5O)cc4C3(C)C(=O)CC12C
mol_1587,O=S(=O)(CCCC1C(CCOCc2ccccc2)C2CCCN1O2)c1ccccc1
mol_1588,CCCCC(CC)CCC(CCC(CC)CCCC)S(=O)(=O)O
mol_1589,O=C(C=Cc1ccc(Br)cc1)c1ccc(NCc2nc3ccccc3[nH]2)cc1
mol_1590,OC1(C2(O)CCC2)CCC1
mol_1591,CC1(c2ccccc2Cl)C(C#N)C(=O)NC(=O)C1C#N
mol_1592,CC[N+]12CN3CN(CN(C3)C1)C2
mol_1593,CCOC(=O)c1[nH]c(CN(C)Cc2[nH]c(C(=O)OCC)c(C)c2C(=O)OCc2ccccc2)c(C(=O)OCc2ccccc2)c1C
mol_1594,CCCCCCCCCCCCCCCC=C(c1cc(Br)cc(C(=O)O)c1OC)c1cc(Br)cc(C(=O)O)c1OC.N
mol_1595,CON1C(=O)C(c2cccs2)=C2SCC=C21
mol_1596,O=C1c2ccccc2C(c2ccccc2)(N2CCCCC2)N1c1ccccc1
mol_1597,N#CC(C(=NO)C(=NO)C(C#N)c1ccc(Cl)cc1)c1ccc(Cl)cc1
mol_1598,CCOC(=O)CNCc1cc(O)nc2cc(Cl)ccc12
mol_1599,COC(=O)C(=O)C(C(=O)C(=O)Nc1cc(C)ccc1C)c1nc2ccc(C(=O)c3ccccc3)cc2nc1O
mol_1600,O=C(O)c1cc(O)c(O)c(O)c1
mol_1601,CNC(=O)c1nc[nH]c1N=NN(C)N
mol_1602,CN(C)c1nc2oc(-c3ccccc3)c(-c3ccccc3)c2c2nncn12
mol_1603,CCCCCCCNC(C)(C)C(SSSC(c1ccc(Cl)cc1)C(C)(C)NCCCCCCC)c1ccc(Cl)cc1
mol_1604,CCC(Cl)=NOC(=O)Nc1ccccc1OC(F)(F)F
mol_1605,CN(C)C1=CC(=O)c2ccccc2C12CO2
mol_1606,CC(=O)OC12CC(C(F)(F)F)(C(F)(F)F)OC1(OC(C)=O)CC(C(F)(F)F)(C(F)(F)F)O2
mol_1607,O=C(c1ccccc1)C(C(=O)c1ccccc1)C1(O)C(=O)c2ccccc2C1=O
mol_1608,Cc1ccc(C(=O)O)c(CC2Cc3c(C)cccc3C2=O)c1
mol_1609,O=c1[nH]c(=O)n2n1C1C=CC2CC1
mol_1610,CCc1n[nH]c(=O)n1-c1ccncc1
mol_1611,CC(=NNc1ccccc1)c1sc(-c2nc(C)c(C(C)=NNc3ccccc3)s2)nc1C
mol_1612,C1=[N+]2c3ccccc3[SH+][Cu-5]234([O+]=C1c1cccs1)[O+]=C(c1cccs1)C=[N+]3c1ccccc1[SH+]4
mol_1613,O=C(c1no[n+]([O-])c1C(=O)c1csc2ccccc12)c1csc2ccccc12
mol_1614,COc1cc2c(c3oc(=O)ccc13)C(OC(=O)C13CCC(C)(C(=O)O1)C3(C)C)C(OC(=O)C13CCC(C)(C(=O)O1)C3(C)C)C(C)(C)O2
mol_1615,CC1(C)NC(=O)C(NC(=O)C(CC(=O)OCc2ccccc2)NC(=O)OCc2ccccc2)CCCCNC(=O)CCNC1=O
mol_1616,CN(C)c1cccc2c1C(=O)C=CC21CCc2ccc(N(C)C)c3c(N(C)C)ccc1c23
mol_1617,COC(=O)C(C)(C)C(OP(C)(=O)OC)=C(C)C
mol_1618,CCOC(=O)c1c2ccccc2n2c(=O)n(C)nnc12
mol_1619,NCCC(=O)NCS(=O)(=O)O
mol_1620,CCOC(=O)NC(Nc1ccc(S(=O)(=O)Nc2nc(C)cc(C)n2)cc1)(C(=O)OCC)C(F)(F)F
mol_1621,CCCCCCCCNC(=S)NC=C1C(=O)Oc2ccccc2C1=O
mol_1622,O=c1[nH]nc(Cc2ccccc2)n1-n1cnnc1
mol_1623,Br.CCN1CCC(O)(c2ccc(Cl)cc2)C(C(=O)c2ccc(Cl)cc2)C1
mol_1624,N#CC12C3C4CC5C6C4C1C6C(O)(C53)N2Cc1ccccc1
mol_1625,CCCCC(C=NNc1ccc([N+](=O)[O-])cn1)CC
mol_1626,CC(C)N(CCCNc1c2ccccc2nc2cccc([N+](=O)[O-])c12)C(C)C.CS(=O)(=O)O
mol_1627,Cc1cccc(NC(=O)C(=O)Cc2nc3ccccc3nc2O)c1C
mol_1628,Nc1nc(Cl)cc(NCC2(CO)CC(CCCc3ccccc3)C2)n1
mol_1629,CN(C)c1c(-c2ccc(Cl)cc2)cc(-c2ccccc2)nc1O
mol_1630,N#Cc1nc(COCCOCc2ccc(F)cc2)oc1N
mol_1631,OC1CCOC1(O)c1ccccn1
mol_1632,NC(=O)c1c(NC=O)ncn1C1OCC(O)C(O)C1O
mol_1633,N#Cc1c(Nc2nc3ccccc3s2)c2ccccc2n2c1nc1ccccc12
mol_1634,Oc1cc(NNc2ccc(F)cc2)nc(O)n1
mol_1635,CC1(C)OCC(C2OC(=O)C(OCc3ccccc3)=C2OCc2ccccc2)O1
mol_1636,COc1ccc(C(=O)N2CCc3c([nH]c4ccccc34)C2C(=O)O)o1
mol_1637,CCC(CS(=O)(=O)O)[N+](=O)[O-]
mol_1638,COC(=N)CCCl.Cl
mol_1639,c1ccc(COCC2OC3c4ccccc4COC3C2OCc2ccccc2)cc1
mol_1640,CC(=O)c1ccc(NC(=O)C(CC(=O)C=Cc2ccccc2)=NNC(N)=S)cc1
mol_1641,N#Cc1c(N=Cc2cc(Cl)cc(Cl)c2O)sc2c1CCC2
mol_1642,O=C1NC2(CCCCC2)NC12CCCCC2
mol_1643,O=C(CSC(=S)N1CCOCC1)Nc1nc2c(s1)CCCC2
mol_1644,C=CC1(C)CC(=O)C2(O)C(C)(O1)C(OC(C)=O)C(O)C1C(C)(C)CCC(O)C12C
mol_1645,NC(CSCCSCCSCC(N)C(=O)O)C(=O)O
mol_1646,[O-][Cl+3]([O-])([O-])O.c1ccc(-c2csc3[nH]c4ccccc4[n+]23)cc1
mol_1647,NC(=O)C(O)C(O)C(N)=O
mol_1648,Nc1ccc(N=Nc2ccc(CCc3ccc(N=Nc4ccc(N)c5cc(S(=O)(=O)O)ccc45)cc3S(=O)(=O)O)c(S(=O)(=O)O)c2)c2ccc(S(=O)(=O)O)cc12.[NaH]
mol_1649,CCCCON1CC(O)C(O)C(O)C1
mol_1650,O=C(Nc1ccc2[nH]c(=S)sc2c1)Nc1ccccc1F
mol_1651,Br.Clc1ccc(C2=CSC3=NCCN23)cc1
mol_1652,COc1ccc(C2NC(c3ccc(OC)cc3)C(C)C(=O)C2C)cc1
mol_1653,[N-]=[N+]=Nc1c(Cl)c(=O)n(-c2ccccc2)c2ccccc12
mol_1654,CCN1C(=O)C(=O)OC1=C(c1ccccc1)c1ccccc1
mol_1655,CCOc1ccccc1NC(=O)C=C1NC(=O)CS1
mol_1656,COc1ccc(C2SC(=Cc3ccc(O)cc3)C(=O)N2NC(=O)Cc2ccccc2)cc1
mol_1657,O=[N+]([O-])C(C=NNc1ccccc1)C=NNc1ccccc1
mol_1658,COc1ccccc1NC(=O)C(=O)CC(=O)c1ccccc1NC1=CC(=O)C(=O)c2ccccc21
mol_1659,O=C(NC1C(=O)NNC1c1ccccc1Cl)c1ccccc1
mol_1660,COc1cc2c(cc1OC)C(C(=O)O)C(c1ccccc1)N(C)C2=O
mol_1661,COC12COC(=O)C1C(c1ccc3c(c1)OCO3)c1cc3c(cc1O2)OCO3
mol_1662,C1=CC2CCC1C1CN(CCCN3CCOCC3)CC21
mol_1663,CC1(C)OC(=O)C(C#N)=C1C=Cc1coc2ccc(Cl)cc2c1=O
mol_1664,NC(=S)NN=CCC(O)(C(F)(F)F)C(F)(F)F
mol_1665,CCN(CC)CCOCCn1c2c(c3ccccc31)CCCC2
mol_1666,Cc1ccc(SSc2ccc([N+](=O)[O-])cc2)cc1
mol_1667,CCOP(OCC)SSCn1nc2ccc3ccccc3n2c1=O
mol_1668,CN(C)CCSc1nc(-c2cccs2)c2ccccc2n1
mol_1669,Cc1noc2c1C(=O)CCC2
mol_1670,CCOc1ccc(C(Cl)=C(C=O)c2ccc(OC)c(OC)c2)cc1OCC
mol_1671,COc1ccc(-c2oc3ccccc3c(=O)c2O)cc1OC
mol_1672,O=[N+]([O-])c1cc(Cl)ccc1S(=O)(=O)c1ccccc1
mol_1673,CCCCCOC(=O)C(=O)Nc1nn[nH]c1C(N)=O
mol_1674,CN1C(OCc2ccccc2)c2c(ccc3c2OCO3)C2C=Cc3cc4c(cc3C21)OCO4
mol_1675,CCC(c1ccccc1)c1noc(CCN(CC)CC)n1.O=C(O)CC(O)(CC(=O)O)C(=O)O
mol_1676,O=C(O)CCN1CCN(CCC(=O)O)CCN(CCC(=O)O)CC1
mol_1677,CN(C)C1C(O)=C(C(N)=O)C(=O)C2(O)C(O)=C3C(=O)c4c(O)cccc4C(C)(O)C3C(O)C12
mol_1678,Cc1cccc2[n+]1C1C3OC(c4ccccc43)C1S(=O)N2.[FH+][B-]([FH+])([FH+])[FH+]
mol_1679,C=CC1(c2ccc(OC)cc2)OCCCO1
mol_1680,CCC1C(=O)OCc2ccccc21
mol_1681,Cc1ccc(C=CC(=O)c2c([O-])on[n+]2-c2ccccc2)cc1
mol_1682,Cc1c([N+](=O)[O-])ccc2c1C(=O)c1ccccc1C2=O
mol_1683,CC12CC3CC(C)(C1)CC(CNC(=N)CS)(C3)C2
mol_1684,O=C(CCc1n[nH]c(=S)o1)Nc1ccccc1C(F)(F)F
mol_1685,NC(CSS(=O)(=O)CC(N)C(=O)O)C(=O)O
mol_1686,Cl.NC(=O)C(=CNc1nc(-c2ccc(Cl)c(Cl)c2)cs1)C(N)=O
mol_1687,CCOC(=O)NC1=NCCS1
mol_1688,CC(=O)NNC(=S)NC=C(C#N)S(=O)(=O)c1ccc(C)cc1
mol_1689,CCN(CC)CCn1ncc2c3c(=O)c4cccnc4n(CCN(CC)CC)c3ccc21
mol_1690,CCCCCC(=O)Nc1nn[nH]c1C#N
mol_1691,N=C1NN(c2ccccc2)C(=O)C1C(=O)C(=O)Nc1cccc(C(F)(F)F)c1
mol_1692,CC(=O)OC1CCC2C3CCC4(C)CC(=O)C=CC4(C)C3CCC12C
mol_1693,COc1cc(C=C2SC(=S)NC2=O)cc(OC)c1O
mol_1694,CC1=Nc2cc(C)c(C)cc2NC(=O)C1
mol_1695,CCC(c1ccc(N(C)C)cc1)C1NC(=S)NC1=O
mol_1696,CCCc1cc(=O)oc2c3c(cc(OC(C)C)c12)OC(C)C(C)C3O
mol_1697,CCOC(=O)c1nc2ccc(C(F)(F)F)cc2nc1Oc1cc(OC)cc(OC)c1
mol_1698,O=S1(=O)c2ccccc2-c2ccccc21
mol_1699,C=CCOc1ccc(C2c3c(n[nH]c3O)CC(O)(OCC)C2C(=O)OCC)cc1OC
mol_1700,Nc1cc(Cl)cc(Cl)c1O
mol_1701,c1ccc2nc(NCCSSCCNc3cnc4ccccc4n3)cnc2c1
mol_1702,[Cl-].c1ccc(COc2cccc3ccc[n+](Cc4ccccc4)c23)cc1
mol_1703,COC(=O)NN=C(C)CC(=O)Nc1ccc(Cl)cc1
mol_1704,C1=CC2(CCC13OCCO3)COc1ccccc12
mol_1705,O=C1C(=Cc2ccc(OC(=O)c3ccccc3)cc2)CCCC1=Cc1ccc(OC(=O)c2ccccc2)cc1
mol_1706,Cc1cn(COCCCS(=O)c2ccccc2)c(=O)[nH]c1=O
mol_1707,CC(=O)NC(CCC(=O)c1ccc(Cl)cc1)(C(=O)O)C(=O)O
mol_1708,Cl.Nc1ccc(C(c2ccccc2)(c2ccccc2)c2ccccc2)cc1
mol_1709,CC1C2Cc3ccc(O)cc3C1(C)CCN2CCC(=O)c1ccccc1
mol_1710,C#CC(O)c1ccc(OC)c(OC)c1
mol_1711,O=C(C=CNC(=O)OCc1ccccc1)OCc1ccccc1
mol_1712,Cn1c2ccccc2c2nnc(NCCCO)nc21
mol_1713,Cc1cc(=O)n2c(n1)sc1ccc3ccccc3c12
mol_1714,Cc1ccc(C2(O)c3ccccc3N=NN2C)cc1
mol_1715,COC1C2C=CC(C2)C1[N+](=O)[O-]
mol_1716,O=C(CSS(=O)(=O)O)c1ccccc1
mol_1717,CC1=NC(=Cc2ccccc2)C(=O)O1
mol_1718,CCCCOC(=O)Oc1cc2c(c(OC)c1OC)-c1ccc(SC)c(=O)cc1C(NC(C)=O)CC2
mol_1719,NC(=O)c1nnsc1NC=O
mol_1720,Ic1ccc(SSc2ccc(I)cc2)cc1
mol_1721,CCOC(=O)C1(C(=O)OCC)C(C(C)(C)C)=C(C)c2ccccc21
mol_1722,O=C(O)COc1cccc2ccccc(=O)c12
mol_1723,Clc1ccc(CN2COc3c(cc(Cl)c4cccnc34)C2)cc1
mol_1724,O=C(CCl)N1CCN(c2ccccc2)CC1
mol_1725,CC(=O)Oc1ccc(C)c2c1C1CCC3(C)C(OC(C)=O)CCC3C1CC2
mol_1726,CCN1CCC(O)(C=Cc2ccccc2)C(C(=O)C=Cc2ccccc2)C1.Cl
mol_1727,CSC(Nc1ccccc1)=C1C(=O)N(c2ccccc2)N=C1C
mol_1728,CC12CCC3CCCCC3(OO1)C(OCc1ccccc1)O2
mol_1729,Cc1ccc(C=C2CCOC2=O)cc1
mol_1730,CCCCCCCCCCCCCC(=O)OCC(C[As](=O)(O)O)OC(=O)CCCCCCCCCCCCC
mol_1731,CCCC[Sn]1(CCCC)OC(=O)c2cccnc2O1
mol_1732,COc1cc(-c2nn3c(=O)n(-c4ccc(Cl)cc4)c(=O)nc3s2)cc(OC)c1OC
mol_1733,Cn1nc2ccc([N+](=O)[O-])c[c-]2[n+]1=O
mol_1734,CC1CN=C(N(C)C(=O)Nc2ccc(Cl)cc2)S1
mol_1735,O=C1c2ccc(O)c(O)c2C(=O)c2c(O)ccc(O)c21
mol_1736,O=S(=O)(c1ccccc1)n1cnc(CCc2ccccc2)n1
mol_1737,O=C(CC(=O)N1N=C(n2ccc3ccccc32)CC1c1ccccc1)Nc1ccc(Cl)cc1
mol_1738,CC(C)CC(F)(C(N)=O)C(N)=O
mol_1739,CCOC1CC2OC(=O)C1C=C2C(=O)OC
mol_1740,O=C(Cc1ccccc1)ONC(CCCCNC(=O)OCc1ccccc1)C(=O)Nc1ccc(Cc2ccc(NC(=O)C(CCCCNC(=O)OCc3ccccc3)NC(=O)OCc3ccccc3)cc2)cc1
mol_1741,COc1ccccc1NC(=O)C(=CN1C(=O)C(=Cc2cc(OC)c(OC)c(OC)c2)SC1=S)C(C)=O
mol_1742,Brc1c(OCc2ccccc2)ccc2ccccc12
mol_1743,COc1ccc(C2CC(=O)Oc3ccccc3O2)cc1
mol_1744,O=C1c2cccn2-c2ccccc2SC1c1ccccc1
mol_1745,O=C(O)c1ccc(C2SCc3nc4ccccc4n32)cc1
mol_1746,O=S1(=O)CC2(N3CCCCC3)CCCCC21
mol_1747,COc1cc2c3c(c1)nc(C)n3C(=O)CS2
mol_1748,C=Cc1ccc(C)[n+](C[Si](C)(C)O[Si](C)(C)C)c1.[I-]
mol_1749,O=C1c2scc(-c3ccc(Cl)cc3)c2-n2cccc21
mol_1750,CC(N)=[N+](C)[O-].Cl
mol_1751,CC(C)(C)OC(=O)NCC(=O)NC1CC(=NO)c2sccc21
mol_1752,C[Si](C)(c1ccccc1)C1CC(=O)CC(=O)C1
mol_1753,COc1ccc(CC2COC(=O)C2Cc2ccc3c(c2)OCO3)cc1OC
mol_1754,c1ccc(P2c3ccccc3Oc3ccccc32)cc1
mol_1755,C(=Nc1ccccc1)c1ccc(C=Nc2ccccc2)cc1
mol_1756,O=c1nc(Oc2c(F)c(F)c(F)c(F)c2F)ccn1C1OC(CO)C(O)C1O
mol_1757,CC1=CC(C)(C)SC(SSSC2=NC(C)=CC(C)(C)S2)=N1
mol_1758,CCCCc1ccc(Nc2nc(Cl)c3ncn(C4CC(Oc5ccc(C)cc5)C(COc5ccc(C)cc5)O4)c3n2)cc1
mol_1759,O=C(NN=CC=Cc1ccccc1)C(O)C(O)C(=O)NN=CC=Cc1ccccc1
mol_1760,CC1=CCN(c2ccccn2)OC1c1ccccc1
mol_1761,C(=Cc1c2oc(-c3ccccc3)cc(-c3ccccc3)c-2c2ccccc12)C=C1c2ccccc2-c2c(-c3ccccc3)cc(-c3ccccc3)[o+]c21.[O-][Cl+3]([O-])([O-])O
mol_1762,COc1ccc(CC(COS(=O)(=O)c2ccc(C)cc2)NS(=O)(=O)c2ccc(C)cc2)cc1
mol_1763,COc1ccc2c(c1)CCN1CCCc3ccccc3C21.Cl
mol_1764,NN=C1C2CN3CCN(C2)CC1(c1ccc([N+](=O)[O-])cc1)C3
mol_1765,CCC12CCCN(Cc3ccccc3)C1c1c(n(C)c3ccccc13)C(C(=O)O)C2.Cl
mol_1766,O=C(CCCCCCCCC(=O)NCC1(c2ccccc2)CCN(Cc2ccccc2)CC1)NCC1(c2ccccc2)CCN(Cc2ccccc2)CC1
mol_1767,NC(CCSC(F)F)C(=O)O
mol_1768,CCOC(=O)c1ccc(Nc2nc3ccccc3nc2C(=O)OCC)cc1
mol_1769,CCCCN(CCCC)CCCOC(=O)c1ccc2oc3ccc(C(=O)OCCCN(CCCC)CCCC)cc3c2c1
mol_1770,COC(=O)C1Cc2c([nH]c3ccccc23)C=N1.Cl
mol_1771,COC(=O)c1c2c(cc3c1CC1(C3)Cc3cc4c(c(C(=O)OC)c3C1)CCC4)CCC2
mol_1772,Cl.OCC1NC(CC2OC(CO)C(O)C(O)C2O)C(O)C(O)C1O
mol_1773,CCOc1ccc(NC(=S)NC=C(C#N)C#N)cc1
mol_1774,CCOC(=O)C1=CNC(C(=O)OCC)C1c1cccn1-c1ccc(Cl)cc1[N+](=O)[O-]
mol_1775,O=S(=O)(O)c1cc(Nc2ccnc3ccccc23)c2c(S(=O)(=O)O)cc(S(=O)(=O)O)cc2c1.[NaH]
mol_1776,O=C(CCCCC1CCSS1)N(C(=O)NC1CCCCC1)C1CCCCC1
mol_1777,CCc1c(Cc2cc(C)cc(C)c2)n(COCCO[Si](C)(C)C(C)(C)C)c(=O)[nH]c1=O
mol_1778,CC(C)(SSC(C)(C)C(N)C(=O)O)C(N)C(=O)O
mol_1779,COC1OC(Cn2cc([N+](=O)[O-])nc2C)C(O)C(O)C1O
mol_1780,COC(=O)c1ccn2c(N(C)C)[n+]3ccc(C(=O)OC)cc3c2c1.[O-][Cl+3]([O-])([O-])[O-]
mol_1781,Cc1cc(C)cc(NC(=O)CCC(=O)C2CCCC2=NNC(=O)C(=O)NN)c1
mol_1782,CC(=O)Oc1cc(OC(C)=O)c2c(c1C)CCC1C2CCC2(C)C(OC(C)=O)CCC12
mol_1783,N=C(NN=Cc1ccc(Cl)cc1Cl)C(=N)NN=Cc1ccc(Cl)cc1Cl
mol_1784,CC(=O)OC1CCC2OOC1O2
mol_1785,Cc1cc2c(cc1C(=O)CCC(=O)O)CC1(C2)Cc2cc(C)c(C(=O)CCC(=O)O)cc2C1
mol_1786,O=C1CC2c3[nH]c4ccccc4c3CCN2C2=C1CCCC2
mol_1787,COC(=O)N1C2C3CC4C2C4C3N1C(=O)OC
mol_1788,Cc1cccc(C2=NC(=C3CCCCC3)C(=O)O2)c1
mol_1789,Cc1cccc(O)c1-c1nnc(CCCCCCCCc2nnc(-c3c(C)cccc3O)n2N)n1N
mol_1790,NC(=S)C(=S)NC=C(c1ccc(Cl)cc1)S(=O)(=O)Cc1ccc(Cl)cc1
mol_1791,Cc1ccc(NC2=NC(=Cc3ccccc3)C(Cl)=N2)cc1
mol_1792,CCOC(=O)C1(C(=O)OCC)CCC(C(OC)OC)C(CC(=O)OC)C1
mol_1793,CC(=O)OCC1OC(n2c(-c3ccc(C)cc3)cc(-c3ccccc3)c(C#N)c2=O)C(OC(C)=O)C(OC(C)=O)C1OC(C)=O
mol_1794,CC(=O)Nc1ccc(S(=O)(=O)NN(C)S(=O)(=O)c2ccc(C)cc2)cc1
mol_1795,Cn1c(=O)[nH]c2sc3c(c2c1=N)CCCC3
mol_1796,CCOC(=O)C(=Cc1ccc(C)cc1)C(C)=O
mol_1797,Cl.NC1CC(=O)c2sc(I)cc21
mol_1798,COc1ccc(C=C2CCS(=O)(=O)c3ccc(C)cc3C2=O)cc1OC
mol_1799,O=C1C2C(C(=O)N1c1ccccc1)C(c1ccccc1)N(c1ccccc1)C2c1ccccc1
mol_1800,CC(=O)OCC1OC(n2c(=S)n(-c3ccccc3)c(=O)c3ccccc32)C(OC(C)=O)C(OC(C)=O)C1OC(C)=O
mol_1801,CC12CCC3C(CC4OC(=O)C35CCC(=O)C=C45)C1CCC2=O
mol_1802,O=C(NN1C(=O)C(Cl)C1c1ccc(O)cc1)c1ccccc1O
mol_1803,CCCC(=NNC(=S)N1CC2CCC(CC2)C1)c1ccccn1
mol_1804,CNC(=O)SC1=Nc2cc(Cl)ccc2S(=O)(O)=N1
mol_1805,O=C(CC(=O)n1nc(-c2ccccc2)c(N=Nc2ccccc2C(=O)O)c1-c1ccccc1)Nc1ccc(Cl)cc1
mol_1806,O=C1OC(C2OC(=O)c3cc(O)c(O)c(O)c3-c3c(O)c(O)c4oc(=O)c5c(c(O)c(O)c6oc(=O)c3c4c65)-c3c(cc(O)c(O)c3O)C(=O)OCC2O)C2OC(=O)c3c(c(O)c(O)c(O)c3C2O)-c2c1cc(O)c(O)c2O
mol_1807,O=C(CCNC12CC3CC(CC(C3)C1)C2)c1ccccc1
mol_1808,Cc1ccc(N2C(=S)N(c3ccccc3C)C3=C(N=Nc4ccccc4)C2=Nc2ccccc2N3)cc1
mol_1809,COc1ccc(-c2sc(N)c(C#N)c2C)cc1OC
mol_1810,Nc1c(SSc2ccc3ccccc3c2N)ccc2ccccc12
mol_1811,O=C(C[n+]1ccccc1)c1ccc(O)c(O)c1
mol_1812,CC1(C)C2CCC1C(SC(=N)N)C2.Cc1ccc(S(=O)(=O)O)cc1
mol_1813,Cc1ccc(C=NNc2cc(C)c3cccc(C)c3n2)s1
mol_1814,N=C(N)NS(=O)(=O)c1ccc(NC(=O)c2ccc3nc4ccccc4c(Nc4ccc(S(N)(=O)=O)cc4)c3c2)cc1
mol_1815,COC(=O)C1CCCC2C(CO)=C(C)C(=O)C12
mol_1816,O=[N+]([O-])C1=C[C-]2C(=[N+]([O-])C3(CCCCC3)[N+]2=O)C=C1
mol_1817,CC1Nc2c(ccc3ncccc23)C(=O)N1Nc1ccccc1
mol_1818,Cc1ccc(C=C(C#N)C(=O)c2ccccc2)cc1
mol_1819,COc1ccc(C)c2c1NC(C)(C1(C)Nc3c(OC)ccc(C)c3C1=O)C2=O
mol_1820,CCOP(=O)(OCC)C(C)(C)N(C)C(F)=NC(F)(F)F
mol_1821,COc1ccc(C=C(C#N)c2nc(-c3cc4ccccc4oc3=O)cs2)cc1
mol_1822,Cc1ccc(S(=O)(=O)c2ccc(NC(=O)SCCC(=O)O)cc2)cc1
mol_1823,Cc1ccc(S(=O)(=O)NC(=CC=Cc2ccccc2)C(=O)C(C)(C)C)cc1
mol_1824,N#CCCN(CCC#N)c1ccc(C=C2N=C(c3cc([N+](=O)[O-])ccc3Cl)N(S(=O)(=O)c3ccccc3)C2=O)cc1
mol_1825,NNC(=O)C(=Cc1cccc([N+](=O)[O-])c1)NC(=O)c1ccccc1
mol_1826,COc1ccc2c3c([nH]c2c1[N+](=O)[O-])C(C)N(Cc1ccccc1)CC3
mol_1827,CC1=C(C(=O)NC2CCCCC2)CC(C(=O)NC2CCCCC2)=C(C)N1
mol_1828,Cc1ccc2nc3nc(C)c(C)nc3nc2c1
mol_1829,COC(=O)C(C#N)=C1CCc2ccccc21
mol_1830,Cc1cc(N(CCC#N)CCC#N)ccc1C(N=Nc1ccc(Cl)cc1)=NNC(=O)c1ccccc1
mol_1831,CC12CCC(=O)C=C1CCC1C2CCC2(C)C(OC(=O)C34OC3CCC4=O)CCC12
mol_1832,CCOC1OC(c2ccccc2)=NS(=O)(=O)C1(C)C
mol_1833,O=C1c2ccccc2C(=O)c2c1sc1nc3ccccc3n21
mol_1834,CC(C)(C)c1ccc2c(c1)CNCCNCc1cc(C(C)(C)C)ccc1OCC1(CO2)COc2ccc(C(C)(C)C)cc2CNCCNCc2cc(C(C)(C)C)ccc2OC1
mol_1835,CCn1cc(C(=O)O)c(=O)c2cc(F)c(N3CCNCC3)nc21
mol_1836,N#CC(=Cc1c(O)ccc2ccccc12)c1ccc([N+](=O)[O-])cc1
mol_1837,CCn1c2ccccc2c2ccc3c(c21)C(=O)c1ccccc1C3=O
mol_1838,O=C(NCC(Cl)=CCl)Nc1c2ccccc2nc2ccccc12
mol_1839,N#CCC(=O)NCCc1c[nH]c2ccccc12
mol_1840,COC(=O)CCC1=NCC(C)(C)O1
mol_1841,CN(C)CCNc1c([N+](=O)[O-])sc2ccc(Cl)cc12
mol_1842,CC(NC(=O)OCc1ccccc1)NC(=O)OC(C)(C)C
mol_1843,O=C(NCCCCN(CCCNC(=O)C(F)(F)F)Cc1ccccc1)C(F)(F)F
mol_1844,CCCNC(=O)N(CCN(C)C)S(=O)(=O)c1ccc(Cl)cc1
mol_1845,C[N+](C)(C)CCC(=O)N1CC(=Cc2ccccc2)C(=O)C(=Cc2ccccc2)C1.[Br-]
mol_1846,CCCCC(=O)N1C(=O)C(=CN(C)C)c2cc(C=O)ccc21
mol_1847,O=C(OCC1CC2C(=O)CCCC2O1)c1ccccc1
mol_1848,Cc1cccc2c1c1ccc3c(c1n2C)C(=O)C=CC3=O
mol_1849,Cc1cccc2c(N)c3cccc(C(=O)NCCNCCN)c3nc12.Cl
mol_1850,N#COc1ccc(Oc2ccccc2)cc1
mol_1851,Cl.Cn1c2c(c3ccccc31)CCN(CCCN1CCN(c3ccccc3)CC1)C2=O
mol_1852,CC1=[N+]2[N-]C(N3CC4CCC(CC4)C3)=[S+][Fe-]2[n+]2ccncc21
mol_1853,CN(C)P1(=O)NCC(C(C)(C)C)CO1.CN(C)P1(=O)NCC(C(C)(C)C)CO1
mol_1854,Cc1cc(-c2cc(C)c(N)c(S(=O)(=O)O)c2)cc(S(=O)(=O)O)c1N
mol_1855,C=CCN(CC=C)C(=O)COc1cc2c(O)c3c(O)c(C)c4c(c13)C(=O)C(C)(OC=CC(OC)C(C)C(OC(C)=O)C(C)C(O)C(C)C(O)C(C)C=CC=C(C)C(=O)N2)O4
mol_1856,O=C(O)c1cscc1Cc1cccs1
mol_1857,CCOc1ccc(C2Oc3c(cccc3OC)C=C2[N+](=O)[O-])cc1OCC
mol_1858,COc1ccc(C(C#N)=C(N)SCc2ccccc2Cl)cc1
mol_1859,CC(NC(=O)OC(C)(C)C)C(=O)NC(Cc1ccccc1)C(=O)NCC(=O)O
mol_1860,Oc1cc(Br)cc2cc(Br)cnc12
mol_1861,C=CCn1c(N)c(C#N)c(C#N)c1CCC
mol_1862,COc1ccc(S(=O)(=O)NCCSSCCNS(=O)(=O)c2ccc(OC)cc2)cc1
mol_1863,CCc1ccc(C2=C(O)C(=O)C(c3ccc(CC)cc3)=C(O)C2=O)cc1
mol_1864,CCN1C(=O)C(=CNc2ccccc2)SC1=NNc1nc(-c2ccccc2)cs1
mol_1865,OCC(O)C1OCOC2COCOC21
mol_1866,O=C(O)C(CO)NC(=O)C1C(C(=O)O)C(c2ccccc2[N+](=O)[O-])C=C(c2ccco2)N1c1ccncc1
mol_1867,CCOC(=O)C1=NN(c2ccccc2)C(=O)C1=CN1C(=O)C(=Cc2cccc(O)c2)SC1=S
mol_1868,CC(=O)OCC1OC(Nc2nncs2)C(OC(C)=O)C1OC(C)=O
mol_1869,CC(=O)C1C(=O)C(=O)N(c2cccc([N+](=O)[O-])c2)C1=O.[NaH]
mol_1870,CCCCCCCCCCCCCCCC(=O)OC(COC(C)=O)CO[PH](=O)O
mol_1871,C=C(CCC=CCO)[Si](C)(C)C
mol_1872,N#CC1=C(N)C(C#N)(C#N)C2(CCCC2)C2CCC=C12
mol_1873,c1ccc([PH](CCC[PH](c2ccccc2)(c2ccccc2)c2ccccc2)(c2ccccc2)c2ccccc2)cc1
mol_1874,N#Cc1cccc(N2C(=O)c3c(c(-c4ccccc4)c(-c4ccc(Sc5ccc(-c6c(-c7ccccc7)c7c(c(-c8ccccc8)c6-c6ccccc6)C(=O)N(c6cccc(C#N)c6)C7=O)cc5)cc4)c(-c4ccccc4)c3-c3ccccc3)C2=O)c1
mol_1875,Cc1ccc(OCC2OC(n3cnc4c(Cl)nc(Nc5cc(Cl)cc(Cl)c5)nc43)CC2Oc2ccc(C)cc2)cc1
mol_1876,O=C(O)C(SSC(C(=O)O)(c1ccccc1)c1ccccc1)(c1ccccc1)c1ccccc1
mol_1877,COc1cc2cc(C(=O)N3CC(CCl)c4c3cc(NC(=O)C(C)Nc3c([N+](=O)[O-])cc(C(=O)NCCN(C)C)cc3[N+](=O)[O-])c3ccccc43)[nH]c2c(OC)c1OC.Cl
mol_1878,Nc1ccc2c(c1)C(=P(c1ccccc1)(c1ccccc1)c1ccccc1)c1ccccc1-2
mol_1879,CC1CCC2(NC1)OC1CC3C4CC=C5CC(OC6OC(CO)C(OC7OC(C)C(O)C(O)C7O)C(O)C6OC6OC(C)C(O)C(O)C6O)CCC5(C)C4CCC3(C)C1C2C
mol_1880,CCOC(=O)c1c(-c2ccccc2)oc(=O)c(Cc2cccc3cccnc23)c1-c1ccccc1
mol_1881,COc1ccc(C=C2N=C(c3ccccc3)N(Nc3nnc(NN4C(=O)C(=Cc5ccc(OC)cc5)N=C4c4ccccc4)c4ccccc34)C2=O)cc1
mol_1882,CN(N=Cc1ccnc2ccccc12)c1c([N+](=O)[O-])cc([N+](=O)[O-])cc1[N+](=O)[O-]
mol_1883,COc1ccc(N=c2ssc(SC)c2-c2ccccc2)cc1
mol_1884,O=C(C=Cc1ccccc1Br)c1ccccc1
mol_1885,CN(C)c1ccc(C=C(NC(=O)c2ccccc2)c2nc3ccccc3c(=O)o2)cc1
mol_1886,OCC12CCC(n3cnc4c(O)ncnc43)C1C2
mol_1887,CC1CC2C3CCC4=CC(=O)C=CC4(C)C3(F)C(O)CC2(C)C1=O
mol_1888,c1ccc(N2N=NC3C4CC(C32)C2C4N=NN2c2ccccc2)cc1
mol_1889,O=C(O)CN(CC(=O)O)C(C(=O)O)c1ccccc1
mol_1890,O=C1CC(c2ccccc2)n2c(nc3ccccc32)N1
mol_1891,CC12CCCC1C1CC=C3CC(S)CCC3(C)C1CC2
mol_1892,CC(C)C1COC2OC(C)C(C)C(=O)N21
mol_1893,CC(=O)c1cccc(N2COC(C)(C)c3nc4ccccc4n3C2)c1
mol_1894,CC(C)=CCCC(C)C1=C(O)C(=O)C(C)=C(Nc2ccccc2)C1=O
mol_1895,Cc1ccc(NC(=O)CCc2cc(C(C)(C)C)nc(S)n2)cc1C
mol_1896,CN1C(=O)C(=Nn2c(-c3ccccc3)nc3ccccc3c2=O)c2cc(Br)ccc21
mol_1897,COC(=O)C(Cc1ccc(N(C)C)cc1)(NC(=O)c1ccccc1)P(=O)(OC)OC
mol_1898,CCCCCCCCCCCCCC(=O)NCC(=O)NC(CO)C(=O)NC(CO)C(=O)NC(CCCCN)C(=O)NC(CO)C(=O)NC(CCCCN)C(=O)N1CCCC1C(=O)NC(CCCCN)C(=O)NC(CC(=O)O)C(=O)N1CCCC1C(=O)NC(CO)C(=O)NC(CCC(N)=O)C(=O)NC(CCCNC(=N)N)C(=O)NC(CCCNC(=N)N)C(=O)NC(CCCNC(=N)N)C(=O)NC(Cc1ccc(O)cc1)C(N)=O
mol_1899,COc1ccc(C2=C(N)c3cc(OC)ccc3C2=O)cc1
mol_1900,CN1CCC(OC(=O)Oc2ccccc2)(c2ccccc2)CC1
mol_1901,O=C1Nc2ccccc2C1=NNc1nc(-c2ccccc2)cs1
mol_1902,O=CNc1cccc2c(O)nnc(O)c12
mol_1903,C=Cc1cc[n+](CCCCCC[n+]2ccc(C=C)cc2)cc1
mol_1904,O=C1NNC2(C(=O)N1)c1ccccc1-c1ccccc12
mol_1905,CCOC(=O)NP(=O)(NNc1ccccc1)NNc1ccccc1
mol_1906,COc1ccc(N2C(=O)CC(c3c[nH]c4ccccc34)C2=O)cc1
mol_1907,NC(=O)C(N)CC12CC3CC(CC(C3)C1)C2.O=S(=O)(O)O
mol_1908,CSc1nc2c(c(N(C)C)n1)C=Nn1c(nc3ccccc31)S2
mol_1909,CC(CN1C(=O)c2ccccc2C1=O)=NNS(=O)(=O)c1ccccc1
mol_1910,COc1c2c(c(OC)c3c(=O)cc(CC(=NNC(=O)C[n+]4ccccc4)C(=O)Nc4cc(C)ccc4C)oc13)OCO2.[Cl-]
mol_1911,CC1(O)CC2C(CC1SCc1ccccc1)C2(C)C
mol_1912,O=C(c1ccc([N+](=O)[O-])cc1)c1no[n+]([O-])c1C(=O)c1ccc([N+](=O)[O-])cc1
mol_1913,CCCCCC(C=CC1CCC(=O)C1CC#C[Si](C)(C)C)OCc1ccccc1
mol_1914,Nc1ncnc2c1ncn2C1CCC(COP(=O)(O)O)O1.[LiH]
mol_1915,CC(=O)Nc1ccc(-c2nnc(SCC(=O)Nc3ccc(Cl)cc3Cl)o2)cc1
mol_1916,COC1=C(N)C(=O)c2ncccc2C1=O
mol_1917,O=[N+]([O-])c1ccc2c(c1)Sc1ccccc1N2CCCCCl
mol_1918,CCN(CC)CCN(C)c1ccc(C=Cc2ccnc3ccccc23)cc1.O=C(O)C=CC(=O)O
mol_1919,CCOP(=O)(OCC)OC1CC(n2cnc3c(N(CC)CC)ncnc32)OC1CO[Si](C)(C)C(C)(C)C
mol_1920,C=CCn1c(=S)[nH]c2c(Cl)cc(Cl)cc2c1=O
mol_1921,COc1ccc(NC(=O)c2oc3cc(O)ccc3c(=O)c2C)c([N+](=O)[O-])c1
mol_1922,NCC1(N2CCOCC2)C2CCCC21CNc1ccccc1
mol_1923,Nc1cc(Cl)ccc1SSc1ccc(Cl)cc1N
mol_1924,CCOc1ccc2nc(NC(=O)CC(C)=O)sc2c1
mol_1925,Cc1cccc(Nc2cn(COCc3ccccc3)c(=O)[nH]c2=O)c1
mol_1926,Cc1cc(Cl)ccc1NC(=O)C1C(=O)N(c2ccc(Cl)cc2C)C(=O)C1=NNC(N)=S
mol_1927,O=[As](O)(O)c1cc(N=Nc2ccc(-c3ccc(N=Nc4cc([As](=O)(O)O)c(O)cc4O)cc3)cc2)c(O)cc1O
mol_1928,O=C1OC(c2ccccc2)=NC1=CC=Cc1ccco1
mol_1929,CCCc1cc(=O)oc2c3c(cc(OCC)c12)OC(C)C(C)C3=O
mol_1930,CC(C)N(C(=O)c1cccc(C(=O)N(C(C)C)C(C)C)c1)C(C)C
mol_1931,CCCCC(CC)CO[Si](OCC(CC)CCCC)(OCC(CC)CCCC)OCC(CC)CCCC
mol_1932,CC(=O)Nc1ccc2c(C)c3c(nc2n1)[nH]c1ccccc13
mol_1933,COc1cccc2c1OC1c3ccccc3OCC1(O)C2
mol_1934,N=C1c2ccccc2C(=O)c2c(NCCNCCO)ccc(O)c21
mol_1935,CSc1c(C(N)=O)c2c(N)ncnc2n1C1OC(CO)C(O)C1O
mol_1936,O=C1c2c(O)cccc2C(C2OC(CO)C(O)C(O)C2O)c2cc(CO)cc(O)c21
mol_1937,COc1cc(C(=O)CC(CCC(=O)Nc2ccccc2[N+](=O)[O-])=NNC(=O)C(N)=O)ccc1O
mol_1938,c1ccc(CN2CCc3[nH]c4ccccc4c3C2)cc1
mol_1939,COCCOc1cc(C)cc(C=C(C)C=CC2=C(C)CCCC2(C)C)n1
mol_1940,Cc1nc2c(nc1C)C(=O)C(Br)=C(N)C2=O
mol_1941,NC(=O)NN=C1CC2CCCCC2C1
mol_1942,CCOC(=O)C(=O)C=C(C)Nc1c(O)nc(SC)nc1NC1OCC(OC(C)=O)C(OC(C)=O)C1OC(C)=O
mol_1943,C[N+]12C=CC=C1C(N1CCCC1)c1scc(-c3ccc(Br)cc3)c12.[I-]
mol_1944,C1CCc2nnnn2CC1
mol_1945,CCOC(=O)C(CO)(CC(CO)(C(C)=O)C(=O)OCC)C(C)=O
mol_1946,OC12CCC[N+]1(Cc1ccccc1)CCC2.[O-][Cl+3]([O-])([O-])O
mol_1947,O=C(NN=C(c1nc2ccc(Cl)cc2nc1O)C(O)c1ccccc1Cl)c1ccncc1
mol_1948,CC1Cn2c(nnc2-c2ccccc2O)S1
mol_1949,Cc1c(N=Nc2ccc(Cl)cc2)c(C)n(C2OC(CO)C(O)C(O)C2O)c(=S)c1C#N
mol_1950,COc1cccc2c1C1OC(=O)NC1CCCCC2
mol_1951,CC(C)C(Cl)=NOC(=O)Nc1ccccc1F
mol_1952,O=C(NC(CCCCN1C(=O)c2ccccc2C1=O)P(=O)(Oc1ccccc1)Oc1ccccc1)OCc1ccccc1
mol_1953,COC(=O)C1=Cc2cc(OC)c(O)cc2C(c2ccc(O)c(OC)c2)C1C(=O)OC
mol_1954,O=C1NC(=O)C(=Cc2ccccc2Br)C(=O)N1
mol_1955,CCOC(=O)C(CC(=O)OC)NC(=O)C(CC(=O)OC)NC(=O)C(CC(=O)OC)NC(=O)C(CC(=O)OC)NC(=O)OCc1ccccc1
mol_1956,CSP(=S)(SC)SC(C)c1ccc(C)cc1
mol_1957,CC(=O)NNC(=S)NC=C1C(=O)N(c2ccccc2)N=C1C
mol_1958,CCn1c(=O)ccc2ccc(N(CCO)CCO)nc21
mol_1959,CN(C)CCC(C=Cc1ccccc1)=NNc1ccc(Cl)c(Cl)c1.Cl
mol_1960,Cc1ccccc1N=Nc1c(S(=O)(=O)O)cc2cc(NC(=O)Nc3ccc4c(O)c(N=Nc5ccc6cc(S(=O)(=O)O)ccc6c5)c(S(=O)(=O)O)cc4c3)ccc2c1O
mol_1961,Cc1cn(C2CCC(=O)C2)c(=O)[nH]c1=O
mol_1962,COC(=O)C(C(=O)C(=O)Nc1cccc(O)c1)c1nc2ccc(Cl)cc2nc1O
mol_1963,O=C1OC2CS(=O)CC2O1
mol_1964,C1CCC(OCC2(COC3CCCCO3)CCCCO2)OC1
mol_1965,CC(C)C(OC(=O)c1ccc(NCC2=CC(=O)C=CC2=O)cc1)C(C)C
mol_1966,COc1cc(Br)c(CC2=NCCc3cc(OC)c(OC)cc32)cc1OC
mol_1967,O=C1c2ccccc2C2(c3ccc(Cl)cc3)NCc3ccccc3CN12
mol_1968,COC1C=COC2(C)Oc3c(C)c(O)c4c(O)c(c(C=NNC(=O)C(CO)(c5ccccc5)c5ccccc5)c(O)c4c3C2=O)NC(=O)C(C)=CC=CC(C)C(O)C(C)C(O)C(C)C(OC(C)=O)C1C
mol_1969,Cn1c2c(c3ccccc31)CCN=C2C1CCCOC1=O
mol_1970,COC(=O)C1(C(=O)OC)Cc2ccc(C)cc2C2=C1C(=O)c1ccccc1C2=O
mol_1971,Cc1ccc(C)n1-c1ccccc1C1C=Cn2c(=O)oc3c(OC(C)C)c(OC(C)C)c(O)c1c32
mol_1972,COCCN(C(=O)c1ccccc1)C1CCC2(SCCS2)c2[nH]c3ccccc3c21
mol_1973,CCOC(=O)NP(=O)(NC(=O)NOC)NC(=O)NOC
mol_1974,COc1ccc(-c2c(C3=NCCCN3)nnn2-c2ccc(Cl)cc2)cc1
mol_1975,CCOC(=O)C(NC(=O)C(CCCCNP(=O)(OCC)OCC)NC(=O)C(C)NC(C)=O)C(C)C
mol_1976,S=c1sc2c(s1)SCCCCSCCCCSc1sc(=S)sc1SCCCCSCCCCS2
mol_1977,COc1ccc(CC2Cc3cc(OC)c(OC)cc3CN2C)cc1.Cl
mol_1978,COc1ccc(C2SCC(=O)N2NC2=NC(=O)CC(=O)N2)cc1
mol_1979,C=C1C(=O)OC(c2ccoc2)CC1C1(C)CCCC2(C)C(=O)OCC21
mol_1980,CC(C)SSC(=O)N1CCCC1C(=O)O
mol_1981,CC1C(c2ccccc2)[OH+][B-]([FH+])(c2ccccc2)N1C
mol_1982,C[c-]1nc2ccccc2c(C(=O)NO)[n+]1=O
mol_1983,CCCN1CN(c2ccccc2)C2(CCN(CCCC(=O)c3ccc(F)cc3)CC2)C1=O.Cl
mol_1984,OC(Cc1cc(CC(O)(C(F)(F)F)C(F)(F)F)nc(CC(O)(C(F)(F)F)C(F)(F)F)c1)(C(F)(F)F)C(F)(F)F
mol_1985,CC(=O)C1(c2ccccc2)CCCN(C)CC1
mol_1986,CCOC(=O)Cc1nc(C(C#N)=Cc2ccco2)nc(O)c1C#N
mol_1987,Cc1cc(C)c(C2C3C(=O)N(c4ccc(Cc5ccc(N6C(=O)C7ON(c8ccccc8)C(c8c(C)cc(C)cc8C)C7C6=O)cc5)cc4)C(=O)C3ON2c2ccccc2)c(C)c1
mol_1988,Cl.Cn1cc(N)cc1C(=O)Nc1ccc(S(=O)(=O)O)c2cc(S(=O)(=O)O)ccc12.[NaH]
mol_1989,CCOC(=O)c1nc2cc(C(F)(F)F)ccc2nc1Oc1ccc(C#N)cc1
mol_1990,Cc1ccc(C)c(COCCOCn2c(=O)[nH]c(=O)c3cc(Br)ccc32)c1
mol_1991,CSc1nc2c3ccccc3ccn2c1C(=O)NN=Cc1ccccc1
mol_1992,COc1cc(CC(=O)c2ccc3c(c2)OCO3)cc(OC)c1OC
mol_1993,CNc1nc(SC)nc2c1c(=N)[nH]n2C
mol_1994,FC1(F)ON2CCc3ccccc3C2C1c1ccccc1
mol_1995,CC(=O)NNC(=S)NC=Cc1nc2ccccc2nc1O
mol_1996,CCOC(=O)C(C(=O)c1ccccc1)=[N+]1c2ccccc2S[C-]1C
mol_1997,[Se]=P(c1ccccc1)(c1ccccc1)c1ccc(C(c2ccccc2)=P(c2ccccc2)(c2ccccc2)c2ccccc2)cc1
mol_1998,[CH2-][Pd-2]1([CH2-])[n+]2cccc3ccc4ccc[n+]1c4c32
mol_1999,Cc1ccc(NC(=O)CCc2nc(N)nc(N)c2-c2ccccc2)cc1C
mol_2000,CC(=O)Oc1c2c(cc3c1C(=O)NC1C3=CC(O)C(OC(C)=O)C1OC(C)=O)OCO2
mol_2001,CCN(CCCl)CCCCNc1c2ccccc2nc2ccc(OC)cc12.Cl
mol_2002,CN(C)C1C(CO)OC(n2cnc3c(N)ncnc32)C1O
mol_2003,CC(=O)Nc1ccc(C=c2sc3nnc(C=Cc4ccccc4)n3c2=O)cc1
mol_2004,Cc1cc(=O)n2c(nc3ccccc32)s1
mol_2005,CCC1(Cc2ccc(OC)c(OC)c2)[CH-][N+](=O)OC(OCc2ccccc2)C1OC(C)=O
mol_2006,COC(=O)C1Cc2c([nH]c3ccccc23)-c2[nH]c3ccccc3c2CC(NC(C)=O)C(=O)N2CCCC2C(=O)N1
mol_2007,CC(C)(NO)C(=NO)c1ccco1
mol_2008,C=CCCC(O)c1cc(C)c(O)c(C)c1
mol_2009,CCOP(=O)(Cc1nc(C#N)c(N)o1)OCC
mol_2010,O=C(OCCN1CCSCC1)C(O)(c1ccccc1)c1ccccc1
mol_2011,CCOC(=O)C1=C(C)NC(=O)NC1c1ccccc1
mol_2012,Cc1nc(C)c(C(=O)NNC(N)=S)cc1C(=O)NNC(N)=S
mol_2013,CCOCCOCCCNCC(=O)N1CCN(C(=O)CNCCCOCCOCC)CC1
mol_2014,CC1(C)CC2(C)OC(=N)C1(C#N)C2(C#N)C#N
mol_2015,CSC(=S)CC(O)C1CC2c3ccccc3C1c1ccccc12
mol_2016,CC(=O)CC(c1ccc2c(c1)OCO2)c1c(O)c2ccccc2oc1=O
mol_2017,CCOC(=O)c1nc2cc(C(F)(F)F)ccc2nc1Nc1cc(OC)c(OC)c(OC)c1
mol_2018,CC(CCc1ccccc1)NCC(O)n1c(N=NN(C)C)nc2c1c(=O)n(C)c(=O)n2C
mol_2019,Cc1[nH]c2ccc([N+](=O)[O-])cc2c1CC(CC[N+](=O)[O-])[N+](=O)[O-]
mol_2020,NC(=O)NC(=O)c1cccs1
mol_2021,CCOc1ccc(C=Cc2ccnc3ccccc23)cc1OCC
mol_2022,CC(C)NC(=NC#N)NS(=O)(=O)c1cnccc1Nc1ccc(Cl)cc1
mol_2023,O=c1oc2ccccc2c(O)c1C(c1ccc(C(c2c(O)c3ccccc3oc2=O)c2c(O)c3ccccc3oc2=O)cc1)c1c(O)c2ccccc2oc1=O
mol_2024,C=C(CS(=O)(=O)c1ccccc1)C(=O)OCC
mol_2025,CCCCS(=O)CCC(N)C(=O)O
mol_2026,CC1(C)NC(=O)C2(CC(OC(=O)c3ccccc3)C=C2C=O)O1
mol_2027,Cc1ccccc1C(C#N)C(=NNC(N)=S)C(=O)Nc1c(C)cccc1C
mol_2028,Cl.NCCCN(CCCN)CCCNCc1c2ccccc2c(CNCCCN(CCCN)CCCN)c2ccccc12
mol_2029,COc1ccc2nc3cccc([N+](=O)[O-])c3c(NCCNCCO)c2c1
mol_2030,O=CNC=Cc1ccccc1
mol_2031,Nc1snc2ncccc12
mol_2032,O=C1CCCC2(CCCC(O)C2)N1
mol_2033,CCOC(=O)c1nc2ccccc2nc1NCc1ccc(OC)c(OC)c1
mol_2034,COC12CCCN1c1ccn(Cc3ccccc3)c(=O)c1C2=O
mol_2035,C#CCN1C(=O)c2ccccc2S1(=O)=O
mol_2036,O=C(Cn1cc[n+](CC(OCc2ccc(Cl)cc2Cl)c2ccc(Cl)cc2Cl)c1)c1ccc(F)cc1
mol_2037,CC12ON=C(c3ccccc3)N1C=CN1C(c3ccccc3)=NOC12
mol_2038,CN(C)S(=O)(=O)N1C(=O)c2ccccc2C1=O
mol_2039,CN1CCN(Cc2cc3c(nn2)-c2ccccc2C3=O)CC1
mol_2040,CN(C)c1ncnc2c1ncn2C1OC(CO)CC1F
mol_2041,Cc1c2ccccc2n[c-](CSC#N)[n+]1=O
mol_2042,O=C(C=Cc1ccccc1Cl)c1ccc(Cl)c(Cl)c1
mol_2043,C=C1C(OO)OC2OC3(C)CCC4C(C)CCC1C24O3
mol_2044,COC(=O)Nc1cn2ccsc2n1
mol_2045,O=C(O)c1cscc1-c1cccc2ccccc12
mol_2046,COc1ccc(NC(=O)CCC(CC(=O)c2ccco2)=NNC(=O)C(N)=O)cc1
mol_2047,O=C(O)C1CC(O)CN1S(=O)(=O)Cc1ccccc1
mol_2048,NS(=O)(=O)c1ccc(NC(=O)c2cccc3c(=O)c4ccccc4[nH]c23)cc1
mol_2049,Cl.O=C(CCN1CCCC1)CC(c1ccccc1)c1c(O)c2ccccc2oc1=O
mol_2050,CC1=C(C)C1[N+](=O)[O-]
mol_2051,O=C(N1CCCCC(Cl)(Cl)C1=O)C(Cl)(Cl)Cl
mol_2052,COc1c(C(=O)c2cc(Cl)cc(S(=O)(=O)N(C)C=O)c2OC)cc(Cl)cc1S(=O)(=O)N(C)C=O
mol_2053,Cc1cc(N=Nc2ccccc2)ccc1NCS(=O)(=O)O
mol_2054,CCOC(=O)NNC(=O)NCCNC(=O)NNC(=O)OCC
mol_2055,NC(CSC=CC(=O)O)C(=O)O
mol_2056,COc1cc(C=C2C=Cc3ccccc32)ccc1N(C)C
mol_2057,CN1C(=O)C2N(N(C)C1=O)C1(Br)C(=O)NC(=O)C21Br
mol_2058,CC1(c2ccccc2)Sc2ccccc2-n2cccc2C1=O
mol_2059,CCCCCCCCCCCC(=O)OCCOCCOCCOCCOCCOCCOCCOCCOCCO
mol_2060,CCOC(=O)c1nc2ccc(Cl)cc2c2c1CCO2
mol_2061,CCOC(=O)c1c(C)[nH]c(C(=O)C(N=O)C(=O)OCC)c1C
mol_2062,COc1ccc(S(=O)(=O)c2ccc(C(=O)O)cc2)cc1
mol_2063,OC1CN=C2c3ccccc3C(O)(c3ccc(Cl)cc3)N2C1
mol_2064,Cc1c(COC(=O)NC(C)C)c(COC(=O)NC(C)C)c2n1CS(=O)(=O)C2
mol_2065,NC(=O)C(=O)C(c1ccccc1)S(=O)(=O)Cc1ccccc1
mol_2066,CC(C)(C)CC(C)(C)c1ccc(OCCOCC[N+](C)(C)Cc2ccccc2)cc1
mol_2067,Cc1nc2c(=O)n(-c3ccccc3)c(=O)n(-c3ccccc3)c2o1
mol_2068,C=C(c1ccc(OC)c(OC)c1)c1nccc2cc(OC)c(OC)cc12
mol_2069,C[Si](C)(C)C=CCCNC=O
mol_2070,Ic1ccc(C=C2C=Cc3ccccc32)cc1
mol_2071,C=C1C(=O)OC2CC(C)C(C(CC(C)=O)OC(C)=O)=CCC12
mol_2072,O=C1C(=Cc2ccc(Cl)cc2)NC(=S)N1CN1CCOCC1
mol_2073,O=C1Oc2ccccc2C(=O)C1=CN1C(=O)C(=Cc2ccccc2)NC1=S
mol_2074,O=C1Nc2ccc([N+](=O)[O-])cc2NC1=CC(=O)c1ccccc1
mol_2075,COc1ccc2[nH]cc(CN3CCC(CO)(c4ccccc4)CC3)c2c1
mol_2076,CCCCN1C(=N)C2(C#N)C(CCC)C(CC)C1C2(C#N)C#N
mol_2077,O=c1c(=Cc2ccccc2[N+](=O)[O-])sc2nnc(-c3ccco3)n12
mol_2078,CC(C)=CCCC(C)C1=C(O)C(=O)C(C)=C(Nc2ccccc2I)C1=O
mol_2079,CC(C)(C)c1cc(C(P(=O)(c2ccccc2)c2ccccc2)P(=O)(c2ccccc2)c2ccccc2)cc(C(C)(C)C)c1O
mol_2080,Nc1nc(S)nc2nc3c(c(-c4ccccc4)c12)CCCC3
mol_2081,C=C1CCCCCCCCCCC12SCCCS2
mol_2082,CC(=O)N1C(=O)C(=O)c2ccccc21
mol_2083,BC(=O)NC(CC(C)C)C(=O)NC1c2ccsc2C(=O)C1O.CN(C)C
mol_2084,Cc1nc2c(Br)cc(Br)cc2c(=O)n1-c1ccccc1NC1OCC(O)C(O)C1O
mol_2085,CC(=O)N1C(Nc2cnc3ccccc3c2)CCN1c1ccccc1
mol_2086,Cc1cccc(-c2nc3sc(-c4cccc(C)n4)nc3s2)n1
mol_2087,CC1(C)OC(C#N)CC(CCl)O1
mol_2088,N#CC(=Cc1ccc(O)c(O)c1)C(=O)NCc1cccc(CNC(=O)C(C#N)=Cc2ccc(O)c(O)c2)c1
mol_2089,Cl.O=C1c2ccccc2C(=O)N1CCc1ncc(-c2ccccc2)[nH]1
mol_2090,C=CCN(N=O)C(=O)NCCCCC(NC(C)=O)C(=O)NCc1ccccc1
mol_2091,CN(C)C(=O)C(NCCO)c1ccccc1
mol_2092,COC(=O)C1=CCC2C(C(=O)OC)CCC2(C)CC(O)=C1C(=O)OC
mol_2093,CC1CC2C3CCC4=CC(=O)C=CC4(C)C3(F)C(O)CC2(C)C1(O)C(=O)CO.O=C(Nc1cccc2c(OC(=O)C(Cl)Cl)c(N=Nc3ccc(S(=O)(=O)Nc4nccs4)cc3)cc(N=Nc3ccc(S(=O)(=O)Nc4nccs4)cc3)c12)C(Cl)Cl
mol_2094,COC(=O)NNC(c1ccc(Cl)cc1)c1ccc(Cl)cc1
mol_2095,OC1C2CN3CCN(C2)CC1(c1ccccc1)C3
mol_2096,CCOC(=O)C(C)c1nc2cc3cccnc3c(Cl)c2nc1O
mol_2097,CC(=O)OCC1OC(n2cc(F)c(=O)[nH]c2=O)C(NC(=O)N(CCCl)N=O)C(OC(C)=O)C1OC(C)=O
mol_2098,CC(=O)OCC1OC(n2c(-c3ccccc3)c(C(C)=O)c(-c3ccc(Cl)cc3)c(C#N)c2=S)C(OC(C)=O)C(OC(C)=O)C1OC(C)=O
mol_2099,N[Ru-4](N)(N)(Cl)(Cl)Cl
mol_2100,Cc1cc(N(CCCl)CCCl)ccc1N=O
mol_2101,CC(=O)Nc1ccc(Nc2nc(O)nc(O)n2)cc1
mol_2102,CCN(CC)CSc1nc2ccccc2o1
mol_2103,CC(=O)N(c1ccccc1)C1(c2nnnn2C2CCCCC2)CCN(Cc2ccccc2)CC1
mol_2104,Cn1c(=O)c(-c2ccccc2)c(N=[N+]=[N-])c2ccccc21
mol_2105,CC1=NN(C(=O)c2ccccc2)C(C)C1N=Nc1ccccc1C(=O)O
mol_2106,COc1cccc(NC(=O)CC(=O)n2nc(C)c(N=Nc3ccccc3F)c2C)c1
mol_2107,CC(C)OP(=O)(OC(C)C)c1ccc2c(c1)OCCOCCOCCOCCO2
mol_2108,CCOC1N(C2CC(N=[N+]=[N-])C(CO)O2)C(=O)NC(=O)C1(C)Cl
mol_2109,CCC(=NO)c1ccc(Br)s1
mol_2110,CCOC(CCCN1CCC2(CC1)C(=O)N(C)CN2c1ccccc1)(OCC)c1ccc(F)cc1
mol_2111,N#CC(=Cc1cc(O)c(O)c(Br)c1)C(=O)NCCCNC(=O)C(C#N)=Cc1cc(O)c(O)c(Br)c1
mol_2112,CCCCn1c(-c2ccccc2)csc1=NN=C1C=C(C(C)(C)C)C(=O)C(C(C)(C)C)=C1
mol_2113,CCOC(=O)c1ccc(N=C2C(=S)N(c3ccc(C(=O)OCC)cc3)C(=N)N2N=Cc2ccccc2)cc1
mol_2114,Cc1ccccc1C(C#N)C(=NNC(=O)C(=O)NN)C(=O)Nc1cccc(C(F)(F)F)c1
mol_2115,Oc1c(NCn2nc(CCCCCCCCc3nn(CNc4ccc5ccccc5c4O)c(=S)o3)oc2=S)ccc2ccccc12
mol_2116,CN(C)CCN1C(=O)c2c(c3cccn3c3c2cnn3-c2ccccc2)C1=O
mol_2117,O=c1oc2ccc([N+](=O)[O-])cc2cc1Br
mol_2118,COc1ccc(C(=O)C(c2ccc(OC)cc2)C2(O)C(=O)Nc3c2ccc(Cl)c3C)cc1
mol_2119,COc1c(Cc2cc(Cl)cc(S(=O)(=O)N(C)C)c2OC)cc(Cl)cc1S(=O)(=O)N(C)C
mol_2120,CCOC(=O)Cc1cc(=O)[nH]n(-c2ccccc2)c1=O
mol_2121,O=C(OC1CN2CCC1CC2)C(O)(C=Cc1ccccc1)c1ccccc1
mol_2122,CC(=O)NC(CC(C)C)C(=O)NC(Cc1ccccc1)C(=S)N1CCCC1
mol_2123,O=C(Nc1cc(Cl)c(Cl)cc1Cl)C(=O)C1C=CCS1(=O)=O
mol_2124,CC1(n2[nH]c(=O)n(-c3ccccc3)c2=O)Cn2c(=O)n(-c3ccccc3)c(=O)n2-c2ccccc21
mol_2125,[C-]#[N+]C1C2C(CCC1(C)O)C(C)([N+]#[C-])CCC2C1(C)CCC(C(C)(C)[N+]#[C-])O1
mol_2126,COC(=O)CCC(=O)C(CC(=O)OC)C(=O)CCC(=O)NCCc1ccccc1
mol_2127,CCC(F)(C(N)=O)C(=O)O
mol_2128,CCC(=NNS(=O)(=O)c1ccccc1)c1ccccc1
mol_2129,O=C(C=Cc1ccccc1)NCCC1(O)C(=O)Nc2ccccc21
mol_2130,CCOC(=O)C(=CNC(=S)Nc1c(C)cccc1C)C(=O)c1ccccc1
mol_2131,CC1=NC(=Cc2ccc(C=C3N=C(C)OC3=O)cc2)C(=O)O1
mol_2132,O=C(NP(=O)(Nc1ccccc1)Nc1ccccc1)N1CC1
mol_2133,CN(C)CC1C(OC(=O)C(O)(c2ccccc2)c2ccccc2)C2CCN1CC2
mol_2134,CCc1c(Cc2ccccc2)n(COCCCO)c(=O)[nH]c1=O
mol_2135,COc1ccc(S(=O)(=O)O)cc1N=NC(=NNc1cc(S(=O)(=O)O)ccc1OC)C(=O)Nc1ccccc1.[NaH]
mol_2136,N#CC(=Cn1c(=S)[nH]c2ccc([N+](=O)[O-])cc21)C(N)=O
mol_2137,CCCc1ccc(NCc2cc(OC)c(OC)c(OC)c2)cc1.Cl
mol_2138,OC1C2C3CCC(C3)C2C(O)C2C3CCC(C3)C12
mol_2139,Oc1c(C(O)c2ccccn2)ccc2ccccc12
mol_2140,O=C(O)c1ccc(-n2[se]c3ccccc3c2=O)cc1
mol_2141,CCC(C)(CC(=O)O)CC(=O)OCC12CCC(C(C)C)C1C1CCC3C4(C)CCC(OC(=O)CC(C)(CC)CC(=O)O)C(C)(C)C4CCC3(C)C1(C)CC2
mol_2142,[Cl-].c1ccc([P+](Cc2ccc(C[P+](c3ccccc3)(c3ccccc3)c3ccccc3)s2)(c2ccccc2)c2ccccc2)cc1
mol_2143,CC(=O)Oc1ccc(C=CC(=O)OCCCOC(=O)C=Cc2ccc(OC(C)=O)c(OC(C)=O)c2)cc1OC(C)=O
mol_2144,O=C(c1ccc(Cl)cc1Cl)C1C2C(=O)N(c3ccc(Cc4ccc(N5C(=O)C6ON(c7ccccc7)C(C(=O)c7ccc(Cl)cc7Cl)C6C5=O)cc4)cc3)C(=O)C2ON1c1ccccc1
mol_2145,O=C1C(=Cc2ccccc2)CCCC12C(c1ccccc1)N2Cc1ccccc1
mol_2146,N#CC1(C#N)C(c2ccc(C3C(C#N)(C#N)C3(C#N)C#N)cc2)C1(C#N)C#N
mol_2147,CN(C)C(=S)Oc1ccc2ccc(=O)oc2c1
mol_2148,O=[N+]([O-])c1ccc(Cc2ccc([N+](=O)[O-])cc2)cc1
mol_2149,COc1ccc(-c2nc(-c3cc4c(ccc5ccccc54)oc3=O)cs2)cc1
mol_2150,O=c1n(N=Cc2ccccc2)c(=O)n2n1C1C=CC2CC1
mol_2151,CCOC(=O)NC(=O)c1cn(CCN2CCN(c3ncnc4nc[nH]c34)CC2)c(=O)[nH]c1=O
mol_2152,CC(C)(C)OC(=O)NNCC(O)COc1ccccc1
mol_2153,COc1ccc(N=CC=CNc2ccc(OC)cc2)cc1
mol_2154,COc1ccc(C(=O)NC(=S)Nc2ccccc2)cc1
mol_2155,N#CC(NNC(=O)c1ccccc1O)c1c(O)ccc2ccccc12
mol_2156,O=C(OCC1CC2C(=O)OCCCC2O1)c1ccccc1
mol_2157,C=CC1(C)CCC2C(=CCC3C(C)(COC4OC(C(=O)O)C(O)C(O)C4O)C(O)CCC23C)C1.C=CC1(C)CCC2C(=CCC3C2(C)CC(O)C(O)C3(C)COC2OC(C(=O)O)C(O)C(O)C2O)C1
mol_2158,CC(=O)OCC1OC(OCCCOP(=S)(OCCC#N)OCC2OC(n3ccc(=N)[nH]c3=O)C(OC(=O)c3ccccc3)C2OC(=O)c2ccccc2)C(OC(C)=O)C(OC(C)=O)C1OC(C)=O
mol_2159,COCCOCCOC(=O)C(CO)(CC(CO)(C(C)=O)C(=O)OCCOCCOC)C(C)=O
mol_2160,OC1NC2Nc3ccccc3NC2NC1O
mol_2161,CNCS(=O)(=O)O
mol_2162,CN1C(=CC(=O)c2ccccc2)Nc2ccccc21
mol_2163,O=c1c2ccccc2c2nccn2c2ccccc12
mol_2164,I.O=C(O)c1ccccc1C=NNC1=NCCN1
mol_2165,Cc1cc(O)c(C(=O)CC2(O)C(=O)Nc3c(Cl)cc(Cl)cc32)c(=O)o1
mol_2166,CC(C)(C)c1cc2c(c(C(C)(C)C)c1O)CC(=O)O2
mol_2167,CCCCc1ccc(NC(=N)N)cc1.O=[N+]([O-])O
mol_2168,O=C(Cc1nc2ccccc2o1)C(=O)Nc1ccccc1C(F)(F)F
mol_2169,c1cc2ccc1C1NCCCN1CCN1CCCNC1c1ccc(cc1)C1NCCCN1CCN1CCCNC21
mol_2170,COc1ccc(C=NNc2ccc(S(=O)(=O)O)cc2)cc1.[NaH]
mol_2171,CCOC(=O)c1nc2ccc(C(F)(F)F)cc2nc1Nc1ccc(OC)c(OC)c1
mol_2172,CC1CC(c2ccccc2)=Nc2ccccc2S1(=O)=O
mol_2173,c1ccc2c(c1)SC1=C(SC(=C3SC4=C(S3)Sc3ccccc3S4)S1)S2
mol_2174,OCCN1CCN2C=C(C3CCCC4N(CCO)CCN34)CCC21
mol_2175,CCC1OC2C(CC=C(C)C)=C3OC(C)(O)C(C)(CC)C(=O)C3=C3OC(=O)C=C1C32
mol_2176,CC1(C)CC(=O)C(C(=O)C(=O)NC2=C(Cl)C(=O)c3ccccc3C2=O)C(=O)C1
mol_2177,O=C1c2ccccc2-c2c1c1ccccc1c(=O)n2Cc1ccccc1
mol_2178,CC(=O)N(N=Cc1ccc([N+](=O)[O-])cc1)c1ccccc1
mol_2179,O=c1[nH]nc(-c2ccccc2)n1N=Cc1cccnc1
mol_2180,CC1(C)CCC2(C(=O)OC3OC(CO)C(O)C(O)C3O)CCC3(C)C(=CCC4C5(C)CC(O)C(OC6OC(CO)C(O)C(O)C6O)C(C)(C(=O)O)C5CCC43C)C2C1
mol_2181,Cn1c(=O)c2nc3c(nc2n(C)c1=O)oc1ccccc13
mol_2182,COc1cc2c(c(Oc3ccc(C)cc3)c1)CN(C)CC2
mol_2183,O=S(=O)(O)c1cc(N=Nc2ccc(S(=O)(=O)c3ccc(N=Nc4cc(S(=O)(=O)O)c5cccnc5c4O)cc3)cc2)c(O)c2ncccc12.[NaH]
mol_2184,CN(C)c1ccc(C=C(C#N)C(N)=C(C#N)C#N)cc1
mol_2185,ClC1(Cl)C2CCOC21n1cnc2ccccc21
mol_2186,CCOC(=O)C(C[Si](C)(C)C)P(=O)(OCC)OCC
mol_2187,O=C(CC(O)c1cccnc1)CC(O)c1cccnc1
mol_2188,O=c1oc2c(ccc3occc32)c(N2CCCCC2)c1-c1ccccc1
mol_2189,CCOC(=O)c1nnc2sc(-c3ccccc3)nn12
mol_2190,O=P1(Nc2ccccc2)OCCCN1Cc1ccc(Cl)c(Cl)c1
mol_2191,c1ccc(CSCCC(SCc2ccccc2)SCc2ccccc2)cc1
mol_2192,CCCNC(=O)Cn1c(-c2ccccc2)cc2ccccc21
mol_2193,CC1=NC(=Cc2ccccc2Br)C(=O)O1
mol_2194,O=C(C=CC(=O)N1CCCC1)N1CCCC1
mol_2195,O=C(CCl)N1CCN(c2ccccn2)CC1
mol_2196,NC(=O)c1cccc(C2OC(CO)C(O)C2O)c1
mol_2197,CC(C)c1cc(C(C)C)c(S(=O)(=O)NN=C2CC3CCC2(C)C3(C)C)c(C(C)C)c1
mol_2198,O=c1ccc(=O)n(-c2ccc(Cl)cc2)[nH]1
mol_2199,C[Si](C)(C)C#CCOC=C1CC1
mol_2200,CN(C)C(=O)Nc1cc2c3c(c1)CCCN3CCC2
mol_2201,Nc1ncnc2c1ncn2C1OC(CO)C(O)C(O)C1O
mol_2202,CCOC(=O)c1cccc(=O)c(C(=O)OCC)c1
mol_2203,Cc1cccc(C)c1NC(=O)CCc1nnc2sc(=Cc3ccc(Cl)cc3)c(=O)n12
mol_2204,COc1ccc(C=Cc2ccc3ccccc3n2)cc1OC
mol_2205,O=C1C2ON=C(c3ccccc3[N+](=O)[O-])C2C(=O)N1c1ccc(Cc2ccc(N3C(=O)C4ON=C(c5ccccc5[N+](=O)[O-])C4C3=O)cc2)cc1
mol_2206,O=C1c2cc3c(cc2NC(c2ccccc2F)C1O)OCO3
mol_2207,N#CC(C#N)=CN1CCCCC1
mol_2208,CC(C)(C)[Si](C)(C)OC1(CCc2ccccc2OS(=O)(=O)C(F)(F)F)CCCC=C1COCc1ccccc1
mol_2209,CC(C)=CC(=O)N1CC(C)Cn2c(=S)[nH]c3cccc1c32
mol_2210,COc1ccc2c(C)c(Oc3c(Cl)c(Cl)c(O)c(C#N)c3C#N)oc2c1
mol_2211,CC=CC1(OC(=O)c2ccccc2)CC2CCCCC21
mol_2212,O=[N+]([O-])C(C(Cl)=C(Cl)Cl)=C(Sc1ccccc1)N1CCOCC1
mol_2213,Nc1nc(Cl)cc(OCC2(CO)CC2)n1
mol_2214,O=C1C=C2C=CC3CC2(O1)C1CCCN31
mol_2215,CCOC(=O)c1nc2cc(C(F)(F)F)ccc2nc1Nc1ccc(F)cc1
mol_2216,O=C1OC(CC(=O)c2ccc(Cl)cc2Cl)C(Cl)=C1Cl
mol_2217,NC(=O)CC(NC(=O)C(Cc1ccccc1)NC(=O)C(CO)NC(=O)C(N)Cc1c[nH]cn1)C(=O)NC(CS)C(=O)NCC(=O)NCC(=O)NC(CCC(=O)O)C(=O)NC(Cc1ccccc1)C(=O)NC(Cc1ccccc1)C(=O)NC(Cc1ccc(O)cc1)C(=O)O
mol_2218,Cl.O=C(CCCN1CCC(Nc2ccccc2)(c2nnnn2C2CCCCC2)CC1)c1ccc(F)cc1
mol_2219,COc1ccc(C2c3cc4c(cc3OC3(OC)COC(=O)C23)OCO4)c(OC)c1
mol_2220,O=C(O)CC1NC(C(=Cc2ccccc2)NC(=O)c2ccccc2)OC1=O
mol_2221,Oc1cc(Cc2ccccc2)c(Cc2ccccc2)cc1O
mol_2222,NCCN(CCN)CCN
mol_2223,CCN(CC)CCOc1ccc(C(C#N)=C(c2ccccc2)c2ccccc2)cc1
mol_2224,N.O=C(O)c1cc(C(=CCC23CC4CC(CC(C4)C2)C3)c2cc(Cl)c(O)c(C(=O)O)c2)cc(Cl)c1O
mol_2225,COc1cc(C(=O)CC(CCC(=O)Nc2ccc(Cl)cc2Cl)=NNC(=O)C(N)=O)ccc1O
mol_2226,Cc1cn(C2CC(N=[N+]=[N-])C(COC(=O)C3C(C#N)CC4C5CCC6=CC(=O)C=CC6(C)C5C(O)CC43C)O2)c(=O)[nH]c1=O
mol_2227,CC1(C)SC(c2ccccc2C(=O)O)NC1CC(=O)O
mol_2228,Clc1ccccc1C(SCc1ccccc1)SCc1ccccc1
mol_2229,Cc1nc2c(=O)n(C)c(=O)n(C)c2nc1CCC(=O)O
mol_2230,Brc1ccc(C=NC23CC4CC(CC(C4)C2)C3)cc1
mol_2231,CC(=O)OCCN(C1=NCCN1)[N+](=Cc1ccc(C#N)cc1)[CH-]c1ccc(C#N)cc1.I
mol_2232,CCOC(=O)C1=NN(c2ccccc2)C(=O)C1=CNC(=S)Nc1ccccc1
mol_2233,NC(CCSSCCC(N)C(=O)O)C(=O)O
mol_2234,COc1ccc(C=C2CN(C)CC(=Cc3ccc(OC)c(OC)c3OC)C2=O)c(OC)c1OC.Cl
mol_2235,NC(=O)NN=C(CCC(=O)N(Cc1ccccc1)Cc1ccccc1)CC(=O)c1ccc(F)cc1
mol_2236,O=C(C=Cc1ccccc1)c1ccc(Oc2ccccc2)cc1
mol_2237,Cc1ccc(-c2n[nH]c(=O)n2N2C(=O)c3ccccc3C2=O)cc1
mol_2238,COc1ccc(C(c2ccccc2C(=O)O)c2ccc(OC)c3ccccc23)c2ccccc12
mol_2239,COc1cccc2c(NNc3ccccc3)c3ccc([N+](=O)[O-])cc3nc12
mol_2240,O=C(Oc1ccccc1)c1cccc(C(=O)Oc2ccccc2)c1
mol_2241,CCOP(=O)(OCC)C(=Cn1ccc(=O)[nH]c1=S)C(=O)OC
mol_2242,O=S(=O)(c1ccccc1)N1CCCC(c2ccccc2)CC1
mol_2243,ON=C1CCCCC(=NO)CCCC1
mol_2244,CCCCCCCN(O)CC1OC(n2ccc(=O)[nH]c2=O)C(O)C1O
mol_2245,CCOC(=O)c1c2cccccc-2nc1Nc1ccccc1N1C=CC(C)C(C(=O)OC)=C1C(=O)OC
mol_2246,Nc1ccnc(N)c1N=O
mol_2247,O=C1C(c2ccccc2)=C(c2ccccc2)C(c2ccc(Sc3ccc(C4=C(c5ccccc5)C(=O)C(c5ccccc5)=C4c4ccccc4)cc3)cc2)=C1c1ccccc1
mol_2248,O=C(OC1CCCCC1)c1cc(NC(=S)c2ccsc2)ccc1Cl
mol_2249,CC1(C)OC2OC(CO[Si](C)(C)C(C)(C)C)C(N=[N+]=[N-])C2O1
mol_2250,CC(CO)CCNc1ncnc2c1ncn2CCC(=O)OC(C)(C)C
mol_2251,Cc1ccc(S(=O)(=O)NC(=O)C2S(=O)(=O)OCCOS2(=O)=O)cc1
mol_2252,COc1ccc(-c2ccccc2)c2[nH]c3c(c12)CCNC3=O
mol_2253,Cc1ccc(NC(=O)C2C(=O)N(c3ccc(C)c(C)c3)C(=O)C2=NO)cc1C
mol_2254,O=C1OC(c2ccccc2)(c2ccccc2)c2sccc21
mol_2255,CCC1NC2CC3(C(=O)N(OC)c4ccccc43)C3CC1C2CO3
mol_2256,CCCCCCCCCC(=O)CC(=O)c1ccc(O)cc1O
mol_2257,N#CC(C(N)=O)C(CC(=O)c1ccccc1)c1ccccc1
mol_2258,CC(=O)OC1C(OC(C)=O)C(OC(C)=O)C2(CO2)C(OC(C)=O)C1OC(C)=O
mol_2259,O=C(NC(=Cc1ccc(Br)cc1)c1nc2ccccc2s1)c1ccccc1
mol_2260,FC(F)(F)C(F)(F)C(=NNc1ccccc1)SSC(=NNc1ccccc1)C(F)(F)C(F)(F)F
mol_2261,N#CC1CC12c1ccccc1C(=O)c1ccccc12
mol_2262,Cc1cc2c(C)nn(Cc3ccccc3Cl)c2c(C#N)c1C
mol_2263,CCn1c(N)c(N=O)c(=O)[nH]c1=O
mol_2264,Cc1cc(NS(=O)(=O)c2ccc(Nc3c4ccccc4nc4c(C(=O)N5CCN(CCO)CC5)ccc(Cl)c34)cc2)no1
mol_2265,CCOc1ccc(N=Cc2ccnc3ccccc23)cc1
mol_2266,Nc1nc(Cl)cc(NCC2(O)CCCC2)n1
mol_2267,COC1C=COC2(C)Oc3c(C)c(O)c4c(O)c(c(C=NNC5CCCCCCCCCCCCCC5)c(O)c4c3C2=O)NC(=O)C(C)=CC=CC(C)C(O)C(C)C(O)C(C)C(OC(C)=O)C1C
mol_2268,Clc1cc(I)c2c3c1ccc[n+]3[Ga-3]13([OH+]2)([OH+]c2c(I)cc(Cl)c4ccc[n+]1c24)[OH+]c1c(I)cc(Cl)c2ccc[n+]3c12
mol_2269,O=C1CS(=O)(=O)C(c2ccccc2F)N1N1C(=O)CS(=O)(=O)C1c1ccccc1F
mol_2270,Cc1c2c(n(CCc3ccccc3)c1C)N(C)N=C(C#N)S2(=O)=O
mol_2271,Cc1ncc2c(=O)c3c(oc2n1)c1ccccc1n3Cc1ccccc1
mol_2272,COc1ccc(C=C(C(C)=O)C(C)=O)cc1
mol_2273,CC1CCCN1c1ccnc2cc(Cl)ccc12
mol_2274,COc1ccc(SCc2cc(OC)c(OC)c(OC)c2)cc1OC
mol_2275,COc1cc2c(c(OC)c1OC)C(=O)C1C2N1C(=O)NCCCl
mol_2276,Cc1c(NC(=O)CSC(=S)N2CCN(Cc3ccccc3)CC2)c(=O)n(-c2ccccc2)n1C
mol_2277,CNc1ccc(Cl)cc1S(=O)(=O)c1ccccc1Br
mol_2278,Cc1c(S(=O)(=O)c2ccccc2)c(N)n(Cc2ccccc2)c1C
mol_2279,N=C(N)c1ccc(NC(=O)c2ccc(C(=O)Nc3ccc(C(=N)N)cc3)c(N)c2)cc1
mol_2280,CC(C)CCCCCCCCCCCCC(=O)NCC(=O)NC1C(C)OC(Nc2ncnc3c2ncn3C)C(O)C1O
mol_2281,CN=C(NNc1ccc([N+](=O)[O-])cc1)P(=O)(OC(C)C)OC(C)C
mol_2282,Cc1ccc2c(c1)C1(SC(C)C(=O)N1c1ccc(Br)cc1)C(=O)N2
mol_2283,CC(=O)C1C(c2ccccc2)C2(C)OC(=O)C(C#N)C12C
mol_2284,CCCCCCCCCCCCSS(=O)(=O)c1ccc(C)cc1
mol_2285,Cc1ccc(C=CC(=O)Oc2ccc(C=C3CCCC(=Cc4ccc(OC(=O)C=Cc5ccc(C)cc5)cc4)C3=O)cc2)cc1
mol_2286,NCCCOc1ccc(-c2c3ccc(cc4ccc([nH]4)c(-c4ccc(OCCCN)cc4)c4ccc(cc5ccc2[nH]5)n4)n3)cc1
mol_2287,Cc1ccccc1-n1c(=O)sc2c(=O)n(-c3ccccc3)c(=S)[nH]c21
mol_2288,O=Cc1c2ccccc2n2ccc3c4ccccc4[nH]c3c12
mol_2289,CC1=NN(c2ccccc2)C(=O)C12C(c1ccccc1)C2(C#N)C#N
mol_2290,COc1ccc(-c2cc(-c3ccc(C)cc3)n(C3OC(COC(C)=O)C(OC(C)=O)C(OC(C)=O)C3OC(C)=O)c(=S)c2C#N)cc1
mol_2291,COC(=O)c1c2c(cc3c1CC1(C3)Cc3ccc4c(c3C1=O)CCC4)CCC2
mol_2292,CCOC(=O)c1ccc(NC(=O)Nc2cc(C)ccn2)cc1
mol_2293,COc1ccc(NC(=O)CC(=O)n2nc(C)c(N=Nc3ccc(C)c(C)c3)c2C)cc1
mol_2294,CC(C)ON=Cc1cc(NC(=S)OC(C)C)ccc1Cl
mol_2295,O=C1CC2C(N3CCCC3)CCC(N1Cc1ccccc1)C2(O)O
mol_2296,CC(=O)Oc1cc(-c2oc3cc(OC(C)=O)c(C4OC(CO)C(O)C(O)C4O)c(OC(C)=O)c3c(=O)c2O)c(OC(C)=O)cc1O
mol_2297,CC(=O)Nc1ccc(C=CC(=O)c2sc(C(N)=S)nc2C)cc1
mol_2298,Cc1c(CCCl)c(=O)n2c([nH]c3ccccc32)c1C#N
mol_2299,CCCCCCCC[N+](C)(C)Cc1ccc(C[N+](C)(C)CCCCCCCC)cc1.[Br-]
mol_2300,CC1(C)OC(=O)C(=Cc2ccc(C#N)cc2)C(=O)O1
mol_2301,COC1N(C2CC(F)C(CO)O2)C(=O)NC(=O)C1(C)Cl
mol_2302,O=C1C=Cc2ncccc2C1=O
mol_2303,N[Co-4](N)(N)(N)(N)[OH+][N+](=O)[O-].[O-][Cl+3]([O-])([O-])O
mol_2304,CC(C)(C)OC(=O)NCC(O)CNC(=O)OC(C)(C)C
mol_2305,CC1=C(C(=O)Nc2ccccc2)C(c2ccc(N(C)C)cc2)C(C(=O)Nc2ccccc2)=C(C)N1
mol_2306,Brc1ccc2noc(-c3ccccc3)c2c1
mol_2307,CC(C)(C=NO)[N+](=O)[CH-]c1ccccc1
mol_2308,OCC1OC(NC(=S)NCCC(F)(F)C(F)(F)C(F)(F)C(F)(F)C(F)(F)C(F)(F)F)C(O)C(O)C1O
mol_2309,CC1=C(Br)C(c2ccccc2)=Nc2ccccc2N1
mol_2310,Cc1ncc2c(n1)NC(=O)NC2
mol_2311,CCOC(=O)CCC(NC(=O)c1ccc(CNc2nc3ccccc3nc2C(=O)OCC)cc1)C(=O)OCC
mol_2312,COc1cc(N(CCC#N)CCC#N)ccc1C(N=Nc1ccc(Cl)cc1)=NNC(=O)c1cc(Br)ccc1O
mol_2313,CCc1cccc(C)c1NC(=O)CCc1n[nH]c(=S)o1
mol_2314,Cn1c(=O)n2n(c1=O)C1C=CC2C2C=C(c3ccccc3)C21
mol_2315,Cc1ccc(C(=O)N2CCN(C(=O)c3ccc(C)cc3)c3ccccc32)cc1
mol_2316,O=C(Cc1nc2ccccc2[nH]1)NN=C1SCC(=O)N1c1ccc(Cl)cc1
mol_2317,Br.CCc1cccc(CC)c1Nc1nc(-c2ccccc2-c2ccccc2)cs1
mol_2318,CCOC(=O)C(O)=Cc1cc(OC)cc(=O)o1
mol_2319,NNC(=O)c1cc(=NNC(=O)CC(=O)Nc2ccccc2Cl)c2ccccc2o1
mol_2320,CCCCOC(=O)C1OC12CCCCC2
mol_2321,Cc1nc(-c2cc3c(ccc4ccccc43)oc2=O)cs1
mol_2322,COC(=O)c1cc(C(=CCC(=O)O)c2cc(Cl)c(OC)c(C(=O)OC)c2)cc(Cl)c1OC
mol_2323,N=c1ncn(C(N)=O)[nH]1
mol_2324,Cc1ccc2c(c1)C1(OC(=O)c3ccccc31)c1ccc(F)cc1O2
mol_2325,O=C1c2c(n(Cc3ccccc3)c(=O)n2Cc2ccccc2)C(=O)N1Cc1ccccc1
mol_2326,COc1ccccc1C1c2cc3c(cc2OC(N2CCOCC2)C1C)OCO3
mol_2327,CCOC(=O)C=Cc1ccccc1Cl
mol_2328,O=S(OO)c1cc(Cl)c(O)c(Cl)c1
mol_2329,CC(C)OC(=O)OCSc1ccccc1N=Cc1cccc([N+](=O)[O-])c1
mol_2330,CC(NC(=O)OCc1ccccc1)C(=O)NC(C(=O)O)C(C)C
mol_2331,O=C(OCCC(F)([N+](=O)[O-])[N+](=O)[O-])OCC(F)([N+](=O)[O-])[N+](=O)[O-]
mol_2332,COc1cc(OC)c(C2c3cc4c(cc3OC(N3CCOCC3)C2C)OCO4)c(OC)c1
mol_2333,Cc1cc(NCCCCCCNc2cc(C)nc3ccc(Cl)cc23)c2cc(Cl)ccc2n1
mol_2334,CCCCCCCCCCCCCC(=O)OC1C(C)C2(O)C(C=C(CO)CC3(O)C(O)C(C)=CC32)C2C(C)(C)C12OC(C)=O
mol_2335,CN1CCN(CCSc2nnc(-c3cc4ccccc4s3)c3ccccc23)CC1
mol_2336,COc1cc(C=C2SC(=S)N(C=Cc3nc4ccccc4nc3O)C2=O)cc(OC)c1OC
mol_2337,O=C1CC2C(C1Nc1ccccc1)C1C(=Nc3ccccc3)C(Nc3ccccc3)=CC1N2c1ccccc1
mol_2338,O=c1[nH]nc(-c2ccccc2)n1O
mol_2339,N#CC(C#N)=CC=Cc1c(Cl)cccc1Cl
mol_2340,O=C(CCc1ccccc1)ON1C(=S)NC(c2ccccc2)(c2ccccc2)C1=S
mol_2341,Cc1nc2ccccc2c(=O)n1NC(=S)Nc1ccccc1
mol_2342,C[n+]1c(C=Cc2ccc(C=NNC(=O)c3ccc(C(=O)NN=Cc4ccc(C=Cc5cn6ccccc6[n+]5C)cc4)cc3)cc2)cn2ccccc21.Cc1ccc(S(=O)(=O)[O-])cc1
mol_2343,COc1cc(C)cc2c1C(=O)C(Br)=CC2=O
mol_2344,NC(=O)c1nnc2ccc(F)cc2c1N
mol_2345,Nn1nc2ccccc2n1
mol_2346,CN1C(=O)CCCCCCCCCCSc2ccccc21
mol_2347,CN(C)c1cc(CNC(Cc2cn(C(c3ccccc3)(c3ccccc3)c3ccccc3)cn2)C(=O)O)nc(CNC(Cc2cn(C(c3ccccc3)(c3ccccc3)c3ccccc3)cn2)C(=O)O)c1
mol_2348,Cc1cn(C2CC(N=[N+]=[N-])C(COC(=O)CCCCCCCCCCCOc3ccccc3)O2)c(=O)[nH]c1=O
mol_2349,Clc1nc(Cl)nc(NCCBr)n1
mol_2350,O=S1OC2(c3ccccc3-c3ccccc32)c2ccccc21
mol_2351,Oc1nc(Nc2cccc(Cl)c2)nc2[nH]cnc12
mol_2352,Cc1cc(O)c2c(c1)C(=O)c1cc(O)cc(O)c1C2=O
mol_2353,Cc1cc2nncn2c2nnnn12
mol_2354,O=C1C2C(c3ccccc3)=NN(C(=O)c3ccccc3)C2C(=O)N1c1ccccc1
mol_2355,O=S1Nc2c(Cl)cc(Cl)c3c(Cl)cc(Cl)c(c23)N1
mol_2356,C=CC(C)(O)CN(C=O)Cc1ccccc1
mol_2357,C(=Cc1ccccc1)C1=[O+][Cu-3]2([O+]=C(C=Cc3ccccc3)CC(c3ccccc3)=[O+]2)[O+]=C(c2ccccc2)C1
mol_2358,N#Cc1c(-c2ccccc2)c(C#N)c(=O)n(NS(=O)(=O)c2ccccc2)c1O
mol_2359,CC12CN3CC(C)(C)[NH+]4C(=O)C(C)(CN5CC(C)(C)[NH+](C1=O)[Ni-2]534)OCCCCCCCCCCOC1(C)CN3CC(C)(C)[NH+]4C(=O)C(C)(CN5CC(C)(C)[NH+](C1=O)[Ni-2]354)OCCCCCCCCCCO2
mol_2360,COc1ccc(C(=O)C(Br)=CC(=O)O)cc1
mol_2361,CC[N+]1(C)CCC(O)(c2ccc(Cl)cc2)C(C(=O)c2ccc(Cl)cc2)C1.[Br-]
mol_2362,O=C(O)C12C3C4C1C1C2C3C41C(=O)O
mol_2363,CCOC(=O)c1ccccc1NNC(=O)CCC(=O)O
mol_2364,Cl.Cn1cc(N)cc1C(=O)Nc1cc(C(=O)Nc2cc(S(=O)(=O)O)c3cc(S(=O)(=O)O)cc(S(=O)(=O)O)c3c2)n(C)c1.[NaH]
mol_2365,Cc1ccc2cc([N+](=O)[O-])c3ccc(C)nc3c2n1
mol_2366,CCNc1nc2c(=O)n(C)c(=O)n(C)c2s1
mol_2367,COc1cc(C(=O)O)c2c(c1C)OC(=O)c1c(C)cc(O)c(C=O)c1O2
mol_2368,CCCCCCCC[Sn]1(CCCCCCCC)OC(=O)c2cccnc2S1
mol_2369,C#Cc1cccc(N2C(=O)C3C4C=CC(C3C2=O)C2C(=O)N(c3cccc(C#C)c3)C(=O)C42)c1
mol_2370,CCOc1ccc(N=Cc2c3ccccc3nc3ccccc23)cc1
mol_2371,Cc1ccc(-c2nc3n(c2C=NNC(=N)N)CCS3)cc1.Cl
mol_2372,Cc1cc2nn(C3CCCCO3)nc2cc1C
mol_2373,CNS(=O)(=O)NNS(=O)(=O)c1ccc(F)cc1
mol_2374,c1ccc(C2CCCNCC2)cc1
mol_2375,Cc1coc2c1CC1(C)C(CCC(O)C1C)C2
mol_2376,CCCCN(CCCC)CC(N=O)c1cc(-c2ccc(Cl)c(Cl)c2)nc2c(Cl)cc(Cl)cc12
mol_2377,CCOC(=O)Cn1c(=O)cc(C=O)c2ccccc21
mol_2378,CC(=O)Oc1cc(OC(C)=O)c(Oc2cc(OC(C)=O)c(Oc3cc(OC(C)=O)c(OC(C)=O)c(OC(C)=O)c3)c(OC(C)=O)c2)c(OC(C)=O)c1
mol_2379,CCOC(=O)N1c2c(c3ccccc3n2C(=O)OCC)C(=O)C(OC)N1C(=O)OCC
mol_2380,CC(C)(C)OC(=O)NC(CSCc1ccc(C(=O)c2ccccc2)cc1)C(=O)N1CCN(CCCCN2c3ccccc3Sc3cc(N=[N+]=[N-])ccc32)CC1
mol_2381,COc1ccc2c3ccc4c(c3n(C)c2c1)C(=O)C=CC4=O
mol_2382,CC1(C)OCC(C2OC3OC(C)(C)OC3C2OC(=S)SSC(=S)OC2C(C3COC(C)(C)O3)OC3OC(C)(C)OC32)O1
mol_2383,CCCCN1C(=O)c2cccc3cccc(c23)C1=O
mol_2384,O=C(O)C=CC(=O)O.OCCN1CCN(C2=Nc3cccnc3Nc3cscc32)CC1
mol_2385,C#CCCCCC#Cc1ccccc1C(=O)OC
mol_2386,Cc1ccc(S(=O)(=O)N2CC(O)(c3ccccc3)C2C)cc1
mol_2387,CCOC(=O)Cc1nc2c(O)ncnc2n1C1OC(COC(C)=O)C(OC(C)=O)C1OC(C)=O
mol_2388,C=CCc1cc(OC)c2c(c1)C(OC)CC(c1ccc(OC)c(OC)c1)O2
mol_2389,Cc1cc(Cl)c(=O)n(-c2ccccc2)n1
mol_2390,N1=C2NONC2=NC2N=C3NONC3=NC12
mol_2391,O=C(NCCCl)SCCO
mol_2392,COC(=N)CCNC(=O)C(O)C(O)C(=O)NCCC(=N)OC
mol_2393,O=P1(O)C=CC2(CCCC2)O1
mol_2394,O=C1CCCC2=C1CC1=C(CCCC1=O)N2c1ccc([N+](=O)[O-])cc1
mol_2395,CCCCOP(=O)(OCCCC)C(C#N)=Cc1ccco1
mol_2396,O=[N+]([O-])C=C1c2ccccc2-c2ccccc21
mol_2397,O=C1c2c(nc3ccccc3c2-c2ccccc2)CN1Nc1ccccc1
mol_2398,CCCCN1C(=O)N(c2ccc(OCC)cc2)C2N(CCCC)C1C(C)(C)C2(C)C
mol_2399,Cc1c(-c2coc(-c3ccccc3)n2)c(=O)n(-c2ccccc2)n1C
mol_2400,Oc1ccccc1C1SCc2nc3ccccc3n21
mol_2401,CN1C(NN)=NS(=O)(=O)c2ccccc21
mol_2402,CCOC(=O)N1CCN(C(=O)COc2cc3c(O)c4c(O)c(C)c5c(c24)C(=O)C(C)(OC=CC(OC)C(C)C(OC(C)=O)C(C)C(O)C(C)C(O)C(C)C=CC=C(C)C(=O)N3)O5)CC1
mol_2403,CCCCCC=C(c1cc(Br)c(OC)c(C(=O)OC)c1)c1cc(Br)c(OC)c(C(=O)OC)c1
mol_2404,CCCCc1cc(=O)oc2c3c(c4c(c12)OC(C)(C)C=C4)OC(C)C(C)C3O
mol_2405,CC(C)(NC1=NCCO1)c1ccccc1
mol_2406,CC(=O)NNC(=S)NC=C(C(C)=O)C(=O)Nc1ccc([N+](=O)[O-])cc1
mol_2407,CC(C)[Si](OCC1CC(CC2CC(CC3CC(CO[Si](C(C)C)(C(C)C)C(C)C)OC(C)(C)O3)OC(C)(C)O2)OC(C)(C)O1)(C(C)C)C(C)C
mol_2408,O=C1COC(c2ccccc2O)=NN1Cc1ccccc1
mol_2409,CC1(C)CC(=O)CC(=Nc2ccc([N+](=O)[O-])cc2)C1
mol_2410,CC(CS(C)(=O)=O)S(=O)(=O)O
mol_2411,O=[N+]([O-])c1cc(Cl)ccc1Sc1ccccc1
mol_2412,O=C1CSc2cc([N+](=O)[O-])ccc2N1
mol_2413,CN(C)C=Nc1c(C#N)c(CC#N)nn1-c1ccccc1
mol_2414,CCOC(=O)c1c(N)sc2c1C(C)(C(=O)OCC)CC2
mol_2415,O=Cc1ccc2c(c1)C(O)NC(=O)O2
mol_2416,CCOC(=O)C1=CN=C2C(=O)N(c3ccccc3)N(C)C2(C)C1=N
mol_2417,Cn1c(=O)c2c(nc(NN=Cc3cccc(Br)c3)n2C)n(C)c1=O
mol_2418,CCOC(=O)CCNC(=O)c1cc(C)cc2c1Oc1c(cc(C)cc1C(=O)NCCC(=O)OCC)S2
mol_2419,N=c1[nH]c2cc([N+](=O)[O-])cnc2s1
mol_2420,Cc1cn2c(n1)sc1ccccc12
mol_2421,CCCCCCCCCCCCSC(=S)c1c(C)nn(-c2ccccc2)c1O
mol_2422,CCCCCCCCCCCC(=O)Nc1ccc(SSc2ccc(NC(=O)CCCCCCCCCCC)cc2)cc1
mol_2423,COc1cc(OC)c(C(=O)C=Cc2ccc(OC)c(OC)c2)c(OC)c1
mol_2424,NC1(N2SC(S)=C3CCCC=C32)CCCCC1
mol_2425,OCC1OC(NC(=S)NCSCCC(F)(F)C(F)(F)C(F)(F)C(F)(F)C(F)(F)C(F)(F)F)C(O)C(O)C1O
mol_2426,COc1ccc2c(c1)c1c3c(ccc4ncn2c43)N(CCN(C)C)CCN=1
mol_2427,N#CC(c1ccccc1)N(CCc1ccccc1)C(=O)c1ccccc1
mol_2428,O=[As]1(c2ccccc2)c2ccccc2Oc2ccccc21
mol_2429,Oc1nc(O)c2nc(Cl)[nH]c2n1
mol_2430,O=C(Nc1ccccc1-c1nn(C(=S)Nc2ccccc2)c(=S)n(C(=S)Nc2ccccc2)c1=O)C(F)(F)F
mol_2431,O=c1sc2ccccc2n1CCSSCCn1c(=O)sc2ccccc21
mol_2432,Cc1ncc(N)c(C(=O)O)n1
mol_2433,c1ccc(CSC2(SCc3ccccc3)CCCCC2)cc1
mol_2434,O=C1OC2(OC2c2ccccc2)c2ccccc21
mol_2435,CC1=CC2c3c(O)cc(-c4cc5ccc(O)cc5o4)cc3OC3(c4ccc(O)c5c4OC(C)(C)C=C5)Oc4cc(O)ccc4C(C1)C23
mol_2436,O=C1Nc2ccccc2C12CCCC2
mol_2437,CN1c2ccccc2Sc2c(-c3ccccc3)n[nH]c21
mol_2438,COc1cc(C)cc2c(-c3c(O)cc(O)c4c3CC(C)NC4C)cc(-c3cc(-c4c(O)cc(O)c5c4CC(C)NC5C)c4cc(C)cc(OC)c4c3O)c(O)c12
mol_2439,COc1cccc(C2c3cc4c(cc3OC(NNc3ccccc3)C2C)OCO4)c1OC
mol_2440,Cl.NCC(=CC(=O)O)c1ccc(Cl)cc1
mol_2441,C[N+]1(Cc2ccco2)CCCCC1
mol_2442,CC(C)[Si](OC1CCCC23OC2CC2C(=O)c4c(O)cccc4C(=O)C2(O)C13)(C(C)C)C(C)C
mol_2443,O=C1NC(O)C2ON=C(c3ccccc3)C12
mol_2444,ON=C1CCCC1=Cc1ccccc1
mol_2445,COc1ccccc1NC(=S)NNC(=O)c1cc(-c2ccccc2)nc2ccccc12
mol_2446,N#Cc1c(N2CCCC2)nsc1Nc1ccccc1
mol_2447,N#Cc1nn(C2OC(COC(=O)c3ccccc3)C(OC(=O)c3ccccc3)C2OC(=O)c2ccccc2)c2ncnc(O)c12
mol_2448,Cc1csc(CP(=O)(OC(C)C)OC(C)C)n1
mol_2449,CCCCCCCCCCCCCCCC=C(c1cc(Br)cc(C(=O)OC)c1OC)c1cc(Br)cc(C(=O)OC)c1OC
mol_2450,N#CC(C#N)SCc1ccccc1
mol_2451,CCCCCCc1cc(S(=O)(=O)O)c(O)cc1O
mol_2452,O=C1Nc2ccc(cc2)Cc2ccc(cc2)NC(=O)N2CCN(CC2)C(=O)Nc2ccc(cc2)Cc2ccc(cc2)NC(=O)N2CCN1CC2
mol_2453,C[Si](C)(C)N=C1N2C(=NC1(C(F)(F)F)C(F)(F)F)Sc1ccccc12
mol_2454,CNC(=O)C(CC(C)C)NC(=O)CNC(=O)C(Cc1ccc(OCc2ccccc2)cc1)NC(=O)C(COCc1ccccc1)NC(C)=O
mol_2455,COc1cc2nc(C(O)C(O)c3nc4cc(OC)c(OC)cc4[nH]3)[nH]c2cc1OC
mol_2456,Nc1ccc2cc(S(=O)(=O)O)c(N=Nc3ccc(-c4ccc(N=Nc5c(S(=O)(=O)O)cc6cc(S(=O)(=O)O)cc(N)c6c5O)cc4)cc3)c(O)c2c1
mol_2457,CN1S(=O)(=O)N(C)P12(N=P(CP(=NP13(N(C)S(=O)(=O)N1C)N(C)S(=O)(=O)N3C)(c1ccccc1)c1ccccc1)(c1ccccc1)c1ccccc1)N(C)S(=O)(=O)N2C
mol_2458,N#CC(=CNC(=S)C(N)=S)c1nc2ccccc2s1
mol_2459,CC=CC#CC#CC(O)C(C=CCCCO)OC1OC(CO)C(O)C(O)C1O
mol_2460,O=C1CCC(NC(=O)c2ccccc2)C(=O)N1
mol_2461,CCOC(=O)Nc1cc2c(c(N)n1)N=C(c1ccc(OC)cc1)CN2
mol_2462,COc1ccccc1N=C1SCC(=O)N1Cc1ccco1
mol_2463,COC(=O)C(Cc1nc2ccc(Cl)cc2nc1O)C(=O)C(=O)Nc1cc(C)ccc1C
mol_2464,CC(CC(=O)NCCc1ccccc1)=NNC(=O)C[n+]1ccccc1.[Cl-]
mol_2465,CCCCCCCCCCCCCCCC=C(c1cc(Br)c(O)c(C(=O)O)c1)c1cc(Br)c(O)c(C(=O)O)c1.N
mol_2466,CCN(CC)CCNCc1cc(Cl)cc2c1OCOC2
mol_2467,O=C(C[N+]12CC=C(CO)C1C(O)CC2)c1ccc(Br)cc1
mol_2468,O=S(=O)(O)O.O=[N+]([O-])c1ccc(-c2csc(=[N+]3CCCCC3)s2)cc1
mol_2469,Clc1nssc1=Nc1nonc1-c1ccccc1
mol_2470,CN(C)CCC(O)(Cc1ccccc1)c1cccc(Cl)c1
mol_2471,CCOC(=O)Nc1nn(C)c(=NCc2ccccc2)s1
mol_2472,COc1ccc(C=NNC(=O)CSc2nc(-c3ccccc3)c(-c3ccccc3)[nH]2)cc1OC
mol_2473,Cc1cccc(C=C2CCCc3ccccc3C2=O)c1
mol_2474,O=C(COc1ccc(Cl)cc1)c1ccccc1
mol_2475,COc1cccc(CC2NCCc3c2[nH]c2ccccc32)c1
mol_2476,CCOC(=O)c1cc(-c2ccc(OC)c(OC)c2)cn1C
mol_2477,Oc1nc(-c2ccccc2)nc2c1sc1nc3ccccc3n12
mol_2478,Cc1nc2c(=O)n(-c3ccccc3)c3ccccc3c2o1
mol_2479,O=C(O)c1cc(=O)c2cc3c(cc2o1)OCc1ccccc1-3
mol_2480,Cc1ccc(SSc2ccc(C)cc2)cc1
mol_2481,CCC(O)(Cc1ccccc1)C(C(=O)O)c1ccccc1
mol_2482,N#CC12CC(C=O)=C(N)C1(C#N)CC(C=O)=C2N
mol_2483,C=CC(C)(C)NC(C(=O)N1CCCC1c1nc(-c2nc(C(=O)OCC=C(C)C)c(C)o2)c(C)o1)C(C)C
mol_2484,CCOc1ccc(NC(=O)C(=O)C(C(=O)c2ccc3ccccc3c2)C2OC(=O)c3ccccc32)cc1
mol_2485,C=C(Br)N(CC)CC
mol_2486,CC(OC(=O)C(CC(=O)OC(C)(C)C)NC(=O)OC(C)(C)C)C(=O)OCc1ccccc1
mol_2487,CC(=O)OC1CN2CCC(O)C2C(O)C1O
mol_2488,CSC1=N[N+]2=CC(c3ccccc3)=[N+]3N=C(NCCc4c[nH]cn4)[SH+][Ni-2]23[SH+]1
mol_2489,COC12c3ccccc3-c3ccccc3C1C1C(=O)OC(=O)C12
mol_2490,CCC(=O)C(C)C(=O)C(=O)C(=O)OC
mol_2491,COc1ccc(-c2onc(-c3ccc([N+](=O)[O-])cc3)c2C2=NCCN2)cc1
mol_2492,N#Cc1nc(C=Cc2nc(C#N)c(N)o2)oc1N
mol_2493,CC1CN2CC(C)OB(O1)OC(C)C2
mol_2494,COC(N)=C(C#N)N=Cc1cccnc1
mol_2495,NC(=O)C(N)(c1ccccc1)c1ccccc1
mol_2496,CCOC(=O)C(C=O)=[N+]1c2ccccc2N(C)[C-]1C
mol_2497,c1ccc(COCC2OC(c3ccccc3)CC(OCc3ccccc3)C2OCc2ccccc2)cc1
mol_2498,COc1cc(C=C2N=C(c3ccccc3)N(n3c(-c4ccccc4)nc4ccccc4c3=O)C2=O)cc(OC)c1OC
mol_2499,CSc1c(C(=O)Nc2ccccc2)c(N)n(N)c(=O)c1C#N
mol_2500,[N-]=[N+]=CC(=O)C1CCN(c2ccccc2)C1=O
mol_2501,N#CC1C(=O)N(c2ccccc2)NC12OC(=O)c1ccncc12
mol_2502,CCOc1ccc2nc(NC(=O)C3C4CCC(O4)C3C(=O)O)sc2c1
mol_2503,CC=CCCC1CCCCN(C(=O)OC(C)(C)C)C1OCC
mol_2504,[O-][n+]1c(O)c(S)[n+]([O-])c2ccccc21
mol_2505,CN(C)CCNC(=O)c1cccc2c1Oc1cccc([N+](=O)[O-])c1O2.Cl
mol_2506,CCN(CC)CC(C)C(O)(c1ccc(Cl)cc1)C1CCCCC1
mol_2507,CN(O)C(=O)CCCC(=O)NCC(C)(C)CNC(=O)CCCC(=O)N(C)O
mol_2508,CCC(=O)OC1=C(c2ccccc2)Sc2ccc(Cl)cc2-n2cccc21
mol_2509,COc1ccc(Cc2c(N)nc(O)nc2O)cc1
mol_2510,O=C(O)c1ccc2c(c1)C(=O)O[Pt-2]1(NC3CCCCC3N1)OC2=O
mol_2511,Cc1nn(-c2nc(O)c3c(n2)CCC3)c(O)c1CCO
mol_2512,CC1(C)C(=O)N2C(=O)CC(=O)N2C1=O
mol_2513,Cn1c(=S)sc2nc3ccccc3n2c1=S
mol_2514,COc1ccc(N2C(=O)C3c4[nH]c5c(C)cccc5c4C4CCC(C(C)C)CC4C3C2=O)cc1
mol_2515,CCOC(=O)CCC(NC(=O)c1ccc(CNc2nc3cc(C(F)(F)F)ccc3nc2C(=O)OCC)cc1)C(=O)OCC
mol_2516,Cl.O=C(O)CCN(CCCN(CCC(=O)O)CCC(=O)O)CCC(=O)O
mol_2517,N=c1[nH]n2cnnc2s1
mol_2518,Cn1c(=O)c2nccnc2n(C)c1=O
mol_2519,CCCOC(C(=O)OC1CCC2CCC1N2C)(c1ccccc1)c1ccccc1
mol_2520,O=C(Nc1ccc(Cl)cc1)NS(=O)(=O)c1coc2cc(F)ccc2c1=O
mol_2521,COc1ccc2c(c1)CCC1C3(CCCC21C=O)OCCO3
mol_2522,N#CC(=Cc1cccnc1)C(=O)c1ccccc1
mol_2523,CN1C(=CC(=O)c2ccc(Cl)cc2)Nc2ccccc21
mol_2524,Cn1c(COC(=O)NC2CCCCC2)c(COC(=O)NC2CCCCC2)c2ccc3cc(Cl)c(Cl)cc3c21
mol_2525,CC(Cl)=NOC(=O)Nc1ccccc1C(F)(F)F
mol_2526,CCCC(=O)n1[nH]c(=O)n(C(C)(C)C)c1=O
mol_2527,CC(=O)O.O=C(CCN1CCC(CCO)CC1)Nc1ccc2c(c1)C(=O)c1ccc(NC(=O)CCN3CCC(CCO)CC3)cc1C2=O
mol_2528,COc1ccc2cc(-c3ccc(OC)c(OC)c3)c(=O)oc2c1
mol_2529,O=C(O)C(=O)O.c1ccc(C(CNCCN2CCCCCC2)C2CCCCC2)cc1
mol_2530,O=c1onc2n1-c1ccc(Cl)cc1C(=S)N1CSCC21
mol_2531,Cc1cc(C)n(-c2nc(C)c(CCO)c(O)n2)n1
mol_2532,CC1=Nc2ccccc2C1C(Cc1ccccc1N)c1c(C)[nH]c2ccccc12.Cl
mol_2533,CCCOc1ccc(C(Cl)=C(C=O)c2ccc(OC)c(OC)c2)cc1OCCC
mol_2534,c1cc(-c2nc3sc(-c4ccncc4)nc3s2)ccn1
mol_2535,Nc1ccc2nc(Nc3ccc(F)cc3)cnc2c1
mol_2536,Cc1c[n+]2c3c(ccc4c(C)c(C)c[n+](c43)[Cu-3]23[n+]2cc(C)c(C)c4ccc5c(C)c(C)c[n+]3c5c42)c1C.O=C1OC(C(O)C[O-])C(O)=C1O
mol_2537,CCc1cccc(CC)c1NC(=O)C1=C(C)NC(C)=C(C(=O)Nc2c(CC)cccc2CC)C1c1ccc([N+](=O)[O-])cc1
mol_2538,O=C(Cc1nccc2c1[nH]c1ccccc12)OC1C#CCSCC#CC=C1
mol_2539,Cc1cc(N(CCC#N)CCC#N)ccc1C(N=Nc1ccccc1)=NNC(=O)c1cc(Cl)ccc1O
mol_2540,CC1COC2=C1C(=O)C(=O)c1c2ccc2c1CCCC2(C)C
mol_2541,CCCCN(CCCC)CCCCCCCN1CCCc2cc(OC)ccc21
mol_2542,CCCCCCCCCCCc1c2[nH]c3cc(C)ccc3oc2cc2[nH]c3cc(C)ccc3oc12
mol_2543,CC12CCC3C(CCC4(C=N)CC(=O)CCC34C)C1CCC2O
mol_2544,Cc1cc(N(CCC#N)CCC#N)ccc1C=C1N=C(C=Cc2ccccc2)N(c2ccc(Cl)cc2)C1=O
mol_2545,CS(=O)CC(=O)c1ccccn1
mol_2546,CC(NP(=O)(c1ccccc1)c1ccccc1)c1ccccc1
mol_2547,CSc1c(C#N)c(O)n(-c2ccc(C)cc2)c(=O)c1C#N
mol_2548,COc1cc2c(c3oc4c(c(=O)c13)CCCC4)CCC(C)(C)O2
mol_2549,CC(=O)NNC(=S)NC=C1C(=O)Oc2ccccc2C1=O
mol_2550,O=C1C(O)=C(c2ccccc2)C(=O)C(O)=C1c1ccccc1
mol_2551,Oc1ccc(Cl)cc1-c1nc(S)nc(-c2ccccc2)c1Cl
mol_2552,CCC1(CC)COP(=S)(SCCOC(=O)c2ccccc2)OC1
mol_2553,CC1(C)OCN(c2ccc(N3CCOCC3)cc2)Cn2c1nc1ccccc12
mol_2554,Cc1ccc(-c2c(C#N)c(-c3ccc([N+](=O)[O-])cc3)c(C#N)c(=O)n2NS(=O)(=O)c2ccccc2)cc1
mol_2555,COC1=C(OC)CCC(C(C#N)=Cc2ccc(OC)c(OC)c2)=C1
mol_2556,N#Cc1cc2ccccc2nc1SN
mol_2557,CC(=O)NCCCCN(CCCNC(C)=O)C(=O)CNS(=O)(=O)c1cccc2c(N(C)C)cccc12
mol_2558,S=P(N1CCOCC1)(N1CC1)N1CC1
mol_2559,COc1ccc2c(c1)N(S(=O)(=O)c1ccc(C)cc1)CC1c3cc(O)c(OCc4ccccc4)cc3OC21
mol_2560,N#CC(C#N)=c1ccc(=C(C#N)C#N)c2nsnc12
mol_2561,CC(C)C1C=C(c2ccccc2)c2ccccc2C1C(C#N)(C#N)C(C)C
mol_2562,CCN(CC)C(=S)SS(=O)(=O)c1ccc(N)cc1
mol_2563,CCOC(=O)C1(C(=O)OCC)CSC1
mol_2564,O=C1C(Cl)C(c2cccc(O)c2)N1n1cnc2ccccc2c1=O
mol_2565,CC(C)C1OC(=O)C=CC=CC=CC=CC=CCC(O)CC(O)CC(O)CC(O)CC(O)CC(O)CC(O)CC(O)C=CC1C
mol_2566,COc1cc2cnc3c4cc(OS(=O)(=O)c5ccccc5)ccc4ccc3c2cc1OC
mol_2567,c1ccc2c(c1)CCN2CCN1CCc2ccccc21
mol_2568,O=C1CCC(c2ccccc2)(C2(c3ccccc3)CCC(=O)O2)O1
mol_2569,C=C=C(C(=O)OC)S(=O)c1ccc([N+](=O)[O-])cc1[N+](=O)[O-]
mol_2570,C1CCC(NC2CCCCC2)CC1.CC(OC(C)(C)C)C(NC(=O)OC(C)(C)C)C(=O)O
mol_2571,O=C1C(=Cc2ccc(Cl)c(Cl)c2)CNCC1=Cc1ccc(Cl)c(Cl)c1
mol_2572,CC1(C)C2CCC1C(=O)C(C=O)C2
mol_2573,Nc1nc(N)nc(-c2cccs2)n1
mol_2574,CN1CCCC1=NC#N
mol_2575,C=C(C)C=CC(O)C(C)(O)C1C(O)CC2(C)C3CCc4c(cc(OC5OC(CO)C(O)C(O)C5O)c(O)c4C)C3(C)C(=O)CC12C
mol_2576,CC1(C)OC2OC(C(=O)c3ccccc3)C3OC(C)(C)OC3C2O1
mol_2577,O=[N+]([O-])c1cccc(N=Cc2ccccc2O)c1
mol_2578,Cc1ccc(-c2oc(C=Nc3ccccc3)c([N+](=O)[O-])c2-c2ccc(C)cc2)cc1
mol_2579,[BH3-][N+]1(C)CC[N+]([BH3-])(C)CC1
mol_2580,NC(=O)N1N=C2c3ccccc3CCC2C1c1ccccc1
mol_2581,c1ccc2nn(C3CCCCO3)nc2c1
mol_2582,Nc1cc2cccc[n+]2c2cccc(Cl)c12.[Cl-]
mol_2583,CNc1nc(=O)c(C#N)c(-c2ccc(C)cc2)s1
mol_2584,N=C1NN(c2ccccc2)C(=O)C1C(=NNC(=O)c1cc2ccccc2cc1O)C(=O)Nc1cccc(C(F)(F)F)c1
mol_2585,CC(C)CCCC(C)C1CCC2C3CCC4CC(CCC=C(c5cc(Cl)c(OCc6ccc(C(=O)O)cc6)c(C(=O)O)c5)c5cc(Cl)c(OCc6ccc(C(=O)O)cc6)c(C(=O)O)c5)CCC4(C)C3CCC12C
mol_2586,O=C(O)CCNc1ccc2c(c1)B(O)OC2
mol_2587,NCCCCC(=O)NC(CCCCNC(=O)OCc1ccccc1)C(=O)NCCCCC(=O)NC(CCCCNC(=O)OCc1ccccc1)C(=O)NCCCCC(=O)NC(CCCCNC(=O)OCc1ccccc1)C(=O)NCCCCC(=O)NC(CCCCNC(=O)OCc1ccccc1)C(=O)NCCCCC(=O)NC(CCCCNC(=O)OCc1ccccc1)C(=O)O
mol_2588,O=C(O)C1(CC(CCCN2CCCCC2)c2ccccc2)CCCC1
mol_2589,O=[N+]([O-])c1c(C=NNc2ccccc2)oc(-c2ccc3c(c2)OCO3)c1-c1ccc2c(c1)OCO2
mol_2590,O=C(O)CCSSCCCS(=O)O.[NaH]
mol_2591,NS(=O)(=O)c1ccc(NCc2cccc3c(=O)c4ccc(Cl)cc4oc23)cc1
mol_2592,Cc1ccc(CCCCCOc2ccc(C3=NCCO3)cc2)s1
mol_2593,COc1ccc(C2C3=C(COC3=O)Oc3cc4c(cc32)OCO4)c(OC)c1
mol_2594,O=C(NN=Cc1ccccc1)c1c(F)c(F)c(F)c(F)c1F
mol_2595,N[Co-4](N)(N)(N)([OH+]C(=O)CCl)[OH+]C(=O)CCl.[O-][Cl+3]([O-])([O-])O
mol_2596,Cc1cc(C)nc(NS(=O)(=O)c2ccc(Nc3c4ccccc4nc4c(C(=O)N5CCN(CCO)CC5)cccc34)cc2)n1
mol_2597,CCOc1ccc(C(C2=C(O)C(=O)c3ccccc3C2=O)C2=C(O)C(=O)c3ccccc3C2=O)cc1OC
mol_2598,COC(=O)CN1CCN(c2cccc3c2CCCC3)CC1
mol_2599,COC(=NN=Cc1ccc(OC)c(OC)c1)c1ccncc1
mol_2600,CN(C)CCCNC(=O)c1cc(NC(=O)c2cc(NC(=O)c3cc(NC(=O)c4ncccc4C(=O)O)cn3C)cn2C)cn1C
mol_2601,Cc1ccc(C=Nn2c(Cc3ccccc3)n[nH]c2=O)cc1
mol_2602,CC(CN(C)C)Nc1c2ccccc2nc2cccc([N+](=O)[O-])c12
mol_2603,NC(=O)C(N)c1ccccc1
mol_2604,COC1C(OC(=O)C=CC=CC=CC=CC(=O)O)CCC2(CO2)C1C1(C)OC1CC=C(C)C
mol_2605,COC1(OC)CC2OC1C1N=NN(C(=O)OC(C)(C)C)C21
mol_2606,Cc1cc(C)c2c(c1)CC(=Cc1cccc(C)c1C(=O)O)C2=O
mol_2607,N#Cc1c(NC(=O)C(F)(F)F)sc2c3c(=O)c4ccccc4c(=O)c=3oc3ccccc3c12
mol_2608,Nc1ccc(C2C(=O)NC3CCCC32)cc1
mol_2609,N#CNC(=N)N
mol_2610,Cc1cn(C2CC(N(O)Cc3ccccc3)C(CO)O2)c(=O)[nH]c1=O
mol_2611,CCN(CC)C(=O)Oc1ccc(COC(C)=O)nc1
mol_2612,CC12OC3(C)c4ccccc4OP3(c3ccccc3)(Oc3ccccc31)O2
mol_2613,CCC[CH-][N+](=O)C1CC(n2cc(C)c(=O)[nH]c2=O)OC1CO[Si](C)(C)C(C)(C)C
mol_2614,CN(C)CCn1c2ccccc2c2nc3cc4ccccc4cc3nc21.Cl
mol_2615,Cc1cccc(-c2nc3ccc([N+](=O)[O-])cc3c(=O)o2)c1
mol_2616,Cc1cc(S(=O)(=O)Nc2nc(N)nc(N3CCCCC3)n2)c(S)cc1Cl
mol_2617,COc1ccccc1C(C1=C(O)COC1=O)c1cc2c(cc1OC(C)=O)OCO2
mol_2618,C=CCC12CC(OC)C(O)CC1(O)OC(c1cc(OC)c(OC)c(OC)c1)C2C
mol_2619,Cc1cc(C)cc(Sc2c([N+](=O)[O-])ncn2C)c1
mol_2620,Cc1ccc(S(=O)(=O)OC2CCN(C)CC2)cc1
mol_2621,[N-]=[N+]=NC1(Cc2ccccc2)C(=O)c2cccc3c2N(CCC3)C1=O
mol_2622,O=C1C(Cl)C(c2cc(Br)cc(Br)c2O)N1n1cnc2ccccc2c1=O
mol_2623,CCCCOC(=O)C(=O)C(=Cn1c(=S)[nH]c2cc(C)ccc21)C(=O)C=C(C)C
mol_2624,C=CCn1c(-c2ccc(Cl)cc2Cl)csc1=Nc1c(C)n(C)n(-c2ccccc2)c1=O.Cl
mol_2625,COc1ccccc1C1C(C(=O)Nc2ccccc2)=C(C)NC(C)=C1C(=O)Nc1ccccc1
mol_2626,CCC(=C(C#N)c1ccc(OCCN(CC)CC)cc1)c1ccc(OCCN(CC)CC)cc1.O=C(O)CC(O)(CC(=O)O)C(=O)O
mol_2627,CC1=C(C(=O)Nc2ccccc2C)C(c2ccccc2C)C(C(=O)Nc2ccccc2C)=C(C)N1
mol_2628,CCN(CC)CC(=O)Nc1c(C)cc(C(=O)NN)cc1C
mol_2629,Cc1cc(C)c2c(c1)CSCc1cc(C)cc(C)c1-2
mol_2630,COC(=O)C1OC12CCCCC2
mol_2631,COc1ccc(-n2cnc3c(NC(C)(C)C(=O)O)ncnc32)cc1
mol_2632,COC1C=COC2(C)Oc3c(C)c(O)c4c(O)c(cc(OCC(=O)N(C)C5CCCCC5)c4c3C2=O)NC(=O)C(C)=CC=CC(C)C(O)C(C)C(O)C(C)C(OC(C)=O)C1C
mol_2633,N=C(CSS(=O)(=O)O)NCc1cccs1
mol_2634,O=C(O)Cc1cc(O)nc2c1C(=O)CCC2
mol_2635,Nc1cnc2c(c1)c(=O)nc1n2CCS1
mol_2636,Cc1ccc(C)c2c1C1CCCCC3(OCCCO3)C21O
mol_2637,COC(=O)C1(C(=O)OC)Cc2ccc(OC)cc2C2=C1C(=O)c1ccccc1C2=O
mol_2638,COc1cc2c3c(c1OC)-c1[nH]c4ccccc4c1C1CCCN(CC2)C31
mol_2639,Brc1ccc2c(c1)C1=C(CO2)Cc2ccccc2O1
mol_2640,O=c1oc2ccccc2c(O)c1Cc1c(O)c2ccccc2oc1=O
mol_2641,CCCCN(CCCC)CC(C(C)=O)C(c1ccccc1)c1c(O)c2ccccc2oc1=O
mol_2642,COc1ccc2c(ccc3nc(CCC(=O)O)n(C)c(=O)c32)c1
mol_2643,CN(C)c1ccc(N=Nc2ccc3[nH]cnc3c2)cc1
mol_2644,N=c1nc(NC(=O)C(=O)Nc2ccccc2C(N)=O)[nH][nH]1
mol_2645,Cc1ccc(S(=O)(=O)CC2(Br)Cc3ccccc3C2=O)cc1
mol_2646,COc1ccc(C=NNS(=O)(=O)c2ccc(C=C3NC(=O)N(C)C3=O)cc2)cc1
mol_2647,CC(C)CCCC(C)C1CCC2C3CCC4CC(CCC=C(c5cc(Cl)c(OCc6ccc(C(=O)O)cc6)c(C(=O)O)c5)c5cc(Cl)c(OCc6ccc(C(=O)O)cc6)c(C(=O)O)c5)CCC4(C)C3CCC12C.[NaH]
mol_2648,CC(=O)N1C(Nc2ccccn2)CCN1c1ccccc1
mol_2649,CCC[N+]1=Cc2ccccc2OC(=O)C=C1O
mol_2650,Cn1c(=O)c2c(ncn2C)n(C)c1=O.O=C(C=Cc1ccc(O)c(O)c1)OC1CC(O)(C(=O)O)CC(O)C1O
mol_2651,c1ccc(-c2nnc(-c3ccccc3)c3nonc23)cc1
mol_2652,Nc1ccc2c(c1)C1=NNC(=O)CC1C2
mol_2653,COC(=O)CCCCC(c1cc(Cl)c(OC)c(C(=O)OC)c1)c1cc(Cl)c(OC)c(C(=O)OC)c1
mol_2654,Cc1cc(Cl)cc(S)c1S(=O)(=O)Nc1nnc2c3ccccc3cnn12
mol_2655,NN=c1nc2[nH]o[nH]c-2nc1=NN
mol_2656,CCOC(=O)Cc1ccc2c(c1)sc1nc(-c3ccc(OC)cc3)cn12
mol_2657,[N-]=[N+]=Nc1cc(=O)n(-c2ccccc2)c(=O)n1-c1ccccc1
mol_2658,CCN=C(NC(=O)c1c(Cl)cccc1Cl)SCSC(=NC(=O)c1c(Cl)cccc1Cl)NCC
mol_2659,CC12CCC(=O)C=C1CCC1C2C(=O)CC2(C)C1CCC2(O)C(=O)CO
mol_2660,O=C1NC(=S)NC1=Cc1c(-c2ccccc2)[nH]c2ccccc12
mol_2661,Oc1ncnc2sc(Nc3ccccc3)nc12
mol_2662,C#CCn1c(=O)c2ccccc2n(CC#C)c1=O
mol_2663,Cl.Fc1ccc(C2(CCCN3CCc4[nH]c5cc(F)ccc5c4C3)OCCO2)cc1
mol_2664,O=C(NCCCCCCCCCCCCNC(=O)c1cnc2ccccc2n1)c1cnc2ccccc2n1
mol_2665,OC1CSc2ccccc2-n2cccc21
mol_2666,Cc1ccc(-c2oc3ccccc3c(=O)c2O)cc1
mol_2667,CC(=O)NS(=O)(=O)c1ccc(NC(=O)COC(=O)c2cccc3c(=O)c4ccccc4[nH]c23)cc1
mol_2668,O=[N+]([O-])C(Cl)=CC(=C(Cl)SCc1ccccc1)[N+](=O)[O-]
mol_2669,CC1(C)CC(=O)C2C(C1)Nc1ccccc1NC2c1ccccc1[N+](=O)[O-]
mol_2670,C#CCCOC(=O)CC1=C(C)C(=Cc2ccc(S(C)=O)cc2)c2ccc(F)cc21
mol_2671,COC(=O)c1cc(C(=C(Cl)Cl)c2cc(C(=O)OC)c(OC)c(Br)c2C)c(C)c(Br)c1OC
mol_2672,COC(c1ccc(C(C)(C)C)cc1)(c1ccc(C(C)(C)C)cc1)c1cc(C(O)(c2cc(C(OC)(c3ccc(C(C)(C)C)cc3)c3ccc(C(C)(C)C)cc3)c(C)cc2C)c2cc(C(OC)(c3ccc(C(C)(C)C)cc3)c3ccc(C(C)(C)C)cc3)c(C)cc2C)c(C)cc1C
mol_2673,N#CCCN(c1ccc(-c2nnc(NC(=O)CNNC(=O)CC(=O)Nc3ccccc3)s2)cc1)S(=O)(=O)c1ccccc1
mol_2674,CC(=O)N1C(=O)CC2(N=C(C)CC2=O)c2ccccc21
mol_2675,c1ccc2c(OCCSCCCCCCCCCCSCCOc3cccc4ccccc34)cccc2c1
mol_2676,COc1cc(C=CC(=O)c2ccc(O)c(OC)c2)ccc1O
mol_2677,CC1Cc2c(N)nc(N3CCOCC3)nc2NC1=O
mol_2678,CC(C)=N[W](C#[O+])(C#[O+])(C#[O+])(C#[O+])C#[O+]
mol_2679,NC(=O)C(=O)c1ncn(Cc2ccccc2)c1N
mol_2680,CCCC[Sn](CCCC)(OC(=O)c1cc(OC)c(OC)cc1OC)O[Sn](CCCC)(CCCC)OC(=O)c1cc(OC)c(OC)cc1OC
mol_2681,CC(C)=CCCC(C)=CCCC1(C)C=Cc2c(c3ccccc3oc2=O)O1
mol_2682,N#CC12CNCC1CN=N2
mol_2683,COc1ccc(C=C2C(=O)N(C(=O)c3ccc(NC(C)=O)cc3)N=C2C)cc1
mol_2684,CN(C)c1ccc(C2NCCc3c2[nH]c2ccccc32)cc1
mol_2685,COc1cc(C(CN)N(C)C)cc(OC)c1OC.Cl
mol_2686,c1ccc2c(c1)SC1=[S+][Cu-3]3([S+]=C4Sc5ccccc5N43)N12
mol_2687,CCOC(=O)CN1C(=O)c2ccc(NC(=O)C(=O)O)cc2S1(=O)=O
mol_2688,OCC(O)C(O)C(O)C(C=NNc1nc(O)c2ccccc2n1)=NNc1nc(O)c2ccccc2n1
mol_2689,Oc1nnc2c(-c3ccccc3)n[nH]c2n1
mol_2690,NC(CSSCC(N)C(=O)Nc1ccc2ccccc2c1)C(=O)Nc1ccc2ccccc2c1
mol_2691,O=[N+]([O-])c1ccc(C2=Nn3cnnc3SC2)o1
mol_2692,Cc1ccc(NCC2(N=Cc3ccccc3)OC(CO)C(O)C2O)cc1
mol_2693,COc1ccc2nc(CC(=N)c3ccc(N(C)C)cc3)ccc2c1
mol_2694,CCCCCCCCCCCCCC(=O)OC1C(O)C(CO)OC(OC)C1NC(=O)N(CCCl)N=O
mol_2695,I.N=C(NN)Nc1cccc2ccccc12
mol_2696,O=c1c2c(nc3[nH]ccn13)CCC2
mol_2697,c1ccc(N2N=C(c3ccco3)CC2c2ccco2)cc1
mol_2698,CC(=O)c1cccc(C(C)=O)c1N=Cc1ccccc1
mol_2699,Cn1[nH]c(=N)nc1N=S(C)(C)=N
mol_2700,O=c1ccc(-c2ccc(-n3ccnc3)cc2)nn1CCO
mol_2701,CCC1(N)C(=O)OCc2c1cc1n(c2=O)Cc2cc3ccccc3nc2-1
mol_2702,C=CCOC1OC(CO[Si](C)(C)C(C)(C)C)C(OCc2ccccc2)C(OCc2ccccc2)C1OCc1ccccc1
mol_2703,CCCCN(CCCC)C(=O)C(CC(=O)c1cccc2ccccc12)=NNC(=O)c1cc2ccccc2cc1O
mol_2704,C[n+]1c2ccccc2n2c3ccccc3c(NCCc3ccccn3)c(C#N)c21.Cc1ccc(S(=O)(=O)[O-])cc1
mol_2705,CCOC(=O)C1CCCC1S(=O)(=O)c1ccc(C)cc1
mol_2706,CC1(C)CC2C(=O)c3ccccc3NC2c2ccccc21
mol_2707,CCc1ccc(C(C)=NNC(N)=S)cc1
mol_2708,CC(=O)Nc1ccc2cc3[nH]c4cc(NC(C)=O)ccc4c3nc2c1
mol_2709,Cc1ccc2c(c1)nc1c3ccccc3nc(-c3ccccc3N)n21
mol_2710,C=CCn1c(-c2ccc(-c3csc(=NN=O)n3CC=C)cc2)csc1=NN=O
mol_2711,Cc1nc(=O)n2c(c1C(=O)Nc1ccc(Cl)cc1)NCC2.Cl
mol_2712,Cc1ccc2nc(C=Nc3ccccc3Cl)cc(C)c2c1
mol_2713,CC(CC(=O)CCC(=O)Nc1cccc(C(F)(F)F)c1)=NNC(=O)NN
mol_2714,CC1CCC(=Cc2ccc(F)cc2)C2=C1C(c1ccc(F)cc1)NC(=S)N2
mol_2715,CC1=NOC(=O)C1=Cc1ccccc1O
mol_2716,COC(=O)C(C)(Cc1ccc2c(c1)nnn2C(C)=O)NC(C)=O
mol_2717,O=C1NC2CSC(CCCCC(=O)ON3C(=O)CCC3=O)C2N1
mol_2718,N#CCCN(CCC#N)c1ccc(C=C(NC(=O)c2cc([N+](=O)[O-])ccc2Cl)C(=O)NN)cc1
mol_2719,CN1[PH](F)(F)[Ni-2]2([PH](c3ccccc3)(c3ccccc3)c3ccccc3)[PH](F)(F)N(C)[PH](F)(F)[Ni-2]([PH](c3ccccc3)(c3ccccc3)c3ccccc3)([PH]1(F)F)[PH](F)(F)N(C)[PH]2(F)F
mol_2720,CCc1c(CN)c(CC)c(CNC2=NCCN2)c(CC)c1CNC1=NCCN1.Cl
mol_2721,CN(C)C(=S)SSC(=S)N(C)C
mol_2722,CCCCCCCCCCCCNC(=O)C(O)C(O)C(O)C(COS(=O)(=O)O)OS(=O)(=O)O
mol_2723,Nc1nc(Cl)cc(OCC2(O)CC(COC(=O)c3ccccc3)C2)n1
mol_2724,CN(NC(=O)c1ccco1)C1=NCCN1.I
mol_2725,CSCCC(NC(=O)OC(C)(C)C)C(=O)NCCNc1ccc(NCCNC(=O)C(CCSC)NC(=O)OC(C)(C)C)c2c1C(=O)c1ccccc1C2=O
mol_2726,Clc1ccc(CCc2ccncn2)c(Cl)c1
mol_2727,CC(C)=CC1CCc2ccccc2N1S(=O)(=O)c1ccc(C)cc1
mol_2728,O=C1c2sccc2-c2cccc3cccc1c23
mol_2729,Cc1cc(C2(c3cc(C)c(O)c(CN(CC(=O)O)CC(=O)O)c3)OS(=O)(=O)c3ccccc32)cc(CN(CC(=O)O)CC(=O)O)c1O
mol_2730,N#Cc1cc(Sc2ccc(N)c(C#N)c2)ccc1N
mol_2731,COC1=CC(=O)c2ccccc2C1(CCC=C(C)C)C1=NC(C)(C)CO1
mol_2732,c1cnn([B-]2(n3cccn3)n3ccc[n+]3[B-](n3cccn3)(n3cccn3)n3ccc[n+]32)c1
mol_2733,COc1ccc(OC)c2cc(Cc3ccc(N(C)C)cc3)c(=O)c(Cc3ccc(N(C)C)cc3)cc12
mol_2734,Cc1c(C)c2ccc(OCC(O)COC(C)C)c(C)c2oc1=O
mol_2735,CCc1c(O)nc2ccc(N)cc2c1C
mol_2736,CC12Cc3cn[nH]c3C(=O)C1CCC1C2CCC2(C)C1CCC2(C)O
mol_2737,CC(=O)NC(=Cc1ccc(Cc2nc3c([nH]2)C(=O)c2ccccc2C3=O)cc1)c1nc2c([nH]1)C(=O)c1ccccc1C2=O
mol_2738,Fc1ccc2nncc(SCc3ccc(Cl)cc3)c2c1
mol_2739,COc1cc2oc(=O)cc(C)c2cc1OC
mol_2740,COC(=O)C(Cc1ccccc1)NC(=O)C(CNC(=O)OCc1ccccc1)C(=O)OCc1ccccc1
mol_2741,CC(=O)OC1C(C)(O)C2CCC3C4(C)CCCC(C)(C)C4CCC13C2
mol_2742,COc1ccc(N2C(=O)C3c4[nH]c5ccc(F)cc5c4C4CCC(c5ccccc5)CC4C3C2=O)cc1
mol_2743,O=S1(=O)CCCCO1
mol_2744,COC12OC3(C(CO)OC(=O)C3C1S(=O)(=O)c1ccccc1)C1OC12
mol_2745,CC(C)[Si]1(C(C)C)OCC2OC3(CO)C(Oc4nc(=O)ccn43)C2O[Si](C(C)C)(C(C)C)O1
mol_2746,CCN=C1SC2C(=O)N(C)C(S1)C(=O)N2C
mol_2747,C#CCCCCC#CC1CCCC1C1=CC(=O)c2ccccc21
mol_2748,CC(C)(CC(O)C#N)[N+]([O-])=[N+]([O-])C(C)(C)CC(O)C#N
mol_2749,C=C(C)C1CCC2(C(=O)O)CCC3(C)C(CCC4C5(C)CCC(C(=O)C=Cc6ccc(O)c(O)c6)C(C)(C)C5CCC43C)C12
mol_2750,CCC1CC2CN3CCc4c([nH]c5cc(OC)ccc45)C(C(=O)OC)(C2)C13
mol_2751,COc1cc2cnc3c4cc(O)ccc4ccc3c2cc1OC
mol_2752,Oc1ccnc(Nc2cccnc2S)n1
mol_2753,CC(C)(C)c1cc2c(O)c(c1)Cc1cc(C(C)(C)C)cc(c1O)Cc1cc(C(C)(C)C)cc(c1O)Cc1cc(C(C)(C)C)cc(c1O)C2
mol_2754,O=C(NC(=Cc1ccc([N+](=O)[O-])cc1)c1nc2ccccc2s1)c1ccccc1
mol_2755,NC(CO)C(=O)NCCS(=O)(=O)O
mol_2756,O=c1cc(-c2ccccc2)oc2ccc(O)cc12
mol_2757,OC12c3ccccc3C1CCCC2N1CCOCC1
mol_2758,CCCC[Sn](CCCC)(OC(=O)c1cc(OC)c(OC)c(OC)c1)OC(=O)c1cc(OC)c(OC)c(OC)c1
mol_2759,COC(=O)C1(Cc2ccc3c(c2)CCC3)Cc2cc3c(cc2C1)CCC3
mol_2760,CC(C1CCCC1=O)C1CCCC1=O
mol_2761,CC(=O)N1C(=O)C(=CC(=O)c2ccc(Cl)cc2)c2ccccc21
mol_2762,CCOC(=O)c1ccc(NC(=O)Nc2ncc(Cl)cc2Cl)cc1
mol_2763,CC1=NN(C(=O)CC(=O)Nc2ccccc2Cl)C(=O)C1N=Nc1ccc(C(=O)O)cc1
mol_2764,N#CC(c1ccccc1)(c1ccccc1)C(c1ccccc1)C(Cc1ccccc1)NS(=O)(=O)c1ccccc1
mol_2765,COc1ccc(NC(=O)CC(=O)NN=C(C)c2cc3cc(N=Nc4ccccc4Cl)ccc3oc2=O)cc1
mol_2766,O=C1CCC2(c3ccc(Cl)cc3)Nc3ncncc3N12
mol_2767,CC=CC=C1C=Cc2c(C(=O)OC)coc(=O)c21
mol_2768,O=C1Nc2ccccc2C(=O)C1=CNC(=S)NCCc1ccccc1
mol_2769,COc1cc(C(O)C(O)c2cc(CN3CCOCC3)c(O)c(OC)c2)cc(CN2CCOCC2)c1O
mol_2770,ClCCC1OC(CCCl)OC(CCCl)O1
mol_2771,CN(C)c1ccc(C=NN2C(=O)c3ccccc3C2=O)cc1
mol_2772,CC(NC(=O)C1CCCN1C(=O)CNC(=O)OC(C)(C)C)C(=O)O
mol_2773,CCN(CC)CCOc1ccc2c(c1O)C(=O)c1ccccc1C2=O
mol_2774,O=S(=O)(F)c1cc(C[PH](c2ccccc2)(c2ccccc2)c2ccccc2)ccc1Cl
mol_2775,O=C(O)Cn1ccc(=O)c2ccc([N+](=O)[O-])cc21.[NaH]
mol_2776,CC(=O)OCC1OC(n2c(-c3ccc(N)cc3)cc(-c3ccco3)c(C#N)c2=O)C(OC(C)=O)C(OC(C)=O)C1OC(C)=O
mol_2777,CCOC(=O)c1c(N)sc2c1CCCC2
mol_2778,COc1cc2c(cc1OC)C(Cc1ccc(Oc3cc(CC4c5cc(OC)c(OC)cc5CCN4C)ccc3O)cc1)N(C)CC2
mol_2779,CCOC(=O)C(Cc1ccccc1[N+](=O)[O-])C(=O)OCC
mol_2780,CC(=O)[OH+][Cu-4]12(Oc3ccccc3C=[N+]1c1ccc(S(=O)(=O)Nc3ncccn3)cc1)Oc1ccccc1C=[N+]2c1ccc(S(=O)(=O)Nc2ncccn2)cc1
mol_2781,CC(C)C1C(=NO)CC(c2ccccc2)N(N=O)C1c1ccccc1
mol_2782,O=C(Cc1ccccc1)NN1C(=O)C(Cl)C1c1ccccc1Cl
mol_2783,Cn1cc(NC(=O)Nc2cc(C(=O)Nc3cc(C(=O)Nc4ccc5cc(S(=O)(=O)O)cc(S(=O)(=O)O)c5c4)n(C)c3)n(C)c2)cc1C(=O)Nc1cc(C(=O)Nc2ccc3cc(S(=O)(=O)O)cc(S(=O)(=O)O)c3c2)n(C)c1.[KH]
mol_2784,S=C1CC(c2ccc(Sc3ccccc3)cc2)=Nc2ccccc2N1
mol_2785,COC(=O)C12CCC1(C(=O)OC)C1(C)OC(=O)C=C(C)C12
mol_2786,CCOC(=O)C1C(c2ccc(OC)cc2)c2c(nn(-c3ccccc3)c2O)CC1(O)OCC
mol_2787,N=C(N)Nc1ccc2oc(=O)ccc2c1
mol_2788,COC(=O)C1C(=O)N(C)c2cc(C)c(C)cc2C1(C)C
mol_2789,CCN(CC)C(=S)SS(=O)(=O)c1ccc(NC(C)=O)cc1
mol_2790,N=c1[nH]c(=O)n(C2OC(CO)CC2F)cc1Cl
mol_2791,O=S(=O)(CC#CCO)c1c2ccccc2cc2ccccc12
mol_2792,Nc1c(C(=O)Nc2ccccc2)[n+]([O-])c2ccccc2[n+]1[O-]
mol_2793,Fc1ccc(C(=NCc2ccccc2)N2CCOCC2)cc1
mol_2794,O=C1C(=Cc2ccco2)NC(=S)N1CN1CCCCC1
mol_2795,COc1ccc2cc1Oc1ccc(cc1)CC1c3cc4c(cc3CCN1C)Oc1c(OC)cc3c(c1O4)C(C2)N(C)CC3
mol_2796,[N-]=[N+]=C(C(=O)OCC#CCOC(=O)C(=[N+]=[N-])S(=O)(=O)c1ccccc1)S(=O)(=O)c1ccccc1
mol_2797,COc1ccc(CCc2nccn2C)cc1OC
mol_2798,O=Nc1ccccc1C(=O)O
mol_2799,CN(CC1=C(O)C(=O)C(CN(C)Cc2c(O)ccc3ccccc23)=C(O)C1=O)Cc1c(O)ccc2ccccc12
mol_2800,c1ccc2c3c([nH]c2c1)C1CCN2CCCC2N1CC3
mol_2801,CN1CCN(c2nc3c(c(=O)n(C)c(=O)n3C)n2C)CC1
mol_2802,CN(C)C=C1CCc2ccc([N+](=O)[O-])cc2C1=O
mol_2803,CC12CC(Br)(Br)C(=O)C3C1CCCC32
mol_2804,CSCCC(NC(=O)Cc1ccc(C(=O)c2ccccc2)cc1)C(=O)O
mol_2805,c1ccc2c(c1)[nH]c1c2c(N2CCOCC2)nn2cnnc12
mol_2806,COc1cccc(NC(=O)CSc2nnc(Cc3ccccc3)o2)c1
mol_2807,Cn1c(=O)c2nc(-c3ccccc3)nnc2n(CCO)c1=O
mol_2808,CC1(C)COC(=O)N1
mol_2809,O=S1(=O)OC2CCCCC2O1
mol_2810,O=C1NC23C4C5C6C4C2(N1)C6C53
mol_2811,O=C(O)C[n+]1cn(NC(=O)Cc2ccccc2)cn1.[BrH2+]
mol_2812,CC(=O)N1C(c2[nH]c3ccccc3c2-c2ccccc2)CCN1c1ccccc1
mol_2813,COc1cccc(NC(=O)NC(=Cc2ccc(N(CCC#N)CCC#N)cc2)NC(=O)c2cc([N+](=O)[O-])ccc2Cl)c1
mol_2814,CC(C)(C)C1CCC2c3c([nH]c4ccc(Br)cc34)C3C(=O)N(c4ccccc4)C(=O)C3C2C1
mol_2815,Sc1ccccc1N=Cc1cccs1
mol_2816,N#CSC(C(Cl)=C(Cl)Cl)=C(Cl)[N+](=O)[O-]
mol_2817,CCN(CC)CCCNC(=O)Cc1ccccc1Nc1c(Cl)cccc1Cl
mol_2818,CCOC(=O)CCC(NC(=O)c1ccc(Nc2cnc3ccc(C(F)(F)F)cc3n2)cc1)C(=O)OCC
mol_2819,OC1(CCc2ccccc2)COC(C(F)(F)F)(C(F)(F)F)C1
mol_2820,CN(C)c1c(C2CC(O)C(CO)O2)c(=O)c1=O
mol_2821,COC12CC(=O)C(=C(O)C=Cc3ccccc3)C(=O)C1(OC)Cc1ccccc1O2
mol_2822,c1ccc(C2=NOC(c3ccccc3)N2C23CC4CC(CC(C4)C2)C3)cc1
mol_2823,CC(c1ccccc1O)C1CCCCC1N=O
mol_2824,CC[N+]1(C)CCC(O)(c2ccc(C)cc2)C(C(=O)c2ccc(C)cc2)C1.[Br-]
mol_2825,C=C(Br)CN1CCC2(c3ccccc3)C(O)C([Se]c3ccccc3)CCC12
mol_2826,O=C1OC(=O)C2=C1CCc1ccccc12
mol_2827,CN(C)c1nc(N)nc(Nc2ccc(Br)cc2)c1N=O
mol_2828,O=C(Nc1nc2c(O)ncnc2s1)c1ccccc1
mol_2829,CCCc1cc(-c2ccc(-c3cc(CCC)c(C=O)[nH]3)s2)[nH]c1C=O
mol_2830,CN1C(=O)N=C(Nc2nc(Cc3ccc4c(c3)OCO4)cn2C)C1=O
mol_2831,F[P-](F)(F)(F)(F)F.c1ccc(C[S+]2CCCC2)cc1
mol_2832,O=S(=O)(CC1=NC2C=CC=CC2N=C1)NCc1ccccc1
mol_2833,COC(=O)C1(NC(=O)C(CC(=O)OC(C)(C)C)NC(=O)OC(C)(C)C)CC1
mol_2834,C[n+]1c(-c2ccc(C=NNc3n[nH]c(=S)n3N=Cc3ccc(-c4cn5ccccc5[n+]4C)cc3)cc2)cn2ccccc21
mol_2835,Cc1cccc2c1c(=O)c1c(O)c3c(cc1n2C)OC(C)(C)C=C3
mol_2836,Cc1ccsc1C(=O)C(CC(=O)c1cccs1)c1ccsc1
mol_2837,CN(CCC(N)CC(=O)NC1C=CC(n2ccc(=N)[nH]c2=O)OC1C(=O)O)C(=N)N
mol_2838,N#Cc1sc2nc3ccccc3n2c1N
mol_2839,CCOC(=O)C(=Cc1ccoc1)P(=O)(OCC)OCC
mol_2840,CCN1CCN(c2nc3ccccc3c3c2CCOc2ccccc2-3)CC1
mol_2841,CO[IH2]1NC(=O)c2ccccc21
mol_2842,NN=C(Cc1nc2ccc(C(=O)c3ccccc3)cc2nc1O)C(=O)Nc1ccc([N+](=O)[O-])cc1[N+](=O)[O-]
mol_2843,C=C1C(OC(=O)C(OC(C)=O)C(c2ccccc2)N(C)C)CC(OC(C)=O)C2(C)C(OC(C)=O)C(OC(C)=O)C3=C(C)C(OC(C)=O)CC(C(OC(C)=O)C12)C3(C)C
mol_2844,CN1C(=O)C(CCO)(C(C)(C)C)c2ccccc21
mol_2845,Cc1ccc(C=C2Cc3cc(C)c(C)cc3C2=O)c(C(=O)O)c1
mol_2846,C[N+](C)(C)c1ccc2c(c1)N(S(C)(=O)=O)CC2CCl.[Cl-]
mol_2847,COc1ccccc1C1=NC(C)(C)CO1
mol_2848,COc1cc2c3c(c1)CCCN3CCC2
mol_2849,CCC1CCC2c3c([nH]c4ccccc34)C3C(=O)N(c4ccc(OC)cc4)C(=O)C3C2C1
mol_2850,Cc1oncc1N=C1C=C(O)C(=O)c2ccccc21
mol_2851,Nc1c2cc3ccc2nc2ccc(cc12)OCCOCCOCCOCCOCCOCCO3
mol_2852,CC12CC3(O)OC(O1)C1(COC(=O)c4ccccc4)C3CC21OC1OC(COC(=O)c2cc(O)c(O)c(O)c2)C(O)C(O)C1O
mol_2853,CCOC(=O)C(C(=NNC(=O)OC)C(=O)Nc1cc(OC)ccc1OC)c1cnc2ccccc2n1
mol_2854,CN=C(NC)c1ccc(NC(=O)c2ccc(C(=O)Nc3ccc(C(=NC)NC)c(C)c3)cc2)cc1C
mol_2855,Cc1ccccc1-n1c(=O)c2ncn(CCCl)c2n(-c2ccccc2C)c1=S
mol_2856,CC(c1ccccc1)N1CN(C(=O)OCc2ccccc2)C(C)(C)CC1=O
mol_2857,Cc1nc(N)c(N2CCNCC2)c(O)n1
mol_2858,COC(=O)C(=O)C1CSC2=C(CS(=O)(=O)c3ccccc32)C1=O
mol_2859,C=C(CN(C)C)C(=O)c1ccccc1OC
mol_2860,Cc1c(C)c2cc3c(=O)ccoc3c(C)c2oc1=O
mol_2861,COc1cc2c(c(OC)c1OC)-c1ccc(OC)c(=O)cc1C(NC(=O)c1ccc(N=[N+]=[N-])cc1)CC2
mol_2862,Cn1cc(NC(=O)c2cc([N+](=O)[O-])cn2C)cc1C(=O)Nc1cc(S(=O)(=O)O)c2cc(S(=O)(=O)O)cc(S(=O)(=O)O)c2c1.[NaH]
mol_2863,CC(=O)OCCC(O[Si](c1ccccc1)(c1ccccc1)C(C)(C)C)C(C)(C)O
mol_2864,OCC1OC(n2cnc3c(Cl)ncnc32)C(O)C1O
mol_2865,Br.NCCOc1c2occc2cc2ccc(=O)oc12
mol_2866,Cc1cc(Cl)c(O)c(-c2cc(-c3ccccc3O)c(C#N)c(N)n2)c1
mol_2867,CN(C)c1ccc(C=C2SC(=S)NC2=O)cc1
mol_2868,c1ccc(OCc2nnc(CCCCCCCCc3nnc(COc4ccccc4)o3)o2)cc1
mol_2869,CC(=O)OC(Cc1c(O)c2c(C)cccc2oc1=O)C(C)(C)O
mol_2870,Cc1ccc(NC(=O)C(=O)CC(=O)c2c(C)[n+]([O-])c3ccccc3[n+]2[O-])cc1C
mol_2871,O=C1Nc2ccc([N+](=O)[O-])c3c([N+](=O)[O-])ccc1c23
mol_2872,NC(CCCCNCC(N)C(=O)O)C(=O)O
mol_2873,CCOC(=O)n1c2ccccc2c2c(O)c(OC)c3c(c21)C(=O)NC3=O
mol_2874,O=S(=O)(O)c1cc(N=Nc2ccc(O)c3ccccc23)ccc1C=Cc1ccc(N=Nc2ccc(O)c3ccccc23)cc1S(=O)(=O)O
mol_2875,Cc1c(Cc2ccccc2)n(C(C)OCCN(O)C(N)=O)c(=O)[nH]c1=O
mol_2876,Cc1c(NC(=S)Nc2ccc([N+](=O)[O-])cc2)c(=O)n(-c2ccccc2)n1C
mol_2877,CC(=O)OC1C(COS(=O)(=O)O)OC(OC2CCC3(C)C(=CCC4C3CCC3(C)C(C(C)=O)CCC43)C2)C(OC(C)=O)C1OC(C)=O.CCN(CC)CC
mol_2878,COC(=O)CC(C(C(C)=O)C(=O)OCc1ccccc1)N1C(=O)OCC1c1ccccc1
mol_2879,Cc1cc(-n2c(C=Cc3ccc(Cl)cc3)nc3cc(Cl)ccc3c2=O)on1
mol_2880,COC1=CC(=O)c2c(O)c3c(c(O)c2C1=O)CC(C)(O)CC3O
mol_2881,COc1ccc(C2c3cc4c(cc3OC(O)(CO)C2C(=O)O)OCO4)c(OC)c1OC.COc1ccc(C2c3cc4c(cc3OC3(O)COC(=O)C23)OCO4)c(OC)c1OC
mol_2882,CCOC(=O)C(=[N+]=[N-])C(=O)Nc1nn2nnnc2c2ccccc12
mol_2883,COc1cc2c(cc1OC)C(Cc1ccccc1CCCl)=NCC2.Cl
mol_2884,COc1nn(C)c(=O)c2cccnc12
mol_2885,CCOC(=O)C1(C(=O)OCC)OC(C)=NC1(C(=O)OC)C(=O)OC
mol_2886,COC(=O)c1ccc(C)cc1CC1Cc2cccc(C)c2C1=O
mol_2887,Cc1ccc2c3ccc4c(c3n(C)c2c1)C(=O)C=CC4=O
mol_2888,Cc1cccc2c(N)c3cccc(C(=O)NCC[N+](C)(C)Cc4ccc([N+](=O)[O-])s4)c3nc12.[Cl-]
mol_2889,COc1c2c(cc3nc4ccccc4nc13)CCC(C(C)(C)O)C2
mol_2890,OCC1CCC(n2nnc3c(O)nncc32)O1
mol_2891,N=c1oc2ccc3ccccc3c2cc1C(N)=S
mol_2892,C=CCc1cc(OC)c2c(c1)C(O)CC(c1ccccc1)O2
mol_2893,c1ccc(Cn2cc[n+]3c2[Au-][n+]2ccn(Cc4ccccc4)c2[Au-][n+]2ccn(Cc4ccccc4)c2[Au-]3)cc1
mol_2894,CCCCn1c(N)c(N=O)c(=O)n(CCCC)c1=O
mol_2895,COCCCNc1nc(N)c(C#N)c(C#N)c1C#N
mol_2896,CC(C)(C)[Si](C)(C)OCC1OC(n2ccc(=O)[nH]c2=O)C(O[Si](C)(C)C(C)(C)C)C1=CCO
mol_2897,CC=Cc1cc(=O)c(C2OC(=O)c3cc(OC)cc(OC)c32)co1
mol_2898,CC1(C)OC2OC(C(O)CO)C(OC(=S)SSC(=S)OC3C(C(O)CO)OC4OC(C)(C)OC43)C2O1
mol_2899,[O-][N+]1=Cc2ccc(O)cc2[OH+][Cu-3]12[OH+]c1cc(O)ccc1C=[N+]2[O-]
mol_2900,CCOc1ccc(C(C)c2cc3c(cc2OC)OCO3)cc1
mol_2901,O=NC1C(Cl)C2CC1C1C(Br)C(Br)CC21
mol_2902,N#CC(C=Cc1ccccc1)Nc1ccccc1
mol_2903,CN(CCS(=O)(=O)N1C(=O)C2CCCN2C(=O)C1Cc1ccccc1)C(=O)OCc1ccccc1
mol_2904,Cc1c(N=Nc2ccc(Cl)cc2)c(-c2ccccc2)n(C2OC(CO)C(O)C(O)C2O)c(=S)c1C#N
mol_2905,COc1cc(C=C2CCC(C)C(=Cc3cc(OC)c(OC)c(OC)c3)C2=O)cc(OC)c1OC
mol_2906,CC(CC(C)C1CCC2C3C(O)CC4CC(O)CCC4(C)C3CC(=O)C12C)C(=O)O
mol_2907,CC(=O)N1C(c2[nH]c3ccccc3c2Cc2ccccc2)CCN1c1ccccc1
mol_2908,O=C1CS(=O)(=O)C(c2ccccc2Cl)N1N1C(=O)CS(=O)(=O)C1c1ccccc1Cl
mol_2909,O=C1Nc2ccccc2C1(O)CC(=NO)c1ccc2ccccc2c1
mol_2910,COc1cccc(CC2C(=O)N=C(NC(C)=O)N2C)c1OC(C)=O
mol_2911,S=C(SSC(=S)N(Cc1ccccc1)Cc1ccccc1)N(Cc1ccccc1)Cc1ccccc1
mol_2912,N=C(N)NN=C(CC1OC(=O)c2ccccc21)c1ccc2ccccc2c1
mol_2913,O=C(NN=CC=Cc1ccccc1)c1ccncc1
mol_2914,COC(=O)C(CCSC)NCc1cc(N(C)C)cc(CNC(CCSC)C(=O)OC)n1
mol_2915,OCC1CC(F)C(n2cnc3c(NOCc4ccccc4)ncnc32)O1
mol_2916,CCN(CC)CC1CCCCN1CC(=O)N1c2ccccc2NC(=O)CC1C
mol_2917,C=C(C)C(CC=C(C)C)CC12CC(CC=C(C)C)C(C)(C)C(CC=C(C)C)(C(=O)C(Cc3ccc(O)c(O)c3)=C1O)C2=O
mol_2918,CCOC(=O)Cc1csc2nc(-c3ccccc3)nn12
mol_2919,Nc1ncnc2c(C3OC(CO)C(O)C3O)nsc12
mol_2920,Cc1cc(NS(=O)(=O)c2ccc(Nc3c4ccccc4nc4c(C(=O)NC=O)cccc34)cc2)no1
mol_2921,Cc1cc(Cl)ccc1NC(=O)CC1SC(Nc2ccccc2Cl)=NC1=O
mol_2922,CC(C)(C)Nc1noc(=O)n1C(C)(C)C
mol_2923,Cc1nc2[nH]ncn2c(=O)c1CCCl
mol_2924,CSc1nc(Br)nc2ncn(C3CC(Oc4ccc(C)cc4)C(COc4ccc(C)cc4)O3)c12
mol_2925,CC12Cc3conc3C(O)=C1CCC1C2CCC2(C)C1CCC2(C)O
mol_2926,CC1=NN(C(=O)c2ccccc2O)C(=O)C1=Cc1ccco1
mol_2927,CCOC(=O)CCCN(C(=O)c1ccccc1)c1scc(-c2ccccc2)c1C(=O)OCC
mol_2928,O=C1c2ccccc2C(=O)c2sc(Nc3ccc(Cl)cc3)nc21
mol_2929,Cc1nc2ccccc2c(N)c1-c1cc(C)c2c(C)nc3ccccc3c2n1
mol_2930,CC(C)=CC1CC(=[N+]=[N-])C(=O)C1(C)C
mol_2931,CC1=NN(c2ccc(S(=O)(=O)O)cc2)C(=NNC(N)=S)C1
mol_2932,CC(=O)n1[nH]c(=O)n(-c2ccccc2)c1=O
mol_2933,OCC1(CO)CCCC(CO)(CO)C1O
mol_2934,Cc1ccnc(NS(=O)(=O)c2ccc(NC3=CC(=O)C(=O)c4ccccc43)cc2)n1
mol_2935,COc1ccc(C(=O)C(C(=O)C(=O)Nc2nccs2)c2ccc(OC)cc2)cc1
mol_2936,CN(C)c1nc2sc3c(c2c(=O)o1)CCCC3
mol_2937,CC(c1ccccc1)[PH](c1ccccc1)(c1ccccc1)c1ccccc1
mol_2938,N=C1NN(c2ccccc2)C(=O)C1=Cn1c(=S)[nH]c2ccccc21
mol_2939,O=C(O)C(=Cc1ccc(-c2ccc([N+](=O)[O-])cc2)o1)C(=O)O
mol_2940,CC(C=C(C#N)C#N)=Cc1cccc(F)c1
mol_2941,O=C1OC(=O)C2C3CC(C12)C1C3N1S(=O)(=O)c1ccccc1
mol_2942,O=S(=O)(O)c1cc2onnc2c2ccccc12
mol_2943,CN(C)C(=S)N=c1ssc(=Nc2ccccc2)n1C
mol_2944,NS(=O)(=O)c1ccc(C(=O)O)cc1
mol_2945,O=C(CCCC(=O)NN=Cc1ccc(O)c(O)c1)NN=Cc1ccc(O)c(O)c1
mol_2946,Cc1ccnc2c1NC(=O)c1cccnc1N2C1CC1
mol_2947,CC1(C)CCCCCCC2OC2CCCCCC(C)(C)C1=O
mol_2948,CC(=O)Nc1[nH]n(C)c(=O)c1-c1nnc(C)s1
mol_2949,BrCc1ccc2ccc3ccc(CBr)nc3c2n1
mol_2950,CCOC(=O)C(=Cc1ccc(C#N)cc1)N(CC)CC
mol_2951,N#CC1(Cl)CC2CC1C1N=NN(c3ccccc3)C21
mol_2952,Cc1cc2nc3c4ccccc4n(C)c3nc2cc1C
mol_2953,CCc1cccc(C(C)C)c1NC(=O)C(=O)C(C(=O)C(=O)OC)c1nc2ccccc2nc1O
mol_2954,CC(O)=C1C(=O)CCC1=O
mol_2955,O=C(NNC(=O)c1cc(C=Cc2cccc([N+](=O)[O-])c2)nc(S)n1)Nc1ccc(Cl)cc1
mol_2956,COc1cc(C)cc2c1C(=O)C(Br)CC2
mol_2957,O=C(ON=C1CCCC1=Cc1ccccc1)c1ccc(Cl)c(Cl)c1
mol_2958,CN(C)CC1CCCC1=NOC(=O)c1ccccc1.Cl
mol_2959,C1=CC(=P(c2ccccc2)(c2ccccc2)c2ccccc2)C=C1
mol_2960,C=CCCCCCCCC(O)C1CC(O)C(CCCCC)O1
mol_2961,CC=CC(O)(C(=O)OC1CN2CCC1CC2)C1CCCC1
mol_2962,COc1ccc(OC)c2c1C=CC(C1(C)SCCS1)C2C(C)=O
mol_2963,COC(=O)C1=C(C(=O)OC)C(C(=O)OC)N2C=CC=CC2=C1C(=O)OC
mol_2964,c1cnn(CN(Cn2cccn2)Cn2cccn2)c1
mol_2965,O=C(C=Cc1ccc(-c2ccccc2)cc1)c1cccs1
mol_2966,O=C1CC(c2ccc(O)cc2)Oc2cc(O)cc(O)c21
mol_2967,C1=[N+]2c3ccccc3[SH+][Ni-4]234([O+]=C1c1ccco1)[O+]=C(c1ccco1)C=[N+]3c1ccccc1[SH+]4
mol_2968,CC1CN=C(N(C(=O)Nc2ccccc2)C2CCCCC2)S1
mol_2969,O=C1OC(C=Cc2ccccc2)C(=O)C1=O
mol_2970,CCCCCCCCCCCC1=C(O)C(=O)C(CC2=C(O)C(=O)C(CCCCCCCCCCC)=C(O)C2=O)=C(O)C1=O
mol_2971,CC(=O)C(=Cn1c(=S)[nH]c2ccc([N+](=O)[O-])cc21)C(=O)Nc1ccc(Cl)cc1
mol_2972,N#Cc1c2c(cn3c1nc1ccccc13)CCCC2
mol_2973,Cc1cn(C2CC(N=[N+]=[N-])C(COC(=O)CCCCCCCCCCCF)O2)c(=O)[nH]c1=O
mol_2974,CC1=CC(C)(c2c[nH]c3ccccc23)CC(C)(C)c2c1[nH]c1ccccc21
mol_2975,O=C1Cc2ccccc2N1N=Cc1ccc([N+](=O)[O-])cc1
mol_2976,O=C(O)CSc1ccc2c3c(cccc13)C(=O)c1ccccc1-2
mol_2977,Cc1nc2ccc(Br)cc2c(=O)n1-c1ccc(NC2OC(CO)C(O)C(O)C2O)cc1
mol_2978,CC12CCC(=O)C=C1CCC1C2CCC2(C)C1CCC2(O)C1(O)CCC2C3CCC4=CC(=O)CCC4(C)C3CCC21C
mol_2979,CC1=C(C(=O)CC(=O)C(=O)Nc2cc(C)ccc2C)Sc2ccccc2N1
mol_2980,COC1=C(C)C(=O)C2C(C)C(c3ccc(OC)c(OC)c3)C2C1=O
mol_2981,CN(C)c1ccc(C=C(NC(=O)c2ccccc2)C(=O)NCC(=O)O)cc1
mol_2982,CCc1cccc(C)c1NC(=O)CC1Sc2ccccc2NC1=O
mol_2983,N#Cc1ccc(C=C2C(=O)NC(=O)NC2=O)cc1
mol_2984,CCOC1OC(=O)C2C(c3ccccc3Cl)=NOC12
mol_2985,COc1cc(C2c3cc4c(c(O)c3C(=O)C3CCC(=O)N32)OCO4)cc(OC)c1OC
mol_2986,CC(=NNc1ccc([N+](=O)[O-])cc1[N+](=O)[O-])c1ccccc1
mol_2987,CN1CCN(CCCN2c3ccccc3Sc3ccccc32)CC1
mol_2988,C=CCC1(C)CCCCC1(O)CS(=O)c1ccccc1
mol_2989,Brc1ccc(CCNCCN2CCCCC2)cc1.Cl
mol_2990,CCOc1ccccc1NC(=O)CC1Sc2ccccc2NC1=O
mol_2991,CC(=O)NNC1=NN(C(C)=O)C2(S1)C(=O)Nc1ccccc12
mol_2992,Nc1cc(Cl)ccc1N1C(=O)C=CC1=O
mol_2993,Cc1ccc(S(=O)(=O)NCCCSCCSCCCN)cc1
mol_2994,O=C1CCCCc2scc(C(=O)O)c2N1
mol_2995,I.O=C(NNC1=NCCCN1)Nc1ccccc1
mol_2996,CC1(C)CC(=O)C2=C(C1)NC1=C(C2)C(=O)CC(C)(C)C1
mol_2997,Cn1c(=O)c(C(c2ccccc2)c2c(O)c3ccccc3n(C)c2=O)c(O)c2ccccc21
mol_2998,CCN(CC)P1(=S)Oc2ccc3ccccc3c2-c2c(ccc3ccccc23)O1
mol_2999,CC1(C)OC2OC(C(O)COC(=O)c3ccccc3)C(Cl)C2O1
mol_3000,Cc1ccc(-c2cnc(NC3OC(COC(=O)c4ccccc4)C(OC(=O)c4ccccc4)C(OC(=O)c4ccccc4)C3OC(=O)c3ccccc3)s2)cc1
mol_3001,CC(C)c1ccc(C(c2ccc(OCC(=O)NCCN(C)C)cc2)c2ccc(C(C)C)cc(=O)c2O)c(O)c(=O)c1.Cl
mol_3002,OC(Cc1cnnc2ccccc12)C(Cl)(Cl)Cl
mol_3003,CC1CC(=O)CC2CCC3C4CCC(OC(=O)c5cccc6c(=O)c7ccccc7[nH]c56)C4(C)CCC3C12C
mol_3004,CC1=C(C(=O)CC(=O)C(=O)Nc2cccc(Cl)c2C)Sc2ccccc2N1
mol_3005,O=c1nc(NC(c2ccccc2)(c2ccccc2)c2ccccc2)ccn1CCCl
mol_3006,CCN(CC)CCNc1ccc(C)c2sc3ccccc3c(=O)c12
mol_3007,CC(C)=CCC12CCNC1N(S(=O)(=O)c1ccccc1)c1ccccc12
mol_3008,CCOC(=O)c1cc2c3c(c1)C(=O)CCN3CCC2=O
mol_3009,CC1=NNC(=O)C1C1C(=O)NN=C(c2c[nH]c3ccccc23)C1Br
mol_3010,COC(=O)c1c(C(=O)OC)c2c(-c3ccccc3)cc3cccc1n32
mol_3011,COc1cc(Cc2cc3c(c(C(=O)O)c2Br)OCO3)cc(OC)c1OC
mol_3012,CNN=C(C(=O)Nc1ccc(C(F)(F)F)cc1[N+](=O)[O-])C(c1cnc2ccc([N+](=O)[O-])cc2n1)[N+](=O)[O-]
mol_3013,CC(C)(C)C(=O)C=Cc1cccc(C#N)c1
mol_3014,C=CCC1CCN(C=C)C1=O
mol_3015,COc1ccc(-n2c(=O)[nH]n(C(C)=O)c2=O)cc1
mol_3016,O=C1CCCC1=C1SSC(=C2CCCC2=O)S1
mol_3017,O=C(c1ccco1)C1CC(c2ccc3ccccc3c2O)=NN1c1ccc([N+](=O)[O-])cc1[N+](=O)[O-]
mol_3018,CC(=O)C(C)(C)CCC(C)(C)C(C)=O
mol_3019,COC(=O)c1cccc(C)c1C1CN=NC12Cc1c(ccc(C)c1C)C2=O
mol_3020,Cc1ccc(S(=O)(=O)c2ccc(C)cc2[N+](=O)[O-])cc1
mol_3021,CC1(C)CC2C=C(C=O)C3(C=O)CC3(C)C2C1
mol_3022,CC(=O)OCC1OC(n2c3c(cc(C#N)c2=S)CCCCCC3)C(OC(C)=O)C(OC(C)=O)C1OC(C)=O
mol_3023,COc1ccc2c(-c3ccc(OCCN(C)C)cc3)c(Oc3ccccc3)c(=O)oc2c1
mol_3024,CN(C)CC1CCCCC1=NO
mol_3025,O=C(c1ccccc1)c1cc2c(nc1O)CCCCC2
mol_3026,O=C1C(Cl)C2c3cc4ccccc4nc3Oc3ccccc3N12
mol_3027,[N-]=[N+]=NC12CC3CC4C5CC(CC41)CC2C5C3
mol_3028,CC(=O)NNC(=S)NC=C1C(=O)NC(=O)NC1=O
mol_3029,N=C1NS(=O)(=O)NC(=N)C1=Cc1ccc([N+](=O)[O-])o1
mol_3030,CC(C)=CCC1=C(O)C(=O)c2ccccc2C1=O
mol_3031,c1ccc2c(c1)[n-]n1c3ccc4nonc4c3n[n+]21
mol_3032,O=C1CCC2=NCc3c(ccc4ccccc34)N12
mol_3033,COC(=O)c1cc(C#N)[nH]c1-c1ccc(Br)s1
mol_3034,CC1=NN(C(=O)c2ccc(Cl)cc2)C(=O)C1=Cc1cccc(O)c1
mol_3035,CC1(C)N=C(c2ccccc2)C2(c3ccccc3)N1C2(C)C
mol_3036,CC(=O)NC(CCCCN(Cc1ccccc1)C(=O)NCCCl)C(=O)NCc1ccccc1
mol_3037,CCOC(=O)CN(Cn1cncn1)Cn1cncn1
mol_3038,CCCCCCCCCCCCCCCC=C(c1cc(Br)c(OC)c(C(=O)OC)c1)c1cc(Br)c(OC)c(C(=O)OC)c1
mol_3039,CC1=C(C#N)c2nc3ccccc3n2C(=O)C1(C)CCO
mol_3040,N=c1ccn2c(n1)OC1C(OP(=O)(O)O)C(CO)OC12
mol_3041,N=c1ccn2c(n1)OC1C(O)C(CCl)OC12
mol_3042,O=C(NN=Cc1cc(S(=O)(=O)O)c2cccnc2c1O)C(=O)NN=Cc1cc(S(=O)(=O)O)c2cccnc2c1O.[NaH]
mol_3043,COc1ccc2cc(C(C)C(=O)N3C(=O)OCC3(C)C)ccc2c1
mol_3044,O=C1C(c2cnc3ccccc3n2)=C(O)c2ccccc21
mol_3045,O=C(CCc1ccc(C(=O)Nc2ccc(C3=NCCN3)cc2)cc1)Nc1ccc(C2=NCCN2)cc1
mol_3046,CN(C)c1ccc(C=C(C#N)c2ccccc2Cl)cc1
mol_3047,COc1nc2c(c(=O)n1C)N=C(c1ccccc1)C(C(CC(=O)c1ccccc1)c1ccccc1)C(c1ccccc1)N2
mol_3048,CCOC(OCC)c1ccc(-n2c(=S)[nH]cc(C#N)c2=N)c2c1OC2=NC=C(C#N)C#N
mol_3049,COc1ccc(-c2nnc3sc4c5ccccc5ccc4n23)cc1
mol_3050,COc1ccc(OC(COCc2ccccc2)CC2COC(C)(C)O2)cc1
mol_3051,CCCc1cc(O)nc(SCC(=O)O)n1
mol_3052,CCCCCCCCCCCCCCCCCCCCCCCCCCCCCC=C(c1cc(Cl)c(O)c(C(=O)O)c1)c1cc(Cl)c(O)c(C(=O)O)c1.N
mol_3053,COc1ccc(OC)c(C=CC(=O)C(C)(C)C)c1
mol_3054,Cl.Fc1cccc2c1[nH]c1c2ncc2[nH]c3ccccc3c21
mol_3055,C=C1CN2CCc3c([nH]c4ccccc34)C2CC1CC(=O)N(C)C
mol_3056,CC(=Nc1ccccc1C(=O)O)c1c(O)ccc2c(C)cc(=O)oc12
mol_3057,CC(C)(C)C(=O)C=Cc1ccc(C#N)cc1
mol_3058,COc1cc(O)cc2c1C(=O)C(C)O2
mol_3059,CC(C)(C)C1CCC(O)(c2ccccc2)CC1
mol_3060,COC(=O)C12CC3CC(CC(NC(=O)C(Cc4ccccc4)NC(=O)CN)(C3)C1)C2
mol_3061,NC(=O)Nc1ccc(C(=O)NCCCNC(=O)c2ccc(NC(N)=O)cc2)cc1
mol_3062,COc1cc2cc(C(=O)N3CC(CCl)c4c3cc([N+](=O)[O-])c3ccccc43)[nH]c2c(OC)c1OC
mol_3063,C=CCn1c(-c2ccc([N+](=O)[O-])cc2)csc1=NC(P(=O)(O)O)P(=O)(O)O
mol_3064,Cc1ccc(Oc2ccc([N+](=O)[O-])cc2[N+](=O)[O-])c(C)c1
mol_3065,O=C1NC(O)c2cccc(Cl)c2O1
mol_3066,CC(CC(=O)Nc1ccccc1C)=NNS(=O)(=O)c1ccc(C)cc1
mol_3067,COc1ccc(CC2COC(=O)C2Cc2ccccc2)cc1OC
mol_3068,O=S(=O)(O)c1cc(N=Nc2ccc(C=Cc3ccc(N=Nc4cc(S(=O)(=O)O)c5cccnc5c4O)cc3)cc2)c(O)c2ncccc12.[NaH]
mol_3069,CCOP(=O)(OCC)C(C#N)=Cc1cccc(Oc2ccccc2)c1
mol_3070,COc1c2ccoc2nc2c(OC)c(OCC(O)C(C)(C)O)ccc12
mol_3071,CN1C(=O)C(C)(O)Sc2ccccc21
mol_3072,[N-]=[N+]=NC1CC(n2cc(Cc3ccccc3)c(=N)[nH]c2=O)OC1CO
mol_3073,Cc1n(CC(C)C)c2c([n+]1CC(=O)c1ccc([N+](=O)[O-])cc1)C(=O)c1ccccc1C2=O
mol_3074,CCC(C=Cc1ccccc1)=NN=C(C=Cc1ccccc1)CC
mol_3075,Nc1ccc(S(=O)(=O)NN=Cc2ccc3c(c2)OCO3)cc1
mol_3076,CN(C)C(CN)CC1=C(CC(CN)N(C)C)CCC1
mol_3077,Cc1c(N=O)c(=O)n(-c2ccccc2)n1C
mol_3078,CCCCCCCCCCCCCOC(=O)CC(C(=O)OCCCCCCCCCCCCC)S(=O)(=O)O
mol_3079,Cl.O=C1C(CN(Cc2ccccc2)Cc2ccccc2)CCCC1CN(Cc1ccccc1)Cc1ccccc1
mol_3080,COc1ccc2c(c1)CCCN1Cc3ccccc3CC21
mol_3081,[O-]c1c2c(nn1-c1ccc(Cl)cc1)c1ccccc1c[n+]2Cc1ccccc1
mol_3082,O=C1OC(=O)C2CC3C(CC12)C1(Cl)C(Cl)=C(Cl)C3(Cl)C1(Cl)Cl
mol_3083,NC(=O)C(=O)n1ncc(Cl)c(Cl)c1=O
mol_3084,N#CC(C(=O)CCC(=O)Nc1ccc(Cl)c(Cl)c1)c1ccccc1
mol_3085,N#CC(C(=O)C(=NNC(N)=O)C(C#N)c1ccc(Cl)cc1)c1ccc(Cl)cc1
mol_3086,CC(=O)NC(CCCCNCc1ccccc1)C(=O)NCc1ccccc1
mol_3087,COc1cc2cnc3c4cc(OCc5ccccc5)ccc4ccc3c2cc1OC
mol_3088,Nc1nc(Cl)cc(NCC2(CO)COC2)n1
mol_3089,O=c1c(OS(=O)(=O)O)c(-c2ccc(OS(=O)(=O)O)cc2OS(=O)(=O)O)oc2cc(OS(=O)(=O)O)cc(OS(=O)(=O)O)c12.[KH]
mol_3090,N#Cc1c(N)[nH]c(S)c1C#N
mol_3091,Cc1cn(CCOCCOC(=O)NC(CCCNC(N)=O)C(=O)O)c(=O)[nH]c1=O
mol_3092,Cc1nc(Nc2ccccc2)sc1C(=O)NNc1ccc([N+](=O)[O-])cc1[N+](=O)[O-]
mol_3093,NC(=O)c1cn(C2OC(CO)C(O)C2O)c2nc[n+]([O-])c(N)c12
mol_3094,COc1ccc(C=C2CCCCC2=O)cc1
mol_3095,CP1CCC(O)(c2ccccc2)CC1
mol_3096,CCOC(=O)c1c(NS(=O)(=O)c2ccc(C)cc2)sc2c1CCCC2
mol_3097,CCN(CC)c1ccc(C=C2C=Cc3ccccc32)cc1
mol_3098,Cc1nc2[nH][nH]c(=N)c2nc1C
mol_3099,C=CC1(O)CCCCC1CC(Sc1ccccc1)Sc1ccccc1
mol_3100,Cn1nnn2c(-c3ccccc3)nnc12
mol_3101,C1=C(c2ccccc2)N2CCCNC2(c2ccccc2)CS1
mol_3102,N#CC(N)=C(C#N)N=CNc1ccc(N)cc1
mol_3103,CN1CCN(Cc2nc3c(s2)CCc2sccc2-3)CC1.Cl
mol_3104,CNC(=S)NN=C(C(=NNC(=S)NC)c1ccccn1)c1ccccn1
mol_3105,C=CCSc1nnc(S)c2[nH]cnc12
mol_3106,CCCNC(=O)N(CC(C)C)S(=O)(=O)c1ccc(Cl)cc1
mol_3107,Cc1ccc(-c2nnc(-c3nn(-c4ccccc4)c4nc5ccccc5nc34)o2)cc1
mol_3108,Nc1ccc(C=CC2(CCl)OCCO2)cc1
mol_3109,CCOc1ccc(NC2=NC(=O)C(CC(=O)Nc3ccc(Cl)cc3Cl)S2)cc1
mol_3110,Cc1c(NC(=O)CSC(=S)N(C)C)c(=O)n(-c2ccccc2)n1C
mol_3111,NC(=S)N1N=C2c3ccccc3CCC2C1c1ccccc1
mol_3112,NNC(=O)CNC(=O)CSc1nnc(COc2ccc(Cl)cc2)n1-c1ccccc1
mol_3113,C[N+](C)(C)CC(=O)NN=C(C(=O)Nc1ccc(Cl)cc1)C1C(=N)NN(c2ccccc2)C1=O.[Cl-]
mol_3114,O=c1ssc(=Nc2ccccc2)n1-c1ccccc1
mol_3115,NNC(=O)NN=C1C(=O)N(c2ccc(Cl)c(Cl)c2)C(=O)C(=O)C1c1nc2ccccc2s1
mol_3116,N#CNC(=N)NC1=CC(=O)C(=O)c2ccccc21
mol_3117,CC1=CC(C)(C)NC(=S)N1c1ccccc1O
mol_3118,CCCCCC1C2C(=O)NC(=O)C1C(=O)NC2=O
mol_3119,c1cc2c3c(c1)ccc[n+]3[Mn]1(O2)Oc2cccc3ccc[n+]1c23
mol_3120,C=CCC1(c2ccc(OC)cc2)C=CC(=O)CC1
mol_3121,CCOC(=O)CC1=NC(=NC(=N)N[N+](=O)[O-])SC1
mol_3122,COCOc1cc(C)c(C(=O)Oc2cc(C)c(C(=O)OC)c(OCOC)c2C)c(OCOC)c1C=O
mol_3123,CC(=O)C1C=[N+]2CC[N+]3=CC(C(C)=O)C(C)=[O+][Ni-2]23[O+]=C1C
mol_3124,NC(=S=O)C(F)(F)C(F)(F)C(F)(F)F
mol_3125,CC1(C)Oc2ccc3c(=O)cc(-c4cccs4)oc3c2C1C(=O)O
mol_3126,Cc1cn(C2CC(OC3CCCCO3)C(CO)O2)c(=O)[nH]c1=O
mol_3127,O=[N+]([O-])c1ccc(Sc2nnc(Sc3ccc([N+](=O)[O-])cc3[N+](=O)[O-])s2)c([N+](=O)[O-])c1
mol_3128,COC(=O)c1ccc(C(=O)OC)c2nc3cc(Cl)ccc3nc12
mol_3129,CC(=Nc1ccc(Cl)cc1)c1ccncc1
mol_3130,Cc1[nH]c2ccccc2c1C1CC(=O)NC1=O
mol_3131,CSc1nc(O)c2c(n1)NC(c1ccccc1)CC(c1ccc(Cl)cc1)=N2
mol_3132,CCCCCCCCCCCCCCCCNC(=O)C(O)=CC(=O)c1ccc(C)cc1
mol_3133,Cc1ccc2nc(-c3ccccc3[N+](=O)[O-])[nH]c2c1
mol_3134,CC(C)C(O)(C(=O)OC=C1CC2CCN1CC2)c1ccccc1.Cl
mol_3135,Clc1ccc(-c2nn3c(C45CC6CC(CC(C6)C4)C5)nnc3s2)cc1
mol_3136,COc1cc2c(cc1OC)C(=O)C(=Cc1ccccc1)CC2
mol_3137,CCOC(=O)CSc1c(C(=O)OCC)c(=O)n(-c2ccccc2)c(=S)n1-c1ccccc1
mol_3138,OCCSCC(O)Cn1cnc2c(O)nc(Nc3ccccc3)nc21
mol_3139,Cc1cc(NS(=O)(=O)c2ccc(N=[N+]([O-])c3ccc(S(=O)(=O)Nc4cc(C)on4)cc3)cc2)no1
mol_3140,Cc1c(C)c2c(c(N)c1C#N)C(=O)N(O)C2=O
mol_3141,O=C1c2ccccc2N2OC3(N4CCCC4)CCCC3C12c1ccccc1
mol_3142,OCC(O)C(O)C(O)c1nn(-c2ccc(F)cc2)c2nc3cc(Cl)c(Cl)cc3nc12
mol_3143,O=c1c2c([nH]n1-c1nc(O)cc(-c3ccccc3)n1)CCCC2
mol_3144,CCOP(=O)(OCC)C(C#N)=Cc1cnc[nH]1
mol_3145,Clc1ccc(-n2nnc(C3=NCCCN3)c2-c2ccccc2)cc1
mol_3146,CCOC(=O)N(C)C1(c2ccccc2)CCN(CCCC(=O)c2ccc(F)cc2)CC1.Cl
mol_3147,COc1ccc(CCCCl)c(C2=NCCc3ccccc32)c1.Cl
mol_3148,CSCS(=O)CC(CO)NC(=O)C=Cc1c(C)nc(O)nc1O
mol_3149,Cc1ccc(S(=O)(=O)n2cc(C#N)c(C#N)c2)cc1
mol_3150,CC(=O)Oc1ccn2nc(C)c(Br)c2c1Br
mol_3151,N#[N+]c1nc2c(O)ncnc2[nH]1
mol_3152,Cc1ccc(CC(Cc2ccccc2C)C(=O)O)c(C(=O)O)c1
mol_3153,Cc1ccccc1C1(Br)C(=O)c2ccccc2C1=O
mol_3154,CCOC(=O)c1[nH]c2nc(SC)nc(NC)c2c1N
mol_3155,CCOC(=O)C1Cc2ccc3c4c(ccc(c24)C1)CC(C(=O)OCC)C3
mol_3156,O=c1[nH]c(=O)n(C2OC(CO)CC2F)cc1F
mol_3157,Cc1ccc(S(=O)(=O)C(C#N)c2nc3ccccc3nc2-n2cccn2)cc1
mol_3158,CCCCN(CC)C(=O)COc1cc2c(O)c3c(O)c(C)c4c(c13)C(=O)C(C)(OC=CC(OC)C(C)C(OC(C)=O)C(C)C(O)C(C)C(O)C(C)C=CC=C(C)C(=O)N2)O4
mol_3159,COc1ccc2c(ccc3[nH]c4c(C)cnc(NCCCN)c4c32)c1
mol_3160,c1ccc([PH](CC2CCCO2)(c2ccccc2)c2ccccc2)cc1
mol_3161,Nc1ccc(C=Cc2ccc(N)cc2S(=O)(=O)O)c(S(=O)(=O)O)c1.[NaH]
mol_3162,O=[N+]([O-])c1ccc(CSc2nncc3nc[nH]c23)cc1
mol_3163,CC1=NNC(=O)C1C1CC(c2c[nH]c3ccccc23)=NNC1=S
mol_3164,Nc1ccccc1-c1nc2ccncc2[nH]1
mol_3165,CC1=NN(c2ccccc2)C(=O)C1=CN1CC(=O)NC1=S
mol_3166,CC(=O)OC(C)(C)C=CC(=O)C(C)(O)C1C(O)CC2(C)C3CC=C4C(CC(O)C(O)C4(C)C)C3(C)C(=O)CC12C
mol_3167,N#Cc1ccccc1NC(=O)C(O)C(O)C(O)C(O)C=O
mol_3168,C=C1OC(c2ccccc2NC)=NC12CCCCC2
mol_3169,COc1cc(C=C2SC(c3ccccc3)N(c3cccc([N+](=O)[O-])c3)C2=O)cc(OC)c1OC
mol_3170,NC(=Cc1ccc(OCc2ccccc2)c(OCc2ccccc2)c1[N+](=O)[O-])C(=O)O
mol_3171,CCN(CC)C1=NS(=O)(=O)c2ccccc2C(SC)=C1C
mol_3172,Oc1c(Cl)cccc1SSc1cccc(Cl)c1O
mol_3173,OCC(O)C(O)C(O)C(O)c1nc2ccccc2s1
mol_3174,CC[Sn](CC)(OC(=O)c1ccccc1F)O[Sn](CC)(CC)OC(=O)c1ccccc1F
mol_3175,c1ccc2c(c1)N=C(c1ccc3ccccc3c1)CC(c1cccc3ccccc13)S2
mol_3176,CC1(C)CN=C(Nc2cccc(C(F)(F)F)c2)S1
mol_3177,CSc1nnc2c(=O)n(C)c(=O)n(C)c2n1
mol_3178,Oc1cc2c(cc1C(c1cc3c(cc1O)OCO3)c1cc3c(cc1O)OCO3)OCO2
mol_3179,COc1cccc(C2SC(=N)Nc3c2c(C)nn3C(=O)Cc2ccccc2)c1
mol_3180,COc1ccccc1C=C1Cc2ccccc2C1=O
mol_3181,CCC(C)(C)C(CC(O)(C(F)(F)F)C(F)(F)F)=NO
mol_3182,O=C1C(=NO)C(c2ccccc2)Oc2ccccc21
mol_3183,N#CC12Cc3cc4c(cc3-c3cccc(c31)CCN2C(=O)c1ccccc1)OCO4
mol_3184,O=C(C=Cc1ccccc1)CC(=O)CCC(=O)Nc1ccc(Cl)cc1
mol_3185,COc1cc(O)c2c(c1)C(=O)c1cc3c(c(O)c1C2=O)C(OC1OC(C)C(O)C(O)C1OC)C(OC)C(C)(O)C3=O
mol_3186,O=C1CC2C(=O)NC(=O)C2C(=O)N1
mol_3187,CC1=C(C#N)C(=C(C#N)C#N)OC1(C)Cc1ccccc1
mol_3188,COc1c2occc2c(CN)c2ccc(=O)oc12
mol_3189,Cn1cc(NC(=O)Nc2cc(C(=O)Nc3cc(C(=O)Nc4cc(S(=O)(=O)O)c5cc(S(=O)(=O)O)cc(S(=O)(=O)O)c5c4)n(C)c3)n(C)c2)cc1C(=O)Nc1cc(C(=O)Nc2cc(S(=O)(=O)O)c3cc(S(=O)(=O)O)cc(S(=O)(=O)O)c3c2)n(C)c1.[Na+]
mol_3190,COc1cccc(C2CC23C(=O)NC(=O)NC3=O)c1
mol_3191,N#CC(=CNC(=S)NCc1ccccc1)C(N)=O
mol_3192,COc1cc(C=C2NC(=O)N(C=C3C(=O)Oc4ccccc4C3=O)C2=O)ccc1O
mol_3193,COc1cc(NCCN2CCN(CCNc3cc(OC)cc4cccnc34)CC2)c2ncccc2c1
mol_3194,O=C(C#Cc1ccccc1)Nc1ccccc1CC(c1c[nH]c2ccccc12)c1c[nH]c2ccccc12
mol_3195,c1cnc2c(c1)Nc1cnncc1S2
mol_3196,CC(C)c1cc2c3c(c1O)OC(=O)CC3(C)C1C(OC(=O)C1(C)C)C2=O
mol_3197,C[N+]1(C)CCC(OC(=O)C(O)(c2ccccc2)C2CCCC2)C1
mol_3198,O=C1CC2C3CC4CC(C3)CC2(C4)O1
mol_3199,O=C(O)c1ccc(CSc2ccccc2C(=O)O)cc1
mol_3200,COc1cccc(-c2nc(-c3cnccn3)n(C3OC(CO)C(O)C(O)C3O)n2)c1
mol_3201,CC(=O)N(C)SCC(NC(=O)C(Cc1ccccc1)NC(=O)OCc1ccccc1)C(=O)NC(Cc1ccccc1)C(=O)NC(Cc1c[nH]c2ccccc12)C(=O)NC(CCCCNC(=O)OCc1ccccc1)C(=O)NC(C(=O)NC(CSN(C)C(C)=O)C(=O)NC(C(N)=O)C(C)OCc1ccccc1)C(C)OCc1ccccc1
mol_3202,COC(=O)c1ncc2c(O)nc3ccccc3c2c1C(=O)OC
mol_3203,O=C(C=Cc1ccccc1Cl)c1cccc2ccccc12
mol_3204,O=c1c(-c2ccccc2)nc2ccccc2n1CC1CCCN2CCCCC12
mol_3205,CCOC(=O)CN1C(=O)c2c(c(C)n(-c3ccccc3)c2C)C1=O
mol_3206,Cn1c2ccccc2n2c3ccccc3c(=S)c(C#N)c12
mol_3207,Br.CCOC(=O)CC12CCCNC1(C)CCc1ccccc12
mol_3208,COc1ccc(-c2cc(-c3ccccc3)n(C3OC(COC(C)=O)C(OC(C)=O)C(OC(C)=O)C3OC(C)=O)c(=S)c2C#N)cc1
mol_3209,COc1cc2c(Cc3cc(OCc4ccccc4)ccc3N)nccc2c(OC)c1OC
mol_3210,COc1cc(C2SC(=N)Nc3c2c(C)nn3C(=O)c2ccccc2O)ccc1O
mol_3211,O=C1c2cccc3cccc(c23)C(=O)N1CCO
mol_3212,CCOC(=O)C(=O)Nc1c(CC)cccc1C(C)C
mol_3213,CN(C)C=Nc1c(I)cc(I)c(CCC(=O)O)c1I
mol_3214,CCCCOC(=O)CNC(=O)OCC=CC#CC#CC=CCOC(=O)NCC(=O)OCCCC
mol_3215,CC1SC2=NC3=C(c4ccccc4C3=O)C(c3ccc(Cl)cc3)N2C1=O
mol_3216,N#CC(c1ccccc1)N(CCOCCOCCN(C(=O)c1ccccc1)C(C#N)c1ccccc1)C(=O)c1ccccc1
mol_3217,N#Cc1c(=O)c2ccccc2n2ccccc12
mol_3218,Cc1c(C(c2[nH]c3ccccc3c2C)c2[nH]c3ccccc3c2C)[nH]c2ccccc12
mol_3219,CC(C)(C)OC(=O)C1C(=O)C(C(=O)OC(C)(C)C)C2(C)C(C(=O)OC(C)(C)C)C(=O)C(C(=O)OC(C)(C)C)C12C
mol_3220,CCOP(=O)(CC1CC(O)(CNc2cc(Cl)nc(N)n2)C1)OCC
mol_3221,O=c1c(O)c(O)c1=O
mol_3222,CC1CCCC=CC2CC(OC(=O)CN(C)C)CC2C(O)C=CC(=O)O1
mol_3223,CC(C)(C)C1CCP(=O)(c2ccccc2)CC1
mol_3224,Nc1ccc(C=Cc2ccc3ncccc3c2)cc1
mol_3225,Cc1ccc(-c2cn3c(nc4ccccc43)c(-c3ccccc3)n2)cc1
mol_3226,COCOC1CC2C(=O)Nc3ccccc3C(=O)N2C1
mol_3227,CC(CC12C=CC3(OO1)C(C)(C)CCCC3(C)O2)OC(=O)c1ccccc1
mol_3228,O=C(C(=O)n1ncc(Cl)c(Cl)c1=O)n1ncc(Cl)c(Cl)c1=O
mol_3229,CN(C)C=NNC(=O)C(O)(c1ccccc1)c1ccccc1
mol_3230,O=C1Nc2ccccc2C1(O)Cc1ccccn1
mol_3231,Cc1cc(Cl)ccc1C1OC(=O)c2c1ccc1ccccc21
mol_3232,COC(=O)C(CC(C)C)NC(=O)C(C)NC(=O)C(Cc1ccc(OCc2ccccc2)cc1)NC(=O)C(COCc1ccccc1)NC(=O)OC(C)(C)C
mol_3233,CC(=O)OCC12C(OC(C)=O)CC(C)C3(CC(c4ccoc4)OC3=O)C1CCC(OC(C)=O)C21CO1
mol_3234,CSCCCNC(=O)c1csc(C(CSC)NC(=O)CCNC(=O)C(NC(=O)OCC(Br)(Br)Br)C(C)O)n1
mol_3235,C=C1C(=O)OC(CCCCCCCCCCCCC)C1C(=O)O
mol_3236,COc1cc(-c2coc3cc(O)ccc3c2=O)c(O)c(OC)c1OC
mol_3237,O=C1CCC2CCC1C2
mol_3238,N=C1NC2=NC(=O)C(=O)N2N1
mol_3239,COc1ccc(N2C(=O)C3c4[nH]c5ccccc5c4C4c5ccccc5CC4C3C2=O)cc1
mol_3240,CCOC(=O)C(F)=Cc1ccc(F)cc1
mol_3241,COC(=O)C(CC(=O)Nc1ccc(C)cc1)C(=O)C(=O)Nc1ccccc1C(C)C
mol_3242,CCOC(=O)C(=Cc1ccc(C(F)(F)F)cc1)[Se]c1ccccc1
mol_3243,Oc1cc(O)c2c(ccc3ccccc32)n1
mol_3244,Cc1ccc(NC=O)c(-c2c(N)nc(S)nc2O)c1
mol_3245,CC1Oc2cc(O)cc(O)c2C(=O)C1C
mol_3246,CCC1c2ccccc2C2C(c3ccccc3)=NN(c3ccccc3)C2N1CC
mol_3247,O=C(O)CCC(NC(=O)c1ccc(OCc2nc3cc(C(F)(F)F)ccc3nc2-c2ccccc2)cc1)C(=O)O
mol_3248,Nc1ccc2ccccc2c1N=Nc1ccc(C=Cc2ccc(N=Nc3c(N)ccc4ccccc34)cc2S(=O)(=O)O)c(S(=O)(=O)O)c1
mol_3249,COc1ccc(C2ON(c3ccccn3)CC=C2C)cc1
mol_3250,CCCCCCCC1=NN(c2ccc(S(=O)(=O)O)cc2)C(=O)C1N=O
mol_3251,Cc1ccccc1S(=O)(=O)OC1NS(=O)(=O)c2ccccc21
mol_3252,CCOc1ccc(NC(=O)C(CC(=O)c2sc(Nc3ccc(C)cc3)nc2C)=NNC(N)=S)cc1
mol_3253,CC(=O)c1ccccc1NCC(=O)Nn1cnc2ccc(S(=O)(=O)Nc3ccccc3C(C)=O)cc2c1=O
mol_3254,O=NC1(c2ccccc2)CCCCC1[N+](=O)[O-]
mol_3255,Cc1ccc(C(=O)C(=C(S)Nc2cccc(Cl)c2)[n+]2ccccc2)cc1
mol_3256,CCCCOP(=O)(OCCCC)C(NS(=O)(=O)c1ccccc1)(C(=O)OCC)C(F)(F)F
mol_3257,Cc1cccc(C)c1N1C(=O)C(=O)C(c2nc3ccccc3s2)C(=NNC(=O)NN)C1=O
mol_3258,CCOC(=O)C(C)(C)C(OP(OCC)OCC)=C(C)C
mol_3259,O=C(NNC(=S)NC1CC(c2ccccc2)Oc2ccccc21)c1ccccc1
mol_3260,COC1=NC(NC2OCC(O)C(O)C2O)=C(NC(C)=O)CN1C
mol_3261,C[n+]1ccccc1C=NO
mol_3262,CCOC(=O)C1(C#N)C2(C#N)C(=N)NC(ON=C(C)C)(ON=C(C)C)C21C#N
mol_3263,Cc1cc2nc(-c3ccccn3)c(-c3ccccn3)nc2cc1C
mol_3264,[ClH2+].c1nc2[nH]cnc2c(=[S+][Co-2]([S+]=c2[nH]cnc3[nH]cnc23)([S+]=c2[nH]cnc3[nH]cnc23)[S+]=c2[nH]cnc3[nH]cnc23)[nH]1
mol_3265,CN(N=NN(C)c1ccccc1)c1ccccc1
mol_3266,Cn1c(C(O)C2(c3cccnc3)SCCCS2)cc2ccccc21
mol_3267,CC1=Nc2ccccc2NC(C)(C)C1.[O-][Cl+3]([O-])([O-])O
mol_3268,O=C(Nc1ccccc1SC(C=CNNC1=NC(c2ccccc2)C(c2ccccc2)=NN1)c1ccccc1)c1ccc(Cl)cc1Cl
mol_3269,CN(C)C(=S)N=c1sn(C)c(=NC(=S)N(C)C)n1C
mol_3270,O=C1C(=Cc2cccc([N+](=O)[O-])c2)CCCc2ccccc21
mol_3271,CCN(CC)CC(=O)N(CC)c1ccc(C)c(Cl)c1
mol_3272,O=C1Nc2ccccc2C1=NNC(=S)NC=C(c1ccccc1)S(=O)Cc1ccccc1
mol_3273,COc1ccc2c(C)cc(NN=Cc3sccc3C)nc2c1
mol_3274,CC(C)OC(=O)C1=C(O)c2ccccc2S(=O)(=O)N1C
mol_3275,CCN(CCCl)c1cc(CN(C)C)cc(NC(=O)c2ccc(C(=O)Nc3cc(CN(C)C)cc(N(CC)CCCl)c3)cc2)c1.Cl
mol_3276,Cn1c2ccccc2c(=NNc2cccc(C(=O)O)c2)c2ccccc21
mol_3277,CC(=NNC(=S)N1CCCCC1)c1cccc(C)n1
mol_3278,COc1ccc(NC(=O)C(=O)c2c(O)c3ccc(O)cc3oc2=O)c([N+](=O)[O-])c1
mol_3279,COC(=O)C1=NC(=N)N=C(C(=O)OC)C12C(=O)Cc1ccccc12
mol_3280,COc1ccc(C2=Nc3c(O)nc(OC)nc3NC(c3ccccc3)C2)cc1
mol_3281,O=[N+]([O-])c1cccc2c(N3CC3)cnnc12
mol_3282,CC(=O)NNc1nc(C)c(C(C=Cc2ccc([N+](=O)[O-])cc2)=NN)s1
mol_3283,CC(=O)OC1C(OC2CCCC2(c2ccccc2)c2ccccc2)O[N+]([O-])=CC1C1CCCCC1
mol_3284,Cc1cccc2c1C(=O)C(C)(C1(C)Nc3cccc(C)c3C1=O)N2
mol_3285,CCC1=C(OC)c2nc(C)ccc2C(=O)C1=O
mol_3286,O=C1CN(CCCN2CCOCC2)CC(=O)N2CCCCN12
mol_3287,NC(=O)C1=Cc2cccn2-c2ccccc2S1
mol_3288,N=C1Nc2ccccc2Sc2ccccc21
mol_3289,CCC1CN2CCc3cc(OC)c(OC)cc3C2CC1CC1c2cc(OC)c(OC)cc2CCN1C(=O)CNC(=O)OC(C)(C)C
mol_3290,CC#CC(O)(C(=O)OC1CCN(C)C1)c1ccccc1
mol_3291,CCCCCCCCCCNC(=S)OCCCC
mol_3292,Brc1ccc(-c2ccc3nnnn3n2)s1
mol_3293,Cn1c(=O)c2c(ncn2CC(=O)NN=C2SCC(=O)N2Cc2ccccc2)n(C)c1=O
mol_3294,COC(=O)c1ccc(C)cc1CC1Cc2ccc(C)cc2C1=O
mol_3295,O=C(CO)C1CC2C=CC1C2
mol_3296,Fc1ccc2nncc(SCc3ccc(Cl)c(Cl)c3)c2c1
mol_3297,Cc1cc(-c2ccc(N=Nc3c(S(=O)(=O)O)cc4cc(S(=O)(=O)O)cc(N)c4c3O)c(C)c2)ccc1N=Nc1c(S(=O)(=O)O)cc2cc(S(=O)(=O)O)cc(N)c2c1O
mol_3298,COC(=O)c1cc(C(=O)O)c(=O)n2ccccc12
mol_3299,Cl.Nc1ccc(OCC(O)N2C(=O)c3ccccc3C2=O)cc1
mol_3300,CC1(C)CC(C2=NCCO2)CC(C)(C)N1
mol_3301,CC(=O)c1sc2[n+](c1C)C(=O)C(=Cc1ccccc1Cl)S2
mol_3302,O=C(O)CCC(=O)c1ccc2oc3ccccc3c2c1
mol_3303,CCOC=Cc1cc2c(c3c1-c1c(cc(OC)c(OC)c1OC)C3=O)OCO2
mol_3304,CC(=O)C(C)=NNC(=O)c1ccccc1O
mol_3305,COC(=O)C1=CC(=O)OC1(OO)c1ccc(Br)cc1
mol_3306,COc1ccc(C(=O)CC(=O)C(=O)Nc2ccc(C)c(C)c2)cc1
mol_3307,COc1ccc(NC(=O)CC2SC(Nc3ccc(Cl)cc3C)=NC2=O)c([N+](=O)[O-])c1
mol_3308,O=C(C=Cc1cc(O)ccc1O)OCCc1ccccc1
mol_3309,COc1cc2c(c(OC)c1OC)C(=O)C(Br)C2NC(=O)CCCCl
mol_3310,CC(C)C1CC(CO)(CNc2nc(N)nc(Cl)c2C=O)C1
mol_3311,COc1ccc(NC(S)=C(C(=O)c2ccc([N+](=O)[O-])cc2)[n+]2ccc(C(C)C)cc2)cc1
mol_3312,CC(=O)C(C)(CCC(=O)O)CCC(=O)O
mol_3313,COc1cc(CNc2ccc(SC)cc2)cc(OC)c1OC.Cl
mol_3314,CN(C)c1nc2n(CCO)c(-c3ccccc3)c(-c3ccccc3)nc-2c(=O)n1
mol_3315,CC1=CC(=O)Nc2cncnc2N1
mol_3316,CC(NC(=O)CNP(=O)(c1ccccc1)c1ccccc1)C(=O)NC(Cc1ccccc1)C(=O)OCc1ccccc1
mol_3317,CSCCCNC(=O)C(CSC)NC(=O)c1csc(CCNC(=O)C(NSc2ccccc2[N+](=O)[O-])C(C)O)n1
mol_3318,CCOC(=O)C=CCCC(C)(C)COC(C)=O
mol_3319,O=S([O-])(O)=[OH+].O[Ru+2]12345(O)(O)C6=C1C2=C3C4=C65
mol_3320,CC1(C)CC(=O)C2=C(C1)NC(=S)C(C#N)C2c1ccccc1
mol_3321,C=CC(=O)N1CC(=Cc2ccccc2)C(=O)C(=Cc2ccccc2)C1
mol_3322,CNN=C(C(=O)Nc1ccc(C)c(C)c1)C(C(=O)OC)c1nc2ccc([N+](=O)[O-])cc2nc1O
mol_3323,CC1CC(C)c2c(O)c3c(c(O)c2N1)C(=O)c1ccccc1C3=O
mol_3324,Cc1ccc(S(=O)(=O)OCC23CCC(CC2)C2CC23)cc1
mol_3325,COC(=O)c1cc(C)ccc1C1CN=NC12Cc1c(C)cc(C)cc1C2=O
mol_3326,Nc1ccc(Nc2cc(O)nc(O)n2)cc1Cl
mol_3327,COC1(OC)C2C=CC1C(C(C)(N)CO)C2
mol_3328,Cl.O=C1C(CN2CCCCC2)CCC1CN1CCCCC1
mol_3329,CN(C)CCC1(C)OCCC2=C1Cc1ccccc12
mol_3330,NNC(=O)CC(=O)Nc1ccc(C(=O)O)cc1
mol_3331,O=C(c1ccccc1)C1(C(=O)c2ccccc2)C(=NO)C2CCC1C2
mol_3332,CCOC(=O)C(NC(=O)CC(C)C)(N1CCN(c2cc3c(cc2F)c(=O)c(C(=O)O)cn3C2CC2)CC1)C(F)(F)F
mol_3333,COC1=C(Br)C(=O)c2nc(C)ccc2C1=O
mol_3334,Cc1cc2c(=O)cc(-c3ccc(F)cc3)oc2c(C(=O)O)c1C
mol_3335,COC(=O)c1nn(C(=N)c2ccc(Cl)cc2)c2c1CCC2
mol_3336,COC(=O)C(=Cc1cc(OC)c(OC)c(OC)c1-c1cc2c(cc1C1(C)OCCS1)OCO2)C(=O)OC
mol_3337,O=[N+]([O-])c1ccc(Cl)c(SSc2cc([N+](=O)[O-])ccc2Cl)c1
mol_3338,CCCCN(CCCC)C(=O)C(=O)C(C#N)c1ccc(C)cc1
mol_3339,CC(C)(C)OC1=C(OC(C)(C)C)C(O)(c2ccc(Cl)cc2)C1=O
mol_3340,O=C1OC(=O)C2C1C(c1ccc([N+](=O)[O-])cc1)N1C3C(=O)OC(=O)C3C(c3ccc([N+](=O)[O-])cc3)N21
mol_3341,O=C(O)c1cc(Cl)cc(NC(=O)C(Cl)Cl)c1Cl
mol_3342,O=C(Nn1c(=O)c(=O)oc2ccccc21)C(F)(F)F
mol_3343,O=C(O)C(NCc1ccccc1)C(NCc1ccccc1)C(=O)O
mol_3344,COC(=O)c1ccc(N2CC=C(C)C(c3ccc(OC)cc3)O2)cc1
mol_3345,CC1=CC(C)C(=O)N(C)C(C)=C1
mol_3346,O=C(O)CCC(=O)NCCOC(=O)CCC(=O)O
mol_3347,O=C(NC=C(c1ccccc1)S(=O)Cc1ccccc1)Nc1ccccc1Cl
mol_3348,Cc1cccc(C)c1NC(=O)CCc1n[nH]c(=S)o1
mol_3349,CC1(Br)C(=O)NC(=O)N(C2C=CC(CO)O2)C1O
mol_3350,Nc1nc(O)cc(NNc2cccc(F)c2)n1
mol_3351,N#CC(=Cc1ccnc2ccccc12)C(N)=C(C#N)C#N
mol_3352,COC(CC(=CCO[Si](C(C)C)(C(C)C)C(C)C)C(=O)N(C(=O)OC(C)(C)C)c1ccccc1I)OC
mol_3353,Brc1ccc2c(-c3csc(-c4c[nH]c5cc(Br)ccc45)n3)c[nH]c2c1
mol_3354,Cc1ccc(N=C2SC(=S)N(CCC[N+](C)(C)C)C2=Nc2ccc(C)cc2)cc1.[I-]
mol_3355,CCOC(=O)C1(c2ccccc2)CCCNCC1
mol_3356,COC(=O)CC1NC(=O)C1(C)C(C)O
mol_3357,O=C1CSc2ncccc2N1c1ccc([N+](=O)[O-])cn1
mol_3358,COc1cc(N(C)C)c(OC)cc1C=C1Cc2ccccc2C1=O
mol_3359,CSc1c(C(=O)Nc2ccc(C)cc2)c(=N)[nH]n1-c1ccccc1
mol_3360,Cc1ccc(NC(=S)NC=C2C(=O)NC(=O)NC2=O)c(C)c1
mol_3361,CCCC[N+](CCCC)=c1cc(-c2ccc(Cl)cc2)ss1.[O-][Cl+3]([O-])([O-])O
mol_3362,COC(=O)CC12CC(CC(=O)O1)N(C(=O)Nc1ccccc1)O2
mol_3363,CC1(C)OC(=O)C(C#N)=C1C=Cc1ccco1
mol_3364,O=C1CCSc2nc(-c3ccc4c(c3)OCO4)nn21
mol_3365,Clc1ccc(C=NNc2nnc3c4ccccc4c4ncccc4c3n2)cc1
mol_3366,C=C1c2ccccc2CCN1CC(=O)CC1C=CCS1(=O)=O
mol_3367,N=C(N)n1ncc(Cl)c(Cl)c1=O
mol_3368,CC1=Nc2ccccc2S(=O)(O)=N1
mol_3369,N=C1C=CC(=C(c2ccc(N)cc2)c2ccc(N)cc2)C=C1
mol_3370,Cc1ccc(S(=O)(=O)[O-])cc1.Cc1ccc(S(=O)(=O)[OH+][Pd-2]23[N+](C)(C)CC[N+]2(C)CC[N+]3(C)C)cc1
mol_3371,COc1ccc(-c2ccccc2)c(NN=C2CCCNC2=O)c1
mol_3372,O=c1[nH]oc2ccccc12
mol_3373,CCOC(=O)N1CCC2(CC1)CC(C(C)=O)(c1ccccc1)C(C)O2
mol_3374,CCCSSC1NC(=O)C1NC(=O)COc1ccccc1
mol_3375,O=C(O)CCS(=O)(=O)O
mol_3376,N#Cc1c(N2CCCC2)ncn(-c2ccccc2)c1=S
mol_3377,OCc1cc[te]c1
mol_3378,Cc1cc(NS(=O)(=O)c2ccc(NC(=O)c3ccc(Cl)c4c(Nc5ccc(S(=O)(=O)NC(=N)N)cc5)c5ccccc5nc34)cc2)no1
mol_3379,COc1cc(C)c(C(=O)Oc2cc(C)c(C(=O)O)c(O)c2C)c(OC)c1C
mol_3380,CC(=O)NNc1nc(C)c(C(=O)NNC(=O)C(=O)Nc2c(C)cccc2C(C)C)s1
mol_3381,N#CC(C(=NNC(=O)c1ccncc1)C(=O)Nc1ccc([N+](=O)[O-])cc1[N+](=O)[O-])c1nc(-c2ccc(Br)cc2)cs1
mol_3382,Nc1c2ccccc2nc2ccc3c(=O)cc(-c4ccccc4)oc3c12
mol_3383,S=c1[nH]nc(CNc2ccc(-c3n[nH]c(=S)n3-c3ccc(Cl)cc3)cc2)n1-c1ccc(Cl)cc1
mol_3384,CC1=NN(C(=O)CC(=O)Nc2ccc(C)cc2)C(=O)C1N=Nc1ccc(S(=O)(=O)c2ccc(N=NC3C(=O)N(C(=O)CC(=O)Nc4ccc(C)cc4)N=C3C)cc2)cc1
mol_3385,CC=CC(C(=O)OC)N1C(=O)c2ccccc2C1O
mol_3386,COC(=O)C(=O)CC(=O)CCn1ncc(Cl)c(Cl)c1=O
mol_3387,CSc1[nH]cnc1C(N)=S
mol_3388,Cc1ccc(S(=O)(=O)C2=c3nc4ccccc4cc3=C3C(=O)c4ccccc4C(=O)C32)cc1
mol_3389,COC(=O)C1CC2(Br)c3ccccc3N(S(=O)(=O)c3ccccc3)C2N1C(=O)OC
mol_3390,Cc1cc(=O)n2nc(CN3CCCCC3)sc2n1
mol_3391,O=C(C=C(SC=C(c1ccccc1)N1CCn2c(C(=O)c3ccccc3)c(C(=O)c3ccccc3)c(C(=O)c3ccccc3)c21)C(=O)c1ccccc1)c1ccccc1
mol_3392,Cc1cc(N=Nc2ccc([N+](=O)[O-])cc2)c(NCC(O)C(O)C(O)CO)cc1C
mol_3393,O=C(O)C1CC2CC(=O)C1C2
mol_3394,Cc1ccc2nc(NC(=O)C(=O)C(C#N)c3nc4ccccc4s3)sc2c1
mol_3395,CC(SCCCCCCSC(C)C(=O)O)C(=O)O
mol_3396,CCOC(=O)C1=C(C)CC2C(=O)OC(=O)C2C1(C)C
mol_3397,O=C1C(=Cc2c[nH]c3ccccc23)C(=O)c2ccccc21
mol_3398,Cc1cc(C)c(C)c(-n2[nH]c(=O)n(C)c2=O)c1C
mol_3399,Cc1c2ccccc2n[c-](CSCc2ccccc2)[n+]1=O
mol_3400,CN(C)C(=O)c1nnsc1NN=O
mol_3401,CC1(C)C2CCC1(CS(=O)(=O)Nc1ccccc1)C(=O)C2
mol_3402,CS[CH-][Mo+2]1234(C#[O+])(C#[O+])(C#[O+])C5=C1[C-]2C3=C54
mol_3403,C=CCC12CC(COc3ccccc3C(N)=O)OC1=Nc1ccccc1NC2=O
mol_3404,CC(=O)NNc1nc(C)c(C(=O)NNC(=O)C(=O)Nc2ccc(Cl)cc2Cl)s1
mol_3405,Cc1cccc(C)c1NC(=O)CN(CC(C)C)CC(O)COc1ccccc1
mol_3406,CC(C)(C)OC(=O)C1CCCC1=NNc1ccc([N+](=O)[O-])cc1[N+](=O)[O-]
mol_3407,O=C1NC(=O)C(=Cc2ccccc2F)C(=O)N1
mol_3408,CC1(C)OC1COc1c2occc2cc2ccc(=O)oc12
mol_3409,CCOC(=O)CCC(NC(=O)c1ccc(Oc2nc3ccc(C(F)(F)F)cc3nc2-c2ccccc2)cc1)C(=O)OCC
mol_3410,CC12CCC3C(CC=C4CC(O)CCC43C)C1CC(C#N)C(=O)N2
mol_3411,N#CCCN(CCC#N)c1ccc(C(Sc2ccccc2)C(NC(=O)c2cc([N+](=O)[O-])ccc2Cl)C(=O)Sc2ccccc2)cc1
mol_3412,CC1(Cl)CC(O)C2(CC1Br)C1(C)OC1C1OC1(Br)C2(C)C
mol_3413,Cn1c2ccccc2c2nnc(NN=Cc3cccs3)nc21
mol_3414,Clc1ccc(C2ON2C2CCCCC2)cc1
mol_3415,C#CCN(CC#C)C(=O)C(=O)c1c[nH]c2ccc(OC)cc12
mol_3416,CC(=O)Oc1c2ccsc2cc2ccsc12
mol_3417,CCCCCCC1CC(=O)C2CCCCC23CC(Cl)CN13.CCCCCCC1CC(=O)C2CCCCC23CCC(CCl)N13
mol_3418,Cc1ccc(C(C#N)=Cc2cccc([N+](=O)[O-])c2)cc1
mol_3419,O=C(Nc1nc2ccsc2s1)c1ccccc1
mol_3420,Cc1ccc(S(=O)OC23CC4CC(CC(C4)C2)C3)cc1
mol_3421,CC1CC(=O)Nc2cc(Cl)ccc2N1C(=O)C1CC1
mol_3422,C[N+](C)(CCO)CCN1c2ccccc2Sc2ccccc21.[I-]
mol_3423,O=C1c2cc(Br)ccc2OC2CCON12
mol_3424,C(=NNC1=NCCN1)c1ccc2ccccc2c1.I
mol_3425,Cc1ccc(S(=O)(=O)n2oc(=O)c(-c3ccccc3)c2N)cc1
mol_3426,CCOC(=O)c1c(C)nc(S)c(C#N)c1-c1ccc(OC)cc1
mol_3427,O=C1OC(=O)C23CSCC12C1C=CC3O1
mol_3428,COc1ccc(C(C#N)NNc2nc(C)cc(O)n2)cc1OC
mol_3429,CC1=CC2OC3CC4OC(=O)C=CC=CC(C(C)O)OCC(O)C(C)CC(=O)OCC2(CC1O)C4(C)C31CO1
mol_3430,Nc1ccc2oc(=O)c(C(=O)O)cc2c1
mol_3431,CC(=O)C1=C(c2ccccc2)N(C2OC(CO)C(O)C(O)C2O)C(S)=C(C#N)C1c1ccc(Cl)cc1
mol_3432,NC(=O)CCC(NS(=O)(=O)c1ccc(NC(=O)c2ccccc2)cc1)C(=O)O
mol_3433,Cl.O=C(CCCN1CCC2(CC1)CC(c1ccccc1)OC2=O)c1ccc(F)cc1
mol_3434,O=C(C(Cl)=C(N1CCCCC1)N1CCCCC1)C(Cl)Cl
mol_3435,Cc1ccc(S(=O)(=O)NN=Cc2c3ccccc3[n+]([O-])c3ccccc23)cc1
mol_3436,O=S(=O)(O)CCS(=O)(=O)O
mol_3437,CN(C(=O)C(Cc1ccccc1)NC(=O)OC(C)(C)C)C1(C(=O)NC(Cc2ccccc2)C(=O)OCc2ccccc2)CCCC1
mol_3438,CCOC(=O)C1=C(O)C(=O)c2ccccc2C1=O
mol_3439,CCCC[Si](CCCC)(CCCC)OC(C=CC(=O)OCC)C(Cc1ccccc1)O[Si](CCCC)(CCCC)CCCC
mol_3440,COc1cc(OC)c2c(=O)cc(-c3ccncc3)oc2c1
mol_3441,CC1=NN=C(NCCN(C)C)CC1=Cc1ccccc1Cl
mol_3442,COc1ccc(N)c(N2C(=O)c3ccccc3C2=O)c1
mol_3443,N#Cc1cnc(N)nc1NCC1(CO)CC(CCc2ccccc2)C1
mol_3444,O=C1C(=Cc2cccc([N+](=O)[O-])c2)Cc2ccccc21
mol_3445,CC1OC(OCC2OC(Oc3c(-c4ccc(O)cc4)oc4cc(O)cc(O)c4c3=O)C(OC3OCC(O)(CO)C3O)C(O)C2O)C(O)C(O)C1O
mol_3446,O=C1CCC2(c3ccc(F)cc3)Nc3ccc(Cl)cc3N12
mol_3447,COC(=O)c1ccccc1C1CN=NC12Cc1c(C)cccc1C2=O
mol_3448,Oc1nc2ccccc2c(O)c1Cc1ccccc1
mol_3449,CCCCCCCCCCCCCCCCSS(C)(=O)=O
mol_3450,O=[N+]([O-])c1cccc(S(=O)(=O)NN=Cc2cc(I)cc([N+](=O)[O-])c2O)c1
mol_3451,Cn1cc(C2NC(=O)c3ccccc3N2)c2ccccc21
mol_3452,O=C(O)C1=C(C(=O)O)C2c3ccccc3C1c1ccccc12
mol_3453,CN(C)Cc1cc(N=Nc2ccccc2)ccc1O
mol_3454,Cn1cnc([N+](=O)[O-])c1Sc1nc2ccccc2[nH]1
mol_3455,CN(C)C1COC2Cc3ccccc3C1O2.Cl
mol_3456,CCC(C)N1CN(c2ccccc2)C2(CCN(CCCC(=O)c3ccc(F)cc3)CC2)C1=O.Cl
mol_3457,O=Cc1ccc2c(c1)CC1(C2)Cc2ccc(C=O)cc2C1
mol_3458,O=C(O)c1cccc(OCCOc2cccc(C(=O)O)c2[N+](=O)[O-])c1[N+](=O)[O-]
mol_3459,c1cnc2c(c1)-n1cccc1C1(CCSC1)NN2
mol_3460,CC1(C)OCC(C2OC3OC(C)(C)OC3C2c2ccccc2)O1
mol_3461,C=CN1CCCC1=O.II
mol_3462,O=C(NN1CCCCCC1)NS(=O)(=O)c1ccc(Cl)cc1
mol_3463,CCCCCCCCCCCC1CC(=O)NCCCN(C)CCCCN(C)CCCN1C
mol_3464,CC1CCC2C(C(=O)OC3C4C=COC(OC5OC(CO)C(O)C(O)C5O)C4C4(CO)OC34)=COC(OC3OC(CO)C(O)C(O)C3O)C12
mol_3465,CC1=Nc2cc(=N)[nH]n2C(=O)C1
mol_3466,CSC(SC)=C(C(=O)O)P(=O)(O)O
mol_3467,C[N+]1(Cc2ccc([N+](=O)[O-])cc2)CCC(CCCCCCCC2CC[N+](C)(Cc3ccc([N+](=O)[O-])cc3)CC2)CC1
mol_3468,COc1ccccc1NC(=O)C(Cc1nc2ccc([N+](=O)[O-])cc2nc1O)=NNC(=O)C[N+](C)(C)C.[Cl-]
mol_3469,Cc1ccc2nn(-c3ccc(O)cc3)nc2c1
mol_3470,Br.CC12CC(c3ccccc3O1)N1Cc3ccccc3CSC1=N2
mol_3471,COC(C(=O)NN)c1ccccc1.Cl
mol_3472,CC(=O)CSc1sc(C(C)=O)c(N)c1C#N
mol_3473,COC12C=CC(CC1)C(C)(C)C2=O
mol_3474,CC(=O)c1ccc(NC(=O)C(=O)C(C(=O)C=Cc2ccccc2)C2OC(=O)c3ccccc32)cc1
mol_3475,CCCC[Sn](CCCC)(OC(=O)c1ccc(C)c(N)c1)OC(=O)c1ccc(C)c(N)c1
mol_3476,COc1cc2c(c(C)c1O)C1Cc3ccccc3C1O2
mol_3477,CC(=O)OC1CC2C(C)(C)C(=O)C=CC2(C)C2CCC3(C)C(c4ccoc4)C(=O)C4OC43C12C
mol_3478,Cc1c(C=NNC(=O)c2ccccc2O)c(=O)n(-c2ccccc2)n1C
mol_3479,Nc1ccc(N=Nc2ccc(C=Cc3ccc(N=Nc4ccc(N)c5ccccc45)cc3S(=O)(=O)O)c(S(=O)(=O)O)c2)c2ccccc12
mol_3480,CC1(C)OC(=O)C(c2cccs2)C(=O)O1
mol_3481,CCC(=O)N(O)C(C)(C)C
mol_3482,N#CC(NNC(=O)Cc1ccccc1)c1cccc(O)c1
mol_3483,CCOC(=O)c1c(Sc2ccc([N+](=O)[O-])cc2[N+](=O)[O-])nc2c3ccccc3ccn12
mol_3484,CC1C(=O)OC2CCC3(C)C(=O)OC4OC5(c6ccoc6)CC1(O)C2(C)C43O5
mol_3485,O=C(C=Cc1cccc2ccccc12)c1ccc(Br)cc1
mol_3486,COc1ccc(-c2onc3ccc(Cl)cc23)cc1
mol_3487,COc1ccc(-c2cc(=O)c3ccccc3o2)c(OC)c1OC
mol_3488,Cc1cc2c(C(C)C)c(O)c(O)c(C=O)c2c(O)c1-c1c(C)cc2c(C(C)C)c(O)c(O)c(C=O)c2c1O
mol_3489,O=C1C=C(c2c(O)ccc3ccccc23)c2cc(O)ccc2C1=O
mol_3490,Cc1noc(NS(=O)(=O)c2ccc(N)cc2)c1C
mol_3491,O=C(Nc1ccccc1)c1cc(S(=O)(=O)N2CCNNC2=O)c(S)cc1Cl
mol_3492,Cc1cc([N+](=O)[O-])c2c(c1)P(=O)(O)c1cc(C)cc([N+](=O)[O-])c1O2
mol_3493,CC1CC(O)c2ccccc2O1
mol_3494,Cc1ccc(N=c2oc3c(ccc4ccccc43)nc2Nc2ccc(C)cc2)cc1
mol_3495,NC(=O)c1nc(-c2ccc(Cl)c(Cl)c2)nc2ccccc12
mol_3496,CC(O)C[PH](c1ccccc1)(c1ccccc1)c1ccccc1
mol_3497,Cc1cc2cc3n(c2nn1)N=C(Cl)CC3
mol_3498,CN(C)C(n1cc2c(c1)-c1ccc(Cl)cc1C(c1ccccc1F)=NC2)n1cc2c(c1)-c1ccc(Cl)cc1C(c1ccccc1F)=NC2
mol_3499,O=C1C2C=CC1C1C3OC3C(=O)C21
mol_3500,CCCCNC(C)(C)C(SSSC(c1ccco1)C(C)(C)NCCCC)c1ccco1
mol_3501,Cc1ccc(NC(=O)C(=O)Cc2nc3ccccc3o2)c(C)c1
mol_3502,COc1ccc(NCc2cc(OC)c(OC)c(OC)c2)cc1
mol_3503,O=C(Nc1ccccc1)N(C1=NCC(CI)S1)c1ccc(F)cc1F
mol_3504,CC(C)Oc1nc(N2CCNCC2)nc2c1CCC2.O=C(O)C(=O)O
mol_3505,S=c1sc(-c2ccccc2)c[se]1
mol_3506,CSCC(NP1(=O)SC(NN=C(C)C)=NC1(C)C)C(=O)O
mol_3507,Cc1ccc(C2=Nn3c(nc4sc5c(c4c3=O)CCCC5)SC2)cc1
mol_3508,c1csc(-c2nc3sc(-c4cccs4)nc3s2)c1
mol_3509,CCCCCCN(C(=O)Oc1ccccc1)C(C#N)c1ccccc1
mol_3510,COC1CCC(=O)N1CCC=C(Br)[Si](C)(C)C
mol_3511,Cc1ccc(S(=O)(=O)NN=c2c(C)c(C3=Nc4cc(Cl)c(S(N)(=O)=O)cc4S(=O)(O)=N3)oc3c(Cl)cc(Cl)cc23)cc1
mol_3512,CC(=O)Nc1ccc(C=NNc2nnc(NN=Cc3ccc(NC(C)=O)cc3)c3ccccc23)cc1
mol_3513,O=c1ccn(CC2(CO)CCC2)c(=O)[nH]1
mol_3514,[Br-].c1cc(C[S+]2CCCC2)oc1C[S+]1CCCC1
mol_3515,CCOC(=O)c1cn2c(n1)sc1cc(OC)ccc12
mol_3516,CN1OC(C#N)(C#N)C(C#N)(C#N)C1c1ccccc1
mol_3517,CCOC(=O)C1=[N+]([O-])OC2=C(O)CCCC21
mol_3518,CSc1nc(O)c2nc(C)c(C)nc2n1
mol_3519,O=C1NS(=O)(=O)c2ccccc21
mol_3520,OCCN1CCN(CCCN2c3ccccc3Sc3ccc(C(F)(F)F)cc32)CC1
mol_3521,O=C(Nc1ccc(Cl)cc1Cl)C(Cl)=C1Sc2ccccc2NC1=O
mol_3522,CC1CCCCCC2CC(=O)CC2C(=O)CCC(=O)O1
mol_3523,COC(=O)C(C(=O)C(N)=O)c1csc(-n2nc(-c3ccccc3)cc2-c2ccccc2)n1
mol_3524,CC(C)(CO)CNc1nc(N)nc(Cl)c1C=NO
mol_3525,N#CC(=Cc1ccc2ccccc2c1)C(=O)c1ccccc1
mol_3526,Nc1ccc2c(c1)C(=O)N(OS(=O)(=O)c1ccccc1)C2=O
mol_3527,CC(=O)N1C(=O)CC23c4cccc([N+](=O)[O-])c4C(=O)N2CCCN13
mol_3528,CC1(C)CCCC2(C)C3=C(CCC12)C(=O)OC3
mol_3529,COc1ccc2c(c1)CCC1OC(c3cccnc3)OC21
mol_3530,CCOP(=O)(OCC)C1(O)CC(n2cc(C)c(=O)[nH]c2=O)OC1CO
mol_3531,CCCCCCCCCCCCCCCCP(=O)(O)OCC(N)C(=O)O.N
mol_3532,CC(=NO)C1CCC2C3CCC4CC(=NO)CCC4(C)C3C(C)(O)CC12C
mol_3533,N#CC1=C(N)N(N=Cc2ccco2)C(c2ccco2)C1(C#N)C#N
mol_3534,Nc1ccc(C=Cc2ccc(N=Nc3cc(S(=O)(=O)O)c4cccnc4c3O)cc2S(=O)(=O)O)c(S(=O)(=O)O)c1.[NaH]
mol_3535,COC(=O)CN(CC(=O)NCCNC(=O)OC(C)(C)C)C1CCCCC1N(CC(=O)OC)CC(=O)OC
mol_3536,Cc1ccc2c(c1)C(=O)CC1CC(=O)c3ccccc3C21
mol_3537,CC12CCC3c4ccc(OS(=O)(=O)O)cc4CCC3C1CCC2O.[NaH]
mol_3538,Cc1ccc(NC(=O)c2cc3c(cc2Cl)Sc2nccn2S3(=O)=O)cc1
mol_3539,O=[N+]([O-])c1ncn(F)c1[N+](=O)[O-]
mol_3540,COC(=O)C1=C(O)C(O)=C(C(=O)OC)CC1.[NaH]
mol_3541,CCOC(=O)Nn1c(C)nnc1CC#N
mol_3542,COC(=O)CCCC(=O)C1=NN(c2ccc(Cl)cc2)Cc2ccccc2N1
mol_3543,CCCCCCCCC(O)c1ccc(C=CC(O)CCCC(=O)O)s1.[LiH]
mol_3544,Cc1ccc(S(=O)(=O)C2=Cc3ccccc3C2(O)c2ccccc2)cc1
mol_3545,Oc1cc(-c2ccccc2)nc(S)n1
mol_3546,C=C1C(=O)OC2CC(C)C3CC(=O)C(C)=C3CC12
mol_3547,Nc1ncnc2c1ncn2CC(=O)NCCCO
mol_3548,CSc1ccc(NC(=O)C2c3[nH]c4ccccc4c3C3CCC(C(C)(C)C)CC3C2C(=O)O)cc1
mol_3549,CC(=NNS(=O)(=O)c1ccccc1)c1ccc[n+]([O-])n1
mol_3550,CC1=C(Br)CC23C(C1)OC(Br)(C=CC2(C)O)C3(C)C.CC1=CCC23C(C1)OC(Br)(C=CC2(C)O)C3(C)C.CC1=CCC23C(C1)OC(Br)(C=CC2(C)O)C3(C)C
mol_3551,COc1ccc(C(c2cc(OC)c(OC)c(OC)c2)N2C(=O)CCC2C(=O)O)cc1
mol_3552,COc1ccc(CCNC(=O)CCCCCO)cc1OC
mol_3553,Cc1cccc(C2OC(=O)c3c2ccc2ccccc32)c1
mol_3554,CCOC(=O)C1=NNC(C(=O)c2ccccc2)C1c1ccccc1
mol_3555,CC(C)CC(N[C-](O)[B+][N+](C)(C)C)C(=O)NC(Cc1ccccc1)C(=O)NC1c2ccsc2C(=NO)C1O
mol_3556,CCn1c2ccccc2c2ccc(C3C(C(=O)OC)=C(C)NC(C)=C3C(=O)OC)cc21
mol_3557,Cl.Cn1c(=N)n(CC(=O)NC23CC4CC(CC(C4)C2)C3)c2ccccc21
mol_3558,CC1CN=C(N(C(=O)Nc2ccc(Cl)c(Cl)c2)c2ccccc2)S1
mol_3559,Cl.NCCCCCCNS(=O)(=O)c1cccc2c(Cl)cccc12
mol_3560,O=C(NC(=O)c1c(F)cccc1F)Nc1ncc(Cl)cc1Cl
mol_3561,ClC=CC[N+]12CN3CN(CN(C3)C1)C2
mol_3562,Cc1cccc(NC(=S)NN=C2C(=O)Nc3ccccc32)c1
mol_3563,COC(=O)C12C3C4C5(C(=O)OC)C(C1C35C(=O)N(C(C)C)C(C)C)C42C(=O)N(C(C)C)C(C)C
mol_3564,COC(=O)c1ccccc1NC(c1ccccn1)c1ccc2cccnc2c1O
mol_3565,COC(=O)C(Cc1c(-c2[nH]c3ccccc3c2CC(NC(C)=O)C(=O)OC)[nH]c2ccccc12)NC(C)=O
mol_3566,Nc1nc(N)c(N)c(Nc2ccccc2)n1.O=S(=O)(O)O
mol_3567,N#CCCN(CCC#N)c1ccc(C=C2CC(O)(c3ccccc3)N(c3ccc(Cl)cc3)C2=O)cc1
mol_3568,COC(=O)c1coc(CCC(C)=Cc2ccccc2)n1
mol_3569,O=c1ccn(C2OC(COC3CCCCO3)C(OC3CCCCO3)C2OC2CCCCO2)c(=O)n1-c1ccccc1
mol_3570,CCCOC(=O)NC(C)C(=O)NC(CCC(=O)NC(CCCC(N)C(=O)O)C(=O)NC(C)C(=O)O)C(=O)O
mol_3571,Cc1ccc(SSCCCCCS(=O)O)cc1.[NaH]
mol_3572,O=NC(=C(c1ccccc1)N1CCOCC1)c1ccccc1
mol_3573,CC(=O)NC(=Cc1cccc([N+](=O)[O-])c1)c1nc2ccc3c(c2[nH]1)C(=O)c1ccccc1C3=O
mol_3574,CC=C1C=C(OC)CN(CCc2c[nH]c3ccccc23)C1
mol_3575,Cc1c(CCOC=O)c(=O)nc2[nH]ncn12
mol_3576,CCCC(C)C(=N)Nc1ccc(Cl)c(Cl)c1
mol_3577,Cc1cc(O)ccc1C1(c2ccc(F)cc2)OC(=O)c2ccccc21
mol_3578,Cc1cc2c(c(O)n1)C(=O)OC2
mol_3579,O=NN1CCCS1(=O)=O
mol_3580,O=C1CC(=O)N(c2ccccc2)N1C(=Cc1ccccc1)c1ccccc1
mol_3581,CNCC(OB(c1ccccc1)c1ccccc1)c1ccccc1
mol_3582,N=C1NCC(CN2CCCC2)O1
mol_3583,CCCCCCCCCCN=Cc1c(O)c(O)c(CCC)c2cc(C)c(-c3c(C)cc4c(CCC)c(O)c(O)c(C=NCCCCCCCCCC)c4c3O)c(O)c12
mol_3584,C#CC1(O)CCC2C3CCc4cc(OC)ccc4C3CCC21C
mol_3585,O=[N+]([O-])c1ccc(N2CCOS(=O)OCC2)cc1
mol_3586,CC(CCOc1c2ccoc2cc2oc(=O)ccc12)C1=CC(=O)C(C)(C)O1
mol_3587,O=CCCCC(Sc1ccccc1)Sc1ccccc1
mol_3588,Cc1ccc(N=NC2=C3Nc4ccccc4N=C2N(c2ccccn2)C(=S)N3c2ccccc2C)cc1
mol_3589,N=c1nn[nH]n1-c1ccccc1
mol_3590,CC1(OCCCOC2(C)C(=O)N3C2N(C(=O)OCc2ccccc2)CC3(C)C)C(=O)N2C1N(C(=O)OCc1ccccc1)CC2(C)C
mol_3591,CN(C)N=Nc1nc2c(c(=O)n(C)c(=O)n2C)n1C
mol_3592,Clc1c2ccccc2nc2c1[nH]c1ccccc12
mol_3593,CCCCCCCCCCCCCC(=O)OCC(CCS(=O)(=O)OC1CCC2(C)C(=CCC3C4CCC(=O)C4(C)CCC32)C1)OC(=O)CCCCCCCCCCCCC
mol_3594,COc1ccc(NCC=CC(=CCOC(C)=O)OC(C)=O)cc1
mol_3595,CCOC(=O)CC(C(=O)OCC)S(=O)(=O)O
mol_3596,O=[N+]([O-])c1cccc2nnccc12
mol_3597,CC12C=CC(=O)C=C1CCC1C3CC(O)C(O)(C(=O)CO)C3(C)CC(O)C12F
mol_3598,O=c1[nH]nc(Cc2ccccc2)n1N=Cc1ccccc1Cl
mol_3599,O=C1NC2(CCN(CCCC3(c4ccc(F)cc4)OCCO3)CC2)Oc2ccccc21
mol_3600,CC1CCOn2c1nc1ccccc1c2=O
mol_3601,CCOC(=O)Nc1cc2c(c(N)n1)N=C(c1ccc3ccccc3c1)CN2
mol_3602,BrCC=CC[P+](c1ccccc1)(c1ccccc1)c1ccccc1.[BrH2+]
mol_3603,Cc1ccc(S(=O)(=O)NCCN(CCNS(=O)(=O)c2ccc(C)cc2)S(=O)(=O)c2ccc(C)cc2)cc1
mol_3604,N#CC(=CNC(=S)NN=C1C(=O)Nc2ccccc21)C(N)=O
mol_3605,Cc1c(NC(=S)NC(=O)c2ccc([N+](=O)[O-])cc2)c(=O)n(-c2ccccc2)n1C
mol_3606,COC(=O)C(Cc1ccccc1)OC(=O)C(N)CC(=O)O
mol_3607,CCOC(=O)C(=Cc1ccc2ccccc2c1)P(=O)(OCC)OCC
mol_3608,O=C(C=Cc1cccc2ccccc12)c1cccc2ccccc12
mol_3609,COc1cc(C2c3cc4c(cc3OC(NCCO)C2C)OCO4)cc(OC)c1O
mol_3610,Cc1ccc(S(=O)(=O)OC(c2ccc(Cl)cc2Cl)C2OC(=O)c3ccccc32)cc1
mol_3611,O=C1CC2C=CC(O)C(C1)C2
mol_3612,CCN(CC)c1ccc(N=C2C=C(Cl)C(=O)c3ncccc32)c(C)c1
mol_3613,Cc1c(Cl)ccc2c1NC(=O)C2(O)C(C(=O)c1ccccc1)c1ccccc1
mol_3614,CC(C)CCC(=O)c1ccoc1
mol_3615,CCOc1cc2c(cc1O)C(=O)CC1C2CCC2(C)C(O)CCC12
mol_3616,CC1(C)CCC2(C(=O)O)CCC3(C)C(=CCC4C5(C)CCC(OC6OCC(O)C(O)C6OC6OC(CO)C(O)C(O)C6O)C(C)(C)C5CCC43C)C2C1
mol_3617,COc1cc(-c2cc(=O)c3c(O)cc(O)cc3o2)cc(OC)c1OC
mol_3618,Cc1ccccc1NC(=O)c1c(C)oc2c1C(=O)c1ccccc1C2=O
mol_3619,Cc1cc(C)nc(NS(=O)(=O)c2ccc(NNC(=O)c3cccc4c(=O)c5ccccc5[nH]c34)cc2)n1
mol_3620,COC(=O)c1cc(C=C2Cc3cc4c(cc3C2=O)CCC4)cc2c1CCC2
mol_3621,O=C1C(=Cc2cccc3ccccc23)Cc2ccccc21
mol_3622,OCC=Cc1ccc(Cl)cc1
mol_3623,COC(=O)C(CCCN1C(=O)c2ccccc2C1=O)C(=O)OC
mol_3624,CCOC(CCc1c(C)nc(NC(C)=O)nc1O)OCC
mol_3625,CC(Nc1nc(N)c(N=O)c(=O)n1C)C(=O)O.[KH]
mol_3626,O=C(C=Cc1ccc(O)cc1)OCC1OC(Oc2cc(O)c3c(c2)OC(c2ccc(O)cc2)CC3=O)C(O)C(O)C1O
mol_3627,CCCCNC(=S)NC=C1C(=O)C=C(C)OC1=O
mol_3628,CC1=NN(C(=O)Cc2ccccc2)C(=O)C1=Cc1ccc([N+](=O)[O-])cc1
mol_3629,O=[N+]([O-])c1ccccc1S(=O)(=O)Oc1ccc(Cl)cc1
mol_3630,c1ccc2c3c([nH]c2c1)C1(CCCCC1)c1c([nH]c2ccccc12)C31CCCCC1
mol_3631,O=C(c1ccc(NCN2C(=O)CCC2=O)cc1)c1ccc(NCN2C(=O)CCC2=O)cc1
mol_3632,O=C(O)c1ccccc1C(=O)NC(Cc1c[nH]cn1)C(=O)O
mol_3633,CC1=NN(c2ccccc2)C(=O)C1N=Nc1ccc(S(=O)(=O)Nc2ccccn2)cc1
mol_3634,COc1ccc(CCN2C(=O)c3cccc4c(Sc5ccccc5[N+](=O)[O-])ccc(c34)C2=O)cc1OC
mol_3635,N#Cc1nc(C=Cc2cccs2)oc1N
mol_3636,O=C(OC(=C(c1ccccc1)c1ccccc1)N1CCCC1=S)C(c1ccccc1)c1ccccc1
mol_3637,CCC(C#N)NC(=O)NC(C#N)CC
mol_3638,COc1ccc2[nH]cc(C(=O)C(=O)NC34CC5CC(CC(C5)C3)C4)c2c1
mol_3639,CCCCCCc1cc2cc(C(=O)Nc3nc(C45CC6CC(CC(C6)C4)C5)cs3)c(=O)oc2cc1O
mol_3640,Cc1ccc2c(c1)nc(-c1ccccn1)n2CCc1ccccn1
mol_3641,CCOC(=O)NC(=O)c1cn(CCN2CCN(C(=O)CCCCCCCCCCNc3ncnc4c3ncn4C3OC(CO)C(O)C3O)CC2)c(=O)[nH]c1=O
mol_3642,O=c1ccn(C2CC(O)C(CO)C2)c(=O)[nH]1
mol_3643,Cn1c(=O)c2nc(NCc3ccccc3)sc2n(C)c1=O
mol_3644,CCOC=NC1=C(C#N)SC2=NC(=Cc3ccccc3)C(=O)N21
mol_3645,Nc1nc(SCc2ccccc2)c2ncn(CCO)c2n1
mol_3646,CC(=O)OCC1OC(n2cc(C(F)(F)F)c(=O)[nH]c2=O)CC1OC(C)=O
mol_3647,N#CCCN(c1ccc(C=Nc2nc(-c3ccccc3)cs2)cc1)S(=O)(=O)c1ccccc1
mol_3648,C=CCC1(C#N)CC(CC2(C#N)CC(CCl)OC(C)(C)O2)OC(C)(C)O1
mol_3649,Cc1c(O)c(OC2OC(CO)C(O)C(O)C2O)cc2c1CCC1C2(C)C(=O)CC2(C)C(C(C)(O)C(O)C=CC(C)(C)O)C(O)CC12C
mol_3650,Cl.O=C(CCCN1CCc2[nH]c3cc(F)ccc3c2C1)c1ccc(F)cc1
mol_3651,NNC(=O)NN=C1CN(c2ccc(Cl)cc2Cl)C(=O)C(=O)C1c1nc2ccccc2o1
mol_3652,Cc1ccc(S(=O)(=O)OC2CSS(=O)CC2OS(=O)(=O)c2ccc(C)cc2)cc1
mol_3653,O=C(Nc1ccccc1)N1C(c2ccccc2)=NC(c2ccccc2)C1c1ccccc1
mol_3654,CON=C1c2sccc2C(NC(=O)C(F)(F)F)C1O
mol_3655,Cl.NCCSSCC=CCSSCCN
mol_3656,C[N+](C)(C)CC1CCCCCCCCCCC1=O.[I-]
mol_3657,C1N2CN3CN1CN(C2)C3
mol_3658,O=C1C(c2ccccc2)CS(=O)(=O)CC1c1ccccc1
mol_3659,CCOC(=O)C(Cc1cc(=O)n(C)c2ccccc12)=NNc1ccc([N+](=O)[O-])cc1[N+](=O)[O-]
mol_3660,O=C(OCCN1C2CCCC1CCC2)C(O)(c1ccccc1)c1ccccc1
mol_3661,COC=C(Br)c1ccc2c(c1)OCO2
mol_3662,COc1ccccc1N=Nc1c(-c2ccccc2)nn(C(=O)CC(=O)Nc2ccccc2Cl)c1-c1ccccc1
mol_3663,O=NC1C(Cl)C2CC1C1COCC21
mol_3664,Cc1cc(C)nc(NS(=O)(=O)c2ccc(NNc3c4ccccc4nc4c(C(=O)Nc5ccc(S(=O)(=O)NC(=N)N)cc5)cccc34)cc2)n1
mol_3665,CC(C)(SSC(C)(C)C1NC(=O)NC1=O)C1NC(=O)NC1=O
mol_3666,O=C(N=C(Nc1ccccc1)SCCSC(=NC(=O)c1ccccc1)Nc1ccccc1)c1ccccc1
mol_3667,CC(=O)Oc1cccc2c1C(=O)C(Br)(Br)CCC2
mol_3668,Cc1cc(S(=O)(=O)Nc2n[nH]c(=O)n2-c2ccccc2)c(S)cc1Cl
mol_3669,CC1(C(=O)O)CCCC2(C)C1CCC1(C)c3cocc3CCC12
mol_3670,COc1ccc(-c2oc3cc(OC(C)=O)cc(OC(C)=O)c3c(=O)c2OC)cc1
mol_3671,N#Cc1nc(CCCN2C(=O)c3ccccc3C2=O)oc1N
mol_3672,COC1Cc2ccccc2C1O
mol_3673,NP(=O)(OCC1=CC(=O)c2ccccc2C1=O)N(CCBr)CCBr
mol_3674,O=C(CCN(CCO)CCO)Nc1ccc2c(c1)C(=O)c1ccc(NC(=O)CCN(CCO)CCO)cc1C2=O
mol_3675,COC1C=COC2(C)Oc3c(C)c(O)c4c(O)c(cc(OCC(=O)N(Cc5ccccc5)Cc5ccccc5)c4c3C2=O)NC(=O)C(C)=CC=CC(C)C(O)C(C)C(O)C(C)C(OC(C)=O)C1C
mol_3676,C=CC=CNC(=O)OCc1ccccc1
mol_3677,COC(=O)Cn1c(=O)oc2nc(-c3ccccc3)cc(C(F)(F)F)c21
mol_3678,O=C(Nc1ccc(Cl)cc1)Sc1nnc2c(n1)[nH]c1ccccc12
mol_3679,COC(=O)CCNc1c2ccccc2nc2cccc([N+](=O)[O-])c12
mol_3680,COc1cc(CNC(=O)CCCCCCCCCCSC#N)ccc1O
mol_3681,O=C1C2C=CC1C1C(=O)OC(=O)C21
mol_3682,CCCCSC(=CC(=O)c1cccc(C(=O)C=C(SCCCC)SCCCC)n1)SCCCC
mol_3683,O=C(CCCN1CCC2(CC1)C(NC1CCCCC1)=NC(=O)N2c1ccccc1)c1ccc(F)cc1
mol_3684,CCOC(=O)C(NC(=O)Nc1ccccc1)(Nc1cccc(Cl)c1)C(F)(F)F
mol_3685,CC1OC(OC2C(O)COC(OC3C(C)OC(OC4C(OC(=O)C56CCC(C)(C)CC5C5=CCC7C8(C)CC(O)C(OC9OC(CO)C(O)C(O)C9O)C(C)(CO)C8CCC7(C)C5(C)CC6)OCC(O)C4O)C(O)C3OC3OCC(O)(CO)C3O)C2O)C(O)C(O)C1O
mol_3686,CCc1cccc(C)c1NS(=O)(=O)c1ccccc1
mol_3687,Brc1ccc2[nH]c3nc(NN=Cc4cccnc4)nnc3c2c1
mol_3688,Cn1cnc([N+](=O)[O-])c1SC1=NCCS1
mol_3689,COc1ccc(C=CC(=O)c2cc(C)ccc2OC(C)=O)cc1
mol_3690,CC1=CC(O)CC(C)=CC(O)C(=O)C=CC2C(CC1)C2(C)C
mol_3691,Sc1nc(S)c2nnn(-c3ccccc3)c2n1
mol_3692,Cc1cccc2c1NC(c1c(C)[nH]c3ccccc13)C2.Cl
mol_3693,CC(=O)Oc1ccc(OC(Oc2ccccc2)c2ccccc2)cc1
mol_3694,CC(C)O.OCC1NC(CO)C(O)C1O
mol_3695,Cc1ccccc1N(CCC#N)C1=NN(C(=O)CC(=O)Nc2ccccc2)C(c2ccccc2)C1
mol_3696,CC1CN1c1c(C(=O)C=Cc2ccc(F)cc2)c(-c2ccccc2)nn(C)c1=O
mol_3697,CN1CCN(c2ccc(-n3cc(C(=O)O)c(=O)c4cc(F)c(N5CCN(C)CC5)cc43)nc2)CC1
mol_3698,O=C(CC(=O)c1ccccc1)C(=O)Nc1ccc(Cl)cc1
mol_3699,NNC(=S)NN=C(CC1OC(=O)c2ccccc21)c1ccccc1O
mol_3700,O=C1NC(=O)c2ncccc21
mol_3701,O=C1C(=Cc2cccc(Oc3ccccc3)c2)SC(c2ccccc2)N1c1ccccc1
mol_3702,Cc1ccc(S(=O)(=O)SCc2ccccc2CSS(=O)(=O)c2ccc(C)cc2)cc1
mol_3703,COc1c(Cl)cc(C(=O)c2cc(Cl)c(OC)c(C(=O)O)c2)cc1C(=O)O.N
mol_3704,Cc1cccc2[nH]c3c(c(O)cc4[nH]c5cccc(C)c5c(=O)c43)c(=O)c12
mol_3705,CC(C)=C1CCC(C)CC1=NNC(N)=S
mol_3706,O=C1c2ccccc2-c2nnc3c(c21)Cc1ccccc1C3
mol_3707,COc1ccc(C2=Nn3c(nc4sc(C)c(C)c4c3=O)SC2)cc1
mol_3708,COc1ccc(CC2C(=O)OCC2Cc2ccc(OC)c(OC)c2)cc1O
mol_3709,CCCCCCCCCCCCOC(=N)N1CCOCC1
mol_3710,CCOC(=O)c1[nH]c2c(OC)n[n+]([O-])cc2c1Br
mol_3711,COCP1(=S)OC(C)CCN1C(C)C
mol_3712,CCCCCCCCCCCCCCC1OC(=O)c2ccccc21
mol_3713,O=C(Cn1cc(Br)c(=O)[nH]c1=O)c1ccc(-c2ccccc2)cc1
mol_3714,Cc1ccc(NC(=O)CSc2nc(C)nc3c2sc(=S)n3-c2ccccc2)cc1
mol_3715,NC(=O)OCC(COc1ccc(Cl)cc1)OC(=O)c1cc([N+](=O)[O-])cc([N+](=O)[O-])c1
mol_3716,CNC(=S)OCCC(C)CCCC(C)C
mol_3717,c1ccc(-c2c(-c3cccs3)[nH]c(-c3cccs3)c2-c2ccccn2)nc1
mol_3718,O=C1CSCc2sccc21
mol_3719,O=C1CC(=O)N(CCc2ccccc2)S(=O)(=O)N1CCc1ccccc1
mol_3720,Clc1ccc(-c2c(C3=NCCN3)nnn2-c2ccccc2)cc1
mol_3721,CCOC1NC(=O)c2ccccc21
mol_3722,N=C(N)NS(=O)(=O)c1ccc(NNC(=O)c2cccc3c(=O)c4ccccc4[nH]c23)cc1
mol_3723,C(=Cc1c[nH]c2ccccc12)c1nccc2ccccc12
mol_3724,COC(=O)c1cc(Cl)ccc1NC(=O)c1ccc([N+](=O)[O-])cc1
mol_3725,CC(NC(=O)C(C)C(=O)NCc1ccc(C(F)(F)F)cc1)C(N)=O
mol_3726,S=C1NC(c2ccccc2)Nc2ccccc21
mol_3727,Cc1ccc(N2C(=O)C(=Cc3ccc(N(CCC#N)CCC#N)cc3C)N=C2c2cc([N+](=O)[O-])ccc2Cl)cc1
mol_3728,Cc1[nH]c2ccccc2c1C1Cc2ccccc2N1C(=O)C=CC=Cc1ccccc1
mol_3729,C[CH-][Tl-]1([CH-]C)[O+]=C(C)[CH-]C(C)=[O+]1
mol_3730,CN1OC2CCC1CC(OC(c1ccccc1)c1ccccc1)C2
mol_3731,N#C[SH+][Co-4](N)(N)(N)(N)N.O=S([O-])(O)=[OH+]
mol_3732,Cc1ccc([N+](=O)[O-])c2c(NCCNC(=O)Cn3ccnc3[N+](=O)[O-])ccnc12.Cl
mol_3733,N#Cc1ccc(Oc2nc3ccccc3nc2C(=O)O)cc1
mol_3734,COc1cc(N=Nc2ccccc2)c2nccc(C)c2c1N
mol_3735,O=C(c1ccccc1)c1cccc(C(=O)c2ccccc2)c1
mol_3736,Cc1nc(=N)[nH]n1C1OCC(O)C(O)C1O
mol_3737,CC(=O)N1N=C(c2c(O)ccc3ccccc23)CC1C(=O)c1ccco1
mol_3738,CNCCS(=O)(=O)O
mol_3739,CCOC(=O)c1c(C(CC)C(=O)OC(C)C)cc2n(c1=O)Cc1c-2nc2ccccc2c1Cl
mol_3740,O=C(O)Cn1c(=O)[nH]c(=O)c2[nH]cnc21
mol_3741,COc1ccc(O)c2c1C(=O)CCCC2=O
mol_3742,O=C(NCCCC1C2CCC(C2)C1CNC(=O)Nc1cccc(Cl)c1)Nc1cccc(Cl)c1
mol_3743,Cc1n[nH]c2c(N(C)C)ncnc12
mol_3744,CC(=NNc1ccc2ccccc2n1)c1ccccn1
mol_3745,C1C[N+]23CCC[N+]4(C1)CC[S-]1[Fe+2]24([SH+]CC3)[S-]2CC[N+]34CCC[N+]5(CCC3)CC[SH+][Fe+2]1254
mol_3746,COc1ccc(C2CC(=O)c3c(O)cc(OC4OC(CO)C(O)C(O)C4OC4OC(C)C(O)C(O)C4O)cc3O2)cc1O
mol_3747,C1OCN2c3nonc3N3COCN4c5nonc5N1C2C43
mol_3748,CCCCNC1C2C3CC4C5CC(C42)C1(C)C53.Cl
mol_3749,CC(=O)Nc1ccc(C(=O)NN2C(=O)C(Cl)C2c2ccc([N+](=O)[O-])cc2)cc1
mol_3750,CCC1CN2CCc3cc(OC)c(OC)cc3C2CC1CC1NCCc2cc(O)c(OC)cc21
mol_3751,Cc1cc(-c2ccc[nH]2)on1
mol_3752,Cc1c(OCc2cccc3ccccc23)ccc2c(=O)cc(SCCN3CCOCC3)oc12
mol_3753,Cn1cnc2[nH]c(=O)n(OS(=O)(=O)c3ccccc3)c(=O)c21
mol_3754,COC(=O)c1ccccc1C=C1Cc2c(ccc3c2CCC3)C1=O
mol_3755,ClC(Cl)[Si]12OCCN(CCO1)CCO2
mol_3756,CCC1(C)N=c2c(ncn2N=C(C)C)=C(C(N)=O)N1
mol_3757,C=C1C(=O)OC2C=C(C)C3OC3C=C(C(=O)OC)C(OC(C)=O)C(OC(=O)C(C)(O)C(C)OC(C)=O)C12
mol_3758,O=C(NC(Cc1c[nH]cn1)C(=O)N1CCCC1)C1CCCC1
mol_3759,CC(C)CCSSCCC(C)C
mol_3760,COC(=O)C=C1C(CO[Si](C)(C)C(C)(C)C)OC(n2cc(C)c(=O)n(C)c2=O)C1O[Si](C)(C)C(C)(C)C
mol_3761,CCOC(=O)c1ccc(N2CCN(c3c(C)nc(N)nc3N)CC2)cc1
mol_3762,CCC(COC(=O)CCC(NC(=O)C(C)NC(=O)C(C)OC1C(O)C(CO)OC(OCc2ccccc2)C1NC(C)=O)C(N)=O)NC1c2ccccc2Nc2cccc([N+](=O)[O-])c21
mol_3763,CCCCc1c2c(nc3c1CCC(=Cc1ccc([N+](=O)[O-])cc1)C3=O)CCCC2
mol_3764,C1=CC=CC2OC2C=C1
mol_3765,Nc1cc(C(=O)O)ccc1O
mol_3766,O=C1C2=C(NC(c3ccccc3)C(c3ccccc3)N2)C(=O)c2ccccc21
mol_3767,COC(OC)c1cccc2c1C(=O)CCC1(CC2)OCCCCO1
mol_3768,COc1cc2c3c(c1)[nH]c(=S)n3C(=O)CS2
mol_3769,COC1C=C(NCC2(CO)CCC2)NC(=N)N1
mol_3770,c1ccc2c(c1)Cc1ccccc1-c1c-2[nH]c2ccccc12
mol_3771,CC1CC(=Cc2ccc(O)c(O)c2)C(=O)C(=Cc2ccc(O)c(O)c2)C1
mol_3772,O=C1C(=C2Nc3ccc(S(=O)(=O)O)cc3C2=O)Nc2ccc(S(=O)(=O)O)cc21
mol_3773,O=C(CCCC(=O)Nc1ccc(Cl)cc1Cl)CC(=O)c1ccc2ccccc2c1
mol_3774,O=S(=O)(O)c1cc(O)c2c(O)cc(S(=O)(=O)O)c(N=Nc3ccc(C=Cc4ccc(N=Nc5c(S(=O)(=O)O)cc(O)c6c(O)cc(S(=O)(=O)O)cc56)cc4S(=O)(=O)O)c(S(=O)(=O)O)c3)c2c1.[NaH]
mol_3775,O=c1oc2ccccc2c(O)c1C(c1ccc(OCc2ccccc2)cc1)c1c(O)c2ccccc2oc1=O
mol_3776,C=CC1OC(=O)OC1CO
mol_3777,O=c1[nH]c2nc3ccccc3c(=O)n2c1=Cc1cccs1
mol_3778,Cc1cc(C)nc(NS(=O)(=O)c2ccc(NN=c3c4ccccc4n(C)c4ccccc34)cc2)n1
mol_3779,COc1ccc(C(=NNC(=N)N)C(c2ccc(OC)cc2)C2OC(=O)c3ccccc32)cc1
mol_3780,COC(=O)C(NC(=O)C12CCC(C)(C(=O)O1)C2(C)C)c1cc(C(C)(C)C)c(O)c(C(C)(C)C)c1
mol_3781,CCC1(Cc2ccc(OC)c(OC)c2)C=[N+]([O-])OC(OC2CCCC2(c2ccccc2)c2ccccc2)C1OC(C)=O
mol_3782,CCCCCCCCCCCCCCCCNc1nc(=O)n(C2CC(N=[N+]=[N-])C(CO)O2)cc1C
mol_3783,CC(=O)Nc1ccc(C(C#N)=Cc2ccc(N(C)CCC#N)cc2)cc1
mol_3784,N#CC1=C(Nc2ccccc2)SC=C(c2ccccc2)N=C1NCc1ccccc1
mol_3785,Clc1ccc2c(c1)N(CCCN1CCCC13CCCCC3)c1ccccc1S2
mol_3786,COC(=O)C12CCCC(=O)C1C1CCCCC12
mol_3787,COc1cc(C=C(C#N)c2ccc(Cl)cc2)ccc1OCc1ccccc1
mol_3788,COC(=O)c1c(C)cccc1C=C1Cc2c(C)cccc2C1=O
mol_3789,CN(NC(=O)C(=Cc1c(O)ccc2ccccc12)NC(=O)c1ccccc1)c1cnnc(O)c1Cl
mol_3790,OC1Cn2cc(Br)c[n+]2C1
mol_3791,CN(CCN)C(CSSCC(c1ccccc1O)N(C)CCN)c1ccccc1O
mol_3792,CC(=O)C(=CN1C(=O)CC(=O)NC1=S)C(=O)Nc1ccccc1
mol_3793,O=C(O)c1ccc(NNC(=O)c2cccc3c(=O)c4ccccc4[nH]c23)cc1
mol_3794,O=C(CCCn1ccnc1[N+](=O)[O-])NCCn1ccnc1[N+](=O)[O-]
mol_3795,CCOC(=O)c1ccc(N=c2sc3ccccc3nc2Nc2ccc(C(=O)OCC)cc2)cc1
mol_3796,C=C1C(=O)OC2C=CCCCC12
mol_3797,O=S(=O)(O)c1cc2cc(S(=O)(=O)O)c(O)cc2cc1O
mol_3798,COc1ccc(S(=O)(=O)N(C)CC(=O)O)cc1
mol_3799,COc1ccc(Nc2ccc([N+](=O)[O-])c3nonc23)cc1
mol_3800,CCOC(=O)C(=Cc1ccc(C(=O)OC)cc1)N(CC)CC
mol_3801,CC1=NC(C)(CO)CO1
mol_3802,Clc1ccc(CN2COc3c(cc(Cl)c4cccnc34)C2)c(Cl)c1
mol_3803,COC(=O)C(=NNc1cccc(Cl)c1)C(C(=O)C(=O)Nc1cccc(Cl)c1C)c1nc2ccccc2nc1C
mol_3804,COc1ccc(-c2nc(-c3cnccn3)n(Cc3ccccc3)n2)cc1
mol_3805,CCC(C)(O)c1cn(-c2ccc(Cl)cc2)nn1
mol_3806,COc1cc(OC)cc(Oc2nc3c(N)cc(C(F)(F)F)cc3nc2-c2ccccc2)c1
mol_3807,COc1nc2c(c(=O)n1C)NC(C(O)C(O)CO)C=N2
mol_3808,CC1OC(=O)C2=C1C(=O)CC(C)(C)O2
mol_3809,Cc1ccc(N=Nc2c(=N)[nH]n3cc4c(nc23)-c2ccccc2CC4)cc1
mol_3810,CCC12CCCNC1c1c(n(C)c3ccccc13)C(C(=O)OC)C2.Cl
mol_3811,CC12CCC(O1)C1C(=O)OC(=O)C12
mol_3812,O=C1O[Cu-3]2(OC(=O)c3cccc[n+]32)[n+]2ccccc21
mol_3813,NC(=O)c1ccccc1NC(=O)C(=O)C(C(=O)c1ccc(Cl)c(Cl)c1)C1OC(=O)c2ccccc21
mol_3814,COC1C=COC2(C)Oc3c(C)c(O)c4c(O)c(c(C=NN5CCCN(Cc6ccccc6)CC5)c(O)c4c3C2=O)NC(=O)C(C)=CC=CC(C)C(O)C(C)C(O)C(C)C(OC(C)=O)C1C
mol_3815,CCOc1ccc(C=C2NC(=S)N(C=C3C(=O)Oc4ccccc4C3=O)C2=O)cc1
mol_3816,OCC[PH](c1ccccc1)(c1ccccc1)c1ccccc1
mol_3817,CCOC(=O)NC(=O)c1cn(CCCCCCCCCCC(=O)N2CCN(CCn3cc(C(=O)NC(=O)OCC)c(=O)[nH]c3=O)CC2)c(=O)[nH]c1=O
mol_3818,O=C1NC2CS(=O)(=O)CC2N1
mol_3819,O=C1C=CC2(CCC23C=CC(=O)O3)O1
mol_3820,O=[N+]([O-])c1ccc(C2=CSC3=NCCN23)cc1
mol_3821,COc1ccc2c(c1)CN(C(C)C1CCC3C4CCC5CC(O)CCC5(C)C4CCC31C)CO2
mol_3822,Nc1nc(N)c2nc(-c3ccccc3)c(N)nc2n1
mol_3823,O=C1ON=C2C3CC4CC12CC1(C3)C(=O)ON=C41
mol_3824,CC(=O)OC1(C)C=CC(=NS(=O)(=O)c2ccc(C)cc2)c2ccccc21
mol_3825,CCOC(=O)C(C)(CCC(C)(C(=O)OCC)C(=O)OCC)C(=O)OCC
mol_3826,CC1(C)C2CC(=O)C1(C)C(OCc1ccccc1)C2Br
mol_3827,Cc1ccc([N+](=O)[O-])cc1NC(=O)C(=O)C1CCC2=C(Sc3ccccc3N2)C1=O
mol_3828,CC1CCC(=Cc2ccc(N(C)C)cc2)C2=C1C(c1ccc(N(C)C)cc1)NC(=S)N2
mol_3829,COc1cccc2c(NNc3ccc(Cl)cc3)c3ccc([N+](=O)[O-])cc3nc12
mol_3830,COc1ccc(NC(=O)C(=O)C2NC(=S)NC2=O)c(OC)c1
mol_3831,COC(=O)C(=O)C(C(=O)C(=O)Nc1ccc(Cl)cc1Cl)c1nc2ccc(Cl)cc2nc1O
mol_3832,C1CCOC2(CCC3(CC2)OCCCCO3)OC1
mol_3833,CC(=O)OC=C1CC2C3CCC4CC(C(C)=O)CCC4(C)C3CCC2(C)C1=O
mol_3834,Fc1ccccc1C=[N+]1N=C(c2ccncc2)[OH+][Ni-2]12[OH+]C(c1ccncc1)=N[N+]2=Cc1ccccc1F
mol_3835,COc1ccc(C2=Nc3c(O)nc(SC)nc3NC(c3ccccc3)C2)cc1
mol_3836,CC1(C)C2CCC1(C)C(Cl)([N+](=O)[O-])C2
mol_3837,COc1cc(C)cc2c(-c3c(OC(C)=O)cc(OC(C)=O)c4c3CC(C)N(C(C)=O)C4C)cc(-c3cc(-c4c(OC(C)=O)cc(OC(C)=O)c5c4CC(C)N(C(C)=O)C5C)c4cc(C)cc(OC)c4c3O)c(O)c12
mol_3838,Cc1ccc(C=C2CCCC(CN(C)C)C2=O)cc1.Cl
mol_3839,Cc1cccc2c1C(=O)OC2(C)c1cccc2ccccc12
mol_3840,COc1cc(CNC(=S)CCCCCCCCCCC(C)C)ccc1O
mol_3841,COC(O)C(=O)c1ccc2c(c1)CC1(C2)Cc2cc3c(cc2C1=O)CCC3
mol_3842,COC(=O)c1c(C)cc(OC(=O)c2c(C)cc(O)c(C=NO)c2O)c(C)c1O
mol_3843,CC1(C)COC2(C)N(c3ccccc3)C(=O)ON12
mol_3844,NCCn1ccc(NC(c2ccccc2)(c2ccccc2)c2ccccc2)nc1=O
mol_3845,Clc1cccc(Cl)c1C1SCc2nc3ccccc3n21
mol_3846,C1CSCCCSCCCSCCCSCCCSCCCSCCCSCCCSC1
mol_3847,CC=CC=CC=CC(O)CC(OP(=O)(O)O)C(C)(O)C=CC1CC=CC(=O)O1
mol_3848,O=C(Nc1ccc(Br)cc1)C(=O)C(C(=O)c1ccccc1F)C1OC(=O)c2ccccc21
mol_3849,CC1(c2ccc(F)cc2)C2C(=O)NC(=O)C1C(=O)NC2=O
mol_3850,O=C(Sc1c(-c2ccccc2)c(=O)n(-c2ccccc2)c(=S)n1-c1ccccc1)c1ccc(Cl)cc1
mol_3851,Cc1cc(N(CCC#N)CCC#N)ccc1C=CC(=O)Nc1ccccc1Cl
mol_3852,CC(=O)NC(CCC(=O)OC(C)(C)C)C(=O)NC(CCC(=O)OC(C)(C)C)C(=O)NC(Cc1ccc([N+](=O)[O-])cc1)C(=O)NC(CCCCNC(=O)OC(C)(C)C)C(=O)NC(CCCCNC(=O)OC(C)(C)C)C(=O)NCC(=O)O
mol_3853,CC(CC(=O)Nc1ccc(NC(=O)CC(C)N=NC(N)=S)cc1)N=NC(N)=S
mol_3854,CC(=O)C1=CSC2C(NC(=O)Cc3ccccc3)C(=O)N2C1C(=O)OC(c1ccccc1)c1ccccc1
mol_3855,O=C(Nc1ccn(C2CC(I)C(COC(c3ccccc3)(c3ccccc3)c3ccccc3)O2)c(=O)n1)c1ccccc1
mol_3856,Cc1csc(NNC(N)=O)n1
mol_3857,Cc1ncc([N+](=O)[O-])n1CCNCCCn1ccnc1[N+](=O)[O-].Cl
mol_3858,CCc1n[nH]c(=O)n1N=Cc1ccccc1O
mol_3859,O=C1Nc2ccccc2Cn2c1cc1oc(-c3ccccc3)cc12
mol_3860,C=C(C)C1CCC2(CO)CCC3(C)C(CCC4C5(C)CCC(O)C(C)(C)C5CCC43C)C12
mol_3861,O=c1[nH]c2ccc(CC(=S)N3CCN(c4ccccc4)CC3)cc2s1
mol_3862,CCOC(=O)C(=Cc1ccc(Cl)cc1)C(C)=O
mol_3863,Cc1occc1C(=S)Nc1ccc(Cl)c(C=NOC(C)(C)C)c1
mol_3864,CNS(=O)(=O)NNS(=O)(=O)c1cccc([N+](=O)[O-])c1
mol_3865,COc1cc(=O)oc2c3c(ccc12)OC(C)(C)C(OC(=O)C12CCC(C)(C(=O)O1)C2(C)C)C3OC(=O)C12CCC(C)(C(=O)O1)C2(C)C
mol_3866,CC1=C(C(=O)NCCc2ccccc2)CC(C(=O)NCCc2ccccc2)=C(C)N1
mol_3867,CCCC(O)CNCc1ccc(N(C)C)cc1
mol_3868,COC(=O)C12CN(C)C(C(C)(C)C)N1C(=O)OC2c1ccccc1
mol_3869,CC(C)C(NC(=O)OC(C)(C)C)C(=O)N(C)C(Cc1ccccc1)C(=O)N(C)C(C(=O)N(C)C(C(=O)O)C(C)C)C(C)C
mol_3870,CC(CC(C)C1CCC2C3C(O)CC4CC(O)CCC4(C)C3CCC12C)C(=O)O
mol_3871,Cc1ccc2nc(O)c(C(C#N)c3ccccc3)nc2c1
mol_3872,Clc1ccc(NN(c2ccccc2)c2ccc(Cl)cc2)cc1
mol_3873,CCCCCCCCCCCCNC(=O)c1ccc([Se][Se]c2ccc(C(=O)NCCCCCCCCCCCC)cc2)cc1
mol_3874,CC(NC(=O)C(C)NC(=O)C(CC(N)=O)NC(=O)CN)C(=O)NC(CO)C(=O)NC(C)C(=O)NC(CCCNC(=N)N)C(=O)NC(CCCNC(=N)N)C(N)=O
mol_3875,NC(=S)NN=C1C(=O)N(c2ccc(Cl)cc2Cl)C(=O)C(=O)C1c1nc2ccccc2s1
mol_3876,O=C1NC2OC(C(O)CO)C(O)C2O1
mol_3877,COc1ccc(C=CCN(C)CCc2ccccc2)cc1OC
mol_3878,CCC1=CC2CN3CCc4c([nH]c5ccccc45)C(C(=O)OC)(C2)C13.Cl
mol_3879,O=NC1C2C=CC(C2)C1Cl
mol_3880,C1COC2SC3=C(SC(=C4SC5=C(SCCS5)S4)S3)SC2O1
mol_3881,N=C(N)NS(=O)(=O)c1ccc(NC(=O)c2cccc3c(Nc4ccc(S(N)(=O)=O)cc4)c4ccccc4nc23)cc1
mol_3882,O=CCC12CC(=O)OC(C1)C(I)CC21OCCO1
mol_3883,N#CC(=Cc1cc(O)c(O)c(I)c1)C(=O)NCCCc1ccccc1
mol_3884,CCCCCCSc1nc(COC(=O)NC)c(COC(=O)NC)n1C.Cl
mol_3885,Br.CN(C)c1ccc(C(Br)=C2OC(=O)c3ccccc32)cc1
mol_3886,N#CC(C(=S)Nc1ccccc1)=C(N)N1CCCC1
mol_3887,COc1ccc(-c2csc3c2[N+]2(C)C=CC=C2C3N2CCCC2)cc1.[I-]
mol_3888,c1ccc2[nH]c(CSc3nc4ccccc4s3)nc2c1
mol_3889,N#Cc1c(N2CCCC2)nsc1NCc1ccccc1
mol_3890,CCCCCCCCCCCCNC(=S)OC
mol_3891,O=C1NC(=S)NC1=Cc1cccs1
mol_3892,Cc1cccc(C(C)(C)C)c1NC(=O)CC1C(=O)Nc2ccccc2S1(=O)=O
mol_3893,Cc1cc(C)n(-c2nc(O)c3ccccc3n2)n1
mol_3894,CCOC(=O)C(NC(=O)OCc1ccccc1)C(=O)O.[NaH]
mol_3895,COc1ccc(C2CC3(c4ccccc4)ON=C(c4ccccc4)N3c3ccccc3S2)cc1
mol_3896,Cn1c2ccc(F)cc2c2ccc3c(c21)C(=O)C=CC3=O
mol_3897,CC(=O)Nc1ccc(C2C3C(=O)N(c4ccc(Cc5ccc(N6C(=O)C7ON(c8ccccc8)C(c8ccc(NC(C)=O)cc8)C7C6=O)cc5)cc4)C(=O)C3ON2c2ccccc2)cc1
mol_3898,COC(=O)C1=CC2C(=O)OC1CC2C#N
mol_3899,CC(C)CC(NC(=O)C(Cc1ccc(O)cc1)NC(=O)C1CCCN1C(=O)C(NC(=O)C(CO)NC(=O)C(CCCCN)NC(=O)C(NC(=O)C(N)CCC(=O)O)C(C)C)C(C)O)C(=O)NC(CO)C(=O)NC(CCCCN)C(=O)O
mol_3900,N=c1[nH]n2cc3c(nc2c1N=Nc1ccc(Cl)cc1)CCCC3
mol_3901,COc1cc(C2(C#N)CCN(C)CC2)cc(OC)c1OC
mol_3902,CC(C)CCCC(C)C1CCC2C3CC=C4CC(OP(=O)(O)OCCC=C(c5cc(Cl)c(O)c(C(=O)O)c5)c5cc(Cl)c(O)c(C(=O)O)c5)CCC4(C)C3CCC12C.N
mol_3903,N=C1N(c2ccccc2)C(=S)C(=Nc2ccccc2)N1c1ccccc1
mol_3904,Cc1cc(O)ccc1C1(c2ccc(O)cc2C)OS(=O)(=O)c2ccccc21
mol_3905,CN(Cc1ccccc1)C1(N(C)Cc2ccccc2)CC1
mol_3906,c1ccc2c(c1)ncn2C1CCCCO1
mol_3907,O=c1c(S(=O)(=O)Oc2ccccc2)coc2cc(F)ccc12
mol_3908,NCCNC(=O)CCC(CN(CC(=O)O)CC(=O)O)N(CC(=O)O)CC(=O)O
mol_3909,CCN1CC2(OC(=O)c3ccccc3NC(C)=O)CCC(OC)C34C2CC(O)(C13)C1(O)CC(OC)C2CC4C1(O)C2OC
mol_3910,O=S(=O)(c1ccc(NC2=NC(c3ccc(O)cc3)(c3ccccc3O)c3ccccc32)cc1)c1ccc(NC2=NC(c3ccc(O)cc3)(c3ccccc3O)c3ccccc32)cc1
mol_3911,CCNc1ncnc2sc(SCc3ccccc3)nc12
mol_3912,Cc1ccc2oc3ccccc3c(=O)c2c1
mol_3913,CC(=O)NC1C(OCC(=O)NCCNc2ccc([N+](=O)[O-])c3[nH]c4ccccc4c(=O)c23)C(O)C(CO)OC1(C)OCc1ccccc1
mol_3914,O=C1NS(=O)(=O)NC1(c1ccccc1)c1ccccc1
mol_3915,CCOC(=O)Cc1c(Cc2[nH]c(C(=O)OCc3ccccc3)c(CC(=O)OCC)c2CC(=O)OCC)[nH]c(C(=O)OCc2ccccc2)c1CC(=O)OCC
mol_3916,C(=CC1CCCOC1)CCc1ccccc1
mol_3917,O=P(Oc1ccccc1)(Oc1ccccc1)N1CCOCC1
mol_3918,O=C1OC(=O)C2=C1C1C=CC2O1
mol_3919,Nc1c(-c2nc3ccccc3[nH]2)sc(=S)n1-c1ccc(Cl)cc1
mol_3920,CC1=NN(C(=O)Cc2ccccc2)C(=O)C1=Cc1c(O)ccc2ccccc12
mol_3921,CCOC(=O)C(NC(=O)CC)(N1CCN(c2cc3c(cc2F)c(=O)c(C(=O)O)cn3C2CC2)CC1)C(F)(F)F
mol_3922,C=CCNC(=S)NC=C(C(=O)c1ccccc1)c1ccccc1
mol_3923,O=C(CC(=NO)C(=O)NC1=C(Cl)C(=O)c2ccccc2C1=O)CC(c1ccccc1)c1c(O)c2ccccc2oc1=O
mol_3924,O=C(Nc1ccccc1)c1c(O)nc(S)nc1O
mol_3925,O=S1(=O)OCCOS(=O)(=O)C1(I)I
mol_3926,COc1cccc(C2SCC(=O)N2c2ccc(-n3c(-c4ccccc4)nc4ccccc4c3=O)cc2)c1OC
mol_3927,OC(c1ccccc1)(c1ccccc1)C1CC1c1ccncc1
mol_3928,O=C(O)c1ccccc1NS(=O)(=O)c1ccc([N+](=O)[O-])cc1
mol_3929,CCCCOC(=O)c1ccc(NC(=O)C(C)N(CC)CC)cc1
mol_3930,CC(C)c1cc(C(C)C)c(S(=O)(=O)N=[N+]=[N-])c(C(C)C)c1
mol_3931,CC1(C)OC2COC(C)(C)OC(C3SCCCS3)C2O1
mol_3932,Cl.NC1C(O)C(O)C(O)C(O)C1O
mol_3933,NNC1=NC(=Cc2ccccc2O)C(=O)N1
mol_3934,CC(C)CC(NC(=O)C(Cc1ccc(O)cc1)NC(=O)C(CO)NC(=O)C(CCC(=O)O)NC(=O)C1CCCN1C(=O)C(CC(C)C)NC(=O)C(C)NC(=O)CNC(=O)C(N)CCC(=O)O)C(=O)NCC(=O)O
mol_3935,O=C1CN(CCCl)CC(=O)N2Cc3ccccc3CN12
mol_3936,COc1cc(C(C)O)c[n+](Cc2ccccc2)c1.[ClH2+]
mol_3937,Cc1ccc(C(=O)C=Cc2ccccc2)s1
mol_3938,Cc1ccc(NC(=O)CCc2nc(=S)[nH][nH]2)cc1
mol_3939,Cc1ccc(NCCCN2CCN(CCCNc3ccc(C)c4sc5ccccc5c(=O)c34)CC2)c2c(=O)c3ccccc3sc12
mol_3940,COc1ccc2c(c1)nc1n2C(=N)Nc2ccccc2S1
mol_3941,COc1ccc(C=C(C#N)c2ccc([N+](=O)[O-])cc2)cc1[N+](=O)[O-]
mol_3942,CCCCCC(=O)OCCOCCOCCOCCOCCOCc1ccccc1
mol_3943,O=C(CCNNC(=O)c1ccncc1)NCc1ccccc1
mol_3944,CCOC(=O)N1C=Cc2c(c3ccccc3n2C)N1C(=O)OCC
mol_3945,c1ccc(-c2c3ccc(n3)c(-c3ccccc3)c3ccc([nH]3)c(-c3ccccc3)c3ccc(n3)c(-c3ccccc3)c3ccc2[nH]3)cc1
mol_3946,O=C1c2ccccc2C(=O)c2sc(Nc3ccc([N+](=O)[O-])cc3)nc21
mol_3947,C=CCn1c(=O)c2ccccc2[n+]2c(C)c(C(=O)OCC)sc12.[Cl-]
mol_3948,Nc1ncnc2c1ncn2C1CC(CO)C(CO)C1
mol_3949,O=C1CCN2CCCC12.O=[N+]([O-])c1cc([N+](=O)[O-])c(O)c([N+](=O)[O-])c1
mol_3950,[N-]=[N+]=NCCCCCCCCCCCC(=O)O
mol_3951,O=S1(=O)CC(=CN2CCOCC2)c2ccccc21
mol_3952,COc1c(-c2cc(C)c(Cl)c(O)n2)c(O)c(OC)c2occc12
mol_3953,Cl.O=C(OCCN1CCCC1)c1cc2ccccc2n1Cc1ccccc1
mol_3954,CCCCCCCCCCCCC(Br)C(=O)SCCNC(=O)CCNC(=O)C(O)C(C)(C)COP(=O)(O)OP(=O)(O)OCC1OC(n2cnc3c(N)ncnc32)C(O)C1OP(=O)(O)O.[NaH]
mol_3955,[N-]=[N+]=Nc1ccccc1C(=O)N1C(=O)c2ccccc2C(=O)N(C(=O)c2ccccc2N=[N+]=[N-])c2ccccc21
mol_3956,CCOC(=O)NC(O)C(Cl)(Cl)Cl
mol_3957,O=C1CSCN1N1CSCC1=O
mol_3958,O=C1NC2c3c(I)sc(I)c3C(=O)C2O1
mol_3959,Oc1ccc(C(O)(c2ccccc2)c2ccccc2)cc1
mol_3960,COc1ccc(C2ON(C)C3CN(C)C(=O)C23)cc1
mol_3961,O=S(=O)(OC(=C(c1ccccc1)c1ccccc1)c1ccccc1)C(F)(F)F
mol_3962,Cc1cc2c(C)n(Cc3ccccc3Cl)nc2c(C(=O)O)c1C
mol_3963,O=C(O)c1c2c(cc3c(=O)cc(-c4ccccc4)oc13)CCCC2
mol_3964,C=C(C)COC1CCCCO1
mol_3965,COc1cc(COC(=O)N2CCCCC2C(=O)O)c([N+](=O)[O-])cc1OC
mol_3966,[O-][n+]1c2c([n+]([O-])c3c4ccccc4ccc31)-c1cccc3cccc-2c13
mol_3967,COc1ccc(OC(C)C(=O)O)c2c(=O)ccccc12
mol_3968,C=CCNC(=O)NC1=CSC2=NC(=O)C3(NN12)c1ccccc1-c1ccccc13
mol_3969,N#CC1(C#N)NC(c2cccnc2)C(C#N)(C#N)NC1c1cccnc1
mol_3970,Cc1cccc(C)c1NC(=O)CCC(=O)NC(N)=S
mol_3971,CC1(C)OC2(C)CCC1C(O)C2N1CCCC1
mol_3972,COc1ccc(C(C)=NNC(=S)N(C)C)c(O)c1
mol_3973,O=C(CNC(=O)c1ccc(Cl)cc1)NO
mol_3974,O=C1NN=C2CCN3C(=O)c4ccccc4C3=C12
mol_3975,NC(=O)C(c1ccccc1)N1CCCCC1
mol_3976,CC(=O)OC1CC2C(OC(=O)c3ccccc3)C3C4(OC(C)=O)COC4CC(OC(C)=O)C3(C)C(OC(C)=O)C(OC(C)=O)C(=C1C)C2(C)C
mol_3977,CC(=O)OC1CSS(=O)CC1OC(C)=O
mol_3978,Cc1cc(Cl)c(O)c(-c2cc(-c3cccc([N+](=O)[O-])c3)c3c(N)nc(S)nc3n2)c1
mol_3979,Cc1ccc(S(=O)(=O)NN=C2C3C(CC2(C)C)C2(C)CCCC3(C)C2O)cc1
mol_3980,COc1ccc(C2=[N+]([O-])c3ccccc3C2=O)cc1
mol_3981,O=C1CSC(c2ccc([N+](=O)[O-])cc2)N1c1ccc(-c2ccc(-n3c(-c4ccccc4)nc4ccccc4c3=O)cc2)cc1
mol_3982,N=c1cc2[nH]c(=O)cc3n2c(n1)SC3
mol_3983,O=C1CCC(N2C(=O)C3C4c5ccccc5C(c5ccccc54)C3C2=O)C(=O)N1
mol_3984,O=C(Nc1ccc(Cl)c(Cl)c1)OCC#CCOC(=O)Nc1ccc(Cl)c(Cl)c1
mol_3985,Cc1cc(S(=O)(=O)N2CCNC2=O)c(S)cc1Cl
mol_3986,CC(C)CC(=O)CC(C)C1(CCCOCc2ccccc2)C(=O)N2CCC3(CC24CCCC14)OCCO3
mol_3987,COc1cc2c(cc1OC)C(CCc1ccc(Cl)cc1)N(C)CC2
mol_3988,CCOC(=O)c1c(SC(=O)c2ccc(OC)cc2)n(-c2ccccc2)c(=S)n(-c2ccccc2)c1=O
mol_3989,NC(=O)NN=C1CCCc2ccccc21
mol_3990,Cn1ccoc1=Nc1ccc(Cl)c(Cl)c1
mol_3991,CC(=O)Oc1ccc2cc(Oc3ccccc3)c(=O)oc2c1
mol_3992,COc1ccc(C2SC(=Cc3ccccc3O)C(=O)N2NC(=O)Cc2ccccc2)cc1
mol_3993,CC1=CCCC2C(C1)C(=O)CC(C)C2(C)CCC(=CCO)CO
mol_3994,CN(C)Cc1cc(N=Nc2cccc(Cl)c2)ccc1O
mol_3995,N=c1[nH]c2ccccc2n1CC(=O)NC12CC3CC(CC(C3)C1)C2
mol_3996,Nc1c(S(=O)(=O)O)cc(S(=O)(=O)O)c2ccc(N=Nc3ccc(CCc4ccc(N=Nc5ccc6c(S(=O)(=O)O)cc(S(=O)(=O)O)c(N)c6c5O)cc4S(=O)(=O)O)c(S(=O)(=O)O)c3)c(O)c12.[NaH]
mol_3997,O=S(=O)(c1ccccc1)c1ccccc1
mol_3998,C=CCN1CCC2(CC1)NC(=O)c1ccccc1O2
mol_3999,N#CC(=N)c1ncn(CCO)c1NC(=O)C(F)(F)F
mol_4000,COc1cc(C(=O)CC2OC(=O)C(Cl)=C2Cl)ccc1Cl
mol_4001,CCOC(=O)C1=C(C(=O)OCC)C2c3ccccc3C=CN2C(C(=O)OCC)=C(SC)S1
mol_4002,C=CC1(c2ccc(-c3ccccc3)cc2)OCCO1
mol_4003,NCCSSc1ccccc1[N+](=O)[O-]
mol_4004,CCn1c2ccccc2c2cc(NC(=O)c3c(C)nc(O)nc3NCCNCCO)ccc21.Cl
mol_4005,Cc1cc2nc3[nH]c4ccccc4c3nc2cc1C
mol_4006,Cc1ccc(C(=O)Cc2nc3c(nc2O)c(C)nn3-c2ccccc2)c(C)c1
mol_4007,CC(C)CC(N)C(=O)NC(CC(=O)O)C(=O)NC(CCCCN)C(=O)NC(C)C(=O)NC(CO)C(=O)NC(Cc1ccc(O)cc1)C(=O)NC(CO)C(=O)NC(C(=O)NC(CC(N)=O)C(=O)NC(Cc1c[nH]cn1)C(=O)O)C(C)O
mol_4008,CCOC(=O)c1cc2c(C(=O)c3ccc([N+](=O)[O-])cc3)c(C(C)=O)ccc2[nH]1
mol_4009,OCC[N+]12CCCN1CCC2.[Br-]
mol_4010,N=C(N)NC(CSSCC(NC(=N)N)C(=O)O)C(=O)O
mol_4011,COc1ccc2c(c1)C(NC(C)=O)CCc1cc(OC)c(OC)c(OC)c1-2
mol_4012,NC(=S)NN=C(C(=O)Nc1ccc(Cl)c(Cl)c1)C1=NN(c2ccccc2)C(c2cccc([N+](=O)[O-])c2)CC1=O
mol_4013,N#CC(=Cc1ccc(O)c(O)c1)C(N)=O
mol_4014,COC(=O)C(C(=NO)C(=O)Nc1ccc(Br)cc1)c1nc2ccccc2nc1O
mol_4015,CCOC(=O)CCC1(CCC(=O)OCC)CCCCCCCCC(CCC(=O)OCC)(CCC(=O)OCC)C(=O)C1=O
mol_4016,N#CC(=CNC(=S)NN=C1C(=O)Nc2ccccc21)C(=O)c1ccc2ccccc2c1
mol_4017,O=C1OC(C(=O)O)c2ccc3c(c21)OCO3
mol_4018,Cc1ccc(C23c4ccccc4CCN2C(=O)C3N)cc1
mol_4019,CN(C)CCn1c(=O)c2ccc(NCCNCCO)c3c(=O)c4ccccc4n(c1=O)c23.Cl
mol_4020,O=[N+]([O-])c1cc(F)ccc1S(=O)(=O)c1ccccc1
mol_4021,CC(C)(C)NC(NC(C)(C)C)=C(C(Cl)=C(Cl)Cl)[N+](=O)[O-]
mol_4022,CN(C)CC1CCCCCC(CN(C)C)C1=O.Cl
mol_4023,CC(C)=C1C=C2CCC3C(C)(C(=O)O)CCCC3(C)C2CC1
mol_4024,O=C(O)CCCC[PH](c1ccccc1)(c1ccccc1)c1ccccc1
mol_4025,Cc1ccc(NC2=NC(=Cc3ccco3)C(Cl)=N2)cc1
mol_4026,O=c1c([Se]c2coc3ccccc3c2=O)coc2ccccc12
mol_4027,Cc1ccc(S(=O)c2ccccc2[N+](=O)[O-])cc1
mol_4028,CC1NC(=O)c2cc(O)n(C)c(=O)c21
mol_4029,COc1cc(-c2nccc3cc(OC)c(OC)cc23)ccc1O.Cl
mol_4030,Cn1cc(NC(=O)Nc2cc(C(=O)Nc3cc(C(=O)Nc4cc(C(=O)Nc5ccc(S(=O)(=O)O)c6cc(S(=O)(=O)O)ccc56)n(C)c4)n(C)c3)n(C)c2)cc1C(=O)Nc1cc(C(=O)Nc2cc(C(=O)Nc3ccc(S(=O)(=O)O)c4cc(S(=O)(=O)O)ccc34)n(C)c2)n(C)c1.[NaH]
mol_4031,O=c1c(=Cc2ccccc2O)sc2nc3ccccc3n12
mol_4032,C1CCNCC1.O=C1NC(=S)NC1=Cc1ccccc1O
mol_4033,CC[P+]1(c2ccccc2)C(C)CCC1C.[I-]
mol_4034,Cc1cn(CC(=O)NCCCCO)c(=O)[nH]c1=O
mol_4035,N#Cc1c(OCCF)c2ccccc2n2c1nc1ccccc12
mol_4036,O=C1OC(CC(=O)c2ccc(Cl)cc2)C(Cl)=C1Cl
mol_4037,Cc1c(N=O)cc(C(C)C)c(O)c1I
mol_4038,N=C(N)Nc1ccc(C=C2C=Cc3ccccc32)cc1
mol_4039,COC(=O)C(C#N)=C1NC(=O)CC(c2ccccc2)C1C#N
mol_4040,BC#N.Cc1cn(CCCN(C)C)c(=O)[nH]c1=O
mol_4041,N=C(N)NS(=O)(=O)c1ccc(NC(=O)c2cccc3c(NNc4ccc(S(N)(=O)=O)cc4)c4ccccc4nc23)cc1
mol_4042,CC(=O)OC1OC(C(C)(C)O)CCC1C1CCC2(C)C3=C(CCC12C)C1(C)CC(OC(=O)CC(C)(O)CC(=O)O)C(OC(C)=O)C(C)(C)C1CC3
mol_4043,CCOc1ccccc1C=C1NC(=O)NC1=O
mol_4044,CC(C=O)=Cc1ccc(F)cc1
mol_4045,NS(=O)(=O)c1ccc(NC(=O)Cc2nc3ccccc3s2)cc1
mol_4046,CC(=NN)C(C)=NN=C(C)C(C)=NN
mol_4047,Brc1ccc(N=Nc2ccc3ccccc3n2)cc1
mol_4048,Cc1cc2c(C(C)C)c(O)c(O)c(C=NC(C)c3ccccc3)c2c(O)c1-c1c(C)cc2c(C(C)C)c(O)c(O)c(C=NC(C)c3ccccc3)c2c1O
mol_4049,Oc1nc2ccc(C(F)(F)F)cc2nc1Cc1ccccc1
mol_4050,CCOC(=O)C(=NNc1ccc(-n2c(C)nc3ccccc3c2=O)cc1)C(C)=O
mol_4051,N#CC(=Cc1cc(Cl)ccc1O)C1CCC([N+](=O)[O-])CC1
mol_4052,O=C(c1ccccc1)N1N=C(C(F)(F)F)CC1(O)C(F)(F)F
mol_4053,CC(C)(Br)C(=O)C(Br)Br
mol_4054,CSc1nc(O)c(N)c(NC2OCC(O)C(O)C2O)n1
mol_4055,CCCCn1c(=O)c(N=O)c(N)n(CC)c1=O
mol_4056,CCOC(=O)CC1CN(Cc2ccccc2)CCC1=O
mol_4057,O=[N+]([O-])c1ccc2nc3ccscc-3c2c1
mol_4058,Cc1ccc2nc(-c3ccc(N=NNc4ccc(-c5nc6ccc(C)c(S(=O)(=O)O)c6s5)cc4)cc3)sc2c1S(=O)(=O)O
mol_4059,Cc1ccc2c(c1)[nH]c(=S)n2C=C1C(=O)NC(=O)NC1=O
mol_4060,CC12C3C4C1C1C2C3C41CO
mol_4061,O=S(=O)(Nc1ccccc1)c1ccc(-c2c3ccc(n3)c(-c3ccc(S(=O)(=O)Nc4ccccc4)cc3)c3ccc([nH]3)c(-c3ccc(S(=O)(=O)Nc4ccccc4)cc3)c3ccc(n3)c(-c3ccc(S(=O)(=O)Nc4ccccc4)cc3)c3ccc2[nH]3)cc1
mol_4062,Nc1c2ccccc2nc2c(C(=O)Nc3ccc(S(N)(=O)=O)cc3)cccc12
mol_4063,O=C(NN=C(c1ccccc1)c1ccccn1)NC1CCCCC1
mol_4064,COC1OC(CCC2NC(CO)C(O)C(O)C2O)C(O)C(O)C1O.Cl
mol_4065,CC1(C)CC(c2c[nH]c3ccccc23)=CC2=Nc3ccccc3C21O
mol_4066,O=C1NC(=O)C2C(=O)NC(=O)C1C2(c1ccccc1)c1cc[nH]c1
mol_4067,CC1CC(C)CC(C)C(O)C(C#N)=CC=CCC(C2CCCC2C(=O)O)OC(=O)CC(O)C(C)C1
mol_4068,Cc1cc(C)c2c(O)c(S(=O)(=O)c3ccc(Cl)cc3)c(=O)oc2c1
mol_4069,COc1onc(C)c1CC(=O)O
mol_4070,COC(=O)c1csc(-c2csc(CCNC(=O)OC(C)(C)C)n2)n1
mol_4071,COC(=O)C=C(C(=O)OC)C1C(=O)Oc2c(C)c(=O)c3ccccc3n21
mol_4072,COC(=O)C12CSCN1C(=O)C(C(C)=O)=NN2C(=O)C(OC)(c1ccccc1)C(F)(F)F
mol_4073,N#Cc1nc(NC(=O)c2ccccc2)sc1N
mol_4074,CS1(=O)=NC(=NC(=O)Nc2ccccc2)c2ccccc21
mol_4075,O=C1NC(=O)C(F)(n2cc(F)c(=O)[nH]c2=O)C(O)N1
mol_4076,N#CC(=CNC(N)=S)C(N)=O
mol_4077,CC(C)(C)C(=O)OCOP(=O)(OCCOCn1cnc2c(O)nc(N)nc21)OCOC(=O)C(C)(C)C
mol_4078,CC(C1=CC=C2C3CCC4CC(N(C)C)CCC4(C)C3CCC21C)N(C)C=O
mol_4079,COc1cccc(NC(S)=C(C(=O)c2ccc([N+](=O)[O-])cc2)[n+]2ccc(C(C)C)cc2)c1
mol_4080,O=C1c2c(c(-c3ccccc3)c(-c3ccccc3)c(-c3ccccc3)c2-c2ccccc2)C(=O)N1c1cccc(Br)c1
mol_4081,c1ccc(C2=NN3CN(N2)c2ccccc2OCCCOc2ccccc23)cc1
mol_4082,CCCCCCCCCCCC1=C2ON=C2C(c2ccccn2)=C(O)C1=O
mol_4083,OCCN1CC2CCCC1O2
mol_4084,COc1ccc(C2CC(=O)NCCCNCCCCNCCCN2)cc1
mol_4085,CC(=O)NC(CCCNCc1ccccc1)C(=O)NCc1ccccc1
mol_4086,CCOc1cc2c(cc1O)C(=NN)CC1C2CCC2(C)C(O)CCC12
mol_4087,Cn1nnnc1SCC1=C(C(=O)O)N2C(=O)C(NC(=O)C(OC=O)c3ccccc3)C2SC1
mol_4088,N#CC1(C#N)C2CCCCC23OC(=N)C1(C#N)C(c1ccccc1)O3
mol_4089,I.O=C(O)c1ccccc1C=NNC1=NCCCCN1
mol_4090,Cc1cc(O)n2nnnc2n1
mol_4091,COC(=O)C(Cc1cccc(O)c1)NC(=O)C(CC(=O)OCc1ccccc1)NC(=O)OCc1ccccc1
mol_4092,CC1=CCN(C2CC(C)C(=O)N2)C1=O
mol_4093,CCOC(=O)C(Cl)=C1SN(C(=O)OCC)N=C1C
mol_4094,CC(CCn1[nH]c(=O)ccc1=O)=NNc1ccc([N+](=O)[O-])cc1[N+](=O)[O-]
mol_4095,Fc1cccc2c(S)cnnc12
mol_4096,CC(C)OP(=O)(OC(C)C)C(N(C)C)P(=O)(OC(C)C)OC(C)C.Cl[Sn](Cl)(Cl)c1ccccc1
mol_4097,CCCCCCCCCCCCCCCCCC(=O)OCC(COP(=O)(O)OCCNC(=O)CCC(=O)O)OC(=O)CCCCCCCCCCCCCCCCC
mol_4098,COC(O)C(=O)c1c2c(cc3c1CC1(Cc4cc5c(cc4C1)CCC5)C3)CCC2
mol_4099,CC1C(c2ccccc2)[OH+][B-](c2ccccc2)(c2ccccc2)N1C
mol_4100,CC1=C(C(=O)CC(=O)C(=O)Nc2ccc(Cl)cc2C)Sc2ccccc2N1
mol_4101,Cc1ccc(NC(=O)CC2Sc3ccccc3NC2=O)c(C)c1
mol_4102,CC(C)CC(NC(=O)C(Cc1ccc(O)cc1)NC(=O)C(CO)NC(=O)C(C)NC(=O)C(CCCNC(=N)N)NC(=O)C(CCC(=O)O)NC(=O)C(NC(=O)C(N)CCC(=O)O)C(C)C)C(=O)NC(CO)C(=O)NC(CCCCN)C(=O)O
mol_4103,COC(=O)NC(S(=O)(=O)O)S(=O)(=O)O
mol_4104,CC(=O)CC(=O)N1CCSC1=S
mol_4105,CC(=O)c1cccc(NC(=O)C(=O)C(c2cnc3ccc([N+](=O)[O-])cc3n2)[N+](=O)[O-])c1
mol_4106,CC(C)OC(=O)c1cc(NC(=O)C(C)(C)C)c(F)cc1Cl
mol_4107,Nc1ccc(C=C2C=Cc3ccccc32)cc1
mol_4108,CC12CCC3C(CCC4C(=O)c5[nH]ncc5CC43C)C1CCC2O
mol_4109,OC1OC(c2ccco2)C(F)(F)C(F)(F)C1(F)F
mol_4110,CC(=CCNc1ncnc2c1ncn2C1CCCCO1)COP(=O)(O)O
mol_4111,CCOC(=O)CN(c1sc(C)c(-c2ccccc2)c1C(=O)OCC)S(=O)(=O)c1ccc(C)cc1
mol_4112,CC1(C)CCc2cc3c(cc2O1)OC(C)(C)C1c2cc(O)c(OCc4ccccc4)cc2OC31
mol_4113,COc1cc(NC=O)c2c(c1)SCC(=O)N2
mol_4114,CCOC(=O)CNC(=O)N(CC)C12CC3CC(CC(C3)C1)C2
mol_4115,CS(=O)(=O)Nc1ccc2ccccc2c1
mol_4116,CCCCN(CCCC)C(=NC#N)NCc1ccccc1
mol_4117,Cc1ccc(S(=O)(=O)Nn2c(C)cc3ccc(S(=O)(=O)Nc4ccccc4[N+](=O)[O-])cc3c2=O)cc1
mol_4118,Cc1cc(=O)oc2c(CNC(CC(C)C)C(=O)O)c(O)ccc12
mol_4119,CC1(C)OC(=S)N(c2ccccc2)C12C=Cc1ccccc1O2
mol_4120,CN1CCN2c3ccccc3CC(C#N)(C#N)C2C1
mol_4121,Cc1ccccc1CN1CC=c2ccccc2=N1
mol_4122,O=C1C=C(N2CCOCC2)C(=O)c2nccnc21
mol_4123,C(#Cc1ccccc1)SC1=C(c2ccccc2)SC(=C(SC#Cc2ccccc2)c2ccccc2)S1
mol_4124,CCOP(=O)(O)CN1CCNCCN(CP(=O)(O)OCC)CCNCC1.[NaH]
mol_4125,Cc1ncc(CCl)c2c1OC(C)(C)OC2
mol_4126,N=C1NC(=O)C(CSCc2ccccc2)N1C(=O)OCc1ccccc1
mol_4127,O=C1COC(C(=O)c2ccccc2)C(=O)N1
mol_4128,O=C1c2ccccc2C(=O)c2c1ccc1c3ccccc3n(-c3ccccc3)c21
mol_4129,Cc1cc(Cl)ccc1NC(=O)C(=O)C(C(=O)c1ccccc1)C1OC(=O)c2ccccc21
mol_4130,N=C1NS(=O)(=O)Nc2nn(-c3ccccc3)nc21
mol_4131,O=C(NCCO)c1c(O)nc2ccccc2c1O
mol_4132,CC(CC(=O)O)C(N)C(=O)O
mol_4133,CCOC(=O)C(C(C)=O)=C1NC(C(=O)OCC)CS1
mol_4134,O=c1c(Br)cc2nc3ccccc3sc-2c1Br
mol_4135,CCCNP(=S)(NCCC)NCCC
mol_4136,CCOC(=O)C(C#N)=C1C(O)=C(C(=O)OC)C(C(=O)OC)=C1C(=O)OC.c1ccncc1
mol_4137,O=c1[nH]c(=O)n(C2CC(O)C(CO)O2)cc1OCC1CCCCC1
mol_4138,CCc1cccc(C)c1NC(C)=O
mol_4139,COc1ccc(C=Nn2c(C)nc3c(sc(=S)n3-c3ccccc3)c2=O)cc1
mol_4140,COc1ccc(C=C(C#N)c2ccc(OC)cc2)cc1
mol_4141,CC1C(N2CCCC2)=CC(=O)OC1c1ccccc1
mol_4142,CC(C)C1=CC(c2ccccc2)c2ccccc2C1C(C#N)(C#N)C(C)C
mol_4143,CC(=O)OCC1C(=O)OCC1C(=O)N1Cc2cc3ccccc3nc2C1
mol_4144,CC(Cn1c2c3ccccc3ccc2c2oc(=O)c3ccccc3c21)N(C)C
mol_4145,CCOC(=O)C(O)(NC(=O)c1ccc(F)cc1)C(F)(F)F
mol_4146,CSc1sc(C)cc1-c1nsc(=O)o1
mol_4147,N#CC(=Cc1ccccc1[N+](=O)[O-])c1ccccc1
mol_4148,CCCCCCCCCCCCCCCC(O)C[N+](C)(C)CCO.[I-]
mol_4149,Cc1ccc([Si](O)(c2ccc(C)cc2)c2ccc(C)cc2)cc1
mol_4150,COc1ccc2c(c1)C(=O)Cc1ccccc1CC2
mol_4151,COc1ccc2c(c1)C1c3cc(OC)c(OC)cc3CCN1CCC2
mol_4152,COCCCNC1=C(C#N)C(=O)NC2(CCCC2)S1
mol_4153,COc1cc(C(=O)CBr)c(OC)cc1C
mol_4154,COc1ccc(S(=O)(=O)NNS(C)(=O)=O)cc1
mol_4155,COC1=C(N)C(=O)c2nc(-c3nc(C(=O)O)c(C)c(-c4ccc(OC)c(OC)c4O)c3N)ccc2C1=O
mol_4156,N#CC(=Cc1ccc(O)c(O)c1)C(=O)OCc1ccccc1COC(=O)C(C#N)=Cc1ccc(O)c(O)c1
mol_4157,CCOP(=O)(OCC)C(C#N)=Cc1cccc(Br)c1
mol_4158,CN1C(=O)CC2(C)C1=CCc1scnc12
mol_4159,COc1ccc2c(n1)Sc1nc3ccccc3nc1N2
mol_4160,COC(=O)c1cc(C(=CCCC2CCC3(C)C(CCC4C3CCC3(C)C(C(C)CCCC(C)C)CCC43)C2)c2cc(F)c(OC)c(C(=O)OC)c2)cc(F)c1OC
mol_4161,N#Cc1ccc(Sc2nc3ccccc3[nH]2)cc1
mol_4162,CC(C)CC(=O)NC(Nc1ccc(S(=O)(=O)Nc2ncccn2)cc1)(C(F)(F)F)C(F)(F)F
mol_4163,Cc1ccc(C)c(NC(=O)C(=O)CC(=O)C2CCOC2=O)c1
mol_4164,NC1CS(=O)(=O)CC1O
mol_4165,O=C(O)c1cccc(P(=O)(O)O)c1
mol_4166,CC(C)(C)c1cc(-c2cc(C(C)(C)C)[nH]n2)[nH]n1
mol_4167,CC(C)C(OC(=O)c1cc(NC(=S)c2cccn2C)ccc1Cl)C(C)C
mol_4168,CS(=O)(=O)Sc1ccccc1C(=O)O
mol_4169,CCOc1ccc(Nc2ccc(N=Nc3c(N)c(C)cc(N=Nc4ccc(-c5ccc(N=Nc6ccc(O)c(C(=O)O)c6)cc5)cc4)c3N)cc2S(=O)(=O)O)cc1
mol_4170,O=Nc1ccc(Cl)cc1
mol_4171,COc1c(N2CCCCC2)c2c(=O)c3ccccc3oc2c2cc(C)oc12
mol_4172,COc1cccc(N2C(=O)C3c4[nH]c5ccc(C)cc5c4C4CCC(C)CC4C3C2=O)c1
mol_4173,O=[N+]([O-])c1ccc(S(=O)(=O)NN=C2CCCCC2)cc1
mol_4174,Cc1nc(-c2cc3ccccc3oc2=O)cs1
mol_4175,O=C(c1cccc(C(=O)c2ccc3c4c(cccc24)C(=O)N(c2ccccc2)C3=O)c1)c1ccc2c3c(cccc13)C(=O)N(c1ccccc1)C2=O
mol_4176,O=NN1C(c2ccccc2)C2CCCC(C2=O)C1c1ccccc1
mol_4177,C=CCP(=O)(CC=C)C(Cl)Cl
mol_4178,CSc1nc2c([nH]c(=N)n2C2OCC(O)C(O)C2O)c(=O)n1C
mol_4179,CC(C)CC(=O)[OH+][Co-4](N)(N)(N)(N)[OH+]C(=O)CC(C)C.[O-][Cl+3]([O-])([O-])O
mol_4180,Cc1cc(C)c(-n2c(-c3ccc(Br)cc3)csc2=NN=C2C=C(C(C)(C)C)C(=O)C(C(C)(C)C)=C2)c(C)c1
mol_4181,Cc1cc(NS(=O)(=O)c2ccc(N)cc2)no1
mol_4182,N=C(CSS(=O)(=O)O)NCCc1c[nH]c(=S)[nH]1
mol_4183,COC(=O)C(C#N)=CN1CCNC1=S
mol_4184,C=CCNC(=S)NNC(=S)NCC=C
mol_4185,COC(=O)C(C(=NN)C(=O)Nc1cccc(O)c1)c1nc2ccccc2nc1O
mol_4186,O=Cc1ccc(-c2cccc([N+](=O)[O-])c2)s1
mol_4187,CCOC(=O)C(=O)Cc1cnc2ccccc2n1
mol_4188,COc1ccc(C(=O)C(C(=O)CCC(=O)Nc2ccc(C)c(C)c2)c2ccc(OC)cc2)cc1
mol_4189,CCN1CC2(COC)CCC(OC)C34C5CC6C(OC)CC(O)(C(CC23)C14)C5C6O
mol_4190,CC(C)(C)Cc1cc(O)ccc1O
mol_4191,[N-]=[N+]=Nc1ncnc2c1sc(=S)n2-c1ccccc1
mol_4192,COC1=CCC2=C(CCC3C2CCP3(C)=S)C1
mol_4193,CCCOC(C)OCCC#CCC(C)OC(=O)CC(Cl)(Cl)Cl
mol_4194,Cc1cn(C2OC(CO[Si](C)(C)C(C)(C)C)C3(OC3C(=O)NO)C2O[Si](C)(C)C(C)(C)C)c(=O)[nH]c1=O
mol_4195,Cn1ncc(NCCn2cnc3c2c(=O)n(C)c(=O)n3C)c(Cl)c1=O
mol_4196,CC(C)C(Cl)=NOC(NC(=O)P(=O)(c1ccccc1)c1ccccc1)(C(F)(F)F)C(F)(F)F
mol_4197,O=C1CN(c2ccccc2)C(=O)CN1NCNN1CC(=O)N(c2ccccc2)CC1=O
mol_4198,O=C(NNc1ccccc1)NP(=O)(NC(=O)NNc1ccccc1)NC(=O)NNc1ccccc1
mol_4199,CC(=O)C(=Cn1c(=S)[nH]c2ccc([N+](=O)[O-])cc21)C(=O)Nc1ccc([N+](=O)[O-])cc1
mol_4200,Cc1ncc2c(n1)-c1ccccc1OC2O
mol_4201,COc1ccc(C2NC(=O)N3C(c4ccc(OC)cc4)NC(=O)N23)cc1
mol_4202,S=C1NC2=C(CSCC2=Cc2cccc(Br)c2)C(c2cccc(Br)c2)N1
mol_4203,CCOC(=O)C1C2CCC(C2)C1(CCl)C(=O)OCC
mol_4204,N#Cc1ccc(NC(=O)C(CC(=O)OCc2ccccc2)NC(=O)OCc2ccccc2)cc1
mol_4205,CC(Oc1ccccc1)C(=O)NNC(=O)OC(C)(C)C
mol_4206,CCN(CC)CCOc1ccc(C(C#N)=Cc2ccc(OCCO)cc2)cc1
mol_4207,O=C(CSc1nnc(-c2ccc(N=Cc3ccc(Cl)cc3)cc2)o1)Nc1cccc(Cl)c1
mol_4208,Cc1cc(N(CCC#N)CCC#N)ccc1CC1N=C(c2ccccc2)OC1=O
mol_4209,COC(=O)C(Cc1ccccc1)NC(=O)N1CCN(C(=O)NC(Cc2ccccc2)C(=O)OC)CCN(C(=O)NC(Cc2ccccc2)C(=O)OC)CC1
mol_4210,CC1C(=O)C2C1CS2(=O)=O
mol_4211,COC1(OC)CCCc2c1no[n+]2[O-]
mol_4212,CC1OC2(O)C3CCCN3C(=O)N(Cc3ccccc3)N2C1=O
mol_4213,O=C(NNC(=O)c1ccncc1)c1ccncc1
mol_4214,O=C(NCCN(CCNC(=O)c1cccc(=O)n1O)CCN(CCNC(=O)c1cccc(=O)n1O)CCNC(=O)c1cccc(=O)n1O)c1cccc(=O)n1O
mol_4215,CC(C)C(C=Cc1ccc(Cl)cc1)=NNC(=O)NN=C(C=Cc1ccc(Cl)cc1)C(C)C
mol_4216,COc1cc(SSc2cc(OC)cc([N+](=O)[O-])c2N)c(N)c([N+](=O)[O-])c1
mol_4217,CC(C)(C)c1cc(C(C)(C)C)c(N=O)c(C(C)(C)C)c1
mol_4218,O=C(Nc1ccccc1)c1cc(C(=O)Nc2ccccc2)[nH]n1
mol_4219,[O-]c1c2cc(-[n+]3c(-c4ccccc4)cc(-c4ccccc4)cc3-c3ccccc3)cc1COC(c1ccccc1)C(c1ccccc1)OCCOCCOC(c1ccccc1)C(c1ccccc1)OC2
mol_4220,CC(C)N1CCOC(c2ccc(O)c(O)c2)C1.Cl
mol_4221,COc1cccc(NC(=O)C(C#N)=C(SC)SC)c1
mol_4222,COC1C=CC=C(C)C(=O)NC2=CC(=O)C(NC3CC3)=C(CC(C)CC(OC)C(O)C(C)C=C(C)C1OC(N)=O)C2=O
mol_4223,CCOC(=O)C(CC1OCCO1)C1=NC(C)(C)CC(C)O1
mol_4224,COC(=O)C1(CC(=O)OCc2ccccc2)NCCc2c1[nH]c1ccccc21
mol_4225,CC12CCC3C(CCC4CC(OC(=O)Cc5ccc(N(CCCl)CCCl)cc5)CCC43C)C1CCC(=O)N2
mol_4226,O=C(O)c1cc(Cc2ccc(O)c(C(=O)O)c2)ccc1O
mol_4227,CC(=O)NNc1nc(C)c(C(=O)NNC(=O)C(=O)Nc2c(Cl)cc([N+](=O)[O-])cc2Cl)s1
mol_4228,C=C(C)COC(=O)COCC(=O)OCC(=C)C
mol_4229,CCOC(=O)c1c(N2CCCC2)ncn(Cc2ccccc2)c1=S
mol_4230,C=C(c1ccccc1)N1N=NC2CCOC21
mol_4231,CC(C)(C)c1cc(CCC(=O)Nc2ccc(Cl)cc2)nc(NC#N)n1
mol_4232,NC(=O)NO
mol_4233,CC12CCC3C(CCC4CC(OS(=O)(=O)O)CCC43C)C1CCC2CO.[NaH]
mol_4234,COP(=O)(CCC1OCCO1)OC
mol_4235,Clc1ccccc1C(n1ncc2ccccc21)n1ncc2ccccc21
mol_4236,CC1=CC(=O)C(C(O)(C(F)(F)F)C(F)(F)F)C(C)(C)C1
mol_4237,O=c1oc2cccnc2n1CCN1CCN(c2ccc(Oc3ccccc3)cc2)CC1
mol_4238,Cc1nn(C(=O)c2ccccc2O)c2c1C(c1ccccc1)SC(=N)N2
mol_4239,CN(C)C1(C#N)CCC2(CC1)OCCO2
mol_4240,COC1(C)C(=O)N2C1N(C(C)=O)CC2(C)C
mol_4241,O=S(=O)(O)c1cccc(N=Nc2ccc(N=Nc3ccc(Nc4ccccc4)c4c(S(=O)(=O)O)cccc34)c3ccccc23)c1
mol_4242,COC(=O)C=CC(C#N)(C#N)N=Cc1ccsc1
mol_4243,CC(=NNc1ccc([N+](=O)[O-])cc1[N+](=O)[O-])C(CC(C(=O)Nc1ccccc1C)C(C)=NNc1ccc([N+](=O)[O-])cc1[N+](=O)[O-])C(=O)Nc1ccccc1C
mol_4244,c1ccc(-c2cc(-c3cccs3)c(-c3cccs3)s2)cc1
mol_4245,NC(=O)SCC(=O)NNc1ccccc1
mol_4246,CCOC(=O)C(Cc1ccc([N+](=O)[O-])cc1)NC(=O)CC1c2ccccc2-c2ccccc21
mol_4247,CNC1=Nc2ccccc2C(=S)N2CSCC12
mol_4248,COc1ccc(C=c2sc3nnc(CCC(=O)Nc4cccc(C(F)(F)F)c4)n3c2=O)cc1
mol_4249,COC(=O)c1cc2c(C(=O)OC)cc1CSCc1cccc(c1)CSC2
mol_4250,COc1cc2c(cc1O)C(C)C(c1ccc(Cl)cc1)O2
mol_4251,Oc1nnc(O)c2nc3c(nc12)c1nc2c(O)nnc(O)c2nc1c1nc2c(O)nnc(O)c2nc31
mol_4252,COc1ccc(C2Oc3cc(OCc4ccccc4)c(O)cc3C2C)c(OC)c1
mol_4253,CCOC(=O)Cc1[nH]c(C(=O)c2ccccc2)cc1C(=O)c1ccccc1
mol_4254,CCOC(=O)c1cc2sc(NC(=O)c3ccccc3)nc2o1
mol_4255,O=C(Nc1nc(C23CC4CC(CC(C4)C2)C3)cs1)c1cc2ccccc2oc1=O
mol_4256,COc1cc2c(cc1OC)C(C1c3cc(OC)c(OC)cc3-c3c(OC)c(OC)cc4c3C1N(C)CC4)C1c3c(cc(OC)c(OC)c3-2)CCN1C
mol_4257,Cl.Clc1cc2nc(C3CCCCO3)[nH]c2cc1Cl
mol_4258,CSc1nc(O)c(C#N)c(-c2ccccc2)n1
mol_4259,CC(C)C1SCc2nc3ccccc3n21
mol_4260,CN1C(=O)CNS1(=O)=O
mol_4261,NN=C1CCN2CCCc3cccc1c32
mol_4262,O=C1CC2CCCN2C(c2ccccc2)C1
mol_4263,CNc1ccc(S(=O)Nc2ccccc2)cc1
mol_4264,CN1C(=O)C2CCCN2C(=O)C1(C)NC(=O)OCc1ccccc1
mol_4265,CCC(C)C(NC(=O)CNC(=O)CN)C(=O)NCC(=O)NCC(=O)O
mol_4266,O=C(CC(c1ccccc1)c1c(O)c2ccccc2oc1=O)c1ccccc1
mol_4267,CSC(SC)=C1CC(=O)Nc2ccccc2C1=O
mol_4268,COC(=O)c1ccc(CCC2=CC(=O)C(Br)=CC2=O)cc1
mol_4269,N#CC1(C#N)C2CCC=C(Sc3ccccc3)C21
mol_4270,CCc1cccc(C(C)CC)c1NC(=NC(=O)c1ccccc1C(=O)N=C(Nc1c(CC)cccc1C(C)CC)SC)SC.I
mol_4271,CC(=O)NNc1nc(C)c(C(=O)C=Cc2ccc(Cl)cc2)s1
mol_4272,CC=C(C)C(=O)OCC12C(OC(C)=O)CC(C)C(C)(CCC3=CC(=O)OC3)C1CCCC21CO1
mol_4273,COc1ccc(C=Cc2ccc3ccccc3[n+]2C)cc1OC
mol_4274,CC1(C)OC(C#N)CC(CC2(C#N)CC(CCl)OC(C)(C)O2)O1
mol_4275,O=C1C2=Cc3ccccc3CCN2c2ccccc21
mol_4276,CCN(CC)C(=O)c1cccc2c(OC)ccc(OC)c12
mol_4277,CC(=O)C(=Cc1cccc(F)c1)C(C)=O
mol_4278,BC(=O)NC(CC(C)C)C(=O)NCC(=O)NC1c2ccsc2C(=O)C1O.CN(C)C
mol_4279,O=[N+]([O-])c1ccc(S(=O)(=O)NN=CC=Cc2ccccc2)cc1
mol_4280,Cc1ccc(C(=O)Oc2ccc(C=C3CCCC(=Cc4ccc(OC(=O)c5ccc(C)cc5)cc4)C3=O)cc2)cc1
mol_4281,CN1CCOC1(C)c1ccccc1O
mol_4282,CC1C(c2ccccc2)SC(=N)N1C
mol_4283,CCCCCCCCCCCCCCCC=C(c1cc(Cl)c(OC)c(C(=O)O)c1)c1cc(Cl)c(OC)c(C(=O)O)c1
mol_4284,O=C1C(=CNc2ccc([N+](=O)[O-])cc2)C(=O)N(c2ccccc2)C(=O)N1c1ccccc1
mol_4285,O=C(O)CC=C(C(=O)O)N1C(=O)c2ccccc2C1=O
mol_4286,CCOC(=O)C1=C(O)C(=O)c2c(OC)ccc(OC)c2C1=O
mol_4287,O=C1OC(=O)C2C3CCCCC3=C3CCCCC3C12
mol_4288,COc1ccc2nc3cc([N+](=O)[O-])ccc3c(NCCCCCN(C)C)c2c1
mol_4289,CCc1cc(-c2cccc3ccccc23)c(C#N)c(=S)n1C1OC(CO)C(O)C(O)C1O
mol_4290,CC(C=CC=C(C)C(=O)O)=CC=CC=C(C)C=CC=C(C)C(=O)O.c1ccncc1
mol_4291,COc1ccc(Cc2nnc3nc(OC)c(-c4ccc(OC)cc4)n3n2)cc1
mol_4292,ON=C1SC(=NO)C(=NO)SC1=NO
mol_4293,[O-][Cl+3]([O-])([O-])O.c1ccc(-c2c3ccccc3[o+]c3ccccc23)cc1
mol_4294,NC(=O)C1CCCN1C(=O)C(Cc1c[nH]cn1)NC(=O)C1CCCC1
mol_4295,CC#CC(O)(C(=O)OC1CCN(C)CC1)C1CCCCC1
mol_4296,CC(C)c1ccccc1NC(=O)C(Cl)=C1Sc2ccccc2NC1=O
mol_4297,O=C(Cc1ccccc1)NN1C(=O)C(Cl)C1c1cccc([N+](=O)[O-])c1
mol_4298,[O-][n+]1onc(-c2ccccc2)c1CN1CCOCC1
mol_4299,CC(C)(C)[N+]([O-])=[N+]([O-])C(C)(C)C
mol_4300,CCOC(=O)C(O)=C(C(=O)OC)c1ccc(Cl)cc1.[NaH]
mol_4301,CCOc1ccc(N2C(=O)C3c4[nH]c5ccccc5c4C4CCC(C(C)(C)C)CC4C3C2=O)cc1
mol_4302,COc1ccc(Oc2c(OC)cc(NCc3ccc(CN)cc3)c3ncccc23)cc1.O=C(O)C=CC(=O)O
mol_4303,N#CC(=Cc1ccccc1Br)C(=O)c1ccccc1
mol_4304,COc1ccc(Sc2ccccc2N)cc1.Cl
mol_4305,CCCCN(CCCC)CN1C(=O)C(=Cc2ccc(NC(C)=O)cc2)NC1=S
mol_4306,CCCc1ccc(OC2OC(COC(C)=O)C(OC(C)=O)C(OC(C)=O)C2OC(C)=O)cc1
mol_4307,O=C(c1ccco1)C1CC(c2ccc3ccccc3c2O)=NN1
mol_4308,COC(=S)NP(=O)(NC(=S)OC)NC(=S)OC
mol_4309,O=[N+]([O-])C1(C2([N+](=O)[O-])CCCC2)CCCC1
mol_4310,CCCCCCCCC=CCCCCCCCC(=O)NCCN(CCN)C(=O)CCCCCCCC=CCCCCCCCC
mol_4311,COC(=O)CC1COC(C)(C)O1
mol_4312,S=C1SCCS1
mol_4313,O=C(Cn1c(=O)oc2ccc(C(=O)c3ccc(F)cc3)cc21)c1ccccc1
mol_4314,COCCCCCCCCCCCC(=O)OCC1OC(n2cc(C)c(=O)[nH]c2=O)CC1F
mol_4315,O=C(c1ccccc1)c1ccc2cccc(OC3OC(CO)C(O)C(O)C3O)c2n1
mol_4316,C=C1CC(CC)(CCN2C(=O)c3ccccc3C2=O)OC1=O
mol_4317,CCOC(=O)C(NC(=O)c1ccccc1)C(C)[Sn](c1ccccc1)(c1ccccc1)c1ccccc1
mol_4318,CCOC(=O)C1CCN2CN(c3ccc(OC)cc3)N=C(c3ccccc3)C12c1ccccc1
mol_4319,NNC(=O)C(NC(=O)c1ccccc1)=C(N)c1cccc([N+](=O)[O-])c1
mol_4320,CCOC(=O)NN(C(=O)OCC)C(=C(C1=CCCCC1)N1CCOCC1)N(NC(=O)OCC)C(=O)OCC
mol_4321,COc1cc2c3c(c1)C(O)CC[N+]3(C)CCC2
mol_4322,O=C1N(c2ccc(Cl)cc2)C(=O)C2(SC=NN2Cc2ccccc2)N1c1ccc(Cl)cc1
mol_4323,O=C1Nc2cc(F)ccc2C1=O
mol_4324,CS(=O)(=O)c1ccc(-c2cc(-c3ccc(S(C)(=O)=O)cc3)[n+](-c3cc(-c4ccccc4)c([O-])c(-c4ccccc4)c3)c(-c3ccc(S(C)(=O)=O)cc3)c2)cc1
mol_4325,Cc1cc(Cl)c2c(c1)C(=O)C(=Cc1ccc(Cl)cc1)O2
mol_4326,CCC(C)C(NC(=O)C(CCC(=O)O)NC(=O)C(CCCCN)NC(=O)C(CO)NC(=O)C(CC(C)C)NC(=O)C(Cc1ccc(O)cc1)NC(=O)C(C)N)C(=O)NC(C)C(=O)NC(CO)C(=O)NC(CC(=O)O)C(=O)O
mol_4327,Oc1ccccc1-c1nc2sc(-c3ccccc3O)nc2s1
mol_4328,CC12c3ccc4c(c3C(=O)c3occ(c31)C(O)CC2O)CCC4=O
mol_4329,O=C(CSc1nnc(-c2ccc(N=Cc3ccc(Cl)cc3)cc2)o1)Nc1ccccc1
mol_4330,COc1c(OC)c(OC)c2c(=O)cc(-c3ccc(OC(C)C)cc3)oc2c1OC
mol_4331,CCC1=CCN(c2cc(C)ccn2)OC1c1ccccc1
mol_4332,O=S(=O)(c1ccccn1)c1nc2ccccc2s1
mol_4333,CCCCCCCCCCCCCCCCNc1ccn(C2CC(O)C(COC(c3ccccc3)(c3ccccc3)c3ccc(OC)cc3)O2)c(=O)n1
mol_4334,CCN(CCCl)c1cc(C(=O)NCCCN(C)CCCNC(=O)c2cc(N(CC)CCCl)c([N+](=O)[O-])cc2[N+](=O)[O-])c([N+](=O)[O-])cc1[N+](=O)[O-].Cl
mol_4335,N#CC(OC1OC(COC(=O)C=Cc2ccc(O)c(O)c2)C(O)C(O)C1O)c1ccccc1
mol_4336,COc1ccc2c(CN3CCCCC3CO)cc3cc(OC)c(OC)cc3c2c1
mol_4337,CCc1oc2ccc(OC)c3ccccc1c23
mol_4338,Cc1nc(=O)n2c(c1C(=O)Nc1ccc(Cl)cc1)NCC2
mol_4339,CC(=O)Oc1ccc2cc(Oc3cc(Cl)c(Cl)cc3Cl)c(=O)oc2c1
mol_4340,O=c1scc(-c2ccc(C(F)(F)F)cc2)s1
mol_4341,N#CC(=Cc1ccc2[nH]ccc2c1)C(=O)NCCCCNC(=O)C(C#N)=Cc1ccc2[nH]ccc2c1
mol_4342,CC(Cc1ccccc1)N(C)Cc1nc(C2CCC([N+](=O)[O-])O2)no1
mol_4343,CN(C)c1ccc(C=C(NC(=O)c2ccccc2)c2nc3c4c(ccc3[nH]2)C(=O)c2ccccc2C4=O)cc1
mol_4344,CC(=S)NC=C(C#N)S(=O)(=O)c1ccc(C)cc1
mol_4345,COC(=CN=Nc1nc(C#N)c(C#N)[nH]1)OC
mol_4346,N#Cc1ccnc(C(=O)N2CCCC2C(=O)O)c1
mol_4347,Clc1ccc(-c2nnc3c4nnc(-c5ccc(Cl)cc5Cl)n4c4ccccc4n23)c(Cl)c1
mol_4348,CCCCCCCCCCCCc1ccsc1-c1ccc(-c2ccc(-c3sccc3CCCCCCCCCCCC)s2)s1
mol_4349,Cn1c(=O)[nH]c2c([nH]c(=O)c(=O)n2C)c1=O
mol_4350,CC1(O)P2(=O)O[Pd-2]3(NCCN3)OP1(=O)O[Pd-2]1(NCCN1)O2
mol_4351,CN(C(=O)c1ccco1)C(=S)N1CCN(c2ccccc2)CC1
mol_4352,CSc1nnc2sc3cc(C)ccc3n12
mol_4353,COc1ccc(C2Nc3cc(Cl)ccc3NC3=C2C(=O)CC(C)(C)C3)cc1
mol_4354,O=S(=O)(SC(S(=O)(=O)c1ccccc1)S(=O)(=O)c1ccccc1)c1ccccc1
mol_4355,O=C1NC(N2CCCCC2)=NC1=Cc1ccccc1
mol_4356,CCOC(=O)CCC(NC(=O)c1ccc(Nc2nc3ccccc3nc2C(=O)OCC)s1)C(=O)OCC
mol_4357,CSc1nnc(O)c2[nH]cnc12
mol_4358,CCOC(=O)N1C(=S)C(C(=O)OC)(C(=O)OC)N=C1C
mol_4359,Cc1ccc(C(=O)Nc2ccc(S(=O)(=O)O)c3cc(S(=O)(=O)O)cc(S(=O)(=O)O)c23)cc1NC(=S)Nc1cc(C(=O)Nc2ccc(S(=O)(=O)O)c3cc(S(=O)(=O)O)cc(S(=O)(=O)O)c23)ccc1C.[NaH]
mol_4360,C=C1CC(Cn2cc(Br)c(=O)[nH]c2=O)(c2ccc(Br)cc2)OC1=O
mol_4361,O=C1C2C3C=CC(C3)C2S(=O)(=O)C2C3C=CC(C3)C12
mol_4362,COC1C=COC2(C)Oc3c(C)c(O)c4c(O)c(cc(OCC(=O)N5CCOCC5C)c4c3C2=O)NC(=O)C(C)=CC=CC(C)C(O)C(C)C(O)C(C)C(OC(C)=O)C1C
mol_4363,CCOC(=O)C(=O)Nc1ccc(C)c(C)c1
mol_4364,C[N+](C)(N)c1nc(N)c(C#N)c(C#N)c1C#N.[Cl-]
mol_4365,CC1OC1C(=O)C1(O)C(C)C(O)C23OC2(C(O)c2c(O)cccc2C3=O)C1O
mol_4366,Cc1ccccc1NC(=O)C(=O)CC(=O)c1c(C)[n+]([O-])c2ccccc2[n+]1[O-]
mol_4367,COc1ccc2c(c1)NC1(O)c3ccccc3C(=O)C21O
mol_4368,CCCCCCCCCCCc1noc2c1C(=O)C(O)CC2
mol_4369,COC1C=CC(C(=O)[N+]2=Cc3[nH]c4ccccc4c3CC2)O1
mol_4370,CCN(CC)P1(=S)OCC(C)O1
mol_4371,Cc1ccccc1N=CN(C)C
mol_4372,CC(C)(Oc1ccc(C=CC(=O)c2ccccc2)cc1)C(=O)Nc1c(Cl)cccc1Cl
mol_4373,CC(=O)OCC=CCn1cnc(C(N)=O)c1N
mol_4374,COc1ccc2c(c1)OC1c3ccc(OC)cc3OCC21
mol_4375,COCOC1C=CCCCCC(=O)C(C)C#CC1
mol_4376,CSc1nnc(COc2ccc(Cl)cc2)o1
mol_4377,Cc1nnc(NS(=O)(=O)c2ccc(N=NC3SC(=S)NC3=O)cc2)s1
mol_4378,Cc1c(C2CCSc3ccccc3N2)sc2ccccc12
mol_4379,O=C1C(c2ccccc2)C2c3ccccc3CCN12
mol_4380,Cl.O=C(C=Cc1ccccc1)CCN1CCN(CCC(=O)C=Cc2ccccc2)CC1
mol_4381,CC=CC(O)(C(=O)OC1CN2CCC1CC2)C1CCCCC1
mol_4382,COc1ccccc1-n1cnc2c1=NC(C)(C)NC=2C(N)=O
mol_4383,OCC(O)C(OCc1ccccc1)C(NCc1ccccc1)c1cccs1
mol_4384,COc1ccc2cc(C(=O)c3ccccc3C(=O)O)ccc2c1
mol_4385,Cc1ccc(C2(Br)C(=O)c3ccccc3C2=O)cc1
mol_4386,COc1ccc(C2CC(c3ccc4ccccc4c3O)=NN2C(C)=O)cc1OC
mol_4387,CCOC(=O)CCCSCCCC(=O)CCCSCCCC(=O)OCC
mol_4388,O=C1c2cccc3cc([N+](=O)[O-])cc(c23)C(=O)N1C(Cc1ccccc1)c1ccccc1
mol_4389,Cc1ccccc1NC(=O)C1C(=O)N(c2ccccc2C)C(=O)C1=NNC(N)=O
mol_4390,C[N+]1=C2[B-](C(C)(C)C)=[N+](C(C)(C)C)[B-]2(C(C)(C)C)[N+](C)=C2[B-](C(C)(C)C)=[N+](C(C)(C)C)[B-]21C(C)(C)C
mol_4391,C(=NNc1ccc2ccccc2n1)c1ccccn1
mol_4392,O=[N+]([O-])C(=Cc1cccs1)C(=Cc1cccs1)[N+](=O)[O-]
mol_4393,Cc1ccc(-n2cc(C(=N)NO)c3ccccc3c2=O)cc1
mol_4394,O=S(=O)(c1ccccc1)c1nccs1
mol_4395,CN1CCN=C1c1nnn(-c2ccc([N+](=O)[O-])cc2)c1-c1ccccc1
mol_4396,CC(C)OP(=O)(OC(C)C)C(=NNc1ccc([N+](=O)[O-])cc1)Nc1ccncc1
mol_4397,CC(=O)n1c(COc2ccc3c(C)cc(=O)oc3c2)nc2ccccc2c1=O
mol_4398,COc1ccc(Cc2nccc3cc(OC)c(OC)cc23)cc1.Cl
mol_4399,Oc1ccc(C=NCC2CCCN3CCCCC23)cc1
mol_4400,CCOC(=O)C1(C)CCC(C(C(=O)O)C(=O)O)CC1=O
mol_4401,COC(=O)c1cc(Cc2cc(C(c3cc(Cc4cc(Cl)c(O)c(C(=O)OC)c4)c(O)c(C(=O)OC)c3)C(Cl)(Cl)Cl)cc(C(=O)OC)c2O)cc(Cl)c1O
mol_4402,O=C(Nc1ccc(Cl)cc1)Nc1ccc(Cl)c(C(F)(F)F)c1
mol_4403,Cc1cc2c(cc1CO)N1Cc3cc(C)c(CO)cc3N(C2)C1
mol_4404,Cc1ccc(S(=O)(=O)NN=C2C3CCC(C3)C2c2ccccc2)cc1
mol_4405,CNC(=S)NN=C1CC(c2ccccc2)Oc2ccccc21
mol_4406,CC(=O)Nc1ccc(S(=O)(=O)Nc2cnc3ccccc3n2)cc1
mol_4407,N#Cc1c(-c2ccc(Cl)c(Cl)c2)c(-c2ccc(Cl)c(Cl)c2)nn(CC(=O)O)c1=O
mol_4408,O=C(CCC(=O)Nc1cccc(Cl)c1)CC(=O)c1ccc(Cl)cc1
mol_4409,O=C(COc1ccc(C=CC(=O)c2ccc(Cl)cc2)cc1)Nc1c(Cl)cccc1Cl
mol_4410,O=C(Nc1ccc(NC(=O)Nc2cc(C(=O)Nc3ccc(C4=NCCN4)cc3)ccc2C(=O)Nc2ccc(C3=NCCN3)cc2)cc1)Nc1cc(C(=O)Nc2ccc(C3=NCCN3)cc2)ccc1C(=O)Nc1ccc(C2=NCCN2)cc1
mol_4411,COC(=O)CC[N+]1([O-])CC1
mol_4412,C#CCn1c2c(c3ccccc3c1=O)C(=O)c1ccccc1-2
mol_4413,COC1C=COC2(C)Oc3c(C)c(O)c4c(O)c(c(C=NN5CCCCCCCCCC5)c(O)c4c3C2=O)NC(=O)C(C)=CC=CC(C)C(O)C(C)C(O)C(C)C(OC(C)=O)C1C
mol_4414,Nc1nc(S)nc(O)c1N=O
mol_4415,COc1cccc(CC2Cc3ccccc3CC(=O)N2)c1
mol_4416,Cl.O=C1Oc2ccccc2C(=O)C1=CNc1nc(-c2ccccc2)cs1
mol_4417,O=C(O)CCC(=O)Nc1ccccc1
mol_4418,CC1=[O+][Co-4]23(NCC[N+]2(CCCl)CCCl)([O+]=C(C)[C-]1c1ccc([N+](=O)[O-])cc1[N+](=O)[O-])[O+]=C(C)[C-](c1ccc([N+](=O)[O-])cc1[N+](=O)[O-])C(C)=[O+]3.[O-][Cl+3]([O-])([O-])[O-]
mol_4419,O=C(O)CC(NC(=O)C(=Cc1ccccc1)NC(=O)c1ccccc1)C(=O)O
mol_4420,CC12C(=CC(=O)CC1SCCS(=O)(=O)O)C(C#N)=C(N)N2c1ccc(Cl)c(Cl)c1.[NaH]
mol_4421,C=C(C(=C)P(=S)(c1ccccc1)c1ccccc1)P(=S)(c1ccccc1)c1ccccc1
mol_4422,Cc1cc(N=Nc2cc(S(=O)(=O)O)c(N)cc2N)ccc1N=Nc1ccc2cc(S(=O)(=O)O)cc(S(=O)(=O)O)c2c1
mol_4423,Cn1c(=O)n2n(c1=O)C(c1ccccc1)C2c1ccccc1
mol_4424,C1=CC2CCC1CN2CCC1CNc2ccccc21
mol_4425,COc1cccc2c1C1(O)C2CCCC12OCCCO2
mol_4426,COc1ccc2nc3ccccc3c(NCCCCCN(CCCl)CCCl)c2c1.Cl
mol_4427,CC(=O)Nc1ccc(C(=O)NC2C(=O)N3C2SC(C)(C)C3C(=O)O)cn1
mol_4428,CC1CN(c2ccc(Cl)cc2)CC(C)(C)OC(=O)O1
mol_4429,COc1ccc(-c2cc(-c3ccccc3)nc(O)c2N(C)C)cc1
mol_4430,CC(C)(C)C1=CC(=Nc2ccc([N+](=O)[O-])cc2[N+](=O)[O-])C=C(C(C)(C)C)C1=O
mol_4431,Clc1ccc(CN2COc3c(ccc4cccnc34)C2)cc1Cl
mol_4432,CSc1nc(C)c(Br)c(=O)n1C1OC(COC(C)=O)C(OC(C)=O)C(OC(C)=O)C1OC(C)=O
mol_4433,COc1cc(OC)c(CSCC(NC(=O)OCC2c3ccccc3-c3ccccc32)C(=O)O)c(OC)c1
mol_4434,CC12CCC3C(CCC4c5nonc5CCC43C)C1CCC2O
mol_4435,O=C1c2ccccc2C(=O)c2sccc21
mol_4436,NC(=O)COC(=O)c1c(Cl)nc2sccn12
mol_4437,COc1ccc2c(c1)CC1NC2Cc2ccccc21
mol_4438,COC(=O)C1=C(C(=O)OC)C2C=CC1C1C(Cl)=C(Cl)C21
mol_4439,COc1ccc(C=CC(=O)c2c(-c3ccccc3)nn(C)c(=O)c2N2CCCCC2)cc1
mol_4440,O=c1n(-c2ccccc2)c(=O)n2n1C1C=CC=CC2C2CCC21
mol_4441,CC(C)(C)[Si](C)(C)OCC1OC(n2ccc(=O)[nH]c2=O)C(OC(=S)Oc2ccccc2)C1O[Si](C)(C)C(C)(C)C
mol_4442,CC(=O)OC1COC(n2c(-c3ccc(Cl)cc3)cc(-c3ccccc3)c(C#N)c2=S)C(OC(C)=O)C1OC(C)=O
mol_4443,COC(=O)CC(=O)C(=CCC(C=C(C(=O)CC(=O)OC)C(=O)OC)OC)C(=O)OC
mol_4444,O=S1(=O)OCCOS(=O)(=O)C1Br
mol_4445,COc1ccc(-c2c(C(C)=O)c(-c3ccccc3)n(C3OC(COC(C)=O)C(OC(C)=O)C(OC(C)=O)C3OC(C)=O)c(=S)c2C#N)cc1
mol_4446,O=c1ccc2nc3cc(Br)ccc3sc-2c1
mol_4447,CN1C(=O)N(C)C2(CCN(CCCCCCF)CC2)C1=O
mol_4448,CCOC(=O)C(Cc1cc(OC)c(CC(C(=O)OCC)C(=O)OCC)cc1OC)C(=O)OCC
mol_4449,O=C1Nc2ccccc2C1=NNC(=S)Nc1cccc(Cl)c1
mol_4450,c1ccc([PH](CCOCC[PH](c2ccccc2)(c2ccccc2)c2ccccc2)(c2ccccc2)c2ccccc2)cc1
mol_4451,COc1cc(OC)c2c(=O)c3c([N+](=O)[O-])cccc3n(C)c2c1
mol_4452,ON=Cc1cc2c(cc1Br)OCO2
mol_4453,O=S1(=O)CC(O)C(O)CS1
mol_4454,Nc1ccc(C=Cc2ccc(NCc3c(O)cc(O)cc3C(=O)O)cc2S(=O)(=O)O)c(S(=O)(=O)O)c1.[NaH]
mol_4455,CC(=O)c1c(O)nc2cc(Cl)ccc2c1O
mol_4456,Cc1ccc(S(=O)(=O)n2cnc(CC(NC(=O)C3CCC(=O)N3C(=O)OCc3ccccc3)C(=O)N3CCCC3C(=O)NN)c2)cc1
mol_4457,C=C1CC(CCCl)(c2ccccc2)OC1=O
mol_4458,O=C(Nc1ccccc1)OCc1nc2c([nH]1)C(=O)C=CC2=O
mol_4459,C=C1C(=O)OC2C=C(CO)C3(O)CC(O)C(C)(CC(OC(=O)C(C)=CC)C12)O3
mol_4460,CN1CCC(OC(=O)C2(O)c3ccccc3Oc3ccccc32)CC1
mol_4461,O=CC12CCCN1CCC2
mol_4462,CC1CN(C2C=CC(=O)CC2)C(=O)NC1=O
mol_4463,CCc1n[nH]c(=O)n1NC(=O)CCCC(=O)O
mol_4464,CC(=O)c1ccc2c(c1)oc(=O)n2CCN(C)C
mol_4465,N#CCCN(CCCN(C(=O)N(c1ccccc1)c1ccccc1)c1ccccc1)C(=O)Nc1ccccc1
mol_4466,C1CSCC2(COC2)CS1
mol_4467,N=C(NO)C(F)(F)C(F)(F)C(F)(F)C(=N)NO
mol_4468,O=C1N(CCO)NC2=NCCCN12
mol_4469,COC(=O)N1CCC2CCC=C(c3cccc4c3OCO4)C21
mol_4470,O=C1NC(=O)C(=Cc2ccccc2Cl)C(=O)N1
mol_4471,N#CC(NCc1cccc(CNC(C#N)c2ccccc2)c1)c1ccccc1
mol_4472,CCN(CC)C(=O)C(C)n1cc(C)c(=O)[nH]c1=O
mol_4473,CC(=O)Nc1c(Nc2ccc3c(O)nccc3c2C)ccnc1O
mol_4474,CC(=O)NNc1nc(C)c(C(=O)C=Cc2ccc(Cl)c(Cl)c2)s1
mol_4475,CC(=O)N1C(=N)SCC1C(N)=O
mol_4476,CC(=CC[P+](c1ccccc1)(c1ccccc1)c1ccccc1)Sc1ccccc1.F[B-](F)(F)F
mol_4477,CN(C)CCC=C1c2ccccc2CSc2ccccc21
mol_4478,COC(CC(=CCO[Si](C(C)C)(C(C)C)C(C)C)C(=O)N(COCC[Si](C)(C)C)c1ccccc1I)OC
mol_4479,COC1=CC(=O)C2C3Cc4ccccc4C3C2C1=O
mol_4480,O=C(O)c1ccccc1C1c2ccc(Cl)cc2Oc2cc(Cl)ccc21
mol_4481,COc1cc(Oc2nc3ccccc3nc2C(=O)O)cc(OC)c1OC
mol_4482,CCOC(=O)C(=CNc1ccc(N(C2=NCC(C)S2)c2ccc(F)c(Cl)c2)cc1)C(=O)OCC
mol_4483,CN1C(=O)C(O)CC1c1ccccc1F
mol_4484,O=C1CC(c2ccc(Cl)cc2)NC(=O)N1CCN1CCCC1
mol_4485,COc1cc(Nc2cnc3cc(F)c(F)cc3n2)cc(OC)c1OC
mol_4486,CCOC(=O)CC1C2(C=CC13OCC(C)(C)CO3)CO2
mol_4487,COc1cccc(CCCNC(=O)Cc2ccccc2CO)c1
mol_4488,CC1CCC2(NC1)OC1CC3C4CC=C5C=CCCC5(C)C4CCC3(C)C1C2C
mol_4489,NC(=O)c1ncn(C2OC(CO)C(O)C2O)c1NC(=S)NC(=O)c1ccccc1
mol_4490,Cc1ccc(C=NNS(=O)(=O)c2ccccc2)cc1
mol_4491,Cc1ccccc1OCC1COC(c2ccc(Cl)cc2)O1
mol_4492,CC(=O)CC(=O)CCC(=O)Nc1cccc(C(F)(F)F)c1
mol_4493,CCN(CC)C(=O)C1(C)NS(=O)(=O)c2ccccc2C1=O
mol_4494,Cc1cn(C2CSC(CO)CO2)c(=O)[nH]c1=O
mol_4495,CCCCC(CC)COS(=O)(=O)O
mol_4496,NS(=O)(=O)c1ccc(Nc2c3ccccc3nc3ncccc23)cc1
mol_4497,Cc1cc(N)c2ccccc2[n+]1CCCCCCCCCC[n+]1c(C)cc(N)c2ccccc21
mol_4498,CCOC(=O)c1sc2c(C(=O)OCC)c3ccccn3c2c1C
mol_4499,Cc1ccc(NC(=S)NC=C(C(N)=O)C(N)=O)c(C)c1
mol_4500,CC1=C(c2cc(C(=O)Nc3nccs3)nc(NC#N)n2)Sc2ccccc2N1
mol_4501,Cc1ccnc(NC(=O)Nc2ccc(F)c([N+](=O)[O-])c2)c1
mol_4502,C=C=C(Sc1ccccc1)C(C)(C)O
mol_4503,CCOC(=O)C(=Cc1ccc(C)o1)P(=O)(OCC)OCC
mol_4504,CCCCOC(=O)CCC(Nc1nc(Cl)nc(Cl)n1)C(=O)OCCCC
mol_4505,COc1cc2c[n+](C)c3c(c2cc1OC)Cc1cc2c(cc1-3)OCO2
mol_4506,O=P(O)(Cc1ccccc1)OCC1(O)OCC(O)C(O)C1O
mol_4507,CN(C)c1ccc(C=C(C(=O)c2ccccc2)C(=O)c2ccccc2)cc1
mol_4508,CCN(CCO)c1ccc(N=O)cc1
mol_4509,O=C(O)CCC(=O)c1ccc2c(c1)C(C(=O)O)CC2
mol_4510,O=C1C=CC(=O)c2c1ccc1c3ccccc3n(-c3ccccc3)c21
mol_4511,N=C1OC(c2ccc3c(c2)OCO3)C(NNS(=O)(=O)c2ccccc2)=C1O
mol_4512,COc1ccc(-c2oc3cc(OC)c(OC)c(OC)c3c(=O)c2OC)cc1OC
mol_4513,CCCCCCC(c1ccc(O)c(C(=O)O)c1)c1ccc(O)c(C(=O)O)c1.N
mol_4514,CC#CCOC(=O)c1ccccc1OC(C)=O
mol_4515,CC(=O)OCC1OC(n2c(=S)n(-c3ccccc3)c(=O)c3cc(Br)ccc32)C(OC(C)=O)C(OC(C)=O)C1OC(C)=O
mol_4516,CCOc1ccccc1C1N2CCN(CC2)C(c2ccccc2OCC)N2CCN1CC2
mol_4517,C[N+]12CCCCC1C(COC(=O)COc1ccc(Cl)cc1Cl)CCC2.[I-]
mol_4518,CC(SC(=O)Nc1ccc(N=Nc2ccccc2)cc1)C(=O)O
mol_4519,Cc1nc(O)nc(O)c1CO
mol_4520,C1CN(CCSSCCN2CCOCC2)CCO1
mol_4521,COC(=O)c1ccccc1C1CN=NC12Cc1c(ccc3c1CCC3)C2=O
mol_4522,CCCCCCCCCCCCCCCCCC(=O)NCCCNCCCNC(=O)CCCCCCCCCCCCCCCCC
mol_4523,CCCCCCCCCCOCC(COCCOCC(COCCCCCCCCCC)OS(=O)(=O)O)OS(=O)(=O)O.[NaH]
mol_4524,Cc1cccc(N2C(=O)C(=O)C(c3nc4ccccc4s3)C(=O)C2=O)c1C
mol_4525,COCCCNC(=O)C1=C(C)NC(C)=C(C(=O)NCCCOC)C1
mol_4526,CC1(C)OP(=O)(O)C=C1Sc1ccc([N+](=O)[O-])cc1[N+](=O)[O-]
mol_4527,CC(C)P(=O)(N(C)C)N(C)C
mol_4528,CN(C)C1C(O)=C(C(=O)NCNC2(C(=O)O)CCCC2)C(=O)C2(O)C(O)=C3C(=O)c4c(O)cccc4C(C)(O)C3CC12
mol_4529,O=c1ccn(CC2OCC(CO)O2)c(=O)[nH]1
mol_4530,CCN(CC)c1ccc2cc(-c3csc(-c4ccc(N(C)C)cc4)n3)c(=O)oc2c1
mol_4531,N#CC(C(=NNC(N)=S)C(=NNC(N)=S)C(C#N)c1ccccc1)c1ccccc1
mol_4532,CC1(C)C2CCC3CC(CCC#N)CCC3C21C#N
mol_4533,O=C(Nc1cc2c(oc1=O)CCC2)c1cnccn1
mol_4534,COC1(OC)CCC2(C)OC(c3ccccc3)C1O2
mol_4535,NC(=O)c1[nH]nc(C2OC(CO)C(O)C2O)c1O
mol_4536,COc1cc2c(c(OC)c1OC)CCC1C(=O)NN=C21
mol_4537,Cl.O=C(CCN1CCN(CCC(=O)c2ccccc2)CC1)c1ccccc1
mol_4538,CNC=C(c1ccc(OC)cc1)C(O)c1ccc(OC)c(OC)c1
mol_4539,COc1ccc(C=CC(=O)c2cccc(C(=O)C=Cc3ccc(OC)c(OC)c3)n2)cc1OC
mol_4540,CCOC(=O)c1cc(OC(=O)CC)c2c(OC)ccc(OC)c2c1
mol_4541,Cc1cc(Cl)ccc1NC(=O)C(=O)Cc1occc(=O)c1O
mol_4542,CN1CCN(C(=S)N(C(=O)c2cccs2)C2CCCCC2)CC1
mol_4543,NC(Cc1ccccc1CP(=O)(O)O)C(=O)O
mol_4544,CCCNC(=O)N(C)C(=O)N1N=C(c2ccccc2)C1c1ccccc1
mol_4545,COc1ccc(CC(N)C(=O)N2CC(CO)CC(n3cnc4c(N(C)C)ncnc43)C2)cc1
mol_4546,CN(C)c1ccc(C=C(C#N)c2ccc(Br)cc2Br)cc1
mol_4547,COC(=O)c1nc(N)nc(O)c1-c1ccc(Cl)cc1
mol_4548,Cc1nc(N(C(C)C)C(C)C)c(C(C)C)o1
mol_4549,O=C(NC(c1ccccc1)C(O)C(=O)OCc1ccc([N+](=O)[O-])cc1)c1ccccc1
mol_4550,Cc1ccc2oc(=O)ccc2c1
mol_4551,CC(C)C1N(N2C(=O)CS(=O)(=O)C2C(C)C)C(=O)CS1(=O)=O
mol_4552,COC1CCC=C(C=O)O1
mol_4553,O=C(c1ccccc1)N1CC(=NNc2ccc(Cl)cc2)c2c([nH]c3ccccc23)C1
mol_4554,CC(=O)c1c2c(cc3c1CC1(C3)Cc3cc4c(c(C(C)=O)c3C1)CCCC4)CCCC2
mol_4555,CCOP(=O)(OCC)C(C#N)=Cc1ccco1
mol_4556,CN(C)CCCn1c2c3ccccc3ccc2c2oc(=O)c3ccccc3c21.Cl
mol_4557,Oc1cnnc2c(Br)cccc12
mol_4558,CC(C)(C)OC(=O)N1CCCC1C(=O)NC(c1ccccc1)c1ccccc1
mol_4559,COc1cc(Nc2nc3ccc(C(F)(F)F)cc3nc2-c2ccccc2)cc(OC)c1OC
mol_4560,O=c1c2ccccc2n2n1CC(O)C2
mol_4561,CNC(=O)CCC(NC(C)=O)C(=O)NC(Cc1ccc(NC(=O)CCCCC(C)=O)cc1)C(=O)NC(CCC(=O)NC)C(=O)NC
mol_4562,Cc1ccnc(NC(=O)NC2CCCCC2)c1
mol_4563,COc1cc2c(cc1OC)C1Cc3cc(OC)c(OC)cc3C(C2)O1
mol_4564,O=C1NC(N2CCOCC2)=NC1=Cc1ccc(O)cc1
mol_4565,COC(OC)C1OCC(n2cnc3c(N)ncnc32)C1O
mol_4566,CCOC(=O)C(=O)N(CC(=O)OC)C(=O)Cc1ccccc1
mol_4567,Nc1nc(O)ncc1F
mol_4568,Cc1cc(C)c(C)c(C(=O)OCC(C)(C)C)c1C
mol_4569,Cc1cn(C2CC(N=[N+]=[N-])C(COP(=O)(O)OCC3CCC(n4ccc(=N)[nH]c4=O)O3)O2)c(=O)[nH]c1=O
mol_4570,COc1c2occc2c(S(=O)(=O)O)c2ccc(=O)oc12
mol_4571,COC(=O)CCC(=O)Nc1ccc(Cl)cc1C
mol_4572,COC12OCCN(C)C1=CC(=O)C1=NNC(C)C12
mol_4573,Cc1ccc(S(=O)(=O)NC2C(=O)c3ccccc3C(=O)C2n2cnc3ccccc32)cc1
mol_4574,Brc1ccc2[nH]cc(C=NN3CCCCCC3)c2c1
mol_4575,O=C(Nc1nccs1)c1ccc(C(=O)Nc2nccs2)cc1
mol_4576,C[N+](C)(C)CC(=O)NN=C(CC(=O)CC(C1=C(O)c2ccccc2OC1)c1ccccc1)C(=O)Nc1cccc(Cl)c1.[Cl-]
mol_4577,CCn1c(=O)c2nc(SC)sc2n(-c2ccc(C)cc2)c1=O
mol_4578,Cc1nc2ccccc2c(=O)n1-c1ccccc1I
mol_4579,CSc1ccc(C2OC(=O)c3ccccc32)c2ccccc12
mol_4580,O=C1CN=C(c2ccccn2)c2cc(Cl)ccc2N1CCO
mol_4581,CC(=O)Oc1ccc2c(c1)Oc1cc(OC(C)=O)ccc1C21OC(=O)c2ccccc21
mol_4582,Cc1cn(C(Cc2ccccc2)OCCO)c(=O)[nH]c1=O
mol_4583,CCOC(=O)NC(S(=O)(=O)O)S(=O)(=O)O
mol_4584,Cc1cc(N(CCC#N)CCC#N)ccc1C=C(NC(=O)C=Cc1ccccc1)C(=O)NN
mol_4585,CCC1=NC(NN=Cc2ccco2)=NC1=Cc1ccccc1O
mol_4586,O=C(c1ccc(Cl)cc1)c1c(O)c2ccccc2oc1=O
mol_4587,COc1ccc(-n2c(=O)c3[nH]c(=S)[nH]c3n(-c3ccc(OC)cc3)c2=S)cc1
mol_4588,Cc1cc2nc3c(=O)n(C)c(=O)nc-3n(-c3ccc(Cl)cc3)c2cc1C
mol_4589,O=C1CCC2(c3ccccc3)Nc3ccncc3N12
mol_4590,COC(=O)C1OS(=O)(=O)OC1C(=O)OC
mol_4591,COc1cc(C2C(Cl)C(=O)N2NC(=O)c2ccccc2O)ccc1O
mol_4592,O=S(=O)(O)c1cccc(N=Nc2cc(S(=O)(=O)O)c3cccnc3c2O)c1.[NaH]
mol_4593,CC(=O)OC1CCC2(C)C(=CCC3C4Cc5cc6ccccc6nc5NC4(C)CCC32)C1
mol_4594,Cc1cccc(N2C(=O)C(Cl)=C(Cl)C2=O)c1
mol_4595,COC(=O)C1=C(C)NC(CF)=C(C(=O)OC)C1c1cccc2c(=O)c3ccccc3oc12
mol_4596,O=[N+]([O-])c1ccc2oc(=Nc3ccccc3)c(Nc3ccccc3)nc2c1
mol_4597,CCOC(CC(=O)NCCNC(C)=O)OCC
mol_4598,Brc1ccc(-c2nc3sc(-c4ccc5c(c4)OCO5)nn3c2Br)cc1
mol_4599,Cc1nc(N)nc(N)c1CCCCc1ccccc1
mol_4600,S=C1CCCCCN1
mol_4601,O=C(Cn1c(=O)ccn(C2OC(CO)C(O)C2F)c1=O)c1ccc(F)cc1
mol_4602,CC#CC(O)(C(=O)OC1CN2CCC1CC2)C(C)C
mol_4603,COc1cccc2c1C(=O)OC2c1cccc2ccccc12
mol_4604,CCc1cccc2c3c([nH]c12)C(CC)(CC(=O)O)OCC3
mol_4605,O=S(=O)(NCCSSCCNS(=O)(=O)c1ccccc1)c1ccccc1
mol_4606,CC1c2c(cc(O)n(Cc3ccccc3)c2=O)C(=O)N1Cc1ccccc1
mol_4607,COc1ccc(C=CC(=O)c2nc3ccccc3[nH]2)cc1
mol_4608,CC(=O)OC(C)(C)C=CC(=O)C(C)(O)C1C(O)CC2(C)C3CC=C4C(C=C(O)C(=O)C4(C)C)C3(C)C(=O)CC12C
mol_4609,O=C(Cn1c2c(c3ccccc31)CCCC2)N1CCCCC1
mol_4610,CCOC(=O)C(=O)C(=CNC(=S)Nc1ccccc1Cl)C(=O)OCC
mol_4611,COc1ccc2c(c1)c[n+](C)c1c3cc(OC)c(OC)cc3ccc21.CS(=O)(O)=[OH+]
mol_4612,Cc1ccc(NC(=O)C(=O)C2C(=N)NN(c3ccccc3)C2=O)cc1C
mol_4613,Cn1c2ccccc2c2cc(N3CCCC3)c3c(c21)C(=O)N(c1ccccc1)C3=O
mol_4614,O=C(C=Cc1ccc(Br)cc1)c1ccccc1
mol_4615,COc1c2c3c4c(c(OC)c(=O)c5c(O)cc(OC)c(c6c(OC)cc(O)c(c1=O)c63)c54)C(C(C)O)C2C(C)=O
mol_4616,O=[N+]([O-])c1ccccc1S(=O)NCc1c(Cl)cccc1Cl
mol_4617,Clc1cc2nn(C3CCCCO3)nc2cc1Cl
mol_4618,CN1C(=O)C(O)CC1c1ccc(F)cc1
mol_4619,C#CC1(O)CCCC2=CC(=O)CCC21C
mol_4620,N#CC(C(=NNC(=O)C(=O)NN)C(=O)Nc1nc([N+](=O)[O-])cs1)c1ccc(Cl)cc1
mol_4621,CCCCCCCCCCCCCCCc1nnc(SCC(=O)O)[nH]1
mol_4622,COC(=O)CCC(=O)N1CC1C
mol_4623,N#CC1CCCC2SC(F)(F)C(F)(F)C12
mol_4624,N=c1c2sc3nc4ccccc4n3c2ncn1Cc1ccccc1
mol_4625,O=c1c(-c2ccccc2)coc2cc(O)ccc12
mol_4626,C=C1C(=O)C23C(O)C1CCC2C12COC3(O)C(O)C1C(C)(C)CCC2O
mol_4627,CCCCCCC=CCCCCCCCCCC1=C(CN2CCN(C)CC2)C(=O)C=C(OC)C1=O.Cl
mol_4628,CCCCCCCC[N+]12CN3CN(CN(C3)C1)C2
mol_4629,O=C(CCBr)N1CCN(C(=O)CCBr)CC1
mol_4630,O=S1(=O)CCCS(=O)(=O)C1CC1S(=O)(=O)CCCS1(=O)=O
mol_4631,CN(C)CCCNC(=O)CNC(=O)c1cc(NC(=O)c2cc(NC(=O)c3cc(NC(=O)CCNC(=O)c4cc(NC(=O)c5cc(NC(=O)c6nccn6C)cn5C)cn4C)cn3C)cn2C)cn1C.O=C(O)C(F)(F)F
mol_4632,c1csc(-c2ccc(-c3ccc(-c4cccs4)s3)s2)c1
mol_4633,CC(c1ccccc1)C(CC#N)C1CCCC1(O)C#Cc1ccc2c(c1)OCO2
mol_4634,CCOc1ccc(NCc2cc(OC)c(OC)c(OC)c2)cc1
mol_4635,Cc1ccc(-n2cc(-c3ccc(Cl)cc3)c3c(NNC(=S)NCc4ccccc4)ncnc32)cc1
mol_4636,O=C=[Fe]12(C3=CCC=C3)C(=O)[Fe]1(=C=O)(C1C=CC=C1)C2=O
mol_4637,Cc1ccc(S(=O)(=O)N2CCSCCN(S(=O)(=O)c3ccc(C)cc3)CCN(S(=O)(=O)c3ccc(C)cc3)CC2)cc1
mol_4638,C#CC(O)C=CC(O)CCCC(O)CC#CC(O)C#CC(O)CCCC(O)C=CCCCC(=O)CCCCCCCCCCCCCCCC(O)C(O)C#CC(=O)O
mol_4639,CCOP(=O)(Nc1ccccc1CC)OCC
mol_4640,O=C(CO[N+](=O)[O-])OCC(=O)c1ccccc1
mol_4641,COc1ccc(C=C2C(=O)NC3SC=C(c4cccc([N+](=O)[O-])c4)N23)cc1.Cl
mol_4642,C=CCCCN(C(=O)c1ccccc1)c1ccc(C(=O)OC)o1
mol_4643,COc1ccc(-c2c3c(n(C4OC(CO)C(O)C(O)C4O)c(=S)c2C#N)CCCC3)cc1
mol_4644,Cc1ccc(C(=O)C=C2Nc3ccc([N+](=O)[O-])cc3NC2=CC(=O)c2ccc(C)cc2)cc1
mol_4645,CCOC(=O)C1NCCc2c1[nH]c1ccccc21.Cl
mol_4646,O=C(O)C(CS(=O)(=O)O)S(=O)(=O)O
mol_4647,O=C(c1ccccc1)C(O)(CC(c1ccccc1)[PH](c1ccccc1)(c1ccccc1)c1ccccc1)c1ccccc1
mol_4648,COc1cc2c3c(c1)SC(c1ccccc1)C(=O)N3CCN2
mol_4649,O=C(Nc1ccc(Cl)cc1)NS(=O)(=O)c1c(-c2ccccc2)oc2ccccc2c1=O
mol_4650,COc1ccc(C=C2N=C3N(Cc4ccccc4)C=C(N)N3C2=O)cc1
mol_4651,CC(=O)OC1CCC2C3CCC4=C(O)C(=O)C(C#N)CC4(C)C3CCC12C
mol_4652,CN1CCCC1=C1C(=O)N(c2ccccc2)N=C1c1ccc[nH]1
mol_4653,CC(C)C1NC(=O)C(Cc2ccccc2)NC(=O)C2NC(=O)C(Cc3ccccc3)NC(=O)C3CCCN3C(=O)CNC(=O)C(Cc3ccccc3)NC(=O)C3CNCCCCC(C(=O)O)NC(=O)C4NC(=O)C(CC(N)=O)NC(=O)CNC(=O)C(C(O)C(=O)O)NC(=O)C(CSCC(NC(=O)C(CCC(N)=O)NC(=O)C(CCCNC(=N)N)NC(=O)C(N)CSC4C)C(=O)NC(CSC2C)C(=O)N3)NC1=O
mol_4654,Cc1ccc2oc(=O)c(C(=O)Nc3nc(C45CC6CC(CC(C6)C4)C5)cs3)cc2c1
mol_4655,O=C(NCc1ccc(O)cc1O)c1ccccc1O
mol_4656,COc1ccccc1C=C1C(=O)N(C(=O)Cc2ccccc2)N=C1C
mol_4657,OC1CCCC1Sc1ccccc1
mol_4658,CCC1C(c2ccccc2O)c2cc3c(cc2OC1N1CCOCC1)OCO3
mol_4659,COC(=O)C=CC(C#N)(C#N)N=Cc1cccc(OC)c1
mol_4660,CN(C)c1nc(N(C)C)nc(N(C)CN(C)c2nc(N(C)C)nc(N(C)C)n2)n1
mol_4661,Cc1ccc(NC(=S)NNC(=O)c2cc(-c3ccccc3)nc3ccccc23)cc1C
mol_4662,COc1cc2c(c3oc(=O)cc(C)c13)C(=O)C(C)C(C)O2
mol_4663,Clc1ccccc1C=C1c2ccccc2-c2nc3ccccc3nc21
mol_4664,COC1=CC(=O)OC2(C)OCC(C)C(O)=C12
mol_4665,O=C1C(=CNC(=S)c2ccccc2)C(=O)c2ccccc21
mol_4666,COc1ccc(OC)c2c1C1CCC(=O)N1CN2C(C)=O
mol_4667,CCCCCCCCCCCCCCCCOCC(COC1OC(COC(C)=O)C(OC(C)=O)C(OC(C)=O)C1OC(C)=O)OCCCCCCCCCCCCCCCC
mol_4668,CC(CCc1nc2ccccc2[nH]1)C1CCC2C3CCC4CC(O)CCC4(C)C3CCC12C
mol_4669,CC1(CCC#N)CCC(=N)C=C1O
mol_4670,COc1cccc(C2SC(=N)Nc3c2c(C)nn3C(=O)c2ccccc2O)c1
mol_4671,Cn1cnc([N+](=O)[O-])c1Sc1ccccn1
mol_4672,NC(=O)NNc1nc(-c2ccccc2)cs1
mol_4673,COc1cc2c(cc1O)C(Cc1ccc(Oc3cc(CC4c5cc(O)c(OC)cc5CCN4C)ccc3O)cc1)N(C)CC2
mol_4674,[N-]=[N+]=NC1CC(n2cc(C=CBr)c(=O)[nH]c2=O)CC1CO
mol_4675,CC1=NN(C(=O)c2ccc(Cl)cc2)C(=O)C1=Cc1ccco1
mol_4676,CC(C(=O)c1cc(O)c(O)cc1C(O)(C(F)(F)F)C(F)(F)F)C(O)(C(F)(F)F)C(F)(F)F
mol_4677,N#CC1=C(N)N(c2ccccc2)C(c2ccccc2)C1(C#N)C#N
mol_4678,ClC1=C(Cc2ccccc2)Cc2ccc3c(c21)CCC3
mol_4679,CS(=O)(=O)O.O=[N+]([O-])c1cccc2nc3ccccc3c(NCCCN3CCOCC3)c12
mol_4680,C=CN(c1ccccc1)c1nc(O)nc(O)n1
mol_4681,CCCCCCCOc1ccc(C=Cc2cc[n+](CCCCCCCC[n+]3ccc(C=Cc4ccc(OCCCCCCC)cc4)cc3)cc2)cc1.Cc1ccc(S(=O)(=O)[O-])cc1
mol_4682,CCN(CC)c1ccc(N=C2C=CC(=C(C#N)C#N)c3ccccc32)c(C)c1
mol_4683,Cc1cc(=O)c(C#N)c(C)s1
mol_4684,C=CCc1cc(-c2cc(CC=C)c(O)c(CN(CC)CC)c2)cc(CN(CC)CC)c1O
mol_4685,Cc1ccc(S(=O)(=O)N2CCN(S(=O)(=O)c3ccc(C)cc3)Cc3ccccc3C2)cc1
mol_4686,CCOC(=O)c1ccc(CSc2ccccc2C(=O)OCC)cc1
mol_4687,O=[N+]([O-])c1ccc(N2N=C(c3c(O)ccc4ccccc34)CC2c2ccc(Cl)cc2)c([N+](=O)[O-])c1
mol_4688,Brc1nc2c3ccccc3ncn2c1Br
mol_4689,O=S(=O)(O)c1cc(N=Nc2cc(S(=O)(=O)O)c3cccnc3c2O)ccc1C=Cc1ccc(N=Nc2cc(S(=O)(=O)O)c3cccnc3c2O)cc1S(=O)(=O)O.[LiH]
mol_4690,N#CC(=CN1CCNC1=S)C(N)=O
mol_4691,N#CNC(=N)Nc1ccc(Cl)cc1
mol_4692,[N-]=[N+]=Nc1ccccc1-[n+]1noc([O-])c1Br
mol_4693,N=C(N)NS(=O)(=O)c1ccc(NC(=O)c2cccc3cc4ccccc4nc23)cc1
mol_4694,COC1=C(C)C(=O)c2nc(Cl)cc(C)c2C1=O
mol_4695,COC(=O)C1C(C(=O)OC)C2C(=O)C3C(C(=O)OC)C(C(=O)OC)C3C(=O)C12
mol_4696,CCN(CC)c1ccc2c(c1)Oc1ccc(N(C(C)=O)c3ccccc3)cc1C21OC(=O)c2ccccc21
mol_4697,O=C1C(=Cc2cccc(Br)c2)C(=O)c2ccccc21
mol_4698,COc1ccc2c(C)cc(=O)oc2c1OC
mol_4699,CC(=O)N(CN1C(=O)CCC1C(=O)O)c1cccc(O)c1
mol_4700,CN(C)Cc1cc(C(=O)C=Cc2ccccc2Cl)cc(CN(C)C)c1O.Cl
mol_4701,Nc1nc(O)c(N=O)c(Nc2ccc(Cl)c(Cl)c2)n1
mol_4702,Cc1cc(C2(c3cc(C)c(O)c(Br)c3)OS(=O)(=O)c3ccccc32)cc(Br)c1O
mol_4703,COc1c(C)c2c(c3c1c(=O)c1ccccc1n3C)C=CC(C)(C)O2
mol_4704,OC1(c2ccc(Cl)cc2)c2ccccc2C2=Nc3ccccc3CN21
mol_4705,Cc1cc(C)nc(NS(=O)(=O)c2ccc(NC(=O)c3ccc4nc5ccccc5c(Nc5ccc(S(=O)(=O)NC(=N)N)cc5)c4c3)cc2)n1
mol_4706,c1ccc2c(C3NCCc4[nH]cnc43)cccc2c1
mol_4707,CCOP(=O)(OCC)C(C#N)=Cc1ccc(N(C)C)cc1
mol_4708,CCCCCC=C(c1cc(Cl)c(OC)c(C(=O)O)c1)c1cc(Cl)c(OC)c(C(=O)O)c1
mol_4709,CCCCOC(=O)CNC(=O)OCCCCC#CC#CCCCCOC(=O)NCC(=O)OCCCC
mol_4710,Cc1csc2nc(=N[N+](=O)[O-])sn12
mol_4711,O=c1c(Nc2ccccc2)cn(CCOc2ccc(Cl)cc2)c(=O)n1CCOc1ccc(Cl)cc1
mol_4712,COc1ccccc1C1c2cc3c(cc2OC(O)(CO)C1C(=O)O)OCO3.COc1ccccc1C1c2cc3c(cc2OC2(O)COC(=O)C12)OCO3
mol_4713,Cc1cc(C)c(C#N)c(SCC(=O)c2sc3c(C#N)c(C)cc(C)[n+]3c2O)n1
mol_4714,CCCCCCCCCC1C(C)c2c([nH]c3ccccc23)C2C(=O)N(c3ccccc3)C(=O)C21
mol_4715,COc1ccccc1C=C(C#N)C(=O)O
mol_4716,Sc1cnnc2ccccc12
mol_4717,COc1cc2c(cc1OC)CN1CCc3cc(OC)c(OC)cc3C1C2
mol_4718,CC(=O)C(=CN1C(=O)CC(=O)NC1=S)C(=O)Nc1ccccc1C
mol_4719,CN(C)C(=S)N1C(=S)N(c2ccccc2)C(=Nc2ccccc2)C1=Nc1ccccc1
mol_4720,Nc1ccc(N=O)c(N)n1
mol_4721,O=C1CSC(=O)N1
mol_4722,O=C1CC(c2ccc(O)cc2)C2(O1)C(=O)OC1C(O)COC12O
mol_4723,Nc1ccc2nc(-c3ccccn3)c(-c3ccccn3)nc2c1
mol_4724,COC1CC2C3CCC(C(C)CO)C3(C)CCC2C2(C)CCC3CC312
mol_4725,Cc1nc2cccc(F)c2c(=O)n1-c1nnc(C2CC2)s1
mol_4726,Cc1cc2[nH]c3c(C#N)c4c(c(=O)n3c2cc1C)CCCC4
mol_4727,CC(CO)CS(=O)(=O)O
mol_4728,O=C(Nc1ccccc1)C(=O)C(C(=O)c1ccccc1F)C1OC(=O)c2ccccc21
mol_4729,NN=C1CCCc2c1no[n+]2[O-]
mol_4730,c1cc(SSc2ccncc2)ccn1
mol_4731,CCOC(=O)CCC(NC(=O)c1nc[nH]c1[N+](=O)[O-])C(=O)OCC
mol_4732,CC=C(C)C(=O)OC1c2c(C)coc2CC2CCC(O)C(C)C21C
mol_4733,COC(=O)C1=C2Nc3ccccc3C23CCN(Cc2ccccc2)C3CC1C(O)CO.Cl
mol_4734,N=C(CN1CCCCC1)N1CCCCC1
mol_4735,CNc1c(Cl)cc(C=C2C=Cc3ccccc32)cc1Cl
mol_4736,COc1ccc(C(O)CC(O)(C(F)(F)F)C(F)(F)F)cc1
mol_4737,COc1ccc(Cn2nc(OCc3ccccn3)c3cc([N+](=O)[O-])ccc32)cc1
mol_4738,CC(=O)Nc1ccc(-c2nnc(SCC(=O)Nc3ccccc3)o2)cc1
mol_4739,CCN(C(=O)c1ccccc1C)C(c1ccccc1)P(=O)(c1ccccc1)c1ccccc1
mol_4740,CS1(C)=NC(=O)c2cc([N+](=O)[O-])ccc2N=1
mol_4741,CC(=C(c1ccccc1)c1ccccc1)N1C(=O)CC(=O)N1C
mol_4742,O=C1NC(Cc2ccc(O)cc2)C(=O)NC1Cc1ccc(O)cc1
mol_4743,Cc1ccc(S(=O)(=O)C2=c3ncccc3=C3C(=O)c4ccccc4C(=O)C32)cc1
mol_4744,C=C(CN(C)C)C(=O)c1ccc2c(c1)OCO2
mol_4745,CC1(c2ccccc2)CC(c2cccc([N+](=O)[O-])c2)=NO1
mol_4746,N#Cc1cc2ccncc2c2ccccc12
mol_4747,Cn1c2ccccc2c2nnc(NN=Cc3cccnc3)nc21
mol_4748,C=CCC12C=C(OC)C(O)C(OC)(C(c3cc(OC)c4c(c3)OCO4)C1C)C2OC(C)=O
mol_4749,CCCC[Sn]1(CCCC)OC(=O)c2cccnc2S1
mol_4750,COc1ccc2nc(-c3ccccc3)c(O)nc2c1
mol_4751,C(=CNc1ccc(Oc2ccccc2)cc1)C=Nc1ccc(Oc2ccccc2)cc1
mol_4752,O=C1CSC(c2c[nH]c3ccccc23)N1c1ccc(Cl)cc1
mol_4753,COc1ccc(C=C2CCc3cc(OC)c(OC)cc3C2=O)cc1
mol_4754,COC(=O)C1(CCC(=O)N(C)c2ccccc2)NNC2C(=O)N(c3ccccc3)C(=O)C21
mol_4755,CC(C)=CCCC(C)c1c2nc3ccccc3sc-2c(C)c(=O)c1O
mol_4756,COc1ccc2c3c1C(=O)CCCC3CO2
mol_4757,O=c1oc2cc(O)ccc2c(O)c1C(c1ccc(C=Cc2ccccc2)cc1)c1c(O)c2ccc(O)cc2oc1=O
mol_4758,CN(C)c1ccc(C=C2C=Cc3ccccc32)c(F)c1
mol_4759,COc1ccc(C(=O)C#Cc2cnc(OC)nc2OC)cc1
mol_4760,Cn1c(=O)c2c([nH]c(=O)n2C)n(C)c1=O
mol_4761,O=C1CCCCCCCCCCCC(=O)OCCO1
mol_4762,CCOC(=O)Nc1ccc2[nH]c(-c3cscn3)nc2c1
mol_4763,O=C(C=Cc1ccccc1)C=NN1C(=S)N(c2ccccc2)C(=Nc2ccccc2)C1=Nc1ccccc1
mol_4764,Nc1ncc(C=O)c(NCC2(CO)CCC2)n1
mol_4765,CC1=C(C(=O)Nc2c(C)cccc2C)C(c2ccc3c(c2)OCO3)C(C(=O)Nc2c(C)cccc2C)=C(C)N1
mol_4766,CC(=O)c1cccc(NC2C(N)C(NC(=O)N(C)C)(C(C)O)C(C)(O)C2(O)COC(=O)c2c(C)cccc2O)c1
mol_4767,O=P1(NCCCl)OCCCN1CCCl
mol_4768,c1ccc2c(N3CC3)nncc2c1
mol_4769,Cc1cc(Cl)ccc1NC(=O)C1C(=O)N(c2ccc(Cl)cc2C)C(=O)C1=NN
mol_4770,C[P+](Cc1ccccc1)(c1ccccc1)c1ccccc1.[Br-]
mol_4771,O=S(O)CCCCCSSc1ccccc1.[NaH]
mol_4772,Nc1c(S(=O)(=O)O)cc(S(=O)(=O)O)c2ccc(N=Nc3ccc(C=Cc4ccc(N=Nc5ccc6c(S(=O)(=O)O)cc(S(=O)(=O)O)c(N)c6c5O)cc4S(=O)(=O)O)c(S(=O)(=O)O)c3)c(O)c12.[NaH]
mol_4773,CCCCCCCCCOC(=S)NCCCCC
mol_4774,O=C1NC2CCCCCC2C12CCCCC2
mol_4775,CC1=NN(C(=O)c2ccc(O)cc2)C(=O)C1N=Nc1ccccc1C(=O)O
mol_4776,COc1cc2cc[n+](C)c(Cc3ccccc3)c2cc1OC
mol_4777,CCOC(=O)c1nc2ccccc2nc1Oc1ccc(F)cc1
mol_4778,COC(=O)CC1(C)C(O)C2OC(C)(C)OC2C1O
mol_4779,CC1(c2ccc3ccccc3c2)OC(=O)c2cccc(F)c21
mol_4780,COC(OC)(c1ccccc1)C(Br)Br
mol_4781,COc1ccc(-n2cnnc2-c2nsc3ccccc23)cc1
mol_4782,C=C(c1cc(C(=O)OC)c(OC)c(Br)c1C)c1cc(C(=O)OC)c(OC)c(Br)c1C
mol_4783,CC(OC(C)(C)C)C(NC(=O)C(Cc1ccccc1)NC(=O)C(NC(=O)C(CCCCNC(=O)OC(C)(C)C)NC(=O)C(Cc1c[nH]c2ccccc12)C(=O)NC(Cc1ccccc1)NC(=O)C(Cc1ccccc1)NC(=O)C(CC(N)=O)NC(=O)C(N)CCCCNC(=O)OC(C)(C)C)C(C)OC(C)(C)C)C(=O)NC(COC(C)(C)C)C(=O)NC(CSC(C)(C)C)C(=O)OC(C)(C)C
mol_4784,COc1cccc2c1OC(=O)C(S(=O)(=O)c1ccccc1)C2
mol_4785,Cl[Sn](Cl)(C12C3=C4C5=C1[Fe]45321678C2=C1C6C7=C28)C12C3=C4C5=C1[Fe]45321678C2=C1C6C7=C28
mol_4786,Cc1nn2cnnc2s1
mol_4787,CC(NC(=O)C(CCCCN)NC(=O)C(N)CC(=O)O)C(=O)NC(CO)C(=O)NC(Cc1ccc(O)cc1)C(=O)NC(CO)C(=O)NC(C(=O)NC(CC(N)=O)C(=O)NC(Cc1cnc[nH]1)C(=O)O)C(C)O
mol_4788,CC(C)CC1C(=O)NCCC(NC(=O)C(Cc2ccc(OC(C)(C)C)cc2)NC(=O)OC(C)(C)C)C(=O)NC(Cc2ccccc2)C(=O)NC(Cc2ccccc2)NC1=O
mol_4789,N#CC(C#N)=CNC(=S)Nc1ccc(S(=O)(=O)Nc2nccs2)cc1
mol_4790,ONC1=Nc2ccccc2C(=S)N2CSCC12
mol_4791,CC(C(=O)O)n1[se]c2ccccc2c1=O
mol_4792,O=C(Nc1ccc(C2=NCCN2)cc1)Nc1cccc(C(=O)Nc2ccc(C3=NCCN3)cc2)c1
mol_4793,Cc1noc2cccc(O)c12
mol_4794,Cc1nn(C(=O)c2ccc(Cl)cc2)c2c1C(c1ccc(O)cc1)SC(=N)N2
mol_4795,CC1C=CC2COC(=O)C2=CC1c1ccccc1
mol_4796,O=C1C(=O)C(Br)(Br)C(Br)=C1Br
mol_4797,CC1OC(n2cnc3c(N)nc(Cl)nc32)C(C)(O)C1O
mol_4798,CSc1nc(O)c(N=CC=Nc2c(O)nc(SC)nc2NC2OC(COC(C)=O)C(OC(C)=O)C(OC(C)=O)C2OC(C)=O)c(NC2OC(COC(C)=O)C(OC(C)=O)C(OC(C)=O)C2OC(C)=O)n1
mol_4799,CCCCCCCCCCCCCCCCCCOCC(CCP(=O)(CP(=O)(O)O)Oc1ccccc1)OCCCCCCCCCCCCCCCCCC
mol_4800,CC(=CCS(=O)(=O)CCNC(=N)N)CCC=C(C)CCC1(C)C(C)=CCCC1C
mol_4801,Cc1n[nH]c(=S)n1NC=O
mol_4802,COC(=O)C1(OC(=O)Sc2ccccc2)CCN(C)CC1
mol_4803,O=C1C=C(Nc2ccc(Cl)cc2Cl)C(=O)C=C1Nc1ccc(Cl)cc1Cl
mol_4804,CC(=O)OC1OC(C2c3cccc(O)c3C(=O)c3c(O)cc(CO)cc32)C(O)C(O)C1O
mol_4805,CC12CN3CC(C)(C1=O)C(=O)C(C)(C3)C2=O
mol_4806,O=c1c2nn3c(=O)n(-c4ccc(Cl)cc4)c(=O)c3nn2c(=O)n1-c1ccc(Cl)cc1
mol_4807,CC1=CCC2(C#N)CCC1C2=O
mol_4808,COc1ccccc1NC(=O)CC(=O)N1N=C(C)C(N=Nc2ccc(C(=O)O)cc2)C1=O
mol_4809,COc1ccc2c(c1)C(=O)N1CCOC1C2C(=O)O
mol_4810,CCOC(=O)OC(=S)N(C1CCCCC1)C1CCCCC1
mol_4811,Nc1c(-c2nc3ccccc3[nH]2)sc(=S)n1-c1ccccc1
mol_4812,COC1OC2COc3ccccc3OC2C(NC#N)C1OC
mol_4813,CCCCCCCCCCCCCCCCCCSCC12c3ccccc3C(c3ccccc31)C(COS(=O)(=O)O)C2COS(=O)(=O)O.[NaH]
mol_4814,CN(C)CCOc1ccc(-c2c(Oc3ccc(Cl)cc3)c(=O)oc3ccccc23)cc1
mol_4815,Cc1ccc2nc(NC(=O)C(=O)CC(=O)c3cccc4ccccc34)sc2c1
mol_4816,CCN(CC)C(=S)SC1C(=O)NC(=O)NC1=O
mol_4817,CCOC(=O)c1c(NNc2ccccc2)nc2ccccc2c1-c1ccccc1
mol_4818,COc1ccc(OC)c2c3c(ccc12)C1(CCc2c(C)cccc21)OC3=O
mol_4819,CC1(C)CCCCCC(C)(CCCO)C1=O
mol_4820,OC12CCCCC1CCC2
mol_4821,Cc1c2ccccc2n[c-](CSCCO)[n+]1=O
mol_4822,COC(=O)C1=C(c2ccccc2)ON2C(C)(C)COC12C
mol_4823,N#CCCN(CCC#N)c1ccc(C=C2SC(=S)NC2=O)cc1
mol_4824,O=C1Oc2ccccc2C2C1C1C(=O)Oc3ccccc3C12
mol_4825,CC(=O)OCC1CC(n2cc(C)c(=O)[nH]c2=O)=NO1
mol_4826,COC1OC(C(=O)O)C2OC(C)(C)OC12
mol_4827,CS(=O)(=O)OCCN(CCOS(C)(=O)=O)c1ccc(C=O)cc1
mol_4828,CCCn1c2ccccc2c2ccc3c(c21)C(=O)C=CC3=O
mol_4829,COC1C=COC2(C)Oc3c(C)c(O)c4c(O)c(c(C=NN5C(C)CN(Cc6cccc(C#N)c6)CC5C)c(O)c4c3C2=O)NC(=O)C(C)=CC=CC(C)C(O)C(C)C(O)C(C)C(OC(C)=O)C1C
mol_4830,CCOC(=O)c1oc2cc3c(c4c2c1c1ccccc1n4C)C=CC(C)(C)O3
mol_4831,O=[N+]([O-])c1ccc(SSc2ccc([N+](=O)[O-])cc2)cc1
mol_4832,Cc1cc2c(=O)c3ccc(Cl)cc3[nH]c2c(C(=O)O)c1C
mol_4833,COc1ccc2c(c1)CCC1=C2CC(=O)N2CCCCN12
mol_4834,CC[N+]1(C)CCC(O)(c2ccccc2)C(C(=O)c2ccccc2)C1.[Br-]
mol_4835,COC(=O)NCC1OCc2cc3c(cc2C12C=CCCC2)OCO3
mol_4836,Clc1ccc(CSc2ccc3nncc(SCc4ccc(Cl)cc4)c3c2)cc1
mol_4837,OCC1CC2Cc3ccccc3N2N1
mol_4838,COc1cccc2c1[OH+][Zn-2]1(O)[O+]=C(N)[N-][N+]1=C2
mol_4839,O=C1C(=Cc2ccccc2)CN(C(=O)Oc2ccc(Cl)cc2)CC1=Cc1ccccc1
mol_4840,O=[n+]1onc2c3nn(-c4ccccc4)nc3cc[c-]21
mol_4841,Nc1ccc(-c2nc3ccccc3s2)cc1S(=O)(=O)O
mol_4842,O=C(O)C1CSC(c2ccccc2Cl)N1
mol_4843,CCOC(=O)C1CSC(=N)N1C(C)=O
mol_4844,OCc1nnn(-c2ccccc2)c1CO
mol_4845,CC1=NN(c2ccccc2)C(=O)C1=C1SCCCS1
mol_4846,COc1ccc2nc3ccccc3c(NCCCN(CCCl)CCCl)c2c1.Cl
mol_4847,CC(=O)Nc1ccc(S(=O)(=O)N=C(C2CCCC2)N2CCCC2)cc1
mol_4848,COC1C(NC(=O)OC(C)(C)C)C(=O)N1Cc1ccccc1
mol_4849,CC1CC(C)(C)OB(OC(C)CC(C)(C)OB2OC(C)CC(C)(C)O2)O1
mol_4850,CCOC(=O)C(C#N)=NNc1ccc(-n2c(C)nc3ccc(Br)cc3c2=O)cc1
mol_4851,Oc1ccc(C(=C(Br)c2ccccc2)c2ccc(O)cc2)cc1
mol_4852,CCCCCCCCCCCCC(C(=O)O)C(=O)O
mol_4853,CCC12C=CCN3CCC4(C(=C(C(=O)OC)C1Nc1ncnc5c1ncn5C1OC(COC(C)=O)C(OC(C)=O)C1OC(C)=O)Nc1ccccc14)C32
mol_4854,CN1CNC2C(=O)CCC2c2ccccc21
mol_4855,Cc1ccc(S(=O)(=O)NCC2CCCCC2=O)cc1
mol_4856,N#Cc1ccccc1NC(=O)C(=O)C(C(=O)c1ccncc1)C1OC(=O)c2ccccc21
mol_4857,O=[N+]([O-])c1ccccc1S(=O)(=O)Cc1ccccc1
mol_4858,O=C1C2ON=C(c3ccccc3Br)C2C(=O)N1c1ccc(Cc2ccc(N3C(=O)C4ON=C(c5ccccc5Br)C4C3=O)cc2)cc1
mol_4859,CN(C)C(=O)N1CC[N+](C)([O-])CC1
mol_4860,COc1ccccc1OCC(COC(=O)Nc1ccc(C)cc1)OC(=O)Nc1ccc(C)cc1
mol_4861,Cc1cccc(C2SCc3nc4ccccc4n32)c1
mol_4862,O=C(NO)C(=O)Nc1ccc(Cl)cc1[N+](=O)[O-]
mol_4863,COc1ccc(CC2COC(=O)C2Cc2cc(OC)c(O)c(OC)c2)cc1OC
mol_4864,CC(C)(CN1CCCCC1)C(=O)C=Cc1ccc(Cl)cc1.Cl
mol_4865,COC1OC2CCN(C(=O)OCc3ccccc3)C2C1OCc1ccccc1
mol_4866,CC1(C)CC2C(C1=O)C1(C)CCCC2(C)C1=O
mol_4867,CC(C)CCCC(C)C1CCC2C3CCC4CC(CCC=C(c5cc(Cl)c(OCc6cccc(B7OC(C)(C)C(C)(C)O7)c6)c(C(=O)OCc6cccc(B7OC(C)(C)C(C)(C)O7)c6)c5)c5cc(Cl)c(OCc6cccc(B7OC(C)(C)C(C)(C)O7)c6)c(C(=O)OCc6cccc(B7OC(C)(C)C(C)(C)O7)c6)c5)CCC4(C)C3CCC12C
mol_4868,O=C1C(C(O)(C(F)(F)Cl)C(F)(F)Cl)CCCC1C(O)(C(F)(F)Cl)C(F)(F)Cl
mol_4869,Cc1ccc2c(c1C)CC1(Cc3c(ccc4c3CCC4)C1=O)C2=O
mol_4870,C=C(C)CCCC(C)C1CCC2(C)C3CCC4C(C)(C)C(O)CCC45CC35CCC12C
mol_4871,O=C(O)CCCC#CCCCC(=O)O
mol_4872,C=C1C(=O)OC2CC(C)C3C(OC(C)=O)CC(OC(C)=O)C3(C)CC12
mol_4873,CCC=C1N=C(c2ccc(Cl)cc2)OC1=O
mol_4874,CN(C)NC(=S)C(F)(F)C(F)(F)F
mol_4875,COC(=O)C(C(=O)C(=O)NC1=C(Cl)C(=O)c2ccccc2C1=O)c1csc(-n2nc(-c3ccccc3)cc2-c2ccccc2)n1
mol_4876,CCOC(=O)C=CC1OC(C)(C)OC1C=CC(=O)OCC
mol_4877,S=C(Oc1ccccc1)SSC(=S)Oc1ccccc1
mol_4878,N#CC(C(=O)C(=O)Nc1ccc(Cl)c(Cl)c1)c1ccc(Cl)cc1
mol_4879,CCN(CC)CCNc1ccc(CO)c2oc3ccccc3c(=O)c12
mol_4880,C=CCOc1ccc(C(N=Nc2ccccc2)=NNC(=O)c2ccccc2)cc1OC
mol_4881,CCCCc1ccc(C(=O)O)nc1
mol_4882,CCOc1ccc(C=NNC(=O)C(=O)NN=Cc2ccc(OCC)c(OCC)c2)cc1OCC
mol_4883,O=C1C2=C(c3ccccc31)C(c1ccccc1Cl)N1C(=O)CSC1=N2
mol_4884,CS(=O)(=O)OCC(CCl)(CCl)CCl
mol_4885,CCN(CC)CC.O=C(Nc1ccc(Cl)cc1)P(=O)(O)c1ccccc1
mol_4886,CCC1CN2CCc3c([nH]c4ccccc34)C2CC1CC(=O)N(C)C
mol_4887,CC(=O)c1cc(-c2ccccn2)c(=O)n2ccccc12
mol_4888,O=C1C(=Cc2ccccc2Cl)COc2ccc(Br)cc21
mol_4889,N=c1nc2[nH][nH]c(=N)n2c(=N)[nH]1
mol_4890,CCOC(=O)C=CSCC(N)C(=O)O
mol_4891,Nc1ccccc1SSc1ccccc1C(=O)O
mol_4892,CCOC(=O)CCC(NC(=O)c1ccc(N2CCN(c3c(C)nc(N)nc3N)CC2)cc1)C(=O)OCC
mol_4893,CC1=CC2C(C=C1)S(=O)(=O)N1CC21c1ccccc1
mol_4894,O=C(NCCNCCCNC(=O)c1cc(-c2ccccc2)nc2ccccc12)c1cccc(OCc2ccccc2)c1OCc1ccccc1
mol_4895,COC(=O)CCC1(CCC(=O)OC)CCCCCCC(CCC(=O)OC)(CCC(=O)OC)C(=O)C1=O
mol_4896,CC(=O)OCCn1c(Cc2ccc(Cl)cc2)nn(C(C)=O)c1=O
mol_4897,O=C(CC(C(=O)c1cccs1)c1ccsc1)c1ccsc1
mol_4898,CC1(C)CC(=O)C2=C(C1)Nc1ccc(Cl)cc1NC2c1ccccc1
mol_4899,O=c1ccc2c(ccc3ncccc32)o1
mol_4900,CSC1=Nc2ccccc2N=C(c2ccccc2)C1
mol_4901,Cc1c(C)n(COCCO)c2ncnc(N)c12
mol_4902,COc1cc2c(c(O)c1OC)C(=O)C1CCC(=O)N1C2c1ccccc1
mol_4903,CC#[N+][Rh+2]1234[O+]=C5OCC(C(=O)OC)[NH+]5[Rh+2]1([N+]#CC)([O+]=C1OCC(C(=O)OC)[NH+]12)([O+]=C1OCC(C(=O)OC)[NH+]13)[NH+]1C(=[O+]4)OCC1C(=O)OC
mol_4904,COC(=O)C1=C(C(=O)OC)N(c2ccncc2)C(c2ccco2)=CC1c1ccccc1[N+](=O)[O-]
mol_4905,CCOC(=O)C(=Cc1cn(C(C)=O)c2ccccc12)P(=O)(OC)OC
mol_4906,O=S(=O)(O)SCCCNCCCCCCNCCCSS(=O)(=O)O
mol_4907,CC1=C2C(=O)c3ccccc3C2=C(C)S(=O)(=O)O1
mol_4908,c1ccc(SCc2ccc3c(c2)OCO3)cc1
mol_4909,O=C1c2cccc3cccc(c23)C(=O)N1Cc1ccccc1
mol_4910,CC(=O)OCC1OC(n2c(C)cc(C)c(C#N)c2=S)C(OC(C)=O)C(OC(C)=O)C1OC(C)=O
mol_4911,NC(=S)NN=CNN=CNNC(N)=S
mol_4912,CCOC1=C2C(C)(CCC3C4(C)C=CC(=O)C(C)(C)C4CC(O)C23C)C(c2ccoc2)C1=O
mol_4913,Cc1cn(C2CCC(COP(=O)(OCC(=O)C(C)(C)C)OCC(=O)C(C)(C)C)O2)c(=O)[nH]c1=O
mol_4914,CSc1nc(C)c2c(n1)SCC2
mol_4915,O=C(NN=Cc1ccco1)c1cccnc1
mol_4916,COc1ccc2c(c1)C=CC1OC(C(C)=O)(C(C)=O)C(C=O)=CN21
mol_4917,N#CCCCCn1cnc2c(N)ncnc21
mol_4918,O=c1[nH]c2nccn2c(Cl)c1Br
mol_4919,COc1ccc(S(=O)(=O)NN=C(C)CN2C(=O)c3ccccc3C2=O)cc1OC
mol_4920,Cc1c(N)c(C#N)c2n(C)c3ncccc3n2c1=O
mol_4921,CCCCCCSSCCCCCC
mol_4922,COC1(OC)NC(=N)C2(C#N)C(c3ccccc3)NC3=C(CCC3)C12C#N
mol_4923,COP(=O)(OC)C(NC(=O)C(F)(F)F)(c1ccccc1)C(F)(F)F
mol_4924,CC1=C(C(=O)Nc2ccccc2)C(c2cc(Cl)cc(Cl)c2)C(C(=O)Nc2ccccc2)=C(C)N1
mol_4925,CCC(=O)NC1Cc2cc(C)cc(C)c21
mol_4926,c1ccc(N=c2sc3ccccc3nc2Nc2ccccc2)cc1
mol_4927,CC(O)C1OC(n2ccc(=O)[nH]c2=O)CC1n1cncn1
mol_4928,CC(=O)Nc1ccc(-c2nnc(SCC(=O)Nc3ccc(C)cc3)o2)cc1
mol_4929,c1ccc(-c2cc(-c3ccccc3)nc(-c3ccncc3)c2)cc1
mol_4930,C[c-]1c(C=NNS(=O)(=O)c2ccccc2)no[n+]1=O
mol_4931,NC(=S)C(=S)NC=C1C(=O)Oc2ccccc2C1=O
mol_4932,CCC[CH-][Ge]([CH-]CCC)([CH-]CCC)[OH+]C(=O)CNC(=O)c1ccccc1
mol_4933,CC1=CC(C)(C)Nc2ccccc2N1
mol_4934,N=C1C(=Cc2ccccc2)C(=O)N=C2SC=NN12
mol_4935,C1=CSSC=CSS1
mol_4936,CC(=O)Nc1ccc(-c2nnc(SCC(=O)Nc3ccc(Cl)cc3)o2)cc1
mol_4937,CC1(C)Oc2ccc3ccc(=S)oc3c2C(OC(=O)C23CCC(C)(C(=O)O2)C3(C)C)C1OC(=O)C12CCC(C)(C(=O)O1)C2(C)C
mol_4938,CCOC(=O)C1=NN(c2ccccc2)C(=O)C1=CNC(=S)NCc1ccccc1
mol_4939,c1cc2c(ncc3cscc32)s1
mol_4940,O=C(C=Cc1ccccc1O)c1cccc(O)c1
mol_4941,CC1=C(C(=O)NC(Cc2ccccc2)C(=O)O)N2C(=O)C(NC(=O)C(N)CC(C)C)C2SC1
mol_4942,[C-]#[N+]CS(=O)(=O)c1ccc(C)cc1
mol_4943,Clc1cc(Cl)c2nncc(N3CC3)c2c1
mol_4944,CC(=O)N1CCc2[nH]c3ccccc3c2CC1
mol_4945,CCC1C(C#N)=C(O)NC(O)=C1C#N
mol_4946,O=C(NN=Cc1cccc2ccccc12)c1cccnc1
mol_4947,CCCCCCCCCCCCCCCC(=O)Nc1nc(=O)n(C2CCC(COP(=O)(O)OCC3OC(n4cc(C)c(=O)[nH]c4=O)CC3N=[N+]=[N-])O2)cc1C
mol_4948,Cc1nc(NS(=O)(=O)c2ccc(N)cc2)oc1C
mol_4949,Cc1ccc2c(c1)C(O)(c1ccccc1)C(c1ccccc1)C(c1ccccc1)O2
mol_4950,CC1CC[P+](c2ccccc2)(c2ccccc2)c2ccccc21.F[P-](F)(F)(F)(F)F
mol_4951,CCN(CC)c1ccc(N=Nc2ccc(-c3nc4cccnc4o3)cc2)cc1
mol_4952,O=c1c2[nH]c3cccc(Cl)c3c2cnn1-c1ccc(F)cc1
mol_4953,COc1nc2c(c(O)c(C)c(=O)n2OC2OCC(OC(C)=O)C(OC(C)=O)C2OC(C)=O)c(=O)n1C
mol_4954,Cc1ccc(S(=O)(=O)OC2C(O)C(CO)OC2n2c(Br)c(C(N)=O)c3c(N)ncnc32)cc1
mol_4955,CCN(CC)c1ccc2c(c1)Oc1cc(N(CC)CC)ccc1C21c2ccccc2C(=O)N1c1ccccc1
mol_4956,O=C(CN1CCN(Cc2ccccc2)CC1)c1ccc2[nH]c(=O)oc2c1
mol_4957,O=C1C(O)=C(C(C2=C(O)C(=O)c3ccccc3C2=O)c2ccccc2)C(=O)c2ccccc21
mol_4958,Cc1cc(Br)cc(C)c1NC(=O)C(=O)C(C(=O)c1ccc2ccccc2c1)C1OC(=O)c2ccccc21
mol_4959,Nc1ncnc2c1nnn2C1C=CC(COS(N)(=O)=O)C1
mol_4960,CC(=O)Nc1ncc2ccccc2c1-c1ccc(NC(=O)CN(CCO)CCO)cc1
mol_4961,CCOC(=O)C(=Cc1cccc(Cl)c1)C(C)=O
mol_4962,CC(C)(C)c1ccc(-n2c3nc(=O)n(-c4ccccc4CO)c(=O)c-3cc3ccccc32)cc1
mol_4963,CC(C)(C)C(=O)C(N)C(=O)C(C)(C)C
mol_4964,O=S1(=O)CCCS(=O)(=O)C(c2ccccc2)=C1c1ccccc1
mol_4965,CN(C)CN1C(=O)SC(=C2C(=O)N(C)c3ccc(Br)cc32)C1=O
mol_4966,O=C(c1ccccc1)c1c(-c2ccccc2)sc2nc3ccccc3nc12
mol_4967,COc1cc2c(c3c1C=CCO3)C(=O)c1ccccc1C2=O
mol_4968,O=C1c2c(ccc3c2CCCC3)CC1Cc1ccc2c(c1)CCCC2
mol_4969,Cc1cc2c(cc1C)NC(=O)C(NC(=O)c1ccc(Cl)cc1)C=N2
mol_4970,CCN(CC)C(=O)C1=C(C)NC(C)=C(C(=O)N(CC)CC)C1
mol_4971,N.O=C(O)c1ccccc1O
mol_4972,CN1CN(c2ccccc2)C2(CCN(CC(C)(c3ccc(F)cc3)C3OCCCO3)CC2)C1=O
mol_4973,CCCCCCCCNC(=O)C(=Cc1ccc2c(c1)OCO2)NC(=O)c1ccccc1
mol_4974,COc1ccc(C(C#N)=Cc2cc(OC)c(OC)c(OC)c2)cc1
mol_4975,O=C(C=Cc1ccccc1Cl)c1ccccc1
mol_4976,CC(=O)C=CCCC1CCC(=O)C1(C)C(=O)OC(C)(C)C
mol_4977,O=C1CC(C(COCc2ccccc2)OCc2ccccc2)CC(=O)N1
mol_4978,CC(=O)OCC1OC(N2C(C)=C(C(C)=O)C(c3ccc(Cl)cc3)C(C#N)=C2S)C(OC(C)=O)C(OC(C)=O)C1OC(C)=O
mol_4979,CCCN(C(=O)c1ccccc1)C(C#N)c1ccc(C(C#N)N(CCC)C(=O)c2ccccc2)cc1
mol_4980,CCCSSC(CCO)=C(C)N(C=O)Cc1cnc(C)nc1N
mol_4981,CC(c1ccccc1)N1C(=O)C(OCc2ccccc2)C1C(COC(=O)COCc1ccccc1)OCc1ccccc1
mol_4982,O=C1Nc2ccccc2N2C(=O)CCC12
mol_4983,CCn1c(=O)c2c3ccc(OC)cc3[nH]c2c2ccc(OC)cc21
mol_4984,COc1cc2c(cc1OC)Cc1cc(OC)c(OC)cc1Cc1cc(OC)c(OC)cc1C2
mol_4985,COc1cc(-c2c(C)c(C)nc(OC)c2C#N)cc(OC)c1OC
mol_4986,CC1(C)C=Cc2c(ccc3c(=O)c(-c4ccccc4)coc23)O1
mol_4987,CC(=CC(=O)OCCCCCCCC(=O)NC1CCCNC1=O)CC1OCC(CC=CC(C)C(C)O)C(O)C1O
mol_4988,Cc1c2ccccc2n[c-](CS(=O)(=O)c2ccccc2)[n+]1=O
mol_4989,Cc1cc(C)c(S(=O)(=O)ONC(=O)OC(C)(C)C)c(C)c1
mol_4990,COc1ccc(C2(CC(C)O)SCCCS2)cc1
mol_4991,CCCCOP(=S)(OCCCC)SC1(SC)SSC=C1CC(C)(C)C
mol_4992,CN(C)COC(=S)SC(=O)OCCCl
mol_4993,CC1=C2c3ccccc3N(C(=O)C=CC(=O)O)C2C2C(=O)OC(=O)C2C1
mol_4994,Clc1ccc(-n2cccc2)cc1
mol_4995,COc1cc(C=Cc2nc(NC(=S)Nc3ccccc3)nnc2C)cc(OC)c1OC
mol_4996,O=C(C=Cc1ccc(OCCSCCCCCCCCCCSCCOc2ccc(C=CC(=O)c3ccc(Cl)cc3)cc2)cc1)c1ccc(Cl)cc1
mol_4997,FC(F)(F)c1ccc2nc(NCc3ccccc3)c(-c3ccccc3)nc2c1
mol_4998,c1ccc(P(=C2c3ccccc3-c3ccccc32)(c2ccccc2)c2ccccc2)cc1
mol_4999,Cc1ccc(Oc2ccc(C)cc2[N+](=O)[O-])cc1
mol_5000,CCCCCCCCCCOc1cc2c(O)c(C(=O)OCC)cnc2cc1OCC
mol_5001,Cc1c(CN2CCCC2)c(O)c2c(=O)c3c(O)c(CN4CCCC4)c(O)c4c5c(O)c(CN6CCCC6)c(O)c6c(=O)c7c(O)c(CN8CCCC8)c(C)c8c1c2c(c34)c(c78)c65
mol_5002,NCCCN(CCCCN(CCCN)C(=O)OCc1ccccc1)C(=O)OCc1ccccc1
mol_5003,CC(=O)CSc1c(-c2ccccc2)c(=O)n(-c2ccccc2)c(=S)n1-c1ccccc1
mol_5004,O=C1C2CCCCC2C(=O)N1n1c(Cc2ccc(Cl)cc2)n[nH]c1=O
mol_5005,CN1NC(c2ccccc2)=C(C#N)C(=O)CC1c1ccccc1
mol_5006,Clc1cccc2nn3ccnc3n12
mol_5007,COc1cc2c(c(OC)c1OC)C(=O)CC2N.Cl
mol_5008,Nc1ncnc(N)c1N=O
mol_5009,Cc1cc(NC(=O)c2ccc(N=Nc3cc(S(=O)(=O)O)c4ccccc4c3O)cc2)ccc1N=Nc1ccc2cc(S(=O)(=O)O)cc(S(=O)(=O)O)c2c1
mol_5010,O=C(O)c1c(O)ccc(N=Nc2ccc(CCc3ccc(N=Nc4ccc(O)c(C(=O)O)c4O)cc3S(=O)(=O)O)c(S(=O)(=O)O)c2)c1O.[NaH]
mol_5011,OC(C1CO1)C(O)C1CO1
mol_5012,COC(=O)C1(Cc2ccccc2)N=C(c2ccccc2)OO1
mol_5013,Cc1ccc(C(=O)O)c(C=C2Cc3cc(C)cc(C)c3C2=O)c1
mol_5014,CCSc1[nH]c(NC(=S)NC(=O)c2ccccc2Cl)c(C(N)=O)c1C(N)=O
mol_5015,CSC(=C(S)c1ccccc1)c1ccccc1
mol_5016,COCc1cc(=O)oc2c3c(c4c(c12)OC(C)(C)C=C4)OC(C)C(C)C3O
mol_5017,O=C(CCc1ccccc1)ON1C(=S)C(c2ccccc2)(c2ccccc2)N=C1Sc1ccccc1
mol_5018,COc1cccc(NC(=S)Nn2c(C)nc3ccccc3c2=O)c1
mol_5019,CCOc1cccc(C=Nc2ccccc2SSc2ccccc2N=Cc2cccc(OCC)c2O)c1O
mol_5020,COc1cc(CO)c(CC(=O)NCCCc2ccccc2)cc1OC
mol_5021,CCOc1ccc(NC(=O)CC2SC(Nc3ccc(C)cc3C)=NC2=O)cc1
mol_5022,COC(=O)C(N)CSCc1ccccc1
mol_5023,CC(=NNC(=O)c1ccccc1Nc1ccccc1C(=O)NN=C(C)c1ccc(C)cc1)c1ccc(C)cc1
mol_5024,Cn1ccnc1CCc1ccc(F)cc1F
mol_5025,CCOCNC(=O)N(COCC)COCC
mol_5026,CSc1ccc(C=Cc2ccnc3ccccc23)cc1
mol_5027,CC(=O)C=Cc1ccc(C2CC(C)=Nc3c(ccc4c3C(=O)c3ccccc3C4=O)N2)cc1
mol_5028,CCCOC(=O)Nc1ccc2c(c1)c1c3[nH]c(=O)c4cccn4c3ccc1n2CC
mol_5029,Cl.N=C(N)SCc1ccc2c(c1)S(=O)(=O)c1ccccc1O2
mol_5030,C[N+](C)(C)CC(=O)NN=C(Cc1nc2ccc([N+](=O)[O-])cc2nc1O)C(=O)Nc1nc2ccc([N+](=O)[O-])cc2s1.[Cl-]
mol_5031,CC(=O)OC(OC(C)=O)c1ncccc1C(=O)OC(C)C
mol_5032,O=[N+]([O-])C(C=Nc1ccccc1)=CNc1ccccc1
mol_5033,O=c1c(Nc2ccccc2)cn(CCOc2ccccc2)c(=O)n1CCOc1ccccc1
mol_5034,CC1(C)CCc2ccc(OCCC#N)cc2O1
mol_5035,O=C(CSc1nnc(-c2ccc(N=Cc3ccc(Cl)cc3)cc2)o1)Nc1ccc([N+](=O)[O-])cc1
mol_5036,CN1CC2CC3=C(CCC45CC6C(C=C34)C63CCC4(CC67CCC8C9(C)CCCC8%10C(C6CC4CC7%10)N(C)C9)OC53)C(C)(C2)C1
mol_5037,CCOc1ccc(C(=O)C=C2Nc3ccccc3NC2=CC(=O)c2ccc(OCC)cc2)cc1
mol_5038,CCCN(CCC)CCc1cc(C(C)=O)n(S(=O)(=O)c2ccc(C)cc2)c1.Cl
mol_5039,COc1cc2c3c(c1OC)C(=NOS(=O)(=O)c1ccc(C)cc1)CC3N(S(=O)(=O)c1ccc(C)cc1)CC2
mol_5040,COc1ccc(-c2cc(=O)c3c(O)c(O)c(OC)cc3o2)cc1O
mol_5041,Cc1nc(N)c(N2CCN(S(=O)(=O)N(Cc3ccccc3)Cc3ccccc3)CC2)c(O)n1
mol_5042,O=[N+]([O-])c1ccc(-c2nc(O)c3cc(Cl)ccc3n2)cc1
mol_5043,CN(C)CCc1c2c(nc3ccccc13)C(=O)c1ccccc1C2=O
mol_5044,COC(=O)c1c2cccccc-2c(Cc2c3cccccc-3c(C(=O)OC)c2O)c1O
mol_5045,CC(=O)C=C1Nc2ccccc2N1
mol_5046,CC(=O)NC(=NN=C1C(=O)Nc2ccc(C)cc21)NC(C)=O
mol_5047,S=C1c2ccc(Cl)cc2-n2cnnc2C2CSCN12
mol_5048,COc1ccc(C(=O)Oc2c(C#N)sc3c2c(=O)n(-c2ccccc2)c(=S)n3-c2ccccc2)cc1
mol_5049,O=C1CCC2(c3ccc(F)cc3)Nc3ncccc3N12
mol_5050,COc1ccc(C2C3COC(=O)C3C(C#N)=C3Sc4ccccc4N32)cc1
mol_5051,CC1CCC(=Cc2ccc(F)cc2)C2=C1C(c1ccc(F)cc1)n1c(sc(=Cc3cccc(Br)c3)c1=O)=N2
mol_5052,CN(C)CCSc1nccc(-c2cc3ccccc3s2)n1
mol_5053,CCOC(=O)c1cn2ccccc2c(C(C)=O)c1=N
mol_5054,CN1CCN(C)P1c1ccccc1
mol_5055,CC1C=CC2(C)CCC(C(C)(C)O)C2C(O)CC(C)(O)C=CC1
mol_5056,Cc1ccc([N+](=O)[O-])cc1P(=O)(O)c1cc([N+](=O)[O-])ccc1C
mol_5057,O=C1c2cc(Cl)ccc2N=C(NC2CCCC2)C2CSCN12
mol_5058,CCN(CC)[N+]([O-])=NOCC(C)O
mol_5059,C=CCC(N)C(=O)N(C)C(C)C(O)c1ccccc1
mol_5060,CC(OC(=O)NCn1cc(-c2ccccc2)nn1)c1ccccc1
mol_5061,COc1cccc(C2c3cc4c(cc3OC(Nc3ccccc3)C2C)OCO4)c1O
mol_5062,NC(Cc1ccc[se]1)C(=O)O
mol_5063,COc1cc2c(c3c1C1Oc4cc(OCc5ccccc5)c(O)cc4C1C(C)(C)O3)CCC(C)(C)O2
mol_5064,CN1C(CC(O)c2ccccc2)CCCC1CC(O)(c1ccccc1)c1ccccc1.Cl
mol_5065,CC(=O)N(C(C)=O)c1c(C)cc(-c2ccccc2)oc1=O
mol_5066,CC(C)CS(=O)(=O)C(=C(c1ccc(Br)cc1)S(=O)(=O)CC(C)C)c1ccc(Br)cc1
mol_5067,CCCCn1c(C)c2c(c1C)C(=O)N(CCN1CCN(c3ccccc3Cl)CC1)C2=O
mol_5068,CC1(n2nc(-c3ccccc3)n(-c3ccccc3)c2=O)CSC1
mol_5069,COc1ccc(C2CC(c3c(O)ccc4ccccc34)=NN2)cc1OC
mol_5070,CN(N)c1cc(O)nc(O)n1
mol_5071,Cn1ccnc1C(c1nccn1C)C(C)(C)[N+](=O)[O-]
mol_5072,CC1CN=C(c2ccc(NC(=O)c3ccc(C(=O)Nc4ccc(C5=NCC(C)CN5)cc4)cc3)cc2)NC1
mol_5073,O=C1CC(C(=O)N2CCCCC2)n2c(=O)n(-c3ccccc3)c(=O)n2C1
mol_5074,O=C(Nc1cc(S(=O)(=O)O)cc2cc(S(=O)(=O)O)c(N=Nc3cc(Nc4nc(Cl)nc(Nc5ccc(S(=O)(=O)O)cc5)n4)ccc3S(=O)(=O)O)c(O)c12)c1ccccc1.[NaH]
mol_5075,Cc1nnc(N)nc1CC=CC(C)Sc1ccc(Cl)cc1
mol_5076,Nc1nc(N)c(-c2ccccc2)c(C(=O)Nc2ccccc2)n1
mol_5077,CN1CCC2(CC1)C(=O)N(Cc1ccccc1)C(=O)C2c1ccccc1
mol_5078,CC(=O)N(C(C)=O)c1ccc(-c2cccs2)oc1=O
mol_5079,CC(CC(=O)CCCC(=O)Nc1ccc(Cl)cc1Cl)=NNC(=O)CC#N
mol_5080,Fc1ccc(C2SCc3nc4ccccc4n32)c(F)c1
mol_5081,COc1ccc2c(c1)N(CC(C)CN(C)C)c1ccccc1S2
mol_5082,OCCSCc1cc2c(O)c(c1)Cc1cc(CSCCO)cc(c1O)Cc1cc(CSCCO)cc(c1O)Cc1cc(CSCCO)cc(c1O)C2
mol_5083,COc1nc2nc(C(O)C(O)CO)cnc2c(=O)n1C
mol_5084,COC(=O)c1cc(C(=O)OC)c2c3nc[nH]c3ncn2c1=O
mol_5085,CCn1c(=O)c(N=O)c(N)n(CC(C)C)c1=O
mol_5086,CCOC(=O)C1Cc2c(n(C3CCCCC3)c(=O)n(C)c2=O)OC1c1ccccc1
mol_5087,Nc1c(O)nc2c(c1N)CCC2
mol_5088,Cn1c(NN)nc2ccccc2c1=O
mol_5089,CCN(CC)c1cc(OCc2ccccc2)cc2c1C1COc3cc(OC)ccc3C1O2.Cl
mol_5090,c1cc(C2OC3CCCN3C2c2ccncc2)ccn1
mol_5091,CSc1nc(O)c(C#N)c(-c2ccc(Cl)cc2)n1
mol_5092,O=C(CCCC(CC(=O)c1ccc(Cl)cc1)=NNC(=O)c1cc2ccccc2cc1O)Nc1cccc([N+](=O)[O-])c1
mol_5093,Nc1nc(O)c2c(n1)Cc1c(O)nc(N)nc1C2
mol_5094,Cc1nc2ccc(S(=O)(=O)NS(=O)(=O)c3ccc(-c4ccccc4)cc3)cc2c(=O)n1NS(=O)(=O)c1ccc(-c2ccccc2)cc1
mol_5095,C=CCOc1ccccc1C1(O)c2ccccc2C2=NCCCN21.Cl
mol_5096,O=C(CC(=O)C1=CNc2ccccc2S1)C(=O)Nc1ccc(Cl)cc1
mol_5097,NNC(=O)CCc1c[nH]c2ccccc12
mol_5098,COc1ccc(C2=NN(C(=O)COc3ccc(Cl)cc3)C(O)(c3ccc(Cl)cc3)C2)cc1
mol_5099,O=S(=O)(c1ccccc1)N1CCC1c1ccccc1
mol_5100,COC(C(OC(=O)c1ccccc1)C(OC(=O)c1ccccc1)C(O)COC(=O)c1ccccc1)n1cc(C)c(=O)[nH]c1=O
mol_5101,COc1cc(C)c(C(=O)C=Cc2cc(OC)c(O)c(OC)c2)cc1O
mol_5102,CCOC(=O)CCC(NC(=O)c1ccc(Nc2nc3cc(C(F)(F)F)ccc3nc2C(=O)OCC)cc1)C(=O)OCC
mol_5103,COc1ccc2c(c1)CCC1C2CCC2(C)C(=NOCCN3CCCC3)CCC12.Cl
mol_5104,COc1cc(OC)c(C2=NOC(n3c4ccccc4c4ccccc43)C2)c(OC)c1
mol_5105,COC(=O)C1=COC(C)C2CN3CCC4(C(=O)Nc5ccccc54)C3CC12
mol_5106,Cc1cn(C2CC3C(COC(CC[Se]C#N)N3O)O2)c(=O)[nH]c1=O
mol_5107,COc1ccc(C(=O)CC(=O)c2ccc3ccccc3n2)c(O)c1OC
mol_5108,COc1nc(=O)cc(N)n1C1OC(CO)C(O)C1O
mol_5109,Cn1c(=O)c(CC(C(=O)O)C(=O)O)nc2ccccc21
mol_5110,Nc1nc(Cl)cc(NCC2(CO)CC(CCc3ccccc3)C2)n1
mol_5111,COC(=O)CC(C(C(=O)OC)C(=O)OC)N1C(=O)OC(c2ccccc2)C1c1ccccc1
mol_5112,c1nc2cscc2c2cscc12
mol_5113,COC(C(=O)C(O)C(C)O)C1Cc2cc3cc(OC4CC(OC5CC(O)C(O)C(C)O5)C(O)C(C)O4)c(C)c(O)c3c(O)c2C(=O)C1OC1CC(OC2CC(O)C(OC3CC(C)(O)C(O)C(C)O3)C(C)O2)C(O)C(C)O1
mol_5114,CCC(CON(C)c1ccccc1)(SC)SC
mol_5115,O=CC(O)C(O)C(O)C(O)COC(=O)NCCCCC(=O)C(F)(F)C(F)(F)C(F)(F)C(F)(F)C(F)(F)C(F)(F)C(F)(F)F
mol_5116,O=C1OC2(c3ccccc3Oc3ccccc32)c2ccccc21
mol_5117,CC(=CC=CC(C)CCCc1ccoc1)CCCC(C)C=C1OC(=O)C(C)=C1O
mol_5118,COC(=O)C(=O)C1(CCC(C)=O)c2ccccc2-c2ccccc21
mol_5119,COC(=O)c1ccc(CS(=O)(=O)c2ccccc2)cc1
mol_5120,O=P12OP(=O)(O[Pd-2]3(NCCN3)O1)O[Pd-2]1(NCCN1)O2
mol_5121,N#CC(c1nc2ccccc2s1)c1ncccc1[N+](=O)[O-]
mol_5122,S=C(N1CC1)N1CC1
mol_5123,CN(C)c1ccc(C=C2C=Nc3ccccc32)cc1
mol_5124,CCCCCCCCCCCCCCCC(=O)NC(Cc1c[nH]c2ccccc12)C(=O)O
mol_5125,CCC(=O)OC1C(OC2C(C)C(OC3CC(C)(OC)C(O)C(C)O3)C(C)C(=O)OC(CC)C(C)(O)C(O)C(C)C(=O)C(C)CC2(C)O)OC(C)CC1N(C)C.CCCCCCCCCCCCOS(=O)(=O)O
mol_5126,CC1=CC2=[N+]3C1=Cc1cc(C)c4n1[Co-2]31n3c(c(C)c(CCC(=O)O)c3=CC3=[N+]1C(=C4)C(C)=C3CCC(=O)O)=C2
mol_5127,CN(C)c1nc2n(CCO)ccnc-2c(=O)n1
mol_5128,COc1cc2c(cc1OC)C1OC(c3cc(OC)c(OC)cc3C1OC(C)=O)C2OC(C)=O
mol_5129,Cc1cn(C2CC(Br)C(COC(c3ccccc3)(c3ccccc3)c3ccccc3)O2)c(=O)[nH]c1=O
mol_5130,O=C(CN1CCCCC1)c1ccc2c(c1)Cc1cc(C(=O)CN3CCCCC3)ccc1O2
mol_5131,Nc1nc(F)nc2c1ncn2CC(O)CO
mol_5132,CCOc1ccc(N=Cc2ccc3ccccc3n2)cc1
mol_5133,O=c1c(O)c(-c2cc(O)c(O)c(O)c2)oc2cc(O)cc(O)c12
mol_5134,COCC1c2cc(O)c(OCc3ccccc3)cc2OC1c1ccc(OC)cc1
mol_5135,O=C(c1ccccc1)c1c(O)c2ccccc2oc1=O
mol_5136,O=C1OCCOC(=O)c2cccc(n2)C(=O)OCCOC(=O)c2cccc1n2
mol_5137,N#Cc1c(Sc2ccccc2N)cccc1Sc1ccccc1N
mol_5138,O=C1C(=C2CCCN2)C(c2ccc[nH]2)=NN1c1ccccc1
mol_5139,CCCCNC(=O)C(=Cc1ccc(OC)c(OC)c1)NC(=O)c1ccccc1
mol_5140,CCCCCCCCCCCCCCCCCC1=Nc2ccccc2NC(=O)C1
mol_5141,Sc1nnc(Cc2ccccc2)c(S)n1
mol_5142,COC(=O)C=C1C(CO[Si](C)(C)C(C)(C)C)OC(n2ccc(=O)[nH]c2=O)C1O
mol_5143,O=C1CC(CC(O)C2CCCCC2O)CC(=O)N1c1ccccc1
mol_5144,CC1(C)OC(CO)C(C(O)C(O)C2SCCCS2)O1
mol_5145,CC(=O)NC(C(=O)O)(C(=O)O)C(C)CC(=O)O
mol_5146,CCCCCC#COC1CC(C)CCC1C(C)C
mol_5147,CCCC(=O)Oc1ccc2c(C)cc(=O)oc2c1
mol_5148,COC(=O)CCc1ccc2c(c1)CC1(C2)Cc2ccc(CCC(=O)OC)cc2C1
mol_5149,COc1ccc2[nH]c3c(C)c4cc[n+](C)cc4c(C)c3c2c1
mol_5150,COc1cc(C(c2c(O)c3ccccc3oc2=O)N2CCCC2)cc(OC)c1OC
mol_5151,N#CC(C(=O)CCC(=O)Nc1cccc(C(F)(F)F)c1)c1ccccc1
mol_5152,Cc1ccc(C(=O)NC2CCCCC2)cc1N=NN(C)C
mol_5153,CC(=O)O.CC(NO)C(=NO)c1ccco1
mol_5154,Nc1ccc(C(=O)NN2C(=O)C(Cl)C2c2cc(Br)ccc2O)cc1
mol_5155,CCCC(O)S(=O)(=O)O
mol_5156,COc1ccc(C=c2sc3nc(-c4ccccc4)nn3c2=O)cc1
mol_5157,CCCCNC(=S)Nc1nc(C(=O)NNC(=S)Nc2ccccc2)cs1
mol_5158,c1ccc2sc(N3CCCCC3)nc2c1
mol_5159,CC(C)=CCC1(c2ccccc2)Oc2ccccc2-n2cccc2C1=O
mol_5160,COc1ccc(C2C(=O)C(Cl)N2Nc2nc(C)cc(O)n2)cc1OC
mol_5161,CC1CC2OC(C=CC=CC=CC=CC=CC(=O)C3=C(O)C(C(C)C)N(C)C3=O)C(O)C2O1.[NaH]
mol_5162,COC(=O)C(Cc1ccccc1)NC(=O)C(CCCNC(=N)N)NC(=O)OCc1ccccc1
mol_5163,C#CCN1CCCC(O)C1.O=C(O)C=CC(=O)O
mol_5164,Cc1ccc(S(=O)(=O)O)cc1.N=C(NO)NN=Cc1ccc(Cl)c([N+](=O)[O-])c1
mol_5165,CN1CCCCCC(=NO)C(=NO)CCCCC1
mol_5166,O=C1c2ccccc2CCCC12OC2c1cccnc1
mol_5167,CCC(C)C(NC(=O)NC(C)c1ccccc1)C(=O)OC
mol_5168,Cl.Nc1ncc(N)c(NCC2(CO)CC(CCc3ccccc3)C2)n1
mol_5169,CC=C1CC(C(=O)OC)N(C(=O)OCc2ccccc2)C1=S
mol_5170,O=C(O)CCC(NC(=O)c1ccc(Oc2nc3ccccc3nc2-c2ccccc2)cc1)C(=O)O
mol_5171,Cc1cc(=O)n(-c2ccccc2)c(=S)n1-c1nc2ccccc2[nH]1
mol_5172,O=C1C(=Cc2ccccc2)N=C2Sc3c(O)ncnc3N12
mol_5173,O=c1c(-c2ccc(O)cc2)coc2cc(OC3OC(CO)C(O)C(O)C3O)cc(O)c12
mol_5174,CC(C)(CO)N1C(=O)c2ccccc2C1(O)c1ccc(Cl)cc1
mol_5175,NS(=O)(=O)c1cc2c(cc1Cl)N=C(C(=O)c1cc(=O)c3ccc(O)cc3o1)N=S2(=O)O
mol_5176,O=C1c2ccccc2C(=O)c2c(C=CN3CCCCC3)ccnc21
mol_5177,CC1(C)CCCC2(C)c3occc3CCC12
mol_5178,Cc1cc(C)nc(SC(F)(F)c2nc3ccccc3o2)n1
mol_5179,O=[N+]([O-])C=Cc1cc2c(ccc3ccccc32)[nH]1
mol_5180,COc1cc(C=CC(=O)OCC23OC2C(OC2OC(C)C(O)C(O)C2O)C2C=COC(OC4OC(CO)C(O)C(O)C4O)C23)ccc1O
mol_5181,C=CC1ON(Cc2ccccc2)CCc2cc(OC)c(OC)cc21
mol_5182,CCOc1ccc(N2CC(=O)N3CCCC(C)N3C(=O)C2)cc1
mol_5183,Cc1ccc(S(=O)(=O)C(C#N)=CNC(=S)Nc2ccc(S(N)(=O)=O)cc2)cc1
mol_5184,N#CC1C(=O)NC(=O)C(C#N)C12CCCc1sccc12
mol_5185,O=C1CSC(c2ccccc2[N+](=O)[O-])N1c1ccc(-c2ccc(-n3c(-c4ccccc4)nc4ccccc4c3=O)cc2)cc1
mol_5186,C=C(CC(=O)Nc1ccc(C(=O)OC)o1)C(=O)OC
mol_5187,NC(=O)c1ncn(CCN2CCN(C(=O)NCCCCCCNC(=O)N3CCN(CCn4cnc(C(N)=O)c4N)CC3)CC2)c1N
mol_5188,O=C(NO)c1cccc(OCc2ccc(Br)cc2)c1
mol_5189,CN(C)C(F)=PC(F)(F)F
mol_5190,CN1CCCNC(=S)C1
mol_5191,CC(=O)N(O)c1ccccc1-c1ccccc1
mol_5192,C=C(Cl)c1c(OC)cccc1OCc1ccccc1
mol_5193,O=C1C(=Cc2ccc(O)cc2)N=C(c2ccccc2)N1n1c(-c2ccccc2)nc2ccccc2c1=O
mol_5194,CC(C)(C)OC(=O)NC(Cc1ccc([N+](=O)[O-])cc1)C(=O)NCC(=O)OCc1ccccc1
mol_5195,Cc1cc(C)c(S(=O)(O)=[OH+])c(C)c1.N[S+]1Cc2nc3ccccc3n2C1c1c(F)cccc1F
mol_5196,COc1c(C(=O)C(=NNc2cccc(Cl)c2)C(C)=O)c(O)c(OC)c2occc12
mol_5197,O=c1c(=Cc2ccc3c(c2)OCO3)sc2nnc(-c3ccco3)n12
mol_5198,O=C1c2c(c3c4ccccc4n(CC4CO4)c3c3[nH]c4ccccc4c23)C(=O)N1Cc1ccccc1
mol_5199,CCc1ccc(Cc2ccc(CC)c(NC(=O)C(=O)C3NC(=S)NC3=O)c2CC)c(CC)c1NC(=O)C(=O)C1NC(=S)NC1=O
mol_5200,O=[N+]([O-])c1ccc(-c2nn3c(C45CC6CC(CC(C6)C4)C5)nnc3s2)c(Cl)c1
mol_5201,COc1cc(Nc2n[nH]c(NS(=O)(=O)c3cc(C)c(Cl)cc3S)n2)cc(OC)c1OC
mol_5202,CC(C)(CN1CCCCC1)C(=O)C=Cc1ccc(Br)cc1.Cl
mol_5203,CCOC(=O)C(=CNC(=S)Nc1ccccc1)C(=O)OCC
mol_5204,Cc1cccc(Cl)c1NC(N)=S
mol_5205,C1CCCCC2(CCCCCCCCC3(CCC1)OCCO3)OCCO2
mol_5206,Cc1ccc2nc(NC(=S)SSC(=S)Nc3nc4ccc(C)cc4s3)sc2c1
mol_5207,O=c1ccc2cc(O)ccc2o1
mol_5208,COc1ccccc1Cn1[nH]c(=O)c2cc([N+](=O)[O-])ccc21
mol_5209,O=C1CCCc2cc3c(cc21)CC1(C3)Cc2ccc3c(c2C1)C(=O)CCC3
mol_5210,N#CC(C(CCCC(=O)Nc1cccc([N+](=O)[O-])c1)=NNC(=O)c1c(O)ccc2ccccc12)c1nc2ccccc2s1
mol_5211,O=C1C[N+]23CC[N+]45CC(=O)O[Ca-4]24(O1)(OC(=O)C3)OC(=O)C5
mol_5212,Cc1ccc(C(=O)C=C(O)C(=O)NN=C(c2ccccc2)c2ccccc2)cc1
mol_5213,CCOC(=O)c1ccc(-c2cc(C)no2)[nH]1
mol_5214,COc1ccc(C=c2sc3n(c2=O)NC2(CCC(C)CC2)NN=3)cc1
mol_5215,CC(=O)OC1(CSc2ccccc2)CCCCC1
mol_5216,C(=Nc1cnc2ccccc2c1)c1ccncc1
mol_5217,CNS(=O)(=O)NN(C)S(=O)(=O)c1ccc(OC)cc1
mol_5218,O=[N+]([O-])c1ccccc1C=Cc1ccccn1
mol_5219,c1ccc(-c2sc(-c3cccs3)cc2Cc2cccs2)cc1
mol_5220,NS(=O)(=O)c1ccc(NC(=O)C=CC(=O)O)cc1
mol_5221,O=CN1CCN(c2ccc3ccc(O)nc3n2)CC1
mol_5222,CCCCCCCCCCCCC1NC(=N)NC2(CCCO2)C1C(=O)OC
mol_5223,COC(=O)C1Cc2c([nH]c3ccccc23)-c2[nH]c3ccccc3c2CC(NC(C)=O)C(=O)NCC(=O)NCC(=O)N1
mol_5224,CNC1=C(C)C(=O)C(C)=C(C(C)(C)CC(=O)n2cc(F)c(=O)[nH]c2=O)C1=O
mol_5225,CC(=O)NC1=NC(=O)C(=Cc2ccc3c(c2)OCO3)N1C
mol_5226,C1=C(N2CCOCC2)N(c2ccccc2)c2ccccc2N=C1N1CCCC1
mol_5227,CCOC(=O)C1=NN(c2ccccc2)C(=O)C1=CNC(N)=S
mol_5228,CCCC(C(=O)OCCN(CC)CC)(c1ccccc1)c1ccccc1
mol_5229,CCOC(=O)C(=O)Nc1c(C)cccc1C
mol_5230,O=c1c2ccccc2c(=O)n2n1P(Cl)CP2Cl
mol_5231,c1ccc(N=C2C(=Nc3ccccc3)N(C3CCCCC3)C(=NC3CCCCC3)N2c2ccccc2)cc1
mol_5232,CCCCCCCCOC1OC(COC(C)=O)C(OC(C)=O)C(OC(C)=O)C1OC(C)=O
mol_5233,COC(=O)c1cc(C(=O)c2cc(C)c(OC)c(C(=O)OC)c2)cc(C)c1OC
mol_5234,Fc1ccccc1C1CC(C(c2ccccc2)c2ccccc2)=Nc2ccccc2S1
mol_5235,C=C(C)C(C(=O)OC(c1ccccc1)c1ccccc1)N1C(=O)C(NC(=O)COc2ccccc2)C1SSc1nc2ccccc2s1
mol_5236,COc1cc(-c2cc(=O)c3c(O)c(OC)c(OC)c(OC)c3o2)ccc1O
mol_5237,Cc1nc2c(O)nc3ccccc3c2o1
mol_5238,CC1(C(=O)O)CCC2(C)CCC3(C)C(=CC(=O)C4C5(C)CCC(OC6OC(C(=O)O)C(O)C(O)C6OC6OC(C(=O)O)C(O)C(O)C6O)C(C)(C)C5CCC43C)C2C1.NCCCCN
mol_5239,OCCN(CCO)c1cccc(N(CCO)CCO)n1
mol_5240,CCCCCCn1c(SCC)c2ccccc2c1-c1nc(F)nc(F)n1
mol_5241,CC1COP(N(C(C)C)C(C)C)O1
mol_5242,CC(C)=CCN1CCCn2c(=S)[nH]c3cccc(c32)C1
mol_5243,C[N+](C)(C)C.O=S(=O)([O-])c1cc(N=Nc2cc(S(=O)(=O)[O-])c3cccnc3c2O)ccc1C=Cc1ccc(N=Nc2cc(S(=O)(=O)[O-])c3cccnc3c2O)cc1S(=O)(=O)[O-]
mol_5244,CCSc1nc(=Cc2ccco2)c2nncn12
mol_5245,O=C(O)CNS(=O)(=O)c1ccc(NC(=O)c2ccc(Cl)cc2)cc1
mol_5246,S=c1sc2c(S)nc(S)nc2n1-c1ccccc1
mol_5247,Cn1c(=O)cc(C=Nc2ccc(C(=O)O)cc2)c2ccccc21
mol_5248,COc1ccc(C(C#N)=Cc2cccc([N+](=O)[O-])c2)cc1
mol_5249,Cc1cc(C)nc(NS(=O)(=O)c2ccc(N=c3c4ccccc4n(-c4ccccc4)c4ccccc34)cc2)n1
mol_5250,CON(C(=O)OC(C)(C)C)c1ccccc1
mol_5251,COC(=O)c1ccc(C(=O)NC(Cc2ccc(Oc3cc(CC(NC(=O)c4ccccc4C(=O)OC)C(=O)OC)ccc3OC)cc2)C(=O)OC)cc1
mol_5252,CCc1nc(N)c2nc(-c3cccs3)oc2n1
mol_5253,O=c1[nH]c2cc(Cl)c(Br)cc2o1
mol_5254,CC(NC(=O)CNC(=O)C(N)CO)C(=O)NC(CCC(=O)O)C(=O)NC(CCCCN)C(=O)NC(C(=O)NC(CCC(N)=O)C(=O)NC(CCC(=O)O)C(=O)NC(CCC(N)=O)C(=O)NC(CCCNC(=N)N)C(=O)NC(C)C(=O)NC(CC(N)=O)C(=O)NC(C)C(=O)NC(Cc1cnc[nH]1)C(=O)NC(CO)C(=O)O)C(C)O
mol_5255,COc1ccc2[nH]c3c(C)c4ccnc(NCCCN(C)CCCNc5ccc6ncn7c8ccccc8c(=O)c5c67)c4c(C)c3c2c1.CS(=O)(=O)O
mol_5256,CCN(CC)Cc1cc(Nc2ccnc3ccc4nn(C)nc4c23)ccc1O.Cl
mol_5257,COc1ccc(OC)c2c1C=CC(Br)=CC2
mol_5258,O=C1OC2C(O)C3CC1C2O3
mol_5259,CN(CCSCC(N)C(=O)O)CCSCC(N)C(=O)O
mol_5260,CCOCNC(=N)NC#N
mol_5261,Cc1cc2c(=O)cc(-c3ccccc3Cl)oc2c(C(=O)O)c1C
mol_5262,CC(O)C1(CNc2cc(Cl)nc(N)n2)CCCC1
mol_5263,C#CCCOC(=O)c1ccccc1OC(C)=O
mol_5264,CC(=O)c1cccc(C(C)=O)c1N=Cc1ccc(O)cc1
mol_5265,N#CCCN(CCC#N)c1ccc(C=C2N=C(c3ccccc3)N(c3ccccn3)C2=O)cc1
mol_5266,Cc1nn(-c2ccccc2)c2c1S(=O)(=O)c1ccccc1-2
mol_5267,Cc1cc(C)c(NS(=O)c2cccc([N+](=O)[O-])c2)c(C)c1
mol_5268,COC(=O)C(CCSC)NC(=O)NC(C)c1ccccc1
mol_5269,O=C(O)c1c([N+](=O)[O-])cc(C(F)(F)F)cc1[N+](=O)[O-]
mol_5270,O=c1oc2cc(O)ccc2c(O)c1C(c1ccc2ccccc2c1)c1c(O)c2ccc(O)cc2oc1=O
mol_5271,C=CCOC(=O)NC1C(OC(C)C(NC(=O)OCc2ccccc2)C(=O)OC(C)(C)C)OC(COC(C)=O)C(OC(C)=O)C1OC(C)=O
mol_5272,CC(C)(CN1CCCCC1)C(=O)CC(SCCS(=O)(=O)O)c1ccc(Cl)c(Cl)c1
mol_5273,Cc1nn2c(=O)c([N+](=O)[O-])c(C=Cc3ccccc3)nc2s1
mol_5274,COC(=O)C1=C(C(=O)OC)SC(=C2SC3=C(SC(=C4SCCS4)S3)S2)S1
mol_5275,CCC[N+]12CC=C(CO)C1C(O)CC2
mol_5276,Nc1cccc2c1C1=NNC(=O)CC1C2
mol_5277,c1cc2cc(c1)CN1CCNCCN(CCNCC1)Cc1cccc(c1)CN1CCNCCN(CCNCC1)C2
mol_5278,COc1cc(C=C2CCC(C)c3c2nc(N)c(C#N)c3-c2cc(OC)c(OC)c(OC)c2)cc(OC)c1OC
mol_5279,CC1(C)C2CCC1(C)C(NC(=O)CCN1CCOCC1)C2
mol_5280,Cl.NC1Cc2ccccc2OC1=O
mol_5281,CCOC(=O)C(F)C(Br)C(=O)OCC
mol_5282,O=C1CC2(CCC(O)(c3ccccc3)C(C(=O)c3ccccc3)C2)C(=O)c2ccccc2N1
mol_5283,O=C(Nc1ccc(-c2cccs2)oc1=O)c1cnccn1
mol_5284,O=c1[nH]c(=O)n(C2CC(F)(F)C(CO)O2)cc1COCC(F)(F)F
mol_5285,O=Cc1cn(CCCCCn2cc(C=O)c3ccccc32)c2ccccc12
mol_5286,O=C1C(=Cc2ccccc2O)Cc2ccccc21
mol_5287,O=Cc1ccc2c(c1)CC1(C2)Cc2ccc3c(c2C1)CCC3
mol_5288,CC(C)(C)S(=O)OC12CC3CC(CC(C3)C1)C2
mol_5289,COC1CCC2CC(=O)CCC2(C)C1=O
mol_5290,O=S(=O)(O)c1ccc(OCCCCCCCCCCOc2ccc(S(=O)(=O)O)cc2)cc1
mol_5291,CC1OC(OC2C(O)C(O)C(NC(=N)N)C(O)C2NC(=N)N)C(OC2OC(CO)C(O)C(O)C2N(C)N=O)C1(O)C=O
mol_5292,N=c1c2c3n(c4c(=O)n(-c5ccccc5)c(=S)n(c(=O)n1-c1ccccc1)c24)CCCCC3
mol_5293,Cl.Nc1ccc2cc3ccc(N)cc3nc2c1
mol_5294,Cn1c(-c2ccc(Br)cc2)cc2nc(S)nc(N)c2c1=O
mol_5295,O=C(Nc1ccc(Cl)c(Cl)c1)C(=O)Nn1c(=S)[nH]c2ccccc2c1=O
mol_5296,CN1CCc2cc3c4cc2C1Cc1ccc(cc1)Oc1cc(ccc1O)CC1c2c(cc(O)c(c2O4)O3)CCN1C
mol_5297,COc1ccc(C(=O)N2CCN(c3ccc4c(c3)OCC(=O)N4)CC2)cc1OC
mol_5298,CCOP(=O)(OCC)C1C(CO)OC(n2ccc(=O)[nH]c2=O)C1O
mol_5299,N#Cc1c(C#N)c(-c2cccc([N+](=O)[O-])c2)n(-c2ccccc2)c1N
mol_5300,CC(=O)c1cccc(C)c1C(=O)O
mol_5301,O=C(CN(c1ccc(S(=O)(=O)O)cc1)c1ccc(S(=O)(=O)O)cc1)Nn1cnc2ccc(S(=O)(=O)N(c3ccc(S(=O)(=O)O)cc3)c3ccc(S(=O)(=O)O)cc3)cc2c1=O
mol_5302,NS(=O)(=O)c1ccc(-c2c3ccc(n3)c(-c3ccc(S(N)(=O)=O)cc3)c3ccc([nH]3)c(-c3ccc(S(N)(=O)=O)cc3)c3ccc(n3)c(-c3ccc(S(N)(=O)=O)cc3)c3ccc2[nH]3)cc1
mol_5303,O=C1CCC2(c3ccc(Cl)cc3)Nc3ccccc3N12
mol_5304,CC(C)(C)C(=O)[OH+][Co-4](N)(N)(N)(N)N.[O-][Cl+3]([O-])([O-])O
mol_5305,COc1ccc(C2C3=C(COC3=O)Oc3cc4c(cc32)OCO4)cc1OC
mol_5306,Cl.Cn1c2ccccc2c(=O)c2c([N+](=O)[O-])ccc(NCCN)c21
mol_5307,CCOc1cc2c(cc1Cc1ccc(OC)cc1)OCO2
mol_5308,Cc1nc2c(c(N3CCN(C)CC3)n1)Cc1ccccc1-2
mol_5309,COc1ccc2nc3cc([N+](=O)[O-])ccc3c(NCCCN(C)C)c2c1
mol_5310,COc1ccccc1[B-]12OCC[N+]1(CNC(=O)C1=C(O)C(N(C)C)C3CC4C(=C(O)C3(O)C1=O)C(=O)c1c(O)cccc1C4(C)O)CCO2
mol_5311,CCCCCCC(=O)N1SC(NC(=O)OC)=Nc2ccccc21
mol_5312,COC(=O)C1(COCc2ccccc2)CCCC2OC21
mol_5313,CCC12C=CCN3CCC4(c5cc(C(c6ccccn6)c6cc7ccccc7n6C)c(OC)cc5N(C)C4C(O)(C(=O)OC)C1OC(C)=O)C32
mol_5314,N#CC(C(=O)Nc1ccccc1)C1=C(Cl)C(=O)c2ccccc2C1=O
mol_5315,Cc1nc2c3c(Cc4ccccc4)c(C)[nH]c3ncn2n1
mol_5316,CC1(C)CC(=O)c2c(nc3c(ccc4ccccc43)c2-c2ccc(NC(=O)CCCCCCCCC(=O)Nc3ccc(-c4c5c(nc6c4ccc4ccccc46)CC(C)(C)CC5=O)cc3)cc2)C1
mol_5317,Nc1ncnc2c1ncn2C1OC(CSC(F)F)C(O)C1O
mol_5318,O=C1C2CC3OC3CC2C(=O)N1CCCCCCN1C(=O)C2CC3OC3CC2C1=O
mol_5319,Cc1cc2[nH]c3nc(=N)nc(NS(=O)(=O)c4cc(C)c(Cl)cc4S)n3c2cc1C
mol_5320,Cn1c(SCc2ccc([N+](=O)[O-])cc2)nnc1C12CC3CC(CC(C3)C1)C2
mol_5321,O=C1c2cscc2C(=O)c2sccc21
mol_5322,COc1cccc(C2c3cc4c(cc3OC(N3CCCC3)C2C)OCO4)c1
mol_5323,CC(C)(C)COC(=O)C(C)(C)NC(=O)C(CC(=O)OCc1ccccc1)NC(=O)OCc1ccccc1
mol_5324,CC(Cc1ccc(O)c(O)c1)C(C)Cc1ccc(O)c(O)c1
mol_5325,CSC1=C(SC)SC(=C2SC3=C(SC(=C4SCCS4)S3)S2)S1
mol_5326,CC(C)C1CCC(=O)CC1CCCCC1CC(=O)CC1O[Si](C)(C)C(C)(C)C
mol_5327,CN(C)CCNC(=O)Cc1ccccc1Nc1c(Cl)cccc1Cl
mol_5328,Cc1cc(=O)oc2c3c(c4c(c12)OC(C)(C)C=C4)OC(C)(C)C=C3
mol_5329,CC(=O)Nc1ccc(C(=O)NN2C(=O)C(Cl)C2c2cc(Br)ccc2O)cc1
mol_5330,CCOC(=O)C1([Bi](C)C)N=NC(C(=O)OC)=C1C(=O)OC
mol_5331,CCOc1cc2c(cc1O)C(=NOC)CC1C2CCC2(C)C(O)CCC12
mol_5332,O=S1(=O)CC2(N3CCOCC3)CCCCC21
mol_5333,NN=C(C(=O)Nc1cccc(Cl)c1)C(C(=O)c1ccc(O)cc1O)C1OC(=O)c2ccccc21
mol_5334,CS(=O)(=O)SCc1ccc([N+](=O)[O-])cc1
mol_5335,S=C(c1cc(Br)ccc1Br)N1CN2CCN(C2)C1
mol_5336,O=C1CN(CCO)CC(=O)N2Cc3ccccc3CN12
mol_5337,Cc1ccc2ccc3c(-c4ccccc4)cc(C)nc3c2n1
mol_5338,CN(C)B(B(N(C)C)N(C)C)N(C)C
mol_5339,COc1cc2c(cc1OC)C(C(=O)O)C(c1ccc(OC(C)C)c(OC)c1)N(C)C2=O
mol_5340,NC(=O)C(=O)CC(=O)c1ccccc1NC1=CC(=O)C(=O)c2ccccc21
mol_5341,N=c1[nH]n2cc3c(nc2c1N=Nc1ccccc1)CCCCC3
mol_5342,Fc1ccc(NC2=NCC(CI)S2)c(F)c1
mol_5343,COC(OC)c1cccc2c1C(=O)CCC1(O)c3ccccc3C1C2
mol_5344,C=CCCC12CCCC(=O)C1Sc1ccc3ccccc3c12
mol_5345,COc1ccc(C2c3cc4c(cc3OC(NCCO)C2C)OCO4)cc1
mol_5346,Cl.O=P(O)(O)CN1CCNCCN(CP(=O)(O)O)CCNCC1
mol_5347,CC1CN=C(N(C)C(=O)Nc2ccc(Cl)c(Cl)c2)S1
mol_5348,O=C(CCc1nc(=S)[nH][nH]1)Nc1ccccc1Cl
mol_5349,CC(CCC(C)C(=O)O)C(=O)O
mol_5350,C(=Cc1ccnc2ccccc12)c1cccs1
mol_5351,COc1cc2cc3c(c(-c4ccc5c(c4)OCO5)c2c(OC)c1OC)COC3=O
mol_5352,COc1ccc2c(c1)NC(=O)C(O)(Cc1ccccc1)C2=O
mol_5353,COc1ccc2c3c(c(C(=O)O)oc13)C(CCC(=O)O)CC2
mol_5354,CC(OC(C)(C)C)C(NC(=O)OCC(Cl)(Cl)Cl)C(=O)O
mol_5355,Nc1nc(CC2(O)CCCCC2)cc(-c2ccccc2)n1
mol_5356,CC(=O)Oc1c(OC(C)C)cc(=O)n2ccsc12
mol_5357,CC(CC(=O)Nc1ccc(NC(=O)CC(C)N=NC(N)=O)cc1)N=NC(N)=O
mol_5358,CCOP(=O)(OCC)C(C(=O)OC)C(=O)C(=O)Nc1c(C)cc(Br)cc1C
mol_5359,C=CCN1C(=O)CSC1=NNC(=O)CSc1nc2ccccc2c(=O)n1CC
mol_5360,O=C1C(=Cc2ccc(Cl)cc2)CSCC1=Cc1ccc(Cl)cc1
mol_5361,Cc1cc(C)nc(NS(=O)(=O)c2ccc(Nc3c4ccccc4nc4c(C(=O)Nc5ccc(S(=O)(=O)Nc6cc(C)on6)cc5)cccc34)cc2)n1
mol_5362,COC1(OC)C2(Cl)C(Cl)=C(Cl)C1(Cl)C1COCC12
mol_5363,N=C1NC2OC(CO)C(O)C2O1
mol_5364,O=C1OC(C=Cc2ccccc2)Sc2ccccc21
mol_5365,CC(=O)OCC(OC(C)=O)C(OC(C)=O)C(OC(C)=O)C(=O)CNn1c(-c2ccccc2Cl)nc2ccc(Br)cc2c1=O
mol_5366,CC1=C(O[Si](C(C)C)(C(C)C)C(C)C)C2CC1(OS(=O)(=O)C(F)(F)F)C1C(=O)N(c3ccccc3)C(=O)C21
mol_5367,O=S1(=O)c2ccccc2N2CCCc3cc(Cl)cc1c32
mol_5368,CN1CCN=C1c1ccc(NC(=O)Nc2ccc(NC(=O)Nc3ccc(C4=NCCN4C)cc3)cc2)cc1
mol_5369,Cc1ccc(Nc2nc(O)nc(O)n2)cc1N=[N+]=[N-]
mol_5370,COC(=O)C(NC(=O)C(C)NC(=O)C1CCCN1C(=O)CNC(=O)C(CO)NC(=O)C(NC(=O)OCc1ccccc1)C(C)O)C(C)O
mol_5371,c1ccc2c(c1)cc1c3[nH]c4ccccc4c3ccn21
mol_5372,COc1cc2nncc(Sc3cnnc4ccccc34)c2cc1OC
mol_5373,c1ccc2c(c1)CCc1c-2n(CCN2CCCCC2)c2ccccc12
mol_5374,O=C(Cc1ccccc1)NN1C(=O)C(=Cc2cccc(O)c2)SC1=Nc1ccccc1
mol_5375,O=C1C(=Cc2ccc(Cl)cc2)Sc2scc(-c3cccc([N+](=O)[O-])c3)[n+]21.[Cl-]
mol_5376,COc1ccc(-c2[nH]c(=O)n(C3OC(CO)C(O)C(O)C3O)c(=O)c2C#N)cc1
mol_5377,O=C(O)C1SCCS1
mol_5378,Cc1ccc2[nH]c3c(c2c1)CCCC3=NNC(=N)N
mol_5379,CC(CCC(=O)O)C1CCC2C3CCC4CC(O)CCC4(C)C3CCC12C
mol_5380,c1ccc2nc3c(nc2c1)[nH]c1ccccc13
mol_5381,CCOC(=O)Cc1csc(Nc2ccccc2[N+](=O)[O-])n1
mol_5382,COC(=O)C(O[Ge](C)(C)C)c1ccccc1
mol_5383,N#CNC(=N)NCNC(=N)NC#N
mol_5384,CC(=O)CC(=O)Nc1ccccc1C(F)(F)F
mol_5385,COC(=O)N1CC2CCCC(C2)c2ccccc21
mol_5386,O=C(NC(=O)c1cn(CCN(CCO)C(=O)NCCCCCCNC(=O)N(CCO)CCn2cc(C(=O)NC(=O)OCc3ccccc3)c(=O)[nH]c2=O)c(=O)[nH]c1=O)OCc1ccccc1
mol_5387,O=C1CC2(CC(O)CO)CC(O1)C(I)CC21OCCO1
mol_5388,CC(C)CN(CC(O)C(Cc1ccccc1)NC(=O)C(CC(N)=O)NC(=O)c1ccc2ccccc2n1)C(=O)NC(C)(C)C
mol_5389,O=C(c1ccc(Cl)cc1)c1ccc(OCC(=O)N2CCN(c3ccccc3)CC2)cc1
mol_5390,CCC12C=CCN(CCc3c([nH]c4ccccc34)C=C1)C2
mol_5391,C#CCN(N=O)C(=O)NCCCCC(NC(=O)OCc1ccccc1)C(=O)OCc1ccccc1
mol_5392,Nc1nc(Cl)c(N)c(NCC2(CO)CC(OCc3ccccc3)C2)n1
mol_5393,Nc1ccc(C(=O)Nc2ccc(C=Cc3ccc(NC(=O)c4ccc(N)cc4S(=O)(=O)O)cc3S(=O)(=O)O)c(S(=O)(=O)O)c2)c(S(=O)(=O)O)c1.[NaH]
mol_5394,CC1(C=O)C(=O)CCC2(C)C3CC(=O)OC3CCC12
mol_5395,COc1nc(O)c2[nH]c(=N)n(C3OC(CO)C(O)C(O)C3O)c2n1
mol_5396,COC(=O)C1CCCC2(C1)OCCO2
mol_5397,C(=Cc1nnnn1-c1ccccc1)Nc1ccccc1
mol_5398,COc1cccc2c1C(=O)c1c(O)c3c(c(O)c1C2=O)CC(O)(C(=O)CO)CC3OC1CC(N2CCOCC2C#N)C(O)C(C)O1
mol_5399,CC(=O)Oc1ccc(O)c(O)c1CC=C(C)CCC=C(C)CCC=C(C)CCC=C(C)C
mol_5400,COC(=O)C[PH](c1ccccc1)(c1ccccc1)c1ccccc1
mol_5401,COc1ccc(OC)c(N(CN2C(=O)CCC2C(=O)O)C(C)=O)c1
mol_5402,CCC(CCCCC1CCC2CC(=O)CC12)OC
mol_5403,S=C1NCCO1
mol_5404,CCOP(=O)(CC(=O)C1CC1)OCC
mol_5405,CC(=O)C(=O)N1Cc2cc3ccccc3nc2C1
mol_5406,O=C1c2cccc3cccc(c23)C(=O)N1CCN1C(=O)c2cccc3cccc(c23)C1=O
mol_5407,COC(=O)C(=O)C(C(=O)C(=O)Nc1cc(Cl)c(Cl)cc1Cl)c1nc2ccc([N+](=O)[O-])cc2nc1O
mol_5408,NC1C(CO)CNC1CO
mol_5409,CN(C)CCOc1cccc(OCCN(C)C)n1
mol_5410,COc1cc(O)c2c(=O)c(OC)c(-c3ccc4c(c3)OCO4)oc2c1
mol_5411,CCN(CC)C1Oc2cc3c(cc2C(c2cccc(OC)c2OC)C1C)OCO3
mol_5412,Nn1c(CNc2ccc(-c3nnc(Nc4ccc(Cl)cc4)n3N)cc2)nnc1Nc1ccc(Cl)cc1
mol_5413,N=C(OC1CCCCC1)N1CCOCC1
mol_5414,CC=CC=Nc1c(C#N)c2n(c1C(=O)Nc1ccc(S(N)(=O)=O)cc1)CCC2
mol_5415,Cc1nc2c(n1-c1ccc(Br)cc1)C(=O)c1ccccc1C2=O
mol_5416,Cc1cc(C)nc(NC(=S)Nc2ccc([N+](=O)[O-])cc2)c1
mol_5417,CCC(=O)OC1CCn2c1nc1c2C(=O)C(C)=C(NC(C)=O)C1=N
mol_5418,O=C(CCCn1ccnc1[N+](=O)[O-])NCCn1cncc1[N+](=O)[O-]
mol_5419,COC(=O)C1=CC(=O)C(C(=O)Nc2ccc(OC)cc2)C(c2ccccc2)O1
mol_5420,C=C(Br)C[N+](CC)(CC)CC.[Br-]
mol_5421,CC(=O)NC1C(=O)N(c2ccccc2)C1c1ccccc1
mol_5422,O=c1[nH]c2ccc(CC(=S)N3CCOCC3)cc2s1
mol_5423,CCOC(=O)C1(C)CCCC1N
mol_5424,Oc1c2cc(Br)cc1CCc1cc(Br)cc(c1O)CC2
mol_5425,O=C1Oc2cc3c(c4cccc1c24)OCN(c1ccc(Cl)cc1)C3
mol_5426,C=C1C(=O)OC2C1CCC(C)=C1C=CC(=O)C12C
mol_5427,O=C1NC(=O)C(C(=O)C(=O)Nc2ccc(Br)cc2)C(=O)N1
mol_5428,COC(=O)C=C(c1cc(Cl)c(OC)c(C(=O)OC)c1)c1cc(Cl)c(OC)c(C(=O)OC)c1
mol_5429,CNC.Cn1c(=S)[nH]n(CCOc2ccccc2)c1=S
mol_5430,O=C(Nc1cccc(C2=NCCN2)c1)Nc1cccc(C2=NCCN2)c1
mol_5431,CCCC[Ge](CCCC)(CCCC)OC(=O)C(OC)c1ccccc1
mol_5432,Cc1csc(NC=C2C(=O)Oc3ccccc3C2=O)n1.Cl
mol_5433,O=C1c2ccccc2-c2nnc(-c3ccccc3)cc21
mol_5434,CC(=CC=CC(C)C)C1CCC(C)(NC=O)CC1
mol_5435,COC(=O)c1c2c(cc3c1CC1(C3)Cc3cc4c(c(C(=O)OC)c3C1)CCCC4)CCCC2
mol_5436,CCOC(=O)NC(Nc1ccc(F)cc1)(C(=O)OCC)C(F)(F)F
mol_5437,CNc1ccccc1S(=O)(=O)c1ccccc1Br
mol_5438,CCOC(=O)C12CN(C34CC5CC(CC(C5)C3)C4)CC(C(=O)OCC)(C1=O)C(c1ccccc1)OC2c1ccccc1
mol_5439,C=CCCCCCCCCC(=O)NCCN1CCOCC1
mol_5440,Cc1cc(C)c(C=NNS(=O)(=O)c2ccccc2)c(C)c1
mol_5441,C[PH](C)(C)[Ir-3]1([PH](C)(C)C)([PH](C)(C)C)NC(Cc2ccccc2)C(=O)[OH+]1.[Cl-]
mol_5442,CCCn1ccc(=O)c(O)c1C
mol_5443,Nc1nc(N)c(N=O)c(Nc2ccccc2)n1
mol_5444,CC(=O)N(C(C)=O)c1cc2c3c(c1)CCCN3CCC2
mol_5445,CC1=NC(=Cc2ccc([N+](=O)[O-])cc2)C(=O)N1n1c(-c2ccccc2)nc2ccccc2c1=O
mol_5446,COc1ccc(C(=O)N2CCN(c3ccc4c(c3)OCC(=O)N4)CC2)cc1
mol_5447,COc1ccc(N=C2SC(=NC(=Nc3ccccc3)SCc3ccccc3)N(c3ccccc3)C2=Nc2ccc(OC)cc2)cc1
mol_5448,CCCCCCCCCC1CC(=O)OC2=C1C(=O)CCC2
mol_5449,COC(=O)C1C=CCON2CCc3c(n(C)c4ccccc34)C12
mol_5450,CC1(O)CC2C(CC1SCCO)C2(C)C
mol_5451,CCOC(=O)C1(C)C(=O)CC2c3nc4ccccc4cc3CN2C1=O
mol_5452,Cc1cc(C)c2nc3c(c(C(O)C4CCCCN4)c2c1)CCC3=Cc1ccc(Cl)cc1
mol_5453,O=C(C=Cc1cccc(Br)c1)c1ccccc1
mol_5454,CC(c1ccccc1)n1c(N)c(-c2nc3ccccc3s2)c2ccc([N+](=O)[O-])cc2c1=O
mol_5455,COc1cccc2c1OC1Sc3ccccc3-c3nn(-c4ccccc4)c-2c31
mol_5456,CN(Cc1ccccc1)c1cc(=O)n(C)c(=O)[nH]1
mol_5457,CC(=O)NCCC1CN(C(=O)C=CC#C[Si](C)(C)C)c2ccccc21
mol_5458,NC(CCc1ncc(C(=O)O)s1)C(=O)O
mol_5459,COc1ccc(NCc2cc(OC)c(OC)c(OC)c2)cc1.Cl
mol_5460,CN(N=Cc1ccccn1)C1=NCCCCN1.I
mol_5461,Oc1ccc2ccccc2c1N=Nc1ccsc1
mol_5462,CC(=O)Nc1ccc(C(=O)N2N=C(C)C(=Cc3ccccc3O)C2=O)cc1
mol_5463,Cc1nc2c(=N)[nH][nH]c(=O)n2n1
mol_5464,O=[N+]([O-])c1nccn1CCC[n+]1ccccc1.[Br-]
mol_5465,COC(=O)CC1C2CC3C(C2=O)C13
mol_5466,Clc1cc(Cl)nc(Nc2ccc3c(c2)CCC3)n1
mol_5467,NC(CCCC(N)P(=O)(O)c1ccccc1)P(=O)(O)c1ccccc1
mol_5468,CC1(C)OC(=O)C(=Cc2ccccc2Br)C(=O)O1
mol_5469,Cn1c(COC(=O)Nc2ccccc2)c(COC(=O)Nc2ccccc2)c2ccc3cc(Cl)c(Cl)cc3c21
mol_5470,O=C(Nc1nc(S)c2c(ncn2CCO)n1)c1ccccc1
mol_5471,CNc1ncnc2c1cnn2CCCCO
mol_5472,CC=C1CC2C(OC)Nc3cc(O)c(OC)cc3C(=O)N2C1
mol_5473,Cn1ncc2[nH]cnc2c1=S
mol_5474,COc1ccc(C2Oc3cc(OC)cc(O)c3C(=O)C2C2C(=O)c3c(O)cc(OC)cc3OC2c2ccc(O)cc2)cc1
mol_5475,CCOC(=O)c1cc2c(ccc3cc(C(=O)OCC)[nH]c32)[nH]1
mol_5476,Cc1c(C)c2c(c(N)c1C#N)C(=O)N(NC(=S)Nc1ccccc1)C2=O
mol_5477,C=CCN1C2Cc3cc(OC)c(OC)cc3C1Cc1cc(OC)c(OC)cc12.Cl
mol_5478,Oc1ccc(O)c2c1N=NC21c2ccccc2Oc2ccccc21
mol_5479,CC(C)=CCCC(C)=CCCC1(C)OC(=O)C2CC21
mol_5480,Cc1oc2nc(N(C)C)n3cnnc3c2c1C
mol_5481,CCOC(=O)N1CC(=Cc2ccccc2)C(=O)C(=Cc2ccccc2)C1
mol_5482,CC(CC(O)(C(F)(F)Cl)C(F)(F)Cl)=NNC(N)=S
mol_5483,CCOC(=O)C1CC(O)CN1C(=O)c1ccc2c(c1)OCCO2
mol_5484,O=C1C2ON(c3ccccc3)C(c3ccc([N+](=O)[O-])cc3)C2C(=O)N1c1ccc(Cc2ccc(N3C(=O)C4ON(c5ccccc5)C(c5ccc([N+](=O)[O-])cc5)C4C3=O)cc2)cc1
mol_5485,O=C(C=Cc1ccc(Cl)cc1)Oc1ccc(C=C2CCCCC2=O)cc1
mol_5486,CCOC(=O)NN(C(=O)OCC)C(C(=O)C1CCCCC1)N(NC(=O)OCC)C(=O)OCC
mol_5487,CCOC(=O)CC1(Cc2ccc(OCc3ccccc3)cc2)C(=O)OC(c2ccccc2)N1C(=O)c1ccccc1
mol_5488,COc1ccc(C=NN2CC(=O)N3C4C=CC(CC4)N3C2=O)cc1
mol_5489,CCCCCCCCCCCCCCCCc1c(O)nc(NC#N)nc1C(=O)OC
mol_5490,C=C1CN=C(Nc2ccc(Cl)cc2)S1
mol_5491,Br.CN(C)CCNc1nc(-c2ccc3ccccc3c2)nc2[nH]cnc12
mol_5492,O=[N+]([O-])c1ccc2c(c1)NC(O)C(O)N2
mol_5493,CC(C#N)NCc1ccccc1
mol_5494,c1ccc([PH]2(c3ccccc3)CC[SH+][Ni-2]23[SH+]CC[PH]3(c2ccccc2)c2ccccc2)cc1
mol_5495,CCc1cccc(CC)c1NC(=O)C(=O)Cc1nc2ccccc2o1
mol_5496,CN1C(=O)c2cccc3cc([N+](=O)[O-])cc(c23)C1=O
mol_5497,COc1cc(C=NNS(=O)(=O)c2ccc([N+](=O)[O-])cc2)c([N+](=O)[O-])cc1OC
mol_5498,CCC(C)C(C1=C(O)C(=O)c2ccccc2C1=O)C1=C(O)C(=O)c2ccccc2C1=O
mol_5499,Cc1cc(NS(=O)(=O)c2ccc(Nc3c4ccccc4nc4c(C(N)=O)cccc34)cc2)no1
mol_5500,O=C(Nc1ccc(F)cc1)C(=O)C(C1OC(=O)c2ccccc21)[N+](=O)[O-]
mol_5501,Cn1ncc2c(N(N)CCO)nc(-c3ccc([N+](=O)[O-])o3)nc21
mol_5502,CCOP(=O)(CC(C)P(=O)(OCC)OCC)OCC.CC[Sn](Cl)(Cl)CC
mol_5503,O=C1CCC(N2C(=O)C3C(C2=O)C2(Cl)C(Cl)=C(Cl)C3(Cl)C2(Cl)Cl)C(=O)N1
mol_5504,CC(=NOCCC(=O)O)C1CC1
mol_5505,CC(N)C(=O)NC1C(C)OC(=O)C2=C(O)CC(O)C(O)C21
mol_5506,CC(C)(C)C1(c2ccc(C3(c4ccccc4)Oc4ccccc4S3)[nH]2)Oc2ccccc2S1
mol_5507,CCOC1(O)C(=O)c2ccccc2OC1(OCC)c1ccccc1
mol_5508,O=C(O)C1Cc2c([nH]c3ccccc23)C(C2CCNC2=S)N1
mol_5509,N#Cc1nc(C#N)c(N)[nH]1
mol_5510,COC1C=COC2(C)Oc3c(C)c(O)c4c(c3C2=O)C(=O)C=C(NC(=O)C(C)=CC=CC(C)C(O)C(C)C(O)C(C)C(OC(C)=O)C1C)C4=O
mol_5511,CCC(C)(NC(=O)C(C)NC(=O)OC(C)(C)C)C(=O)NC(C)C(=O)NC(C)(CC)C(=O)ON=C1CCCC1
mol_5512,NCCOB(c1ccccc1)c1ccccc1
mol_5513,CCSc1c2ccccc2nc2c(OC)ccc(OC)c12
mol_5514,CC(=O)N(C(=O)CC(=O)N1N=C(C)C(N=Nc2cccc([N+](=O)[O-])c2)C1=O)c1ccc(Cl)cc1
mol_5515,O=C(Nc1ccc(Cl)cc1)C1C(=O)C(=O)N(c2ccc(Cl)cc2)C1=O
mol_5516,O=C(O)CSSCC(=O)O
mol_5517,O=[N+]([O-])c1ccccc1S(=O)(=O)Oc1ccccc1
mol_5518,CC(=O)OCc1ncccc1C(OC(C)=O)OC(C)=O
mol_5519,O=C(Nc1ccc(N=Nc2ccc(O)c(C(=O)O)c2)cc1)Nc1ccc(N=Nc2ccc(O)c(C(=O)O)c2)cc1
mol_5520,OCC(Cn1cncn1)(c1ccc(F)cc1F)n1cncn1
mol_5521,COc1ccc(C2(OC)Oc3cc(OC)ccc3C(=O)C2(O)OC)cc1
mol_5522,O=C(Nc1cc2c(oc1=O)CCCCCC2)c1cnccn1
mol_5523,O=S1(=O)OC2(CCCCC2)c2ccccc21
mol_5524,N#CC(=Cc1ccc(O)c(O)c1)C(=O)NCCCCCCNC(=O)C(C#N)=Cc1ccc(O)c(O)c1
mol_5525,FC(F)(F)c1cccc(C=[N+]2N=C(c3ccncc3)[OH+][Ni-2]23[OH+]C(c2ccncc2)=N[N+]3=Cc2cccc(C(F)(F)F)c2)c1
mol_5526,CC1=C(CCC(=O)O)C2=NC1=Cc1[nH]c(c(C(C)O)c1C)C=C1C(C)=C(C(C)O)C3=[N+]1[Pt-2](Cl)(Cl)n1c(c(C)c(CCC(=O)O)c1=C2)=C3
mol_5527,CN(C)c1ccc(N=Nc2ccc3c(c2)C(=O)c2ccccc2C3=O)cc1
mol_5528,COc1cccc2c1[OH+][Zn-2]1(O)[O+]=C(c3ccncc3)[N-][N+]1=C2
mol_5529,CC(C)c1c(O[Si](C(C)C)(C(C)C)C(C)C)c2c3c(ccc4c3c1OC4(C)C)C(C)CC2
mol_5530,COC=CC=C(C#N)C(=O)OC
mol_5531,CCCCCCN1CCc2c(C)c(C#N)c3nc4ccccc4n3c21
mol_5532,COc1ccc2c(c1OC)C1N(C)CCc3cc4c(cc3C1(OC)C2=O)OCO4
mol_5533,CC(C(=O)N1C(=O)N(C(=O)C(C)C(O)c2ccccc2)C(c2ccccc2)C1c1ccccc1)C(O)c1ccccc1
mol_5534,O=c1cc(O)c2c(O)cc(O)cc2o1
mol_5535,O=C(O)CCC(=O)NCCNC(=O)CCC(=O)O
mol_5536,COc1c(OC2OC(CO)C(O)C(O)C2O)cc2c(c1OC)-c1ccc(SC)c(=O)cc1C(NC(C)=O)CC2
mol_5537,CCOC(=O)C(=Cc1ccccc1)C(=O)c1ccccc1
mol_5538,COc1ccc2c(c1)CCc1c-2[nH]c2ccc(OC)cc12
mol_5539,CN(C)c1ccc(C=C2C(=O)c3ccccc3C2=O)cc1
mol_5540,COc1cccc(OC)c1NC(=O)C(=O)Nn1c(NNC(=O)c2ccncc2)nc2ccccc2c1=O
mol_5541,CCOC(=O)c1nc2cc(C(F)(F)F)ccc2nc1Nc1ccc(OC)cc1
mol_5542,CCOC(=O)N(NC(=O)NC(C)C)c1ccccc1
mol_5543,CC1CCCN(CCSSCCN2CCCC(C)C2)C1
mol_5544,c1ccc(C2SCc3nc4ccccc4n32)cc1
mol_5545,CS(=O)(=O)OCCC(=O)N1CCN(C(=O)CCOS(C)(=O)=O)CC1
mol_5546,O=C1c2ccccc2C(=O)c2c(NCCOCCO)ccc(NCCOCCO)c21
mol_5547,Cc1ccc(Nc2c3c(c(C#N)c4nc5ccccc5n24)CCCC3)cc1
mol_5548,COc1cc(OC)c(C=NNc2nc3ccccc3c(=O)n2-c2ccccc2)c(OC)c1
mol_5549,OC1(c2ccccc2)OC(C#Cc2ccccc2)(c2ccccc2)c2ccccc21
mol_5550,Cc1nc2ccccc2c(=O)n1NC(=S)Nc1cccc(Cl)c1
mol_5551,O=C(O)CC1OCC=C2CN3CCC45c6ccccc6NC4C1C2CC35
mol_5552,CC(C)(C)C1COP(C)(=S)OC1.CC(C)(C)C1COP(C)(=S)OC1
mol_5553,O=C(O)c1ccc(NC(=O)c2ccccc2[Se][Se]c2ccccc2C(=O)Nc2ccc(C(=O)O)cc2)cc1
mol_5554,Cc1nc(-c2ccc(Cl)cc2)cn2c1nc1ccccc12
mol_5555,Cc1nc2ccccc2c(=O)n1N=C(N=Nc1cc(Cl)ccc1Cl)c1ccc(N(C)C)cc1
mol_5556,CC(O)C(O)C(O)C(O)c1nc2ccccc2[nH]1
mol_5557,O=C(c1ccccc1)N1OC2C=CC1CC2
mol_5558,CC1CN(c2ccccc2)NC1=O
mol_5559,COC(=O)C1CC2C=CC=CC(=O)C2(C)C1
mol_5560,O=C(c1ccccc1)N1C2CCC1C(C(F)(F)F)=C2C(F)(F)F
mol_5561,N#CC(=CNC(=S)Nc1ccc(S(=O)(=O)Nc2nccs2)cc1)C(=O)c1ccc2ccccc2c1
mol_5562,COC1OC2COc3ccccc3OC2C2NC(=N)SC12
mol_5563,CCOC(=O)CC(=O)CSc1c(-c2ccccc2)c(=O)n(-c2ccccc2)c(=S)n1-c1ccccc1
mol_5564,CCC(C)C1(C2CCCC2)NC(=O)NC1=O
mol_5565,Cc1cc(C)nc(NC(=S)Nc2cccc(Cl)c2)c1
mol_5566,Cc1nsnc1CCO
mol_5567,CCOc1ccc(Nc2nc3c(s2)C(=O)c2ccccc2C3=O)cc1
mol_5568,O=C1C(Cl)C(c2ccccc2)N1n1cnc2ccccc2c1=O
mol_5569,Cc1ccc2c(c1C)CC1(Cc3ccc(C)c(C)c3C1=O)C2=O
mol_5570,O=C(O)C=CC(=O)NCCCNC(=O)C=CC(=O)O
mol_5571,COC(=O)C1CCC(=O)N1CN(C(C)=O)c1ccccc1
mol_5572,CC1C=C(NCC2(CO)CCC2)NC(=N)N1
mol_5573,O=S1c2ccccc2-c2ccccc21
mol_5574,N#Cc1c2c(c(-c3cccs3)n(C3OC(CO)C(O)C(O)C3O)c1=S)CCc1ccccc1-2
mol_5575,O=C(O)c1ccc([N+](=O)[O-])c2c(=O)c3ccccc3[nH]c12
mol_5576,NN=C(c1ccccc1)c1cccs1
mol_5577,O=C(O)c1nn[nH]c1S
mol_5578,Cc1cc(C(=O)O)c(C)cc1SSc1cc(C)c(C(=O)O)cc1C
mol_5579,O=C(CC(C(=O)c1ccsc1)c1ccc2c(c1)OCO2)c1ccccc1
mol_5580,COc1ccc(-c2oc(C=Nc3ccccc3)c([N+](=O)[O-])c2-c2ccc(OC)c(OC)c2)cc1OC
mol_5581,Cc1ccc(S(=O)(=O)N(CCN2C(=O)c3ccccc3C2=O)c2cc3c4c(c2)Oc2cc(N(CCN5C(=O)c6ccccc6C5=O)S(=O)(=O)c5ccc(C)cc5)cc5c2C4(C)c2c(cc(N(CCN4C(=O)c6ccccc6C4=O)S(=O)(=O)c4ccc(C)cc4)cc2O5)O3)cc1
mol_5582,O=c1n(CC2CS2)c2ccccc2n1CC1CS1
mol_5583,CC1=[N+]2N=C(c3ccncc3)[OH+][Cu-5]234(O)[OH+]C(c2ccncc2)=N[N+]3=C(C)c2cccc1[n+]24
mol_5584,COC(=O)NN=C(CCN1CCCC1)CC(c1ccccc1)c1c(O)c2ccccc2oc1=O.Cl
mol_5585,COC1OC2COC1(OCc1ccccc1)C1OC(C)(C)OC21
mol_5586,Cn1nc(-c2ccccc2)c(C(=O)C=Cc2ccc(Cl)cc2)c(N2CCCC2)c1=O
mol_5587,CSC(c1ccccc1)=[N+]([O-])Cc1ccccc1.I
mol_5588,CCON=C(CC)c1ccc(Br)s1
mol_5589,N#CSCc1cccc(Nc2cc(O)nc(O)n2)c1
mol_5590,CC(=O)OC1COC(Nc2nc(NCc3ccccc3)n(C)c(=O)c2N=O)C(OC(C)=O)C1OC(C)=O
mol_5591,Cc1cc(Cc2cc(C)c(O)c(C(=O)O)c2)cc(C(=O)O)c1O
mol_5592,C(=CN1CCCCC1)c1nnnn1-c1ccccc1
mol_5593,CC1(C)COC(C23C4C5C2C2C3C4C52I)=N1
mol_5594,Cc1nc(Nc2nc3ccccc3[nH]2)nc(Cl)c1CCCl
mol_5595,O=C(CC1CCN(C(=O)c2ccccc2)C(Cc2c[nH]c3ccccc23)C1O)N1CCCC1
mol_5596,O=C(CC(c1ccccc1)C(Sc1ccccc1)(Sc1ccccc1)Sc1ccccc1)c1ccccc1
mol_5597,Cc1ccc(S(=O)(=O)Nn2c(S)c(C#N)c(-c3ccc([N+](=O)[O-])cc3)c(C#N)c2=O)cc1
mol_5598,CC(=O)N1CN2C(=O)CCC2c2ccccc21
mol_5599,O=c1[nH]nc(-c2ccccc2)n1-c1cccc([N+](=O)[O-])c1
mol_5600,CN(C)CNc1ncnc2onc(-c3ccccc3)c12
mol_5601,O=C(NC=C1C(=O)Oc2ccccc2C1=O)NC1CCCCC1
mol_5602,CCN(CC)CC1CCCCN1CC(=O)N1CC(C)C(=O)Nc2ccccc21
mol_5603,O=C(NCCc1c(-c2ccccc2)[nH]c2ccccc12)C1CCCCC1
mol_5604,Cl.O=c1oc2c3ccc4ccccc4c3n(Cc3nc4ccccc4[nH]3)c2c2ccccc12
mol_5605,O=C(CCc1cccc(O)c1)NCCCNC(=O)CCc1cccc(O)c1
mol_5606,CC(CS(=O)(=O)O)NC(CO)(CO)CO
mol_5607,O=Cc1c[nH]c2nccnc12
mol_5608,Cc1cc(=O)oc2cc3c(cc12)CCCN3
mol_5609,COc1ccc2c(c1)C(c1ccc3ccccc3c1)OC2=O
mol_5610,NCCCCNCCCNC(=O)c1csc(-c2nc(CCN)sc2Cl)n1
mol_5611,COc1ccc2nc3cc([N+](=O)[O-])ccc3c(NNc3ccc([N+](=O)[O-])cc3)c2c1
mol_5612,CC1C(c2ccccc2)NC(c2ccccc2)CC1(N)C#N
mol_5613,CCN(CC)CCN1CCN=C2c3cc(OC)ccc3Nc3c([N+](=O)[O-])ccc1c32
mol_5614,Cc1n[nH]c2c1NC(=O)OC2C
mol_5615,C=CC(OCC)(OCC)OCC
mol_5616,CC1=NNC(=O)C1C(CC(=O)c1c[nH]c2ccccc12)C(=O)O
mol_5617,N.O=C(c1cc(Cl)c(O)c(C(=O)O)c1)c1cc(Cl)c(O)c(C(=O)O)c1
mol_5618,O=C(O)c1ccc(CS(=O)(=O)c2ccc([N+](=O)[O-])cc2)cc1
mol_5619,CS(=O)(=O)NNS(=O)(=O)c1ccccc1
mol_5620,N#CC=C(NC(=O)Nc1ccccc1)N1CCCC1
mol_5621,CCn1c2ccccc2c2nnc(NCCCO)nc21
mol_5622,CCCCN(CCCC=COC)C(C#N)c1ccccc1
mol_5623,CC1=C(C(=O)Nc2ccccc2C)C(c2ccc(Cl)cc2)C(C(=O)Nc2ccccc2C)=C(C)N1
mol_5624,Cc1ccc2c(n1)C(N1CCOCC1)=CC(=O)C2=O
mol_5625,O=C1CC23CCCCCCCCCCC2(C1)CC(=O)C3
mol_5626,COc1cc(C=C2C=Cc3ccccc32)cc(OC)c1OC
mol_5627,Brc1ccc(-c2csc3c2-n2cccc2C3=[N+]2CCCC2)cc1.O=P([O-])(Cl)Cl
mol_5628,CC1(C)CC(O)C(O)C23C(=O)OC(O)C2C(C=O)=CCC13
mol_5629,Cc1csc2nc(-c3ccccc3)cn12
mol_5630,CC1=CC(Nc2ccc(S(=O)(=O)c3ccc(NC4=NCCNC(C)=C4)cc3)cc2)=NCCN1
mol_5631,Cc1cc(C)nc(NS(=O)(=O)c2ccc(NC(=O)COC(=O)c3cccc4c(=O)c5ccccc5[nH]c34)cc2)n1
mol_5632,CC(=O)Oc1c(Cl)cc(C(=CCCC2CCC3(C)C(CCC4C3CCC3(C)C(C(C)CCCC(C)C)CCC43)C2)c2cc(Cl)c(OC(C)=O)c(C(=O)OCc3ccccc3)c2)cc1C(=O)OCc1ccccc1
mol_5633,C=C1CCC2C(C)(CO)C(O)CCC2(C)C1CC(O)C(=CCO)C(=O)O
mol_5634,Clc1c(Cl)c(Cl)c2c(nnn2C2CCCO2)c1Cl
mol_5635,O=c1cc(-c2ccccc2)oc2ccc(-c3ccc4oc(-c5ccccc5)cc(=O)c4c3)cc12
mol_5636,O=[N+]([O-])c1cc([As](=O)(O)O)ccc1O
mol_5637,CCOC(=O)c1c(O)nc2cccc3sc4ncccc4c1c23
mol_5638,COC(=O)C(=O)C(C(=O)C1=NS(=O)(O)=c2cc(S(N)(=O)=O)c(Cl)cc2=N1)c1nc2ccc(C(=O)c3ccccc3)cc2nc1O
mol_5639,CCOC(=O)C(=Cc1cn(C(C)=O)c2ccccc12)P(C)(=O)OCC
mol_5640,COC1C(O)c2coc3c2C(C)(c2ccc4c(c2C3=O)CCC4=O)C1O
mol_5641,CNN=Cc1c2c(O)c3c(O)c(C)c4c(c3c1O)C(=O)C(C)(OC=CC(OC)C(C)C(OC(C)=O)C(C)C(O)C(C)C(O)C(C)C=CC=C(C)C(=O)N2)O4
mol_5642,CC(Oc1ccc2cc(C(=O)c3ccccc3)c(=O)oc2c1)C(=O)O
mol_5643,COc1ccc(Br)cc1-c1cc(Br)ccc1OC
mol_5644,C[Sn]1(C)OC(=O)CCN=Cc2c(ccc3ccccc23)O[Sn](C)(C)OC(=O)CCN=Cc2c(ccc3ccccc23)O1
mol_5645,Cc1ccccc1-c1nc2ccc(N)nc2nc1N
mol_5646,O=C1C=C(N2CCCC2)c2cc(N3CCCC3)ncc2C1=O
mol_5647,CC1=CC(=C(c2cc(C)c(O)c(Br)c2)c2ccccc2S(=O)(=O)O)C=C(Br)C1=O
mol_5648,COc1ccc(C2Oc3cc(OC)c(O)cc3C2C)cc1
mol_5649,CC1OC2CC(=O)OC2C2=C1C(=O)c1c(O)cccc1C2=O
mol_5650,c1ccc(C2=NOC3C4CCC(C4)C23)cc1
mol_5651,O=P1(Cc2ccccc2)C(c2ccccc2)=C(O)C2CCCC21
mol_5652,CCNC(=O)N(CC)CN(CC)C(=O)NCC
mol_5653,O=C1NCN(c2ccccc2)C12CCN(CC1COc3ccccc3O1)CC2
mol_5654,CC(NC1=CC(=O)C(NC(C)C(O)c2ccccc2)=CC1=O)C(O)c1ccccc1
mol_5655,CC(C)(C)c1ccc(OP(=S)(NN)Oc2ccc(C(C)(C)C)cc2)cc1
mol_5656,N#CC(C(=O)Nc1ccc(Cl)cc1)=C(N)N1CCOCC1
mol_5657,N#CC(=CN1C(=O)C(=Cc2cccc([N+](=O)[O-])c2)SC1=S)c1nc2ccccc2s1
mol_5658,CCCCSCCC(N)P(=O)(O)O
mol_5659,O=C(O)C12CCCCC1CCCC2
mol_5660,Clc1ccc(C2=NN(c3ccccc3)C3c4cc(Br)ccc4OCC23)cc1
mol_5661,N#Cc1ncc(C[PH](c2ccccc2)(c2ccccc2)c2ccccc2)nc1N
mol_5662,CCOC(=O)C(=Cc1ccc(Cl)cc1)N(CC)CC
mol_5663,O=C(O)c1cc(O)c2c(c1)Cc1cccc(O)c1C2=O
mol_5664,CC1=C(C)C(N2CCOCC2)CS(=O)(=O)O1
mol_5665,COc1cc2c(cc1OC)C(Cc1ccc(Oc3cc(CC4c5cc(OC)c(OC)cc5CCN4C)ccc3OC)cc1)N(C)CC2
mol_5666,O=C1C(=Cc2ccc(O)cc2)CCC1=Cc1ccc(O)cc1
mol_5667,COc1cc(O)c(C(=O)CC(C)=O)c(OC)c1
mol_5668,COC(=O)c1nc(S)nc(O)c1-c1ccc(Cl)cc1
mol_5669,Nc1ccc(S(=O)(=O)Nc2cnc3ccccc3n2)cc1
mol_5670,CC(C)=CCCC(C)C1=C(O)C(=O)C(C)=C(Nc2ccccc2Cl)C1=O
mol_5671,Cl.Nc1nccc(Nc2ccc(S(N)(=O)=O)cc2)n1
mol_5672,Nc1ccc2nc(N)n[n+]([O-])c2c1
mol_5673,Cc1ccc(-c2cc(-c3ccco3)c(C#N)c(=O)n2C2OC(OC(=O)c3ccccc3)C(OC(=O)c3ccccc3)C2OC(=O)c2ccccc2)cc1
mol_5674,CC1=C(C=CC2=CC(=CC(=O)O)CC(C3=C(C)CCCC3(C)C)C2)C(C)(C)CCC1
mol_5675,CC(=O)C1=CC=CC1=NNc1ccccc1
mol_5676,Cn1c(=O)n(CC2CS2)c2ccccc21
mol_5677,CCCCCCCCCCCCCCCCN1CCCCCC1=O
mol_5678,CC1NC(=O)COC1c1ccccc1
mol_5679,COc1cc2c(cc1OC)C(=Cc1ccc(N(C)C)cc1)C=C2
mol_5680,N#Cc1c2c(c(Cl)n3c1nc1ccccc13)CCCC2
mol_5681,Cl.NC(CO)Cc1c[nH]cn1
mol_5682,CCOC(=O)C(O)C(O)C(=O)NCc1ccc(C(=O)c2ccccc2)cc1
mol_5683,O=C1CCC(=O)c2sccc2N1
mol_5684,O=S(O)CCCCSSCc1ccccc1CSSCCCCS(=O)O.[NaH]
mol_5685,COc1ccc(-n2c(C)nc3ccc(N=Cc4ccccc4)cc3c2=O)cc1
mol_5686,CC1=NN(c2ccccc2)C(=O)C1C(=O)C(=O)Nc1ccc(C)cc1C
mol_5687,O=C1c2ccccc2C(=O)C1(Br)c1ccccc1
mol_5688,COc1cccc2c1C(=O)c1c(O)c3c(c(O)c1C2=O)CC(O)(C(C)=O)CC3OC1CC(N)C(O)C(C)O1
mol_5689,CC1(C)CC(=O)c2c(nc3ccc4ccccc4c3c2-c2ccc(NC(=O)CCCCCCCCC(=O)Nc3ccc(-c4c5c(nc6ccc7ccccc7c46)CC(C)(C)CC5=O)cc3)cc2)C1
mol_5690,N=CN=CC(=S)OC1C(=O)N2CCCC23CCCCC13
mol_5691,COC(=O)C1CN(C(=O)c2ccccc2)C(=O)N1C(=O)OCc1ccccc1
mol_5692,CCN1C(=O)N(C)C(O)c2c1nc1ccccn1c2=O
mol_5693,Cc1occc1C(=S)Nc1ccc(Cl)c(C(=O)OC(C(C)C)C(C)C)c1
mol_5694,Cc1ccc(S(=O)(=O)N2CCCSCCN(S(=O)(=O)c3ccc(C)cc3)CCCSCC2)cc1
mol_5695,COc1ccc(S(=O)(=O)NN=C(C)CN2C(=O)c3ccccc3C2=O)cc1
mol_5696,CC(C)OC=C1CCc2ccccc2C1=O
mol_5697,Nc1cnnc(S)c1S
mol_5698,CCOc1cnc(C2CCC3C4CC=C5CC(O)CCC5(C)C4CCC23C)s1
mol_5699,CC(=O)C(=Cn1ccc(=O)[nH]c1=S)C(=O)Nc1ccc([N+](=O)[O-])cc1
mol_5700,N#CC1=C(O)NC(O)=C(C#N)C1c1ccc(Cl)cc1Cl
mol_5701,O=C(C=Cc1ccc(Cl)cc1)c1ccccc1
mol_5702,CCN(CC)C(=O)CCn1ccc(=O)[nH]c1=O
mol_5703,CCOC(=O)C(NC(=O)Nc1ccccc1F)(OC)C(F)(F)F
mol_5704,O=C1OCc2c1cc1cc3c(cc1c2-c1ccc2c(c1)OCO2)OCO3
mol_5705,CN(C)N1C(=O)SC(=Cc2ccc([N+](=O)[O-])cc2)C1=O
mol_5706,O=C1NC(=O)C2C1N(Cc1ccccc1)C(=O)N2Cc1ccccc1
mol_5707,Cc1c(CCO)c(=O)n2n1CCCC2
mol_5708,COc1ccc2c(ccc3c(COC(=O)NC(C)C)c(COC(=O)NC(C)C)n(C)c32)c1
mol_5709,CCC(C(=O)OC)C1CCN(C)C(=O)C12CO2
mol_5710,CC1=CC(=O)C(=CN2C(=O)CC(=O)NC2=S)C(=O)O1
mol_5711,CCCCC1C(=O)N2C=C(c3ccccc3)c3ccccc3N2C1=O
mol_5712,O=C1OC(=O)C2C1C=C(c1ccccc1)C1C3C=CC(C4C(=O)OC(=O)C34)C21
mol_5713,CCOC(=O)C1=C(N)N2C(=NC3CCCCC32)N=C1
mol_5714,COc1cccc([B-]23OCC[N+]2(CNC(=O)C2=C(O)C(N(C)C)C4CC5C(=C(O)C4(O)C2=O)C(=O)c2c(O)cccc2C5(C)O)CCO3)c1
mol_5715,CN(C)CCNC(=O)c1cccc2c(Nc3ccc(S(=O)(=O)NC(=N)N)cc3)c3ccccc3nc12
mol_5716,N#CC1=C(NC(=O)Nc2ccccc2)NC(=S)NN1
mol_5717,N#Cc1cnn2cc[nH]c12
mol_5718,CN1CCN(C(=S)N(C(=O)c2ccco2)C2CCCCC2)CC1
mol_5719,O=C1c2ccccc2C(=O)c2cc(N=Nc3c(O)ccc4ccccc34)ccc21
mol_5720,O=c1[nH]nc(Cc2ccccc2)n1N=Cc1ccncc1
mol_5721,Cc1cn(C2CN(O)CC(CO)O2)c(=O)[nH]c1=O
mol_5722,O=[N+]([O-])c1ccccc1CS(=O)(=O)c1ccccc1
mol_5723,CCOC(=O)c1ccccc1NN1C(=O)C=CC1=O
mol_5724,N#CC=Cc1cccc(C#N)c1
mol_5725,CSC(=NN=C(C)c1ccccn1)N1CCN(c2ccccn2)CC1
mol_5726,COc1cccc(Cc2c3cc(OC)ccc3cc[n+]2C)c1.[I-]
mol_5727,CCN(CC)CCN(CC)CC(=O)Nc1ccccc1Cl
mol_5728,Br.Cc1ccc(-c2csc(=Nc3ccccc3)n2NC(=O)c2ccncc2)cc1
mol_5729,C#Cc1c(C)c(C=CC(C)=CC(=O)OC)n(C)c1C
mol_5730,COc1cccc2c1[OH+][Cu-5]13(O)([S+]=C(N)[N-][N+]1=C2)[n+]1cccc2ccc4ccc[n+]3c4c21
mol_5731,COc1cc(C=C2C(=O)N=C(NC(C)=O)N2C)ccc1OC(C)=O
mol_5732,CN1CC(=Cc2ccc(N(C)C)cc2)C(=O)C(=Cc2ccc(N(C)C)cc2)C1
mol_5733,O=C(O)CCCc1ccc2c(c1)CC1(C2)Cc2ccc(CCCC(=O)O)cc2C1
mol_5734,CC12CCC(O)CC1=CCC1C2CCC2(C)C(=NOCCN3CCCC3)CCC12
mol_5735,O=c1n(-c2ccccc2)c(=O)n2n1C1C=CC2CCCCCC1
mol_5736,O=C1C(=O)N2CCCCc3cccc1c32
mol_5737,COCC12CCC(OC)C34C5CC6(O)C(OC)CC(OC(C)=O)(C5C6OC(=O)c5ccccc5)C(C(OC)C13)C4N(C=O)C2
mol_5738,CC1(C)OC(=O)C(C)(C(O)c2ccccc2)O1
mol_5739,COc1ccc(OC)c(C=C(C#N)c2ccc([N+](=O)[O-])cc2)c1
mol_5740,COP(=O)(OC)C(=NNc1ccc([N+](=O)[O-])cc1)NCc1ccccc1
mol_5741,C=C(OC1C(C)=C2C(C1OC(=O)CCCCCCC)C(C)(OC(C)=O)CC(OC(=O)CCC)C1(O)C2OC(=O)C1(C)O)C(C)=CC
mol_5742,O=C(OCCN=C1c2ccccc2CCc2ccccc21)c1cc([N+](=O)[O-])cc([N+](=O)[O-])c1
mol_5743,CCOC(=O)C(O)(NC(=O)c1ccccc1F)C(F)(F)F
mol_5744,COC(=O)C1ON2OC(OC3CCCCC3C(C)(C)c3ccccc3)CC3CCC1C32C
mol_5745,CCCCN(CCCC)c1c([N+](=O)[O-])c(=O)nc2ccccn12
mol_5746,Cc1c(C=NNC(=S)Nc2cccc(Cl)c2)c(=O)n(-c2ccccc2)n1C
mol_5747,CC1(C)C(=NNC(=O)C[N+](C)(C)C)C(C)(C)C1=NNC(=O)C[N+](C)(C)C.[Cl-]
mol_5748,S=C(NCCc1ccccn1)NN=C(c1ccccc1)c1ccccn1
mol_5749,O=C1c2cnccc2Cc2cccc3c2N1c1ccccc1S3
mol_5750,Clc1cc2nncc(N3CC3)c2cc1Cl
mol_5751,COC(=O)C(Cc1c[nH]c2ccccc12)NP(=O)(O)OCC1OC(n2cc(F)c(=O)[nH]c2=O)CC1O
mol_5752,Cc1cc(O)nc(CNC(=O)c2cccc3ccccc23)n1
mol_5753,CCN(CC)CN1C(=O)C(=O)c2ccccc21
mol_5754,CC1=NNC(=O)C1C1(C(=O)O)CC(c2c[nH]c3ccccc23)=NC(=S)N1
mol_5755,COP(=O)(OC)c1nc(P(=O)(OC)OC)nc(P(=O)(OC)OC)n1
mol_5756,Cc1cc(Br)c(O)c(-c2cscn2)c1
mol_5757,CCCC(Sc1ccccc1)P(=O)(c1ccccc1)c1ccccc1
mol_5758,N#CC(=Cc1cccc(N)c1)c1ccccc1
mol_5759,O=c1ccc2ccccc2o1
mol_5760,c1ccc2c(c1)[nH]c1nc3cc(-c4ccc5nc6c(nc5c4)[nH]c4ccccc46)ccc3nc12
mol_5761,Cc1nc2c(nc1C)C(=O)C(Cl)=C(N)C2=O
mol_5762,OCCN1CCN(CCC=C2c3ccccc3Sc3ccc(Cl)cc32)CC1
mol_5763,O=C(NC(=O)c1c(Cl)nc2sccn12)Nc1ccc(Cl)cc1
mol_5764,CCOC(=O)c1cnc2ccc(C)cn2c1=O
mol_5765,CCOC(=O)C1Cc2ccc(OC)cc2C2=CC(=O)CCC21
mol_5766,CP1(=S)CC(Cl)=C2CCCCC21
mol_5767,CCOC(=O)N=c1nc(N(C)C)ss1
mol_5768,CC1CC2=C(C(=O)O1)C(c1ccccc1)Nc1ccccc1N2
mol_5769,CC1=NN2C(c3ccc([N+](=O)[O-])cc3)=CSC2=NC(C)(C)C1
mol_5770,Nc1nc(Cl)cc(NCC2(CCO)CCC2)n1
mol_5771,CC(C)(C)c1cc(Nc2c([N+](=O)[O-])cc([N+](=O)[O-])cc2[N+](=O)[O-])cc(C(C)(C)C)c1O
mol_5772,Cc1ccc(C(=O)CC2=Nc3nnc(CCCCCCCc4nnc5n4C(=O)C(CC(=O)c4ccc(C)cc4)=N5)n3C2=O)cc1
mol_5773,COC(=O)C=C(C)CCC1SC1(C)C
mol_5774,CN(C)CCNC(=O)c1cc(NC(=O)c2cc(NC(=O)CCC=C3C4CCC3N=N4)cn2C)cn1C
mol_5775,Cc1ccc(NC(=O)CCCC(CC(=O)c2ccc(Br)cc2)=NNC(=O)CC#N)cc1
mol_5776,CC1(N)COP(=O)(NCc2ccccc2)OC1
mol_5777,O=C(CCc1ccc(O)cc1)NCCc1cccc(O)c1
mol_5778,CC(C)(C)[Si](C)(C)OCC1OC(n2ccc(=O)[nH]c2=O)C(=CC#N)C1O[Si](C)(C)C(C)(C)C
mol_5779,NC(=O)C(c1ccccc1)N1CCCC1
mol_5780,O=C1C(=Cc2ccccn2)c2ccccc2N1Cc1ccccc1
mol_5781,O=[N+]([O-])C1CCC(=NO)c2nonc21
mol_5782,Cc1ccc(C)c(NC(=O)CC2C(=O)Nc3ccccc3S2(=O)=O)c1
mol_5783,COC(=O)c1c2c(cc3c1CC1(Cc4ccccc4C1=O)C3)CCC2
mol_5784,O=c1[nH][nH]c(=O)n1Cc1ccccc1Cn1c(=O)[nH][nH]c1=O
mol_5785,c1ccc(N=C2SC3=NCCN3C2=Nc2ccccc2)cc1
mol_5786,CC1(C)C(=NO)C2(C#N)CCC1C2
mol_5787,Brc1c(C(Br)Br)ccc2ccccc12
mol_5788,COC(=O)CN(CC(=O)OC)S(=O)(=O)c1ccc(-c2c3ccc(n3)c(-c3ccc(S(=O)(=O)N(CC(=O)OC)CC(=O)OC)cc3)c3ccc([nH]3)c(-c3ccc(S(=O)(=O)N(CC(=O)OC)CC(=O)OC)cc3)c3ccc(n3)c(-c3ccc(S(=O)(=O)N(CC(=O)OC)CC(=O)OC)cc3)c3ccc2[nH]3)cc1
mol_5789,COc1ccc(N2C(=O)C3CC(c4ccc(Br)cc4)c4c([nH]c5ccccc45)C3C2=O)cc1
mol_5790,N#CCN1CCCCCc2ccccc21
mol_5791,Cc1oc2ccccc2c(=O)c1C
mol_5792,COC(=O)C(C(=O)C(=O)Nc1c(C)cccc1C)c1cnc2ccccc2n1
mol_5793,C=COCCCOc1ccccc1
mol_5794,Cc1ccc(C2=Nc3ccccc3NC(=O)C2)cc1
mol_5795,COc1ccc(C2C3=C4[OH+][Ge]5([O+]=C4C=C(C(C)C)C=C3)[O+]=C3C=C(C(C)C)C=CC2=C3[OH+]5)cc1
mol_5796,O=C(Cc1ccccc1)NNc1nc(NNC(=O)c2ccncc2)nc(Nc2ccccc2)n1
mol_5797,CC12CCC(C(Nc3ccccn3)C1=O)C2(C)C
mol_5798,Cc1cc2nc3c(C(OC4OC(CO)C(O)C(O)C4O)C(O)CO)nn(-c4ccccc4)c3nc2cc1C
mol_5799,CCOC(=O)C=Cc1cccc(OC)c1
mol_5800,CCOC(=O)c1nc2ccccc2nc1NCc1ccc(OC)cc1
mol_5801,CCOC(=O)CCC(=O)C1c2cccc(O)c2C(=O)c2c(O)cccc21
mol_5802,COC(=O)c1cc2c(c(C(=O)OC)c1)CCC2
mol_5803,CCCCCCc1cc2c(C)c(C)c(=O)oc2cc1OCCCOc1cc2oc(=O)c(C)c(C)c2cc1CCCCCC
mol_5804,CCCC[As](CCCC)SC1CCC2(C)C(=CCC3C4CCC(=O)C4(C)CCC32)C1
mol_5805,COCn1cnc2c(=O)n(-c3ccc(C)cc3)c(=S)n(-c3ccc(C)cc3)c21
mol_5806,CCOC(=O)C(=CNC(=S)c1ccncc1)C(=O)OCC
mol_5807,CCCCC1OCCOC1C1COCCO1
mol_5808,CN1CN(c2ccccc2)C2(CCN(CCCC3(c4cccs4)OCCO3)CC2)C1=O.O=C(O)C=CC(=O)O
mol_5809,Sc1ncc2c(n1)C1c3ccccc3C2c2ccccc21
mol_5810,OC12c3ccccc3C1CCCCCC21OCCCO1
mol_5811,CC(=O)OCC1OC(n2cc([N+](=O)[O-])c(=O)[nH]c2=O)C(OC(C)=O)C(OC(C)=O)C1OC(C)=O
mol_5812,O=C(CC(=O)Nc1cccc(Cl)c1)NNCC(=O)Nc1nnc(-c2ccccc2)s1
mol_5813,Nc1ccc(C(=O)NN2C(=O)C(Cl)C2c2cc(Br)cc(Br)c2O)cc1
mol_5814,CON=C(C(=O)Nc1c[n+](CC(=O)[O-])cs1)c1csc(=N)[nH]1
mol_5815,OCc1ccc2c(c1)CC1(C2)Cc2cc3c(cc2C1)CCC3
mol_5816,CC=C=CCN(C)Cc1ccccc1.O=C(O)C(=O)O
mol_5817,O=C(NN=Cc1c(-c2ccccc2)no[n+]1[O-])N1CCOCC1
mol_5818,Cc1cc(C(c2cc(C(=O)O)c(O)c(C(C)c3ccco3)c2)c2ccco2)cc(C(=O)O)c1O.N
mol_5819,CC1CCC2(CC1)NC1=C(CC(C)CC1)C1=C2CC(C)CC1
mol_5820,Cc1ccc2cc(NC(=O)CN)c3ccc(C)nc3c2n1
mol_5821,CS(=O)(=O)CC1=Nc2nnc(CCCCCCCc3nnc4n3C(=O)C(CS(C)(=O)=O)=N4)n2C1=O
mol_5822,[O-][Cl+3]([O-])([O-])O.c1ccc2c(c1)sc1scc[n+]12
mol_5823,CN(OC(=O)CC(=O)c1ccccc1)C(=O)Cc1ccccc1
mol_5824,CCN(N=O)C1C2(CCCC2)NC(=O)C12CCCC2
mol_5825,CC1=NC(=Cc2cccc(Cl)c2)C(=O)N1n1c(-c2ccccc2)nc2ccccc2c1=O
mol_5826,COc1ccc(C2(O)c3c(ccc(O)c3OC)C2OC)c(OC)c1
mol_5827,Cc1c(Cl)cccc1NC(=O)CC1Sc2ccccc2NC1=O
mol_5828,C=CCC=CCC=CCCCCCCCc1cccc(O)c1C(=O)O
mol_5829,Cc1cc(S(=O)(=O)Nc2nc(N)nc(N3CCOCC3)n2)c(S)cc1Cl
mol_5830,CCCC[Sn](CCCC)(OC(=O)C=Cc1ccccc1F)OC(=O)C=Cc1ccccc1F
mol_5831,CCCC=C(Br)[Si](C)(C)C
mol_5832,CCCCCCCC(=O)[OH+][Co-4](N)(N)(N)(N)N.[O-][Cl+3]([O-])([O-])O
mol_5833,CC1(C(=O)O)CCC2(C)CCC3(C)C(=CCC4C5(C)CCC(O)C(C)(C)C5CCC43C)C2C1
mol_5834,CC(=O)N1c2ccccc2Sc2cc(C(O)(C(F)(F)F)C(F)(F)F)ccc21
mol_5835,Cc1ccc(NC(=S)Nc2ccccc2C)nc1
mol_5836,COc1ccccc1C=CC(=O)C=Cc1ccccc1O
mol_5837,OCC1OC2(CCCC3CC32)OC1CO
mol_5838,COc1ccc(OC)c(C=C2CCc3ccccc3C2=O)c1
mol_5839,COc1ccc(N2C(=O)C(N=[N+]=[N-])C2C2COC(C)(C)O2)cc1
mol_5840,COc1nc(O)c2nc(C(OC(C)=O)C(COC(C)=O)OC(C)=O)cnc2n1
mol_5841,CCOP(=O)(OCC)C(C#N)=Cc1cccn1CC(C)C
mol_5842,O=C(NN1C(=O)C=CC1=O)c1ccccc1Nc1ccccc1C(=O)NN1C(=O)C=CC1=O
mol_5843,CC1C(=NO)C(C)C(c2ccccc2)N(N=O)C1c1ccccc1
mol_5844,O=C(Nc1ccc(Cl)c(Cl)c1)C(=O)C(C(=O)c1ccccc1F)C1OC(=O)c2ccccc21
mol_5845,O=C(O)c1ccccc1P12(OC(=O)c3ccccc31)OC(=O)c1ccccc12
mol_5846,CC1CN(C(=O)CCOS(C)(=O)=O)C(C)CN1C(=O)CCOS(C)(=O)=O
mol_5847,Nc1ccc(S(=O)(=O)O)cc1[N+](=O)[O-]
mol_5848,CC(C)C(=NP(=O)(c1ccccc1)c1ccccc1)N(C)C
mol_5849,N#CCCC1(CCC#N)S(=O)(=O)OCCOS1(=O)=O
mol_5850,COC(=O)c1cc(C(=CCCN)c2cc(Cl)c(OC)c(C(=O)OC)c2)cc(Cl)c1OC.Cl
mol_5851,COc1nc(C)nc2sc3c(c12)CCCC3
mol_5852,CCC(=O)NC(OCC1(CC)COC1)(C(F)(F)F)C(F)(F)F
mol_5853,CCCCCC(=O)Nc1nc[nH]c1C(N)=O
mol_5854,O=C1c2ccccc2-c2c(Br)c3ccccc3c(=O)n21
mol_5855,Cc1cccc(NC(=S)Nc2ccc([N+](=O)[O-])cc2)n1
mol_5856,CC(C)CN1CC(=O)N2Cc3ccccc3CN2C(=O)C1
mol_5857,CCCCC1CCN2CC(O)C(O)C2C1O
mol_5858,C=C1CC(OC)(C(O)C(=O)NC(OC)C2CC(O)C(C)(C)C(CC(COC)OC)O2)OC(C)C1C
mol_5859,CCN(CC)C(=S)SS(=O)(=O)c1ccccc1[N+](=O)[O-]
mol_5860,COc1cc(N(C)C)ccc1C=Cc1ccnc2ccccc12
mol_5861,CCOC(=O)C1Oc2ccc([N+](=O)[O-])cc2C1(C)O
mol_5862,O=C(NCc1ccccc1)C(=Cc1ccccc1)NC(=O)c1ccccc1
mol_5863,Cc1cc2c(cn1)C(=O)OCC2
mol_5864,Cl.N=C(N)c1csc(C2OC(CO)C(O)C2O)n1
mol_5865,Cc1ccc(S(=O)(=O)NN=C(C(=O)Nc2cccc([N+](=O)[O-])c2)c2nc3ccc([N+](=O)[O-])cc3nc2O)cc1
mol_5866,C1CCC(CC[N+]23CC[N+](CCC4CCCC4)(CC2)C3)C1
mol_5867,CC(C=NNc1ccc([N+](=O)[O-])cn1)=NNc1ccc([N+](=O)[O-])cn1
mol_5868,COc1ccccc1C=C1NC(=S)N(C=C2C(=O)Oc3ccccc3C2=O)C1=O
mol_5869,CCOC(=O)c1c(O)cn2c1[nH]c1cccc3cccc2c31
mol_5870,CCCCCCCCCCC#CCC(=O)SCCNC(=O)CCNC(=O)C(O)C(C)(C)COP(=O)(O)OP(=O)(O)OCC1OC(n2cnc3c(N)ncnc32)C(O)C1OP(=O)(O)O
mol_5871,O=C(Cc1ccccc1)NC(C(=O)c1ccccc1)c1ccccc1
mol_5872,Cn1c(=O)nc2n(-c3ccc(Cl)cc3Cl)c3ccccc3nc-2c1=O
mol_5873,O=C1OC(c2cccc3ccc(Br)cc23)c2ccccc21
mol_5874,Cc1cccc2c(=O)c3ccccc3oc12
mol_5875,COc1ccc(C(=O)NNC(=O)c2nsc3ccccc23)cc1
mol_5876,CC(=NN=Cc1ccccn1)C(C)=NN=Cc1ccccn1
mol_5877,COC(=O)C(Cn1cnc2c(Cl)nc(N)nc21)P(=O)(OC)OC
mol_5878,CC(=NO)c1ccccc1
mol_5879,O=C(CO)CC(=O)C(=O)Nc1cccc(C(F)(F)F)c1
mol_5880,C=C1C(OC(=O)C(O)C(c2ccccc2)N(C)C)CC(OC(C)=O)C2(C)C1CC1CC(=O)C(C)=C(C(OC(C)=O)C2OC(C)=O)C1(C)C
mol_5881,Cl.NC(=O)C(=CNc1nc(-c2cccc([N+](=O)[O-])c2)cs1)C(N)=O
mol_5882,O=P1(Oc2ccc(Cl)cc2)OCCS1
mol_5883,Cn1c(=O)c2c(nc3sc4c(n32)C(=O)c2c(O)ccc(O)c2C4=O)n(C)c1=O
mol_5884,NNC(=O)CNC(=O)c1ccc(Cl)cc1Cl
mol_5885,COc1cc(C(=O)CC(O)(C(F)(F)F)C(F)(F)F)cc(OC)c1OC
mol_5886,COc1ccc(CC(NC(=O)NSc2ccccc2)C(=O)NC2C(CO)OC(n3cnc4c(N(C)C)ncnc43)C2O)cc1
mol_5887,N#CC(C#N)=CN1CCCCCC1
mol_5888,O=[N+]([O-])C(=C(Cl)NCCO)C(Cl)=C(Cl)Br
mol_5889,Cc1ccc(O)c(Cc2cc(C)cc(Cc3cc(C)ccc3O)c2O)c1
mol_5890,O=C(O)c1ccc(S(=O)(=O)O)o1
mol_5891,O=C(O)c1ccccc1C(=O)OC1CC2CC1C1OCC21
mol_5892,CC(=O)ONC(C(=O)C(C)(C)C)C(=O)C(C)(C)C
mol_5893,CCc1cccc(C(C)C)c1NC(=O)CC1Sc2ccccc2NC1=O
mol_5894,COc1ccc(I)c(CCC(CO)C2=CCC3(CC2)OCCO3)c1
mol_5895,O=C(Cc1cc[n+]([O-])cc1)C(=O)Nc1cc(Cl)c(Cl)cc1Cl
mol_5896,O=C(CSc1nc(-c2ccccc2)c(-c2ccccc2)[nH]1)NN=Cc1ccc(Cl)cc1
mol_5897,COC(=O)C(C(=NNC(N)=O)C(=O)Nc1ccc(C)cc1)c1nc2ccc([N+](=O)[O-])cc2nc1O
mol_5898,O=C1CC(c2ccc(O)c(O)c2)Oc2cc(O)cc(O)c21
mol_5899,Cc1no[n+]([O-])c1C=NNS(=O)(=O)c1ccccc1
mol_5900,O=S(=O)(N=C1SC(=Nc2ccccc2)N(c2ccccc2)C1=NS(=O)(=O)c1ccccc1)c1ccccc1
mol_5901,CN(N=Cc1ccc2ccccc2c1)C1=NCCN1.I
mol_5902,NCCCC1CCCCNC1
mol_5903,C1=CC2=[S+][Mn+2]3([OH+]N2C=C1)[OH+]N1C=CC=CC1=[S+]3
mol_5904,C=C1SC(=Nc2ccc(Cl)cc2)N(c2nc(Cl)nc(Cl)n2)C12CCCCC2
mol_5905,COCC(N=CC(C)(C)C)C(C)C
mol_5906,S=C(c1c[nH]c2ccccc12)N1CCCCC1
mol_5907,Cc1cccc(C2=NC(c3ccccc3)C(c3ccccc3)N=C2c2cccc(C)n2)n1
mol_5908,CN(N=Cc1ccc2ccccc2c1)C1=NCCCCN1.I
mol_5909,COc1ccc([N+](=O)[O-])c2c(NCCCN(C)C)ccnc12.Cl
mol_5910,COc1cc(OC)c2nc3ccccc3c(NCCC[N+](C)(C)O)c2c1[N+](=O)[O-].Cl.[Cl-]
mol_5911,N#CCCN(CCC#N)c1ccc(C=C2N=C(c3ccccc3)N(NC(=O)c3ccncc3)C2=O)cc1
mol_5912,O=C1CC2(CC3CCCCCCCCCC(C3)C2)N1
mol_5913,C[N+](C)(C)CCC#CC[N+]1(C)CCCC1
mol_5914,Sc1nc(Nc2ccc(Cl)cc2)c2c3c(sc2n1)CCCC3
mol_5915,CCCCCOC(=S)SSSC(=S)OCCCCC
mol_5916,CC(=O)n1c(=O)c2cc3c(=O)n(-c4cccc(C#N)c4)c(=O)c3cc2c1=O
mol_5917,O=C(Nc1ccc(Cl)c(Cl)c1)OCCN1c2ccccc2Sc2ccccc21
mol_5918,Nc1ncc(C=NO)c(NCC2(CO)CC(CCc3ccccc3)C2)n1
mol_5919,O=C(Nc1ccn(CCOC(=O)c2ccccc2)c(=O)n1)c1ccccc1
mol_5920,NC1=NS(=O)(O)=NC(N)=C1N=Nc1ccccc1
mol_5921,O=C1c2ccccc2C(=O)N1CCc1ncc[nH]1
mol_5922,OC1=CN=COc2ccccc21
mol_5923,Cc1ccc(-n2cc(-c3ccc(Cl)cc3)c3c(=N)n(N)cnc32)cc1
mol_5924,Cc1ccc(S(=O)(=O)NC(=S)S)cc1
mol_5925,O=C(CSC(=S)N1CCCCC1)Nc1nc2c(s1)CCCC2
mol_5926,CC(C)[Si](OCCC=CC1CCC(=O)C1C(O)C1CCCCC1)(C(C)C)C(C)C
mol_5927,CCCc1cc(O)c2c(C)c3[nH]c4ccc(Cl)cc4c3c(C)c2n1.CS(=O)(=O)O
mol_5928,CC(=O)C1(O)CC2(c3ccccc3)C(=O)C1(c1ccccc1)C(c1ccccc1)=C2c1ccccc1
mol_5929,Cc1ccc(S(=O)(=O)N2CCc3cc(O)c([N+](=O)[O-])cc32)cc1
mol_5930,Cc1cc(S(=O)(=O)Nc2nc(N)nc(N3CCOCC3)n2)c(SCC(=O)O)cc1Cl
mol_5931,O=C1CCCC(=O)NNC(=O)Nc2ccc(cc2)Cc2ccc(cc2)NC(=O)NN1
mol_5932,OC1=C2Nc3ccccc3N=C2OC1c1ccncc1
mol_5933,C=C(c1ccc(OC)cc1)C(CC)c1ccc(OC)cc1
mol_5934,COc1ccc(C2(OC)Oc3ccccc3-c3nc4ccccc4nc32)cc1
mol_5935,Cl.O=C1c2ccccc2Sc2ccccc2N1CCCCCN1CCN(c2ccc(F)cc2)CC1
mol_5936,C=C(Br)CN(C#N)CC(=C)Br
mol_5937,CC12CCC3C(CCC4CC(O)CCC43C)C1Cc1cc3ccccc3nc12
mol_5938,COCCCC(=O)NC(c1ccccc1)(c1ccccc1)c1ccccc1
mol_5939,N#Cc1cccc(C=C2CCc3ccccc3C2=O)c1
mol_5940,C[N+](C)(C)CC1CCCC1=NOC(=O)c1ccccc1.[I-]
mol_5941,CCCOC(=O)C(F)C(Br)C(=O)OCCC
mol_5942,NC(CS)C(=O)NCCNCCNc1ccc(NCCNCCNC(=O)C(N)CS)c2c1C(=O)c1c(O)ccc(O)c1C2=O
mol_5943,Oc1ccc2cc(SSc3ccc4cc(O)ccc4c3)ccc2c1
mol_5944,CC(=O)OCC1OC(n2c(-c3ccc(C)cc3)cc(-c3ccco3)c(C#N)c2=S)C(OC(C)=O)C(OC(C)=O)C1OC(C)=O
mol_5945,NC(=O)NC=C1C(=O)Oc2ccccc2C1=O
mol_5946,CC(C)Cc1nc(-c2cc3ccccc3[nH]2)c(CC(C)C)nc1-c1cc2ccccc2[nH]1
mol_5947,COC1CC(COCc2ccccc2)CC(OC)O1
mol_5948,O=C(O)CNC(=O)Cn1[se]c2ccccc2c1=O
mol_5949,O=C(O)C=Cc1ccc(Oc2ccccc2C(=O)O)o1
mol_5950,COC(=O)C1=CCC(n2cnc3c(N)ncnc32)CC1
mol_5951,CSC1=C(C(=O)Nc2ccc(C)cc2)C(=N)NC1=O
mol_5952,C1=Nc2ccccc2N=Cc2ccccc2NCCNc2ccccc21
mol_5953,O=C(Cc1nc2ccc(C(=O)c3ccccc3)cc2nc1O)C(=O)Nc1nc2ccccc2[nH]1
mol_5954,O=C1c2ccccc2C(=O)N1N=Cc1ccc(O)cc1
mol_5955,CC1C(=O)OC1C(O)CO
mol_5956,CCCCN(CCCC)C(=O)C(=O)C(C)C(=O)CC
mol_5957,CCOC(=O)C(=Cn1c(=S)[nH]c2ccccc21)C(=O)c1ccccc1
mol_5958,Oc1ccc(I)c2cccnc12
mol_5959,CC(C=Cc1ccccc1Cl)=NC(=S)NC(N)=S
mol_5960,Cc1ccc(N2C(=O)N(c3ccc(C)cc3)C3(Sc4ccccc4N3C)C2=O)cc1
mol_5961,Cl.O=C(O)CCN(CCCCN(CCC(=O)O)CCC(=O)O)CCC(=O)O
mol_5962,CCOC(=O)c1c(C(F)(F)F)oc2c1ccc1nc3nonc3nc12
mol_5963,COC(=O)C12Oc3ccc(-c4ccc5c(c4O)C(=O)C4=CCC(C)C(O)C4(C(=O)OC)O5)c(O)c3C(=O)C1=CCC(C)C2O
mol_5964,CSC(=NC(=O)c1ccccc1Cl)SCCSC(=NC(=O)c1ccccc1Cl)SC
mol_5965,C[N+](C)(C)CC1Cc2ccccc2C1=O.[I-]
mol_5966,Cn1cc(C(N)=O)ccc1=N
mol_5967,Cc1nc(-n2nc(-c3ccccc3)cc2-c2ccccc2)sc1C(=O)C=Cc1ccc(Cl)c(Cl)c1
mol_5968,O=[N+]([O-])c1cccc(C2=NOC3CCCC23)c1
mol_5969,Fc1ccc(NC2=NCCN=C(Nc3ccc(F)cc3)SS2)cc1
mol_5970,CCCCCCCCCCCC=C(C(=O)CCCO[Si](C)(C)C(C)(C)C)C(=O)OC
mol_5971,CCC(=C(C#N)c1ccc(Cl)cc1)c1ccc(OCCN(CC)CC)cc1
mol_5972,O=C1C(Br)=C(Br)C(=O)c2ccc(=O)ccc21
mol_5973,CCc1ccc(C(C#N)=Cc2ccc(N(C)CCC#N)cc2)cc1
mol_5974,CNC(=O)C(Cc1ccccc1)NC(=O)N(CCC#N)CCN(C(=O)NC(Cc1ccccc1)C(=O)OC)c1ccccc1
mol_5975,Oc1nc(C2CCCCC2)nc2cc(Cl)ccc12
mol_5976,O=c1[nH]c2ncccc2c(=O)n1OS(=O)(=O)c1ccccc1
mol_5977,CC(=O)Nc1ccc(C(=O)NN2C(=O)C(Cl)C2c2ccccc2)cc1
mol_5978,Nc1ccc(S(=O)(=O)c2ccc(NCNC(CSSCC(NCNc3ccc(S(=O)(=O)c4ccc(N)cc4)cc3)C(=O)O)C(=O)O)cc2)cc1
mol_5979,CN(C)c1ccc(C=C2Cc3ccccc3C2=O)cc1
mol_5980,COc1ccc(CC(=O)NCCc2ccc(OC)c(OC)c2)cc1Br
mol_5981,Cc1ccc(N=C2C(=Nc3ccc(C)cc3)N(c3ccc(C)cc3)C(=S)N2C(=O)c2ccccc2)cc1
mol_5982,[N-]=[N+]=NC1=NNC2(C(=O)N1)c1ccccc1-c1ccccc12
mol_5983,CN(C)CCC=C1c2ccccc2C=Cc2ccccc21
mol_5984,C=CC1c2ccccc2C=CC12C=CC(=O)CC2
mol_5985,CN1C2(c3ccccc3)c3c(-c4ccccc4)sc(-c4ccccc4)c3C1(c1ccccc1)C1C(=O)N(c3ccccc3)C(=O)C12
mol_5986,CC(=O)Oc1cc2c(n(C)c1=O)-c1ccccc1C2
mol_5987,O=P(Nc1ncccn1)(Oc1ccccc1)Oc1ccccc1
mol_5988,O=C1CN=C(c2ccc[nH]2)c2cc(Cl)ccc2N1
mol_5989,O=C1CSC(c2cccc(Cl)c2)N1N1C(=O)CSC1c1cccc(Cl)c1
mol_5990,CCOC(=O)C(C(=O)c1ccccc1)=C1NC(C(=O)OCC)CS1
mol_5991,CC12CC(=Cc3ccccc3)C(=O)C3C1CCCC32
mol_5992,CC(=O)N1CN2C(=O)CCC2c2cc(C)ccc21
mol_5993,N#CC(C#N)=Cn1c(=S)[nH]c2ccc([N+](=O)[O-])cc21
mol_5994,CCOC(=O)CNC(=O)C(Cc1ccccc1)NC(=O)C(N)CC(=O)O
mol_5995,O=C(Nn1c(-c2ccccc2)nc2ccccc2c1=O)c1ccccc1O
mol_5996,CCOc1ccccc1N1CSc2nnc(-c3ccccc3)n2C1
mol_5997,O=c1c2ccccc2nc(-c2ccccc2)n1NC(=S)Nc1cccc(Cl)c1
mol_5998,O=C1CSC2=NC3=C(COCC3=Cc3ccc(Br)cc3)C(c3ccc(Br)cc3)N12
mol_5999,Cc1ccc(C(C)C)c(OP(=S)(S)Oc2cc(C)ccc2C(C)C)c1
mol_6000,O=C1CC(O)(c2ccccc2)C(c2ccccc2)=C1c1ccccc1
mol_6001,O=c1[nH]nc(Cc2ccccc2)n1CCCl
mol_6002,CCCCCCCCCC=CC=CC(=O)NCC(=O)NC1C(O)C(O)C(Nc2ncnc3nc[nH]c23)OC1C(O)CO
mol_6003,Cl.O=C1C(=Cc2ccccc2)CCCC1CN1CCCCC1
mol_6004,Cl.NCCC1([N+](=O)[O-])C=CN=CC1
mol_6005,COc1ccccc1C(=O)NO
mol_6006,CC1(C)C2(C(N)=O)C(=O)NC(=O)C12C(=O)O
mol_6007,CN1CCc2ccccc2C(C(=O)c2ccccc2)=C1O
mol_6008,CSc1ccc(NC(=S)NN(C)C)cc1
mol_6009,N#Cc1cc([N+](=O)[O-])ccc1NC(=O)C(F)(F)F
mol_6010,CCOC(=O)C(=[N+]=[N-])C(=O)CN1C(=O)C2CC(C)=C(C)CC2C1O
mol_6011,NC(=O)Cc1ncn(-c2ccccc2)n1
mol_6012,CCOC(=O)CSc1nc(N)c2c(-c3ccccc3)c3c(nc2n1)CCCC3
mol_6013,COc1ccc(-c2c(C3=NCCCN3)nnn2-c2ccccc2)cc1
mol_6014,O=C1COc2ccc([N+](=O)[O-])cc2C(=O)C1
mol_6015,CCCc1c(O)nc(Nc2nc3ccccc3[nH]2)nc1O
mol_6016,O=C(C=C1Nc2ccccc2C(=O)N1c1ccc(Cl)cc1)c1ccncc1
mol_6017,COc1ccc(C(=O)C(c2ccc(OC)cc2)C2C(=O)Oc3ccccc32)cc1
mol_6018,CC(C)C1CCCC=CC=CC=CC=CC(OC2OC(C)C(O)C(N)C2O)CC2OC(O)(CC(O)CC(O)C(O)CCC(=O)O1)CC(O)C2C(=O)O
mol_6019,C=C(Br)CC12CC3(CCC1c1ccc(OC)cc1C2=O)OCCO3
mol_6020,CS(=O)(=O)c1cc(O)nc(O)n1
mol_6021,CCN1C(=O)c2cc(OC)c(OC)cc2C(=O)C12OC(=O)c1cc3c(cc12)OCO3
mol_6022,CCCCc1ccc(Nc2nc(O)c3ncn(C4CC(O)C(CN=[N+]=[N-])O4)c3n2)cc1
mol_6023,CC=CCP(=O)(c1ccccc1)c1ccccc1
mol_6024,COC(=O)CN1C(=O)C2(C(=O)OC)OC1(c1ccc([N+](=O)[O-])cc1)C1C(=O)N(c3ccccc3)C(=O)C12
mol_6025,OC1CCC(COC(c2ccccc2)(c2ccccc2)c2ccccc2)O1
mol_6026,CCOC(=O)C(NC(C)=O)(Nc1ccc(S(N)(=O)=O)cc1)C(F)(F)F
mol_6027,CCCC[Sn]1(CCCC)OCC(CN2CCCCC2)O1
mol_6028,O=C1CCCCC1C(O)CC1CC(=O)N(c2ccccc2)C(=O)C1
mol_6029,O=S(=O)(O)C(O)C(O)S(=O)(=O)O
mol_6030,CN(C)c1ccc(-c2nc(O)c3ccccc3[n+]2C)cc1
mol_6031,COc1ccc(CN2CCCN(Cc3ccc(OC)cc3OC)C2c2cc(Cl)cc(Cl)c2O)c(OC)c1
mol_6032,CC(=O)C1=C2SCCN2C(=O)CC1
mol_6033,COc1cc2c(c(OC)c1OC)C1=NNC(=O)C1(C)CC2
mol_6034,N#CC(=Cc1ccccc1)S(=O)(=O)C(C#N)=Cc1ccc(O)c(O)c1
mol_6035,CC12CC(=O)OC(Cc3ccccc31)O2
mol_6036,C#CCNCC(=O)O
mol_6037,COc1ccc2c(c1)[n+]([O-])c(C(=O)CC(=NOCCCc1ccccc1)C(=O)NC13CC4CC(CC(C4)C1)C3)c(C)[n+]2[O-]
mol_6038,COC(=O)C(Cc1ccccc1)NC(=O)N1CCCN(C(=O)NC(Cc2ccccc2)C(=O)OC)CCCN(C(=O)NC(Cc2ccccc2)C(=O)OC)CCC1
mol_6039,CN(C)CCCNC(=O)CCNC(=O)c1cc(NC(=O)c2cc(NC(=O)c3cc(NC(=O)CCCNC(=O)c4cc(NC(=O)c5cc(NC(=O)c6nccn6C)cn5C)cn4C)cn3C)cn2C)cn1C.O=C(O)C(F)(F)F
mol_6040,O=C1C(=Cc2ccc(O)c(O)c2)CCC1=Cc1ccc(O)c(O)c1
mol_6041,Cn1c2c(c3ccccc31)C1C(=O)N(c3ccccc3)C(=O)C1CC2
mol_6042,COc1ccc(CCc2ccccc2CC(=O)O)cc1
mol_6043,Nc1ccccc1S(=O)c1ccccc1
mol_6044,S=C(NC1CCCCC1)SSSSC(=S)NC1CCCCC1
mol_6045,CON=C(C(=O)Nc1cncs1)c1csc(=N)[nH]1
mol_6046,N#Cc1ccc(C2Oc3ccc(Cl)cc3C=C2[N+](=O)[O-])cc1
mol_6047,OC(CNc1ccccn1)c1ccccc1
mol_6048,COc1cc2c3c(c1OC)-c1c(ccc4c1OCO4)CC3(C#N)N(C(=O)c1ccccc1)CC2
mol_6049,CCCNC(=S)NC=C1C(=O)C=C(C)OC1=O
mol_6050,Cc1ccc(S(=O)(=O)NN=C2CCC(C(C)(C)C)CC2C)cc1
mol_6051,CC(CC(=O)OCc1ccccc1)OC1OC(COC(=O)C(C)(C)C)C(OC(=O)C(C)(C)C)C(OC(=O)C(C)(C)C)C1OC(=O)C(C)(C)C
mol_6052,O=c1c2ccccc2nc(-c2ccccc2)n1NC1OC(CO)C(O)C(O)C1O
mol_6053,O=C1CNc2cc(N3CCCCC3)ccc2N1
mol_6054,Cc1nn(-c2ccc([N+](=O)[O-])cc2)c2c1C(C)(C)C(C#N)=C(N)O2
mol_6055,COCNC(=NC#N)NCOC
mol_6056,COC(=O)C1CC2(CC=C(C)C)c3ccccc3N(S(=O)(=O)c3ccccc3)C2N1C(=O)OC
mol_6057,O=c1oc2ccccc2c(O)c1C(c1ccc2ccccc2c1)c1c(O)c2ccccc2oc1=O
mol_6058,CC(O)C(O)C(N)CC=O
mol_6059,CC#CC(O)(C(=O)OC1CCN(C)CC1)C(C)C
mol_6060,NNC(=O)C(CC(C(=O)NN)C(=O)NN)C(=O)NN
mol_6061,CCCCCCCCCCC(C)CCCCCCC(=O)O
mol_6062,O=S(=O)(Sc1ccccc1)c1ccccc1
mol_6063,CC(=O)c1sc2c(c1OC(=O)c1cccs1)c(=O)n(-c1ccccc1)c(=S)n2-c1ccccc1
mol_6064,O=S(=O)(CC#CCO)c1ccc2ccccc2c1
mol_6065,O=C(C=Cc1ccccc1O)c1cccc2ccccc12
mol_6066,Cc1ccc(CN2CC(=O)N3Cc4ccccc4CN3C(=O)C2)cc1
mol_6067,O=C(NCCCCCCNC(=O)c1cc(-c2ccccc2)nc2ccccc12)c1cc(-c2ccccc2)nc2ccccc12
mol_6068,O=C1c2c(O)cc(O)cc2OC(c2ccc(O)cc2O)C1O
mol_6069,Cc1nc(C)c(N2CCN(CN)CC2)c(O)n1
mol_6070,CC(C)OC1=C(CC2(C)OCCO2)C(=O)C12OCCO2
mol_6071,CCOC(=O)C1Nc2ccccc2C2c3ccccc3CC12
mol_6072,C=CCN(CC=C)CC(C(C)=O)C(c1ccccc1)c1c(O)c2ccccc2oc1=O.Cl
mol_6073,COc1ccc(CC2NC(=O)C3CCCN3C2=O)cc1
mol_6074,COc1ccc(CC2COC(=O)C2Cc2cc(OC)c(OC)c(OC)c2)cc1OC
mol_6075,Cn1c(=O)c2c(-c3ccccc3)onc2n(C)c1=O
mol_6076,c1cnc2c(c1)Sc1ncccc1S2
mol_6077,O=C(C=Cc1ccc(C=CC(=O)c2ccc(O)cc2)cc1)c1ccc(O)cc1
mol_6078,Cc1nc(N)nc(N)c1N1CCN(c2ccc(C#N)cc2)CC1
mol_6079,CN(C)CCCNc1c2ccccc2[n+](O)c2ccccc12.Cl.[Cl-]
mol_6080,Cn1c2c(O)c(O)ccc2c(=O)c2c(O)cc3c(c21)C=CC(C)(C)O3
mol_6081,CC(=O)NC1=NC(=O)C(=Cc2ccc(Cl)cc2Cl)N1C
mol_6082,CCOC(=O)c1[nH]c2c(OCC)nc(OCC)nc2c1Br
mol_6083,CC1(C)C2CCC1(C)C(OC(=O)C=CC(=O)OC1CC3CCC1(C)C3(C)C)C2
mol_6084,O=C1c2ccncc2C(=O)c2c1[nH]c1ccccc21
mol_6085,CN1C(=O)C2(C#N)C3(CCCC3)C2(C#N)C1=O
mol_6086,Nc1ccc2nc3n(c2c1)C(c1c(F)cccc1F)SC3
mol_6087,O=C(Cc1nc2ccc([N+](=O)[O-])cc2nc1O)C(=O)Nc1ccccc1[N+](=O)[O-]
mol_6088,O=C(NCCN(CCNC(=O)c1cccc(=O)n1O)CCNC(=O)c1cccc(=O)n1O)c1cccc(=O)n1O
mol_6089,COc1cc2oc3ccccc3c(=O)c2cc1CSc1ccccc1N
mol_6090,CC(=CCc1ccc(F)cc1)CCCCCCC(C)=CCc1ccc(F)cc1
mol_6091,CC(C)(C)N1OC2(CCCCC2)n2c(=O)c3ccccc3c(=O)n2C1c1ccccc1
mol_6092,CC(C)C1=CC2=CC(O)C3C(C)(C)CCCC3(C)C2=C(O)C1=O
mol_6093,CCCCCCCC(=O)c1ccc(O)c(C(=O)Nc2cccc(C(F)(F)F)c2)c1
mol_6094,Cc1cc(N(CCC#N)S(=O)(=O)c2ccccc2)ccc1C=C1N=C(c2ccc(Cl)cc2)OC1=O
mol_6095,C=CCN(CC=C)Cn1c(=S)sc2ccccc21
mol_6096,COCC(N=Cc1ccc(OC)cc1)C(C)C
mol_6097,COC(=O)C1C2C=CC(C2)N1S(=O)(=O)c1ccccc1
mol_6098,Cc1ccc(S(=O)(=O)SSSSS(=O)(=O)c2ccc(C)cc2)cc1
mol_6099,O=C(O)c1n[nH]c(O)c1N=Nc1ccc(C=Cc2ccc(N=Nc3c(C(=O)O)n[nH]c3O)cc2S(=O)(=O)O)c(S(=O)(=O)O)c1.[NaH]
mol_6100,O=[N+]([O-])c1ccc(NN=CC(c2ccccc2)c2ccsc2)c([N+](=O)[O-])c1
mol_6101,CC12CCC(=NNC(N)=O)C3C1CCCC32
mol_6102,CC(=O)NC1C(OCc2ccccc2)OC(CO)C(O)C1OC(C)C(=O)NC(C(=O)NC(CCC(=O)NCCCCNc1c2ccccc2nc2cccc([N+](=O)[O-])c12)C(N)=O)C(C)C
mol_6103,FC(F)(F)c1cccnc1Sc1nc2ccccc2s1
mol_6104,CCC(C)C(=O)c1c(O)c(CC=C(C)CCC=C(C)C)c(O)c2c(C(O)CC)cc(=O)oc12
mol_6105,COc1ccc(-n2cnc3c(NC(CCSC)C(=O)O)ncnc32)cc1
mol_6106,CC1(CCCO)CCCCCC(C)(CCCO)C1=O
mol_6107,O=C(O)C12C3CCC(CC3)C1(C(=O)O)C1CCC2C1
mol_6108,COc1ccc(C=C2Sc3scc(-c4ccc([N+](=O)[O-])cc4)[n+]3C2=O)cc1OC.[Br-]
mol_6109,O=C1c2ccccc2-c2oc(=O)c3ccccc3c21
mol_6110,O=C(CC(=NNC(=O)C[n+]1ccccc1)C(=O)Nc1nc2ccc([N+](=O)[O-])cc2s1)CC(c1ccccc1)c1c(O)c2ccccc2oc1=O.[Cl-]
mol_6111,Cc1ccc(CC2(C(=O)O)Cc3ccc(C)cc3C2)cc1
mol_6112,COc1ccc(N=NC(=O)NC(CC(C)C)C(=O)NC(CC(C)C)C(=O)O)cc1
mol_6113,O=C1OC(OCC(Br)=C(Br)COC2OC(=O)C(Cl)=C2Cl)C(Cl)=C1Cl
mol_6114,CC1N(O)C(c2ccccc2)[C-](c2ccccc2)[N+]1=O
mol_6115,CNC(=O)Oc1c(Cl)cccc1SSc1cccc(Cl)c1OC(=O)NC
mol_6116,CCc1ccccc1C(C(=O)NC1CN2CCC1CC2)c1ccsc1
mol_6117,COc1ccc(S(=O)(=O)Nc2ccccc2C(=O)O)cc1
mol_6118,O=C(O)CCC(NC(=O)c1ccc(Nc2nc3ccccc3nc2C(=O)O)cc1)C(=O)O
mol_6119,COC(=O)c1ccc(C)cc1C=C1Cc2ccc(C)cc2C1=O
mol_6120,c1cnn(P2(n3cccn3)=NP(n3cccn3)(n3cccn3)=NP(n3cccn3)(n3cccn3)=NP(n3cccn3)(n3cccn3)=NP(n3cccn3)(n3cccn3)=NP(n3cccn3)(n3cccn3)=N2)c1
mol_6121,O=S(=O)(O)c1cc(N=Nc2ccc(O)c3ncccc23)ccc1CCc1ccc(N=Nc2ccc(O)c3ncccc23)cc1S(=O)(=O)O.[NaH]
mol_6122,Cc1nnc(NS(=O)(=O)c2ccc(N=Nc3c(N)n(C)c(=O)n(C)c3=O)cc2)s1
mol_6123,CCc1ccc(N=Cc2cc(OC)c(OC)c(OC)c2)cc1
mol_6124,CCOC(=O)C[n+]1cccc(C2(c3cc4ccccc4[nH]3)OCCO2)c1.[Br-]
mol_6125,CNC(=O)CN1CC(=O)N(C)C(=O)C1
mol_6126,CC(C)(C)C1C2N1C1(c3ccccc3)OC2(c2ccccc2)c2ccccc21
mol_6127,COc1ccc(-c2c(C#N)c(=O)nc(SC)n2C2OCC(OC(C)=O)C(OC(C)=O)C2OC(C)=O)cc1
mol_6128,Clc1cc2n[se]nc2cc1Cl
mol_6129,CCC1(O)C(=O)c2ccccc2N(c2ccccc2)C1=O
mol_6130,Cl.c1ccc2c(c1)[nH]c1c2nc2sccn21
mol_6131,Cn1cnc([N+](=O)[O-])c1Sc1ccccc1N
mol_6132,OC1(CN2CCCCC2)N=C(c2ccccc2)c2ccsc2-n2cccc21
mol_6133,CCOC(=O)NC(=O)c1cn(CCOC(=O)NCCCCCCNC(=O)OCCn2cc(C(=O)NC(=O)OCC)c(=O)[nH]c2=O)c(=O)[nH]c1=O
mol_6134,Cc1ccsc1C=NNc1nncc2ccccc12
mol_6135,COc1cc(C2c3cc4c(cc3C(O)C3COC(=O)C23)OCO4)cc(OC)c1O
mol_6136,CC(C=CC(=O)c1sc(-n2nc(-c3ccccc3)cc2-c2ccccc2)nc1C)=Cc1ccccc1
mol_6137,Cc1ccc(S(=O)(=O)Nn2c(O)c(C#N)c(-c3ccc([N+](=O)[O-])cc3)c(C#N)c2=O)cc1
mol_6138,S=C1N(c2ccc(Br)cc2)C2=Nc3ccccc3NC(=C2N=Nc2ccccc2)N1c1ccc(Cl)cc1
mol_6139,Cn1c(=O)c2nc(N=Nn3ccc4ccccc43)[nH]c2n(C)c1=O
mol_6140,CN(C)C(C(N)=O)c1ccc(Cl)cc1
mol_6141,O=C1Sc2ccccc2C(=O)N2CCCC12
mol_6142,CCNC(=S)NN=Cc1cc([N+](=O)[O-])ccc1O
mol_6143,COc1nc2c(nnn2C2OCC(O)C(O)C2O)c(=O)n1C
mol_6144,CN1C(=O)C(O)(C2=C3OCOC3=CC(=O)C2=O)c2ccccc21
mol_6145,COC1=C(C)C(=O)C2=C(C1=O)C(CO)N1C(C#N)C3CC4C(C1C2N1CCOC41)N3C
mol_6146,Cc1noc(NS(=O)(=O)c2ccc(NC(=S)NC=C(C(=O)c3ccccc3)C(=O)c3ccccc3)cc2)c1C
mol_6147,Cl[Pd-2]12NCCS[S+]1CCN2
mol_6148,c1cnn(C23C4C5C6C4C2C6C53)c1
mol_6149,S=C1NC2=C(COc3ccccc32)C(c2ccc(Cl)cc2)N1
mol_6150,COc1cc(N=Nc2ccccc2)cc(C=NNC(N)=S)c1O
mol_6151,COc1cc2c3cc1Oc1c(OC)c(OC)cc4c1C(Cc1ccc(O)c(c1)Oc1ccc(cc1)CC3N(C)CC2)N(C)CC4.c1ccccc1
mol_6152,O=c1c(Cc2ccccc2)c(O)n(-c2ccccc2)c(=S)n1Cc1nc2ccccc2[nH]1
mol_6153,C=CC1CC1(CO)COc1cc(Cl)nc(N)n1
mol_6154,Cc1ccc(SCC(OCn2cnc3c(Cl)nc(N)nc32)C(C)F)cc1
mol_6155,CC1=CC(C)(C)N=C2SC(c3ccc(N)cc3)=NN12
mol_6156,CNC(=O)CCCN(C)C(=O)CCCCC(=O)N(C)C
mol_6157,CC1=CC(=NNC(N)=S)C(C(O)(C(F)(F)F)C(F)(F)F)C(C)(C)C1
mol_6158,CC(C)OP(=O)(CCC(=O)C1(O)CCC2C3CCC4=CC(=O)CCC4(C)C3CCC21C)OC(C)C
mol_6159,Cn1cc(NC(=O)Nc2cc(C(=O)Nc3ccc4cc(S(=O)(=O)O)cc(S(=O)(=O)O)c4c3)n(C)c2)cc1C(=O)Nc1ccc2cc(S(=O)(=O)O)cc(S(=O)(=O)O)c2c1.[NaH]
mol_6160,CON(C)c1nc2ccccc2o1
mol_6161,COc1ccc(C2C(Cl)C(=O)N2NC(=O)c2ccc(N)cc2)cc1OC
mol_6162,COC(=O)C(C#N)=CSc1ccccc1
mol_6163,COC1C2c3ccccc3C(C#N)(Cc3ccc4c(c32)OCO4)N1C(=O)c1ccccc1
mol_6164,S=c1nc(C=Cc2ccc(Cl)c(Cl)c2)[nH][nH]1
mol_6165,Oc1ccc(CCl)c2cccnc12
mol_6166,COc1cccc2c(=O)oc(-c3ccccc3C)nc12
mol_6167,NC(=O)NC12CC3CC(CC(F)(C3)C1)C2
mol_6168,O=C(O)C1(C(=O)O)CC23CCC2(COC3)C1
mol_6169,Cn1c2c(c3ccccc31)CC(=O)N1CCCCC1C21OCCO1
mol_6170,CCOC(=O)c1sc2c(c1OC(=O)c1cccs1)c(=O)n(-c1ccccc1)c(=S)n2-c1ccccc1
mol_6171,SCCCSCCSCCCSCCS
mol_6172,CCCC(=O)OC1C(C2COC(C)(C)O2)OC2OC(C)(C)OC21
mol_6173,COc1ccc(-c2coc3c4c(ccc3c2=O)OCO4)cc1OC
mol_6174,N#Cc1cccc(N2C(=O)c3ccc(C(=O)c4ccc5c(c4)C(=O)N(c4cccc(C#N)c4)C5=O)cc3C2=O)c1
mol_6175,CCn1c(=O)c2c(=O)[nH][nH]c2c2ccccc21
mol_6176,COC1OC(CO)C(NC2=NC3C(O2)C(O)C(O)C3(O)CO)C(O)C1O
mol_6177,Cc1cccc2c3ccc4c(c3n(C)c12)C(=O)C=CC4=O
mol_6178,Cl.NC1CCCC(O)C1O
mol_6179,COCCCNC1=C(C#N)C(=O)NC(c2cccc([N+](=O)[O-])c2)S1
mol_6180,Cc1cc(=O)oc(C)c1C(=O)O
mol_6181,Oc1ccccc1C=NN1C(=S)N(c2ccccc2)C(=Nc2ccccc2)C1=Nc1ccccc1
mol_6182,CCOC(=O)c1ccc(C(O)C([Ac])C(=O)OC(C)(C)C)[nH]1
mol_6183,COc1ccc(-c2oc3cc(O)c(OC)c(O)c3c(=O)c2OC2OC(CO)C(O)C(O)C2O)cc1
mol_6184,Cc1c(-c2cc3n(n2)C(c2cccs2)C(C#N)=C(c2ccccc2)N3)c(=O)n(-c2ccccc2)n1C
mol_6185,C=Cc1cc[n+](CCCCCCCCCCCC)cc1
mol_6186,Cc1cc(C)c2ccc(N3CCNCC3)nc2n1
mol_6187,CCc1cccc(C)c1NC(=O)CC1C(=O)Nc2ccccc2S1(=O)=O
mol_6188,CCC(C)c1c(NC(=O)c2ccccc2)o[nH]c1=O
mol_6189,O=c1ccc2c(cc3ccc4cccc5ccc2c3c45)o1
mol_6190,CN1C(=O)C(O)CC1c1ccccc1C(F)(F)F
mol_6191,O=C(Nc1ccc(Cl)c(Cl)c1)N1c2ccccc2Sc2ccccc21
mol_6192,CCOC(=O)C1Nc2ccc(C)cc2C2c3ccccc3CC12
mol_6193,Clc1ccc2c(c1)Oc1ccccc1C=N2
mol_6194,C=CC1=C(C)C2=[N+]3C1=Cc1c(C)c(C=C)c4n1[Fe-3]31(Cl)n3c(c(C)c(CCC(=O)O)c3=CC3=[N+]1C(=C4)C(C)=C3CCC(=O)O)=C2
mol_6195,CC(C)[Si]1(C(C)C)OCC2OC(n3ccc(=O)[nH]c3=O)C(O)(CO)C2O[Si](C(C)C)(C(C)C)O1
mol_6196,CCCCCCCCOC(=O)CC(C(=O)OCCCCCCCC)S(=O)(=O)O
mol_6197,CN1CCC(c2ccccc2)C(O)C1
mol_6198,COc1cccc2c1C(=O)c1c(O)c3c(c(O)c1C2=O)CC(O)(C(=O)CO)CC3OC1CC(N(C)C)C(O)C(C)O1
mol_6199,COc1ccc(-c2c(C(C)=O)c(C)n(C3OC(COC(C)=O)C(OC(C)=O)C(OC(C)=O)C3OC(C)=O)c(=S)c2C#N)cc1
mol_6200,CNC(SC)=C1C(=O)OC(C)(C)OC1=O
mol_6201,O=S1(=O)c2ccccc2C(O)(c2ccccc2)c2cc3ccccc3n21
mol_6202,CCCNC(=O)Nc1c([N+](=O)[O-])cc(C(F)(F)F)cc1[N+](=O)[O-]
mol_6203,Cc1ccc(NC(=S)NC=C(c2ccccc2)S(=O)Cc2ccccc2)c(C)c1
mol_6204,COc1c2occc2c(Cl)c2ccc(=O)oc12
mol_6205,Cn1c(=O)nc2n(-c3ccc(Cl)c(C(F)(F)F)c3)c3ccccc3nc-2c1=O
mol_6206,CC12CCC3C(CCC4=C(O)C(=O)CCC43C)C1Cc1cnn(-c3ccccc3)c1N2
mol_6207,O=[N+]([O-])c1c(C=Nc2ccccc2)oc(-c2ccc3c(c2)OCO3)c1-c1ccc2c(c1)OCO2
mol_6208,O=c1c2c([nH]n1-c1nc(O)c(-c3ccccc3)c(O)n1)CCCC2
mol_6209,Cc1nnc2c3c(-c4ccccc4)c(-c4ccccc4)oc3nc(N(C)C)n12
mol_6210,C1CN(N=NN2CCOCC2)CCO1
mol_6211,CSC(=S)OC1C(CO[Si](C)(C)C(C)(C)C)OC2OC(C)(C)OC21
mol_6212,CCCOc1csc(C2CCC3C4CC=C5CC(O)CCC5(C)C4CCC23C)n1
mol_6213,CC1=C(C(=O)O)N2C(=O)C(NC(=O)C(c3ccccc3)N3CSC(=S)N(C(C)C)C3)C2SC1
mol_6214,CCC(O)(Cc1ccc(OC)cc1)c1ccc(OC)cc1
mol_6215,COc1ccc2oc(=O)c3c(c2c1C)OC(C)(C)C=C3
mol_6216,O=P1(N2CCOCC2)OCCO1
mol_6217,Cn1c(=O)c2c([nH]c(=N)n2C2OC(CO)C(O)C2O)n(C)c1=O
mol_6218,C[N+]1([O-])C2CC(OC(=O)C(CO)c3ccccc3)CC1C1OC12
mol_6219,Cc1cc(N(CCC#N)CCC#N)ccc1C=C1CN(N2C(=O)C(=Cc3ccc(N(CCC#N)CCC#N)cc3C)N=C2c2ccccc2)C(c2ccccc2)=N1
mol_6220,COC(=O)C1(C)CCc2c(OC)ccc(OC)c2C1=O
mol_6221,COc1ccc2oc(C(=O)O)c3c2c1CCC3CCC(=O)O
mol_6222,C[Sn](C)(SCCS(=O)(=O)O)SCCS(=O)(=O)O
mol_6223,COc1cc2c(cc1OC)C1C3CCCCC3CCN1CC2.Cl
mol_6224,O=c1c2cc3c(cc2c2cccc4ccn1c42)OCO3
mol_6225,O=C(c1ccccc1)C1C(=O)c2ccccc2C1=O
mol_6226,COC(=O)C12CCCN1CCC2
mol_6227,Cc1nc(-n2nc(-c3ccccc3)cc2-c2ccccc2)sc1C(=O)CC(=O)C(=O)Nc1ccc(O)cc1
mol_6228,BrCCOc1ccc(-c2c3ccccc3c(-c3ccc(OCCBr)cc3)c3ccccc23)cc1
mol_6229,COc1ccc(-n2c(C)nc3ccc(NC4OC(COC(C)=O)C(OC(C)=O)C(OC(C)=O)C4OC(C)=O)cc3c2=O)cc1
mol_6230,CC1C=CC(C(=O)O)C2C(=O)OC(=O)C12
mol_6231,COc1ccccc1NC(=O)C(=CC1CC(=O)NC1=S)C(C)=O
mol_6232,O=C(NN=C(c1nc2ccc(Cl)cc2nc1O)C(O)c1ccc(Cl)cc1Cl)c1ccncc1
mol_6233,N#CC(=Cc1ccc(-c2ccccc2)cc1)c1ccc([N+](=O)[O-])cc1
mol_6234,CC(CCN(C)C)=NOC(=O)c1ccccc1.Cl
mol_6235,Oc1ccc(C2Oc3cc4c5c(c3C2c2cc(O)cc(O)c2)C2c3cc(c(O)cc3OC2c2ccc(O)cc2)C2c3c(cc(O)cc3C5C(c3ccc(O)cc3)O4)OC2c2ccc(O)cc2)cc1
mol_6236,c1ccc2c(c1)NC1c3[nH]c4ccccc4c3CCC21
mol_6237,COC(=O)C1=C(C(=O)OC)C2(c3ccccc3)c3ccccc3C(=O)C1N2C1CCCCC1
mol_6238,COC(=O)C(CC(=O)Nc1ccc(C)cc1)C(=O)C(=O)Nc1c(C(C)C)cccc1C(C)C
mol_6239,O=C1NC(=O)C(=Cc2ccc3c(c2)OCO3)C(=O)N1
mol_6240,COc1ccc(C=NNC(=O)C2=C(N)N(c3ccccc3)C(=C(C#N)C#N)S2)cc1
mol_6241,Cc1c(C(=O)Nc2ccc(Cl)c(C(F)(F)F)c2)oc2cc(O)ccc2c1=NNC(N)=S
mol_6242,CCOC(=O)C(=CNc1ccc(F)c(F)c1)C(=O)OCC
mol_6243,CCOC(=O)CCN1C(=O)c2ccc(NC(=O)C(=O)O)cc2S1(=O)=O
mol_6244,CCOc1c(OC)cc(CNNc2nccs2)cc1OC
mol_6245,O=C(O)c1nc(Cl)c(Cl)nc1O
mol_6246,N=c1[nH]c(=N)n2c(=N)[nH]c(=N)n12
mol_6247,CCOC(=O)C1(CC=C(C)Cl)CCCC1=O
mol_6248,CCOC(=O)C(NC(=O)CC)(Nc1ccc(F)cc1F)C(F)(F)F
mol_6249,CC(C)(C)c1ccc(Br)c(CCC(=O)NO)c1
mol_6250,CCOC(=O)C(F)=Cc1cccc([N+](=O)[O-])c1
mol_6251,CCOP(=S)(OCC)Oc1cc(C)nc(C(C)C)n1
mol_6252,O=C1C=CSc2ccccc2N1
mol_6253,Cc1cc(N(CCC#N)CCC#N)ccc1C=CC(=O)Nc1ccccc1
mol_6254,COCC(N=CN1CCc2cc(OC)ccc2C1)C(C)C
mol_6255,COc1ccc(C2SC(=N)Nc3c2c(C)nn3C(=O)c2ccccc2O)cc1OC
mol_6256,O=C(O)CCSC(=S)Nc1ccccc1
mol_6257,COC(=O)c1c(C)cccc1C=C1Cc2ccc(C)c(C)c2C1=O
mol_6258,OC1(c2ccccc2)Oc2ccccc2C(c2ccccc2)C1c1ccccc1
mol_6259,OCC1(C(F)(F)F)OC(n2cnc3c(O)ncnc32)CC1O
mol_6260,CCc1cccc(C)c1NC(=O)CC1C(=O)Nc2ccccc2S1=O
mol_6261,CC(C)S(=O)(=O)ON1C(=O)c2ccc([N+](=O)[O-])cc2C1=O
mol_6262,COc1ccc(C(O)C2c3c(cc4c(c3OC)OCO4)CCN2C)c(CO)c1OC.O=C(O)C(O)C(O)C(=O)O
mol_6263,Fc1cccc(C2SCc3nc4ccccc4n32)c1F
mol_6264,CNc1ccc(C=C2C=Cc3ccccc32)cc1
mol_6265,CC(C)(C)OC(=O)Nc1nnc(S(N)(=O)=O)s1
mol_6266,COC1CC(CC2CCC(C)C(C(C)C(=O)O)O2)OC2(OC(C)(C3CCC(C)(C4OC(C5OC(O)(CO)C(C)CC5C)CC4C)O3)CC2C)C1C
mol_6267,O=C(O)c1cc2ccccc2c(S(=O)(=O)O)c1O
mol_6268,COc1cc(C(=O)CC(CCC(=O)Nc2ccccc2[N+](=O)[O-])=NNC(N)=O)ccc1O
mol_6269,CN(CCCNC(=O)c1cc(-c2ccccc2)nc2ccccc12)CCCNC(=O)c1cc(-c2ccccc2)nc2ccccc12
mol_6270,O=C(C=Cc1ccccc1O)c1ccccc1
mol_6271,O=C1CC(Sc2ccccc2)C2(OCCO2)C2ON3CCCCC3C12
mol_6272,O=c1cc(O)[n+](C2OC(CO)C(O)C2O)c2sccn12
mol_6273,O=C1OCc2cc[n+]([O-])cc21
mol_6274,CCC(C)NC(=S)NN=C(C)c1ccccn1
mol_6275,CC(O)C(NC(=O)C1CSSCC(NC(=O)C(Cc2ccccc2)NC(=O)OCC2c3ccccc3-c3ccccc32)C(=O)NC(Cc2ccccc2)C(=O)NC(Cc2cn(C=O)c3ccccc23)C(=O)NC(CCCCNC(=O)OCC2c3ccccc3-c3ccccc32)C(=O)NC(C(C)O)C(=O)N1)C(N)=O
mol_6276,N=C(CCCCC(=N)NO)NO
mol_6277,Cc1nc2cc(Nc3ccccc3C(=O)O)ccc2s1
mol_6278,COC1=C(C(c2cc(OC)c(OC)c(OC)c2)c2cc3c(cc2OC)OCO3)C(=O)OC1
mol_6279,Cl.N=C(N)SCc1ccc2c(c1)Sc1ccccc1O2
mol_6280,O=C1[OH+][Cu-4]234NC1CS[S+]2CC(N3)C(=O)[OH+]4
mol_6281,CCOC(=O)c1c(C)nc(S)c(C#N)c1-c1ccco1
mol_6282,COC1C=COC2(C)Oc3c(C)c(O)c4c(O)c(c(C=NNC5OC(COC(=O)c6ccccc6)C(OC(=O)c6ccccc6)C5OC(=O)c5ccccc5)c(O)c4c3C2=O)NC(=O)C(C)=CC=CC(C)C(O)C(C)C(O)C(C)C(OC(C)=O)C1C
mol_6283,CCOC(=O)C(=[N+]=[N-])C(=O)CN1C(=O)c2ccccc2C1=O
mol_6284,O=C(CCc1nnc2sc(=Cc3ccccc3)c(=O)n12)Nc1cc(Cl)ccc1Cl
mol_6285,C#CCC(N)(CO)C(=O)O
mol_6286,CN(C(=O)C12C3C4(C(=O)O)C1(C(=O)N(C)C(C)(C)C)C1C2(C(=O)O)C3(C(=O)N(C)C(C)(C)C)C14C(=O)N(C)C(C)(C)C)C(C)(C)C
mol_6287,CSc1nc2c(c(N(C)C)n1)C(O)n1c(nc3ccccc31)S2
mol_6288,CCCOc1cnc(C2CCC3C4CC=C5CC(OC(C)=O)CCC5(C)C4CCC23C)s1
mol_6289,C=C(C)C1CCC(C)C(O)(C2CC(C(COC(=O)c3ccccc3)OC(=O)c3ccccc3)OC2=O)C1
mol_6290,c1nc2nc3c(cn2n1)CCCCC3
mol_6291,N#CC(NNC(=O)Cc1ccccc1)c1ccc([N+](=O)[O-])cc1
mol_6292,O=C(O)CC1C(O)C(O)CN2C(=O)c3ccccc3C12
mol_6293,N=C(NN=Cc1c[nH]c2ccccc12)Nc1ccccc1.O=[N+]([O-])O
mol_6294,O=C1C(=Cc2cccc(Oc3ccccc3)c2)SC(c2ccccc2)N1c1cc(Cl)ccc1Cl
mol_6295,O=C(Nc1ccc(C2=NC3CCCCC3N2)cc1)c1ccc(C(=O)Nc2ccc(C3=NC4CCCCC4N3)cc2)cc1
mol_6296,COc1ccc(NC(C)=O)cc1C1CCC(=O)N1
mol_6297,O=c1n(CCCN2CCN(c3cccc(Cl)c3)CC2)nc2n1-c1ccc3ccccc3c1SC2
mol_6298,COC(=O)c1ccc(CON=C(c2ccccc2)c2ccncc2)cc1
mol_6299,c1ccc2c(c1)CCN(NCCN1CCCC1)C2
mol_6300,CC1=NN(c2ccccc2)C(=O)C1N=Nc1ccc(S(N)(=O)=O)cc1
mol_6301,CC(C)CCCC(C)C1CCC2C3CCC4N=C5NOC=C5CC4(C)C3CCC12C
mol_6302,OC(c1cccs1)c1cc2ccccc2s1
mol_6303,COc1cc(C(=O)O)c(-c2cc3c(cc2C=O)OCO3)c(OC)c1OC
mol_6304,C=C(C(=C)N1N=NC2C3CCC(C3)C21)N1N=NC2C3CCC(C3)C21
mol_6305,Cc1ccc(N2C(=O)C(=C3Sc4c(O)nc(C)nc4N3c3ccccc3)SC2=S)cc1
mol_6306,CC1(C)COC(c2ccc(C(=O)c3ccc(Cl)cc3)cc2)=N1
mol_6307,CC(=O)NC1=NC(=O)C(=Cc2ccc(C=C3C(=O)N=C(NC(C)=O)N3C)cc2)N1C
mol_6308,O=c1ccc2ccc(O)c(O)c2o1
mol_6309,Cc1sc2c(c1C)C(=O)c1cccn1-2
mol_6310,CCCCCCCCCCCCCCCC(=O)OCC1CCC[N+]2(C)CCCCC12.[I-]
mol_6311,CN(C)C(=NC#N)N(Cc1ccccc1)Cc1ccccc1
mol_6312,COC(=O)C1CC2(CC=O)c3ccccc3N(S(=O)(=O)c3ccccc3)C2N1C(=O)OC
mol_6313,NC(=O)C(=CNC(=S)Nc1ccccc1)C(N)=O
mol_6314,COc1cc(C(=O)Nc2nnc(S(N)(=O)=O)s2)cc(OC)c1OC
mol_6315,CC(C)(C)OC(=O)NC(Cc1ccc(O)cn1)C(=O)O
mol_6316,O=C1C2(Cl)C3(Cl)C4(OCCO4)C4(Cl)C2(Cl)C2(Cl)C1(Cl)C3(Cl)C42Cl
mol_6317,COc1cc(OC)c(C=NNC(=N)NO)c(OC)c1.Cc1ccc(S(=O)(=O)O)cc1
mol_6318,NC1CSSCC(C(=O)O)NC1=O
mol_6319,Nc1nc(O)c2ncn(CC3OC(CO)C(CO)O3)c2n1
mol_6320,O=S(=O)(O)c1cc(NC(=S)c2ccc3cccnc3c2O)ccc1C=Cc1ccc(NC(=S)c2ccc3cccnc3c2O)cc1S(=O)(=O)O.[NaH]
mol_6321,COc1ccc(NC(=O)C(=O)C(C(=O)c2ccccc2)C2OC(=O)c3ccccc32)c([N+](=O)[O-])c1
mol_6322,N#Cc1c(-c2ccccc2)c(C=O)c(=O)n2c1[nH]c1ccccc12
mol_6323,Cc1cc2c(O)c(c1)CN(CC(=O)O)Cc1cc(C)cc(c1O)CN(CC(=O)O)Cc1cc(C)cc(c1O)CN(CC(=O)O)C2
mol_6324,Cc1ccc(N(CC(=O)O)S(=O)(=O)c2ccccc2)cc1
mol_6325,CSc1nn(C)cc2nc(C)nc1-2
mol_6326,CCc1c(C)c(C#N)c(=S)n(C2OC(COC(C)=O)C(OC(C)=O)C(OC(C)=O)C2OC(C)=O)c1C
mol_6327,CC(C)(C)OC(=O)NC(Cc1ccccc1)C(=O)N1CCCC1C(=O)OCc1ccccc1
mol_6328,C=CCC1C(=O)Nc2cccc3ncn(c23)C1=O
mol_6329,CC1(O)N2CCCC1(c1ccccc1)CC2
mol_6330,Cc1ccc(S(=O)(=O)N2CCCCC2)cc1
mol_6331,COC(CC1CCCCC1(O)C(=CCO[Si](C(C)C)(C(C)C)C(C)C)Sc1ccccc1)OC
mol_6332,N#CC(=Cc1ccccc1)c1ccc(F)cc1F
mol_6333,COc1ccccc1NC(=O)C(=Cn1c(=S)[nH]c2cc(C)ccc21)C(C)=O
mol_6334,O=c1c2c(sc3ccccc13)NCN(CCc1ccccc1)C2
mol_6335,COc1ccc2cc(C(=O)NCCCNC(=O)c3ccc4cc(OC)ccc4c3)ccc2c1
mol_6336,CCOCCN(CCOCC)C(=O)c1ccc2c(c1)no[n+]2[O-]
mol_6337,O=C(N=Nc1cc(Cl)ccc1Cl)NNc1cc(Cl)ccc1Cl
mol_6338,O=C1Oc2cc3c(c4cccc1c24)OCN(c1ccccc1)C3
mol_6339,CN1C(=O)C(c2c[nH]c3ccccc23)N(C)C(=O)C1c1c[nH]c2ccccc12
mol_6340,COCCN1C(=O)C(NC(C)=O)C1COC(C)(C)C
mol_6341,Cc1cc(S(=O)(=O)NC2=Nc3ccccc3C(c3ccccc3)N2)c(S)cc1Cl
mol_6342,CC1(C)C2CCC1C(=O)C1(C=CC(=O)CC1)C2
mol_6343,COc1cc(-c2cc(OC)c(O)c(OC)c2)cc(OC)c1O
mol_6344,CCOC(=O)CCC(NC(=O)c1ccc(Nc2nc3ccc(C(F)(F)F)cc3nc2-c2ccccc2)cc1)C(=O)OCC
mol_6345,COc1nc(NC2OCC(OC(C)=O)C(OC(C)=O)C2OC(C)=O)c(C(=O)CCl)c(=O)n1C
mol_6346,O=C1C=CC(=O)C2C1C1CC3C=CC312
mol_6347,COc1c(C(CC(C)C)OC(C)=O)ccc2c1C(=O)OCc1cc(C)cc(O)c1O2
mol_6348,Sc1ccc2ccccc2[n+]1[Ni-4](Cl)(Cl)([n+]1c(S)ccc2ccccc21)([n+]1c(S)ccc2ccccc21)[n+]1c(S)ccc2ccccc21
mol_6349,CCNC(=S)NNC(=O)C12CC3CC(CC(C3)C1)C2
mol_6350,O=[N+]([O-])c1cc(Br)cc2cc(Cl)cnc12
mol_6351,CCCCCCC=CCCCCCCCCCc1c(O)c(OC)cc(O)c1CN(C)C.Cl
mol_6352,C=CCn1c2c(sc1=S)C(S)NC=N2
mol_6353,O=S(=O)([O-])[OH+][Fe-2]12[N+](=C(c3ccccc3)c3cccc[n+]31)[N-]c1cccc[n+]12
mol_6354,O=S(=O)(O)SCCNCCCCC1CCCCC1
mol_6355,COc1cc(C)cc2c(-c3ccc(O)c4c(OC)cc(C)cc34)ccc(O)c12
mol_6356,Nc1nc(OCc2ccccc2)c2[nH]cnc2n1
mol_6357,N=c1nc2[nH]s[nH]c-2nc1=N
mol_6358,O=C(O)CC(NC(=O)OCc1ccccc1)C(=O)O
mol_6359,COc1ccccc1C=C(NC(=O)c1ccccc1)c1nc2ccccc2[nH]1
mol_6360,CCC1=CC2CN3CCc4c([nH]c5ccccc45)C(C(=O)OC)(C2)C13.O=S(=O)(O)O
mol_6361,O=C(Cn1c(=O)cc(Nc2ccccc2)c2ccccc21)Nc1ccccc1
mol_6362,Brc1ccc(C2SCc3nc4ccccc4n32)cc1
mol_6363,O=c1c2ccc3cccc4c(=O)cc(c5ccccc15)-c2c34
mol_6364,CCOc1ccc(C=NN2C(=O)c3ccccc3C2=O)cc1
mol_6365,CCN(CC)CCCC(C)Nc1ccnc2ccc3nn(C)nc3c12.O=P(O)(O)O
mol_6366,O=C(C=Cc1ccc(O)c(O)c1)OC(Cc1ccc(O)c(O)c1)C(=O)O
mol_6367,CCOC(=O)C1(c2ccccc2)CCN(CC(=O)c2ccccc2)CC1
mol_6368,ON=C1c2ccccc2-c2nc3ccccc3cc21
mol_6369,COc1ccc(C=CC(=O)c2ccc(Br)cc2)cc1
mol_6370,O=C1CCC(c2nc3cc(Cl)ccc3o2)C(=O)N1
mol_6371,O=P(O)(O)c1ccc2c(c1)OCCOCCOCCOCCO2
mol_6372,COC(=O)CCC(NC(=O)C(CCC(=O)OC)NC(=O)C(CCC(=O)OC)NC(=O)C(CCC(=O)OC)NC(=O)C(CCC(=O)OC)NC(=O)C(Cc1ccc([N+](=O)[O-])cc1)NC(=O)C(CCC(=O)OC)NC(=O)C(CCC(=O)OC)NC(=O)C(CCC(=O)OC)NC(=O)C(CCC(=O)OC)NC(=O)C(CCC(=O)OC)NC(C)=O)C(N)=O
mol_6373,COc1cc(NC(=O)CC(C)=O)cc2c(C)cc(=O)n(C)c12
mol_6374,CCOC(=O)c1cc(-c2cc(OC)c(OC)c([N+](=O)[O-])c2)c([N+](=O)[O-])n1C
mol_6375,O=C(O)C1CCC(=O)N1C(c1ccc2c(c1)OCO2)c1ccc2c(c1)OCO2
mol_6376,CC(=O)NC(C(=O)NC(C)C(=O)N1CCCC1C(=O)O)C(C)C
mol_6377,N#CC(=Cc1ccc(Cl)cc1)c1ccccc1
mol_6378,CN(C)c1cccc(C=C(C#N)c2ccccc2)c1
mol_6379,Brc1ccc(C(N=NC(=NSc2ccccc2)c2ccc(Br)cc2)=NSc2ccccc2)cc1
mol_6380,O=C(O)c1cc([N+](=O)[O-])c2c(c1)P(=O)(O)c1cc(C(=O)O)cc([N+](=O)[O-])c1O2
mol_6381,COCc1cn(C2CC(F)C(CO)O2)c(=O)[nH]c1=O
mol_6382,CC1(C)CCCC2(C)C1CCC1(C)OC3=CC(=O)C(O)=CC3=CC12
mol_6383,CC(=O)OC1CCC2C3CCC4=CC(=O)C=CC4(O)C3CCC12C
mol_6384,COc1cccc(C2CC(=O)c3cccn32)c1
mol_6385,CCN(CC)CCCCC1CCN(CC(=O)N2c3cc(Cl)ccc3NC(=O)CC2C)CC1
mol_6386,Nc1nc(O)c2nn[nH]c2n1
mol_6387,CC1(C)CCC2(C(=O)OC3OC(CO)C(O)C(O)C3O)CCC3(CO)C(=CCC4C5(C)CC(O)C(O)C(C)(C(=O)OC6OC(CO)C(O)C(O)C6O)C5CCC43C)C2C1
mol_6388,CCOC(=O)C=Cn1c(=O)cc(C)c2ccccc21
mol_6389,c1ccc(COc2nc3cc(C45CC6CC(CC(C6)C4)C5)ccc3[nH]2)cc1
mol_6390,C=CC1CN2CCC1CC2C(=O)c1ccnc2ccccc12
mol_6391,COc1cc(C2=NC(C(C)C)CO2)c(OC)c(OC)c1OC
mol_6392,CC(C)NCC1CCc2cc(CO)c([N+](=O)[O-])cc2N1
mol_6393,Cn1c(=O)c2c(nnc(-c3ccccc3)[n+]2[O-])n(C)c1=O
mol_6394,COc1ccc(C2=CC(=Cc3ccc(O)cc3O)C(=O)O2)cc1
mol_6395,O=[N+]([O-])c1ccc(N2N=C(c3ccc4ccccc4c3O)CC2c2ccc(Cl)cc2)c([N+](=O)[O-])c1
mol_6396,O=C1c2cccc3c([N+](=O)[O-])ccc(c23)C(=O)N1CCc1ccccn1
mol_6397,O=C(O)CCC(NC(=O)c1ccccc1C(=O)O)C(=O)O
mol_6398,CC1CCC2(C)C3(C)CCC2(OC3=O)C12CC(c1ccoc1)OC2=O
mol_6399,COc1cccc(NC(=O)c2c(SC)c(C#N)c(=O)n(N)c2N)c1
mol_6400,c1ccc(C2SCc3nc4cc5ccccc5cc4n32)cc1
mol_6401,CC1(C)CCc2cc3c(cc2O1)OCCC3=O
mol_6402,COc1cc(C=CC(=NNC(=O)c2ccccc2)c2sc(Nc3ccc(Cl)c(Cl)c3)nc2C)ccc1O
mol_6403,Cc1cn(COCCOS(C)(=O)=O)c(=O)[nH]c1=O
mol_6404,CC1(C)C(=O)C(C)(C)C12SSC1(S2)C(C)(C)C(=O)C1(C)C
mol_6405,CCC1CN2CCc3c([nH]c4ccccc34)C2CC1C(=COC)C(=O)OC
mol_6406,COc1c(-c2ccc3c(c2)OCO3)oc2cc3c(c(OC)c2c1=O)OCO3
mol_6407,O=C1C=C(c2c(-c3ccccc3)[nH]c3ccccc23)C(=O)N1c1ccccc1
mol_6408,CN1CCC(O)(c2ccc(F)cc2)C(C(=O)c2ccc(F)cc2)C1
mol_6409,Nc1ncc2ncn(C3CCC(CO)O3)c2n1
mol_6410,Cc1c(C(=O)CC(=NNC(=O)C[N+](C)(C)C)C(=O)Nc2ccc(Cl)cc2)[n+]([O-])c2ccccc2[n+]1[O-].[Cl-]
mol_6411,N=c1ncn(C2OC(COP(=O)(O)O)C(O)C2O)c(=O)[nH]1.[LiH]
mol_6412,O=[N+]([O-])c1ccc(NSc2ccccc2)cc1
mol_6413,CC1=C(C(=S)Nc2ccc(Cl)c(C(=O)OC(C)C)c2)SCCO1
mol_6414,COC(=O)C(=Cc1ccco1)P(=O)(OC)OC
mol_6415,O=C(O)CN1CCN2CCOCCOCCN(CC1)CCN(CC(=O)O)CC2
mol_6416,Cn1c(=O)c2c(nc3sc4ncccc4c(=O)n32)n(C)c1=O
mol_6417,CC(=O)SCC1OC(n2cc(C)c(=O)[nH]c2=O)CC1O
mol_6418,Cc1ncc2c(n1)CCC1=C2OS(=O)(=O)CC1N(C)C
mol_6419,CC1(C)CN(CCC#N)C(c2ccc([N+](=O)[O-])cc2)O1
mol_6420,CSC12C3C(=O)N(C)C(=O)C3C(C)(C(=O)N1C)C(=O)N2c1ccccc1
mol_6421,Clc1ccc(C(=Cc2ccccc2)Cn2ccnc2)cc1
mol_6422,CC1(O)CCC23CC1CC2CC(OC(=O)c1ccccc1)C1C(C)(C(=O)O)CCCC13C
mol_6423,COc1ccccc1NC(=O)C1=C(C)NC(C)=C(C(=O)Nc2ccccc2OC)C1c1ccc(C2C(C(=O)Nc3ccccc3OC)=C(C)NC(C)=C2C(=O)Nc2ccccc2OC)cc1
mol_6424,O=C1c2ccccc2C(=O)c2c1cc(S(=O)(=O)O)c(O)c2O
mol_6425,CN(C)C=O.O=C(Nc1nnn[nH]1)c1nc(O)cc(-c2ccccc2)n1
mol_6426,CNC(=O)N1CCN(C(=O)NC)CCN(C(=O)NC)CC1
mol_6427,CC(=O)c1cccc2c1CC1(C2)Cc2ccc3c(c2C1=O)CCC3
mol_6428,Cc1nn2c(=O)n(-c3cccc(-n4nnc5c(-c6ccccc6)c(C)nn5c4=O)c3C)nnc2c1-c1ccccc1
mol_6429,COc1cc2c(cc1OC)C1CC3(CC4c5cc(OC)c(OC)cc5CCN4CC3CO)C(CO)CN1CC2
mol_6430,OCC1OC(n2cnc3c2N=CNCC3O)C(Cl)C1O
mol_6431,CCOc1ccc(C2OCCC(C)O2)cc1OC
mol_6432,CCCCCC(C)[PH](c1ccccc1)(c1ccccc1)c1ccccc1
mol_6433,CCOC(=O)C(Cc1c[nH]c2ccc(N)cc12)(NC(C)=O)C(=O)OCC
mol_6434,C#CC(O)C=CC(O)CCCC(O)CC#CC(O)C#CC(O)CCCC(O)C=CCCCCCC(=O)CCCCCCCCCCCCCC(O)C(O)C#CC(=O)O
mol_6435,CCc1ccc(Nc2cc(O)nc(SCc3ccccc3)n2)cc1
mol_6436,Cc1cc(C(C#N)=Cc2ccc(N(C)C)cc2)cc(C)c1[N+](=O)[O-]
mol_6437,O=c1c(NO)c([N+](=O)[O-])cnn1-c1ccccc1
mol_6438,C[n+]1c(-c2ccc(C=NNC(=N)N)cc2)cn2ccccc21.Cc1ccc(S(=O)(=O)O)cc1.Cc1ccc(S(=O)(=O)O)cc1
mol_6439,N#CC12CCC(O)C(CC1)C2=O
mol_6440,CN(C)c1cccc2c1C(=O)C=CC21c2ccc(N(C)C)c3c(N(C)C)ccc(c23)C(c2ccccc2)C1c1ccccc1
mol_6441,CC[N+](C)(CC)CCCC(C)N1C(=O)C2CCCCC2C1=O
mol_6442,C=C1CC[N+]2(CC(C)C)CCCC12
mol_6443,COC(=O)c1cc(C(=O)OC)c(CC(=NNC(N)=S)C(=O)Nc2ccc(Cl)c(Cl)c2)nc1CC(=NNC(N)=S)C(=O)Nc1ccc(Cl)c(Cl)c1
mol_6444,N#CCC(=O)N1CCCCCCC1
mol_6445,O=C(O)c1cc2ccccc2c(=O)s1
mol_6446,CCOC1(OCC)C2C=CC1C(COS(=O)(=O)c1ccc(C)cc1)C2COS(=O)(=O)c1ccc(C)cc1
mol_6447,ON=C1CC2(N3CCOCC3)CCC1(c1ccccc1)CC2
mol_6448,Nc1nncc2[nH]nnc12
mol_6449,CC(=O)O.Nc1nc(N)c(CCc2ccccc2)c(N)n1
mol_6450,CCCCCC=C(c1cc(Br)cc(C(=O)O)c1OC)c1cc(Br)cc(C(=O)O)c1OC.N
mol_6451,CC(C)CC1C(OCc2ccccc2)COS(=O)N1Cc1ccccc1
mol_6452,CCCCCNC(=O)CCCCCCCCCCCNC(=O)CCCCCCCCCCN1C=CC(=CC=C2C=CC(=O)C=C2)C=C1
mol_6453,CCN1C(=O)C(N=[N+]=[N-])(c2ccccc2)C(=O)c2ccccc21
mol_6454,CSC1=NC(=Cc2ccc(Cl)cc2)C(=O)N1CN1CCCCC1
mol_6455,OC(c1ccoc1)c1cc2ccccc2s1
mol_6456,O=C1[OH+][Co-4]23(NCCN2)([OH+]1)[OH+]C(=O)[OH+]3.[K+]
mol_6457,O=C(O)C=NNc1nc2ccccc2[nH]1
mol_6458,COc1cc(OC)c(OC)cc1C=Cc1cc[n+](C)c2ccccc12
mol_6459,CCCCCCCCOC1N(C2CC(N=[N+]=[N-])C(CO)O2)C(=O)NC(=O)C1(C)Br
mol_6460,N#Cc1c(O)cc(=O)n2c1[nH]c1ccccc12
mol_6461,CN(C)Cc1cc(C(=O)C=Cc2ccc(Br)cc2)cc(CN(C)C)c1O.Cl
mol_6462,Cc1cnc2c(c1)C(=O)N(c1ccc(Br)cc1)S2(=O)=O
mol_6463,Cl.NC(CSSCC(N)Cc1ccccc1)Cc1ccccc1
mol_6464,Clc1nc(Cl)nc(Nc2ccccc2Cl)n1
mol_6465,CCOC(=O)C(C#N)=Cc1cccc([N+](=O)[O-])c1
mol_6466,Oc1cccc(-c2cccc(O)n2)n1
mol_6467,CC(C)(C)OC(=O)NC(Cc1ccccc1)C(=S)N1CCCC1
mol_6468,Cc1cccc(NC(=O)CC(=O)n2nc(C)c(N=Nc3ccc(S(=O)(=O)CCOS(=O)(=O)O)cc3)c2C)c1
mol_6469,COc1ccccc1CNCCCCCNCCCCCCCCCCNCCCCCNCc1ccccc1OC.Cl
mol_6470,COC(=O)C1CCCN1C(=O)C(Cc1cn(S(=O)(=O)c2ccc(C)cc2)cn1)NC(=O)OC(C)(C)C
mol_6471,Clc1ccc(C=NN2CCCCCC2)cc1Cl
mol_6472,Nn1c(=S)[nH]c2ccccc2c1=O
mol_6473,Cc1ccc(SSCCN)cc1
mol_6474,Cn1c(=O)nc2n(-c3ccc(Cl)cc3)c3cc(Cl)ccc3nc-2c1=O
mol_6475,COc1ccc(NC(=O)c2c(NC(C)=O)c(C#N)c3n2CCC3)cc1
mol_6476,Cc1cc2c(C)n(Cc3ccc(Cl)cc3Cl)nc2c(C#N)c1C
mol_6477,CC(C)(C)N1CC1CNC(=O)C(=O)NCC1CN1C(C)(C)C
mol_6478,Cc1nc2ccccc2c(=O)n1NC(=O)Cc1ccccc1
mol_6479,CCC(Cl)=NOC(=O)Nc1ccc(F)c([N+](=O)[O-])c1
mol_6480,O=C(CN1CCOCC1)Nc1nc(-c2ccc(Cl)cc2)cs1
mol_6481,S=C1NN=CNNC=NN1
mol_6482,Sc1nnc(S)c2[nH]cnc12
mol_6483,CCCCOP(=O)(C=Cc1ccccn1)OCCCC
mol_6484,COc1ccc2c(c1O)C(=O)C(CCC(=O)O)CC2
mol_6485,N.O=C(O)C1=CC=CC(=C(c2ccc(O)c(C(=O)O)c2)c2ccc(O)c(C(=O)O)c2)C1=O
mol_6486,O=S(Nc1ccccc1)c1ccc(N2CCOCC2)cc1
mol_6487,O=C(NCCCOC(=O)CCCCCCCCC(=O)OCCCNC(=O)NC(=O)c1cnc(O)nc1O)NC(=O)c1cnc(O)nc1O
mol_6488,O=C1c2cccnc2-c2nccc3c2c1nc1cc(Br)ccc13
mol_6489,O=C1CCN(CCC(F)(F)C(F)(F)C(F)(F)C(F)(F)C(F)(F)C(F)(F)F)C(=S)N1CCC(F)(F)C(F)(F)C(F)(F)C(F)(F)C(F)(F)C(F)(F)F
mol_6490,Br.CN1C(C)(C)CC(=O)C(Br)C1(C)C
mol_6491,CCN(CC)CCn1c(C(C)(C)C)nc2ccccc21
mol_6492,Cc1ccc(-c2c(C#N)c(S)n(NS(=O)(=O)c3ccc(C)cc3)c(=O)c2C#N)cc1
mol_6493,Cc1n[n+](CC(=O)c2ccccc2)c2sc(=N)[nH]n12.[Br-]
mol_6494,OC1(c2ccc(Cl)cc2)c2ccccc2C2=NCc3ccccc3CN21
mol_6495,O=C(Nc1ccccc1C(=O)O)C(=Cc1ccccc1O)NC(=O)c1ccccc1
mol_6496,CSc1ncc(Br)c(Nc2cnc(O)nc2O)n1
mol_6497,CCCCCCCCCc1nn2c(Cc3ccccc3)nnc2s1
mol_6498,CCOC(=O)C12CC1(C(=O)OCC)C1CCC2C1
mol_6499,O=C(O)CNc1c2ccccc2[n+]([O-])c2ccccc12
mol_6500,C=CCc1cc(CN2CCN(C)CC2)c(O)c(OC)c1
mol_6501,CCOC1(C)Nc2cc(OC)cc3c2N1C(=O)CCS3
mol_6502,O=C1CSC(c2c[nH]c3ccccc23)N1c1cccc(Cl)c1
mol_6503,COc1cccc2c1[OH+][Cu-3]1(O)[O+]=C(c3ccccc3O)[N-][N+]1=C2
mol_6504,COc1cc(C2C(Cl)C(=O)N2NC(=O)c2ccc(N)cc2)ccc1O
mol_6505,CC(CCc1ccccc1)=NNc1ccc([N+](=O)[O-])cc1[N+](=O)[O-]
mol_6506,COc1ccc(-c2cc(-c3ccccc3)nc3c2CC(=O)Nc2ccccc2-3)cc1OC
mol_6507,O=C1C2=C(C(=O)c3ccccc31)C(O)(S(=O)(=O)O)C(O)(S(=O)(=O)O)C1N=CC=CC21
mol_6508,N#CC(c1ccccn1)c1nc2ccccc2nc1Cl
mol_6509,OC1(c2ccccc2)CCCCCCCCC(O)(c2ccccc2)CCCCCCCC1
mol_6510,COC(=O)C(=NNC(N)=O)C(C(=O)OC)C(=O)C(=O)Nc1ccc(Cl)cc1
mol_6511,Cc1cc(O)c2c(=O)c3c(O)cc(O)c4c5c(O)cc(O)c6c(=O)c7c(O)cc(C)c8c1c2c(c34)c(c78)c65
mol_6512,Cl.Cn1cc(NC(=O)c2cc(NC(=O)CCC(=O)Nc3cc(C(=O)Nc4cc(C(=O)NCCC(=N)N)n(C)c4)n(C)c3)cn2C)cc1C(=O)NCCC(=N)N
mol_6513,CCOC(=O)N(C)C(=C(F)F)C(F)(F)F
mol_6514,CCCCCN(CCCCC)c1ccc(C=Cc2ccnc3ccccc23)cc1
mol_6515,COC(=O)C1Cc2c([nH]c3ccccc23)C(c2ccccc2)N1
mol_6516,N=C(N)NS(=O)(=O)c1ccc(Nc2c3ccccc3nc3c(C(=O)N4CCN(CCO)CC4)ccc(Cl)c23)cc1
mol_6517,CSC1=C(SC)C(=O)c2cn(C)c(=O)cc2C1=O
mol_6518,CC(C)OP(=O)(CCCCCCCCCC=Cc1ccc2c(c1)OCCOCCOCCOCCO2)OC(C)C
mol_6519,S=c1[nH]c2ccccc2c(=S)n1CN1CCCCC1
mol_6520,CCCN1C(=O)CNC(=O)c2[nH]cnc21
mol_6521,COC(=O)CCN1CCN(CCO)CC1C
mol_6522,COC1OC2COC(c3ccccc3)OC2C2NC(=N)N([N+](=O)[O-])C12OS(C)(=O)=O
mol_6523,CC1(O)C2CC3CC1(c1ccccc1)CC(C3=NO)C2=NO
mol_6524,CCSc1ccc2c3c(cccc13)C(=O)N(CCc1ccccn1)C2=O
mol_6525,COc1ccc(CC2NCC(O)C2OC(C)=O)cc1
mol_6526,NC(=O)c1c[se]c(C2OC(COP(=O)(O)CP(=O)(O)OCC3OC(n4cnc5c(N)ncnc54)C(O)C3O)C(O)C2O)n1
mol_6527,CC(=O)OC1CCC2(C)C(=CCC3C4Cc5cn[nH]c5NC4(C)CCC32)C1
mol_6528,O=C1CN(CCN2CCOCC2)CC(=O)N2CCCCN12
mol_6529,c1ccc(COc2ccc3[nH]c4c(ncc5[nH]c6ccccc6c54)c3c2)cc1
mol_6530,COC(c1ccc(O)cc1)C1NC(=O)C(CCC(N)=O)N(C)C(=O)C(CC(C)C)NC(=O)C(CCCNC(=N)N)NC(=O)C(C(C)O)NC(=O)C(NC(=O)C(NC(=O)C(O)C(O)C(CCCNC(=N)N)NC(=O)C(C)NC(=O)C(C)C(O)C(C)CC(C)C)C(C)C(C)C(N)=O)C(C)OC(=O)C(C)N(C)C1=O
mol_6531,Cl.N#CC(=C1CCN(Cc2ccccc2)CC1)c1ccccc1
mol_6532,CCC1C(C)c2c([nH]c3ccccc23)C2C(=O)N(c3ccccc3)C(=O)C21
mol_6533,COc1ccc(-c2cc(=O)c3c(O)cc(C)cc3o2)cc1OC
mol_6534,C=CCCCCON=Cc1c2c(O)c3c(O)c(C)c4c(c3c1O)C(=O)C(C)(OC=CC(OC)C(C)C(OC(C)=O)C(C)C(O)C(C)C(O)C(C)C=CC=C(C)C(=O)N2)O4
mol_6535,CN1NC(c2ccccc2)=C(C#N)C(=O)CC1c1cccs1
mol_6536,CCOC(=O)C1COc2cc(-c3cc(=O)c4ccccc4o3)ccc2O1
mol_6537,CCOP(=O)(OCC)C(C#N)=Cc1cc(OC)ccc1OC
mol_6538,O=C(O)CCC1CCc2cccc3occ1c23
mol_6539,N#Cc1ccc(OCc2nc3cc(C(F)(F)F)ccc3nc2-c2ccccc2)cc1
mol_6540,O=C(C(=NNc1ccc([N+](=O)[O-])cc1[N+](=O)[O-])NC12CC3CC(CC(C3)C1)C2)C(Br)C(=O)c1ccccc1
mol_6541,CC1CSS(=O)O1
mol_6542,COC(=O)Nc1cn2nc(C)sc2n1
mol_6543,c1ccc(C2=C(c3ccccc3)C23SCCS3)cc1
mol_6544,CCOC(=O)c1sc2nc(CN3CCOCC3)nc(O)c2c1C
mol_6545,CC1(C)[N+]([O-])=[N+]([O-])C1(C)O
mol_6546,C[NH+](C)c1nc2ccccc2[nH]1.[Cl-]
mol_6547,CCCCCCCCCCCC(=O)C1=C(O)CCC(O)C1=O
mol_6548,CC(C)CC(NC(=O)C(Cc1ccccc1)NC(=O)C1CCCN1C(=O)OCc1ccccc1)C(=O)OC(C)(C)C
mol_6549,Nc1c2ccccc2nc2nccnc12
mol_6550,Oc1cc2ccccc2cc1OC(F)(F)c1nc2ccccc2o1
mol_6551,O=C(NC(=O)c1cc(-c2ccccc2)n[nH]1)c1ccccc1
mol_6552,COc1ccc2c(c1)C(=O)C1(C2)C(c2ccccc2)C2C(=O)c3cc(OC)ccc3C2C1c1ccccc1
mol_6553,Cc1oc2c(c1C)S(=O)(=O)C(C#N)=CN2
mol_6554,COc1ccc2c(C(=O)O)cc3ccccc3c2c1OC
mol_6555,COC12C(COC(N)=O)C3=C(C(=O)C(C)=C(N(C)c4ccc(O)cc4)C3=O)N1CC1NC12
mol_6556,CN(C)C(=S)SSC(=S)SSC(=S)N(C)C
mol_6557,C=CCc1cc(C=C(C#N)C#N)cc(OC)c1O
mol_6558,CCCC(=O)c1ccc2c(ccc(=O)n2C)c1
mol_6559,BrC1CN2CC(Br)CN2C1
mol_6560,CC(=O)Nc1ccc2oc3ccc(Cl)cc3c(=O)c2c1
mol_6561,O=C1OC(c2ccccc2)=NC1=Cc1ccc(Oc2ccc(Cl)c(Cl)c2)cc1
mol_6562,Cc1cc2c(c(C(=O)O)c1C)-c1cccc(F)c1C2=O
mol_6563,Cc1nc(N)nc(N)c1N1CCN(Cc2ccccc2)CC1
mol_6564,CCOC(=O)CC(C)=NNS(=O)(=O)c1ccc(N)cc1
mol_6565,CCOC(=N)N1CCCCC1
mol_6566,CCCCCCCCC=CCCCCCCCCN=Cc1c(O)c(O)c(C(C)C)c2cc(C)c(-c3c(C)cc4c(C(C)C)c(O)c(O)c(C=NCCCCCCCCC=CCCCCCCCC)c4c3O)c(O)c12
mol_6567,CC1=[O+][Co-4]23(NCCN2CCCNC(=O)c2cccc4cc5ccccc5nc24)([O+]=C(C)C(C)=C(C)[OH+]3)[OH+]C(C)=C1C.[O-][Cl+3]([O-])([O-])[O-]
mol_6568,O=C(O)Cc1ccc2c(c1)C(=O)c1ccccc1CO2
mol_6569,CC(C)(Sc1cc(C(C)(C)C)c(O)c(C(C)(C)C)c1)Sc1cc(C(C)(C)C)c(O)c(C(C)(C)C)c1
mol_6570,CCOC(=O)c1c(NS(=O)(=O)c2ccc(Br)cc2)sc2c1CCCC2
mol_6571,O=C1CCCCCN1c1ccccn1
mol_6572,COc1cc(C2C3=C(COC3=O)OC(C)(C)Oc3cc4c(cc32)OCO4)cc(OC)c1OC
mol_6573,COC(=O)C1CC23CCCN4CCC5(c6cccc(OC)c6N(C=O)C15CC2)C43
mol_6574,CCCNC(C#N)c1ccc(C(C#N)NCCC)cc1
mol_6575,COCOc1c(OC)c(C2(O)C(=O)N(C)c3ccccc32)c(OCOC)c(OC)c1C1(O)C(=O)N(C)c2ccccc21
mol_6576,COc1ccccc1N1CCCSC1=Nc1ccccc1
mol_6577,O=C1NC(=O)C(Cc2cccc(Cl)c2)C(=O)N1
mol_6578,CC(=O)C(N=Nc1nccs1)C(C)=O
mol_6579,O=P(c1ccccc1)(c1ccccc1)N1N=NNC1=Cc1ccccc1
mol_6580,NC(=O)NN=C1CCCCC1=Cc1ccccc1
mol_6581,CCc1cccc(C)c1NC(=O)C(=O)Cc1nc2ccccc2o1
mol_6582,COc1cc(Nc2cnc3ccc(N)cc3n2)cc(OC)c1OC
mol_6583,CC(Cc1ccccc1)NC(=O)CCNNC(=O)c1ccncc1
mol_6584,Cc1ccsc1C=NNc1cc(C)c2ccccc2n1
mol_6585,Cc1cccc(C)c1NC(=S)NC=C(C(N)=O)C(N)=O
mol_6586,NC(=O)c1ncn(CC2(CO)CCC2)n1
mol_6587,OCc1nc(O)cc(O)n1
mol_6588,O=C1CC2CCCC(=O)C23CCCC13
mol_6589,Cc1nnc2c3nccnc3c(=N)[nH]n12
mol_6590,COc1cc(C(=O)NC2CCc3cc(OC)c(OC)c(OC)c3-c3ccc(OC)c(=O)cc32)cc(OC)c1OC
mol_6591,CC(C)CCCC(C)C1CCC2C3CC=C4CC(OC(=O)CCC(=O)NCC[N+](C)(C)CCCS(=O)(=O)[O-])CCC4(C)C3CCC12C
mol_6592,Sc1ccccc1-n1c(-c2ccccc2)ccc1-c1ccccc1
mol_6593,Cc1ccc(C(=O)C2C=C(c3ccc(C)cc3)SC3C=CCC32)cc1
mol_6594,C[N+]12CCCCC1CC2
mol_6595,COC(=O)CC(C(C(C)=O)C(=O)OCc1ccccc1)N1C(=O)OC(c2ccccc2)C1c1ccccc1
mol_6596,COc1ccc2nc(NN=CC(C)=NNc3cc(C)c4cc(OC)ccc4n3)cc(C)c2c1
mol_6597,COC1N(C2CC(N=[N+]=[NH2+])C(CO)O2)C(=O)NC(=O)C1(C)Br
mol_6598,COC(=O)c1ccc(OCc2ccc3oc(=O)c(-c4ccccc4)nc3c2)cc1
mol_6599,CC12CCC(OC3OC(CO)C(O)C(O)C3O)CC1CCC1C2CCC2(C)C(C3=CCOC3=O)CCC12O
mol_6600,Cc1ccc(S(=O)(=O)N2CC(O)C=Cc3ccccc32)cc1
mol_6601,CC(=O)OC1CC2C(OC(C)=O)C=C3CC(C)(C(=O)C(O)C(=C1C)C2(C)C)C(O)CC3OC(=O)C(O)C(c1ccccc1)N(C)C
mol_6602,Cc1ccccc1N(C)S(=O)(=O)c1ccccc1[N+](=O)[O-]
mol_6603,O=C(NCCCNCCCCNCCCNC(=O)C(F)(F)F)C(F)(F)F.O=C(O)C(F)(F)F
mol_6604,CCC(NC(=O)OC(C)(C)C)C(=O)NCP(=O)(OCc1ccc([N+](=O)[O-])cc1)OCc1ccc([N+](=O)[O-])cc1
mol_6605,Cc1ccccc1NC(=O)NC(Oc1ccccc1)(C(F)(F)F)C(F)(F)F
mol_6606,BrC(Br)([P+](c1ccccc1)(c1ccccc1)c1ccccc1)[P+](c1ccccc1)(c1ccccc1)c1ccccc1.[Br-]
mol_6607,COC1=C(Br)C(O)C2(C=C1Br)CC(C(=O)NCCCCCNC(=N)N)=NO2
mol_6608,CC(C)(C)OC(=O)N(CC1OC(n2cnc3c(N)ncnc32)C2OC(C)(C)OC12)OC(=O)C(C)(C)C
mol_6609,COC1CC(OC2CCC3(C)C(CCC4C3CCC3(C)C(C5=CC(=O)OC5)C(OC(C)=O)CC43O)C2)OC(C)C1O
mol_6610,C[S+](C)C1(c2ccccc2)C(=O)c2ccccc2C1=O.O=S(O)(=[OH+])C(F)(F)F
mol_6611,Clc1ccc(Nc2nc(Cl)c3nc[nH]c3n2)cc1Cl
mol_6612,Cc1ccc(S(=O)(=O)N2CCCC2C(=O)NNC(N)=S)cc1
mol_6613,CCOC(=O)c1ccc(-c2onc(C)c2Br)[nH]1
mol_6614,O=[N+]([O-])C1=C(c2ccccc2)SC(Br)=C(c2ccccc2)S1
mol_6615,O=C1CC(c2c[nH]c3ccccc23)C(=O)N1c1ccccc1
mol_6616,COc1cc(C=O)c(-c2cc(OC)c(OC)cc2C=O)cc1OC
mol_6617,O=C(CCC(=O)NN=Cc1ccccc1O)NN=Cc1ccccc1O
mol_6618,C1=CSSC=CSSC=CSSC=CSS1
mol_6619,Cc1ccc2c(c1)S(=O)(=O)N(C)C(c1ccccc1)=C2
mol_6620,Cc1ccc(-c2n[nH]c(=O)n2N)cc1
mol_6621,O=[N+]([O-])c1cnn(C2=CNc3ccccc3N=C2)c1
mol_6622,C[Si](C)(OCCS(=O)(=O)O)C1(Cc2cccc3ccccc23)S(=O)(=O)OCCOS1(=O)=O.[NaH]
mol_6623,CCCC(O)C1(CC)CC(C)C(O)(C2(C)CC(C)C(C(CC)C(=O)C(C)C(O)C(C)C3OC(O)(C(CC)C(=O)O)C(C)C(O)C3CC)O2)O1
mol_6624,COC(=O)C1=C(CO)C2C=CC1C2
mol_6625,Cc1n[nH]c2c1NC(=O)OC(C)(C)C2
mol_6626,C=CC(C)(C)c1cc(O)c2oc3c(O)cccc3c(=O)c2c1O
mol_6627,COC1=NCN=C2SC=C(N)N=C12
mol_6628,CC(C#N)(CCC(=O)O)N=NC(C)(C#N)CCC(=O)O
mol_6629,O=C1C2CN(Cc3ccccc3)CC1CN(Cc1ccccc1)C2
mol_6630,C=C1C(=O)OC2CC1(C)OCC2C1CCC2C3CC=C4CC=CC(=O)C4(C)C3CCC12C
mol_6631,CCCCCCCCS(=O)(=O)c1ccc(O)c(C(=O)Nc2ccc(C(F)(F)F)cc2)c1
mol_6632,CC(C)C1N2CCCCC2C2c3[nH]c4ccccc4c3CCN21
mol_6633,CC(=O)SCC1CCC2(C)C(CCC3C2CCC2(C)C(C(C)CCC(=O)O)CCC32)C1.N
mol_6634,O=C(Nc1ccc(F)cc1)C(=O)C(C(=O)c1ccccc1F)C1OC(=O)c2ccccc21
mol_6635,CC(C)NC(=N)CSS(=O)(=O)O
mol_6636,O=P1(Cc2ccccc2)OC2CC(Cl)CC(C2)O1
mol_6637,Cn1c2ccccc2c(=O)c2c(O)cc3c(c21)C1OCC(C)(O)C1O3
mol_6638,Cc1cc(N(CCC#N)CCC#N)ccc1C=C(NC(=O)C=Cc1ccccc1)C(=O)Nc1ccccc1Cl
mol_6639,O=C(Cn1ccnc1[N+](=O)[O-])c1ccc(F)cc1
mol_6640,CCOC(=O)C1(c2ccccc2)CCN(Cc2ccccc2)CC1
mol_6641,COC(=O)C1C(O)CC(c2ccccn2)N(Cc2ccccc2)C1c1ccccn1
mol_6642,CCCCCCCCC(C)CCCCCCCCC(=O)OCC(COP(=O)([O-])OCC[N+](C)(C)C)OC(=O)CCCCCCCCC(C)CCCCCCCC
mol_6643,CCCCCCCC(=O)OCC1OC(n2cc(F)c(=O)[nH]c2=O)C(N)C(O)C1O
mol_6644,Oc1cc2cccc[n+]2c2cccc(Cl)c12.[Cl-]
mol_6645,CC(C)(C)CC1=CC(=O)C(C2=CC(=O)C(CC(C)(C)C)=CC2=O)=CC1=O
mol_6646,COCc1c(C)oc2c(C)c3oc(=O)cc(C)c3cc12
mol_6647,CCOC(=O)c1cccc([N+](=O)[O-])c1N
mol_6648,Cc1ccc2[nH]c3nc4cc(C)c(C)cc4nc3c2c1
mol_6649,c1ccc(CN2COCOC3CCCC32)cc1
mol_6650,Cc1ccccc1C1CC(=O)CC(c2ccccc2C)C12C(=O)NC(=O)NC2=O
mol_6651,Fc1ccc(N2C(=S)SC(=Nc3ccccc3)C2=Nc2ccccc2)cc1
mol_6652,O=C1C2=C(c3ccccc31)C(c1ccccc1Cl)NC(=S)N2
mol_6653,Cc1cn(C2CC(Sc3ccccc3)C(CO)O2)c(=O)[nH]c1=O
mol_6654,CNCC(=O)NC(CO)C(=O)NC(CO)C(=O)NC1C(C(N)=O)OC(n2ccc(=N)[nH]c2=O)C(O)C1O
mol_6655,N#Cc1ccccc1-c1nc2c3c(c(N)ccc3n1)C(=O)c1ccccc1-2
mol_6656,COc1ccc(OC2OC(COC(c3ccccc3)(c3ccc(OC)cc3)c3ccc(OC)cc3)C(O)C(O)C2O)cc1
mol_6657,CC12CCCC(=O)C1CC(C(=O)O)CC2
mol_6658,COc1cc2cc[n+](C)c(Cc3ccc(Oc4cc(Cc5c6cc(OC)c(OC)cc6cc[n+]5C)ccc4OC)cc3)c2cc1OC
mol_6659,COc1cc(C=C2SC(=S)N(C=C(C#N)C(=O)c3ccc4ccccc4c3)C2=O)cc(OC)c1OC
mol_6660,NC(Cc1cc(O)c(O)c(S(=O)(=O)c2ccccc2)c1)C(=O)O
mol_6661,CCOC(=O)c1cnccc1CC1(C#N)c2ccccc2C=CN1C(=O)c1ccccc1
mol_6662,CCNC(=S)NNC(=O)c1nsc2ccccc12
mol_6663,O=C1C=C(Nc2ccc(S(=O)(=O)Nc3ncccn3)cc2)c2ccccc2C1=O
mol_6664,COC(=O)N1C=CC2ON=C(OC)C2C1c1ccccc1
mol_6665,CC(=O)OC12CCCCCCC1C1(O)C(O)CCCC21
mol_6666,COc1cc(C=CC(=O)CC(=O)C=Cc2cc(OC)c(O)c(OC)c2)cc(OC)c1O
mol_6667,COc1cc2occ(-c3ccc(O)c(O)c3)c(=O)c2cc1O
mol_6668,C#CCN(N=O)C(=O)NCCCC(NC(C)=O)C(=O)NCc1ccccc1
mol_6669,CCN(CCCc1ccccc1)CCCc1ccccc1.O=C(O)CC(O)(CC(=O)O)C(=O)O
mol_6670,O=c1c2ccccc2[nH]c(=S)n1-c1cccc(C(F)(F)F)c1
mol_6671,FC(F)(F)c1ccc(C=NC23CC4CC(CC(C4)C2)C3)cc1
mol_6672,Cc1ccc(Cl)cc1N=NC(=O)NNc1cc(Cl)ccc1C
mol_6673,CN1C(=O)CNC(=O)c2ncn(C3OC(CO)C(O)C3O)c21
mol_6674,CC(=O)OC1CCC2C3CCC4=CC(=NOCCN(C)C)CCC4(C)C3CCC12C.O=C(O)C(=O)O
mol_6675,O=C1C(O)=C(C(C2=C(O)C(=O)c3ccccc3C2=O)c2ccc(Cl)c(Cl)c2)C(=O)c2ccccc21
mol_6676,Nc1ccc2c(c1)C1(NC(=O)NC1=O)c1cc(N)ccc1-2
mol_6677,Cc1nn2c(=O)c([N+](=O)[O-])c(C=Cc3ccco3)nc2s1
mol_6678,COc1ccc(NC(=O)C(C#N)=Cc2ccc(O)c(O)c2)cc1O
mol_6679,COc1ccc2c3c(c(C(=O)O)oc13)CCC2
mol_6680,O=C(CCCNC(=O)OCc1ccccc1)OCc1ccc2c(c1)C(=O)c1ccccc1C2=O
mol_6681,CCC(=O)OC(C)CC1SCCCS1
mol_6682,CN1CC(=CC=Cc2ccccc2)C(=O)C(=CC=Cc2ccccc2)C1.Cl
mol_6683,O=C(C=Cc1cccs1)c1ccc(C(=O)C=Cc2cccs2)cc1
mol_6684,CC(C)CC(NC(=O)C(Cc1c[nH]cn1)NC(=O)C(CC(N)=O)NC(=O)C(NC(=O)C(CO)NC(=O)C(Cc1ccc(O)cc1)NC(=O)C(CO)NC(=O)C(C)N)C(C)O)C(=O)O
mol_6685,O=C1CS(=O)(=O)C(c2cccc(Cl)c2)N1N1C(=O)CS(=O)(=O)C1c1cccc(Cl)c1
mol_6686,N#Cc1nc(CCc2nc(C#N)c(N)o2)oc1N
mol_6687,CC(OC1C(N)C(O)OC(CO)C1O)C(=O)O
mol_6688,COc1cc(Cc2c(OC)c(OC)cc(C)c2C(=O)O)cc(OC)c1
mol_6689,O=C1COC(c2ccccc2)C(c2ccccc2)(c2ccccc2)O1
mol_6690,C=C1C(=O)OC2C=C(C)C3=CC(=O)C(C)(CC(OC(=O)C(C)=CC)C12)O3
mol_6691,COc1cc([Hg]OC(C)=O)c(OC)c(NC(=O)CC(C)=O)c1[Hg]OC(C)=O
mol_6692,CCc1cccc(CC)c1NC(=NC(=O)c1ccc(Br)cc1)SC.I
mol_6693,Cc1cc(S(=O)(=O)O)c(NC(=O)C(=O)C2C=CCS2(=O)=O)cc1Cl
mol_6694,O=c1oc2ccccc2c(O)c1C(c1cnc2ccccc2c1)c1c(O)c2ccccc2oc1=O
mol_6695,COc1ccc(N2C(=O)C(=C(C)c3cc4ccccc4oc3=O)N=C2c2cc([N+](=O)[O-])ccc2Cl)cc1
mol_6696,COC(=O)NN=Cc1oc(-c2ccccc2)c(-c2ccccc2)c1[N+](=O)[O-]
mol_6697,CCCCCCCCNC(=O)C(=Cc1ccc(C=C(NC(=O)c2ccccc2)C(=O)NCCCCCCCC)cc1)NC(=O)c1ccccc1
mol_6698,O=C(NCCCCN1CCCCCC1)C1c2ccccc2-c2ccccc21
mol_6699,CC(C)=NNc1snnc1C(N)=O
mol_6700,CN=CN(C)c1c2ccccc2nc2ccccc12
mol_6701,O=C1CCc2nc3ccccc3c(=O)n21
mol_6702,O=c1[nH]c(=O)n(C2OC(CO)C(O)C2O)cc1OCCCc1ccccc1
mol_6703,N#Cc1c(N=Cc2ccccc2Cl)sc2c1CCC2
mol_6704,Cl.NCCNCCNCc1c2ccccc2c(CNCCNCCN)c2ccccc12
mol_6705,c1ccc2c(c1)cc(C1NCCc3[nH]cnc31)c1ccccc12
mol_6706,CCOC(=O)c1cnn2c(SC)ncnc12
mol_6707,CC12CCC3C(CCC4CC(=CC#N)CCC43C)C1CCC2=CC#N
mol_6708,N#CC(=C1c2cc([N+](=O)[O-])ccc2-c2c1cc([N+](=O)[O-])cc2[N+](=O)[O-])N1CCCCC1
mol_6709,S=c1cc(-c2ccccc2)ss1
mol_6710,O=Cc1cc(O)c(O)c(O)c1-c1c(C=O)cc(O)c(O)c1O
mol_6711,CCOP(=O)(OCC)C(C#N)=Cc1nccn1C
mol_6712,O=C1CC2C(c3ccccc3)C3C(=O)c4ccccc4NC(=O)C3C2(O)c2ccccc2N1
mol_6713,Cc1cc(-c2ccc(C(=O)C(Cl)(Cl)Cl)[nH]2)on1
mol_6714,CCOC(=O)c1cc(C(=O)OCC)c2cccc3cccc1-n-3-2
mol_6715,COc1nc(NC2OCC(O)C(O)C2O)c(NC2OCC(O)C(O)C2O)c(=O)n1C
mol_6716,COc1cc(O)c2c(c1)OC(C)C(C)C2=O
mol_6717,COC(=O)C1SCC2C(=O)N(c3ccccc3)C(=O)N21
mol_6718,NS(=O)(=O)c1cc2c(cc1C(F)(F)F)NCNS2(=O)=O
mol_6719,Cc1cc(NS(=O)(=O)c2ccc(NC(=O)c3cccn4c(=O)c5ccccc5nc34)cc2)no1
mol_6720,Cc1cc(S(=O)(=O)Nc2nc(=N)n(-c3ccccc3)[nH]2)c(S)cc1Cl
mol_6721,CCOC(=O)CCn1[nH]c(=O)c(Cl)c(Cl)c1=O
mol_6722,CC(=O)Oc1ccc(Nn2c3ccccc3c3ccccc32)c(C)c1
mol_6723,COC1C=COC2(C)Oc3c(C)c(OC(C)=O)c4c(c3C2=O)C(=O)C=C(NC(=O)C(C)=CC=CC(C)C(O)C(C)C(O)C(C)C(OC(C)=O)C1C)C4=O
mol_6724,Cc1ccc(C=C2Cc3c(C)cc(C)cc3C2=O)c(C(=O)O)c1
mol_6725,Cc1nnc2n1-c1ccccc1-c1[nH]c3ccccc3c1C2
mol_6726,CCSc1nnc2c(-c3ccccc3)n[nH]c2n1
mol_6727,CCC(C)CC(C)CC(C)C=C(C)C1=C(C)CC(C)(O)O1
mol_6728,Cc1cc(C23OC4COC(C)(C)OC4C2OC(C)(C)O3)nc2ccccc12
mol_6729,COc1ccccc1C(O)(c1ccccc1)C(O)(c1ccccc1)c1ccccc1OC
mol_6730,COc1ccc(CN2COc3c(cc(C)c4cccnc34)C2)cc1
mol_6731,CCC1OC2C(CC=C(C)C)=C3OC(C)(O)C(C)(CC)C(OC(=O)c4ccccc4)C3=C3OC(=O)C=C1C32
mol_6732,CN1CCN(c2c(Cl)cc(Cl)c3[nH]c4ccccc4c(=O)c23)CC1
mol_6733,Cc1cccc(N(CC(=O)O)S(=O)(=O)c2ccccc2)c1
mol_6734,CC1CC(NN(C)C)=C(C#N)C1(C#N)C#N
mol_6735,CSC(SC)=C1C(=O)N(c2ccccc2)N=C1C
mol_6736,CC(O)C(NC(=O)C(CCCCN)NC(=O)C(CC(=O)O)NC(=O)C(N)Cc1ccccc1)C(=O)NC(CO)C(=O)NC(CC(N)=O)C(=O)NC(CO)C(=O)N1CCCC1C(=O)NC(Cc1ccc(O)cc1)C(=O)NC(Cc1c[nH]cn1)C(=O)NC(Cc1ccccc1)C(=O)O
mol_6737,COC(=O)C(=NNC(N)=O)C(C(=O)C=C(C)C)C(=O)C(=O)Nc1ccc(Cl)c(Cl)c1
mol_6738,CC(C)N(C(=O)C12C3C4C1C1C2C3C41C(N)=O)C(C)C
mol_6739,NC(=O)C(=O)NN=C1c2ccccc2CC1C1(O)C(=O)Nc2c(Cl)cc(Cl)cc21
mol_6740,CC(=O)Nc1ccc(N)c2cc(S(=O)(=O)O)ccc12
mol_6741,CS(=O)(=O)c1n[nH]c2nc(O)nc(O)c12
mol_6742,CC(=O)Oc1ccc2cc(-c3ccccc3OC(C)=O)c(=O)oc2c1
mol_6743,COc1cc(OCc2ccc3nc(-c4ccccc4)c(Cl)nc3c2)cc(OC)c1OC
mol_6744,COc1ccc(C=CC(=O)c2sc(-n3nc(-c4ccccc4)cc3-c3ccccc3)nc2C)cc1
mol_6745,CC1CC12OC(=O)N(c1cc(Cl)cc(Cl)c1)C2=O
mol_6746,Cc1csc(-n2nc(C)cc2C)n1
mol_6747,Cc1cccc(NC(=O)C(=O)C(C2OC(=O)c3ccccc32)[N+](=O)[O-])c1C
mol_6748,Oc1cc2cc(O)nc(O)c2c(O)n1
mol_6749,CCCCCCCCCC(O)CC(=O)c1c(O)cccc1O
mol_6750,O=P1(c2ccccc2)CCCCC1
mol_6751,Oc1ccc2ccccc2c1OCc1nnc(CCCCCCCCc2nnc(COc3c(O)ccc4ccccc34)n2Nc2ccccc2)n1Nc1ccccc1
mol_6752,C=CC1(C)OC2(CCN(C(=O)OCC)CC2)OC1C
mol_6753,CCN(CC)c1c(-c2c(N(CC)CC)c(OC(C)=O)c3sccn3c2=O)c(=O)n2ccsc2c1OC(C)=O
mol_6754,CON=C(C)CCC#Cc1ccccc1C(=O)OC
mol_6755,CC(=O)Nc1c(C)cc2c(nc3n2CCC3O)c1[N+](=O)[O-]
mol_6756,N#CC(C(=NNC(=O)C(=O)NN)C(=O)NC12CC3CC(CC(C3)C1)C2)c1ccccc1
mol_6757,O=C1CCC23C=CC(=O)NCCCCNCCCNC(=O)C=Cc4ccc(c2c4)OC3C1
mol_6758,CCCCOC(=O)C(=O)C(CCC(=O)c1ccc(C)cc1)C(=O)C=C(C)C
mol_6759,COc1ccc(OC)c2cc(C3(C)SCCCS3)ccc12
mol_6760,COc1cccc(N2C(=O)CC(Sc3ccccc3N)C2=O)c1
mol_6761,CC1=CC(O)C(=O)C=CC=Cc2csc(n2)C(C)NC(=O)CC2(CC1)S(=O)SC(=O)C2(C)O
mol_6762,Cn1c2c(c3ccccc31)CCN(CCCCN1CCN(c3ccccc3)CC1)C2=O
mol_6763,CC1CCC2(OC1)OC1CC3C4CCC5CC(OC6OC(CO)C(OC7OC(CO)C(O)C(OC8OCC(O)C(O)C8O)C7OC7OCC(O)C(O)C7O)C(O)C6OC6OC(C)C(O)C(O)C6O)CCC5(C)C4CCC3(C)C1C2C
mol_6764,O=C(O)CCC(NC(=O)c1ccc(Oc2nc3ccccc3nc2C(=O)O)cc1)C(=O)O
mol_6765,COS(=O)(O)=[OH+].C[n+]1c2ccccc2c(CNc2ccc(S(=O)(=O)NC(=N)N)cc2)c2ccccc21
mol_6766,N#CC1=C(N)Oc2c(ccc3cccnc23)C1c1ccccc1
mol_6767,Cc1ccc2c(c1)SSc1ccc(C)cc1SS2
mol_6768,C=CC1=CSNN1
mol_6769,CCC(=C(C#N)C#N)c1cc(OC)c(OC)c(OC)c1
mol_6770,CCC1ON(C)C2CN(C)C(=O)C12
mol_6771,CC1Cc2c(N)nc(NN)nc2NC1=O
mol_6772,Cc1ccc(S(=O)Cc2ccc(C(=O)O)cc2[N+](=O)[O-])cc1
mol_6773,CC1=CC(=C2N=C(N(C)C)SS2)C(C)=N1.[O-][Cl+3]([O-])([O-])O
mol_6774,CC1=NC(=O)CC2=C1C(C)N(Cc1ccccc1)C2=O
mol_6775,CCOC(=O)C1=C(O)C2C3CC4C2C(O)=C(C(=O)OCC)C2C1C3C42
mol_6776,O=C(O)CC1OCC=C2CN3CCC45C6=CC(=O)C(=O)C([N+](=O)[O-])=C6NC4C1C2CC35
mol_6777,O=C(O)c1cc2c(cn1)[nH]c1ccccc12
mol_6778,O=C(CCc1ccc(O)c(O)c1)NCCc1cc(O)cc(O)c1
mol_6779,COc1cc2c(cc1OC)C1CNC(C2)c2cc(OC)c(OC)cc21
mol_6780,O=C1CSC2=NC3=C(CSCC3=Cc3ccc(Cl)cc3)C(c3ccc(Cl)cc3)N12
mol_6781,NCCCN(CCCCN(CCCN)CCCc1ccccc1)CCCc1ccccc1.O=C(O)C(F)(F)F
mol_6782,C=C1C(=O)OC(CCCCC)C1C(=O)O
mol_6783,COC1=CC(C)=CC(C)C(O)C(C)CC(C)=CC=CC(OC)C(C(C)C(O)C(C)C2(O)CC(O)C(C)C(C(C)C)O2)OC1=O
mol_6784,CC(=O)C1C(=O)C(=O)N(c2ccccc2C(C)C)C1=O
mol_6785,O=C(Nc1c(-c2nc3ccccc3[nH]2)sc(=S)n1-c1ccccc1)c1ccccc1
mol_6786,O=C(Nc1ccc(Sc2ccc(N=Nc3c(O)c(S(=O)(=O)O)cc4cc(S(=O)(=O)O)ccc34)cc2)cc1)c1ccc(N=Nc2ccc3c(S(=O)(=O)O)cccc3c2O)cc1
mol_6787,CCn1c(CSc2nc(-c3ccccc3)c(-c3ccccc3)[nH]2)n[nH]c1=S
mol_6788,O=c1c(SCc2ccc(Br)cc2)c(SCc2ccc(Br)cc2)cnn1-c1ccccc1
mol_6789,COC1=C2CC(OC)(C#CC=CC#CC2O)CC1(C)C
mol_6790,CNC(=O)c1ccc(NC(=O)Nc2cccc(C3=NCCN3)c2)cc1NC(=O)Nc1cccc(C2=NCCN2)c1
mol_6791,C1CCCN(N2CCOCC2)CC1
mol_6792,COc1ccc(N2C(=O)C3c4[nH]c5ccc(C)cc5c4C4CCC(c5ccccc5)CC4C3C2=O)cc1
mol_6793,COC1=CC(=O)c2nc(C)ccc2C1=O
mol_6794,Nc1cc(O)nc(N)n1
mol_6795,CCC(C)C(NC(=O)C(CCCNC(=N)N)NC(=O)C(CC(N)=O)NC(=O)C(Cc1c[nH]cn1)NC(=O)C(N)CC(C)C)C(=O)NC(C(=O)NC(CC(C)C)C(=O)NCC(=O)NC(CC(N)=O)C(=O)O)C(C)CC
mol_6796,COC(=O)C(NC(=O)C(CC(=O)OCc1ccccc1)NC(=O)OCc1ccccc1)C1CCCCC1
mol_6797,Cc1[nH]c2ccccc2c1C1Cc2ccccc2N1C(=O)C(C#N)=Cc1ccccc1
mol_6798,COC(=O)CC[Ge](C)(C)Sc1ccccc1
mol_6799,COc1ccc(-c2c(C(C)=O)c(C)n(C3OC(CO)C(O)C(O)C3O)c(=S)c2C#N)cc1
mol_6800,CCOC(=O)c1c2ccc(C=Cc3ccccc3)ccc-2c(C(=O)OCC)c1N
mol_6801,COC(OC)(c1ccccc1)C(I)I
mol_6802,COC(=O)C(NC(=O)CSc1nnc(COc2ccc(Cl)cc2)n1-c1ccccc1)C(C)C
mol_6803,Cc1ccc(C=NNc2cc(C)c3ccccc3n2)s1
mol_6804,CC1(C)CC23CC(C)(C)c4cccc(c42)OCc2ccc4ccc5ccc(nc5c4n2)COc2cccc1c23
mol_6805,Cc1nc(Nc2ccc(Cl)cc2)sc1C(=O)NNC(=S)NN
mol_6806,CCOC(=O)C1=C(C#N)S(=O)(=O)c2c(oc(C)c2C)N1
mol_6807,CC(C)[Si](CC1=CCCCC12C(=O)N(COCC[Si](C)(C)C)c1ccccc12)(C(C)C)C(C)C
mol_6808,COc1cc2c(-c3onc4ccc(OCc5ccccc5)cc34)nccc2c(OC)c1OC
mol_6809,O=C(CC1C(=O)Nc2ccccc2S1(=O)=O)Nc1cc(Cl)ccc1Cl
mol_6810,CCOc1ccc(N=Nc2c(-c3ccccc3)nn(C(=O)CC(=O)Nc3cccc(C)c3)c2-c2ccccc2)cc1
mol_6811,O=C(CCc1ccccc1CO)NCCc1ccccc1
mol_6812,COc1cc(CNc2ccc(C)cc2)cc(OC)c1OC.Cl
mol_6813,CCOC(=O)C1(CC=CCBr)Cc2ccccc2C1=O
mol_6814,O=C(C=P(c1ccccc1)(c1ccccc1)c1ccccc1)C1(C(=O)C=P(c2ccccc2)(c2ccccc2)c2ccccc2)CC1
mol_6815,C=CCOc1cc2c(cc1C(C)c1ccc(OC)cc1)OCO2
mol_6816,CC(=O)NC1C(CO)OC2OC(C)(C)OC21
mol_6817,COC(=O)c1c2oc3c(C(=O)OC)cccc3nc-2cc(N)c1=O
mol_6818,COC1=C(CC(C)=O)C(=O)c2c(O)c(CO)cc(O)c2C1=O
mol_6819,COc1cccc(C=CC(=O)c2ccccc2)c1
mol_6820,Cc1cc(C)cc(OCC2CNC(=O)O2)c1
mol_6821,COc1cccc2c(Nc3ccc(S(=O)(=O)Nc4ncccn4)cc3)c3ccc([N+](=O)[O-])cc3nc12
mol_6822,Cc1ccc(Nc2nc(N)nc(O)c2N=O)cc1
mol_6823,O=[N+]([O-])c1cc(Cl)ccc1OCc1ccccc1
mol_6824,Cl.O=C(NCCCCN1CC2CCCC2C1)C(C1CCCCC1)C1CCCCC1
mol_6825,CC1(O)CCC2(CCC(C)(O)CC2=O)C(=O)C1
mol_6826,Cc1cc([N+](=O)[O-])c(C)c2c1[nH]c1ccc(C(CCC3CCCC3)=NN)cc12
mol_6827,Cc1ccccc1-c1c(N)nc(NC#N)nc1C(=O)Nc1ccccc1
mol_6828,CC12OC(=O)C(C#N)C1(C)C1C(=O)CCCC12
mol_6829,Cc1ccc2c(c1)S(=O)(=O)NC2=O
mol_6830,COC1=CC2(OC)CCC1C1=C2C(=O)c2c(O)cccc2C1=O
mol_6831,Cc1ccc(NC(=O)C(CC(=O)c2sc(Nc3ccccc3Cl)nc2C)=NNc2ccc([N+](=O)[O-])cc2[N+](=O)[O-])c(C)c1
mol_6832,ClCCCCOC1CCCCO1
mol_6833,Cc1ccc(NC(=O)C(=O)Cc2cccc[n+]2[O-])cc1C
mol_6834,N#CC(C#N)=CN1CCCC1
mol_6835,Cc1cn(C2CCCCC2O)c(=O)[nH]c1=O
mol_6836,N#CC(c1ccc(O)cc1)N1CCN(C(C#N)c2ccc(O)cc2)CC1
mol_6837,Cc1cc(C)c2c(c1)C(=O)c1c(O)ccc(O)c1C2=O
mol_6838,Cc1ccc(N(C(=O)Nc2ccc(F)c(Cl)c2)C2=NCC(C)S2)cc1
mol_6839,Cn1c2c(c3cc(Cl)cc(Cl)c31)-c1ncncc1CC2
mol_6840,CC(=O)NC(ON1C(=O)COc2ccccc21)C(Cl)(Cl)Cl
mol_6841,COc1ccc(CC=C(C)CCO)cc1
mol_6842,CC(=O)OCC1OC(n2c(=S)n(-c3ccc([N+](=O)[O-])cc3)c(=O)c3ccccc32)C(OC(C)=O)C(OC(C)=O)C1OC(C)=O
mol_6843,CC1=NN(C(=O)CC(=O)Nc2cccc(Cl)c2)C(=O)C1N=Nc1ccc(S(N)(=O)=O)cc1
mol_6844,CCOc1ccc(N=Nc2ccc(C=Cc3ccc(N=Nc4ccc(OCC)cc4)cc3S(=O)(=O)O)c(S(=O)(=O)O)c2)cc1
mol_6845,CC1=CCC(O)C=CC(C)C(O)C(C)C=C(C)C(=O)c2c(O)c(C)cc3c2C(=O)C(N)=C(NC(=O)C=CC=CC=CC(C)C(O)CC1=O)C3=O
mol_6846,O=C(CC(C(=O)c1cccs1)c1ccc2c(c1)OCO2)c1ccc(Br)cc1
mol_6847,CCCCCN1CCN(c2ncccn2)CC1.Cl
mol_6848,O=C(NC(CO)Cc1ccc(Oc2cc(CC(CO)NC(=O)OCc3ccccc3)ccc2OC(=O)OCc2ccccc2)cc1)OCc1ccccc1
mol_6849,N#Cc1c(=O)c2cc([N+](=O)[O-])ccc2n2c1[nH]c1ccccc12
mol_6850,CN(C)CCC(C=Cc1ccccc1)=NNc1ccccc1.Cl
mol_6851,O=[N+]([O-])c1ccc(C(O)C(=NO)c2nc3ccc(Cl)cc3nc2O)cc1
mol_6852,CC(C)(C)[Si](C)(C)OC1C(C[N+]([O-])=NNc2ccc([N+](=O)[O-])cc2)OC(n2ccc(=O)[nH]c2=O)C1O[Si](C)(C)C(C)(C)C
mol_6853,CCOc1ccccc1NC(=O)CC1C(=O)Nc2ccccc2S1=O
mol_6854,Cc1nc(-n2nc(-c3ccccc3)cc2-c2ccccc2)sc1C(C=Cc1ccc([N+](=O)[O-])cc1)=NNC(N)=S
mol_6855,COc1ccc2c3c1OC1C4(OC)CCC5(CC4C(C)=O)C(C2)N(C)CCC315.Cl
mol_6856,COc1ccc(C(C)c2cc3c(cc2OC)OCO3)cc1
mol_6857,O=C1OCC2C(=O)OCC12
mol_6858,COC(=O)CC1(O)C(C=C(C)C)C(C(=O)OC)C(=O)C(C(=O)OC)C1C(=O)OC
mol_6859,CC(=O)OC1=NN=C2COC(c3ccccc3OC(C)=O)=NN2C1
mol_6860,Cc1ccc(S[S+](C)c2ccc(C)cc2)cc1.O=[N+]([O-])c1cc([N+](=O)[O-])c(S(=O)(=O)O)c([N+](=O)[O-])c1
mol_6861,COc1cc2cc(C(=O)N3CC(CCl)c4ccc(NO)cc43)[nH]c2c(OC)c1OC
mol_6862,CC1CC(=O)Nc2ccccc2N1
mol_6863,CN(C)c1ccc(C=C(C#N)c2ccc(F)cc2)cc1
mol_6864,CCN(CC)c1cc2oc(=O)cc(C)c2cc1[N+](=O)[O-]
mol_6865,O=C1Oc2ccccc2CC1C(=O)c1ccc(Cl)cc1
mol_6866,CCOC(=O)C(SC#N)=C(N)N1CCCC1
mol_6867,CN1B(c2ccccc2)N(C)C(=O)N(C)C1=O
mol_6868,COc1ccc(CCNC(=S)NC=Cc2nc3ccccc3nc2O)cc1OC
mol_6869,COc1ccc2c(c1)-c1c(c3cc(OC)ccc3n1CCN1CCOCC1)CC2
mol_6870,COc1ccc(NS(=O)c2ccc(-c3ccccc3)cc2)cc1
mol_6871,COC12C=CC(CC1)C(C)(C)C2OS(C)(=O)=O
mol_6872,CC(C)CC(C#N)C(N)=O
mol_6873,C=C(C)C1Cc2oc(cc2C(=O)OC)C(C(=C)C)C2C=C(C(=O)O2)C2OC12
mol_6874,COc1cc2nc(C=Cc3nc4cc(OC)c(OC)cc4[nH]3)[nH]c2cc1OC
mol_6875,Cc1c(Cl)c(=O)oc2cc(OCC(=O)c3ccccc3)ccc12
mol_6876,Cc1cc(S(=O)(=O)O)c(NC(=O)c2oc3cc(O)ccc3c(=O)c2C)cc1Cl
mol_6877,N#Cc1cc2c(n(NS(=O)(=O)c3ccccc3)c1=O)CCCCC2
mol_6878,CC(=O)OCC1OC(n2c(-c3ccc(C)cc3)cc(-c3ccco3)c(C#N)c2=O)C(OC(C)=O)C(OC(C)=O)C1OC(C)=O
mol_6879,NNC(=O)CCC(=O)NC1C2CC3CC(C2)CC1C3
mol_6880,COC(=O)CCC(C)C1CCC2C3=CC(=O)C4CC(OC(C)=O)CCC4(C)C3CC(OC(C)=O)C21C
mol_6881,Cc1ccc(C(CO)(CO)OC(CO)(CO)c2ccc(C)c(C)c2)cc1C
mol_6882,COc1ccc(C2=Nn3c(nc4sc(-c5ccccc5)cc4c3=O)SC2)cc1
mol_6883,C[n+]1c(COc2ccc(C=NNc3ccnc(NN=Cc4ccc(OCc5cn6ccccc6[n+]5C)cc4)n3)cc2)cn2ccccc21
mol_6884,CC1(C)CCOC(Sc2ccccc2)C1
mol_6885,CC(=O)OCC1OC(OCCCCCCO)C(OC(C)=O)C(OC(C)=O)C1OC(C)=O
mol_6886,COc1cc(N)c2c(c1)SCC(=O)N2
mol_6887,CC(=O)N(C(C)=O)c1nc2c(c(=O)n(C)c(=O)n2C)n1C
mol_6888,CC(C)CC(NC(=O)C(O)C(N)Cc1ccccc1)C(=O)O
mol_6889,CS[c-]1c(C)[n+]([O-])c2cc(Cl)c(Cl)cc2[n+]1=O
mol_6890,O=S(=O)(O)OC1CCCCC1Nc1ccccc1
mol_6891,c1ccc(N=Nc2ccccn2)nc1
mol_6892,CC1(c2cccc(N)c2)C2C(=O)NC(=O)C1C(=O)NC2=O
mol_6893,Nc1ccccc1S[Sn](c1ccccc1)(c1ccccc1)c1ccccc1
mol_6894,CCCc1cc(=O)oc2c3c(c4c(c12)OC(C)(C)C=C4)OC(C)C(C)C3O
mol_6895,CCOC(=O)c1c(N)sc2c1C(C(=O)OCC)CCC2
mol_6896,CC(=O)OCC12C(=O)CC(C)C3(CC(c4ccoc4)OC3=O)C1CCC(OC(C)=O)C21CO1
mol_6897,CCOC(=O)C1CC(C(=O)c2ccccc2)N2N=C(c3ccc(Br)cc3)C=CC12
mol_6898,Cc1ccccc1[PH](Cc1ccccc1)(c1ccccc1C)c1ccccc1C
mol_6899,Cc1nc2sc3c(c2c(=O)o1)CCCC3
mol_6900,S=C(c1c[nH]c2ccccc12)N1CCN(c2ccccc2)CC1
mol_6901,CCOc1cc2c(=O)oc3c(OC)ccc4ccc(c1OC)c2c43
mol_6902,CN1C(=O)CN2CCc3ccccc3C2c2cc(Cl)ccc21
mol_6903,Cc1ccc(N2C(=O)C(=Cc3ccc(N(CCC#N)CCC#N)cc3)CC2(O)c2ccccc2)cc1
mol_6904,BrCc1ccccc1C[PH](c1ccccc1)(c1ccccc1)c1ccccc1
mol_6905,O=C1CSC(c2ccccc2O)N1c1ccc(-c2ccc(-n3c(-c4ccccc4)nc4ccccc4c3=O)cc2)cc1
mol_6906,O=C(c1ccc(S(=O)(=O)c2ccccc2)cc1)c1ccc(S(=O)(=O)c2ccccc2)cc1
mol_6907,Cl.O=C(NCCCNCCNC(=O)c1cc(-c2ccccc2)nc2ccccc12)c1cc(-c2ccccc2)nc2ccccc12
mol_6908,c1ccc(C(c2ccccc2)[PH](c2ccccc2)(c2ccccc2)c2ccccc2)cc1
mol_6909,COC(=O)C(CSSCC(NC(=O)CNC(=O)c1ccccc1)C(=O)OC)NC(=O)CNC(=O)c1ccccc1
mol_6910,CC(=O)Oc1ccc(C=CC(=O)OCCOC(=O)C=Cc2ccc(OC(C)=O)c(OC(C)=O)c2)cc1OC(C)=O
mol_6911,CN1C(NC#N)=NP(=O)(O)C1(C)C.N
mol_6912,Oc1ncnc2cccc(Cl)c12
mol_6913,COC(=O)C1=C2Nc3ccccc3C23CCN2C(=O)CC(C1)C23
mol_6914,CCN1CCN(c2ccc(Nc3ccnc4ccc5nn(C)nc5c34)cc2)CC1
mol_6915,CN(C)C1C(O)=C(C(=O)NCNCCCC(=O)O)C(=O)C2(O)C(O)=C3C(=O)c4c(O)cccc4C(C)(O)C3CC12
mol_6916,Fc1cccc(F)c1C1SCc2nc3cc4ccccc4cc3n21
mol_6917,O=C(O)c1cc2ccccc2c(N=Nc2ccc(C=Cc3ccc(N=Nc4c(O)c(C(=O)O)cc5ccccc45)cc3S(=O)(=O)O)c(S(=O)(=O)O)c2)c1O
mol_6918,CCC1(O)CCCC2C3CCC4CC(=O)CCC4(C)C3C(=O)CC21C
mol_6919,Cc1cc(N(CCC#N)CCC#N)ccc1C(Sc1ccccc1)=C(NC(=O)C=Cc1ccccc1)C(=O)Sc1ccccc1
mol_6920,CC1(c2nc3cc(Cl)c(Cl)cc3[nH]2)CCC(CO)C(C)(C)O1
mol_6921,CC1=NN(c2ccccc2)C(=O)C1N=Nc1ccc(Br)c(C)c1
mol_6922,COc1cccc(C=Cc2nc3ccccc3nc2C=Cc2cccc(OC)c2OC)c1OC
mol_6923,COc1ccc(OC)c(NCC(=O)Nn2cnc3ccc(S(=O)(=O)Nc4cc(OC)ccc4OC)cc3c2=O)c1
mol_6924,CCCCc1ccc(N2C(=O)c3cc([N+](=O)[O-])cnc3S2(=O)=O)cc1
mol_6925,N=c1ccn(C2OC(COC(=O)c3ccccc3)C(OC(=O)c3ccccc3)C2I)c(=O)[nH]1
mol_6926,N#Cc1nc(-c2cnccn2)oc1N
mol_6927,CCOC(=O)C(CC(C)C)NC(=O)c1cc(SC#N)c(C)c2c1Nc1c(c(C)c3oc(=O)c(C)nc3c1C(=O)NC(CC(C)C)C(=O)OCC)O2
mol_6928,COc1cc2c(cc1OC)C1C(COC(=O)c3ccccc3)CSC(=Nc3ccccc3)N1CC2
mol_6929,CC(=O)NNc1nc(C)c(C(=O)NNC(=O)C(=O)Nc2ccccc2C#N)s1
mol_6930,Cc1cn(C2CCN(CC3COC(C)(C)O3)O2)c(=O)[nH]c1=O
mol_6931,O=C(O)CC1NC(C(=Cc2ccccc2O)NC(=O)c2ccccc2)OC1=O
mol_6932,CCCC(C)(C)SSC(C)(C)CCC
mol_6933,N#CC1CC(c2cccs2)Nc2ccccc2N1
mol_6934,O=S(CC1(O)CCCCC1)c1ccccc1
mol_6935,C=C1CC2CC(O)CC(C1)C2
mol_6936,O=C(Nc1ccc(C(F)(F)F)cc1[N+](=O)[O-])C(=O)C(C(=O)c1ccc2ccccc2c1)C1OC(=O)c2ccccc21
mol_6937,COc1ccccc1N1C(=O)C2c3[nH]c4ccccc4c3C3CCC(C(C)(C)C)CC3C2C1=O
mol_6938,NC(Cc1c[nH]cn1)C(=O)NC(Cc1ccc(O)c(O)c1)C(=O)NCC(=O)NC=Cc1c[nH]c2cc(Br)ccc12
mol_6939,c1ccc(CC2(c3cc4ccccc4[nH]3)OCCO2)nc1
mol_6940,O=c1c2cc([N+](=O)[O-])ccc2[nH]n1Cc1ccccc1Cl
mol_6941,O=C(NC12CC3CC(CC(C3)C1)C2)C(=O)c1c[nH]c2ccc(Cl)cc12
mol_6942,c1ccc2c(c1)NC(C1OC3CCCN3C1C1Nc3ccccc3S1)S2
mol_6943,CC1CC2C3CCC4=CC(=O)C=CC4(C)C3(F)C(O)CC2(C)C1(O)C(=O)CO
mol_6944,O=C1OCC2Cc3sccc3C(c3ccccc3)=C12
mol_6945,O=C(C=Nc1ccccc1C(=O)O)c1ccco1
mol_6946,S=C(NN=Cc1ccccn1)N(Cc1ccccn1)Cc1ccccn1
mol_6947,Nc1ncnc2c1ncn2C1CC1CO
mol_6948,CCOC(=O)c1c(C)nc2c3ccccc3c(C#N)c(C)n12
mol_6949,CC(C)c1ccc(S(=O)(=O)c2ccc([N+](=O)[O-])cc2[N+](=O)[O-])cc1
mol_6950,CC1C(c2ccccc2)OC(N2CCOCC2)C(C)(C)CN1C
mol_6951,Nc1cccc2cn[nH]c12
mol_6952,CCC1C(=O)N(C)c2ccccc21
mol_6953,Cn1cc[n+]([Pt-2]23[n+]4ccccc4-c4cccc([n+]42)-c2cccc[n+]23)c1.[O-][Cl+3]([O-])([O-])[O-]
mol_6954,CCN(CC)C(=CCl)Nc1ccccn1.[O-][Cl+3]([O-])([O-])O
mol_6955,CC(C)(CO)CNc1nc(N)nc(Cl)c1C=O
mol_6956,CC(C)(CO)NC(=O)c1cccs1
mol_6957,ClCc1c(-c2ccccc2)nn(-c2ccccc2)c1CCl
mol_6958,CCC1CN2CCc3cc(OC)c(OC)cc3C2CC1CC1c2cc(OC)c(OC)cc2CCN1C(=O)C1CCCN1C(=O)OCc1ccccc1
mol_6959,CC(C)=CCCc1c(C)ccc2c1C(=O)C(O)=C(C(C)C)C2=O
mol_6960,COS(=O)(=O)c1c(N)n(C)c(=O)n(C)c1=O
mol_6961,Nc1ccc(-c2nc3sc(-c4ccc(N)cc4)nc3s2)cc1
mol_6962,CC12CCCCC1=[N+]([O-])C(C)(C)N2O
mol_6963,COC1C2c3cc4c(cc3CC(C#N)(c3ccccc32)N1C(=O)c1ccccc1)OCO4
mol_6964,C(=NNc1ccccc1)c1nc2ccccc2nc1C=NNc1ccccc1
mol_6965,CC(C)CCCC(C)C1CCC2C3CCC4CC(CCC=C(c5cc(Cl)c(O)c(C(=O)O)c5)c5cc(Cl)c(O)c(C(=O)O)c5)CCC4(C)C3CCC12C.N
mol_6966,O=C1C2=C(c3ccccc31)C(c1ccccc1)NC(=S)N2
mol_6967,C(=Cc1cc(-c2ccc3ccccc3n2)nc2ccc3ccccc3c12)c1ccc2ccccc2n1
mol_6968,N=C(N)NCCCC(Nc1c2ccccc2[n+]([O-])c2ccccc12)C(=O)O
mol_6969,CC(C)(C#N)C(C)(C)SSC(C)(C)C(C)(C)C#N
mol_6970,N=c1c2ccccc2sc2nc3ccccc3n12
mol_6971,CNC1=C2NC(=O)C(C)=CC=CC(C)C(O)C(C)C(O)C(C)C(OC(C)=O)C(C)C(OC)C=COC3(C)Oc4c(C)c(O)c(c(c4C3=O)C1=O)C2=O
mol_6972,Cc1nc2c(nc1Cl)nc(Oc1ccc(Cl)cc1)c1ccccc12
mol_6973,COc1ccc2[nH]c3c(c2c1)CC(=O)Nc1ccccc1-3
mol_6974,COC(=O)C12CN(C)CC(C(=O)OC)(C1=O)C(c1ccccn1)N(C)C2c1ccccn1
mol_6975,COc1cccc(C(=O)Oc2ccc(OS(=O)(=O)c3ccc(C)cc3)cc2)c1C#N
mol_6976,CC12CCC3C(CCC4=C(O)C(=O)CCC43C)C1CCC(=O)N2
mol_6977,Cc1cc2c(=O)cc(-c3ccc(Cl)cc3)oc2c(C(=O)O)c1C
mol_6978,C[N+]1(C)CC(=CC=Cc2ccccc2)C(=O)C(=CC=Cc2ccccc2)C1.[IH2+]
mol_6979,C=C(C)C1CCC2(COC(=O)CC3(CC(=O)O)CCCC3)CCC3(C)C(CCC4C5(C)CCC(OC(=O)CC6(CC(=O)O)CCCC6)C(C)(C)C5CCC43C)C12
mol_6980,CN(C)CCn1c2c3ccccc3ccc2c2oc(=O)c3ccccc3c21.Cl
mol_6981,Cc1ccc(-c2cc(=O)c3cc(C)c(C)c(C(=O)O)c3o2)cc1
mol_6982,CC(=O)O.O=C(CCN1CCCCC1CO)Nc1ccc2c(c1)C(=O)c1ccc(NC(=O)CCN3CCCCC3CO)cc1C2=O
mol_6983,COc1cc(C=C2C(=O)N(c3ccccc3)C(c3ccccc3)S2(=O)=O)cc(OC)c1OC
mol_6984,CC1CC2C3CC(F)C4=CC(=O)C=CC4(C)C3(F)C(O)CC2(C)C1(O)C(=O)CO
mol_6985,CC(=Cc1ccccc1)C(O)S(=O)(=O)O.[NaH]
mol_6986,COc1cc(C2C=C(c3ccccc3)Oc3cc4c(cc32)OCO4)cc(OC)c1OC
mol_6987,CN(C(=O)C=Cc1ccccc1)C1C2CN3CCC(O2)C13
mol_6988,COc1ccc2c(c1)OCC1c3ccc(OCc4ccccc4)cc3OC21
mol_6989,COc1cc(C(Cc2ccnc3ccccc23)Cc2ccnc3ccccc23)ccc1N(C)C
mol_6990,O=C(O)c1cc(O)c2c(c1)C(=O)c1cc(O)cc(O)c1C2=O
mol_6991,N#Cc1c(=O)[nH]c(=O)n2c1[nH]c1ccccc12
mol_6992,CCC1(OC(=O)CN)C(=O)OCc2c1cc1n(c2=O)Cc2cc3ccccc3nc2-1.Cl
mol_6993,N=C(N)NP(=O)(Oc1ccccc1)Oc1ccccc1
mol_6994,Nc1nc(N)nc(Cl)n1
mol_6995,CC(C)(C)NC(=N)NC#N
mol_6996,CC(C)(C)c1ccc2c(c1)OCc1n[nH]c(n1)COc1cc(C(C)(C)C)ccc1OCCOCCO2
mol_6997,COc1cc2c3c(c1)nc(C)n3C(=O)C(C)S2
mol_6998,C1CNCCN1.Oc1cc(Cl)c(Cl)cc1Cl
mol_6999,Cc1ccccc1S(=O)(=O)Nn1cnc2ccc(S(=O)(=O)Nc3ccc(Cl)cc3)cc2c1=O
mol_7000,CC12CCC(O)CC1=CCC1C2C(O)CC2(C)C(O)CCC12
mol_7001,O=C(O)C(=Cc1c(O)ccc2ccccc12)c1csc(-c2nc(C(=Cc3c(O)ccc4ccccc34)C(=O)O)cs2)n1
mol_7002,COC1C=CC(O)C(CO)O1
mol_7003,CCOC(=O)NN=C(Cc1ccccc1)OCC
mol_7004,COC(=O)N1CC(=O)C(C(=O)NC23CC4CC(CC(C4)C2)C3)C1
mol_7005,CC(=O)Oc1ccc(-c2oc3c(C4C=C(C)CC(c5ccc(OC(C)=O)cc5OC(C)=O)C4C(=O)c4ccc(OC(C)=O)c(CC=C(C)C)c4O)c(OC(C)=O)cc(O)c3c(=O)c2CC=C(C)C)c(OC(C)=O)c1
mol_7006,Nc1ncnc2oc(-c3ccccc3)nc12
mol_7007,CC(=O)Oc1ccn2nc(C)c(Cc3c(C)nn4ccc(OC(C)=O)cc34)c2c1
mol_7008,COc1ccccc1NC(=O)C(C#N)=C(SC)SC
mol_7009,Cc1ccc(N2C(N)=C(C#N)C(C#N)(C#N)C2c2ccccc2)cc1
mol_7010,CC(=NNC(=S)N1CCCCC1)c1ccccc1O
mol_7011,CCOC(=O)c1nc2ccccc2nc1Oc1ccc(C(=O)OC)cc1
mol_7012,Cc1cc2c(ccc[n+]2[O-])[n+]([O-])c1
mol_7013,CC(C)NC(=O)OCCN=C1c2ccccc2C(Br)C(Br)c2ccccc21
mol_7014,CN(C)CCCn1c(-c2cc(C(C)(C)C)c(O)c(C(C)(C)C)c2)csc1=Nc1ccccc1
mol_7015,O=C(O)C1(C(=O)O)CC2C3C=CC(C3)C2C1
mol_7016,CC[N+](CC)(CC)CC.c1ccc2c(c1)[SH+][Sb+]1([SH+]2)[SH+]c2ccccc2[SH+]1
mol_7017,C=CCCCCCCCCC(=O)ON(Cc1ccc(O)c(OC)c1)C(=O)C(F)(F)F
mol_7018,FC(F)(F)C1(C(F)(F)F)C2CCC3(CC(F)(F)C(F)(F)S3)C1C2
mol_7019,FC(F)(F)c1cccc(C=NC23CC4CC(CC(C4)C2)C3)c1
mol_7020,COc1ccc2c(=O)c(-c3ccc(OC)c(OC)c3)c(C)oc2c1
mol_7021,COC(=O)c1c(C)cccc1C1CN=NC12Cc1c(C)cccc1C2=O
mol_7022,COc1ccc2nc(NC(=O)C(=O)CC(=O)c3ccc(Cl)cc3)sc2c1
mol_7023,CC[Pb](CC)(CC)OC(=O)C(F)(F)F
mol_7024,Cn1c2ccccc2n2c(=O)c3cc([N+](=O)[O-])ccc3c(C#N)c12
mol_7025,Cc1ccc2c(c1)Nc1cc(C(F)(F)F)ccc1[PH]2=O
mol_7026,COc1ccc(C(=O)C[PH](c2ccccc2)(c2ccccc2)c2ccccc2)cc1
mol_7027,Cc1cccc(C(=O)c2cccc3ccccc23)c1C(=O)O
mol_7028,CC(C)NC(=O)OCc1nnn2c1CCC2
mol_7029,CC(=O)N1C(NN(C)C)CCN1c1ccccc1
mol_7030,CCN1CC2(C)CCC(OC)C34C5CC6CCC(O)(C5C(=O)O6)C(C(O)C23)C14
mol_7031,OC(C#CCN1CCCC1)(c1ccccc1)c1ccccc1Cl
mol_7032,Cc1ccc(N=Nc2c(C)n(-c3ccc4scnc4c3)c(=S)n(-c3ccccc3)c2=O)cc1
mol_7033,N#CC1(C#N)C(C#N)(C#N)C12CCCCC2Cl
mol_7034,Cc1ccc(NC(=O)CCc2cc(C(C)(C)C)nc(NC#N)n2)cc1C
mol_7035,COC1CC(C)(N)C(O)C(C)O1
mol_7036,COC(=O)c1ccccc1NC(=O)C(=O)Cc1nc2c3c(ccc2nc1O)C(=O)c1ccccc1C3=O
mol_7037,CC(C)CCCC(C)C1CCC2C3CCC4CC(CCC=C(c5cc(Cl)c(OCc6cccc([N+](=O)[O-])c6)c(C(=O)OCc6cccc([N+](=O)[O-])c6)c5)c5cc(Cl)c(OCc6cccc([N+](=O)[O-])c6)c(C(=O)OCc6cccc([N+](=O)[O-])c6)c5)CCC4(C)C3CCC12C
mol_7038,Nc1c(C(=O)Nc2ccc(C3=NCCN3)cc2)cccc1C(=O)Nc1ccc(C2=NCCN2)cc1
mol_7039,O=C1C2C3SC(c4ccccc43)C2C(=O)N1c1ccccc1
mol_7040,C=CCNC(=O)N(CCC)CCCC(NC(C)=O)C(=O)NCc1ccccc1
mol_7041,O=C(C(Cl)=C(N1CCOCC1)N1CCOCC1)C(Cl)Cl
mol_7042,O=C(O)C1NCCc2c1[nH]c1ccccc21
mol_7043,CC1OC(=O)N2CCCC(=C3SCCCS3)C12
mol_7044,CNc1ncn(-c2c(C)cccc2C)c(=O)n1
mol_7045,CC1=C(C(=O)Nc2ccc(Cl)c(C(=O)OC(C)C)c2)SCCO1
mol_7046,CN1CCN(C2=C(Cl)C3(OCCS3)C(F)(F)C2(F)F)CC1
mol_7047,CC(=O)OC(C)C(=O)C1c2cccc(O)c2C(=O)c2c(O)cc(C)cc21
mol_7048,Cc1nc(C(N)=S)sc1C(=O)CC(=O)C(=O)Nc1ccc(Br)cc1
mol_7049,Cc1cc(Br)cc(C)c1NC(=O)C(=O)C1C(=O)C(CC2C(=O)c3ccccc3C2=O)C(=O)CC1(C)C
mol_7050,CCOc1ccc(N=C(NC(=O)c2ccccc2)SC)cc1.I
mol_7051,c1cc(-c2cnc(-c3ccc4c(c3)CCCO4)o2)ccn1
mol_7052,CNC(=O)OCc1c(COC(=O)NC)c2n(c1C)-c1ccc(OC)cc1CCC2
mol_7053,O=C(O)C12C3CCC(O3)C1(C(=O)O)C1CCC2O1
mol_7054,Cc1ccc(S(=O)(=O)c2ccc(C)cc2[N+](=O)[O-])c([N+](=O)[O-])c1
mol_7055,NC(=S)N=C(c1nc2ccc(Cl)cc2nc1O)C(O)c1ccccc1Cl
mol_7056,COc1ccccc1-n1nnc2c(N)nc(N)nc21
mol_7057,S=C(NN=C(C(=NNC(=S)N1CCCCC1)c1ccccn1)c1ccccn1)N1CCCCC1
mol_7058,CC(C)(C)n1c(=O)n2c(-c3ccccc3)c(-c3ccccc3)n2c1=O
mol_7059,CCOC(=O)C12C(C)=CC(=O)OC1(C)CC2C#N
mol_7060,COc1ccc(NS(=O)CCc2ccccc2)cc1
mol_7061,C[N+](C)(C)CCOP(=O)(O)OP(=O)([O-])OCC1CCC(n2ccc(=N)[nH]c2=O)O1
mol_7062,CCOc1ccccc1NC(=O)C1=C(C)NC(C)=C(C(=O)Nc2ccccc2OCC)C1c1ccc(NC(C)=O)cc1
mol_7063,N=C(N)SCc1cccc2c(=O)cc(-c3ccccc3)oc12
mol_7064,CC1=CC(C)N(C(=O)c2ccc(Cl)cc2)CCN1C(=O)c1ccc(Cl)cc1
mol_7065,CCOc1ccc(NC(=S)NC=C(C(C)=O)C(=O)Nc2ccccc2C)cc1
mol_7066,C=C1C(=O)C23CC1CCC2C12COC(O)C1C(C)(C)C(O)CC2OC3=O
mol_7067,CC1=NN(C(=O)CC(=O)N(C(=O)c2ccccc2Cl)c2ccc(C)cc2)C(=O)C1N=Nc1ccc([N+](=O)[O-])cc1
mol_7068,COc1ccc(C(c2c(O)c3ccccc3oc2=O)N2CCCC2)c(OC)c1
mol_7069,Nc1nc(Cl)c(CO)c(NCC2(CO)CC(CCc3ccccc3)C2)n1
mol_7070,COc1ccc(C=C2N=C3Sc4c(O)ncnc4N3C2=O)cc1
mol_7071,C=CCC12CCC(O)C1(C)CCC(=O)C2=NN
mol_7072,COC(=O)C1=C(C(=O)NNc2ccccc2)N(c2cccnc2Cl)C(c2ccccc2)=CC1c1ccccc1
mol_7073,NC(=O)c1cn(C2OC(CO)C(O)C2O)c2ncnc(N)c12
mol_7074,CCCCOP(=O)(C=Cc1ccc([N+](=O)[O-])cc1)OCCCC
mol_7075,CCC1(CCCC=C(c2cc(Cl)c(OC)c(C=O)c2)c2cc(Cl)c(OC)c(CO)c2)OCCO1
mol_7076,O=C(Cc1ccccc1)NN1C(=O)C(=Cc2ccc(O)cc2)SC1=Nc1ccccc1
mol_7077,CCOCC(Br)C(OCC)OCC
mol_7078,CCOC(=O)c1c(NC(=O)CCl)ssc1=S
mol_7079,Cc1oc2c(C)c3oc(=O)cc(C)c3cc2c1CN
mol_7080,COc1cccc2c1C(c1cccc3ccccc13)OC2=O
mol_7081,Clc1cc(Cl)cc(C=NC23CC4CC(CC(C4)C2)C3)c1
mol_7082,CSc1nc2[nH]c(=O)n(O)c(=O)c2n1Cc1ccccc1
mol_7083,CC1=NN(c2ccccc2)C(=O)C1=CNC(N)=S
mol_7084,CCC(C)[PH](c1ccccc1)(c1ccccc1)c1ccccc1
mol_7085,CCN(CC)CCOc1ccc(C(C#N)=Cc2ccc(C(F)(F)F)cc2)cc1
mol_7086,COc1c(C)cc(Cc2cc(C)c(OC)c(Br)c2)cc1Br
mol_7087,O=C(Nc1cccc(NC(=O)c2nnn[nH]2)n1)c1nnn[nH]1
mol_7088,Oc1ncc(S)c(O)n1
mol_7089,COC12C=CC(CC1)c1c2c(O)c2nc(C)c(C)nc2c1O
mol_7090,CSC(=O)c1sc(SC)[n+](-c2ccccc2)c1O
mol_7091,CCOC(OCC)C(N)C(O)C(O)C1COC(C)(C)O1
mol_7092,CC(=O)OC1(C(C)=O)CC2(c3ccccc3)OC1(c1ccccc1)c1ccccc12
mol_7093,CN1C(=O)N(C)C2(CCN(CC(CC3OCCO3)c3ccc(F)cc3)CC2)C1=O
mol_7094,COc1cc(C(c2c(O)c3ccccc3oc2=O)c2c(O)c3ccccc3oc2=O)cc(OC)c1O
mol_7095,Cc1c(-c2nnc(-c3ccccc3)o2)c(=O)n(-c2ccccc2)n1C
mol_7096,Cc1ccc(C=Nc2ccc(SSc3ccc(N=Cc4ccc(C)cc4)cc3)cc2)cc1
mol_7097,COc1ccc(C(=O)C(C(=O)CCC(=O)Nc2ccc(Cl)c(Cl)c2)c2ccc(OC)cc2)cc1
mol_7098,COc1ccc2c(c1)[n+]([O-])c(C(C)=NNC(N)=S)c(C)[n+]2[O-]
mol_7099,O=C1CCC(c2ccccc2)=NN1c1nsc2ccccc12
mol_7100,COC1C=COC2(C)Oc3c(C)c(O)c4c(c3C2=O)C(=O)C(CO)=C(NC(=O)C(C)=CC=CC(C)C(O)C(C)C(O)C(C)C(OC(C)=O)C1C)C4=O
mol_7101,CC1(C)CNC(=O)C2(C=NC(C)(C)CNC(=O)C3(C=N1)CCCO3)CCCO2
mol_7102,Cc1ccccc1Nc1cn(CCOc2ccccc2)c(=O)n(CCOc2ccccc2)c1=O
mol_7103,Clc1cccc(C=NC23CC4CC(CC(C4)C2)C3)c1Cl
mol_7104,N#Cc1c(Cl)c2cccnc2n2c1nc1ccccc12
mol_7105,COc1cc([N+](=O)[O-])c([N+](=O)[O-])cc1N
mol_7106,CC(C)(C)C1CCC2c3c([nH]c4ccccc34)C3C(=O)N(c4cccc(Cl)c4)C(=O)C3C2C1
mol_7107,S=c1[nH]c2ccccc2o1
mol_7108,O=C(NC=C1C(=O)Oc2ccccc2C1=O)Nc1ccccc1
mol_7109,COC(=O)c1cc(=O)nc(NN=Cc2ccc(C)cc2)s1
mol_7110,O=[N+]([O-])c1cccc(-c2nc3ccccc3[nH]2)c1
mol_7111,CN(CCC#N)c1ccc(C=C(C#N)c2ccc(Br)cc2)cc1
mol_7112,CC1(c2ccccc2)N=c2nc[nH]c2=C(C(N)=O)N1
mol_7113,COc1ccc2c3c1OC1C(OC)(OC)CC4(C=C2)CN(C)CCC314
mol_7114,C[Si](C)(C)C(CCCCSc1ccccc1)(Sc1ccccc1)Sc1ccccc1
mol_7115,COc1ccc2nc3cc([N+](=O)[O-])ccc3c(Nc3ccc(S(=O)(=O)NC(C)=O)cc3)c2c1
mol_7116,CCn1c(N)c(N=O)c(=O)n(CC)c1=O
mol_7117,CS(=O)(=O)C(C#N)c1nc2ccccc2nc1Cl
mol_7118,CCCCc1ccc(OC2OC(CO)C(O)C(O)C2O)cc1
mol_7119,Cc1ccc2c(c1)C(C(=O)NC1C(=O)N3C1SC(C)(C)C3C(=O)O)OCCC2.[NaH]
mol_7120,CCCSCC(P(=O)(O)O)P(=O)(O)O.NC1CCCCC1
mol_7121,O=C(Nc1ccc(S(=O)(=O)N=c2ncccn2C(=O)C(C(F)(F)F)C(F)(F)F)cc1)C(C(F)(F)F)C(F)(F)F
mol_7122,Cc1cc(=O)c2c(o1)-c1c(cc(O)c(O)c1C(=O)O)OC2
mol_7123,COc1ccc([N+](=O)[O-])c2c(NCCCN(C)C)c(C)c(C)nc12.Cl
mol_7124,CC(C)(C)[Si](C)(C)OCC1OC(n2cnc3c(O)nc(NCc4cccc5ccccc45)nc32)C(O[Si](C)(C)C(C)(C)C)C1O[Si](C)(C)C(C)(C)C
mol_7125,CC1(C)SC2C(NC(=O)C3(N)CCCC3)C(=O)N2C1C(=O)O
mol_7126,O=C(O)CSC(=S)CCCCCCCCCCC(=S)SCC(=O)O
mol_7127,COc1ccccc1C=C(C#N)C#N
mol_7128,C=C1CN(S(=O)(=O)c2ccc(C)cc2)CCCN(Cc2ccccn2)CCCN(S(=O)(=O)c2ccc(C)cc2)C1
mol_7129,COC1C(C)OC(OC2CC(C)(O)Cc3cc4c(c(O)c32)C(=O)c2c(O)cc3c(c2C4=O)OC2OC3(C)C(O)C(N(C)C)C2O)C(OC)C1(C)OC
mol_7130,O=C1C(Cl)=C(Cl)C(=O)N1c1c(F)c(F)c(F)c(F)c1F
mol_7131,C=C=C(C)CN(CC)CC
mol_7132,O=c1c2ccc(Cl)cc2oc2ccc(Cl)cc12
mol_7133,O=C1c2ccccc2-c2nc3ncccc3cc21
mol_7134,O=C(OCc1ccccc1)C1CCN1C(c1ccccc1)c1ccccc1
mol_7135,CCCCCCCCCCCc1c(O)c(O)cc2nc3cc(C(=O)NC(C(=O)O)C(C)C)ccc3nc12
mol_7136,O=c1ccn(C2OC(CO)C(O)C2F)c(=O)n1Cc1ccccc1
mol_7137,O=C1C(c2ccccc2)=C(c2ccccc2)C(c2ccccc2)C1(Cc1nnn(-c2ccc([N+](=O)[O-])cc2)c1N1CCOCC1)c1ccccc1
mol_7138,CC(C)=C(OP1(=S)OCCN1C)C(C)(C)C(=O)N(C)C
mol_7139,CCCC(C)(COC(N)=O)COC(=O)NC1CC1
mol_7140,O=C(Nc1noc(-c2ccccc2)n1)c1ccccc1CNc1noc(-c2ccccc2)n1
mol_7141,CCOC(=O)C(=Cc1ccc(CO)o1)P(=O)(OCC)OCC
mol_7142,FC(F)(F)C[PH](c1ccccc1)(c1ccccc1)c1ccccc1
mol_7143,CC(=O)ON1C(=O)c2cccc3cccc(c23)C1=O
mol_7144,Cc1cc(C)c([O-])c(-[n+]2c(-c3ccccc3)cc(-c3ccccc3)cc2-c2ccccc2)c1
mol_7145,NC1=CN2c3ccccc3N(CC(=O)N3CCOCC3)C2C=C1
mol_7146,COc1cc([N+](=O)[O-])ccc1C(=O)Nc1c2ccccc2nc2ccccc12
mol_7147,CCOP(=O)(OCC)C(C#N)=Cc1ccc[nH]1
mol_7148,CCC1C(c2cc(OC)c(OC)c(OC)c2)c2cc3c(cc2OC1N1CCCC1)OCO3
mol_7149,CC(=O)C(=Cn1c(=S)sc2ccccc21)C(=O)Nc1ccccc1C
mol_7150,C#CC1(O)CCC2C3CCc4cc(Oc5nc(F)nc(-c6c7ccccc7c7n6CCS7)n5)ccc4C3CCC21C
mol_7151,O=C(O)CCSC(=O)Nc1cccc([N+](=O)[O-])c1
mol_7152,COP1(=O)OCC(C)(C)CO1
mol_7153,Nc1ccc2c3c1cccc3c(=O)n1c3ccc(Cc4ccc5c(c4)nc4c6ccc(N)c7cccc(c(=O)n54)c76)cc3nc21
mol_7154,CC=C1CN(C)CC2(C(=O)OC)Cc3c(n(OC)c4ccccc34)C(=O)CC12
mol_7155,O=C(O)CN1C=C(C(=O)c2cc3ccccc3n2S(=O)(=O)c2ccccc2)CCC1
mol_7156,COC(=O)c1c(C(=O)OC)c2ccccn2c1-c1cc(OC)c(Br)c(=O)o1
mol_7157,COc1cccc2c1[OH+][Ni-3]13([S+]=C(Nc4ccccc4)[N-][N+]1=C2)[n+]1cccc2ccc4ccc[n+]3c4c21
mol_7158,CCCCCCCC[Sn](CCCCCCCC)(Oc1c([N+](=O)[O-])cc([N+](=O)[O-])cc1[N+](=O)[O-])Oc1c([N+](=O)[O-])cc([N+](=O)[O-])cc1[N+](=O)[O-]
mol_7159,N#CCc1nc(C#N)c(N)o1
mol_7160,N#Cc1c(-c2ccccc2)nc(-c2ccccc2)sc1=S
mol_7161,O=C(OCc1ccccc1)N1CCN(C(=O)OCc2ccccc2)CCN(C(=O)OCc2ccccc2)CCN(C(=O)OCc2ccccc2)CCN(C(=O)OCc2ccccc2)CC1
mol_7162,NNC(=S)NN=C(C(=O)Nc1ccc(Cl)c(Cl)c1)C(C1OC(=O)c2ccccc21)[N+](=O)[O-]
mol_7163,O=C(CCN(C(=O)O)S(=O)(=O)c1ccc(NC(=O)c2ccccc2)cc1)NC1CCCCC1
mol_7164,Cc1ccc(-c2c3ccc(n3)c(-c3ccc(C)cc3)c3ccc([nH]3)c(-c3cc[n+]([Pd-2]4([n+]5ccc(-c6c7ccc(n7)c(-c7ccc(C)cc7)c7ccc([nH]7)c(-c7ccc(C)cc7)c7ccc(n7)c(-c7ccc(C)cc7)c7ccc6[nH]7)cc5)[PH](c5ccccc5)(c5ccccc5)CCC[PH]4(c4ccccc4)c4ccccc4)cc3)c3ccc(n3)c(-c3ccc(C)cc3)c3ccc2[nH]3)cc1.O=S(=O)([O-])C(F)(F)F
mol_7165,CC(=NNC(=S)N(C)C)c1ccccn1
mol_7166,O=[N+]([O-])c1cc(S(=O)(=O)c2cc([N+](=O)[O-])c(Cl)c([N+](=O)[O-])c2)ccc1Cl
mol_7167,Cc1c2c(cn1C)NC(=O)CN=C2c1ccccc1
mol_7168,Cl.O=C1CCCC1CN1CCCCC1
mol_7169,CCOC(=O)c1cnc2c(ccc3ncccc32)c1NCCCN(CC)CC
mol_7170,CSC(=S)NN=C(C)c1cccc(C)n1
mol_7171,CC(C)C(Cl)=NOC(=O)Nc1ccc(C#N)cc1
mol_7172,O=C(O)CCC(=O)NNC(=O)CCC(=O)O
mol_7173,CC(C)N(O)C(=N)c1ccccc1.Cl
mol_7174,CC1CCC2C(CN(C)C)C(=O)OC2C2(C)C(=O)C=CC12O
mol_7175,CCOC(=O)C(=Cc1ccc(Cl)cc1)P(=O)(OCC)OCC
mol_7176,CC(=O)O.NCCN1CC2CCC(CC2)C1
mol_7177,Cc1ccc2[s+]cc3c4ccccc4[nH]c3c2c1.[O-][Cl+3]([O-])([O-])O
mol_7178,O=C(CC(C(=O)c1ccco1)c1ccsc1)c1ccco1
mol_7179,CC(=O)c1c2c(cc3c1CC1(Cc4cc5c(cc4C1=O)CCC5)C3)CCC2
mol_7180,CCOC(=O)NNC(=S)NP(=O)(NC(=S)NNC(=O)OCC)NC(=S)NNC(=O)OCC
mol_7181,N#Cc1cc2cc3c4c(c2oc1=O)CCCN4CCC3
mol_7182,CC(NS(=O)(=O)c1ccc([N+](=O)[O-])cc1)C(=O)O
mol_7183,O=S1c2ccccc2N=C(c2cccs2)CC1c1ccccc1O
mol_7184,CCOP(C)(=O)C(N)Cc1ccc(OC)c(OC)c1.O=C(O)C(=O)O
mol_7185,Cc1cc2c(c3oc(=O)cc(C)c13)C(OC(=O)C13CCC(C)(C(=O)O1)C3(C)C)C(OC(=O)C13CCC(C)(C(=O)O1)C3(C)C)C(C)(C)O2
mol_7186,N#CSC#CCCC#CSC#N
mol_7187,CCC1=NS(=O)(O)=c2c(ncn2C)=N1
mol_7188,CC(C)OP(=O)(OC(C)C)C(=NNc1ccc([N+](=O)[O-])cc1)NCCO
mol_7189,CCC(c1ccc(OC)cc1)C1NC(=S)NC1=O
mol_7190,O=C(NC(=Cc1cc(Cl)ccc1Cl)c1nc2ccc(Cl)cc2[nH]1)c1ccccc1
mol_7191,N#Cc1ccc(N(O)C(=O)c2ccccc2)cc1
mol_7192,COc1ccc(-c2cc(-c3ccccc3)c(C#N)c(=O)n2C2OC(CO)C(O)C(O)C2O)cc1
mol_7193,CC(C)OP(=O)(OC(C)C)C(C[Sn](C)(C)Cl)P(=O)(OC(C)C)OC(C)C
mol_7194,CC(C)c1cccc(C(C)C)c1NC(=O)C(Cc1nc2ccc(Cl)cc2nc1O)=NNC(=O)C[N+](C)(C)C.[Cl-]
mol_7195,CCCCCCCCCCCCCCCCCc1n[nH]c(=N)o1
mol_7196,CN(C)CCn1c(=O)c2ccc(NCCNCCO)c3c(=O)c4cc(O)ccc4n(c1=O)c23
mol_7197,CC(=O)OC12C=CC(=O)N1c1ccccc1C(=O)O2
mol_7198,COc1cc(C=Nc2ccc(C(C)C)cc2)cc(OC)c1OC
mol_7199,Nc1ccc(F)cc1-c1nc2ccc(F)cc2c2nc3ccccc3n12
mol_7200,I.S=C(NNC1=NCCCCN1)Nc1ccc(Cl)cc1
mol_7201,CCC1(O)C(=O)OCc2c1cc1n(c2=O)Cc2cc3ccc(CO)cc3nc2-1
mol_7202,Clc1cccc(Cl)c1C1ON=C(c2ccccc2)N1C12CC3CC(CC(C3)C1)C2
mol_7203,CC(=CO[Si](C)(C)C)c1ccccc1
mol_7204,CCCCN(CC)C(=O)C1=C(C)NC(C)=C(C(=O)N(CC)CCCC)C1
mol_7205,COc1cc2c(cc1C)C1=C(C)C(=O)OC1C(O)C2C
mol_7206,Cc1ccc(-c2c(C#N)c(-c3ccccc3)n(NS(=O)(=O)c3ccccc3)c(=O)c2C#N)cc1
mol_7207,COC(=O)C(=C(C)c1ccco1)P(=O)(OC)OC
mol_7208,CC1=C(c2cc(C(=O)Nc3cccc(C(F)(F)F)c3)ncn2)Sc2ccccc2N1
mol_7209,COc1cc(-c2cc(=O)c3c(O)cc(C)cc3o2)cc(OC)c1OC
mol_7210,Cc1cc(-c2ccccc2)c2ccc3c(-c4ccccc4)cc(C)[n+]4c3c2[n+]1[Cu-3]41[n+]2c(C)cc(-c3ccccc3)c3ccc4c(-c5ccccc5)cc(C)[n+]1c4c32.O=C1OC(C(O)C[O-])C(O)=C1O
mol_7211,C1=NCCNCCNCCN=Cc2ccc(cc2)OCc2cccc(n2)COc2ccc1cc2
mol_7212,CN(C)c1ccc(C=CC(=O)C(C)(C)C)cc1Br
mol_7213,CC(=O)NC(CCCNC(=O)NCCCl)C(=O)NCc1ccccc1
mol_7214,CC(=O)OC1CCC2(C)C(=CC(c3ccc(O)cc3)C3C2CCC2(C)C(OC(C)=O)CCC32)C1
mol_7215,CN(C)C1=Nc2ccccc2C(=S)N2CSCC12
mol_7216,CS1(C)=Nc2c([N+](=O)[O-])cc([N+](=O)[O-])cc2S(=O)(=O)N=1
mol_7217,S=C(NN1CCOCC1)SSC(=S)NN1CCOCC1
mol_7218,O=C1CC2C(=O)N(Cc3ccccc3)C1C(S(=O)(=O)c1ccccc1)C2S(=O)(=O)c1ccccc1
mol_7219,CS(=O)(=O)N(N(CCCl)S(=O)(=O)c1ccccc1)S(C)(=O)=O
mol_7220,Cn1c(=O)[nH]c2nccnc2c1=O
mol_7221,COc1cccc(CC2C(=O)NC(=O)NC2=O)c1
mol_7222,Cc1c(C2Cc3ccccc3N2)c2ccccc2n1C.Cl
mol_7223,C=C1C(=O)OC2C=C(C=O)CCC=C(C)C(O)CC12
mol_7224,CCCCCCCCCCNC(=N)CSSCC(=N)NCCCCCCCCCC
mol_7225,COC(=O)c1ccc(NCc2cc(O)ccc2O)cc1O
mol_7226,O=C(c1ccccc1)C(O)(c1ccccc1)C(c1ccccc1)c1ccccc1
mol_7227,COC(=O)C(=O)C(C(=O)C(=O)Nc1cccc(OC)c1)c1nc2ccc(Cl)cc2nc1O
mol_7228,CN(C)CCCn1c2c(c3ccccc31)CCCCCC2
mol_7229,CCC1(O)C(=O)OCc2c1cc1n(c2=O)Cc2cc3cc(OC)c(OC)cc3nc2-1
mol_7230,COc1ccc(-c2c(C#N)c(NC(=S)NC(=O)c3ccccc3)nc3c2CCCC3)cc1OC
mol_7231,COC(OC)C1(c2ccccc2)Oc2ccccc2C1=O
mol_7232,CC(C)(C)C1=CC(=O)C(Cl)(C(C)(C)C)C(Cl)C1=O
mol_7233,COc1cc2c(cc1OC)C(c1ccc(N=Cc3ccc(N(C)C)cc3)cc1)N(C(=S)Nc1cc(Cl)ccc1Cl)CC2
mol_7234,CC1(C)CCOC(=O)C(Cl)CC1Cl
mol_7235,CCOC(=O)C(=NNc1ccc(-n2c(C)nc3ccc(Br)cc3c2=O)cc1)C(C)=O
mol_7236,COC1(OC)NC(=N)C2(C#N)C(C)CC(=O)N(N(C)C)C12C#N
mol_7237,COc1ccc([N+](=O)[O-])c2c(NCC(O)CO)ccnc12.Cl
mol_7238,Cl.NCCCCC(=O)c1cccnc1
mol_7239,COC(=NN1CC1C(F)(F)F)c1ccncc1
mol_7240,COc1ccc(-c2nc(-c3cnccn3)n(COCCO)n2)cc1
mol_7241,COc1cc(C=O)c(-c2cc3c(cc2C2(C)OCCS2)OCO3)c(OC)c1OC
mol_7242,CCC(=N)NNC(=O)OC(C)(C)C
mol_7243,Cc1cc(=O)oc2cc(O)c([N+](=O)[O-])cc12
mol_7244,c1ccc(C[PH](c2ccccc2)(c2ccccc2)c2ccccc2)cc1
mol_7245,CC1=Nc2nnnn2N=C(C)C1
mol_7246,C(=C(Sc1ccccc1)Sc1ccccc1)C(Sc1ccccc1)c1ccccc1
mol_7247,O=C(C=C(N=P(c1ccccc1)(c1ccccc1)c1ccccc1)C(F)(F)C(F)(F)C(F)(F)C(F)(F)C(F)(F)C(F)(F)C(F)(F)F)c1ccccc1
mol_7248,N#CCCN(CCC#N)c1ccc(C=C2N=C(COc3ccccc3)N(c3ccc(Cl)cc3)C2=O)cc1
mol_7249,O=C(O)CCc1ccc2c(c1)CC1(Cc3ccccc3C1)C2
mol_7250,CC1=C(SC#N)S(=O)(=O)N(c2ccccc2)C(C)=C1SC#N
mol_7251,C=C(C)CCC(O)C(C)(O)C1C(O)CC2(C)C3CCc4c(cc(OC5OC(CO)C(O)C(O)C5O)c(O)c4C)C3(C)C(=O)CC12C
mol_7252,CC(C)(C)Cc1cssc1=S
mol_7253,O=C(c1nc2ccc([N+](=O)[O-])cc2nc1O)C(O)c1ccc([N+](=O)[O-])cc1
mol_7254,CC(C)CC(NC=O)C(=O)NC(Cc1ccccc1)NC(=O)CNC(=O)C(C)NC(=O)C(N)Cc1ccc(O)cc1.O=C(O)C(F)(F)F
mol_7255,NCCCNCCNCCCN
mol_7256,CCCN=c1ssc(=O)n1CCC
mol_7257,CC1CCC(=O)C(C(=O)CC2CC(=O)NC2=O)C1
mol_7258,O=C1NC2(CCCCC2)C2=C1CCCCC2
mol_7259,CCC(C#N)N(Cc1ccc(CN(C(=O)c2ccccc2)C(C#N)CC)cc1)C(=O)c1ccccc1
mol_7260,O=S1(=O)c2ccccc2C(c2ccccc2)(c2ccccc2)N1c1ccccc1
mol_7261,CC(C)(C)N=P(c1ccccc1)(c1ccccc1)c1ccccc1
mol_7262,CCCCCCCCCCCC1NC(=N)NC(CCCO)=C1C(=O)OC
mol_7263,O=[PH](O)c1cccs1
mol_7264,N#CC1=C(N)N2C(=O)C(=Cc3ccccc3)SC2C(c2nc3ccccc3[nH]2)=C1c1ccccc1
mol_7265,COc1cccc2c1[OH+][Co-2]1(O)[O+]=C(c3ccncc3)[N-][N+]1=C2
mol_7266,CCOP(=O)(OCC)C(NC(=O)OCC(Cl)(Cl)Cl)n1nnc(C(=O)OC)c1C(=O)OC
mol_7267,Cl.Nc1nc(Cl)c(N)c(NCC2(CO)CC(Cc3ccccc3)C2)n1
mol_7268,N[Co-4](N)(N)(N)(N)[NH+]1N=NC(c2[nH]nn[nH+]2)=N1.[Cl-]
mol_7269,C1=C(c2ccccc2)CN(c2ccccc2)OC1
mol_7270,CCOC(=O)C(=Cc1ccc(C)cc1)[Se]c1ccccc1
mol_7271,COC(=O)CCc1ccc2c(c1)C(=O)CC2
mol_7272,c1ccc2sc(NN(Nc3nc4ccccc4s3)C3=[S+][Ir-4]45([S+]=C(N(Nc6nc7ccccc7s6)Nc6nc7ccccc7s6)[SH+]4)([S+]=C(N(Nc4nc6ccccc6s4)Nc4nc6ccccc6s4)[SH+]5)[SH+]3)nc2c1
mol_7273,CC(C)CC(N)C(=O)NC(CC(=O)O)C(=O)NC(CCCCN)C(=O)NC(C)C(=O)NC(CO)C(=O)NC(Cc1ccc(O)cc1)C(=O)NC(CO)C(=O)NC(C(=O)NC(CC(N)=O)C(=O)NC(Cc1c[nH]cn1)C(=O)NC(CC(C)C)C(=O)O)C(C)O
mol_7274,CC(=O)OC1CCC2(C)C(CCC3C2CCC2(C)C3CCC2C(C)(C)O)C1
mol_7275,CN(C)CCNc1ncnc2[nH]c(-c3ccc4ccccc4c3)nc12.Cl
mol_7276,COc1ccc(Cc2nn(C3OC(COC(C)=O)C(OC(C)=O)C(OC(C)=O)C3OC(C)=O)c(=S)n(-c3ccc(OC)cc3)c2=O)cc1
mol_7277,COc1ccc(Oc2cc(CC3c4cc(OC)c(OC)cc4CCN3C)c([N+](=O)[O-])cc2OC)cc1OC
mol_7278,COc1ccc(C(=NNC(=O)C(N)=O)C(c2ccc(OC)cc2)C2(O)C(=O)Nc3c(Cl)cccc32)cc1
mol_7279,CC1=NNC(=N)NC1=CC(Sc1ccc(Cl)cc1)c1c(O)ccc2ccccc12
mol_7280,COc1ccc(C2C3=C(COC3=O)OC(C)(C)Oc3cc4c(cc32)OCO4)cc1
mol_7281,COc1ccc(C(Cl)=C(C=NO)c2ccc(OC)c(OC)c2)cc1OC
mol_7282,COc1cccc(N=NN2CCCC2)c1
mol_7283,CCN(CC)CCNc1ccc2ncn3c4c(OC)cccc4c(=O)c1c23
mol_7284,Cc1ccc(NC(=O)C2C(=O)N(c3ccc(C)c(C)c3)C(=O)C2=NNC(N)=O)cc1C
mol_7285,OC(c1ccc(Cl)cc1)(c1ccc(Cl)cc1)c1cncnc1
mol_7286,COc1ccccc1NC(=O)CC(=O)n1nc(C)c(N=Nc2ccccc2Cl)c1C
mol_7287,NS(=O)(=O)c1ccc(NC(=S)NC=C2C(=O)Oc3ccccc3C2=O)cc1
mol_7288,CC#CC(O)(C#CC)C(=O)OC1CN2CCC1CC2
mol_7289,COc1ccc(-c2nnc3c4ccccc4sn23)cc1
mol_7290,[O+]#C[Ru+2]123([O-])([O-])(C#[O+])C4=C1C1CC4C2=C13
mol_7291,CC1=NC(=Cc2ccc(C)cc2)C(=O)O1
mol_7292,CCOC(=O)c1cc2c3c(c(O)c(OC)c2s1)N(C(=O)c1cc2c4c(c(OC)c(OC)c2s1)N(C(=O)OC(C)(C)C(Cl)(Cl)Cl)CC4)CC3
mol_7293,COc1cc2c(cc1OC)C(=O)C(=Cc1ccc(O)cc1)CC2
mol_7294,O=c1c2ccccc2[se]n1-c1ccc(I)cc1
mol_7295,NNC(=O)C1C2c3ccccc3C(c3ccccc32)C1C(=O)O
mol_7296,COc1ccc(C2OC(=O)c3c2ccc2ccccc32)c(C)c1
mol_7297,Cc1cc(-c2ccco2)oc(=O)c1NC(=O)c1ccccc1
mol_7298,ON=C1CCCCC1=Cc1ccccc1
mol_7299,CCOC(=O)C1=CC(C)(C(=O)OCC)Nc2c(O)nc(N)nc2N1
mol_7300,Nc1nc(Cl)c(N)c(NCC2(CO)CCC2)n1
mol_7301,Cc1ccc(C)c(COCCOCn2cc(N3CCOCC3)c(=O)[nH]c2=O)c1
mol_7302,CC(C)(C)OC(=O)NC(Cc1ccc(O)cn1)C(N)=O
mol_7303,COC(=O)c1c(N)[nH][nH]c1=N
mol_7304,COc1ccc(CC2C(=O)NC(C)C(=O)N(C)C3C(=O)N(C)C(Cc4ccc(O)c(c4)Oc4ccc(cc4)C3O)C(=O)NC(C)C(=O)NC(C)C(=O)N2C)cc1
mol_7305,O=C(O)CN1C(=O)CSC1=S
mol_7306,CSc1nc(C#N)c(N=CN(C)C)n1C
mol_7307,CN(C)c1ccc(C=C(C#N)c2ccc([N+](=O)[O-])cc2)c(Cl)c1
mol_7308,CC(C)(C)[Si](C)(C)OC1CCOC1(O)c1ccccn1
mol_7309,C=CCNc1nc2c(s1)CCc1cc(OC)c(OC)cc1-2
mol_7310,C=C1CCC2C(C)(C)CCCC2(C)C1Cc1cc(O)ccc1O
mol_7311,NC(=S)NC=C1C(=O)CCCC1=O
mol_7312,CC1=C2CN(C(=O)OCC(C)C)CCC2C2=C(C(=O)c3ccccc3C2=O)C1C
mol_7313,CC(C)C[PH](c1ccccc1)(c1ccccc1)c1ccccc1
mol_7314,COC(=O)C(=NO)C(C(=O)C=C(C)C)C(=O)C(=O)Nc1nc2ccc([N+](=O)[O-])cc2s1
mol_7315,N#Cc1ccc(C=C(C(=O)c2ccccc2)c2ccccc2)cc1
mol_7316,Cc1ccc(C(=O)N2CCCCC2)cc1N=NN(C)C
mol_7317,COC(=O)C(Cc1cn(C(C)n2cc(CC(NC(C)=O)C(=O)OC)c3ccccc32)c2ccccc12)NC(C)=O
mol_7318,Cc1ccc(S(=O)(=O)O)cc1.N=C(NO)NN=Cc1c(O)cc(O)cc1O
mol_7319,O=C(O)CNS(=O)(=O)c1ccc(NCc2ccccc2)cc1
mol_7320,CCNc1nnc(-c2ccccc2Nc2ccccc2-c2nnc(NCC)s2)s1
mol_7321,COC(=O)C1c2c(c3ccccc3n2C(=O)OC)CCN2CCC1C(S(=O)(=O)c1ccccc1)C2=O
mol_7322,CCC=Cc1cc2cc[nH]c2c2c1C(C)CC2C
mol_7323,O=C1c2c(O)cc(O)cc2OC(c2ccc(O)c(O)c2)C1O
mol_7324,COc1cccc2nc3cc(C)c(C)cc3nc12
mol_7325,COc1cc(Nc2cc(Cl)cc(Cl)c2)nc(N)n1
mol_7326,CC(c1ccccc1F)=[N+]1[N-]C(SCc2ccccc2)=[S+][Pd-2]12[S+]=C(SCc1ccccc1)[N-][N+]2=C(C)c1ccccc1F
mol_7327,CC1=C(c2cc(C(=O)Nc3ccc(Cl)c(Cl)c3)nc(N)n2)Sc2ccccc2N1
mol_7328,O=C1CCCCc2cccc(O)c21
mol_7329,COc1cc2c(cc1OC)C(Cc1ccccc1NC(=O)c1ccc(C(=O)Nc3ccccc3CC3c4cc(OC)c(OC)cc4CCN3C)cc1)N(C)CC2
mol_7330,COc1ccccc1NC(=O)c1nc2ccc([N+](=O)[O-])cc2nc1C
mol_7331,CC(=O)Nc1ccc(Sc2nnc(NC(C)=O)s2)cc1
mol_7332,CN(C)CCCN1CCC2(CCSCC2)C1
mol_7333,CC(=O)OC1CC2CCC3C(CCC4(C)C3CC([N+]3(C)CCCCC3)C4OC(C)=O)C2(C)CC1[N+]1(C)CCCCC1
mol_7334,CC(=O)c1ccc2c(c1)CC1(C2)Cc2ccccc2C1=O
mol_7335,COc1ccc(C2=NN3C(=S)NNC3=NN2)cc1OC
mol_7336,C=C(C)C1(O)CCCCC1CC(Sc1ccccc1)Sc1ccccc1
mol_7337,N.N[Co-4](N)([OH+][N+](=O)[O-])([OH+][N+](=O)[O-])([OH+][N+](=O)[O-])[OH+][N+](=O)[O-]
mol_7338,C=C1CC(C)(Cn2c(=N)[nH]c3[nH]cnc3c2=O)OC1=O
mol_7339,Cc1cc2c(cc1-c1cc3c(cc1C)C(C(C)C)=C(O)C(=O)C3=CNCC1CCCN3CCCCC13)C(=CNCC1CCCN3CCCCC13)C(=O)C(O)=C2C(C)C
mol_7340,O=C1NC(=O)C(SSC2C(=O)NC(=O)NC2=O)C(=O)N1
mol_7341,CC(=O)C1CCC2C3CC4OCC5(CCC(O)CC45Br)C3CCC12C
mol_7342,CC(C)c1ncc([N+](=O)[O-])n1C
mol_7343,CCOC(=O)CC(NC(=O)c1nc[nH]c1N=NN(C)C)C(=O)OCC
mol_7344,O=C(CNc1nncs1)NO
mol_7345,Cc1ccc(C2=C(c3ccccc3)C(Br)(c3ccc(C)cc3)C(c3ccccc3)=C2c2ccc(C)cc2)cc1
mol_7346,COC(=O)Cc1cc(OC)c(OC)cc1Br
mol_7347,NC(=O)NN=C(C(=O)C(=O)Nc1ccc(Cl)c(C(F)(F)F)c1)c1nc2ccc(C(=O)c3ccccc3)cc2nc1O
mol_7348,O=C(C(=Cc1ccc(O)cc1)c1ccccc1)c1ccccc1
mol_7349,CN1C(=O)NC(=Cc2ccc(S(=O)(=O)NN=Cc3ccccc3)cc2)C1=O
mol_7350,CCCCCC=CCC=CCCCCCCCC(=O)OCC(COC1OC(CS(=O)(=O)O)C(O)C(O)C1O)OC(=O)CCCCCCCC=CCC=CCCCCC.[NaH]
mol_7351,CSc1nc(N)c2c(n1)N(C)C=NS2(=O)=O
mol_7352,CC(C)(C)c1cc(C(O)(C(F)(F)F)C(F)(F)F)c(S)c(C(O)(C(F)(F)F)C(F)(F)F)c1
mol_7353,O=C(O)C(=O)O.O=c1c2ccccc2nc(-c2ccccc2Cl)n1NCC1(O)OCC(O)C(O)C1O
mol_7354,CCCC1C(CCC)C2(OC(=O)C3=C2CCC=C3)C12OC(=O)C1=C2CCC=C1
mol_7355,CC(OC(C)(C)C)C(NC(=O)C(CCCCNC(=O)OC(C)(C)C)NC(=O)C(Cc1c[nH]c2ccccc12)NC(=O)C(N)Cc1ccccc1)C(=O)NC(Cc1ccccc1)C(=O)NC1(C(=O)O)CCCC1
mol_7356,CC(C)(C)C1=NC(=P(c2ccccc2)(c2ccccc2)c2ccccc2)C(=O)O1
mol_7357,O=[N+]([O-])c1cccc2c(Nc3ccc(S(=O)(=O)Nc4nccs4)cc3)c3ccccc3nc12
mol_7358,N#CCCN(CCC#N)c1ccc(C=C2N=C(c3ccccc3)N(c3ccc(Cl)cc3)C2=O)cc1
mol_7359,CC(C)(C)OC(=O)NC1CC(=O)c2ccccc2N(CC(=O)O)C1=O
mol_7360,CC(=O)C(=CNC(=S)c1ccncc1)C(=O)Nc1ccccc1
mol_7361,CCOC(=O)NC(=O)c1cn(CCCOC(=O)CCCCCCCCC(=O)OCCCn2cc(C(=O)NC(=O)OCC)c(=O)[nH]c2=O)c(=O)[nH]c1=O
mol_7362,NC(CCC(=O)O)(C(=O)O)c1ccccc1
mol_7363,NC1=C(Br)C(=O)c2ncccc2C1=O
mol_7364,Cc1ccc(C)c(N2C(=O)C(=O)C(c3nc4ccccc4s3)C(=NN)C2=O)c1
mol_7365,O=C(c1ccco1)n1c2ccc(Br)cc2c2nc3ccccc3nc21
mol_7366,CC1=NC(=Cc2cccc(Cl)c2)C(=O)O1
mol_7367,Cc1c2c(cc3c1OCN(Cc1ccccc1)C3)CN(Cc1ccccc1)CO2
mol_7368,C=C(Br)CNC(=O)NCCN1CCOCC1
mol_7369,COC(=O)C1(O)c2ccccc2N=C2C(=O)c3ccccc3N21
mol_7370,COC(=O)C(NC(=O)N(Cc1ccccc1)CC(CC(C)C)NC(=O)C(NC(=O)OC(C)(C)C)C(C)C)C(C)C
mol_7371,CN(N=Cc1cccs1)c1ccc(Cl)cc1[N+](=O)[O-]
mol_7372,CC1Oc2cc(O)c3ccc(=O)oc3c2C(=O)C1C
mol_7373,O=C1[OH+][Co-4]234([O+]=C(c5cccs5)C=[N+]2c2ccccc21)[O+]=C(c1cccs1)C=[N+]3c1ccccc1C(=O)[OH+]4
mol_7374,CCOC(=O)c1cc2cc(Cc3ccc4[nH]c(C(=O)OCC)cc4c3)ccc2[nH]1
mol_7375,NC(=O)NC(=O)C1CCC(=O)N1S(=O)(=O)c1ccc(Cl)cc1
mol_7376,COC(=O)C(Cc1c[nH]c2ccccc12)NC(=O)C(Cc1c[nH]c2ccccc12)NC(=O)C(Cc1c[nH]c2ccccc12)NC(=O)C(Cc1c[nH]c2ccccc12)NC(=O)C(Cc1c[nH]c2ccccc12)NC(=O)C(Cc1c[nH]c2ccccc12)NC(=O)C(Cc1c[nH]c2ccccc12)NC(=O)OC(C)(C)C
mol_7377,CCOC(=O)C(NC(=O)c1ccc(N=NN(C)C)cc1)C(C)C
mol_7378,CCCc1cc(=O)oc2c3c(c4c(c12)OC(C)(C)C=C4)OC(C)C(C)C3=O
mol_7379,NC(=O)C1CCCN1C(=O)C(N)Cc1ccccc1.O=C(O)C(F)(F)F
mol_7380,Oc1c(C2=NNC(c3cccs3)C2)ccc2ccccc12
mol_7381,CCCc1cc(=O)oc2c3c(cc(OC(C)COC)c12)OC(C)C(C)C3O
mol_7382,CCOC(=O)CSc1ccnc(O)n1
mol_7383,CC(=O)Nc1cc(Nc2cc(O)nc(O)n2)ccc1C
mol_7384,OC12CCC3(O)c4ccccc4C3C1c1ccccc12
mol_7385,C[PH]1(C)CCc2c1ccc1ccccc21
mol_7386,O=C(Nc1cccc(C(F)(F)F)c1)C(=O)C1NC(=S)NC1=O
mol_7387,CCOc1ccc(NC(=O)C2=C(C)NC(C)=C(C(=O)Nc3ccc(OCC)cc3)C2c2ccccc2)cc1
mol_7388,COC(=O)CN1SC2(SC13C(C)(C)C(=O)C3(C)C)C(C)(C)C(=O)C2(C)C
mol_7389,O=C1OCC(Cc2ccc3c(c2)OCO3)C1Cc1cccc(O)c1
mol_7390,O=P(c1ccccc1)(c1ccccc1)P(=O)(c1ccccc1)c1ccccc1
mol_7391,Cc1nc(O)nc(NN=Cc2ccc(Cl)cc2)c1C(=O)Nc1ccc(Cl)cc1
mol_7392,COC1(OC)CCC2C1C1CCC(OC)(OC)C21
mol_7393,NNc1nc(Nc2ccccc2)nc(Nc2ccccc2)n1
mol_7394,CCSC(=O)C=C1CN(C(=O)OC(C)(C)C)C1C(=O)OC(C)(C)C
mol_7395,N#Cc1c2nc3ccccc3nc2n2ccc3ccccc3c12
mol_7396,CC=C1CC(C(=O)OCC)CCCCCCC1=O
mol_7397,CC12CCC(C(=Nc3ccc([N+](=O)[O-])cc3)C1=O)C2(C)C
mol_7398,CCOC(=O)c1ccc(C(=O)n2ccnc2)[nH]1
mol_7399,Cc1ccc(C)c(NC(=O)CCC(=NNC(=O)c2c(O)ccc3ccccc23)C(C)C(=O)c2ccc(O)cc2)c1
mol_7400,CC(C)(C)C(=O)OCC1CCC(n2cnc3c(O)nc(N)nc32)O1
mol_7401,O=C1CC2C(=O)C1C(C(=O)O)C2C(=O)O
mol_7402,CC(=NNC(=O)c1cccc2c(=O)c3ccccc3[nH]c12)C1CCC2C3CCC4=CC(=NNC(=O)c5cccc6c(=O)c7ccccc7[nH]c56)CCC4(C)C3CCC12C
mol_7403,CC1Cc2c(nc3n(c2=O)CCCCC3)O1
mol_7404,COc1ccc2c3c([nH]c2c1[N+](=O)[O-])C(C)N(C(=O)C=Cc1ccccc1)CC3
mol_7405,NC(=O)C(=CNC(=S)Nc1ccc(S(=O)(=O)Nc2ccccn2)cc1)C(N)=O
mol_7406,COC(=O)C1ON2C(C1C(=O)OC)C(C)(C)N(O)C2(C)C
mol_7407,COc1cc(C(=O)C2CC3(CCC2(O)c2cc(OC)c(OC)c(OC)c2)CC(=O)Nc2ccccc2C3=O)cc(OC)c1OC
mol_7408,Nc1ccc(N=Nc2ccc(-c3ccc(N=Nc4c(S(=O)(=O)O)cc5cc(S(=O)(=O)O)c(N=Nc6ccccc6)c(O)c5c4N)cc3)cc2)c2ccc(S(=O)(=O)O)cc12
mol_7409,O=C1c2cc(O)cc(O)c2C(=O)c2c(O)cc(CO)cc21
mol_7410,O=C(C(=Cc1ccccc1Cl)c1ccccc1)c1ccccc1
mol_7411,Cl.NC1c2c(Cl)sc(Cl)c2C(=O)C1O
mol_7412,Cc1cn(C2CC3C(COC(C(Cl)Cl)N3O)O2)c(=O)[nH]c1=O
mol_7413,COc1ccc(CNc2nc3cc(C(F)(F)F)ccc3nc2C)cc1OC
mol_7414,CCOC1CCN(C(=O)c2ccccc2)O1
mol_7415,COc1cc(OC)c(C=Cc2ccncn2)c(OC)c1
mol_7416,O=C=Nc1cccc(S(=O)(=O)c2cccc(N=C=O)c2)c1
mol_7417,O=C1CCC2N[Cu-2](O1)OC2=O
mol_7418,COC(=O)c1c(-c2cc(OC)c(OC)c(OC)c2)oc2ccccc2c1=O
mol_7419,O=c1c2ccccc2nc(-c2ccccc2)n1NC(=S)Nc1ccc(Cl)cc1
mol_7420,COc1c2c(nc3ccccc13)-c1cc3c(c(=O)n1C2)COC(=O)C3(O)CC(=O)N1CCOCC1
mol_7421,CCOC(=O)c1nc2cc(F)c(N3CCOCC3)cc2nc1O
mol_7422,COc1ccccc1C=C(C#N)C(=O)c1ccccc1
mol_7423,Cc1cc(S(=O)(=O)Nc2nnc3c4ccccc4ccn23)c(S)cc1Cl
mol_7424,COc1cc(NCCCNCC(C)(C)C)c2ncccc2c1
mol_7425,COC(=O)c1cc(C=CC(=O)Cc2ccccc2)cn1S(=O)(=O)c1ccccc1
mol_7426,NC(=O)c1csc(C2(O)COC(CO)C2O)n1
mol_7427,O=C1CSC(C(N=Nc2ccccc2)=C2Nc3ccccc3N2)=N1
mol_7428,COC(=O)CCc1ccc2c(c1)CC1(C2)Cc2ccc3c(c2C1)CCC3
mol_7429,O=C1CCCC2=C1CC1=C(CCCC1=O)N2c1ccc(-c2ccccc2)cc1
mol_7430,CNCCSS(=O)(=O)CCNC
mol_7431,Cl.N=C(N)c1ncn(C2OC(CO)C(O)C2O)n1
mol_7432,CCOC(=O)c1cc(C2(O)CCN(Cc3ccccc3)C2=O)c(-c2cc(C)no2)[nH]1
mol_7433,Cc1ccc(S(=O)(=O)NCCSSCCNS(=O)(=O)c2ccc(C)cc2)cc1
mol_7434,O=C(Nc1ccccc1)Nc1ccc([N+](=O)[O-])cn1
mol_7435,[O-][n+]1c2ccccc2cc2c1c1ccccc1n2O
mol_7436,COc1ccccc1NC(=S)Nc1ccccn1
mol_7437,CN1C(=S)N2CCCCCCCC2c2c(O)nc(CCl)nc21
mol_7438,C(=C(c1ccccc1)c1ccccc1)N1CCOCC1
mol_7439,CC(=O)OC1C2OC2C2OC2(COC(=O)c2ccccc2)C1OC(C)=O
mol_7440,COC1C=COC2(C)Oc3c(C)c(O)c4c(O)c(c(C=NOC(C(=O)O)C(C)C)c(O)c4c3C2=O)NC(=O)C(C)=CC=CC(C)C(O)C(C)C(O)C(C)C(OC(C)=O)C1C
mol_7441,O=C(c1nc2ccc(Cl)cc2nc1O)C(O)c1ccccc1
mol_7442,NC(=O)c1cccc(C2OC(COP(=O)(O)O)C(O)C2O)c1.[NaH]
mol_7443,COc1c(O)c2c3c(cc(C)cc3c1C(C)C)OC2
mol_7444,CC1(C)C(=O)C(C)(C)C1=NN
mol_7445,O=C1C=C(NC(=O)C2CCCCC2)c2ncccc2C1=O
mol_7446,O=C1CCCC2(C1)Cc1ccccc1N2
mol_7447,N=c1nn[nH]n1NC(=O)NCCCl
mol_7448,CCOC(=O)C1C2NC(=O)NC1(C)Oc1ccccc12
mol_7449,CN1C(=O)C2(C#N)C(C)(C)C2(C#N)C1=O
mol_7450,CN(C)CCNc1ccc(CO)c2sc3ccc(O)cc3c(=O)c12
mol_7451,CN(C)CC1CCCC(=Cc2ccc(N(C)C)cc2)C1=O.Cl
mol_7452,O=c1c(O)c(-c2ccc(O)cc2)oc2cc(O)cc(O)c12
mol_7453,O=[N+]([O-])c1ccc(S(=O)(=O)c2ccc([N+](=O)[O-])cc2[N+](=O)[O-])c([N+](=O)[O-])c1
mol_7454,CCS(=O)(=O)CCn1cnc2c1c(=O)n(C)c(=O)n2C
mol_7455,O=C1C2=C(CC3C(C2)C3(Br)Br)C(=O)C2=C1CC1C(C2)C1(Br)Br
mol_7456,COC(=O)C=C1C(=O)N(C(C)=O)c2ccccc21
mol_7457,Fc1ccc(F)c(C=NC23CC4CC(CC(C4)C2)C3)c1
mol_7458,Cc1ccc(S(=O)(=O)Nn2c(O)c(C#N)c(-c3ccc(N(C)C)cc3)c(C#N)c2=O)cc1
mol_7459,O=c1c2ccccc2nc(NN=Cc2ccccc2O)n1-c1ccccc1
mol_7460,Cc1occc1C(=S)Nc1ccc(Cl)c(C(=O)OC(C)C2CC2)c1
mol_7461,CC(C)(C)C1=CC(=C(c2ccc(-c3c4ccc(n4)c(-c4ccc(C(=C5C=C(C(C)(C)C)C(=O)C(C(C)(C)C)=C5)c5cc(C(C)(C)C)c(O)c(C(C)(C)C)c5)cc4)c4ccc([nH]4)c(-c4ccc(C(=C5C=C(C(C)(C)C)C(=O)C(C(C)(C)C)=C5)c5cc(C(C)(C)C)c(O)c(C(C)(C)C)c5)cc4)c4ccc(n4)c(-c4ccc(C(=C5C=C(C(C)(C)C)C(=O)C(C(C)(C)C)=C5)c5cc(C(C)(C)C)c(O)c(C(C)(C)C)c5)cc4)c4ccc3[nH]4)cc2)c2cc(C(C)(C)C)c(O)c(C(C)(C)C)c2)C=C(C(C)(C)C)C1=O
mol_7462,COC(=O)C12CCC(C(=O)OC)(CC1)n1c(=O)n(-c3ccccc3)c(=O)n12
mol_7463,C[n+]1c(-c2ccc(C=NNC(=O)C(=O)NN=Cc3ccc(-c4cn5ccccc5[n+]4C)cc3)cc2)cn2ccccc21
mol_7464,Cc1ccccc1Cn1nc2ccccc2cc1=O
mol_7465,C[B-]1(C)n2cc(Br)c[n+]2[B-](C)(C)n2cc(Br)c[n+]21
mol_7466,O=C(c1ccccc1)N1CCN(C(=S)N(C(=O)c2ccccc2)c2ccccc2)C1=S
mol_7467,CCCCCCCCCC(=O)NC(Cc1ccc(O)cc1)C(=O)NCCCNCCCCNCCCNC(=O)C(N)CCCNC(=N)N.O=C(O)C(F)(F)F
mol_7468,CCN(CC)C(=O)c1cc(OC(C)C)ccc1-c1c(C)cc(OC(C)C)c(OC)c1OC
mol_7469,CCCCCC1C(=O)N2C=C(c3ccccc3)c3ccccc3N2C1=O
mol_7470,CC1(C)C(C#N)C1C1=C(N2CCOCC2)C2(C)C(CCC2OC(=O)c2ccccc2)C1
mol_7471,O=c1nc2occc2cn1C1CC(O)C(CO)O1
mol_7472,CCN(CC)CCCC(C)Nc1ccnc2cc(F)ccc12.CCN(CC)CCCC(C)Nc1ccnc2cccc(F)c12
mol_7473,CCCCn1c2c(c3ccccc3c1=O)C(=O)c1ccccc1-2
mol_7474,c1ccc(COc2ccc(CC3SCCCS3)cc2)cc1
mol_7475,CC(=O)C(CN(C)Cc1ccccc1)C(c1ccccc1)c1c(O)c2ccccc2oc1=O.Cl
mol_7476,CCOC(=O)CN=c1nc(SC)sc2c(C(=O)OCC)nc(Sc3ccccc3)n12
mol_7477,Cn1c(=S)c2c(nc(SCCc3ccccc3)n2CCc2ccccc2)n(C)c1=O
mol_7478,CN(C)C1C(O)=C(C(=O)NCNC(C=O)C(O)C(O)C(O)CO)C(=O)C2(O)C(O)=C3C(=O)c4c(O)cccc4C(C)(O)C3CC12.CS(=O)(=O)O
mol_7479,CC(=O)NC(CCSSCCC(NC(C)=O)C(=O)ON1C(=O)CCC1=O)C(=O)ON1C(=O)CCC1=O
mol_7480,CC1=C(OC2OC(CO)C(O)C(O)C2O)C(=O)CC2C1=CCC1C2(C)C(=O)CC2(C)C(C(C)(O)C(=O)CCC(C)(C)O)C(O)CC12C
mol_7481,O=C1CC(CC(O)C(O)CO)CC(=O)N1
mol_7482,O=S(=O)([O-])[OH+][Fe-2]12Oc3c(Cl)cc(Cl)cc3C=[N+]1[N-]C(c1ccncc1)=[O+]2
mol_7483,CN1CCCC(CNC23CC4CC(CC(C4)C2)C3)C1
mol_7484,COc1cc(OC)c2c(=O)c(OC)c(-c3ccc4c(c3)OCO4)oc2c1OC
mol_7485,CC1=CCCC2(C)OC2CC2(C)CC(=O)C(=C(C)C)C2CC1
mol_7486,CN(c1ccc(Cl)cc1)S(=O)(=O)c1cccc([N+](=O)[O-])c1
mol_7487,COc1ccc(C=C2N=C(c3ccccc3)OC2=O)cc1OC
mol_7488,CCOC(=O)C(Cl)(NC(=O)OCc1ccccc1)C(F)(F)F
mol_7489,CSc1nc(NC2OC(COC(C)=O)C(OC(C)=O)C(OC(C)=O)C2OC(C)=O)c(-c2csc(=N)[nH]2)c(=O)n1C
mol_7490,O=C(C1=CC=CCC1)C(=CNC(=S)c1ccncc1)C(=O)c1ccccc1
mol_7491,N=C(Nc1ccccc1)N(c1ccccc1)c1nc(=S)ss1
mol_7492,CCOP(=O)(OCC)C(Nc1ccc(F)cc1)c1ccccc1
mol_7493,Cc1ccc(C)n1N1CCOCC1
mol_7494,CN(C)C=Nc1nnn[nH]1
mol_7495,CCC1(c2ccccc2)C(=O)N=C(c2ccccc2)N1CCc1ccccc1
mol_7496,CCN(CC)c1c(C)nnc2c3c(-c4ccccc4)c(-c4ccccc4)nnc3nn12
mol_7497,CC(=O)Nc1ccc(S(=O)(=O)NN=Cc2cc(I)cc([N+](=O)[O-])c2O)cc1
mol_7498,CCn1c(C)nc2c(N)cccc2c1=O
mol_7499,CN(C)CCCCN1c2ccccc2Sc2ccc(N=[N+]=[N-])cc21.O=C(O)C(=O)O
mol_7500,COc1ccc(C2SC(=Cc3ccc(OC)cc3OC)C(=O)N2NC(=O)Cc2ccccc2)cc1
mol_7501,CCc1n[nH]c(=O)n1CCO
mol_7502,COC(=O)C1C=CC(OC2OC(COC(C)=O)C(OC(C)=O)C(OC(C)=O)C2OC(C)=O)n2c(=O)c3ccccc3c(=O)n21
mol_7503,NCCCN1c2ccccc2Sc2ccc(Cl)cc21
mol_7504,COC(=O)C1(C(=O)OC)CC2=C(S(=O)(=O)c3ccccc3)CC(C#N)C2C1
mol_7505,N=C(NNS(=O)(=O)c1ccccc1)Oc1ccc(Br)cc1Br
mol_7506,Nc1ccc2ncc(Nc3ccc(F)cc3)nc2c1
mol_7507,N#Cc1c(N=Cc2ccccc2)c(C(=O)Nc2ccccc2)n2c1CCC2
mol_7508,CCON1CC(C(=O)OC)=C(O)C1=O
mol_7509,CC(C)=CC1CC(n2cc(C)c(=O)[nH]c2=O)ON1CCO[Si](C)(C)C(C)(C)C
mol_7510,C[N+](C)(C)Cc1c(CC#N)[nH]c2ccccc12.[I-]
mol_7511,CC(C(=NNc1ccccc1)c1ccc(O)cc1)C1C(=O)Oc2ccccc21
mol_7512,CCOC(=O)C=C1C(CCCOCc2ccccc2)C2CCCC23CC2(CCN13)OCCO2
mol_7513,COc1ccc2c(O)c(-c3ccc(OC)c(OC)c3)c(=O)oc2c1
mol_7514,NC(CCC(=O)NC(CSc1ccc([N+](=O)[O-])cc1[N+](=O)[O-])C(=O)NCC(=O)O)C(=O)O
mol_7515,COc1ccc(N2C(=O)CC(C3CC(C(C)(C)C)CCC3=O)C2=O)cc1
mol_7516,O=C1C(c2ccccc2)=[N+]([O-])c2ccccc21
mol_7517,CN(C)N1CCOC1=O
mol_7518,CC(C)(O)C1CCC(C)(C2C(O)CC3(C)C4CC(OC5OC(CO)C(O)C(O)C5O)C5C(C)(C)C(OC6OCC(O)C(O)C6O)CCC56CC46CCC23C)O1
mol_7519,CCCN.CCOP1(=O)N=C(NC#N)N(C)C1(C)C
mol_7520,Cc1occc1C(=S)Nc1ccc(Cl)c(OCC(=O)OC(C)(C)C)c1
mol_7521,O=c1oc2ccccc2n1CCN1CCCCC1
mol_7522,CC(C)CC(NC(=O)C(Cc1ccc(O)cc1)NC(=O)C(CO)NC(=O)C(N)CCC(N)=O)C(=O)NCC(=O)O
mol_7523,CCCc1n[nH]c(=O)n1N1C(=O)C=CC1=O
mol_7524,COc1ccc(CC2Cc3ccccc3CCN2)cc1OC.Cl
mol_7525,CC(=O)N=C1N(C)C(=Cc2ccccc2Cl)C(=O)N1C=C1C(=O)Oc2ccccc2C1=O
mol_7526,CCCCCN(CCCCC)CCC(=O)c1ccc2cc(Br)c3ccccc3c2c1
mol_7527,O=Nc1ccc2ccccc2c1N=Nc1ccccc1C(=O)O.[NaH]
mol_7528,O=C(N[IH2]1OC(=O)c2ccccc21)c1ccc(Cl)cc1
mol_7529,O=C(O)c1cccc(S(=O)(=O)NN2C(=O)CSC2c2ccc(Cl)cc2Cl)c1
mol_7530,CCCCCCCCCCCCN1C=C(C(N)=O)C(S(=O)(=O)O)c2ccccc21
mol_7531,Cn1cnc(N2CCCC2)c(C#N)c1=S
mol_7532,O=C1C=C2CC3=CC(=O)C=C(CC4=CC(=O)C=C(CC5=CC(=O)C=C(CC(=C1)C2=O)C5=O)C4=O)C3=O
mol_7533,Cn1c(=O)c2nc(SSc3nc4c(=O)n(C)c(=O)n(C)c4[nH]3)[nH]c2n(C)c1=O
mol_7534,CC(C)SC(C)(NC(=O)C1C(C)(C)CCC1(C)C)C(=O)O
mol_7535,CC(C)CC(C#N)C(=O)O
mol_7536,C=CCCCC(C#N)(c1ccccc1)N(C)C
mol_7537,COc1ccc(-c2nnc3[nH]c4ccccc4n3c2=O)cc1
mol_7538,O=c1c2ncn(C3CC(O)C(CO)O3)c2nnn1Cc1ccccc1[N+](=O)[O-]
mol_7539,CNc1nnc(CCCCCCCCc2nnc(NC)o2)o1
mol_7540,C=CC1OC(CCCOC(=O)C(C)(C)C)OC1CC
mol_7541,ClC1=C(Cl)C(Cl)(Cl)SS1
mol_7542,O=C1Nc2cc3c(cc2C(=O)N2CC(=NO)CC12)OCO3
mol_7543,C=CCC1C(=O)C(C(=O)OC)N2CCc3c([nH]c4ccccc34)C12
mol_7544,COC12OCCN(C)C1=CC(=O)C1N=NCC12
mol_7545,CCCC[Sn](Cl)(CCCC)SC(=S)NCCNC(=S)S[Sn](Cl)(CCCC)CCCC
mol_7546,CC1OC(OC2C(Oc3ccc4c(=O)c(-c5ccc(O)c(O)c5O)coc4c3)OC(CO)C(O)C2O)C(O)C(O)C1O
mol_7547,CCOP12(OCC)NC(=O)OC1(C(F)(F)F)c1ccccc1O2
mol_7548,CCc1ccc(C(C#N)=Cc2ccc(OC)cc2)cc1
mol_7549,C#CC1(O)CCC2C3CCc4cc(Oc5nc(F)nc(-c6c7cc8ccccc8cc7c7n6CCS7)n5)ccc4C3CCC21C
mol_7550,CC(=O)c1ccc2c(c1)N(CCCN1CCN(CCO)CC1)c1ccccc1S2.O=C(O)C=CC(=O)O
mol_7551,CCOC(=O)C1(C(=O)OCC)NC(=O)CC1CC
mol_7552,CCOC(=O)C1(C#N)C(c2ccccc2)CC(O)(c2ccc(Cl)cc2)C(C(=O)c2ccc(Cl)cc2)C1c1ccccc1
mol_7553,Oc1c(CN2CCOCC2)cc(N=Nc2ccccc2)c(O)c1CN1CCOCC1
mol_7554,CCOc1ccc(NC(=O)C(=NNC(C)(C)C)C2C(=O)Nc3ccccc3S2=O)cc1
mol_7555,Cc1cc(O)c2c(c1)C(=O)c1cccc(O)c1C2=O
mol_7556,NCC1OC(OC2C(CO)OC(OC3C(O)C(N)CC(N)C3OC3OC(CO)C(O)C(O)C3N)C2O)C(N)C(O)C1O.O=S(=O)(O)O
mol_7557,NC(=O)c1cc([N+](=O)[O-])cc([N+](=O)[O-])c1
mol_7558,COC(=O)C=Cc1cnc2c(c1)oc(=O)n2CCc1ccccn1
mol_7559,O=C(C=Cc1ccccc1)Oc1cccc2cccnc12
mol_7560,O=CC1=CCC2c3[nH]c4ccccc4c3CCN2C1
mol_7561,O=C1C2c3[nH]c4ccccc4c3C3CCCCCCCCCCC3C2C(=O)N1c1ccccc1
mol_7562,CC12CCCC(OC=O)C1(O)CC(C(=O)O)CC2
mol_7563,COc1cc(C=Nc2cc(Cl)c(N=O)c(Cl)c2)ccc1N(CCCCl)CCCCl
mol_7564,O=c1ccn2n1Cc1ccccc1C2
mol_7565,N#CC1=C(N)Oc2cc(O)cc(O)c2C1c1ccccc1
mol_7566,N#Cc1ccccc1OCCOc1ccccc1C#N
mol_7567,CS(=O)(=O)CS(=O)CS(=O)CS(=O)CC(NC(=O)CCC(N)C(=O)O)C(=O)O
mol_7568,N#CC12C(=O)N3C(=NC(c4ccccc4)NC3c3ccccc3)C1(C#N)C(c1ccccc1)NC1=C2CCCC1
mol_7569,N#CC(C#N)N=Cc1ccncc1
mol_7570,Cc1ccc2nc(NS(=O)(=O)c3cc(C)c(Cl)cc3S)[nH]c2c1
mol_7571,CN1C(=O)c2cnc3ccccc3c2C1(O)c1ccccc1
mol_7572,CCN(CC)CCC1(C2CCCCC2)CCC(=O)NC1=O.Cl
mol_7573,Cc1cc(C)nc(NC(=S)Nc2ccccc2Cl)c1
mol_7574,Cc1cn(CCCCOC(=O)NC(CCCNC(N)=O)C(=O)O)c(=O)[nH]c1=O
mol_7575,CC#CCCC1(C)CCCCN(C(=O)OC(C)C)C1OCC
mol_7576,COC1CC(C)(NC(=O)C(F)(F)F)C2OC(c3ccccc3)OCC2O1
mol_7577,Cc1cc(Cl)nc2nc(Cl)c(N)cc12
mol_7578,CCOC(=O)c1cc2c(OCc3ccccc3)c(OC)cc3c2c(n1)N(c1ccc(OC)cc1)C(C)C3
mol_7579,COCn1c(C)c(C)c2c(=O)oc(=O)[nH]c21
mol_7580,CC(C#N)N(CCc1ccccc1)C(=O)c1ccccc1
mol_7581,CC(C)OP(=O)(OC(C)C)C(C(C)C)N(C)C(=N)NC#N
mol_7582,Cc1ccccc1NC(=S)NN=C(c1ccccc1)c1ccccn1
mol_7583,N=c1[nH]c(=O)n(C2OC(CO)C(O)C2O)c2ncc(-c3ccc(-c4ccccc4)cc3)nc12
mol_7584,CC1(C)C[N+]23CCC[N+]4(CCC2)CC(C)(C)[SH+][Ni-2]34[SH+]1
mol_7585,N#CCCN(c1ccc(C=Nc2cccc([N+](=O)[O-])c2)cc1)S(=O)(=O)c1ccccc1
mol_7586,O=C1C(Cl)C(c2ccc([N+](=O)[O-])cc2)N1n1cnc2ccccc2c1=O
mol_7587,CCC(C)C(NC(=O)C(N)CCC(=O)O)C(=O)NC(CCCCN)C(=O)NCC(=O)NC(C(=O)NC(C(=O)NC(CC(=O)O)C(=O)NC(CC(C)C)C(=O)NCC(=O)NC(CCCCN)C(=O)O)C(C)O)C(C)O
mol_7588,CC12CCC3C(CCC4CC(OC(=O)C=Cc5ccc(N(CCCl)CCCl)cc5)CCC43C)C1CCC(=O)N2
mol_7589,CC1CCC2(CC1)CC(=O)N(N1CCOCC1)C(=O)C2
mol_7590,O=NC1=C(c2ccccc2)Nc2ccccc2S1
mol_7591,O=C(NC(=O)c1c(F)cccc1F)Nc1ccc(Br)cn1
mol_7592,Clc1ccc2c(c1)[nH]c1c2nc2sccn21
mol_7593,Fc1ccc(N=NN2CCCC2)cc1
mol_7594,O=C1OC2(c3ccccc31)c1ccccc1-c1ccccc12
mol_7595,C=CCC(C)(O)CCC(O)(CC=C)CC=C
mol_7596,CCC1=C(CC2NCCc3cc(OC)c(OC)cc32)CC2c3cc(OC)c(OC)cc3CCN2C1
mol_7597,Cc1cc(C)nc(NS(=O)(=O)c2ccc(Nc3c4ccccc4nc4ccc(C(=O)Nc5ccc(S(=O)(=O)NC(=N)N)cc5)cc34)cc2)n1
mol_7598,CCCCCC1=CC(=O)C1(Cl)Cl
mol_7599,CC=CC[PH](Cc1ccccc1)(c1ccccc1)c1ccccc1
mol_7600,O=C(Nc1cc2cc([N+](=O)[O-])ccc2oc1=O)c1cccs1
mol_7601,COc1cc(N)c2c(c1)SCCC(=O)N2
mol_7602,CC1=CC2OC3CC(OC(=O)C=CC=CC(OCCC4=CC(=O)OC4)C(C)O)C(C)(C2(CO)CC1)C31CO1
mol_7603,O=S(=O)(Nc1nc2ccccc2n1S(=O)(=O)c1ccccc1)c1ccccc1
mol_7604,Cc1cccc(-n2c(C)nc3ccc(NC(=S)Nc4ccccc4)cc3c2=O)c1
mol_7605,O=C1CCCCCC1=Cc1ccc(Cl)cc1
mol_7606,COc1cc(-c2ccc(N=Nc3ccc4c(S(=O)(=O)O)cc(S(=O)(=O)O)c(N)c4c3O)c(OC)c2)ccc1N=Nc1ccc2c(S(=O)(=O)O)cc(S(=O)(=O)O)c(N)c2c1O.[NaH]
mol_7607,COC(N)=C(C#N)N=Cc1ccc2ccccc2c1
mol_7608,COc1ccc(C2Oc3ccc(Cl)cc3C=C2[N+](=O)[O-])cc1
mol_7609,N#CC(c1nc2ccccc2[nH]1)=c1sc(=Cc2ccc(Cl)cc2)c(=O)n1-c1ccccc1
mol_7610,C=CCCCn1ccc2ccccc21
mol_7611,CN(c1ccccc1)c1nc(N2CCCC2)s[s+]1.[O-][Cl+3]([O-])([O-])O
mol_7612,COS(=O)(=O)OC1(SC)C=C(c2ccccc2)SS1
mol_7613,OCC1OC(n2cnc3c(S)ncnc32)C(O)C1O
mol_7614,Cl.NN=C(CCN1CCCC1)CC(c1ccccc1)c1c(O)c2ccccc2oc1=O
mol_7615,COc1ccc2[nH]c3c(c2c1)CC(=S)N1CCCC(CC3=O)C1
mol_7616,C#Cc1cccc(N2C(=O)CC(=P(c3ccccc3)(c3ccccc3)c3ccccc3)C2=O)c1
mol_7617,N=C(NN=C(c1ccccc1)c1ccc(N)cc1)C(=N)NN=C(c1ccccc1)c1ccc(N)cc1
mol_7618,O=C(CC1(O)C(=O)Nc2ccc([N+](=O)[O-])cc21)c1ccc2ccccc2c1
mol_7619,CCC(=O)N=c1sc(SCc2ccccc2)nn1C(=O)SC.CSC(=O)N=c1sc(SCc2ccccc2)nn1C(=O)SC
mol_7620,CCC[Sn](CCC)(OC(=O)Cc1ccc(F)cc1)O[Sn](CCC)(CCC)OC(=O)Cc1ccc(F)cc1
mol_7621,Cc1ccc(C(=O)n2nc(C)c(N=Nc3ccccc3)c2C)cc1
mol_7622,CSc1c(C#N)c(O)n(-c2ccc(Cl)cc2)c(=O)c1C#N
mol_7623,N=C(N)NS(=O)(=O)c1ccc(NC(=O)c2ccc3nc4ccccc4c(Nc4ccc(S(=O)(=O)NC(=N)N)cc4)c3c2)cc1
mol_7624,Cc1ccc(N2C(=O)C=C(C3=C(O)C(=O)N(c4ccc(C)cc4)C3=O)C2=O)cc1
mol_7625,O=C(O)c1nc(-c2ccccc2)ncc1-c1nnnn1-c1ccccc1
mol_7626,N[Co-4](N)(N)([N+](=O)[O-])([N+](=O)[O-])[N+](=O)[O-]
mol_7627,Cc1c(NC(=O)CCl)c(=O)oc2c(C)c3occc(=O)c3cc12
mol_7628,COc1ccc(-c2ccccc2)cc1S
mol_7629,CC1(C)OC(=O)c2cc(C(=CCCO)c3cc(Cl)c4c(c3)C(=O)OC(C)(C)O4)cc(Cl)c2O1
mol_7630,Nc1cc2cc([N+](=O)[O-])ccc2oc1=O
mol_7631,CN(CC(=O)O)S(=O)(=O)c1ccc(F)cc1
mol_7632,COC(=O)c1cc(C(=CCCC2CCC3(C)C(CCC4C3CCC3(C)C(C(C)CCCC(C)C)CCC43)C2)c2cc(Cl)c(OC(=O)c3ccccc3)c(C(=O)OC)c2)cc(Cl)c1OC(=O)c1ccccc1
mol_7633,C=C=CP(=O)(c1ccccc1)c1ccccc1
mol_7634,O=C(c1ccc(Cl)cc1)c1ccc(OCCCCCCCCCCOc2ccc(C(=O)c3ccc(Cl)cc3)cc2)cc1
mol_7635,Cc1cc2c(cc1C)NC1=C(O)C(c3ccccc3C)OC1=N2
mol_7636,CC1CCn2c(=S)[nH]c3cccc(c32)N1
mol_7637,CC1=[N+]2[N-]C(N3CC4CCC(CC4)C3)=[S+][Fe-]2[n+]2ncccc21
mol_7638,CCOC(=O)Nc1ccc2c(c1)c(CCCCCCc1nc3ccccc3c3ccc(NC(=O)OCC)cc13)nc1ccccc12
mol_7639,[Cl-].c1ccc([P+](CCNCCNCC[P+](c2ccccc2)(c2ccccc2)c2ccccc2)(c2ccccc2)c2ccccc2)cc1
mol_7640,O=[N+]([O-])c1cc(SSc2ccc(Cl)c([N+](=O)[O-])c2)ccc1Cl
mol_7641,CCC(=O)N(c1ccccc1)C1CCN(C(C)Cc2ccccc2)CC1
mol_7642,N#CC1(C#N)C2(c3ccccc3)OC(c3ccccc3)(c3cc4ccccc4cc32)C1(C#N)C#N
mol_7643,Cc1ccc(NC(=O)CC(=O)N2N=C(N(c3ccccc3)c3ccccc3)CC2c2ccccc2)cc1
mol_7644,Cc1[nH]cc2c1C(c1ccccc1F)=NCC(=O)N2
mol_7645,CCC(=O)OC1CCn2c1nc1c2C(=O)C(C)=C(N2CC2)C1=O
mol_7646,CCC1(Cc2ccc(OC)c(OC)c2)[CH-][N+](=O)OC(OC2CCCC2(c2ccccc2)c2ccccc2)C1OC(=O)c1ccccc1
mol_7647,O=C1c2cccc3cccc(c23)C(=O)N1CCCN1C(=O)c2cccc3cccc(c23)C1=O
mol_7648,COC1NC(=O)Oc2c(F)cccc21
mol_7649,O=C(NCCCCCCNC(=O)n1cc(F)c(=O)[nH]c1=O)NCCCOCCOCCOCCOCCOCCOCCOCCOCCOCCOCCOCCOCCOCCOCCOCCOCCOCCOCCOCCOCCOCCCNC(=O)C(O)C(O)C(O)C(O)CO
mol_7650,CC(NCCNC(C)C(=O)O)C(=O)O
mol_7651,Cc1ccc(S(=O)(=O)NC(C)C(=O)O)cc1
mol_7652,O=C1c2ccc3cc(CCl)cc(O)c3c2C(=O)c2cccc(O)c21
mol_7653,CON(C)C(=O)C(C)N(Cc1ccccc1)Cc1ccccc1
mol_7654,CC(=O)Nc1c(C)cc2c(nc3n2CCC3OC(C)=O)c1[N+](=O)[O-]
mol_7655,CCOC(=O)c1c(-c2ccc(Cl)cc2)c(C#N)c(=S)n(C2OC(COC(C)=O)C(OC(C)=O)C(OC(C)=O)C2OC(C)=O)c1C
mol_7656,Cn1c2ccccc2c2nc3ccccc3c(Cl)c21
mol_7657,O=C1C(=Cc2ccccc2)CCc2ccccc21
mol_7658,c1ccc([PH](Cc2ccc3c(c2)OCO3)(c2ccccc2)c2ccccc2)cc1
mol_7659,CC1C2CC(CC2=NO)C1(C)C
mol_7660,CSc1c(C(=O)Nc2ccc(C)cc2)c(N)n(N)c(=O)c1C#N
mol_7661,COc1cc(N=Nc2cc(NC(C)=O)c(N=Nc3ccc(S(=O)(=O)O)cc3)cc2S(=O)(=O)O)c(C)cc1N=Nc1ccc(NC(=O)c2ccc(N)cc2)cc1C
mol_7662,COC(=O)c1ccccc1C=C1Cc2ccc(C)c(C)c2C1=O
mol_7663,Cc1ccc(S(=O)(=O)NCCCSCCN)cc1
mol_7664,CC(=O)OC(C(=O)O[Sn](C)(C)C)c1ccccc1
mol_7665,CCOC(=O)C1(C(=O)OCC)CC23OCCC(=O)C2C2C(=O)OC(C)(C)OC23C1
mol_7666,CC(CCC#N)(CCC#N)C(=O)CC(O)(C(F)(F)F)C(F)(F)F
mol_7667,O=C1C(=O)C(c2ccccc2)S(=O)(=O)C1c1ccccc1
mol_7668,c1ccc(C2OC3(CCCC4CC43)OC2c2ccccc2)cc1
mol_7669,BrC1CCCCCC(Br)C12OCCO2
mol_7670,O=CN(CCNc1ccccc1)c1ccccc1
mol_7671,Cc1ccc(SCC(=O)C2=C(O)CCCC2=O)cc1
mol_7672,CC(=O)Oc1c(C)c2c(c3ncccc13)OC(C)C2
mol_7673,OC1COC2C(O)COC12
mol_7674,O=C1CCC(c2nc3ccccc3o2)C(=O)N1
mol_7675,S=C1N=C(Cl)C(=Cc2ccccc2)N1
mol_7676,CC(=O)Nc1c(C)ccc2c1C(=O)c1ccccc1C2=O
mol_7677,Cc1ccc(-n2c3nc(=O)n(C)c(=O)c-3nc3ccccc32)cc1
mol_7678,Cc1ccc2c(c1)C(C1Cc3c(C)cccc3C1=O)OC2=O
mol_7679,CCCCCCC(=O)C(O)C(O)C(=O)CCCCCCCC(=O)O
mol_7680,CN(N=CC=NN(C)C1=NCCCCN1)C1=NCCCCN1.I
mol_7681,NS(=O)(=O)c1ccc(SSc2ccc(S(N)(=O)=O)cc2[N+](=O)[O-])c([N+](=O)[O-])c1
mol_7682,CCC(=O)OC1CC2=CC(=O)CCC2(C)C2CCC3(C)C(OC(=O)CC)CCC3C12
mol_7683,O=c1c(=Cc2ccccn2)sc2nc3cc4c(cc3n12)OCCO4
mol_7684,CCC(CCl)NC(=O)Nc1ccc(S(=O)(=O)c2ccc([N+](=O)[O-])cc2)cc1
mol_7685,NC(=S)NN=Cc1c(O)nc2ccc(Cl)cc2c1O
mol_7686,COC1=C(C)C(=O)C(=O)c2ccc(C)nc21
mol_7687,CN1CCN(C(=S)N(C(=O)c2ccc(Cl)cc2)c2ccccc2)CC1
mol_7688,Cc1cn(C2CC(N=[N+]=[N-])C(COC(=O)C3(O)CCC4C5CCC6=CC(=O)C=CC6(C)C5C(O)CC43C)O2)c(=O)[nH]c1=O
mol_7689,CCOC(=O)C(Cc1ccc(O)cc1)NC(=O)C(N)CSSCC(N)C(=O)NC(Cc1ccc(O)cc1)C(=O)OCC
mol_7690,COc1nc(NC2OC(COC(C)=O)C(OC(C)=O)C(OC(C)=O)C2OC(C)=O)c(N=C(C)C(C)=O)c(=O)n1C
mol_7691,COC(=O)C1(C)CCCC2(C)c3cc(Br)c(C(C)C)cc3CCC12
mol_7692,COc1ccc(N=Nc2c(N)n(C)[nH]c2=N)cc1
mol_7693,CC(=O)Oc1ccc(-c2oc3c(C4C=C(C)CC(c5ccc(OC(C)=O)cc5OC(C)=O)C4C(=O)c4ccc(OC(C)=O)c(CC=C(C)C)c4OC(C)=O)c(OC(C)=O)cc(O)c3c(=O)c2CC=C(C)C)c(OC(C)=O)c1
mol_7694,COC(=O)c1onc(-c2c(OC)cc(OC)cc2OC)c1C(=O)OC
mol_7695,O=S1(=O)CCCc2c1ccc1ccccc21
mol_7696,ON=C1COC(C(F)(F)F)(C(F)(F)F)C1
mol_7697,C1=CN2C(c3ccccc3)=NON(c3ncccn3)C2N=C1
mol_7698,C=C(CC1CCCS(=O)(=O)C1)S(=O)(=O)c1ccc(C)cc1
mol_7699,CC(=O)OCC1OC(n2c(C)cc(-c3cccc4ccccc34)c(C#N)c2=S)C(OC(C)=O)C(OC(C)=O)C1OC(C)=O
mol_7700,Cn1c(=O)ccc2c1nc1cccc[c-]1[n+]2=O
mol_7701,CCSc1cc(=O)n(C)c(=O)n1C
mol_7702,OC1CSCCSCCCSCCSC1
mol_7703,CC(=NNC(=S)N1CCCCC1)c1cccc(C(C)=NNC(=S)N2CCCCC2)n1
mol_7704,Brc1ccc2c(c1)C1C(CO2)C(c2ccccc2)=NN1c1ccccc1
mol_7705,COc1cc2cccc(NC(=O)c3cc(OC)c(OC)c(OC)c3Br)c2cc1OC
mol_7706,COC(=O)c1cc(C#N)[nH]c1-c1ccsc1
mol_7707,COc1ccc(OC)c(Cc2c(OC)ccc(OC)c2O)c1O
mol_7708,O=C(O)c1cc(O)nc(O)n1.[NaH]
mol_7709,O=C1SC(c2ccccc2)(c2ccccc2)c2ccccc21
mol_7710,CC1=C(C(=O)Nc2cc(=O)n(C)c(=O)n2C)C(c2ccco2)C(C(=O)Nc2cc(=O)n(C)c(=O)n2C)=C(C)N1
mol_7711,CC12CCC(=O)C=C1CCC1C2CCC2(C)c3nn(-c4ccccc4)nc3CC12
mol_7712,CCOP(=O)(OCC)OC1c2[nH]cc(C(=O)OCc3ccccc3)c2-c2cc(C(=O)OC)[nH]c2C1OC
mol_7713,Cc1ccc2c(=O)c3c(O)c4c(cc3n(C)c2c1)OC(C)(C)C=C4
mol_7714,Nc1nc(N)c(NC(=O)CCCO)c(O)n1
mol_7715,CN1N=C(c2ccccc2)c2cc(Cl)ccc2N=C1NN=Cc1ccc(N(C)C)cc1
mol_7716,COc1ccc(-c2nnc(CCCCCCCCc3nnc(-c4ccc(OC)cc4)o3)o2)cc1
mol_7717,O=C(O)CSCC(=O)Nc1ccc2cccc3c2c1CC3
mol_7718,c1ccc(-c2nc3ccccc3nc2SCc2cccnc2)cc1
mol_7719,COc1ccc(-c2c(C#N)c(-c3ccc(C)cc3)n(NS(=O)(=O)c3ccc(C)cc3)c(=O)c2C#N)cc1
mol_7720,Oc1ccc(C2Oc3cc(O)cc4c3C2c2cc(O)cc(O)c2C(c2ccc(O)cc2)C4C2c3cc(O)cc4c3C(c3cc(O)cc(O)c3C2c2ccc(O)cc2)C(c2ccc(O)cc2)O4)cc1
mol_7721,CC1c2c(Cl)nc3ccccc3c2Oc2c1c(Cl)nc1ccccc21
mol_7722,Cl.N=S(c1ccccc1[N+](=O)[O-])c1ccccc1[N+](=O)[O-]
mol_7723,CC(C)(O)C=CP(=O)(O)O.[KH]
mol_7724,CCc1cc2c(oc3cc(C)ccc32)c(=O)n1C
mol_7725,O=C(O)c1cccc(S(=O)(=O)NN2C(=O)CSC2c2ccccc2Cl)c1
mol_7726,COc1ccc(N=CC=Cc2ccccc2)cc1
mol_7727,CC(=O)OC1CCC2(C)C(=CCC3C2CCC2(C)C3CC3N(c4ccccc4Cl)C32C#N)C1
mol_7728,CC(=O)NN(c1ccccc1)C1CCN(c2ccccc2)N1C(C)=O
mol_7729,CC(=O)N1CCN(C=S)CC1
mol_7730,O=C1CCCC1=Cc1ccccc1
mol_7731,CNc1ccc(Cl)cc1S(=O)(=O)c1ccccc1[N+](=O)[O-]
mol_7732,CCOP1(=O)CC(C)=C(Cl)C(O)C1
mol_7733,CCC(C)C(NC(=O)C(CCC(N)=O)NC(=O)C(CCCCN)NC(=O)C(CO)NC(=O)C(CC(C)C)NC(=O)C(Cc1ccc(O)cc1)NC(=O)C(C)N)C(=O)NC(C)C(=O)NC(CO)C(=O)NC(CC(N)=O)C(=O)O
mol_7734,C=C1CC[N+]2(CCCCCC)CCCC12
mol_7735,Cc1c(C=NNC(=O)c2ccccc2)c(=O)n(-c2ccccc2)n1C
mol_7736,COc1ccccc1C=CC(=O)N1CCC2(CC1)C(=O)N(C)CN2c1ccccc1
mol_7737,CC1(C)CC2=C(Sc3ccccc3N2)C(=O)C1C(=O)C(=O)Nc1cccc([N+](=O)[O-])c1
mol_7738,Cc1nc(Nc2ccccc2Cl)sc1C(=O)CC(=O)C(N)=O
mol_7739,NC(CCCC(N)P(=O)(O)O)C(=O)O
mol_7740,CCCCCCC1OC(C(=O)OCCCC)C(C(=O)OCCCC)O1
mol_7741,CC1(C)CC(=O)C(=CNc2nc(-c3cccc([N+](=O)[O-])c3)cs2)C(=O)C1.[Cl-]
mol_7742,Oc1c2cccc1Cc1cccc3c1OCCOCCOCCOCCOc1c(cccc1Cc1cccc(c1O)C3)C2
mol_7743,Cc1noc(C)c1-n1nc2ccc3nonc3c2n1
mol_7744,CCOC(=O)c1c(NC(=O)C(F)(F)F)[nH]c(SSc2[nH]c(NC(=O)C(F)(F)F)c(C(=O)OCC)c2C(=O)OCC)c1C(=O)OCC
mol_7745,COc1cc(C(=O)NCCS(=O)(=O)O)cc(OC)c1OC
mol_7746,Nc1c(C(=O)O)nnc2cc(Cl)ccc12
mol_7747,Cc1cc(Nc2ccc(S(=O)(=O)O)c3cc(S(=O)(=O)O)cc(S(=O)(=O)O)c23)c2ccccc2n1.[NaH]
mol_7748,[CH2-][Pd-2]1([CH2-])[N+](c2ccc(C)cc2)=Cc2cccc[n+]21
mol_7749,CSc1nc(-c2ccccc2)c2c(n1)-c1ccccc1CC2
mol_7750,COc1ccc(-c2cc(NC(=O)c3ccccc3)c(=O)oc2C)cc1
mol_7751,CCc1c(-c2ccc(OC)cc2)oc(OC)c(C)c1=O
mol_7752,O=C1CN(C=C(C(=O)c2ccccc2)C(=O)c2ccccc2)C(=S)N1
mol_7753,CSCCC(N)P(C)(=O)O
mol_7754,COc1cc(C=C2Sc3scc(-c4cccc([N+](=O)[O-])c4)[n+]3C2=O)cc(OC)c1OC.[Cl-]
mol_7755,CS(=O)C(C1=NOC(c2ccccc2)C1c1ccccc1)C(O)C1COC(C)(C)O1
mol_7756,OC(C1CCCC1=NN=C1CCCC1C(O)(C(F)(F)Cl)C(F)(F)Cl)(C(F)(F)Cl)C(F)(F)Cl
mol_7757,CCOC(=O)c1c(NS(=O)(=O)c2ccc(C)cc2)sc(C)c1-c1ccccc1
mol_7758,Clc1cccc(-n2cccc2)c1
mol_7759,CC(C(=O)O)c1ccc(C(=O)c2cccs2)cc1
mol_7760,C=C(C)C#CC(O)(C(=O)OC1C2CCN(CC2)C1C)C1CCCCC1
mol_7761,O=S(=O)(Nc1cccc(F)c1)c1ccc(F)cc1
mol_7762,Cc1ccc(C)c(C[PH](c2ccccc2)(c2ccccc2)c2ccccc2)c1
mol_7763,O=C(Nc1ccc([N+](=O)[O-])cc1C(=O)O)c1ccc([N+](=O)[O-])cc1
mol_7764,CC1NOC(=O)C1N=Nc1ccc(Cl)cc1Cl
mol_7765,CC1(C23CC4CC(CC(C4)C2)C3)n2c(=O)n(-c3ccccc3)c(=O)n2C1(C)C12CC3CC(CC(C3)C1)C2
mol_7766,NCCCCCC(CCN)SCC1OC(n2cnc3c(N)ncnc32)C(O)C1O
mol_7767,CCOC(=O)C(=CNc1ccc(NC2=NCC(C)S2)cc1)C(=O)OCC
mol_7768,Cc1cc(S(=O)(=O)Nc2nc(Nc3ccc(Cl)cc3)n[nH]2)c(S)cc1Cl
mol_7769,CCOC(=O)C(C#N)=Cc1cccc(Cl)c1
mol_7770,O=C(NN1C(=O)C(Cl)C1c1cccc([N+](=O)[O-])c1)c1ccccc1O
mol_7771,C#CCOCn1cnc2c(Cl)ncnc21
mol_7772,CC(=O)C(=Cc1ccc([N+](=O)[O-])cc1)C(C)=O
mol_7773,COc1ccc(NC(=O)CCc2cc(-c3ccc(O)c(OC)c3)nc(NC#N)n2)cc1
mol_7774,Cc1cc(NC(=O)C(=O)Cc2cnc3ccccc3n2)c(S(=O)(=O)O)cc1Cl
mol_7775,Nc1nc(O)cc(NCC2(CO)CC2)n1
mol_7776,O=[N+]([O-])c1ccc(Cl)cc1C=NC12CC3CC(CC(C3)C1)C2
mol_7777,CNc1ccc(C)cc1S(=O)(=O)c1ccc(OC)cc1
mol_7778,CSC(=S)Nc1cc(C)cc(C)n1
mol_7779,CCOC(=O)CCSS(=O)(=O)c1ccccc1
mol_7780,CCOC(=O)C(=O)Nc1ccc(Cl)cc1C
mol_7781,O=C1c2ccccc2C(=O)c2c(O)c(NCCCNCCO)cc(O)c21
mol_7782,CC(C)C(=O)C=Cc1ccc(Cl)cc1
mol_7783,CCNc1ccc(-c2ccccc2)nc1N1CCN(C(=O)c2cc3cc(OC)ccc3[nH]2)CC1
mol_7784,Cc1cc(C)nc(NS(=O)(=O)c2ccc(N=c3c4ccccc4n(Cc4ccccc4)c4ccccc34)cc2)n1
mol_7785,OC(c1ccccc1)c1c(-c2ccccc2)[nH]c(-c2ccccc2)c1C(O)c1ccccc1
mol_7786,CSS(=O)(=O)C(c1ccccc1)c1ccccc1
mol_7787,O=C(O)c1cc(CC2Cc3cc4c(cc3C2=O)CCC4)cc2c1CCC2
mol_7788,CC(=NNc1ccccc1Br)c1cccc(C(C)=NNc2ccccc2Br)n1
mol_7789,COc1cc2nn(-c3ccccc3)nc2c2nonc12
mol_7790,Cl.NCCCCC(NC(=O)C(N)Cc1ccc(O)cc1)C(=O)NC(CCCCN)C(=O)NC(CCCCN)C(=O)ON1C(=O)CCC1=O
mol_7791,O=S1C(c2ccccc2)c2c(-c3ccccc3)sc(-c3ccccc3)c2C1c1ccccc1
mol_7792,NCCCCC(=O)NC(CCCCNC(=O)OCc1ccccc1)C(=O)NCCCCC(=O)NC(CCCCNC(=O)OCc1ccccc1)C(=O)NCCCCC(=O)NC(CCCCNC(=O)OCc1ccccc1)C(=O)NCCCCC(=O)NC(CCCCNC(=O)OCc1ccccc1)C(=O)NCCCCC(=O)NC(CCCCNC(=O)OCc1ccccc1)C(=O)NCCCCC(=O)NC(CCCCNC(=O)OCc1ccccc1)C(=O)NCCCCC(=O)NC(CCCCNC(=O)OCc1ccccc1)C(=O)O
mol_7793,CCCCCCCCCCCCCC(=O)OC1CCC(NC(=O)C(OC)C(O)C(O)C(O)C=CC(C)C)C(=O)NC1
mol_7794,CC1=CCCC2C1(C)CCC(C)C2(C)Cc1cc(O)ccc1O
mol_7795,Clc1ccc(-c2cc[s+]s2)cc1.O=S(=O)(O)O
mol_7796,O=S(=O)(O)CC(S(=O)(=O)O)S(=O)(=O)O
mol_7797,O=C1C(=Cc2ccccc2)CCCC1=Cc1ccc(O)c(CN2CCCCC2)c1
mol_7798,Oc1cc(SCc2ccccc2Cl)nc(O)n1
mol_7799,OCC1(CO)CC2C3C=CC(C3)C2C1
mol_7800,CC(=O)OCc1cc(=O)n2c([nH]c3ccccc32)c1C#N
mol_7801,O=C1C(=Cc2cccc(Oc3ccccc3)c2)SC(c2ccccc2)N1c1ccccc1Cl
mol_7802,[O+]#C[W+2]12345(C#[O+])([OH+][N+]1=C1CCCCC1)C1=C2[C-]3C4=C15
mol_7803,CC(C)(C)[Si](C)(C)OCC1OC(n2ccc(=O)[nH]c2=O)CC12CCN(O)CO2
mol_7804,CC1(C)OC2OC(C(COC(=O)c3ccccc3)OC(=O)c3ccccc3)C(F)C2O1
mol_7805,Cc1ccn2c(N=O)c(-c3ccccc3)nc2c1
mol_7806,COc1ccc(-c2oc(C=NNC(N)=S)c([N+](=O)[O-])c2-c2ccc(OC)c(OC)c2)cc1OC
mol_7807,CC(C)(c1ccccc1)c1ccc(Oc2ccc(C#N)c(C#N)c2)cc1
mol_7808,CC(=O)Oc1ccc(C2(c3ccc(OC(C)=O)cc3)C(=O)Nc3ccccc32)cc1
mol_7809,N#CC(=Cc1ccc2ccccc2c1)c1ccccc1
mol_7810,CC(C)(C)c1cc(C=C2CCCC(=Cc3cc(C(C)(C)C)c(O)c(C(C)(C)C)c3)C2=O)cc(C(C)(C)C)c1O
mol_7811,CC1=C(C(=O)NNS(=O)(=O)c2ccc(C)cc2)CC(C(=O)NNS(=O)(=O)c2ccc(C)cc2)=C(C)N1
mol_7812,CC(C)CC(NC(=O)C(CCI)Cc1ccccc1)C(=O)Nc1ccccc1
mol_7813,CCCC[Sn](CCCC)(ON(C)C(=O)c1ccc(Br)cc1)ON(C)C(=O)c1ccc(Br)cc1
mol_7814,Cl.O=[N+]([O-])c1cccc2nccc(NCCCO)c12
mol_7815,O=c1c2c3c(sc2nc2n1N=C(c1ccc(Cl)cc1)CS2)CCCC3
mol_7816,C=CC1(C)CC(=O)C2(O)C(O1)C(OC(C)=O)C(OC(C)=O)C1C2C(OC(C)=O)CCC1(C)C
mol_7817,Cc1oc2cc(O)ccc2c(=O)c1-c1ccccc1Br
mol_7818,Clc1cc(Cl)cc(C2ON=C(c3ccccc3)N2C23CC4CC(CC(C4)C2)C3)c1
mol_7819,CCCCCCCCCCCCCC(=O)OCC1OC(n2cc(F)c(=O)[nH]c2=O)C(NC(=O)OCc2ccccc2)C(OC(=O)CCCCCCCCCCCCC)C1O
mol_7820,COc1ccc(-c2c3c(n(C4OC(CO)C(O)C(O)C4O)c(=S)c2C#N)CC(C)(C)CC3=O)cc1
mol_7821,O=C1c2cccc3cccc(c23)C(=O)N1c1nccs1
mol_7822,COC(=O)C(=CCC(N=C(c1ccccc1)c1ccccc1)C(=O)OC)N=C(c1ccccc1)c1ccccc1
mol_7823,CCOC(OC1=C(C#N)CCCC1)C(CC)[Se]c1ccccc1
mol_7824,C1C[N+]23CCC[N+]4(C1)CC[SH+][Pd-2]24[SH+]CC3
mol_7825,O=c1c(O)cccc2cc(O)c(O)c(O)c12
mol_7826,O=C1Cc2cccc(O)c(=O)c2C(=O)O1
mol_7827,CN(C)CCn1c2c(c3ccccc31)CCc1ccccc1-2
mol_7828,CCn1cc[n+]([Pt-2]([I-])([I-])[n+]2ccn(CC)c2)c1
mol_7829,COC(=O)c1cc(C(c2cc(C(=O)OC)c(O)c(Br)c2C)C(Cl)(Cl)Cl)c(C)c(Br)c1O
mol_7830,O=S1(=O)CC(N2CCOCC2)C2=C(O1)c1sc(-c3ccccc3)nc1CC2
mol_7831,C=C(C)CNC(=S)N(N)c1ccc2ccccc2c1
mol_7832,ON=C(CC(O)(C(F)(F)F)C(F)(F)F)c1cccc(Cl)c1
mol_7833,CN=c1ncn(C)c2ncn(CC=C(C)CCC3(C)C(C)CCC4(O)C3CCCC4(C)C)c12
mol_7834,COc1cc(Cc2nnc(Nc3ccccc3)nc2O)cc(OC)c1OC
mol_7835,CCCCOC(=O)c1ccc(N)cc1
mol_7836,CN(N=Cc1ccnc2ccccc12)c1ccccc1
mol_7837,NN=c1c2ccccc2c2ccc3c4ccccc4c(=NN)c3c12
mol_7838,O=C1CC2CCC(C1)N2CC1COc2ccccc2O1
mol_7839,CCN(CC)CCN(C(=Nc1ccccc1)N1CCCCC1)c1ccccc1
mol_7840,c1c[nH]c(-c2ccc(-c3ccc[nH]3)c3nsnc23)c1
mol_7841,C=C(C)C(O)(C(=O)OC1C2CCN(CC2)C1C)c1ccccc1
mol_7842,COc1ccc(C(=O)ON=C2CCCCC2CN(C)C)cc1.Cl
mol_7843,COc1ccc(OC)c(C[P+](c2ccccc2)(c2ccccc2)c2ccccc2)c1.[Cl-]
mol_7844,Cc1cnc2c(c1)CCCC2C(N)=S
mol_7845,COCC(N=CN1CCCc2ccccc2C1CCCCl)C(C)(C)C
mol_7846,Cc1c(N)nc(C(CC(N)=O)NCC(N)C(N)=O)nc1C(=O)NC(C(=O)NC(C)C(O)C(C)C(=O)NC(C(=O)NCCc1nc(-c2nc(C(=O)NCCCNCCCCN)cs2)cs1)C(C)O)C(OC1OC(CO)C(O)C(O)C1OC1OC(CO)C(O)C(OC(N)=O)C1O)c1c[nH]cn1.O=S(=O)(O)O
mol_7847,COc1cnc2cc(C(=O)O)c3c([N+](=O)[O-])cccc3c2c1
mol_7848,Clc1ccc(C2SCc3nc4ccccc4n32)cc1Cl
mol_7849,CCOC(=O)c1ccc(NCc2ccc3nc(OC)c(OC)nc3c2)cc1
mol_7850,CC1=COC(C)(C=C(C#N)C#N)CC1
mol_7851,CCC(C)(O)C(=O)OC1C(=O)OC2CC3C(C)=CC(=O)C(O)C3(C)C3C4(O)OCC23C1C(C)C4O
mol_7852,CN1CC(=Cc2cccs2)C2=NN(c3ccccc3)C(c3cccs3)C2C1
mol_7853,Cc1noc2c1NC(=O)OC(C)(C)C2
mol_7854,[O+]#C[Fe+]12(C#[O+])(C#[O+])[P-]3(N(C4CCCCC4)C4CCCCC4)P(N(C4CCCCC4)C4CCCCC4)[P-]1(N(C1CCCCC1)C1CCCCC1)[Fe+]32(C#[O+])(C#[O+])C#[O+]
mol_7855,C=CCCCC12CCCc3cccc(c31)NC2=O
mol_7856,C=C(C(=O)O)C1CCC2(C)CCCC(C)(O)C2C1
mol_7857,CN(C)CCS
mol_7858,Nc1cc(C(=O)O)ccc1SSc1ccc(C(=O)O)cc1N
mol_7859,Cn1c(-c2cccs2)cc(-c2cccs2)c1-c1ccco1
mol_7860,CCOC(=O)C(=O)C(=CN1C(=O)CC(=O)NC1=S)C(=O)OCC
mol_7861,COc1ccc2nc3cc(Cl)ccc3c(NCCCN(Cc3cc(OC)c(OC)c(OC)c3)Cc3cc(OC)c(OC)c(OC)c3)c2c1
mol_7862,CC1OC(Oc2c(-c3cc(O)c(O)c(O)c3)oc3cc(O)cc(O)c3c2=O)C(O)C(O)C1O
mol_7863,O=C(Cn1ccnc1[N+](=O)[O-])NCc1ccccc1
mol_7864,CCSc1nc2sc(C)c(C)c2c(=O)n1-c1ccc(C(=O)O)cc1
mol_7865,O=C(O)c1c2c(cc3c1CC1(Cc4cc5c(cc4C1=O)CCC5)C3)CCC2
mol_7866,CCCCCCCCCCCCS(=O)(=O)O.CCC[N+](C)(C)C
mol_7867,O=S1(=O)c2ccc(cc2)N=CC=Nc2ccc1cc2
mol_7868,Cc1c2ccccc2n[c-](CS(=O)(=O)CCO)[n+]1=O
mol_7869,O=c1oc2ccccc2c(O)c1C(c1ccc2c(c1)OCO2)c1c(O)c2ccccc2oc1=O
mol_7870,CC(NC(=O)CNC(=O)C(N)CO)C(=O)NC(CCC(=O)O)C(=O)NC(CCCCN)C(=O)NC(CO)C(=O)NC(CCCCN)C(=O)NC(CCCCN)C(=O)NC(CCCCN)C(=O)NCC(=O)NC(CO)C(=O)NC(CC(N)=O)C(=O)NC(C)C(=O)NC(Cc1cnc[nH]1)C(=O)NC(CO)C(=O)O
mol_7871,CCCOP(=O)(OCCC)OC(C(F)(F)F)C(F)(F)F
mol_7872,CCCCCn1cnc2c(S)nc(N)nc21
mol_7873,O=C1c2ccccc2C2(O)NC(=S)N(c3ccccc3)C12O
mol_7874,CCOC(=O)C(=[N+]=[N-])C(=O)C[N+]12CCN(CC1)CC2.[Br-]
mol_7875,O=S1(=O)c2ccccc2C(O)(c2ccccc2)c2ccccc21
mol_7876,CCOC(=O)C(=[N+]=[N-])C(=O)CSC#N
mol_7877,CCOC(=O)c1ccc(CSc2ccc(OC)cc2)c([N+](=O)[O-])c1
mol_7878,CCCCS(=O)(=O)CCC(N)C(=O)O
mol_7879,CC1(C)CC(C=C2OC(=O)c3ccccc32)=C(C#N)C(=O)O1
mol_7880,CCN=Cc1c(O)c(O)c(C(C)C)c2cc(C)c(-c3c(C)cc4c(C(C)C)c(O)c(O)c(C=NCC)c4c3O)c(O)c12
mol_7881,COc1ccc2[nH]c(Br)c(CCNC(C)=O)c2c1
mol_7882,O=C[OH+][Co-4]12([OH+]C=O)(NCCN1)NCCN2.[O-][Cl+3]([O-])([O-])O
mol_7883,Oc1cc(Cl)cc2cc(Br)cnc12
mol_7884,CC(C)C1(O)C(c2ccccc2)=C(c2ccccc2)C(c2ccccc2)=C1c1ccccc1
mol_7885,CCOC1C(Br)Cn2c(=O)c3cc4ccccc4cc3c(=O)n2C1C
mol_7886,Cc1cc2c(ccc3c(C)cc(=O)oc32)o1
mol_7887,CCOS(=NS(=O)(=O)c1ccccc1)c1ccccc1[N+](=O)[O-]
mol_7888,CCOCC=NCC(=O)OCC
mol_7889,CCOC(=O)C1C(c2ccc(OC)cc2)C(C(=O)OCC)C(O)(C(F)(F)F)OC1(O)C(F)(F)F
mol_7890,CCC12CN3CC(CC(C(=O)OC)(c4cc5c(cc4OC)N(C)C4C(O)(C(=O)OC)C(OC(C)=O)C6(CC)C=CCN7CCC54C76)c4[nH]c5ccccc5c4CC3CC(C)=O)C1O2
mol_7891,Cc1ccc(-c2c(C#N)c(-c3ccccc3)c(C#N)c(=O)n2NS(=O)(=O)c2ccccc2)cc1
mol_7892,CCOC(=O)c1nc2ccccc2nc1Nc1ccc(Cl)c(Cl)c1
mol_7893,CC12CCc3ccccc3C1=NNC(=O)C2
mol_7894,O=C1OC(C2(O)OC(=O)c3ccccc32)c2ccccc21
mol_7895,COc1ccc(Nc2ccc3ccccc3c2-c2c(O)ccc3ccccc23)cc1
mol_7896,CN(C)C(=S)SSSC(=S)N(C)C
mol_7897,COc1csc(C2CCC3C4CC=C5CC(OC(=O)CCC(=O)O)CCC5(C)C4CCC23C)n1
mol_7898,Cn1c(=O)c2ncnnc2n(C)c1=O
mol_7899,O=NNc1ccc(-c2ccccc2)cn1.[NaH]
mol_7900,C=[N+](CNC(=O)CNC(=O)C(Cc1ccccc1)NC(=O)OC(C)(C)C)C(=O)CNC(=O)C(Cc1ccccc1)NC(=O)OC(C)(C)C
mol_7901,OC(CNc1ncccn1)c1ccccc1
mol_7902,NC(=O)c1cccn1Cc1ccccc1SSc1ccccc1Cn1cccc1C(N)=O
mol_7903,N=C(N)NS(=O)(=O)c1ccc(Nc2c3ccccc3nc3c(C(=O)NNCCO)cccc23)cc1
mol_7904,Cn1c2ccccc2c2nnc(-n3nc(-c4ccccc4)cc3N)nc21
mol_7905,Cc1cccc(C(O)c2ccccn2)c1O
mol_7906,CCOC(=O)C1=C(O)C(=O)NC(C(=O)OCC)=C(c2ccccc2)C1
mol_7907,CC=C1Oc2ccc(OC)cc2S1(=O)=O
mol_7908,CC(=O)Oc1cc(C=C(C#N)C(=O)NCCCCNC(=O)C(C#N)=Cc2cc(OC(C)=O)c(OC(C)=O)c(OC(C)=O)c2)cc(OC(C)=O)c1OC(C)=O
mol_7909,C=C1C2CCC3C4(C)CCCC(C)(C(=O)OC)C4CCC3(C2)C1OC(C)=O
mol_7910,COc1ccc(NS(=O)(=O)c2ccc(NC(NC(=O)CC(C)C)(C(F)(F)F)C(F)(F)F)cc2)nn1
mol_7911,CCNC(=S)NNC(=O)c1ccccc1Nc1ccccc1C(=O)NNC(=S)NCC
mol_7912,COc1ccc2c(c1)CCC1=C2C=C[PH]1(C)C
mol_7913,CC(O)c1c2c(cc3c1CC1(C3)Cc3cc4c(c(C(C)O)c3C1)CCC4)CCC2
mol_7914,Cc1cc2cc(O)c3c(=O)c4c(O)cccc4c(=O)c3c2c(=O)c1=O
mol_7915,Cc1cc(NS(=O)(=O)c2ccc(Nc3c4ccccc4nc4c(C(=O)Nc5ccc(S(=O)(=O)O)cc5)cccc34)cc2)no1
mol_7916,CCCCc1ccc(Nc2nc(S)c3nc[nH]c3n2)cc1
mol_7917,COCc1cc2c(cc1C(=C[N+](=O)[O-])CS(=O)(=O)c1ccccc1)OCO2
mol_7918,Cc1c(O)c(O)c(C)c(CCN)c1O
mol_7919,CC1c2cc(c3c(c2O)CN(C(C)C2CCCCC2)CO3)C(C)c2cc(c3c(c2O)CN(C(C)C2CCCCC2)CO3)C(C)c2cc(c3c(c2O)CN(C(C)C2CCCCC2)CO3)C(C)c2cc1c1c(c2O)CN(C(C)C2CCCCC2)CO1
mol_7920,Cn1c(=O)nc2n(CCO)c(-c3ccccc3)c(-c3ccccc3)nc-2c1=O
mol_7921,COC(=O)C=C(C=CC(=O)O)C(=O)O
mol_7922,COc1cc(C(=O)NC(CCN)(c2ccccc2)c2ccccc2)cc(OC)c1OC
mol_7923,CC1(C)OC(=O)CC(=O)O1
mol_7924,CC(=O)OC1CN(S(=O)(=O)c2ccc(C)cc2)CC1C1CCCCC1
mol_7925,Clc1cc2c(c3ncccc13)OCN(CCc1ccccc1)C2
mol_7926,O=c1ccn(C2OC(CO)C(O)C2[Se]c2ccccc2)c(=O)[nH]1
mol_7927,O=C(CCSSc1ccccn1)ON1C(=O)CCC1=O
mol_7928,CCOC(=O)c1cc(C2(OC)CCN(Cc3ccccc3)C2=O)c(-c2cc(C)no2)[nH]1
mol_7929,Cc1noc2c1NC(=O)OCC2
mol_7930,CC(=O)OC1(C)OC(=O)C(C)N1[N+](=O)[O-]
mol_7931,O=S(=O)(O)C(Br)(Br)Br
mol_7932,Cc1nn2c(C(=O)O)nnc2s1
mol_7933,COC(=N)C12C(=N)NC(OC)(OC)C1(C#N)C21C(=O)N(c2ccccc2)N=C1C
mol_7934,COC(=O)c1nc(-c2nc(CCNC(=O)OC(C)(C)C)sc2Cl)sc1Cl
mol_7935,CC1=CSC(O)(c2ccc(Cl)cc2)c2noc(=O)n21
mol_7936,COc1ccc2occ(CCC(=O)O)c2c1
mol_7937,C=C(CCOC)CCC1CCCCC(=C)C1OC(C)=O
mol_7938,CC(C)S(=O)(=O)ON1C(=O)c2ccc(N(C)C)cc2C1=O
mol_7939,COc1ccc(C2(C3c4cc(OC)c(OC)cc4CCN3C)SCCCS2)cc1O
mol_7940,S=c1nc(COc2ccc(Cl)cc2)[nH][nH]1
mol_7941,CCCCCCCCCCCCCCCCOC1OC(CS(=O)(=O)S(=O)(=O)CC2OC(OCCCCCCCCCCCCCCCC)C(O)C(O)C2O)C(O)C(O)C1O
mol_7942,CC(=NNS(=O)(=O)c1ccc(C)cc1)c1cccc[n+]1[O-]
mol_7943,Clc1ccc(C2SCc3nc4ccccc4n32)cc1
mol_7944,CCOP(=O)(C=C=C1CCC2C3CCc4cc(OC)ccc4C3CCC12C)OCC
mol_7945,O=C1C=C(c2ccc(O)cc2)C(O)Cc2ccc(O)cc2O1
mol_7946,COc1ccc(N2CCN(c3ccc4c(c3)NCC(=O)N4)CC2)cc1
mol_7947,O=C(CCCl)N1CCN(C(=O)CCCl)c2c1c1ccccc1c1ccccc21
mol_7948,NC(C(=O)O)C1CC(Cl)=NO1
mol_7949,CCCCC1Sc2cc(OC)cc3nnn(c23)C1=O
mol_7950,N=C(N)CCNC(=O)C1CCC(=N)N1.O=S(=O)(O)O
mol_7951,COC1(CC2(OC)C=CC(=O)O2)C=CC(=O)O1
mol_7952,COc1ccc2[nH]c3c([N+](=O)[O-])ccc4c3c(nn4CCCN(C)C)c2c1
mol_7953,COc1ccc2ccccc2c1CN1CCOCCOCCN(Cc2c(OC)ccc3ccccc23)CCOCCOCC1
mol_7954,CC1OC(OC2C(OC(=O)C34CCC(C)(C)CC3C3=CCC5C6(C)CC(O)C(OC7OC(COC8OC(CO)C(O)C(O)C8O)C(O)C(O)C7O)C(C)(C(=O)O)C6CCC5(C)C3(C)CC4)OCC(O)C2O)C(O)C(O)C1OC1OCC(O)C(O)C1O
mol_7955,Cc1ccc2oc(=O)c(-c3ccccc3)nc2c1
mol_7956,Nc1ncnc2c1N=C(c1ccccc1)CC(c1ccccc1)N2
mol_7957,Cl.O=C(CSc1c2ccccc2nc2ccccc12)Nc1ccccc1-c1ccccc1NC(=O)CSc1c2ccccc2nc2ccccc12
mol_7958,O=c1ccn(Cc2ccccc2)c(=S)[nH]1
mol_7959,NC(Cc1ccc(S(=O)(=O)O)cc1)C(=O)NC(Cc1ccc(S(=O)(=O)O)cc1)C(=O)NC(Cc1ccc(S(=O)(=O)O)cc1)C(=O)NC(Cc1ccc(S(=O)(=O)O)cc1)C(=O)O.[NaH]
mol_7960,N#Cc1cn(C2OC(CO)C(O)C2O)c2ncnc(N)c12
mol_7961,O=C1NCC(c2ccccc2)(c2ccccc2)O1
mol_7962,COc1ccc(NC(C)=O)cc1N1C(=O)C(=Cc2cc(OC)c(OC)c(OC)c2)S(=O)(=O)C1c1ccccc1
mol_7963,Cc1ncc([N+](=O)[O-])n1CCNS(=O)(=O)CCCn1ccnc1[N+](=O)[O-]
mol_7964,COCCN(CCOC)C1C2=C(CCCC2)OS(=O)(=O)C1c1ccccc1
mol_7965,COC(=O)C(C)(C)C(OP1(=S)N(C)CCN1C)=C(C)C
mol_7966,CCc1cccc(C)c1NC(=O)CCc1nc(=S)[nH][nH]1
mol_7967,CC1CCCC(C)[N+]1=C(Nc1cccc(Cl)c1)c1ccccc1
mol_7968,N#Cc1cccc(NC(=O)c2ccc(C(=O)O)c(C(=O)c3ccc(C(=O)O)c(C(=O)Nc4cccc(C#N)c4)c3)c2)c1
mol_7969,Nc1nc(N)c(CCCc2ccccc2)c(N)n1
mol_7970,Oc1nc2ccccc2nc1C=CNC(=S)Nc1cc(Cl)ccc1Cl
mol_7971,Cc1ccc(Nc2ncnc3sc(SCc4ccccc4)nc23)cc1
mol_7972,O=C(O)C=CC(=O)Nc1ccc(SSc2ccc(NC(=O)C=CC(=O)O)cc2)cc1
mol_7973,Cc1ccc(S(=O)(=O)OCC2CO2)cc1
mol_7974,Cc1nc(N)nc(S)c1CCC(=O)O
mol_7975,NP(=O)(OCc1ccc([N+](=O)[O-])s1)N(CCBr)CCBr
mol_7976,Nc1nc(Cl)c2ncn(C3OC(CO)CC3F)c2n1
mol_7977,Cc1ccc(C=Nn2c(-c3ccc(C)cc3)n[nH]c2=O)cc1
mol_7978,Oc1ccc2occ3c2c1CCC3
mol_7979,Cc1nc2[nH]ncn2c(=O)c1CCO
mol_7980,COC=C(C#N)S(=O)(=O)C(C#N)=COC
mol_7981,COc1cc(O)c(C(=O)C2Cc3ccccc32)c(OC)c1
mol_7982,O=C1NC(NN=CC(O)C(O)C(O)CO)=NC1=Cc1ccc(Cl)cc1
mol_7983,Cc1cc(N(CCC#N)CCC#N)ccc1C=C1SC(=S)NC1=O
mol_7984,O=C1NC(O)n2c(=O)[nH]c(=O)n21
mol_7985,CNC(=S)SC1=Nc2ccccc2S(=O)(O)=N1
mol_7986,COC1=C(C)C(=O)C(=O)c2ccccc21
mol_7987,CCN(CCCN(CC)C(=O)NC(Cc1ccccc1)C(=O)NC)C(=O)NC(Cc1ccccc1)C(=O)NC
mol_7988,Fc1ccccc1-c1nn2c(C34CC5CC(CC(C5)C3)C4)nnc2s1
mol_7989,CC(O)(c1ccccc1)c1nccc2ccccc12
mol_7990,COC1OC(COC(=O)NCCCCC(=O)C(F)(F)C(F)(F)C(F)(F)C(F)(F)C(F)(F)C(F)(F)C(F)(F)F)C(O)C(O)C1O
mol_7991,CC(C)C(Cl)=NOC(=O)Nc1ccc(Br)cc1
mol_7992,O=S1(=O)CCc2ccccc2C(Br)C1
mol_7993,O=C(CC1C=CCS1(=O)=O)NCc1ccccc1
mol_7994,Cn1c(=O)c2nc(NCC3CCCCC3)sc2n(C)c1=O
mol_7995,N#Cc1ccc(-c2nc(C#N)c(N)o2)cc1
mol_7996,CC=CC(=O)OCC1CCC[N+]2(C)CCCCC12.[I-]
mol_7997,COc1ccc(-c2coc3c4c(c(CC=C(C)C)c(O)c3c2=O)OC(C)(C)C=C4)cc1OC
mol_7998,COc1ccc(NC(C)=O)c(Cl)c1
mol_7999,O=[N+]([O-])c1cccc(S(=O)(=O)SSS(=O)(=O)c2cccc([N+](=O)[O-])c2)c1
mol_8000,CC(C)CCCC(C)C1CCC2C3CCC4CC(CCC=C(c5cc(Cl)c(OCc6ccccc6B6OC(C)(C)C(C)(C)O6)c(C(=O)OCc6ccccc6B6OC(C)(C)C(C)(C)O6)c5)c5cc(Cl)c(OCc6ccccc6B6OC(C)(C)C(C)(C)O6)c(C(=O)OCc6ccccc6B6OC(C)(C)C(C)(C)O6)c5)CCC4(C)C3CCC12C
mol_8001,Cn1c(=O)nc2n(CCO)ccnc-2c1=O
mol_8002,CC(=O)NC1C(OCc2ccccc2)OC(CO)C(O)C1OCC(=O)N1CCCC1C(=O)NC(CCC(=O)NCCCCNc1c2ccccc2nc2cccc([N+](=O)[O-])c12)C(N)=O
mol_8003,COc1ccc2nc3cc(Cl)ccc3c(NC(C)CCCN(C)C)c2n1
mol_8004,CC(=O)OC1CCC2C3CCC4C(=O)c5oncc5CC4(C)C3CCC12C
mol_8005,[N-]=[NH+]CC(=O)OC(COCc1ccccc1)COCc1ccccc1
mol_8006,COC(=O)C1=C(C)NC2(C)C(C(=O)OC)CC1C2(C(C)=O)C(C)=O
mol_8007,COc1cc2c(c([N+](=O)[O-])c1)NC(=O)CC(C)S2
mol_8008,Cc1cccc(C)c1NC(=O)C(=O)C(C#N)c1ccccc1Cl
mol_8009,c1csc(-c2cc(-c3cccs3)c(-c3ccsc3)s2)c1
mol_8010,OC1COc2c3ccccc3nn2C1
mol_8011,CC(=O)N=C1N(C)C(=Cc2ccc(OC(C)=O)cc2)C(=O)N1C=C1C(=O)Oc2ccccc2C1=O
mol_8012,Nc1nc(N)c(N=O)c(Nc2ccc(O)cc2)n1
mol_8013,O=C(CCCN1CCC2(CC1)CC(=O)N(N1CCCCCC1)C2=O)c1ccc(F)cc1
mol_8014,c1ccc([B-]2(c3ccccc3)[OH+]CCc3cccc[n+]32)cc1
mol_8015,COC(=O)NNc1c([N+](=O)[O-])cnn(-c2ccccc2)c1=O
mol_8016,COCCNC(=O)C1C(=O)C(=O)N(CCOC)C1=O
mol_8017,N=C1NC2(COC(c3ccccc3)(c3ccccc3)c3ccccc3)OC(COC(c3ccccc3)(c3ccccc3)c3ccccc3)C(O)C2O1
mol_8018,O=C(Nc1ccc(Sc2ccc(N=Nc3c(O)c(S(=O)(=O)O)cc4cc(S(=O)(=O)O)ccc34)cc2)cc1)c1ccc(N=Nc2cc(S(=O)(=O)O)c3ccccc3c2O)cc1
mol_8019,CC12OOC(c3ccccc31)c1c2ccc2ccccc12
mol_8020,Cc1cc2c(C)n(Cc3ccc(Cl)cc3Cl)nc2c(C(=O)O)c1C
mol_8021,CCCCNc1cc(Nc2ccc(Br)cc2)nc(N)n1
mol_8022,O=C1C(=Cc2ccc(F)cc2)CCCC1=Cc1ccc(F)cc1
mol_8023,O=S1(=O)c2ccccc2NC(c2ccc3ccccc3c2)CC1c1ccccc1F
mol_8024,O=S(=O)(O)Nc1cnc(O)nc1O
mol_8025,CC=C(N=C=S)C(=O)OC1C(COC(C)=O)OC(C2(O)CC(=O)C(N)=C(C(=O)O)C2=O)C(O)C1OC1CC(OC)C(O)(C(C)OC(=O)C(C)CC)C(C)O1
mol_8026,COC(=O)c1c(O)c(C#N)c2[nH]c3ccccc3n2c1=O
mol_8027,CCOC(=O)c1ccc(N2C(=O)c3cccc4cccc(c34)C2=O)c([N+](=O)[O-])c1
mol_8028,CC1=NN(C(=O)c2ccccc2O)C(=O)C1=Cc1ccc([N+](=O)[O-])cc1
mol_8029,COc1ccccc1NC(=S)Nc1cccc(C)n1
mol_8030,Cn1c(N)c(-c2c3ccccc3nc3ccccc23)c(=O)n(C)c1=O
mol_8031,N#CC1=CNc2sccc2S1(=O)=O
mol_8032,O=[N+]([O-])c1ccc2nc(C(=NNc3ccccc3)C(O)c3ccc(Cl)cc3Cl)c(O)nc2c1
mol_8033,CN(C)c1ccc(C=NNc2nc3ccccc3c(=O)n2-c2ccccc2)cc1
mol_8034,COc1ccc(OC)c2[nH]c(Sc3c([N+](=O)[O-])ncn3C)nc12
mol_8035,O=C(NN=Cc1ccco1)c1ccncc1
mol_8036,O=C1CN(c2cccc(C(F)(F)F)c2)C(=O)CN1NCNN1CC(=O)N(c2cccc(C(F)(F)F)c2)CC1=O
mol_8037,CCOc1nnc(C)o1
mol_8038,COCC1OC(N2C(=O)NC(=O)C3C=C4CCCCC4=CC32)C(OC)C1OC
mol_8039,COc1ccc(C(C#N)=Cc2cccc(N)c2)cc1
mol_8040,CC(C)(C)C1CCC2c3c([nH]c4ccccc34)C3C(=O)N(c4ccccc4)C(=O)C3C2C1
mol_8041,O=c1[nH]oc(NS(=O)(=O)c2ccccc2)c1C1CCCCC1
mol_8042,Cl.N=C(N)NN=Cc1c(Cl)nc2n1CCS2
mol_8043,CC(C)(C)OC=C1C(=O)OC2CC(O[Si](C)(C)C(C)(C)C)CC12
mol_8044,COC(=O)c1cc2c(=O)n(C)c3ccccc3n2c1C(=O)OC
mol_8045,CC(C)(C)OC(=O)NC(CCC(=O)OCc1ccccc1)C(=O)NCCCO
mol_8046,CN(C)CCSc1cccc(-c2cc(-c3cccc(SCCN(C)C)c3)nc(SCCN(C)C)n2)c1
mol_8047,CCC=NN1C(N)=C(C#N)C(C#N)(C#N)C1CC
mol_8048,CC(=O)C(=CN1CC(=O)NC1=S)C(=O)Nc1ccccc1
mol_8049,O=C(Nc1ncnc2c1ncn2C1CC(OC(=O)c2ccc([N+](=O)[O-])cc2)C(COC(=O)c2ccc([N+](=O)[O-])cc2)O1)c1ccccc1
mol_8050,Clc1ccc2cccc3c2c1C1OC3c2ccccc21
mol_8051,Cc1cc(S(=O)(=O)NC2=Nc3cccc(F)c3CN2)c(S)cc1Cl
mol_8052,COc1ccc(N=Cc2ccc(N(CCC#N)S(=O)(=O)c3ccccc3)cc2C)cc1
mol_8053,CN1CCCC1=C1C(=O)c2cccn2C1=O
mol_8054,O=C1[OH+][Cu-5]234([O+]=C(c5cccs5)C=[N+]2c2ccccc21)[O+]=C(c1cccs1)C=[N+]3c1ccccc1C(=O)[OH+]4
mol_8055,CSc1nc(O)c(C#N)c(-c2ccc(C)cc2)n1
mol_8056,CCN(CC)CCN(CC)C(=O)COc1cc2c(O)c3c(O)c(C)c4c(c13)C(=O)C(C)(OC=CC(OC)C(C)C(OC(C)=O)C(C)C(O)C(C)C(O)C(C)C=CC=C(C)C(=O)N2)O4
mol_8057,Cc1csc2nc3c(cnn3C)c(=S)n12
mol_8058,N=c1[nH][nH]c(=N)[nH]1.O=C(O)C(=O)O
mol_8059,Cc1n[nH]c(=O)n1Nc1ccccc1
mol_8060,CC(=O)OC12CCCCC(CCCC1)O2
mol_8061,O=C(O)c1cc2c3nn(-c4ccccc4)c(=O)c-3c[nH]c2s1
mol_8062,COc1ccc(CCC2NCCc3cc(OC)c(OC)cc32)cc1.Cl
mol_8063,COC(=O)C1(Cc2ccc3c(c2)CCC3)Cc2ccc3c(c2C1O)CCC3
mol_8064,O=c1oc(-c2ccccc2)c(-c2ccccc2)n1-c1ccc(Br)cc1
mol_8065,CC1C(c2ccccc2)=CCON1c1ccccc1
mol_8066,Br.CN(C)c1nc(=NCc2cccs2)ss1
mol_8067,CC1=NNC(=O)C1
mol_8068,O=C(Nc1ccc(Cl)cc1Cl)c1cc(=NO)c2ccc(O)cc2o1
mol_8069,O=S1(=O)C(c2ccc(F)cc2)=C(O)c2cc3ccccc3nc21
mol_8070,CS(=O)(=O)C(CC(S(C)(=O)=O)S(C)(=O)=O)S(C)(=O)=O
mol_8071,COc1ccc2c(c1)C(C(=O)O)CC(=O)N2C
mol_8072,CC(C)C(O)(C(=O)OCC1=CC[N+]2([O-])CCC(O)C12)C(C)O
mol_8073,Cl.NC1c2c(Cl)cccc2C(=O)C1O
mol_8074,Cc1cccc(C=NNC(=S)N2CCCCC2)n1
mol_8075,CCOC(=O)C(Br)C#N.CCOC(=O)C1(C#N)C(C#N)(C#N)C12CCCCC2
mol_8076,Cl.O=C(OCCN1CCCC1)c1cc2ccccc2n1-c1ccccc1
mol_8077,CSc1nc2c(c(=O)n1C)N=C(c1ccc(Cl)cc1)CC(c1ccccc1)N2
mol_8078,CC(=O)Oc1cccc2c1ccc1nonc12
mol_8079,Cn1c(=O)c2ncc(N)nc2n(C)c1=O
mol_8080,CC1(C)CC2CC(CC(C)(C)C2=O)C1=O
mol_8081,CC(=O)NCCCCCCNC(C)=O
mol_8082,CC1CN(CCO)CC(C)O1
mol_8083,Br.O=C(O)CCCCCOc1cccnc1C=NNC1=NCCN1
mol_8084,CC(=Cc1cc(=O)n(C)c2ccccc12)[N+](=O)[O-]
mol_8085,COC(=O)C1CC2C(=O)N(c3ccccc3)C(=O)C2c2c1n(C)c1ccccc21
mol_8086,O=C(O)c1ccc(CS(=O)c2ccccc2)c([N+](=O)[O-])c1
mol_8087,CN1CCCOC(c2ccc(Cl)cc2)O1
mol_8088,Cc1ccc(C(=O)Nc2ccc(CP(=O)(O)O)cc2)cc1NC(=O)c1cccc(NC(=O)Nc2cccc(C(=O)Nc3cc(C(=O)Nc4ccc(CP(=O)(O)O)cc4)ccc3C)c2)c1.[NaH]
mol_8089,COc1ccc2c3c(cnc2c1)P(C)(=O)CC3
mol_8090,COc1cc2c(cc1OC)C1C(=O)c3cc4c(cc3C1N(C)C2=O)OCO4
mol_8091,O=S(=O)(C=Cc1ccc(Cl)cc1Cl)Cc1ccccc1CS(=O)(=O)C=Cc1ccc(Cl)cc1Cl
mol_8092,CC1(CC2=C(C(=O)NCCO[Si](C)(C)C(C)(C)C)C3(OCCO3)C2=O)OCCO1
mol_8093,CC1=C(C(=O)Nc2ccccc2C)C(c2ccccc2)C(C(=O)Nc2ccccc2C)=C(C)N1
mol_8094,O=c1oc2ccccc2c(O)c1C1=NC(=NN=Cc2ccc(Cl)cc2)SC1
mol_8095,CON=C(C(=O)Nc1cncs1)c1csc(NC(c2ccccc2)(c2ccccc2)c2ccccc2)n1
mol_8096,Cc1nc(O)c2c(n1)N(c1ccccc1)C(=C(C#N)c1nc3ccccc3[nH]1)S2
mol_8097,CSc1c(C#N)c(O)nc(N)c1C(=O)Nc1ccc(Cl)cc1
mol_8098,CC1(CC(=O)O)OC2CCCCCC2O1.NCc1ccccc1
mol_8099,CC(Sc1ccccc1)=C1CCCN(Cc2ccccc2)C1.O=C(O)C(=O)O
mol_8100,CC(=O)OC1COC(n2c3ccccc3c3ccc4c5ccccc5[nH]c4c32)C(OC(C)=O)C1OC(C)=O
mol_8101,S=C1NCCN1C(=S)NC1CCCCC1
mol_8102,CCNC(=N)CSS(=O)(=O)O
mol_8103,CCCCCCCCCCCC(=O)OCC(C[As](=O)(O)O)OC(=O)CCCCCCCCCCC
mol_8104,COc1cc(N)c2nc(C(O)C(O)C(O)CO)cnc2c1
mol_8105,Cc1c2cc[n+]([O-])cc2c(C)c2c1[nH]c1ccccc12
mol_8106,CCOC(=O)c1c(N2CCCC2)nc(O)c(C(c2ccco2)c2c(O)nc(N3CCCC3)c(C(=O)OCC)c2O)c1O
mol_8107,COc1ccc(C=C2CCCC(C(NO)c3ccc(OC)cc3)C2=NO)cc1
mol_8108,CC(C)CCCC(C)C1CCC2C3CCC4CC(CC=C(c5cc(Cl)c(O)c(C(=O)O)c5)c5cc(Cl)c(O)c(C(=O)O)c5)CCC4(C)C3CCC12C.N
mol_8109,CC1(C)C(=O)C=CC(=O)C(C)(C)C(=O)C=CC(=O)C(C)(C)c2ccc(o2)C(C)(C)C(=O)C=CC1=O
mol_8110,COc1ccc2[nH]c3c([N+](=O)[O-])ccc(NCCCN(C)C)c3c(=NCCCN(C)C)c2c1
mol_8111,Nc1nc(Cl)cc(NCC2(CO)CCCCC2)n1
mol_8112,CSc1nc(C#N)c(N)n1C
mol_8113,CCOC(=O)c1nnsc1NN
mol_8114,COC(=O)c1cc(OS(=O)(=O)C(F)(F)F)c(=O)n2c1CCCC2
mol_8115,COC(=O)C1(C)OC(C)=NC1(C(=O)OC)C(=O)OC
mol_8116,CC1Cc2c(cc(N)nc2Br)NC1=O
mol_8117,CCOC(=O)CNC(SC)=C(C#N)C#N
mol_8118,CC(=O)C(=CNc1c(C)n(C)n(-c2ccccc2)c1=O)C(C)=O
mol_8119,Cc1ccc(S(=O)(=O)NCCCSCCO)cc1
mol_8120,COc1ccc(C=C(C2=NC(=O)CS2)c2nc3ccccc3[nH]2)cc1
mol_8121,COc1cccc(NC(=O)CC(=O)n2nc(-c3ccccc3)c(N=Nc3ccc(Cl)cc3)c2-c2ccccc2)c1
mol_8122,CNn1c(-c2ccc(C)cc2)n[nH]c1=O
mol_8123,CC(C)CC(=O)[OH+][Co-4](N)(N)(N)(N)N.[O-][Cl+3]([O-])([O-])O
mol_8124,S=C1CC(N2CCCC2)=Nc2ccccc2N1
mol_8125,CC(=O)O.NCCN1CCCCCc2ccccc21
mol_8126,CC(C)C(Cl)=NOC(NC(=O)Nc1ccc(Cl)c(Cl)c1)(C(F)(F)F)C(F)(F)F
mol_8127,CC(C)CCCC(C)C1CCC2C3CC=C4CC(OP(=O)(O)O)CCC4(C)C3CCC12C
mol_8128,CCOP(=O)(OCC)c1c(C(=O)OC)cc(O)nc1-c1ccc(C)cc1
mol_8129,Cc1ccc(N=Nc2c(O)nc3ccccc3c2O)c(S(=O)(=O)N(C)C)c1
mol_8130,O=C(Nc1ccc(-c2ccco2)oc1=O)c1ccccc1
mol_8131,N#Cc1cccc(C=CC(=O)c2ccccc2)c1
mol_8132,Cc1ccc(N=Nc2c(=N)[nH]n3cc4c(nc23)-c2ccccc2C4)cc1
mol_8133,N=C(NN=Cc1ccc(Cl)cc1)C(=N)NN=Cc1ccc(Cl)cc1
mol_8134,O=C1NC(=O)C(=Cc2cccc(Br)c2)C(=O)N1
mol_8135,O=C(NC(Cc1c[nH]c2ccccc12)C(=O)O)C(=Cc1ccccc1)NC(=O)c1ccccc1
mol_8136,CCc1cccc(C(=O)NCCN(C)C)c1[N+](=O)[O-].Cl
mol_8137,CSC1=C(C(=O)Nc2ccc(Cl)cc2)C(=N)NC1=O
mol_8138,CC1=NN(C(=O)Cc2ccccc2)C(=O)C1=Cc1ccc(O)cc1
mol_8139,C=C1C(=O)OC2C=C(COC(C)=O)CCC(OC(C)=O)C3=CC(OC3=O)C12
mol_8140,CC1OCC2OC(C)OC(C3C4=C(CC(C)(C)CC4=O)OC4=C3C(=O)CC(C)(C)C4)C2O1
mol_8141,N#Cc1c2c(c(N)oc1=O)C(c1ccccc1)CC(=O)N2
mol_8142,Cc1ccc(S(=O)OCc2c(C)c(C)c(COS(=O)c3ccc(C)cc3)c(C)c2C)cc1
mol_8143,Cc1cc(S(=O)(=O)Nc2nc3cc(-c4ccc(Cl)cc4)sc3c(=O)n2N)c(S)cc1Cl
mol_8144,CN(N=Cc1ccccn1)C1=NCCN1.I
mol_8145,Br[Sn]12c3ccccc3CN(Cc3ccccc31)Cc1ccccc12
mol_8146,COc1ccc2ccccc2c1C1=NC(C)(C)CO1
mol_8147,COC(=O)CCN(CCC(=O)OC)C1CC1
mol_8148,O=c1[nH]c(=O)n(C2CC(O)C(CO)O2)cc1C#Cc1c(F)c(F)c(F)c(F)c1F
mol_8149,O=C(O)CC(=O)Nc1ccccc1S
mol_8150,COc1cc(C=C2C(=O)N(Cc3ccccc3)C(c3ccccc3)S2(=O)=O)cc(OC)c1OC
mol_8151,O=C1CSC(=S)N1c1ccc(Cl)cc1
mol_8152,COC(=O)c1cc(CNCCc2c[nH]c3ccccc23)on1
mol_8153,CCN(CC)c1ccc(NC(=S)NN)cc1
mol_8154,CC1(C)OC(CP(c2cccc3ccccc23)c2cccc3ccccc23)C(CP(c2cccc3ccccc23)c2cccc3ccccc23)O1
mol_8155,NNC(=O)CC(=O)Nc1cccc(Cl)c1
mol_8156,CSC(=S)c1ccc(C(=S)SC)cc1
mol_8157,CC(C)OC(=O)Nc1c([N+](=O)[O-])cc(C(F)(F)F)cc1[N+](=O)[O-]
mol_8158,O=c1[nH]c2ccc(CC(=S)N3CCCCC3)cc2s1
mol_8159,CC(C)(C)ON=Cc1cc(NC(=S)c2ccccc2)ccc1Cl
mol_8160,N#Cc1c(-c2ccco2)cc(-c2ccccc2)nc1O
mol_8161,NC(=O)c1nc2ccccc2nc1Nc1ccc(Cl)cc1Cl
mol_8162,N#Cc1cccc(C=C(C(=O)c2ccccc2)c2ccccc2)c1
mol_8163,Clc1cc(Cc2cc(Cl)c(Cl)c3c2OCOC3)c2c(c1Cl)COCO2
mol_8164,Cl.Nc1cc([As]=O)ccc1O
mol_8165,CCCCCCCC(=O)OCC1OC(n2cc(F)c(=O)[nH]c2=O)C(N)C(OC(=O)CCCCCCC)C1O
mol_8166,COCC12CCC(OC)C34C5CC6(O)C(OC)CC(OC(C)=O)(C5C6OC(=O)c5ccccc5)C(C(OC)C13)C4N(C)C2
mol_8167,C=CCC(C(=O)OC)C1(C(=O)OC)c2[nH]c3ccccc3c2CCN1Cc1ccccc1
mol_8168,CCCCCCCCCCCCCC(=O)NCC(=O)NC(C)C(=O)NC(CCCNC(=N)N)C(=O)NC(C)C(=O)NC(CO)C(=O)NC(C(=O)NC(CC(C)C)C(=O)NC(CO)C(=O)NCC(=O)NCC(=O)NC(CCC(=O)O)C(=O)NC(CC(C)C)C(=O)NC(CC(=O)O)C(=O)NC(CCCNC(=N)N)C(=O)NC(Cc1c[nH]c2ccccc12)C(=O)NC(Cc1ccc(O)cc1)C(N)=O)C(C)C
mol_8169,c1ccc2cc(SSc3ccc4ccccc4c3)ccc2c1
mol_8170,O=S(=O)(O)c1c(Cl)cc(O)c2ncccc12
mol_8171,[BrH+][Ni-2]1([BrH+])[PH](c2ccccc2)(c2ccccc2)c2ccccc2[PH]1(c1ccccc1)c1ccccc1
mol_8172,CN(C)CC(O)CNC(=O)Nc1ccccc1
mol_8173,O=C1c2cc(Oc3ccccc3)c(S(=O)(=O)O)c(S(=O)(=O)O)c2C(=O)c2c(O)ccc(O)c21
mol_8174,CNc1c2c(c3nc4ccccc4c4c3c1N=C4)NCCC2=O
mol_8175,COc1ccccc1NC(=O)C1=C(C)NC(C)=C(C(=O)Nc2ccccc2OC)C1c1ccccc1Cl
mol_8176,CCOC(=O)Cn1c(=O)n(C)c(=O)c2[nH]cnc21
mol_8177,CCCCCCCCCCCCCC1=C(O)C(=O)C(CC2=C(O)C(=O)C(CCCCCCCCCCCCC)=C(O)C2=O)=C(O)C1=O
mol_8178,BrCc1ccc(CBr)c2c1-c1c(CBr)ccc3ccc(CBr)c-2c13
mol_8179,O=c1[nH]c2ccc(O)cc2o1
mol_8180,CC(CC(=O)N(C(C)C)C(C)C)=NNC(=O)c1ccncc1
mol_8181,C1=CC(=NN=P(c2ccccc2)(c2ccccc2)c2ccccc2)C=C1
mol_8182,COc1ccc2c(O)c(S(=O)(=O)c3ccc(C)cc3)c(=O)oc2c1OC
mol_8183,O=C(C=Cc1cc(O)c(O)c(O)c1)OCCc1ccccc1
mol_8184,COC(=O)C12C(=CCP1(C)=O)C(c1ccccc1)=NN2c1ccccc1
mol_8185,O=C(CS)NCCNC(=O)CS
mol_8186,O=C1c2cccc3c([N+](=O)[O-])ccc(c23)C(=O)N1NCCO
mol_8187,COP(=O)(OC)C(Cc1cn(C(C)=O)c2ccccc12)C(=O)O
mol_8188,O=C(NO)NCCCl
mol_8189,O=c1nc(N2CCCC2)oc2cc3ccccc3cc12
mol_8190,CCOC(=O)C(=Cc1cccs1)P(=O)(OCC)OCC
mol_8191,FC(F)(F)c1nc2ccc(SSc3ccc4nc(C(F)(F)F)[nH]c4c3)cc2[nH]1
mol_8192,COC1C(N)C(OC2C(Oc3cccc4c(O)c5c(=O)oc6ccc(C)c7c(=O)oc(c34)c5c67)OC(C)C(O)C2(C)O)OC(C)C1O
mol_8193,Nc1ccc(S(=O)(=O)Nc2cnc3c(Cl)cccc3n2)cc1
mol_8194,CNC1C(O)C(NC)C2OC3(O)C(=O)CC(C)OC3OC2C1O.O=S(=O)(O)O
mol_8195,Cc1ccccc1N=O
mol_8196,COC1(OC)C=CC2C1C1C=CC2C1(OC)OC
mol_8197,C=C1C(O)OC2OC3(C)CCC4C(C)CCC1C24OO3
mol_8198,CC(C)(C)[Si](C)(C)OCC1OC(n2ccc(=O)[nH]c2=O)C(O[Si](C)(C)C(C)(C)C)C12OC2CO
mol_8199,CC(CCCN1CCCCC1)C1CCC2C3CCC4CC(O)CCC4(C)C3CCC12C.Cl
mol_8200,CN1CCc2ccccc2C(C(=O)c2ccc3c(c2)OCO3)C1=O
mol_8201,O=C(SC1=NCCS1)SC1=NCCS1
mol_8202,CC(C)CCCC(C)C1CCC2C3CCC4CC(CCC=C(c5cc(Cl)c(OC(=O)c6ccccc6)c(C(=O)O)c5)c5cc(Cl)c(OC(=O)c6ccccc6)c(C(=O)O)c5)CCC4(C)C3CCC12C.[NaH]
mol_8203,CC(=NNC(=S)N1CCN(c2ccccn2)CC1)c1cccc2cccnc12
mol_8204,Nc1nc(O)cc(NCCCO)n1
mol_8205,CCCCCNc1no[nH]c1=N
mol_8206,Cc1cccc(C)c1NC(=O)C(=O)CC(=O)C=Cc1ccccc1
mol_8207,COC(=O)c1cc(C(=CCCO)c2cc(Cl)c(OC)c(C(=O)OC)c2)cc(Cl)c1OC
mol_8208,CCCC[Sn]1(CCCC)SCCN1S(=O)(=O)c1ccc(C)cc1
mol_8209,O=S(=O)(Cc1ccccc1)c1nnc(S(=O)(=O)c2ccc(Cl)cc2)s1
mol_8210,CC(C)N(C)C(=O)C12C3C4C1C1C2C3C41C#N
mol_8211,C[n+]1c(-c2ccc(C=NNC(=O)C(=O)NN=Cc3ccc(-c4cn5ccccc5[n+]4C)cc3)cc2)cn2ccccc21.Cc1ccc(S(=O)(O)=[OH+])cc1
mol_8212,O=C1NC2C(=O)N(Cc3ccccc3)C(=O)C2N1
mol_8213,O=C1CCC(O)Cc2ccc(O)c(c2)-c2cc(ccc2O)CC1O
mol_8214,CON(C)C(=O)C1CC1(C)CO
mol_8215,COc1ccc(NC(=O)C(=O)C2CNC(=O)NC2=O)c(OC)c1
mol_8216,CC(=NNS(=O)(=O)c1ccc(C)cc1)C(CN1CCCCC1)C(c1ccccc1)c1c(O)c2ccccc2oc1=O.Cl
mol_8217,CC(C)(C)OC(=O)NC(CSSCC(NC(=O)OC(C)(C)C)C(=O)O)C(=O)O
mol_8218,COC(=O)C1=C(C(=O)OC)N2c3ccccc3-n3c(-c4ccccc4)cc(OC)c3C2(C)C(C(=O)OC)=C1C(=O)OC
mol_8219,O=C1Cc2c([nH]c3c(Cl)cccc23)-c2ccccc2N1
mol_8220,CN(C)C(=O)COc1ccc(Cl)cc1Cl
mol_8221,CC1(C)N=C([C-](Cl)[N+](=O)C(=O)c2ccc(F)cc2)C(C)(C)N1O
mol_8222,Cc1ccc([S+](C)C)cc1.O=[N+]([O-])c1cc([N+](=O)[O-])c(S(=O)(=O)O)c([N+](=O)[O-])c1
mol_8223,Nc1ccc([N+](=O)[O-])cc1CN1C(=O)c2ccccc2C1=O
mol_8224,CS(=O)(=O)ON1C(=O)c2ccc(N)cc2C1=O
mol_8225,O=C1CCCCC1=C(Br)I
mol_8226,O=c1c2cn[nH]c2nc2scc(-c3ccc(Cl)cc3)n12
mol_8227,O=C1C(Cl)C(c2ccccc2Cl)N1n1cnc2ccccc2c1=O
mol_8228,O=NN(CCCl)C(=O)NC1CCC(=O)NC1=O
mol_8229,CC1=NC(C)=NP(O)(Oc2ccccc2)=N1
mol_8230,CCOC(=O)C(=NNc1ccc(C)cc1)N1C(=S)N(C)N=C(C)C=C1S
mol_8231,COC(=O)CC(NC(=O)OCc1ccccc1)C(=O)NC(CC(=O)OC)C(=O)NC(CC(=O)OC)C(=O)NC(CC(=O)OC)C(=O)NC(CC(=O)OC)C(=O)NC(CC(=O)OC)C(=O)NN.Cl
mol_8232,Cc1nn(C(=O)c2ccccc2O)c2c1C(c1ccco1)SC(=N)N2
mol_8233,CCOC(C)OC1CC(n2cc(C)c(=O)[nH]c2=O)OC1CO
mol_8234,CN1C(=O)n2c(nc3ccccc32)C(N=[N+]=[N-])(N=[N+]=[N-])C1=O
mol_8235,N=C1NCC(c2ccc(Cl)cc2)O1
mol_8236,CCOC(=O)C(NCc1cccc(C(F)(F)F)c1)(NC(=O)c1ccccc1)C(F)(F)F
mol_8237,CC1(C)C2CCC1(C)C(OC(=O)NNC(=O)OC1CC3CCC1(C)C3(C)C)C2
mol_8238,CON=Cc1cc(OC)c(OC)c(OC)c1
mol_8239,COC12CCC(C(C(=O)c3ccccc3)=C1C(=O)c1ccccc1)C(O)C2
mol_8240,N.O=[N+]([O-])c1ccc(OP(=O)(O)OCC2OC(CP(=O)(O)O)C(O)C2O)cc1
mol_8241,N#Cc1c(N)nc2c3c1NC(=O)C(C(N)=O)C3c1ccccc1O2
mol_8242,CN=c1ncc2nc(-c3ccccc3)c(-c3ccccc3)n(C)c-2n1
mol_8243,C[N+](C)(C)CC(=O)NN=C(C=Cc1ccccc1)CC1OC(=O)c2ccccc21.[Cl-]
mol_8244,N#CC(C(=NNC(=N)N)C(=O)Nc1ccccc1[N+](=O)[O-])c1nc(-c2ccc([N+](=O)[O-])cc2)cs1
mol_8245,I.N#Cc1ccc(C=[N+]([CH-]c2ccc(C#N)cc2)N(CCO)C2=NCCN2)cc1
mol_8246,O=C(c1cc2c(C(F)(F)F)onc2c2ccccc12)C(F)(F)F
mol_8247,COc1cc2oc(-c3ccc4c(c3)OCO4)c(OC)c(=O)c2c(OC)c1OC
mol_8248,CC(C(=O)O)C1Nc2ccccc2NC1=O
mol_8249,Oc1c(O)c(Cc2ccccc2)c(Cc2ccccc2)c(Cc2ccccc2)c1Cc1ccccc1
mol_8250,O=C(O)CCCCCCCCCC(=O)O
mol_8251,CCOC(=O)c1cc2c([nH]1)c(OC(C)=O)cc1c2ccn1Cc1ccccc1
mol_8252,O=Cc1cn(CCCCCCCCn2cc(C=O)c3ccccc32)c2ccccc12
mol_8253,C#CCSc1nnnn1-c1ccc(Br)c(C)c1
mol_8254,Cc1nc(O)nc(O)c1Cc1ccc(Cl)cc1
mol_8255,Cc1ncc([N+](=O)[O-])n1CC(O)CCl
mol_8256,CC(=O)Nc1cc(OCC(=O)O)ccc1S(=O)(=O)c1ccc(OCC(=O)O)cc1NC(C)=O
mol_8257,S=c1[nH]nc(-c2ccccc2)n1N=Cc1ccc(-c2ccc(Cl)cc2)o1
mol_8258,CCOC(=O)NN=C(CC)NO
mol_8259,COc1cc(Br)c(CCC#N)cc1OC
mol_8260,CC1(C)OCC(COCOP2(=O)Oc3ccc4ccccc4c3-c3c(ccc4ccccc34)O2)O1
mol_8261,COc1ccc(-n2sc3ncc([N+](=O)[O-])cc3c2=O)cc1
mol_8262,COC1CC(C)(NC(C)=O)C2OC(c3ccccc3)OCC2O1
mol_8263,Br.CCN(CC)OC(=O)C=Cc1ccccc1
mol_8264,COc1ccc(S(=O)(=O)N(C)c2ccccc2)cc1
mol_8265,O=c1cc(C=Cc2ccccc2)c2ccc(OC(=Cc3ccccc3)c3nc4ccccc4c(=O)o3)cc2o1
mol_8266,Cc1ccc(NP2(=O)N(Cc3ccc(Cl)cc3)CCCN2Cc2ccc(Cl)cc2)cc1
mol_8267,O=C1OC(c2cccc(C(F)(F)F)c2)(c2cccc(C(F)(F)F)c2)c2ccc3ccccc3c21
mol_8268,COc1cc(C2C(Cl)C(=O)N2NC(=O)c2ccc(NC(C)=O)cc2)ccc1O
mol_8269,N#CCc1c(F)c(F)c(F)c(F)c1F
mol_8270,CCOC(=O)C(=Cc1cccc(C#N)c1)C(=O)OCC
mol_8271,CCSC(=O)C1(C)OC2CCCCC2C1=O
mol_8272,COC(=O)c1ccccc1CC1Cc2ccc3c(c2C1=O)CCC3
mol_8273,CC1=C(c2cc(C(=O)Nc3ccc(Cl)cc3)nc(S)n2)Sc2ccccc2N1
mol_8274,COC1OC(CO)C(O)C2NCSC12
mol_8275,COC(=O)NC(Cc1ccccc1)NC(=O)OC(C)(C)C
mol_8276,S=C1SCC2CCCN12
mol_8277,CC(=O)NC(Cc1ccc(Cl)cc1)C(=O)NC(Cc1ccc(Cl)cc1)C(=O)NC(Cc1cccnc1)C(=O)NC(CO)C(=O)NC(Cc1ccc(O)cc1)C(=O)NC(CCCNC(=N)N)C(=O)NC(CC(C)C)C(=O)NC(CCCNC(=N)N)C(=O)N1CCCC1C(=O)NC(C)C(=O)O
mol_8278,O=C1CC2OCC=C3CN4CCC5(C(=O)O)C(N1)C2C3CC45
mol_8279,N#CC1=CNc2ccccc2NC1=N
mol_8280,CC1=C(C)CS(=O)N(c2ccccc2)C1
mol_8281,COC1c2ccccc2C2C(Cl)(Cl)C23c2ccccc2C13
mol_8282,N=C1C(=O)NC(=O)C1c1ccccc1
mol_8283,O=C1NC(N2CCCCC2)=NC1=Cc1ccco1
mol_8284,COC(=O)C(=O)C(C(=O)C=C(C)C)C(=O)C(=O)Nc1nc2ccc([N+](=O)[O-])cc2s1
mol_8285,O=C(Nc1ccc(Cl)c(C(F)(F)F)c1)C(=O)C(C(=O)C=Cc1ccccc1)C1OC(=O)c2ccccc21
mol_8286,Cc1cc(-c2ccc(N=Nc3ccc4c(S(=O)(O)=[OH+])cc(S(=O)(=O)[O-])c(N)c4c3O)c(C)c2)ccc1N=Nc1ccc2c(S(=O)(=O)[O-])cc(S(=O)(O)=[OH+])c(N)c2c1O.[GaH3]
mol_8287,O=C(CC(C(=O)c1ccsc1)c1ccccc1)c1ccccc1
mol_8288,Cc1ccc(N2C(=O)C(Cl)=C(Cl)C2=O)cc1
mol_8289,O=C1N=CN=C2C=CC(Cl)=C(I)C12
mol_8290,C(=Cc1ccc2ccccc2n1)c1cccnc1
mol_8291,CC(C)(C)c1cc(O)c2c(c1O)C(=O)CCC2
mol_8292,CC1=NN(c2ccccc2)C(=O)C1=C1C(=O)N(c2ccccc2)N=C1C
mol_8293,O=S(O)CCCCSSCCCCSSCCCCS(=O)O.[NaH]
mol_8294,COc1ccc(C(=O)C(c2ccc(OC)cc2)C2(O)C(=O)Nc3c(C)cc(Cl)cc32)cc1
mol_8295,CN(C(=O)C12C3(C(=O)C(C)(C)C)C4C5(C#N)C3C1(C(=O)C(C)(C)C)C5C42C(=O)C(C)(C)C)C(C)(C)C
mol_8296,Cc1cccc(-n2c(C)nc3ccc(NC4OC(CO)C(O)C(O)C4O)cc3c2=O)c1
mol_8297,O=C1NC(=S)NC1=Cc1ccc(Cl)cc1
mol_8298,CC(=NNC(N)=O)C(CN1CCCCC1)C(c1ccccc1)c1c(O)c2ccccc2oc1=O.Cl
mol_8299,O=C(NC1CN2CCC1CC2)C(c1ccc(F)cc1)c1ccc(F)cc1
mol_8300,CSC(SC)=C(C#N)C(=O)Nc1cccc(Cl)c1
mol_8301,CCOC(=O)C(C#N)=Cc1ccccc1OC
mol_8302,CC(=O)OC1COC(n2c(=S)n(-c3ccc(C)cc3)c(=O)c3ccccc32)C(OC(C)=O)C1OC(C)=O
mol_8303,CCCCC1OC2OC3(C)CCC4C(C)CCC(C1C)C24OO3
mol_8304,CN(C)CCn1nc2n(c(=O)c1=O)CC(=O)N(C)c1ccc(Cl)cc1-2
mol_8305,O=C1COC(c2ccccc2O)=NN1CCCl
mol_8306,CC(=O)c1c(O)c2c(c(C(C)=O)c1O)OC(C)(C)C=C2
mol_8307,NC(=O)c1c([N+](=O)[O-])cc(C(F)(F)F)cc1[N+](=O)[O-]
mol_8308,CC(NCCCNC(C)C(=O)O)C(=O)O
mol_8309,Cc1oc2nc(N(C)C)nc(Cl)c2c1C
mol_8310,NC(=O)NCCCC(NC(=O)OCCCCCn1ccc(=O)[nH]c1=O)C(=O)O
mol_8311,CC(=O)OC1CC(OC(C)=O)C2(C)CC3C(CC(C)C12)OC(=O)C3C
mol_8312,CCC(C)c1c(NS(=O)(=O)c2ccc(C)cc2)o[nH]c1=O
mol_8313,Cc1cccc(N=Nc2c(C)nn(C(=O)c3ccccc3)c2C)c1
mol_8314,O=C(c1cccs1)N1CCCN(C(=O)c2cccs2)C1=S
mol_8315,CCCCC#COS(=O)(=O)c1ccc(C)cc1
mol_8316,O=C1OCC(O)=C1C(c1ccc(Cl)cc1)c1cc2c(cc1O)OCO2
mol_8317,O=C1c2sc(-c3ccc(F)cc3)cc2-n2cccc21
mol_8318,Cc1cc(C23OC4COC(C)(C)OC4C2OC(C)(C)O3)ncn1
mol_8319,O=C(CN1CCCCC1)c1ccc2[nH]c(=O)oc2c1
mol_8320,Nn1c(Cc2ccccc2)nnc1Cc1ccccc1
mol_8321,NCCS(=O)(=O)O
mol_8322,CCOC(=O)c1c(OC)cc2n(c1=O)Cc1cc3ccccc3nc1-2
mol_8323,COC(=O)C1C(c2ccccc2)=NC(c2ccccc2)C1C(=O)OC
mol_8324,O=C(O)CCCCCCCCCCCO
mol_8325,NC1CCCCC1.O=P(O)(O)C(CSc1ccccc1)P(=O)(O)O
mol_8326,CCN(C(=O)NC(C(=O)NC(C)C(=O)OC)C(C)C)c1ccccc1
mol_8327,CN(C)C(=O)NCCN1CCCCCc2ccccc21
mol_8328,CCCCCCSCC(NC(=O)CCC(N)C(=O)O)C(=O)NCC(=O)O
mol_8329,CC(=O)NC1=C(C)C(=O)c2c(nc3n2CCC3O)C1=O
mol_8330,O=c1oc2ccccc2c(O)c1-c1cccc2ccccc12
mol_8331,COC(=O)CCSSCCC(=O)OC
mol_8332,CSc1ccc(C(=C=C=C(c2ccc(SC)s2)c2ccc(SC)s2)c2ccc(SC)s2)s1
mol_8333,CCCNC(=O)NS(=O)(=O)c1ccc(Cl)cc1
mol_8334,CCOC(=O)CCC(NC(=O)OCc1ccccc1)C(=O)NC(CCC(=O)OCC)C(=O)NC(Cc1ccc([N+](=O)[O-])cc1)C(=O)NC(CCC(=O)OCC)C(=O)NC(CCC(=O)OCC)C(=O)OCC
mol_8335,COc1cccc(C(=O)C2C(=O)N(C)CCc3ccccc32)c1OC
mol_8336,O=C1C=C(N2CCOCC2)c2cc(N3CCOCC3)ncc2C1=O
mol_8337,OC(c1ccc(-c2ccccc2)cc1)C(F)(F)c1nc2ccccc2o1
mol_8338,CCOC(=O)c1sc(=NNc2nc3ccccc3cc2C2OCCO2)n(Cc2ccccc2)c1C
mol_8339,C=CCOc1ccc(C(N=Nc2ccc([N+](=O)[O-])cc2)=NNC(=O)c2ccccc2)cc1OC
mol_8340,CCOP(=O)(O)C(Nc1ccc(N=Nc2ccccc2)cc1)c1ccc(C(Nc2ccc(N=Nc3ccccc3)cc2)P(=O)(O)OCC)cc1.[NaH]
mol_8341,Cc1cccc(C)c1N1C(=O)C(=O)C(c2nc3ccccc3s2)C(=NNC(=O)c2ccccc2O)C1=O
mol_8342,CC1=C(C(=O)Nc2ccccc2)C(c2cccc3ccccc23)C(C(=O)Nc2ccccc2)=C(C)N1
mol_8343,COc1cc2ccc(C(=O)O)cc2cc1OC
mol_8344,Cc1ccc(NC(=O)c2cc(S(=O)(=O)n3cc[nH]c3=O)c(S)cc2Cl)cc1
mol_8345,COCCCCCCCCCCC(=O)OCC1OC(n2cc(C)c(=O)[nH]c2=O)CC1N=[N+]=[N-]
mol_8346,CC1(C(=O)O)CCCC2(C)C3CCC4(C=C3CCC12)SCCS4
mol_8347,N=C(CS)NCc1ccccc1
mol_8348,O=C1CCCCCC1CC(Sc1ccccc1)Sc1ccccc1
mol_8349,CCC(C)C1(O)OC2CC3(C)OC(=CC3=O)C(C)=CC3OC(=O)C1(C)C32
mol_8350,C[n+]1[se]c2ccccc2c1Cl
mol_8351,CONC(C)=O
mol_8352,Cl.N=C(N)c1ccc2oc3ccc(C(=N)N)cc3c(=O)c2c1
mol_8353,Cc1cc(N(CCC#N)CCC#N)ccc1C=CC(=O)Nc1cccc(Cl)c1
mol_8354,O=S(=O)(O)c1ccc(N=Nc2ccc(N=Nc3cccc4ccccc34)c(S(=O)(=O)O)c2)cc1
mol_8355,O=[N+]([O-])c1ccc(N(CCS)c2ccc([N+](=O)[O-])cc2[N+](=O)[O-])c([N+](=O)[O-])c1
mol_8356,COc1ccc(C2=NOC(N)(c3ccc(OC)cc3)C2)cc1
mol_8357,CCOC(=O)c1sc2[n+](c1C)C(=O)C(=Cc1ccc([N+](=O)[O-])cc1)S2.[Cl-]
mol_8358,O=C(O)c1ccc[n+](CC(=O)c2ccc(O)c(O)c2)c1
mol_8359,CCc1cc(Cc2cc(CC)c(NC(=O)C(=O)CC(=O)c3sc(-c4cccnc4)nc3C)c(CC)c2)cc(CC)c1NC(=O)C(=O)CC(=O)c1sc(-c2cccnc2)nc1C
mol_8360,CC(=O)c1nc2ccccc2n1CC(=O)c1ccc([N+](=O)[O-])cc1
mol_8361,Cc1ccc(C(=O)C=Cc2ccc(N(C)C)cc2)cc1
mol_8362,O=C1OC2C(O)COC2(O)C1(O)C(C[N+](=O)[O-])c1ccc(Cl)cc1
mol_8363,Cc1cc(C)c(-n2[nH]c(=O)n(C)c2=O)c(C)c1
mol_8364,C=CCCCCCCCCC(=O)NCC1CC1
mol_8365,Cc1noc(C)c1C1=CCCCc2ccccc21
mol_8366,O=C(NCCSSCCNC(=O)C(Cc1ccc(O)c(Br)c1)=NO)C(Cc1ccc(O)c(Br)c1)=NO
mol_8367,O=C1C(=Cc2ccccc2)c2ccccc2N1N=Cc1ccccc1
mol_8368,COc1cc2c(cc1OC)C(C(CBr)CBr)N(C1CCCC1)CC2
mol_8369,[O-][N+]1=c2c([nH]c3ccccc23)=[O+][Cu-3]12[O+]=c1[nH]c3ccccc3c1=[N+]2[O-]
mol_8370,COc1ccc(NC(=O)c2c(N)c(C#N)c3n2CCC3)cc1
mol_8371,COc1ccc(-c2csc(=Nc3ccccc3)n2CCCN(C)C)cc1
mol_8372,C#CC(O)C=CC(O)CCCC(O)CC#CC(O)C#CCCCCC(O)C=CCCCCCC(=O)CCCCCCCCCCCCCC(O)C(O)C#CC(=O)O
mol_8373,COc1ccc(C(c2ccc(C(C)C)cc(=O)c2O)c2ccc3cccnc3c2O)cc1
mol_8374,CC(C)(C)C1CCC2(CC1)CCN(CCCN1CCOCC1)CC2
mol_8375,COC(=O)C1C(C(C)=O)CCC2C1CCC1(C)C(OC(C)=O)CCC21
mol_8376,CC(=O)NC(=O)CC(=O)c1ccccc1
mol_8377,N=C1C(=Cc2ccc(F)cc2)C(=O)N=C2SC=NN12
mol_8378,COc1ccccc1S(=O)Nc1ccccc1
mol_8379,CC(C)CC1=C(C(=O)c2ccoc2)CC(C)C1
mol_8380,CC1(c2ccc3cccc(F)c3c2)OC(=O)c2ccccc21
mol_8381,CCc1nnc2sc3c(Cl)c4nn5c(CC)nnc5sc4c(Cl)c3nn12
mol_8382,COC1=CC2(c3ccccc3)C(=CC1=O)CCN2C(=O)c1ccccc1
mol_8383,Clc1nnc(-c2ccccc2)s1
mol_8384,O=C(CC(=O)N1N=C(c2ccccc2)C(N=Nc2ccccc2Cl)C1=O)Nc1ccccc1Cl
mol_8385,C=CCC(C(=N)C(C#N)(CC=C)C1=CCCCC1)C1=CCCCC1
mol_8386,CC1(C)C=C(N2CCN(C3=CC(C)(C)NC(C)(C)C3)CC2)CC(C)(C)N1
mol_8387,COC1OC2CCN3C(=O)C(OC(=O)c4ccc([N+](=O)[O-])cc4)C1C23
mol_8388,COc1cc(C2Oc3c(OC)cc(C=CC(=O)O)cc3C2C(=O)O)ccc1O
mol_8389,Cc1ccc(C=NNS(=O)(=O)c2ccccc2)c(C)c1
mol_8390,[N-]=[N+]=CC(=O)OCC1SCCCS1
mol_8391,CCOC(=O)C12C(C)=CC(=O)OC1(C)C1C(=O)NC(=O)C12
mol_8392,c1ccc([PH]2(c3ccccc3)CC[PH]34CC[PH](c5ccccc5)(c5ccccc5)[Pt-2]32[PH](c2ccccc2)(c2ccccc2)CC4)cc1
mol_8393,c1ccc2c(c1)oc1cc3c(cc12)-n1nnnc1-c1cccn1-3
mol_8394,CC1(O)C=CC(=O)C=C1
mol_8395,CN(C)c1ccc(N=Nc2cccc3ncccc23)cc1
mol_8396,COc1ccc(N(C)Sc2ccccc2)cc1
mol_8397,CCN(CC)c1ccc(N=Nc2ccc(-c3nc4cccnc4s3)cc2)cc1
mol_8398,NC(=O)C(F)(F)C(N)=O
mol_8399,COc1cc(C=CC(C)=O)ccc1OP(=O)(O)O
mol_8400,N=C1NN(c2ccccc2)C(=O)C1C(=O)C(=O)Nc1nccs1
mol_8401,COc1ccc2c(c1)OCC1c3cc(O)c4c(OCc5ccccc5)cccc4c3OC21
mol_8402,Cc1cccc(N=NC(=NNC(=O)c2cc(Cl)ccc2O)c2ccc(N(CCC#N)CCC#N)cc2C)c1
mol_8403,CN(C)CCCNc1cc[n+](C)c2cccc([N+](=O)[O-])c12.Cl.[Cl-]
mol_8404,CC(C)(C)C(=O)C(C(=O)c1ccccc1)C(=O)C(C)(C)C
mol_8405,Cc1nc(C)c(N2CCN(C(=O)O)CC2)c(O)n1
mol_8406,OCC1C2C=CC(O2)C1CO
mol_8407,CC(C)C=NN1C(N)=C(C#N)C(C#N)(C#N)C1C(C)C
mol_8408,O=C(NC(Cl)(C(F)(F)F)C(F)(F)F)c1ccc(F)cc1
mol_8409,CC1(N2CCOCC2)CC2C(=NO)CCCC2=[N+]1[O-]
mol_8410,CC1(C)CC23C4COC(=O)C2CCC1C3CC4=O
mol_8411,Clc1ccc(CSc2ccc3nncc(SCc4ccc(Cl)c(Cl)c4)c3c2)cc1Cl
mol_8412,CC(=O)Oc1cc(OC(C)=O)c(CC=C(C)C)c(-c2cc3ccc(OC(C)=O)c(CC=C(C)CCC=C(C)C)c3o2)c1
mol_8413,c1ccc(-n2nc3ccc4nonc4c3n2)cc1
mol_8414,CC(=O)Nc1ccc(S(=O)(=O)NN=C(C)CN2C(=O)c3ccccc3C2=O)cc1
mol_8415,CCc1cccc(C(C)C)c1NC(=O)C(=O)Nn1c(=S)[nH]c2ccccc2c1=O
mol_8416,COC(=O)c1nc(-c2ccc3c(n2)C(=O)C(N)=C(OC)C3=O)c(N)c(-c2ccc(OC)c(OC)c2O)c1C
mol_8417,O=S(Cc1cnc2ccccc2c1)c1nc2ccccc2nc1-c1cccs1
mol_8418,O=[N+]([O-])c1ccc(CNC2=NN=S(=O)(O)c3ccccc32)cc1
mol_8419,N#CC(c1ccccc1)N(CCc1ccccc1)C(=O)c1ccc(C(=O)N(CCc2ccccc2)C(C#N)c2ccccc2)cc1
mol_8420,CCC(=O)NC(Nc1ccc(O)cc1)(C(F)(F)F)C(F)(F)F
mol_8421,C[N+]1(Cc2ccccc2)CC12CCCCC2.[O-][Cl+3]([O-])([O-])O
mol_8422,COc1ccc(NC=CC2=[N+](C)c3ccccc3C2(C)C)c(OC)c1.[Cl-]
mol_8423,CC(=O)OC(C=Cc1ccccc1)=C(OC(C)C)C1=C(c2ccccc2)SCCCSC1=O
mol_8424,CSC1=Nc2cc3c(cc2C(=O)N2CC(O)CC12)OCO3
mol_8425,CC1(C)C2CC1C(CCCCCC1c3cc(-c4ccccn4)ncc3C3CC1C3(C)C)c1cc(-c3ccccn3)ncc12
mol_8426,COc1c2c(cc3c1OCO3)C13C=CC(OC)CC1N(CC3)C2.[O-][Cl+3]([O-])([O-])O
mol_8427,COC(=O)C1C(=O)C(C(=O)OC)C2CCC1N2C
mol_8428,O=C1C=C(Nc2ccccc2C(=O)CC(=O)C(=O)Nc2ccc(Cl)cc2)c2ccccc2C1=O
mol_8429,COc1cc2c(cc1OC)NC(C)=CC(C)=N2
mol_8430,COC(=NN=Cc1ccc(Cl)c(Cl)c1)c1ccncc1
mol_8431,c1cc2c(c(CC3CO3)c1CC1CO1)OCCOCCOCCOCCO2
mol_8432,Cc1ccnc(NC(NC(=O)c2ccccc2)(C(F)(F)F)C(F)(F)F)c1
mol_8433,N#CCCN(CCCN(C(=O)Nc1ccc(NC(=O)N(CCCN(CCC#N)C(N)=O)c2ccccc2)cc1)c1ccccc1)C(N)=O
mol_8434,O=c1c2ccccc2oc2c1ccc1ncccc12
mol_8435,CCN(CC)CC1CCCCN1CC(=O)N1c2ccc(Br)cc2C(=O)Nc2cccnc21
mol_8436,NC(=O)c1cc(-c2ccc(-n3ccnc3)cc2)nnc1O
mol_8437,CCNC(=S)NN=C(C)c1cccc(C)n1
mol_8438,O=c1c(SCc2ccc(Cl)cc2)c(N2CCCCC2)cnn1-c1ccccc1
mol_8439,CCSC1=[N+](SCC)CCCS1
mol_8440,Cc1cc(NS(=O)(=O)c2ccc(N=Nc3c(N)n(C)c(=O)n(C)c3=O)cc2)nc(C)n1
mol_8441,O=C1C(=Cc2ccc3c(c2)OCO3)Sc2scc(-c3ccc(O)c(O)c3)[n+]21.[ClH2+]
mol_8442,COC(=O)C=Cc1ccc(Cl)cc1
mol_8443,Cc1ccc(Cl)c(-c2nc3cc(Cl)c(Cl)cc3[nH]2)c1
mol_8444,O=C(Nc1ccc(Cl)cc1)c1cc2cc(N=Nc3ccc(Br)cc3)ccc2oc1=O
mol_8445,COc1ccccc1NC(=O)CC(=O)N1N=C(c2ccccc2)C(N=Nc2ccc(Cl)cc2)C1=O
mol_8446,O=C(c1ccco1)C1CC(c2c(O)ccc3ccccc23)=NN1
mol_8447,CCOC(=O)c1oc2c(OC)ccc3c2c1CCC3
mol_8448,COc1ccc(S(=O)(=O)n2c3c(c4ccccc42)C2C(CCCN2C(=O)CS(=O)c2ccc(C)cc2)C(Cl)C3)cc1
mol_8449,COC1=CC(=O)C(C#CCOCc2ccccc2)=CC1=O
mol_8450,CCc1nc(N)c2nc(-c3ccc(C#N)cc3)oc2n1
mol_8451,Cc1ccc(-c2n[nH]c(Cc3nc(-c4ccc(C)cc4)n[nH]3)n2)cc1
mol_8452,CC1=C(C(=O)NCc2ccccc2)C(c2ccc(N(C)C)cc2)C(C(=O)NCc2ccccc2)=C(C)N1
mol_8453,OCC1SC(c2ccccc2)CC1O
mol_8454,CC1(C)OC2CC3CC(OC3=O)C2O1
mol_8455,CC1=C(C)CC2(SC1)C(=O)c1ccccc1C2=O
mol_8456,CC(=O)Oc1c(C)cc2c(c1C)C(C)CN2C(C)=O
mol_8457,CCN(CC)CCN1C(=O)c2cccc3cc(N)cc(c23)C1=O
mol_8458,CC(C)(Oc1ccc(Cl)cc1)C(=O)N(C(=O)N1CCCCC1)c1ccccc1
mol_8459,c1ccc2c(c1)c1c(n2CCOCCN2CCOCC2)CCCC1
mol_8460,O=C(c1nsc(Cl)c1Cl)N1CCCCC1
mol_8461,O=[N+]([O-])c1cc(-c2nnc(C34CC5CC(CC(C5)C3)C4)o2)cc([N+](=O)[O-])c1
mol_8462,Cc1cc(C)nc(NC(=O)Nc2ccccc2)c1
mol_8463,O=S(=O)(c1ccc(NC(=S)Nc2ccccc2)cc1)c1ccc(NC(=S)Nc2ccccc2)cc1
mol_8464,C=C1CC(Cn2ccc(=O)[nH]c2=O)(c2ccc(-c3ccccc3)cc2)OC1=O
mol_8465,CC(C)CCCC(C)C1CCC2C3CC(OS(=O)(=O)O)C4CC(O)CCC4(C)C3CCC12C.[NaH]
mol_8466,CC(C)(C)OC(=O)NC1CC2(C=C(Cl)C(=O)C(Cl)=C2)OC1=O
mol_8467,O=C(NCCc1c(-c2ccccc2)[nH]c2ccccc12)C(F)(F)F
mol_8468,COC(=O)c1c(C)cccc1C1CN=NC12Cc1ccc(C)c(C)c1C2=O
mol_8469,CN(N)N=Nc1[nH]cnc1[N+](=O)[O-]
mol_8470,COCN1C(=O)C2CCCN2C(=O)c2cc(N)ccc21
mol_8471,COC1C=CC=C(C)C(=O)Nc2cc3nc4ccc(Br)cc4oc-3c(c2=O)CC(C)CC(OC)C(O)C(C)C=C(C)C1OC(N)=O
mol_8472,O=C1NC2C3CC(c4ccccc43)C12
mol_8473,c1ccc(SC2(Sc3ccccc3)CCCCCCCCCCC2)cc1
mol_8474,COc1c(C)c(CC=C(C)CCC=C(C)CCC=C(C)C)c(OC)c(OC)c1OC
mol_8475,COc1ccc2c(c1)C13CCCC(C)(C(=O)NC1)C3CC2
mol_8476,CCC1OC(=O)CC(O)C(C)C(OC2OC(C)CC(N(C)C)C2O)C(CC=O)CC(C)C(=O)C=CC2(C)OC2C1C
mol_8477,O=CC(=O)C(C(=O)O)[N+](=O)[O-].[NaH]
mol_8478,CCCCCCNC(=O)CCN(C(=O)O)S(=O)(=O)c1ccc(NC(=O)c2ccccc2)cc1
mol_8479,O=S(CCCl)c1c2ccccc2nc2ccccc12
mol_8480,CC(=O)OC1COC(Nc2[nH]c(=N)n(C)c(=O)c2N=O)C(OC(C)=O)C1OC(C)=O
mol_8481,CCOC(=O)c1nc(-c2ccccc2)c(-c2ccccc2)c(-c2ccccc2)c1C
mol_8482,c1csc(-c2cc(-c3ccsc3)cs2)c1
mol_8483,Cl.NC1CC(=O)c2cc(Br)sc21
mol_8484,CCOC(=O)C1=CNC(=C(C)C(=O)OC)SC1C(=O)OCC
mol_8485,CC1(C)OC2OC(CO)C(N)C2O1
mol_8486,CCc1c2c(cc3c1CC1(C3)Cc3cc4c(c(C(=O)OC)c3C1)CCCC4)CCCC2
mol_8487,CCC=C(C(=CCC)[N+](=O)[O-])[N+](=O)[O-]
mol_8488,C1=CC2=[N+]3C1=C(c1ccncc1)C1=CC=C4C(c5ccncc5)=C5C=CC6=[N+]5[Zn-2]3([NH+]14)[NH+]1C(=C2c2ccncc2)C=CC1=C6c1ccncc1
mol_8489,COc1cc(C(C[N+](=O)[O-])SC(C)=O)ccc1OCc1ccccc1
mol_8490,Nc1nc(N)c2cc(Sc3ccc4nc(N)nc(N)c4c3)ccc2n1
mol_8491,COC(=O)c1cccc(OC)c1C#Cc1c(OC)cccc1OC
mol_8492,COc1ccc(-c2c(C(=O)Nc3ccccc3)c(-c3ccccc3)n(C3OC(CO)C(O)C(O)C3O)c(=S)c2C#N)cc1
mol_8493,C[N+]12C=CC=C1C(N1CCCC1)c1scc(-c3ccccc3)c12.[I-]
mol_8494,Cc1cn(C2C=CC(CO)(C(F)(F)F)O2)c(=O)[nH]c1=O
mol_8495,COC1C(OC(=O)c2ccc(C)[nH]2)C(O)C(Oc2ccc3c(O)c(NC(=O)c4ccc(O)c(CC=C(C)C)c4)c(=O)oc3c2Cl)OC1(C)C
mol_8496,COc1c(Br)cc(C=C(C#N)c2ccccn2)cc1Br
mol_8497,N#CC1=C(N)n2c(sc(=Cc3ccc(Cl)cc3)c2=O)=C(c2nc3ccccc3[nH]2)C1c1ccc(Cl)cc1
mol_8498,CNC(=O)OC(C)CN1c2ccccc2Sc2ccc(Cl)cc21
mol_8499,CN1c2ccccc2C(=O)NC12CCN(CCCC(=O)c1ccc(F)cc1)CC2.Cl
mol_8500,CC=CC(=O)[OH+][Co-4](N)(N)(N)(N)[OH+]C(=O)C=CC.[O-][Cl+3]([O-])([O-])O
mol_8501,Cc1cc(-c2ccccc2)oc(=O)c1NC(=O)c1cnccn1
mol_8502,NC(=S)NN=C1C(=O)N(CCc2ccccc2)C(=O)C1C(=O)NCCc1ccccc1
mol_8503,CC12CC(OC(=O)C1(C)O)C(C1(O)CCC3C4CC5OC56CC=CC(=O)C6(C)C4CCC31C)C2
mol_8504,COC(=O)CCSC(=O)Nc1ccccc1Cl
mol_8505,COc1ccc(-c2nc3ccccc3c(=S)n2OC(C)=O)cc1
mol_8506,CCOC(=O)C=CSCCCC(=O)O
mol_8507,Cn1c(=O)cc(N=Nc2ccc(Cl)c(Cl)c2)[nH]c1=O
mol_8508,C1CCNCC1.S=C(S)N1CCCCC1
mol_8509,CC1=Nc2ccccc2N=C(C)C1
mol_8510,CC1C(NNc2ccccc2)Oc2cc3c(cc2C1c1ccccc1O)OCO3
mol_8511,COC(=O)c1cc2c(=NO)c3ccccc3sc2o1
mol_8512,Cc1ccc(S(=O)(=O)CC2(Br)CCc3ccccc3C2=O)cc1
mol_8513,O=C(NC(=Cc1ccc(C=C(NC(=O)c2ccccc2)c2nc3c(O)nc(S)nc3[nH]2)cc1)c1nc2c(O)nc(S)nc2[nH]1)c1ccccc1
mol_8514,Cn1c2ccccc2c2nnc(-n3nc(-c4ccc(Br)cc4)cc3N)nc21
mol_8515,O=C1CCCCC(=O)Nc2ccccc2-c2ccccc2N1
mol_8516,CCOC(=O)C1N(S(=O)(=O)c2ccc(C)cc2)CCC12C(c1ccc(OC)c(OC)c1)=Nc1ccccc12
mol_8517,CC(=O)N1C(C(=O)O)CSC1c1ccc(F)cc1
mol_8518,CN(CCN(C)CC(=O)O)CC(=O)O
mol_8519,CCOC(=O)c1ccc(-c2cccs2)[nH]1
mol_8520,CC1CC(=O)C2CCCC1C2=O
mol_8521,COC(=O)C1(NC(=O)C(CC(=O)OCc2ccccc2)NC(=O)OC(C)(C)C)CC1
mol_8522,Cc1cc(=O)oc2c1ccc1occc(=O)c12
mol_8523,CC1=NN(C(=O)Cc2ccccc2)C(=O)C1=Cc1ccccc1O
mol_8524,CCOC(=O)c1nc2ccccc2nc1Oc1ccc(C#N)cc1
mol_8525,CC(C)C=Nn1c(N)c(C#N)c(C#N)c1C(C)C
mol_8526,Nc1nc(N)nc(CC(=O)O)n1
mol_8527,CN(N)c1cnn(-c2ccccc2)c(=O)c1Cl
mol_8528,[O-][Ti-2]12([O-])([O+]=C(c3ccccc3)[CH-]C(c3ccccc3)=[O+]1)[O+]=C(c1ccccc1)[CH-]C(c1ccccc1)=[O+]2
mol_8529,COc1cc(CNc2cnc3cc(N)ccc3n2)cc(OC)c1OC
mol_8530,CN(C)c1ccc(C(C#N)NNC(=O)Cc2ccccc2)cc1
mol_8531,c1ccc2sc(SSSc3nc4ccccc4s3)nc2c1
mol_8532,C=C(Br)CNC(=O)Nc1ccccn1
mol_8533,N=c1[nH][nH]c(=N)[nH]1
mol_8534,N#CC(=Cc1ccsc1)C(=O)c1ccccc1
mol_8535,Cc1cc(Br)c2nsnc2c1[N+](=O)[O-]
mol_8536,O=C(O)CC[N+]1=CCC(c2ccccc2)(c2ccccc2)O1
mol_8537,CC12CCCCC1C(=O)C2(Cl)Cl
mol_8538,Cc1ccc(F)cc1NC(=O)ON=C(Cl)C(C)C
mol_8539,CS(=O)(=O)N1CC(CCl)c2ccc(S)cc21
mol_8540,CCOC(=S)SCCSC
mol_8541,C=C1C(=O)OC2C1CCC(C)C1CCC(=O)C12C
mol_8542,COc1cc(C=C2CCS(=O)(=O)c3ccc(C)cc3C2=O)cc(OC)c1OC
mol_8543,CC(C)COC(=N)c1ccccc1C1(O)CCCCC1
mol_8544,O=C1CCCN(Cc2ccccc2)C(=O)N1
mol_8545,NCCN1C(=O)C2C3c4ccccc4C(c4ccccc43)C2C1=O
mol_8546,C[N+](C)(C)c1cc2c(nn1)Nc1ccccc1S2
mol_8547,OCCN(CCO)CN(CO)c1nc(N(CO)CN(CCO)CCO)nc(N(CO)CN(CCO)CCO)n1
mol_8548,O=C(C=Nc1ccccc1S)c1cccs1
mol_8549,CCN1CC2(C)CCC(OC)C34C5CC6C(OC)CC7(OCOC7(C(OC(C)=O)C23)C14)C5C6OC
mol_8550,c1ccc2c(c1)Cc1cn3c(nc1-2)nc1ccccc13
mol_8551,CNc1ccc2nc(O)ccc2c1[N+](=O)[O-]
mol_8552,COC(=O)CCC(NC(=O)OC(C)(C)C)C(=O)NC(Cc1ccc([N+](=O)[O-])cc1)C(=O)NCC(=O)OCc1ccccc1
mol_8553,CC(=O)N(C(C)=O)c1c(N)n(C)c(=O)[nH]c1=O
mol_8554,CC(C)C(Cl)=NOC(=O)Nc1ccc(OC(F)(F)F)cc1
mol_8555,COc1ccc(-n2nnc(C(N)=O)c2O)cc1.[NaH]
mol_8556,CCN1CCC(O)(c2ccc(Oc3ccccc3)cc2)C(C(=O)c2ccc(Oc3ccccc3)cc2)C1.Cl
mol_8557,O=C1CCC2c3ccccc3NCN12
mol_8558,CC(C=Cc1ccccc1)=NNS(=O)(=O)c1ccc([N+](=O)[O-])cc1
mol_8559,O=C1C(=Cc2ccc(Cl)cc2)CNCC1=Cc1ccc(Cl)cc1
mol_8560,O=C1CCC2CN3CCc4c([nH]c5ccccc45)C3CC2C1
mol_8561,COc1ccccc1Nc1nc(NNC(=O)Cc2ccccc2)nc(NNC(=O)c2ccncc2)n1
mol_8562,CCc1c(Cc2ccccc2)n(COCCO[Si](C)(C)C(C)(C)C)c(=O)[nH]c1=O
mol_8563,CCCCOC(=O)OC1CCC2(C)CC3C=CC2(OO3)C1(C)C
mol_8564,CC(=O)Nc1cccc2cc(S(=O)(=O)O)ccc12
mol_8565,Br.C(=Cc1ccc(-c2cn3cc(C=CC=NNC4=NCCCN4)ccc3n2)cc1)C=NNC1=NCCCN1
mol_8566,O=C1NC2CC1C(O)C2O
mol_8567,COC(=O)C(C(=O)c1ccccc1)C(C(=O)C(=O)Nc1ccc(OC)cc1OC)C(=O)C(=O)c1ccc(C)cc1
mol_8568,Cc1cc(C(=O)c2ccccc2)c2oc(-c3ccccc3)c(Cl)c(=O)c2c1
mol_8569,COC(=O)Cc1cccc2c1CCC2=O
mol_8570,CCC1=NC(C(F)(F)F)(C(F)(F)F)N=C(NC(=N)N(C)C(C(C)C)P(=O)(OC(C)C)OC(C)C)O1
mol_8571,CCOC(OC1=CCCC1)C(C)[Se]c1ccccc1
mol_8572,c1ccc(N=C2c3ccccc3C3=NCCCN32)cc1
mol_8573,COC(=O)C(C#N)C1NC(=O)c2ccccc21
mol_8574,Cc1nc2cc(Cl)cc(N)c2nc1C
mol_8575,CC(c1ccccc1F)=[N+]1[N-]C(N)=[S+][Pt-2]12[S+]=C(N)[N-][N+]2=C(C)c1ccccc1F
mol_8576,Sc1ncc(-c2cncc(-c3cnc(S)nc3)n2)cn1
mol_8577,O=S(=O)(O)CC(O)CSSCC(O)CS(=O)(=O)O
mol_8578,CCN(CC)Cc1nc(C2CCC([N+](=O)[O-])O2)no1
mol_8579,C#CCNC(=O)NC(CCCCNC(=O)OCc1ccccc1)C(=O)OCc1ccccc1
mol_8580,NS(=O)(=O)c1ccc(NC2=CC(=O)C(=O)c3ccccc32)cc1
mol_8581,c1ccc(-c2c(-c3ccccc3)c2=NN(c2ccccc2)c2ccccc2)cc1
mol_8582,C=C1C(=O)OC2CC(C)C3(O)C=C(C(C)=O)C4(OC3CC12)C(=O)OC1CC(C)C(C=CC(C)=O)=CCC14
mol_8583,Cc1ccc(OC2CC(n3cnc4c(O)nc(Br)nc43)OC2Oc2ccc(C)cc2)cc1
mol_8584,Cn1c(CCC2(C)Cc3ccccc3C(=O)O2)cc2ccccc2c1=O
mol_8585,COc1cc2c(cc1O)C1Cc3cc(OC)c(OC)cc3C(C2)N1C
mol_8586,CC1(C)OC2(C)CCC1C(O)C2N1CCCCC1
mol_8587,C=CCC1(C2=C(C)C(=O)c3ccccc32)CCCS1
mol_8588,Br.O=C1C(CN2CCCCC2)CCCC1CN1CCCCC1
mol_8589,O=C(Nc1ccn(CCO)c(=O)n1)c1ccccc1
mol_8590,CCOC(=O)N1CCC2(CC1)CC(Sc1ccccc1)(C(C)=O)C(C)O2
mol_8591,COc1ccc(OC)c(CSc2ccc(OC)c(OC)c2)c1
mol_8592,COC(=O)c1cc(C)ccc1CC(Cc1cccc(C)c1)C(=O)OC
mol_8593,CC(C)(C)NN=C(C(=O)Nc1nc(=S)[nH][nH]1)C1C(=O)Nc2ccccc2S1=O
mol_8594,COc1c(C2=NC(C(C)C)CO2)ccc2ccccc12
mol_8595,CCOC(=O)c1ccc(CS(=O)(=O)c2ccccc2C(=O)OCC)cc1
mol_8596,O=C1OC(C2Cc3ccc4c(c3C2=O)CCC4)c2ccccc21
mol_8597,C1=CC2=[N+]3C1=C(c1ccccc1)C1=CC=C4C(c5cc[n+]([Pt-2]([n+]6ccc(C7=C8C=CC9=[N+]8[Zn-2]8%10[N+]%11=C(C=CC%11=C(c%11ccccc%11)C%11=CC=C7[NH+]%118)C(c7ccccc7)=C7C=CC(=C9c8ccccc8)[NH+]7%10)cc6)([n+]6ccc(C7=C8C=CC9=C(c%10ccccc%10)C%10=[N+]%11C(=C(c%12ccccc%12)C%12=CC=C%13C(c%14ccccc%14)=C%14C=CC7=[N+]%14[Zn-2]%11([NH+]%12%13)[NH+]98)C=C%10)cc6)[n+]6ccc(C7=C8C=CC9=C(c%10ccccc%10)C%10=[N+]%11C(=C(c%12ccccc%12)C%12=CC=C%13C(c%14ccccc%14)=C%14C=CC7=[N+]%14[Zn-2]%11([NH+]%12%13)[NH+]98)C=C%10)cc6)cc5)=C5C=CC6=[N+]5[Zn-2]3([NH+]14)[NH+]1C(=C2c2ccccc2)C=CC1=C6c1ccccc1.O=S(=O)([O-])C(F)(F)F
mol_8598,CC(=O)OC12CC[N+]3(C)CCCCC3C1=Nc1ccccc12
mol_8599,O=C(O)C1C(C(=O)O)C2C3C4C1C1C2C3C41
mol_8600,O=C(NC1=NC2C=CC([N+](=O)[O-])=CC2S1)C(=O)Nn1c(=S)[nH]c2ccccc2c1=O
mol_8601,c1cncc(C2N3CCCCC3C3c4[nH]c5ccccc5c4CCN32)c1
mol_8602,CC(=O)Oc1c(C(C)C)cc2c(c1OC(C)=O)CC1(C)OC(=O)CC(C)(C)C1(OC(C)=O)C=C2
mol_8603,Cn1c2ccccc2c(=O)c2[nH]c3ccccc3c21
mol_8604,Cc1c(C(=O)O)n2cnnc2c2ccccc12
mol_8605,CCS(=O)(=O)c1cc(O)nc(O)n1
mol_8606,CCP1(=S)OC(C)CCN1C(C)C
mol_8607,CNc1ccc(Cl)cc1S(=O)(=O)c1ccccc1
mol_8608,N#CCC(=O)NN=CC(O)C(O)C(O)C(O)CO
mol_8609,N#CN1CCC=C(c2cc3ccccc3[nH]2)C1
mol_8610,Clc1ccc(Cl)c(-c2nc3ccccc3[nH]2)c1
mol_8611,Cc1ccc2cccc(-c3cccc4ccccc34)c2n1
mol_8612,COc1cccc(NC(=O)CC(=O)Nc2cccc(OC)c2)c1
mol_8613,Br.NCCC1([N+](=O)[O-])CCNCC1
mol_8614,COC1(C)C(=O)N2C1N(C(=O)OCc1ccccc1)CC2(C)C
mol_8615,CCCn1c(SCC)c2cc3cc4ccccc4cc3cc2c1-c1nc(F)nc(F)n1
mol_8616,O=C(O)c1ccc(CS(=O)c2ccc([N+](=O)[O-])cc2)c([N+](=O)[O-])c1
mol_8617,N#Cc1nc(Cc2ccccc2)oc1N
mol_8618,CCCCOC(=O)C1CC2OC2CC1C(=O)OCCCCOC(=O)C1CC2OC2CC1C(=O)OCCCC
mol_8619,O=[N+]([O-])c1ccccc1Nc1ccccc1[N+](=O)[O-]
mol_8620,CCOC(OCC)(OCC)C(Br)CC
mol_8621,O=c1[nH]c2ccccc2c(=O)c2cc3ccccc3cc12
mol_8622,Cn1c(=O)sc2cc(C(=S)N3CCC(Cc4ccccc4)CC3)ccc21
mol_8623,CN1CCN(CCSc2nccc(-c3cc4ccccc4s3)n2)CC1
mol_8624,CCCCCCCc1cc(OC(=O)c2c(C)cc(OC)cc2O)cc(O)c1C(=O)O
mol_8625,COc1ccccc1NC(=O)CC(=O)n1nc(-c2ccccc2)c(N=Nc2ccccc2[N+](=O)[O-])c1-c1ccccc1
mol_8626,COC(=O)C(C#N)=CNC(=S)C(N)=S
mol_8627,CSc1nnc(N(C(C)C)C(C)C)c2nc[nH]c12
mol_8628,CC1(CC(=O)OC(C#C[Si](C)(C)C)Cc2ccccc2)OCCO1
mol_8629,C=CC1=CC2(O[Si](C(C)C)(C(C)C)C(C)C)CCC1C(COCc1ccccc1)C2C(=O)O
mol_8630,Cc1ccc(Sc2ccccc2N)cc1.Cl
mol_8631,O=C(O)CS[As]1SCCS1
mol_8632,O=C(C=Cc1ccccc1-c1ccccc1)c1ccccc1
mol_8633,O=CNc1ccc(S(=O)(=O)c2ccc(NC=O)cc2)cc1
mol_8634,Cn1c2ccccc2n2c3ncccc3c(=O)c(C#N)c12
mol_8635,CCOC(=O)C(=Cc1cccc(F)c1)C(=O)OCC
mol_8636,CCOC(=O)c1nc2ccccc2nc1Oc1cc(OC)c(OC)c(OC)c1
mol_8637,COc1ccccc1N1C(=O)C(=Cc2cccc(Oc3ccccc3)c2)SC1c1ccccc1
mol_8638,O=S(=O)(O)CCO
mol_8639,O=C(Nc1ccc(Cl)cc1C(=O)O)c1ccc([N+](=O)[O-])cc1
mol_8640,Nc1nc(N)c(-c2ccccc2)c(CCC(=O)Nc2ccc(Cl)cc2)n1
mol_8641,Cc1nn(C(=O)c2ccc(Cl)cc2)c2c1C(c1ccccc1O)SC(=N)N2
mol_8642,O=C(O)c1cccc(S(=O)(=O)NN2C(=O)CSC2c2c(O)ccc3ccccc23)c1
mol_8643,CN1CCN(CCCN2CC(=O)N3Cc4ccccc4CN3C(=O)C2)CC1
mol_8644,O=C1NC(=O)C(=Cc2cccnc2)C(=O)N1
mol_8645,CN(C(=O)Cc1ccccc1)n1cnn(CC(=O)OC(C)(C)C)c1=S
mol_8646,O=[N+]([O-])c1ccc(C2=Nn3c(nnc3-c3ccccc3)SC2)o1
mol_8647,Cc1ccc(S(=O)(=O)NN=C2CC3C4C=CC3C2C4)cc1
mol_8648,N#Cc1ccc(N=C(NCC(=O)O)Nc2ccc3ccccc3c2)cc1
mol_8649,CCCC(=O)OC(C(Cl)(Cl)Cl)P(=O)(OC)OC
mol_8650,CCOC(=S)C=Cc1ccccc1
mol_8651,C[N+]1(C)CC[PH](c2ccccc2)(c2ccccc2)[Pd-2]12[N+](C)(C)CC[PH]2(c1ccccc1)c1ccccc1.[Cl-]
mol_8652,CC(C)c1cccc(C(C)C)c1NC(=O)C(CC(=O)CC(c1ccccc1)c1c(O)c2ccccc2oc1=O)=NO
mol_8653,COC(=O)C=C(C(=O)OC)C1=C[NH+]([Ir-3]([ClH+])([PH](C)(C)C)([PH](C)(C)C)[PH](C)(C)C)c2ccccc21
mol_8654,CC(=O)Nc1ccc(S(=O)(=O)Nc2ccc(S(=O)(=O)c3ccc(-n4sc5ccccc5c4=O)cc3)cc2)cc1
mol_8655,C(#CCN1CCCCCC1)CN1CCCCCC1
mol_8656,CCOC(=O)C1N(S(=O)(=O)c2ccc(C)cc2)CCC12c1ccccc1N(C(C)=O)C2C(C=CC(=O)OC)=CC(=O)OC
mol_8657,COC(=O)c1c(C(=O)OC)c2c(C)nn3ccc1n23
mol_8658,NC(=O)NNc1nc2ccccc2c(=O)n1NC(=O)C(=O)Nc1ccc(Cl)cc1Cl
mol_8659,COc1ccc(C=CCOC(C)=O)cc1OC
mol_8660,Cc1oc2c(c1C)S(=O)(=O)C(C#N)=C(c1ccccc1)N2
mol_8661,CCCSP(SCCC)SCCC
mol_8662,Cc1cc2c(O)c(c1)CN(Cc1ccccc1)Cc1cc(C)cc(c1O)CN(Cc1ccccc1)Cc1cc(C)cc(c1O)CN(Cc1ccccc1)C2
mol_8663,NNc1nnc(CCCCCCCCc2nnc(NN)n2N)n1N
mol_8664,OC(c1ccc(F)cc1)C(F)(F)c1nc2ccccc2o1
mol_8665,O=C(O)CN1CCN(CC(=O)O)CCN(CC(=O)O)CC1
mol_8666,O=C1NC(=O)c2c3ccc(c21)CCc1ccc(c2c1C(=O)NC2=O)CC3
mol_8667,N=C(CS)NC1CCCCC1
mol_8668,CCOC(=O)C(C(CC(=O)OC)NC(=O)OCc1ccccc1)C1(C)OCCO1
mol_8669,CCOc1ccc(NC(=O)C(=O)CC(=O)c2c[n+]([O-])c3cc(C)c(C)cc3[n+]2[O-])cc1
mol_8670,CC1N=C(c2ccccc2)OC1=O
mol_8671,Cc1nc(O)c2ncn(CCO)c2n1
mol_8672,COc1cc(NC=O)c2c(c1)SC(c1ccccc1)C(=O)N2
mol_8673,C#CCN(N=O)C(=O)NC(CCCNC(=O)OCc1ccccc1)C(=O)OCc1ccccc1
mol_8674,CN(C)CC[N+](C)(C)[B+][C-](O)O
mol_8675,COc1cc2ccnc(-c3c4ccccc4c(N)c4c(OC)c(OC)ccc34)c2cc1OC
mol_8676,CCOC(=O)c1sc(SSc2sc(C(=O)OCC)c(C)c2[N+](=O)[O-])c([N+](=O)[O-])c1C
mol_8677,CC(C)C1=CC23CCC4C(C)(C(=O)O)CCCC4(C)C2CC1C1C(=O)N(CCCCCCN2C(=O)C4C5CC6C7(C)CCCC(C)(C(=O)O)C7CCC6(C=C5C(C)C)C4C2=O)C(=O)C13.[NaH]
mol_8678,COC(N)=C(C#N)N=Cc1ccco1
mol_8679,O=C1C(CN(Cc2ccccc2)Cc2ccccc2)CCCC1CN(Cc1ccccc1)Cc1ccccc1
mol_8680,COc1ccc(CCNC(=O)CCc2ccccc2CO)cc1OC
mol_8681,O=S1(=O)CC(c2ccccc2)(c2ccccc2)Nc2ccccc21
mol_8682,[O-][n+]1cn[n+]([O-])c2ccccc21
mol_8683,Cc1oc2c(C)c3oc(=O)cc(C)c3cc2c1CO
mol_8684,CCCCc1ccc(Nc2ncc3nc[nH]c3n2)cc1
mol_8685,CC(=O)c1sc2c(c1OC(=O)c1ccccc1)c(=O)n(-c1ccccc1)c(=S)n2-c1ccccc1
mol_8686,O=C1c2ccccc2C(=O)N1Cc1ccccc1
mol_8687,COc1c(Cl)cc(C(=Cc2c(F)c(F)c(F)c(F)c2F)c2cc(Cl)c(OC)c(C(=O)O)c2)cc1C(=O)O.N
mol_8688,COc1ccc(NC(C)=O)cc1N1C(=O)C(=Cc2cccc(Oc3ccccc3)c2)S(=O)(=O)C1c1ccccc1
mol_8689,CC(=O)N1CCN(CCCCN2c3ccccc3Sc3cc(N=[N+]=[N-])ccc32)CC1
mol_8690,COc1cc2oc(-c3ccccc3)cc(=O)c2c(O)c1C
mol_8691,C[PH](C)(C)[Ir+3]123([PH](C)(C)C)([PH](C)(C)C)C4=C1CCC2=C3CC4.[Cl-]
mol_8692,COc1ccc(-n2c(C)nc3ccc(NC(=S)Nc4ccccc4)cc3c2=O)cc1
mol_8693,COC1C2=CC=CC=CC2n2c(=O)n(C)c(=O)n21
mol_8694,COc1ccc(N2C(=O)C3c4[nH]c5cccc(C)c5c4C4CCC(C(C)(C)C)CC4C3C2=O)cc1
mol_8695,O=C(NC1C=Nc2ccc(Cl)cc2NC1=O)c1ccc(Cl)cc1
mol_8696,CSc1ncc2c(C#N)c3sc4ccccc4n3c(=O)c2n1
mol_8697,O=C1c2cccc(O)c2C(=O)c2c(O)cccc21
mol_8698,Cc1ccc(N=NN(C)C(C)C(O)Cc2ccccc2)cc1
mol_8699,Cc1cc(C)nc(NS(=O)(=O)c2ccc(Nc3c4ccccc4nc4c(C(=O)Nc5ccc(S(N)(=O)=O)cc5)cccc34)cc2)n1
mol_8700,CCOC1(OCC)CS(=O)(=O)C1c1ccc([N+](=O)[O-])cc1
mol_8701,O=S1(=O)OCCOS(=O)(=O)C1C1c2ccccc2-c2ccccc21
mol_8702,O=c1c(-c2cccc(O)c2)coc2cc(O)c(O)cc12
mol_8703,CCC(C)N1CN(c2ccccc2)C2(CCN(CCCSc3ccc(F)cc3)CC2)C1=O.Cl
mol_8704,CCOC1[C-]([Fe+2]2345(C#[O+])(C#[O+])C6=C2[C-]3C4=C65)CC2(C)C(=O)C3=C4C5=C(C12)[Fe]345(C#[O+])(C#[O+])C#[O+]
mol_8705,CN(C)CC(=O)N1CCc2c([nH]c3ccccc23)C1c1cccnc1
mol_8706,O=C1C2C=CC(C3C=CC2N(Cc2ccccc2)C3=O)N1Cc1ccccc1
mol_8707,Cc1ccc(-n2c(=O)c3nn4c(=O)n(-c5ccc(C)cc5)c(=O)c4nn3c2=O)cc1
mol_8708,COc1cc2c(c([N+](=O)[O-])c1)NC(=O)C(C)S2
mol_8709,CCOC(=O)c1cnc2c(cnn2CC)c1NN=C(C)C
mol_8710,N=c1ccn(C2CSC(CO)O2)c(=O)[nH]1
mol_8711,COc1ccc(OC)c(NC(=O)C(=O)C(C(C)=O)c2nc3ccc(Cl)cc3nc2O)c1
mol_8712,CC(CNC(=O)CCC(N)C(=O)O)C(=O)O
mol_8713,CCOC(=O)C(NC(=O)CC)(Nc1ccc(S(=O)(=O)Nc2ncccn2)cc1)C(F)(F)F
mol_8714,Cc1nc2cccc(F)c2c(=O)n1C1CCCCNC1=O
mol_8715,O=C([O-])[OH+][Co-2]1([OH+]C(=O)[O-])NCCN1.[K+]
mol_8716,CC(C)(C)OC(=O)N(CCCCNCc1ccc2ccccc2c1)CCCNCc1ccc2ccccc2c1
mol_8717,N=C1NC2=C(CN(Cc3ccccc3)C2=O)C(c2ccccc2)N1
mol_8718,COc1ccc(C(=O)C=Cc2cc(C(C)(C)C)c(O)c(C(C)(C)C)c2)cc1
mol_8719,O=C(O)C=CC(=O)NNC(=O)C=CC(=O)O
mol_8720,CC(C)c1ccc2nc3ccc(C(=O)NCCN(C)C)cn3c(=O)c2c1
mol_8721,CC12CCC(=O)N1C(c1ccccc1)C(c1ccccc1)O2
mol_8722,O=C(O)C(SC1=NNC2(C(=O)N1)c1ccccc1-c1ccccc12)SC1=NNC2(C(=O)N1)c1ccccc1-c1ccccc12
mol_8723,C=C1C(O)C2(O)OCC34C(CC5C(C)=CC(=O)C(O)C5(C)C23)OC(=O)C(OC(=O)CC=C(C)CCCCC)C14
mol_8724,CN(C)CC1C2C=CC(C2)C1COCC1C2C=CC(C2)C1CN(C)C.O=[N+]([O-])c1cc([N+](=O)[O-])c(O)c([N+](=O)[O-])c1
mol_8725,CC1(C)CCCC2(C)C1CCC1(C)Oc3cc(O)c(O)cc3C(C#N)C12
mol_8726,O=C(NN1C(=O)CSC1c1ccco1)c1ccncc1
mol_8727,CCCCCC=C1c2ccccc2C=Cc2ccccc21
mol_8728,Cc1cc2c(cc1C)NC(=O)CC(c1ccccc1)=N2
mol_8729,O=C1COc2cc(N3CCN(c4cccc(C(F)(F)F)c4)CC3)ccc2N1
mol_8730,COC(=O)C(Cc1ccccc1)NC(=O)Cn1ccnc1[N+](=O)[O-]
mol_8731,CC1=CC(C)=Nc2cc(Cl)ccc2N1
mol_8732,CCCCCC(=O)C(C)C1=Nc2nnc(CCCCCCCc3nnc4n3C(=O)C(C(C)C(=O)CCCCC)=N4)n2C1=O
mol_8733,CCOc1ccccc1NC(=O)CCc1nc(=S)[nH][nH]1
mol_8734,O=C(C=C1Nc2ccccc2C(=O)N1c1ccccc1Cl)c1ccccc1
mol_8735,N#CC(=Cc1cc(Br)cc(Br)c1O)c1ccc([N+](=O)[O-])cc1
mol_8736,O=[N+]([O-])C(=C1OCCS1)C(Cl)=C(Cl)Cl
mol_8737,Cc1cc(S(=O)(=O)Nc2cc(=N)[nH][nH]2)c(SCc2nc(N)nc(N(C)C)n2)cc1Cl
mol_8738,CN1CCN(CCSc2nnc(-c3ccc4ccccc4c3)c3ccccc23)CC1
mol_8739,O=C(CN1CCCCC1)OCOP(=O)(OCOC(=O)CN1CCCCC1)OCC1CCC(n2ccc(=O)[nH]c2=O)O1
mol_8740,O=S(=O)(O)CCS
mol_8741,COC(=O)CCC(=O)Nc1cccc(C(F)(F)F)c1
mol_8742,CC(CCC(=O)O)C1CCC2C3C(=O)CC4CC(O)CCC4(C)C3CC(O)C12C
mol_8743,NS(=O)(=O)c1ccc(NC(=O)C2C(=O)C(=O)N(c3ccc(S(N)(=O)=O)cc3)C2=O)cc1
mol_8744,CCOC(=O)C1=C2Nc3cccc4cccc(c34)N2C(=O)CC1c1ccccc1
mol_8745,COc1cc(OC)cc(-n2c(N)c(-c3nc4ccccc4n3C)c3ccc([N+](=O)[O-])cc3c2=O)c1
mol_8746,CCn1ccc(=O)nc1
mol_8747,CCN(CC)CCNC(=O)C(O)(c1ccccc1)c1ccccc1
mol_8748,Cc1c([N+](=O)[O-])c(=O)oc2cc3occc(=O)c3cc12
mol_8749,COc1ccc(C2CC(c3c(O)ccc4ccccc34)=NN2C(C)=O)cc1OC
mol_8750,O=C1CC2(CCNCC2)C(=O)N1N1CCCCC1
mol_8751,CC1(C)CC(=O)C(=CNC(=S)C(N)=S)C(=O)C1
mol_8752,Cc1cccc(N2C(=O)C3c4[nH]c5ccccc5c4C4CCC(C(C)(C)C)CC4C3C2=O)c1C
mol_8753,CNC.COc1cc(C(C#N)S(=O)(=O)O)ccc1O
mol_8754,Br.c1ccc2c(CCNC3=NCCO3)cccc2c1
mol_8755,N=C1NC2(CS1)CSC(=N)N2
mol_8756,Cc1cc(NCCCCCCCNc2cc(C)nc3cc(N)ccc23)c2ccc(N)cc2n1
mol_8757,O=C(OCCN=c1c2ccccc2ccc2ccccc12)c1cc([N+](=O)[O-])cc([N+](=O)[O-])c1
mol_8758,CC1CCSC(N(C(=O)N(C)c2ccccc2)c2ccccc2)=N1
mol_8759,CCOC(=O)C1CC(C(=O)c2ccccc2)N2c3ccccc3-c3ccccc3C12
mol_8760,COC(=O)Cc1c(-c2[nH]c3ccccc3c2CC(=O)OC)[nH]c2ccccc12
mol_8761,Oc1cc(NNc2ccccc2)nc(O)n1
mol_8762,C=CCCC12CCCC(=O)C1Sc1ccccc12
mol_8763,C=C(Nc1nc2ccc(C)cc2s1)C(=O)C(CC)C(=O)C(CC)CC1C(=O)NC(=O)NC1=O
mol_8764,O=S(=O)(O)CCCCS(=O)(=O)O
mol_8765,COc1ccc2c(c1)[n+]([O-])c(C(C)=NNC(=O)CC#N)c[n+]2[O-]
mol_8766,COc1cc2c(oc(=O)c3c4oc([Si](C)(C)C)cc4cc(OC)c23)c2cccc(O)c12
mol_8767,CC(=O)NC(CC(C)C)C(=O)NC(Cc1ccccc1)C(=O)CCl
mol_8768,O=C(O)CCSC(=O)Nc1ccccc1F
mol_8769,O=C1[OH+][Zn-4]234([O+]=C(c5cccs5)C=[N+]2c2ccccc21)[O+]=C(c1cccs1)C=[N+]3c1ccccc1C(=O)[OH+]4
mol_8770,c1ccc2c(c1)nc1n2CSC1
mol_8771,CC(C)N(C(F)=NC(=O)Nc1ccccc1C(F)(F)F)C(C)C
mol_8772,O=C1NC(=S)N(c2ccccc2)C1=O
mol_8773,CC(C)(C)N=c1n(C(C)(C)C)oc(=O)n1-c1ccccc1
mol_8774,O=C1CSC2=NC3=C(COCC3=Cc3ccc(F)cc3)C(c3ccc(F)cc3)N12
mol_8775,CC1(C)CS(=O)(=O)CC(C)(C)C(=NN)C1=NN
mol_8776,N=C(N)n1nc2c(c1O)CCCC2
mol_8777,COc1cc(C2C(C(=O)Nc3cc(F)c(F)cc3F)=C(C)NC(C)=C2C(=O)Nc2cc(F)c(F)cc2F)ccc1O
mol_8778,OC(CC(O)(C(F)(F)F)C(F)(F)F)c1cccs1
mol_8779,CC(=O)Oc1c2c(c(O)c3ccccc13)C(n1cnc3c(ncn3C3OC(CO)C4OC(C)(C)OC43)c1=N)CCC2
mol_8780,CCOP(=O)(OCC)C(C#N)=Cc1[nH]cnc1C
mol_8781,COC(=O)C(=O)C(C(=O)C(=O)Nc1ccccc1C(N)=O)c1nc2ccc(Cl)cc2nc1O
mol_8782,Cc1cccc(NC(=S)Nc2cccc(C)n2)n1
mol_8783,CN1CCCN=C1C=Cc1cccs1.O=C(O)c1cc2ccccc2c(Cc2c(O)c(C(=O)O)cc3ccccc23)c1O
mol_8784,CCOC(=O)C(=O)C=P(c1ccccc1)(c1ccccc1)c1ccccc1
mol_8785,COc1ccc2[nH]c3c([N+](=O)[O-])ccc4c3c(nc(=O)n4CCCN(C)C)c2c1.Cl
mol_8786,S=C1SC(c2ccc(Cl)cc2)(c2ccc(Cl)cc2)c2ccccc21
mol_8787,CC(C)CC(N)C(=O)NC(Cc1ccc(O)cc1)C(=O)NC(CCC(=O)O)C(=O)N1CCCC1C(=O)NC(CO)C(=O)NC(Cc1ccc(O)cc1)C(=O)NC(C)C(=O)N1CCCC1C(=O)NC(CC(N)=O)C(=O)NC(Cc1cnc[nH]1)C(=O)NC(Cc1ccccc1)C(=O)O
mol_8788,S=C(NC1=NCC(CN2CCN(c3ccccc3)CC2)O1)Nc1ccccc1
mol_8789,O=S(=O)(N=S(c1ccccc1)c1ccccc1)c1ccccc1
mol_8790,CCOC(=O)C1C(=O)c2ccccc2CN1Cc1ccccc1.Cl
mol_8791,CC1(c2nc3ccccc3[nH]2)CCC(CO)C(C)(C)O1
mol_8792,O=C(c1ccccc1)N(CCCCNC(=O)C(F)(F)F)CCCNC(=O)C(F)(F)F
mol_8793,Cc1cc2c(cc1Cl)SC(NNc1ccc([N+](=O)[O-])cc1)=NS2(=O)=O
mol_8794,Nc1nc(Cl)cc(NCC2(CO)CCC2)n1
mol_8795,COc1ccc(C2N(c3ccc(C)c(N=C=O)c3)C(=O)N3C(c4ccc(OC)cc4)N(c4ccc(C)c(N=C=O)c4)C(=O)N23)cc1
mol_8796,CCOP(=O)(OCC)C(C#N)=Cc1ccoc1
mol_8797,CCc1cccc(C(C)C)c1NC(=O)C(=O)C(c1ccccc1)S(=O)(=O)Cc1ccccc1
mol_8798,Cc1ccc(S(=O)(=O)Nn2c(-c3ccccc3)c(C#N)c(-c3ccc(Cl)cc3)c(C#N)c2=O)cc1
mol_8799,CN(C)C=Nn1c2ccccc2c2ccccc21
mol_8800,CCN(CCNc1ccc(C)c2sc3ccccc3c(=O)c12)CC(C)(C)O
mol_8801,N#CCCN1C(=O)CCC2(CCC(=O)N(CCC#N)C2=O)C1=O
mol_8802,CCCCCCCCON=Cc1c2c(O)c3c(O)c(C)c4c(c3c1O)C(=O)C(C)(OC=CC(OC)C(C)C(OC(C)=O)C(C)C(O)C(C)C(O)C(C)C=CC=C(C)C(=O)N2)O4
mol_8803,Cc1cc(Cl)ccc1NC1=NC(=O)C(CC(=O)Nc2cccc(C)c2C)S1
mol_8804,CCN(CC)C1=Nc2ccccc2N(c2ccccc2)C(=S)C1
mol_8805,COc1ccc2c(CCNS(=O)(=O)c3ccccc3)c(C(C)=O)[nH]c2c1[N+](=O)[O-]
mol_8806,O=c1c2ccccc2sc2nc(CCl)nn12
mol_8807,O=C1CCC2(c3ccc(F)cc3)Nc3cc([N+](=O)[O-])ccc3N12
mol_8808,O=c1ccc2ccccc2n1Cc1ccc2ccccc2n1
mol_8809,S=c1sc2c(s1)SCc1cccc(n1)CSc1sc(=S)sc1SCc1cccc(n1)CS2
mol_8810,CN(C)CCCn1c(=S)n(CCCN(C)C)c2c3cc(O)ccc3nc3c([N+](=O)[O-])ccc1c32.Cl
mol_8811,N=c1nc2n(cc1F)C1OC(CO)C(O)C1O2.O=CO
mol_8812,Cc1cc2ccc(N)nc2nc1O
mol_8813,N=c1ccn(C2CC(O)C(COP(=O)(S)OC3CC(n4ccc(=N)[nH]c4=O)OC3CO)O2)c(=O)[nH]1
mol_8814,Cc1cnc2nc(N)nc(N)c2n1
mol_8815,CCC1C(=O)OCc2c1cc1n(c2=O)C(CC)c2c-1nc1ccccc1c2Cl
mol_8816,CC(C)(C)OC(=O)NNC(=O)C1Cc2ccccc2OC1=O
mol_8817,CCOC(=O)c1ccc(C(C#N)=Cc2ccc(Cl)cc2)cc1
mol_8818,CN1CCCOC(c2ccc([N+](=O)[O-])cc2)O1
mol_8819,CSc1nc(O)c(N=C(C)C(C)=O)c(NC2OC(COC(C)=O)C(OC(C)=O)C(OC(C)=O)C2OC(C)=O)n1
mol_8820,COc1cc2c(cc1O)C(CSC)Cc1cc3c(cc1N(C)CC2)OCO3
mol_8821,CCn1c(=O)[nH]c(=O)c2conc21
mol_8822,CNCc1c(S)ccc2ccccc12
mol_8823,COc1cc2ccccc2ccc1=NO
mol_8824,COC(=O)C(CC1CC(OC(C)=O)c2[nH]c3ccccc3c2CCN(C(C)=O)C1)C(=O)OC
mol_8825,Cc1ccc(S(=O)(=O)NC(=N)N(C)N=O)cc1
mol_8826,Cc1cc(SSc2cc(C)c3ccccc3n2)nc2ccccc12
mol_8827,CC12CC(C#N)(C#N)C(C#N)(CO1)C(=N)O2
mol_8828,Cn1c(=O)c2[nH]cnc2n(CC(=O)O)c1=O
mol_8829,Cc1cc(=O)oc2c(C3=NN(C=O)C(c4ccccc4)C3)c(O)ccc12
mol_8830,COc1ccc(-c2nnc(-c3ccncc3)o2)cc1
mol_8831,CC1=Nc2ccc([N+](=O)[O-])cc2N=C(C)C1
mol_8832,CC(C)=CCNc1ncnc2c1ncn2CCC(=O)O
mol_8833,CCC1(Cc2ccc(OC)c(OC)c2)C=[N+]([O-])OC(OC2CCCC2(c2ccccc2)c2ccccc2)C1OC(=O)C(C)(C)C
mol_8834,Nc1nccc2c([N+](=O)[O-])cccc12
mol_8835,O=[N+]([O-])c1ccccc1-c1nc2nc(N3CCOCC3)nc(N3CCOCC3)n2n1
mol_8836,CCCN1CC=C(c2cc(C(=O)OCC)[nH]c2-c2cc(C)no2)C1=O
mol_8837,O=C1C2C3CC4C5C3C1C5C1(SCCS1)C42
mol_8838,CC(C)N1CCC2(CC1)NNc1ncccc1-n1cccc12.Cl
mol_8839,c1cc(CSP234N5CCN2CCN3CCN4CC5)ccc1CSP123N4CCN1CCN2CCN3CC4
mol_8840,O=C(O)CCC(NC(=O)OCc1ccccc1)C(=O)NC(Cc1c[nH]cn1)C(=O)O
mol_8841,N#Cc1ccc(C=NC23CC4CC(CC(C4)C2)C3)cc1
mol_8842,CCOC(=O)C(C)Sc1nnc(COc2ccccc2OC)n1-c1ccccc1
mol_8843,Cc1nc(N)c(N2CCN(CN)CC2)c(O)n1
mol_8844,O=C(NC(=O)c1ccccc1[N+](=O)[O-])Nc1ccc(Oc2ncc(Br)cn2)c(Cl)c1
mol_8845,CCOC(=O)c1cc(-c2ccc(OC)cc2)c([N+](=O)[O-])[nH]1
mol_8846,CC(=O)OC1COC(n2c(N)c(C#N)c(C)c(C#N)c2=S)C(OC(C)=O)C1OC(C)=O
mol_8847,COc1ccc2nc3cccc([N+](=O)[O-])c3c(NC(C)CN(C)C)c2c1
mol_8848,CC1OC(c2c(O)ccc3ccccc23)CC(N(C)C)C1O
mol_8849,CN1CCCc2nc3ccccc3n2C1
mol_8850,O=C(CC(=O)N(C(=O)C=Cc1ccccc1)c1ccc(Cl)cc1)N1N=C(c2ccccc2)C(N=Nc2cccc([N+](=O)[O-])c2)C1=O
mol_8851,CNC1=Nc2ccccc2C(=O)N2CSCC12
mol_8852,CC(=O)NC(CCCNC(=O)OCc1ccccc1)C(=O)NCc1ccccc1
mol_8853,CCOC(=O)CCN1C(=O)c2c(NC(=O)C(=O)O)cccc2S1(=O)=O
mol_8854,COc1c(OP2(=S)OCC(C)(C)CO2)cnn(C2CCCCC2)c1=O
mol_8855,CN(C)CCN(C)CC1COC(C)(C)O1
mol_8856,COC(=O)C(C)NC(=O)C(CSC)N1C(=O)NC(C(C)C)C1=O
mol_8857,Cc1nc2sc(C)c(C)c2c(=O)o1
mol_8858,N#CC(C=Cc1ccccc1)Nc1ccccc1CO
mol_8859,CSCCCSC1CCCCCCCCCCC1=O
mol_8860,CCOC(=O)C=C(N=P(c1ccccc1)(c1ccccc1)c1ccccc1)C(F)(F)F
mol_8861,c1ccc2c(-c3csc(-c4c[nH]c5ccccc45)n3)c[nH]c2c1
mol_8862,Cc1ccc2c(c1)C(=O)CC=C(C(=O)O)N2
mol_8863,Cc1cccc(C(C)O)n1
mol_8864,CC1=[N+]2[N-]C(c3ccncc3)=[O+][Fe-4]234([OH+]S(=O)(=O)[O-])[O+]=C(c2ccncc2)[N-][N+]3=C(C)c2cccc1[n+]24
mol_8865,O=S(=O)(O)c1cc2c(c(S(=O)(=O)O)c1)O[Sb]1([Na])(O2)Oc2cc(S(=O)(=O)O)cc(S(=O)(=O)O)c2O1
mol_8866,CC(=O)c1ccc2c(c1)CC1(C2)Cc2cc3c(cc2C1=O)CCC3
mol_8867,O=C(Cc1ccccc1)NN1C(=O)C(Cl)C1c1cccc(O)c1
mol_8868,O=C(CCCCCCCCC(=O)NN1C(=O)C(=Cc2ccc(O)c(O)c2)SC1c1c(O)ccc2ccccc12)NN1C(=O)C(=Cc2ccc(O)c(O)c2)SC1c1c(O)ccc2ccccc12
mol_8869,CCOC(=O)c1cc2c(nc1N)C(=Cc1ccccc1)CCCC2
mol_8870,CC(C)(C)NC1=NC(=O)NC(C(F)(F)F)(C(F)(F)F)N1
mol_8871,CSCCC(NCc1c(O)ccc2ccc(=O)oc12)C(=O)O
mol_8872,S=C(S)N(Cc1ccccc1)Cc1ccccc1.[NaH]
mol_8873,Brc1ccc2c(ccc3nc4nnnn4nc32)c1
mol_8874,CC(C)(C)[Si](C)(C)OCC#CC1(O)CCCCC1CC(Sc1ccccc1)Sc1ccccc1
mol_8875,CCCOC(=O)C1OC12CCCCC2
mol_8876,Cc1nc(NCCNCCO)nc2c1C(=O)Nc1ccccc1N2
mol_8877,O=C1C2=C(CCCCC2)C2CCCCC12O
mol_8878,O=C(Nc1ccc2c(O)cc(S(=O)(=O)O)cc2c1)Nc1ccc2c(O)cc(S(=O)(=O)O)cc2c1.[NaH]
mol_8879,CCN(CC)CC(=O)Nc1cc(C)ccc1Cl
mol_8880,CC(=O)c1c(=O)n(-c2ccc(C)cc2)c(O)c2c(=N)[nH][nH]c12
mol_8881,COc1ccc2nc(C(N)=CC#N)ccc2c1
mol_8882,CCN(CC)CCN1C(=O)c2cccc3cccc(c23)C1=O
mol_8883,Cc1cn(C2CC(O)C(CN=[N+]=[N-])O2)c(=O)[nH]c1=O
mol_8884,CCC1C2C=CC(CC2)N1S(=O)(=O)c1ccc(C)cc1
mol_8885,O=C1C(=Cc2ccccc2)CCc2ccc([N+](=O)[O-])cc21
mol_8886,Cc1ccc(NC(=O)CCC(CC(=O)C(C)(C)C)=NNc2ccc([N+](=O)[O-])cc2[N+](=O)[O-])cc1C
mol_8887,NC(=S)NN=C1CCCCC1C(O)(C(F)(F)Cl)C(F)(F)Cl
mol_8888,CCCCCCC=CCCCCCCCCCC1=C(CN(C)C)C(=O)C=C(OC)C1=O.Cl
mol_8889,CCN(C1=CC(=O)NC2CCCCN12)c1ccccc1
mol_8890,C=CCOCCC(CC=C)C(=O)CC(=O)OC
mol_8891,COc1cccc(-c2cc(=O)c3cc(C)c(C)c(C(=O)O)c3o2)c1
mol_8892,Clc1cnnc2[nH]cnc12
mol_8893,CCCC[Sn](CCCC)(CCCC)OC(=O)C(O)c1ccccc1
mol_8894,C#CCNC(CCCNC(=N)N)C(=O)O
mol_8895,OCCN(CCO)c1cc(Cl)c(Cl)cc1Cl
mol_8896,O=S1(=O)CC#CCC(CO)C(CO)CC#CC1
mol_8897,O=C1C(Cl)C(c2ccccc2O)N1n1cnc2ccccc2c1=O
mol_8898,CC(=O)N(CC1CCCN(C)C1)C1C2CC3CC(C2)CC1C3
mol_8899,CC(CN1C(=O)c2ccccc2C1=O)=NNS(=O)(=O)c1ccc2ccccc2c1
mol_8900,COC(=O)Cc1cc(O)c(CC=C(C)CCC=C(C)C(O)C(=O)C=C(C)C)cc1O
mol_8901,CC(=O)OCC1OC(n2c(N)c(C#N)c(-c3ccccc3)c(C#N)c2=S)C(OC(C)=O)C(OC(C)=O)C1OC(C)=O
mol_8902,Cc1ccc([N+](=O)[O-])cc1NC1=NCCO1
mol_8903,Cc1cc2occ(C)c(=O)c2c2c1OC(C)(C)S2
mol_8904,COc1cc2ccc(C(C)=NOC(C)=O)cc2cc1OC
mol_8905,CCOCC(=O)NC1CCc2cc(OC)c(OC)c(OC)c2-c2ccc(OC)c(=O)cc21
mol_8906,CCCCCCCCCCCCCCCCCC(=O)OCC(COP(=O)(O)OCCNC(=O)CCC(=O)NCCC=C(c1cc(Cl)c(OC)c(C(=O)OC)c1)c1cc(Cl)c(OC)c(C(=O)OC)c1)OC(=O)CCCCCCCCCCCCCCCCC
mol_8907,COC(=O)C1=C(CS(=O)c2ccc([N+](=O)[O-])cc2[N+](=O)[O-])ON(C)C1c1ccccc1
mol_8908,CC1c2c(cc(O)nc2O)C(=O)N1C
mol_8909,O=C(OC1C(=O)N2CCC3OC(O)C1C32)c1ccc([N+](=O)[O-])cc1
mol_8910,CCOP(=O)(CN1CCNCCN(CP(=O)(OCC)OCC)CC1)OCC
mol_8911,N#CC(=Cc1cc(Cl)cc(Cl)c1)c1ccccn1
mol_8912,CC1(C)C(O)c2ccccc2OC1N1CCN(C2Oc3ccccc3C(O)C2(C)C)CC1
mol_8913,OCC(O)C(O)C(O)C(O)C=NNc1nc(O)c2ccccc2n1
mol_8914,COC(=O)C(=O)C(CC(=O)Nc1cc(Cl)ccc1Cl)C(=O)OC
mol_8915,Cc1ccc(-c2cc(-c3ccco3)c(C#N)c(S)n2)cc1
mol_8916,CCOC(=O)C(=Cc1cc(OC)ccc1OC)C(=O)OCC
mol_8917,CC1=Nc2ccccc2NC(C)(C)C1
mol_8918,CCCCc1c2c(nc3c1CCc1cc4c(nc1-3)-c1nc3c(c(CCCC)c1CC4)CCCC3=Cc1ccccc1)C(=Cc1ccccc1)CCC2
mol_8919,C1CSCCSCCS1
mol_8920,COC(=O)c1c2c(n(CCO)c1OC)C(=O)c1ccccc1C2=O
mol_8921,O=S1(=O)c2ccccc2S(=O)(=O)c2ccccc21
mol_8922,CCCCCCC=CCCCCCCCCCc1cccc(OC)c1O
mol_8923,c1csc(-c2cc(-c3cccs3)c(-c3cccs3)s2)c1
mol_8924,COC(=O)c1ccc(CON=C(c2ccccc2)c2ccccn2)cc1
mol_8925,O=C1NCC2(CCN(Cc3ccccc3)CC2)N1
mol_8926,COc1ccc(OC)c(C=CNC=O)c1
mol_8927,O=C1NC(=O)C(CC(C(=O)C(=O)Nc2ccccc2Cl)C(=O)c2ccc3ccccc3c2)C(=O)N1
mol_8928,CC1(C)C(c2ccccc2)=NN(O)c2ccccc21
mol_8929,O=C1c2ccccc2C(=O)C1(c1ccccn1)[N+](=O)[O-]
mol_8930,O=c1cc(-c2ccccc2)oc2cc(OCCCCCCCCCCOc3ccc4c(=O)cc(-c5ccccc5)oc4c3)ccc12
mol_8931,CN(C)c1ccc(C=C2C=CC=C2)cc1
mol_8932,COC(=O)CC1N=C(NC#N)N(CCc2c[nH]c3ccccc23)C1=O
mol_8933,Cc1cc(O)c(C=O)c2c1C(=O)Oc1c(CO)c(O)c3c(c1O2)C(O)OC3=O
mol_8934,[N-]=[N+]=C(C(=O)CN1CCCC1=O)S(=O)(=O)c1ccccc1
mol_8935,CC(=O)C=Cc1ccco1
mol_8936,Cc1nc2c(O)cc(Cl)c(O)c2nc1C
mol_8937,O=C(c1ccc(Cl)cc1)N1CC1
mol_8938,C=C(C)CC1=C(C(=S)NCCO[Si](C)(C)C(C)(C)C)C(OCC)(OCC)C1=O
mol_8939,Cc1ccc(NC(=S)Nc2c(C)n(C)n(-c3ccccc3)c2=O)cc1
mol_8940,CC(=O)C(=Cc1ccc(N(C)C)cc1)C(=O)c1ccccc1
mol_8941,CCOC(=O)C(=O)C(C(=NN(C)C)C(=O)Nc1ccc(C)cc1C)c1nc2ccccc2nc1O
mol_8942,N=c1ccn(CC(=O)NCCO)c(=O)[nH]1
mol_8943,O=C1CC(=O)NC(NN2C(=O)CSC2c2ccccc2)=N1
mol_8944,COC1Sc2ccccc2C(=O)N2CCCC12
mol_8945,COc1cccc(C2c3cc4c(cc3OC(Nc3ccccc3)C2C)OCO4)c1OC
mol_8946,CCCCCCC(c1cc(Cl)c(OC)c(C(=O)OC)c1)c1cc(Cl)c(OC)c(C(=O)OC)c1
mol_8947,O=C1CN2C(Cl)(Cl)C2(c2ccccc2)c2cc(Cl)ccc2N1CC1CC1
mol_8948,N#CN=C1C=CC(=C(C#N)C#N)C=C1
mol_8949,c1ccc2c(c1)SCCCSCCCS2
mol_8950,COc1ccc(C=Cc2cnc3ccccc3n2)cc1OC
mol_8951,c1ccc(CN2CCCCC(Sc3ccccc3)CC2)cc1
mol_8952,CCOC(=O)c1cc(C2CCN(c3ccccc3)C2=O)c(C(=O)C=C(C)O)[nH]1
mol_8953,Cn1c2c(c3nc(N)nc(N)c3c1=O)CCc1ccccc1-2
mol_8954,CN(C)CCCNC(=O)c1cc(NC(=O)c2cc(NC(=O)c3cc(NC(=O)c4ccnc(C(=O)Nc5cc(C(=O)Nc6cc(C(=O)Nc7cc(C(=O)NCCCN(C)C)n(C)c7)n(C)c6)n(C)c5)c4)cn3C)cn2C)cn1C
mol_8955,COC1C=COC2(C)Oc3c(C)c(O)c4c(O)c(c(C=NN(C)c5nc6c(N)ncnc6n5C5OC(CO)C(O)C5O)c(O)c4c3C2=O)NC(=O)C(C)=CC=CC(C)C(O)C(C)C(O)C(C)C(OC(C)=O)C1C
mol_8956,O=C1CCN2CCC(=O)c3c2c(cc2ccccc32)N1
mol_8957,Cc1c(C)c2ccc3c(C)c(C)c(C)[n+]4c3c2[n+](c1C)[Cu-3]41[n+]2c(C)c(C)c(C)c3ccc4c(C)c(C)c(C)[n+]1c4c32.O=C1OC(C(O)C[O-])C(O)=C1O
mol_8958,NC(=O)NN=C1CCC(CC2CCCCC2)CC1
mol_8959,OC1=C2CCCCCC2=[N+]2CCCCC2C1
mol_8960,CC(=O)OC1CCC2(C)C(C1)CC(OC(C)=O)C1C2CC(OC(C)=O)C2(C)C(C(C)CC(=O)C(=O)c3ccccc3)CCC12
mol_8961,CSC1=C(C#N)C(c2ccccc2)CC(=O)N1
mol_8962,C=C1C(=O)OC2C1CC(O)C(C)=CCCC1(C)OC21
mol_8963,COc1ccc2c(c1)CCc1cnc(S)nc1-2
mol_8964,CCOC(=O)C(=O)Nc1c(C(C)C)cccc1C(C)C
mol_8965,CC1(C)C(=O)C(C)(C)C1=NNC(N)=S
mol_8966,O=C(NCCCNC(=O)c1ccc2c(O)c(O)ccc2c1)c1ccc2c(O)c(O)ccc2c1
mol_8967,O=c1ccn(C2CC(CO)CS(=O)C2)c(=O)[nH]1
mol_8968,CCCCCCNC(=S)NN=C(C)c1ccccn1
mol_8969,CCC1(C)N(C)C(NC#N)=NP1(=O)O.N
mol_8970,O=C(O)c1ccccc1C(=O)c1ccc(F)cc1
mol_8971,CCOP(=O)(OCC)C(Nc1ccc(Cl)cc1)c1ccc(F)cc1
mol_8972,O=CC(O)C(O)C(O)C1CNC(=S)O1
mol_8973,CNCCC=C1c2ccccc2CCc2ccccc21
mol_8974,COc1ccc(C2CCC(Cl)(OC)CC2C=O)cc1
mol_8975,O=C1c2c(O)cc(O)c(OC3OC(CO)C(O)C(O)C3O)c2OC(c2ccc(O)c(O)c2)C1O
mol_8976,Cc1ccc(S(=O)(=O)C2=Cc3ccc(C(F)(F)F)cc3C2(O)c2cccc(C(F)(F)F)c2)cc1
mol_8977,CC(=O)NC1C(OC2C(CO)OC(OCC3OC(n4ccc(=N)[nH]c4=O)C(O)C3O)C(NC(C)=O)C2O)OC(CO)C(O)C1O
mol_8978,C#CC1(O)CCC2C3CCc4cc(Oc5nc(F)nc(-c6c7ccccc7cn6C)n5)ccc4C3CCC21C
mol_8979,CCCCCCCCCCCCSSC(=S)OC(C)C
mol_8980,COc1cc(CC(C)N)cc(OC)c1.Cl
mol_8981,Cn1c(COC(=O)NC2CCCCC2)c(COC(=O)NC2CCCCC2)c2ccc3cc(C=O)ccc3c21
mol_8982,C=CCN(N=O)C(=O)N(CCCCC(NC(C)=O)C(=O)NCc1ccccc1)Cc1ccccc1
mol_8983,Nc1ncnc2c1ncn2C1OC(CO)C(O)C1O
mol_8984,O=P1(c2ccccc2)OCC2=C(c3ccccc3)CC2=C1c1ccccc1
mol_8985,O=C(c1ccccc1)c1nc2ccc(Cl)cc2cc1C(Br)Br
mol_8986,O=C(NN(C(=O)c1ccc([N+](=O)[O-])cc1)c1ccccc1)c1ccc([N+](=O)[O-])cc1
mol_8987,COc1ccc(C(Br)=C2OC(=O)c3ccccc32)cc1
mol_8988,O=Nc1c(O)nc(S)nc1O
mol_8989,O=C1c2cc(Cl)ccc2-n2c(noc2=O)C2CSCN12
mol_8990,ON=C1CSc2ccccc2C1
mol_8991,COC(=N)NP(=O)(Oc1ccccc1)Oc1ccccc1
mol_8992,NC(Cc1ccc(S(=O)(=O)O)cc1)C(=O)NC(Cc1ccc(S(=O)(=O)O)cc1)C(=O)O.[NaH]
mol_8993,CC(=O)c1c(-c2ccc(Cl)cc2)c(C#N)c(=S)n(C2OC(CO)C(O)C(O)C2O)c1-c1ccccc1
mol_8994,N#CC(C#N)=Cc1cccc(Br)c1
mol_8995,N#Cc1ccc(Nc2cnc3ccc(N)cc3n2)cc1
mol_8996,Brc1ccc(-c2nc(-c3ccc(Br)cc3)n(-c3ccccc3)n2)cc1
mol_8997,COc1ccc(NS(=O)(=O)c2ccc3ncn(NS(=O)(=O)c4ccc(I)cc4)c(=O)c3c2)cc1
mol_8998,C=C1SC(=Nc2cccc(OC)c2)N(c2nc(Cl)nc(Cl)n2)C1(C)C
mol_8999,Clc1nn2nnnc2c2ccccc12
mol_9000,O=C1C(=Cc2ccc([N+](=O)[O-])cc2)Sc2scc(-c3cccc([N+](=O)[O-])c3)[n+]21.[ClH2+]
mol_9001,CCCCc1ccc(Nc2cc(=O)n(C)c(=O)[nH]2)cc1
mol_9002,Brc1ccc(N2N=NC3CN(c4ccccc4)CC32)cc1
mol_9003,Cc1ccccc1NC1CC(C)(C)NC(C)(C)C1
mol_9004,Cn1c(=O)cc2[nH]c3ccccc3n2c1=O
mol_9005,N#CC1C(C#N)C2CC1C1N=NN(c3ccccc3)C21
mol_9006,Oc1ccc(CCc2nc3ccccc3[nH]2)cc1
mol_9007,O=C1OC(CS(=O)(=O)c2ccccc2)CC1O
mol_9008,COc1ccc2nc3cc([N+](=O)[O-])ccc3c(NCCO)c2c1
mol_9009,CN(C)COC(=S)SSSC(=S)OCN(C)C
mol_9010,O=C1CC(=O)NC(NN2C(=O)CSC2C(=O)c2ccco2)=N1
mol_9011,Cc1cc(-c2ccc(Cl)cc2)c(C#N)c(=S)n1C1OC(CO)C(O)C(O)C1O
mol_9012,CN(C)c1cc[n+](-c2nc([N-]C(=O)C(F)(F)F)nc3c2ncn3C2CC(O)C(CO)O2)cc1
mol_9013,CCN(CC)C(=O)c1ccc(C)c(N=NN(C)C)c1
mol_9014,O=C1C(=Cc2ccc3c(c2)CCC3)Cc2cc3c(cc21)CCC3
mol_9015,Cc1cc(=O)[nH]c(=S)n1-c1nc2ccccc2o1
mol_9016,CCc1cc[n+]([Mn](SC#N)(SC#N)([n+]2ccc(CC)cc2)([n+]2ccc(CC)cc2)[n+]2ccc(CC)cc2)cc1
mol_9017,COC(OC)C1OCC(O)C1n1cnc2c(N)ncnc21
mol_9018,Cc1ccc(C)n1-n1c(Cc2ccc(Cl)cc2)n[nH]c1=O
mol_9019,CCC1(O)CN(CCOC)C2CC1C(=O)c1[nH]c3ccccc3c12
mol_9020,COC(=O)c1cc(C(=O)OC)c(CC(=NNC(=O)C[N+](C)(C)C)C(=O)Nc2cccc(C(F)(F)F)c2)nc1CC(=NNC(=O)C[N+](C)(C)C)C(=O)Nc1cccc(C(F)(F)F)c1.[Cl-]
mol_9021,COC12OCCN(C)C1=CC(=O)C1(C)N=NCC12
mol_9022,NC1CC(n2ccc(=O)[nH]c2=O)OC1C(O)CO
mol_9023,CCOC(=O)C1=C(C)OC(=O)C2(OC)C=C(Cl)C12C
mol_9024,O=C1NC(=O)C(=Cc2ccc(S(=O)(=O)NN=CC(O)C(O)C(O)C(O)CO)cc2)N1
mol_9025,CCOC(=O)NN(C(=O)OCC)C(=C(c1ccccc1)N1CCOCC1)N(NC(=O)OCC)C(=O)OCC
mol_9026,COc1ccc(NC(=S)NNC(=O)c2cc(-c3ccccc3)nc3ccccc23)cc1
mol_9027,CCOC1N(C2C=CC(CO)O2)C(=O)NC(=O)C1(C)Br
mol_9028,CCN1CCC(CNC(=O)c2ccc(N)cc2)N1CC
mol_9029,O=C(O)c1ccccc1CC1Cc2ccc3c(c2C1=O)CCC3
mol_9030,N#CC(=Cc1cccc(OCc2ccccc2)c1)c1ccc([N+](=O)[O-])cc1
mol_9031,Cc1ncc([N+](=O)[O-])n1CCNC(=O)CCCCn1ccnc1[N+](=O)[O-]
mol_9032,CCC(C=Cc1ccccc1)=NNC(=S)NN=C(C=Cc1ccccc1)CC
mol_9033,CCOP(=O)(OCC)C(C#N)=Cc1ccc(-c2ccc(F)cc2F)o1
mol_9034,COCC(O)COn1c(=O)[c-](C#N)[n+](=O)c2ccccc21
mol_9035,O=[N+]([O-])c1cccc(C2=NN(c3ccccc3)C3c4cc(Br)ccc4OCC23)c1
mol_9036,CCCCCCCC(=O)OCC(C[As](=O)(O)O)OC(=O)CCCCCCC
mol_9037,Cc1nc2n(C)c3ncn(Cc4ccccc4)c3c(=O)n2c1C=CC(C)C
mol_9038,C=C1CC(Cn2cc(Br)c(=O)[nH]c2=O)(c2ccc(-c3ccccc3)cc2)OC1=O
mol_9039,O=C(CC(CCC(=O)N(Cc1ccccc1)Cc1ccccc1)=NNc1ccc([N+](=O)[O-])cc1[N+](=O)[O-])c1ccccc1
mol_9040,O=C(N=C1N(c2ccccc2)C(=O)C(=O)N1c1ccccc1)c1ccccc1
mol_9041,Cc1nc(Nc2ccccc2)sc1C(=O)CC(=O)C(=O)Nc1c(C(C)C)cccc1C(C)C
mol_9042,CCOc1nc(-c2ccccc2)cc(-c2ccc(N3CCOCC3)cc2)c1C#N
mol_9043,CC(=O)N1NC(=N)CC1=O
mol_9044,CC(=NO)C1CC(C)([N+](=O)[O-])CCC1(C)O
mol_9045,O=S(=O)(CC#CCO)c1ccccc1
mol_9046,Cc1ccn2c(c1)nc1nc3ccccc3nc12
mol_9047,Cc1cc(C)cc(N(C2=NCCS2)C2=NCCS2)c1
mol_9048,Cn1c(=O)c(=O)n(C)c2nc3ccccc3nc21
mol_9049,CCOC(=O)c1ccc(CS(=O)(=O)c2ccc(OC)cc2)cc1
mol_9050,CCOC(=O)N1CCC2(CC1)CC(C)(C(C)=O)C(C)O2
mol_9051,OC1COCOC1C(O)C1OCOCC1O
mol_9052,O=c1c(Cl)c2cc3c(cc2c2ccccc12)nc1cccnc1n3C1CCCCC1
mol_9053,Cc1nc(Nc2ccc(Cl)c(Cl)c2)sc1C(C=Cc1ccc2c(c1)OCO2)=NNc1ccc([N+](=O)[O-])cc1[N+](=O)[O-]
mol_9054,COC(=O)C(Cc1c[nH]c2ccccc12)NP(=O)(O)OCC1OC(n2cc(C)c(=O)[nH]c2=O)CC1N=[N+]=[N-]
mol_9055,CCOC(=O)c1c[nH]c2cc3c(cc2c1=O)CCS3(=O)=O.CCOC(=O)c1c[nH]c2ccc3c(c2c1=O)S(=O)(=O)CC3
mol_9056,S=C(C=C1SC(=Nc2ccccc2)C(=Nc2ccccc2)N1c1ccccc1)Nc1ccccc1
mol_9057,CC1CC(C#N)=C2NCCN2C1=O
mol_9058,C=CC(=O)N1CC(=Cc2ccc(Cl)cc2)C(=O)C(=Cc2ccc(Cl)cc2)C1
mol_9059,Clc1ccc(OCc2nnc3n2N=C(c2ccccc2)CS3)c(Cl)c1
mol_9060,c1ccc2c(c1)SCCCSCCSCCCS2
mol_9061,COC1=C(OC)C(=O)C(C(=O)CCCCC(=O)O)=C(C)C1=O
mol_9062,N#CC1Cc2cc3c(cc21)OCO3
mol_9063,O=C1C=C(Nc2ccc([N+](=O)[O-])cc2)c2ccccc2C1=O
mol_9064,ON=C1CN2CCC1CC2
mol_9065,COC(=O)Cc1ccc2c(c1)Sc1ccc(CC(=O)OC)cc1N2C
mol_9066,NC(=S)N1N=C2CCCCCCC2C1c1ccccc1
mol_9067,Cc1ccc2nn(-c3ccc(O)cc3)[n+](=O)[c-]2c1
mol_9068,O=C(O)CCC1CCc2cccc(OCC(=O)O)c2C1=O
mol_9069,COc1cc(C=C2CCOC2=O)ccc1OCc1ccccc1
mol_9070,CC1=NN(c2ccccc2)C(=O)C1N=Nc1ccc(S(=O)(=O)Nc2nnc(C)s2)cc1
mol_9071,Cc1cc2ccccc2n1S(=O)(=O)c1ccccc1
mol_9072,O=C1C2Cc3ccccc3CN2C(=O)N1CN1CCN(CN2C(=O)C3Cc4ccccc4CN3C2=O)CC1
mol_9073,COc1ccc2c(c1)CCN1CCc3ccccc3CC21
mol_9074,COc1ccc2c(c1)c[n+](C)c1c3cc(OC)c(OC)cc3ccc21.[Cl-]
mol_9075,CCCCCCCCOCC(O)CO
mol_9076,CCOC(=O)C(=CNC(=S)NN=C1C(=O)Nc2ccccc21)C(=O)OCC
mol_9077,COC(=O)N1C2Cc3c(OC)c(C)c(OC)c(OC)c3C1C(=Cc1cc(OC)c(OC)c(C)c1OC)N(Cc1ccccc1)C2=O
mol_9078,NC(Cc1ccccc1)C(=O)NC1c2ccsc2C(=NO)C1O.O=C(O)C(F)(F)F
mol_9079,NC(=O)CCC(NCc1c2ccccc2[n+]([O-])c2ccccc12)C(=O)O
mol_9080,CC(C)(C)N=C1C(=O)C2(C)CCC1C2(C)C
mol_9081,O=C(Cc1ccccc1[N+](=O)[O-])C(CO)c1ccccc1[N+](=O)[O-]
mol_9082,O=C1CC(NC(=O)C(F)(F)F)c2c(Br)sc(N3CCNCC3)c21
mol_9083,COc1cc(C2c3cc4c(cc3OC3(OC)COC(=O)C23)OCO4)cc(OC)c1OC
mol_9084,CSc1nc(C)cc(Nc2ccc(O)c(CN3CCOCC3)c2)n1
mol_9085,c1scc2c1COCCOCCOCCOCc1cscc1COCCOCCOCCOC2
mol_9086,O=[N+]([O-])c1cccnc1NCC1(CO)CCCC1
mol_9087,O=C1CCCCC1=O
mol_9088,N#Cc1nsnc1-c1nc(-c2nsnc2C#N)nc(-c2nsnc2C#N)n1
mol_9089,O=C1Cc2c([nH]c3ccccc23)-c2cc(Br)ccc2N1
mol_9090,O=C(CNc1ccccc1Cl)Nn1c(-c2ccccc2)nc2ccccc2c1=O
mol_9091,CCN(CC)CCC1CCCCN1CC(=O)N1c2ccccc2NC(=O)c2ccccc21
mol_9092,O=C1C(=Cc2cccs2)NC(=S)N1CN1CCCCC1
mol_9093,COC(=O)C(=O)C1(CCC(C)=O)c2ccccc2-c2c(C)ccc(C)c21
mol_9094,Cc1cccc(NC(=O)CC(=O)N2N=C(N(CCC#N)c3ccccc3Cl)CC2c2ccccc2)c1
mol_9095,COc1ccc(-n2cc3c(c2)C(=O)OC3=O)cc1OC
mol_9096,CCOC(=O)C(c1c(O)c2ccccc2oc1=O)c1c(O)c2ccccc2oc1=O
mol_9097,CC1CC(=O)Nc2ccccc2N1C(=O)CN1CCC(CCCCN(C)C)CC1
mol_9098,O=C(O)c1c2c(cc3c1CC(Cc1ccccc1)C3=O)CCC2
mol_9099,COc1ccc(C=C2C=Cc3ccccc32)cc1OC
mol_9100,CCOC(=O)C(N=Nc1ccc(S(N)(=O)=O)cc1)C(C)=O
mol_9101,COc1cc(NCCNC(=N)NC#N)c2ncccc2c1
mol_9102,Cc1sc2[nH]c(=O)oc(=O)c2c1C
mol_9103,CN(C)c1ccc(C=C2C(=O)N(c3ccccc3)N(c3ccccc3)C2=O)cc1
mol_9104,O=S(=O)(O)c1cc(N=Nc2cc(S(=O)(=O)O)c3ccccc3c2O)ccc1C=Cc1ccc(N=Nc2cc(S(=O)(=O)O)c3ccccc3c2O)cc1S(=O)(=O)O.[NaH]
mol_9105,CCOC(=O)C(=Cc1cccc(Cl)c1)P(=O)(OCC)OCC
mol_9106,CC(C)(C)OC(=O)NC(Cc1ccc(O)cc1)C(=O)NC(CCCCN)C(=O)NC(Cc1ccc(O)cc1)C(=O)NC(CCCCN)C(=O)ON1C(=O)CCC1=O
mol_9107,CCOC(=O)C(=Cc1ccc(Cl)cc1)[Se]c1ccccc1
mol_9108,CN(C)C(=S)N=C1SC(=Nc2ccccc2)C(=Nc2ccccc2)N1c1ccc([N+](=O)[O-])cc1
mol_9109,Cc1nc(=O)n2c(c1C(=O)Nc1ccc(Cl)cc1)NCCC2.Cl
mol_9110,N#CCCN(CCC#N)c1ccc(C=C2SC(=S)NC2=O)cc1Br
mol_9111,COc1ccc2c(c1)OCC1c3cc(NS(=O)(=O)c4ccccc4)cc(OC)c3OC21
mol_9112,CC1(C)CCCCCCCCCC(C)(CCCCCCCCCCCCO)C1=O
mol_9113,C=C(Br)CN=CN(C)C
mol_9114,CC(=O)NCCc1c[nH]c2ccc(Cl)cc12
mol_9115,CCCC[n+]1cc(C(N)=O)cc2ccccc21
mol_9116,Nc1ccc(S(=O)(=O)c2ccc(N)cc2)cc1
mol_9117,O=[N+]([O-])c1ccc(-n2nc3ccc4c(no[n+]4[O-])c3[n+]2[O-])c([N+](=O)[O-])c1
mol_9118,CCSC(CCCC1OCC2OC(n3cc(C)c(=O)[nH]c3=O)CC2N1O)SCC
mol_9119,COc1cc(C2c3[nH]c4ccc(F)cc4c3CC3COC(=O)N32)cc(OC)c1O
mol_9120,O=C1C(=Cc2ccccc2)Oc2ccc(Cl)cc21
mol_9121,Nc1nc2c(N)cc(C(F)(F)F)cc2nc1-c1ccccc1
mol_9122,CC(=O)C1CC2(c3ccccc3)C(=O)c3ccccc3N2O1
mol_9123,S=C1N(c2ccc(Br)cc2)C2=Nc3ccccc3SC(=C2N=Nc2ccc(Br)cc2)N1c1ccc(Cl)cc1
mol_9124,COc1c(NC(=O)CC(C)=O)c([Hg]OC(C)=O)c(OC)c(Cl)c1[Hg]OC(C)=O
mol_9125,c1ccc(C2N=C(c3ccccn3)C(c3ccccn3)=NC2c2ccccc2)cc1
mol_9126,CC(C)CCCC(C)C1CCC2C3CCC4CC(NC(=O)C=C(c5cc(Cl)c(O)c(C(=O)O)c5)c5cc(Cl)c(O)c(C(=O)O)c5)CCC4(C)C3CCC12C.N
mol_9127,CC#CCCCC1(C)CCNC1=S
mol_9128,CCOC(=O)CC(=O)Cc1oc2c(C(C)=O)c(O)c(C)c(O)c2c1C
mol_9129,N.Nc1nc(O)[n+]2ncn(CCP(=O)(O)O)c2n1
mol_9130,Cc1cc(=O)oc2c(C)c(O)ccc12
mol_9131,NC(CCc1ncc(-c2ccccc2)s1)C(=O)O
mol_9132,Cc1nc2ccccc2nc1CC(=N)c1ccccc1
mol_9133,COc1ccc2c(C)cc(=O)oc2c1
mol_9134,O=C(Cn1c(=O)sc2ccc(Cl)cc21)N1CCN(CCO)CC1
mol_9135,CC(C)C1=C(Cc2ccccc2)C(=O)OC1=Cc1cc(Cl)c(O)c(Cl)c1
mol_9136,O=C(Nc1cc(C(F)(F)F)ccc1Cl)C(=O)C(C(=O)c1ccc2ccccc2c1)C1OC(=O)c2ccccc21
mol_9137,COc1ccc(C(Cl)=C(C=O)c2ccccc2)cc1OC
mol_9138,O=C1C(=Cc2cccs2)C(=O)N(CCc2ccccc2)S(=O)(=O)N1CCc1ccccc1
mol_9139,O=C(Nc1ccc2c(O)cc(S(=O)(=O)O)cc2c1)Nc1ccc2c(O)c(N=Nc3ccc4cc(S(=O)(=O)O)ccc4c3)c(S(=O)(=O)O)cc2c1
mol_9140,COc1ccc(C2c3cc4c(cc3OC(O)(CO)C2C(=O)O)OCO4)c(OC)c1.COc1ccc(C2c3cc4c(cc3OC3(O)COC(=O)C23)OCO4)c(OC)c1
mol_9141,Nc1nc(O)c2c(n1)C(=O)NC2
mol_9142,CC(C)(C)C1COP(=O)(OCc2ccccc2)OC1
mol_9143,CC1=CCC23C(C1)OC(Br)(C=CC2(C)O)C3(C)C
mol_9144,CN1CCCN(C)CCCN(C)CCCN(C)CCC1
mol_9145,CC1(C)OC2CC3COC(=O)C3CC2O1
mol_9146,COc1cc2c(c(OC)c1OC)CCC1(C)C(=O)NN=C21
mol_9147,O=C1CCN(CCC(F)(F)C(F)(F)C(F)(F)C(F)(F)F)C(=S)N1
mol_9148,CC(=O)N(C(C)=O)c1c(C)cc(-c2cccs2)oc1=O
mol_9149,Cl[Pt-2]12NCCS[S+]1CCN2
mol_9150,CCCCCCC1CCC2CCCC(C)N12
mol_9151,COc1c(C)c2c(c(=O)c3c(C)cccc3n2C)c2c1c(=O)c1c(C)cccc1n2C
mol_9152,COC(=O)c1ccccc1C1CN=NC12Cc1cc(C)c(C)cc1C2=O
mol_9153,C[Si](C)(C)OC1(C#N)C2C3CC4C2C(=O)C2C4C3C21
mol_9154,c1ccc(CCC2=Nc3ccccc3CO2)cc1
mol_9155,Cc1ccc(OCC(=O)N2N=C(c3ccccc3)CC2(O)c2ccccc2)cc1
mol_9156,Oc1nncc(NN=C(C=Cc2ccc(CC(=NNc3cnnc(O)c3Cl)c3ccccc3)cc2)c2ccccc2)c1Cl
mol_9157,O=C(c1ccncc1)n1nc(-c2ccccc2)c(N=Nc2ccccc2[N+](=O)[O-])c1-c1ccccc1
mol_9158,C[PH](C)(C)[Ir+]12([PH](C)(C)C)([PH](C)(C)C)C3=C1CCC(C1C=Cc4ccccc41)[C-]2CC3
mol_9159,COC(=O)c1cc(C(=CCCC(C)C2CCC3C4CCC5CCCCC5(C)C4CCC23C)c2cc(Cl)c(OC)c(C(=O)OC)c2)cc(Cl)c1OC
mol_9160,CN1C(=O)N(C)C2CC(=O)c3ccc(C(F)(F)F)cc3N2C1=O
mol_9161,CCc1nn(Cc2ccccc2)c2nc(C)c(CCc3ccccc3)c(Cl)c12
mol_9162,O=S1(=O)c2ccccc2N(c2ccccc2)c2nnnn21
mol_9163,CC1(C)CC(=O)CC(C)(C)ON1
mol_9164,CCCC1(n2c(=O)c3ccc4c(=O)n(C5(CCC)CCCCC5)c5ccc(c2=O)c3c45)CCCCC1
mol_9165,O=C(c1cccs1)N(C(=S)N1CCN(c2ccccn2)CC1)c1ccccc1
mol_9166,N#Cc1c(N)oc(-c2cccc([N+](=O)[O-])c2)c1C#N
mol_9167,O=C(NC(CO)CO)c1ccc2cc(C(=O)N3CC(CCl)c4ccc([N+](=O)[O-])cc43)[nH]c2c1
mol_9168,O=C1CSC(c2c[nH]c3ccccc23)N1c1ccc(Cl)cc1Cl
mol_9169,O=C(CSc1nnc(-c2ccc(Cl)cc2)s1)Nc1nccs1
mol_9170,Cc1noc(-c2ccc(C(=O)O)[nH]2)c1Br
mol_9171,O=C(N=NC(=O)Oc1ccccc1)Oc1ccccc1
mol_9172,N#CC1(C2SCCS2=O)C2=C(C(=O)c3ccccc3C2=O)N2CCCC21
mol_9173,CC(C)(NC(=O)OCc1ccccc1)C(=O)OC(=O)C(C)(C)NC(=O)OCc1ccccc1
mol_9174,CCCCNC(=O)OCC(COc1ccccc1OC)OC(=O)NCCCC
mol_9175,O=c1c2cc([N+](=O)[O-])ccc2sc2ccsc12
mol_9176,N=c1[nH]c(=O)n(C2OC(CO)CC2F)cc1F
mol_9177,O=Nc1ccc(O)cc1O
mol_9178,Nc1c(N=Nc2ccc([N+](=O)[O-])cc2)c(S(=O)(=O)O)cc2cc(S(=O)(=O)O)c(N=Nc3ccccc3)c(O)c12
mol_9179,BrC1=C(Br)C2(SCCS2)C2CC1c1ccccc12
mol_9180,CC1CC2(O)C3CC(F)C4=CC(=O)CCC4(C)C3C(O)CC2(C)C1(O)C(=O)CO
mol_9181,S=C1OC2C3C4CC5C3C(O1)C1C5C4C21
mol_9182,COC(=O)C=Cc1ccc2c(c1)CC1(C2)Cc2cc3c(cc2C1=O)CCC3
mol_9183,O=c1cc(CN2CCCCC2)nc2ccc3c(O)cc(CN4CCCCC4)nc3n12
mol_9184,CCSC(=O)N1c2ccc(OC)cc2C=CC1C#N
mol_9185,N=CNS(=O)(=O)c1ccc(NC(=O)COC(=O)c2cccc3c(=O)c4ccccc4[nH]c23)cc1
mol_9186,Cc1ccnc(NC(=O)Nc2ccccc2Cl)c1
mol_9187,CC1(C)CCCC2(C)C1CCC1(CO1)C2C=CC(C=O)CC=O
mol_9188,[O-][Cl+3]([O-])([O-])[O-].c1ccn2c(N3CCOCC3)[n+]3c4ccccc4[n+]4c(N5CCOCC5)n5ccccc5c4c3c2c1
mol_9189,Cc1cccc(-n2nc3c(=O)n(C)c(=O)n(C)c3nc2=O)c1
mol_9190,O=[N+]([O-])c1ccc2nc(C(=NNc3ccccc3)C(O)c3ccccc3Cl)c(O)nc2c1
mol_9191,CCOC(=O)N1C2C=CC(C2)N1C(=O)Nc1ccc(Cl)cc1
mol_9192,[N-]=[N+]=C1C(=O)NC(=O)N2C3CC(O)C(COC12)O3
mol_9193,COC1(OC)C2(Cl)C(Cl)=C(Cl)C1(Cl)C1c3ccc(C(C)=O)c4cccc(c34)C12
mol_9194,C[n+]1c(COc2ccc(C=NNC(=O)c3cccc(C(=O)NN=Cc4ccc(OCc5cn6ccccc6[n+]5C)cc4)c3)cc2)cn2ccccc21.Cc1ccc(S(=O)(=O)O)cc1
mol_9195,CCN(CC)CC(=O)Nc1ccc(C(=O)OCC(C)C)cc1
mol_9196,O=C(C=C(C(=O)c1cccs1)c1cccs1)c1ccc(C(=O)C=C(C(=O)c2cccs2)c2cccs2)cc1
mol_9197,O=S(=O)(NN=C1CC2CCC1C2)c1ccccc1
mol_9198,Cn1cc2ccccc2c1-c1nc(F)nc(Oc2ccc3c(c2)CCC2C3CCC3(C)C(O)CCC23)n1
mol_9199,CC(C)(C)C(=O)C(c1ccc(-c2cscn2)cc1)c1ccc(-c2cscn2)cc1
mol_9200,O=S(=O)(Nc1nc2ccccc2nc1Nc1ccc2ccccc2c1)c1ccccc1
mol_9201,CCOCCOCCOCc1nc(C#N)c(N)o1
mol_9202,c1ccc(-c2sc(-c3ccccc3)c3c2C2CCC3C2)cc1
mol_9203,N=C1NN(c2ccccc2)C(=O)C1C(=O)CCC(=O)Nc1cccc(Cl)c1
mol_9204,Cc1cn(CC2=NCCN2)c(=O)[nH]c1=O.Cl
mol_9205,CCOC(=O)C1=C(O)C(=O)c2ccoc2C1=O
mol_9206,O=C1c2ccccc2-c2nccc3ccnc1c23
mol_9207,COC(=O)C1(Cc2ccc3c(c2)CCC3)Cc2ccc3c(c2C1=O)CCC3
mol_9208,CCCCN=C(OC1C=CCCC1)SC
mol_9209,CCCCCCCCCCCCCCCC(=O)Nc1ccn(C2CCC(COP(=O)(O)OCC3CCC(n4cnc5c(O)ncnc54)O3)O2)c(=O)n1
mol_9210,CCOC(=O)C1Cc2[nH]c3ccccc3c2C(C)C1C
mol_9211,CC1=COC(=O)c2ccccc2N1
mol_9212,Cc1c(C(=O)CC(=O)C(=O)Nc2cc(Cl)ccc2Cl)[n+]([O-])c2ccccc2[n+]1[O-]
mol_9213,CC(C)(C)c1ccc(O)c(C(O)c2ccccn2)c1
mol_9214,O=C(c1ccccc1)N1C(=S)N(c2ccccn2)C(=Nc2ccccc2)C1=Nc1ccccc1
mol_9215,O=C1NC(=O)C(COCc2ccccc2)C2=C1SCCC2
mol_9216,O=C(O)c1ccc2c3c(ncnc13)-c1ccccc1C2=O
mol_9217,N#CC(C(=O)C(=O)C(C#N)c1ccc(Br)cc1)c1ccc(Br)cc1
mol_9218,CCOC(=O)c1c(-c2ccccc2)c(OC)cn1C
mol_9219,C=CC(C)(C=Cc1ccc(O)cc1)CCC=C(C)C
mol_9220,COc1cc(CC2c3cc(OC)c(OC)cc3CCN2C)c(C(=O)O)cc1OC
mol_9221,O=C1Oc2ccccc2C(=O)C1=CN1C(=O)NC(=Cc2ccccc2Br)C1=O
mol_9222,CCc1c(Cc2cc(C)cc(C)c2)n(COCCSc2ccccc2)c(=O)[nH]c1=O
mol_9223,CCOC(=CC(=O)OC)NCCc1c[nH]c2ccccc12
mol_9224,COc1cc(C2SCC(=O)N2c2ccc(-n3c(-c4ccccc4)nc4ccccc4c3=O)cc2)ccc1O
mol_9225,[O+]#C[Mo+]1234(C#[O+])(C#[O+])([Mo+]5678(C#[O+])(C#[O+])(C#[O+])C9=C5[C-]6C7=C98)C5=C1[C-]2C3=C54
mol_9226,Cc1c(COC(=O)NC(C)C)c(COC(=O)NC(C)C)c2n1CSC2
mol_9227,O=C1C=CC(=C(c2ccc(O)cc2)c2ccc(O)cc2)C=C1
mol_9228,COc1cc2c3c(cccc3c1)C(=O)N(CCN1CCCC1)C2=O
mol_9229,COC(=O)c1nc(N)nc(C(=O)OC)c1C(=O)c1ccccc1
mol_9230,Cc1ccc(C=C2NC(=S)N(CN3CCOCC3)C2=O)cc1
mol_9231,COc1ccc(-c2cc(-c3ccc(Cl)cc3)n(C3OC(CO)C(O)C(O)C3O)c(=S)c2C#N)cc1
mol_9232,CCC#CC(O)(C(=O)OC1CC2CCC(C1)N2C)c1ccccc1
mol_9233,CCCCCCCCCCCC[N+](CCCCCCCCCCCC)=C1SCCS1
mol_9234,CCOC(=O)C1Nc2ccc(Cl)cc2C2c3ccccc3OC12
mol_9235,CC(=O)c1c2c(cc3c1CC1(C3)Cc3cc4c(c(C(C)=O)c3C1)CCC4)CCC2
mol_9236,COC(=O)c1cc(C(=CCNC2CCC3(C)C(CCC4C3CCC3(C)C(C(C)CCCC(C)C)CCC43)C2)c2cc(Cl)c(OC)c(C(=O)OC)c2)cc(Cl)c1OC
mol_9237,COC(=O)c1cc(C(=CCCN=[N+]=[N-])c2cc(Cl)c(OC)c(C(=O)OC)c2)cc(Cl)c1OC
mol_9238,O=Cc1c(O)c(C(=O)Nc2ccc3[nH]c(=O)[nH]c3c2)cc2ccccc12
mol_9239,CC1=[O+][Co-4]23(NCCN2CCNC(=O)c2cccc4nc5ccccc5nc24)([O+]=C(C)[C-]1C)[O+]=C(C)[C-](C)C(C)=[O+]3.[Cl-]
mol_9240,CC(C)(C)OC(=O)N1CC(O)OC(c2ccccc2)C1c1ccccc1
mol_9241,CC(=O)C(=CN1CCNC1=S)C(=O)Nc1ccc([N+](=O)[O-])cc1
mol_9242,C=CCNC(=S)N1c2ccccc2NC(=O)CC1C
mol_9243,CC1(C)OC2COC3(C(O)CCO)OC(C)(C)OC3C2O1
mol_9244,O=S(=O)(O)c1ccc2cc(N=Nc3cc(S(=O)(=O)O)c4cccnc4c3O)ccc2c1
mol_9245,CC(OC(C)(C)C)C(NC(=O)C(CCCCNC(=O)OC(C)(C)C)NC(=O)C(Cc1c[nH]c2ccccc12)NC(=O)C(Cc1ccccc1)NC(=O)OCC1c2ccccc2-c2ccccc21)C(=O)NC(Cc1ccccc1)C(=O)NC1CCCC1C(=O)OCc1ccccc1
mol_9246,CCCc1noc(C(F)(F)Sc2ncccn2)n1
mol_9247,CCOC(=O)n1c(=O)nc2c3c(ncn21)Oc1c(c(-c2ccccc2)nn1-c1ccccc1)C3c1ccc(Cl)cc1
mol_9248,CN(C)CCSc1cccc(-c2cc(-c3cccc(SCCN(C)C)c3)ncn2)c1
mol_9249,Cc1ccc(S(=O)(=O)N(C)CC(=O)c2ccccc2)cc1
mol_9250,N#CC(=Cc1ccc(Cl)cc1)c1ccc(C(=O)O)cc1
mol_9251,CNC(=O)NC(CCCCNC(=O)OCc1ccccc1)C(=O)OCc1ccccc1
mol_9252,CC(=O)OC(C(=O)O[Ge](C)(C)C)c1ccccc1
mol_9253,O=c1c2cc(Br)ccc2[nH]c(=S)n1-c1ccccc1
mol_9254,COc1cc2c(cc1O)C(C)C(c1ccccc1OC)O2
mol_9255,CC(C)(C)c1onc2c1C(=O)c1ccccc1-2
mol_9256,NCCc1ccc(O)c(O)c1
mol_9257,CC(=O)C(=Cc1ccc(C#N)cc1)C(=O)c1ccccc1
mol_9258,COc1ccc2nc3ccc(OC)cc3c(S(=O)(=O)Cc3ccc([N+](=O)[O-])cc3)c2c1
mol_9259,Oc1c2cc(Cl)cc1COCc1cc(Cl)cc(c1O)COCc1cc(Cl)cc(c1O)COC2
mol_9260,CCOC(=O)c1cc(Sc2ccc(N)c(C(=O)OCC)c2)ccc1N
mol_9261,O=c1n(-c2ccccc2)c(=O)n2n1C1C=CC2C2C(C1)C2(Cl)Cl
mol_9262,O=C1c2ccccc2-c2c1c(-c1ccccc1)c1n2C2(C(=O)c3ccccc3C2=O)C2C(=O)N(c3ccccc3)C(=O)C12
mol_9263,COC(=O)C(C#N)=C(Nc1ccccc1)N1CCOCC1
mol_9264,CC(NC(=O)C(OC(=O)C(C)NC(=O)OC(C)(C)C)C(C)C)C(=O)OC(C(=O)O)C(C)C
mol_9265,CCOC(=O)c1cc(-c2ccccc2)c(=O)c(OC)nc1-c1ccccc1
mol_9266,O=C(O)c1[nH]c(C(=O)O)c(CC(F)(F)C(F)(F)C(F)(F)F)c1CC(F)(F)C(F)(F)C(F)(F)F
mol_9267,O=C(Sc1sc(=S)sc1SC(=O)c1ccccc1)c1ccccc1
mol_9268,Cn1cnc(N)c1S(=O)(=O)Nc1ccccc1Cl
mol_9269,Cc1c(-c2ccccc2)sc(N=Cc2cc(Br)cc(Br)c2O)c1C#N
mol_9270,Cc1ccc(C(O)C(=NN)c2nc3ccc([N+](=O)[O-])cc3nc2O)cc1
mol_9271,CN1C(=O)C(O)CC1c1ccccc1
mol_9272,CSc1ncc2c(C#N)c3n(C)c4ccccc4n3c(=O)c2n1
mol_9273,COCc1c(C(=O)NCCO)[n+]([O-])c2ccccc2[n+]1[O-]
mol_9274,CCCCCCCCCCOC(=O)c1cc[n+](C)cc1.[I-]
mol_9275,C=C(Nc1ccc(OC)cc1OC)C(=O)Cc1cccc[n+]1[O-]
mol_9276,O=[N+]([O-])c1ccccc1S(=O)(=O)c1ccccc1[N+](=O)[O-]
mol_9277,Cc1ccc(SC[c-]2nc3ccccc3c(C)[n+]2=O)cc1
mol_9278,CC(=O)Oc1ccc(CCC(=O)OC(C(=O)O)C(OC(=O)CCc2ccc(OC(C)=O)c(OC(C)=O)c2)C(=O)O)cc1OC(C)=O
mol_9279,O=c1[nH]c2ccccc2n1C1CCN(CCOc2ccccc2)CC1
mol_9280,Cc1cccc(N2C(=O)C=C(NC(CC(C)C)c3nc4ccccc4[nH]3)C2c2ccccc2)c1
mol_9281,CCCNC(=S)NC=C1C(=O)Oc2ccccc2C1=O
mol_9282,CC12c3c4cc(NC(=O)C(=O)NCc5ccc(-c6ccccn6)nc5)cc3Oc3cc(NC(=O)C(=O)NCc5ccc(-c6ccccn6)nc5)cc(c31)OC1C=C(NC(=O)C(=O)NCc3ccc(-c5ccccn5)nc3)C=C(O4)C12
mol_9283,Cc1ccc(NC(=O)C(=NNc2ccc([N+](=O)[O-])cc2[N+](=O)[O-])C2C(=O)NC(=O)NC2=O)cc1
mol_9284,CCOC(=O)c1cn2c([nH]c3ccccc32)c(C#N)c1=O
mol_9285,CCn1c(-c2ccccc2)csc1=NC(P(=O)(O)O)P(=O)(O)O
mol_9286,Cc1ccc(S(=O)(=O)NC(=O)NC23CC4CC(CC(F)(C4)C2)C3)cc1
mol_9287,O=C(CC(=O)N1N=C(N2CCCCC2)CC1c1ccccc1)Nc1ccc(Cl)cc1
mol_9288,N=C(CSS(=O)(=O)O)NC1CC2CCC1C2
mol_9289,CC(=O)C1CC=C(C)CC1
mol_9290,COc1ccc2c(c1)CCc1cnoc1-2
mol_9291,CC(=O)OCC1OC(NC(=S)Nn2c(=O)[nH]c3ccccc3c2=O)C(OC(C)=O)C(OC(C)=O)C1OC(C)=O
mol_9292,CCCCCCc1cc(C(=O)Nc2ccc(Cl)cc2)nc(S)n1
mol_9293,CN(C)CC1CCCCC1=NOC(=O)c1ccccc1.Cl
mol_9294,COc1c(CC(C)=O)ccc2c1C(=O)c1ccc(C=O)c(OC(C)=O)c1C2=O
mol_9295,Cc1nc(N)c2c(n1)C(C)N(C(=O)c1ccccc1)C2
mol_9296,O=C1C2CCCC3CCCC(C(=O)N1O)C32
mol_9297,O=c1c2ccccc2[nH]c2c(O)ccc(O)c12
mol_9298,[N-]=[N+]=NS(=O)(=O)c1cccc([N+](=O)[O-])c1
mol_9299,C=CCCCCOCOCCOC
mol_9300,CCCCNC(=O)OCC(C)(CCC)COC(N)=O
mol_9301,Nc1ccc(C2=NC(=Cc3cccc(N)c3)C(=O)O2)cc1
mol_9302,CC(=CCCC(=CCS(=O)(=O)CCNC(=N)N)CO)CCC1(C)C(C)=CCCC1C
mol_9303,COc1ccc2[nH]c3c(c2c1)COc1ccccc1C3=O
mol_9304,O=C(O)c1nc(O)nc(O)c1C(=O)O
mol_9305,C#CC(C)(C)OC(=O)C(=[N+]=[N-])C(C)=O
mol_9306,COc1ccc(C2c3cc4c(cc3OC(N3CCOCC3)C2C)OCO4)c(OC)c1OC
mol_9307,Cc1ccc(C)c(NC(=O)C(=O)CC(=O)c2cccc3ccccc23)c1
mol_9308,CCOC(=O)c1c(N)n(-c2ccccc2)c(=S)n(-c2ccccc2)c1=O
mol_9309,CCC1(O)C(=O)OCc2c1cc1n(c2=O)Cc2cc3cc(N)ccc3nc2-1
mol_9310,CCCCC(C=O)(C=C=C(C)C)CC
mol_9311,COc1ccc(C(=NNc2nc3ccccc3n2Cc2ccccc2)C(=O)O)cc1
mol_9312,O=P(Nc1ccc(Cl)cc1)(Oc1ccccc1)N(CCCl)CCCl
mol_9313,COC(=O)c1cc(C(c2cc(C(=O)OC)c(O)c(Br)c2C)C(Cl)Cl)c(C)c(Br)c1O
mol_9314,CC(C)c1cc[n+](C(C(=O)c2ccc([N+](=O)[O-])cc2)=C(S)Nc2cccc(Cl)c2)cc1
mol_9315,O=C(O)C=CC(=O)NCCCCCCNC(=O)C=CC(=O)O
mol_9316,N#CC(C#N)=Cc1ccccc1Cl
mol_9317,O=C(N=C1SCCN1C(=O)C(C(F)(F)F)C(F)(F)F)C(C(F)(F)F)C(F)(F)F
mol_9318,CCCCCC=C(c1cc(F)c(OC)c(C(=O)OC)c1)c1cc(F)c(OC)c(C(=O)OC)c1
mol_9319,Nc1cc(C(F)(F)F)ccc1S
mol_9320,C=CCSCC(NC(=O)COc1ccccc1)C(=O)NC(C(=O)OCc1ccc([N+](=O)[O-])cc1)=C(C)C
mol_9321,COC(=O)C1=C(O)c2cc(C)c(C)c(C#N)c2NC(=O)C1
mol_9322,C=C(C)C(CC=C(C)C)Cc1c(O)cc(OC)c2c1OC(c1ccc(O)cc1O)C(O)C2=O
mol_9323,CC1=CC(C)=Nc2ccccc2N1
mol_9324,Cc1nc(Nc2ccc(Cl)c(Cl)c2)sc1C(=O)C=Cc1ccc2c(c1)OCO2
mol_9325,CNN=C(C=Cc1ccccc1)C(C)C
mol_9326,NC(CSCC(N)C(=O)O)C(=O)O
mol_9327,CC(C)C1COC2(C)CCC(=O)N12
mol_9328,O=c1[nH]c(=O)n(C2CC(O)C(CO)O2)cc1C#Cc1cc(F)cc(F)c1
mol_9329,CN(C)Cc1c[nH]c2ncnc(O)c12
mol_9330,CC#CCCN(CC#N)Cc1ccccc1
mol_9331,COc1cc(OC)c(OC)cc1C=Cc1nccc2ccccc12
mol_9332,c1ccc(-c2cn3nc(N4CCOCC4)sc3n2)cc1
mol_9333,C=CCn1c(N)c(N=O)c(=O)n(C)c1=O
mol_9334,[Cl-].c1ccc([P+](Cc2ccc(C[P+](c3ccccc3)(c3ccccc3)c3ccccc3)cc2)(c2ccccc2)c2ccccc2)cc1
mol_9335,Cc1cc([N+](=O)[O-])ccc1NC(=O)C(=O)C(C(=O)c1ccccc1-c1ccccc1)C1OC(=O)c2ccccc21
mol_9336,N=C1SCc2c1sc1ccccc21
mol_9337,OCC1CC(F)C(n2cnc3c(NC4CC4)ncnc32)O1
mol_9338,CCOC(=O)C1=C(C)N(C2OC(COC(C)=O)C(OC(C)=O)C(OC(C)=O)C2OC(C)=O)C(=O)NC1c1ccccc1
mol_9339,O=C1c2ccccc2C(=C2c3ccccc3C(=O)c3ccccc32)c2ccccc21
mol_9340,O=S1(=O)C=Cc2ccccc2CC1
mol_9341,CCOC(=O)NC1C2CC(=O)C(O2)C1OCc1ccccc1
mol_9342,Cc1cc(C)c(S(=O)(=O)Sc2nnnn2C)c(C)c1
mol_9343,O=C(c1ccccc1)N1OCCC1Nc1ccc(Br)cc1
mol_9344,COc1ccc(-c2nc3sc(-c4ccc(OC)c(OC)c4)nc3s2)cc1OC
mol_9345,CCOC(=O)c1cc(C(=O)c2ccccc2)n2nc(-c3ccc(Cl)cc3)ccc12
mol_9346,CNC(=O)C(C)C1C(=O)C(=C(O)C=CC(C)C)C(=O)N1C1CCC(O)C(C)O1
mol_9347,Cc1ccc(S(=O)(=O)N2CCCSCC2)cc1
mol_9348,O=C(O)c1ccccc1C(c1cc(Br)c(O)c(Br)c1)c1cc(Br)c(O)c(Br)c1
mol_9349,CC(O)(c1ccncc1)c1cc2ccccc2n1S(=O)(=O)c1ccccc1
mol_9350,CC(NC(=O)C(NC(=O)OC(C)(C)C)C(C)C)C(=O)N1CCCC1C(=O)NCC(=O)NC(C(=O)NCC(=O)O)C(C)C
mol_9351,CCC(=O)c1ccc2[nH]c3c(C)c4c(O)cc(C)nc4c(C)c3c2c1
mol_9352,O=C(Cc1ccccc1)NN1C(=O)C(Cl)C1c1ccc([N+](=O)[O-])cc1
mol_9353,CSCCCNC(=O)c1csc(-c2c[s+]c(CCNC(=O)CNC(=O)CNC(=O)CNC(=O)OC(C)(C)C)[nH]2)n1
mol_9354,CCC(C=CC1OC(=O)C=CC1C)=CC(C)CC=CC(C)=CC(CO)C(=O)C(C)C(O)C(C)CC(C)=CC(=O)O
mol_9355,CC(=C(C(=O)O)C(=O)O)c1cc(-c2cccs2)cc(-c2ccc(Cl)cc2)c1O
mol_9356,COc1cc2c(cc1OC)C(=O)C(=Cc1ccc([N+](=O)[O-])cc1)CC2
mol_9357,COc1cc(C(c2cc(OC)c(OC)c(OC)c2)N2C(=O)CCC2C(=O)O)cc(OC)c1OC
mol_9358,C[N+]1=[O+][Co-4]2345[O+]=[N+](C)[N-]N2c2ccccc2[S+]3CC[S+]4c2ccccc2N5[N-]1
mol_9359,N#CC1=C(N)OC(c2cccc([N+](=O)[O-])c2)C1(C#N)C#N
mol_9360,O=C1Nc2ccccc2C1=NNc1nc(-c2ccc(Cl)c(Cl)c2)cs1
mol_9361,Nc1ncnc2c1sc1nc3ccccc3n12
mol_9362,N#Cc1ncn(Cc2ccccc2)c1N
mol_9363,CCOC(=O)Cc1cc(=O)oc2c3c(cc(OC(C)C)c12)OC(C)C(C)C3=O
mol_9364,CCCON=Cc1c2c(O)c3c(O)c(C)c4c(c3c1O)C(=O)C(C)(OC=CC(OC)C(C)C(OC(C)=O)C(C)C(O)C(C)C(O)C(C)C=CC=C(C)C(=O)N2)O4
mol_9365,CCSCCCCCCCCCCC(=O)OCC1OC(n2cc(C)c(=O)[nH]c2=O)CC1N=[N+]=[N-]
mol_9366,CC(=O)NCCSSCCSC(=S)N1CCCCC1
mol_9367,COc1cccc2c1ccc1nonc12
mol_9368,Cc1ncc([N+](=O)[O-])n1CCNC(=O)CCCn1cnc([N+](=O)[O-])n1
mol_9369,O=C1CC(NC(=O)C(F)(F)F)c2c(Br)sc(N3CCC(c4ccccc4)CC3)c21
mol_9370,CNC(C)C(NC)c1ccccc1.Cl
mol_9371,COc1ccc(C=CC(=O)c2sc(NC(=S)NC(=O)c3ccccc3F)nc2C)cc1OC
mol_9372,COc1ccc(NC(=O)C(=CN2C(=O)C(=Cc3ccc(OC)c(OC)c3)NC2=S)C(C)=O)cc1
mol_9373,CCN(CC)CC(C)=C(c1ccccc1)c1ccccc1S(N)(=O)=O
mol_9374,c1csc(-c2sc(-c3ccsc3)cc2Cc2ccsc2)c1
mol_9375,CCOC(=O)c1cc(C2(O)CCN(CC(C)CC)C2=O)c(-c2cc(C)no2)[nH]1
mol_9376,Cc1nnc(SCC2=C(C(=O)O)N3C(=O)C(NC(=O)Cn4cc(Cl)c(=O)c(Cl)c4)C3SC2)s1
mol_9377,Cc1cn(C2CC(F)C(COC(=O)CCCCCCCCCCCN=[N+]=[N-])O2)c(=O)[nH]c1=O
mol_9378,COC(=O)c1cnn2c1ccc1ccccc12
mol_9379,CC(C=NNC(=N)N)=NNC(=N)N.O=C(O)c1cc2ccccc2c(Cc2c(O)c(C(=O)O)cc3ccccc23)c1O
mol_9380,CCC1OC2CS(=O)(=O)CC2O1
mol_9381,CCCCc1ccc(OC2OC(CO)C(O)C(O)C2O)cc1.ClC(Cl)Cl
mol_9382,COC(=O)C1=C(C(=O)OC)C2C(C)=CC(C)=CN2C(C#N)=C(SC)S1
mol_9383,COC(=O)C1(C(=O)OC)CC(=O)c2cc3c(cc2-c2c(cc(OC)c(OC)c2OC)C1)OCO3
mol_9384,O=C(Cn1c2c(c3ccccc31)CCCC2)NC1CCCCC1
mol_9385,O=P1(Cl)OCC2(CO1)COP(=O)(Cl)OC2
mol_9386,CCOC(=O)CCC(NC(=O)C(CCC(=O)OCC)NC(=O)C(Cc1ccc([N+](=O)[O-])cc1)NC(C)=O)C(=O)NNC(=O)OC(C)(C)C
mol_9387,COc1ccc(N2C(=O)c3cc([N+](=O)[O-])cnc3S2(=O)=O)cc1
mol_9388,C[N+](C)([O-])CCCNc1c2ccccc2nc2cccc([N+](=O)[O-])c12.Cl
mol_9389,N#CCCN(CCN(CCN(C(=O)Nc1ccccc1)c1ccccc1)C(=O)Nc1ccccc1)C(=O)Nc1ccccc1
mol_9390,C=CCn1c2c(c3ccccc3c1=O)C(=O)c1ccccc1-2
mol_9391,O=C(NN1CCOC1=O)OCCCl
mol_9392,S=c1[nH]c2c(S)nnc(S)c2n1Cc1ccccc1
mol_9393,CC1=[N+]2c3ccccc3[SH+][Co-4]2(O)(O)(O)[OH+]c2ccc3c(C)cc(=O)oc3c21
mol_9394,CC(Nc1cc(=O)n(C)c(=O)[nH]1)c1ccccc1
mol_9395,Nc1nc(N)c(N=Nc2ccc(S(=O)(=O)NC(=O)c3ccccc3)cc2)c(O)n1
mol_9396,Cc1ccccc1-n1c(=S)[nH]c2c(sc(=O)n2-c2ccccc2C)c1=O
mol_9397,COC1C(O)C(C)OC(OC2C(Oc3cccc4c(O)c5c(=O)oc6ccc(C)c7c(=O)oc(c34)c5c67)OC(C)C3OC(c4ccccc4)OC32)C1O
mol_9398,CC(C)c1oc(=O)cc2c1C(O)C1OC(=O)C3(C)C(O)C4OC4C2(C)C13
mol_9399,CC(=O)n1[nH]c(=O)n(-c2ccc(Cl)cc2)c1=O
mol_9400,O=C(O)C1C2CCC(O2)C1C(=O)O
mol_9401,COc1ccc2c(c1)CC1Cc3cc(OC)c(OC)cc3CN1CC2
mol_9402,Clc1cccc(-c2ccc[nH]2)c1
mol_9403,COC(=O)c1ccccc1C1CN=NC12Cc1cccc(C)c1C2=O
mol_9404,O=[N+]([O-])c1ccc(S(=O)(=O)N=[IH2]c2ccccc2)cc1
mol_9405,CCCCCCCC(=O)NCC(O)CNC(=O)CCCCCCC
mol_9406,Cc1cc(S(=O)(=O)N=c2nc(Nc3ccccc3)[nH]n2C)c(S)cc1Cl
mol_9407,N=C1NC(=O)N[Cu-3]2(N1)NC(=N)NC(=O)N2
mol_9408,O=C(NN=C(C1=Nc2ccc(Cl)cc2NC1O)C(O)C=Cc1ccccc1)c1ccncc1
mol_9409,O=c1ccc(=O)n(-c2ccc(Br)cc2)[nH]1
mol_9410,Cc1ccc(S(=O)(=O)O)cc1.N=C(NO)NN=CC1CCCCC1
mol_9411,N#Cc1sc2c(c1OC(=O)c1ccccc1)c(=O)n(-c1ccccc1)c(=S)n2-c1ccccc1
mol_9412,O=Cc1c(O)nc2ccccc2c1O
mol_9413,C=CCc1cc(C(CC)=C(CC)c2ccc(OCCN(CC)CC)c(CC=C)c2)ccc1OCCN(CC)CC
mol_9414,COc1ccc(N)c(CC2c3ccccc3CCN2C)c1.Cl
mol_9415,Cc1c([N+](=O)[O-])oc2c1C(=O)NCCC2
mol_9416,O=C1CCCC2OC(COC(=O)c3ccccc3)CC2O1
mol_9417,CC12CC3CC(C)(C1)CC(N=[N+]=[N-])(C3)C2
mol_9418,CC(C)C(N)S(=O)(=O)O
mol_9419,CCOC(=O)c1c(NC(=S)Nc2ccccc2)sc2c1CCN(C)C2
mol_9420,Cn1cc2ccccc2c1-c1nc(F)nc(Nc2ccc(N)cc2)n1
mol_9421,COc1ccc(C(=O)ON=C2CCCC2=Cc2ccccc2)cc1
mol_9422,Clc1c(Cl)c(Cl)c2nn(C3CCCO3)nc2c1Cl
mol_9423,COc1cc(Nc2nc3ccccc3nc2C(=O)O)cc(OC)c1OC
mol_9424,CCOC(=O)c1ccc(C)c(N=NN(C)C)c1
mol_9425,O=C1CC2C(=O)N(Cc3ccccc3)C1C=C2S(=O)(=O)c1ccccc1
mol_9426,Oc1nnc(O)c2c1[nH]c(=S)n2-c1ccccc1
mol_9427,CCCCc1ccc(-n2sc3ncccc3c2=O)cc1
mol_9428,COc1ccc(C(=O)O)c2c(=O)c3cccnc3[nH]c12
mol_9429,O=C(c1ccc(Cl)cc1Cl)N(C(=O)N1CCCCC1)c1ccccc1
mol_9430,NNC(=O)NP(=O)(NC(=O)NN)NC(=O)NN
mol_9431,CCCCCCCCCCCC(=O)OCCOCCOCCOCCOCCOCc1ccccc1
mol_9432,COC(=O)C1(O)CC(C)C=C1C=O
mol_9433,N#Cc1ccc(SSc2ccc(C#N)cc2)cc1
mol_9434,COC(=O)C1C(C(=O)OC)C1(Br)CBr
mol_9435,Nc1ccc(C=Cc2ccc(NC(=O)c3cc(S(=O)(=O)O)c4cccnc4c3O)cc2S(=O)(=O)O)c(S(=O)(=O)O)c1.[NaH]
mol_9436,N#CN=C(NCc1ccccc1)N(Cc1ccccc1)Cc1ccccc1
mol_9437,CC(NC1=NCCO1)c1cccc([N+](=O)[O-])c1
mol_9438,CC1(C)CC(=O)C2=C(C1)OC(N)=C(c1nc(-c3ccccc3)cs1)C2c1ccc(Br)cc1
mol_9439,Cl.NC1CCC(C(=O)C2CCC(O)CC2O)CC1
mol_9440,O=C1CSC(c2ccccc2O)N1c1ccc(Oc2ccc(Cl)cc2)c(Cl)c1
mol_9441,CC1CC(O)C2(O)C13CC(OC(=O)C3O)C1(O)C(=O)OCC12C
mol_9442,CC(=O)NC(C)(C)C1CCC(C)CC1
mol_9443,O=C1C(=Cc2ccccc2)CCCC1=Cc1ccccc1
mol_9444,O=[N+]([O-])c1ccc(C=Cc2ccc(C=Cc3ccc([N+](=O)[O-])cc3[N+](=O)[O-])cc2)c([N+](=O)[O-])c1
mol_9445,COc1ccc(C(=O)C=Cc2ccc(OCC(=O)N3CCN(c4ccccc4)CC3)cc2)cc1
mol_9446,O=C1NC(=S)SC1N=Nc1ccc(S(=O)(=O)Nc2ncccn2)cc1
mol_9447,COc1ccc2oc(=O)c(-c3csc(C)n3)cc2c1
mol_9448,CC(C)(Oc1ccc2c(=O)cc(-c3ccccc3)oc2c1)C(=O)N1CCN(c2ccccc2)CC1
mol_9449,CC1(C)C(=O)C(C)(C)C1O
mol_9450,COc1ccc(C=c2sc3n(c2=O)CCN=3)cc1
mol_9451,O=[N+]([O-])C(=C1NCCN1)C(Cl)=C(Cl)Br
mol_9452,C=C1CN(S(=O)(=O)c2ccc(C)cc2)CCCN(Cc2ccc(C)o2)CCCN(S(=O)(=O)c2ccc(C)cc2)C1
mol_9453,COc1cc(CC2C(=O)OCC2Cc2ccc(OC)c(OC)c2)ccc1O
mol_9454,COc1ccc2cc1Oc1ccc(cc1)CC1c3cc(c(OC)cc3CCN1C)Oc1c3c(cc4c1C(C2)N(C)CC4)OCO3
mol_9455,Nc1nc(Cl)cc(NCC2(CO)CC(O)C2)n1
mol_9456,CC(=O)c1cccc(NC(=O)C(=O)C(C(=O)NN)c2ccccc2)c1
mol_9457,O=C1CCCc2cc3c(cc21)CC1(C3)Cc2cc3c(cc2C1)C(=O)CCC3
mol_9458,N#CC(=CNC(=S)Nc1ccc(S(=O)(=O)Nc2ccccn2)cc1)C(N)=O
mol_9459,O=C(C(=O)n1ccc2ccccc21)n1ccc2ccccc21
mol_9460,CCOC(=O)C1=C(NC)OCC1=NNC(=O)c1ccccc1O
mol_9461,CC(C)CN(CC(C)C)CN1C(=O)C(=Cc2ccc([N+](=O)[O-])cc2)SC1=S
mol_9462,COC(=O)C1Cc2cc3c(cc2C1=O)CCCC3
mol_9463,COC(=O)c1c[nH]cc1CCCCc1c[nH]cc1C(=O)OC
mol_9464,O=c1c2cc([N+](=O)[O-])ccc2n(Cc2ccccc2)n1Cc1ccccc1
mol_9465,COc1ccc(C(=O)C=Cc2ccc(OCC(=O)O)cc2)cc1
mol_9466,COc1ccc(C(=O)C=Cc2ccc(OCCCCCCCCCCOc3ccc(C=CC(=O)c4ccc(OC)cc4)cc3)cc2)cc1
mol_9467,CC(=O)NC(CCCCNC(=O)N(CCCl)N=O)C(=O)NCc1ccccc1
mol_9468,C1CSCCSCCSCCSCCS1
mol_9469,N#CCC(O)CC#N
mol_9470,CN(CCNC(=O)c1cc(-c2ccccc2)nc2ccccc12)CCNC(=O)c1cc(-c2ccccc2)nc2ccccc12
mol_9471,CCOC(=O)c1ccc(CS(=O)(=O)c2ccccc2C(=O)OCC)c([N+](=O)[O-])c1
mol_9472,COC=C(c1cc(Br)c(OC)c(C(=O)OC)c1)c1cc(Br)c(OC)c(C(=O)OC)c1
mol_9473,Cc1nc(N)c(N2CCN(S(N)(=O)=O)CC2)c(O)n1
mol_9474,Oc1ncnc2c1CN(c1ccccc1)C2
mol_9475,CC(C)c1ccc(C=C2CSCC(=Cc3ccc(C(C)C)cc3)C2=O)cc1
mol_9476,CCc1nc2ccc(C(F)(F)F)cc2nc1O
mol_9477,CS(=O)CCN=Cc1ccc(N=Nc2ccc(O)cc2)cc1
mol_9478,CC1CC(C)S(=O)C(C)S1
mol_9479,CCC1(O)CC2CC(=O)OC2C1O
mol_9480,COc1ccc(C(O)C(=NNC(N)=S)c2nc3ccc([N+](=O)[O-])cc3nc2O)cc1OC
mol_9481,CN1C(=O)c2ccccc2C(O)(c2ccccc2)C1(O)c1ccccc1
mol_9482,COc1ccc(C(=O)N=C2N(c3ccccc3)C(=Nc3ccccc3)C(=Nc3ccccc3)N2c2ccccc2)cc1
mol_9483,CC(C=CC=C(C)C=CC1=C(C)C(=O)C(O)CC1(C)C)=CC=CC=C(C)C=CC=C(C)C=CC1=C(C)C(=O)C(O)CC1(C)C
mol_9484,CCOC(=O)C(=Cn1c(=S)[nH]c2cc(C)ccc21)C(=O)c1ccccc1
mol_9485,COc1ccccc1N1CCN(Cn2c(=O)oc3cccnc32)CC1
mol_9486,Cc1c(C)c(C)c2c(c1C)CC2=NO
mol_9487,CCN(CC)C(NC)=[Pd-3]1(Cl)C(=O)CC[N+]1(CC)CC
mol_9488,COc1ccc2c(c1)C(=O)CC=C(C(=O)O)N2
mol_9489,Cc1cccc(C)c1N1C(=O)C2c3[nH]c4ccccc4c3C3CCC(C(C)(C)C)CC3C2C1=O
mol_9490,COc1cccc(C=C2C(=O)N(C(=O)Cc3ccccc3)N=C2C)c1
mol_9491,COc1cc([N+](=O)[O-])c([N+](=O)[O-])c([N+](=O)[O-])c1OC
mol_9492,CC12CCC3C(CCC4=CC(=O)CCC43C)C1CC(C#N)C(=O)N2
mol_9493,CCOC1=C(c2ccccc2)N2CCCCC2O1
mol_9494,O=C1CNCCNCC(=O)Nc2ccccc2-c2ccccc2N1
mol_9495,CCN(CC)CCCN1CC(=O)N2CCCCN2C(=O)C1
mol_9496,CC(=O)OC1C(OCc2cc(=O)oc3c4c(c5c(c23)OC(C)(C)CC5)OC(C)C(C)C4O)OC(CO)C(O)C1O
mol_9497,Cc1ccccc1SSc1ccccc1C
mol_9498,CCN(CCN(CC)C(=O)Nc1ccccc1)C(=O)Nc1ccccc1
mol_9499,Nc1c(Br)cc(-c2cc(Br)c(N)c(Br)c2)cc1Br
mol_9500,Sc1ccc2nncc(S)c2c1
mol_9501,N=C(N)N.O=S(=O)(O)O
mol_9502,N=C(CSS(=O)(=O)O)NCCSS(=O)(=O)O
mol_9503,OC1NC2CC3NC(O)C(O)NC3CC2NC1O
mol_9504,O=[N+]([O-])c1cc(Cl)ccc1S(=O)(=O)N1CCCc2cc(Cl)ccc21
mol_9505,CC1OC(=O)N(CCCC=C2SCCCS2)C1=O
mol_9506,Fc1ccc(Nc2nc(Cl)c3nc[nH]c3n2)cc1Cl
mol_9507,CCCC=[N+]1CCOC(=S)S[Zn-2]12SC(=S)OCC[N+]2=CCCC
mol_9508,Nc1ccc(Nc2cc(O)nc(O)n2)cc1
mol_9509,CSc1sc(=S)sc1C(=O)N(C)c1ccccc1
mol_9510,CCCCc1c2c(nc3c1CCc1cc4cc5c(nc4nc1-3)-c1nc3c(c(CCCC)c1CC5)CCCC3=NOC)C(=NOC)CCC2
mol_9511,O=c1c2cc(S(=O)(=O)Nc3ccccc3)ccc2ncn1NS(=O)(=O)c1ccccc1
mol_9512,CC1C2(C)OC(=N)C(C#N)(C(c3ccccc3)O2)C1(C#N)C#N
mol_9513,Clc1cccc2[nH]ncc12
mol_9514,COc1ccc(-c2cc(=O)c3c(C)cc(O)cc3o2)cc1OC
mol_9515,Cc1ccc(OCC2OC(n3cnc4c(Cl)ncnc43)CC2Oc2ccc(C)cc2)cc1
mol_9516,COc1ccc(C2SC(=N)Nc3c2c(C)nn3C(=O)Cc2ccccc2)cc1
mol_9517,CC(C)(C)OC(=O)N(CCCN)CCCCN(CCCN)C(=O)OC(C)(C)C
mol_9518,COc1ccc(C(C)=C2CCCN(Cc3ccccc3)C2)cc1
mol_9519,CCOC(=O)CCC(NC(=O)c1ccc(Nc2cnc3cc(C(F)(F)F)ccc3n2)cc1)C(=O)OCC
mol_9520,CCCCCNP1(NCCCCC)=NP(NCCCCC)(NCCCCC)=NP(NCCCCC)(NCCCCC)=NP(NCCCCC)(NCCCCC)=N1
mol_9521,O=C(C=Cc1ccc(O)c(O)c1)OC1C(O)CC(OC(=O)C=Cc2ccc(O)c(O)c2)(C(=O)O)CC1O
mol_9522,O=[N+]([O-])c1cccc(-c2cn3c(n2)Cc2ccccc2C3)c1
mol_9523,CCCCOC(=O)c1cc(C(=CCCC2CCC3(C)C(CCC4C3CCC3(C)C(C(C)CCCC(C)C)CCC43)C2)c2cc(Cl)c(O)c(C(=O)OCCCC)c2)cc(Cl)c1O
mol_9524,Clc1ccc(-n2nnc(C3=NCCN3)c2-c2ccccc2)cc1
mol_9525,CC(C)(C)COc1ccc2c3nc4nc(nc5nc(nc6nc(nc(n3)c2c1)c1ccc(OCC(C)(C)C)cc61)c1ccc(OCC(C)(C)C)cc51)c1cc(OCC(C)(C)C)ccc41
mol_9526,S=C1NC(c2ccccc2)=NC(Cc2ccccc2)(c2ccccc2)N1c1ccccc1
mol_9527,CC(C)(C)C1CCC(O)(c2ccccc2)CC1.CC(C)(C)C1CCC(O)(c2ccccc2)CC1
mol_9528,O=C1Oc2ccccc2C(=O)C1=CNC(=S)c1ccncc1
mol_9529,CC(=O)OC1COC(n2c(N)c(C#N)c(-c3ccccc3)c(C#N)c2=S)C(OC(C)=O)C1OC(C)=O
mol_9530,O=C(N=Nc1ccccc1Cl)NNc1ccccc1Cl
mol_9531,CCOC(=O)c1cc(NC(=O)N(CCC#N)CCN(C(=O)NC(Cc2ccccc2)C(=O)NC(CC(C)C)C(=O)NC)c2ccccc2)ccc1OC
mol_9532,CC1(C)CCCCCCCCCC2CC2CCC(C)(C)C1=O
mol_9533,COc1cc(CC2Cc3cccc(O)c(=O)c3C(=O)O2)cc(OC)c1OC
mol_9534,CC(NC(=O)Cc1ccccc1)NC(=O)C(C)C(=O)Nc1ccccc1
mol_9535,CN1CC2CC(=O)CCC2CC1C#N
mol_9536,Cc1cc(C)c2c(c1)CC1(Cc3cc(C)c(C)cc3C1=O)C2=O
mol_9537,Cc1oc2c(c(=O)c1C)CN(Cc1ccccc1)CC2
mol_9538,O=C1OC2C(O)COC23OC(O)CCC13O
mol_9539,CCOC(=O)C(CC(CO)(C(C)=O)C(=O)OCC)C(C)=O
mol_9540,Nc1ccc(S(=O)(=O)NC(CSSCC(NS(=O)(=O)c2ccc(N)cc2)C(=O)O)C(=O)O)cc1
mol_9541,COc1cc(C=Cc2ccc(SC)cc2)cc(OC)c1OC
mol_9542,C[N+](C)(C)CCC[N+](C)(C)CCN1C(=O)c2cccc3cccc(c23)C1=O
mol_9543,CCCCNC(=S)Nc1nc(C(=O)NNS(=O)(=O)c2ccccc2)cs1
mol_9544,S=C1N=C(Cl)C(=Cc2ccco2)N1
mol_9545,COC(=O)c1c(COC(=O)NC(C)C)c2n(c1C)CS(=O)(=O)C2
mol_9546,Cc1ccc(S(=O)(=O)ON=C(CCC(=NOS(=O)(=O)c2ccc(C)cc2)c2ccccc2)c2ccccc2)cc1
mol_9547,O=C1CC(=O)NC(NN2C(=O)CSC2c2ccc(Cl)cc2)=N1
mol_9548,CC(=O)Nc1cc(N=Nc2ccc(NC(=O)c3ccc(N)cc3)cc2C)c(S(=O)(=O)O)cc1N=Nc1ccc(N=Nc2ccc(S(=O)(=O)O)cc2)cc1
mol_9549,O=S1(=O)OCCOS(=O)(=O)C1Cc1ccccc1
mol_9550,O=C1NC(=O)C(=CNC(=S)Nc2cc(Cl)ccc2Cl)C(=O)N1
mol_9551,O=C(CCN1CCCCC1)N1CCc2c([nH]c3ccccc23)C1c1cccnc1
mol_9552,C1CCC(N2CSCSC2)CC1
mol_9553,O=C(O)c1ccccc1O
mol_9554,NC(=O)C(F)(Cc1ccccc1)C(=O)O
mol_9555,COC(=O)c1ccc(C=Cc2cc(O)ccc2O)cc1
mol_9556,Cn1c(=O)[nH]n(-c2ccc3ccccc3c2)c1=O
mol_9557,CN1N=C(c2ccncc2)OC1c1cccc(C(F)(F)F)c1
mol_9558,C1CNCCNCCN1
mol_9559,CC(NC(C#N)CC12CC3CC(CC(C3)C1)C2)c1ccccc1
mol_9560,COc1ccc(Oc2nc3c(N)cc(C(F)(F)F)cc3nc2-c2ccccc2)cc1
mol_9561,CN1CCC(SC2Cc3cc(Cl)ccc3Sc3ccccc32)CC1
mol_9562,CC1OC2COC(C)OC2C(C2CN2)O1
mol_9563,COc1cc2c(cc1O)CN1CCC23C=CC(O)CC13
mol_9564,CC(=O)ON=C(Cl)C(Cl)=NOC(C)=O
mol_9565,Cc1ccc2c(c1)C(c1ccccc1)C1COC(=O)C1O2
mol_9566,O=c1[nH]c2ccc(Cl)cc2o1
mol_9567,S=C(S)N1CCN(c2ccc(Cl)c(Cl)c2)CC1.[NaH]
mol_9568,COC(=O)c1ccc(C=C2Cc3ccccc3C2=O)cc1
mol_9569,Br.COc1cc(CN=c2nc(N(C)C)ss2)cc(OC)c1OC
mol_9570,COc1ccc(C=C2CCCC(=Cc3ccc(O)c(CN4CCCCC4)c3)C2=O)cc1
mol_9571,O=[N+]([O-])OCCOc1ccc([As](=O)(O)O)cc1[N+](=O)[O-]
mol_9572,CCC(Oc1c2ccoc2c(OC)c2oc(=O)cc(O)c12)C(=O)O
mol_9573,NNc1c(Cl)c(=O)n(-c2ccccc2)[nH]c1=O
mol_9574,CN(C)CCC=C1c2ccccc2Sc2ccc(Cl)cc21
mol_9575,CN(C)c1nc(N(C)C)nc(N(C)C23CC4CC(CC(C4)C2)C3)n1
mol_9576,CC#CC(OCC)(OCC)OCC
mol_9577,Oc1nc(O)c2c(n1)CC(c1ccccc1)S2
mol_9578,CSC(=NN=C(C)c1ccc(S(=O)(=O)N(C)c2ccccc2)cc1)SC
mol_9579,NC(=S)NC=Cc1nc2ccccc2nc1O
mol_9580,CC(C)(C)n1c(=O)n(-c2ccccc2)n(C(C)(C)C)c1=O
mol_9581,NC(=O)NC(S(=O)(=O)O)S(=O)(=O)O
mol_9582,CC(=O)OC1C(=O)C(O)C(C)OC1OC1CC2(C)C3CC=C4C(CC(O)C(=O)C4(C)C)C3(C)C(=O)CC2(C)C1C(C)(O)C(=O)C=CC(C)(C)O
mol_9583,COc1ccc(-c2cc(=O)c3c(O)c(OC)c(OC)c(OC)c3o2)cc1
mol_9584,C1=NCCNc2nc3ccccc3cc2C=NCCNc2nc3ccccc3cc21
mol_9585,COc1ccc(C=NNc2nc3ccccc3c(=O)n2-c2ccccc2)cc1
mol_9586,Cc1nn(C(=O)c2ccncc2)c2c1C(c1ccccc1[N+](=O)[O-])SC(=N)N2
mol_9587,COC(=O)C(Cc1ccccc1)NC(=O)C(=CC(C)C)NC(=O)C(CCSC)NC=O
mol_9588,CC(=O)N=C1N(C)C(=Cc2ccc(Cl)cc2Cl)C(=O)N1C=C1C(=O)Oc2ccccc2C1=O
mol_9589,O=c1cc(CBr)c2ccc(O)cc2o1
mol_9590,COc1ccc(NC(=O)CSc2nnc(-c3ccc(N=Cc4ccc(Cl)cc4)cc3)o2)cc1
mol_9591,CCN(CC)CC(=O)Nc1cc(Cl)ccc1OC
mol_9592,N#CC(=Cn1ccc(=O)[nH]c1=S)C(N)=O
mol_9593,Cc1ccc(C=C2C(=O)NC(=O)NC2=O)cc1
mol_9594,COc1cc(C=CC(=O)c2c([O-])on[n+]2-c2ccccc2)ccc1O
mol_9595,O=C1CSC(c2c[nH]c3ccccc23)N1c1cccc([N+](=O)[O-])c1
mol_9596,CCOC(=O)C1Nc2ccc(Cl)cc2C2CCCC12
mol_9597,CC(NCCCCCCNC(C)C(=O)O)C(=O)O
mol_9598,CC(=O)C1c2ccccc2C(C(C)=O)(c2ccccc2)C1c1ccccc1
mol_9599,CC1CCC(=O)NCCCCC(=O)N1
mol_9600,CSc1nc(Br)nc2c1ncn2C1CC(Oc2ccc(C)cc2)C(COc2ccc(C)cc2)O1
mol_9601,CCOC(=O)c1c(NS(=O)(=O)c2ccccc2)sc2c1CCCC2
mol_9602,c1ccc2[nH]c(C3=NCCS3)nc2c1
mol_9603,CC(=O)OC1CCCCC1c1ccccc1
mol_9604,CCCNC(=O)N1C(=O)c2ccccc2S1(=O)=O
mol_9605,CNC(=NN)NS(=O)(=O)c1cc(C)c(Cl)cc1S
mol_9606,COc1cc2c(cc1OC)C1Cc3cc(OC)c(OC)cc3N1CC2
mol_9607,N#Cc1c(-c2ccc(Cl)cc2)[nH]c(=O)n(C2OC(CO)C(O)C(O)C2O)c1=O
mol_9608,CN(C)C(=S)SSC(C)(C)C
mol_9609,COc1ccccc1C(=O)c1c(N2CCCCC2)c(=O)c1=O
mol_9610,CC1=CC(=O)NCCN1C
mol_9611,O=C1CCC(=O)C(C(=O)CCC(=O)Nc2cccc(Cl)c2)C1
mol_9612,CCOc1ccccc1NC(=O)C1=C(C)NC(C)=C(C(=O)Nc2ccccc2OCC)C1c1ccc([N+](=O)[O-])cc1
mol_9613,O=c1c2c3c(sc2nc2n1N=CN(c1ccc(Cl)cc1)C2)CCCC3
mol_9614,COc1cc2c[n+](C)c3c(c2cc1OC)Cc1cc(OS(C)(=O)=O)c(OC)cc1-3
mol_9615,OC1c2cccn2-c2ccccc2SC1c1ccccc1
mol_9616,CCOC(=O)C(C)(C)Oc1ccc2c(C)c(-c3ccc(Cl)cc3)c(=O)oc2c1
mol_9617,O=C(CC1(O)C(=O)Nc2ccccc21)c1ccncc1
mol_9618,N#CC1(C#N)NC(c2ccsc2)C2C(=O)N(c3ccccc3)C(=O)C21
mol_9619,C[N+]1(C2=C([O-])C(F)(F)C2=O)CCOCC1
mol_9620,Oc1ccc2c(c1)OCC(O)(c1ccccc1O)C2
mol_9621,C1CCC2(CC1)CCCN2
mol_9622,COc1ccccc1C=C1NC(=S)NC1=O
mol_9623,Nc1nc(O)c2c(ncn2CC(O)CO)n1
mol_9624,COc1c2c3c4c(c(OC)c(=O)c5c(O)cc(OC)c(c6c(OC)cc(O)c(c1=O)c63)c54)C(C(C)=O)C(C)(O)C2
mol_9625,Nc1nc(Cl)cc(NCC2(CO)CC(OCc3ccccc3)C2)n1
mol_9626,CN1CC2C(C1=O)C(c1ccccc1)ON2C
mol_9627,O=C1CCCC2=C1CC1=C(CCCC1=O)N2c1ccccc1C(=O)O
mol_9628,CC1SC(c2ccc(Cl)cc2Cl)N(NC(=O)c2ccncc2)C1=O
mol_9629,CC1(C)CCCCCCCCCC(C)(CCCO)C1=O
mol_9630,COC(=O)C1COC(=S)N1C(=O)C(C)C(O)C(C)C
mol_9631,Clc1ccc(C2=CC(c3ccccc3)N3C(=NC4CCCCC43)N2)cc1
mol_9632,COc1ccc(C=NNc2nnc3c4ccccc4c4ncccc4c3n2)cc1
mol_9633,O=C(O[Bi](c1ccccc1)c1ccccc1)c1ccccc1
mol_9634,O=C1C(CN2CCCCC2)CCCC1CN1CCCCC1
mol_9635,Clc1ccc([N+]2=C3C=Cc4ccccc4[O+]3[Co-2]23[N+](c2ccc(Cl)cc2)=C2C=Cc4ccccc4[O+]23)cc1
mol_9636,O=C1C(N=Nc2ccccc2)Sc2nc3ccccc3n21
mol_9637,O=C1CN(c2cccc(Cl)c2)C(=O)CN1NCNN1CC(=O)N(c2cccc(Cl)c2)CC1=O
mol_9638,N#CC1(c2nc3ccccc3o2)C(=O)C(=O)N(c2ccc(Cl)c(Cl)c2)C(=O)C1=O
mol_9639,CCOc1ccc2nc3cc(N=Nc4ccc5c(N)c6cc(OCC)ccc6nc5c4)ccc3c(N)c2c1
mol_9640,CC12CC3CCC(=NO)C(C1)C3(N1CCOCC1)CC2=NO
mol_9641,CCOC(=O)c1nnsc1NN=C(C)C
mol_9642,CC1=C(O)C(=O)C2C(=O)C1C(C)C2c1ccc(Cl)cc1
mol_9643,CN1CN(c2ccccc2)C2(CCN(C(=O)OC(C)(C)C)CC2)C1=O
mol_9644,Cc1nc(-c2cccnc2)sc1C(=O)C=Cc1cccc([N+](=O)[O-])c1
mol_9645,O=C1N2Cc3c4ccc5c3CN3C(=O)N6Cc7c(ccc(c7CN1C6(c1ccccc1)C23c1ccccc1)OCCOCCOc1cc(Br)c(Br)cc1OCCOCCO4)OCCOCCOc1cc(Br)c(Br)cc1OCCOCCO5
mol_9646,Cc1nc(N)nc(N)c1N1CCNCC1
mol_9647,O=C(O)CN(c1ccc(F)cc1)S(=O)(=O)c1ccccc1
mol_9648,CCCCN(CC)CC(C(C)=O)c1c(O)c2ccccc2oc1=O.Cl
mol_9649,COc1nc(N)c(N=O)c(=O)n1C
mol_9650,Cc1ccc2c(c1)CC1(C2=O)C(c2ccccc2)C2C(=O)c3ccc(C)cc3C2C1c1ccccc1
mol_9651,CCc1n[nH]c(=O)n1N1C(=O)C2CCCCC2C1=O
mol_9652,NC(=O)c1cnc2sc3ccccc3n2c1=O
mol_9653,CC(C)C(N=C1CC2CCC1(C(=O)Nc1ccccc1O)C2(C)C)c1ccccc1
mol_9654,C=CCNC(=S)NC=Cc1c(C(=O)O)cc([N+](=O)[O-])cc1[N+](=O)[O-]
mol_9655,Cc1c(C#N)c2n(c1C)CCCC(=O)N2
mol_9656,O=C1C=CC(=O)c2c1ccc1c3ccccc3n(-c3ccccn3)c21
mol_9657,CC1(C)COC2=C(C1)C(=O)c1ccccc1C2=O
mol_9658,S=C(NN=CC(=NNC(=S)N1CCCCC1)c1ccccc1)N1CCCCC1
mol_9659,COC(=O)C(C(=O)Cc1ccccc1[N+](=O)[O-])C(=O)OC
mol_9660,COc1ccc(-c2c(-c3ccc(OC)cc3)n3c(=O)n(C)c(=O)n23)cc1
mol_9661,N#Cc1cc2c(n(C3OC(CO)C(O)C(O)C3O)c1=S)CCCCCC2
mol_9662,N#CC(=Cc1ccc2c(c1)OCO2)C(=O)c1ccccc1
mol_9663,COc1cc(OC)c2c(=O)c3ccccc3n3c(C(C)O)cc1c23
mol_9664,CC(C)(O)C=CP(C)(=O)c1ccccc1
mol_9665,N#CCCN(CCC#N)Cc1c(O)c(O)c(CN(CCC#N)CCC#N)c2ccccc12
mol_9666,CCSc1nc2cccc([N+](=O)[O-])c2n1CC
mol_9667,O=[N+]([O-])C=Cc1c[nH]c2c1ccc1ccccc12
mol_9668,CN(CC(=O)O)S(=O)(=O)c1ccc2ccccc2c1
mol_9669,COc1cc(-c2oc3c(OC)c(OC)c(OC)c(OC)c3c(=O)c2OC)cc(OC)c1OC
mol_9670,Nc1nc(O)c2ncn(CC3OCC(CO)O3)c2n1
mol_9671,CCCCCCCCCCCCCCCCCCCCCCCCCCCCCC=C(c1cc(Cl)c(OC)c(C(=O)OC)c1)c1cc(Cl)c(OC)c(C(=O)OC)c1
mol_9672,COc1ccc(C2CC(=O)c3c(cc(OC)c(OC)c3OC)O2)cc1
mol_9673,Cc1cc(C2CCCCC2)n(O)c(=O)c1.NCCO
mol_9674,CCN=C(NC(=O)c1ccc(F)cc1)SCSC(=NC(=O)c1ccc(F)cc1)NCC
mol_9675,Cc1cc(S(=O)(=O)Nc2nnc3cc(C(F)(F)F)cc(C)n23)c(S)cc1Cl
mol_9676,Cc1cc(-c2ccc(N=Nc3c(S(=O)(=O)O)cc4cccc(S(=O)(=O)O)c4c3O)c(C)c2)ccc1N=Nc1ccc2c(S(=O)(=O)O)ccc(N)c2c1O
mol_9677,C[N+]12CC3C4CC(C3C1)C2C4
mol_9678,CC12CCCC3(CC(=O)C(C)(C)C3C(=O)C1)C2
mol_9679,O=C(CC(=O)N(C(=O)c1ccccc1)c1ccc(Cl)cc1)NN=Cc1cc(N=Nc2ccccc2Cl)ccc1O
mol_9680,COc1cccc(C=C2SC(NNc3nc(C)c(C)s3)=NC2=O)c1O
mol_9681,CCOC(=O)C1=C(C)N(Cc2ccccc2)C(C)=C(C(=O)OCC)C1c1ccccc1O
mol_9682,N#CC1(C#N)C2C=CC(C3CCC=C32)C1(C#N)C#N
mol_9683,O=c1c2ccc(Br)cc2nc(-c2ccccc2)n1NC1OC(CO)C(O)C(O)C1O
mol_9684,CC(=O)c1c(O)cc(C)oc1=O
mol_9685,CNC(=O)c1cn(C2OC(CO)C(O)C2O)c2ncnc(N)c12
mol_9686,O=c1[nH]c2ccccc2c(=O)n1N=Cc1ccc(O)cc1
mol_9687,NC(c1ccccc1)(C(F)(F)F)P1(=O)OC(=O)c2ccccc2O1
mol_9688,N#CNC(=N)Nc1cc2ccccc2c2ccccc12
mol_9689,CN(C)c1ccc(C=C2Oc3ccccc3C2=O)cc1
mol_9690,O=C1NC(Cc2ccccc2)C(=O)N2CCCCC12
mol_9691,CC(C)(C)OP(=O)(S)OC(C)(C)C.CCN
mol_9692,Cc1ccc2nc(NC(=S)NCCCCNC(=S)Nc3ccc4cc(C)ccc4n3)ccc2c1
mol_9693,CC1CCC2N(C1)CC1C3(O)CC45OC6(O)C(O)CCC4(C)C6CCC5C3(O)CC(O)C1(O)C2(C)O
mol_9694,COC1=CC(=O)C2C(C1=O)C1c3ccccc3OC(C)(C)C21
mol_9695,CN1C(=O)c2cccc3c([N+](=O)[O-])ccc(c23)C1=O
mol_9696,CCOc1nc(C(=O)O)cc2ccsc12
mol_9697,CCN(CC)C1Oc2cc3c(cc2C(c2cccc(OC)c2O)C1C)OCO3
mol_9698,Cn1c(=O)sc2cc(C(=S)N3CCN(c4ccccc4)CC3)ccc21
mol_9699,O=C1c2cccc(NCCCNCCO)c2C(=O)c2cccc(NCCCNCCO)c21
mol_9700,CCCCCCCCCCC=CCC(=O)SCCNC(=O)CCNC(=O)C(O)C(C)(C)COP(=O)(O)OP(=O)(O)OCC1OC(n2cnc3c(N)ncnc32)C(O)C1OP(=O)(O)O
mol_9701,CC(=O)NC(CCCN(Cc1ccccc1)C(=O)N(CCCl)N=O)C(=O)NCc1ccccc1
mol_9702,CCOC(=O)C(NC(=O)CC)(Nc1ccc(S(=O)(=O)Nc2nc(C)cc(C)n2)cc1)C(F)(F)F
mol_9703,CCOC(=O)C(C(=O)OCC)C1c2ccccc2-c2ccccc21
mol_9704,N#CC1N(C(=O)c2ccc(F)cc2)c2ccccc2N1C(=O)c1ccc(F)cc1
mol_9705,COc1ccc(C=C2Cc3ccccc3C2=O)cc1
mol_9706,CC1=NC(=Cc2ccccc2C)C(=O)O1
mol_9707,Cc1cccc(N=Nc2c(C)nn(C(=O)c3ccccc3Cl)c2C)c1
mol_9708,Cc1ccc(NC(S)=C(C(=O)c2ccc([N+](=O)[O-])cc2)[n+]2ccc(C(C)C)cc2)c(C)c1
mol_9709,Cl.Clc1ccc(C2c3ccccc3-c3nc4ccccc4n32)cc1
mol_9710,CN(C)CCNS(=O)(=O)c1ccc(N)cc1
mol_9711,CN(C)CCNC(=O)Cn1cc([N+](=O)[O-])c(=O)c2ccccc21.Cl
mol_9712,NC(CCCCCCCCCCP(=O)(O)O)C(=O)O
mol_9713,CCOC(=O)c1cnc2cc(OCC3CC3)c(OCC3CC3)cc2c1O
mol_9714,Cc1c2c(n3c(nc4ccccc43)c1C#N)SCC2
mol_9715,O=C(O)c1nc2cc(C(F)(F)F)ccc2nc1Nc1ccc(Cl)c(Cl)c1
mol_9716,Cc1cccc2c1C(=O)OC2(c1cccc2ccccc12)c1cccc2ccccc12
mol_9717,COC(=O)C1C(=O)N(C)C(=O)N2CCCC12
mol_9718,Oc1ccc(C2CC(O)c3ccccc3O2)cc1
mol_9719,Cc1ccc(S(=O)(=O)N2CCN3CCN(CCN(C)CCN4CCN(CC4)CCN(S(=O)(=O)c4ccc(C)cc4)CCN(S(=O)(=O)c4ccc(C)cc4)CCN(S(=O)(=O)c4ccc(C)cc4)CCN(S(=O)(=O)c4ccc(C)cc4)CCN4CCN(CCN(C)CCN5CCN(CC5)CCN(S(=O)(=O)c5ccc(C)cc5)CCN(S(=O)(=O)c5ccc(C)cc5)CCN(S(=O)(=O)c5ccc(C)cc5)CC2)CC4)CC3)cc1
mol_9720,CCCCCCCCCCCCSCC12c3ccccc3C(c3ccccc31)C(C(=O)O)C2C(=O)O
mol_9721,CC(NC(=O)C1CC1(C)CO)c1cccc2ccccc12
mol_9722,O=C(O)Cn1cc([N+](=O)[O-])c(=O)c2ccccc21.[NaH]
mol_9723,CCCC(Cl)=NOC(=O)Nc1cccc(F)c1
mol_9724,CCOC(=O)C1c2[nH]c3ccccc3c2CCN1C(=O)c1ccco1
mol_9725,CC(OC(C)(C)C)C(NC(=O)C(CCCCNC(=O)OC(C)(C)C)NC(=O)C(Cc1c[nH]c2ccccc12)NC(=O)C(N)Cc1ccccc1)C(=O)NC(Cc1ccccc1)C(=O)NC1CCCC1C(=O)O
mol_9726,CCC1N2CCCCC2C2c3[nH]c4ccccc4c3CCN21
mol_9727,O=C(O)CN(CCN(CC(=O)O)CC(=O)O)CC(=O)O
mol_9728,Oc1cc(N=Nc2ccc(Cl)cc2)nc(O)n1
mol_9729,CC1(C#N)N(C(=O)c2ccccc2)c2ccccc2N1C(=O)c1ccccc1
mol_9730,COc1ccc(Cl)cc1C(=O)c1cc(Cl)cc(S(=O)(=O)N(C)C)c1OC
mol_9731,COc1c(O)c2c(c(O)c1C(C)C)C(=O)C(O)=C1C(C)(C)CCCC12C
mol_9732,CN(C)c1ccc(C(=C2C=CC(=[N+](C)C)C=C2)c2cc(S(=O)(=O)O)cc3cc(S(=O)(=O)O)ccc23)cc1
mol_9733,COC(OC)c1c2c(O)c3c(O)c(C)c4c(c3c1O)C(=O)C(C)(OC=CC(OC)C(C)C(OC(C)=O)C(C)C(O)C(C)C(O)C(C)C=CC=C(C)C(=O)N2)O4
mol_9734,CSCCC(NC(=O)OCc1ccccc1)NC(=O)OCc1ccccc1
mol_9735,CCCNc1c(Cl)cc(Cl)c2[nH]c3ccccc3c(=O)c12
mol_9736,O=C(Nc1ccc(Cl)c(C(F)(F)F)c1)C(=O)c1c(O)c2ccccc2oc1=O
mol_9737,CNC(=O)OCc1cc(C(=O)NCCCNCCCNC(=O)c2ccc([N+](=O)[O-])c(COC(=O)NC)c2)ccc1[N+](=O)[O-].Cl
mol_9738,Clc1ccccc1C1SCc2nc3ncccc3n21
mol_9739,CCCCc1nc(C)oc1C(C)C
mol_9740,CC(=O)c1ccc(NC(=O)C(=O)CC(=O)c2sc(-n3nc(-c4ccccc4)cc3-c3ccccc3)nc2C)cc1
mol_9741,[O+]#C[Mo](C#[O+])(C#[O+])C#[O+].c1ccc(P(CCP(CCP(c2ccccc2)c2ccccc2)c2ccccc2)CCP(c2ccccc2)c2ccccc2)cc1
mol_9742,Cc1cn(C2CC(n3cncn3)C(C(C)O)O2)c(=O)[nH]c1=O
mol_9743,CN(C)CC1CCCCC1=NOC(=O)c1ccc(Cl)cc1.Cl
mol_9744,CC(CO)C1=C(O)C(=O)c2c(ccc3c2CCCC3(C)C)C1=O
mol_9745,CC(CNNC(=N)N)NNC(=N)N.O=S(=O)(O)O
mol_9746,COC(=O)CNC(=O)C(CC(C)C)NC(=O)C(CC(C)C)NC(=O)C(C)NC(=O)OCc1ccccc1
mol_9747,O=C(c1ccccc1)C1Nc2cnccc2C2c3ccccc3CC12
mol_9748,C=C(COC(=O)C(C)C)C1Oc2ccc(C(C)=O)cc2C1OC(=O)C(C)C
mol_9749,CCOC(=O)c1c(C)nn2c1ccc1ccccc12
mol_9750,NC(=S)NP(=O)(NC(N)=S)NC(N)=S
mol_9751,[Cl-].c1cc(C[S+]2CCCC2)sc1C[S+]1CCCC1
mol_9752,N=c1[nH]n2cc3c(nc2c1N=Nc1ccccc1)-c1ccccc1C3
mol_9753,CNC(=O)CNC(=O)C(NC(=O)CNC(=O)C1CCCN1C(=O)C(C)NC(=O)C(NC(=O)OC(C)(C)C)C(C)C)C(C)C
mol_9754,NS(=O)(=O)c1nnc(NC(=O)c2ccccc2)s1
mol_9755,Cc1nc2nnc(C)n2c2c1C(=O)Nc1ccccc1N2
mol_9756,Cc1cccc(N=NC(=O)NNc2cccc(C)c2C)c1C
mol_9757,COc1ccc(-c2nnc(-c3nsc4ccccc34)o2)cc1
mol_9758,OCC1C(CO)C2CCC1C2(c1ccccc1)c1ccccc1
mol_9759,COc1ccc(-n2nc(C)cc(Cl)c2=O)cc1
mol_9760,O=C1NC(N2CCCC(CO)C2)=NC1=Cc1ccc(O)cc1
mol_9761,CCC(=S)N(C)O
mol_9762,COc1ccc(C=C2N=C(N3CCOCC3)NC2=O)cc1
mol_9763,Br.CCN1C(=O)C(=CNc2ccccc2)SC1=NNc1nc(-c2ccc([N+](=O)[O-])cc2)cs1
mol_9764,CSc1c(C#N)c(O)nc2[nH]nc(C)c12
mol_9765,[N-]=[N+]=NC1CC(n2cc(Cc3cccc(OCc4ccccc4)c3)c(=O)[nH]c2=O)OC1CO
mol_9766,Cc1ccc(S(=O)(=O)Nn2c(S)c(C#N)c(-c3ccc(Cl)cc3)c(C#N)c2=O)cc1
mol_9767,O=C(O)c1cccc(C=Cc2ccc(N=Nc3cc(S(=O)(=O)O)c4cccnc4c3O)cc2C(=O)O)c1.[NaH]
mol_9768,COS(=O)(O)=[OH+].C[n+]1c2ccccc2c(CNCC(=O)O)c2ccccc21
mol_9769,NC(=O)C(=O)NN=C1C(=O)N(c2ccc(Cl)cc2Cl)C(=O)C1C(=O)Nc1ccc(Cl)cc1Cl
mol_9770,COc1cc(C2Oc3cc(C4Oc5cc(O)cc(O)c5C(=O)C4O)ccc3OC2CO)ccc1O
mol_9771,COc1ccc2[nH]cc(C3C4CCC(C4)C3NCc3cccc(CNC4C5CCC(C5)C4c4c[nH]c5ccc(OC)cc45)c3)c2c1
mol_9772,CC(=O)OC1CC2C(=S)Nc3cc4c(cc3C(=O)N2C1)OCO4
mol_9773,CCN(CC)C(=O)CCN1CC1
mol_9774,O=C(NC(=Cc1ccc([N+](=O)[O-])cc1)c1nc2cc(Cl)ccc2[nH]1)c1ccccc1
mol_9775,CSc1nc(NC2OC(COC(C)=O)C(OC(C)=O)C(OC(C)=O)C2OC(C)=O)c(N=CC=Nc2c(NC3OC(COC(C)=O)C(OC(C)=O)C(OC(C)=O)C3OC(C)=O)nc(SC)n(C)c2=O)c(=O)n1C
mol_9776,CCN(CC)C(C(=O)Nc1c(C)cccc1C)N(CC)CC
mol_9777,CCN(c1cccc(NC(=S)Nc2ccccc2N(CC)c2cc(-c3ccccc3)no2)c1)c1cc(-c2ccccc2)no1
mol_9778,CCCN(C)C(=O)COc1cc2c(O)c3c(O)c(C)c4c(c13)C(=O)C(C)(OC=CC(OC)C(C)C(OC(C)=O)C(C)C(O)C(C)C(O)C(C)C=CC=C(C)C(=O)N2)O4
mol_9779,C=CCSSSCC=C
mol_9780,O=[N+]([O-])c1cccc(C2CC(c3ccccc3)=Nc3ccccc3S2)c1
mol_9781,CC1(C)CC2(C)ON=C(c3ccccc3)N2c2ccccc2N1
mol_9782,CC(=O)NNc1nc(C)c(C(=O)NNC(=O)C(=O)Nc2ccc(Cl)cc2)s1
mol_9783,O=C(CC(=O)C1CCOC1=O)C(=O)Nc1ccc(Cl)cc1Cl
mol_9784,Oc1nc2c(c(-c3ccccc3Cl)n1)COCC2=Cc1ccccc1Cl
mol_9785,O=C1c2ccccc2C(=O)C23OC12C(O)C1OC1C31Oc2cccc3cccc(c23)O1
mol_9786,CN1C2c3ccccc3C3C4c5ccccc5C(C31)C(C2[N+](=O)[O-])N4C
mol_9787,Br.c1cc2cc(c1)CNCCNCCNCc1cccc(c1)CNCCNCCNC2
mol_9788,CC(C)(C)C1=C(Br)C(C(C)(C)C)OP1(=O)O
mol_9789,COC(=O)C1=C(C(=O)OC)NC=C2CCCC2=N1
mol_9790,Cc1cccc(C(C)(C)C)c1NC(=O)C(=O)C(c1cnc2ccccc2n1)[N+](=O)[O-]
mol_9791,NC(=O)COc1c(Br)cc(Br)cc1Br
mol_9792,Cc1ccc(S(=O)(=O)c2c(O)c3ccccc3n(C)c2=O)cc1
mol_9793,COc1ccc2c(c1)-c1c(c3cc(OC)ccc3n1CCN(C)C)CC2
mol_9794,O=c1[nH]c(=O)n(C2OC(CO)C(O)C2O)c2nc(-c3ccc(-c4ccccc4)cc3)cnc12
mol_9795,Cc1ccc(C2=NOC3C(=O)N(c4ccc(Cc5ccc(N6C(=O)C7ON=C(c8ccc(C)cc8)C7C6=O)cc5)cc4)C(=O)C23)cc1
mol_9796,CC(C)=CCc1[nH]c2ccccc2c1C1=C(O)C(=O)C(c2c(CC=C(C)C)[nH]c3ccccc23)=C(O)C1=O
mol_9797,COc1ccc2cc(C(=O)NCCc3ccccc3)ccc2c1OC
mol_9798,CN(C(=O)C12C3C4C1C1C2C3C41C(=O)O)C(C)(C)C
mol_9799,N=C1NC(=O)C(CCC(N)=O)N1C(=O)OCc1ccccc1
mol_9800,COC(=O)C=C(C(=O)OC)C1(C)c2cc(C(=O)OC)c(C(=O)OC)c(N)c2C(=N)N1c1ccccc1
mol_9801,O=NN1C(c2ccccc2)CNC(=O)CC1c1ccccc1
mol_9802,COc1cc2c[n+](C)c3c4cc(OC)c(OC(C)C)cc4ccc3c2cc1OC.[Cl-]
mol_9803,CCC(C)C1NC(=O)C2CCCN2C(=O)C(Cc2ccc(O)cc2)NC(=O)C(CC(N)=O)NC(=O)C(CCC(N)=O)NC(=O)C(CO)NC(=O)C(C(C)C)NC(=O)C(N)CSSCC(C(=O)O)NC(=O)C(CCC(N)=O)NC(=O)C(C(C)C)NC1=O
mol_9804,Cc1nc2c(nc1C)C(=O)c1ccccc1C2=O
mol_9805,Cc1cc(Cl)ccc1NC(=O)CCCC(=O)C1CC(=NO)CCC1=NO
mol_9806,O=C1NC(=O)C(=O)C(c2nc3ccccc3s2)C1=O
mol_9807,COC(=O)C1CC(C(=O)OC)c2nc3cc([N+](=O)[O-])ccc3nc21
mol_9808,CC1(C)OC([O-])=C(C#N)C1=C[n+]1ccccc1
mol_9809,COC(=O)C(C(=O)C(=O)Nc1c(Cl)cc([N+](=O)[O-])cc1Cl)c1csc(-n2nc(C3=CCCCC3)cc2-c2ccccc2)n1
mol_9810,N=c1oc2ccccc2cc1-c1nc(O)c2ccccc2n1
mol_9811,O=C1C2c3[nH]c4ccccc4c3C3CCSCC3C2C(=O)N1c1ccccc1
mol_9812,Cc1ccc(S(=O)(=O)O)cc1.N=C(NO)NN=Cc1cccs1
mol_9813,CNS(=O)(=O)NN(C)S(=O)(=O)c1ccc(Br)cc1
mol_9814,CC1(Cl)C2c3ccccc3C(c3ccccc32)C1(C)Cl
mol_9815,O=S(O)CCCSSSCCCS(=O)O.[NaH]
mol_9816,Cc1cccc(N2C(=O)C(=O)C(c3nc4ccccc4s3)C(=NNC(=S)NN)C2=O)c1C
mol_9817,COc1ccc(C(=C2C(=O)N(c3ccccc3)C(=O)C2=C(C)C)c2ccc(OC)cc2)cc1
mol_9818,Cl.N=C(N)c1ccc(C(NC(=O)CNS(=O)(=O)c2ccc3ccccc3c2)P(=O)(Oc2ccccc2)Oc2ccccc2)cc1
mol_9819,O=c1[nH]c(=O)n(C2CC(F)C(CO)O2)cc1CO
mol_9820,Nc1cc(F)c2cccnc2c1O
mol_9821,CN1C(=O)NC(=Cc2ccc(S(=O)(=O)NN)cc2)C1=O
mol_9822,CC(=O)C=Cc1cccc(N=S)c1
mol_9823,O=S1(=O)c2ccccc2NC(=S)CC1c1ccccc1
mol_9824,Cn1ccc(C(=O)NCCOCCNC(=O)c2ccn(C)c(=O)c2O)c(O)c1=O
mol_9825,N#CC(=C(C#N)c1ccccc1)c1ccccc1
mol_9826,CCN1CCC(O)(C=Cc2ccc(C)cc2C)C(C(=O)C=Cc2ccc(C)cc2C)C1.Cl
mol_9827,CCCCNC(=S)SSSSC(=S)NCCCC
mol_9828,S=C1NC2=C(COCC2=Cc2cccc(Cl)c2)C(c2cccc(Cl)c2)N1
mol_9829,O=C1c2cccc3cccc(c23)C(=O)N1c1ccc([N+](=O)[O-])cc1[N+](=O)[O-]
mol_9830,C=CCn1c(=O)c(-c2ccccc2)c(O)c2ccccc21
mol_9831,CC(C)CCCC(C)C1CCC(C2CC(O)C3CC(O)C(O)CC3(CO)C2=O)C1(C)CCO
mol_9832,O=C(O)C1CCCCN1c1ccccc1[N+](=O)[O-]
mol_9833,Cc1ccc2c(=O)c3cccc(CC(=O)O)c3[nH]c2c1C.[NaH]
mol_9834,[O-][Cl+3]([O-])([O-])O.c1ccc(N=c2nc(N3CCOCC3)ss2)cc1
mol_9835,CC1Oc2cc3c(-c4c(O)cc(O)c5c(O)c6c(cc45)OC(C)C(C)C6=O)c(O)cc(O)c3c(O)c2C(=O)C1C
mol_9836,CC(=O)OCC1OC(n2c(C)c(C(C)=O)c(-c3ccc(Cl)cc3)c(C#N)c2=S)C(OC(C)=O)C(OC(C)=O)C1OC(C)=O
mol_9837,CC(CO)C1=C(c2c[nH]c3ccccc23)C2C(C)CC(O)C3(C)C(C)CCC(O)C23CC1
mol_9838,N#CCC(=O)Nc1ccccc1O
mol_9839,CC1C(OCc2ccccc2)COC(=O)N1Cc1ccccc1
mol_9840,N=C(N)NN=C1CCCCC1
mol_9841,CON=C(C(=O)N(C)n1cnnc1)c1csc(NC(c2ccccc2)(c2ccccc2)c2ccccc2)n1
mol_9842,C[N+](C)(C)C.[O+]#C[Cr]1(C#[O+])(C#[O+])(C#[O+])[N+](c2ccccc2)=N[NH+]1c1ccccc1
mol_9843,O=Cc1cc(C(=O)Nc2ccc(C=Cc3ccc(NC(=O)c4cc(C=O)c5cccnc5c4O)cc3S(=O)(=O)O)c(S(=O)(=O)O)c2)c(O)c2ncccc12.[NaH]
mol_9844,O=C(NO)c1ccc(C(=O)NO)c(Br)c1
mol_9845,Oc1cccc2c1NC1=C(CCCC1=Cc1ccccc1)C2
mol_9846,Cl[Pt-4]1(Cl)(Cl)(Cl)NC2CCCCC2N1
mol_9847,COC(=O)C12N=NN(c3ccccc3)C1(C(=O)OC)C1CCC2C1
mol_9848,COc1ccc(C2=C(OC(=O)N(C)C)c3cccn3-c3cc(Cl)ccc3S2)cc1
mol_9849,COC1C=COC2(C)Oc3c(C)c(O)c4c(O)c(cc(OCC(=O)N5CCC(O)(Cc6ccccc6)CC5)c4c3C2=O)NC(=O)C(C)=CC=CC(C)C(O)C(C)C(O)C(C)C(OC(C)=O)C1C
mol_9850,NN=C1C(=NO)CCc2nonc21
mol_9851,CC(=O)OCC1OC(Nc2cc(=O)n(C)c(=O)[nH]2)C(OC(C)=O)C(OC(C)=O)C1OC(C)=O
mol_9852,CCc1c(C)c(SC)n(C)c(=O)c1C#N
mol_9853,O=C1Oc2ccccc2C(=O)C1=C1SSC(c2ccccc2)=C1c1ccccc1
mol_9854,O=C1C=C(O)C(=O)c2ccccc21
mol_9855,NNC(=O)C(=Cc1ccc(Cl)c(Cl)c1)NC(=O)c1ccccc1
mol_9856,CC(=N)C(C#N)C(=S)S
mol_9857,O=[N+]([O-])c1cccc(-c2ncnc(-c3cccc([N+](=O)[O-])c3)n2)c1
mol_9858,COC(=O)c1cc2ccc(O)c(O)c2cn1
mol_9859,Brc1ccccc1C1SCc2nc3ncccc3n21
mol_9860,Cc1ccc(NC(=O)C(=NNC(N)=S)C(C#N)c2ccccc2C)cc1C
mol_9861,COc1ccc2c(c1)C(=O)C13CC(C(=O)O)C(OC(C)=O)(CCC21)C3
mol_9862,CON=C1CC(NC(=O)C(F)(F)F)c2ccsc21
mol_9863,Cc1cc(=O)oc2cc(OCc3nc4ccccc4c(=O)o3)ccc12
mol_9864,O=C1OC(c2ccccc2)N(C(=O)c2ccccc2)C1Cc1ccc(OCc2ccccc2)cc1
mol_9865,Cc1cc(S(=O)(=O)NC(=NN)Nc2ccc(Cl)cc2)c(S)cc1Cl
mol_9866,CC=C1C2C=C(C)CC1(N)c1ccc(O)nc1C2O
mol_9867,COC1CCC(=O)N1CCn1c(SCc2ccccc2)nc2ccccc21
mol_9868,CC(C=CC1=C(C)CCCC1(C)C)=CC=CC(C)=CC(=O)Oc1ccc2c(c1)C(C)=CC(C)(C)N2
mol_9869,O=C1C(=NO)SC(=S)N1N1CCCCC1
mol_9870,CCOC(=O)c1cc(Br)c(-c2onc(C)c2Br)n1C
mol_9871,Cc1cc(C(C)C)cc(=O)c(O)c1
mol_9872,C=C1C(OC(=O)CC(c2ccccc2)N(C)C)CC(OC(C)=O)C2(C)C1CC1CC(OC(C)=O)C(C)=C(C(OC(C)=O)C2OC(C)=O)C1(C)C
mol_9873,CN1C(=N)C(=NO)C(=O)N(C)C1=O
mol_9874,COc1ccc(N2N=NN(C(C)C)C2=C(Cl)c2nnnn2-c2ccc(OC)cc2)cc1
mol_9875,N=C(CCSCCSCCC(=N)NO)NO
mol_9876,C(C[PH](c1ccccc1)(c1ccccc1)c1ccccc1)=C(c1ccccc1)c1ccccc1
mol_9877,COc1ccc2c(c1)C1(C=N2)CCN(C(C)=O)CC1
mol_9878,COC(=O)C1CC(c2ccc(Cl)cc2)=NO1
mol_9879,O=C1OCC(Cl)O1
mol_9880,O=C1C(=Cc2ccccc2)N=C(c2ccccc2)N1n1c(-c2ccccc2)nc2ccccc2c1=O
mol_9881,O=C(CN1C(=O)c2cccc3c(Br)ccc(c23)C1=O)c1ccc(F)cc1
mol_9882,CCCCCCCCCCCCCCCC[n+]1ccc2c(c1)Sc1cc[n+](CCCCCCCCCCCCCCCC)cc1S2
mol_9883,CSc1ccc(N2C(=O)C3c4[nH]c5ccccc5c4C4CCC(C(C)(C)C)CC4C3C2=O)cc1
mol_9884,COc1ccc(C(c2c(O)c3ccccc3oc2=O)N2CCCC2)cc1
mol_9885,COc1cccc2c1[OH+][Ni-2]1([n+]3ccccc3)[S+]=C(Nc3ccccc3)[N-][N+]1=C2
mol_9886,CN(NC(=O)c1ccco1)C1=NCCCCN1.I
mol_9887,CC1CCN(C2=CC(=O)C(=O)c3cccnc32)CC1
mol_9888,Cc1ccc2c(c1)C(=O)N(N(C)C)CC(=O)N2
mol_9889,N#CC(=CNC(=S)c1ccncc1)C(N)=O
mol_9890,CN(NC(=O)c1cccs1)C1=NCCCCN1.I
mol_9891,CC(Oc1ccc(OCC2CCCCC2)cc1)C(=O)O
mol_9892,Cc1cccc(NC(=O)ON=C(Cl)C(C)C)c1
mol_9893,Clc1ccccc1C1=NN(c2ccccc2)C2c3cc(Br)ccc3OCC12
mol_9894,NC(=O)OCC(COc1ccc(Cl)cc1)OC(=O)c1ccccc1Cl
mol_9895,Cc1cn(C2CC(CO)C2O)c(=O)[nH]c1=O
mol_9896,O=[N+]([O-])c1cccc(C(O)C(=NO)c2nc3ccc(Cl)cc3nc2O)c1
mol_9897,Cc1ccccc1[PH](Cc1ccccc1)(c1ccccc1)c1ccccc1C
mol_9898,CC(C)OC(=S)Nc1ccc(Cl)c(C=NOC(C)(C)C)c1
mol_9899,CC1(c2ccc(F)cc2)C(C#N)C(=O)NC(=O)C1C#N
mol_9900,O=C1NC(Cc2ccc([N+](=O)[O-])cc2)C(=O)N2CCCC12
mol_9901,CC(C)=CCN1Cc2cccc3[nH]c(=S)n(c23)CC1C
mol_9902,COC(=O)C=c1sc2n(c1=O)CCCCN=2
mol_9903,CCCCCCCCCCCCCCCc1cc(O)ccc1N=O
mol_9904,C=C(C)C#CC(O)(C(=O)OC1CN2CCC1CC2)C(C)C
mol_9905,CCCCOC(=O)C(=O)C(CC(CC)C(=O)c1ccccc1)C(=O)C=C(C)C
mol_9906,CC(C)(C)c1cc(COc2c3sc(=S)sc3c(OCc3cc(C(C)(C)C)cc(C(C)(C)C)c3)c3sc(=S)sc23)cc(C(C)(C)C)c1
mol_9907,C=CC1C(=C)CCC2C1CCC1C(C)(C(=O)O)CCCC21C
mol_9908,Cc1ccc2nc(NN=Cc3sccc3C)cc(C)c2c1
mol_9909,OC1C2C=CCC1CCC2
mol_9910,O=C(O)CCSSCCCCCS(=O)O.[NaH]
mol_9911,NCCCNCCCCN(CCCN)[N+](=O)[N-]O
mol_9912,Cl.O=C(CCCN1CCc2[nH]c3ccccc3c2C1)c1ccc(F)cc1
mol_9913,COCCN1C2=CCCCC2=Nc2c(O)nc(N)nc21
mol_9914,Cc1cccc(C)c1NC(=O)CCC(=O)NC(=N)NC#N
mol_9915,O=C1CC2CC(CC3(CO3)C2)C1F
mol_9916,CC(=O)OCc1cc(OC(C)=O)cnc1COC(C)=O
mol_9917,O=C1C(C(c2ccc([N+](=O)[O-])cc2)N2CCOCC2)=C(O)C(c2ccccc2)N1c1ccccc1
mol_9918,CC(C)CC(C#CCCOC(=O)c1ccccc1)OC(=O)c1ccccc1
mol_9919,O=C(C=Cc1cccc2ccccc12)c1ccccc1Cl
mol_9920,C=CCC12CC(C=CC13OCCO3)OC(=O)C2C
mol_9921,C[PH](C)(C)[Ir+]123([PH](C)(C)C)([PH](C)(C)C)C4=C1CCC2=C3CC4.[Cl-]
mol_9922,NC(=O)CN(CC(N)=O)C(N)=O
mol_9923,CCOC(=O)CON=CC1=CC(=O)C2CC1C2(C)C
mol_9924,O=S(O)CCCSSc1ccccc1.[NaH]
mol_9925,Cc1ccc2nsnc2c1[N+](=O)[O-]
mol_9926,O=C(O)C1C(C(=O)O)C1(Br)CBr
mol_9927,Cc1c2c(n(CCc3ccc(Cl)cc3)c1C)NC(c1ccccc1)C(C#N)S2(=O)=O
mol_9928,CC(CN1CCCCC1)SSC(C)CN1CCCCC1
mol_9929,Cc1nn(C2=NCCN2)c(O)c1C
mol_9930,Cn1c(=O)c2c3oc(=O)cc(O)c3c(=O)n3c2n(c1=O)-c1ccccc1-3
mol_9931,O=C(c1ccccc1)c1c2ccccn2c2cccc[n+]12.[Br-]
mol_9932,CN1C(=O)CCSC1=S
mol_9933,Fc1ccccc1C=NC12CC3CC(CC(C3)C1)C2
mol_9934,COc1ccc(N=Nc2c(=N)[nH]n3cc4c(nc23)-c2ccccc2C4)cc1
mol_9935,Cc1cc(Cl)c(O)c(C(=O)C(=O)C(O)c2ccc3c(c2)OCO3)c1
mol_9936,COc1ccccc1C1SCC(=O)N1c1ccc(-c2ccc(-n3c(-c4ccccc4)nc4ccccc4c3=O)cc2)cc1
mol_9937,Cc1ccc(C(=O)ON=C2CCCCC2=Cc2ccccc2)cc1
mol_9938,COc1cc2[nH]c(=O)[nH]c2c2c(C)c[nH]c12
mol_9939,COc1cc(C2c3cc4c(cc3OC(Nc3ccccc3)C2C)OCO4)cc(OC)c1O
mol_9940,Nn1c(-c2ccccc2)n[nH]c1=O
mol_9941,O=C1NC(=O)C(Cc2cccc(OCc3ccccc3)c2)C(=O)N1
mol_9942,Cn1cnc2ccccc2c1=S
mol_9943,CSc1nc(N)c2c(-c3ccccc3)c3c(nc2n1)CCCC3
mol_9944,O=c1c2cccnc2ncn1CCN1CCCCC1
mol_9945,CCOc1cc(NCCCN)c2nc(OCc3ccccc3)ccc2c1
mol_9946,C[Si]1(C)C(c2ccccc2)=CC2C(c3ccccc3)(c3ccccc3)OC21c1ccccc1
mol_9947,CCCCc1ccc(Nc2nc(SC)c3nc[nH]c3n2)cc1
mol_9948,CCCc1c(O)nc2ccccc2c1O
mol_9949,O=C1C=CC23CC1C(O)CC2C=Cc1ccccc13
mol_9950,CCNc1nnc(-c2nsc3ccccc23)s1
mol_9951,CC(C)(C)OC(=O)NC(CCCCNC(=O)OCc1ccccc1)C(=O)NCCNc1ccc(NCCNC(=O)C(CCCCNC(=O)OCc2ccccc2)NC(=O)OC(C)(C)C)c2c1C(=O)c1ccccc1C2=O
mol_9952,CC(=O)O.COc1cc(C)cc2c(-c3c(O)cc(O)c4c3CC(C)NC4C)cc(-c3cc(-c4c(O)cc(O)c5c4CC(C)NC5C)c4cc(C)cc(OC)c4c3O)c(O)c12
mol_9953,CCC12C=CCN(C1)C(=O)Cc1c([nH]c3ccccc13)C(=NNC(=O)OC)C2
mol_9954,CC(=O)c1ccc2c(c1)N(CCCN(C)C)c1ccccc1S2.O=C(O)C=CC(=O)O
mol_9955,Cc1cc(N(CCC#N)CCC#N)ccc1N=Nc1cccc(Cl)c1
mol_9956,CC12CCCC(OC(=O)c3ccc(Br)cc3)C(C1)C(=O)CC2
mol_9957,COC(F)(F)C12CC3CC(CC(C3)C1)C2
mol_9958,COc1cccc(CCn2c(N)c(-c3cc(Cl)cc(Cl)c3)c3ccc([N+](=O)[O-])cc3c2=O)c1
mol_9959,Cc1cc2c(c(C(N)=O)c1C)-c1cc(Cl)cc(Cl)c1C2=O
mol_9960,O=C1Nc2ccccc2NC(=O)C1(O)O
mol_9961,O=C(OCCc1ccccc1)c1cc2ccc(O)c(O)c2cn1.O=S(=O)(O)O
mol_9962,COc1ccc(OC)c(NC(=O)Nc2nccs2)c1
mol_9963,O=C(NN=Cc1ccccc1S(=O)(=O)O)C(=O)NN=Cc1ccccc1S(=O)(=O)O
mol_9964,NC(=O)NN=C(Cc1nc2ccc(Cl)cc2nc1O)C(=O)Nc1ccc(Cl)cc1Cl
mol_9965,Cc1coc2c1C1OC(=O)C3(CC=CC(C)C2)OC13
mol_9966,CC(O)(C=Cc1ccccc1)P(=O)(O)c1ccccc1
mol_9967,CCC(C)C(NC(=O)C(CCCNC(=N)N)NC(=O)C(CC(=O)O)NC(=O)C(Cc1c[nH]cn1)NC(=O)C(N)CC(C)C)C(=O)NC(C(=O)NC(CC(C)C)C(=O)NC(C(=O)NC(Cc1c[nH]cn1)C(=O)O)C(C)O)C(C)CC
mol_9968,CC(C)CC(NC(=O)C(Cc1ccccc1)NC(=O)C(COCc1ccccc1)NC(=O)OC(C)(C)C)C(=O)OCc1ccccc1
mol_9969,CC1c2nc(N)nc(N)c2CN1C(=O)c1ccccc1
mol_9970,OC(C1=CC(=Cc2ccncc2)c2ccccc21)c1ccncc1
mol_9971,COc1ccc(-c2cc(-c3ccccc3)c3ccccc3n2)c(OC)c1OC
mol_9972,Cc1ccc(S(=O)(=O)Nc2ccccc2C(C)(C)C)cc1
mol_9973,N#Cc1c(N)nc(S)c(C#N)c1-c1ccccc1
mol_9974,O=S1OCC2(CO1)COS(=O)OC2
mol_9975,COc1ccc2c3c1OC1CC(O)C=CC31CCN(C)C2
mol_9976,Cc1nc(-c2cccnc2)sc1C(=O)C=Cc1ccc(Cl)cc1Cl
mol_9977,CC(CC(C)=NNC(=N)N)=NNC(=N)N.O=S(=O)(O)O
mol_9978,O=C(C=Cc1ccccc1)Oc1ccc(C=C2CCCC(=Cc3ccc(OC(=O)C=Cc4ccccc4)cc3)C2=O)cc1
mol_9979,COc1ccc(NC(=O)C(=CN2C(=O)C(=CC(C)=Cc3ccccc3)SC2=S)C(C)=O)cc1
mol_9980,COc1ccc(OC)c(C=NNC(=N)NO)c1.Cc1ccc(S(=O)(=O)O)cc1
mol_9981,O=C1CCOc2cc(ccc2O)CCN1
mol_9982,CN1CC(=Cc2ccccc2)C2=C(C1)C(c1ccccc1)NC(=S)N2.Cl
mol_9983,Cc1ccc(C=C2NC(=S)N(CN3CCCCC3)C2=O)cc1
mol_9984,CC(=O)OC1(Sc2ccccc2)CC2C3COC(C)(C)OC3CCC2(C)CC1=O
mol_9985,CCCOc1csc(C2CCC3C4CC=C5CC(OC(C)=O)CCC5(C)C4CCC23C)n1
mol_9986,COc1ccc2c(=O)c3ccoc3[nH]c2c1
mol_9987,Cc1ccc([N+](=O)[O-])cc1NC(=O)C(=O)Cc1cc(=O)oc2cc(O)ccc12
mol_9988,Cn1[nH]c(=O)ccc1=O
mol_9989,Cc1ccccc1NC(=O)CC1C(=O)Nc2ccccc2S1=O
mol_9990,Cc1cc(N=Nc2ccc(NC(=O)c3ccc(N)cc3)cc2C)ccc1N=Nc1ccc2c(O)c(N=Nc3ccc(S(=O)(=O)O)cc3)c(S(=O)(=O)O)cc2c1
mol_9991,CCOC(=O)Nc1cc2c(c(N)n1)N=C(c1ccc(Cl)cc1Cl)CN2
mol_9992,Cn1c(=O)c2c(nc(Nc3ccc(Cl)cc3)n3c(=O)n(-c4ccccc4)c(=O)n23)n(C)c1=O
mol_9993,Cc1ccc(C(=O)C=Cc2cccc([N+](=O)[O-])c2)cc1
mol_9994,O=C(O)CCC(NC(=O)c1ccc(Nc2nc3ccc(C(F)(F)F)cc3nc2C(=O)O)cc1)C(=O)O
mol_9995,CC1C(=O)NC(=O)NC1=O
mol_9996,Cc1cc2c(C(C)C)c(O)c(O)c(C=NCCc3ccccc3)c2c(O)c1-c1c(C)cc2c(C(C)C)c(O)c(O)c(C=NCCc3ccccc3)c2c1O
mol_9997,COC(=O)C12C3C4(C(=O)OC)C1C1(C(=O)OC)C2C3(C(=O)OC)C41C(=O)N(C(C)C)C(C)C
mol_9998,O=C(OC1=CCN(Br)C1=O)C1=C(O)C(=O)N(Br)C1
mol_9999,CSc1nc(-c2ccccc2)nc(C(C#N)C#N)n1
mol_10000,CC(=O)OC1CCn2c1nc1cc([N+](=O)[O-])c(C)cc12
mol_10001,COC(C(C)=CC=CC(C)=Cc1coc(C)n1)C(C)C1CC(O)C2(C)OC2C=CC(C)C2CC(CC(=O)O2)CC2OC2C(=O)O1
mol_10002,O=S(=O)(OCCSS(=O)(=O)c1ccccc1)c1ccccc1
mol_10003,NC(=S)NN=C1COC(C(F)(F)F)(C(F)(F)F)C1
mol_10004,O=C1c2ccccc2C(=O)c2c1ccc(O)c2O
mol_10005,O=C(NC1=NCC(CN2CCN(c3ccccc3)CC2)O1)Nc1ccccc1
mol_10006,CCCCNC=C1C(=O)Nc2ccccc2NC1=O
mol_10007,CC(CC(O)(C(F)(F)F)C(F)(F)F)=NNc1ccc([N+](=O)[O-])cc1[N+](=O)[O-]
mol_10008,CC(=O)Nc1ccc(C(=O)NN2C(=O)CSC2c2ccccc2)cc1
mol_10009,N#CC1C(=O)C(=O)N(c2ccccc2)C1=O
mol_10010,Cc1c(C(=O)CC(=O)C(=O)Nc2c(C(C)C)cccc2C(C)C)[n+]([O-])c2ccccc2[n+]1[O-]
mol_10011,O=C1CCC2CCc3cccc4oc1c2c34
mol_10012,O=C1OC(c2ccccc2)NC1=Cc1ccc2c(c1)OCO2
mol_10013,COC(=O)C12CCC(C(F)(F)C1=O)C2(C)C
mol_10014,COc1cccc2c1[OH+][Cu-4]13([S+]=C(Nc4ccccc4)[N-][N+]1=C2)[n+]1cccc2ccc4ccc[n+]3c4c21
mol_10015,O=C1c2cc(O)c(O)cc2OC(c2ccc(O)c(O)c2)C1O
mol_10016,Br.c1cnc2c(c1)-n1cccc1C1(CCCCC1)NN2
mol_10017,CC1C(=O)CC2C3(C)CCC2(C(C)C(=O)O)C(=O)C13
mol_10018,Cc1ccc(-n2c(Cn3nnc(-c4cccnc4)n3)nn(C3OC(COC(=O)c4ccccc4)C(OC(=O)c4ccccc4)C3OC(=O)c3ccccc3)c2=S)cc1
mol_10019,COC(=O)C1CC23CC1(OC(C)=O)CCC2c1ccc(OC)cc1C3=O
mol_10020,NC(=S)NN=Cc1cn(CCCl)c2ccccc12
mol_10021,CCOC(=O)C1CCN(C(=O)c2ccccc2)c2scc(-c3ccccc3)c2C1=O
mol_10022,CCOC(=O)c1[nH]c2c(cc(C=O)c3ccccc32)c1C
mol_10023,CCOC(=O)C(NCc1ccc2c(c1)OCO2)(NC(=O)c1ccccc1)C(F)(F)F
mol_10024,CCOC(=O)N1CCC2C(=C(C)C(C)C3=C2C(=O)c2ccccc2C3=O)C1
mol_10025,Cn1c2c(c3ccccc31)C1CCCCCCC1C1C(=O)OC(=O)C21
mol_10026,COc1cccc(CCCNC(=O)Cc2cc(OC)c(OC)cc2CO)c1
mol_10027,O=C(Nc1cccc(Cc2cccc(NC(=O)c3ccccc3)c2)c1)c1ccccc1
mol_10028,Cc1c(C(=O)CSc2nc3ccccc3[nH]2)c(=O)n(-c2ccccc2)n1C
mol_10029,c1ccc2c(c1)CN1CCCC1CN2
mol_10030,CN.CN1C(=O)[NH+](C)[B-]2([NH+](C)C1=O)[NH+](C)C(=O)N(C)C(=O)[NH+]2C
mol_10031,O=c1cc(CCl)n2cnc3c(ncn3C3OC(CO)C(O)C3O)c2n1
mol_10032,COc1cc2c3c(c1)ncn3C(=O)CCS2
mol_10033,CC1C(=O)C(C)C(c2cccs2)N(N=O)C1c1cccs1
mol_10034,C1=C(c2ccccc2)N2CCN=C2S1
mol_10035,Brc1ccccc1C=CC1(c2ccccc2)OCCO1
mol_10036,[BrH+][Co-4]12([BrH+])(NCCN1)NCCN2.[O-][Cl+3]([O-])([O-])[OH2+]
mol_10037,CC(C)(C)c1ccc(Oc2ccc(C#N)c(C#N)c2)c(C(C)(C)C)c1
mol_10038,ClCCN1CCN(CCCl)[Co-4]123([O+]=C1C=CC=CC=C1[OH+]2)[O+]=C1C=CC=CC=C1[OH+]3.[O-][Cl+3]([O-])([O-])O
mol_10039,COc1ccc(C(=NO)c2ccccc2C2=Nc3ccccc3C(NCc3ccccc3)O2)cc1C
mol_10040,Cc1ccc(C)c(NC(=O)C(=O)C(C(=O)c2ccc3ccccc3c2)C2OC(=O)c3ccccc32)c1
mol_10041,CC(Oc1ccccc1)C(=O)NN
mol_10042,COc1ccccc1C=NNc1nnc2c3ccccc3c3ncccc3c2n1
mol_10043,Nc1c(-c2ccccc2)oc2ccccc2c1=O
mol_10044,NC(=O)c1ncn2c1CNC(=O)C2
mol_10045,Cc1cc(Cl)c(O)c(-c2cc(-c3ccc([N+](=O)[O-])cc3)c3c(N)nc(O)nc3n2)c1
mol_10046,CS(=O)(=O)NC(=O)C[PH](c1ccccc1)(c1ccccc1)c1ccccc1
mol_10047,CC1c2ccccc2NC(=O)N1N1CCOCC1
mol_10048,CC(C)(C)NN=C(Cc1occc(=O)c1O)C(=O)Nc1ccc([N+](=O)[O-])cc1[N+](=O)[O-]
mol_10049,Oc1cc(CNC2CCCC2)nc(O)n1
mol_10050,O=C1C=CC(=O)c2nc3c(cc21)CCC3
mol_10051,CCN(CC)CCC1CCCCN1CC(=O)N1c2ccccc2NC(=O)CC1C
mol_10052,Cc1cc(N(CCC#N)CCC#N)ccc1C=C1N=C(c2ccccc2)N(N)C1=O
mol_10053,O=C1C=C(N2CC2)C(=O)C(N2CC2)=C1N1CC1
mol_10054,CC(CCCC1SCC2NC(=O)NC21)C(=O)O
mol_10055,CC(=O)OC1=c2ccccc2=C(O)C2C1C=NN2C(C)=O
mol_10056,O=C(c1ccccc1)c1ccsc1C(=O)O
mol_10057,ClC(Cl)(Cl)C1OCOC(C(Cl)(Cl)Cl)OCO1
mol_10058,N=C1NNC2(C(=N)N1)c1ccccc1-c1ccccc12
mol_10059,COC1=CC(=O)C2(C)C(C)C(c3ccccc3)C2C1=O
mol_10060,COC12C(COC(N)=O)C3=C(C(=O)C(C)=C(NCCc4ccccn4)C3=O)N1CC1NC12
mol_10061,Cc1ccc(S(=O)(=O)Nn2c(O)c(C#N)c(-c3ccc(Cl)cc3)c(C#N)c2=O)cc1
mol_10062,CN1COCc2cc3cc4c(cc3nc21)OCCO4
mol_10063,N#CC1CCCCC1NC1(C#N)CCCCC1
mol_10064,CNn1c(-c2ccccc2)n[nH]c1=O
mol_10065,Cc1nn(C(=O)c2ccccc2O)c2c1C(c1ccccc1O)SC(=N)N2
mol_10066,CSCCC(C(=O)O)N(CC1(O)OCC(O)C(O)C1O)N=O
mol_10067,CCC1(O)C(=O)OCc2c1cc1n(c2=O)Cc2cc3c(N)cccc3nc2-1
mol_10068,COC(=O)C1=C(OC)C(C(=O)OC)C2(C)C(C(=O)OC)=C(OC)C(C(=O)OC)C12C
mol_10069,N=C1Nc2cc(C(F)(F)F)ccc2Sc2nc3ccccc3n21
mol_10070,CC(C)CC(CC(=O)CCC(=O)Nc1ccccc1[N+](=O)[O-])=NNC(=O)c1cc2ccccc2cc1O
mol_10071,CCc1cn(C2CC(CO)C(CO)S2)c(=O)[nH]c1=O
mol_10072,CC1(C)NC(=O)C2(CC(O)C(O)C(OC(=O)c3ccccc3)C2)O1
mol_10073,N#CCc1ccccc1C(=O)O
mol_10074,CCCC(O)(CCC)C1=NCCN1
mol_10075,CN1C(=O)C(=NNc2ccccc2[N+](=O)[O-])c2ccccc21
mol_10076,CC(C)(O)C(O)COc1c2c(cc3oc(=O)ccc13)OCO2
mol_10077,CC(C)(C)OC(=O)N1CCCCC(CCCC#Cc2ccccc2)C1=O
mol_10078,NNC(=O)Cn1c2ccc(Br)cc2c2nc3ccccc3nc21
mol_10079,Cl.Cn1cc(NC(=O)C2CCC(=N)N2)cc1C(=O)NCCC(=N)N
mol_10080,N#CC(C#N)=c1ccc(=c2ccc(=C(C#N)C#N)s2)s1
mol_10081,Cn1c(=O)c(Cc2c(O)c3ccccc3n(C)c2=O)c(O)c2ccccc21
mol_10082,c1ccc2c3nnc(c2c1)SCCSCCSc1nnc(c2ccccc12)SCCSCCS3
mol_10083,CC1(C)CC(=O)C(=CNC(=O)c2ccncc2)C(=O)C1
mol_10084,O=[N+]([O-])c1ccccc1Sc1ccccc1[N+](=O)[O-]
mol_10085,Cc1ccccc1CC1(Br)CC(C)(C)c2ccccc2C1=O
mol_10086,CCOC(=O)c1c(-c2ccccc2)oc(-c2ccccc2)c1C(=O)OCC
mol_10087,CC(=O)OC1CCC(C)=CCCC2(C)C(CCC2C(C)C=CC(C)C)c2ccc(cc2C(=O)O)C1
mol_10088,O=C(O)CCCc1ccc2c(c1)CC1(C2)Cc2cc3c(cc2C1)CCCC3
mol_10089,C=CC(C)(C)c1cccc2[nH]c3c(c12)CC1CCC2(O)C4=CC(=O)C5OC4(CCC2(C)C31C)OC5(C)C
mol_10090,Cc1nc2cc(N)c(F)cc2[nH]1
mol_10091,O=C(c1ccccc1)N1C2C3CC(OCc4ccccc4)(OCc4ccccc4)C(O3)C21
mol_10092,Cn1c(=O)c2ccccc2[n+]2c(-c3cccc([N+](=O)[O-])c3)csc12.[Br-]
mol_10093,Cc1nc(C(N)=S)sc1C(CC(=O)C(=O)Nc1cccc2ccc(O)cc12)=NNC(=O)c1ccncc1
mol_10094,Cc1ccc(SC23C=CC(CC24CCOC4=O)OC3=O)cc1
mol_10095,CN(CCC#N)C1=CCCC1
mol_10096,CCN(CC)CCn1c2cc3c(cc2c(=O)c2cccnc21)OCO3.Cl
mol_10097,CC1(C)SCCCCCCCSC(C)(C)SCCCCCCCS1
mol_10098,Clc1ccc(CN2COc3c(cc(Cl)c4cccnc34)C2)cc1Cl
mol_10099,CCOc1ccc(NC(=O)C(CC(=O)c2c[n+]([O-])c3ccccc3[n+]2[O-])=NOCCCc2ccccc2)cc1
mol_10100,CCCN(CCC)C(=O)c1c(Cl)c2cccnc2n2c(C)cnc12
mol_10101,CC(=O)NC(NNC(NC(C)=O)(c1ccccc1)c1ccccc1)(c1ccccc1)c1ccccc1
mol_10102,c1ccc2nc(SSc3ccc4ccccc4n3)ccc2c1
mol_10103,CCOC(=O)CCC(NC(=O)OCc1ccccc1)C(=O)NC(CCC(=O)OCC)C(=O)NC(CCC(=O)OCC)C(=O)NC(CCC(=O)OCC)C(=O)NC(CCC(=O)OCC)C(=O)NC(Cc1ccc([N+](=O)[O-])cc1)C(=O)NC(CCC(=O)OCC)C(=O)NC(CCC(=O)OCC)C(=O)NC(CCC(=O)OCC)C(=O)NC(CCC(=O)OCC)C(=O)NC(CCC(=O)OCC)C(=O)OCC
mol_10104,O=C1OC(c2ccccc2)=NC1=Cc1ccc2c(c1)OCO2
mol_10105,Cc1ccc(S(=O)(=O)c2c3nc4ccccc4nc3n3c2[nH]c2ccccc23)cc1
mol_10106,Cc1ccc(-c2cc(=S)ss2)cc1
mol_10107,O=C(N=C(Nc1ccccc1)SCSC(=NC(=O)c1ccco1)Nc1ccccc1)c1ccco1
mol_10108,N#Cc1cc2c(n(NS(=O)(=O)c3ccccc3)c1=O)CCCC2
mol_10109,O=c1c2cc(Br)ccc2[nH]c(=S)n1-c1ccc(Br)cc1
mol_10110,Clc1ccc(C2=NCON=C2c2ccc(Cl)cc2)cc1
mol_10111,OC(CCN1CCOCC1)(c1cccc(Cl)c1)C1CCCCC1
mol_10112,COc1ccc2c3c1OC1C4(OC)C=CC5(c6c(OC)ccc(O)c64)C(C2)N(C)CCC315
mol_10113,CN(Cc1nc2c(N)nc(N)nc2nc1O)c1ccc(C(=O)NC(CCC(=O)O)C(=O)O)cc1
mol_10114,COc1ccc(C(=O)C(CC2C(=O)NC(=O)NC2=O)c2ccc(OC)cc2)cc1
mol_10115,CN(C)c1cc(CNCCSC(c2ccccc2)(c2ccccc2)c2ccccc2)nc(CNCCSC(c2ccccc2)(c2ccccc2)c2ccccc2)c1
mol_10116,C(=Cc1ccccc1)C=Nc1ccccc1
mol_10117,COc1ccc(C(=C(Cl)c2ccccc2)c2ccc(OC)cc2)cc1
mol_10118,CCc1cc(Cc2ccc(C)c(NC(=O)C(=O)C3C(=O)NC(=O)NC3=O)c2CC)cc(C)c1NC(=O)C(=O)C1C(=O)NC(=O)NC1=O
mol_10119,Cc1cc(N(CCC#N)CCC#N)ccc1N=Nc1ccccc1[N+](=O)[O-]
mol_10120,O=[N+]([O-])c1ccc(N=CC=CNc2ccc([N+](=O)[O-])cc2)cc1
mol_10121,C=C(CO)C1Oc2ccc(C(C)=O)cc2C1O
mol_10122,Br.CC(O)C1(c2ccccc2)CC2(CCN(C)CC2)OC1C
mol_10123,Nc1nc(Cl)c(C=NO)c(NCC2(CO)CCC2)n1
mol_10124,O=C(O)c1ccc(SSc2ccc(C(=O)O)cc2)cc1
mol_10125,O=[N+]([O-])c1nccn1CC(O)c1ccc(F)cc1
mol_10126,COC(=O)c1c(-c2ccccc2)sc(-c2cccc3ccccc23)c1C(=O)OC
mol_10127,CCCCCCCCCCSC(=O)NC
mol_10128,O=C1N=C2NOC(=O)N=C2NO1
mol_10129,CC=CCC1(CC)Oc2cccnc2-n2cccc2C1=O
mol_10130,COc1ccc2cc3c4cc(OC)c(OC)cc4ccn3c2c1
mol_10131,Cc1cc2c(C(C)C)c(O)c(O)c(C=Nc3ccc(-c4ccccc4)cc3)c2c(O)c1-c1c(C)cc2c(C(C)C)c(O)c(O)c(C=Nc3ccc(-c4ccccc4)cc3)c2c1O
mol_10132,CN1C(=O)C(=c2sc3nc4ccccc4n3c2=O)c2ccccc21
mol_10133,COC1(C)C(=O)N(C)C1c1ccccc1
mol_10134,CC1=NN(c2cccc(S(=O)(=O)O)c2)C2=[O+][Cr]3(O)Oc4c(cc(Cl)cc4S(=O)(=O)O)N=[N+]3C12
mol_10135,Cc1ccc(-n2nc3c(c(C#N)c2=O)-c2ccccc2C3=O)cc1
mol_10136,COc1ccccc1C=C(C(C)=O)C(=O)c1ccccc1
mol_10137,CN1CN(c2ccccc2)C2(CCNCC2)C1=O
mol_10138,COc1cc(CC2COC(=O)C2Cc2ccc(O)c(OC)c2)ccc1O
mol_10139,CCCNC(=O)N1CC(CN2CCN(c3ccccc3)CC2)OC1=NC(=O)Nc1ccccc1
mol_10140,Cc1ccc(C=C2N=C(N3CCCCC3)NC2=O)cc1
mol_10141,COc1ccc(C2=CC(=Cc3ccc(N(CCC#N)CCC#N)cc3)C(=O)O2)cc1
mol_10142,CCCCOP(=O)(OCCCC)OP(=O)(OCCCC)OCCCC
mol_10143,O=C(NNC(=O)c1cc2ccccc2[nH]1)c1cc2ccccc2[nH]1
mol_10144,Nc1cccc2cc(Cl)cnc12
mol_10145,COc1ccc(C=NNc2nc3ccccc3c(=O)n2-c2ccccc2)c(OCc2ccccc2)c1
mol_10146,O=c1cc(C(F)(F)F)c2cc3c(cc2o1)NCCC3
mol_10147,Nc1ncnc2c1ccn2COC(CO)CO
mol_10148,CCCCCCCCCCCCOc1ccc(C(=NNC(=N)N)c2ccccc2)c(O)c1
mol_10149,CCOC(=O)c1ccc(-n2c(SCC)nc3sc(C)c(C)c3c2=O)cc1
mol_10150,COC=Cc1cc2c(cc1C(OC)OC)OCO2
mol_10151,O=C1CC2Sc3ccccc3N=C2N1c1ccc(Cl)cc1Cl
mol_10152,O=C1C2=C(C=Cc3ccccc3)OCCC2=NN1c1ccccc1
mol_10153,Cc1ccc(S(=O)(=O)[N-]C2C(=O)c3ccccc3C(=O)C2[n+]2cccc(C(N)=O)c2)cc1
mol_10154,CCOC(=O)CC1=NC(C)(C)CC(C)O1
mol_10155,O=C(Nc1nc(O)c2c(ncn2CC(COc2ccccc2)OC(=O)c2ccccc2)n1)c1ccccc1
mol_10156,N#CC12CCCC(=O)N1c1ccccc1S2
mol_10157,C=C1C(=O)OC2C=C(C)CC(O)C=C(CO)CC(OC(=O)C(C)=CC)C12
mol_10158,O=C(c1ccc(Cl)cc1)c1cc2c(nc1O)CCCCC2
mol_10159,O=C(Nc1ccc(-c2ccccc2)oc1=O)c1ccccc1
mol_10160,c1ccc(N=C(Nc2ccccc2)N2CCCCC2)cc1
mol_10161,N#Cc1sc2c(c1OC(=O)c1ccc(C(F)(F)F)cc1)c(=O)n(-c1ccccc1)c(=S)n2-c1ccccc1
mol_10162,CC(C)CCC1(O)OC2CC3C4CCC5CC(=O)C=CC5(C)C4CCC3(C)C2C1C
mol_10163,Cc1cc2c(c(C(C)(C)C)c1)O[PH](=O)Oc1c(cc(C)cc1C(C)(C)C)C2
mol_10164,CCN(CC)CCSc1nc2cccc([N+](=O)[O-])c2[nH]1
mol_10165,CCCCNCC(=O)OC1(CC)C(=O)OCc2c1cc1n(c2=O)Cc2cc3ccccc3nc2-1.Cl
mol_10166,COc1cc2c3c(c1OCc1ccccc1)NCCC3NCC2.Cl
mol_10167,NC1CCCCC1.O=C(O)C1(P(=O)(O)O)CC1
mol_10168,CC(C)N(C(C)C)[PH]12O[PH]3(N(C(C)C)C(C)C)O[PH](N(C(C)C)C(C)C)(O[PH]4(N(C(C)C)C(C)C)O[PH](N(C(C)C)C(C)C)(O1)[Cr]34(C#[O+])(C#[O+])C#[O+])[Cr]2(C#[O+])(C#[O+])(C#[O+])C#[O+]
mol_10169,Oc1ccccc1C1=N[N+]2=Cc3cccc[n+]3[Ni-4]234([OH+]1)[OH+]C(c1ccccc1O)=N[N+]3=Cc1cccc[n+]14
mol_10170,Cc1ccc(Nc2nnc(CSc3ccc(Cl)cc3)s2)c(S(=O)(=O)O)c1
mol_10171,c1ccc(SC2=C(Sc3ccccc3)CC2)cc1
mol_10172,Cc1ccc(S(=O)(=O)O)cc1.N=C(NO)NN=Cc1ccccn1
mol_10173,COC(=O)C1=C(C)N2CCSC2(C)C(C(=O)OC)C1c1cccc(Cl)c1
mol_10174,COc1ccc(OC)c(-c2cc(=O)c3c(OC)c(OC)c(OC)c(OC)c3o2)c1
mol_10175,Cc1nnc(N)nc1CC=CC(Sc1ccc(Cl)cc1)c1ccccc1
mol_10176,N#CCc1nc(-c2ccccc2)n[nH]1
mol_10177,CN(C)C(=S)N=c1ssc(=NC(=S)N(C)C)n1-c1ccc([N+](=O)[O-])cc1
mol_10178,O=Cc1nc(O)nc(O)c1CO
mol_10179,c1ccc(-c2sc(-c3ccccc3)c3c2C(c2ccccc2)SC3c2ccccc2)cc1
mol_10180,CC=COC1C(C2COC(C)(C)O2)OC2OC(C)(C)OC21
mol_10181,CN1CN(c2ccccc2)C2(CCN(CCCN(C)c3ccc(F)cc3)CC2)C1=O.Cl
mol_10182,CCCC(=NNC(=N)N)C(CCC)=NNC(=N)N.O=S(=O)(O)O
mol_10183,CSCCCNC(=O)c1csc(-c2c[s+]c(CCNC(=O)CNC(=O)OC(C)(C)C)[nH]2)n1
mol_10184,COc1ccccc1NC(=S)NN=C(c1ccccc1)c1ccccn1
mol_10185,CSC1=N[N+]2=CC(c3ccccc3)=[N+]3N=C(NC(Cc4ccc(O)cc4)C(=O)O)[SH+][Ni-2]23[SH+]1
mol_10186,O=[N+]([O-])c1cc(Cl)c(O)c(N=Nc2cc(S(=O)(=O)O)c3cccc4[nH]nnc2c43)c1
mol_10187,COC(=O)C1CCC(=O)NCCCCC(NC(=O)C(N)CC(=O)O)C(=O)N1
mol_10188,CN1N=C(c2ccncc2)OC1c1ccc(Cl)cc1Cl
mol_10189,CCOC(=O)C1(C(=O)OCC)CC=C(C)CC12C(=O)Nc1ccccc12
mol_10190,CC(=CC(=O)O)C(=O)N(C)c1ccccc1I
mol_10191,CSc1nc(O)c2[nH]c(=N)n(C3OC(CO)C(O)C(O)C3O)c2n1
mol_10192,CCSCCCCCCCCCCC(=O)OCC1OC(n2cc(C)c(=O)[nH]c2=O)CC1F
mol_10193,CCOC(=O)C1(c2ccccc2)CCNC(=O)CC1
mol_10194,CC(=O)OCC1OC(N2C(=O)NC(=O)C3C=C4CCCCC4=CC32)C(OC(C)=O)C1OC(C)=O
mol_10195,CCOC(=O)C=Cc1cccc(Cl)c1
mol_10196,CC(NC(=O)C(NC(=O)OCc1ccccc1)C(C)C)C(=O)NCC(=O)ON1C(=O)CCC1=O
mol_10197,CC(=O)Nc1cc(N=Nc2ccc(N=Nc3ccc(NC(=O)c4ccc(N)cc4)cc3C)cc2C)c(S(=O)(=O)O)cc1N=Nc1cccc(C(=O)O)c1
mol_10198,COC(=O)C(CC=O)C(=O)C(=O)Nc1cccc(C(F)(F)F)c1
mol_10199,Cc1ccsc1C(=S)Nc1ccc(Cl)c(C=NOC(C)(C)C)c1
mol_10200,Cl.O=[N+]([O-])c1ccc(C[N+]([O-])(CCCl)CCCl)cc1
mol_10201,OC1CC(O)OC(c2ccccc2)C1
mol_10202,CCn1nc2c3c(ncn3C(C)(C)O2)c1=O
mol_10203,O=C1c2ccccc2C(=O)c2nc3ccc(Cl)cc3cc21
mol_10204,CCOC(=O)NC(=O)c1cn(C2OC(CO)C(O)C2O)c(=O)[nH]c1=O
mol_10205,Cc1ccc(S(=O)(=O)C(C#N)=CN2CCNC2=S)cc1
mol_10206,Clc1ccc(C(OCn2ccnc2)c2nc3ccccc3[nH]2)c(Cl)c1
mol_10207,Cc1cc(-c2ccc(N=Nc3c(S(=O)(=O)O)cc4cc(S(=O)(=O)O)cc(N)c4c3O)c(C)c2)ccc1N=Nc1ccc2c(S(=O)(=O)O)ccc(N)c2c1O
mol_10208,Clc1ccc(-c2nnc(C34CC5CC(CC(C5)C3)C4)o2)cc1
mol_10209,N#Cc1c(N)nc(N)nc1Nc1ccc(I)cc1
mol_10210,CC(=O)C1C(=O)C(=O)N(c2ccc(Cl)c(Cl)c2)C1=O.[NaH]
mol_10211,O=C1c2ccc([N+](=O)[O-])cc2C(=O)N1CC[PH](c1ccccc1)(c1ccccc1)c1ccccc1
mol_10212,COC(=O)c1nc(N)nc(C(=O)OC)c1C(=O)C=Cc1ccccc1
mol_10213,COC(=O)c1cc(C(=O)OC)c(CC(=O)C(=O)Nc2ccc(Cl)c(C(F)(F)F)c2)nc1CC(=O)C(=O)Nc1ccc(Cl)c(C(F)(F)F)c1
mol_10214,O=C(O)c1cc(C=Cc2cc(O)ccc2O)ccc1O
mol_10215,COc1cccc2c1[OH+][Pd-3]1(O)([n+]3ccccc3)[S+]=C(N)[N-][N+]1=C2
mol_10216,N#CC(=Cc1cc(Cl)cc(Cl)c1O)c1nc2ccccc2[nH]1
mol_10217,COc1c(Cc2ccccc2O)c(O)c(Cc2cc(Cc3ccccc3O)ccc2O)c(O)c1C(=O)CCc1ccccc1
mol_10218,CC(=O)[OH+][Ni-4]12(O)([O+]=C(c3ccncc3)[N-][N+]1=Cc1ccsc1)[n+]1cccc3ccc4ccc[n+]2c4c31
mol_10219,CCCCCCCC(=O)OCC(COC(=O)C(C)(C)C)OC(=O)Cc1ccccc1
mol_10220,O=C1C(=Cc2cccc(Oc3ccccc3)c2)SC(c2ccccc2)N1c1cccc([N+](=O)[O-])c1
mol_10221,Cn1cnc([N+](=O)[O-])c1Sc1nnc(-c2ccc(Cl)cc2)n1C
mol_10222,Cc1cccc(Nc2c3c(nc4ccccc24)CCCCC3)c1
mol_10223,CCOC(=O)c1no[n+]([O-])c1C(=O)OCC
mol_10224,Cc1cc(=O)n2c3c(c4c(cc13)c(CO)cc(=O)n4C)OC2
mol_10225,ClB1NB(Cl)NB(Cl)N1
mol_10226,Cc1cc[n+](C2=C(O)C(=O)C3=C(C2=O)C2c4ccccc4C3c3ccccc32)c(C)c1
mol_10227,Cc1ccc(N=Nc2c(S(=O)(=O)O)cc3cc(NC(=O)Nc4ccc5c(O)c(N=Nc6ccc7cc(S(=O)(=O)O)ccc7c6)c(S(=O)(=O)O)cc5c4)ccc3c2O)cc1
mol_10228,N#CC(=C1SC(N=Nc2ccc(Cl)cc2)C(=O)N1c1ccccc1)c1nc2ccccc2[nH]1
mol_10229,S=C1N=C(NC2CCCCC2)C2(CCN(CCc3ccccc3)CC2)N1c1ccccc1
mol_10230,COc1ccc(C2=C3c4ccccc4C4=[N+]3[Zn-2]35[N+]6=C(C(c7ccc(OC)cc7)=C7c8ccccc8C(=C4c4ccc(OC)cc4)[NH+]73)c3ccccc3C6=C(c3ccc(OC)cc3)C3=c4ccccc4=C2[NH+]35)cc1
mol_10231,O=C1NC(=O)C(=Cc2ccc(C=C3NC(=O)NC3=O)cc2)N1
mol_10232,CCSc1nnc(-c2ccccc2)nc1Cc1ccc(OC)cc1
mol_10233,COc1ccc(C=CC(=O)Oc2cc(O)cc(O)c2)cc1
mol_10234,Br.S=C=Nc1ccc(CSc2nc3ccccc3[nH]2)cc1
mol_10235,O=C(CC(Cl)C(NC(=O)OCc1ccccc1)C(=O)O)NO
mol_10236,O=C(O)C1CSC(C(O)C(O)C(O)CO)N1
mol_10237,FC(F)(F)c1cc(Cl)c2ccc3ccccc3c2n1
mol_10238,COC(=O)C(N1C(=O)c2ccccc2C1=O)C1(C)CC(Cl)=NO1
mol_10239,O=C1CCCCCC1=Cc1cccc([N+](=O)[O-])c1
mol_10240,CC(=NNC(=S)N1CCCCC1)C(=NNC(=S)N1CCCCC1)c1ccccc1
mol_10241,Cc1c2c(c(C)c3c1[OH+][Re+](C#[O+])(C#[O+])(C#[O+])(C#[O+])[OH+]3)OCO2
mol_10242,CN1C(=CC=CC=CC=C2C(=O)c3ccccc3C2=O)C(C)(C)c2ccccc21
mol_10243,COc1ccc(NC(=O)C(=O)Cc2nc3ccc([N+](=O)[O-])cc3nc2O)c(OC)c1
mol_10244,CC(=O)C(N=NC1CCC(S(=O)(=O)NB2N=CS2)CC1)C(=O)Nc1ccccc1C
mol_10245,CCOC(=O)C(C)Sc1nnc(COc2ccc(Cl)cc2)n1-c1ccccc1
mol_10246,CC(C(=O)NCNC(=O)c1ccccc1)C(=O)Nc1ccccc1
mol_10247,NC(=O)CNCCS(=O)(=O)O
mol_10248,Cl.O=c1oc2c3ccc4ccccc4c3n(CCN3CCCCC3)c2c2ccccc12
mol_10249,CN(C(=O)C1=CCC2(CC1)OCCO2)c1ccccc1I
mol_10250,COc1ccc(C2C(=N)NCC2c2ccccn2)cc1
mol_10251,C=CCN1C(=O)CC(=O)N(NC2=NNC3(C(=O)N2)c2ccccc2-c2ccccc23)C1=S
mol_10252,CN(C)Cc1ccccc1CCO
mol_10253,CCOC(=O)Cc1nc(=O)c2cn(Cc3ccccc3)nc2[nH]1
mol_10254,Nc1cc(Cl)ccc1S
mol_10255,O=C1NC(=O)C(=Cc2c(O)ccc3ccccc23)N1
mol_10256,COC1OC(OCCC#N)C(OCCC#N)C(OCCC#N)C1OCCC#N
mol_10257,COc1cc(Br)c(C=Nc2cccc3ccc(OS(=O)(=O)c4cccc([N+](=O)[O-])c4)cc23)cc1OC
mol_10258,O=C(C=Cc1ccc(O)cc1)c1ccc2c(c1)OCO2
mol_10259,CCOC(=O)C(Cc1c(-c2[nH]c3ccccc3c2CC(NC(=O)CNC(C)=O)C(=O)OCC)[nH]c2ccccc12)NC(=O)CNC(C)=O
mol_10260,CC(=O)N1c2ccccc2C2=CC3C4C(=O)N(c5ccccc5)C(=O)C4C21C1C(=O)N(c2ccccc2)C(=O)C31
mol_10261,CCCCCCCCCCCCCC(=O)CC(=O)c1c(O)cccc1O
mol_10262,CC(C)(C)c1ccc(Oc2ccc3c4nc5nc(nc6nc(nc7nc(nc(n4)c3c2)c2ccc(Oc3ccc(C(C)(C)C)cc3C(C)(C)C)cc72)c2ccc(Oc3ccc(C(C)(C)C)cc3C(C)(C)C)cc62)c2cc(Oc3ccc(C(C)(C)C)cc3C(C)(C)C)ccc52)c(C(C)(C)C)c1
mol_10263,C=CCC1(OCc2ccccc2)C(=O)C(=O)OC1C1COC(C)(C)O1
mol_10264,CCCn1c(SCCSc2c3ccccc3c(-c3nc(F)nc(F)n3)n2CCC)c2ccccc2c1-c1nc(F)nc(F)n1
mol_10265,CCOC(=O)c1nc2ccc(Cl)cc2c2c1Cc1ccccc1-2
mol_10266,N#CC(N)=C(C#N)N=CNCc1ccccc1
mol_10267,COc1cccc(-c2nc(N)c(C#N)c3c2CCS(=O)(=O)c2ccc(C)cc2-3)c1
mol_10268,O=C(NNCc1ccccc1O)c1ccccc1O
mol_10269,COC(=O)c1sc(=NC(=S)N2CCCCC2)sc1C(=O)OC
mol_10270,CCc1nc2c(O)ccc(O)c2nc1C
mol_10271,CC(CCC(=O)O)CCC(=O)O
mol_10272,NC(=O)c1c[se]c(C2OC(CO)C(O)C2O)n1
mol_10273,O=C1NC(=O)C2C3C(C(O)(c4ccccc4)c4ccccn4)=CC(C3=C(c3ccccc3)c3ccccn3)C12
mol_10274,COC(=O)C1(C)C(=O)CCC1C=O
mol_10275,C=C1CCC([N+](=O)[O-])C(C)(N=O)CCC2C1CC2(C)C
mol_10276,CCCCCCOC(=O)Nc1nnc(SSC2=NN=CC2NC(=O)OCCCCCC)s1
mol_10277,CN1CCc2sccc2C(c2ccccc2)O1
mol_10278,O=C(OC1CCC(=C2SCCCS2)C1C1SCCCS1)c1ccccc1
mol_10279,CCN(CC)CCN(C(=Nc1ccccc1)N1CCOCC1)c1ccccc1
