id,smiles
mol_0,CCn1c(=O)ccc2ccc(N(CCO)CCO)nc21
mol_1,O=c1[nH]c2ccsc2c(=O)n1COCc1ccccc1
mol_2,CCOC(=O)c1nc2cc(C(F)(F)F)ccc2nc1Nc1ccc(OC)c(OC)c1
mol_3,N#CCC(=O)Nn1c(CC#N)nnc1Cc1ccccc1
mol_4,Nc1ccccc1S(=O)c1ccccc1
mol_5,CC(C)(O)CCCC1CCC2C3CCC4CCCCC4(C)C3CCC2(C)C1O
mol_6,CCCCCCc1nn2c(-c3ccncc3)nnc2s1
mol_7,c1cc(C2=NN[Ni-2]3(NN=C(c4ccncc4)[OH+]3)[OH+]2)ccn1
mol_8,Cc1ccccc1N1C(=S)N(c2ccc(Cl)cc2)C2=Nc3ccccc3NC1=C2N=Nc1cc(Cl)ccc1Cl
mol_9,CNc1ncnc2[nH]c(OC)nc12
mol_10,Cn1cc[n+]([Pt-2]([n+]2ccn(C)c2)([n+]2ccn(C)c2)[n+]2ccn(C)c2)c1.[O-][Cl+3]([O-])([O-])[O-]
mol_11,Nc1nc(N)c(-c2ccccc2)c(C(=O)Nc2ccc(Cl)c(Cl)c2)n1
mol_12,COc1cccc(N2C(=O)C3C4C=C5c6ccccc6N(c6ccccc6)C5(C3C2=O)C2C(=O)N(c3cccc(OC)c3)C(=O)C42)c1
mol_13,CN1C(=O)C2CCCN2C(=O)C1(C)NC(=O)OCc1ccccc1
mol_14,O=C1c2ccsc2C(=O)c2ccsc21
mol_15,N=c1[nH]c2cc([N+](=O)[O-])cnc2s1
mol_16,CC(=O)[OH+][Co-3]12([OH+]c3ccccc3C=[N+]1c1ccc(S(=O)(=O)Nc3nccc(C)n3)cc1)[OH+]c1ccccc1C=[N+]2c1ccc(S(=O)(=O)Nc2nccc(C)n2)cc1
mol_17,COc1ccc(NC(=O)C(C)Oc2ccc(OCC3CCCCC3)cc2)cc1
mol_18,CCOC(=O)C(NC(=O)c1ccccc1)C(c1ccc(OC)cc1)[Sn](c1ccccc1)(c1ccccc1)c1ccccc1
mol_19,CCOC(=O)C(=Cc1ccc(C(F)(F)F)cc1)[Se]c1ccccc1
mol_20,C1=CC2=[S+][Mn+2]3([OH+]N2C=C1)[OH+]N1C=CC=CC1=[S+]3
mol_21,Oc1ccc(C2CC(O)c3ccccc3O2)cc1
mol_22,O=C(O)Cc1cc(O)nc2c1C(=O)CCC2
mol_23,COc1ccc(-c2oc3ccccc3c(=O)c2O)cc1OC
mol_24,Nc1c(SSc2ccc3ccccc3c2N)ccc2ccccc12
mol_25,CC=C(C)C(=O)c1c(O)cc(O)c2ccc(=O)oc12
mol_26,CCOc1ccc(N=NC2C(=O)N(C(=O)CC(=O)Nc3ccc(C)cc3)N=C2C)cc1
mol_27,COc1cc2c(c3oc(C)c(C)c(=O)c13)C=CC(C)(C)O2
mol_28,NC(=S)NN=C1CCCCC1C(O)(C(F)(F)Cl)C(F)(F)Cl
mol_29,O=C(CN1CCCCC1)CC(O)(C(F)(F)F)C(F)(F)F
mol_30,CC(=O)OC1CCC2(C)C(=CCC3C2CCC2(C)C(c4nc(C)cs4)CCC32)C1
mol_31,O=[As](O)(O)CC(O)CO
mol_32,Cc1cc(N(CCC#N)CCC#N)ccc1C(N=Nc1ccccc1)=NNC(=O)c1ccccc1
mol_33,Cn1c(=O)[nH]n(C2Cn3c(=O)n(C)c(=O)n3-c3ccccc32)c1=O
mol_34,CC(NC(=O)C(C)NC(=O)C(N)CCP(C)(=O)O)C(=O)O
mol_35,CCCCC1SC2=NCCN2C1(O)c1ccc(Cl)cc1
mol_36,Cc1cc(N=Nc2ccc(Sc3ccc(N=Nc4ccc(O)c(C(=O)O)c4)cc3)cc2)c(N)c(N=Nc2ccc(C(=O)O)cc2)c1N
mol_37,CCN(CC)C(c1ccc(N(C)C)cc1)C(c1ccc(N(C)C)cc1)N(CC)CC
mol_38,Clc1ccc(C=NN=C(NN=Cc2ccc(Cl)cc2Cl)NN=Cc2ccc(Cl)cc2Cl)c(Cl)c1
mol_39,CC(C)(C)OC(=O)C1C(=O)C(C(=O)OC(C)(C)C)C23CCCCCCCCCCC12C(C(=O)OC(C)(C)C)C(=O)C3C(=O)OC(C)(C)C
mol_40,CSc1c(C(=O)Nc2ccc(Cl)cc2)c(=N)[nH]n1-c1ccccc1
mol_41,CC(C)c1ccc(C=Cc2cc(C(=O)NNC(=O)NC3CCCCC3)nc(S)n2)cc1
mol_42,NC(=O)CCC(Nc1c2ccccc2nc2ccccc12)C(=O)O
mol_43,O=S1(=O)c2ccc(cc2)N=CC=Nc2ccc1cc2
mol_44,O=c1ccn(C2CCC3(CO)CC23)c(=O)[nH]1
mol_45,COc1cc(-c2cc(O)c(-c3ccc4ccccc4n3)c(O)n2)cc(OC)c1OC
mol_46,CN1C(=NS(=O)(=O)c2ccc(Cl)cc2)C(=NN=P(c2ccccc2)(c2ccccc2)c2ccccc2)c2ccccc21
mol_47,CC1(O)CC2(O)C=CC3=C(C(=O)c4cccc(O)c4C3=O)C2(O)C(=O)C1O
mol_48,COCN1C(=O)C2CCCN2C(=O)c2ccc([N+](=O)[O-])cc21
mol_49,NC(=O)c1ncn(C2OC(CO)C(O)C2O)c1NC=O
mol_50,Cc1ccc(S(=O)(=O)O[IH2](O)CC(F)(F)F)cc1
mol_51,CSc1nc(O)c2c(n1)NC(c1ccccc1)CC(c1ccc(Cl)cc1)=N2
mol_52,CC(C)c1ccc(C(c2c(O)c3ccccc3oc2=O)c2c(O)c3ccccc3oc2=O)cc1
mol_53,CC(C)CC1C(=O)NCCC(NC(=O)C(N)Cc2ccc(O)cc2)C(=O)NC(Cc2ccccc2)C(=O)NC(Cc2ccccc2)NC1=O.O=C(O)C(F)(F)F
mol_54,CSc1nc2c(n1-c1ccccc1)C(=O)C(OS(=O)(=O)c1ccccc1)C(=O)N2
mol_55,O=C(Nc1ccccc1)N1CC(CN2CCN(c3ccccc3)CC2)OC1=O
mol_56,NC(=O)c1cc(N(CCO)CCO)c([N+](=O)[O-])cc1[N+](=O)[O-]
mol_57,CCOC(=O)C1C(c2ccccc2)=C(c2ccccc2)C(c2ccccc2)=C1c1ccccc1
mol_58,c1cnn([B-]2(n3cccn3)n3ccc[n+]3[B-](n3cccn3)(n3cccn3)n3ccc[n+]32)c1
mol_59,CCc1cccc(CC)c1Nc1nc2c(s1)C(=O)c1ccccc1C2=O
mol_60,O=C(CO)CC(=O)C(=O)Nc1ccccc1
mol_61,COC1OC2COC(c3ccccc3)OC2C2OC(=S)OC12
mol_62,CNC(=O)CCCN(C)C(=O)CCCCC(=O)N(C)C
mol_63,Cn1c2cc(O)cc(O)c2c(=O)c2c([N+](=O)[O-])cccc21
mol_64,CC(Oc1ccc(OCC2CCCCC2)cc1)C(=O)N(CCO)CCO
mol_65,NC12CC3CC(CC(C3)C1)C2
mol_66,O=C(c1ccccc1)C1C(c2ccccc2)S(=O)C(c2ccccc2)CC1(O)c1ccccc1
mol_67,Cc1ccc2c(n1)C(N1CCC(C)CC1)=CC(=O)C2=O
mol_68,N=C(N)NNC(O)(C(=O)O)C(=O)O
mol_69,CC(=O)OC(c1nccn1Cc1ccccc1)C1OC(C)(C)OC1C1COC(C)(C)O1
mol_70,N=c1ccn(CCOC(=O)c2ccccc2)c(=O)[nH]1
mol_71,CC(=O)NC(CS[Ag])C(=O)O.O=[N+]([O-])O
mol_72,CCc1cccc(C(C)C)c1NC(=O)C(=O)C(C(=O)C(=O)OC)c1nc2ccccc2nc1O
mol_73,O=C1CC(CC(O)C2CCCCC2O)CC(=O)N1c1ccccc1
mol_74,COC(=O)C(C)(C)C(OP1(=S)N(C)CCN1C)=C(C)C
mol_75,O=C1C(O)=C(O)C(=O)C(O)=C1O
mol_76,CC(C)(C)COC(=O)NC1CCC2CCCCC2C1
mol_77,N#CC(=Cc1ccc(Cl)cc1)c1ccccc1[N+](=O)[O-]
mol_78,COc1cc(C2c3cc4c(cc3OC(NCCO)C2C)OCO4)cc(OC)c1OC
mol_79,CCOC(=O)C(C(=O)OCC)c1ccc([N+](=O)[O-])o1
mol_80,NNC(=O)CC(=O)Nc1ccc(S(=O)(=O)c2ccc(NC(=O)CC(=O)NN)cc2)cc1
mol_81,CN(C)c1ccc(C=C2c3ccccc3-c3ccccc32)cc1
mol_82,O=C1NC2=NN=CCN2c2ncccc21
mol_83,COc1ccc2occ(CCC(=O)O)c2c1
mol_84,CC(C)(C)c1cc(CCCCCCCC2(CCCCCCCc3cc(C(C)(C)C)cc(C(C)(C)C)c3)OC(COCCOCCCCCC#N)C(COCCOCCCCCC#N)O2)cc(C(C)(C)C)c1
mol_85,O=C1C=CC2C3C(=O)N(c4ccccc4)C(=O)C3C1N2Cc1ccccc1
mol_86,Br.CN(C)c1ccc(C(Br)=C2OC(=O)c3ccccc32)cc1
mol_87,NC(=S)NN=C(C(=O)Nc1nc2ccc([N+](=O)[O-])cc2s1)C1C(=O)NC(=S)NC1=O
mol_88,Oc1nc2c(c(-c3cccc(Cl)c3)n1)COCC2=Cc1cccc(Cl)c1
mol_89,CC12CCc3ccccc3C1=NNC(=O)C2
mol_90,O=C1CSC2=NC3=C(CSCC3=Cc3ccc(Cl)cc3)C(c3ccc(Cl)cc3)N12
mol_91,CC(=O)C1C(O)CC2(C)C3CCc4cc(O)c(OC5OC(CO)C(O)C(O)C5O)cc4C3(C)C(=O)CC12C
mol_92,COC[n+]1cc2cc(OC)c(OC)cc2c2ccc3cc(OC)c(OC)cc3c21.[Cl-]
mol_93,CCOC(=O)C1C(=O)C(C(=O)OC)C2CCCC3CCCC1N32
mol_94,CCN(CC)CN1C(=O)C(=O)c2ccccc21
mol_95,COC(=O)c1ccc(NCC2=CC(=O)C=CC2=O)cc1
mol_96,CCOC(=N)CC(=O)Nc1ccccc1.Cl
mol_97,CC(C)(C)OC(=O)CN1CCN(CC(=O)N2CCN(C(=O)OCc3ccccc3)CC2)CCN(CC(=O)OC(C)(C)C)CCN(CC(=O)N2CCN(C(=O)OCc3ccccc3)CC2)CC1
mol_98,O=S(O)CCCCCSSc1ccc(Cl)cc1.[NaH]
mol_99,[C-]#[N+]C1C2C(CCC1(C)O)C(C)([N+]#[C-])CCC2C1(C)CCC(C(C)(C)[N+]#[C-])O1
mol_100,COc1c(Br)cc(C=C(C#N)c2cccnc2)cc1Br
mol_101,Cc1cn(C2CC3C(COC(c4ccc([N+](=O)[O-])cc4)N3O)O2)c(=O)[nH]c1=O
mol_102,CN(Cc1c2ccccc2cc2ccccc12)S(=O)(=O)c1ccc(-c2c3ccc(n3)c(-c3ccc(S(=O)(=O)N(C)Cc4c5ccccc5cc5ccccc45)cc3)c3ccc([nH]3)c(-c3ccc(S(=O)(=O)N(C)Cc4c5ccccc5cc5ccccc45)cc3)c3ccc(n3)c(-c3ccc(S(=O)(=O)N(C)Cc4c5ccccc5cc5ccccc45)cc3)c3ccc2[nH]3)cc1
mol_103,O=[N+]([O-])C(=Cc1cccs1)C(=Cc1cccs1)[N+](=O)[O-]
mol_104,O=C1OCSc2ccccc21
mol_105,O=C1OCC2CCCN2Cc2ccccc21
mol_106,Cc1cn(COCC[Se]c2ccccc2)c(=O)[nH]c1=O
mol_107,CC(C)=CCOc1cc(O)c2c(O)c3c(cc2c1)CC(C)(C)CC3=O
mol_108,CC(C)(CO)NCC(O)CS(=O)(=O)O
mol_109,N=C1NN(c2ccccc2)C(=O)C1C(=NNC(=O)c1cc2ccccc2cc1O)C(=O)Nc1cccc(C(F)(F)F)c1
mol_110,O=c1c2ccccc2[nH]c(=S)n1-c1ccc(Br)cc1
mol_111,Cc1c2cc(Cl)ccc2n2c(=O)c3ccccc3[nH]c(=O)c12
mol_112,OCc1c[te]c(-c2ccccc2)c1
mol_113,Cc1c(C(=N)C(C#N)C#N)c(=N)oc2c1ccc1ccccc12
mol_114,COc1ccc2[nH]c3c(C)c4ccnc(NCCCN(C)CCCNc5ccc6ncn7c8ccccc8c(=O)c5c67)c4c(C)c3c2c1.CS(=O)(=O)O
mol_115,COc1cc([N+](=O)[O-])c(S(=O)(=O)O)cc1-[n+]1nc(C(=O)Nc2ccccc2)nn1-c1ccc([N+](=O)[O-])c(S(=O)(=O)[O-])c1.[NaH]
mol_116,O=[N+]([O-])c1ccc(-c2noc(-c3ccc(Cl)cc3)c2C2=NCCN2)cc1
mol_117,COC1=C(Br)C(O)C2(C=C1Br)CC(C(=O)NCCCCCNC(=N)N)=NO2
mol_118,CC12CCC3C(CCC4CC(OC(=O)C=Cc5cccc(N(CCCl)CCCl)c5)CCC43C)C1CCC(=O)N2
mol_119,CC(CN(C)C)OC(=O)c1cc2ccccc2n1-c1ccccc1.Cl
mol_120,O=C(O)C(Cc1ccccc1)NC(=O)C1CCCN1C(=O)OCc1ccccc1
mol_121,CCCCC(CC)CN(Cc1cc(CN(CC(CC)CCCC)CC(CC)CCCC)c(O)c(CN(CC(CC)CCCC)CC(CC)CCCC)c1)CC(CC)CCCC
mol_122,Nn1c(NN=C2C(=O)Nc3c(Cl)cc(Cl)cc32)n[nH]c1=S
mol_123,CCCCNC(=S)SSSSC(=S)NCCCC
mol_124,CCC(=NO)C(C)C(=O)CCC(=O)Nc1ccc(Cl)cc1
mol_125,COc1ccc(SCc2ccc(C(=O)O)cc2)cc1
mol_126,O=C1NC(N2CCOCC2)=NC1=Cc1ccccc1O
mol_127,CC(=O)OCC1OC([n+]2c(O)cc(=O)n3ccsc32)C(OC(C)=O)C1OC(C)=O
mol_128,COc1ccc(C(=O)N2CCc3c([nH]c4ccccc34)C2C(=O)O)o1
mol_129,C1=C(c2ccccc2)N2CCCNC2(c2ccccc2)CS1
mol_130,O=C1C=CC23CC1C(O)CC2C=Cc1ccccc13
mol_131,NC(=O)NN=C(CC1OC(=O)c2ccccc21)c1ccc([N+](=O)[O-])cc1
mol_132,CC=C1CNC2Cc3c([nH]c4ccccc34)C(=O)CC1C2C(=O)OC
mol_133,COP(=O)(Cc1ccccc1)Cc1ccccc1
mol_134,Cc1ccc(C=C2CCCCCC2=O)cc1
mol_135,COC(=O)C(C#N)=C(Nc1ccccc1)N1CCCCC1
mol_136,C(=Cc1ccc2ccccc2n1)c1ccc2c(c1)OCO2
mol_137,COc1ccc(N=Cc2c(O)ccc3c2oc2cc(Cl)c(O)c(Cl)c23)cc1
mol_138,CCOC(=O)C(N)CSC(=O)NC
mol_139,Cc1ccc(N=Nc2c(C)nn(-c3ccccc3)c2-c2ccccc2)c(Br)c1
mol_140,CC(C)OP(=O)(OC(C)C)C(I)=NNc1ccc([N+](=O)[O-])cc1
mol_141,CC(=O)C(=CNC(N)=S)C(=O)Nc1ccccc1C
mol_142,OC(C#CC(O)(c1ccccc1)c1ccccc1)(c1ccccc1)c1ccccc1
mol_143,CC(C)OP(=O)(OC(C)C)C(=NNc1ccc([N+](=O)[O-])cc1)Nc1ccccc1
mol_144,O=C(c1ccccc1)c1c(O)c2ccccc2oc1=O
mol_145,Nn1c(CCCCCCCCc2nnc(COc3c(O)ccc4ccccc34)n2N)nnc1COc1c(O)ccc2ccccc12
mol_146,COc1ccc(N2C(=O)C3c4[nH]c5cc(C)ccc5c4C4CCC(C(C)(C)C)CC4C3C2=O)cc1
mol_147,Cc1oc(N)c(S(=O)(=O)c2ccc(Cl)cc2)c1C
mol_148,COc1ccc2nc3cc(Cl)ccc3c(NCCC(=O)OCC(O)C(O)C(OC(C)C(=O)NC(C)C(=O)NC(CCC(N)=O)C(=O)OCc3ccccc3)C(C=O)NC(C)=O)c2c1
mol_149,C=CC1(C)CC(O)C2C(=C)C(=O)OC2C1C(=C)C=O
mol_150,Cc1ccc(NC(=S)NC=C(C(N)=O)C(N)=O)c(C)c1
mol_151,CC(C)(C)[Si](C)(C)OCC1OC(n2cc(F)c(=O)[nH]c2=O)CC1O[Si](C)(C)C(C)(C)C
mol_152,COc1cc(C2C3=C(COC3=O)Oc3cc4c(cc32)OCO4)cc(OC)c1O
mol_153,Cc1c(C(=O)CC(=NNC(=O)c2ccccc2O)C(=O)Nc2ccccc2C(C)C)[n+]([O-])c2ccccc2[n+]1[O-]
mol_154,Cc1cc(Cc2cc(C)c(NC(=O)C(=O)C3CCC4=C(SC5C=CC=CC5N4)C3=O)c(C(C)C)c2)cc(C(C)C)c1NC(=O)C(=O)C1CCC2=C(SC3C=CC=CC3N2)C1=O
mol_155,CC(=O)NNc1nc(C)c(C(=O)NNC(=O)C(=O)Nc2c(C)cccc2C(C)C)s1
mol_156,CC1=NN(C(=O)CC(=O)Nc2ccc(Cl)cc2)C(=O)C1N=Nc1ccc(S(=O)(=O)c2ccc(N=NC3C(=O)N(C(=O)CC(=O)Nc4ccc(Cl)cc4)N=C3C)cc2)cc1
mol_157,S=C1SC2(CCCCCC2)NC2=C1CCCCC2
mol_158,CC(=O)C(=CNC(=S)NN=C1C(=O)Nc2ccccc21)C(=O)Nc1ccccc1C
mol_159,NCCSC=CC(=O)O
mol_160,Cc1cc2c(cc1O)CCC1C2CCC2(C)C(O)CCC12
mol_161,CCc1n[nH]c(=O)n1N1C(=O)CCC1=O
mol_162,Cn1c(=O)cc(NCc2ccc(Cl)cc2)[nH]c1=O
mol_163,O=C(Nc1ccc2c(O)c(N=Nc3ccccc3)c(S(=O)(=O)O)cc2c1)Nc1ccc2c(O)c(N=Nc3ccccc3)c(S(=O)(=O)O)cc2c1
mol_164,CCOC(=O)c1ccc(CS(=O)c2ccc(C)cc2)c([N+](=O)[O-])c1
mol_165,Cc1cn(C2C=CCCC2)c(=O)[nH]c1=O
mol_166,CN1Cc2c(ccc3c2OCO3)C2C(O)Cc3cc4c(cc3C21)OCO4
mol_167,N#Cc1c(Cl)c2ccccc2n2c1nc1ccccc12
mol_168,CC(C)(C)OC(=O)[N+](=[N-])C(=O)C1CCC(=O)N1C(=O)OCc1ccccc1
mol_169,Cc1ccc(-n2cc(-c3ccc(Cl)cc3)c3c(=N)n(N)cnc32)cc1
mol_170,COc1ccc2c(c1)c1c(n2CCN2CCOCC2)-c2ccccc2CC1
mol_171,Oc1nnc2c(-c3ccccc3)n[nH]c2n1
mol_172,O=C(O)c1ccc(-c2nc3cccc4cccc([nH]2)c43)cc1
mol_173,COc1ccc2cc3[n+](cc2c1OC)CCc1cc(O)c(O)cc1-3.[Cl-]
mol_174,Cc1cc(-c2cc(C)c(N)c(S(=O)(=O)O)c2)cc(S(=O)(=O)O)c1N
mol_175,CCCC(C(=O)OC)C1N=C(NC#N)N(Cc2ccccc2)C1=O
mol_176,O=C(O)CCCCCCCCCCCc1ccccc1
mol_177,COC(=O)C1=C(C)N(NC(=O)c2cccc(Cl)c2)C(C)(O)C12CCOC2=O
mol_178,CCN(CCCl)c1cc(C(=O)NCCCN(C)CCCNC(=O)c2cc(N(CC)CCCl)c([N+](=O)[O-])cc2[N+](=O)[O-])c([N+](=O)[O-])cc1[N+](=O)[O-].Cl
mol_179,CN1C(=O)C(=NN(c2ccccc2)c2ccccc2)c2ccccc21
mol_180,CC1CC(C)(C)N=C(CCCO)O1
mol_181,O=C1NC(=S)N(c2ccccc2)C1=O
mol_182,NC(=O)c1c[se]c(C2OC(CO)C(O)C2O)n1
mol_183,CCn1cc2c(=O)n3ncn(-c4ccc(Br)cc4)c3nc2n1
mol_184,Cc1nc(C(N)=S)sc1C(=O)CC(=O)C(=O)Nc1nc2ccccc2[nH]1
mol_185,CCOC(=O)C(=[N+]=[N-])C(=O)CN1C(=O)C2CC(C)=C(C)CC2C1O
mol_186,COc1cc(C=C2CCc3ccccc3C2=O)ccc1O
mol_187,Cc1cc2c(=O)cc(-c3ccccc3Cl)oc2c(C(=O)O)c1C
mol_188,COCS(=O)(=O)c1ccccc1
mol_189,O=C(CS)NCCNC(=O)CS
mol_190,CN(C)c1ccc(C=NNC(=O)c2ccccc2Nc2ccccc2C(=O)NN=Cc2ccc(N(C)C)cc2)cc1
mol_191,CCCCC#COS(=O)(=O)c1ccc(C)cc1
mol_192,COc1cnn(-c2ccccc2)c(=O)c1SCc1ccc(Cl)c(Cl)c1
mol_193,Cc1ccccc1N=CN(C)C
mol_194,COc1ccc(N=Nc2c(-c3c(OC)cc4occc4c3OC)nc(O)c(C#N)c2C)cc1
mol_195,S=C1NC(c2ccccc2)=NC(Cc2ccccc2)(c2ccccc2)N1c1ccccc1
mol_196,COc1ccc(-n2nnc(C(N)=O)c2O)cc1.[NaH]
mol_197,CCC(C)C1(C2CCCC2)NC(=O)NC1=O
mol_198,c1ccc2c(c1)nnn1c3ncccc3nc21
mol_199,O=Nc1ccc(O)c2ncccc12
mol_200,CC1=C(C2=C(C)C(=O)c3c(c(C=O)c(O)c(O)c3C(C)C)C2=O)C(=O)c2c(C=O)c(O)c(O)c(C(C)C)c2C1=O
mol_201,C=CCC(NC(=O)C(CC(=O)OC(C)(C)C)NC(=O)OC(C)(C)C)C(=O)OC
mol_202,CCN(CC)c1c(C(=O)C=Cc2ccc(F)cc2)c(-c2ccccc2)nn(C)c1=O
mol_203,O=C1C(=Cc2c(-c3ccccc3)nn(-c3ccccc3)c2O)C(c2ccccc2)=NN1c1ccccc1
mol_204,O=C1CCCCC1=Cc1ccc(Br)cc1
mol_205,CC(=O)Nc1oc(C)nc1C#N
mol_206,O=C1C(=Cc2cccc(Oc3ccccc3)c2)SC(c2ccccc2)N1c1cccc(Cl)c1
mol_207,Cc1cn(C2CC(Sc3ccccc3)C(CO)O2)c(=O)[nH]c1=O
mol_208,COC(=O)C(=O)C(C(=O)OC)C(=O)C(=O)Nc1c(C)cccc1C
mol_209,N#CC(=Cc1ccc(O)c(O)c1)C(=O)NCCc1ccc(O)c(O)c1
mol_210,CS(=O)(=O)Nc1ccc2ccccc2c1
mol_211,Cc1ccc(C2SC(=N)Nc3c2c(C)nn3C(=O)c2ccncc2)cc1
mol_212,Cc1nc2cc3[nH]c4ccccc4c(=O)c3cc2s1
mol_213,Cc1cc(C)nc(NS(=O)(=O)c2ccc(Nc3c4ccccc4nc4c(C(=O)NCCN(C)C)cccc34)cc2)n1
mol_214,CN(C)CCCNC(=O)c1cc(NC(=O)c2cc(NC(=O)c3cc(NC(=O)c4cccc(C(=O)Nc5cc(C(=O)Nc6cc(C(=O)Nc7cc(C(=O)NCCCN(C)C)n(C)c7)n(C)c6)n(C)c5)c4)cn3C)cn2C)cn1C
mol_215,CSC(c1ccccc1)=[N+](C)[O-].I
mol_216,CC(C)CC(CC(=O)CCC(=O)Nc1ccccc1[N+](=O)[O-])=NNC(=O)c1cc2ccccc2cc1O
mol_217,COc1cc(C=C2N=C(c3ccccc3)N(n3c(-c4ccccc4)nc4ccccc4c3=O)C2=O)cc(OC)c1OC
mol_218,CCOC(=O)c1c(NS(=O)(=O)c2ccc(C)cc2)sc2c1CCCC2
mol_219,Cc1cc(CS(=O)(=O)C=Cc2ccccc2[N+](=O)[O-])c(CS(=O)(=O)C=Cc2ccccc2[N+](=O)[O-])cc1C
mol_220,COC(=O)c1c2c(cc3c1CC1(Cc4ccccc4C1)C3)CCC2
mol_221,COc1cc(C2c3c(ccc4ccccc34)C(=O)C3CCC(=O)N32)cc(OC)c1OC
mol_222,CCCCCCCCC1=C(OC)C(=O)c2ccc(COC(C)=O)nc2C1=O
mol_223,CCC(=O)c1c(NOC2OC(COC(C)=O)C(OC(C)=O)C(OC(C)=O)C2OC(C)=O)nc(OC)n(C)c1=O
mol_224,ON1CCc2c([nH]c3ccccc23)C1c1ccc(Cl)cc1
mol_225,O=C1OC(=O)C2C3CCCCC3=C3CCCCC3C12
mol_226,CC(=O)Nc1ccc(OC(C)(C)C)cc1
mol_227,O=C(CCCCCCCCC(=O)NCC1(c2ccccc2)CCN(Cc2ccccc2)CC1)NCC1(c2ccccc2)CCN(Cc2ccccc2)CC1
mol_228,Cc1ccc(NC(=O)CCc2n[nH]c(=S)o2)cc1
mol_229,O=C1c2ccccc2C=CC(c2ccccc2)=NN1c1ccccc1Cl
mol_230,CC(C)CC(NC(=O)C(Cc1ccccc1)NC(=O)C1CCC(NC(=O)C(N)Cc2ccc(O)cc2)C1)C(N)=O.Cl
mol_231,COc1cc2nc(CC(O)c3nc4cc(OC)c(OC)cc4[nH]3)[nH]c2cc1OC
mol_232,CC(CCC(N)=O)(CCC(N)=O)[N+](=O)[O-]
mol_233,C[N+](C)(C)CCNP(=O)(Oc1ccccc1)c1ccccc1.[I-]
mol_234,Cc1c(C(=O)Nc2ccccc2)nnn1-c1ccnc2cc(C(F)(F)F)ccc12
mol_235,Cc1cc2c3c([nH]c2c2ccnc(C)c12)CCCC3
mol_236,CC12CCC3C(CC=C4CC(O)CCC43C)C1CC(C#N)C(=O)N2
mol_237,O=C(c1cccs1)N(C(=S)N1CCN(c2ccccn2)CC1)c1ccccc1
mol_238,COc1cc(C2c3cc4c(cc3OC(O)C2C)OCO4)cc(OC)c1O
mol_239,Cc1ccc2ccc3c(-c4ccccc4)cc(C)[n+]4c3c2[n+]1[Cu-3]41[n+]2c(C)ccc3ccc4c(-c5ccccc5)cc(C)[n+]1c4c32.O=C1OC(C(O)C[O-])C(O)=C1O
mol_240,O=c1sccc2ccccc12
mol_241,O=C1N(c2ccccc2)C(=O)C2(SC=NN2Cc2ccccc2)N1c1ccccc1
mol_242,CC1C[N+]2(CNC(=O)C3=C(O)C(N(C)C)C4CC5C(=C(O)C4(O)C3=O)C(=O)c3c(O)cccc3C5(C)O)CC(C)O[B-]2(c2ccccc2)O1
mol_243,[N-]=[N+]=NC1CC(n2cc(CO)c(=O)[nH]c2=O)OC1CO
mol_244,O=C1CCC(=O)N1n1c(Cc2ccccc2)n[nH]c1=O
mol_245,CC(=O)N(C(C)=O)n1c(Cc2ccc(C)cc2)nn(C(C)=O)c1=O
mol_246,Nc1cccc2cn[nH]c12
mol_247,CC(C)=CCCC(C)=CCCC(C)=CCCC=C(C)CCC=C(C)CCC1SC1(C)C
mol_248,CC1=NNB(O)c2sccc21
mol_249,O=C(CSc1nnc(Cc2ccccc2)o1)Nc1ccc(Cl)cc1[N+](=O)[O-]
mol_250,Cc1cc(O)c2ccc3c(c2n1)Oc1ccc2c(O)cc(C)nc2c1O3
mol_251,CC(C)(c1ccccc1)c1ccc(Oc2ccc3c4nc5nc(nc6nc(nc7nc(nc(n4)c3c2)c2ccc(Oc3ccc(C(C)(C)c4ccccc4)cc3)cc72)c2ccc(Oc3ccc(C(C)(C)c4ccccc4)cc3)cc62)c2cc(Oc3ccc(C(C)(C)c4ccccc4)cc3)ccc52)cc1
mol_252,CCN(CC)CCCC(C)Nc1c(Sc2cnc3cc(Cl)ccc3c2NC(C)CCCN(CC)CC)cnc2cc(Cl)ccc12.Cl
mol_253,O=C(CC(CC(=O)Oc1c(Br)cc(Br)cc1C(=O)O)C(=O)Oc1c(Br)cc(Br)cc1C(=O)O)Oc1c(Br)cc(Br)cc1C(=O)O
mol_254,CN1CCCC(CNC23CC4CC(CC(C4)C2)C3)C1
mol_255,COc1ccc(C=Cc2n[nH]c(=S)[nH]2)cc1
mol_256,CCCCCCP(=O)(OC)OC
mol_257,CC(=O)N1c2ccccc2N(C(C)=O)C1c1ccc(C2N(C(C)=O)c3ccccc3N2C(C)=O)[nH]1
mol_258,CCCCCCCCCc1cc(=O)c2ccc(OCc3ccccc3)cc2o1
mol_259,COc1ccc(C(c2ccc3c(c2)OCO3)N2C(=O)CCC2C(=O)O)cc1
mol_260,O=C1c2ccccc2-c2oc(=O)c3ccccc3c21
mol_261,CCOC(=O)NC(Nc1cccc(C(F)(F)F)c1)(C(F)(F)F)C(F)(F)F
mol_262,O=C(Oc1ccccc1)c1cccc(C(=O)Oc2ccccc2)c1
mol_263,C=C1C(=O)OC2C1CC(O)C(C)=CCCC1(C)OC21
mol_264,CC1=C(C(=O)Nc2ccc([N+](=O)[O-])cc2)C(c2ccc3c(c2)OCO3)C(C(=O)Nc2ccc([N+](=O)[O-])cc2)=C(C)N1
mol_265,CCCC(=O)OC1CN2CCC(O)C2C(O)C1O
mol_266,O=c1ccc(-c2ccc(-n3ccnc3)cc2)nn1CCO
mol_267,COc1ccc(C(=O)C=Cc2ccc(OCC(=N)N)cc2)cc1OC.Cl
mol_268,Cc1nn2c(=O)c3c([N+](=O)[O-])c(C)nn3c(=O)c2c1[N+](=O)[O-]
mol_269,O=c1c2cc3c(cc2c2cccc4c2n1CCC4)OCO3
mol_270,O=S1(=O)C(=CC2CCCCC2)c2c1c(-c1ccccc1)c1ccccc1c2-c1ccccc1
mol_271,COc1cc(C=C(C#N)C(=O)c2ccccc2)ccc1O
mol_272,CC(=O)OCC12CCC3C4(C)CCCC(C)(C)C4CCC3(C)C1CC(C1=CC(=O)OC1O)O2
mol_273,O=C(O)CCCCCCCCCCCF
mol_274,Cn1c(=O)c2c3ccccc3c(C(=O)c3ccccc3)n2c2ccccc21
mol_275,O=C(O)CC1CCN(C(=O)c2ccccc2)C(Cc2c[nH]c3ccccc23)C1O
mol_276,COc1cccc(N(CN2CC=CC2=O)C(C)=O)c1
mol_277,C=CC(=O)NCCSSCCNC(=O)C=C
mol_278,CCOC(=O)N1CCc2cc(OC)c(OC)cc2C1=Cc1ccc(OC)c(OC)c1
mol_279,Oc1ccc2c(c1)OCC1c3ccccc3OC21
mol_280,O=C1C=CC(=O)C(CNc2ccc(C(=O)OCc3ccccc3)cc2)=C1
mol_281,CCOC(=O)c1c(NC(=O)c2cccs2)sc2c1CCCC2
mol_282,COc1cccc2c1C(=N)c1c(O)c3c(c(O)c1C2=O)CC(O)(C(C)=O)CC3OC1CC(N)C(O)C(C)O1
mol_283,COc1cc(C(=C2SCCS2)c2nccc3cc(OC)c(OC)cc23)c([N+](=O)[O-])cc1OC
mol_284,CCOC(=O)C1=C(NC(C)(C)C)OCC1=O
mol_285,CN(N=Cc1ccc2ccccc2c1)C1=NCCN1.I
mol_286,C=CCNC(=S)NC=C(C(C)=O)C(=O)Nc1ccccc1
mol_287,COc1ccc(C(c2ccccc2)(c2ccc(OC)cc2)N2C(=O)NC3C(CCCCC(=O)NCCCCCCOP(OCCC#N)N(C(C)C)C(C)C)SCC32)cc1
mol_288,CCC(C)=C1CC(C)(C)N=C1C
mol_289,CC(=O)NC(C=O)C(OC(C)C(=O)NC(C)C(=O)NC(CCC(N)=O)C(=O)OCc1ccccc1)C(O)C(O)COC(=O)CCNc1c2ccccc2nc2cccc([N+](=O)[O-])c12
mol_290,CCN(CC)c1ccc(C(=C2C=CC(=[N+](CC)CC)C=C2)c2ccccc2)cc1.O=S(=O)(O)O
mol_291,CC(=O)Oc1ccc2c(oc(=O)c3nc(C)oc32)c1C
mol_292,COC(=O)c1c(C)cccc1CC1Cc2c(C)cccc2C1=O
mol_293,O=C1OCC23CCC4C1C42CC1(CC3)OCCO1
mol_294,CCOC(=O)CC1CCN(C(=O)c2ccccc2)C2Cc3c([nH]c4ccccc34)C12C[N+](=O)[O-]
mol_295,CCOC(=O)CCc1cn2cc(Br)nc(OC)c2n1
mol_296,Cc1cc(C#N)c(Nc2ccc(F)cc2[N+](=O)[O-])s1
mol_297,N#Cc1nnn(-c2ccc(Br)cc2)c1O
mol_298,C=CCOCCCC(=O)C(=[N+]=[NH2+])C(=O)OC
mol_299,Cc1cc(=O)oc2cc(O)c([N+](=O)[O-])cc12
mol_300,O=C(C=Cc1ccsc1)c1ccco1
mol_301,NC(CCCC(N)P(=O)(O)O)C(=O)O
mol_302,N#CC(=Cc1cccc(Oc2ccccc2)c1)c1ccccc1
mol_303,CCN(CCC#N)C(=O)Nc1ccccc1
mol_304,CCOC(=O)C(=CN1C(=O)C(=CC(C)=Cc2ccccc2)SC1=S)C(=O)c1ccccc1
mol_305,COc1ccc(C=C2CCCCCC2=O)cc1
mol_306,CC(C)(C)[Si](C)(C)Oc1cc(CO)cc2c1cc(=N)o[n+]2[O-]
mol_307,N=C1NN(c2ccccc2)C(=O)C1C(=O)C(=O)Nc1nccs1
mol_308,CC1COC(c2cn[nH]c2C(N)=O)C1O
mol_309,CC1NC(=O)CNC(=O)CNC(=O)C(Cc2ccc(O)cc2)NC(=O)C(C(C)C)NC(=O)C(C)NC1=O
mol_310,Cc1nccc2c1cnc1ccnn12
mol_311,CSc1c(C(=O)Nc2ccc(Cl)cc2)c(N)n(N)c(=O)c1C#N
mol_312,COc1ccc(-c2cc(=O)c3ccccc3o2)c(OC)c1OC
mol_313,CN1C(=O)C(=NNC(=O)Cc2c[nH]c3ccccc23)c2ccccc21
mol_314,CN1CC(=Cc2cccs2)C2=NC(=S)NC(c3cccs3)C2C1
mol_315,CN(C)c1ccc(CC2CCc3ccccc32)cc1
mol_316,Cc1ccc(S(=O)(=O)O)cc1.N=C(NO)NN=Cc1ccc2c(c1)OCO2
mol_317,NN=C(CC(O)(C(F)(F)F)C(F)(F)F)c1ccccc1
mol_318,Cc1ccc2nc(N(C)C)nc-2c2nc(Cl)[nH]c12.Cl
mol_319,CCOC(=O)C(=O)Nc1c(C(C)C)cccc1C(C)C
mol_320,CCOC(=O)C(Cc1ccccc1[N+](=O)[O-])C(=O)OCC
mol_321,CCCNC(=O)N1C(=O)c2ccccc2S1(=O)=O
mol_322,Nc1ccc(S(=O)(=O)NC(=O)c2ccccc2)cc1
mol_323,CC#CCC(OC(C)=O)c1ccccc1
mol_324,O=C(Nn1cc(F)c(=O)[nH]c1=O)C12CC3CC(CC(C3)C1)C2
mol_325,NN=C(c1nc2ccc([N+](=O)[O-])cc2nc1O)C(O)c1ccc(Cl)c(Cl)c1
mol_326,CCC1CN2CCc3cc(OC)c(OC)cc3C2CC1CC1NCCc2c1[nH]c1ccc(O)cc21
mol_327,O=c1oc2c(c(=O)n1-c1ccccc1)CC1(CCCCC1)C2
mol_328,COc1ccc(-c2nnc3[nH]c4ccccc4n3c2=O)cc1
mol_329,COC(=O)C(C(=NNC(=O)c1ccncc1)C(=O)Nc1ccccc1OC)c1nc2ccc(Cl)cc2nc1O
mol_330,CC(C)Oc1cc2c(c3oc(=O)c4c(c13)CCC4)C(=O)C(C)C(C)O2
mol_331,CN(N)c1cc(O)nc(O)n1
mol_332,N#CCCCCn1cnc2c(N)ncnc21
mol_333,CC(=O)C(=CNC(=S)c1ccncc1)C(=O)Nc1ccccc1C
mol_334,CC1=CC(=O)C(=Cn2c(=S)[nH]c3cc(C)ccc32)C(=O)O1
mol_335,CC1=CC(=O)OC2(C1)CC1CCC2CN1C.O=[N+]([O-])c1cc([N+](=O)[O-])c(O)c([N+](=O)[O-])c1
mol_336,Cc1nc(C2CCC3C4CCC5=CC(=O)CCC5(C)C4CCC23C)co1
mol_337,N#Cc1c(N=Cc2ccccc2)c(C(=O)Nc2ccccc2)n2c1CCCC2
mol_338,CN(C(=O)C1=CCC2(CC1)OCCO2)c1ccccc1OS(=O)(=O)C(F)(F)F
mol_339,COc1ccc(CC2=CC(=O)C(=O)C=C2C)cc1
mol_340,CN1C(=O)NC2ON=C(c3ccccc3)C2C1=O
mol_341,CCOC(=O)CSc1nc(N)c2c(-c3ccc(OC)c(OC)c3)c3c(nc2n1)CCCC3
mol_342,Clc1c(Cl)c2c(Cl)c(Cl)c1C[PH](c1ccccc1)(c1ccccc1)CC[PH](c1ccccc1)(c1ccccc1)Cc1c(Cl)c(Cl)c(c(Cl)c1Cl)C[PH](c1ccccc1)(c1ccccc1)CC[PH](c1ccccc1)(c1ccccc1)C2
mol_343,COC1=CC2C3Cc4c(-c5cc(OC)c(O)c6c5CC5C7C=C(OC)C(=O)CC67CCN5C)cc(OC)c(O)c4C2(CCN3C)CC1=O.O=C(O)C(O)C(O)C(=O)O
mol_344,CC(=NNC(=S)Nc1ccc(C)cc1)c1cccc(C(C)=NNC(=S)Nc2ccc(C)cc2)n1
mol_345,CC(C)(CN(Cc1ccccc1)Cc1ccccc1)[N+](=O)[O-]
mol_346,CCC(Cl)=NOC(=O)Nc1ccc(OC)cc1
mol_347,COC1=C(C)C(=O)C(=O)c2ccc(C)nc21
mol_348,N=C1NCC(CN2CCCC2)O1
mol_349,C1SSCC2=C1CSSC2
mol_350,O=C(Nc1ccc(F)cc1)C(=O)C(C1OC(=O)c2ccccc21)[N+](=O)[O-]
mol_351,CCSC(SCC)C(O)C(O)C(O)C(O)C(O)C(O)CO
mol_352,CC(=O)C(=Cc1cccc(Br)c1)C(C)=O
mol_353,[O-][Cl+3]([O-])([O-])O.c1ccc(-c2[o+]c(-c3ccccc3)c(-c3ccccc3)c(-c3ccccc3)c2-c2ccccc2)cc1
mol_354,Nc1ccc(S(=O)(=O)Nc2nc3ccccc3nc2N2CCCCC2)cc1
mol_355,O=S1Nc2c(Cl)cc(Cl)c3c(Cl)cc(Cl)c(c23)N1
mol_356,O=C1CN2C=CC=CC2=NN1
mol_357,NC(Cc1c[nH]c2ccccc12)P(=O)(O)O
mol_358,CC(=O)c1c(O)ccc(O)c1-n1nc(C)c([N+](=O)[O-])c1C
mol_359,O=C1CCC(O)Cc2ccc(O)c(c2)-c2cc(ccc2O)CC1O
mol_360,COc1ccc2c(ccc3c(C(=O)NCCCN(C)CCCNC(=O)c4cn(C)c5c4ccc4cc(OC)ccc45)cn(C)c32)c1
mol_361,CN(C)c1ccc(C2CC(c3ccc4ccccc4c3O)=NN2c2ccc([N+](=O)[O-])cc2[N+](=O)[O-])cc1
mol_362,CC1=C(S(=O)c2ccc(C)cc2)CCC2(CCCCO2)O1
mol_363,CC(=O)SCCCn1c(=O)n(CCCSC(C)=O)c(=O)n(CCCSC(C)=O)c1=O
mol_364,COC(=O)C(C)NC(=O)C(CCSC)NC(=O)C(Cc1ccccc1)NC(=O)OC(C)(C)C
mol_365,COc1ccc(-c2oc(C=Nc3ccccc3)c([N+](=O)[O-])c2-c2ccc(OC)c(OC)c2)cc1OC
mol_366,CCN1CC2(COC)C(O)CC(OC)C34C5CC6(O)C(OC)C(O)C(OC(C)=O)(C5C6OC(=O)c5ccccc5)C(C(OC)C23)C14
mol_367,[N-]=[N+]=NCC(CO)OCn1cc(Cc2cccc(OCc3ccccc3)c2)c(=O)[nH]c1=O
mol_368,S=C1NC2=C(CSCC2=Cc2ccccc2)C(c2ccccc2)N1
mol_369,CN(C)c1cc(CNCCS)nc(CNCCS)c1.Cl
mol_370,CC1(O)CC(=O)c2c(cc3ccc(-c4c5c(c(O)c6c(O)cccc46)C(=O)CC(C)(O)C5)c(O)c3c2O)C1
mol_371,Cc1ncc([N+](=O)[O-])n1CCn1ccnc1[N+](=O)[O-]
mol_372,N#CCCN(C1=NN(C(=O)CC(=O)Nc2ccccc2)C(c2ccccc2)C1)c1ccccc1Cl
mol_373,O=C(c1ccccc1)C1CC2COC(c3ccccc3)N2C1=O
mol_374,Cl.NC1c2ccsc2C(=O)C1O
mol_375,CCOC(=O)c1cn(C)c(=S)n2c1nc1ccccc12
mol_376,CNC(=O)c1cn(C2OC(CO)C(O)C2O)c2ncnc(N)c12
mol_377,CC(C)(CO)N1C(=O)c2ccccc2C1(O)c1ccc(Cl)cc1
mol_378,CCOC(=O)CC(C)=NNC(=O)c1ccncc1
mol_379,CCOC=Cc1cc2c(c3c1-c1c(cc(OC)c(OC)c1OC)C3=O)OCO2
mol_380,O=CN(c1ccccc1)c1c([N+](=O)[O-])cc([N+](=O)[O-])c2c1=NCN=2
mol_381,O=C(NCO)NCOCn1c(=O)n(CO)c(=O)n(CO)c1=O
mol_382,CC1(C)C2CCC(=O)C1CC2
mol_383,CCC1CCc2c(OC)ccc(OCC(=O)O)c2C1=O
mol_384,C1CC[N+]23CCCC(C2)C3C1.Cc1ccc(S(=O)(=O)O)cc1
mol_385,Cn1c2ccccc2c(=Nc2ccc(S(N)(=O)=O)cc2)c2ccccc21
mol_386,O=C1CC2(c3ccccc3)CCCCC2=NN1
mol_387,CC(C)c1ccc2nc3ccc(C(=O)NCCN(C)C)cn3c(=O)c2c1
mol_388,Cn1c2ccccc2c2c(-c3ccccc3)cc3c(c21)C(=O)C=CC3=O
mol_389,O=[N+]([O-])c1ccc(CCc2ccc([N+](=O)[O-])cc2S(=O)(=O)O)c(S(=O)(=O)O)c1
mol_390,O=C(CC(=O)C(=O)CC(=O)OCc1ccccc1)OCc1ccccc1
mol_391,CCc1n[nH]c(=O)n1CC
mol_392,Oc1ccnc(Nc2cccnc2S)n1
mol_393,C=C(C)C(=Nc1ccc(Cl)c(Cl)c1)N(C)C
mol_394,NC(=O)c1cc(NC(=O)c2ccc(C(=O)Nc3cc(C(N)=O)cc(C4=NCCN4)c3)cc2)cc(C2=NCCN2)c1
mol_395,Cc1c2ccccc2n[c-](C)[n+]1=O
mol_396,CCOP(=O)(OCC)C(c1ccc(F)cc1)N(C(=O)NC(F)(F)F)c1ccc(F)cc1
mol_397,O=C(CCCC(CC(=O)c1ccc(Br)cc1)=NO)Nc1ccccc1
mol_398,Nc1nc(O)c2ncn(C3CCC(CO)OC3)c2n1
mol_399,O=C(CC(=O)N1N=C(N2c3ccccc3Sc3ccccc32)CC1c1ccccc1)Nc1ccccc1Cl
mol_400,CCCC=[N+]1CCOC(=S)S[Zn-2]12SC(=S)OCC[N+]2=CCCC
mol_401,CC1(C)CNC(=O)C(C)(C2(C)NC(C)(C)CNC2=O)N1
mol_402,CN1CCCC(O)C1CNC12CC3CC(CC(C3)C1)C2.Cl
mol_403,C1OC1C1CCC(C2CCC(C3CO3)O2)O1
mol_404,c1ccc(-c2nnc(-c3ccccc3)c3nonc23)cc1
mol_405,O=C1C(N=Nc2ccccc2)Sc2nc3ccccc3n21
mol_406,CC(C)[Si](OCC1CC(C#N)OC(C)(C)O1)(C(C)C)C(C)C
mol_407,COc1cc(C2c3cc4c(c(O)c3C(=O)C3CCC(=O)N32)OCO4)cc(OC)c1OC
mol_408,C1OC1CN1CCC(C2CCN(CC3CO3)CC2)CC1
mol_409,CCC(C#N)NCc1cccc(CNC(C#N)CC)c1
mol_410,Cc1nc2ccccc2c(=O)n1NC(=S)Nc1ccccc1
mol_411,CC1(C)OCC=CCO1
mol_412,COc1ccc(C2CCc3cc4c(cc3C2=NOC(C)=O)OCO4)cc1OC
mol_413,COc1ccc2[nH]c3c([N+](=O)[O-])ccc(Cl)c3c(=O)c2c1
mol_414,COC(=O)c1cc(Cl)ccc1NC(=O)c1ccc([N+](=O)[O-])cc1
mol_415,[O+]#C[Ru+2]123([O-])([O-])(C#[O+])C4=C1C1CC4C2=C13
mol_416,O=[N+]([O-])c1ccc(N=Cc2ccc(Cl)cc2)cc1
mol_417,O=S(Cc1cc2c(cc1Br)OCO2)c1ccccc1
mol_418,C[PH](C)(C)[Ir-3]1([PH](C)(C)C)([PH](C)(C)C)NC(c2c[nH]c3ccccc23)C(=O)[OH+]1.[Cl-]
mol_419,Cc1ccc(C=NNc2ccc3ccccc3n2)s1
mol_420,Oc1on[n+]2c1CSC2
mol_421,CNC(=O)N(CCC#N)CCCN(C(=O)N(C)C)c1ccccc1
mol_422,O=c1c(=Cc2ccc3c(c2)OCO3)sc2nnc(Cc3ccccc3)n12
mol_423,O=[N+]([O-])c1cccnc1-n1cnc2ccccc21
mol_424,c1ccc(-c2nnc(-c3nsc4ccccc34)o2)cc1
mol_425,COc1cc(C2C(C(=O)Nc3ccccc3C)=C(C)NC(C)=C2C(=O)Nc2ccccc2C)ccc1O
mol_426,C=CCc1cc(OC)c2c(c1)C(O)CC(c1ccccc1)O2
mol_427,CC1(C)CC2C=C(C=O)C3(C=O)CC3(C)C2C1
mol_428,CC(=O)OCC(OC(C)=O)C(OC(C)=O)C1OC(Oc2ccccc2)C(OC(C)=O)C1OC(C)=O
mol_429,COc1cccc2c1[OH+][Ni-2]1(O)[S+]=C(N)[N-][N+]1=C2
mol_430,O=[N+]([O-])c1c(Cl)ccc2nsnc12
mol_431,COc1ccc(-c2c3c(nc4nc(S)nc(S)c24)CCCC3)cc1OC
mol_432,CCP(=O)(CC)C(Cl)Cl
mol_433,N#CNc1nc(C(=O)Nc2ccc(Cl)cc2)cc(-c2ccccc2)n1
mol_434,COC1C=COC2(C)Oc3c(C)c(O)c4c(O)c(c(CN5CCN(C)CC5)c(O)c4c3C2=O)NC(=O)C(C)=CC=CC(C)C(O)C(C)C(O)C(C)C(OC(C)=O)C1C
mol_435,CCN(CCCCOC(=O)c1ccc(OC)c(OC)c1)C(C)Cc1ccc(OC)cc1
mol_436,CCCCCOB(OCCCCC)OCCCCC
mol_437,N#Cc1c(Br)n(C2OC(CO)C(O)C2O)c2ncn3ccnc3c12
mol_438,N=C(N)NCCCCCCC(=O)NC(O)C(=O)NCCCCNCCCN
mol_439,Cn1nc(-c2ccc(Cl)cc2)[n+]([O-])c2c(=O)n(C)c(=O)nc1-2
mol_440,Clc1ccc(Cl)c(N=Nc2cc3c4c(c2)CCN4CCC3)c1
mol_441,CN(C)c1ccc(C=Cc2sc3ccccc3[n+]2C)cc1.[I-]
mol_442,COC(=O)C(CSc1ccc([N+](=O)[O-])cc1[N+](=O)[O-])NC(=O)CNC(=O)c1ccccc1
mol_443,O=C(Nc1ccccc1)N(CCN(Cc1ccccc1)C(=O)Nc1ccccc1)CCN(Nc1ccccc1)C(=O)Nc1ccccc1
mol_444,CC1=C(CCc2ccoc2)C2(C)CCCC(C)(C)C2C(=O)C1OC1C(=O)C2C(C)(C)CCCC2(C)C(O)(CCc2ccoc2)C1C
mol_445,Cc1ccccc1C(C#N)C(=NNC(=O)C(=O)NN)C(=O)Nc1cccc(C(F)(F)F)c1
mol_446,CC(=O)Nc1cc(Cl)cc2[nH]c(C)nc12.Cl
mol_447,COc1cccc2c1[OH+][Cu-3]1(O)[O+]=C(c3ccncc3)[N-][N+]1=C2
mol_448,CC(C)(C)OC(=O)NCCC(N)=S
mol_449,Cc1ccc(NC(=O)C(=O)Cc2cccc[n+]2[O-])cc1C
mol_450,Nc1nc(O)c2ncn(C3C=CC(COS(N)(=O)=O)C3)c2n1
mol_451,CC1=CC(C)(c2c[nH]c3ccccc23)CC(C)(C)c2c1[nH]c1ccccc21
mol_452,COc1ccc(OC)c(NC(=O)CCCC(CC(=O)c2ccc(O)c(OC)c2)=NNc2nnc(C)n2N)c1
mol_453,I.OCCN(C1=NCCN1)[N+](=Cc1ccccc1O)[CH-]c1ccccc1O
mol_454,C#CCOC(=O)C(=[N+]=[N-])C(=O)CC(C)C
mol_455,COc1ccc(NC(=O)C(Cc2cc(=O)oc3cc(O)ccc23)=NNC(C)(C)C)c(OC)c1
mol_456,COC(=O)c1c(N)[nH][nH]c1=N
mol_457,CCCC(=O)Nc1c(I)cc(I)c(CC(CC)C(=O)O)c1I
mol_458,O=C1NN=C(c2ccc(Cl)cc2)CC1C1C(=O)N(c2ccccc2)N=C1c1ccccc1
mol_459,CC(C)c1cccc(C(C)C)c1NC(=O)C(=O)C1SC(=S)NC1=O
mol_460,c1ccc(CNC23C4C5CC6C7C5C2C7C(NCc2ccccc2)(C64)N3Cc2ccccc2)cc1
mol_461,CN1CC(=Cc2cccs2)C(=O)C(=Cc2cccs2)C1
mol_462,CN(C)c1ccc(C=CC=C(C#N)c2ccccc2)cc1
mol_463,Cc1cc(Cl)cc2c1NC(=O)C2(O)CC(=O)c1ccc(F)cc1
mol_464,CSc1nnc2sc(=S)[nH]n12
mol_465,COc1nc(C(=O)O)c(Cl)c(OC)c1Cl
mol_466,CCOC(=O)c1cc2c3c(c1)C(=O)C(C)CN3CC(C)C2=O
mol_467,CC(=CC=CC(C)C)C1CCC(C)(NC=O)CC1
mol_468,CC(=O)OCC1OC(NC(=S)CCSc2nc3ccccc3c(=O)n2-c2ccccc2)C(OC(C)=O)C(OC(C)=O)C1OC(C)=O
mol_469,O=C1CCCN(c2ccccc2)N1
mol_470,c1ccc(-c2nnc3sc4ccccc4n23)cc1
mol_471,COC(=O)C(=NNC(N)=O)C(C(=O)C(=O)Nc1ccccc1OC)c1nc2ccc([N+](=O)[O-])cc2nc1O
mol_472,O=C1C(=Cc2ccco2)N=C2Sc3c(O)ncnc3N12
mol_473,Nc1nc(O)c2ncn(CC3OCC(CO)O3)c2n1
mol_474,O=C(O)c1nc(-c2ccccc2)ncc1-c1nnnn1-c1ccccc1
mol_475,CC1(O)CCC2(C)C(=O)C1(C)CCC21OCCO1
mol_476,CC(=O)ON=C(Cl)C(Cl)=NOC(C)=O
mol_477,c1scc2c1COCCOCCOCCOCCOCCOCCOC2
mol_478,COc1ccc2nc(NC(=O)C(=O)CC(=O)c3ccc([N+](=O)[O-])cc3)sc2c1
mol_479,O=S(=O)(O)c1ccc(N=Nc2ccc(N=Nc3c(S(=O)(=O)O)cc4cc(S(=O)(=O)O)cc(O)c4c3O)cc2)cc1
mol_480,c1ccc(C2=NOC(c3ccccc3)N2C23CC4CC(CC(C4)C2)C3)cc1
mol_481,CCCC1(N)CC(OC)OC(C)C1O
mol_482,CC(C)(C)C1=CC(=Cc2cc(C(C)(C)C)c(O)c(C(C)(C)C)c2)C=C(C(C)(C)C)C1=O
mol_483,CN(C)c1ccc(C=C2CCc3ccccc3C2=O)cc1
mol_484,CC(C)OC(=O)C1OC(C)(C)OC1C(=O)OC(C)C
mol_485,O=C1NCN(c2ccccc2)C12CCN(CCCSc1ccc(F)cc1)CC2
mol_486,CN(N=C(C(=O)O)c1ccccc1)C1=NCCCCN1.I
mol_487,Cc1c(-c2ccccc2)c(-c2ccc(OCCN(C)C)cc2)n2ccccc12
mol_488,Cl.NCCC1(N)CCNCC1
mol_489,CCn1c(=O)c2c3ccc(OC)cc3[nH]c2c2ccc(OC)cc21
mol_490,COC(=O)C(Nc1ccc(OC)cc1)c1ccccc1
mol_491,CN(C)CCCCNc1c2c(nc3c(Cl)cccc13)CCC2
mol_492,CCOC(=O)C(Oc1ccc(OC)c2c1C(=O)CCC2)c1ccccc1
mol_493,CCC1(O)CCCC2C3CCC4CC(=O)CCC4(C)C3C(=O)CC21C
mol_494,C=C(C)C#CC(O)(C(=O)OC1CCN(C)CC1)C(C)C
mol_495,C=CCN1C(=O)CC(=O)N(NC2=NNC3(C(=O)N2)c2ccccc2-c2ccccc23)C1=S
mol_496,COC(=O)CCC(=O)CC1CC(=O)C2CCCN12
mol_497,CCCCCCCCCCCCCCCCOC1OC(COC(C)=O)C(OC(C)=O)C(OC(C)=O)C1OC(C)=O
mol_498,Cc1cc(N(CCC#N)CCC#N)ccc1C=CC(=O)Nc1cccc(Cl)c1
mol_499,CC(C)(C)C1CCC(O)(c2ccccc2)CC1.CC(C)(C)C1CCC(O)(c2ccccc2)CC1
mol_500,NC(=O)c1ccc(S(=O)(=NS(=O)(=O)c2ccccc2)c2ccc(C(N)=O)cc2)cc1
mol_501,COc1c2c(cc3c1C(=O)Cc1ccc4c(c1CN(C)CC3)OCO4)OCO2
mol_502,CC1N(C)C(=O)OC12CCN(CCCC(=O)c1ccc(F)cc1)CC2.Cl
mol_503,C=CCP(=O)(c1ccccc1)c1ccccc1
mol_504,CCN(CC)CCNc1ccc2ncn3c4cc(OC)c(OC)c(O)c4c(=O)c1c23
mol_505,O=C1NC2C(=CC(O)C(O)C2O)c2cc3c(cc21)OCO3
mol_506,Oc1cccc2c(Cl)ccnc12
mol_507,O=C1C2ON=C(c3ccccc3)C2C(=O)N1c1ccc(Cc2ccc(N3C(=O)C4ON=C(c5ccccc5)C4C3=O)cc2)cc1
mol_508,CCOC(=O)C1(CC=CCBr)CCCC1=O
mol_509,COc1cc(Br)c(OC)c2c(OC)cc(C)cc12
mol_510,CCOC(=O)c1nc2cc(C(F)(F)F)ccc2nc1Oc1ccc(C#N)cc1
mol_511,O=[N+]([O-])c1ccccc1N=Cc1ccccc1O
mol_512,FB(F)F.O=[N+]([O-])c1ccccc1P1(=O)OCCO1
mol_513,O=C(C=Cc1ccccc1)NC1C=Nc2ccc([N+](=O)[O-])cc2NC1=O
mol_514,CNC(=O)C(CC(C)C)NC(=O)CNC(=O)C(Cc1ccc(OCc2ccccc2)cc1)NC(=O)C(COCc1ccccc1)NC(C)=O
mol_515,CCCCCCCCCCCC(=O)OCCOCCOCCOCc1ccccc1
mol_516,COc1ccc(-n2c(Cn3nnc(-c4cccnc4)n3)nn(C3OC(COC(=O)c4ccccc4)C(OC(=O)c4ccccc4)C3OC(=O)c3ccccc3)c2=S)cc1
mol_517,CC1(CO)C(O)CCC2(C)C1C(O)CC1CC3CC12CCC3(O)CO
mol_518,Oc1cc(O)c2c(ccc3ccccc32)n1
mol_519,O=C1C(=Cc2cccc(F)c2)CCCc2ccccc21
mol_520,Cc1c(-c2ccccc2)nn2cc(-c3ccccc3)nnc12
mol_521,CC(C)(C)NC(=O)NC12CC3CC(CC(F)(C3)C1)C2
mol_522,COC(=O)CP(=O)(OCC(F)(F)F)OCC(F)(F)F
mol_523,COC=C1CCC2c3c(c4ccccc4n3C)CC1N2Cc1ccccc1
mol_524,NS(=O)(=O)c1ccc(NC(NC(=O)C(C(F)(F)F)C(F)(F)F)(C(F)(F)F)C(F)(F)F)cc1
mol_525,COc1ccc(C2Nc3cc(Cl)ccc3NC3=C2C(=O)CC(C)(C)C3)cc1
mol_526,Cn1c(N)c2c(=O)n(C)c3c(c2c(C#N)c1=O)CCSc1ccccc1-3
mol_527,CCOC(=O)C(=[N+]=[N-])C(=O)C1(C(=O)OCC)CCN(C(=O)c2ccccc2)C1=O
mol_528,c1ccc(COC2C3COC(O3)C(OCc3ccccc3)C2OCc2ccccc2)cc1
mol_529,CC1(C)C=C(N2CCN(C3=CC(C)(C)NC(C)(C)C3)CC2)CC(C)(C)N1
mol_530,ClC(Cl)=C1C(=C(Cl)Cl)C(Cl)(Cl)C1(Cl)Cl
mol_531,CC1(C(=O)O)CCCC2(C)C1CCC1(C)c3cocc3CCC12
mol_532,CC(C)CC(NC(=O)c1cccc(O)c1O)C(=O)NCc1cc(CNC(=O)C(CC(C)C)NC(=O)c2cccc(O)c2O)cc(CNC(=O)C(CC(C)C)NC(=O)c2cccc(O)c2O)c1
mol_533,O=[N+]([O-])C(=C(Cl)SCc1ccccc1)C(Cl)=C(Cl)Cl
mol_534,Cc1nc2cn3c(c2c(=O)[nH]1)CCCCC3
mol_535,C=C1CCC(C)(c2ccc(C)cc2)C1C
mol_536,C=CCON=C(OC(=O)c1ccc([N+](=O)[O-])cc1)c1ccccc1
mol_537,COc1ccc(N2C(=O)C3CC4=CC(=O)CC4C32)cc1
mol_538,CN1N=C(c2ccncc2)OC1c1cccc(C(F)(F)F)c1
mol_539,CC(=O)Oc1ccc2c(-c3ccccc3)c(Oc3ccc(Cl)cc3)c(=O)oc2c1
mol_540,Cc1ccc(S(=O)(=O)N=S(C)c2cccc(Cl)c2)cc1
mol_541,CC(C)Cc1c(C#N)c(C#N)c(N)n1Cc1ccccc1
mol_542,CN1CCC2CC1c1ccn(C)c1C2=O
mol_543,CN(C)C=NCC(O)c1ccccc1
mol_544,Nc1nc(NC2CC2)c2ncn(C3C=CC(CO)CC3)c2n1
mol_545,CCOc1ccc(N=Cc2c3ccccc3nc3ccccc23)cc1
mol_546,CC(=O)OC1COC(n2c(=S)n(-c3ccc(C)cc3)c(=O)c3ccccc32)C(OC(C)=O)C1OC(C)=O
mol_547,CC(C)OC(=S)SSC(=S)OC(C)C
mol_548,CC(=O)Nc1ccc(S(=O)(=O)n2oc(=O)c(-c3ccccc3)c2N)cc1
mol_549,CC(=NNC(=S)NCCCCNC(=S)NN=C(C)c1ccccn1)c1ccccc1
mol_550,CN(N=O)C(=N)NC(=O)c1ccccc1
mol_551,Cl[Tb](Cl)Cl
mol_552,CC(=O)Nc1cc2c(s1)CCC1CC(=O)NN=C21
mol_553,Cc1ccccc1-n1c(C)nc(-c2ccccc2)cc1=O
mol_554,COc1ccc(C(O)CC(O)(C(F)(F)F)C(F)(F)F)cc1
mol_555,CC(=O)Nn1c(Cc2ccc(Cl)cc2)nn(C)c1=O
mol_556,OCC12CCC(n3cnc4c(O)ncnc43)C1C2
mol_557,CC(=O)OCCn1c(Cc2ccc([N+](=O)[O-])cc2)nn(C(C)=O)c1=O
mol_558,CCN(CC)CCNC(=O)c1nn(C)c(=S)[nH]c1=S
mol_559,O=C1C(=Cc2ccc(Cl)cc2)Sc2scc(-c3cccc([N+](=O)[O-])c3)[n+]21.[Cl-]
mol_560,CC(=O)OC1CC2C(C)(C)C(=O)C=CC2(C)C2CCC3(C)C(c4ccoc4)OC(=O)C4OC43C12C
mol_561,O=C(CCCN1CCC2(CC1)C(=O)NCN2c1ccc(F)cc1)c1ccc(F)cc1
mol_562,NN=C1C(=O)N(C2CCCCCC2)C(=O)C1C(=O)NC1CCCCCC1
mol_563,COc1ccc2c(c1)-c1[nH]c3ccccc3c1CC2
mol_564,CCOC(=O)N1c2c(ccn2C)-c2ccn(C)c2N1C(=O)OCC
mol_565,O=C(NN1C(=O)c2ccccc2C1=O)c1ccccc1Nc1ccccc1C(=O)NN1C(=O)c2ccccc2C1=O
mol_566,O=[N+]([O-])C(=C(Nc1ccccc1)SCc1ccccc1)C(Cl)=C(Cl)Cl
mol_567,Cc1ccc2c(c1)[nH]c(=S)n2C=C(C#N)c1ccc([N+](=O)[O-])cc1
mol_568,CN(C)c1ccc(C=C2C=Cc3ccccc32)cc1
mol_569,CON=C1CC(NC(=O)CNC(=O)OC(C)(C)C)c2ccsc21
mol_570,Cc1nnc(Cc2ccccc2)c2[nH]nc(C)c12
mol_571,COC1=CC(=O)c2c(O)c3c(c(O)c2C1=O)C=C(C)OC3O
mol_572,COc1ccc(N(c2ccc(C#N)cc2)c2ccc(C#N)cc2)cc1
mol_573,CC1(C)C(c2ccccc2)=NN(O)c2ccccc21
mol_574,CN1CN(c2ccccc2)C2(CCN(Cc3csc4ccccc34)CC2)C1=O
mol_575,COc1ccc2c(c1)c1ccc3c(c1n2C)C(=O)C=CC3=O
mol_576,Cc1cc(S(=O)(=O)n2ccnc2Oc2ccccc2)c(SSc2cc(Cl)c(C)cc2S(=O)(=O)n2ccnc2Oc2ccccc2)cc1Cl
mol_577,COC(=O)C(N1C(=O)c2ccccc2C1=O)C1(C)CC(Cl)=NO1
mol_578,COc1cc(C2C(Cl)C(=O)N2n2cnc3ccccc3c2=O)cc(OC)c1OC
mol_579,COC(=O)C1CCC(=O)N1C(c1cc(OC)c(OC)c(OC)c1)c1cccc2ccccc12
mol_580,O=C(C=Cc1ccc(O)c(O)c1)c1cc(O)cc(O)c1
mol_581,CCC=CC(O)(C(=O)OC1CCN(C)CC1)C1CCCC1
mol_582,COCC(N=Cc1ccc([N+](=O)[O-])cc1)C(C)C
mol_583,CCn1c2ccccc2c2c3ncc4cccn4c3ccc21
mol_584,O=S(CC1(O)CCCCC1)c1ccccc1
mol_585,Nc1nc2c(N)cc(C(F)(F)F)cc2nc1-c1ccccc1
mol_586,C=Cc1cc[n+]([Cu-2](Cl)Cl)cc1
mol_587,CC(=O)N1c2ccccc2C(C)C1c1[nH]c2ccccc2c1C
mol_588,COc1ccc(C2Oc3c(cccc3OC)C=C2[N+](=O)[O-])cc1OC
mol_589,CCOC(=O)c1cccnc1C(OC(C)=O)OC(C)=O
mol_590,Cc1cccc(NC(=O)CC2C(=O)Nc3ccccc3S2(=O)=O)c1C
mol_591,COc1ccc(Br)c(NN=C2CCCNC2=O)c1
mol_592,CN1C(=O)c2cccc3cc([N+](=O)[O-])cc(c23)C1=O
mol_593,COc1c(NS(=O)(=O)c2ccccc2)cc2c3c(cccc13)C(=C1Cc3cccc4c(OC)c(NS(=O)(=O)c5ccccc5)cc1c34)C2
mol_594,CCC(=O)Oc1ccc2c(=O)c(-c3ccc(OC)cc3)c(CC)oc2c1
mol_595,O=c1[nH]nc(Cc2ccc([N+](=O)[O-])cc2)[nH]1
mol_596,O=C(O)C(=Cc1ccccc1Cl)S(=O)(=O)c1ccccc1
mol_597,O=c1ccn(CC2COC(CP(=O)(O)O)O2)c(=O)[nH]1.[NaH]
mol_598,CC(C)(C)c1ccc2c(c1)CNCCNCc1cc(C(C)(C)C)ccc1OCC1(CO2)COc2ccc(C(C)(C)C)cc2CNCCNCc2cc(C(C)(C)C)ccc2OC1
mol_599,O=C(O)CCC(=O)Nc1ccc2c(c1)S(=O)(=O)N(CC(=O)O)C2=O
mol_600,COC(=O)c1c2c(cc3c1CC1(C3)Cc3ccc4c(c3C1=O)CCC4)CCC2
mol_601,CC12C=CC3(CCC4C(C)(CO)CCCC4(C)C3CC1)C2
mol_602,CCOC(=O)c1sc(=N)[nH]c1N1CCCC1
mol_603,CCc1ccc2oc(-c3cc(O)c(-c4nc5cc(CC)ccc5o4)cc3O)nc2c1
mol_604,C1=CC2SSSC2C1
mol_605,CC(=O)Oc1ccc(-c2nnc(-c3ccc(OC(C)=O)cc3)nn2)cc1
mol_606,COc1cc(O)c(C=NO)c(OC)c1
mol_607,Cc1cc2c(ccc[n+]2[O-])[n+]([O-])c1
mol_608,O=C(C=Cc1ccccc1)CC(=O)CCC(=O)Nc1ccc(Cl)cc1
mol_609,Nc1cc2c3c(cccc3c1)C(=O)N(CCN1CCCC1)C2=O
mol_610,CC(N)C(O)CC=CCC(O)C=CC=CCC=CCC=CCC=CCCCCCCC(O)C(C)N
mol_611,O=C(CC=Cc1ccccc1)c1ccccc1
mol_612,COC(=NC(C)C)NC(C)C
mol_613,C=CC1ON(Cc2ccccc2)CCc2cc(OC)c(OC)cc21
mol_614,CCOC(=O)C1(O)N=C(c2ccccc2)c2ccccc2-n2cccc21
mol_615,O=C(O)c1c(CC(Cc2ccc3c(c2)CCC3)C(=O)O)ccc2c1CCC2
mol_616,O=C(Nc1ccccc1)Nc1ccc([N+](=O)[O-])cn1
mol_617,CCOC1N=C(c2ccccc2)c2cc(Cl)ccc2NC1=O
mol_618,CCCCCCCCCCCCC(Br)C(=O)OCC1OC(n2cc(C)c(=O)[nH]c2=O)CC1O
mol_619,O=C1C=CC(=O)c2c1ccc1c3ccccc3n(-c3cccc([N+](=O)[O-])c3)c21
mol_620,CC(=O)OCCc1cccnc1C=NO
mol_621,CC(=O)Nc1ccc(C(C2=C(O)C(=O)c3ccccc3C2=O)C2=C(O)C(=O)c3ccccc3C2=O)cc1
mol_622,O=S(OO)c1cc(Cl)c(O)c(Cl)c1
mol_623,CCCCCCCCCCCCCCCCCC1=Nc2ccccc2NC(=O)C1
mol_624,CC(C)Oc1nc(N2CCNCC2)nc2c1CCC2.O=C(O)C(=O)O
mol_625,O=C(O)CCN1c2ccccc2Sc2ccccc21
mol_626,CC1=C(C(=O)CC(=O)C(=O)Nc2cccc(C)c2C)Sc2ccccc2N1
mol_627,COc1ccc2c3c(c(C(=O)O)oc13)C(CCC(=O)O)CC2
mol_628,CC(=O)OC1COC(n2c3ccccc3c3ccc4c5ccccc5[nH]c4c32)C(OC(C)=O)C1OC(C)=O
mol_629,Cc1cn(Cc2ccccc2CCO)c(=S)[nH]c1=O
mol_630,CCc1cc2c(c3c1CCCC3=O)CC1(Cc3ccc(C(=O)OC)cc3C1)C2
mol_631,CC1=NCCc2c1[nH]c1cc(O)ccc21.Cl
mol_632,COc1ccc2nc3n(c2c1)C(c1c(F)cccc1Cl)SC3
mol_633,c1ccc(N2CCN(CCN3CCc4c([nH]c5ccccc45)C3c3cccnc3)CC2)cc1
mol_634,CCOC(=O)C=C(C)NCCSSCCNC(C)=CC(=O)OCC
mol_635,CCC1=CCN(c2ccccn2)OC1c1ccc(OC)cc1
mol_636,CCOC(=O)Cc1ccc(Nc2nc3cc(C(F)(F)F)ccc3nc2C(=O)OCC)cc1
mol_637,Cn1cc[n+]([Pt-2]2([n+]3ccn(C)c3)[n+]3ccccc3-c3cccc[n+]32)c1.[O-][Cl+3]([O-])([O-])[O-]
mol_638,CCOC(=O)c1cc(C(=O)c2ccccc2)n2nc(-c3ccc(Cl)cc3)ccc12
mol_639,Cc1cc(C)c2c(c1)CC2NC(=O)Cc1ccccc1
mol_640,CC(=O)NC(ON1C(=O)COc2ccccc21)C(Cl)(Cl)Cl
mol_641,CCOC(=O)c1c(N)sc2c1CCCCC2
mol_642,COc1ccccc1NC(=O)C(=Cn1c(=S)[nH]c2ccc([N+](=O)[O-])cc21)C(C)=O
mol_643,CCn1c(=O)nc2n(-c3ccc(SC)cc3)c3ccccc3nc-2c1=O
mol_644,O=S(=O)(CC(=NO)c1ccccc1)c1ccccc1
mol_645,Cc1ccc(C=C2CCCc3ccccc3C2=O)cc1
mol_646,CCc1noc(N)c1C#N
mol_647,C=CCC(C(=O)OC)C1(C(=O)OC)c2[nH]c3ccccc3c2CCN1Cc1ccccc1
mol_648,Oc1cccc(Nc2cc(O)nc(O)n2)c1
mol_649,COc1ccc(-n2cnc3c(NC(Cc4ccccc4)C(=O)O)ncnc32)cc1
mol_650,CC12CCC3C4CCC(=O)C(CCC(=O)O)=C4CCC3(CO1)C2
mol_651,Cc1nnc2sc(Cl)nn12
mol_652,CC(=O)Oc1c(Cl)cc(C(=CCCC2CCC3(C)C(CCC4C3CCC3(C)C(C(C)CCCC(C)C)CCC43)C2)c2cc(Cl)c(OC(C)=O)c(C(=O)OCc3ccccc3)c2)cc1C(=O)OCc1ccccc1
mol_653,O=C1NCCN1N=Cc1ccc([N+](=O)[O-])o1
mol_654,O=C(c1ccccc1)C1C(c2ccccc2)N1S(=O)(=O)c1ccccc1
mol_655,Cc1nn(C(=O)c2ccccc2O)c2c1C(c1ccc(O)cc1)SC(=N)N2
mol_656,COc1ccccc1OCC(COC(=O)Nc1ccc(C)cc1)OC(=O)Nc1ccc(C)cc1
mol_657,O=c1c(C(c2ccc(Cl)cc2)c2c(O)c3ccccc3n(-c3ccccc3)c2=O)c(O)c2ccccc2n1-c1ccccc1
mol_658,O=C1C(O)=C(C(C2=C(O)C(=O)c3ccccc3C2=O)c2ccccc2)C(=O)c2ccccc21
mol_659,COC(=O)C(=O)C(C(C)=O)C(=O)NCc1ccc(OC)c(OC)c1
mol_660,CC(C)SC(NC(=O)C1C(C)(C)CCC1(C)C)C(=O)O
mol_661,O=C(CCl)N1CCC(CC2(c3cc4ccccc4[nH]3)OCCO2)CC1
mol_662,CC1=CC(O)CC(C)=CC(O)C(=O)C=CC2C(CC1)C2(C)C
mol_663,O=C(C=Cc1ccc(-c2ccccc2)cc1)c1ccccc1
mol_664,CSc1nc(SC)c2nc[nH]c2n1
mol_665,CCOC(=O)CCC(NC(=O)OCc1ccccc1)C(=O)NC(CCC(=O)OCC)C(=O)NC(CCC(=O)OCC)C(=O)NC(CCC(=O)OCC)C(=O)NC(CCC(=O)OCC)C(=O)NC(Cc1ccc([N+](=O)[O-])cc1)C(=O)NC(CCC(=O)OCC)C(=O)NC(CCC(=O)OCC)C(=O)NC(CCC(=O)OCC)C(=O)NC(CCC(=O)OCC)C(=O)NC(CCC(=O)OCC)C(=O)OCC
mol_666,NC(=O)C(N)(c1ccccc1)c1ccccc1
mol_667,CC(C)(C)OC(=O)NCCCCC(N)C(N)=O
mol_668,CCC(C)C(NC(=O)CNC(=O)C(C)NC(=O)CNC(=O)C(NC(=O)C(NC(=O)C(CO)NC(=O)C(Cc1cnc[nH]1)NC(=O)C(N)CCCCN)C(C)CC)C(C)CC)C(=O)NC(CCCCN)C(=O)NC(CCCCN)C(=O)NC(CCCNC(=N)N)C(=O)NC(Cc1ccccc1)C(=O)NC(CC(C)C)C(=O)NC(CCC(N)=O)C(=O)O
mol_669,C[C-]1[N+](=O)C(C)(C)N(O)C1(C)C
mol_670,Cc1nn(C(=O)c2ccccc2O)c2c1C(c1ccc([N+](=O)[O-])cc1)SC(=N)N2
mol_671,O=C(CBr)N1CCC2(CC1)SSC1(CCN(C(=O)CBr)CC1)S2
mol_672,CC(C)(C)C1CCC2c3c([nH]c4ccccc34)C3C(=O)N(c4ccc(Br)cc4)C(=O)C3C2C1
mol_673,CC1(C)CCC(C)(C)C1C(=O)NC(O)C(=O)O
mol_674,O=C(CNc1ccccc1C(=O)O)Nn1cnc2ccc(S(=O)(=O)Nc3ccccc3C(=O)O)cc2c1=O
mol_675,CC1(Cl)CC(C)(Br)C(C=CCl)CC1Br
mol_676,COC(=O)CC1C2CC3C(C2=O)C13
mol_677,O=C1Nc2ccccc2C2=NCCN12
mol_678,CC(=O)Nc1ccc(C=C2SC(=S)N(C=C3C(=O)N(c4ccccc4)N=C3C)C2=O)cc1
mol_679,O=C1c2cccc3cc([N+](=O)[O-])cc(c23)C(=O)N1Cc1ccccc1
mol_680,CCOC(=O)N=NC(C)(C)OC(C)=O
mol_681,Cc1nnc2ccccc2c1O
mol_682,COc1ccc(C=C2C(=O)N(C(=O)c3ccc(NC(C)=O)cc3)N=C2C)cc1OC
mol_683,C=Cc1cc[n+](CCCCCCCCCCCC)cc1
mol_684,Cc1nnc2ccc([N+](=O)[O-])cc2c1O
mol_685,O=C(O)c1cscc1Cc1cccs1
mol_686,[Br-].c1cc(C[S+]2CCCC2)oc1C[S+]1CCCC1
mol_687,CC(C)(C)[Si](C)(C)OC1C(=O)C(CO)OC1n1ccc(=O)[nH]c1=O
mol_688,Cc1ccccc1C(=O)c1ccccc1C(=O)O
mol_689,O=C(C1OC1c1cccc([N+](=O)[O-])c1)C12CC3CC(CC(C3)C1)C2
mol_690,CCCCCCCC(=O)OCC(C[As](=O)(O)O)OC(=O)CCCCCCC
mol_691,CC1(C)C(=O)C=CC(=O)C(C)(C)c2ccc(o2)C(C)(C)C(=O)C=CC(=O)C(C)(C)c2ccc1o2
mol_692,O=C(Cc1ccccc1)NN1C(=O)C(=Cc2ccccc2)SC1=Nc1ccccc1
mol_693,Oc1ccccc1SSc1ccccc1O
mol_694,CCC[n+]1nc(Nc2ccccc2[N+](=O)[O-])c2ccccc2n1
mol_695,O=C1c2cccc3cccc(c23)C(=O)N1c1nccs1
mol_696,CSC(Cc1ccc2c(c1)Sc1ccccc1O2)=[N+]1CCOCC1.[I-]
mol_697,CCc1ccccc1NC(=O)C(=O)C(C#N)c1ccccc1Cl
mol_698,O=C1[OH+][Co-4]234([O+]=C(c5cccs5)C=[N+]2c2ccccc21)[O+]=C(c1cccs1)C=[N+]3c1ccccc1C(=O)[OH+]4
mol_699,CCOc1cccc2ccc[n+](CC)c12.[I-]
mol_700,C1=CC2(CCC13OCCO3)COc1ccccc12
mol_701,CC(=O)N(C)CCc1c[nH]c2ccccc12
mol_702,Cc1nc2ccc(S(=O)(=O)NS(=O)(=O)c3ccc(-c4ccccc4)cc3)cc2c(=O)n1NS(=O)(=O)c1ccc(-c2ccccc2)cc1
mol_703,COc1ccc(C2CC(=O)CC(c3ccc(OC)cc3)C23C(=O)c2ccccc2C3=O)cc1
mol_704,CCC(C)NC(=S)NN=C(C)c1ccccn1
mol_705,Cc1cc2c(C)nn(Cc3ccccc3)c2c(C(N)=O)c1C
mol_706,BrCC=CC[P+](c1ccccc1)(c1ccccc1)c1ccccc1.[BrH2+]
mol_707,O=S(=O)(O)C(O)C(O)S(=O)(=O)O
mol_708,CC(=O)OC1C2OC2C2OC2(COC(=O)c2ccccc2)C1OC(C)=O
mol_709,O=C(c1ccco1)N(C(=O)N1CCCCC1)c1ccccc1
mol_710,COc1cnnc2c(C)c(-c3ccccc3)nn12
mol_711,Nc1nc(Cl)c(N)c(NCC2(CO)CCC(OCc3ccccc3)C2)n1
mol_712,CCOC(=O)C(=Cc1ccc[nH]1)P(=O)(OCC)OCC
mol_713,Oc1ccc(C=NCC2CCCN3CCCCC23)cc1
mol_714,COc1c(Cl)cc(C(=CCNC2CCC3(C)C(CCC4C3CCC3(C)C(C(C)CCCC(C)C)CCC43)C2)c2cc(Cl)c(OC)c(C(=O)O)c2)cc1C(=O)O.N
mol_715,O=C1Nc2cc(F)ccc2C1=O
mol_716,COc1cc(OC)c2c(=O)c3cccc(O)c3oc2c1
mol_717,CN(CC(O)C(O)C(O)C(O)CO)CN1C(=O)C(=O)c2ccccc21
mol_718,Cc1ccc(S(=O)(=O)N2CCCSCC2)cc1
mol_719,C=C1C2CCC3(C4CC5C6(C)CCCC5(C(O4)N(CCO)C6)C3C2)C1O
mol_720,COc1c(Cl)cc(S(=O)O)cc1Cl.[NaH]
mol_721,O=C(Nc1nccs1)c1cc(C2=CC=CC([N+](=O)[O-])C=C2)nc(S)n1
mol_722,CC(C)=CCCC(C)C1=C(Nc2ccccc2)C(=O)C(C)=C(O)C1=O
mol_723,Br.CN(C)CCNc1nc(-c2ccc3ccccc3c2)nc2[nH]cnc12
mol_724,COc1ccc2c(c1)OCCCN(C)OC2c1ccccc1
mol_725,O=C1CC2CC(=O)CC2(C2CC=CC2)C1
mol_726,COc1ccccc1C=C1C(=O)OC(C)(C)OC1=O
mol_727,O=c1scc(-c2ccc([N+](=O)[O-])cc2)s1
mol_728,CCCCCCCCC1=C(OC)C(=O)c2ccc(Cl)nc2C1=O
mol_729,CC(C)=CCc1c(-c2ccc(OC3OC(CO)C(O)C(O)C3O)cc2O)oc2c3c(cc(O)c2c1=O)OC(C)(C)C=C3
mol_730,CCN(CC)C(=O)c1cccc2c(OC)ccc(OC)c12
mol_731,CC12SC3(C)SC(C)(S1)SC(C)(S2)S3
mol_732,COc1cc2oc3ccccc3c(=O)c2cc1CSc1ccccc1N
mol_733,CCCCNC(=S)Nc1nc(C(=O)NNC(=O)c2ccccc2)cs1
mol_734,O=[N+]([O-])c1nccn1CCC[n+]1cccc2ccccc21.[Br-]
mol_735,O=S(=O)(C=NN=P(c1ccccc1)(c1ccccc1)c1ccccc1)c1ccccc1-c1ccccc1
mol_736,COc1cc(C=C2C(=O)N(c3cccc(Cl)c3)C(c3ccccc3)S2(=O)=O)cc(OC)c1OC
mol_737,CCOC(=O)C1C2CCC(C2)C1(CCl)C(=O)OCC
mol_738,CC1(c2nc3cc(Cl)c(Cl)cc3[nH]2)CCC(C(=O)O)C(C)(C)O1
mol_739,COc1ccccc1C12OC(=O)C1(C)Oc1ccccc1C2=O
mol_740,O=c1c2c(oc3ccccc13)-c1ccccc1OC2
mol_741,CCOC(=O)C(C)c1nc2cc(N3CCN(C)CC3)c(F)cc2nc1O
mol_742,OCC12C3C4C1C1C2C3C41CO
mol_743,O=[N+]([O-])c1ccc(C[N+]23CCN(CC2)CC3)cc1
mol_744,CCOC(=O)CCC(NC(=O)OCc1ccccc1)C(=O)NC(CC(=O)OC)C(=O)NC(CC(=O)OC)C(=O)NC(CCC(=O)OCC)C(=O)OCC
mol_745,O=C1NC(O)c2cc(Cl)ccc2O1
mol_746,O=C1C=C(C2=CC(=O)C(=O)c3ccccc32)c2ccccc2C1=O
mol_747,COC(=O)C1(OC(=O)Sc2ccccc2)CCN(C)CC1
mol_748,O=Cc1ccccc1COC(=O)c1cc(C(=O)OCc2ccccc2C=O)c(C(=O)OCc2ccccc2C=O)cc1C(=O)OCc1ccccc1C=O
mol_749,CCOC(=O)c1cc2c([nH]1)c(OC(C)=O)cc1c2ccn1Cc1ccccc1
mol_750,CC(CC(=O)Nc1ccc(Cl)c(Cl)c1)=NNC(=O)C[N+](C)(C)C.[Cl-]
mol_751,COc1cc(O)c(C=NNC(=N)NO)c(OC)c1.Cc1ccc(S(=O)(=O)O)cc1
mol_752,O=C(O)c1cc([N+](=O)[O-])c2c(c1)P(=O)(O)c1cc(C(=O)O)cc([N+](=O)[O-])c1O2
mol_753,Cc1cn(CCCCCOC(=O)NC(CCCNC(N)=O)C(=O)O)c(=O)[nH]c1=O
mol_754,CN(C(=S)Nc1ccccc1)c1cc(N2CCCC2)ccn1
mol_755,CC(C)(C)OC(=O)NC(Cc1ccc(O)cc1)C(=O)N1CCCC1C(=O)O
mol_756,Cc1nn(C(=O)c2ccccc2O)c2c1C(c1ccc3ccccc3c1O)SC(=N)N2
mol_757,O=[N+]([O-])C(=C(Br)SCc1ccccc1)C(Cl)=C(Cl)Cl
mol_758,Cc1nc2c(O)nncc2[nH]1
mol_759,CCOC(=O)C(O)(NC(=O)c1ccc(F)cc1)C(F)(F)F
mol_760,COc1ccccc1C=C1N=C(c2ccccc2)OC1=O
mol_761,COc1ccc(NC(=O)CC(=O)N2N=C(C)C(N=Nc3ccc(S(=O)(=O)c4ccc(N=NC5C(=O)N(C(=O)CC(=O)Nc6ccc(OC)cc6)N=C5C)cc4)cc3)C2=O)cc1
mol_762,NCCc1nc2ccccc2[nH]1
mol_763,CCC1(c2ccc3c(c2)OCO3)[CH-][N+](=O)OC(OC2CCCC2(c2ccccc2)c2ccccc2)C1OC(C)=O
mol_764,CCOc1ccc(OCC)c([P+](c2ccccc2)(c2ccccc2)c2ccccc2)c1.[I-]
mol_765,COC(=O)C(=O)C(C(=O)C=C(C)C)C(=O)C(=O)Nc1cccc(C(C)=O)c1
mol_766,CCN(CC)CCn1ncc2c3c(=O)c4cccnc4n(CCN(CC)CC)c3ccc21
mol_767,CCOC(=O)C(=[N+]=[N-])C(=O)CN1C(=O)c2ccccc2C1=O
mol_768,COc1cc2c(cc1OC)C(=O)C(=Cc1cc(OC)c(OC)c(OC)c1)C2
mol_769,COc1ccc(-n2c(C)nc3ccc(NC4OC(CO)C(O)C(O)C4O)cc3c2=O)cc1
mol_770,CC(=O)C(C(c1ccccc1)N1CCCc2ccccc21)N1CCOCC1
mol_771,COC1C(OC(=O)c2ccc(C)[nH]2)C(O)C(Oc2ccc3c(O)c(NC(=O)c4ccc(O)c(CC=C(C)C)c4)c(=O)oc3c2Cl)OC1(C)C
mol_772,CC(C)(CN1CCCCC1)C(=O)CC(SCCS(=O)(=O)O)c1ccc(Cl)cc1
mol_773,CCOC(=O)C(=O)Nc1c(C)cccc1C(C)(C)C
mol_774,CC1(C)CC(=O)C2C(C1)Nc1ccccc1NC2c1ccccc1[N+](=O)[O-]
mol_775,CC12CCC(O)CC1=CCC1C2CCC2(C)C(COS(=O)(=O)O)CCC12.[NaH]
mol_776,CC1=NN2C(c3ccc(Cl)cc3)=CSC2=NC(C)(C)C1
mol_777,O=c1[nH]nc(Cc2ccc(Cl)cc2)n1O
mol_778,CCOP(=O)(OCC)C(C#N)=Cc1ccc(Cl)cc1
mol_779,CCOC(=O)CC(NC(=O)c1nc[nH]c1N=NN(C)C)C(=O)OCC
mol_780,COC(=O)C(Cc1ccc(N(C)C)cc1)(NC(=O)c1ccccc1)P(=O)(OC)OC
mol_781,Cl.ClCCN1CCOC1=Nc1ccc2c(c1)CCCC2
mol_782,O=CC1=CCC2c3[nH]c4ccccc4c3CCN2C1
mol_783,CC(=O)c1ccc(NC(=S)NN)cc1.Cl
mol_784,c1ccc(N=Nc2ccccn2)nc1
mol_785,CN(C)C(=O)NCCN1CCCCCc2ccccc21
mol_786,C=C1C(=O)C23CC1CCC2C12COC(O)C1C(C)(C)C(O)CC2OC3=O
mol_787,O=C(Cc1ccccc1)Nc1ccccc1Cl
mol_788,CC(=O)OC1C(N(C)C(=O)c2ccccc2)CCC2(C)C3CCC4(C)C(CC(O)C4C(C)N(C)C)C3CCC12
mol_789,CN1c2ccccc2C(=O)NC12CCN(CCCC(=O)c1ccc(F)cc1)CC2.Cl
mol_790,Cc1ccc2[nH]c3nc4cc(C)c(C)cc4nc3c2c1
mol_791,[N-]=[N+]=Nc1c([N+](=O)[O-])c(Cl)nc2ccccc12
mol_792,CC12CCC(=O)C=C1C=CC1C2CCC2(C)C1CCC21CCC(=O)O1
mol_793,Cc1cccc2c(N)c3cccc(C(=O)NCCNCCN)c3nc12.Cl
mol_794,CCOC(=O)C(=CN1CC(=O)NC1=S)C(=O)OCC
mol_795,CC(CC(O)(C(F)(F)F)C(F)(F)F)=NNC(N)=O
mol_796,Cc1oc2c(C)c3oc(=O)cc(C)c3cc2c1CO
mol_797,NC1CCCCCCC1
mol_798,OCC(O)C(OC1OC(CO)C(O)C(O)C1O)c1nn(-c2ccc(Cl)cc2)c2nc3cc(Cl)ccc3nc12
mol_799,O=C1NC(=S)NC1=Cc1ccco1
mol_800,CN(C)C1C(O)=C(C(=O)NCNC(C=O)C(O)C(O)C(O)CO)C(=O)C2(O)C(O)=C3C(=O)c4c(O)cccc4C(C)(O)C3CC12.CS(=O)(=O)O
mol_801,CS(=O)(=O)c1cnnc2ccccc12
mol_802,COc1ccc(C=Cc2cnc3ccccc3n2)cc1OC
mol_803,O=C(O)C(=O)C=Cc1ccc(Cl)cc1
mol_804,COC(=O)C1C(C(=O)OC)C2N(c3ccccc3)C=NN2C1C(=O)c1ccccc1
mol_805,O=C(O)c1cnn2c(=S)[nH]cnc12
mol_806,C=CCNC(=S)NC=C1C(=O)NC(=O)NC1=O
mol_807,CN(C)C(n1cc2c(c1)-c1ccc(Cl)cc1C(c1ccccc1F)=NC2)n1cc2c(c1)-c1ccc(Cl)cc1C(c1ccccc1F)=NC2
mol_808,CCCCC(CC)CO[Si](OCC(CC)CCCC)(OCC(CC)CCCC)OCC(CC)CCCC
mol_809,COc1cc(N)c2c(c1)SCC(=O)N2
mol_810,COC(=O)C1C2CCC3C45CC(c6ccoc6)OC4OC(O2)C13CCC5C
mol_811,O=c1c2cc3c(=O)n(O)c(=O)c3cc2c(=O)n1O
mol_812,CCOC(=O)CC(O)(c1ccccc1)c1ccccc1
mol_813,COCc1cc2c(cc1C=C[N+](=O)[O-])OCO2
mol_814,OCc1nnn(-c2ccccc2)c1CO
mol_815,Cc1cc2c(cc1C)[n+]([O-])c(C(=O)CC(=O)C(=O)Nc1c(C(C)C)cccc1C(C)C)c(C)[n+]2[O-]
mol_816,Cc1cc2c(cc1-c1cc3c(cc1C)C(C(C)C)=C(O)C(=O)C3=CNc1nc(-c3ccccc3)cs1)C(=CNc1nc(-c3ccccc3)cs1)C(=O)C(O)=C2C(C)C
mol_817,O=S(O)CCCCSSCc1ccccc1CSSCCCCS(=O)O.[NaH]
mol_818,O=C(NCCCl)N(O)C(=O)Nc1ccccc1
mol_819,O=C(CC1C(=O)Nc2ccccc2S1=O)Nc1ccc(Cl)cc1
mol_820,C[N+]1(C)CC[PH](c2ccccc2)(c2ccccc2)[Pd-2]12[N+](C)(C)CC[PH]2(c1ccccc1)c1ccccc1.[Cl-]
mol_821,CCCC(OCC)(OCC)OCC
mol_822,OC12c3ccccc3C3CCC4(OCCO4)C3C1c1ccccc12
mol_823,Nc1nc(Cl)cc(OCC2(CO)CC2)n1
mol_824,COc1ccc(C2=C(N)c3ncccc3C2=O)cc1
mol_825,O=C1NC2(O)C(=O)c3ccccc3C2(O)N1
mol_826,O=C(Cc1nc2ccccc2o1)C(=O)Nc1cccc(C(F)(F)F)c1
mol_827,O=c1nc(-c2ccccc2)scc1-c1ccccc1
mol_828,CC1=CC(=O)C(=CNC(N)=S)C(=O)O1
mol_829,Nc1ncnc2c1ccn2CC=CCO
mol_830,Cc1cc(C(=O)Nc2ccc(NC3=NCCN3)cc2)c(C)cc1C(=O)Nc1ccc(NC2=NCCN2)cc1
mol_831,CCC[N+]1=Cc2ccccc2OC(=O)C=C1O
mol_832,COc1cc(Oc2nc3cc(F)c(F)cc3nc2-c2ccccc2)cc(OC)c1OC
mol_833,Cc1cccc(C)c1N1C(=O)C(=O)C(c2nc3ccccc3s2)C(=NNC(=O)NN)C1=O
mol_834,O=P(O)(O)CN1CCNCCN(CP(=O)(O)O)CC1
mol_835,NC1CSSCC(C(=O)O)NC1=O
mol_836,CCCCCCCCCCCCCC(=O)OCC1OC(n2cc(F)c(=O)[nH]c2=O)C(NC(=O)OCc2ccccc2)C(OC(=O)CCCCCCCCCCCCC)C1O
mol_837,CC1OC2(CC(OCc3ccccc3)C1OCc1ccccc1)OCCO2
mol_838,Cc1ccc([N+](=O)[O-])cc1NC(=O)Nc1onc(C)c1C
mol_839,CCC(=S)N(C)O
mol_840,N#Cc1ccccc1NC(=O)C(=O)C(C(=O)c1ccncc1)C1OC(=O)c2ccccc21
mol_841,O=P(O)(O)CC1OC(CO)C(O)C1O
mol_842,O=c1[nH]nc(Cc2ccccc2)n1N=Cc1ccccc1O
mol_843,COC(=O)C=Cc1ccc2c(c1)CC1(C2)Cc2ccc(C=CC(=O)OC)cc2C1
mol_844,COc1ccc(C2(C3c4cc(OC)c(OC)cc4CCN3C)SCCCS2)cc1O
mol_845,CC(=O)Oc1ccc(CC2COC(=O)C2Cc2ccc(OC(C)=O)c(OC(C)=O)c2)cc1OC(C)=O
mol_846,CCCCCCCCCCCCCCCCCCN1C(=O)c2ccccc2[Se]1=O
mol_847,Cc1cc(=O)oc2c1c(C)nn2-c1cccc(Cl)c1
mol_848,c1ccc2c(c1)nnn1c3cnccc3nc21
mol_849,COC(=O)C1C2CCCN2OC1(C)CO
mol_850,CCN1CCC(O)(c2ccc(O)cc2)C(C(=O)c2ccc(O)cc2)C1.Cl
mol_851,C=CCCC(C)N(C(=O)OC(C)(C)C)S(=O)(=O)c1ccc(C)cc1
mol_852,CC1(C)OC(=O)C(=Cc2cccc(Cl)c2)C(=O)O1
mol_853,Cc1cccc(C(C)(C)C)c1NC(=O)C(=O)C(c1cnc2ccccc2n1)[N+](=O)[O-]
mol_854,OCC12CCCC(CO)(COC1)C2O
mol_855,N#CC(=Cc1ccc(-c2ccccc2)cc1)c1ccc(Cl)cc1
mol_856,Cl.O=C(NCCCCCN1CCC2(CCCCC2)CC1)C(C1CCCCC1)C1CCCCC1
mol_857,CC(C)c1c2[nH]c3ccccc3c2c(C(C)C)c2[nH]c3ccccc3c12
mol_858,C=CCC(C)(C(=O)NCCC)C(=O)c1ccccc1O
mol_859,CCCN1CCN[Cr]123([O+]=C(C)[CH-]C(C)=[O+]2)[O+]=C(C)[CH-]C(C)=[O+]3.[O-][Cl+3]([O-])([O-])[O-]
mol_860,CCOC(=O)C(C#N)=NNc1ccc(-n2c(C)nc3ccccc3c2=O)cc1
mol_861,C[n+]1c(-c2ccc(C=NNC(=O)c3ccc(C(=O)NN=Cc4ccc(-c5cn6ccsc6[n+]5C)cc4)cc3)cc2)cn2ccsc21.Cc1ccc(S(=O)(=O)O)cc1
mol_862,CCCCC1=NNC(=O)C1
mol_863,N=C(N)NS(=O)(=O)c1ccc(NC(=O)c2cccc3c(Nc4ccc(S(N)(=O)=O)cc4)c4ccccc4nc23)cc1
mol_864,COC1=CC2(OC)CCC1C1=C2C(=O)c2c(O)cccc2C1=O
mol_865,CC(=O)CC(=O)NC=O
mol_866,Cc1c(C(C)C2NCC(C)CC2O)ccc2c1CC1C2CC=C2CC(O)CCC21C
mol_867,O=C(Nc1ccc(C=Cc2ccc(NC(=O)c3ccc4cccnc4c3O)cc2S(=O)(=O)O)c(S(=O)(=O)O)c1)c1ccc2cccnc2c1O.[NaH]
mol_868,C1CCN2CC3CONC3C2C1
mol_869,O=C(OCC1OC(OC(=O)c2cc(O)c(O)c(OC(=O)c3cc(O)c(O)c(O)c3)c2)C(OC(=O)c2cc(O)c(O)c(OC(=O)c3cc(O)c(O)c(O)c3)c2)C(OC(=O)c2cc(O)c(O)c(OC(=O)c3cc(O)c(O)c(O)c3)c2)C1OC(=O)c1cc(O)c(O)c(OC(=O)c2cc(O)c(O)c(O)c2)c1)c1cc(O)c(O)c(OC(=O)c2cc(O)c(O)c(O)c2)c1
mol_870,CC(=O)Oc1cc2c(n(C)c1=O)-c1ccccc1C2
mol_871,Cc1ccc2c(c1C)CC1(Cc3c(ccc4c3CCC4)C1=O)C2=O
mol_872,COc1ccc(-c2c(C(C)=O)c(-c3ccccc3)n(C3OC(CO)C(O)C(O)C3O)c(=S)c2C#N)cc1
mol_873,CN(CO)c1nc(N(C)CO)nc(N(C)CO)n1
mol_874,Clc1ccccc1C(c1ccccc1)(c1ccccc1)n1ccnc1
mol_875,CC(=C(SSC(C(=O)O)=C(C)c1cccc(O)c1)C(=O)O)c1cccc(O)c1
mol_876,COc1ccc(CCNCCCC2c3ccccc3-c3ccccc32)cc1OC
mol_877,Cc1ccc(C2CC(c3ccc([N+](=O)[O-])cc3)=Nc3ccccc3S2)cc1
mol_878,Cc1nc(-c2cc3c(ccc4ccccc43)oc2=O)cs1
mol_879,CN(C)CCOCn1nnc2ccccc21
mol_880,Cc1cc(=O)oc2cc(N)ccc12
mol_881,Cc1ccc2cc1NC(=O)N1CCN(CC1)C(=O)Nc1cc(ccc1C)NC(=O)N1CCN(CC1)C(=O)N2
mol_882,CC(=O)Nc1ccc(C(=O)N2N=C(C)C(=Cc3ccccc3O)C2=O)cc1
mol_883,O=C1CC(O)C(=O)[OH+][Pt-2]2(NCCN2)[OH+]1
mol_884,CC(O)(C(=O)N(O)c1ccc(Cl)cc1)c1ccc(Cl)cc1
mol_885,CN(C)CC1CCCCC1=NOC(=O)c1ccccc1.Cl
mol_886,CCC(CC)n1cc(C(=O)NC(=O)NCCCCCOC(=O)CCCCCCCCCCC(=O)OCCCCCNC(=O)NC(=O)c2cn(C(CC)CC)c(=O)[nH]c2=O)c(=O)[nH]c1=O
mol_887,Cc1ccc(NC(=O)CCc2nnc3sc(=Cc4cccc([N+](=O)[O-])c4)c(=O)n23)cc1
mol_888,NC(CCCCP(=O)(O)O)C(=O)O
mol_889,CCC(=O)OC1CC2=CC(=O)CCC2(C)C2CCC3(C)C(OC(=O)CC)CCC3C12
mol_890,O=C(O)C(Cc1ccc(O)cn1)NC(=O)C(F)(F)F
mol_891,Cc1cccc(NC(=O)CC(=O)N2N=C(N3c4ccccc4Sc4ccccc43)CC2c2ccccc2)c1
mol_892,CCCCC1C(=O)OC(C)C(NC(=O)c2cccc(NC=O)c2O)C(=O)OC(C)C1OC(=O)CC(C)C
mol_893,Cc1cc(=O)n2c(n1)sc1ccc3ccccc3c12
mol_894,COc1ccc(C=C2N=C(SC)NC2=O)cc1
mol_895,CCCC[Sn](CCCC)(OC(=O)c1cccc(F)c1)OC(=O)c1cccc(F)c1
mol_896,CCN(CC)CCC(=O)N1CC(=Cc2ccccc2)C(=O)C(=Cc2ccccc2)C1.Cl
mol_897,CCOC(=O)CCn1[nH]c(=O)c(Cl)c(Cl)c1=O
mol_898,O=S(c1ccccc1)c1ccccc1
mol_899,COc1ccc2c3c1OC1C(OC)(OC)CC4(C=C2)CN(C)CCC314
mol_900,C=C1C2=C(CCCC2)C(=O)OC12CCCCC2
mol_901,CCCCCCCCCCCCCCCCOP(=O)(O)OCC(NC(C)=O)C(=O)O.N
mol_902,O=Cc1ccccc1OCCCC[PH](c1ccccc1)(c1ccccc1)c1ccccc1
mol_903,O=C1C(=Cc2cccs2)NC(=S)N1CN1CCCC(CO)C1
mol_904,N#CC1=C(N)C(C#N)(C#N)C2(CCCC2)C2CCC=C12
mol_905,COc1cc2c(c3oc4c(c(=O)c13)CCCC4)CCC(C)(C)O2
mol_906,COP1(=S)OCC2OC(n3cc(C)c(=O)[nH]c3=O)CC2O1
mol_907,N#CCCC1(CCC#N)CCCCCCC(CCC#N)(CCC#N)C(O)C1O
mol_908,CC(C)S(=O)(=O)O
mol_909,O=C1CN(CCN2CCOCC2)CC(=O)N2Cc3ccccc3CN12
mol_910,O=C1NC2OC(CO)C(O)C2O1
mol_911,ON=C1CCCCC1=CC=Cc1ccccc1
mol_912,O=C1N(c2ccc(Cl)cc2)C(=O)C2(SC=NN2Cc2ccccc2)N1c1ccc(Cl)cc1
mol_913,O=C(NCCCNCCCCNCCCNC(=O)C(F)(F)F)C(F)(F)F.O=C(O)C(F)(F)F
mol_914,COc1cc(C#N)c(NC(=S)N2CCN(C(=O)c3ccco3)CC2)cc1OC
mol_915,O=c1cc(-c2ccccc2)oc2cc(OCCCCCCCCCCOc3ccc4c(=O)cc(-c5ccccc5)oc4c3)ccc12
mol_916,CN1CCN(C)C12C=CC=CC21CC1
mol_917,CN(C)C1CCC2(CC1)OCCO2
mol_918,N#CC(C#N)=CN1CCOCC1
mol_919,CC1(C)OC2OC3CCC(=O)CC3(O)C2O1
mol_920,CCN(CC)CCCNc1nnc2c(=O)n(C)c(=O)n(C)c2n1
mol_921,CC(=O)C(=Cc1ccc(N(C)C)cc1)C(C)=O
mol_922,NCCCCC(N)C(=O)NCCNc1ccc(NCCNC(=O)C(N)CCCCN)c2c1C(=O)c1ccccc1C2=O
mol_923,C=CC(C1=CC(=O)C(OC)=CC1=O)c1ccccc1
mol_924,CCNC(=O)CCN(C(=O)O)S(=O)(=O)c1ccc(NC(=O)c2ccccc2)cc1
mol_925,CC1=NC(=O)CON1
mol_926,Cn1c(=O)c2c(n(C)c1=O)=NC=c1c(=O)n(C)c(=O)n(C)c1=NC=2
mol_927,CN1C(=O)C(O)CC1c1ccccc1
mol_928,Cc1cc(C)nc(NS(=O)(=O)c2ccc(Nc3c4ccccc4nc4c(C(=O)Nc5ccc(S(N)(=O)=O)cc5)cccc34)cc2)n1
mol_929,O=NN1C(c2ccccc2)CCCC1c1ccccc1
mol_930,CS(=O)(=O)OCCn1cnc2nc(NC(=O)c3ccccc3)nc(O)c21
mol_931,COc1ccc(NC2(Br)C(=O)NC(=O)NC2C(=O)O)cc1
mol_932,CC(O)(C=Cc1ccccc1)P(=O)(O)c1ccccc1
mol_933,Cc1[nH]c2ncn(N)c(=N)c2c1Cc1ccccc1
mol_934,COc1cc(OC)c(C=C2N=C(C)N(Nc3nnc(NN4C(=O)C(=Cc5c(OC)cc(OC)cc5OC)N=C4C)c4ccccc34)C2=O)c(OC)c1
mol_935,C=CC1(O)CC(n2cc(C)c(=O)[nH]c2=O)OC1CO
mol_936,COC(=O)C(Cc1nc2ccccc2nc1C)C(=NNC(N)=O)C(=O)Nc1cccc([N+](=O)[O-])c1
mol_937,O=C(NNC(=O)c1ccc([N+](=O)[O-])cc1)c1ccc([N+](=O)[O-])cc1
mol_938,C=C(C)C1CCC2(CNC(=O)CC3(CC(=O)O)CCCC3)CCC3(C)C(CCC4C5(C)CCC(NC(=O)CC6(CC(=O)O)CCCC6)C(C)(C)C5CCC43C)C12
mol_939,Cc1ccc(SC(C=O)(NC(=O)OCc2ccccc2)C(F)(F)F)cc1
mol_940,Nc1nc(N)nc(Nc2ccc([As](=O)(O)O)cc2)n1
mol_941,Cc1cc2c(C(C)C)c(O)c(O)c(C=Nc3ccc4ccccc4c3)c2c(O)c1-c1c(C)cc2c(C(C)C)c(O)c(O)c(C=Nc3ccc4ccccc4c3)c2c1O
mol_942,CC12CC3CC(C)(C1)CC(SCCCCCNC(=N)CSSCC(=N)NCCCCCSC14CC5CC(C)(CC(C)(C5)C1)C4)(C3)C2.O=S(=O)(O)O
mol_943,Cc1ccc(-c2c(C#N)c(-c3ccc(Cl)cc3)c(C#N)c(=O)n2NS(=O)(=O)c2ccccc2)cc1
mol_944,NC(=O)COC(=O)c1c(Cl)nc2sccn12
mol_945,O=[N+]([O-])c1ccc(N2N=C(c3ccc4ccccc4c3O)CC2c2ccc(Cl)cc2)c([N+](=O)[O-])c1
mol_946,O=C(c1ccccc1)N1OC12CCCCC2
mol_947,CC(C)N(C(C)C)[P-]1(Br)[Mn+]2(C#[O+])(C#[O+])(C#[O+])[H-][Mn+]12(C#[O+])(C#[O+])C#[O+]
mol_948,CCOC(=O)c1ccc(NC(=O)Nc2cc(C)ccn2)cc1
mol_949,NC(=O)c1sc2nc3ccccc3n2c1N
mol_950,O=S(=O)(O)CCCO
mol_951,CCCCNCCCNCCCNC(=O)c1csc(-c2csc(CCNC(=O)C(NC(=O)C(C)C(O)C(C)NC(=O)C(NC(=O)c3nc(C(CC(N)=O)NCC(N)C(N)=O)nc(N)c3C)C(OC3OC(CO)C(O)C(O)C3OC3OC(CO)C(O)C(OC(N)=O)C3O)c3c[nH]cn3)C(C)O)n2)n1.O=S(=O)(O)O
mol_952,O=C(O)C(CCSSCCC(Nc1ccc([N+](=O)[O-])cc1[N+](=O)[O-])C(=O)O)Nc1ccc([N+](=O)[O-])cc1[N+](=O)[O-]
mol_953,O=c1[nH]c(=O)n(C2CC(O)C(CO)O2)cc1C#Cc1c(F)c(F)c(F)c(F)c1F
mol_954,CC(C)=CCC1=C(O)C(=O)C(CC=C(C)C)=C(O)C1=O
mol_955,CCOC(=O)C1CC2COC(c3ccccc3)N2C1=O
mol_956,C[N+](C)(C)CC1CCCCC1=NO.[I-]
mol_957,Cc1ccc(C(=O)C(=C(S)Nc2ccccc2)[n+]2ccccc2)cc1
mol_958,COC(=O)C1(NC(=O)C(Cc2ccccc2)N(C(=O)OC(C)(C)C)C(=O)OC(C)(C)C)CCCC1
mol_959,C=CCCCC(C#N)(c1ccccc1)N(C)C
mol_960,CN(C)C(=S)NN=CC(=NNC(=S)N(C)C)c1ccccc1
mol_961,CC1=CCS(=O)(=O)C1C(O)C1=C(C)CCCC1(C)C
mol_962,COC(=O)C1(C)CCCC2(C)c3ccc(C(C)C)cc3C(=O)C(Br)C12
mol_963,COc1cc(C=Cc2cc(O)cc(C3OC(CO)C(O)C(O)C3O)c2)ccc1O
mol_964,COC1=C(N)C(=O)c2nc(-c3nc(C(=O)O)c(C)c(-c4ccc(OC)c(OC)c4O)c3N)ccc2C1=O
mol_965,CCc1cccc(CC)c1NC(=S)NC=C(C#N)C(=O)c1ccc2ccccc2c1
mol_966,COc1ccc(C(=O)C=Cc2cccnc2)cc1OC
mol_967,NC(=O)CN(CC(N)=O)C(N)=O
mol_968,CNC(=O)CNC(=O)C(Cc1ccc(NC(=O)CCCCC(C)=O)cc1)NC(=O)C(CCC(=O)OCc1ccccc1)NC(=O)OC(C)(C)C
mol_969,CCOC(=O)C(NC(=O)CC(C)C)(N1CCN(c2cc3c(cc2F)c(=O)c(C(=O)O)cn3C2CC2)CC1)C(F)(F)F
mol_970,O=C1C(=Cc2cccc(Br)c2)Cc2ccccc21
mol_971,CS(=O)(=O)NNS(=O)(=O)c1cccc([N+](=O)[O-])c1
mol_972,Cc1ccc2nc(-c3ccc(C(C)(C)C)cc3)oc(=O)c2c1
mol_973,CC(NC(=O)Cc1ccccc1)NC(=O)C(C)C(=O)NCc1ccccc1
mol_974,COc1ccc(N=C(C)c2ccncc2)cc1
mol_975,CC(N)=CC(=O)c1[nH]c(C(=O)O)cc1C1CCN(Cc2ccccc2)C1=O
mol_976,COc1cccc(-n2nnc3c(N)nc(N)nc32)c1
mol_977,CCCCCCCCCCCCCCCCCc1n[nH]c(=N)o1
mol_978,CC(=O)N=C1N(C)C(=Cc2ccco2)C(=O)N1C=C1C(=O)Oc2ccccc2C1=O
mol_979,CCN1CCC(C)OP1(=O)Cc1ccccc1
mol_980,CC(=O)CCn1ncc(Cl)c(Cl)c1=O
mol_981,N=C(NN=Cc1ccc(Cl)cc1Cl)C(=N)NN=Cc1ccc(Cl)cc1Cl
mol_982,CNN=C(CC(=O)c1sc(-n2nc(-c3ccccc3)cc2-c2ccccc2)nc1C)C(=O)Nc1ccc(Cl)c(Cl)c1
mol_983,COc1ccc(-c2cc(-c3ccco3)c(C#N)c(=O)n2C2OC(COC(C)=O)C(OC(C)=O)C(OC(C)=O)C2OC(C)=O)cc1
mol_984,COC1OC(OC)C2C(c3c(C)cc(C)cc3C)=NOC12
mol_985,C=COCCCOc1ccccc1
mol_986,COc1cc2c(cc1O)C1COc3cc4c(cc3C1O2)CCC(C)(C)O4
mol_987,CCN(CC)CC(=O)Nc1cccc(C(=O)OC(C)C)c1
mol_988,O=[N+]([O-])c1nccn1CCC[n+]1ccccc1.[Br-]
mol_989,NC(=O)C1N=NSC1NC(=O)c1ccc([N+](=O)[O-])cc1
mol_990,O=[N+]([O-])c1ccc2nc(C(=NNc3ccccc3)C(O)c3ccc(C(O)C(=NNc4ccccc4)c4nc5ccc([N+](=O)[O-])cc5nc4O)cc3)cnc2c1
mol_991,CCOC(=O)C=CCC(C)(C)CCOC(C)=O
mol_992,COc1cc(NS(C)(=O)=O)ccc1Nc1c2ccccc2nc2ccccc12
mol_993,CC(=O)C1CCC2C(CCC3(C)C(O)CCC23)C1C(=O)O
mol_994,COc1ccc2cc(-c3ccc(OC)c(OC)c3)c(=O)oc2c1
mol_995,COC(=O)C(=O)C(C(C)=O)C(=O)NCc1ccccc1
mol_996,COc1ccc2nc(C(N)=CC#N)ccc2c1
mol_997,Cc1ccc(S(=O)(=O)C2c3nc4ccccc4cc3-c3nc4ccccc4nc32)cc1
mol_998,C[Si](C)(C)C#C[I+]c1ccccc1.O=S(O)(=[OH+])C(F)(F)F
mol_999,COc1ccc2c(c1)OCC1Cc3cccc(OC)c3OC21
mol_1000,CCN(CC)CCCNc1nc2ccccc2c2c1ncn2CC(C)C
mol_1001,CC(C)(N=NC(C)(C)C1=NCCN1)C1=NCCN1
mol_1002,C1=CN2C(c3ccccc3)=NON(c3ncccn3)C2N=C1
mol_1003,NNC(=S)NN=C(CC1OC(=O)c2ccccc21)c1ccccc1O
mol_1004,CC(SCCCCCCCCCCCCSC(C)C(=O)O)C(=O)O
mol_1005,CC(CC(=O)Nc1cccc([N+](=O)[O-])c1)=NNC(=O)CC#N
mol_1006,C=CCNc1nc2c(s1)c(C)c(O)c1ccccc12
mol_1007,NCCSSc1ccccc1C(=O)O
mol_1008,C[n+]1c(-c2ccc(C=NNC(=S)NN=Cc3ccc(-c4cn5ccsc5[n+]4C)cc3)cc2)cn2ccsc21.[Br-]
mol_1009,CCOC(=O)Nc1nc2cc(C(=O)OC)n(C)c2s1
mol_1010,C=C(C)C#CC(O)(C(=O)OC1C2CCN(CC2)C1C)c1ccccc1
mol_1011,O=c1[nH]c(=O)n(COCCO)c2ccc(Br)cc12
mol_1012,Cc1cccc(C=NNC(=S)Nc2ccccc2)n1
mol_1013,CC(=O)O.CCC(N)Cc1c[nH]c2ccccc12
mol_1014,Nc1nc(-c2ccccc2)nc(N)c1N=O
mol_1015,Cc1nc2c(nc1C)C(=O)C1=C(C2=O)C2C=CC1CC2
mol_1016,CCCCc1c2c(nc3c1CCCC3=Cc1ccccc1)C(=O)C(CN(C)C)CC2
mol_1017,CCOC(=O)C1(CC)OC12CCCCC2
mol_1018,CCOC(=O)C12C(=O)C(C)CCC1C(C)CC2C=C(C)C
mol_1019,CC(c1ccccc1)n1cncc1C(=O)NN1CCN(C)CC1
mol_1020,OCC(Cn1cncn1)(c1ccc(F)cc1F)n1cncn1
mol_1021,O=C1c2ccccc2C(c2ccccc2)C1c1ccccc1
mol_1022,Cn1c(-c2ccccc2)cc(-c2ccc3c(c2)OCO3)c1-c1ccsc1
mol_1023,COC1(C)CCC(OS(C)(=O)=O)CO1
mol_1024,O=c1c2cccnc2[nH]c2ccc3cn[nH]c3c12
mol_1025,Oc1cc(SCc2ccccc2Cl)nc(O)n1
mol_1026,CCn1c2c(c3ccccc31)C(c1ccc(Cl)cc1)CC1C(=O)N(c3ccccc3)C(=O)C21
mol_1027,OC(C1CCC=NN1C(O)(C(F)(F)F)C(F)(F)F)(C(F)(F)F)C(F)(F)F
mol_1028,CN(C)CC(O)CNC(=O)Nc1ccccc1
mol_1029,N[Co-4](N)(N)(N)(N)[NH+]1N=NC(c2ccccc2)=N1.[Cl-]
mol_1030,CC1OC(OC23C(=O)CC(C)(O)CC2(O)C=CC2=C3C(=O)c3ccc(C4CC(OC5CCC(OC6CC(O)C(O)C(C)O6)C(C)O5)C(O)C(C)O4)c(O)c3C2=O)CCC1O
mol_1031,CC(C)c1ccc(C=C2CSCC3=C2NC(=S)NC3c2ccc(C(C)C)cc2)cc1
mol_1032,CNC(=O)OCC1=CC(=O)C=C(OC)C1=O
mol_1033,CC=C1CN2CCC34C=C(CO)C1CC23Nc1ccccc14
mol_1034,OC(c1cccnc1)C(F)(F)c1nc2ccccc2o1
mol_1035,N=c1[nH]nc2nc(CC(=O)c3cccc([N+](=O)[O-])c3)c(=CC(=O)c3cccc([N+](=O)[O-])c3)n12
mol_1036,COC(=O)C(Cn1cnc2c(Cl)nc(N)nc21)P(=O)(OC)OC
mol_1037,CN.CNC(=O)C(C(=O)NC)n1cnc(C(=O)OC)c1O
mol_1038,C1CCNCC1.CN(C)c1ccc(C=C2NC(=S)NC2=O)cc1
mol_1039,CC(=O)C(CCC(=O)O)(CCC(=O)O)C(C)C
mol_1040,CCOC(=O)C(C)c1nc2cc3cccnc3c(Cl)c2nc1O
mol_1041,COC(=O)c1c2n(c3ccccc13)CC1OC(C)(C)OC21
mol_1042,CCC(C(=O)NC1CN2CCC1CC2)c1ccccc1
mol_1043,O=c1sc2c(s1)SSSSS2
mol_1044,O=C(NCCN(CCNC(=O)c1cccc(=O)n1O)CCNC(=O)c1cccc(=O)n1O)c1cccc(=O)n1O
mol_1045,COc1ccc(N2C(=O)C3c4[nH]c5ccc(F)cc5c4C4CCC(C(C)(C)C)CC4C3C2=O)cc1
mol_1046,Cc1ccc(NC(=S)NC=C(c2ccccc2)S(=O)Cc2ccccc2)c(C)c1
mol_1047,CCCCCCCC1=NN(c2ccc(S(=O)(=O)O)cc2)C(=O)C1N=O
mol_1048,CSC1=Nc2cccnc2Nc2cscc21
mol_1049,CC(=O)NCC1(c2ccccc2)CCN(CC2COc3ccccc3O2)CC1
mol_1050,CC(=O)OCC1OC(N2C(=S)NC(C(O)C(O)C(O)CO)C2O)C(OC(C)=O)C(OC(C)=O)C1OC(C)=O
mol_1051,CC(C)C(=O)OCC1OC(n2c(Br)nc3c(O)nc(N)nc32)C(OC(=O)C(C)C)C1OC(=O)C(C)C
mol_1052,Sc1cccc2c(S)cccc12
mol_1053,CC1(C)C(=O)c2cc3ccccc3nc2-c2ccccc21
mol_1054,COc1cc(COC(=O)N2CCC2C(=O)O)c([N+](=O)[O-])cc1OC
mol_1055,Cc1ccc(S(=O)(=O)NN=c2sc3ccccc3n2C)cc1
mol_1056,Cc1c(Cc2cc(C(C)(C)C)c(O)c(C(C)(C)C)c2)c(C)c(Cc2cc(C(C)(C)C)c(O)c(C(C)(C)C)c2)c(C)c1Cc1cc(C(C)(C)C)c(O)c(C(C)(C)C)c1
mol_1057,CCC(=O)C(C)C1=Nc2nnc(CCCCCCCc3nnc4n3C(=O)C(C(C)C(=O)CC)=N4)n2C1=O
mol_1058,CCc1nnc2sc3c(Cl)c4nn5c(CC)nnc5sc4c(Cl)c3nn12
mol_1059,COc1c2occc2c(N=Cc2ccc([N+](=O)[O-])cc2)c2ccc(=O)oc12
mol_1060,O=C(O)c1ccc(CS(=O)(=O)c2ccccc2)c([N+](=O)[O-])c1
mol_1061,Cc1c(N)nc(C(CC(N)=O)NCC(N)C(N)=O)nc1C(=O)NC(C(=O)NC(C)C(O)CC(=O)NC(C(=O)NC(OC1OC(C)C(N)C(O)C1O)C(O)c1nc(-c2nc(C(=O)NCCC[S+](C)C)cs2)cs1)C(C)O)C(OC1OC(CO)C(O)C(O)C1OC1OC(CO)C(O)C(OC(N)=O)C1O)c1c[nH]cn1
mol_1062,Cl.NNc1[nH]c(=S)[nH]c1C(N)=O
mol_1063,O=C1CNC(=O)c2c(ncn2C2OC(CO)C(O)C2O)N1
mol_1064,CC(C)(C=O)CC(C#N)C(=NNC(N)=O)C(=O)Nc1ccccc1C(N)=O
mol_1065,COC1OC(COC(=O)c2ccccc2)C(OC(=O)c2ccccc2)C1NC(C)=O
mol_1066,Cc1ccc(NC(=O)C(=O)C(C#N)c2nc(-c3ccc(-c4ccccc4)cc3)cs2)c(C)c1
mol_1067,COc1ccc(OC)c(-c2cn3c(n2)sc2ccccc23)c1
mol_1068,COC(=O)c1cc(C=CC(=O)Cc2ccccc2)cn1S(=O)(=O)c1ccccc1
mol_1069,CCOP(=O)(OCC)C(C#N)=Cc1ccc[nH]1
mol_1070,O=C(C1OC1c1ccc(Cl)cc1)C12CC3CC(CC(C3)C1)C2
mol_1071,Cn1c(N2CCCC2)c(C=O)c(=O)n(C)c1=O
mol_1072,Cc1nc(Nc2nc3ccccc3[nH]2)nc(O)c1CCO
mol_1073,CC(C)(C)C(=O)C(Cc1ccccc1)C(=O)C(C)(C)C
mol_1074,[N-]=[N+]=Nc1ccc(CNc2cc(O)nc(O)n2)cc1
mol_1075,COc1cccc2c1OC1c3ccccc3OCC1C2
mol_1076,OCCN(CC(O)C(O)CN(CCO)C(=S)S)C(=S)S
mol_1077,O1[SiH]2[SiH]3O[SiH]3[SiH]3O[SiH]3[SiH]12
mol_1078,COC1C(C)OC(OC2CC(C)(O)Cc3cc4c(c(O)c32)C(=O)c2c(O)cc3c(c2C4=O)OC2OC3(C)C(O)C(N(C)C)C2O)C(OC)C1(C)OC
mol_1079,C[Si](C)(C)C(Sc1ccccc1)(Sc1ccccc1)Sc1ccccc1
mol_1080,COc1cc(N)c2c(c1)SC(c1ccccc1)C(=O)N2
mol_1081,COC(=O)N1CC2CC=CC(C2)c2ccccc21
mol_1082,Cc1oc2nc(N(C)C)n3cnnc3c2c1C
mol_1083,O=C(NO)C(=O)Nc1cc(Cl)ccc1Cl
mol_1084,O=[N+]([O-])c1ccc(NC(=S)NN=C(c2ccccc2)c2ccccn2)cc1
mol_1085,CCOC(OC1=C(C#N)CCCC1)C(CC)[Se]c1ccccc1
mol_1086,COc1cc2c(cc1OC)C1c3ccccc3CCN1CC2
mol_1087,CCOC(=O)CCC1(CCC(=O)OCC)CCCCCCCCC(CCC(=O)OCC)(CCC(=O)OCC)C(=O)C1=O
mol_1088,C=C1C(OC(=O)C(O)C(c2ccccc2)N(C)C)CC(OC(C)=O)C2(C)C1CC1CC(OC(C)=O)C(C)=C(C(OC(C)=O)C2OC(C)=O)C1(C)C
mol_1089,Nc1c(Cl)ncnc1Nc1ccc(Cc2ccc(Nc3ncnc(Cl)c3N)cc2)cc1
mol_1090,CCOC(=O)C(C)(c1cn(C)c2ccccc12)c1cn(C)c2ccccc12
mol_1091,CCCC(=O)CC(C)C(=O)C(=O)NC12CC3CC(CC(C3)C1)C2
mol_1092,Cc1ccc(NC(=O)C(=O)C(C(=O)c2ccc3ccccc3c2)C2OC(=O)c3ccccc32)cc1C
mol_1093,Cc1cc(C)c(C2=[N+]([O-])ON3CCc4ccccc4C23)c(C)c1
mol_1094,COc1ccc(NC(=O)CCC(CC(=O)C(C)(C)C)=NNC(=O)C(N)=O)cc1
mol_1095,COC(=O)C(CCCNC(=N)N)NC(=O)CCCCCCCCCCNC(=O)c1cc(CNC2=NCCN2)cc(CNC2=NCCN2)c1.Cl
mol_1096,COC(=O)C(Cc1ccccc1)NC(=O)N(CCNC(=O)OC(C)(C)C)c1ccccc1
mol_1097,Cc1cc(C)nc(NS(=O)(=O)c2ccc(NC(=O)c3cccc4c(=O)c5ccccc5[nH]c34)cc2)n1
mol_1098,Cc1c(C)n(-c2ccccc2)c2nc(S(C)(=O)=O)nc(S(C)(=O)=O)c12
mol_1099,O=C(O)C(=Cc1ccc(Br)cc1)C(=O)O
mol_1100,O=C(NN=C1CCN(Cc2ccccc2)CC1)C(O)(c1ccccc1)c1ccccc1
mol_1101,CC1(C)C2CCC1C(SC(=N)N)C2.Cc1ccc(S(=O)(=O)O)cc1
mol_1102,CNC(=O)NC(CCCCNC(=O)OCc1ccccc1)C(=O)OCc1ccccc1
mol_1103,CCc1cc(-c2nsc(=O)o2)c(S(=O)(=O)CC)s1
mol_1104,CC(=Nc1ccccc1C(=O)O)c1c(O)ccc2c(C)cc(=O)oc12
mol_1105,N#CC(=Cc1ccc(-c2ccccc2)cc1)C(=O)c1ccccc1
mol_1106,Cn1c(COC(=O)Nc2ccccc2)c(COC(=O)Nc2ccccc2)c2ccc3ccccc3c21
mol_1107,O=C1c2ccccc2-c2nnc(-c3ccc(Cl)cc3)cc21
mol_1108,CCOC(=S)NP(=O)(NC(=S)OCC)NC(=S)OCC
mol_1109,COc1cc(O)c2c(c1C)C(C)(O)c1c(C)coc1C2=O
mol_1110,CCOC(=O)C=C(c1cc(C)[nH]c1C)N(CC)CC
mol_1111,CC(C)(N)Cc1ccccc1Cl
mol_1112,Cc1cccc(NC(=O)c2cc3cc(N=Nc4ccc(Br)cc4)ccc3oc2=O)c1
mol_1113,COCCN(C(=O)c1ccccc1)C1CCC(=O)c2[nH]c3ccccc3c21
mol_1114,C=C=Cn1nn[nH]c1=N
mol_1115,CCC12CCCN(Cc3ccccc3)C1c1c(n(C)c3ccccc13)C(CO)C2
mol_1116,COc1ccc(CC(N)C(=O)N2CC(CO)CC(n3ccc(=O)[nH]c3=O)C2)cc1
mol_1117,CCC(C)C1NC(=O)C(C(C)=O)=C1O.c1ccc(CNCCNCc2ccccc2)cc1
mol_1118,O=C1NC(=O)C(CC2CCCCCCCCCCC2=O)C(=O)N1
mol_1119,COc1ccc(CC=C(C)CCO)cc1
mol_1120,O=C(CCCN1CCC(C(O)c2ccc(F)cc2)CC1)c1ccc(F)cc1
mol_1121,Cc1nc(N(CCO)CCO)c2sc(=S)n(-c3ccccc3)c2n1
mol_1122,O=C(ON=C1CCCCC1=Cc1ccccc1)c1ccc([N+](=O)[O-])cc1
mol_1123,CC(=O)OC1c2ccccc2C2c3ccccc3C1C2(C)C(Cl)(Cl)Cl
mol_1124,CC1(C)OCC(C(O)C2OC(C)(C)OC2C=O)O1
mol_1125,COC(=O)C(=NNC(N)=O)C(C(=O)OC)C(=O)C(=O)Nc1ccc(Cl)cc1
mol_1126,Cc1nc(Nc2ccccc2Cl)sc1C(=O)CC(=O)C(=O)Nc1c(Cl)cccc1Cl
mol_1127,COc1cc2cc[n+](C)c(Cc3ccccc3)c2cc1OC
mol_1128,CCOC(=O)C1=C(O)c2ccccc2S(=O)(=O)N1C.COC(=O)C1=C(O)c2ccccc2S(=O)(=O)N1C
mol_1129,C=CCP1(=O)OC(c2ccccc2)C(C)N1C(C)C
mol_1130,c1ccc(-c2nnc3nn4c(-c5ccccc5)cnnc4c3c2-c2ccccc2)cc1
mol_1131,COc1ccc2[nH]c3c(O)nncc3c2c1
mol_1132,CP1(=O)CC(=O)CCCCC(=O)C1
mol_1133,Cn1c(=O)cc(N=Nc2ccc(Cl)c(Cl)c2)[nH]c1=O
mol_1134,OC1CCCCCCCCCCC1SCCCCl
mol_1135,Cc1ccc(SSc2ccc(C)cc2[N+](=O)[O-])c([N+](=O)[O-])c1
mol_1136,Cc1nc2sc(CCl)nn2c(=O)c1Cl
mol_1137,CCOC(=O)NNC(=O)NP(=O)(NC(=O)NNC(=O)OCC)NC(=O)NNC(=O)OCC
mol_1138,O=C1OCCOC(=O)c2cccc(n2)C(=O)OCCOC(=O)c2cccc1n2
mol_1139,CCCCCC[PH](c1ccccc1)(c1ccccc1)c1ccccc1
mol_1140,COc1ccc(NC(S)=C(C(=O)c2ccc([N+](=O)[O-])cc2)[n+]2ccc(C(C)C)cc2)cc1
mol_1141,O=C(CCC(=O)Nc1ccc(Cl)c(Cl)c1)CC(=O)c1ccc(F)cc1
mol_1142,CCCCCC1c2c(cc(C)nc2O)OC(O)C1CCCC
mol_1143,COC(=O)CC(c1ccc(OC)cc1)C(CC(=O)OC)c1ccc(OC)cc1
mol_1144,CC(=O)NC1C(O)CN2C(=O)C(=O)OC(C(O)CO)C12
mol_1145,O=C(C[n+]1ccccc1)NN=C(Cc1nc2ccc([N+](=O)[O-])cc2nc1O)C(=O)Nc1cc(Cl)c(Cl)cc1Cl.[Cl-]
mol_1146,N=C(N)Cc1ccc(NC(=O)c2ccc(C(=O)Nc3ccc(CC(=N)N)cc3)cc2)cc1
mol_1147,O=C1C2=C(c3ccccc31)C(c1ccc(Cl)cc1)N1C(=O)CCSC1=N2
mol_1148,OC1(c2ccccc2)CCCCCCCCC(O)(c2ccccc2)CCCCCCCC1
mol_1149,CCOC(=O)C1CSCC(C(=O)OC)N1
mol_1150,CNC(=S)SSC(=S)NCCNC(=S)SSC(=S)NC
mol_1151,Oc1c(C2=NNC(c3cccs3)C2)ccc2ccccc12
mol_1152,c1ccc2c(c1)CCc1cc3cc4c(nc3nc1-2)-c1ccccc1CC4
mol_1153,O=[N+]([O-])OCCOc1ccc([As](=O)(O)O)cc1[N+](=O)[O-]
mol_1154,CCOC(=O)CSc1nc(O)c(C#N)c(-c2ccccc2)n1
mol_1155,CC(C)c1ccc(O)c(Cc2cc(C(C)C)cc(Cc3cc(C(C)C)ccc3O)c2O)c1
mol_1156,Cc1c(S(=O)c2cc(C(C)(C)C)c(O)c(CN3CCCC3)c2C)cc(C(C)(C)C)c(O)c1CN1CCCC1
mol_1157,CCC1(C(=O)OC)C=CCN2C(=O)OC(C)(C)C21
mol_1158,COc1cccc(C2ON=C(c3ccccc3)N2C23CC4CC(CC(C4)C2)C3)c1
mol_1159,O=c1ccn(CC2(CO)CC(Cc3ccccc3)C2)c(=O)[nH]1
mol_1160,Cc1c(N=Nc2ccc(Cl)cc2)c(C)n(C2OC(CO)C(O)C(O)C2O)c(=S)c1C#N
mol_1161,N=C1NC(NCC2(CO)CCC2)=CC(OCC2(CO)CCC2)N1
mol_1162,CC12NC(=C(C#N)C#N)C(C#N)=C3NC(N)=C(C#N)C(=C31)Oc1ccccc12
mol_1163,Cc1ccc(NC(=O)C(=NNC(N)=S)C(C#N)c2ccccc2C)cc1C
mol_1164,Cc1cnc2cc(Cl)ccc2c1NCCN(CC(C)C)CC(C)C.O=P(O)(O)O
mol_1165,CSc1nc2c3ccccc3ccn2c1C(=O)NN=Cc1ccccc1
mol_1166,CC(=O)C1C(=O)C(=O)N(c2ccccc2C(C)C)C1=O
mol_1167,CC(=O)Oc1ccc2c(C)cc(=O)oc2c1
mol_1168,CCCCc1ccc(Nc2nc(Cl)c3nc[nH]c3n2)cc1
mol_1169,O=C(NNC(=S)NC1CCCCC1)c1csc(NC(=S)NC2CCCCC2)n1
mol_1170,ON=Cc1c2c(cc3c1CCC3)CCC2
mol_1171,CCN(CC)c1c(N(CC)CC)c(=O)c1=O
mol_1172,CCCCCCCCCCCCCCNCC(OCC)OCC
mol_1173,NS(=O)(=O)c1cc2c(cc1C(F)(F)F)NCNS2(=O)=O
mol_1174,c1ccc(N=c2sc3ccccc3sc2=Nc2ccccc2)cc1
mol_1175,O=C1C2C(C(=O)N1OS(=O)(=O)c1ccccc1)N(Cc1ccccc1)C(=O)N2Cc1ccccc1
mol_1176,CC(C(=O)O)C(C)(O)C(=O)O
mol_1177,CC(=O)OC12c3ccccc3-c3ccccc3C1C(C(=O)O)C2C(=O)O
mol_1178,COc1ccc2c(=O)c([Se]c3coc4cc(OC)ccc4c3=O)coc2c1
mol_1179,CS(=O)(=O)OCCN1CCN(C(=O)c2cccc3c(Nc4ccc(S(N)(=O)=O)cc4)c4ccccc4nc23)CC1
mol_1180,O=C1C(NS(=O)(=O)c2ccccc2)=C(n2cnc3ccccc32)C(=O)c2ccccc21
mol_1181,[N-]=[N+]=CC(=O)OC1CCc2ccccc21
mol_1182,CCCC(=O)Oc1ccc2c(C)cc(=O)oc2c1OC(=O)CCC
mol_1183,CCN(CC)S(=O)(=O)c1ccc2c(c1)C(=O)[OH+][Cu-2](O)[OH+]2
mol_1184,O=c1ccn(COC(COCc2ccccc2)COCc2ccccc2)c(=O)[nH]1
mol_1185,COC1C=COC2(C)Oc3c(C)c(O)c4c(O)c(c(C=NN5CCCCCCCCCC5)c(O)c4c3C2=O)NC(=O)C(C)=CC=CC(C)C(O)C(C)C(O)C(C)C(OC(C)=O)C1C
mol_1186,CCN(CC)CCNC(=O)c1nn(-c2ccc(C)cc2)c2c1N(C)S(=O)(=O)c1ccccc1-2
mol_1187,O=C(NC(Cl)(C(F)(F)F)C(F)(F)F)c1ccc(F)cc1
mol_1188,N=C1NNC(=O)c2cccnc2N1
mol_1189,Cl.O=C(OCC1CCCN2CCCCC12)c1ccc(Cl)cc1
mol_1190,Cc1cc(O)c2c(c1)C(O)(c1ccc3c(c1O)C(=O)c1c(O)cc(C)cc1C3(O)C1OC(CO)C(O)C(O)C1O)c1cccc(O)c1C2=O
mol_1191,O=C1NS(=O)(=O)c2cc(Cl)ccc21
mol_1192,CCOc1ccc(N2C(=O)C(=Cc3ccc(N(CCC#N)CCC#N)cc3)N=C2c2cc([N+](=O)[O-])ccc2Cl)cc1
mol_1193,O=C(O)CCC(NC(=O)c1ccc(Nc2cnc3ccc(C(F)(F)F)cc3n2)cc1)C(=O)O
mol_1194,Cc1ccc2c(c1)S(=O)c1cc(C)ccc1S2
mol_1195,CC1(Cc2ccccc2)C[N+]12CCCCC2.[O-][Cl+3]([O-])([O-])O
mol_1196,COc1ccc2c(c1)CCCN2CCCCCCCCCCN(CCC(C)C)CCC(C)C
mol_1197,Cl.Nc1nc(Cl)c(N)c(NCC2(CO)CC(CCc3ccccc3)C2)n1
mol_1198,NC(CO)C(=O)NC(CO)C(=O)NC(Cc1ccc(O)cc1)C(=O)NC(CO)C(=O)NC(CO)C(=O)O
mol_1199,CCN(CC)c1nnc(CCCCCCCCc2nnc(N(CC)CC)o2)o1
mol_1200,O=C(O)c1ccccc1S
mol_1201,CCOP(=O)(OCC)C(C#N)=Cc1ccc(OC(C)=O)cc1
mol_1202,CC(=CC[P+](c1ccccc1)(c1ccccc1)c1ccccc1)Sc1ccccc1.F[B-](F)(F)F
mol_1203,CCOC(=O)CCC(=NNc1ccc(Cl)cc1[N+](=O)[O-])C(=O)OCC
mol_1204,N#Cc1c(-c2ccco2)cc(-c2ccc(NCc3nc4ccccc4[nH]3)cc2)nc1N
mol_1205,CC(C)CC(NC=O)C(=O)NC(Cc1ccccc1)NC(=O)CNC(=O)C(C)NC(=O)C(N)Cc1ccc(O)cc1.O=C(O)C(F)(F)F
mol_1206,C1=[N+]2c3ccccc3[SH+][Zn-4]234([O+]=C1c1ccco1)[O+]=C(c1ccco1)C=[N+]3c1ccccc1[SH+]4
mol_1207,O=C1COc2cc3c(cc2N1)SCC(=O)N3
mol_1208,COC(=O)C(=O)C(=CN1C(=O)CC(=O)NC1=S)C(=O)c1ccc([N+](=O)[O-])cc1
mol_1209,C=CC1=C(C)C(=CC2=NC(=Cc3[nH]c(CC4NC(=O)C(C)C4=CC)c(C)c3CCC(=O)O)C(CC(=O)O)=C2C)NC1=O
mol_1210,CC1CC(=O)NC2CC1C2(C)C
mol_1211,CCCCCCCCCc1cc(O)c(O)cc1CCCCCCCCC
mol_1212,COc1ccccc1NC(=O)C1=C(C)NC(C)=C(C(=O)Nc2ccccc2OC)C1c1ccc(C)cc1
mol_1213,O=c1c2ccccc2c(=O)c2c1ccc1[nH]c3c(ccc4c(=O)c5ccccc5c(=O)c43)[nH]c12
mol_1214,COc1ccccc1NC(=O)C(=Cn1c(=S)[nH]c2cc(C)ccc21)C(C)=O
mol_1215,CCc1ccc(Cc2ccc(CC)c(NC(=O)C(=O)C3NC(=S)NC3=O)c2CC)c(CC)c1NC(=O)C(=O)C1NC(=S)NC1=O
mol_1216,CCN(Cc1cccc(S(=O)(=O)O)c1)c1ccc(C(=C2C=CC(=[N+](CC)Cc3cccc(S(=O)(=O)O)c3)C=C2)c2ccccc2S(=O)(=O)O)cc1
mol_1217,COS(=O)(O)=[OH+].C[n+]1c2ccccc2c(C=NNS(=O)(=O)c2ccc(Cl)cc2)c2ccccc21
mol_1218,COc1cc(C=C2C(=O)N(c3cccc(NC(C)=O)c3)C(c3ccccc3)S2(=O)=O)cc(OC)c1OC
mol_1219,NC(=O)c1cn(C2OC(CO)C(O)C2O)c2ncnc(N)c12
mol_1220,c1ccc([PH](CC2CCCO2)(c2ccccc2)c2ccccc2)cc1
mol_1221,O=C1C(c2ccccc2)=C(c2ccccc2)C(c2ccc(Sc3ccc(C4=C(c5ccccc5)C(=O)C(c5ccccc5)=C4c4ccccc4)cc3)cc2)=C1c1ccccc1
mol_1222,O=C(C=Cc1ccccc1)c1ccc(-c2cccc(-c3ccccc3)c2)cc1
mol_1223,N=c1ncn2c(nc3ccccc32)[nH]1
mol_1224,CC(=O)OC1CCN(C)CC1CCl
mol_1225,CSC(SC)=C(C(=O)O)P(=O)(O)O
mol_1226,Cc1ccc([N+](=O)[O-])cc1NC(=O)C(=O)Cc1occc(=O)c1O
mol_1227,CCCCC(O)(Cc1ccccc1)c1ccc(OCCN(CC)CC)cc1.O=C(O)CC(O)(CC(=O)O)C(=O)O
mol_1228,CC1=C(c2nc3ccccc3s2)C(=O)OC1(C)C
mol_1229,Cc1cccc(C)c1NC(=O)CCC(=O)NC(=N)NC#N
mol_1230,CCn1cc[n+]([Pt-2]([I-])([I-])[n+]2ccn(CC)c2)c1
mol_1231,[O-][n+]1onc(-c2ccccc2)c1CO
mol_1232,CCN(CC)C(=S)SS(=O)(=O)c1ccc(C)cc1
mol_1233,O=C(O)c1cc(-c2ccccc2)c(-c2ccccc2)cc1C(c1ccccc1)c1ccccc1
mol_1234,O=C(O)CC1C(O)C(O)CN2C(=O)c3ccccc3C12
mol_1235,Oc1ccc(-c2nc(-c3ccc4ccccc4n3)c(-c3ccc(F)cc3)[nH]2)cc1
mol_1236,O=C1c2ccccc2-c2c(Br)c3ccccc3c(=O)n21
mol_1237,CC(C)CC(=O)NC(NC(C)C)(C(F)(F)F)C(F)(F)F
mol_1238,C1CN2CCO[SiH](O1)OCC2
mol_1239,O=C(Cc1nc2ccccc2s1)C(=O)Nc1ccc(Cl)cc1Cl
mol_1240,O=C1NC2(CCCC2)C2CCCCC12O
mol_1241,O=c1[nH]n(Cc2ccccc2CCl)c2ccc([N+](=O)[O-])cc12
mol_1242,Cc1ccc(S(=O)(=O)N2CCCC2C(=O)OC2CCC3CC=CC32)cc1
mol_1243,c1ccc2c(c1)SC1=C(SC(=C3SC4=C(S3)Sc3ccccc3S4)S1)S2
mol_1244,O=[N+]([O-])c1ccc(C2=Cc3ccc4ccccc4[n+]3[N-]C2)cc1
mol_1245,O=C(C=Cc1ccsc1)c1ccccc1
mol_1246,CCOC=C1C(=O)N(C(C)=O)c2cc(OC)c(OC)cc21
mol_1247,Cn1cnc([N+](=O)[O-])c1Sc1ccccn1
mol_1248,CCOC(=O)C1(c2ccccc2)C(=O)Oc2ccccc21
mol_1249,O=c1[nH]c2ccc(Cl)cc2o1
mol_1250,COc1nccnc1NS(=O)(=O)c1ccc(N)cc1
mol_1251,NC(=O)NN=C(CCC(=O)N(Cc1ccccc1)Cc1ccccc1)CC(=O)c1ccc(F)cc1
mol_1252,CC1(n2[nH]c(=O)n(-c3ccccc3)c2=O)Cn2c(=O)n(-c3ccccc3)c(=O)n2-c2ccccc21
mol_1253,CCN(CC)C1C2=C(CCCC2)OS(=O)(=O)C1c1ccccc1
mol_1254,CC(=O)Nn1cnc(C(=N)C#N)c1N
mol_1255,CCN(CC)c1ccc(N=Nc2ccc(-c3nc4ccc[n+](C)c4o3)cc2)cc1.[I-]
mol_1256,CCCCCNP1(NCCCCC)=NP(NCCCCC)(NCCCCC)=NP(NCCCCC)(NCCCCC)=NP(NCCCCC)(NCCCCC)=N1
mol_1257,CN(C(=O)C1=CCCCCC1)c1ccccc1I
mol_1258,CC1(C)N=C(C=NO)C(C)(C)N1O
mol_1259,CC1CCN(C(C)(C)C)P(=O)(Cc2ccccc2)O1
mol_1260,COc1cccc(C=C2N=C(c3ccccc3)OC2=O)c1OC
mol_1261,CCN(CC)C1=Nc2ccccc2N(c2ccccc2)C(SC)=C1
mol_1262,O=C(O)CCC(NC(=O)c1ccc(OCc2nc3cc(C(F)(F)F)ccc3nc2-c2ccccc2)cc1)C(=O)O
mol_1263,CN(C)CC(CO)(CN(C)C)CN(C)C
mol_1264,CC(C=Cc1ccccc1Cl)=NC(=S)NC(N)=S
mol_1265,N#CC(=Cc1cc(O)c(O)c(I)c1)C(=O)NCCCc1ccccc1
mol_1266,O=c1[nH]c2ccccc2c(=O)n1N=Cc1ccc([N+](=O)[O-])cc1
mol_1267,O=C(N=C1[Se]C(=Nc2ccccc2)C(=Nc2ccccc2)N1c1ccccc1)c1ccccc1
mol_1268,O=C1COc2cc3c(cc2N1)SCCC(=O)N3
mol_1269,COc1cc2c(cc1OC)CN1CCc3cc(OC)c(OC)cc3C1C2
mol_1270,COc1ccc2c(c1OC)C13CCCCC1C(C2)N(C)CC3.Cl
mol_1271,N=c1nnn(N)[nH]1
mol_1272,CCOC(=O)c1no[n+]([O-])c1C(=O)OCC
mol_1273,CC1CCOC(=O)C=CC=CC(=O)OC2CC3OC4C5OC5(C)CCC4(COC(=O)C1O)C2(C)C31CO1
mol_1274,COc1cc2c(cc1OC)C1c3ccccc3C(C#N)(C2)N(C(=O)c2ccccc2)C1O
mol_1275,O=C(O)CCC(O)=C1S(=O)(=O)OCCOS1(=O)=O.[NaH]
mol_1276,Oc1cc2cc(-c3ccccc3)[nH]c2c2ccccc12
mol_1277,O=C1C=C2CCN(C(=O)c3ccccc3)CC2O1
mol_1278,N=C(CSS(=O)(=O)O)NCCCCc1ccccc1
mol_1279,CCC1(O)CCC2C3CC=C4CCCCC4C3CCC21C
mol_1280,CC(=O)n1[nH]c(=O)n(-c2ccccc2)c1=O
mol_1281,CCOC(=O)C(=NO)C1=CSC2=NNC(C)(C)N12
mol_1282,CSc1c(C#N)c(O)nc(S)c1C#N
mol_1283,NS(=O)(=O)c1ccc(N2C(=O)C(=O)N(c3ccccc3)C2=S)cc1
mol_1284,COC(=O)C1=CCON(c2ccccc2)C1c1ccccc1
mol_1285,COC(=O)c1ccccc1CC(Cc1ccc2c(c1)CCC2)C(=O)OC
mol_1286,Cn1c(=O)c2c(nc(CCCCCc3nc4c(c(=O)n(C)c(=O)n4C)n3C)n2C)n(C)c1=O
mol_1287,OCC(O)C(O)C(O)c1nn(-c2ccccc2)c2nc3ccc(Cl)cc3nc12
mol_1288,CCOc1ccc(Nc2nc(C)c(C(=O)CC(=O)C(=O)Nc3ccc(C(C)C)cc3C(C)C)s2)cc1
mol_1289,O=C1c2cccc3cc([N+](=O)[O-])cc(c23)C(=O)N1C(Cc1ccccc1)c1ccccc1
mol_1290,O=C(Cc1nc(-c2ccccc2)cc(=O)n1-c1ccccc1Cl)c1ccncc1
mol_1291,CN(C)CCNC(c1ccccc1)C(O)c1ccccc1
mol_1292,Cc1nc2c(c(N3CCN(C)CC3)n1)Cc1ccccc1-2
mol_1293,COC(=O)C(Cc1cccc(O)c1)NC(=O)C(CC(=O)OCc1ccccc1)NC(=O)OCc1ccccc1
mol_1294,Cc1[nH]c2nc(S)nc(NC(N)=S)c2c1Cc1ccccc1
mol_1295,COC(OC)c1cc2c(cc1C=O)OCO2
mol_1296,CC(=O)C(CCC#N)(CCC#N)CCC#N
mol_1297,CC(=O)O.Nc1nc(O)nc2nc3c(nc12)-c1cccc2cccc-3c12
mol_1298,CC(=O)NC(CS)C(=O)O
mol_1299,CC1OC(OC2C(Oc3ccc4c(=O)c(-c5ccc(O)c(O)c5O)coc4c3)OC(CO)C(O)C2O)C(O)C(O)C1O
mol_1300,CS(=O)(=O)O.Cc1nc2c(C)c3c([nH]c4ccc(Cl)cc43)c(C)c2c(O)c1C
mol_1301,Cc1cc(S(=O)(=O)Nc2nc3cc(-c4ccc(Cl)cc4)sc3c(=O)n2N)c(S)cc1Cl
mol_1302,Clc1ccc(C2SCc3nc4ccccc4n32)c(Cl)c1
mol_1303,NN=C(c1ccccc1)c1ccc([N+](=O)[O-])cc1
mol_1304,Oc1ccc([I+]c2ccccc2)cc1O.[Br-]
mol_1305,COc1c(OC)c(OC)c(-c2cc(=O)c3c(OC)c(OC)c(OC)c(OC)c3o2)c(OC)c1OC
mol_1306,CSc1c(C#N)c(O)n(-c2ccc(Cl)cc2)c(=O)c1C(C)=O
mol_1307,CC1=Nc2ccccc2S(=O)(O)=N1
mol_1308,N=C1NC(=O)NN=C(Cn2nc(-c3ccccc3)c3ccccc3c2=O)N1
mol_1309,COc1cc2cc(C(=O)N3CC(CCl)c4ccc(NO)cc43)[nH]c2c(OC)c1OC
mol_1310,O=c1[nH]c(=O)n(C2CC(O)C(CO)O2)c2nc3ccc4cc5ccccc5cc4c3nc12
mol_1311,CCOC(=O)N1CCN(Cc2cc(=O)n3ccc(C)cc3n2)CC1
mol_1312,Nc1ccc(N=O)c(N)n1
mol_1313,COc1ccc(-c2cc(-c3ccco3)c(C#N)c(O)n2)cc1
mol_1314,CC1(c2ccccc2)CCN(C2CC2)CO1.Cl
mol_1315,Nc1ccc(S(=O)(=O)NN=Cc2ccc3c(c2)OCO3)cc1
mol_1316,CN(CCN(C)C(=S)NN)C(=S)NN
mol_1317,CC1(C)NC(=CC=O)C(C)(C)N1O
mol_1318,CC(=NNC(=N)N)C(CN(CC(C)C)CC(C)C)C(=O)Nc1ccc(C)cc1C
mol_1319,[BH3-][N+]1(C)CC[N+]([BH3-])(C)CC1
mol_1320,COC(=O)C(C#N)=C(NCc1ccccc1)Nc1ccccc1
mol_1321,COc1cc2c(cc1OC)C1c3ccccc3CN1CC2.Cl
mol_1322,CC1OC(n2cnc3c(N)nc(Cl)nc32)C(C)(O)C1O
mol_1323,N=c1nc2c3ccccc3nnn2c(=N)[nH]1
mol_1324,Cc1ccc(NC(=O)C(=O)C2C(=N)NN(c3ccccc3)C2=O)cc1C
mol_1325,Cl.N=C(N)NN=Cc1c(Cl)nc2n1CCS2
mol_1326,COC(=O)c1ccccc1NC(c1ccccn1)c1ccc2cccnc2c1O
mol_1327,CN(C)CC1C(OC(=O)C(O)(c2ccccc2)c2ccccc2)C2CCN1CC2
mol_1328,CC1(C)CC2CCC(O)C2C(CCO)N1
mol_1329,Nc1ncnc2c1ncn2C1CCC2(CO)CC12
mol_1330,Cc1ccc(OCC(=O)N2N=C(c3ccccc3)CC2(O)c2ccccc2)cc1
mol_1331,CNC(=O)CN(CC(N)=O)C(=O)NC
mol_1332,CC(=O)C(=CNC(=S)Nc1ccc(S(N)(=O)=O)cc1)C(=O)Nc1ccccc1C
mol_1333,CCOC(=O)C1=C(Nc2ccc(Cl)c(Cl)c2)OCC1=NNC(=O)Cc1ccccc1
mol_1334,CC12CCC3C(CCC4=CC(=O)CCC43C)C1Cc1cnn(-c3ccccc3)c1N2
mol_1335,CN(C)c1ccc(C=C(C#N)c2cccc(Cl)c2)cc1
mol_1336,Cn1c(=O)c2nc3c(=O)n(C)c(=O)n(CC(N)=O)c3nc2n(C)c1=O
mol_1337,OCC(O)CCC[Sn](Br)(c1ccccc1)c1ccccc1
mol_1338,Clc1ccc(Oc2ccc(N=Cc3ccc(Cl)cc3Cl)cc2Cl)cc1
mol_1339,Cc1ccc(OCCn2cc(Nc3ccccc3)c(=O)n(CCOc3ccc(C)cc3)c2=O)cc1
mol_1340,COC(=O)C1C2C=CC(C2)N1S(=O)(=O)c1ccccc1
mol_1341,N=C(N)NCCCC(NC(=O)OCCCCn1ccc(=N)[nH]c1=O)C(=O)O
mol_1342,Fc1ccc(C2SCc3nc4ccccc4n32)cc1
mol_1343,O=C1Oc2cc3c(c4cccc1c24)OC(c1ccccc1)C(c1ccccc1)C3c1ccc(Cl)cc1
mol_1344,COc1ccc(C)cc1C(=C=C=C=C(c1cc(C)ccc1OC)c1ccccc1OCc1ccccc1)c1ccccc1OCc1ccccc1
mol_1345,O=[N+]([O-])C(=C1NCCN1)C(Cl)=C(Cl)Cl
mol_1346,CCC1(CC(=O)N(C)C)CCCN(C(=O)Oc2ccccc2)C1
mol_1347,CN1CC(c2ccccc2)N(CCCCN2CC(c3ccccc3)N(C)CC2c2ccccc2)CC1c1ccccc1
mol_1348,CN(C)CN1C(=O)SC(=C2C(=O)N(C)c3ccc(Br)cc32)C1=O
mol_1349,CCC1(O)C(=O)OCc2c1cc1n(c2=O)Cc2cc3cc(OC)ccc3nc2-1
mol_1350,CCn1c2c(c3ccccc31)CCSC2(C)CCN(C)C
mol_1351,COc1cc(OC)c(-c2cc(=O)c3c(OC)c(OC)c(OC)c(OC)c3o2)cc1OC
mol_1352,CC12c3c4cccc3Oc3cc(N)cc(c31)Oc1cc(N)cc(c12)O4
mol_1353,O=C1c2ccccc2C(=O)N1OCCCCON1C(=O)c2ccccc2C1=O
mol_1354,Cn1c(=O)c2nc(NCC3CCCCC3)sc2n(C)c1=O
mol_1355,CCN(CC)CCCN1CC(=O)N2CCCCN2C(=O)C1
mol_1356,CCOC(=O)c1nc2cc(C(F)(F)F)ccc2nc1Oc1ccc(OC)cc1
mol_1357,O=C(Cc1ccc(Cl)cc1)NC(NC(=O)Cc1ccc(Cl)cc1)C(Cl)(Cl)Cl
mol_1358,Cc1ccc(OP2(=O)Nc3ccccc3S2)cc1
mol_1359,COC(=O)C(=O)C(CC(=O)Nc1ccc(C)cc1)C(=O)OC
mol_1360,COC(=O)N=[N+]([O-])C(c1ccc(Cl)cc1)c1ccc(Cl)cc1
mol_1361,Cn1cc(C(N)=O)ccc1=N
mol_1362,O=C(O)c1ccc(Sc2ccccc2)cc1
mol_1363,CN1C2CCC1C(=Cc1cccc3c1OCO3)C(=O)C2=Cc1cccc2c1OCO2
mol_1364,COc1cccc(C2C(C(=O)O)=C(CO)Oc3cc4c(cc32)OCO4)c1
mol_1365,CC(C)(C)OC(=O)Cc1ccc2c(ccn2Cc2ccccc2)c1
mol_1366,COc1cc2c(cc1OC)C1CC(=O)C3=C(CCCC3)N1CC2
mol_1367,N#CC(=Cc1cc(Cl)cc(Cl)c1)c1ccccn1
mol_1368,O=C1C(=Cc2ccc([N+](=O)[O-])cc2)Sc2scc(-c3ccc(O)c(O)c3)[n+]21.[Cl-]
mol_1369,COc1ccc2[nH]c3c(c2c1)CCc1ccccc1-3
mol_1370,COCN1COCN=C1NC#N
mol_1371,Nc1ccc(S(=O)(=O)Nc2ccc(S(=O)(=O)O)cc2)cc1
mol_1372,O=C1NC2C(O)C(O)C(O)C(O)C2c2cc3c(c(O)c21)OCO3
mol_1373,N#Cc1c(Nc2ccccc2)n2[nH]c(=N)c(N=Nc3ccccc3)c2[nH]c1=N
mol_1374,Oc1cccc2c1nc(O)c1c(O)c3c(cc12)OCO3
mol_1375,N#Cc1c2c(cn3c1nc1ccccc13)Cc1ccccc1-2
mol_1376,NN=C(c1nc2ccc(Cl)cc2nc1O)C(O)c1ccc(Cl)c(Cl)c1
mol_1377,CC(=O)CC(=O)C=Cc1cccs1
mol_1378,CC(=O)OC1CCC2(C)C(CCC3C4CC=C(C(C)=O)C4(C)OC(=O)CC32)C1
mol_1379,Cc1cn(C2CC(COCc3ccccc3)N(CCO)O2)c(=O)[nH]c1=O
mol_1380,CC(C)(C)c1cc(C2c3cc4c(cc3OC(O)(CO)C2C(=O)O)OCO4)cc(C(C)(C)C)c1O.CC(C)(C)c1cc(C2c3cc4c(cc3OC3(O)COC(=O)C23)OCO4)cc(C(C)(C)C)c1O
mol_1381,COC(=O)NC(Nc1ccc(Cl)cc1Cl)(C(F)(F)F)C(F)(F)F
mol_1382,Cc1c2ccc(Cl)cc2nc2ccc(OCCCCCCNC(=O)C(N)CCCNC(=N)N)cc12.Cl
mol_1383,O=c1c2c([nH]n1-c1nc(O)c(-c3ccccc3)c(O)n1)CCCC2
mol_1384,Nc1nnc(Cc2ccccc2[N+](=O)[O-])c(O)n1
mol_1385,COC(=O)N1C2C3CC4C2C4C3N1C(=O)OC
mol_1386,COc1cc2c(cc1O)C1C(O2)c2c(OC)cc3c(c2OC1(C)C)CCC(C)(C)O3
mol_1387,CN1C(=O)NC(=Cc2ccc(S(=O)(=O)NN=CC(O)C(O)C(O)CO)cc2)C1=O
mol_1388,COC(=O)C(=NNC(N)=O)C(C(=O)C=C(C)C)C(=O)C(=O)Nc1ccc(Cl)c(Cl)c1
mol_1389,O=C(O)CCC(NC(=O)c1ccc(CNc2nc3ccccc3nc2C(=O)O)cc1)C(=O)O
mol_1390,CCOP(=O)(OCC)C1CCCOC1=O
mol_1391,O=S(=O)(O)SCCCNCCCNCCCSS(=O)(=O)O
mol_1392,CC(=O)CNC(=O)OC(C)(C)C
mol_1393,CNC(=O)Oc1ccc(Cl)cc1SSc1cc(Cl)ccc1OC(=O)NC
mol_1394,CC(=O)Nc1ccc(C(=O)N2N=C(C)C(=Cc3ccc(O)cc3)C2=O)cc1
mol_1395,C=C(C)CCCC(C)C1CCC2(C)C3CCC4C(C)(C)C(O)CCC45CC35CCC12C
mol_1396,COC(=O)c1cc(C(=CCC(=O)O)c2cc(Cl)c(OC)c(C(=O)OC)c2)cc(Cl)c1OC
mol_1397,Cc1ccc2c(c1)sc1nncn12
mol_1398,O=C(NC(=Cc1cccc([N+](=O)[O-])c1)c1nc2nc(S)nc(O)c2[nH]1)c1ccccc1
mol_1399,Cc1cc(=O)c2ccccc2o1
mol_1400,CCOC(=O)c1nnc(-c2ccccc2)nc1Cl
mol_1401,N#Cc1ccccc1SSc1ccccc1C#N
mol_1402,Cc1cc(C)[s+]s1
mol_1403,COc1cc(C(=O)NCCS(=O)(=O)O)cc(OC)c1OC
mol_1404,CN(C)c1ccc(C=NNc2nc3ccccc3c(=O)n2-c2ccccc2)cc1
mol_1405,Clc1ccc(C=Cc2nc3ccccc3s2)cc1Cl
mol_1406,COC=Nc1cn2c(n1)CN=C2
mol_1407,CC1(C)C(N2CCOCC2)CS1(=O)=O
mol_1408,CC(C)C(=NP(=O)(c1ccccc1)c1ccccc1)N(C)C
mol_1409,COc1ccc2cc1-c1cc(ccc1O)CC1NCCc3cc4c(cc31)Oc1c(c(OC)c(OC)c3c1C(C2)N(C)CC3)O4
mol_1410,CC(C)CCCC(C)C1CCC2C3CCC4CC(O)(C(c5cc(Cl)c(O)c(C(=O)O)c5)c5cc(Cl)c(O)c(C(=O)O)c5)CCC4(C)C3CCC12C.N
mol_1411,O=c1[nH]c(=O)n(C2COC(CO)C2O)cc1F
mol_1412,COc1ccc(NC(=O)CC(=O)n2nc(-c3ccccc3)c(N=Nc3ccccc3C(=O)O)c2-c2ccccc2)cc1
mol_1413,CC12CCC(=O)C=C1CCC1C2C(=O)CC2(C)C1CCC2(O)C(=O)CO
mol_1414,COCN1C(=O)C2CCCN2C(=O)c2ccc(Cl)cc21
mol_1415,CCCCCC(=O)NC(=S)Nc1nnn[nH]1
mol_1416,CSC1=NN=C(SC)NN1
mol_1417,Cc1ccc(-c2c(C#N)c(S)n(NS(=O)(=O)c3ccc(C)cc3)c(=O)c2C#N)cc1
mol_1418,CCOc1cc2c(cc1O)CCC1C2CCC2(C)C(N)CCC12.Cl
mol_1419,O=C(O)c1nn[nH]c1S
mol_1420,Cc1cc2c(C=O)n[nH]c2c(C#N)c1C
mol_1421,[N-]=[N+]=NC1CC(CO)OC1n1cnc2c(N)ncnc21
mol_1422,O=S(=O)(O)SCCNCCCCC1CCCCC1
mol_1423,C=C1CCCCCCCCCCC12SCCCS2
mol_1424,CCOc1ccc(N=Nc2ccc3oc(=O)c(C(C)=NNC(=O)CC(=O)Nc4ccc(Cl)cc4)cc3c2)cc1
mol_1425,COc1cccc2c1OC1c3ccccc3OCC1(O)C2
mol_1426,O=C1CSC(c2ccc(Cl)cc2)N1N1C(=O)CSC1c1ccc(Cl)cc1
mol_1427,NC(C(=O)O)C(O)C(=O)O
mol_1428,COC(=O)C1(C)CCCC2(C)c3cc(C(C)=O)c(C(C)C)cc3CCC12
mol_1429,O=[N+]([O-])c1ccc2nc(C(=NNc3ccccc3)C(O)c3ccco3)c(O)nc2c1
mol_1430,CC(=O)OC1CC2C(C)(C)C(=O)C=CC2(C)C2CCC3(C)C(c4ccoc4)C(=O)C4OC43C12C
mol_1431,Cc1cccc(C)c1N1C(=O)C(=O)C(c2nc3ccccc3s2)C(=NNC(=O)c2ccccc2O)C1=O
mol_1432,NC(=O)C(c1ccccc1)N1CCCC1
mol_1433,CC(=O)Nc1ncc2ccccc2c1-c1ccc(NC(=O)CN(CCO)CCO)cc1
mol_1434,Nc1cc(Nc2ccc(Cl)nc2S)nc(N)n1
mol_1435,Nc1cnc(Nc2cccc3ccccc23)o1
mol_1436,CC1=NC(=Cc2ccc([N+](=O)[O-])cc2)C(=O)O1
mol_1437,CC1(c2nc3ccccc3[nH]2)CCC(C(=O)O)C(C)(C)O1
mol_1438,O=C(O)CCCCCCCCCc1ccccc1
mol_1439,O=C1C(=Cc2ccc(Cl)cc2)NC(=S)N1CN1CCCCC1
mol_1440,CC(C)(C)C#COC(=O)c1ccccc1
mol_1441,Cc1nn(C(=O)Cc2ccccc2)c2c1C(c1ccc(C=Cc3ccccc3)cc1)SC(=N)N2
mol_1442,CCOC(=O)C(NC(C)=O)C(c1ccccc1)[Sn](c1ccccc1)(c1ccccc1)c1ccccc1
mol_1443,OCCSCC(O)Cn1cnc2c(O)nc(Nc3ccccc3)nc21
mol_1444,O=C1c2c(O)ccnc2-c2nccc3c2c1nc1ccccc13
mol_1445,N#C[IH2]1OC(=O)c2ccccc21
mol_1446,CCN(CC)C(=S)SNCCc1ccc(S(N)(=O)=O)cc1
mol_1447,COc1cc(C(SCc2ccccc2)SCc2ccccc2)ccc1O
mol_1448,COC1C=CC=C(C)C(=O)NC2=CC(=O)C(NCCCl)=C(CC(C)CC(OC)C(O)C(C)C=C(C)C1OC(N)=O)C2=O
mol_1449,COc1cc2ccc3c4cc(OC)c(OC(C)C)cc4cnc3c2cc1OC
mol_1450,Cc1ccc(N2C(=O)C3c4[nH]c5ccc(C)cc5c4C4CCC(C(C)(C)C)CC4C3C2=O)cc1
mol_1451,O=C(Nc1ccccc1)C(c1ccccc1)N(Nc1ccccc1)c1ccccc1
mol_1452,C[N+](C)(C)CC(CC(=O)[O-])C1CC1
mol_1453,COc1ccccc1NC(=N)NN=Cc1c[nH]c2ccccc12.I
mol_1454,Cc1c2c(n3c(nc4ccccc43)c1C#N)N(c1ccc(Cl)cc1)CC2
mol_1455,O=Nc1ccc2ccccc2c1O
mol_1456,O=C(c1ccc(Cl)cc1)c1ccc(OCCCOc2ccc(C(=O)c3ccc(Cl)cc3)cc2Cl)c(Cl)c1
mol_1457,CCCCCCCCCCCCCCC(C(=O)O)S(=O)(=O)O
mol_1458,CC1(C)COC1(c1ccccc1)c1cccnc1
mol_1459,CCCCN(C)CC(C(C)=O)C(c1ccccc1)c1c(O)c2ccccc2oc1=O.Cl
mol_1460,COc1ccc(C(=O)Nc2ccn(CCOC(=O)c3ccc(OC)cc3)c(=O)n2)cc1
mol_1461,CC(C)(C)NC(=O)C12C3C4C1C1C2C3C41I
mol_1462,COC1OC2COC(C)(C)OC2C2OC(C)(C)OC12
mol_1463,CCCC(=O)NC1C2C3CC4C5CC(C42)C1(C)C53
mol_1464,COc1cc2c(cc1OC)C(Cc1ccc(Oc3cc(CC4c5cc(OC)c(OC)cc5CCN4C)ccc3O)cc1)N(C)CC2
mol_1465,N#Cc1c(NC(=O)CN2CCOCC2)c(C(=O)Nc2ccc(Cl)cc2)n2c1CCC2
mol_1466,Cc1ccccc1N(CCC#N)C1=NN(C(=O)CC(=O)Nc2ccccc2)C(c2ccccc2)C1
mol_1467,CCOP(=O)(OCC)C1C(CO)OC(n2ccc(=O)[nH]c2=O)C1O
mol_1468,CC(=O)N1C(C(=O)NC2CCCCC2)CSC1c1ccccc1
mol_1469,COc1ccc(-c2c(O)c3cccc(-c4ccccc4)c3oc2=O)cc1
mol_1470,CCOC(=O)C(O)(NC(=O)NC(O)(C(=O)OCC)C(F)(F)F)C(F)(F)F
mol_1471,Nc1nc(N)c(-c2ccccc2)c(C(=O)Nc2ccccc2)n1
mol_1472,CC(=O)OC1CC2(C)C(OC(C)=O)CC1C2(C)C
mol_1473,CC(C)NCCCC(C)Nc1ccnc2ccc3nn(C)nc3c12.O=P(O)(O)O
mol_1474,N#Cc1nc(-c2cccs2)oc1N
mol_1475,CC[N+](C)(CC)CCCC(C)N1C(=O)C2CCCCC2C1=O
mol_1476,CC(=CCCC1(C)CCC(C(C)C(=O)O)OO1)CCC1=C(C)CCCC1(C)C.CC(C)=CCCC(C)=CCCC(C)=CCCC1(C)CCC(C(C)C(=O)O)OO1
mol_1477,CCCCn1cnc2ccc3[nH]c(C)nc3c2c1=O
mol_1478,CC(C)=CCN1CCCn2c(=S)[nH]c3cccc(c32)C1=O
mol_1479,COC(=O)CC1CCC(c2ccn(S(=O)(=O)c3ccccc3)c2)=NO1
mol_1480,C=CP(CCP(CCP(C=C)N(CC)CC)c1ccccc1)N(CC)CC
mol_1481,O=c1c2c3c(sc2nc2n1N=C(c1ccc(Cl)cc1)CS2)CCCC3
mol_1482,N#CC(=C(S)Nc1ccccc1)c1nc2ccccc2[nH]1
mol_1483,CC=CC=CC=CC(O)CC(OP(=O)(O)O)C(C)(O)C=CC1CC=CC(=O)O1
mol_1484,CN1CCC2(C)c3cc(O)ccc3CC3CCCC1C32C
mol_1485,Cl.Clc1ccc(CCn2cncn2)cc1
mol_1486,COC(=O)c1c[nH]cc1CCc1c[nH]cc1C(=O)OC
mol_1487,CC1(C)OC(=O)C(=Cc2cccc(Br)c2)C(=O)O1
mol_1488,N=C1OC(CN2CCN(c3ccccc3)CC2)CN1C(=O)Nc1ccccc1
mol_1489,COc1ccc(C(=NNc2ccccc2)C(c2ccc(OC)cc2)C2OC(=O)c3ccccc32)cc1
mol_1490,CC(C)CCCC(C)C1CCC2C3=CC(OS(=O)(=O)O)C4(O)CC(O)CCC4(C)C3(O)CCC21C
mol_1491,CN1C(CC(O)c2ccccc2)CCCC1CC(O)c1ccccc1
mol_1492,O=C(Cc1nc2ccccc2c(=O)n1-c1ccccc1Cl)c1ccncc1
mol_1493,Cc1cc(=O)oc2c(C)c(O)ccc12
mol_1494,CC(=O)NC(Cc1ccc(Cl)cc1)C(=O)NC(Cc1ccc(Cl)cc1)C(=O)NC(Cc1cccnc1)C(=O)NC(CO)C(=O)NC(Cc1ccc(O)cc1)C(=O)NC(CCCNC(=N)N)C(=O)NC(CC(C)C)C(=O)NC(CCCNC(=N)N)C(=O)N1CCCC1C(=O)NC(C)C(=O)O
mol_1495,CSC(=Nc1cc2ccccc2c2ccccc12)NC#N
mol_1496,CCOC(=O)N1CCN(c2ccc3c(C)cc(C)nc3n2)CC1
mol_1497,C[N+](C)(Cc1ccc(NC(=O)CCCC(=O)ON2C(=O)CCC2=O)cc1)c1ccccc1.[Br-]
mol_1498,COc1cccc(NC(=S)Nn2c(C)nc3ccccc3c2=O)c1
mol_1499,CC(=O)O.CCN(CC)CC(=O)Nc1ccc2c(c1)C(=O)c1ccc(NC(=O)CN(CC)CC)cc1C2=O
mol_1500,O=C1C2CCCCC2C(=O)N1n1c(Cc2ccc(Cl)cc2)n[nH]c1=O
mol_1501,C[N+]1=C(c2ccc[n+](C)c2C=NO)OCC1(C)C.[I-]
mol_1502,CCOC(=O)c1c(-c2ccc(Cl)cc2)c(C#N)c(=S)n(C2OC(CO)C(O)C(O)C2O)c1-c1ccccc1
mol_1503,CCSC(=O)C1(C)OC2CCCCC2C1=O
mol_1504,CC(C)(C)COC1C2(OCCO2)C2CCC1(C)C2(C)C
mol_1505,COc1ccc2c(c1)OC1(OCCO1)C1C2CCC2(C)C1CCC21OCCO1
mol_1506,O=NNc1nc(-c2cccnc2)nc2ccccc12.[NaH]
mol_1507,CC1=C(C(=O)Nc2ccccc2C)C(c2ccc(Cl)c(Cl)c2)C(C(=O)Nc2ccccc2C)=C(C)N1
mol_1508,O=C1NC2C(O)CCCCC2C12CCCCC2
mol_1509,COc1cccc(Nc2nc(N)nc(N)c2N)c1
mol_1510,N#CC1C2C=CC(CCC2)C1C#N
mol_1511,CCCCC(=O)NS(=NC(=O)c1ccccc1)C(Cl)(Cl)Cl
mol_1512,CCN(CC)CCCNC(=O)C1COc2cc(-c3cc(=O)c4ccccc4o3)ccc2O1.Cl
mol_1513,CC1=NN(c2ccc(S(=O)(=O)O)cc2)C(=NNC(N)=S)C1
mol_1514,C=C1CN(S(=O)(=O)c2ccc(C)cc2)CCCCN(Cc2ccccc2)CCCN(S(=O)(=O)c2ccc(C)cc2)C1.Cl
mol_1515,COc1ccccc1CN1CC(C)N(N=Cc2c3c(O)c4c(O)c(C)c5c(c4c2O)C(=O)C(C)(OC=CC(OC)C(C)C(OC(C)=O)C(C)C(O)C(C)C(O)C(C)C=CC=C(C)C(=O)N3)O5)C(C)C1
mol_1516,O=C1CCCC(=O)NNC(=O)Nc2ccc(cc2)Cc2ccc(cc2)NC(=O)NN1
mol_1517,C=C1CC(CN2CCC(=O)NC2=O)(c2ccccc2)OC1=O
mol_1518,O=C(O)c1cc2ccc(Cl)cc2c(O)c1C1=CCCCC1
mol_1519,Cc1c(Cc2ccccc2)n(C(C)OCCO)c(=O)[nH]c1=O
mol_1520,COc1cccc2c1[OH+][Pd-2]1(O)[O+]=C(N)[N-][N+]1=C2
mol_1521,O=C1C=C2CC3(O)COc4c(ccc(O)c4O)C3=C2C=C1O
mol_1522,Cn1c(=O)cc(CC(=O)C(=O)O)c2ccccc21
mol_1523,CC(C)CC(NC(=O)C(Cc1ccccc1)NC(=O)C(COCc1ccccc1)NC(=O)OC(C)(C)C)C(=O)OCc1ccccc1
mol_1524,I.S=C(NNC1=NCCCN1)Nc1ccccc1
mol_1525,Cc1ccc(SSC(=S)Nc2ccccc2)cc1
mol_1526,N=C(N)NN=C(c1ccccc1)c1ccccc1
mol_1527,CC1=NNC(=N)NC1=CC(Sc1ccc(Cl)cc1)c1cccs1
mol_1528,CCOC(=O)NC(=O)c1cn(C2CCCCC2)c(=O)n(C)c1=O
mol_1529,CC1(O)CC23CCC4C(C)(C(=O)O)CCCC4(C)C2CCC1C3
mol_1530,CCC1CC2CN3CCc4c([nH]c5ccccc45)C(C(=O)OC)(C2)C13
mol_1531,CCOC(=O)c1nc2cc(C(F)(F)F)ccc2nc1Nc1ccc(C(=O)OC)s1
mol_1532,CC1(C)CC[P+](CCC[P+]2(c3ccccc3)CCC(C)(C)c3ccccc32)(c2ccccc2)c2ccccc21.F[P-](F)(F)(F)(F)F
mol_1533,CCN(CC)c1ccc2cc(C(=O)Nc3ccccc3)c(=N)oc2c1
mol_1534,[N-]=[N+]=Nc1ccccc1Oc1ccccc1
mol_1535,COc1cccc2c1C(=O)c1c(O)c3c(c(O)c1C2=O)CC(O)(C(=O)CO)CC3OC1CC(N(C)C)C(O)C(C)O1
mol_1536,CC(c1ccccc1)N1CN(C(=O)OCc2ccccc2)C(CO)C1=O
mol_1537,Cn1c2c(c3ccccc31)C1C(=O)N(c3ccccc3)C(=O)C1CC2
mol_1538,O=C1C=C(c2ccc(O)cc2)C(O)Cc2ccc(O)cc2O1
mol_1539,O=c1c2ccccc2sc2nc(CCl)nn12
mol_1540,CN(C)CCC(CCN(C)C)=NO.Cl
mol_1541,O=Cc1cn(CCCCCn2cc(C=O)c3ccccc32)c2ccccc12
mol_1542,Cc1ccc(S(=O)(=O)Nn2c3c(cc(C#N)c2=O)CCCCC3)cc1
mol_1543,COc1ccc2c(C)cc(NN=Cc3sccc3C)nc2c1
mol_1544,COc1ccc2c3c([n+](C)cc2c1OC)-c1cc2c(cc1C3)OCO2.O=[N+]([O-])O
mol_1545,Fc1ccc(C=C2COCC3=C2NC(=S)NC3c2ccc(F)cc2)cc1
mol_1546,C=C1CN(S(=O)(=O)c2ccc(C)cc2)CCCN(Cc2ccccc2)CCN(S(=O)(=O)c2ccc(C)cc2)C1.Cl
mol_1547,O=CC1=CC2=Cc3ccccc3C=C(C=C(C=O)C1)C2
mol_1548,COC(=O)c1ccccc1NC(=O)C(=O)CC(=O)c1ccccc1NC1=CC(=O)C(=O)c2ccccc21
mol_1549,COC(=O)Cc1cccc2c1CCC2=O
mol_1550,COC1=NCN=C2SC=C(N)N=C12
mol_1551,O=C(Nc1ccc(C2=NCCN2)cc1)C1CCC(C(=O)Nc2ccc(C3=NCCN3)cc2)CC1
mol_1552,N#Cc1nc(C2SCCCS2)oc1N
mol_1553,CN1C(c2ccccc2)(c2ccccc2)c2ccccc2S1(=O)=O
mol_1554,CN(C)C=Nc1ccc2[nH]c3ccccc3c2c1
mol_1555,CCCCC(CC)C(=O)OC(C)CN(CC(C)OC(=O)C(CC)CCCC)C(=O)C(C)OC(=O)C(CC)CCCC
mol_1556,Cn1c(=O)n2n(c1=O)C1C3C4C3C3C5(COCC135)C42
mol_1557,Cc1c(CCCl)c(N=[N+]=[N-])n2c(nc3ccccc32)c1C#N
mol_1558,COc1ccc2cc3c4cc(OC)c(OC)cc4ccn3c2c1
mol_1559,CCN(CC)C(=O)SCCSC(=O)N(CC)CC
mol_1560,CCCCCC(=O)n1[nH]c(=O)n(-c2ccc(OC)cc2)c1=O
mol_1561,CCCC[Sn](CCCC)(OC(=O)c1c(F)cccc1F)OC(=O)c1c(F)cccc1F
mol_1562,Cc1ccc(C(=O)N(C(C)C)C(C)C)cc1N=NN(C)C
mol_1563,CCCCCCCCCC=C(c1cc(Br)c(OC)c(C(=O)OC)c1)c1cc(Br)c(OC)c(C(=O)OC)c1
mol_1564,C=CC(C)C(O[Si](C)(C)C(C)(C)C)c1c(O)c2c(c3c(CCC)cc(=O)oc13)OC(C)(C)C=C2
mol_1565,COCC(=O)OC1CCn2c1nc1c2C(=O)C(C)=C(NC(C)=O)C1=N
mol_1566,CCOC(=O)c1nc2ccc([N+](=O)[O-])cc2c2c1CCO2
mol_1567,CN1C(=O)C(O)Nc2ncncc21
mol_1568,CCCCCCCCCCOc1cc2c(O)c(C(=O)OCC)cnc2cc1OCC
mol_1569,O=C(CCc1nc(=S)[nH][nH]1)NC12CC3CC(CC(C3)C1)C2
mol_1570,CCOC(O)(NC(=O)C(C(F)(F)F)C(F)(F)F)C(F)(F)F
mol_1571,CC1=C(C(=O)Nc2ccccc2)C(c2cc(Cl)cc(Cl)c2)C(C(=O)Nc2ccccc2)=C(C)N1
mol_1572,COc1ccc(C=C2C(=O)N(C(=O)c3ccccc3O)N=C2C)cc1OC
mol_1573,O=C1CCC(S(=O)(=O)c2ccccc2)C(C=Cc2ccccc2)O1
mol_1574,OCC1OC(n2cnc3c(Cl)nc(Nc4ccccc4)nc32)CC1O
mol_1575,O=c1oc2cc(O)ccc2c(O)c1C(c1ccccc1F)c1c(O)c2ccc(O)cc2oc1=O
mol_1576,COc1ccc(CCn2c(=O)c3ccccc3n(C)c2=O)cc1
mol_1577,Cc1nc2ccccc2c(=O)n1-c1ccccc1Cl
mol_1578,CC(CCN1CCN(CCC(C)CC(C)(C)C)S1(=O)=O)CC(C)(C)C
mol_1579,CCN1CCOC(c2ccccc2)C1c1ccccc1
mol_1580,CN(C)c1nc(N(C)C)nc(N2C(=O)CCC2=O)n1
mol_1581,N#CC12Cc3cc4c(cc3-c3cccc(c31)CCN2C(=O)c1ccccc1)OCO4
mol_1582,Cc1cc(C)nc(NS(=O)(=O)c2ccc(NC(=O)c3cccc4c(Nc5ccc(S(=O)(=O)Nc6cc(C)on6)cc5)c5ccccc5nc34)cc2)n1
mol_1583,Cc1cc2c(=O)cc(-c3ccc(F)cc3)oc2c(C(=O)O)c1C
mol_1584,COc1ccc2c(c1)-c1c(c3cc(OC)ccc3n1CCN1CCOCC1)CC2
mol_1585,COC(=O)Nc1nc2cc(C(=O)c3ccccc3)ccc2[nH]1
mol_1586,CCOC(=O)CCC(NC(=O)C(Cc1ccccc1)NC(=O)OCc1ccccc1)C(=O)OCC
mol_1587,CCOC(=O)NC(C(C(=O)OCC)C(=O)OCC)(C(F)(F)F)C(F)(F)F
mol_1588,O=c1c2cc3c(cc2[nH]c2ncccc12)OCO3
mol_1589,OC1(c2ccc(Cl)cc2)c2ccccc2C2=Nc3ccccc3CN21
mol_1590,C#CCNC(Cc1ccccc1)C(=O)O
mol_1591,Cc1ccc(C=NNS(=O)(=O)c2ccccc2)cc1
mol_1592,COC(=O)CN1C(=O)c2cccc3cc([N+](=O)[O-])cc(c23)C1=O
mol_1593,CCc1c(CN)c(CC)c(CNC2=NCCN2)c(CC)c1CNC1=NCCN1.Cl
mol_1594,Nc1nc(Cl)c(N)c(NCC2(CO)CC(O)C2)n1
mol_1595,CCOC(=N)COC(=O)c1ccccc1
mol_1596,O=C1NC(N2CCCCC2)=NC1=Cc1ccco1
mol_1597,CN(C)CCOc1ccc(C(=C(CCCl)c2ccccc2)c2ccccc2)cc1.O=C(O)CC(O)(CC(=O)O)C(=O)O
mol_1598,CCOC(=O)C(CC)c1cc2n(c(=O)c1C#N)CCC21OCCO1
mol_1599,O=C1NC(O)C2ON=C(c3ccccc3)C12
mol_1600,C=CCC1(C2=C(C)C(=O)c3ccccc32)CCCS1
mol_1601,Cn1c(N)c(N=O)c(=O)n(C)c1=O
mol_1602,CN(C)C(=S)SSSSC(=S)N(C)C
mol_1603,CCOc1ccc2nc(NC(=O)c3cc(=NNC(=O)C[N+](C)(C)C)c4ccc(O)cc4o3)sc2c1.[Cl-]
mol_1604,CC(=O)OCC1OC(OC(C)=O)C(Nc2ncc(-c3ccc(C)cc3)s2)C(OC(C)=O)C1OC(C)=O
mol_1605,C#CCSc1nnnn1-c1ccc(Br)c(C)c1
mol_1606,CC1Oc2c3c(c4c(c2C(=O)C1C)OCC=C4)OCC=C3
mol_1607,COC(=O)c1cc(C(=CCCC2CCC3(C)C(CCC4C3CCC3(C)C(C(C)CCCC(C)C)CCC43)C2)c2cc(F)c(OC)c(C(=O)OC)c2)cc(F)c1OC
mol_1608,CCOC(=O)C1=NN(c2ccccc2)C(=O)C1=CNC(=S)NCCc1ccc(OC)c(OC)c1
mol_1609,CN1CCc2ccccc2C(C(=O)c2ccccc2)=C1O
mol_1610,CCCNCC(=O)OC1(CC)C(=O)OCc2c1cc1n(c2=O)Cc2cc3ccccc3nc2-1.Cl
mol_1611,O=S1Cc2ccccc2CS1
mol_1612,CC(=O)OCC(OC(C)=O)C(OC(C)=O)C(OC(C)=O)C(=O)CNn1c(-c2ccc(C)cc2)nc2ccccc2c1=O
mol_1613,CN(C)CC1CCCCCCCCCCC1=O.Cl
mol_1614,O=C1CN(c2cccc(C(F)(F)F)c2)C(=O)CN1CCN1CC(=O)N(c2cccc(C(F)(F)F)c2)CC1=O
mol_1615,CCOC(=O)C(Cc1c2ccccc2cc2ccccc12)(NC(C)=O)C(=O)OCC
mol_1616,COc1ccc(N=Nc2c(=N)[nH]n3cc4c(nc23)-c2ccccc2C4)cc1
mol_1617,CC(=O)OCC1OC(OCC2OC(N3C(=S)NC(C(O)C(O)C(O)CO)C3O)C(OC(C)=O)C(OC(C)=O)C2OC(C)=O)C(OC(C)=O)C(OC(C)=O)C1OC(C)=O
mol_1618,CC(C)C(NC(=O)CNC(=O)OC(C)(C)C)C(=O)NCC(=O)OCc1ccccc1
mol_1619,Cc1ccccc1C=NC12CC3CC(CC(C3)C1)C2
mol_1620,O=C(CN1CCN(c2ccccc2)CC1)c1ccc2[nH]c(=O)oc2c1
mol_1621,CC(=O)N(c1ccccc1)C1(c2nnnn2C2CCCCC2)CCN(Cc2ccccc2)CC1
mol_1622,NN=C1CC(c2ccccc2)Oc2ccccc21
mol_1623,COc1cc2c(cc1-c1coc3cc(OCC=C(C)C)ccc3c1=O)OCO2
mol_1624,CC(C)CCCC(C)C1CCC2C3CCC4CC(CCC=C(c5cc(Cl)c(OCc6ccccc6[N+](=O)[O-])c(C(=O)OCc6ccccc6[N+](=O)[O-])c5)c5cc(Cl)c(OCc6ccccc6[N+](=O)[O-])c(C(=O)OCc6ccccc6[N+](=O)[O-])c5)CCC4(C)C3CCC12C
mol_1625,COc1ccc(Cc2nc3ccccc3s2)cc1OC
mol_1626,CNC1=Nc2ccccc2C(=S)N2CSCC12
mol_1627,COc1ccc(C=C2N=C(NN)N=C2Cl)cc1
mol_1628,CCCCCCCCCCCCCCCCCC(=O)NCC(COP(=O)([O-])OCC[N+](C)(C)C)OCC
mol_1629,COc1ccc(CC2COC(=O)C2Cc2cc(OC)c(OC)c(OC)c2)cc1OC
mol_1630,C(#CCN1CCCC1)CCCN1CCCC1
mol_1631,CC1(C)C2CC3OC3(C)C1C2
mol_1632,C[Si](C)(C)C=CCCNC(C#N)c1ccccc1
mol_1633,CN(C)P1(=O)OCC(C(C)(C)C)CN1c1ccccc1
mol_1634,CCCCCC(=O)N1SC(NC(=O)OC)=Nc2ccccc21
mol_1635,COc1cc(CC2c3cc(OC)c(OC)cc3CCN2C)c(Oc2cc3c(cc2OC)-c2c(OC)c(OC)cc4c2C(C3)N(C)CC4)cc1OC
mol_1636,O=C(NC(=O)c1cn(CCNCCO)c(=O)[nH]c1=O)OCc1ccccc1
mol_1637,CCOC(=O)C(=Cc1ccc(OC)c(OC)c1)C(=O)c1ccccc1
mol_1638,[O-][Cl+3]([O-])([O-])O.c1ccc2c(c1)[nH]c1scc[n+]12
mol_1639,N#CC(=Cc1ccc(O)c(O)c1)C(=O)Nc1ccc(C(=O)O)cc1
mol_1640,CCOC(=O)c1ccc(CS(=O)(=O)c2ccc(N)cc2)c([N+](=O)[O-])c1
mol_1641,CCOC(=O)c1ccc(CS(=O)c2ccc(OC)cc2)c([N+](=O)[O-])c1
mol_1642,COc1ccc(NC(C)=O)cc1N1C(=O)C(=Cc2cc(OC)c(OC)c(OC)c2)SC1c1ccccc1
mol_1643,CN1C(=O)C(O)CC1c1cccc(F)c1
mol_1644,CCCC[Sn](CCCC)(OC(=O)C(OC)c1ccccc1)OC(=O)C(OC)c1ccccc1
mol_1645,Cc1sc2nc3n(c(=O)c2c1C)N=C(c1ccc(Cl)cc1)CS3
mol_1646,BrCc1ccccc1C[PH](c1ccccc1)(c1ccccc1)c1ccccc1
mol_1647,COc1cccc(CCCCCCCC(=O)O)c1
mol_1648,O=C1CCCc2c(O)ccc(O)c21
mol_1649,OCC1C(OCc2ccccc2)C(OCc2ccccc2)C(OCc2ccccc2)CN1Cc1ccccc1
mol_1650,Cc1cscc(C)c1=S
mol_1651,COc1ccc2[nH]c3c(C)cc([N+](=O)[O-])c(C)c3c2c1
mol_1652,COc1ccc(C2=NN3C(=S)NNC3=NN2)cc1OC
mol_1653,Cc1ccc(S(=O)(=O)NN=C2CCC(C(C)(C)C)CC2Br)cc1
mol_1654,COC1(c2ccc(C)cc2C)OC(=O)c2c(C)cccc21
mol_1655,NN=C(Cc1nc2ccc(C(=O)c3ccccc3)cc2nc1O)C(=O)Nc1ccc([N+](=O)[O-])cc1[N+](=O)[O-]
mol_1656,Cc1ccc(NC(=O)CC(=O)n2nc(-c3ccccc3)c(N=Nc3ccccc3C(=O)O)c2-c2ccccc2)cc1
mol_1657,COC(=O)C1=C(N)SSC1=C[N+](=O)[O-]
mol_1658,COC(=O)C1CSC(c2csc(CCN)n2)=N1
mol_1659,CC1(C)NC(=O)C2(CC(O)C=C2CO)O1
mol_1660,NC(CS[Ag])C(=O)O.O=[N+]([O-])O
mol_1661,O=C(Nc1ccc(F)c(Cl)c1)Nc1cc(Cl)ccc1SSc1ccc(Cl)cc1NC(=O)Nc1ccc(F)c(Cl)c1
mol_1662,CN(C)c1ccc2c(c1)-c1cc(N(C)C)ccc1C2=CC=C1C(=O)c2ccccc2C1=C(C#N)C#N
mol_1663,CC1=C(C(=O)N(C)c2ccc(Cl)c(C(=O)OC(C)C)c2)SCCO1
mol_1664,CN(C)C1C(O)=C(C(=O)NCN2CCCC2)C(=O)C2(O)C(O)=C3C(=O)c4c(O)cccc4C(C)(O)C3CC12
mol_1665,Cc1nc2ccc(Br)cc2c(=O)n1-c1nnc(C(C)(C)C)s1
mol_1666,CCOC(=O)C(NC(=O)c1ccccc1)(c1ccc(S(=O)(=O)Nc2onc(C)c2C)cc1)C(F)(F)F
mol_1667,CCOC(=O)C(NC(=O)c1cccc(Cl)c1)(N1CCN(c2cc3c(cc2F)c(=O)c(C(=O)O)cn3CC)CC1)C(F)(F)F
mol_1668,O=[N+]([O-])c1ccccc1Nc1ccccc1
mol_1669,CCOC(=O)CSC1NC(C(=O)OC)CC1OC
mol_1670,Cc1ccc(-n2cc([Si](C)(C)C)nn2)s1
mol_1671,CN(C(=O)C12C3C4C1C1C2C3C41C(=O)N(C)C(C)(C)C)C(C)(C)C
mol_1672,CCc1cccc(C(C)C)c1NC(=O)C(=O)C(Cc1nc2ccccc2nc1O)C(=O)OC
mol_1673,O=c1ccc2cc3ccc4cccc5ccc(c2o1)c3c45
mol_1674,Cc1nc(Nc2ccc([N+](=O)[O-])cc2)sc1C(C=Cc1ccc(N(C)C)cc1)=NNC(=O)c1ccccc1
mol_1675,C1=C(c2ccccc2)SC(N2CCCCC2)S1
mol_1676,COC(=O)C(C(=O)C(N)=O)c1csc(-n2nc(-c3ccccc3)cc2-c2ccccc2)n1
mol_1677,Cc1ccc(C2(Br)C(=O)c3ccccc3C2=O)cc1
mol_1678,CCOC(=O)CC1C(O)C(=O)N(C)C1c1ccccc1
mol_1679,O=C(O)CNS(=O)(=O)c1ccc(NC(=O)c2ccc([N+](=O)[O-])cc2)cc1
mol_1680,COc1cccc2c1OCC1Cc3ccccc3OC21
mol_1681,Br.N=c1nc(Nc2ccccc2)ss1
mol_1682,CN1CC(=Cc2cccs2)c2nc(O)c(C#N)c(-c3cccs3)c2C1
mol_1683,C[N+](C)(C)c1cc2c(nn1)Nc1ccccc1S2
mol_1684,C[PH](C)(C)[Fe-3](C#[O+])(C#[O+])(C#[O+])[PH](C)(C)C
mol_1685,CSc1c(C(N)=O)c2c(N)ncnc2n1C1OC(CO)C(O)C1O
mol_1686,CC(NC1=NCCO1)c1ccsc1
mol_1687,O=CNc1cccc2c(O)nnc(O)c12
mol_1688,O=Cc1cc(O)c(O)c(O)c1-c1c(C=O)cc(O)c(O)c1O
mol_1689,O=C1c2sccc2-c2cccc3cccc1c23
mol_1690,Cc1noc(NC(=O)Nc2ccccc2C(F)(F)F)c1C
mol_1691,N#CC(=Cc1ccccc1Cl)C(=O)c1ccccc1
mol_1692,CC(C)CC(NC(=O)C(CCC(=O)OCc1ccccc1)NC(=O)OC(C)(C)C)C(=O)NC(COCc1ccccc1)C(=O)NC(Cc1ccccc1)C(=O)Oc1c(Cl)c(Cl)c(Cl)c(Cl)c1Cl
mol_1693,OCC1OC(Nc2cccc3c(O)ncnc23)C(O)C1O.[NaH]
mol_1694,O=C(Cc1nc(O)c2c3c(sc2n1)CCCC3)Nc1ccccc1
mol_1695,Cc1cc([N+](=O)[O-])c(C)c2c1[nH]c1ccc(O)cc12
mol_1696,c1ccc([PH]2(c3ccccc3)CC[PH]34CC[PH](c5ccccc5)(c5ccccc5)[Pt-2]32[PH](c2ccccc2)(c2ccccc2)CC4)cc1
mol_1697,CCCCS(=N)(=O)CCC(N)P(=O)(O)O
mol_1698,COc1ccc(NC(=O)C(=O)Cc2nc3ccc([N+](=O)[O-])cc3nc2O)c(OC)c1
mol_1699,N#CC1(C2SCCS2=O)C2=C(C(=O)c3ccccc3C2=O)N2CCCC21
mol_1700,COC(=O)C(C=CC(=O)OC(C)(C)C)=CSc1ccccc1
mol_1701,C[C-]1[N+](=O)C(C)(C)N(N=O)C1(C)C
mol_1702,COc1cc(C(C)(C)C)c(OC(=O)C=CC(=O)OC=C[N+](=O)[O-])c(C(C)(C)C)c1
mol_1703,N#CC1C(=O)NC(=O)C(C#N)C12CCCc1sccc12
mol_1704,Cc1ccc2oc(=O)cc(CC(=O)O)c2c1
mol_1705,Nc1nc(N)nc(Cl)n1
mol_1706,CCOC(=O)C1=C(C)C2C=C(c3cccs3)CC(c3ccc(Cl)cc3)=C2OC1=O
mol_1707,O=C(CCc1nc(=S)[nH][nH]1)Nc1ccccc1Cl
mol_1708,CCC(C)C(NC(=O)C(CCC(=O)O)NC(=O)C(CCCCN)NC(=O)C(CO)NC(=O)C(CC(C)C)NC(=O)C(Cc1ccc(O)cc1)NC(=O)C(C)N)C(=O)NC(C)C(=O)NC(CO)C(=O)NC(CC(=O)O)C(=O)O
mol_1709,Cc1ccccc1NC(=O)CC(=O)NNCC(=O)Nc1nnc(-c2ccccc2)s1
mol_1710,O=C(NC1=NCC(CN2CCN(c3ccccc3)CC2)O1)Nc1ccccc1
mol_1711,C=CCSSSCC=C
mol_1712,N#Cc1nc(-c2ccc(-c3nc(C#N)c(N)o3)cc2)oc1N
mol_1713,CC(=O)ON1C(c2ccc([N+](=O)[O-])cc2)OCC2OC(n3cc(C)c(=O)[nH]c3=O)CC21
mol_1714,CC1C=C2C3CC(C)(C(=O)O)CCC3(C)CCC2(C)C2(C)CCC3C(C)(C)C(OC(=O)c4cccc5c(=O)c6ccccc6[nH]c45)CCC3(C)C12
mol_1715,CC1C2CC3(c4ccccc4)CC(C2=NO)C(=NO)C1C3(C)O
mol_1716,COc1ccc(CCN2COc3ccc4ccc(=O)oc4c3C2)cc1OC
mol_1717,COCn1c2ccccc2c2nc(-c3ccncc3)nc(-c3ccncc3)c21
mol_1718,c1ccc2c(c1)C1=NCCN1c1ccccc1-2
mol_1719,O=[N+]([O-])c1ccc2nc3ccscc-3c2c1
mol_1720,CC1=CSC(O)(c2ccc(Cl)cc2)c2noc(=O)n21
mol_1721,COc1ccc(Nc2nc3ccccc3nc2C(=O)O)cc1OC
mol_1722,Cc1ccccc1CN1C2=NCCN2C(=O)C2=C1CCN(S(=O)(=O)c1ccc(Cl)c(S(N)(=O)=O)c1)C2
mol_1723,O=C(O)c1cc(-c2cccs2)c(C(=O)O)s1
mol_1724,CN(C)CCC(O)(Cc1ccccc1)c1ccco1.O=C(O)C(=O)O
mol_1725,Cc1c2ccccc2c(CSCCC(N)C(=O)O)c2ccccc12
mol_1726,O=c1ssc(=Nc2ccc(Cl)cc2)n1-c1ccc(Cl)cc1
mol_1727,CNCCCCN(C)[N+](=O)[N-]O
mol_1728,O=C1NC(N2CCCC(CO)C2)=NC1=Cc1ccccc1
mol_1729,S=P(Oc1cc(Cl)c(Cl)cc1Cl)(N1CCN(c2cccc(Cl)c2)CC1)N1CCN(c2cccc(Cl)c2)CC1
mol_1730,Oc1cc(OCCCc2ccc(F)cc2)cc2ccc3ccccc3c12
mol_1731,CCCCCCCCCCCCOCCOCCOCCOCCOCCOCC(=O)NC(Cc1ccccc1)C(=O)Oc1ccc([N+](=O)[O-])cc1
mol_1732,CON(C)C(=O)C(C)NC(=O)OCc1ccccc1
mol_1733,N#CC1(c2nc3ccccc3o2)C(=O)C(=O)N(c2ccc(Cl)c(Cl)c2)C(=O)C1=O
mol_1734,CC(C)OCC(O)COc1cc(=O)oc2ccccc12
mol_1735,CN(C)C1C(O)=C(C(N)=O)C(=O)C2(O)C(O)=C3C(=O)c4c(O)cccc4C(C)(O)C3CC12
mol_1736,N#Cc1c(NC(=O)C(F)(F)F)sc2c3c(=O)c4ccccc4c(=O)c=3oc3ccccc3c12
mol_1737,CC(=O)c1ccc(Br)cc1NC1=CC(=O)c2ncccc2C1=O
mol_1738,CC(C)(C)[Si](C)(C)OCC1OC(n2ccc(=O)[nH]c2=O)C(O[Si](C)(C)C(C)(C)C)C1(CC#N)Sc1ccccc1
mol_1739,CCOC(=O)C(=O)NNc1cc(=O)n(C)c(=O)n1C
mol_1740,COc1cc(-c2cc(-c3cc([N+](=O)[O-])c(C=NNC(=O)c4ccncc4)o3)ccc2OC)ccc1C
mol_1741,CC(C)=C1C2CCC1C(CO)C2CO
mol_1742,CCOC(=O)C1(Cc2ccc3c(c2)CCC3)Cc2cc3c(cc2C1=O)CCC3
mol_1743,CCCCCCCCCCCCCC(=O)CBr
mol_1744,O=C(O)CCSC(=O)Nc1ccccc1F
mol_1745,CCCCCCCCCCn1nnc2c(O)nc(N)nc21
mol_1746,CC(O)C1N[Ir-3]([PH](C)(C)C)([PH](C)(C)C)([PH](C)(C)C)[OH+]C1=O.[Cl-]
mol_1747,CC(C)C1SCc2nc3ccccc3n21
mol_1748,CC1CCOC(=O)C=CC=CC(=O)OC2CC3OC4C5OC5(C)C(O)CC4(COC(=O)C1O)C2(C)C31CO1
mol_1749,C=CCn1cc(C(=O)NC(=O)NCCCCCOC(=O)CCCCCCCCCCC(=O)OCCCCCNC(=O)NC(=O)c2cn(CC=C)c(=O)n(C)c2=O)c(=O)n(C)c1=O
mol_1750,O=C(CCCN1CCC2(CC1)CC(=O)N(N1CCOCC1)C2=O)c1ccc(F)cc1
mol_1751,COC(=O)c1ccc(C)cc1C1CN=NC12Cc1cc(C)c(C)cc1C2=O
mol_1752,CC1(C)OC(=O)C(c2cccs2)C(=O)O1
mol_1753,O=c1oc2cccc(O)c2c(O)c1Cc1ccccc1
mol_1754,O=C(Nc1ccc(Br)c2ccccc12)c1ccc2ccccc2c1O
mol_1755,O=C(Nc1nc2ccc([N+](=O)[O-])cc2s1)C(=O)C(C(=O)c1ccccc1F)C1OC(=O)c2ccccc21
mol_1756,COc1ccc(Cl)cc1NC(=O)ON=C(Cl)C(C)C
mol_1757,O=C(O)CSC(NC(=O)C(C(F)(F)F)C(F)(F)F)(C(F)(F)F)C(F)(F)F
mol_1758,CCCCOP(=O)(C=Cc1ccc([N+](=O)[O-])cc1)OCCCC
mol_1759,Cc1ccc(S(=O)(=O)c2ccc(O)cc2)cc1
mol_1760,CCOC(=O)C1SC(=Nc2ccc(Cl)c(Cl)c2)N=C1C
mol_1761,C=C1CCC2C(C)(CO)C(O)CCC2(C)C1CC=C1CCOC1=O
mol_1762,COc1c(C)c(CC=C(C)CCCC(C)CCCC(C)CCCC(C)C)c(OC)c2ccccc12
mol_1763,CCC1NC(C(=O)OC)Cc2c1[nH]c1ccccc21
mol_1764,CC1(O)C(=O)OC2CC(C3(O)CCC4C5CC6OC67C(O)C=CC(=O)C7(C)C5CCC43C)C1(C)C2
mol_1765,CC(=O)N1N=C(C)C2ON=C(c3ccc(Cl)cc3)P21
mol_1766,NC(=O)NNC(=O)c1nc[nH]c1[N+](=O)[O-]
mol_1767,Cn1c2c(c3nc(N)nc(N)c3c1=O)CCc1ccccc1-2
mol_1768,O=[n+]1onc2c3nn(-c4ccccc4)nc3cc[c-]21
mol_1769,CCCNC(=O)N1CC(CN2CCN(c3ccccc3)CC2)OC1=NC(=O)Nc1ccccc1
mol_1770,CCC12C=CCN3CCC4(C(=C(C(=O)OC)C1)Nc1ccccc14)C32
mol_1771,N#CSCc1cccc(Nc2cc(O)nc(O)n2)c1
mol_1772,C=C(CN(C)C)C(=O)c1ccccc1OC
mol_1773,Cc1cc(N(CCC#N)CCC#N)ccc1N=Nc1cc(Cl)ccc1Cl
mol_1774,CC12CCCC(=O)C1CC(C(=O)O)CC2
mol_1775,Cl.O=C(O)CCN(CCCCN(CCC(=O)O)CCC(=O)O)CCC(=O)O
mol_1776,COC(=O)C12C3C4C1C1C2C3C41C(=O)O
mol_1777,COc1ccc(N=CC=Cc2ccccc2)cc1
mol_1778,N#CN=C(N(Cc1ccccc1)Cc1ccccc1)N(Cc1ccccc1)Cc1ccccc1
mol_1779,Cc1cc(C)nc(Sc2c([N+](=O)[O-])ncn2C)n1
mol_1780,COc1ccc(N=Nc2c(=N)[nH]n3cc4c(nc23)CCC4)cc1
mol_1781,COCCCCCCCCCCCC(=O)O
mol_1782,CC(=O)OCC1(C)C(OC(C)=O)CCC2(C)C(CC(OC(C)=O)C3=CCOC3=O)C(O)(CO)CCC12
mol_1783,O=C(O)c1[nH]c2c(O)nc(O)nc2c1Br
mol_1784,CCC12OC(=O)C34CC(C(=O)N(CCc5c3[nH]c3ccccc53)C41)C2I
mol_1785,CC1CC(C)(C)S(=O)(=O)O1
mol_1786,OC1COC2C(O)COC12
mol_1787,O=c1oc2ccccc2c(O)c1C(c1ccc(C(c2c(O)c3ccccc3oc2=O)c2c(O)c3ccccc3oc2=O)cc1)c1c(O)c2ccccc2oc1=O
mol_1788,CC(=O)OCC(c1ccccc1)N1C(=O)C(OC(C)=O)C(OC(C)=O)C1=O
mol_1789,Cc1nc(-n2nc(-c3ccccc3)cc2-c2ccccc2)sc1C(=O)C=Cc1cccc([N+](=O)[O-])c1
mol_1790,CC1(C)OC(=Cc2ccccc2)C(=O)C(=Cc2ccccc2)O1
mol_1791,CC(C)(C)c1ccc(-c2nc3ccc([N+](=O)[O-])cc3c(=O)o2)cc1
mol_1792,O=C1CC2C(=O)N(Cc3ccccc3)C1C(S(=O)(=O)c1ccccc1)C2S(=O)(=O)c1ccccc1
mol_1793,CN(C)C(=Nc1ccc(NC(=O)c2ccc(C(=O)Nc3ccc(N=C(Nc4ccccc4)N(C)C)cc3)cc2)cc1)Nc1ccccc1
mol_1794,CC1(C)CCc2cc3c(O)c(-c4ccccc4)c(=O)oc3cc2O1
mol_1795,O=[N+]([O-])c1ccc2c(c1)C(=NN=C1c3ccccc3Cc3ccccc31)c1cc([N+](=O)[O-])cc([N+](=O)[O-])c1-2
mol_1796,COc1ccc(-c2sc(N=Cc3cc(OC)c(OC)c(OC)c3)c(C#N)c2C)cc1OC
mol_1797,N#CC(=Cc1ccc(O)c(O)c1)C(=O)c1ccc(O)c(O)c1
mol_1798,CC(=O)NC(C)(C)C1CC=C(C)C(=NO)C1
mol_1799,O=C1OC(=O)c2cc(S(=O)(=O)c3ccc4c(c3)C(=O)OC4=O)ccc21
mol_1800,CCCCCCC(C)CCCCCCCCCCC(=O)OCC(COP(=O)([O-])OCC[N+](C)(C)C)OC(=O)CCCCCCCCCCC(C)CCCCCC
mol_1801,CC1(C)CC(=O)C(=CNC(=S)NCCc2ccccc2)C(=O)C1
mol_1802,CC=CC(O)C#Cc1cnc(OC)nc1OC
mol_1803,CC1OC(=O)N(CCCC=C2SCCCS2)C1=O
mol_1804,COc1ccc(N=NC(=NNC(=O)c2ccccc2)c2ccc(N(CCC#N)CCC#N)cc2C)cc1
mol_1805,O=C(O)COc1ccc(C(=O)C(SSC(C(=O)c2ccc(OCC(=O)O)c(Cl)c2Cl)=C2C=C(c3ccc(Br)cc3)SS2)=C2C=C(c3ccc(Br)cc3)SS2)c(Cl)c1Cl
mol_1806,CC(=O)NC1=CC(=O)C=C(Cl)C1=O
mol_1807,c1ccc2[nH]c(-c3nc4ccccc4o3)nc2c1
mol_1808,CCOc1cc[n+]([C-](C#N)C#N)cc1
mol_1809,O=c1[nH]c(=O)n(C2CC(O)C(CO)O2)cc1C#Cc1ccc(C(F)(F)F)cc1
mol_1810,COc1ccc(N=Cc2ccc(N(CCC#N)S(=O)(=O)c3ccccc3)cc2C)cc1
mol_1811,CC(=O)C1Cn2c(=O)c3cc4ccccc4cc3c(=O)n2C=C1C
mol_1812,CN(C(=O)C12C3C4C5C3C1(C(=O)C13C6C7C8C6C1C8C73)C5C42)C(C)(C)C
mol_1813,N#Cc1ccccc1-c1nc2c3c(c(N)ccc3n1)C(=O)c1ccccc1-2
mol_1814,COc1ccc(C=C(Cl)c2ccc(OC)cc2)cc1
mol_1815,Cn1cccnc1=O
mol_1816,Cc1ccc(Nc2n[nH]c(NS(=O)(=O)c3cc(C(=O)Nc4ccc(Cl)cc4)c(Cl)cc3S)n2)cc1
mol_1817,CCN(CC)C(=O)c1c2nc3c(C(=O)N(CC)CC)cc(O)c(C)c3oc-2c(C)c(=O)c1N
mol_1818,c1ccc(-c2sc(-c3ccccc3)c3c2C(c2ccccc2)c2c(-c4ccccc4)sc(-c4ccccc4)c2C3c2ccccc2)cc1
mol_1819,COC(=O)C1=C(C(=O)OC)N(C(C)C)C2C(C(=O)OC)=C(C(=O)OC)N(C(C)C)C12
mol_1820,CC(CCC(=O)O)C1CCC2C3C(O)CC4CC(O)CCC4(C)C3CC(O)C12C
mol_1821,CCOC(=O)C1(N)CC1.Cl
mol_1822,CC(=O)O.O=C(CCN1CCCCC1CCO)Nc1ccc2c(c1)C(=O)c1ccc(NC(=O)CCN3CCCCC3CCO)cc1C2=O
mol_1823,ClC1OC(Cl)(Cl)C(Cl)(Cl)OC1(Cl)Cl
mol_1824,CC1CCC2(OCCO2)C2(C)CC(O)C(=O)C=C12
mol_1825,Cc1ccc(S(=O)(=O)NN=C2C(C)CC(C(C)(C)C)CC2C)cc1
mol_1826,C=C(C)C1CCC2(C)OC2C1
mol_1827,[Li]F
mol_1828,N#CC(=Cc1ccc(C#N)cc1)C(=O)O
mol_1829,O=C1c2ccccc2C(=O)N1N1C(=O)C2C3CCC(O3)C2C1=O
mol_1830,C[Si](C)(C)OC=C1CCCCC1
mol_1831,O=C(C(=O)n1ccc2ccccc21)n1ccc2ccccc21
mol_1832,Nc1nc(N)c(CCCCc2ccccc2)c(C=Cc2ccc([N+](=O)[O-])cc2)n1
mol_1833,Cc1cccc(-n2c(N)c(-c3nc4ccccc4[nH]3)sc2=S)c1
mol_1834,CCN1CCC(O)(c2ccc([N+](=O)[O-])cc2)C(C(=O)c2ccc([N+](=O)[O-])cc2)C1.Cl
mol_1835,Cn1cc(S(=O)(=O)NC(=O)Nc2ccc(Cl)cc2)c2ccccc21
mol_1836,C=CC(C)(C)c1c(OC)oc2ccc(OC)c(C)c2c1=O
mol_1837,COc1cc(-c2ccc(NC(=O)SCCC(=O)O)cc2OC)ccc1NC(=O)SCCC(=O)O
mol_1838,O=C1CCS(=O)(=O)O1
mol_1839,Cc1nc2sc3c(c2c(=O)o1)CCCC3
mol_1840,COc1ccc(-c2cn3ccsc3n2)cc1
mol_1841,Cl.c1ccc2c(c1)[nH]c1c2nc2ccccn21
mol_1842,O=NN1C(c2ccccc2)CC(=NO)CC1c1ccccc1
mol_1843,C=C1C(=O)OC2C1C(OC(=O)C1(C)OC1C)C(OC(C)=O)C(C(=O)OC)=CCCC1(C)OC21
mol_1844,CC1(C)COC(c2cccc(C(O)c3ccc(Cl)cc3)c2)=N1
mol_1845,Clc1ccc(CSc2ccc3nncc(SCc4ccc(Cl)c(Cl)c4)c3c2)cc1Cl
mol_1846,COC(=O)C=C(C(=O)OC)C1C(=O)Oc2c(C)c(=O)c3ccccc3n21
mol_1847,CCOC(=O)C1=CNC(C(=O)OCC)C1c1cccn1-c1ccccc1
mol_1848,Cc1cn(CCOCCOC(=O)NC(CCCNC(N)=O)C(=O)O)c(=O)[nH]c1=O
mol_1849,Cn1nc(-c2ccc(Cl)c(Cl)c2)nc2c(=O)n(C)c(=O)nc1-2
mol_1850,N#CC(Nc1ccccc1)c1ccc(C(C#N)Nc2ccccc2)cc1
mol_1851,CCn1c(=O)c2c3ccc(O)cc3oc2c2ccc(O)cc21
mol_1852,CCOC(=O)C(=O)Cc1nc2ccccc2n(C)c1=O
mol_1853,O=C1OCCN1N1C(=O)CC2(CCN(Cc3ccccc3)CC2)C1=O
mol_1854,O=Nc1ccc(Br)cc1
mol_1855,NC(=S)NN=C(C1CC1)C1CC1
mol_1856,O=C1NC2(CCCCC2)C(=O)N1CCN(CCCl)CCCl
mol_1857,CC=CCC1(CC)Oc2cccnc2-n2cccc2C1=O
mol_1858,Cc1ccc(SSc2ccc([N+](=O)[O-])cc2)cc1
mol_1859,NN=C(C(=O)Nc1ccc(Cl)cc1Cl)C(c1cnc2ccccc2n1)[N+](=O)[O-]
mol_1860,Oc1ccc(C2SCc3nc4ccccc4n32)cc1
mol_1861,COc1ccccc1C=CC(=O)O
mol_1862,CCN(CC)C(=O)NC(Cc1ccccc1)C(=O)NC
mol_1863,Cc1ccc(C)n1C1CCOC1=O
mol_1864,Cn1nnnc1SC(F)(F)c1nc2ccccc2o1
mol_1865,CN(C)CCNC1=Nc2ccccc2C(=O)N2CSCC12
mol_1866,COc1cc(C)cc2c1C(=O)C(Br)(Br)CC2
mol_1867,Cc1cc2c(C(C)C)c(O)c(O)c(C=Nc3ccc(N=Nc4ccccc4)cc3)c2c(O)c1-c1c(C)cc2c(C(C)C)c(O)c(O)c(C=Nc3ccc(N=Nc4ccccc4)cc3)c2c1O
mol_1868,Cc1ccc(S(=O)(=O)OCCOC(Cc2ccccc2)n2cc(C)c(=O)[nH]c2=O)cc1
mol_1869,CC1(C)OC2OC(CO)C(N=[N+]=[N-])C2O1
mol_1870,FC(F)(F)c1cccc(N(c2nc(Cl)nc(Cl)n2)c2nc(Cl)nc(Cl)n2)c1
mol_1871,CC(=O)c1c2c(cc3c1CC1(Cc4cc5c(cc4C1=O)CCC5)C3)CCC2
mol_1872,CCCCOC(=S)SSC(=S)OCCCC
mol_1873,O=Cc1nc(O)nc(O)c1C(=O)O
mol_1874,COc1ccc(-c2cc(-c3ccc(C)cc3)n(C3OC(COC(C)=O)C(OC(C)=O)C(OC(C)=O)C3OC(C)=O)c(=S)c2C#N)cc1
mol_1875,COc1ccc(C(=O)C=Cc2ccc(OCCCOc3ccc(C=CC(=O)c4ccc(OC)cc4)cc3)cc2)cc1
mol_1876,OC1(c2ccccc2)N=C(c2ccccc2)c2ccccc2-n2cccc21
mol_1877,O=C(OC1Cc2c(O)cc(O)cc2OC1c1ccc(O)c(O)c1)c1cc(O)c(O)c(O)c1
mol_1878,CNc1ncn(-c2c(C)cccc2C)c(=O)n1
mol_1879,Cc1cc(O)cc2oc(=O)c3c(O)cc(O)cc3c12
mol_1880,O=C1NC2c3c(I)sc(I)c3C(=NO)C2O1
mol_1881,COc1cc2cc(c1Cl)N(C)C(=O)CC(OC(=O)C(C)N(C)C(C)=O)C1(C)OC1C(C)C1CC(O)(NC(=O)O1)C(OC)C=CC=C(C)C2
mol_1882,CC(CC1(O)C(=O)Nc2ccccc21)=NO
mol_1883,CN1N=CSC12C(=O)N(c1ccccc1)C(=O)N2c1ccccc1
mol_1884,COc1ccc(N2C(=O)C(=Cc3ccc(N(CCC#N)CCC#N)cc3)N=C2c2ccccc2)cc1
mol_1885,Clc1ccc(OCc2nnc3n2N=C(c2ccccc2)CS3)c(Cl)c1
mol_1886,O=S(=O)(O)c1cccc2c(N=Nc3ccc(N=Nc4ccc(Nc5ccccc5)c5c(S(=O)(=O)O)cccc45)c4ccccc34)cccc12
mol_1887,COc1cc(C(C)c2cc3c(cc2OCCO)OCO3)cc(OC)c1OC
mol_1888,CC(=O)CC(=O)Nc1c(C)c([Hg]OC(C)=O)c(C)c([Hg]OC(C)=O)c1[Hg]OC(C)=O
mol_1889,c1ccc(C2(c3cc4ccccc4[nH]3)OCCO2)nc1
mol_1890,Cl.NC1c2c(I)sc(I)c2C(=O)C1O
mol_1891,O=C1c2ccccc2-c2c1c(-c1ccccc1)c1n2C2(C(=O)c3ccccc3C2=O)C2C(=O)N(c3ccccc3)C(=O)C12
mol_1892,c1ccc(CCC2=Nc3ccccc3CO2)cc1
mol_1893,CC1=NNC(=N)NC1=CC(Sc1ccc(Cl)cc1)c1c(O)ccc2ccccc12
mol_1894,N#Cc1cccc(C[PH](c2ccccc2)(c2ccccc2)c2ccccc2)c1
mol_1895,COc1ccc(C(=C2C=CC=C2)c2ccc(OC)cc2)cc1
mol_1896,Fc1ccccc1C=[N+]1N=C(c2ccncc2)[OH+][Cu-3]12[OH+]C(c1ccncc1)=N[N+]2=Cc1ccccc1F
mol_1897,CCOc1ccc(C(=O)C=C2Nc3ccccc3NC2=CC(=O)c2ccc(OCC)cc2)cc1
mol_1898,Cc1cc2ccccc2oc(=O)c1=NNc1ccccc1
mol_1899,CCOC1=NC(O)c2cccn2-c2sccc21
mol_1900,Cl.Fc1ccc2c3c([nH]c2c1)CCNC3
mol_1901,COC1=C(C)C(=O)c2nc(COC(C)=O)ccc2C1=O
mol_1902,CC(=O)C(CN(C)C)C(c1ccccc1)c1c(O)c2ccccc2oc1=O.Cl
mol_1903,COc1ccccc1C1(c2c(OC(C)C)c(=O)c2=O)SCCCS1
mol_1904,COCc1cn(C2CCC(CO)O2)c(=O)[nH]c1=N
mol_1905,CSC(=NC(=O)c1ccc(Br)cc1)Nc1ccccc1Cl.I
mol_1906,Cc1c2ccccc2n[c-](CS(=O)c2ccccc2)[n+]1=O
mol_1907,Cc1ccc(S(=O)(=O)Nn2c3c(cc(C#N)c2=O)CCCC3)cc1
mol_1908,[N-]=[N+]=NC1(c2ccccc2)C(=O)C(Cl)=C(c2ccccc2)N(c2ccccc2)C1=O
mol_1909,Cc1cccc(NC(=O)C(=O)C(C(=O)c2ccccc2F)C2OC(=O)c3ccccc32)c1Cl
mol_1910,O=C(O)c1cccc(Nc2c(C(=O)O)cccc2[N+](=O)[O-])c1
mol_1911,Cc1cc(Br)c(N2C3=C(CC4=C2CCCC4=O)C(=O)CCC3)c(Br)c1
mol_1912,c1ccc(-c2sc(-c3cccs3)cc2Cc2cccs2)cc1
mol_1913,COc1ccc(-c2cnoc2-c2ccc(OC)c(OC)c2)cc1OC
mol_1914,CN(C)S(=O)(=O)c1c(N)ncn1C
mol_1915,COC1=CC(=O)C2C3Cc4ccccc4C3C2(C)C1=O
mol_1916,CC(=O)CCNc1ccc(-c2cc(-c3ccc(N(C)C)cc3)nc3ccc4ccccc4c23)cc1
mol_1917,CC1(C)CC(=O)C(CC2C(=O)CCCC2=O)C(=O)C1
mol_1918,N#Cc1ccccc1C(Cl)(Cl)c1cnccn1
mol_1919,CCOC(=O)c1c(-c2ccc(OC)cc2)c(C#N)c(=S)n(C2OC(COC(C)=O)C(OC(C)=O)C(OC(C)=O)C2OC(C)=O)c1-c1ccccc1
mol_1920,CN(C)C=NNC(=O)C(O)(c1ccccc1)c1ccccc1
mol_1921,c1ccc2c(N3CC3)nncc2c1
mol_1922,CCCNCCOc1nc(Cl)c(Cl)cc1Cl
mol_1923,CC(C)(C)C1CCC(CC(=O)O)(CC(=O)Nc2nccs2)CC1
mol_1924,COC(=O)C1CCN(C(=O)OC(C)(C)C)CC1
mol_1925,CC(C)CC1C(OCc2ccccc2)COS(=O)N1Cc1ccccc1
mol_1926,O=S1(=O)OCCCCO1
mol_1927,O=C1C(O)C2CCCC23CCCN13
mol_1928,CN(C)c1ccc(N=O)cc1
mol_1929,C=C1C(=O)CC23CCCC12CC(O)C3
mol_1930,CC(=O)Nc1ccc(-c2nnc(SCC(=O)Nc3cccc(C)c3)o2)cc1
mol_1931,C1Cn2nnnc2N1
mol_1932,O=C1c2c(ccc3c2CCCC3)CC1Cc1ccc2c(c1)CCCC2
mol_1933,COc1ccc(OC(C)C(=O)O)c2c1CCCC2=O
mol_1934,Nc1c(N=Nc2ccc(-c3ccc(N=Nc4c(S(=O)(=O)O)cc5cc(S(=O)(=O)O)c(N=Nc6ccccc6)c(O)c5c4N)cc3)cc2)ccc2c(S(=O)(=O)O)cccc12
mol_1935,CN(C)CCCn1cnc2ncccc2c1=O
mol_1936,CC(=O)c1cccc(NC(=O)C(=O)C(c2cnc3ccc([N+](=O)[O-])cc3n2)[N+](=O)[O-])c1
mol_1937,CN(C)C1C(O)=C(C(=O)NCNC2(C(=O)O)CCCC2)C(=O)C2(O)C(O)=C3C(=O)c4c(O)cccc4C(C)(O)C3CC12
mol_1938,OCC1OC2NC(=S)OC2C1O
mol_1939,CC(=O)C(=Cc1cccc(C)c1)C(C)=O
mol_1940,CCN(CC)CC1CCCCN1CC(=O)N1c2ccc(Br)cc2C(=O)Nc2cccnc21
mol_1941,Oc1cc2c(cc1O)C1c3ccc(O)c(O)c3OCC1(O)C2
mol_1942,CS(=O)(=O)O.Cc1c2[nH]c3ccc(Br)cc3c2c(C)c2nccc(O)c12
mol_1943,COC(C(=O)C(O)C(C)O)C1Cc2cc3cc(OC4CC(OC5CC(O)C(OC)C(C)O5)C(OC(C)=O)C(C)O4)c(C)c(O)c3c(O)c2C(=O)C1OC1CC(OC2CC(OC3CC(C)(O)C(OC(C)=O)C(C)O3)C(O)C(C)O2)C(O)C(C)O1
mol_1944,CCOC(=O)C1(C)C(=O)CC2c3nc4ccccc4cc3CN2C1=O
mol_1945,COC(=O)NN=C(C)CC(=O)Nc1ccc(Cl)cc1
mol_1946,CCOC(=O)c1ccc(C(=O)C(C(=O)OC(C)(C)C)=C2CCCN2C)n1C
mol_1947,CC(CC(=O)O)CC(=O)OCC12CCC(C(C)C)C1C1CCC3C4(C)CCC(OC(=O)CC(C)CC(=O)O)C(C)(C)C4CCC3(C)C1(C)CC2
mol_1948,CCOC(=O)c1c2c(n3ccc(C)cc13)C(=O)C(c1ccc([N+](=O)[O-])cc1)S2
mol_1949,O=C1C(I)=CC(=C(c2cc(I)c(O)c(I)c2)c2ccccc2C(=O)O)C=C1I
mol_1950,[N-]=[N+]=NC1CC(n2cc(Cc3ccccc3)c(=O)[nH]c2=O)OC1COC(=O)CCC(=O)O
mol_1951,Cc1cc(=O)oc2c(CNC(Cc3ccccc3)C(=O)O)c(O)ccc12
mol_1952,CC12CC3CCC(=NO)C(C1)C3(N1CCOCC1)CC2=NO
mol_1953,CCCCn1c(C)c(C(=O)OCC)c2cc(OCc3ccc(C(=O)Nn4c(C)ccc4C)cc3)c(Br)cc21
mol_1954,Cc1cc(N(CCOS(C)(=O)=O)CCOS(C)(=O)=O)ccc1C=Nc1ccc(-c2nc(Cc3ccccc3)sc2C)cc1
mol_1955,Cc1cc(=O)oc2c3c(cc(OC(C)C)c12)OC(C)C(C)C3=O
mol_1956,COc1c(F)c(F)c(C(=O)C=C2Nc3ccccc3NC2=O)c(F)c1F
mol_1957,C=C1C2CCC(C)(C)C1CCC(=O)C2C(=O)OC
mol_1958,COc1cc(C2C(O)N(C)C(=O)C23CCCN3C)c(Br)cc1Br
mol_1959,CCc1nnc(-c2nsc3ccccc23)s1
mol_1960,COc1ccc(-c2c(C#N)c(S)n(NS(=O)(=O)c3ccccc3)c(=O)c2C#N)cc1
mol_1961,CC(=O)c1ccc(NC(=O)C(CC(=O)c2sc(-c3cccnc3)nc2C)=NNC(N)=O)cc1
mol_1962,O=C1Oc2ccccc2C(=O)C1=CN1C(=O)NC(=Cc2cccc(O)c2)C1=O
mol_1963,O=c1oc2ccccc2c(O)c1C(c1ccco1)c1c(O)c2ccccc2oc1=O
mol_1964,CON=C(C(=O)Nc1c[n+](CC(=O)[O-])cs1)c1csc(=N)[nH]1
mol_1965,CC1=NN2C(c3ccc(C)cc3)=CSC2=NC(C)(C)C1
mol_1966,C[N+]1(Cc2ccc([N+](=O)[O-])cc2)CCC(CCCCCCCC2CC[N+](C)(Cc3ccc([N+](=O)[O-])cc3)CC2)CC1
mol_1967,COc1nc(NC2OC(COC(C)=O)C(OC(C)=O)C(OC(C)=O)C2OC(C)=O)c(N=CC=Nc2c(NC3OC(COC(C)=O)C(OC(C)=O)C(OC(C)=O)C3OC(C)=O)nc(OC)n(C)c2=O)c(=O)n1C
mol_1968,C[N+](C)(C)CCCCCc1c2ccc(n2)c(CCCCC[N+](C)(C)C)c2ccc([nH]2)c(CCCCC[N+](C)(C)C)c2ccc(n2)c(CCCCC[N+](C)(C)C)c2ccc1[nH]2.[Cl-]
mol_1969,N#Cc1cc2c(n(NS(=O)(=O)c3ccccc3)c1=O)CCCC2
mol_1970,O=c1cc(N2CCCC2)[nH]c(=O)n1-c1ccccc1
mol_1971,CSc1nnc(SCc2nn3c(=O)cc(C)nc3s2)s1
mol_1972,COc1ccc(C(=Cn2ccnc2)C(=O)c2ccc(OC)c(OC)c2)cc1
mol_1973,COC(=O)C1(C)CCCC2(C)C1CCC13OCC(CC21)C1(C(C)C)OC31
mol_1974,O=c1c2cccnc2n2n1Cc1ccccc1C2
mol_1975,CN(C)CCONC(=O)C12CC3CC(CC(C3)C1)C2
mol_1976,COP(=O)(OC)C(C#N)=Cc1ccco1
mol_1977,CCOC(=O)c1nc2ccccc2nc1NCc1ccc(OC)cc1
mol_1978,CN1C(=O)C2(C=CC(O)CC2)c2ccccc21
mol_1979,COC(=O)C1N2C(=S)N(c3ccccc3)C(=O)C2SC1(C)C
mol_1980,CC1CC(C)(C)C2=NCCN21
mol_1981,Oc1nc2c(c3ccccc13)CCc1ccccc1-2
mol_1982,CN(NC(=O)c1cccs1)C1=NCCCCN1.I
mol_1983,COc1c2cc(C(C)(C)C)cc1CSCc1cc(C(C)(C)C)cc(c1OC)CCCCC2
mol_1984,Cc1nn(-c2ccc([N+](=O)[O-])cc2)c2c1C(C)(C)C(C#N)=C(N)O2
mol_1985,CC(C)=CC(Cc1ccccc1)S(=O)(=O)c1nc2ccccc2s1
mol_1986,COC(=O)c1c2c(cc3c1CC1(C3)Cc3cc4c(c(C(=O)OC)c3C1)CCCC4)CCCC2
mol_1987,Cc1nc(NC(=S)NC(=O)c2ccc(Cl)c(Cl)c2)sc1C(=O)C=Cc1ccccc1[N+](=O)[O-]
mol_1988,Cc1ncc([N+](=O)[O-])n1CCNCCCn1ccnc1[N+](=O)[O-].Cl
mol_1989,COC(=O)c1ccccc1C1CN=NC12Cc1cc(C)cc(C)c1C2=O
mol_1990,O=C(O)c1ccccc1Sc1ccc(C=C2NC(=S)N(c3ccccc3)C2=O)s1
mol_1991,CC(N)CNCCCNCCNCCCNCO.Cl
mol_1992,O=C1CC(=CO)C(=O)c2ccccc2N1
mol_1993,CSC(SC)=C(C#N)C(=O)Nc1cccc(Cl)c1
mol_1994,O=C(O)CSc1nnc(COc2ccc(Cl)cc2)n1-c1ccccc1
mol_1995,CCN1C(NCCO)=NS(=O)(=O)c2ccccc21
mol_1996,CCOC(=O)C=CSCCC(=O)OC
mol_1997,COC(=O)C1=C(C(=O)OC)C2C=CC1C1C(Cl)=C(Cl)C21
mol_1998,CC1=C(CO)C2=[N+]3C1=Cc1c(CO)c(C)c4n1[Fe-3]31(Cl)n3c(c(C)c(CCC(=O)O)c3=CC3=[N+]1C(=C4)C(C)=C3CCC(=O)O)=C2
mol_1999,Brc1cccc(C2ON=C(c3ccccc3)N2C23CC4CC(CC(C4)C2)C3)c1
mol_2000,NCCSC(C[N+](=O)[O-])c1ccccc1Cl
mol_2001,CCCCCCCCCCOCC(COCCOCC(COCCCCCCCCCC)OCCCS(=O)(=O)O)OCCCS(=O)(=O)O.[NaH]
mol_2002,O=C(NCCNCCNCCNC(=O)c1cc(-c2ccccc2)nc2ccccc12)c1cc(-c2ccccc2)nc2ccccc12
mol_2003,CC(C)(C)OC(=O)NNC(=N)Cc1ccc(Cl)cc1
mol_2004,c1ccc(CSC2(SCc3ccccc3)CCCCC2)cc1
mol_2005,CC(=NO)C1CC=C(S(=O)(=O)c2ccccc2)C1
mol_2006,COc1ccc(C2Oc3c(cccc3OC)C=C2[N+](=O)[O-])cc1
mol_2007,CNN=C(C)C(CN(C)C)C(c1ccccc1)c1c(O)c2ccccc2oc1=O
mol_2008,O=[N+]([O-])c1ccc2c(c1)C1=C(CO2)Cc2ccccc2O1
mol_2009,CN1CCOC1(C)CO
mol_2010,Cc1cc2nc3ccc(N(C)C)cc3[s+]c2cc1N
mol_2011,COC(=O)C1(Cc2ccc3c(c2)CCC3)Cc2cc3c(cc2C1=O)CCC3
mol_2012,O=C(O)CNc1c2ccccc2[n+]([O-])c2ccccc12
mol_2013,CCOC(=O)C(=CNc1c(C)n(C)n(-c2ccccc2)c1=O)C(C)=O
mol_2014,O=C1CSC(c2ccc(Cl)cc2Cl)N1c1ccc(Oc2ccc(Cl)cc2)c(Cl)c1
mol_2015,N.N[Co-4](N)([OH+][N+](=O)[O-])([OH+][N+](=O)[O-])([OH+][N+](=O)[O-])[OH+][N+](=O)[O-]
mol_2016,CCN(CC)CCON=C1CCC2C3CCc4cc(OC)ccc4C3CCC12C.Cl
mol_2017,CC(=O)c1ccc(-c2oc(-c3ccccc3)cc2-c2ccc3c(c2)OCO3)s1
mol_2018,C=C(C)COC(=O)C1CC2OC2CC1C(=O)OCC(=C)C
mol_2019,O=C(C=Cc1ccc(Br)cc1)c1ccccc1
mol_2020,[O-][n+]1cn[n+]([O-])c2ccccc21
mol_2021,Cc1ccccc1Nc1cn(CCOc2ccccc2)c(=O)n(CCOc2ccccc2)c1=O
mol_2022,COC1(C)OC23C(=O)N(C)C(=O)N(C)C2(O1)N(C(C)=O)C(=O)N3C
mol_2023,CCCCCC=C(c1cc(Cl)c(OC)c(C(=O)N(C)C)c1)c1cc(Cl)c(OC)c(C(=O)N(C)C)c1
mol_2024,S=C1C(=Nc2ccccc2)N(c2ccccc2)C(=Nc2ccccn2)N1c1ccccc1
mol_2025,N#CC(C#N)=C1NN=C(Cl)c2ccccc21
mol_2026,CCCCCCCCCCCCCCCCP(=O)(O)OCC(N)C(=O)O.N
mol_2027,C=CCC12CC(C(=O)OC)N(C(=O)OC)C1N(S(=O)(=O)c1ccccc1)c1ccccc12
mol_2028,CC12CCC3C(CCC4CC(OS(=O)(=O)O)CCC43C)C1CCC2CO.[NaH]
mol_2029,CCc1cc2c(c3c1CCCC3=O)CC1(C2)Cc2cc(CC)c3c(c2C1)C(=O)CCC3
mol_2030,NC(CCCC(N)P(=O)(O)c1ccccc1)P(=O)(O)c1ccccc1
mol_2031,CC1=CC2OC3CC(OC(=O)C=CC=CC(OCCC4=CC(=O)OC4)C(C)O)C(C)(C2(CO)CC1)C31CO1
mol_2032,O=C(O)c1nc2cc(C(F)(F)F)ccc2nc1Nc1ccc(Cl)c(Cl)c1
mol_2033,CCOC(=O)c1c(NC(=O)CCC(=O)Nc2sc(C)c(C)c2C(=O)OCC)sc(C)c1C
mol_2034,N=C(N)NS(=O)(=O)c1ccc(Nc2c3ccccc3nc3c(C(=O)Nc4ccc(S(N)(=O)=O)cc4)cccc23)cc1
mol_2035,Cc1c([N+](=O)[O-])ccc2c(NCCCN(C)C)ccnc12.Cl
mol_2036,CCN(CC)CCC(=O)c1ccc(Cl)cc1.Cl
mol_2037,N=C1C=CC(=C(c2ccc(N)cc2)c2ccc(N)cc2)C=C1
mol_2038,Cc1cc(-c2ccco2)oc(=O)c1NC(=O)c1cnccn1
mol_2039,CC1=C(C(=O)OC23CC4CC(CC(C4)C2)C3)C(c2ccccc2OC(F)F)C(C(=O)OC23CC4CC(CC(C4)C2)C3)=C(C)N1
mol_2040,CC(=O)Oc1c(C)cc(-c2cc(C)c(OC(C)=O)c(C)c2)cc1C
mol_2041,Cc1ncc(C(N)=O)c2c1OC(C)(C)OC2
mol_2042,O=c1[nH]c2cnn(-c3ccccc3)c2c(=O)n1OS(=O)(=O)c1ccccc1
mol_2043,N.Nc1ncnc2c1ncn2C(CO)OC(CO)CCP(=O)(O)O
mol_2044,COc1ccc(C2Oc3c(cc(O)c(OC)c3C)C2C)cc1OC
mol_2045,COc1cc2cc3c(c(-c4ccc5c(c4)OCO5)c2c(OC)c1OC)COC3=O
mol_2046,COc1ccc(CCc2ncc[nH]2)cc1
mol_2047,O=C(NC(=O)c1ccccc1O)c1ccccc1
mol_2048,C1CSCCCSCCCSCCCSCCCSC1
mol_2049,O=[N+]([O-])c1ccc2c3c(cccc13)S(=O)(=O)O2
mol_2050,O=S(=O)(Oc1ccccn1)c1ccc(Br)cc1
mol_2051,O=P1(Cc2ccccc2)OC2CC(Cl)CC(C2)O1
mol_2052,N#Cc1c(-c2ccccc2)cc(-c2ccccc2)n(C2OC(CO)C(O)C(O)C2O)c1=O
mol_2053,O=c1c(OC2OC(CO)C(O)C(O)C2OC2OCC(O)(CO)C2O)c(-c2ccc(O)cc2)oc2cc(O)cc(O)c12
mol_2054,COC1=NC(NC2OCC(O)C(O)C2O)=C(NC(C)=O)CN1C
mol_2055,O=C1C(Cl)C(c2cccc([N+](=O)[O-])c2)N1n1cnc2ccccc2c1=O
mol_2056,Nc1ccccc1C(=O)C(Br)C(Br)c1ccc2c(c1)OCO2
mol_2057,O=S(Cc1cnc2ccccc2c1)c1nc2ccccc2nc1-c1cccs1
mol_2058,Cc1ccc(-c2ccc(Nc3c4ccccc4nc4ccccc34)cc2)cn1
mol_2059,O=C(NC1C=CCC2C(=O)N(c3ccccc3)C(=O)C12)OCc1ccccc1
mol_2060,COC(=O)C1CCCC2C(CO)=C(C)C(=O)C12
mol_2061,CC(C)=C1C2CCC1C1CSCC21
mol_2062,O=C(NN1C(=O)C(Cl)C1c1c(O)ccc2ccccc12)c1ccccc1O
mol_2063,CCOP(=O)(OCC)C(c1ccccc1)N(C(=O)NC(F)(F)F)c1cccc(F)c1
mol_2064,Cc1ccc(S(=O)(=O)N2CCSCCSCCSCCSCC2)cc1
mol_2065,Sc1cc2c(c3ccccc13)Nc1ccccc1S2
mol_2066,O=S(=O)(O)CCS(=O)(=O)O
mol_2067,COC(=O)C1(Cc2ccc3ccccc3c2)CCCCCCN1C(=O)c1ccccc1
mol_2068,CCCCCCCCCCCCCCCCC(O)CS(=O)(=O)O
mol_2069,CCCCNc1ccc(C=C2C=Cc3ccccc32)cc1
mol_2070,COC1C=COC2(C)Oc3c(C)c(O)c4c(O)c(c(C=NOCCCc5ccccc5)c(O)c4c3C2=O)NC(=O)C(C)=CC=CC(C)C(O)C(C)C(O)C(C)C(OC(C)=O)C1C
mol_2071,COc1cc2c(cc1OC)C(c1ccccc1CCCCl)=NCC2.Cl
mol_2072,CCOC(=O)C[n+]1cccc(C2(c3cc4ccccc4[nH]3)OCCO2)c1.[Br-]
mol_2073,CN(C)c1ccc(C=C(NC(=O)c2ccccc2)C(=O)NC(CCC(=O)O)C(=O)O)cc1
mol_2074,CC1CN=C(N(C(=O)Nc2ccc(F)c(Cl)c2)c2ccccc2)S1
mol_2075,Cc1nn(C(=O)c2ccc(Cl)cc2)c2c1C(c1cccc([N+](=O)[O-])c1)SC(=N)N2
mol_2076,Cc1ccc(SCC(CSCCO)OCn2cnc3c2NC(=N)NC32OCCO2)cc1
mol_2077,C[Ge](C)(CCC#N)Sc1ccccc1
mol_2078,S=C(NN=CC(=NNC(=S)N1CCCCC1)c1ccccc1)N1CCCCC1
mol_2079,COc1ccc(N=C2C(=Nc3ccc(OC)cc3)N(c3ccc(N(C)C)cc3)C(=S)N2c2ccc(OC)cc2)cc1
mol_2080,COc1ccc(OC)c(NS(=O)(=O)c2ccc3nc(C)n(NS(=O)(=O)c4cc(OC)ccc4OC)c(=O)c3c2)c1
mol_2081,N#Cc1c(Cl)nc2ccccc2c1N=[N+]=[N-]
mol_2082,CCOC(=O)CCC(NC(=O)C(CC(=O)OC)NC(=O)OCc1ccccc1)C(=O)NC(CC(=O)OC)C(=O)NC(CCC(=O)OCC)C(=O)NC(CC(=O)OC)C(=O)NC(CCC(=O)OCC)C(=O)NC(CC(=O)OCC)C(=O)OCC
mol_2083,CSC(=NC(=O)c1ccccc1Cl)SCCSC(=NC(=O)c1ccccc1Cl)SC
mol_2084,COC(=O)c1cc(C(=O)OC)c(CC(=NNC(N)=S)C(=O)Nc2c(C)cccc2C)nc1CC(=Nc1c(C)cccc1C)NNC(N)=S
mol_2085,COc1ccc(-c2oc3ccc(C)cc3c(=O)c2O)cc1
mol_2086,CC1(Cn2ccc(=O)[nH]c2=O)CC(C2(C)OCCO2)C(=O)O1
mol_2087,O=[N+]([O-])c1ccc(-c2nc(N(CCO)CCO)c3ccccc3n2)o1
mol_2088,CCn1c2c(c3ccccc3c1=O)C(=O)c1ccccc1-2
mol_2089,COc1ccc(OC)c(C=CNC=O)c1
mol_2090,N#CC(C#N)=C(C(C#N)C#N)C(C#N)C#N.[NaH]
mol_2091,CC(=NNS(=O)(=O)c1ccc(C)cc1)C(CN1CCCCC1)C(c1ccccc1)c1c(O)c2ccccc2oc1=O.Cl
mol_2092,S=c1[nH]nc(C(c2ccccc2)c2ccccc2)[nH]1
mol_2093,C=C1C(OC(=O)C(O)C(c2ccccc2)N(C)C)CC(OC(C)=O)C2(C)C1CC1CC(=O)C(C)=C(C(OC(C)=O)C2OC(C)=O)C1(C)C
mol_2094,COc1ccc2c(c1)[n+]([O-])c(C(=O)CC(=O)C(=O)Nc1cccc(Cl)c1C)c(C)[n+]2[O-]
mol_2095,CCO[Si](C)(OCC)OCC
mol_2096,CN(C)c1ccc(C=C(C(=O)c2ccccc2)c2ccccc2)cc1
mol_2097,CC(=O)Nc1ccc(NS(=O)(=O)c2ccc3nc(C)n(NS(=O)(=O)c4ccc(NC(C)=O)cc4)c(=O)c3c2)cc1
mol_2098,COC1(O)C(=O)c2ccccc2OC1(OC)c1ccc(Cl)cc1
mol_2099,CCOC(=O)C(C#N)=CN(CC)N=Cc1ccccc1
mol_2100,O=C(SC1=NCCN1)c1cccc2ccccc12
mol_2101,N=c1[nH][nH]c(=N)[nH]1.O=C(O)C(=O)O
mol_2102,O=c1c2c([nH]c3c1ccc1[nH]c4c(c(=O)c13)CCCC4)CCCC2
mol_2103,Cc1nc(C)c(C(=O)NNC(=O)c2ccccc2)cc1C(=O)NNC(=O)c1ccccc1
mol_2104,CCN(CC)CCOc1ccc(C(=C2CCCCC2)c2ccc(OCCN(CC)CC)cc2)cc1
mol_2105,CC1(C)SC2C(NC(=O)C(N)c3ccccc3)C(=O)N2C1C(=O)O
mol_2106,CCN(CC)C1CCC(C2c3cc4c(cc3OC(N3CCOCC3)C2C)OCO4)CC1
mol_2107,N#CC1C(=N)Cc2ccccc2-c2ccccc21
mol_2108,COc1cccc2c1[OH+][Ni-2]1(O)[S+]=C(Nc3ccccc3)[N-][N+]1=C2
mol_2109,Nc1c(-c2nc3ccccc3s2)[n+]([O-])c2ccccc2[n+]1[O-]
mol_2110,O=C(C=Cc1ccccc1O)c1ccccc1
mol_2111,N#CC1C(=O)N(c2ccccc2)NC12OC(=O)c1ccncc12
mol_2112,NC(CC(=O)N=CNO)C(=O)O
mol_2113,O=C1c2ccccc2C(=O)c2c(NCCOCCO)ccc(NCCOCCO)c21
mol_2114,c1ccc(Nc2nnc(CCCCCCCCc3nnc(Nc4ccccc4)o3)o2)cc1
mol_2115,Cc1cn(C2CCN(c3ccccc3)O2)c(=O)[nH]c1=O
mol_2116,CN(NC(=O)C(=Cc1ccc(Cl)cc1)NC(=O)c1ccccc1)c1cnnc(O)c1Cl
mol_2117,CC1(C)CC(=O)C(=CNC(=O)c2ccncc2)C(=O)C1
mol_2118,Cc1[nH]nc(-c2ccon2)c1N=O
mol_2119,O=C(Nc1nc2ccc([N+](=O)[O-])cc2s1)C(=O)C(C(=O)c1ccncc1)C1OC(=O)c2ccccc21
mol_2120,COC12CCC(C(C(=O)c3ccccc3)=C1C(=O)c1ccccc1)C(O)C2
mol_2121,CSc1nc(-c2ccc(Cl)cc2)c(C#N)c(=O)n1C1OC(COC(C)=O)C(OC(C)=O)C(OC(C)=O)C1OC(C)=O
mol_2122,CC(C)CC(F)(C(N)=O)C(N)=O
mol_2123,O=C1OC2=CC(=Cc3ccccc3)C(=O)c3cccc1c32
mol_2124,CC(=NN(C)C)C(CN1CCCCC1)C(c1ccccc1)c1c(O)c2ccccc2oc1=O.Cl
mol_2125,CC(C)=C1C=C2CCC3C(C)(C(=O)O)CCCC3(C)C2CC1
mol_2126,c1ccc2c(c1)nc1nc3c(cn12)CCCCC3
mol_2127,C1=CC2CCC1C1CN(CCCN3CCOCC3)CC21
mol_2128,Cc1cn(C2CC(Br)C(COC(c3ccccc3)(c3ccccc3)c3ccccc3)O2)c(=O)[nH]c1=O
mol_2129,CCNc1nc(NC(C)C)nc(-c2ccncc2)n1
mol_2130,COc1ccc(CC(CC(=O)O)NC(C)=O)cc1
mol_2131,CNC(=S)NN=C(C)C(=NNC(=S)NC)c1ccccc1
mol_2132,COc1cc(C2c3[nH]c4ccc(F)cc4c3CC3COC(=O)N32)cc(OC)c1O
mol_2133,O=C1CCC2(c3ccc(Cl)cc3)Nc3ncncc3N12
mol_2134,C[PH](C)(C)[Ir-3]1([PH](C)(C)C)([PH](C)(C)C)NC(CO)C(=O)[OH+]1.[Cl-]
mol_2135,CC1=C(c2ccccc2)C(c2ccccc2)=C(c2ccccc2)C2(c3ccccc3)C(=O)C(C)CN12
mol_2136,CC(C)CC(NC(=O)OC(C)(C)C)C(=O)NC(CCC(=O)OC1CCCCC1)C(N)=O
mol_2137,N=C1NC(=O)C(CC(=O)O)S1
mol_2138,O=C1C(=Cc2ccccc2)CCC1=Cc1ccccc1
mol_2139,CN(C)[PH](F)(F)[Fe+2]1234([I-])([PH](F)(F)N(C)C)C5=C1[C-]2C3=C54
mol_2140,CCOC(=O)Cc1c(Cc2[nH]c(C(=O)OCc3ccccc3)c(CC(=O)OCC)c2CC(=O)OCC)[nH]c(C(=O)OCc2ccccc2)c1CC(=O)OCC
mol_2141,O=C(C=C(SSC(=CC(=O)c1ccccc1)c1ccccc1)c1ccccc1)c1ccccc1
mol_2142,O=C1CCCC1(CCSc1ccccc1)C(CCCl)Sc1ccccc1
mol_2143,CC1(C)N=c2c(ncn2N)=C(C(N)=O)N1
mol_2144,CCCCSC1CCSc2c1ccc1ccccc21
mol_2145,CCOP(=O)(OCC)C(Nc1ccc(F)cc1)c1ccccc1
mol_2146,CCOC(=O)C(Br)=CSCCC(=O)O
mol_2147,O=C(O)CCC(=O)NC(c1ccccc1)c1ccccc1
mol_2148,Cc1ccc(C=C2Sc3scc(-c4ccccc4)[n+]3C2=O)cc1.[Cl-]
mol_2149,CC1(C)CCNc2ccccc2S1
mol_2150,COC(=O)C1CC2(C3C=CN(C(=O)C(F)(F)F)C=C3)c3ccccc3N(C(=O)C(F)(F)F)C2N1C(=O)OC
mol_2151,CCN(CC)CCOC(NC(C)=O)(c1ccccc1)c1ccccc1
mol_2152,Cn1ccnc1CCc1ccc(F)cc1F
mol_2153,CCN(CC)CCN1C(=O)c2cccc3cc([N+](=O)[O-])cc(c23)C1=O
mol_2154,CN(C)CC1CCCCCCCCCCCCC(CN(C)C)C1=O.Cl
mol_2155,Cc1c(Cc2ccc(Cl)cc2)c(=O)[nH]c(=O)n1C
mol_2156,COc1ccccc1C1=Nc2ccccc2N=C(c2ccccc2O)C1
mol_2157,O=C(O)Cc1cccc(=O)c(O)c1C(=O)O
mol_2158,CC12CCC(O)CC1=CCC1C2CCC2(C)C(c3c[nH]cn3)CCC12
mol_2159,Brc1ccc(N=c2nc3ccccn3n3nc(-c4ccccc4)cc23)cc1
mol_2160,Cc1cc(NS(=O)(=O)c2ccc(NC(=O)c3ccc4nc5ccccc5c(Nc5ccc(S(=O)(=O)NC(=N)N)cc5)c4c3)cc2)no1
mol_2161,CSc1cc(SC)ncn1
mol_2162,CN1CC(=O)N(C)c2[nH]cnc2C1=O
mol_2163,CCOC(=O)C(=Cc1cccnc1C)C(=O)OCC
mol_2164,CCOc1ccc(C=C(C#N)c2cccc(Cl)c2)cc1
mol_2165,N#CCCCCC12C3C(=O)N(c4ccccc4)C(=O)C3ON1OC1C(=O)N(c3ccccc3)C(=O)C12
mol_2166,CC1=CC(=O)CC2(C)CCC3CC12OC3(C)C
mol_2167,NS(=O)(=O)c1ccc(NC(=O)c2cccn3c(=O)c4ccccc4nc23)cc1
mol_2168,CCCCCN(CCCCC)CCC(=O)c1ccc2cc(Br)c3ccccc3c2c1
mol_2169,O=C1CC2c3c(OCc4ccccc4)cccc3OC2O1
mol_2170,CC(C)C12OC1CC13OC1C1OC1C1OC132
mol_2171,Cc1ccc(C(=O)C=C(O)C(=O)NC23CC4CC(CC(C4)C2)C3)cc1
mol_2172,CC1(C)OC2C(C#N)CC(COC(=O)c3ccccc3)C2O1
mol_2173,COC12OCCN(C)C1=CC(=O)C1N=NCC12
mol_2174,Cc1cc(C)cc(N(C2=NCCS2)C2=NCCS2)c1
mol_2175,O=C(OC=COC1CCCC1(c1ccccc1)c1ccccc1)c1ccccc1
mol_2176,COc1cc(Cc2nnc(SC)nc2C)cc(OC)c1OC
mol_2177,OCCc1ccccc1Cn1cnc2c(O)ncnc21
mol_2178,COc1ccc(C(O)C(=NN)c2nc3ccc(Cl)cc3nc2O)cc1
mol_2179,O=C1C=C(N2CCCC2)c2ncccc2C1=O
mol_2180,CC(=NNC(=S)N(C)C)c1cccnn1
mol_2181,O=C(CC(=O)Nc1cccc(Cl)c1)NNCC(=O)Nc1nnc(-c2ccccc2)s1
mol_2182,CN(C)CCCNC(=N)CSP(=O)(O)O
mol_2183,CCOC(=O)C1=C(Nc2cccc3ccccc23)OCC1=NNC(=O)c1ccccc1O
mol_2184,COc1ccc(C(=O)CC2(O)C(=O)N(CN3CCOCC3)c3ccc(Br)cc32)cc1
mol_2185,CCN(CC)CCCCC1CCN(CC(=O)N2c3ccccc3NC(=O)c3ccccc32)CC1
mol_2186,Cc1ccc(C2(O)CSC(=NC34CC5CC(CC(C5)C3)C4)N2C(P(=O)(O)O)P(=O)(O)O)cc1
mol_2187,Cc1cc(C23OC4COC(C)(C)OC4C2OC(C)(C)O3)nc2ccccc12
mol_2188,CNP(=O)(NC)NC
mol_2189,COc1ccccc1C=C1Cc2ccccc2C1=O
mol_2190,CCCCCCCCCCCCC(CC)CCCCC(=O)O
mol_2191,COc1cc2ccccc2oc1=O
mol_2192,NN1C(=O)CSC1=NNC(=S)N=C1SCC(=O)N1N
mol_2193,O=c1[nH]n(CCc2ccccc2CCl)c2ccc([N+](=O)[O-])cc12
mol_2194,COc1ccc(C2SCC(=O)N2NC(=O)c2ccc(NC(C)=O)cc2)cc1
mol_2195,Cc1ccc([N+](=O)[O-])c2c(NCCNC(=O)c3cc(C(=O)NCCNc4ccnc5c(C)ccc([N+](=O)[O-])c45)n(C)n3)ccnc12.Cl
mol_2196,COc1cc2oc3cc(OC)c(OC)c(CC=C(C)C)c3c(=O)c2c(O)c1CC=C(C)C
mol_2197,Brc1cscc1Cc1cscc1Br
mol_2198,Cc1ccc(-c2n[nH]c(=O)n2N2C(=O)c3ccccc3C2=O)cc1
mol_2199,c1ccc(CSSCc2ccccc2)cc1
mol_2200,O=C1ON=C(c2ccccc2)C1=NO
mol_2201,C=C(C)CC1(O[Si](C)(C)C)C(=O)C(OCC)=C1OCC
mol_2202,COc1c(Cl)cc(Cl)c(CCCCCCCC(=O)O)c1Cl
mol_2203,CN(C)c1ccc(C(c2c(O)c3ccc(O)cc3oc2=O)c2c(O)c3ccc(O)cc3oc2=O)cc1
mol_2204,O=[N+]1C2C3CCC(C3)C2[N+](=O)[Co]12345C1=C2C3C4=C15
mol_2205,CC1C(c2ccccc2)SC(=N)N1C
mol_2206,COC(=O)c1c(-c2ccccc2)c2sc3ccccc3n2c1N
mol_2207,Nc1n[n+]([O-])c2cnccc2[n+]1[O-]
mol_2208,Clc1cc2c(c3ncccc13)OCN(Cc1ccccc1)C2
mol_2209,O=C1c2ccccc2S(=O)(=O)c2c1cccc2[N+](=O)[O-]
mol_2210,O=C(O)c1ccccc1C=C1Cc2ccccc2C1=O
mol_2211,CCOC(=O)C=CC(O)C(O)C=CC(=O)OCC
mol_2212,COc1ccc(C(O)C(=O)c2nc3ccc([N+](=O)[O-])cc3nc2O)cc1
mol_2213,C=CCC12CCC(=O)C1(C)CC=C(O)C2=O
mol_2214,COc1cc(C2C(Cl)C(=O)N2NC(=O)c2ccc(N)cc2)ccc1O
mol_2215,CCCCC1=C(C(=O)N2CCOCC2)C2(OCCO2)C1Cl
mol_2216,CSC(=NC(=O)c1cc([N+](=O)[O-])cc([N+](=O)[O-])c1)Nc1ccc(Br)cc1.I
mol_2217,CCn1c(SCC(=O)NNC(=S)Nc2ccc(Cl)cc2)nc2ccccc2c1=O
mol_2218,Cc1cc(Nc2ccc(N=Nc3ccc(O)c4ncccc34)cc2)nc(C)n1
mol_2219,Cc1cn(C2CC(OC(c3ccccc3)(c3ccccc3)c3ccccc3)C(COC(c3ccccc3)(c3ccccc3)c3ccccc3)O2)c(=O)[nH]c1=O
mol_2220,CC(=O)OC1N(C(C)=O)C(SC23CC4CC(CC(C4)C2)C3)C(C)=CC1(C)OC(C)=O
mol_2221,CC(=O)NC1C(OCc2ccccc2)OC(CO)C(O)C1OC(C)C(=O)NC(C(=O)NC(CCC(=O)NCCCCNc1c2ccccc2nc2cccc([N+](=O)[O-])c12)C(N)=O)C(C)C
mol_2222,CC12CCC3c4cc(Br)c(O)c(Br)c4CCC3C1CCC2=O
mol_2223,CS(=O)(=O)O.N=C(N)SCCc1ccncc1
mol_2224,O=C1NC(C2CCC(Cl)CN2)C(=O)NC1C1CCC(Cl)CN1
mol_2225,Oc1ccccc1C=NCCSSCCN=Cc1ccccc1O
mol_2226,O=c1c(-c2ccccc2)c2oc(c1-c1ccccc1)CSCc1cccc(c1)CSC2
mol_2227,CC1(C)CCc2ccc(OCCC#N)cc2O1
mol_2228,O=C1C(=Cc2cccc(Cl)c2)CCCc2ccccc21
mol_2229,COc1ccc(C=CC(=O)Oc2cc(O)cc(O)c2)cc1
mol_2230,Cn1c(=O)oc2cc(C(=O)CSC(=S)N3CCCCCC3)ccc21
mol_2231,O=C(O)c1cc(O)c2c(=O)c3c(O)cc(O)c4c5c(O)cc(O)c6c(=O)c7c(O)cc(C(=O)O)c8c1c2c(c34)c(c65)c78
mol_2232,COc1ccc2c(c1)[n+]([O-])c(C(C)=NNC(N)=S)c(C)[n+]2[O-]
mol_2233,CN(C)C(=S)N=c1ssc(=NS(=O)(=O)c2ccccc2)n1N(C)C
mol_2234,NC(=O)C1CCCN1C(=O)N(CCCl)N=O
mol_2235,Cc1ccc(-c2cn3c(nc4ccccc43)c(C)n2)cc1
mol_2236,COC(=O)C(Cc1c(C2Nc3ccccc3C2CC(NC(C)=O)C(=O)OC)[nH]c2ccccc12)NC(C)=O
mol_2237,COc1ccc(N2CC(=O)N(C(=O)COc3ccc(OCC(=O)N4C(=O)CN(c5ccc(OC)cc5)C4=S)cc3)C2=S)cc1
mol_2238,C1CN(CCSSCCN2CCOCC2)CCO1
mol_2239,O=C1NN=C(c2ccccc2)SC1c1ccccc1
mol_2240,Cc1ccnc(NC(=O)Nc2ccc(C)cc2[N+](=O)[O-])c1
mol_2241,CSC1(C)CC2C(CC1N1CCCCC1)C2(C)C
mol_2242,O=C(NC1CCCC1OC(=O)c1ccccc1)c1ccccc1
mol_2243,O=CCC1CCc2ccccc2C12CCC(=O)CC2
mol_2244,CCOC(=O)c1c(C)nn2c1ccc1ccccc12
mol_2245,NNC(=O)C(NC(=O)c1ccccc1)=C(N)c1ccc(Cl)cc1
mol_2246,N#CC(=Cc1ccccc1)c1ccc(Cl)cc1
mol_2247,O=C1OC(C2Cc3ccc4c(c3C2=O)CCC4)c2ccccc21
mol_2248,C=CCNC(=S)NC=C(C(=O)c1ccccc1)c1ccccc1
mol_2249,O=C1CSC(c2ccccc2O)N1c1ccc(-c2ccc(-n3c(-c4ccccc4)nc4ccccc4c3=O)cc2)cc1
mol_2250,Cc1ccccc1NC(=O)C(=O)C(c1cnc2ccc([N+](=O)[O-])cc2n1)[N+](=O)[O-]
mol_2251,CCCCCCCCCCCCCc1nn[nH]n1
mol_2252,CC(C)(c1ccc(OP2(=O)OCC3(CC=CCC3)CO2)cc1)c1ccc(OP2(=O)OCC3(CC=CCC3)CO2)cc1
mol_2253,N#CC1(C#N)C(c2ccccc2)NC23CCCCC2C1(C#N)C(=O)N3
mol_2254,COc1ccc(C2C(Cl)C(=O)N2NC(=O)c2ccc(N)cc2)cc1
mol_2255,Cc1cc(NC(=O)C(=O)Cc2nc3ccccc3s2)ccc1Cl
mol_2256,COc1cccc2c1[OH+][Co-2]1(O)[S+]=C(Nc3ccccc3)[N-][N+]1=C2
mol_2257,COc1ccc(NC2C(=O)C3(C)CCC2C3(C)C)cc1
mol_2258,CCOC(=O)c1ccc(CS(=O)(=O)c2ccc([N+](=O)[O-])cc2)cc1
mol_2259,O=[N+]([O-])c1ccc(N=Nc2ccc3c(c2)-c2ccccc2C3=P(c2ccccc2)(c2ccccc2)c2ccccc2)cc1
mol_2260,COC(=O)C=C1C2CC3CC(C2)C(O)C1C3
mol_2261,CN(C(=O)C12C3C4C1C1C2C3C41C(N)=O)C(C)(C)C
mol_2262,CN(C)c1ccc2nc(C(=O)O)c(=O)n(C)c2c1
mol_2263,N=C(N)C1CN(CCc2c[nH]c3ccccc23)C(=O)NC1=O
mol_2264,Cc1cccnc1NC(=S)Nc1ncccc1C
mol_2265,COC(=O)C1(C)C(=O)CCC1C=O
mol_2266,CN1CC(=Cc2cccs2)C2=NN(c3ccccc3)C(c3cccs3)C2C1
mol_2267,CN1C(=O)C(c2c[nH]c3ccccc23)N(C)C(=O)C1c1c[nH]c2ccccc12
mol_2268,O=[N+]([O-])c1cc([N+](=O)[O-])c(O)c([N+](=O)[O-])c1.OC1CCN2CCCC12
mol_2269,CCOC(=O)NNC(=O)NCc1ccccc1CNC(=O)NNC(=O)OCC
mol_2270,O=C1C=C(Nc2ccc(Cl)cc2Cl)c2ccccc2C1=O
mol_2271,COc1ccc(C2C(C#N)=C(O)NC(O)=C2C#N)cc1OC
mol_2272,CN1C2CC(=O)CC1C(O)C2O
mol_2273,FC(F)(F)c1cccc(C2SCc3nc4ccccc4n32)c1
mol_2274,O=C(C=C1Nc2ccccc2C(=O)N1c1ccc(Cl)cc1)c1ccncc1
mol_2275,Cl.O=C(CCCN1CCC(Nc2ccccc2)(c2nnnn2C2CCCCC2)CC1)c1ccc(F)cc1
mol_2276,NS(=O)(=O)c1ccc(-c2c3ccc(n3)c(-c3ccc(S(N)(=O)=O)cc3)c3ccc([nH]3)c(-c3ccc(S(N)(=O)=O)cc3)c3ccc(n3)c(-c3ccc(S(N)(=O)=O)cc3)c3ccc2[nH]3)cc1
mol_2277,CC(=O)NNc1nc(C)c(C(C=Cc2ccc([N+](=O)[O-])cc2)=NNC(N)=S)s1
mol_2278,CC1(C)C(=O)NC(=O)c2ccccc21
mol_2279,S=C1CCCCCN1
mol_2280,N#CC(CCN1CCC(Nc2ccccc2)(c2nnnn2C2CCCCC2)CC1)(c1ccccc1)c1ccccc1
mol_2281,O=C1c2ccccc2C(=O)c2cc(N=Nc3c(O)ccc4ccccc34)ccc21
mol_2282,O=C(O)C1=C(C(=O)O)C2c3ccccc3C1c1ccccc12
mol_2283,N#CCCN(CCC#N)c1ccc(C=C2N=C(c3cc([N+](=O)[O-])ccc3Cl)N(NC(=O)CC(=O)Nc3ccccc3Cl)C2=O)cc1
mol_2284,C=C1CC(COc2ccc3ccc(=O)oc3c2)(c2ccccc2)OC1=O
mol_2285,O=C(Nc1cccc(-c2nc3ccccc3[nH]2)c1)c1ccc(C(=O)Nc2cccc(-c3nc4ccccc4[nH]3)c2)cc1
mol_2286,CCOC(=O)C1=C(C)C2C3C(=O)OC(=O)C3C1(C)C1C(=O)OC(=O)C21
mol_2287,CC(C)(C)OC(=O)CC(NC(=O)OC(C)(C)C)C(=O)NC1CCCCC1C(=O)OCc1ccccc1
mol_2288,COc1ccc(C=C2SC(=Nc3ccccc3)N(NC(=O)Cc3ccccc3)C2=O)c(OC)c1
mol_2289,O=c1c2cc(S(=O)(=O)Nc3c(Cl)cccc3Cl)ccc2ncn1NS(=O)(=O)c1ccc2ccccc2c1
mol_2290,CC#CC(O)(C(=O)OC1C2CCN(CC2)C1C)C1=CCCC1
mol_2291,CC(=O)C1=CSC2C(NC(=O)Cc3ccccc3)C(=O)N2C1C(=O)OC(c1ccccc1)c1ccccc1
mol_2292,O=C1C(=Cc2ccc(O)cc2)CCCC1=Cc1ccc(Cl)c(Cl)c1
mol_2293,CC12CCCC3(CC(O)C(C)(C)C3C(O)C1)C2
mol_2294,O=C1Nc2ccccc2Cn2c1cc1oc(-c3ccccc3)cc12
mol_2295,Cc1cccc(C=NNC(=S)N2CCCCC2)n1
mol_2296,CC(=NNC(=O)c1ccncc1)c1ccc(F)cc1
mol_2297,Cc1ccc(N=C2C(c3ccccc3)=C(SC3=C(c4ccccc4)C(=Nc4ccc(C)cc4)c4ccccc43)c3ccccc32)cc1
mol_2298,C=C(C)C#CC(O)(C(=O)OC1CN2CCC1CC2)c1ccccc1
mol_2299,Cc1ccccc1C=Cc1csnn1
mol_2300,COC(=O)c1cc(C(=C(Cl)Cl)c2cc(C(=O)OC)c(OC)c(Br)c2C)c(C)c(Br)c1OC
mol_2301,CN1CN(C)N(C(=O)c2ccccc2)CN1C(=O)c1ccccc1
mol_2302,CCN(CC)CC1CCCCN1CC(=O)N1c2ccccc2NC(=O)c2ccccc21
mol_2303,CC1=NNC(=O)C1C1CC(c2c[nH]c3ccccc23)=NN=C1NCc1ccccc1
mol_2304,CC1=NNC(=O)C1C1CC(c2c[nH]c3ccccc23)=NN(c2ccccc2)C1=O
mol_2305,COC(=O)C1OC2(CCCC3CC32)OC1C(=O)OC
mol_2306,CN(C)Cc1cc(N=Nc2ccc(Cl)cc2)ccc1OC(=O)c1ccccc1.Cl
mol_2307,COc1ccc(OC)c2cc(C3(C)SCCCS3)ccc12
mol_2308,Clc1ccc(C[PH](c2ccccc2)(c2ccccc2)c2ccccc2)cc1Cl
mol_2309,CCOC(=O)N(c1ccccc1)N(CC)C(=O)C(C)=NNc1ccc([N+](=O)[O-])cc1
mol_2310,Oc1nc2ccccc2nc1C=CNC(=S)Nc1ccccc1
mol_2311,CC(C)(C)OC(=O)NC(CS(=O)(=O)O)C(=O)O.[NaH]
mol_2312,c1ccc(P(=Nc2ccccc2N=P(c2ccccc2)(c2ccccc2)c2ccccc2)(c2ccccc2)c2ccccc2)cc1
mol_2313,CCCCCCCCCCCCCCCCc1c(O)nc(NN)nc1C(=O)OC
mol_2314,O=C1CC(c2ccccc2)=NO1
mol_2315,Cc1ccc(NC(=O)C2C(=O)N(c3ccc(C)cc3)C(=O)C2=NNC(N)=S)cc1
mol_2316,C=CC(C)C(O)c1c(O)c2c(c3c(CCC)cc(=O)oc13)OC(C)(C)C=C2
mol_2317,CCOc1ccc(NC(=S)NC=C(C(N)=O)C(N)=O)cc1
mol_2318,CCCCN(C)C(=O)C1=C(C)NC(C)=C(C(=O)N(C)CCCC)C1
mol_2319,COC(=O)c1c(C)cc2c(c1O)C1(O)C(=O)c3cc4c(c(O)c3C(=O)C1(OC)C(O)C2)C(=O)C=C(NC1OC(C)C(OC)C(O)C1OC)C4=O
mol_2320,Oc1cc(NNc2cccc(F)c2)nc(O)n1
mol_2321,O=C1CCC2SC1CCC2=O
mol_2322,CCOC(=O)C(NC(=O)c1nc[nH]c1[N+](=O)[O-])C(C)C
mol_2323,Cc1cc(O)nc(NN2C(Cl)C(=O)C2c2cccc([N+](=O)[O-])c2)n1
mol_2324,COC(N)=C(C#N)N=Cc1ccccc1
mol_2325,O=C(CCc1ccccc1)NCCc1ccc(O)c(O)c1
mol_2326,C=C1SC(=Nc2ccccc2Cl)N(C(=O)c2sc3ccccc3c2Cl)C1(C)C
mol_2327,Cc1ccc(C2=C(c3ccccc3)C(Br)(c3ccccc3)C(c3ccccc3)=C2c2ccc(C)cc2)cc1
mol_2328,CC(=O)Oc1ccn2nc(C)c(Br)c2c1Br
mol_2329,CC1=CC(C)=Nc2ccccc2N1
mol_2330,CC1CC2C(=O)N(c3ccccc3)C(=O)C2c2c1c1ccccc1n2Cc1ccccc1
mol_2331,COc1ccc(C=C2c3cc(OC)c(OC)cc3CCN2C(=O)c2ccccc2)cc1OC
mol_2332,Cc1cc(O)nc(-n2[nH]c3c(c2=O)CCCC3)n1
mol_2333,Cc1nc2c(cnn2C)cc1CCc1ccccc1
mol_2334,O=C1NC2(CCCCC2)C(OCCO)C12CCCCC2
mol_2335,COc1cccc2c1cc([N+](=O)[O-])c1c(C(=O)O)cc3c(c12)OCO3
mol_2336,CCOC(=O)C1C(c2ccccc2)N(C)OC1(c1ccccc1)C(F)(F)F
mol_2337,N=c1ccn(CCNCCn2cnc3nc(N)nc(O)c32)c(=O)[nH]1
mol_2338,COC1(OC)C2(Cl)C(Cl)=C(Cl)C1(Cl)C1C=CC=CC12
mol_2339,CN1CCc2c([nH]c3ccccc23)C1
mol_2340,Cc1nc(Nc2ccccc2C)c2ccsc2n1
mol_2341,CCCCCCCCCCCCOP(=O)(O)OCC(N)C(=O)O.N
mol_2342,CCN(CC)[N+]([O-])=NOC
mol_2343,CC(C=CC(=O)c1sc(-n2nc(-c3ccccc3)cc2-c2ccccc2)nc1C)=Cc1ccccc1
mol_2344,ClP(Cl)CCP(CCP(Cl)Cl)c1ccccc1
mol_2345,CS(=O)(=O)Sc1ccc(Cl)cc1
mol_2346,COCCOC(=O)C(C)=[N+]=[N-]
mol_2347,O=C1C=CC(=Nc2nc3c4ccccc4c4ccccc4c3[nH]2)c2ccccc21
mol_2348,COC(=O)C1=CC(NC(=O)OCc2ccccc2)C(C(=O)c2ccccc2)CC1Sc1ccccc1
mol_2349,N.O=C(O)C1=CC(=C(c2ccc(O)c(C(=O)O)c2)c2ccc(O)c(C(=O)O)c2)C=CC1=O
mol_2350,[O-][n+]1c2c([n+]([O-])c3c4ccccc4ccc31)-c1cccc3cccc-2c13
mol_2351,N#CC=Cc1ccc(C#N)cc1
mol_2352,N#CC(=C1OC(=N)C(c2ccc(Cl)cc2Cl)C1=O)c1ccc(Cl)cc1Cl
mol_2353,N#Cc1c(-c2ccccc2)c(C#N)c(=O)n(NS(=O)(=O)c2ccccc2)c1O
mol_2354,CC1(C)OC2OC(C3COS(=O)O3)C(Cl)C2O1
mol_2355,COC(=O)C(Cc1cccc(OC)c1)NC(=O)OC(C)(C)C
mol_2356,N#CC(=Cc1c(Cl)cccc1Cl)c1nc2ccccc2[nH]1
mol_2357,CCCCCCCCCCCC(=O)N(C)CCS(=O)(=O)O
mol_2358,O=C1c2c(O)cc(O)cc2C(C2OC(CO)C(O)C(O)C2O)c2cc(CO)cc(O)c21
mol_2359,N=C1OC(c2cccc(Cl)c2)C(NNS(=O)(=O)c2ccccc2)=C1O
mol_2360,COc1ccc(C=C(C)C=C(C#N)C#N)cc1
mol_2361,C1=CC2C(C3CN(c4ccccc4)N=C13)C1C3C4C=CC21C=CC43
mol_2362,CCOC(=O)C(C(=O)c1ccc([N+](=O)[O-])cc1)=[N+]1c2ccccc2N(C)[C-]1C
mol_2363,CN(C)CCn1c(=O)nc2c3cc(O)ccc3[nH]c3c([N+](=O)[O-])ccc1c32.Cl
mol_2364,Cc1c(N2CCOCC2)nc2ccc(Cl)cc2c1-c1ccccc1
mol_2365,Cn1cnc([N+](=O)[O-])c1Sc1nc2cccnc2[nH]1
mol_2366,Cc1cc(Cl)ccc1NC1=NC(=O)C(CC(=O)Nc2cccc(Cl)c2)S1
mol_2367,c1ccc(CN2CCC3(N4CCOCC4)C(C2)N=NN3c2ccccc2)cc1
mol_2368,O=P(O)(O)C(N=C(Nc1ccccc1)Nc1ccccc1)P(=O)(O)O
mol_2369,CCOC1(OCC)CC2C(=O)CCCC21OC(C)=O
mol_2370,CC(C(C(=O)O)S(=O)(=O)O)C(C(=O)O)S(=O)(=O)O
mol_2371,CCOC(=O)c1cc2c(C(=O)c3ccc([N+](=O)[O-])cc3)c(C(C)=O)ccc2[nH]1
mol_2372,N#CC(C#N)=CN1CCNC1=S
mol_2373,O=C1NC2OC(C(O)CO)C(O)C2O1
mol_2374,COc1cnn(-c2ccccc2)c(=O)c1SCc1ccc(Cl)cc1
mol_2375,Cc1ccc(S(=O)(=O)O)cc1.NC(CSSCC(N)C(=O)OCc1ccccc1)C(=O)OCc1ccccc1
mol_2376,COc1cc2c(cc1O)C(=O)OC1CC=C3CC[N+](C)([O-])C3C21
mol_2377,CCOC(=O)CCCSCCCC1(CCCSCCCC(=O)OCC)OCCO1
mol_2378,C=CCC1(c2ccccc2)Oc2cccnc2-n2cccc2C1=O
mol_2379,CCCCN1CCC(O)(c2cc(C(=O)O)[nH]c2-c2cc(C)no2)C1=O
mol_2380,Cc1cc(NS(=O)(=O)c2ccc(NC(=O)c3cccc4c(Nc5ccc(S(=O)(=O)Nc6cc(C)on6)cc5)c5ccccc5nc34)cc2)no1
mol_2381,O=C(OCC1CO1)c1cccs1
mol_2382,COc1ccc(C2=C(c3ccccc3)C(=O)C(c3ccccc3)=C2c2ccccc2)cc1
mol_2383,O=C(Nc1ccccc1)C(c1ccccc1)N(Nc1ccccc1Cl)c1ccccc1Cl
mol_2384,COC(=O)C1(Cc2ccccc2)Cc2ccccc2C1=O
mol_2385,CCOc1c(OC)cc(CNNc2nccs2)cc1OC
mol_2386,Nn1c(NNC(=O)C(=O)Nc2cc(Cl)c(Cl)cc2Cl)n[nH]c1=S
mol_2387,Cc1nnc(N)nc1C=Cc1ccc(N(C)C)cc1
mol_2388,CC1CCC2(OC1)OC1CC3C4CC=C5CC(OC6OC(CO)C(O)C(OC7OC(CO)C(O)C(O)C7O)C6OC6OC(C)C(O)C(O)C6O)CCC5(C)C4CCC3(C)C1C2C
mol_2389,CC(=NN)C(CN(C)C)C(c1ccccc1)c1c(O)c2ccccc2oc1=O.Cl
mol_2390,CC1=C(C(=O)NCc2ccccc2)C(c2ccc([N+](=O)[O-])cc2)C(C(=O)NCc2ccccc2)=C(C)N1
mol_2391,COc1cc(C2C(C(=O)Nc3cc(F)c(F)cc3F)=C(C)NC(C)=C2C(=O)Nc2cc(F)c(F)cc2F)ccc1O
mol_2392,NC(=O)C(=O)n1ncc(Cl)c(Cl)c1=O
mol_2393,CC(C(O)c1ccccc1)C(O)(C(F)(F)F)C(F)(F)F
mol_2394,O=C1c2cccc3c2C(=O)c2c(cccc21)OCCOCCOCCOCCO3
mol_2395,Cl.NCCCNCCSSCC=CCSSCCNCCCN
mol_2396,COc1cc(OC)cc(C2(C#N)CCN(C)CC2)c1
mol_2397,O=C1NC(=O)C(=Cc2ccccc2Cl)C(=O)N1
mol_2398,O=S1(=O)C=C(c2ccccc2)C2(c3ccccc3)C=NNC21
mol_2399,O=C(NNC(=S)Nc1ccccc1)c1nsc2ccccc12
mol_2400,O=C1C(=C2SC(c3ccccc3)(c3ccccc3)c3ccccc32)C(=O)c2ccccc21
mol_2401,NC(=O)C(NCc1ccccc1)c1ccccc1
mol_2402,COc1ccc(CSCc2cc(OC)c(OC)c(OC)c2)cc1
mol_2403,CC1=NC(=Cc2ccccc2Br)C(=O)O1
mol_2404,N#CCCC1(CCC#N)S(=O)(=O)OCCOS1(=O)=O
mol_2405,Cc1cc(O)cc(O)c1N=Nc1ccc([N+](=O)[O-])cc1
mol_2406,CNS(=O)(=O)NN(C)S(=O)(=O)c1ccc(Cl)cc1
mol_2407,O=NNc1ccc(S(=O)(=O)c2ccc(NN=O)cc2)cc1
mol_2408,C=CCC(C(=O)Nc1cccc2nc[nH]c12)C(=O)OCC
mol_2409,Oc1ccc(Cl)cc1C1=NC(N=Cc2ccccc2)=NC(c2ccccc2)C1
mol_2410,COc1ccccc1NC(=O)C(=Cn1c(=S)sc2ccccc21)C(C)=O
mol_2411,O=C1C(=Cc2ccc(F)cc2)C(=O)c2ccccc21
mol_2412,O=[N+]([O-])c1ccc(NN=CCC(O)(C(F)(F)F)C(F)(F)F)c([N+](=O)[O-])c1
mol_2413,O=C1C(Cl)N(c2c(Cl)cccc2Cl)C1c1c[nH]c2ccccc12
mol_2414,CCCCCCCCCCCCCCCC=C(c1cc(Cl)c(OC)c(C(=O)O)c1)c1cc(Cl)c(OC)c(C(=O)O)c1
mol_2415,Nc1cc(Cl)ccc1SSc1ccc(Cl)cc1N
mol_2416,NN=C1C(=O)N(c2ccc(Cl)cc2Cl)C(=O)C(=O)C1c1nc2ccccc2o1
mol_2417,CN1NC(c2ccccc2)=C(C#N)C(=O)CC1c1cccs1
mol_2418,COC1=CC(=C(c2ccc(O)c(OC)c2)c2ccc(O)c(OC)c2)C=CC1=O
mol_2419,Cc1ccc(S(=O)(=O)N2CCN3CCN(CCN(C)CCN4CCN(CC4)CCN(S(=O)(=O)c4ccc(C)cc4)CCN(S(=O)(=O)c4ccc(C)cc4)CCN(S(=O)(=O)c4ccc(C)cc4)CCN(S(=O)(=O)c4ccc(C)cc4)CCN4CCN(CCN(C)CCN5CCN(CC5)CCN(S(=O)(=O)c5ccc(C)cc5)CCN(S(=O)(=O)c5ccc(C)cc5)CCN(S(=O)(=O)c5ccc(C)cc5)CC2)CC4)CC3)cc1
mol_2420,CC12CCC(O1)C1C(=O)OC(=O)C12
mol_2421,CC1=CC(C)(C)N=C2SC(COc3ccccc3)=NN12
mol_2422,CCOCC(C)(CO)CC(C)CO
mol_2423,O=C(CCN1CCN(c2cccc(Cl)c2)CC1)N1CCc2c([nH]c3ccccc23)C1c1cccnc1
mol_2424,O=P1(c2ccccc2)Nc2ccccc2N1c1ccccc1
mol_2425,COc1cc(C2c3cc(O)c(OC)cc3CC3C(=O)OCC32)ccc1O
mol_2426,O=c1c(-c2ccc(O)cc2)coc2cc(OC3OC(CO)C(O)C(O)C3O)cc(O)c12
mol_2427,O=C1CC2(CCNCC2)C(=O)N1N1CCCCC1
mol_2428,O=C(C=Cc1ccsc1)c1ccc(Cl)s1
mol_2429,O=C(NCCCCCCNC(=O)n1cc(F)c(=O)[nH]c1=O)NC1C(O)OC(CO)C(O)C1O
mol_2430,Cc1ccc(C(=O)O)c(C=C2Cc3ccc(C)cc3C2=O)c1
mol_2431,CCn1nc(C)c2c1C(=O)NC(C)C(=O)N2
mol_2432,Clc1nnc(-c2ccccc2)s1
mol_2433,Cc1ccc(NC(=O)CCC(=O)C(C#N)c2ccccc2)cc1C
mol_2434,COc1ccc(C=CC(=O)OCCc2ccccc2)cc1O
mol_2435,O=[N+]([O-])c1ccc(N2N=C(c3ccc4ccccc4c3O)CC2c2ccc(Cl)cc2Cl)c([N+](=O)[O-])c1
mol_2436,Cc1ccc(S(=O)(=O)O)cc1.N=C(NO)NN=Cc1cc(Cl)cc(Cl)c1O
mol_2437,O=C1c2ccccc2C(=O)c2c(O)c(NCCNCCO)cc(O)c21
mol_2438,CC(=Nc1c2ccccc2nc2ccccc12)N(C)C
mol_2439,CSc1c(C#N)c(O)n(-c2ccc(Cl)cc2)c(=O)c1C#N
mol_2440,Cc1nsc2cc(Cl)n(C)c(=O)c12
mol_2441,Cc1ccccc1-n1c2nc(=O)n(C)c(=O)c-2nc2ccccc21
mol_2442,O=C(O)CC1CC2CC(=O)C1C2
mol_2443,C#CC1(O)CCC2C3CCc4cc(Oc5nc(F)nc(-c6c7ccccc7c7n6CCS7)n5)ccc4C3CCC21C
mol_2444,N=C(N)NS(=O)(=O)c1ccc(Nc2c3ccccc3nc3c(C(=O)NC(CO)(CO)CO)cccc23)cc1
mol_2445,N#Cc1cccc2c1Sc1ccccc1N2
mol_2446,CCN(CC)Cc1c(OC)ccc2[nH]c3c4ccc(Cl)cc4ncc3c12
mol_2447,CS(=O)(=O)OCC1OCOC1COS(C)(=O)=O
mol_2448,CN1N=Nc2ccccc2C1(O)c1ccc(F)cc1
mol_2449,Clc1ccccc1OCc1nc2ccccc2[nH]1
mol_2450,CCCC[Sn]1(CCCC)OC(=O)c2cccc(OC)c2O1
mol_2451,COc1ccc2ccccc2c1Br
mol_2452,CC(C)CCCC(C)C1CCC2C3CC=C4CC(OP(=O)(O)OCCN(C)C)CCC4(C)C3CCC12C
mol_2453,CCCCCCCc1ccc(OC2OC(CO)C(O)C(O)C2O)cc1.ClC(Cl)Cl
mol_2454,COc1ccc2c(c1)c(=O)c1c(NCCNCCO)ccc3c(=O)n(CCN(C)C)c(=O)n2c31.Cl
mol_2455,O=C(O)CC(=O)Nc1ccccc1S
mol_2456,Cc1c(Cl)ccc2c1NC(=O)C2(O)CC(=O)c1ccc(Cl)cc1
mol_2457,CN(C(=NO)c1ccccc1)c1ccccc1
mol_2458,O=C(c1ccccc1)N1CCC(Nc2nccs2)O1
mol_2459,CC[N+](CC)(CC)CC.c1ccc2c(c1)[SH+][Tl-]1([SH+]2)[SH+]c2ccccc2[SH+]1
mol_2460,COc1cc2oc(-c3ccc(O)cc3)c(OC3OC(C)C(O)C(O)C3O)c(=O)c2c(O)c1OC
mol_2461,COC(=O)c1cc(NC2OCC(OC(C)=O)C(OC(C)=O)C2OC(C)=O)nc(SC)c1C(=O)OC
mol_2462,CCOC(=O)C(=Cc1ccc(F)cc1)P(=O)(OCC)OCC
mol_2463,OC(c1ccccc1)c1c(-c2ccccc2)[nH]c(-c2ccccc2)c1C(O)c1ccccc1
mol_2464,COc1ccc(-c2c(C#N)c(N)n(C3OCC(OC(C)=O)C(OC(C)=O)C3OC(C)=O)c(=S)c2C#N)cc1
mol_2465,CC(C)C(Nc1c2ccccc2[n+]([O-])c2ccccc12)C(=O)O
mol_2466,CCNCC.C[c-]1c(=O)n(O)c2ccccc2[n+]1=O
mol_2467,COc1ccccc1NC(=S)NC=C1C(=O)NC(=O)NC1=O
mol_2468,O=c1onc2c3ccccc3ncn12
mol_2469,CC(C)c1cccc(C(C)C)c1NC(=S)Nc1ccccc1
mol_2470,c1ccc(CN2CCC(Nc3ccccc3)(c3nnnn3Cc3ccccc3)CC2)cc1
mol_2471,NC(Cc1ccc(OCc2ccccc2)cn1)C(=O)O
mol_2472,CC12CCC(O)CC1=CCC1C2CCC2(C)C1CCC2N(CCO)CCO
mol_2473,C=CCn1c(-c2ccc([N+](=O)[O-])cc2)csc1=N
mol_2474,O=C(CC1C(=O)Nc2ccccc2S1=O)Nc1ccccc1
mol_2475,CC1CC(NN(C)C)C2(C(N)=O)C(=N)NC(=O)C12C#N
mol_2476,COc1ccccc1NC(=O)CC(=O)N1N=C(c2ccccc2)C(N=Nc2ccc(Cl)cc2)C1=O
mol_2477,C=CCC12CCC(O)C1(C)CCC(=O)C2=NN
mol_2478,O=C1OC(c2ccccc2)=NC1=Cc1cc(Cl)ccc1Cl
mol_2479,O=[N+]([O-])c1cc(C2SCc3nc4ccccc4n32)ccc1Cl
mol_2480,CC1(O)OC(=O)C2=C1CCC1C2CCC2(C)C(O)CCC12
mol_2481,CCOC(=O)c1cc(C=CC(C)=CC(=O)OC)oc1-c1ccccc1
mol_2482,CCOC(=O)C1SCCC1(C)O
mol_2483,Cc1c(C2Cc3ccccc3N2)c2ccccc2n1C.Cl
mol_2484,CC(=O)c1ccc(NC(=O)COC(=O)c2cccc3c(=O)c4ccccc4[nH]c23)cc1
mol_2485,N#Cc1c(O)n(-c2ccccc2)c(=O)c2c(=N)[nH][nH]c12
mol_2486,CC(=O)NS(=O)(=O)c1ccc(NCc2cccc3c(=O)c4ccc(Cl)cc4oc23)cc1
mol_2487,CC(C)CC(C(N)=O)C(=O)NC(Cc1ccccc1)NC(=O)CNC(=O)OC(C)(C)C
mol_2488,CNC(=NCCCN1CCOCC1)c1ccc(NC(=O)c2ccc(C(=O)Nc3ccc(C(=NCCCN4CCOCC4)NC)cc3)cc2)cc1
mol_2489,CCOC(=O)c1nc2ccccc2nc1Oc1cc(OC)c(OC)c(OC)c1
mol_2490,Nc1cc([N+](=O)[O-])ccc1N1C(=O)CCCC1=O
mol_2491,O=C(O)c1cccc(S(=O)(=O)c2ccccc2)c1
mol_2492,CN1CCC2(CC1)C(=O)N(N1CCCCCC1)C(=O)N2c1ccccc1
mol_2493,O=C1C=C(c2ccc(O)cc2)C(O)Cc2ccc(OC3OC(CO)C(O)C(O)C3O)cc2O1.O=C1C=C(c2ccc(O)cc2)C(OC2OC(CO)C(O)C(O)C2O)Cc2ccc(O)cc2O1
mol_2494,O=C1OC(=O)c2c1ccc1ccccc21
mol_2495,CN1C(=O)C(c2c[nH]c3ccccc23)C(c2c[nH]c3ccccc23)C1=O
mol_2496,CCOC(=O)C(NC(=O)c1ccccc1)(N1CCN(c2cc3c(cc2F)c(=O)c(C(=O)O)cn3CC)CC1)C(F)(F)F
mol_2497,COC(C(=O)C(O)C(C)O)C1Cc2cc3cc(OC4CC(OC5CC(O)C(O)C(C)O5)C(O)C(C)O4)c(C)c(O)c3c(O)c2C(=O)C1OC1CC(OC2CC(OC3CC(C)(O)C(O)C(C)O3)C(O)C(C)O2)C(O)C(C)O1
mol_2498,O=C(Nc1nc2ccccc2n1Cc1ccccc1)NC12CC3CC(CC(C3)C1)C2
mol_2499,Br.CCC1=C(C)C(=Cc2[nH]c(C(Br)Br)c(CC)c2C)N=C1C(Br)Br
mol_2500,O=C(Cn1c(-c2ccccc2)cc2ccccc21)N1CCCC1
mol_2501,CCOC(=O)C(NC(=O)NCc1ccc(F)cc1)C(F)(F)F
mol_2502,COc1ccc(C(=C(Cl)c2ccccc2)c2ccc(OC)cc2)cc1
mol_2503,CC1=Nc2ccccc2NC(=O)C1
mol_2504,Cn1c(=S)c2c(nc(SCCc3ccccc3)n2CCc2ccccc2)n(C)c1=O
mol_2505,COc1cc(C(=O)CC(CCC(=O)Nc2ccc(Cl)cc2Cl)=NNc2nnc(C)n2N)ccc1O
mol_2506,O=C1N=C(c2ccccc2)OC1=Cc1ccccc1
mol_2507,O=C(CSc1nc(-c2ccccc2)c(-c2ccccc2)[nH]1)NN=Cc1ccc(Cl)cc1
mol_2508,CC(=O)Nc1c(S(=O)(=O)c2ccccc2)c(C)c(C)n1Cc1ccccc1
mol_2509,CCOC(=O)C1=C(O)C(=O)c2c(OC)ccc(OC)c2C1=O
mol_2510,O=C(CC(=O)N1N=C(n2ccc3ccccc32)CC1c1ccccc1)Nc1ccccc1Cl
mol_2511,O=C1c2ccccc2C(c2ccccc2)(N2CCCCC2)N1c1ccccc1
mol_2512,Cc1cccc(NC(=O)C=Cc2ccc(N(CCC#N)CCC#N)cc2C)c1
mol_2513,c1cc2c3ccsc3c3sccc3c2s1
mol_2514,CCCCCCCCCCNC(=S)OC
mol_2515,CC(C)NC(=O)OCCN=C1c2ccccc2CCc2ccccc21
mol_2516,S=C1N(c2ccc(Cl)cc2)C2=C(N=Nc3ccccc3)C(=Nc3ccccc3S2)N1c1ccccn1
mol_2517,c1ccc2nc3c(nc2c1)[nH]c1ccccc13
mol_2518,O=C(O)c1ccc(NNc2cc(O)nc(O)n2)cc1
mol_2519,CCOC(COc1c2occc2cc2ccc(=O)oc12)OCC
mol_2520,Cc1ccc(CC[PH](=O)CCc2ccc(C)nc2)cn1
mol_2521,N#CC(=Cc1ccc2ccccc2c1)c1ccccc1
mol_2522,CCc1c(C)c(SC)n(C)c(=O)c1C#N
mol_2523,COS(=O)(=O)OCCC(NC(=O)OCc1ccccc1)C(=O)OCc1ccccc1
mol_2524,Cc1ccc(NC(=O)C(=O)C(C(=O)c2ccc3ccccc3c2)C2OC(=O)c3ccccc32)c(C)c1
mol_2525,CCCCCCCCCCCCCCCC(=O)OCC1CCC[N+]2(C)CCCCC12.[I-]
mol_2526,c1ccc(-c2nn3c(-c4ccccc4)nnc3o2)cc1
mol_2527,Cc1ccc(C2=C(c3ccccc3)C(Br)(c3ccc(C)cc3)C(c3ccccc3)=C2c2ccc(C)cc2)cc1
mol_2528,CC(=O)c1cccc(C(C)=O)c1N=Cc1ccc(O)cc1
mol_2529,CCN1C(=CC#CC(C)=Cc2sc3ccc(Cl)cc3[n+]2CC)Sc2ccc(Cl)cc21.[I-]
mol_2530,Cn1cnc([N+](=O)[O-])c1Sc1nccn1-c1ccccc1
mol_2531,COC(=O)C1Cc2c([nH]c3ccccc23)C(C2CCCCC2)N1
mol_2532,C[N+](C)(C)CC1CCCC1=NO.[I-]
mol_2533,O=C1OC(=O)C2C1C1(c3ccccc3)OC2(c2ccccc2)c2c(Br)c(Br)c(Br)c(Br)c21
mol_2534,Cc1ccc(S(=O)(=O)NCCSCCSCCNS(=O)(=O)c2ccc(C)cc2)cc1
mol_2535,C=CCN1CC2CON(C(=O)C(OC)(c3ccccc3)C(F)(F)F)C2C1C(C)C
mol_2536,Cc1nc2[nH]ncn2c(=O)c1CCCl
mol_2537,CN1C2(c3ccccc3)C(C(=O)c3ccccc3)=C(C(=O)c3ccccc3)C1(c1ccccc1)c1c(-c3ccccc3)sc(-c3ccccc3)c12
mol_2538,N#CC(=CNC(=S)NN=C1C(=O)Nc2ccccc21)C(=O)c1ccc2ccccc2c1
mol_2539,CC(CCC(C)C(=O)O)C(=O)O
mol_2540,COc1ccc(NC2=NCCO2)c2c1CCCC2
mol_2541,O=c1c(SCc2ccccc2Cl)c(SCc2ccccc2Cl)cnn1-c1ccccc1
mol_2542,CCCCCCCCCCCC(=O)CC(=O)c1c(O)cccc1O
mol_2543,Cc1c2ccnc(C#N)c2c(C)c2c1[nH]c1ccccc12
mol_2544,CCOC(=O)C(F)=Cc1ccc(C)cc1
mol_2545,CC1=C(C(=O)Nc2cc(=O)n(C)c(=O)n2C)C(c2ccc([N+](=O)[O-])cc2)C(C(=O)Nc2cc(=O)n(C)c(=O)n2C)=C(C)N1
mol_2546,O=C(NC(Nc1ccc(F)c(Cl)c1)(C(F)(F)F)C(F)(F)F)OCc1ccccc1
mol_2547,CCOc1ccc(N=Nc2ccc3cc(C(C)=NNC(=O)C(C#N)=Cc4ccc(N(CCC#N)CCC#N)cc4)c(=O)oc3c2)cc1
mol_2548,O=C1C(=Cc2ccccc2Cl)CCc2ccccc21
mol_2549,Cc1cc(O)nc(NN=Cc2ccc(Cl)c(Cl)c2)n1
mol_2550,CCOC(=O)CNC1=Nc2ccccc2C(=O)N2CSCC12.Cl
mol_2551,Cn1ccc2c3c(ccc21)C(N1CCOCC1)=CS(=O)(=O)O3
mol_2552,COc1cc(C(=O)CC(CCC(=O)Nc2ccccc2[N+](=O)[O-])=NNC(=O)C(N)=O)ccc1O
mol_2553,COc1ccc(OC)c(NC(=O)C(=O)CC(=O)c2sc(-n3nc(-c4ccccc4)cc3-c3ccccc3)nc2C)c1
mol_2554,CC(=O)OCC1OC(n2cc(C)c(-n3cncn3)nc2=O)CC1N=[N+]=[N-]
mol_2555,COc1ccc2c(c1)C(=O)C1CCC(=O)N1C2c1ccc2c(c1)OCO2
mol_2556,CC1=CCN(c2ccccn2)OC1c1ccccc1
mol_2557,Cc1ccc(=O)n(Cc2ccccc2)n1
mol_2558,CC(C)COC(=O)N1N=NC2C3OC(CC3=O)C21
mol_2559,Cc1c(C#N)c2n(c1C)CCCC(=O)N2
mol_2560,C=CCCCC(C)(C(=O)OC(C)(C)C)C1=NOC(C)(C)C1
mol_2561,CN(C)CCC1(c2ccccc2)C=Cc2ccccc21
mol_2562,O=C(NC(OCc1ccccc1)(C(F)(F)F)C(F)(F)F)OCc1ccccc1
mol_2563,Nc1o[nH]c(=O)c1C1CCCCC1
mol_2564,COC(=O)CC(NC(=O)OCc1ccccc1)C(C(=O)OCc1ccccc1)C(C)(OC)OC
mol_2565,CCOC(=O)C1CSSCC(N)C(=O)N1
mol_2566,C=CCn1c(=O)c2ccccc2[n+]2c(-c3cccc([N+](=O)[O-])c3)csc12.[Cl-]
mol_2567,O=C(CCN1CCN(c2ccccc2)CC1)N1CCc2c([nH]c3ccccc23)C1c1cccnc1
mol_2568,CCOC(=O)C(C(=NNC(=O)OC)C(=O)Nc1ccc(C(C)=O)cc1)c1cnc2ccccc2n1
mol_2569,O=C1c2c(O)cc(O)c(OC3OC(CO)C(O)C(O)C3O)c2OC(c2ccc(O)c(O)c2)C1O
mol_2570,C[N+]1(CCO)C2CCC1CC(O)C2
mol_2571,O=[N+]([O-])c1ccc(Sc2ccc([N+](=O)[O-])cc2)cc1
mol_2572,O=P1(O)c2ccccc2Oc2ccccc21
mol_2573,NC(=S)SC1=NC(=O)C2(NN1)c1ccccc1-c1ccccc12
mol_2574,NN1C(=O)C(CCO)SC1=NN=C1SC(CCO)C(=O)N1N
mol_2575,COC(=O)C(C)(C)C1OC(=O)N(S(=O)(=O)c2c(C)cc(C)cc2C)C1C(C)C
mol_2576,CC(NC(=O)OCc1ccccc1)NC(=O)OC(C)(C)C
mol_2577,Cl.O=C1CCCCC1CN1CCOCC1
mol_2578,C1CSC(=[N+]2CC[N+](=C3SCCS3)CC2)S1
mol_2579,O=C1C=C2C3c4c(cc(O)cc4C4c5c(O)cc6c(c5C5C(c7ccc(O)cc7)C1C(=O)C25C4c1ccc(O)cc1)C(c1cc(O)cc(O)c1)C(c1ccc(O)cc1)O6)OC3c1ccc(O)cc1
mol_2580,CC(C)(C)[Si](C)(C)OCC1OC(n2ccc(=O)[nH]c2=O)C(O[Si](C)(C)C(C)(C)C)C1=CC(=N)NO
mol_2581,O=Nc1ccccc1
mol_2582,COCOc1c(C(O[Si](C)(C)C(C)(C)C)c2cnc(Sc3ccccc3)n2C)ccc(OC)c1OC
mol_2583,c1ccc2sc(CN(Cc3nc4ccccc4s3)Cc3nc4ccccc4s3)nc2c1
mol_2584,CCOC(=O)CCC(NC(=O)c1ccc(NC(OC)c2nc3cc(C(F)(F)F)ccc3nc2-c2ccccc2)cc1)C(=O)OCC
mol_2585,O=c1cc(CO)oc2c3c(cc(O)c12)OCC(COC1OC(CO)C(O)C(O)C1O)=CC3
mol_2586,O=C1CN(CCCN2CCOCC2)CC(=O)N2CCCCN12
mol_2587,CC#CC(O)(C(=O)OC1CCN(C)CC1)C1CCCCC1
mol_2588,O=C(C(=Cc1cccs1)c1ccccc1)c1ccccc1
mol_2589,O=C1C(=Cc2ccccc2)CCCC12C(c1ccccc1)N2Cc1ccccc1
mol_2590,N#CC(C#N)=C1C(C#N)=C(N)NC12OCCO2
mol_2591,CCOC(=O)CCC(NC(=O)c1ccc(Nc2nc3ccc(C(F)(F)F)cc3nc2-c2ccccc2)cc1)C(=O)OCC
mol_2592,O=C1NC(=O)C(=Cc2cccc(Br)c2)N1
mol_2593,COCN1C(=O)C2CCCN2C(=O)c2cc([N+](=O)[O-])ccc21
mol_2594,COc1cc(C=C2C=Cc3ccccc32)cc(OC)c1OC
mol_2595,COc1cc(C(=O)Oc2c(C#N)sc3c2c(=O)n(-c2ccccc2)c(=S)n3-c2ccccc2)cc(OC)c1OC
mol_2596,CCC(=O)ON[N+](=O)[O-]
mol_2597,NN=C1C2CN3CCN(C2)CC1(c1ccc([N+](=O)[O-])cc1)C3
mol_2598,O=C(O)C=Cn1c2ccccc2c(=O)c2ccccc21
mol_2599,O=C(Nc1cc2c(cc1OCc1ccccc1)N(S(=O)(=O)c1ccccc1)C1c3ccccc3OCC21)c1ccccc1
mol_2600,Cc1ccc(NC(=O)C(=O)Cc2cc[n+]([O-])cc2)cc1
mol_2601,Nc1ccccc1SC(CC(=O)c1ccccc1)c1ccc2c(c1)OCO2
mol_2602,CCC(C)C(NC(=O)C1CCCN1C(=O)OCc1ccccc1)C(=O)O
mol_2603,Cc1cc(C)c(C2CNCc3cc4c(cc32)CNCC4c2c(C)cc(C)cc2C)c(C)c1.O=C(O)C(O)c1ccccc1
mol_2604,C[N+]12CCC(c3ccccc3)(CC1)C(O)C2
mol_2605,CN(C)CCCN1C(=O)C2CCC(C)(C1=O)C2(C)C
mol_2606,CN(C)CC[N+]([O-])=C(c1ccccc1)C12CC3CC(CC(C3)C1)C2
mol_2607,CCOC=C(C#N)C(=O)OC
mol_2608,O=C(O)C(F)(F)F.O=C1C(Br)=CC2(C=C1Br)CCNC1=C2C2=NCCc3c[nH]c(c32)C1=O
mol_2609,CCOP(=S)(S)OCC.C[S+]=c1cc(-c2ccccc2)ss1
mol_2610,Cc1cc(S(=O)(=O)Nc2n[nH]c(=N)[nH]2)c(S)cc1Cl
mol_2611,COC(=O)C(=O)C(C(=O)OC)C(=O)C(=O)Nc1cc(Cl)c(Cl)cc1Cl
mol_2612,Cl.O=c1nc(C=Cc2ccccc2Cl)cc2n1CCN2CCO
mol_2613,CC(C)N(C(=O)C12C3C4C1C1C2C3C41C(=O)C(C)(C)C)C(C)C
mol_2614,Brc1ccc2[nH]cc(C=NN3CCCCCC3)c2c1
mol_2615,O=C1Oc2ccccc2C(=O)C1=CNC(=S)NCc1ccccc1
mol_2616,O=C1c2ccccc2OP(=O)(OCC(F)(F)F)OC1(C(F)(F)F)C(F)(F)F
mol_2617,CCOC(=O)C(C)(C)C(OP(=O)(CC)OCC)=C(C)C
mol_2618,N#CC(=C(c1ccccc1)c1ccccn1)c1ccccc1
mol_2619,O=C(CC(C(=O)c1cccs1)c1ccsc1)c1ccc(Cl)cc1
mol_2620,c1cc(-c2cnc(-c3ccc4c(c3)CCCO4)o2)ccn1
mol_2621,CC1(C)SCCCCCCCSC(C)(C)SCCCCCCCS1
mol_2622,CN(C)CCCOC(=O)C1CC(O)CN1C(=O)c1ccc2c(c1)OCO2.O=C(O)C(=O)O
mol_2623,O=C(O)CCCO
mol_2624,CC1=C(CO)C(=O)OC(C(CO)C2CCC3C4CC(O)C5(O)CC=CC(=O)C5(C)C4CCC23C)C1
mol_2625,CC1(C)C(=NO)C(C)(C)C1=NO
mol_2626,N=C1SCCS1
mol_2627,CCOC(=O)C=CCC(C)(C)COC(C)=O
mol_2628,O=C(COc1ccc2c(=O)cc(-c3ccc(Cl)cc3)oc2c1)N1CCN(c2ccccc2)CC1
mol_2629,Nc1cc(Cl)cc2cc(Cl)cnc12
mol_2630,CCCCCCCCCCCCCCCC(=O)OCCOCCOCCOCc1ccccc1
mol_2631,CN1CCC2(C)c3ccc(O)cc3CC3CCCC1C32C
mol_2632,CC(C)CC(NC(=O)C(CO)NC(=O)C(CCCCN)NC(=O)C(CCCCN)NC(=O)C(NC(=O)CNC(=O)C(NC(=O)C(CO)NC(=O)C(NC(=O)C(NC(=O)C(CO)NC(=O)C(CC(N)=O)NC(=O)C(N)CCC(N)=O)C(C)C)C(C)C)C(C)O)C(C)C)C(=O)NC(Cc1ccccc1)C(=O)NC(CCC(N)=O)C(=O)O
mol_2633,CCOC(=O)CCC(NC(=O)c1ccc(Oc2nc3c(N)cc(C(F)(F)F)cc3nc2-c2ccccc2)cc1)C(=O)OCC
mol_2634,O=C(NC1CCCCC1)C(=Cc1ccc(C=C(NC(=O)c2ccccc2)C(=O)NC2CCCCC2)cc1)NC(=O)c1ccccc1
mol_2635,Fc1cccc2c(SCc3ccc(Cl)cc3Cl)cnnc12
mol_2636,COc1cc2c(cc1OC)C(=O)C(=Cc1ccccc1)C2
mol_2637,OCCN1CCN(CCCN2c3cc(Cl)ccc3Sc3ccsc32)CC1
mol_2638,CC(C)CC(NC(=O)C(Cc1ccc(O)cc1)NC(=O)C(CO)NC(=O)C(C)NC(=O)C(CO)NC(=O)C(CCC(N)=O)NC(=O)C(NC(=O)C(N)CCC(=O)O)C(C)C)C(=O)NC(CCCNC(=N)N)C(=O)NC(CCCCN)C(=O)O
mol_2639,CC1(C)[CH-][N+](=O)C(C)(C)N1
mol_2640,Cc1ccc(C=NNc2nncc3ccccc23)s1
mol_2641,CN1CCn2c(Br)ccc2C1=O
mol_2642,O=C(c1ccccc1)C1N=NN(Cc2ccccc2[N+](=O)[O-])C1C(=O)c1ccccc1
mol_2643,CC(=O)OCC=CCn1cnc(C(N)=O)c1N
mol_2644,COc1c2occc2c(S(=O)(=O)O)c2ccc(=O)oc12
mol_2645,Clc1ccc(SCCSCCCCCCCCCCSCCSc2ccc(Cl)cc2)cc1
mol_2646,Cc1ccc(C(=O)C=C2Nc3ccccc3NC2=O)c(C)c1
mol_2647,O=C1CCCC2=C(N1)C(=O)C=CC2=O
mol_2648,CS(=O)(=O)CCC1CCC(=O)O1
mol_2649,CCCc1cc(O)c2c(C)c3[nH]c4ccc(Cl)cc4c3c(C)c2n1.CS(=O)(=O)O
mol_2650,COC1=NN2C(OC)(c3ccccc3)c3c(-c4ccccc4)sc(-c4ccccc4)c3C2(c2ccccc2)S1
mol_2651,CC(=O)O.Nc1nc(N)c(CCc2ccccc2)c(N)n1
mol_2652,CC(C)COP(C)(=O)C(N)(C(F)(F)F)C(F)(F)F
mol_2653,CC(=O)OCC1OC(Sc2nc(-c3ccccc3)c(C#N)c(=O)n2C2OC(COC(C)=O)C(OC(C)=O)C(OC(C)=O)C2OC(C)=O)C(OC(C)=O)C(OC(C)=O)C1OC(C)=O
mol_2654,CC(=O)Nc1ccc(C=CC(=O)c2sc(-c3nc(C)c(C(=O)C=Cc4ccc(NC(C)=O)cc4)s3)nc2C)cc1
mol_2655,c1ccc2nn(C3CCCCO3)nc2c1
mol_2656,c1ccc2c(c1)N=C(c1ccc3ccccc3c1)CC(c1cccc3ccccc13)S2
mol_2657,CC(C)(C)[Si](C)(C)OCC(NC(=O)OCc1ccccc1)C(=O)O
mol_2658,CCCCCCc1cc2cc(-c3csc(CC#N)n3)c(=O)oc2cc1O
mol_2659,COc1cc2c(c(OC)c1OC)C(=O)C(OC(=O)CCCCl)C2N.Cl
mol_2660,Cc1cn(CCOCCOC(=O)NC(CCCNC(=N)N)C(=O)O)c(=O)[nH]c1=O
mol_2661,CC1CN=C(N(C(=O)Nc2ccccc2)C2CCCCC2)S1
mol_2662,CCOC(=O)c1sc2c(sc(=O)n2-c2ccccc2)c1O
mol_2663,CCCCOC(=O)C(=O)C(CCC(=O)c1ccc(C)cc1)C(=O)C=C(C)C
mol_2664,CCOC(=O)c1ccc(N2C(=O)C(=COC)c3ccccc3C2=O)cc1
mol_2665,O=S(=O)(c1ccc(O)cc1)c1ccc(O)cc1
mol_2666,CC1=C(C(=O)NCc2ccccc2)C(c2ccco2)C(C(=O)NCc2ccccc2)=C(C)N1
mol_2667,O=C1CCCN(Cc2ccccc2)C(=O)N1
mol_2668,CCOC(=O)COc1c(C)cc(SSc2cc(C)c(OCC(=O)OCC)c(C)c2)cc1C
mol_2669,Oc1nc(CC(O)c2ccc(Cl)c(Cl)c2)cc(-c2ccccc2)n1
mol_2670,Cn1c(=O)c2c(nc(NN=Cc3cccc(Br)c3)n2C)n(C)c1=O
mol_2671,c1cc2c(s1)-c1sccc1C21OCCO1
mol_2672,CC(C)(C)C(O)=Cc1nc2cc(F)c(F)cc2nc1O
mol_2673,Cc1cc(O)c(C(C)(C)C)cc1Sc1cc(C(C)(C)C)c(O)cc1C
mol_2674,Cn1c(=O)c2c(ncn2CC(=O)NC23CC4CC(CC(C4)C2)C3)n(C)c1=O
mol_2675,COc1ccc2cccc(C(=O)c3ccc(C)c4c3CCC4)c2c1
mol_2676,Cn1c2ccc(Cl)cc2c2ccc3c(c21)C(=O)C=CC3=O
mol_2677,O=c1c(=Cc2ccccc2)sc2nc(-c3ccccc3)nn12
mol_2678,N=c1[nH]nc(Sc2ccc([N+](=O)[O-])cc2)s1
mol_2679,COc1cc(C2SC(=N)Nc3c2c(C)nn3C(=O)c2ccccc2O)cc(OC)c1OC
mol_2680,CC1=NN(c2ccccc2)C(=O)C1N=Nc1ccc(S(=O)(=O)Nc2ccccn2)cc1
mol_2681,O=[N+]([O-])c1ccc(NN=C2CC3=C2CCCCCCCCCC3)c([N+](=O)[O-])c1
mol_2682,O=C(O)CCC(=O)NCCOC(=O)CCC(=O)O
mol_2683,COc1ccccc1NC(=O)C(=CN1C(=O)CC(=O)NC1=S)C(C)=O
mol_2684,CC[Ge](CC)(CC)OC(=O)CCC(=O)O[Ge](CC)(CC)CC
mol_2685,CCCCN(CCCC)C1CCC(Nc2ccnc3cc(Cl)ccc23)CC1
mol_2686,CCOC(=O)C1C(=NN)CN2CCc3c([nH]c4ccccc34)C12C(=O)OCC
mol_2687,CCN(CC)CCN1C(=O)c2cccc3cc(OC)cc(c23)C1=O
mol_2688,C[n+]1cn(C2=C([N-]S(=O)(=O)c3ccccc3)C(=O)c3ccccc3C2=O)c2ccccc21
mol_2689,Nc1ccc(C2=NC(=Cc3cccc(N)c3)C(=O)O2)cc1
mol_2690,C[Si]12OCCCN(CCO1)CCO2
mol_2691,c1ccc(CSC(SCc2ccccc2)(c2ccccc2)c2ccccc2)cc1
mol_2692,CC1C2(C)OC(=N)C(C#N)(C(c3ccco3)O2)C1(C#N)C#N
mol_2693,CC1CC(C)CC(C)C(O)C(C#N)=CC=CCC(C2CCCC2C(=O)O)OC(=O)CC(O)C(C)C1
mol_2694,Cc1ccc(C)c(N2C(=O)C(=O)C(c3nc4ccccc4s3)C(=Nc3cccc4c(O)nnc(O)c34)C2=O)c1
mol_2695,O=NCC(=O)OCc1ccccc1
mol_2696,CC1(C)C2CC1C(Cc1ccc(CC3c4cc(-c5ccccn5)ncc4C4CC3C4(C)C)cc1)c1cc(-c3ccccn3)ncc12
mol_2697,N=C(N)n1nc2c(c1O)CCCC2
mol_2698,CSc1s[s+]c(SC)c1[O-]
mol_2699,COc1ccc(C=Cc2cc(OC)c(OC)c(OC)c2)cc1OCC(=O)O.[NaH]
mol_2700,CC(C)C(Cl)=NOC(=O)Nc1cccc(Cl)c1
mol_2701,Cc1cc2c3c(coc3c1-c1c(C)cc3c4c(coc14)C(=O)C(O)=C3C(C)C)C(=O)C(O)=C2C(C)C
mol_2702,CC1=CCC2(C)CCC(O)(C(C)C)C2C(OC(=O)c2ccc(O)cc2)C1
mol_2703,N=C(N)NS(=O)(=O)c1ccc(NC(=O)c2ccc3nc4ccccc4c(Nc4ccc(S(N)(=O)=O)cc4)c3c2)cc1
mol_2704,CNC1=Nc2ccc(Cl)cc2C(c2ccccc2)=NN1C
mol_2705,N=C1NN(c2ccccc2)C(=O)C1=CNC(=S)C(N)=S
mol_2706,COC(=O)C12CN(C)CC(C(=O)OC)(C1=O)C(c1ccccn1)N(C)C2c1ccccn1
mol_2707,O=c1c2cccnc2[nH]c2ccc3[nH]ncc3c12
mol_2708,CC(C)COC(=O)N1N=NC2C3CC(=O)C(O3)C21
mol_2709,COC(=O)C1C2C=CC(C2)N1C(C)c1ccccc1
mol_2710,CC12CCCC(O)C1(C)CCC2=O
mol_2711,O=C1c2ccccc2N2OC3(N4CCCC4)CCCC3C12c1ccccc1
mol_2712,O=C1CCC2(CC(Br)C(=O)c3ccccc32)C(=O)N1
mol_2713,O=C1CN(c2ccccc2)CC(=O)N2Cc3ccccc3CN12
mol_2714,Cc1cc(NS(=O)(=O)c2ccc(NC(=O)c3cccc4c(Nc5ccc(S(=O)(=O)Nc6cc(C)on6)cc5)c5ccc(Cl)cc5nc34)cc2)no1
mol_2715,CC(C)CCCC(C)C1CCC2C3CCC4CC(NC(=O)C=C(c5cc(Cl)c(O)c(C(=O)O)c5)c5cc(Cl)c(O)c(C(=O)O)c5)CCC4(C)C3CCC12C.N
mol_2716,CC1CC(O)C2(O)C13CC(OC(=O)C3O)C1(O)C(=O)OCC12C
mol_2717,C=CCN(c1cc(OC)c2[nH]c(C(=O)O)c(C)c2c1[N+](=O)[O-])S(C)(=O)=O
mol_2718,O=C(O)CCC1CCc2cccc(O)c2C1=O
mol_2719,CC(=O)ONC(=O)CSc1nn2cc(-c3ccccc3)nc2s1
mol_2720,Cc1n[nH]c(=O)n1N1C(=O)CCCC1=O
mol_2721,O=c1[nH]nc(-c2cccc(Br)c2)[nH]1
mol_2722,c1ccc(Cc2cccc3cc(-c4ccc(-c5ccccc5)cc4)[nH]c23)cc1
mol_2723,CC1=C(C(=O)Nc2cccc(C(F)(F)F)c2)C(c2ccc(O)cc2)C(C(=O)Nc2cccc(C(F)(F)F)c2)=C(C)N1
mol_2724,CCC1OC2C(CC=C(C)C)=C3OC(C)(O)C(C)(CC)C(O)C3=C3OC(=O)C=C1C32
mol_2725,CCCNC(=O)c1nc(SC)sc1NC(=O)c1ccc([N+](=O)[O-])cc1
mol_2726,COc1ccc(C2CC(c3c(O)ccc4ccccc34)=NN2c2ccc([N+](=O)[O-])cc2[N+](=O)[O-])cc1OC
mol_2727,Cl.Nc1nccc(NCC2(CO)CC(CCc3ccccc3)C2)n1
mol_2728,CCOC(=O)NP(=O)(N1CC1(C)C)N1CC1(C)C
mol_2729,NNC(=O)C(=O)NN=C1CCC(=O)CC1C(=O)CCC(=O)Nc1ccc(Cl)cc1
mol_2730,C[N+]1(CC(O)(O)C(F)F)CCOCC1.[Cl-]
mol_2731,Cc1ccc(OCC2OC(n3cnc4nc(Nc5ccc(Cl)c(Cl)c5)nc(Cl)c43)CC2Oc2ccc(C)cc2)cc1
mol_2732,CC1C2C1C1C3NN=CC3C2n2c(=O)n(-c3ccccc3)c(=O)n21
mol_2733,COC(=O)c1ccc(CCc2cc(O)ccc2O)cc1
mol_2734,C=CCC(CCC(CC=C)C(=O)O)C(=O)O
mol_2735,O=C1NC(=O)C(=CN2C(=O)C(=Cc3ccc(O)cc3)SC2=S)C(=O)N1
mol_2736,Cc1cn(C2OC(CO[Si](C)(C)C(C)(C)C)C3(OC3C(=O)NO)C2O[Si](C)(C)C(C)(C)C)c(=O)[nH]c1=O
mol_2737,Cl.O=C(C=Cc1ccccc1)CCN1CCN(CCC(=O)C=Cc2ccccc2)CC1
mol_2738,CCCSc1nc(-c2ccc(OC)cc2)c(C#N)c(=O)n1C1OC(COC(C)=O)C(OC(C)=O)C(OC(C)=O)C1OC(C)=O
mol_2739,Cn1c(=O)n(C2(C)CSC2)c2ccccc21
mol_2740,Cc1nc2ccccc2c(=O)n1NC(=O)c1ccc(CS)cc1
mol_2741,COC(=O)N1C=CC2ON=C(OC)C2C1c1ccccc1
mol_2742,COC(=O)C1(C(=O)OC)Cc2ccc(OC)cc2C2=C1C(=O)c1ccccc1C2=O
mol_2743,O=c1oc2ccccc2n1P(=O)(N1CCOCC1)N1CCOCC1
mol_2744,c1cc2cc3c(cc2o1)OCC1c2cc4c(cc2OC31)OCO4
mol_2745,NS(=O)(=O)c1ccc(NC(=O)CC(=O)Nc2ccc(S(N)(=O)=O)cc2)cc1
mol_2746,O=[N+]([O-])c1ncnc2c1ncn2C1OC(CO)CC1F
mol_2747,Cc1ccsc1C(=O)C(CC(=O)c1cccs1)c1ccsc1
mol_2748,CSC1NC=Nc2c1sc(=S)n2-c1ccccc1
mol_2749,CCCCN(CCCC)C1=Nc2ccccc2-n2c(nnc2C(=O)OCC)C1
mol_2750,OCC1OC(n2cnc3c(SSc4ncnc5c4ncn5C4OC(CO)C(O)C4O)ncnc32)C(O)C1O
mol_2751,CNS(=O)(=O)c1c(NC=O)ncn1C
mol_2752,CSC1OC(C)(C)OC1=O
mol_2753,N=C(CSSCC(=N)NC1CCCCC1)NC1CCCCC1
mol_2754,Nc1c(F)c(F)c2c(c1F)N(CCCCCl)c1ccccc1S2
mol_2755,O=NNc1ccc(S(=O)(=O)c2ccc3ccccc3c2)cn1.[NaH]
mol_2756,[O+]#C[Fe+2]12345(C#[O+])([CH-]c6ccccc6[CH-][Fe+2]16789(C#[O+])(C#[O+])C1=C6[C-]7C8=C19)C1=C2[C-]3C4=C15
mol_2757,CC(C)C(Sc1nc(-c2ccccc2)c(-c2ccccc2)[nH]1)C(=O)NNC(=S)Nc1ccccc1
mol_2758,O=C(O)CCSSCCCCCS(=O)O.[NaH]
mol_2759,Clc1ccccc1CSc1ccc2nncc(SCc3ccccc3Cl)c2c1
mol_2760,O=C1Nc2ccccc2C(=O)C1=CNC(=S)NCc1ccccc1
mol_2761,O=C1C(=Cc2ccccc2[N+](=O)[O-])CCCc2ccccc21
mol_2762,CCN1C(=O)C(=O)OC1=C(c1ccccc1)c1ccccc1
mol_2763,Clc1nc2nc3ccccc3nc2nc1Cl
mol_2764,O=C1C2C3C=CC(C3)C2C2C3C=CC(C3)C12
mol_2765,Clc1ccc(-c2cc[s+]s2)cc1.O=S(=O)(O)O
mol_2766,OCCN(CCO)c1ccc2c(C(F)(F)F)cc(C(F)(F)F)nc2n1
mol_2767,Cc1ccc(-c2nnc(CCCCCCCCc3nnc(-c4ccc(C)cc4O)n3N)n2N)c(O)c1
mol_2768,CC1CCCC(C)N1Cc1cccnc1
mol_2769,O=C(O)c1cc(S(=O)(=O)NN=Cc2c3ccccc3[n+]([O-])c3ccccc23)ccc1O
mol_2770,Cc1cccc(C)c1NC(=O)CCc1nc(=S)[nH][nH]1
mol_2771,O=c1nc2ccc3sc4ccccc4c(=O)c3n2c(=O)[nH]1
mol_2772,CCOC(=O)C(=Cc1ccc([N+](=O)[O-])cc1)N(CC)CC
mol_2773,O=c1c2ccccc2nc(-c2ccccc2)n1N=Cc1ccccc1[N+](=O)[O-]
mol_2774,NS(=O)(=O)c1cc2c(cc1Cl)NC(CC1CCCC1)NS2(=O)=O
mol_2775,COc1ccc(N2C(=O)C(=O)N(c3ccccc3[N+](=O)[O-])C2=S)cc1
mol_2776,CSc1cc(O)nc(O)n1
mol_2777,Nc1ncnc2c1ncn2CC(=O)NCCCO
mol_2778,CC(O)CN(N)CC(C)O
mol_2779,S=c1sc2c(n1-c1ccccc1)N=CNC2S
mol_2780,CC(=O)C1CCC2C3CCC4=CC(=O)CCC4(C)C3CCC12C
mol_2781,C#CC1OC(C)(C)OC1C1OC(C)(C)OCC1O
mol_2782,CC(C)C(NC(=O)C(N)CSSCC(N)C(=O)NC(C(=O)O)C(C)C)C(=O)O
mol_2783,O=c1[nH]c(=O)n(C2OC(CO)C(O)C2O)c2nc(-c3ccc(-c4ccccc4)cc3)cnc12
mol_2784,Cc1ccc(C[N+](C)(C)c2ccccc2)o1
mol_2785,CCCCOC(=O)Oc1cc2c(c(OC)c1OC)-c1ccc(SC)c(=O)cc1C(NC(C)=O)CC2
mol_2786,C1=NN2C(c3ccccc3)=NOC2C2C(c3ccccc3)=NOC12
mol_2787,N#CC1=C(c2ccccc2)OC2(N)OC(c3ccccc3)=C(C#N)C12C#N
mol_2788,COc1ccc(C(=O)Nc2ccc(S(=O)(=O)NCC(=O)O)cc2)cc1
mol_2789,CCOC(=O)N1CCN(C(=O)Nc2cccc3ccccc23)CC1
mol_2790,c1cc2cc3c4c5c(cc6ccc7cc8cc9c%10c8c8c7c6c5c8c5c%10c(c1C9N1CCOCCOCCOCCOCCOCC1)c2c45)C3
mol_2791,Cc1ccc(C=C2CN(C)CC3C2=NN(c2ccccc2)C3c2ccc(C)cc2)cc1
mol_2792,CC(=O)OC1COC(c2ccccc2)OC1C1OC(c2ccccc2)OCC1OC(C)=O
mol_2793,O=C1C=CC(=O)c2c1ccc1c3ccccc3n(CCCCCCCCn3c4ccccc4c4ccc5c(c43)C(=O)C=CC5=O)c21
mol_2794,Cc1cc(C(=C2C=CC(=N)C=C2)c2ccc(N)cc2)ccc1N
mol_2795,CC=CC(O)(C(=O)OC1CN2CCC1CC2)C1CCCC1
mol_2796,CCOc1ccc(NC(=O)C2=C(C)NC(C)=C(C(=O)Nc3ccc(OCC)cc3)C2c2ccc([N+](=O)[O-])cc2)cc1
mol_2797,Cc1ccc(NC(=O)CC2Sc3ccccc3NC2=O)cc1C
mol_2798,CC(C)(c1ccc(Oc2ccc(C#N)c(C#N)c2)cc1)c1ccc(Oc2ccc(C#N)c(C#N)c2)cc1
mol_2799,COC1C=COC2(C)Oc3c(C)c(O)c4c(O)c(c(C=NNC(=N)N[N+](=O)[O-])c(O)c4c3C2=O)NC(=O)C(C)=CC=CC(C)C(O)C(C)C(O)C(C)C(OC(C)=O)C1C
mol_2800,Cn1c2c(c(=O)n(C)c1=O)CS(=O)c1ccccc1N2
mol_2801,O=C(O)c1c(-c2ccccc2)nn2c1ccc1ccccc12
mol_2802,COCC#CC1(O)CCCCC1CC(OC)OC
mol_2803,C[N+]1(CCN[N+]2(C)CCCCC2)CCc2ccccc2C1
mol_2804,CC1(C)C2CC(=O)C1(C)C(OCc1ccccc1)C2Br
mol_2805,CC1(C(=O)O)CCC2(C)CCC3(C)C(=CC(=O)C4C5(C)CCC(OC6OC(C(=O)O)C(O)C(O)C6OC6OC(C(=O)O)C(O)C(O)C6O)C(C)(C)C5CCC43C)C2C1.NCCCCN
mol_2806,CC(=NNC(=O)c1ccncc1)c1cccc(C(F)(F)F)c1
mol_2807,CCCCC(C)CCC(O)=C1C(=O)OC(CC(=O)O)C1=O
mol_2808,COC1=Nc2ccccc2S(=O)(=O)C=C1
mol_2809,Cc1c(N)c(C#N)c2n(C)c3ncccc3n2c1=O
mol_2810,CC(C)C1CC=CC2C3C(C)(O)CCC(Br)C3(C)CCC21CBr
mol_2811,O=C(NN=Cc1ccccc1)c1c(F)c(F)c(F)c(F)c1F
mol_2812,N=c1[nH]cc(C=CCNC(=O)c2ccc[nH]2)[nH]1
mol_2813,Cc1ccc(S(=O)(=O)NN=CC2(c3ccccc3)c3ccccc3-c3ccccc32)cc1
mol_2814,O=C(C(Cl)=C(Nc1ccccc1)Nc1ccccc1)C(Cl)Cl
mol_2815,Cn1c(=O)[nH]c2c(c1=O)CCCS2
mol_2816,COC(=O)n1c(=O)n(-c2ccccc2)c(=O)n1C(=O)OC
mol_2817,C1CCC2SSC3CCCCC3SSC2C1
mol_2818,CC(=O)OCC1CN(OC(C)=O)CC(n2cc(C)c(=O)[nH]c2=O)O1
mol_2819,O=C1c2c(O)cccc2C(C2OC(CO)C(O)C(O)C2O)c2cc(CO)cc(O)c21
mol_2820,CCOC(=O)C(Cc1c(-c2[nH]c3ccccc3c2CC(NC(=O)CNC(C)=O)C(=O)OCC)[nH]c2ccccc12)NC(=O)CNC(C)=O
mol_2821,COc1cc2c(cc1OC)C1c3ccccc3CCCN1CC2
mol_2822,O=C(Cc1ccccc1)NC1COC(=O)C2CCCN2C(=O)C2CCCN2C1=O
mol_2823,COc1ccc(-c2oc3cc(OC)c(OC)c(O)c3c(=O)c2O)cc1O
mol_2824,S=C(NN=CC=NNC(=S)N1CCCCCC1)N1CCCCCC1
mol_2825,Cc1ccc(SSc2ccc(C)c(Cl)c2)cc1Cl
mol_2826,CC(C)(C)[Si](C)(C)OCC1OC(n2ccc(=O)[nH]c2=O)C(O[Si](C)(C)C(C)(C)C)C12OC2C(=O)NO
mol_2827,CC1=CC(=O)N(c2c(C)cccc2Cl)C(C)N1
mol_2828,O=C(C=Cc1ccccc1)c1ccc(Oc2ccccc2)cc1
mol_2829,CC(=NNS(=O)(=O)c1ccc(N)cc1)c1ccccc1O
mol_2830,CC1(Br)CN(C(=S)Nc2ccccc2)C1=O
mol_2831,CCSC1=NC(=Cc2ccco2)C(Nc2ccc(C)cc2)=N1
mol_2832,CC(=O)NNC(=S)NC=C(C(C)=O)C(=O)Nc1ccc([N+](=O)[O-])cc1
mol_2833,Cc1cc(N(CCC#N)S(=O)(=O)c2ccccc2)ccc1C=Nc1cccc(C(=O)O)c1
mol_2834,COc1ccc(C=CC(=O)c2cc(C(C)(C)C)c(O)c(C(C)(C)C)c2)cc1
mol_2835,CCOC(=O)CC(C)C1(C(=O)OCC)CCCCC1=O
mol_2836,O=[N+]([O-])c1ccc(-n2nc3ccc4c(no[n+]4[O-])c3[n+]2[O-])c([N+](=O)[O-])c1
mol_2837,CC1(Cl)CC2C(CC1Sc1nnnn1-c1ccccc1)C2(C)C
mol_2838,OCC1CC(F)C(n2cnc3c(F)ncnc32)O1
mol_2839,Nc1ncnc2c1nc1n2C2OC(CO)C(O)C2O1
mol_2840,COc1ccc(C2C(C)C3C(=O)C=CC(=O)C32)cc1OC
mol_2841,Oc1ncnc2sc(Nc3ccccc3)nc12
mol_2842,O=c1cc[nH]c(=O)n1C1CCC(CO)O1
mol_2843,CCN1C(=O)C(=CC=CC=C2N(C)c3ccccc3C2(C)C)C(=O)N(CC)C1=S
mol_2844,O=C(C=Cc1ccc(OCc2cccc(Cl)c2)cc1)NO
mol_2845,C(=Cc1ccccc1)C1=[O+][Cu-3]2([O+]=C(C=Cc3ccccc3)CC(c3ccccc3)=[O+]2)[O+]=C(c2ccccc2)C1
mol_2846,CCCCCCCCCCCCCCCCCCN1CN(CO)C(=O)N(CO)C1
mol_2847,COc1ccc(NC(=O)C(=Cc2ccc(N(CCC#N)CCC#N)cc2)NC(=O)c2cc([N+](=O)[O-])ccc2Cl)cc1
mol_2848,Cc1cc(Cl)ccc1NC1=NC(=O)C(CC(=O)Nc2cccc(C)c2C)S1
mol_2849,COc1cc(OC)c(C=Cc2nccc3ccccc23)c(OC)c1
mol_2850,CC1CCCN2C(=O)CN(C3CCCCC3)CC(=O)N12
mol_2851,COCc1cc2c(cc1C(=C[N+](=O)[O-])CS(=O)(=O)c1ccccc1)OCO2
mol_2852,COc1ccc(C(=O)C=Cc2ccc3c(c2)OCO3)c(O)c1
mol_2853,COc1ccccc1C(=O)NO
mol_2854,COc1ccc(CCNC(=O)CCc2ccccc2CO)cc1OC
mol_2855,CC12CCC(C(Br)C1=O)C2(C)CS(=O)(=O)O
mol_2856,CCOC(=O)C1=CC(C)(C(=O)OCC)Nc2c(O)nc(N)nc2N1
mol_2857,COc1ccc2nc(CC(C)C)c3c(c2c1)-c1ccccc1C3=O
mol_2858,Cc1csc(=S)n1OC(=O)NC1CCCCC1
mol_2859,N.O=C(O)c1cc(C(=CCC23CC4CC(CC(C4)C2)C3)c2cc(Cl)c(O)c(C(=O)O)c2)cc(Cl)c1O
mol_2860,Clc1ccc(C=Nc2ccc(SSc3ccc(N=Cc4ccc(Cl)cc4)cc3)cc2)cc1
mol_2861,c1ccc(-c2c3c(nc4c2CCC4NC2=NCCN2)C(NC2=NCCN2)CC3)cc1
mol_2862,C=CCC(N)C(=O)N(C)C(C)C(O)c1ccccc1
mol_2863,CC1(C)CN=C(Nc2ccc(F)c(F)c2)S1
mol_2864,O=C(c1ccccc1)c1nc2ccc(Cl)cc2cc1C(Br)Br
mol_2865,O=C(CCCc1ccccc1)NO
mol_2866,C=CC1(c2ccc3ccccc3c2)OCC(CC)O1
mol_2867,CC(=O)ONC(C(=O)C(C)(C)C)C(=O)C(C)(C)C
mol_2868,CCOP(=O)(O)C1C(CO)OC(n2ccc(=O)[nH]c2=O)C1O
mol_2869,O=C1Oc2ccccc2C(=O)C1=CNC(=S)NCCc1ccccc1
mol_2870,CC(C)(C)C1COC2(C)C3CC3C(=O)N12
mol_2871,N#CC12CCC1C1CCCCC12N1CCSCC1
mol_2872,O=Cc1ccc2c(c1)C(O)NC(=O)O2
mol_2873,CCN(CC)CCn1c(Cc2ccc(OC)c(OC)c2)nc2ccccc21.Cl
mol_2874,ON=C(c1ccccc1)N1CCCCC1
mol_2875,COc1cc(N=Nc2ccccc2)cc2c1[OH+][Mo-](=O)(=O)([Mo-]1(=O)(=O)[OH+]c3c(cc(N=Nc4ccccc4)cc3OC)C=[N+]1[N-]C(N)=S)C[N+]([N-]C(N)=S)=C2
mol_2876,CC(C)(Cc1ccccc1)N1C(=O)N1C(C)(C)Cc1ccccc1
mol_2877,COc1ccc(OC)c(NC(=O)C(=O)C(C(C)=O)c2nc3ccc(Cl)cc3nc2O)c1
mol_2878,CCOC(=O)c1c(NS(=O)(=O)c2ccc(Br)cc2)sc2c1CCCC2
mol_2879,Oc1cc2cc(O)nc(O)c2c(O)n1
mol_2880,CCC(NC(=O)OC(C)(C)C)C(=O)NCP(=O)(OCc1ccc([N+](=O)[O-])cc1)OCc1ccc([N+](=O)[O-])cc1
mol_2881,Cc1c2c(n(CC(c3ccccc3)c3ccccc3)c1C)NN=C(C#N)S2(=O)=O
mol_2882,CCc1cc(Cc2cc(CC)c(NC(=O)C(=O)Cc3ccccn3)c(CC)c2Cl)c(Cl)c(CC)c1NC(=O)C(=O)Cc1ccccn1
mol_2883,Nc1ccc(Nc2nc(F)nc(-c3c4ccccc4c4n3CCS4)n2)cc1
mol_2884,O=C1OC(CC(=O)c2ccc(Cl)c(Cl)c2)C(Cl)=C1Cl
mol_2885,O=Cc1c2c(cc3c1CC1(C3)Cc3cc4c(c(C=O)c3C1)CCCC4)CCCC2
mol_2886,COc1ccc(CCCCl)c(C2=NCCc3ccccc32)c1.Cl
mol_2887,Clc1ccc2nc(-c3ccccc3)nc(Cl)c2c1
mol_2888,CCC(N)CS(=O)(=O)O
mol_2889,O=C1C2CC=CCC2C(=O)N1n1c(Cc2ccc(Cl)cc2)n[nH]c1=O
mol_2890,COc1ccc2nc(CC(=N)c3ccc(N(C)C)cc3)ccc2c1
mol_2891,O=C(Nc1ccc(Cl)cc1)Nc1ccc(Cl)c(C(F)(F)F)c1
mol_2892,COC1=NC2=CC(=O)c3c(c(OC(C)=O)c(C)c4c3C(=O)C(C)(OC=CC(OC)C(C)C(OC(C)=O)C(C)C(O)C(C)C(OC(C)=O)C(C)C=CC=C1C)O4)C2=O
mol_2893,NC(CCC(=O)NC(CS(=O)(=O)O)C(=O)O)C(=O)O
mol_2894,CCOC(=O)CC12CCCNC1(C)CCc1ccccc12.Cl
mol_2895,[O-][Cl+3]([O-])([O-])[O-].c1cc[n+]2c(c1)-c1cccc[n+]1[Pd-2]21NCCN1
mol_2896,COC1(c2cccs2)OC(=O)c2c([N+](=O)[O-])cccc21
mol_2897,C=CCc1ccccc1N(C(=O)c1ccccc1)C(C(=O)OCC)c1ccccc1
mol_2898,CC(C)(C)OC(=O)N(CCCN)CCCCN
mol_2899,O=C(NO)c1cccc(OCc2ccc(Br)cc2)c1
mol_2900,N[Co-4](N)(N)([N+](=O)[O-])([N+](=O)[O-])[N+](=O)[O-]
mol_2901,CC1(CC2=C(Br)CCCC2)C(=O)CC=C1O
mol_2902,CCOc1ccc(C=C(Cl)c2ccc(OC)c(OC)c2)cc1
mol_2903,CCC1=NC(NN=Cc2ccco2)=NC1=Cc1ccccc1O
mol_2904,CC(=O)Nc1ncc(Sc2ccc([N+](=O)[O-])cc2)s1
mol_2905,CC(CNC(=O)c1ccccc1)(CNC(=O)c1ccccc1)[N+](=O)[O-]
mol_2906,O=C1C(Cl)N(c2ccccc2[N+](=O)[O-])C1c1c[nH]c2ccccc12
mol_2907,O=C(O)Cc1cccc2c(=O)c(-c3ccccc3)coc12
mol_2908,O=C(OCCN=c1c2ccccc2ccc2ccccc12)c1ccccc1
mol_2909,CSc1nc2cc(Cl)ccc2c2c1C=NCCN2
mol_2910,NC(CCCCCP(=O)(O)O)C(=O)O
mol_2911,CCCCC1(CCO)C(=O)NC(=S)NC1=O
mol_2912,Cc1cn(C2CC(O)C(COC(=O)NCCC(F)(F)C(F)(F)C(F)(F)C(F)(F)F)O2)c(=O)[nH]c1=O
mol_2913,CCOC(=O)c1cc(-c2ccccc2)c(OC)c(=O)nc1-c1ccccc1
mol_2914,CCCCCCCCCCNC(=S)OCCCC
mol_2915,CCOC(=O)CCC(NC(=O)CNC(=O)CNC(=O)C(CCC(=O)OCC)NC(=O)C(CCC(=O)OCC)NC(=O)C(CCC(=O)OCC)NC(=O)OCc1ccccc1)C(=O)NC(CCC(=O)OCC)C(=O)NC(CCC(=O)OCC)C(=O)OCC
mol_2916,O=C(c1ccc(Cl)cc1)N(C(=O)N1CCC(c2ccccc2)CC1)c1ccccc1
mol_2917,CC(=O)c1c(P(=O)(OC(C)C)OC(C)C)nn(-c2ccc([N+](=O)[O-])cc2)c1C
mol_2918,CCOP(=O)(OCC)C(C1OC(n2ccc(=O)[nH]c2=O)C(O[Si](C)(C)C(C)(C)C)C1O[Si](C)(C)C(C)(C)C)N(C)O
mol_2919,CC(=O)Nc1ccc(C=c2sc3nnc(-c4cccnc4)n3c2=O)cc1
mol_2920,O=Nc1c(-c2ccccc2)nc2cnccn12
mol_2921,CN(C)c1ccc(C=C(NC(=O)c2ccccc2)C(=O)Nc2cccc(C(=O)NCCCO)c2)cc1
mol_2922,Cc1ccc(C)c2c1CCc1cc3ccccc3nc1-2
mol_2923,O=S(=O)(C=Cc1ccc(Cl)cc1Cl)Cc1ccccc1CS(=O)(=O)C=Cc1ccc(Cl)cc1Cl
mol_2924,CN1CC(=CC=Cc2ccccc2)C(=O)C(=CC=Cc2ccccc2)C1.Cl
mol_2925,CCN(CC)CCNC(=O)c1cn2c(ccc3sc4ccccc4c(=O)c32)n1
mol_2926,CC1=C(O)C(=O)C(C2=C(O)C(=O)C(C)=C(O)C2=O)=C(O)C1=O
mol_2927,NCC(O)c1ccc(Nc2ccnc3cc(Cl)ccc23)cc1
mol_2928,O=C(O)CCC(=O)c1ccc2oc3ccccc3c2c1
mol_2929,CCOC(=O)C(NC(=O)CC(C)C)(NC(C)C)C(F)(F)F
mol_2930,N#CC1=C(N)Oc2cc(O)cc(O)c2C1c1ccccc1
mol_2931,C=C1C(=O)C23C(O)C1CCC2C12COC3(O)C(O)C1C(C)(C)CCC2O
mol_2932,CN1CCc2c(sc3nc(Nc4ccccc4)n(N)c(=O)c23)C1
mol_2933,O=CC(CO)OC(C=O)c1cnc(O)nc1O
mol_2934,Cc1ccccc1N1C(N)=C(C#N)C(C#N)(C#N)C1c1ccccc1
mol_2935,C1=CC2C=CC(C=C1)P2c1ccccc1
mol_2936,CC1=CC(=NN(C2=[S+][Cu-3]3([S+]=C(N(N=C4C=C(C)OC(=O)C4=CO)c4ccccc4)[SH+]3)[SH+]2)c2ccccc2)C(=CO)C(=O)O1
mol_2937,CC(C)[N+](C)(C)CC(O)COc1cccc2ccccc12
mol_2938,O=C1C(=CNC(=S)NCc2ccccc2)C(=O)c2ccccc21
mol_2939,CCCCN(CCCC)C(=O)COc1cc2c(O)c3c(O)c(C)c4c(c13)C(=O)C(C)(OC=CC(OC)C(C)C(OC(C)=O)C(C)C(O)C(C)C(O)C(C)C=CC=C(C)C(=O)N2)O4
mol_2940,COC(=O)C1(C)CCCC2(C)C1CCC1=CC3(C(C)C)CCC12OO3
mol_2941,S=C(SSSSC(=S)N1CCCCC1)N1CCCCC1
mol_2942,O=C1NC2(CCN(Cc3ccccc3)CC2)Oc2ccccc21
mol_2943,CC(=O)NC1NCCNC1=O
mol_2944,CC1(C)OC2C(=O)C=C(COCc3ccccc3)C2O1
mol_2945,N#Cc1nc(C#N)c(NC(=O)c2ccccc2C(=O)O)[nH]1
mol_2946,O=[N+]([O-])C=C(c1ccc(Cl)cc1)c1ccc(Cl)cc1
mol_2947,Cc1ccc(N2COc3ccc4ccccc4c3C2)cc1
mol_2948,O=C(NC=C1C(=O)Oc2ccccc2C1=O)Oc1ccccc1
mol_2949,CCOC(=O)C(=Cc1cccc(Br)c1)P(=O)(OCC)OCC
mol_2950,CCCCCCCNC(=S)NN=Cc1ccccc1O
mol_2951,CC(C)(C)OC(=O)NC(Cc1ccccc1)C(=O)OCN1C(=O)C2C3C=CC(C2C1=O)C1C2C(=O)N(COC(=O)C(Cc4ccccc4)NC(=O)OC(C)(C)C)C(=O)C2C31
mol_2952,O=c1c(I)c[nH]cc1I
mol_2953,COc1cccc(OC)c1C=C1OC(=O)c2cccc(OC)c21
mol_2954,CC(C)C1CC=CCC12C(=O)NC(=O)NC2=O
mol_2955,NCCCCC(NC(=O)OCc1ccccc1)C(=O)NCC(N)=O
mol_2956,S=C1NC2(CCCCC2)N2C(=S)NC3(CCCCC3)N12
mol_2957,Cc1cc2c(cc1C)Nc1oc3ccc4ccccc4c3c(=O)c1C=N2
mol_2958,O=C(C(=NNc1ccc([N+](=O)[O-])cc1)c1ccccc1)c1ccccc1
mol_2959,Cc1nc2ccccc2c(=O)n1NC(=S)Nc1ccc(Cl)cc1[N+](=O)[O-]
mol_2960,CN1CCC(O)(C(C)(C)C)CC1.O=C(O)C(=O)O
mol_2961,COc1cc(O)c2cc1Oc1ccc(cc1)CC1=NCCc3cc(OC)c(cc31)Oc1c(OC)c(OC)c(OC)c3c1C(C2)N(C)CC3
mol_2962,C[N+]12CCCCC1C(CN1C(=O)CCCC1=O)CCC2.[I-]
mol_2963,Cc1c(Cl)ccc2c(=O)c3cccc(CC(=O)O)c3oc12.[NaH]
mol_2964,Cl.O=C1c2ccccc2Sc2ccccc2N1CCCN1CCN(c2ccc(F)cc2)CC1
mol_2965,O=c1[nH]n(Cc2ccccc2Cl)c2ccccc12
mol_2966,Oc1cc(NNc2ccc(F)cc2)nc(O)n1
mol_2967,Cc1cc(O)n2cnnc2n1
mol_2968,CCCN(C)C(=O)COc1cc2c(O)c3c(O)c(C)c4c(c13)C(=O)C(C)(OC=CC(OC)C(C)C(OC(C)=O)C(C)C(O)C(C)C(O)C(C)C=CC=C(C)C(=O)N2)O4
mol_2969,COc1cc2c(o1)C(=O)N1CCc3c([nH]c4ccccc34)C21
mol_2970,O=C1C(c2ccc(Cl)cc2)=[N+]([O-])c2ccccc21
mol_2971,CC1=Nc2ncnn2C1=NNc1ccccc1
mol_2972,N#CC(=Cc1cccc(N)c1)c1ccccc1
mol_2973,CN1C(=O)n2c(nc3ccccc32)C(N=[N+]=[N-])(N=[N+]=[N-])C1=O
mol_2974,CC(CNNC(=N)N)NNC(=N)N.O=S(=O)(O)O
mol_2975,COc1cc2c(cc1O)C(C)C(c1ccc(Cl)cc1)O2
mol_2976,CCN(CC)C(=S)SC1C(=O)NC(=O)NC1=O
mol_2977,CC(C)CCCC(C)C1CCC2C3CCC4CC(CCC=C(c5cc(Cl)c(O)c(C(=O)O)c5)c5cc(Cl)c(O)c(C(=O)O)c5)CCC4(C)C3CCC12C.OCCN1CCCC1
mol_2978,O=C(NN=Cc1ccco1)c1cccnc1
mol_2979,CCOC(=O)C(=Cc1ccc([N+](=O)[O-])cc1)C(C)=O
mol_2980,Cc1nc2c(O)c3c(c(O)c2nc1C)C1C=CC3CC1
mol_2981,C=C1c2ccccc2N(S(=O)(=O)c2ccc(C)cc2)C12CCCCC2
mol_2982,O=C(O)C1=C(O)C(C(=O)O)C23CCCCCCCCCCC12C(C(=O)O)C(O)=C3C(=O)O
mol_2983,Cc1ccc(C=CC(=O)C(C)C)cc1
mol_2984,COc1cc2nncc(SCc3ccc(Cl)cc3)c2cc1OC
mol_2985,COc1ccc(C(=O)C(c2ccc(OC)cc2)C2(O)C(=O)Nc3ccc([N+](=O)[O-])cc32)cc1
mol_2986,Cc1c(Cl)cccc1Nc1ncccc1C(=O)O
mol_2987,O=C1OCCOCCOC(=O)c2cccc(n2)C(=O)OCCOCCOC(=O)c2cccc1n2
mol_2988,O=C(C=Cc1cccs1)c1ccsc1
mol_2989,CCCNC(=S)NNC(=O)CSc1nc(-c2ccccc2)c(-c2ccccc2)[nH]1
mol_2990,CCOC(=O)CCC(NC(=O)c1ccc(OCc2ccc3nc(-c4ccccc4)c(Cl)nc3c2)cc1)C(=O)OCC
mol_2991,N=c1[nH][nH]c(=N)[nH]1
mol_2992,CCOC(=O)C1CCCc2sc(N)c(C#N)c21
mol_2993,C[n+]1c(COc2ccc(C=NNc3ccnc(NN=Cc4ccc(OCc5cn6ccccc6[n+]5C)cc4)n3)cc2)cn2ccccc21
mol_2994,OCC1CC(F)C(n2cnc3c(NOCc4ccccc4)ncnc32)O1
mol_2995,N[Co-4](N)(N)(N)(N)[OH+][N+](=O)[O-].[O-][Cl+3]([O-])([O-])O
mol_2996,O=C(CCc1ccccc1)CC1OC(=O)C(Cl)=C1Cl
mol_2997,O=C(C=Cc1ccccc1)C=Cc1ccccc1O
mol_2998,Cn1c(=S)[nH]c(N)c(Cc2ccccc2)c1=O
mol_2999,Cc1n[nH]c(=O)n1N=Cc1ccccc1
mol_3000,C=C1C(=O)OC2C1C(OC(=O)C(C)=CCOC(C)=O)CC1(CO1)C1C(O)C3OC3(C)C21
mol_3001,CCNc1cc2oc(=O)cc(C)c2cc1C
mol_3002,CSc1n(N)cn[n+]1CC(=O)OC(C)(C)C.[I-]
mol_3003,Cc1ccc2c(c1)C(C(=O)NC1C(=O)N3C1SC(C)(C)C3C(=O)O)OCCC2.[NaH]
mol_3004,COc1cccc(Oc2c(O)c3ccc(OC)cc3oc2=O)c1
mol_3005,CC1OC(OC2C3C=COC(OC4OC(CO)C(O)C(O)C4O)C3C3(COC(=O)C=Cc4ccccc4)OC23)C(O)C(O)C1O
mol_3006,COc1ccc(C=c2sc3nc(-c4ccccc4)nn3c2=O)cc1
mol_3007,O=c1c2c(nc3[nH]ccn13)CCC2
mol_3008,Cc1[nH]c(=N)sc1C(=O)C=Cc1ccc2c(c1)OCO2
mol_3009,CN(C)c1ccc2nc(CC(O)(C(F)(F)F)C(F)(F)F)ccc2c1
mol_3010,Cc1cc(S(=O)(=O)NC2=NCc3nc4ccccc4n32)c(S)cc1Cl
mol_3011,ON=C1CC2(N3CCOCC3)CCC1(Cc1ccccc1)CC2
mol_3012,CC(=O)Oc1cc(C)c2c(c1OC(C)=O)CC1(O2)C(C)CCC2C3(C)CCC(OC(C)=O)C(C)(C)C3CCC21C
mol_3013,COc1cc(C=C2Cc3ccccc3C2=O)cc(OC)c1OC
mol_3014,CCOC(=O)N=NC(=O)OCC
mol_3015,O=C(Nn1c(-c2ccccc2)nc2ccccc2c1=O)c1cccc([N+](=O)[O-])c1
mol_3016,O=C(CCC(=O)Nc1cccc(Cl)c1)CC(=O)c1ccc(Cl)cc1
mol_3017,CC(=O)OC(CC1(C)C(C)CCC23COC(=O)C2=CCCC31)C1=CC(=O)OC1O
mol_3018,O=C1OCN(c2ccccc2)C12CCN(Cc1ccccc1)CC2
mol_3019,CCc1n[nH]c(CC)c1CCCCCCOc1ccc(OC)cc1Cl
mol_3020,CC(C)N(C(=O)C12C3C4C1C1C2C3C41C#N)C(C)C
mol_3021,CC1(C)OC2COC(=O)C2O1
mol_3022,CCOC(=O)c1ccc(N=C2C(=S)N(c3ccc(C(=O)OCC)cc3)C(=N)N2N=Cc2ccccc2)cc1
mol_3023,C#CC(O)Cc1ccc(OC)c2occc12
mol_3024,COc1ccc(C2=CC(=Cc3ccc(N(CCC#N)CCC#N)cc3)C(=O)O2)cc1
mol_3025,COc1ccc2c(ccc3[nH]c4c(C)cnc(NCCCN)c4c32)c1
mol_3026,COc1cc(C=Cc2ccc(C=Cc3cc(OC)c(OC)c(OC)c3)cc2)cc(OC)c1OC
mol_3027,CC(C)c1cccc(C(C)C)c1NC(=O)CCC(=O)NN
mol_3028,Cc1ccc2oc(=O)ccc2c1
mol_3029,NCc1c(C(N)=O)ncn1Cc1ccccc1
mol_3030,Cc1cccc(N=Nc2c(C)nn(C(=O)CC(=O)Nc3ccccc3)c2C)c1
mol_3031,COc1cc2c(cc1O)CC13CCC(=O)N1CCc1cc(OC)c(O)c-2c13
mol_3032,CC1(C)[N+]([O-])=[N+]([O-])C1(Br)c1ccccc1
mol_3033,N#CC(=Cn1c(=S)[nH]c2ccc([N+](=O)[O-])cc21)C(=O)c1ccc2ccccc2c1
mol_3034,O=C(O)c1ccc(CI)cc1
mol_3035,Cc1ccc(SCC(CF)OCn2cc(F)c(=O)[nH]c2=O)cc1
mol_3036,Cc1ccc(N=Nc2cc(O)nc(O)n2)cc1C
mol_3037,CC(=O)OCCCCn1cnc2nc(Nc3ccccc3)nc(Cl)c21
mol_3038,O=C(O)C1C(C(=O)O)C2C=CC1C21CCCC1
mol_3039,Cc1c2ccccc2n[c-](CSCCO)[n+]1=O
mol_3040,COC(=O)C1=C(C=O)C2C=CC1C2
mol_3041,CCC(C)C(NC(=O)N(CCC#N)CCN(CCN(C(=O)NC(Cc1ccccc1)C(=O)OC)c1ccccc1)C(=O)NC(C(=O)OC)C(C)C)C(=O)OC
mol_3042,CCOC(=O)C1C2CCCCC23C(Cl)(Cl)C32CC1(C(=O)OCC)CCC(=O)O2
mol_3043,COc1ccc(NC(=O)c2c(NC(=O)CN3CCOCC3)c(C#N)c3n2CCC3)cc1
mol_3044,O=c1oc2cc(O)ccc2c(O)c1Cc1c(O)c2ccc(O)cc2oc1=O
mol_3045,CNc1ccc(Cl)cc1S(=O)(=O)c1ccccc1Br
mol_3046,COC(OC)(c1ccccc1)C(I)I
mol_3047,Cc1nc(NC(=O)CCCCCCCCC(=O)Nc2nc(C)c(C(=O)C=Cc3ccc(C=CC(=O)c4sc(=N)[nH]c4C)cc3)s2)sc1C(=O)C=Cc1ccc(C=CC(=O)c2sc(=N)[nH]c2C)cc1
mol_3048,C=C1c2nc3ccccc3n2C=C(c2ccccc2)N1c1ccc([N+](=O)[O-])cc1
mol_3049,CCOC(NC(=O)CC)(C(F)(F)F)C(F)(F)F
mol_3050,COc1ccc(C(=O)C=Cc2ccc(OCCSCCCCCCCCCCSCCOc3ccc(C=CC(=O)c4ccc(OC)cc4)cc3)cc2)cc1
mol_3051,CN1CCc2cc(O)c3cc2C1Cc1ccc(cc1)Oc1cc(ccc1OC(=O)C(C)(C)C)CC1c2c(cc(OC(=O)C(C)(C)C)c(OC(=O)C(C)(C)C)c2O3)CCN1C
mol_3052,COc1cc(C=CC(=O)c2ccc(O)c(OC)c2)ccc1O
mol_3053,COc1ccc2c3c(c(C(=O)O)oc13)CCC2
mol_3054,CC(C)(C)NN=Nc1cn(C2OC(CO)C(O)C2O)c(=O)[nH]c1=O
mol_3055,O=S(=O)(c1ccc(NC(=S)Nc2ccccc2)cc1)c1ccc(NC(=S)Nc2ccccc2)cc1
mol_3056,CCc1cc2c(oc3c4ccccc4ccc23)c(O)n1
mol_3057,Cc1ccccc1S(=O)(=O)N1CCN(S(=O)(=O)c2ccccc2C)CC1
mol_3058,COC1OC(=O)c2ccccc21
mol_3059,O=C1NC(=S)NC1=Cc1c(-c2ccccc2)[nH]c2ccccc12
mol_3060,CCC(C)C(NC(=O)C(N)CCC(=O)O)C(=O)NC(CCCCN)C(=O)NCC(=O)NC(C(=O)NC(C(=O)NC(CC(=O)O)C(=O)NC(CC(C)C)C(=O)NCC(=O)NC(CCCCN)C(=O)O)C(C)O)C(C)O
mol_3061,N#CC(=CNC(=S)Nc1ccccc1Cl)C(=O)c1ccc2ccccc2c1
mol_3062,Cc1cn(CCCCCCOC(=O)NC(CCCNC(N)=O)C(=O)O)c(=O)[nH]c1=O
mol_3063,CCCCCCCCCCCCCC(=O)NCC(=O)NC(CC(N)=O)C(=O)NC(C)C(=O)NC(C)C(=O)NC(C)C(=O)NC(C)C(=O)NC(CCCCN)C(=O)NC(CCCCN)C(=O)NCC(=O)NC(Cc1ccc(O)cc1)C(N)=O
mol_3064,CC1(C)OC(=O)C(c2ccsc2)C(=O)O1
mol_3065,O=[N+]([O-])c1cc2c(cc1O)[nH]c1cccc([N+](=O)[O-])c12
mol_3066,CCOC(=O)NC(=O)c1cn(CCCCCOC(=O)NCCCCCCNC(=O)OCCCCCn2cc(C(=O)NC(=O)OCC)c(=O)[nH]c2=O)c(=O)[nH]c1=O
mol_3067,O=C(CCSSCCC(=O)ON1C(=O)CCC1=O)ON1C(=O)CCC1=O
mol_3068,CC(C)=CCNc1ncnc2c1ncn2CCC(=O)O
mol_3069,Cl.NN=C(CCN1CCCC1)CC(c1ccccc1)c1c(O)c2ccccc2oc1=O
mol_3070,CC(=O)C(=N)NCc1ccccc1
mol_3071,O=c1c(O)c(-c2ccc(O)cc2O)oc2cc(O)cc(O)c12
mol_3072,COCN1C(=O)C2CCCN2C(=O)c2ccc(N)cc21
mol_3073,[Cl-].c1ccc(COc2cccc3ccc[n+](Cc4ccccc4)c23)cc1
mol_3074,N=C(N)NS(=O)(=O)c1ccc(NC(=O)c2cccc3c(NNc4ccc(S(N)(=O)=O)cc4)c4ccccc4nc23)cc1
mol_3075,CC1C(=O)N(c2ccccc2)NC12CCCc1ccccc12
mol_3076,COC(=O)c1ccccc1COC(=O)c1cc(C(=CCCC2CCC3(C)C(CCC4C3CCC3(C)C(C(C)CCCC(C)C)CCC43)C2)c2cc(Cl)c(OCc3ccccc3C(=O)OC)c(C(=O)OCc3ccccc3C(=O)OC)c2)cc(Cl)c1OCc1ccccc1C(=O)OC
mol_3077,CNC(=O)NCCCCC(NC(C)=O)C(=O)NCc1ccccc1
mol_3078,CC(C)NC(=O)OCc1c(COC(=O)NC(C)C)n(C)c2c1ccc1ccccc12
mol_3079,O=c1c2ccccc2[nH]c2c(Cl)cc(Cl)c(N3CCCCC3)c12
mol_3080,CC(C)(C)OC(=O)C1CCCC1=NNc1ccc([N+](=O)[O-])cc1[N+](=O)[O-]
mol_3081,CN1[PH](F)(F)[Fe]23(C#[O+])(C#[O+])C(=O)[Fe]2(C#[O+])(C#[O+])([PH]1(F)F)[PH](F)(F)N(C)[PH]3(F)F
mol_3082,COC(=O)N1C2c3ccccc3C(c3ccccc32)N1C(=O)OC
mol_3083,CN1CC(=Cc2ccc(Cl)cc2)C2=C(C1)C(c1ccc(Cl)cc1)NC(=S)N2.Cl
mol_3084,COc1ccc(C2=C(OC(C)=O)c3cccn3-c3ccc(Cl)cc3S2)cc1
mol_3085,CC(C)NCC1CCc2cc(CO)c([N+](=O)[O-])cc2N1
mol_3086,CC(=O)OC1C(=O)C2(C)C(O)CC3OCC3(OC(C)=O)C2C(OC(=O)c2ccccc2)C2(O)CC(OC(=O)C(OC(=O)CCCC(=O)NCCCN(C)C)C(NC(=O)c3ccccc3)c3ccccc3)C(C)=C1C2(C)C.Cl
mol_3087,Cn1c2ccccc2n2c(=O)c3c(c(C#N)c12)CCCC3
mol_3088,COc1ccc(C2C(C#N)=C(S)N(C3OC(CO)C(O)C(O)C3O)C(C)=C2C(C)=O)cc1
mol_3089,Nc1ccc2nc(N)n[n+]([O-])c2c1
mol_3090,CC1(C)OC2(C)CCC1C(O)C2N1CCCCC1
mol_3091,O=C(c1nc2ccccc2nc1O)C(O)c1ccco1
mol_3092,CCOC(=O)c1[nH]c(COC(C)=O)c2c1CCCCCCCCCC2
mol_3093,CN1Cc2ccccc2C2C(c3ccccc3)=NN(c3ccccc3)C21
mol_3094,Cc1ccc(S(=O)(=O)NN=C2CCC(C(C)(C)C)CC2C)cc1
mol_3095,O=C(Nc1ccc(Cl)cc1)c1cc(S(=O)(=O)Nc2nc3cccnc3[nH]2)c(SSc2cc(Cl)c(C(=O)Nc3ccc(Cl)cc3)cc2S(=O)(=O)Nc2nc3cccnc3[nH]2)cc1Cl
mol_3096,CCCC1(C)OC(=O)C(c2ccccc2)O1
mol_3097,COC1(OC)CC2C(=O)CCCC21OC(C)=O
mol_3098,NC(C(F)(F)F)(C(F)(F)F)P(=O)(Cc1ccccc1)Cc1ccccc1
mol_3099,CC1(C)OCC(COC(=O)NCn2cc(-c3ccccc3)nn2)O1
mol_3100,CC1CCC2(CC1)CC(=O)N(N1CCOCC1)C(=O)C2
mol_3101,CCc1ccccc1NC(=O)C(CC(=O)c1c(C)[n+]([O-])c2ccccc2[n+]1[O-])=NNS(=O)(=O)c1ccc(C)cc1
mol_3102,O=C(CC(C(=O)c1ccco1)c1cccs1)c1cccs1
mol_3103,Cc1ccc(SCC(=O)C2=C(O)CCCC2=O)cc1
mol_3104,CC(CCN(C)C)=NO.Cl
mol_3105,CN(C)C(=S)SSC(=S)N(C)C
mol_3106,N=C1N(c2ccccc2)C(N)(N)SSC(N)(N)N1c1ccccc1
mol_3107,N#CC(N)(C(=O)C(=O)NCCCNC(=O)C(=O)C(N)(C#N)c1ccc(Cl)cc1)c1ccc(Cl)cc1
mol_3108,Cc1cn(C2CC(n3cncn3)C(C(C)O)O2)c(=O)[nH]c1=O
mol_3109,Cc1nc2c(nc1C)C(=O)C=CC2=O
mol_3110,Cc1nc(C)c(N2CCN(C(=O)NC(CCC(=O)O)C(=O)O)CC2)c(O)n1
mol_3111,Cc1cc(-c2ccc(N=Nc3c(S(=O)(=O)O)cc4cc(S(=O)(=O)O)cc(N)c4c3O)c(C)c2)ccc1N=Nc1ccc2c(S(=O)(=O)O)ccc(N)c2c1O
mol_3112,CC(OC(=O)C=Cc1ccc(O)c(O)c1)C(C)OC(=O)C=Cc1ccc(O)c(O)c1
mol_3113,O=c1c2ccccc2[se]n1-c1ccc(I)cc1
mol_3114,O=C1NC(N2CCOCC2)=NC1=Cc1ccccc1
mol_3115,N#Cc1c(-c2ccc([N+](=O)[O-])cc2)c(C#N)c(=O)n(NS(=O)(=O)c2ccccc2)c1O
mol_3116,CC(=O)C(=CC=C(c1ccc(N(C)C)cc1)c1ccc(N(C)C)cc1)C(C)=O
mol_3117,S=C1OC2CCCCC2O1
mol_3118,O=Cc1nc(O)nc(O)c1CO
mol_3119,CN(C)c1nc2n(CCO)ccnc-2c(=O)n1
mol_3120,CCCCCCCC(=O)NCC(O)CNC(=O)CCCCCCC
mol_3121,CN(C)c1ccc(N=Nc2cccc3ncccc23)cc1
mol_3122,Cc1cc(NS(=O)(=O)c2ccc(NC(=O)c3cccn4c(=O)c5ccccc5nc34)cc2)no1
mol_3123,Clc1ccc(C(OCn2ccnc2)c2nc3ccccc3[nH]2)c(Cl)c1
mol_3124,Cc1ccc(C(=O)ON=C2CCCCC2CN(C)C)cc1.Cl
mol_3125,CC1CCC2c3c([nH]c4ccccc34)C3C(=O)N(C4CCCCC4)C(=O)C3C2C1
mol_3126,CCOC(=O)C(CCc1ccccn1)C(C)=O
mol_3127,C#CCN(C)C(=O)N(CC#C)N=O
mol_3128,CC(C)c1ccc(C=C(NC(=O)c2ccccc2)c2nc3ccccc3[nH]2)cc1
mol_3129,COc1cc(C=C(NC(=O)c2ccccc2)c2nc3ccc4c(c3[nH]2)C(=O)c2ccccc2C4=O)cc(OC)c1OC
mol_3130,CC(C)(C)OC(=O)N1NC(c2ccccc2)CC1c1ccccc1
mol_3131,N=C(N)NCCCC(Nc1c2ccccc2nc2ccccc12)C(=O)O
mol_3132,C=C(C)C1CCC2(COC(=O)CC(C)(CC)CC(=O)O)CCC3(C)C(CCC4C5(C)CCC(OC(=O)CC(C)(CC)CC(=O)O)C(C)(C)C5CCC43C)C12
mol_3133,CCC(Cl)=NOC(=O)Nc1ccccc1OC(F)(F)F
mol_3134,CCOC(=O)C(C(=O)OCC)C(c1ccc(OC)cc1)N1CCN(C(c2ccc(OC)cc2)C(C(=O)OCC)C(=O)OCC)CC1
mol_3135,CCCCCCCCCC1C(C)c2c([nH]c3ccccc23)C2C(=O)N(c3ccccc3)C(=O)C21
mol_3136,O=C1C=C2C=CC3CC2(O1)C1CCCCN31
mol_3137,COc1ccc(CSC2=C(C#N)C(=O)NC3(CCCCC3)S2)cc1
mol_3138,CCSc1sc(=Nc2ccc(N=c3sc(C)c(SC)s3)cc2)sc1-c1ccc(C)cc1
mol_3139,CC1=NN(C(=O)c2ccccc2O)C(=O)C1=Cc1ccc(O)cc1
mol_3140,CSC(=S)OC1C(CO[Si](C)(C)C(C)(C)C)OC2OC(C)(C)OC21
mol_3141,O=C(O)Cc1cccc2c1OC(c1ccccc1)C(Cl)(C(=O)c1ccccc1)C2=O
mol_3142,CC(=O)OC12CCCCC1C1(O)C(O)CCCCC21
mol_3143,O=C(NCc1ccncc1)C1COc2cc(-c3cc(=O)c4ccccc4o3)ccc2O1
mol_3144,CC(CCC1(C)C(=O)CCC2OC21C)C1CC(c2ccoc2)OC1=O
mol_3145,O=c1c2ccccc2sc2cccc(NCCCN3CCN(CCCNc4cccc5sc6ccccc6c(=O)c45)CC3)c12
mol_3146,[O+]#C[Mo+]1234(C#[O+])([PH](Oc5ccccc5)(Oc5ccccc5)Oc5ccccc5)C5=C1[C-]2C3=C54
mol_3147,COC(=O)C(Br)C1CCc2ccccc21
mol_3148,CCCC[Sn](CCCC)(OC(=O)Cc1ccc(F)cc1)OC(=O)Cc1ccc(F)cc1
mol_3149,O=C1OCCCC2OC(COCc3ccccc3)CC12
mol_3150,C#CC(O)c1ccc(OC)c(OC)c1
mol_3151,CC1(C)COC(c2ccc(CC(O)c3ccccc3)cc2)=N1
mol_3152,O=C1C(=Cc2ccc(Cl)cc2)CCc2ccccc21
mol_3153,CNc1nc2c(C)ccc3[nH]c(N(C)C)nc3c-2n1
mol_3154,Cc1ccc(C(=O)OCC(C)C)cc1N=NN(C)C
mol_3155,O=C(C=Cc1cccc2ccccc12)c1ccccc1[N+](=O)[O-]
mol_3156,O=C1c2ccccc2-n2c1nc1ccccc1c2=O
mol_3157,CCCCc1c2c(nc3c1CCc1cc4cc5c(nc4nc1-3)-c1nc3c(c(CCCC)c1CC5)CCCC3=NOC)C(=NOC)CCC2
mol_3158,C=CC1(c2ccc(Br)cc2)OCCCO1
mol_3159,CC1C2Cc3ccc(O)cc3C1(C)CCN2CC1CC1
mol_3160,O=C1C2C(C(=O)N1Cc1ccccc1)N(Cc1ccccc1)C(=O)N2Cc1ccccc1
mol_3161,COC1(C)CCC2(O)C(=O)OC3C(O)COC32O1
mol_3162,CCOC(=O)N1CC(=Cc2ccccc2)C(=O)C(=Cc2ccccc2)C1
mol_3163,CC(C)(CO)CNc1nc(N)nc(Cl)c1C=NO
mol_3164,N#Cc1c(NC(=S)Nc2ccc(Cl)cc2)sc2c1CCCC2
mol_3165,COC(=O)C(Cc1ccccc1)OC(=O)C(N)CC(=O)O
mol_3166,CC(=O)Nc1ccc(CNc2cc(O)nc(O)n2)cc1
mol_3167,Clc1ccc2c(NCCCCN=Cc3ccccc3)ccnc2c1
mol_3168,CC12N=NN(c3ccc([N+](=O)[O-])cc3)C1(O)c1ccccc1C2=O
mol_3169,CC1CCc2c(c(CC3CC(=O)NC(=O)C3)nn2-c2ccccc2)C1
mol_3170,COc1ccc(C=C2CCCCC2=NO)cc1
mol_3171,Cc1ccc([N+](=O)[O-])c2c(NCCC[N+](C)(C)O)ccnc12.Cl.[Cl-]
mol_3172,CC12c3ccccc3C(c3ccccc31)C1C(=O)OC(=O)C12
mol_3173,O=C1c2sc(-c3ccc(Cl)cc3)cc2-n2cccc21
mol_3174,COc1cc2[nH]c(=O)[nH]c2c2c(C)c[nH]c12
mol_3175,N=C(N)NS(=O)(=O)c1ccc(NCc2c3ccccc3[n+]([O-])c3ccccc23)cc1
mol_3176,O=C1CC2CCC(C1)N2CC1COc2ccccc2O1
mol_3177,O=C(O)C(Cl)=C(Cl)C(=O)NC1C2CC3CC(C2)CC1C3
mol_3178,CCCN(CCC)c1nc2ccc(NC(=O)OCC)cc2s1
mol_3179,CC1(C)OC1COc1c2occc2cc2ccc(=O)oc12
mol_3180,c1ccc(CN2COc3c(c4c(c5ccccc35)OCN(Cc3ccccc3)C4)C2)cc1
mol_3181,S=C(NNc1ccccc1Oc1ccccc1)NNc1ccccc1Oc1ccccc1
mol_3182,O=C1C(Cl)N(c2ccccc2)C1c1c[nH]c2ccccc12
mol_3183,CC(C)C(Cl)=NOC(=O)Nc1ccc(C#N)cc1
mol_3184,COC(=O)C1C2CC3C(OC(=O)C31)C2I
mol_3185,COc1ccc(NC(=O)CC(=O)n2nc(C)c(N=Nc3ccc(C)c(C)c3)c2C)cc1
mol_3186,O=CC1CCC=CC1NC(=O)OCc1ccccc1
mol_3187,CNC1c2ccccc2C(=O)c2cc3c(cc21)OCCOCCOCCOCCO3
mol_3188,O=C(CC(=O)c1ccc(Cl)cc1)Cc1ccc2ccccc2n1
mol_3189,O=[N+]([O-])c1ccc(C=c2sc3scc(-c4ccc([N+](=O)[O-])cc4)[n+]3c2=Cc2ccc([N+](=O)[O-])cc2)cc1.[Br-]
mol_3190,O=c1n(CC2CO2)c(=O)n(CC2CO2)c(=O)n1CC1CO1
mol_3191,CC1C2CC(CC2=NO)C1(C)C
mol_3192,COc1cc2ccnc3c2c(c1OC)CC1CC(O)C(OC)CC31.Cl
mol_3193,COC(=O)C1(Cc2ccc3c(c2)CCC3)Cc2ccc3c(c2C1O)CCC3
mol_3194,O=c1c2ccccc2oc2ccccc12
mol_3195,O=C(C[PH](c1ccccc1)(c1ccccc1)c1ccccc1)c1ccccc1
mol_3196,O=c1c(=Cc2ccccc2[N+](=O)[O-])sc2nnc(-c3ccco3)n12
mol_3197,CC1C(OC(=O)C(O)(c2ccccc2)c2ccccc2)C2CCN1CC2.Cl
mol_3198,Clc1ccc(NC2=NCCN=C(Nc3ccc(Cl)cc3)SS2)cc1
mol_3199,O=S(=O)(c1ccccc1)C(Br)c1ccccc1
mol_3200,Cc1cccc(C(C)(C)C)c1NC(=O)C(=O)Cc1nc2ccccc2s1
mol_3201,N#CC(C(=O)C(=NNC(=O)c1ccccc1O)C(C#N)c1ccccc1)c1ccccc1
mol_3202,Oc1nc2ccccc2c(O)c1N=Nc1cccc(C(F)(F)F)c1
mol_3203,CCOC(=O)C(=Cc1cccc(Cl)c1)C(=O)OCC
mol_3204,C(=Nc1ccc(SSc2ccc(N=C=C(c3ccccc3)c3ccccc3)cc2)cc1)=C(c1ccccc1)c1ccccc1
mol_3205,C=C[Sn](C=C)(Oc1cccc2cccnc12)Oc1cccc2cccnc12
mol_3206,COc1cc(C2OC(N)=C(C#N)C3=C2C(C)CCC3)cc(OC)c1OC
mol_3207,CCOC=NC1=C(C#N)SC2=NC(=Cc3ccco3)C(=O)N21
mol_3208,COc1cccc(C2c3cc4c(cc3OC(N3CCOCC3)C2C)OCO4)c1OC
mol_3209,O=c1c2cccc3c4ccccc4c4sc5ccccc5n1-c4c23
mol_3210,Cn1c2c(c3ccccc31)CCN1CC3CCCCC3CC21
mol_3211,CC1=CC(=C(c2cc(C)c(O)c(Br)c2)c2ccccc2S(=O)(=O)O)C=C(Br)C1=O
mol_3212,N=C(N)NC(P(=O)(O)O)P(=O)(O)O.[NaH]
mol_3213,O=[N+]([O-])c1ccc(C(Cl)C(Cl)c2ccc(C(Cl)C(Cl)c3ccc([N+](=O)[O-])cc3[N+](=O)[O-])cc2)c([N+](=O)[O-])c1
mol_3214,COc1ccc2nc3cccc([N+](=O)[O-])c3c(NCCN(CCO)CCO)c2c1
mol_3215,CCC1COC2=NC(=O)C(=CNCCCN(C)C)C(=N)N21
mol_3216,CC(C)(C)n1c(=O)n(-c2ccccc2)n(C(C)(C)C)c1=O
mol_3217,Nc1cc(N2CCCC2)nc(=O)n1Cc1ccccc1
mol_3218,COC(=O)NC1(NC(=O)OC)NC(=O)c2cc(OC)c(OC)cc2N1
mol_3219,CC(=O)OC(C(=O)C(O)C(C)C)C(C)C
mol_3220,CN1C(=O)C(O)CC1c1ccc(F)cc1
mol_3221,CCC1CCCCN1CC(C(C)=O)C(c1ccccc1)c1c(O)c2ccccc2oc1=O.Cl
mol_3222,N=C(N)c1ccc(N=Nc2ccc(N)cc2N)cc1
mol_3223,O=C(OCCOC(=O)c1ccc2c(c1)C1(SCCS1)c1ccccc1-2)c1ccc2c(c1)C1(SCCS1)c1ccccc1-2
mol_3224,FC(F)(F)c1ccc2c(c1)N(CCCNCCN1CCOCC1)c1ccccc1S2
mol_3225,CCCC(C)C(=Nc1ccc(Cl)c(Cl)c1)N(C)C
mol_3226,COc1cc(C2C(C#N)=C(N)OC3=C2CCS(=O)(=O)c2ccc(C)cc23)cc(OC)c1OC
mol_3227,c1ccc2nn(C3CCCO3)nc2c1
mol_3228,CC(=O)Nc1c(O)nc(O)nc1C(=O)O
mol_3229,CC(C)=CCCC(C)=CCCC1(C)C=Cc2c(c3ccccc3oc2=O)O1
mol_3230,CN(O)C(=O)Cc1ccc(OCc2cccc(Cl)c2)cc1
mol_3231,COc1ccc(-c2cc(=O)c3ccc(O)cc3o2)cc1OC
mol_3232,CCc1c([N+](=O)[O-])cc2c(c1[N+](=O)[O-])C(C)(C)CCC2C
mol_3233,CC(=O)Nc1ccc(N2C(=O)C(=Cc3cccc(Oc4ccccc4)c3)SC2c2ccccc2)cc1
mol_3234,Cc1cnc2c(c1)CCCC2C(N)=S
mol_3235,CC1C=CC(C(=O)O)C2C(=O)OC(=O)C12
mol_3236,C#CCN(C)Cc1ccccc1
mol_3237,O=[N+]([O-])c1ccc(-n2nnc3ccccc32)nc1
mol_3238,COc1ccc(C=Cc2nc3ccccc3nc2C=Cc2ccc(OC)c(OC)c2)cc1OC
mol_3239,CN1CCN(Cc2nc3c(s2)CCc2sccc2-3)CC1.Cl
mol_3240,CCOC(=O)C(=Cc1cccc(C#N)c1)N(CC)CC
mol_3241,NNC1=Cn2c(nc3ccccc32)NN1
mol_3242,CN(C)CCOc1ccc(-c2c(Oc3ccccc3)c(=O)oc3ccccc23)cc1
mol_3243,CC(=O)C(=CNc1c(C)n(C)n(C)c1=O)C(=O)c1ccccc1
mol_3244,Cc1cc(C)n(C(C)(C(=O)Cc2ccccc2)n2nc(C)cc2C)n1
mol_3245,NN1CCc2ccccc2C1.O=C(O)C=CC(=O)O
mol_3246,COc1ccc(COCC(Cn2ccnc2)OCc2ccc(C(=O)O)cc2)cc1
mol_3247,CSc1cc(Br)ccc1-n1c(C(=O)c2ccccc2)c(SC)n(-c2ccccc2)c1=O
mol_3248,CC(Br)C(=O)N=[n+]1c2ccccc2nc2c3cccc4cccc(c43)[c-]21
mol_3249,O=C(O)C1CSC(C(O)C(O)C(O)CO)N1
mol_3250,COc1cc(CCC(=O)CC(=O)CCc2ccc(O)c(OC)c2)ccc1O
mol_3251,COC(=O)C(C#N)=C1NC(=O)CC(c2ccccc2)C1C#N
mol_3252,N=C(N)N.O=S(=O)(O)O
mol_3253,O=[N+]([O-])c1cccc(S(=O)(=O)SSS(=O)(=O)c2cccc([N+](=O)[O-])c2)c1
mol_3254,CC(=O)NC1=C(C)C(=O)c2c(nc3n2CCC3OC(=O)c2ccccc2)C1=N
mol_3255,Nc1ccccc1C(=O)C=Cc1c(O)ccc2ccccc12
mol_3256,COc1ccccc1C1c2cc3c(cc2OC(N2CCOCC2)C1C)OCO3
mol_3257,O=c1c(-c2ccccc2)c2c3cccc4cccc(c-2c1-c1ccccc1)c43
mol_3258,COc1ccc(C(c2ccc(C(C)C)cc(OC)c2=O)c2ccc(C(C)C)cc(OC)c2=O)cc1
mol_3259,Clc1ccc(C2=NOC3C4CCC(C4)C23)cc1
mol_3260,Oc1ccc(SCc2cc(O)ccc2O)cc1
mol_3261,COc1cc(N=[N+]2[Cu-][OH+]C(=O)c3ccccc32)cc2c1[OH+][Cu-][N+]([N-]C(=S)Nc1ccc(C)cc1)=C2
mol_3262,CCOC(=O)CNC(=O)C(Cc1ccccc1)NC(=O)C(C)(C)NC(=O)OCc1ccccc1
mol_3263,Oc1nnc(O)c2nc(Nc3ccc(Cl)cc3)ncc12
mol_3264,COc1cc2c(cc1OC)Cc1cc(OC)c(OC)cc1Cc1cc(OC)c(OC)cc1C2
mol_3265,CC(C)C(Cl)=NOC(=O)NNc1ccccc1
mol_3266,OC1(C2(O)c3ccccc3-c3ccccc32)c2ccccc2-c2ccccc21
mol_3267,ON=Cc1cc2c(cc1Br)OCO2
mol_3268,CSc1cnc2ccccc2c1Sc1cn(C)c2ccccc2c1=O
mol_3269,COc1ccc(C(C#N)=Cc2cc(OC)c(OC)c(OC)c2)cc1
mol_3270,CN(C)CCNc1ccc2c(=O)n(CCN(C)C)c(=O)n3c4ccc(O)cc4c(=O)c1c23
mol_3271,CC1=CC(=O)Nc2ccccc2S1
mol_3272,CCOC(=O)CCC(NC(=O)c1ccc(OCc2nc3cc(C(F)(F)F)ccc3nc2-c2ccccc2)cc1)C(=O)OCC
mol_3273,CN(C(=O)C12C3(C(=O)O)C4C5(C(=O)O)C3C1(C(=O)O)C5C42C(=O)O)C(C)(C)C
mol_3274,C=CC(C)(C)n1cc(C2=C(O)C(=O)C(c3cn(C(C)(C)C=C)c4ccccc34)=C(O)C2=O)c2ccccc21
mol_3275,C=C(C)C1CCC2(COC(=O)CC(C)CC(=O)O)CCC3(C)C(CCC4C5(C)CCC(OC(=O)CC(C)CC(=O)O)C(C)(C)C5CCC43C)C12
mol_3276,CCCC[IH2](O)OS(=O)(=O)c1ccc(C)cc1
mol_3277,CCN(CC)CCN(C(=Nc1ccccc1)N1CCCCC1)c1ccccc1
mol_3278,CN1C(=O)C2C3C=C4c5ccccc5N(c5ccccc5)C4(C2C1=O)C1C(=O)N(C)C(=O)C31
mol_3279,COC(=O)C(Cc1c(C2Nc3ccccc3C2CC(NC(=O)CNC(C)=O)C(=O)OC)[nH]c2ccccc12)NC(=O)CNC(C)=O
mol_3280,c1ccc2oc(NCCSSCCNc3nc4ccccc4o3)nc2c1
mol_3281,CCCC1(NC(=O)C(F)(F)F)CC(OC)OC2COC(c3ccccc3)OC21
mol_3282,COc1cccc2c(=O)c3c(O)c4cc(N(C)C)ccc4c(OC(C)=O)c3oc12
mol_3283,Cc1cc(N(CCC#N)CCC#N)ccc1N=Nc1cccc(Cl)c1
mol_3284,ONC1=Nc2ccccc2C(=S)N2CSCC12
mol_3285,CC(C)[Si]1(C(C)C)OCC2OC(n3cnc4c(N)ncnc43)C(N)C2O[Si](C(C)C)(C(C)C)O1
mol_3286,COc1c(Br)cc(Br)c(OC)c1-c1[nH]c(Br)c(Br)c1Br
mol_3287,CC(C)(C)OC(=O)NCCC1SC2C=CC1C2
mol_3288,NC(=O)NN=C1CCN2CCCc3cccc1c32
mol_3289,Cc1ccc(S(=O)(=O)OCC2CO2)cc1
mol_3290,CCCCOC(=O)C1CC2OC2CC1C(=O)OCCOCCOC(=O)C1CC2OC2CC1C(=O)OCCCC
mol_3291,CCCCCCCCCCCCCCCCC(C(=O)OC)S(=O)(=O)O
mol_3292,O=C1NC(N2CCCCC2)=NC1=Cc1cccs1
mol_3293,Cc1ccc(-c2cc(=S)n(-c3ccccc3)c3[nH]c(=S)n(-c4ccccc4)c(=N)c23)cc1
mol_3294,CN(C)Cc1cc(C(=C(C#N)c2ccccc2)c2ccc(O)cc2)ccc1O
mol_3295,CN(C)CCCC12CCCCC1=Nc1ccccc12
mol_3296,Cc1ccc(N2C(=O)N(c3ccc(C)cc3)C3(Sc4ccccc4N3C)C2=O)cc1
mol_3297,Br.O=C1C(=Cc2ccc(Cl)cc2)SC2SC=C(c3ccc([N+](=O)[O-])cc3)N12
mol_3298,N=C(N)NC(=N)Nc1cccc(S(=O)(=O)c2cccc(NC(=N)NC(=N)N)c2)c1
mol_3299,CC1(C)CNC(=O)C2(C=NC(C)(C)CNC(=O)C3(C=N1)CCCO3)CCCO2
mol_3300,N#Cc1c2n(c(=S)n(-c3ccccc3)c1=O)CCCCCCC2
mol_3301,CCOC(=O)C1=C(C)C(C(=O)OC)C2(C)C(C(=O)OCC)=C(O)C(C(=O)OC)C12C.[NaH]
mol_3302,Cc1ccc(S(=O)(=O)NN=C2CC3CCC2C3)cc1
mol_3303,O=C(O)c1ccc(C(c2c(O)c3ccccc3oc2=O)c2c(O)c3ccccc3oc2=O)cc1
mol_3304,CCCC(=O)NC(Nc1ccc(F)cc1)(C(F)(F)F)C(F)(F)F
mol_3305,O=C1CN(C2CCCCC2)CC(=O)N2C(c3ccccc3)CCCN12
mol_3306,CC(=O)OCCC(O[Si](c1ccccc1)(c1ccccc1)C(C)(C)C)C(C)(C)O
mol_3307,Cn1cnc([N+](=O)[O-])c1Sc1nc2cc(F)c(Cl)cc2[nH]1
mol_3308,CCOC(=O)c1ccc(NC(=O)Nc2ccc(Cl)cn2)cc1
mol_3309,O=S(=O)(SCc1ccccc1)C(c1ccccc1)c1ccccc1
mol_3310,COc1cc(OC)c2c(=O)c(OC)c(-c3ccc4c(c3)OCO4)oc2c1OC
mol_3311,CC(=O)OCc1cc(=O)n(C)c2c3c4c(cc12)c(C)cc(=O)n4CO3
mol_3312,Clc1ccc(CN2COc3c(ccc4ccccc34)C2)cc1Cl
mol_3313,O=[N+]([O-])c1ccc(OP(=O)(Oc2ccc([N+](=O)[O-])cc2)OP(=O)(Oc2ccc([N+](=O)[O-])cc2)Oc2ccc([N+](=O)[O-])cc2)cc1
mol_3314,CCc1cccc(C)c1NC(=O)NS(=O)(=O)c1ccc(C)cc1
mol_3315,O=c1c(SCc2ccc(Cl)c(Cl)c2)c(SCc2ccc(Cl)c(Cl)c2)cnn1-c1ccccc1
mol_3316,Nc1cc(O)nc(SC2=NC(N)CC(O)C2)n1
mol_3317,COc1ccc(N=Nc2c(-c3ccccc3)nn(C(=O)CC(=O)Nc3cccc(Cl)c3)c2-c2ccccc2)cc1
mol_3318,O=C(NC=C1C(=O)Oc2ccccc2C1=O)NC1CCCCC1
mol_3319,Oc1nc2ccccc2c2c1CCO2
mol_3320,N#CC1(Cc2ccc(N)cc2)c2ccccc2C=CN1C(=O)c1ccccc1
mol_3321,O=C(C=Cc1cccc(C(F)(F)F)c1)c1ccccc1
mol_3322,CCOC(=O)C1([N+](=O)[O-])C2CCCCC21
mol_3323,CC1=C(C(=O)Nc2c(C)cccc2C)C(c2ccccc2Cl)C(C(=O)Nc2c(C)cccc2C)=C(C)N1
mol_3324,COc1ccc(N2C(=O)C3CSCN3C2=O)cc1
mol_3325,O=NC1C(Cl)C2CC1C1COCC21
mol_3326,COC(=O)Nc1nc(O)c2cc(SC)ccc2n1
mol_3327,Cc1cn(C2CC2CO)c(=O)[nH]c1=O
mol_3328,NC(=O)c1csc(C2OC(COP(=O)(O)CP(=O)(O)OCC3OC(n4cnc5c(N)ncnc54)C(O)C3O)C(O)C2O)n1
mol_3329,COC(=O)c1cc2cc3c(c(O)c2c(=O)o1)OC1(Oc2c(O)c4c(c(O)c2C1OC1CC(OC)C(O)C(C)O1)C(=O)C=C(OC)C4=O)C(O)C3
mol_3330,O=c1c2c(-c3ccccc3)onc2n(-c2ccccc2)c(=O)n1-c1ccccc1
mol_3331,C1CC2=C(C1)C1=S(S2)SC2=C1CCC2
mol_3332,COc1ccc2c(-c3ccc(O)cc3)c(Oc3ccccc3)c(=O)oc2c1
mol_3333,COc1c(Cc2ccccc2O)c(O)c(Cc2cc(Cc3ccccc3O)ccc2O)c(O)c1C(=O)CCc1ccccc1
mol_3334,O=C1CCCCc2scc(C(=O)O)c2N1
mol_3335,COc1ccc(Br)c(C(=O)N2CCc3ccccc32)c1N
mol_3336,CC(=O)C(=Cc1ccc(Br)cc1)C(C)=O
mol_3337,O=C1CN(CCCN2CCOCC2)CC(=O)N2Cc3ccccc3CN12
mol_3338,O=C1C=C2C=CC3CC2(O1)C1CCCN31
mol_3339,Cc1ccc(S(=O)(=O)O)cc1.N=C(NO)NN=Cc1cccc([N+](=O)[O-])c1
mol_3340,CCCCC1(O)CC2CC1C(C)C2(C)C
mol_3341,CC1=NN(C(=O)Cc2ccccc2)C(=O)C1=Cc1c(O)ccc2ccccc12
mol_3342,CC1OC1C(=O)C1(O)C(C)C(O)C23OC2(C(O)c2c(O)cccc2C3=O)C1O
mol_3343,Cc1nccc2c(C)c3sc4ccccc4c3cc12
mol_3344,CC1CC(=O)c2c(ccc3c2C(=O)c2cccc(O)c2C3=O)C1
mol_3345,CN1CCN(C(=S)N(C(=O)c2cccs2)C2CCCCC2)CC1
mol_3346,COCn1c(C)c(C)c2c(=O)oc(C)nc21
mol_3347,CC(=O)OCc1nnn2c1C(OC(C)=O)CC2
mol_3348,CN(C)CCNCCCNc1c2ccccc2nc2cccc([N+](=O)[O-])c12.Cl
mol_3349,CC(C)=[N+]1[OH+][W+2]12345(C#[O+])(C#[O+])C1=C2[C-]3C4=C15
mol_3350,COc1cc2c(cc1O)C(Cc1ccc(Oc3cc(CC4c5cc(OC)c(OC)cc5CCN4C)ccc3OC)cc1)N(C)CC2
mol_3351,Cc1noc(C)c1CCCOC1COc2ccccc2OCCOCCOc2ccccc2OC1
mol_3352,CC(CC(=O)Nc1ccc([N+](=O)[O-])cc1)=NNc1ccc([N+](=O)[O-])cc1[N+](=O)[O-]
mol_3353,CC1(C)CCCC2(C)C1CCC13CC(C)(CCC21)C3CO
mol_3354,Cc1ncc(CO)c(CO)c1S
mol_3355,OCC1OC2c3ccccc3COC2C1OCc1ccccc1
mol_3356,COC(=O)CCCc1ccc2c(c1)CCC2
mol_3357,COC(=O)C(C)S(=O)(=O)O
mol_3358,CCCCNC(=O)C1C2C=CC(O2)C1C(=O)O
mol_3359,CCCCN(CCO)Cc1cc(Nc2c3ccccc3nc3ccccc23)ccc1O
mol_3360,CCOC(=O)C(=Cc1ccc(C(=O)OC)cc1)N(CC)CC
mol_3361,CCC(C)N1CN(c2ccccc2)C2(CCN(CCCC3(c4ccc(F)cc4)OCCO3)CC2)C1=O.Cl
mol_3362,O=C1[OH+][Co-4]23(NCCN2)([OH+]C1=O)[OH+]C(=O)C(=O)[OH+]3.[K+]
mol_3363,Cc1ccccc1NP1(=O)OCCCN1Cc1ccc(Cl)c(Cl)c1
mol_3364,Cc1cc2c(O)c(c1)COCc1cc(C)cc(c1O)COCc1cc(C)cc(c1O)COC2
mol_3365,COC(=O)CCSC(=O)Nc1ccccc1Cl
mol_3366,O=NNc1ccccn1.OCC1OC2OC3C(CO)OC(OC4C(CO)OC(OC5C(CO)OC(OC6C(CO)OC(OC7C(CO)OC(OC1C(O)C2O)C(O)C7O)C(O)C6O)C(O)C5O)C(O)C4O)C(O)C3O.[NaH]
mol_3367,COc1ccc(C=C(C#N)c2ccccn2)cc1OC
mol_3368,C=C1c2nc3ccccc3n2C=C(c2ccccc2)N1c1ccc(OC)cc1
mol_3369,CC1ON2CCCC2C1C(=O)N1C2CC3CCC2(CS1(=O)=O)C3(C)C
mol_3370,CC1(C(=O)O)OC12CCCCC2
mol_3371,O=C(CNc1ccc2c(=S)c3ccccc3[nH]c2c1)Nc1ccccc1-c1ccccc1NC(=O)CNc1ccc2c(=S)c3ccccc3[nH]c2c1
mol_3372,COc1ccc2c3ccc4c(c3n(C)c2c1)C(=O)C=CC4=O
mol_3373,CCOC(=O)CCn1ncc(Cl)c(Cl)c1=O
mol_3374,COC(=O)C1C(=O)CCC2CN3CCc4c([nH]c5ccccc45)C3CC21
mol_3375,CC(C)[Si]1(C(C)C)OCC2OC3(CO)C(Oc4nc(=O)ccn43)C2O[Si](C(C)C)(C(C)C)O1
mol_3376,COc1ccc(C2C(Cl)C(=O)N2NC(=O)c2ccccc2O)cc1
mol_3377,CNc1nnc(CCCCCCCCc2nnc(NC)o2)o1
mol_3378,Cc1cc(O)c2c(oc3cc(O)c4c(c32)COC4=O)c1C(=O)O
mol_3379,Cl.O=[N+]([O-])c1nccn1CCCNCCCn1ccnc1[N+](=O)[O-]
mol_3380,N#CC(C#N)=Cn1c(=S)[nH]c2ccc([N+](=O)[O-])cc21
mol_3381,CC1(C)CC(=O)c2c(ccc(C(=O)CC(N)CO)c2N)O1
mol_3382,CC1(C)Cc2cc(C(=O)O)c3c(c2C1=O)COCC3
mol_3383,O=S(=O)(NCCSSCCNS(=O)(=O)c1ccc(Cl)cc1)c1ccc(Cl)cc1
mol_3384,C=CC1(C)CCC2C(C)(CCC(Br)C2(C)C)O1
mol_3385,CC(C)[Si](OCCC=CC1CCC(=O)C1C(O)C1CCCCC1)(C(C)C)C(C)C
mol_3386,CCOC(=O)C1=C(NC(C)(C)C)OCC1=NNC(=O)Cc1ccccc1
mol_3387,Cn1nc(-c2ccccc2)c(C(=O)C=Cc2ccc(F)cc2)c(N2CCCC2)c1=O
mol_3388,COc1c(OC)c(OC)c2c(c1OC)OC(c1ccc(O)cc1)CC2=O
mol_3389,CC(=O)OC1(C(C)=O)CCC2C3CC(C)C4=CCCCC4(C)C3CCC21C
mol_3390,Cc1cc(S(=O)(=O)Nc2nc(N)nc(N(C)C)n2)c(SCC(=O)O)cc1Cl
mol_3391,CO.COc1ccc(NCc2cnc3nc(N)nc(N)c3c2C)cc1
mol_3392,CC(C)(C)c1cc(C(CO)OCCOCCO)cc(C(C)(C)C)c1O
mol_3393,Brc1cc(C2OCCCO2)ccc1OCc1ccccc1
mol_3394,Oc1c2cc(Cl)cc1COCc1cc(Cl)cc(c1O)COCc1cc(Cl)cc(c1O)COC2
mol_3395,CC1CNc2cccc3[nH]c(=S)n(c23)C1
mol_3396,COC(=O)C(C(=NN)C(=O)Nc1cccc(O)c1)c1nc2ccccc2nc1O
mol_3397,O=c1oc2ccccc2c(O)c1C(c1cccs1)c1c(O)c2ccccc2oc1=O
mol_3398,Cc1ccc(NC(=O)C(=O)CC(=O)c2sc(Nc3c(C)cccc3C)nc2C)cc1C
mol_3399,CCCCC(C)CCCC1=C(O)C(CC(=O)O)OC1=O
mol_3400,CC(C)(C)C(=O)[OH+][Co-4](N)(N)(N)(N)N.[O-][Cl+3]([O-])([O-])O
mol_3401,O=C1C2CCCC3CCCC(C(=O)N1NC1CCCCC1)C32
mol_3402,OC(c1ccc(-c2ccccc2)cc1)C(F)(F)c1nc2ccccc2o1
mol_3403,Cc1ccc(C)n1-c1ccccc1C1C=CN(C(=O)OC(C)(C)C)C=C1
mol_3404,COC1=CC(=O)C2C(C)C(c3ccc(OC)c(OC)c3)C2C1=O
mol_3405,Cc1ccc(C(=O)ON=C2CCCCC2=Cc2ccccc2)cc1
mol_3406,COC1(OC)C=NN=C2NC=CN21
mol_3407,CC(C)(C)C1=CC(=Nc2ccc([N+](=O)[O-])cc2[N+](=O)[O-])C=C(C(C)(C)C)C1=O
mol_3408,O=C(NN=Cc1ccc(Cl)cc1)c1ccccc1Nc1ccccc1C(=O)NN=Cc1ccc(Cl)cc1
mol_3409,COC1OC2COC(c3ccccc3)OC2C2OC12
mol_3410,c1ccc2c(c1)NC(SSC1Nc3ccccc3S1)S2
mol_3411,COC(=O)c1c2c(cc3c1CC1(Cc4cc5c(c(C)c4C1)CCC5)C3)CCC2
mol_3412,O=C(O)c1cc(O)c2c(c1)Cc1cccc(O)c1C2=O
mol_3413,CCCCCCCCCCOCC(COCCOCC(COCCCCCCCCCC)OS(=O)(=O)O)OS(=O)(=O)O.[NaH]
mol_3414,Clc1cc(Cl)c2nncc(N3CC3)c2c1
mol_3415,N=c1nn[nH]n1NC(=O)NCCCl
mol_3416,COC1CC(CC(C)O)CN(C#N)CCc2c1[nH]c1ccccc21
mol_3417,Cc1nn(C)c(N)c1N=O
mol_3418,CC12OC3(O)C4C5CC(C6C5C3C61)C42
mol_3419,CC1(C)C=C(C=NNc2ccc([N+](=O)[O-])cc2)C(C#N)=C(O)C1(C#N)C#N
mol_3420,COc1ccc(C(=NO)c2ccccc2-c2nc3ccccc3c(=O)n2-c2ccc(S(=O)(=O)Nc3nccs3)cc2)cc1C
mol_3421,CCNC1=Nc2ccc(Cl)cc2C(c2ccccc2)=NN1
mol_3422,Cc1cccc(-c2nc3ccc([N+](=O)[O-])cc3c(=O)o2)c1
mol_3423,O=[N+]([O-])c1ccc(S(=O)(=O)c2ccccc2)c([N+](=O)[O-])c1
mol_3424,CCOC(OCC)(OCC)C(Br)CC
mol_3425,CC(C)OP(=O)(OC(C)C)C(C#N)=Cc1c[nH]c2ccccc12
mol_3426,CN(C(=O)C1=CCC2(CC1)OCCO2)c1ccccc1I
mol_3427,O=C1C(C2CCCCC2)CCCC1(CO)CO
mol_3428,COC1C=CC=CC=CCC(OC(=O)C(C)NC(=O)C2CCCCC2)C(C)C(O)C(C)=CCCc2c(O)c(cc3c2SCC(=O)N3)NC(=O)C1
mol_3429,[N-]=[N+]=Nc1ccc2c(c1)Sc1ccccc1N2CCCCN1CCN(C(=O)CCNC(=O)Cc2ccc(C(=O)c3ccccc3)cc2)CC1
mol_3430,CNC(=O)NCCCCC(NC(=O)OCc1ccccc1)C(=O)OCc1ccccc1
mol_3431,O=c1c2cc(Cl)ccc2sc2cccc(Cl)c12
mol_3432,O=c1cc(-c2ccc(O)cc2)oc2cc(OC3OC(CO)C(O)C(O)C3O)cc(O)c12
mol_3433,Cc1cc(N(CCC#N)CCC#N)ccc1C=C1N=C(C=Cc2ccccc2)N(NC(=O)CC(=O)Nc2ccccc2Cl)C1=O
mol_3434,Clc1ccc(Cc2nc3ccccc3s2)c(Cl)c1
mol_3435,Cc1c[n+]2c3c(ccc4c(C)c(C)c[n+](c43)[Cu-3]23[n+]2cc(C)c(C)c4ccc5c(C)c(C)c[n+]3c5c42)c1C.O=C1OC(C(O)C[O-])C(O)=C1O
mol_3436,CC(Cn1c(=O)oc2ccccc21)N(C)C
mol_3437,CCOC(=O)c1nc2ccccc2nc1NCc1ccc(OC)c(OC)c1
mol_3438,CN(C(=O)Cc1ccccc1)n1cn[n+](CC(=O)OC(C)(C)C)c1.[Br-]
mol_3439,CC=C1CN2CCc3c4n(c5ccccc35)C(CO)C1CC42
mol_3440,Cc1nc(OCc2ccccc2)c2ncn(CCO)c2n1
mol_3441,Cc1cc(=O)oc2cc(OCC(O)COC(C)C)ccc12
mol_3442,Nc1ccc(S(=O)(=O)c2ccc(N)cc2)cc1
mol_3443,CCOC(=O)C(=CNC(=S)NN=C1C(=O)Nc2ccccc21)C(=O)OCC
mol_3444,CC(=O)CCCC(CC(C)O)[Si](C)(C)C
mol_3445,CC1=NC(C)CNC(C)(C)CC(C)=NC(C)CNC(C)(C)C1.[O-][Cl+3]([O-])([O-])O
mol_3446,O=C(NCCc1c[nH]c2ccccc12)C1CC1
mol_3447,CN1CCN(c2nnc(O)c3c2nnn3C2CCCCC2)CC1
mol_3448,CCOC(=O)C(CC(C)C)NC(=O)c1cc(SC#N)c(C)c2c1Nc1c(c(C)c3oc(=O)c(C)nc3c1C(=O)NC(CC(C)C)C(=O)OCC)O2
mol_3449,COc1cccc(NC(=O)C(CC(=O)CC(c2ccccc2)c2c(O)c3ccccc3oc2=O)=NNC(C)(C)C)c1OC
mol_3450,CC1CCCC(C)C(Sc2ccccc2)=C1Sc1ccccc1
mol_3451,N#CC(C#N)=CC=Cc1c(Cl)cccc1Cl
mol_3452,CNC(=O)N1CCN(C(=O)NC)CCN(C(=O)NC)CC1
mol_3453,C1=Nc2ccc(cc2)N=Cc2ccc(cc2)OCc2cccc(n2)COc2ccc1cc2
mol_3454,CN(C)C1C(CO)OC(n2cnc3c(N)ncnc32)C1O
mol_3455,NC(=O)c1csc(C2(O)COC(CO)C2O)n1
mol_3456,CC1(c2cccc(C3CC4(CCC3=O)OCCCCO4)c2)OCCO1
mol_3457,CCCCCCCCCCCCOC(=S)NCCCC
mol_3458,CCOC(=O)C1SC(=Nc2ccc(Cl)cc2Cl)N=C1C
mol_3459,CC1=CC2=C(OCO1)C(=O)c1ccccc1C2=O
mol_3460,CC(=O)Nc1cccc2[nH]c3ccccc3c(=O)c12
mol_3461,COC(=O)C(C(=O)C(=O)Nc1cccc([N+](=O)[O-])c1)c1nc2ccc([N+](=O)[O-])cc2nc1O
mol_3462,CC(NC1CCCC1(O)C#Cc1ccc2c(c1)OCO2)c1ccccc1
mol_3463,CCOC(=O)N1C2CCCC2C(=O)C2CCCC21
mol_3464,C(=NCCSSCCN=Cc1ccccc1)c1ccccc1
mol_3465,CC(=O)C1(Cc2cccc3ccccc23)S(=O)(=O)OCCOS1(=O)=O
mol_3466,Nc1ccc(-c2nc3ccc(Cc4ccc5nc(-c6ccc(N)cc6)oc5c4)cc3o2)cc1
mol_3467,C=C1CN(S(=O)(=O)c2ccc(C)cc2)CCN(Cc2ccccc2)CCN(S(=O)(=O)c2ccc(C)cc2)C1
mol_3468,CC(CN1NC12CCCC2)N1NC12CCCC2
mol_3469,Cn1c(=O)c2ccccc2c2nc3ccccc3nc21
mol_3470,CCOc1ccccc1N1CSc2nnc(-c3ccccc3)n2C1
mol_3471,O=S(=O)(OC=C1CCCCC1)C(F)(F)F
mol_3472,CSCC1(O)CCCCC1
mol_3473,Nc1ncnc2c1ncn2C1OC(COP(=O)(O)O)C(O)C1O
mol_3474,O=C1C(C(O)(C(F)(F)Cl)C(F)(F)Cl)CCC1C(O)(C(F)(F)Cl)C(F)(F)Cl
mol_3475,CCCCCCCCCCCCCCCCCCOCC(COP(=O)(O)OCC1OC(n2cc(C)c(=O)[nH]c2=O)CC1N=[N+]=[N-])OC(=O)CCCCCCCCCCCCCCC
mol_3476,O=C1CC(C2(c3ccc4c(c3)OCO4)SCCCS2)CO1
mol_3477,Cc1ccc(C(=O)C=C2Nc3ccccc3N=C2NC23CC4CC(CC(C4)C2)C3)cc1
mol_3478,O=S(=O)(O)CC(S(=O)(=O)O)S(=O)(=O)O
mol_3479,CCC(O)CCCCCCCCCCCCCCC(=O)O
mol_3480,O=C1CCCCC1C(O)CC1CC(=O)N(c2ccccc2)C(=O)C1
mol_3481,O=C1CC2CC(CC3(CO3)C2)C1F
mol_3482,O=C(O)CN1C=C(C(=O)c2cc3ccccc3n2S(=O)(=O)c2ccccc2)CCC1
mol_3483,CCN(CC)c1ccc(C(=C2C=CC(=[N+](CC)CC)C=C2)c2ccc(N(CC)CC)cc2)cc1
mol_3484,OCC1(C(F)(F)F)OC(n2cnc3c(O)ncnc32)CC1O
mol_3485,COCCN(CCOC)C1C2=C(CCCC2)OS(=O)(=O)C1c1ccccc1
mol_3486,NC(=O)C(=CNC(=S)Nc1ccc(S(=O)(=O)Nc2ccccn2)cc1)C(N)=O
mol_3487,CCC(C)C(NCc1ccccc1)C(OCc1ccccc1)C1COC(C)(C)O1
mol_3488,CCCNC(=S)NN=Cc1cccc(C)n1
mol_3489,CCCCCCC(C)CCCCCCCCCCC(=O)O
mol_3490,COc1cc(C)cc2c1C(=O)C(NC(C)=O)=CC2=O
mol_3491,Cc1ccc(C23c4ccccc4CCN2C(=O)C3N)cc1
mol_3492,CC(=O)OC1c2ccccc2CCCCCCC12OCCO2
mol_3493,Cc1cccc(C=NNC(=S)N2CCCCCC2)n1
mol_3494,CC(C(=O)O)C(C)(C)C(=O)O
mol_3495,O=C1N=CC2(N=N2)C(=O)N1
mol_3496,CC1CCC(=Cc2ccc(Cl)cc2)C(=O)C1=Cc1ccc(Cl)cc1
mol_3497,Cl.O=[N+]([O-])c1ccc(C[N+]([O-])(CCCl)CCCl)cc1
mol_3498,O=C(N[IH2]1OC(=O)c2ccccc21)c1ccc(Cl)cc1
mol_3499,CC(C)(C)[Si](C)(C)OCC1=C(CC#N)C(O[Si](C)(C)C(C)(C)C)C(n2ccc(=O)[nH]c2=O)O1
mol_3500,Cc1cccc(NC(=O)CSc2nnc(-c3ccc(N=Cc4ccc(Cl)cc4)cc3)o2)c1
mol_3501,c1ccc(-c2cc3ccc4cccnc4c3o2)cc1
mol_3502,CCN(CC)C1C(=O)NC1C#Cc1ccccc1
mol_3503,O=C1CC(=O)N2C(=O)CC(=O)N12
mol_3504,COc1cc(C=Cc2nc3ccccc3nc2C=Cc2cc(OC)c(OC)c(OC)c2)cc(OC)c1OC
mol_3505,Cc1ccc(-n2c(N)c(C#N)c3c(c2=S)CCC3)cc1
mol_3506,Cc1cc(O)nc(-n2nc(C)c(CCO)c2O)n1
mol_3507,O=C(O)c1cc(S(=O)(=O)Nc2cc(Cc3cc(NS(=O)(=O)c4ccc(O)c(C(=O)O)c4)c(O)c(C(=O)O)c3)cc(C(=O)O)c2O)ccc1O.[NaH]
mol_3508,CC(C)=CC(=O)CC(=O)C(=O)NCCNC(=O)C(=O)CC(=O)C=C(C)C
mol_3509,Cc1cc(C)nc(NS(=O)(=O)c2ccc(NC(=O)c3ccc(Cl)c4c(Nc5ccc(S(=O)(=O)Nc6nc(C)cc(C)n6)cc5)c5ccccc5nc34)cc2)n1
mol_3510,Cn1cnnc1Sc1c([N+](=O)[O-])nc(-c2ccc([N+](=O)[O-])cc2)n1C
mol_3511,C=CCNC(=S)NC=C(c1ccccc1)S(=O)Cc1ccccc1
mol_3512,c1cc2ccc3ccc[n+]4c3c2[n+](c1)CCC4
mol_3513,N=C1NN(c2ccccc2)C(=O)C1=CNC(=S)NC1CCCCC1
mol_3514,CONC(C)=O
mol_3515,O=c1c2cn[nH]c2nc2scc(-c3ccc(Cl)cc3)n12
mol_3516,O=C(NCCN1CCOCC1)c1cn2c(ccc3sc4ccccc4c(=O)c32)n1
mol_3517,Cc1ccccc1-n1c(=O)c2ncn(CCCl)c2n(-c2ccccc2C)c1=S
mol_3518,O=C1NC(=O)C(CCN2CCCCC2)(c2ccccc2)C(=O)N1
mol_3519,CC(=O)OC1C(NC(=O)c2ccccc2)C(O)CC2(C)C3CCC4(C)C(CCC4C(C)N(C)C)C3CCC12
mol_3520,c1ccc(-c2cc(-c3cccs3)c(-c3cccs3)s2)cc1
mol_3521,O=c1ccn(C2OC(COC3CCCCO3)C(OC3CCCCO3)C2OC2CCCCO2)c(=O)n1-c1ccccc1
mol_3522,CCOC(=O)NP(=O)(Nc1ccccn1)Nc1ccccn1
mol_3523,COC(=O)C1C(O)CCC2CN3CCc4c([nH]c5ccccc45)C3CC21
mol_3524,COc1ccc(N2C(=O)C3CC(C)c4c([nH]c5ccccc45)C3C2=O)cc1
mol_3525,O=C(Nc1ccc(Cl)cc1)C(=O)Nc1ccc(Cl)cc1
mol_3526,COc1ccc(C=C(C#N)c2ccc(Cl)cc2)cc1OC
mol_3527,CC1CC(c2ccc(Cl)cc2)=Nc2ccccc2S1
mol_3528,COC(=O)C(=O)C(C(=O)C(=O)Nc1ccc(C)cc1C)c1nc2ccc(Cl)cc2nc1O
mol_3529,O=C(O)Cc1ccc(Nc2nc3cc(C(F)(F)F)ccc3nc2C(=O)O)cc1
mol_3530,CC(C)CCCC(C)C1CCC2C3CCC4CC(CCC=C(c5cc(Cl)c(OCc6ccc([N+](=O)[O-])cc6)c(C(=O)O)c5)c5cc(Cl)c(OCc6ccc([N+](=O)[O-])cc6)c(C(=O)O)c5)CCC4(C)C3CCC12C
mol_3531,S=CN1CCN(C=S)CC1
mol_3532,O=S(=O)(O)C(O)CCC(O)S(=O)(=O)O
mol_3533,O=S(=O)(O)SCCNCC(O)C(O)CNCCSS(=O)(=O)O
mol_3534,COc1cc2c(-c3onc4ccc(OCc5ccccc5)cc34)nccc2c(OC)c1OC
mol_3535,C#CC1(O)CCC2C3CCC4=Cc5oncc5CC4(C)C3CCC21C
mol_3536,COc1cc(CC2(O)C(=O)OCC2Cc2ccc(OC)c(OC)c2)ccc1O
mol_3537,CN(C(=O)C12C3C4C1C1C2C3C41C(=O)O)C(C)(C)C
mol_3538,O=C1C2ON(c3ccccc3)C(c3ccccc3)C2C(=O)N1c1ccc(Cc2ccc(N3C(=O)C4ON(c5ccccc5)C(c5ccccc5)C4C3=O)cc2)cc1
mol_3539,[O-]c1on[n+]2c1c(Nc1ccc(Cl)cc1)nc1ccccc12
mol_3540,CN1C(=O)CC2(C)c3cc(C=O)ccc3N(C)C12
mol_3541,C[c-]1c(C=NNS(=O)(=O)c2ccccc2)no[n+]1=O
mol_3542,COC(=O)C1=C(OC)C(=P2(c3ccccc3)CC(c3ccccc3)=C2c2ccccc2)C(C(=O)OC)=C1C(=O)OC
mol_3543,CCC(C=CC1OC(=O)C=CC1C)=CC(C)CC=CC(C)=CC(C)C(=O)C(C)C(O)C(C)CC(C)=CC(=O)O
mol_3544,CC(=O)Nc1ccc(S(=O)(=O)N=C(C2CCCC2)N2CCCC2)cc1
mol_3545,OCCCCn1cnc2c(O)ncnc21
mol_3546,CCOC(=O)NN(CCOS(=O)(=O)c1ccc(C)cc1)CCOS(=O)(=O)c1ccc(C)cc1
mol_3547,CCCN(CCC)C(=S)S.[NaH]
mol_3548,O=[N+]([O-])c1cc(C=NNS(=O)(=O)c2ccc(F)cc2)c(O)c([N+](=O)[O-])c1
mol_3549,COC1C=COC2(C)Oc3c(C)c(O)c4c(O)c(c(C=NN5CCCCCCCCCCCCCCC5)c(O)c4c3C2=O)NC(=O)C(C)=CC=CC(C)C(O)C(C)C(O)C(C)C(OC(C)=O)C1C
mol_3550,O=c1c2c3ccccc3[nH]c2c2cccc3c2n1CCC3
mol_3551,O=c1[nH]c(=O)n(COCc2ccccc2)c2ccc(Br)cc12
mol_3552,CN1NC(C2NN(C)C(=O)N(C)N2)NN(C)C1=O
mol_3553,c1ccc(C2C3=C(c4ccccc4CC3)N3c4cc5c(cc4=NC34CCCCC24)Nc2ccccc2N=5)cc1
mol_3554,CCN(CCN1C(=O)C2CCCCC2C1=O)c1ccc(N=O)c(C)c1
mol_3555,COc1ccc(CN2CCCN(N=Cc3c4c(O)c5c(O)c(C)c6c(c5c3O)C(=O)C(C)(OC=CC(OC)C(C)C(OC(C)=O)C(C)C(O)C(C)C(O)C(C)C=CC=C(C)C(=O)N4)O6)CC2)cc1
mol_3556,CC(=O)N1C(C(=O)O)CSC1c1ccc(F)cc1
mol_3557,COc1ccc(C=[N+]([O-])C(COCc2ccccc2)c2ccccc2)cc1
mol_3558,O=C(CSc1nc(-c2ccccc2)c(-c2ccccc2)[nH]1)NN=Cc1ccc(O)cc1
mol_3559,C=C(C)C(CCC(=O)O)(CCC(=O)O)C(C)=O
mol_3560,COC(=O)C(=O)C(C(=O)C(=O)Nc1cc(C)ccc1C)c1nc2ccc(C(=O)c3ccccc3)cc2nc1O
mol_3561,O=C(O)CCc1nn2c(nc1=O)sc1ccc3ccccc3c12
mol_3562,COC(CC1(OC)OC(=O)C=C1N)OC
mol_3563,CC1(C)CCOC(Sc2ccccc2)C1
mol_3564,N=C(CSS(=O)(=O)O)NCCCc1ccccc1
mol_3565,CC(CCO)OC1OC(COC(=O)C(C)(C)C)C(OC(=O)C(C)(C)C)C(OC(=O)C(C)(C)C)C1OC(=O)C(C)(C)C
mol_3566,Sc1sc2ccccc2[n+]1[Rh-4](Cl)(Cl)([n+]1c(S)sc2ccccc21)([n+]1c(S)sc2ccccc21)[n+]1c(S)sc2ccccc21
mol_3567,CC(C)CCCC(C)C1CCC2C3CCC4CC(CCC=C(c5cc(Cl)c(O)c(C(=O)O)c5)c5cc(Cl)c(O)c(C(=O)O)c5)CCC4(C)C3CCC12C.[CaH2]
mol_3568,C=C(C(N)=O)c1ccc([N+](=O)[O-])o1
mol_3569,COC(=O)C1=C(C)NC2=C(C(=O)CCC2)C1CCSC
mol_3570,COC(=O)c1cc(CN(C)C)c(O)c(CN(C)C)c1.Cl
mol_3571,CC(=O)OCC1OC(Nc2[nH]c(=O)n(C)c(=O)c2-c2csc(=N)[nH]2)C(OC(C)=O)C(OC(C)=O)C1OC(C)=O
mol_3572,O=C(O)CSc1c([N+](=O)[O-])cc(C(F)(F)F)cc1[N+](=O)[O-]
mol_3573,NC(Cc1ccccc1CP(=O)(O)O)C(=O)O
mol_3574,N=C(N)NS(=O)(=O)c1ccc(Nc2c3ccccc3nc3c(C(=O)NNCCO)cccc23)cc1
mol_3575,COC(=O)c1cc(C(=CCCCC(=O)O)c2cc(Cl)c(OC)c(C(=O)OC)c2)cc(Cl)c1OC
mol_3576,CCOC(=O)NC(=O)c1cn(CCNCCO)c(=O)[nH]c1=O
mol_3577,C=CCN(N=O)C(=O)ON1C(=O)CCC1=O
mol_3578,Brc1ccc2c(c1)C1=C(CO2)Cc2ccccc2O1
mol_3579,COC(=O)Cc1cc(=O)oc2c1C(=O)CCC2
mol_3580,CC(NNC(=O)CC(=O)N(C(=O)c1ccccc1)c1ccc(Cl)cc1)c1cc2ccccc2oc1=O
mol_3581,C[PH](C)(C)[Ir-3]([ClH+])([NH+]1C=Cc2ccccc21)([PH](C)(C)C)[PH](C)(C)C
mol_3582,Nc1ccc2c(c1)C(=O)N(O)C2=O
mol_3583,Cc1cccc(C)c1NC(=O)CCC(=O)NC(N)=S
mol_3584,CN(C(=O)C12C3C4C1C1C2C3C41C(O)C(C)(C)C)C(C)(C)C
mol_3585,CN1C(=O)C2(C#N)C(C)(C)C2(C#N)C1=O
mol_3586,COC1(OC)CCCc2c1no[n+]2[O-]
mol_3587,COc1ccc(C2=C(OC(C)=O)c3cccn3-c3ccccc3S2)cc1
mol_3588,C=C(CC)CC1CC2(C(=O)OC)c3[nH]c4ccccc4c3CCN2C1=O
mol_3589,Br.CN1C(C)(C)CC(=O)C(Br)C1(C)C
mol_3590,CCOC(=O)c1[nH]cc(C)c1-c1c[nH]c2ccccc12
mol_3591,NC1=C(N2CCCCC2)C(=O)NC2=NC(=Cc3ccco3)C(=O)N21
mol_3592,Cc1ccc(C=C(C(=O)O)C(=O)O)cc1
mol_3593,CC(=O)Nc1c(I)c(NC(C)=O)c(I)c(C(=O)O)c1I
mol_3594,CCOC(=O)NC1C2CC(=O)C(O2)C1OC
mol_3595,N#Cc1c(=O)c2ccccc2n2ccccc12
mol_3596,O=C(CC1(O)C(=O)Nc2ccc(Br)cc21)c1ccc(Cl)cc1
mol_3597,CC(C)(C)C1CCC2c3c([nH]c4ccccc34)C3C(=O)N(c4ccc(Cl)cc4)C(=O)C3C2C1
mol_3598,CC(C)C1NC(=O)C2N=C(OC2C)C(C(C)C)NC(=O)C2N=C(OC2C)C(C(C)C)NC(=O)C2N=C(OC2C)C(C(C)C)NC(=O)C2N=C1OC2C
mol_3599,O=[N+]([O-])c1cccc(C=NNc2ccc(S(=O)(=O)O)cc2)c1.[NaH]
mol_3600,CC#[N+][Rh+2]1234[O+]=C5N(C(C)=O)CC(C(=O)OC)[NH+]5[Rh+2]1([N+]#CC)([O+]=C1N(C(C)=O)CC(C(=O)OC)[NH+]12)([O+]=C1N(C(C)=O)CC(C(=O)OC)[NH+]13)[NH+]1C(=[O+]4)N(C(C)=O)CC1C(=O)OC
mol_3601,O=C(CCCC[PH](c1ccccc1)(c1ccccc1)c1ccccc1)c1ccccc1
mol_3602,COC(C=Cc1ccccc1)=C[SH](C)(=O)N(C)C
mol_3603,Cc1cn(C2CC(N(O)C3C4CC5CC(C4)CC3C5)C(CO)O2)c(=O)[nH]c1=O
mol_3604,COc1cc2c(cc1OC)C1OC(c3cc(OC)c(OC)cc3C1OC(C)=O)C2OC(C)=O
mol_3605,Cc1ccc(C2(c3ccccc3)OC3OC=CC32)cc1
mol_3606,COC(=O)C1C(=O)NC2(C)CC1c1ccccc1O2
mol_3607,CCN(CC)CCSc1c2cc(OC)ccc2nc2ccc(OC)cc12
mol_3608,O=C1N=C2SC(=S)NC(=S)N2NC12c1ccccc1-c1ccccc12
mol_3609,CCCCCCCCCCCCCCCCP(=O)(O)OP(=O)(O)OCC1OC(n2cnc3c(N)ncnc32)C(O)C1O.[NaH]
mol_3610,CC1=CC(C)(C)NC(=S)N1CCO
mol_3611,FC(F)(F)c1ccccc1C1SCc2nc3ccccc3n21
mol_3612,COc1ccc(Cl)c([Bi](c2cc(OC)ccc2Cl)c2cc(OC)ccc2Cl)c1
mol_3613,O=C(Nc1ccccc1)c1c(O)nc(S)nc1O
mol_3614,O=CCCCC(Sc1ccccc1)Sc1ccccc1
mol_3615,CC(=O)N1CC(=O)N2C(=O)C(=Cc3ccc(Cl)cc3)N=C12
mol_3616,COC(=O)c1sc2c(=O)c(C(=O)OC)c(C(=O)OC)sc2c(=O)c1C(=O)OC
mol_3617,Cc1cc(-c2ccco2)oc(=O)c1NC(=O)c1ccccc1
mol_3618,C=CCNC1=NC(=O)C(CC(=O)Nc2ccc(C)cc2)S1
mol_3619,O=[N+]([O-])c1cccc(C=NC23CC4CC(CC(C4)C2)C3)c1
mol_3620,CC12CCC(C)(O1)C1C(=O)N(c3nccs3)C(=O)C12
mol_3621,CCOC(=O)C(F)=Cc1ccc(C#N)cc1
mol_3622,CC(=O)c1c(C)[nH]n2ccc[n+]12
mol_3623,O=C1C=CC(=O)c2c(-c3ccccc3[N+](=O)[O-])cc(Cl)nc21
mol_3624,COc1ccc(C=NNc2nc3ccccc3c(=O)n2-c2ccccc2)c(OCc2ccccc2)c1
mol_3625,NNc1cnnc(O)c1Cl
mol_3626,O=C(CC(=NNC(=O)C[n+]1ccccc1)C(=O)Nc1nc2ccc([N+](=O)[O-])cc2s1)CC(c1ccccc1)c1c(O)c2ccccc2oc1=O.[Cl-]
mol_3627,O=C(CCc1cc(O)cc(O)c1)NCCCNC(=O)CCc1cc(O)cc(O)c1
mol_3628,CC(CCC(=O)NCCS(=O)(=O)O)C1CCC2C3C(O)CC4CC(O)CCC4(C)C3CC(O)C12C
mol_3629,CNC(=S)SSSC(=S)NC
mol_3630,Cc1ccc2oc(=O)c3c(O)c4cccc(OC5OC(C)C6OC(c7ccccc7)OC6C5OC5OC(C)C(O)C(O)C5O)c4c4oc(=O)c1c2c34
mol_3631,CC1=Nc2c(O)nc(S)nc2NC(c2c(Cl)cccc2Cl)C1
mol_3632,COC(=O)C1([Se]c2ccccc2)CCN2CCC(OCc3ccccc3[N+](=O)[O-])C21
mol_3633,C#CCN1CCC2=C(C1)c1c(O)cc(C(C)C(C)CCCCC)cc1OC2(C)C
mol_3634,NS(=O)(=O)c1ccc(Nc2c3ccccc3nc3c(C(=O)N4CCN(CCO)CC4)cccc23)cc1
mol_3635,COc1cc(C=C(C)c2ccc3c(c2)OCO3)cc(OC)c1OC
mol_3636,NNc1nc2ccccc2c(=O)n1NC(=O)C(=O)Nc1cccc(C(F)(F)F)c1
mol_3637,Cc1cc2c(=O)c3ccc(Cl)cc3[nH]c2c(C(N)=O)c1C
mol_3638,COc1ccc2c(O)c(S(=O)(=O)c3ccc(C)cc3)c(=O)oc2c1
mol_3639,CC(C)CCCC(C)N
mol_3640,O=C1c2cc([N+](=O)[O-])ccc2NC1(c1c[nH]c2ccccc12)c1c[nH]c2ccc(Br)cc12
mol_3641,Cn1cnc(=S)c2ccccc21
mol_3642,O=C(c1ccc(Cl)cc1)N1CC1
mol_3643,O=C(O)CCC1COc2ccccc2O1
mol_3644,N#CC=Cc1ccc(Cl)cc1
mol_3645,CCN(CC)C1Oc2cc3c(cc2C(c2cccc(OC)c2O)C1C)OCO3
mol_3646,NS(=O)(=O)c1ccc(NN=C2C(=O)N(c3ccccc3)N(c3ccccc3)C2=O)cc1
mol_3647,CN(C)C(=S)SC(=S)N(C)C
mol_3648,O=c1c2ccccc2c(=O)n2n1CC=CC2
mol_3649,C=C(Br)CNC(=O)Nc1ccccn1
mol_3650,Cc1ccc(NC(=S)NC=C2C(=O)NC(=O)NC2=O)c(C)c1
mol_3651,F[P-](F)(F)(F)(F)F.c1ccc(C[S+]2CCCC2)cc1
mol_3652,COc1ccc(CCNC=O)cc1OC
mol_3653,Nc1nc(Cl)c(N=Nc2ccc(Cl)cc2)c(NCC2(CO)CCC2)n1
mol_3654,O=C1CNCCCN2CCN(CCCNCC(=O)Nc3ccc(cc3)S(=O)(=O)c3ccc(cc3)NC(=O)CNCCCN3CCN(CCCNCC(=O)Nc4ccc(cc4)S(=O)(=O)c4ccc(cc4)N1)CC3)CC2
mol_3655,CC(C)CC(NC(=O)C(CCI)Cc1ccccc1)C(=O)Nc1ccccc1
mol_3656,OC(Cn1cncn1)(Cn1cncn1)c1ccc(Cl)cc1Cl
mol_3657,CCOC(=O)c1nc2cc(C(F)(F)F)ccc2nc1Nc1ccc(OC)cc1
mol_3658,NC(CCc1nc(-c2ccc(Cl)cc2)cs1)C(=O)O
mol_3659,O=C1c2cc3c(cc2CC12Cc1ccc4c(c1C2=O)CCC4)CCC3
mol_3660,C=C1C(C(=O)O)C1C(=O)O
mol_3661,COC(=O)C(O)=CC(=O)c1c(C)[nH]c2ccccc12.[NaH]
mol_3662,CC(=O)N1N=C(c2ccc3ccccc3c2O)CC1C(=O)c1ccco1
mol_3663,COc1cc2c(c(OC)c1OC)C(=O)C1C2N1C(N)=O
mol_3664,c1cc2nnnn2nc1N1CCCC1
mol_3665,CC1Cn2c(Cc3ccccc3)nnc2S1
mol_3666,COc1ccccc1N=NC(C(=O)c1ccccc1)C(=O)c1ccccc1
mol_3667,CCOC(=O)CCCCCNc1nc(Cl)nc(Cl)n1
mol_3668,CCOP(=O)(OCC)C(C)(C)N(C)C(F)=NC(F)(F)F
mol_3669,Cc1cc(=O)n2nc(CSc3n[nH]c(=N)s3)sc2n1
mol_3670,CCC1(CC)C(=O)[NH+]([Au-][PH](c2ccccc2)(c2ccccc2)c2ccccc2)C(=O)[NH+]([Au-][PH](c2ccccc2)(c2ccccc2)c2ccccc2)C1=O
mol_3671,CCCCCCOc1ccc(C(=O)NOC)cc1
mol_3672,Cn1c(N)c(N=Nc2ccc(S(=O)(=O)Nc3ccccn3)cc2)c(=O)n(C)c1=O
mol_3673,CCOC(=O)c1nc2ccc(OC)cc2c2c1Cc1ccccc1-2
mol_3674,Brc1ccc(-c2nc3sc(-c4ccc5c(c4)OCO5)nn3c2Br)cc1
mol_3675,O=C(CCC(=O)OCC1OC(O)(CC2OC(CO)C(O)C(O)C2O)C(O)C1O)OCc1ccccc1
mol_3676,O=C1NC(=O)C2C1N(Cc1ccccc1)C(=O)N2Cc1ccccc1
mol_3677,CCCCCCCCCCCCCCCCOCC(COC1OC(CO)C(O)C(O)C1O)OCCCCCCCCCCCCCCCC.ClC(Cl)Cl
mol_3678,O=C(O)CN(CC(=O)O)C(C(=O)O)c1ccccc1
mol_3679,COc1ccc(NC(=O)C(C#N)=Cc2ccc(O)c(O)c2)cc1O
mol_3680,CC1CC(=O)N(N(C)C)C2(C#N)C(=O)NC(=N)C12C#N
mol_3681,CSc1ccc(-c2cn3ccsc3n2)c(O)c1
mol_3682,O=C(CSc1nc(-c2ccccc2)c(-c2ccccc2)[nH]1)NNC(=S)Nc1ccccc1
mol_3683,O=Nc1ccccc1C(=O)O
mol_3684,CC1(Br)C(=O)NC(=O)N(C2C=CC(CO)O2)C1O
mol_3685,CCOC(=O)C1=[N+]([O-])OC2=C(O)CCCC21
mol_3686,CCC(C)C1NC(=O)C2CCCN2C(=O)CNC(=O)C(C)NC(=O)C(Cc2ccccc2)NC(=O)C(C(C)C)NC1=O
mol_3687,CC1CC(=O)CC2CCC3C4CCC(OC(=O)c5cccc6c(=O)c7ccccc7[nH]c56)C4(C)CCC3C12C
mol_3688,Cc1ccc(S(=O)(=O)N2CCCSCCN(S(=O)(=O)c3ccc(C)cc3)CCCSCC2)cc1
mol_3689,CCOC(=O)C(=O)NN=C1C(=O)Nc2ccccc21
mol_3690,CC(=O)C(=CNC(=S)Nc1ccc(S(=O)(=O)Nc2nccs2)cc1)C(=O)Nc1ccccc1C
mol_3691,Cc1cc(O)nc2c3c(ccc12)OC(C)(C)C=C3
mol_3692,C1CN2CN3CN4CCN5CN6CN1[Ni-4]524([SH+]c1nnc6s1)[SH+]c1nnc3s1
mol_3693,Cc1c([N+](=O)[O-])ccc2c1C(=O)c1ccccc1C2=O
mol_3694,O=C(N=Nc1ccccc1Cl)NNc1ccccc1Cl
mol_3695,N=C(N)C1CN(CCc2c[nH]cn2)C(=O)NC1=O
mol_3696,O=C(C=Cc1ccccc1F)c1ccccc1
mol_3697,CCOC1CC2OC(=O)C1C=C2C(=O)OC
mol_3698,CCC(Cl)=NOC(=O)Nc1ccc(C#N)cc1
mol_3699,O=Cc1ccc2c(c1)CC1(C2)Cc2ccc3c(c2C1)CCC3
mol_3700,CC1(C(=O)O)CC(C(=O)O)=Nn2c3ccccc3c3cccc1c32
mol_3701,COc1cc(OC)c(C=Cc2ccncn2)c(OC)c1
mol_3702,N#Cc1ccc(C(O)C(F)(F)c2nc3ccccc3o2)cc1
mol_3703,Cc1cc(=NNC(=O)c2ccncc2)n2[nH]c(=N)sc2n1
mol_3704,NC(C(F)(F)F)(C(F)(F)F)P(=O)(c1ccccc1)c1ccccc1
mol_3705,CN(C)c1ccc(C=C(NC(=O)c2ccccc2)C(=O)Nc2ccccc2C(=O)O)cc1
mol_3706,NC(=O)NN=C(CC1OC(=O)c2ccccc21)c1ccco1
mol_3707,Cc1ccc(C)n1-n1c(Cc2ccccc2)n[nH]c1=O
mol_3708,CC(=O)OCC1OC(n2cc(F)c(=O)[nH]c2=O)C(NC(=O)N(CCCl)N=O)C(OC(C)=O)C1OC(C)=O
mol_3709,COc1ccc(OC2(c3cc(OC)ccc3OC)OC(=O)c3ccccc32)cc1
mol_3710,Cc1cc(Br)ccc1N=Nc1c(C)nn(-c2ccccc2)c1-c1ccccc1
mol_3711,Clc1ccccc1C1=NN(c2ccccc2)C2c3ccccc3OCC12
mol_3712,CCOC(=O)C(=Cc1cccc(Cl)c1)N(CC)CC
mol_3713,CNC(=N)c1ncn(C2OC(CO)C(O)C2O)n1.Cl
mol_3714,CCOC(=O)C(=Cc1cc(OC)ccc1OC)C(=O)OCC
mol_3715,Oc1nnc(O)c2c1nc(SCc1ccc(Br)cc1)n2Cc1ccccc1
mol_3716,Cc1ccc2c(c1N)C(=O)c1ccccc1C2=O
mol_3717,COC1C=COC2(C)Oc3c(C)c(O)c4c(O)c(c(C=NN5C(C)CN(Cc6ccccc6C#N)CC5C)c(O)c4c3C2=O)NC(=O)C(C)=CC=CC(C)C(O)C(C)C(O)C(C)C(OC(C)=O)C1C
mol_3718,CCOP1(=O)N=C(NC2=NC(C(F)(F)F)(C(F)(F)F)OC(C(F)(F)F)(C(F)(F)F)O2)N(C)C1(C)C
mol_3719,CC1=C(C(=O)Nc2ccccc2)C(c2ccc(N(C)C)cc2)C(C(=O)Nc2ccccc2)=C(C)N1
mol_3720,Cn1c(NNc2ccccc2)cc(=O)[nH]c1=O
mol_3721,N=C(Nc1ccc(O)cc1)[SH](=O)=O
mol_3722,COc1cccc(C=c2[nH]c(=O)c(=Cc3cccc(OC)c3OC)[nH]c2=O)c1OC
mol_3723,N=C(CSS(=O)(=O)O)NCC1CC2CCC1C2
mol_3724,CS(=O)(=O)O.N=C(N)c1ccc2oc(C=Cc3cc4cc(C(=N)N)ccc4o3)cc2c1
mol_3725,CCOC(=O)C12CC(C=COC)(O[Si](C)(C)C)C13c1cc(OC)c(OC)cc1CCN3C(=O)C2=O
mol_3726,C1CNCCSCCCSCCNC1
mol_3727,Cc1cc(-n2c(C)ccc2C)no1
mol_3728,CC12CCCC(=O)C1(C)CCC2=O
mol_3729,CCOC(=O)C(F)=Cc1cccc(C#N)c1
mol_3730,S=C(c1c[nH]c2ccccc12)N1CCOCC1
mol_3731,O=c1cc(-c2ccccc2)oc2cc(Oc3nnnn3-c3ccccc3)ccc12
mol_3732,CCCCNc1nc(C(F)(F)F)nc2[nH]cnc12
mol_3733,CCOC(=O)C(=Cc1cccc(C(F)(F)F)c1)P(=O)(OCC)OCC
mol_3734,CCOC(=O)C1Nc2ccc(O)cc2C2c3ccccc3CC12
mol_3735,O=NC1C2C=CC(C2)C1Cl
mol_3736,C[N+](C)(C)CC(=O)NN=C(Cc1nc2c3c(ccc2nc1O)C(=O)c1ccccc1C3=O)C(=O)Nc1ccc(Cl)c(Cl)c1.[Cl-]
mol_3737,CCCCCCCCCCCCCCCCCCCCCCCCCCCCCC=C(c1cc(Cl)c(OC)c(C(=O)OC)c1)c1cc(Cl)c(OC)c(C(=O)OC)c1
mol_3738,NC(CCCCCCCCCCP(=O)(O)O)C(=O)O
mol_3739,COc1ccc(OC)c(CCc2cc(OC)c(OC)cc2C)c1
mol_3740,O=C1C2CC=CCC2C(=O)N1n1c(Cc2ccccc2)n[nH]c1=O
mol_3741,Cn1c(=O)c2nc3sc4ccccc4c(=N)n3c2n(C)c1=O
mol_3742,OCC1C(O)C(O)C2SCCN12
mol_3743,CC(=O)c1sc2c(c1OC(=O)c1cccs1)c(=O)n(-c1ccccc1)c(=S)n2-c1ccccc1
mol_3744,O=C(C=Nc1ccccc1S)c1cccs1
mol_3745,COc1ccc2c(c1)[n+]([O-])c(C(=O)CC(=NNC(=O)C[N+](C)(C)C)C(=O)Nc1cc(Cl)ccc1Cl)c(C)[n+]2[O-].[Cl-]
mol_3746,c1ccc2c(c1)[n-]n1c3ccc4nonc4c3n[n+]21
mol_3747,O=C(NO)NCCCl
mol_3748,O=C1CC(c2ccc[nH]2)=NN1c1ccccc1
mol_3749,CCN1CN(c2ccccc2)C2(CCN(CC(CC3OCCO3)c3ccc(F)cc3)CC2)C1=O.Cl
mol_3750,O=C1c2ccccc2C2(Br)C(=O)c3ccccc3C12
mol_3751,CC1=[O+][Co-4]23(NCCN2CCCNC(=O)c2cccc4cc5ccccc5nc24)([O+]=C(C)C(C)=C(C)[OH+]3)[OH+]C(C)=C1C.[O-][Cl+3]([O-])([O-])[O-]
mol_3752,CC(=O)OCC1OC(n2c(-c3ccccc3)c(N=Nc3ccc(Cl)cc3)c(C)c(C#N)c2=S)C(OC(C)=O)C(OC(C)=O)C1OC(C)=O
mol_3753,COc1ccc(-c2cc(=O)c3c(O)cc(OC)cc3o2)cc1
mol_3754,OCc1ccc2ccc3ccc(CO)nc3c2n1
mol_3755,CC(C)(C)c1cc(C(O)(C(F)(F)F)C(F)(F)F)c2c(c1)C(C(F)(F)F)(C(F)(F)F)OC(c1ccccc1)(C(C)(C)C)N2
mol_3756,CC1CC2C(=O)NC(=O)C2c2c1c1ccccc1n2C
mol_3757,CCOP(=O)(OCC)C(C#N)=Cc1ccnc2ccccc12
mol_3758,Cc1ncc([N+](=O)[O-])n1CCNS(=O)(=O)CCCn1ncnc1[N+](=O)[O-]
mol_3759,CCOC(=O)Nc1nc(=O)n(-c2ccc3ccccc3n2)[nH]1
mol_3760,CC1CCC(C(C)C)C(OC2(c3ccccc3)OC(=O)c3ccccc32)C1
mol_3761,O=c1c(Cl)c(O)ccn1C1OC(CO)C(O)C1O
mol_3762,O=C(C(O)c1cn(Cc2ccccc2)c2ccccc12)N1CCCCC1
mol_3763,CCOC(=O)C=C(C)Nc1nc2c(c(C(=O)OC)c1C#N)CCCC2
mol_3764,CC(=O)OCC1OC(N=[N+]=[NH2+])C(OC(C)=O)C(OC(C)=O)C1OC1OC(COC(C)=O)C(OC(C)=O)C(OC(C)=O)C1OC(C)=O
mol_3765,O=C1OC(=O)c2c1c(-c1ccccc1)nc1ccccc21
mol_3766,Cc1cn(C2CC(NC(=O)N(C)O)C(CO)O2)c(=O)[nH]c1=O
mol_3767,Cc1ccc(S(=O)(=O)N2CCCN(S(=O)(=O)c3ccc(C)cc3)CCSCCCSCC2)cc1
mol_3768,NS(=O)(=O)c1ccc2c(c1)OCCOCCOCCOCCO2
mol_3769,CC(=O)c1cc(I)c(O)c2ncccc12
mol_3770,CN1CCN(C)C12C=c1ccccc1=CC21CC1
mol_3771,CC(=O)OCC1OC(Nc2cc(O)nc(O)n2)C(OC(C)=O)C(OC(C)=O)C1OC(C)=O
mol_3772,COC(=O)n1c(=O)nc2c3c(ncn21)Oc1c(c(-c2ccccc2)nn1-c1ccccc1)C3c1ccc(Cl)cc1
mol_3773,COC(=O)C1C2CC3c4[nH]c5cc(OC)ccc5c4CCN3CC2CC(OC)C1OC
mol_3774,O=C1C(=Cc2ccc(Br)cc2)CCCc2ccccc21
mol_3775,COC(=O)CCC(C)C1CCC2C3=CC(=O)C4CC(OC(C)=O)CCC4(C)C3CC(OC(C)=O)C21C
mol_3776,N#CC(=CN1C(=O)CC(=O)NC1=S)C(N)=O
mol_3777,CCOc1cnc(C2CCC3C4CC=C5CC(O)CCC5(C)C4CCC23C)s1
mol_3778,CC(C)CCCCCCCCCCCCC(=O)NCC(=O)NC1C(O)C(O)C(Nc2ncnc3[nH]cnc23)OC1C(O)CO
mol_3779,[N-]=[N+]=Nc1c([N+](=O)[O-])c(=O)n2c3c(cccc13)CCC2
mol_3780,CCOP(=O)(OCC)C(C)(CC)N=C(NC1=NC(C(F)(F)F)(C(F)(F)F)N=C(C(F)(F)F)O1)NC(NC(C)=O)(C(F)(F)F)C(F)(F)F
mol_3781,CCOC(OCC)N1C(=O)C2(C(OCC)OCC)CC3C(OC(=O)N3N)c3cccc1c32
mol_3782,CC(CCn1[nH]c(=O)ccc1=O)=NNC(=O)C(=O)NN
mol_3783,CC(C=NN(C)C1=NCCCCN1)=NN(C)C1=NCCCCN1.I
mol_3784,CCOC(=O)Nc1cc(Nc2ccc(Cl)cc2)c2nc(-c3ccc(Cl)cc3)c(-c3ccc(Cl)cc3)nc2n1
mol_3785,COC(=O)c1cc([O-])c2sc(C)c(C)[n+]2n1
mol_3786,CCOC(=O)C1=C(C)C2=Cc3c(C)c(C(=O)OCC)c(C)n3[Cu-3]3(n4c(C)c(C(=O)OCC)c(C)c4C=C4C(C)=C(C(=O)OCC)C(C)=[N+]43)[N+]2=C1C
mol_3787,CC(SCCCCCCSC(C)C(=O)O)C(=O)O
mol_3788,CC(C)n1c2c(c3ccccc3c1=O)C(=O)c1ccccc1-2
mol_3789,O=[N+]([O-])c1ccc(NC(=S)Nc2ccccn2)cc1
mol_3790,COc1ccc(C=C(C#N)c2ccc([N+](=O)[O-])cc2)cc1[N+](=O)[O-]
mol_3791,CSc1nnc(SC)c2[nH]cnc12
mol_3792,CC1c2ccc3c(c2C2(O)CC4CCC1N2C4)CC1C3CC(O)C2CC(O)CCC21C
mol_3793,Nn1c(-c2ccccc2Cl)nc2ccccc2c1=O
mol_3794,CC(CN1CCN(CC(C)Nc2ccnc3cc(Cl)ccc23)CC1)Nc1ccnc2cc(Cl)ccc12
mol_3795,CC(C)(C)C1=CC(C)(n2[nH]c(=O)n(-c3ccccc3)c2=O)C=C(C(C)(C)C)C1=O
mol_3796,CC1(C)CCC2(C)N(c3ccccc3)C(=O)ON12
mol_3797,NC(CCSCCF)C(=O)O
mol_3798,COC(=O)c1c(C)cc(C)cc1OC
mol_3799,COc1ccc(OC)c(NC2=NCCO2)c1
mol_3800,CN(C(=O)C12C3C4C5C3C1(C(=O)O)C5C42)C(C)(C)C
mol_3801,Sc1ccc2ccccc2[n+]1[Ni-4](Cl)(Cl)([n+]1c(S)ccc2ccccc21)([n+]1c(S)ccc2ccccc21)[n+]1c(S)ccc2ccccc21
mol_3802,COc1ccc(C=C2SC(c3c(O)ccc4ccccc34)N(NC(=O)CCCCCCCCC(=O)NN3C(=O)C(=Cc4ccc(OC)c(OC)c4)SC3c3c(O)ccc4ccccc34)C2=O)cc1OC
mol_3803,CC(C)(C)[Si](C)(C)OCC1OC(n2ccc(=O)[nH]c2=O)C(O[Si](C)(C)C(C)(C)C)C1(O)C(Cl)C(N)=O
mol_3804,CN1C(=O)CC2(C)C1=CCc1scnc12
mol_3805,O=C1OC(=O)C2=C1C1C=CC2O1
mol_3806,CN(C)c1ccc(-c2ccc(N(C)C)c3n[se]nc23)c2n[se]nc12
mol_3807,CCOC(=O)c1ccc(-c2cccs2)[nH]1
mol_3808,CCCCCCC1CCC2CCCC(C)N12
mol_3809,O=C(NC(C(F)(F)F)(C(F)(F)F)P(=O)(c1ccccc1)c1ccccc1)C(C(F)(F)F)C(F)(F)F
mol_3810,CN(C)c1ccc(-c2nc(N)nc3c2CCCC3)cc1
mol_3811,O=C(Cn1ccnc1[N+](=O)[O-])NCc1ccc(F)cc1
mol_3812,Cc1ccc(S(=O)(=O)O)cc1.N=C(NO)NN=Cc1ccc2ccccc2n1
mol_3813,COc1ccc(Nc2ccc3ccccc3c2-c2c(O)ccc3ccccc23)cc1
mol_3814,CCCCCCCC(=O)N1C2CC3CCC2(CS1(=O)=O)C3(C)C
mol_3815,COc1ccc(OCc2nc3cc(C(F)(F)F)ccc3nc2-c2ccccc2)cc1
mol_3816,c1ccc(C2N=NN(c3ccccc3)C2N2CCCCC2)cc1
mol_3817,O=c1c2ncn(C3CC(O)C(CO)O3)c2nnn1Cc1ccccc1[N+](=O)[O-]
mol_3818,O=C1C(F)=CC(COC(c2ccccc2)(c2ccccc2)c2ccccc2)OC1n1cc(F)c(=O)[nH]c1=O
mol_3819,CCN1C(c2ccc(Cl)cc2)=NN2C(C)=CC(C)(C)N=C12
mol_3820,Cn1c(=O)c2c(nc3n(C)c(=O)c4ccccc4n23)n(C)c1=O
mol_3821,COC(=O)c1c(C)cccc1C1CN=NC12Cc1ccc(C)c(C)c1C2=O
mol_3822,CCS(=O)(=O)CCOP(=O)(c1ccccc1)c1ccccc1
mol_3823,CC(=S)NC=C(c1ccc(Cl)cc1Cl)S(=O)(=O)Cc1ccc(Cl)cc1Cl
mol_3824,N=C(N)NCCCC(N)C(=O)O
mol_3825,COC(=O)C(Cc1ccccc1)NC(=O)C(=CC(C)C)NC(=O)C(CCSC)NC=O
mol_3826,CN1C(=S)NC2C(O)C(O)C(CO)OC21
mol_3827,CCN1c2ccccc2-n2c(C)nnc2-c2c(-c3ccccc3)n[nH]c21
mol_3828,COc1cc2ccnc3c2c(c1OC)-c1ccccc1C3=O
mol_3829,O=C(Nc1cc2c(=O)oc3ccccc3c2oc1=O)c1cccnc1
mol_3830,Cc1ccc(-c2cssc2=S)cc1
mol_3831,COC(=O)C(NS(=O)(=O)CC12CCC(CC1)C2(C)C)C(C)(C)C
mol_3832,CC1=NC(=Cc2ccccc2)C(=O)O1
mol_3833,COC1=CC(=O)c2ccccc2C1(C)C1=NC(C)(C)CO1
mol_3834,Cc1ccc([B-]23OCC[N+]2(CNC(=O)C2=C(O)C(N(C)C)C4CC5C(=C(O)C4(O)C2=O)C(=O)c2c(O)cccc2C5(C)O)CCO3)cc1
mol_3835,COC(=O)C1C(OC(=O)C(Cl)(c2ccccc2)c2ccccc2)CC2CCC1N2C.Cl
mol_3836,COc1cccc2c1[OH+][Zn-2]1(O)[S+]=C(Nc3ccccc3)[N-][N+]1=C2
mol_3837,O=C(C=Nc1ccccc1C(=O)O)c1ccco1
mol_3838,CC1C2(C)OC(=N)C(C#N)(C(C)O2)C1(C#N)C#N
mol_3839,Cl.Cn1c2c(c3ccccc31)CCN(CCCN1CCN(c3ccccc3)CC1)C2=O
mol_3840,CCOP(=O)(OCC)C(C)(CC)NC
mol_3841,CC1CC2NC(C)CC3NC(C)CC(N1)N32
mol_3842,O=C(O)c1ccc2c(c1)C(=O)N(c1ccc(Oc3ccc(N4C(=O)c5ccc(C(=O)O)cc5C4=O)cc3)cc1)C2=O
mol_3843,C=CC1(C)CC2CCC3(C)C(C)=CC(=O)CC3C2(C)CC1O
mol_3844,COC(=O)Sc1c2sc(C(=O)OC)c(C)c2n2ccccc12
mol_3845,CCCCCCCCNC(=O)SCCCC
mol_3846,Cc1ccc(-c2c(C#N)c(-c3ccc(N(C)C)cc3)c(C#N)c(=O)n2NS(=O)(=O)c2ccccc2)cc1
mol_3847,COc1cc2ccc1-c1cc(ccc1O)CC1c3cc4c(cc3CCN1C)Oc1c(OC)cc3c(c1O4)C(C2)N(C)CC3
mol_3848,Cc1no[n+]([O-])c1NC(=O)OCc1ccccc1
mol_3849,CCC(OCc1ccccc1)C(C)=CCC(C)CO
mol_3850,CC1(Cl)C2c3ccccc3C(c3ccccc32)C1(C)Cl
mol_3851,N=c1[nH]nc(Sc2ccc(N)cc2)s1
mol_3852,CC1C(=O)C(C)C(c2ccco2)N(N=O)C1c1ccco1
mol_3853,O=C1CSC(c2ccc([N+](=O)[O-])cc2)N1c1ccc(-n2c(-c3ccccc3)nc3ccccc3c2=O)cc1
mol_3854,O=C(O)c1n[nH]c(O)c1N=Nc1ccc(C=Cc2ccc(N=Nc3c(C(=O)O)n[nH]c3O)cc2S(=O)(=O)O)c(S(=O)(=O)O)c1.[NaH]
mol_3855,CCCCN1C(=O)N(c2ccc(OCC)cc2)C2N(CCCC)C1C(C)(C)C2(C)C
mol_3856,C[n+]1cc(C(O)c2ccc3c(c2)OCO3)c2ccccc2c1.[I-]
mol_3857,CCOc1csc(C2CCC3C4CC=C5CC(OC(C)=O)CCC5(C)C4CCC23C)n1
mol_3858,C1=C(c2cnc3ccccc3n2)[SH+][Pd-2]2([SH+]1)[PH](c1ccccc1)(c1ccccc1)CC[PH]2(c1ccccc1)c1ccccc1
mol_3859,CCC(C)CCOC(=O)c1ccc(N=Cc2ccc(C=Nc3ccc(C(=O)OCCC(C)CC)cc3)cc2)cc1
mol_3860,CC(=NNC(=O)c1ccncc1)c1ccc(NC(=O)C(=O)Nn2c(=S)[nH]c3ccccc3c2=O)cc1
mol_3861,COc1ccc(-c2c(C3=NCCN3)nnn2-c2ccc(Cl)cc2)cc1
mol_3862,NN=C(c1ccccc1)c1cccc([N+](=O)[O-])c1
mol_3863,Cc1c(C(=O)CC(=O)C(=O)Nc2ccc(Cl)c(Cl)c2)[n+]([O-])c2ccccc2[n+]1[O-]
mol_3864,CN(C)c1ccc(C=Cc2ccnc3ccccc23)cc1
mol_3865,ClC=CC[N+]12CN3CN(CN(C3)C1)C2
mol_3866,Cc1cc(O)c2c(c1)C(=O)c1cc(O)cc(O)c1C2=O
mol_3867,CCCCCCCCCCCC1=C(O)C(=NCCN)C=C(O)C1=NCCN
mol_3868,O=c1[nH]c(=O)n(C2CC(O)C(CO)O2)cc1C(OCC(F)(F)F)OCC(F)(F)F
mol_3869,O=C1NC(=S)NC1=Cc1ccc(Br)s1
mol_3870,CCOC(=O)C(CS)NC(=O)CCCCCCCC(=O)O
mol_3871,O=C1OCC(O)=C1C(c1ccc(Cl)cc1)c1cc2c(cc1O)OCO2
mol_3872,COc1ccc2nc3ccc(OC)cc3c(SCCO)c2c1
mol_3873,O=C(CN(C(=O)OC12CC3CC(CC(C3)C1)C2)C(=O)OC12CC3CC(CC(C3)C1)C2)Oc1ccc([N+](=O)[O-])cc1
mol_3874,CC(C)N1CCCOC(c2ccc([N+](=O)[O-])cc2)O1
mol_3875,COc1ccc(CC2=NCCc3cc(OC)c(OC)cc32)cc1Br
mol_3876,CS(=O)(=O)OC1C(COC(=O)c2ccccc2)OC2C1Oc1nc(=O)ccn12
mol_3877,Cc1ccc(S(=O)(=O)OC(c2ccc(Cl)cc2Cl)C2OC(=O)c3ccccc32)cc1
mol_3878,CN(C)CCNC(=O)c1cccc2c1Oc1cccc([N+](=O)[O-])c1O2.Cl
mol_3879,COCOc1ccc(C2(O)Oc3cc(OCOC)ccc3C2C)c(O)c1
mol_3880,CS(=O)(=O)SCc1ccc([N+](=O)[O-])cc1
mol_3881,CN(CN(C)N=Cc1ccc(Cl)cc1)N=Cc1ccc(Cl)cc1
mol_3882,COc1cnc(C2CCC3C4CC=C5CC(O)CCC5(C)C4CCC23C)s1
mol_3883,CCOC(=O)C1(C(=O)OCC)C(C(C)(C)C)=C(C)c2ccccc21
mol_3884,Cc1cc(=O)c2c(o1)-c1ccccc1C(c1ccccc1)c1ccccc1-2
mol_3885,Cc1ccc(-c2cc(-c3ccco3)c(C#N)c(=S)n2C2OC(CO)C(O)C(O)C2O)cc1
mol_3886,COc1cc(NCC2COc3c(ccc(OC)c3OC)C2=O)c([N+](=O)[O-])cc1OC
mol_3887,Brc1ccc2c(C3CNC(c4c[nH]c5cc(Br)ccc45)CN3)c[nH]c2c1
mol_3888,CC1=Nc2ccccc2C1C(Cc1ccccc1N)c1c(C)[nH]c2ccccc12.Cl
mol_3889,Cc1cc(N(CCC#N)S(=O)(=O)c2ccccc2)ccc1C=Nc1ccc(C(=O)O)cc1
mol_3890,CC1(C)OC2OC(COC(=O)C=[N+]=[N-])C3OC(C)(C)OC3C2O1
mol_3891,CC1CCC2(C(=O)O)CCC3(C)C(=CCC4C5(C)CCC(O)C(C)(C)C5CCC43C)C2C1C
mol_3892,CN(C)c1ccc(C=Nc2ccc(C=C3C=Cc4ccccc43)cc2)cc1
mol_3893,COC1(OC)NC(=N)C2(C#N)C(c3ccccc3)NC3=C(CCC3)C12C#N
mol_3894,O=C(CCC(CC(=O)c1ccc(Br)cc1)=NO)Nc1ccc(Cl)c(Cl)c1
mol_3895,CC1(C)CC(=O)c2c(nc3c(ccc4ccccc43)c2-c2ccc(NC(=O)CCCCC(=O)Nc3ccc(-c4c5c(nc6c4ccc4ccccc46)CC(C)(C)CC5=O)cc3)cc2)C1
mol_3896,Cc1ccc(NC(=S)Nc2c(C)n(C)n(-c3ccccc3)c2=O)cc1
mol_3897,CC(=O)C(=CNC(=S)c1cccnc1)C(=O)Nc1ccccc1C
mol_3898,Br.CCC1=C(C)C(=Cc2[nH]c(CBr)c(CC)c2C)N=C1CBr
mol_3899,O=C(CO)C1CC2C=CC1C2
mol_3900,c1ccc(CCN2CCc3[nH]c4ccccc4c3C2)cc1
mol_3901,O=C1C(=Cc2cccc([N+](=O)[O-])c2)Cc2ccccc21
mol_3902,CN(C)NC(=O)C(=Cc1ccc(Cl)cc1)NC(=O)c1ccccc1
mol_3903,COc1ccccc1C(=NOCCC(=O)O)c1cccs1
mol_3904,CC1(C)OC2CC3CC(OC3=O)C2O1
mol_3905,O=C(C(=Cc1ccc(Cl)cc1)c1ccccc1)c1ccccc1
mol_3906,COc1ccccc1N=C1SCC(=O)N1Cc1ccco1
mol_3907,Cn1c(=O)[c-]2c(no[n+]2=O)n(C)c1=O
mol_3908,O=c1[nH]c(=O)n(C2CC(O)C(CO)O2)cc1OCCCc1ccccc1
mol_3909,O=C1CCC2(CC1CCS(=O)c1ccccc1)OCCO2
mol_3910,COc1ccc(C2C3=C(CCCC3=O)N(c3ccccc3)C3=C2C(=O)CCC3)cc1
mol_3911,CCN=C1C=CC(=C(c2ccc(NCC)c(C)c2)c2cc(O)c(S(=O)(=O)O)cc2S(=O)(=O)O)C=C1C
mol_3912,O=C(Cc1nc2ccc([N+](=O)[O-])cc2nc1O)C(=O)Nc1cc(Cl)c(Cl)cc1Cl
mol_3913,CCOC(=O)C(CCC(N)=O)(CCC(=O)OC)C(=O)OCC
mol_3914,NC(=O)C(=CNC(=S)Nc1cccc(C(F)(F)F)c1)C(N)=O
mol_3915,CN1CC(=O)NC2C(=CN(Cc3ccccc3)c3ccccc32)C1=O
mol_3916,COc1nc(O)c2c(n1)NC(c1ccccc1)CC(c1ccccc1)=N2
mol_3917,N#CCCC(CC#N)S(=O)(=O)O
mol_3918,N#CC(Nc1cccc(C(F)(F)F)c1)c1ccccc1C(F)(F)F
mol_3919,CCC(=O)C(CCN1CCC(n2c(=O)[nH]c3ccccc32)CC1)(c1ccccc1)c1ccccc1
mol_3920,Cc1ccc([N+](=O)[O-])c2c(NCCCN(C)C)c3ccccc3nc12.Cl
mol_3921,COc1cc(C=C2SC(c3ccccc3)N(c3cc(Cl)ccc3Cl)C2=O)cc(OC)c1OC
mol_3922,CC#COP(=O)(OCC)OCC
mol_3923,CCCCCC=C(c1cc(Br)c(OC)c(Br)c1)c1cc(Br)c(OC)c(Br)c1
mol_3924,CC1COS(=O)N1c1ccccc1
mol_3925,Cc1ccc(S(=O)(=O)Sc2nnnn2-c2ccccc2)cc1
mol_3926,S=C1CC(c2ccccc2)Sc2ccccc2N1
mol_3927,C=CCNC1=C(C(=O)OCC)C(=O)CO1
mol_3928,COC(=O)C1(C)C=CC(=O)C2(C)C1C(O)C1OC3CC(c4ccoc4)C(C)=C3C1(C)C2CC(=O)O
mol_3929,CC(NNC(=S)N1CCN(c2ccccn2)CC1)c1nccc2ccccc12
mol_3930,COc1cc2c(cc1OCCCCCN1C(=O)c3cccc4cccc(c34)C1=O)N=CC1CCCN1C2=O
mol_3931,CCOC(=O)C(=Cc1cccc(C#N)c1)C(C)=O
mol_3932,Cc1cc(CO)c(O)c(CN(CC(=O)O)CC(=O)O)c1
mol_3933,COc1ccc2c(c1)CCc1c(-c3noc4c3CCc3cc(OC)ccc3-4)noc1-2
mol_3934,COC=Cc1cc2c(cc1C(OC)OC)OCO2
mol_3935,OC1(c2ccccc2)CSC2=Nc3ccccc3C3CCN1N23
mol_3936,S=C(NN=C(c1ccccc1)c1ccccn1)Nc1ccccc1
mol_3937,N#CCCC1(CCC#N)CCCCCCCCC(CCC#N)(CCC#N)C(O)C1O
mol_3938,N#CC(C#N)=Cc1c[nH]c2ccccc12
mol_3939,COc1ccc(C=NNC(=O)CSc2nc(-c3ccccc3)c(-c3ccccc3)[nH]2)cc1OC
mol_3940,O=C(C(=CNC(=S)Nc1ccccc1Cl)C(=O)c1ccccc1)c1ccccc1
mol_3941,COc1ccc(C2Oc3cc(OC)cc(O)c3C(=O)C2C2C(=O)c3c(O)cc(OC)cc3OC2c2ccc(O)cc2)cc1
mol_3942,COc1ccc(S(=O)(=O)NN=Cc2cc(I)cc([N+](=O)[O-])c2O)cc1OC
mol_3943,COc1ccc([N+](=O)[O-])c2c(NCCCN(C)C)c3ccccc3nc12.Cl
mol_3944,COc1ccc(C=C2CCc3ccccc3C2=O)cc1OC
mol_3945,Cc1ccc(-n2cc(-c3ccc(Cl)cc3)c3c2N=CN2N=C(c4ccco4)NC32)cc1
mol_3946,COc1ccc(Cn2nc(OCc3ccccn3)c3cc([N+](=O)[O-])ccc32)cc1
mol_3947,FC(F)(F)C(F)(F)C(=NNc1ccccc1)SSC(=NNc1ccccc1)C(F)(F)C(F)(F)F
mol_3948,[Cl-].c1ccc(C[P+]2(c3ccccc3)c3ccccc3-c3ccccc32)cc1
mol_3949,Cc1cc2c(C(C)C)c(O)c(O)c(C=Nc3ccc(C(=O)NCC(=O)O)cc3)c2c(O)c1-c1c(C)cc2c(C(C)C)c(O)c(O)c(C=Nc3ccc(C(=O)NCC(=O)O)cc3)c2c1O
mol_3950,COc1c(C)c2c(c3c1c(=O)c1ccccc1n3C)C=CC(C)(C)O2
mol_3951,COc1ccc(-c2cc3cc(Cl)cc(Cl)c3oc2=O)cc1OC
mol_3952,O=C1SC(c2ccccc2)(c2ccccc2)c2ccccc21
mol_3953,COc1ccc(-c2c[se]c(=S)s2)cc1
mol_3954,Cc1cc2c(oc(=O)c3cc(C)sc32)s1
mol_3955,CC=CC[PH](c1ccccc1)(c1ccccc1)c1ccccc1
mol_3956,O=C(c1ccccc1)N1C2C3CC(OCc4ccccc4)(OCc4ccccc4)C(O3)C21
mol_3957,O=C1SC(=NC2CCCCC2)N(C2CCCCC2)C1=C1C(=O)SC(=NC2CCCCC2)N1C1CCCCC1
mol_3958,CC(=O)C(=Cn1c(=S)[nH]c2ccccc21)C(=O)Nc1ccccc1C
mol_3959,CN(CCN1C(=O)c2cccc3cc(N)cc(c23)C1=O)CCN1C(=O)c2cccc3cc(N)cc(c23)C1=O.Cl
mol_3960,O=C1c2ccccc2C(=O)c2c1ccc1c2[nH]c2ccccc21
mol_3961,COc1c2c(c(N)c3ccc(=O)oc13)CCO2
mol_3962,COC1C=COC2(C)Oc3c(C)c(O)c4c(c3C2=O)C(=O)C=C(NC(=O)C(C)=CC=CC(C)C(O)C(C)C2OC(C)(C)OC(C1C)C2C)C4=O
mol_3963,c1ccc(CN2COCOC3CCCC32)cc1
mol_3964,CC(C)N(C(=O)C1(C)CC1)C(C)C
mol_3965,Cc1nc(O)c2oc3cc4ccccc4cc3c2c1C(=O)O
mol_3966,CC(=O)c1ccc2c(c1)CC1(C2)Cc2ccc3c(c2C1=O)CCC3
mol_3967,NC1=C(O)c2cccc3cccc(c23)C1=O
mol_3968,CC12CCC3C(CCC4=CC(=O)NCC43C)C1CCC(=O)N2
mol_3969,Cc1ccc(N2C(=O)C(=Cc3ccc(N(CCC#N)CCC#N)cc3C)N=C2c2cc([N+](=O)[O-])ccc2Cl)cc1
mol_3970,CCN(CC)S(=O)(=O)c1ccc(Nc2nc(Cl)nc(Cl)n2)cc1
mol_3971,CC(=O)OC1CCC2(C)CC3C=CC2(OO3)C1(C)C
mol_3972,Cc1ccc(C)c(NC(=O)C(=O)Nn2c(=S)[nH]c3ccccc3c2=O)c1
mol_3973,N=C(NN=Cc1ccc2c(c1)OCO2)NN=Cc1ccc2c(c1)OCO2
mol_3974,CN(C)C(=S)N=c1ssc(=NC(=S)N(C)C)n1-c1ccccc1
mol_3975,CNS(=O)(=O)NNS(=O)(=O)c1ccc(Cl)cc1
mol_3976,O=C(CN1CCN(C(=O)OCc2ccccc2)CCN(CC(=O)N2CCCCC2)CCN(C(=O)OCc2ccccc2)CC1)N1CCCCC1
mol_3977,CC(=O)Nc1ccc(C(=O)NN2C(=O)CSC2c2ccccc2)cc1
mol_3978,C=C1CC(COc2cc(=O)oc3ccccc23)(c2ccccc2)OC1=O
mol_3979,CS(=O)(=O)N(CCC#N)c1ccc(C=O)cc1
mol_3980,NCCSS(=O)(=O)CCN
mol_3981,O=[N+]([O-])c1cc(S(=O)(=O)c2ccc(N(CCO)CCO)c([N+](=O)[O-])c2)ccc1N(CCO)CCO
mol_3982,CNC(=O)CNC(=O)N(CC1CCCN1C(=O)C(CC(C)C)NC(=O)OC(C)(C)C)C(C)C
mol_3983,C#CCN(N=O)C(=O)NCCCC(NC(C)=O)C(=O)NCc1ccccc1
mol_3984,c1ccc([PH](CCN2Cc3ccccc3C2)(c2ccccc2)c2ccccc2)cc1
mol_3985,CN(C)CCSc1nccc(-c2cc3ccccc3s2)n1
mol_3986,Cc1ccc2c(c1)P(=O)(O)c1cc(C)ccc1O2
mol_3987,C=C1CN(S(=O)(=O)c2ccc(C)cc2)CCCN(C(=O)OC(C)C)CCCN(S(=O)(=O)c2ccc(C)cc2)C1
mol_3988,Cc1ccc(C)c(NC(=O)C(=NN)C(c2cnc3ccc([N+](=O)[O-])cc3n2)[N+](=O)[O-])c1
mol_3989,Cc1ccc2nc(-c3ccc(-c4nc5ccc(C)cc5o4)c(O)c3)oc2c1
mol_3990,S=C(Nc1ccccn1)Nc1ccccc1Cl
mol_3991,COc1cc2c(c(OC)c1OC)-c1ccc(SC)c(=O)cc1C(NC(C)=O)CC2
mol_3992,O=Nc1c(Br)cc(Br)c2ccc3c(Br)cc(Br)c(N=O)c3c12
mol_3993,Brc1ccc2[nH]c3nc(NN=Cc4cccnc4)nnc3c2c1
mol_3994,COc1ccc(C(=NNC(=O)NN)C(c2ccc(OC)cc2)C2(O)C(=O)Nc3c(Cl)cc(Cl)cc32)cc1
mol_3995,CC(C)CCn1[nH]c(=N)c2nc3ccccc3nc21
mol_3996,NS(=O)(=O)c1ccc(Nc2c3ccccc3nc3c(C(=O)NCCCN(CCO)CCO)cccc23)cc1
mol_3997,CNC(=O)CNC(=O)C(NC(=O)CNC(=O)C1CCCN1C(=O)C(C)NC(=O)C(NC(C)=O)C(C)C)C(C)C
mol_3998,COc1ccc2nc(NC(=O)C(=O)CC(=O)c3ccc(Cl)cc3)sc2c1
mol_3999,O=C(O)C1=C(C(=O)O)C2CCC1C2
mol_4000,O=C1CSC(c2cccc([N+](=O)[O-])c2)N1c1ccc(-n2c(-c3ccccc3)nc3ccccc3c2=O)cc1
mol_4001,COC(=O)C(=NNC(=O)c1ccccc1O)C(C#N)c1ccccc1
mol_4002,Nc1ccc(Sc2c3ccccc3nc3ccccc23)cc1
mol_4003,Oc1nncc(NN=C(C=Cc2ccc(CC(=NNc3cnnc(O)c3Cl)c3ccccc3)cc2)c2ccccc2)c1Cl
mol_4004,O=C(O)c1cc(C=Cc2cc(O)ccc2O)ccc1O
mol_4005,Cc1ccc(S(=O)(=O)C(CC(=O)N2CCCC2)C(=O)c2ccccc2)cc1
mol_4006,COc1ccc(C(C#N)NNC(=O)c2ccccc2O)cc1OC
mol_4007,CC(NC(=O)OC(C)(C)C)C(=O)NC(Cc1ccccc1)C(=O)NCC(=O)O
mol_4008,Cc1cc2c(C(C)C)c(O)c(O)c(C=Nc3ccccc3O)c2c(O)c1-c1c(C)cc2c(C(C)C)c(O)c(O)c(C=Nc3ccccc3O)c2c1O
mol_4009,CC(=O)OCC(OC(C)=O)C(OC(C)=O)C(OC(C)=O)C(=O)CNn1c(-c2ccccc2)nc2ccc(Br)cc2c1=O
mol_4010,CC(=O)c1cccc(C(C)=O)c1N=Cc1ccc(Cl)cc1
mol_4011,CC1(Cl)CCC2(CC(Br)=CC3OC32C)CC1Br
mol_4012,CC1(C)CC(=O)C(=CNC(=S)Nc2ccc(S(N)(=O)=O)cc2)C(=O)C1
mol_4013,Cc1ccc2c(c1)C(=O)C(Cl)(C(Cl)c1ccccc1)S2
mol_4014,OCCCCOC(c1ccccc1)(c1ccccc1)c1ccccc1
mol_4015,CC1(C)CCC2=C(O1)C(=O)c1ccccc1C2=O
mol_4016,O=C1c2c(nc3ccccc3c2-c2ccccc2)CN1Nc1ccccn1
mol_4017,C=CCN(c1cc(OC)c(NC(C)=O)cc1[N+](=O)[O-])S(C)(=O)=O
mol_4018,N=C(N)NS(=O)(=O)c1ccc(NC(=O)c2cccc3cc4ccccc4nc23)cc1
mol_4019,Nc1nc(S)nc(C(=O)Nc2ccc(Cl)c(Cl)c2)c1-c1ccc(Cl)cc1
mol_4020,NC(CCOCCP(=O)(O)CCOCCC(N)C(=O)O)C(=O)O
mol_4021,Cc1ccc(S(=O)(=O)ON=C2CCCC2=Cc2ccccc2)cc1
mol_4022,CC(C)(C)OC(=O)NC1CCCC1C(O)(C1=CCCC1)C1=CCCC1
mol_4023,CC(C)(C)[Si](C)(C)OCCOCn1cc(F)c(=O)[nH]c1=O
mol_4024,Cc1cc(N(CCC#N)CCC#N)ccc1N=Nc1ccc(Br)cc1
mol_4025,ON=CC1COC2(CCCCC2)O1
mol_4026,CN(N=Cc1ccccn1)C1=NCCCN1.I
mol_4027,CC1(C)C(=NNC(=S)NN)C(C)(C)C1=NNC(=S)NN
mol_4028,OCC(Oc1ccccc1)C(O)C(O)C(CO)Oc1ccccc1
mol_4029,O=C(c1ccccc1)N1CC(=NNc2ccc(Cl)cc2)c2c([nH]c3ccccc23)C1
mol_4030,COC(=O)C1C(C(=O)OC)N(Cc2ccccc2)C(=O)N1Cc1ccccc1
mol_4031,CN(C)C=O.Oc1nc(O)c2nc3c(nc2n1)-c1cccc2cccc-3c12
mol_4032,O=C(CCn1ccnc1)N1CCN(c2ccccc2)CC1
mol_4033,O=C(c1ccccc1)N1CCN(C(=S)N(C(=O)c2ccccc2)c2ccccc2)C1=S
mol_4034,Cc1nnnn1C1C(C#N)CC2C3CCC4=Cc5nnnn5CCC4(C)C3CCC21C
mol_4035,O=C(NC(=O)c1c(F)cccc1F)Nc1ccc(Br)cn1
mol_4036,COC(=O)C(Cc1c[nH]c2ccccc12)NP(=O)(O)OCC1OC(n2cc(F)c(=O)[nH]c2=O)CC1O
mol_4037,Cc1ccccc1NC1(C#N)CCN(Cc2ccccc2)CC1
mol_4038,CC(NC(=O)C(NC(=O)OC(C)(C)C)C(C)C)C(=O)N1CCCC1C(=O)NCC(=O)NC(C(=O)NCC(=O)O)C(C)C
mol_4039,CC1CC(=O)N2C(OCC2C(C)C)O1
mol_4040,Cc1cc(=O)n2nc(CSc3nnc(Sc4cc(O)ccc4O)s3)sc2n1
mol_4041,CC(C)C(NC(=O)OC(C)(C)C)C(=O)N1CCCC1C(=O)O
mol_4042,COC(=O)C1=C(C(=O)OC)C2(C3=C(C)C(=O)c4ccccc43)CCC1(C)O2
mol_4043,COc1cc(NC(C)=O)c(OC)cc1Cl
mol_4044,CCOc1ccc(N=Cc2ccc3cc(C)ccc3n2)cc1
mol_4045,Nc1nc(Cl)c(N)c(NCC2(CO)CCC2)n1
mol_4046,CCCCCCCCCCCC(=O)OCC1OC(n2cc(F)c(=O)[nH]c2=O)C(N)C(O)C1O
mol_4047,COC(=O)C1(Cc2ccc3c(c2)CCC3)Cc2ccccc2C1=O
mol_4048,CCOC(=O)c1cc(OC(=O)CC)c2c(OC)ccc(OC)c2c1
mol_4049,O=c1[nH]c(=O)n(C2OC(CO)CC2F)cc1F
mol_4050,CN(C(=O)c1cc2c(s1)sc1c(=O)n(C)c3ccccc3c12)c1ccccc1
mol_4051,O=C1O[Cu-3]2(OC(=O)c3cccc[n+]32)[n+]2ccccc21
mol_4052,Oc1c(Cc2ccccc2)c(-c2ccccc2)nn1C1=NCCN1
mol_4053,Cc1nnc2sc(NN=Cc3ccccc3)nn12
mol_4054,O=c1n(-c2ccccc2)c(=O)n2n1C1CCC2CC1
mol_4055,CC(C)(C)c1cc(C(P(=O)(O)O)P(=O)(O)O)cc(C(C)(C)C)c1O.[NaH]
mol_4056,[Br-].c1ccc([P+](CCCCCC[P+](c2ccccc2)(c2ccccc2)c2ccccc2)(c2ccccc2)c2ccccc2)cc1
mol_4057,CC1NC(=O)C(C(C)C)NC(=O)C2=CN(Cc3ccccc3)C=CC2NC(=O)C(C)NC(=O)C(C(C)C)NC(=O)C2=CN(Cc3ccccc3)C=CC2NC1=O
mol_4058,Cc1c(C)c(C)c(-n2c(=O)n(C)c(=O)n2-n2c(=O)n(C)c(=O)n2-c2c(C)c(C)c(C)c(C)c2C)c(C)c1C
mol_4059,CC12CCC3c4ccc(OC(=O)c5ccccc5)cc4CCC3C1CCC2OC(=O)C12OC1CCC2=O
mol_4060,CCCC(Cl)=NOC(=O)Nc1ccccc1C(F)(F)F
mol_4061,Cc1cc(C)nc(NS(=O)(=O)c2ccc(Nc3c4ccc(Cl)cc4nc4c(C(=O)Nc5ccc(S(N)(=O)=O)cc5)cccc34)cc2)n1
mol_4062,COc1ccc2c(c1)C=C(C(C)(C)C)N=S2(=O)O
mol_4063,CCOc1ccc(N=Nc2ccc3oc(=O)c(C(C)=NNC(=O)CC(=O)Nc4cccc(OC)c4)cc3c2)cc1
mol_4064,CC1OC(=O)C2CC3CCCCC3C(C=CC3CCCC(C)N3C)C12
mol_4065,CC(CCn1[nH]c(=O)ccc1=O)=NNc1ccc([N+](=O)[O-])cc1[N+](=O)[O-]
mol_4066,Brc1ccc2c(-c3csc(-c4c[nH]c5cc(Br)ccc45)n3)c[nH]c2c1
mol_4067,CNc1ncc2nc(C)c(=O)n(C)c2n1
mol_4068,CN(C)C=NNC(=O)C(C#N)=CN(C)C
mol_4069,Cl.O=C(O)C(CCCC1C(=O)OC(c2ccccc2)C(c2ccccc2)N1C(=O)OCc1ccccc1)NC(c1ccccc1)C(O)c1ccccc1
mol_4070,O=C(CCCCCCCCC(=O)N1C(=O)CC(=O)N(c2cccc(Cl)c2)C1=S)N1C(=O)CC(=O)N(c2cccc(Cl)c2)C1=S
mol_4071,S=C(NCCc1ccccn1)c1nc[nH]c1C(=S)NCCc1ccccn1
mol_4072,O=C1C2=C(C(=O)c3c(O)ccc(O)c31)C(O)C(O)C(O)C2
mol_4073,O=C1C=C(c2ccccc2)OC1(Cl)c1ccccc1
mol_4074,CC[N+]12CN3CN(CN(C3)C1)C2
mol_4075,CC(C)(C)OC(=O)NC(CC(=O)OCc1ccccc1)C(=O)NC(C)(C)C(N)=O
mol_4076,C=CC1C(OC2OC(CO)C(O)C(O)C2O)OC=C(C(=O)OC)C1CC1c2cc(O)c(O)cc2CCN1C(C)=O
mol_4077,O=C1c2ccccc2C(=O)c2nc3ccc(Cl)cc3cc21
mol_4078,ON=C1CCCCC(=NO)CCCC1
mol_4079,CC(C)=CCCC1(C)C=Cc2c(O)c3c(c(CC=C(C)C)c2O1)OC12C(=CC4CC1C(C)(C)OC2(CC=C(C)C(=O)O)C4=O)C3=O
mol_4080,COc1cc(OC)cc(-n2c(N)c(-c3nc4ccccc4n3C)c3ccc([N+](=O)[O-])cc3c2=O)c1
mol_4081,Clc1ccc(CSc2nnc3c(n2)[nH]c2ccccc23)cc1
mol_4082,CNC(=O)ON=C1N(C)CN(c2ccccc2)C12CCN(CCCC(=O)c1ccc(F)cc1)CC2.Cl
mol_4083,CC(=O)C1=CCC2c3[nH]c4ccccc4c3CCN2C1
mol_4084,CCCCCCCCCCCC1NC(=N)NC(CCCO)=C1C(=O)OC
mol_4085,COc1ccc(C2=C(N)c3c(Cl)cccc3C2=O)cc1
mol_4086,CN1CCc2cc3c4cc2C1Cc1ccc(cc1)Oc1cc(ccc1O)CC1c2c(cc(O)c(c2O4)O3)CCN1C
mol_4087,C=C1C(=O)OC2C=C(CO)C=CC3OC3(C)CC(OC(=O)C(C)=CCOC(C)=O)C12
mol_4088,CCOC(=O)c1cnc2oc(-c3ccc(OC)cc3)nn2c1=O
mol_4089,CN(C)c1ccc(C=C2C=Cc3ccccc32)cc1F
mol_4090,COc1ccc([C+]2SC(c3ccccc3)(c3ccccc3)c3ccccc32)cc1.[O-][Cl+3]([O-])([O-])O
mol_4091,NC(=O)NC1=NC(Cc2ccccc2)C(=O)N1Cc1ccccc1
mol_4092,COc1ccc(C)cc1-c1cc(Sc2ccccc2)c(-c2cc(C)ccc2OC)o1
mol_4093,COc1cc(OC)c(OC)cc1C=Cc1cc[n+](C)c2ccccc12
mol_4094,CC(C)(C)OC(=O)C1=C(N)N(Cc2ccccc2)C2(C)C=CC(=O)C=C12
mol_4095,O=C1Nc2ccccc2C1=NNc1nc(-c2ccc(Br)cc2)cs1
mol_4096,CCC(CCN)(CCN)[N+](=O)[O-].Cl
mol_4097,O=[N+]([O-])c1cnc(C=[N+]([O-])CCO)n1CCO
mol_4098,COC(=O)CCC1=CCC2(SC)C(=O)Nc3cccc1c32
mol_4099,Cc1cc(NS(=O)(=O)c2ccc(Nc3c4ccccc4nc4c(C(=O)NC(CO)(CO)CO)cccc34)cc2)no1
mol_4100,CCCCCCc1cc(S(=O)(=O)O)c(O)cc1O
mol_4101,CNC(=O)c1cc(NC(=O)N(CCC#N)CCN(C(=O)NC(Cc2ccccc2)C(=O)NC(CC(C)C)C(=O)NC)c2ccccc2)ccc1OC
mol_4102,O=C1c2cccn2-c2ccccc2OC1(CC1CC1)c1ccccc1
mol_4103,CC1OC(n2cc(C(F)(F)F)c(=O)[nH]c2=O)C=CC1=O
mol_4104,COC(=O)C(CSCc1ccccc1)NC(=O)CNC(=O)c1ccccc1
mol_4105,CCc1ccc(N2C(=O)C(CC(=O)O)SC23C(=O)N(Cc2ccccc2)c2ccccc23)cc1
mol_4106,CC(=O)OCC1OC(OCCCOP(=S)(OCCC#N)OCC2OC(n3ccc(=N)[nH]c3=O)C(OC(=O)c3ccccc3)C2OC(=O)c2ccccc2)C(OC(C)=O)C(OC(C)=O)C1OC(C)=O
mol_4107,N=C1OC(CN2CCN(c3ccccc3)CC2)CN1C(=S)Nc1ccccc1
mol_4108,Nc1nc(O)c2c(ncn2COC(CO)CO)n1
mol_4109,O=C1CN(C=C(c2ccc(Cl)cc2)S(=O)(=O)Cc2ccc(Cl)cc2)C(=S)N1
mol_4110,NC(=S)NN=Cc1ccc(O)cn1
mol_4111,Cc1nc2c(sc(=S)n2-c2ccccc2)c2nc3ccccc3n12
mol_4112,CCCCCCCCCCCCC(CCCCCCCCCCCC)OP(=O)(O)O
mol_4113,NCC1(N2CCOCC2)C2CCCC21CO
mol_4114,COc1ccc(-c2[nH]c(=O)n(C3OC(CO)C(O)C(O)C3O)c(=O)c2C#N)cc1
mol_4115,Cn1cncc1CC1COC(=O)C1C(O)c1ccccc1
mol_4116,O=S(O)Cc1ccccc1CSSSCc1ccccc1CS(=O)O
mol_4117,Clc1cccc(C2N3CCCCC3C3c4[nH]c5ccccc5c4CCN32)c1
mol_4118,COc1ccc(Nc2nc3cc(C(F)(F)F)ccc3nc2-c2ccccc2)cc1OC
mol_4119,OCC1OC(n2cnc3c(S)ncnc32)C(O)C1O
mol_4120,OCCCCCCCCCCCOc1ccc(C2OCC3(CC=CCC3)CO2)cc1
mol_4121,COc1ccc(NC(=O)CC(C)=NNC(=N)N)c([N+](=O)[O-])c1
mol_4122,CCOP1(=O)OCC(C(C)(C)C)CO1
mol_4123,CC(=O)N(C(C)=O)c1cc2c3c(c1)CCCN3CCC2
mol_4124,Cc1ncc([N+](=O)[O-])n1CCOC(N)=O
mol_4125,O=[N+]([O-])c1ccc2nncc(N3CC3)c2c1
mol_4126,CC1CCC2C(C)C3=C(CN2C1)C1CC2C(CC(O)C4CC(O)CCC42C)C1CC3
mol_4127,CCOc1ccccc1NC(=O)C1=C(C)NC(C)=C(C(=O)Nc2ccccc2OCC)C1c1ccc([N+](=O)[O-])cc1
mol_4128,CCOC(=O)CNC1=c2ccccc2=S(=O)(O)N=N1
mol_4129,Cc1ccc(S(=O)(=O)OC2C(O)C(O)OC2C(c2cc(O)c3c(c2O)C(=O)c2ccccc2C3=O)c2cc(O)c3c(c2O)C(=O)c2ccccc2C3=O)cc1
mol_4130,Cl.NC1c2c(Br)sc(N3CCCC3)c2C(=O)C1O
mol_4131,N=C1NN(c2ccccc2)C(=O)C1C(=O)C(=O)Nc1ccc(Cl)c(Cl)c1
mol_4132,NCC1(N2CCOCC2)C2CCCC21CNc1ccccc1
mol_4133,CC1(C)OC2OC3COP(=O)(N(CCCl)CCCl)OC3C2O1
mol_4134,CC1=C(C(=O)NCCCN(CCO)CCO)CC(C(=O)NCCCN(CCO)CCO)=C(C)N1
mol_4135,O=C1C2N=NNC2C(=O)N1c1ccccc1
mol_4136,O=C1C(=Cc2c[nH]c3ccccc23)C(=O)c2ccccc21
mol_4137,CC(=O)OC1C(OC(C)=O)C2(C)C(C(OC(C)=O)C3C2C(C)C=C2OC(=O)C(C)(O)C23C)C2C(O)C(=O)C3CC4OC4C(OC(C)=O)C3(C)C12
mol_4138,NC(=O)CCC(F)(C(N)=O)C(N)=O
mol_4139,CCOC(=O)c1nc(SC)sc1NC(=O)c1ccc(Cl)cc1
mol_4140,CC(=O)Nc1cc2nc3n(c2cc1C)CCC3OC(C)=O
mol_4141,CC1=[N+]2[N-]C(N3CC4CCC(CC4)C3)=[S+][Fe-]2[n+]2ncccc21
mol_4142,CN1CCC23c4c5ccc(O)c4OC2C(=NN=C2CCC4(O)C6Cc7ccc(O)c8c7C4(CCN6C)C2O8)CCC3(O)C1C5
mol_4143,CCCCCCCCC[n+]1cccc(C2C(C(=O)OCC)=C(C)NC(C)=C2C(=O)OCC)c1.[Br-]
mol_4144,C=C1CC2CC(C)CC(O)C2(CCCN)C1O
mol_4145,Cl.O=C(CCCN1CCc2[nH]c3cc(F)ccc3c2C1)c1ccc(F)cc1
mol_4146,N#CCC(=O)NN=C1C(=O)NC(=O)C(=O)C1c1nc2ccccc2s1
mol_4147,CC(C)C1=CC2=C(C(=O)C1=O)C13CCCC(C)(C)C1CC2OC3=O
mol_4148,CC(C)CNC(=S)NN=Cc1ccncc1
mol_4149,O=C(O)c1cccc(OCCOc2cccc(C(=O)O)c2[N+](=O)[O-])c1[N+](=O)[O-]
mol_4150,CSc1csc(-c2ccc(-c3ccc(-c4cc(SC)cs4)s3)s2)c1
mol_4151,CCOC(=O)C=C1Nc2cc(Cl)c(Cl)cc2NC1=O
mol_4152,CCCCCCCC(=O)OCC1OC(n2cc(F)c(=O)[nH]c2=O)C(NC(=O)OCc2ccccc2)C(O)C1O
mol_4153,O=C(C=CC(=O)c1cccs1)c1cccs1
mol_4154,O=C(Nc1ccccc1)n1cc(-c2ccccn2)c(N2CCOCC2)n1
mol_4155,CC1C=C(CCCCCCCCCCCCC(O)C2CCC(C3CCC(C(O)CCCCCCCCCCCCC4=CC(C)OC4=O)O3)O2)C(=O)O1
mol_4156,CC(=O)N(O)c1ccc(Cl)cc1
mol_4157,c1ncn(C23C4C5C6C4C2C6C53)n1
mol_4158,CC(C)(C)[Si](OCC1OC(=O)C2CN(Cc3ccccc3)CC12)(c1ccccc1)c1ccccc1
mol_4159,C#CC(C)(C)Oc1cc(O)c2c(=O)c3ccccc3n(C)c2c1
mol_4160,OC1(O)C=CCCCCCC=C1
mol_4161,CSC(C)=NOC(=O)NCCCCNc1ccc(N=[N+]=[N-])cc1
mol_4162,CCCc1nc(NC#N)nc(C(=O)NC23CC4CC(CC(C4)C2)C3)c1C
mol_4163,Fc1ccccc1-c1nn2c(C34CC5CC(CC(C5)C3)C4)nnc2s1
mol_4164,COC(=O)C(Cc1c[nH]c2ccccc12)NP(=O)(O)CCC1OC(n2cc(C)c(=O)[nH]c2=O)CC1N=[N+]=[N-]
mol_4165,COc1cc(C=CC(=O)OCC(Br)C(OC(C)=O)c2ccc3c(c2)OCO3)cc(OC)c1OC
mol_4166,COc1ccc(-c2cc(-c3ccc4c(c3)CC(C)O4)nc(N)n2)cc1
mol_4167,CSc1nc(C)c(C(=O)CCN2CCN(c3ccccn3)CC2)s1
mol_4168,O=C1[OH+][Ni-4]234([O+]=C(c5cccs5)C=[N+]2c2ccccc21)[O+]=C(c1cccs1)C=[N+]3c1ccccc1C(=O)[OH+]4
mol_4169,N#CCN1CCCCCC1
mol_4170,CC(=O)OCC1OC(n2c3c(cc(C#N)c2=S)CCCCCC3)C(OC(C)=O)C(OC(C)=O)C1OC(C)=O
mol_4171,COCc1cn(C2CCC(CO)O2)c(=O)[nH]c1=O
mol_4172,C=CC(=O)N1CC(=Cc2ccc(Cl)cc2)C(=O)C(=Cc2ccc(Cl)cc2)C1
mol_4173,Cc1cc(C)nc(NS(=O)(=O)c2ccc(Nc3c4ccccc4nc4ccc(C(=O)Nc5ccc(S(N)(=O)=O)cc5)cc34)cc2)n1
mol_4174,CC(C)COC(=O)c1ccc(N)cc1
mol_4175,O=C1Cc2c([nH]c3ccccc23)-c2cc(Br)ccc2N1
mol_4176,O=C1C(Cl)C(c2cc(Br)ccc2O)N1n1cnc2ccccc2c1=O
mol_4177,COc1ccc2c(O)c(Oc3ccc(Cl)cc3)c(=O)oc2c1
mol_4178,CCOC1(OCC)NC(=N)C2(C#N)C3(C(=O)N(C(C)C)N=C3C)C12C#N
mol_4179,COc1ccc(C2C(Cl)C(=O)N2n2cnc3ccccc3c2=O)cc1
mol_4180,COc1ccc(C(c2ccccc2)N2C(=O)CCC2C(=O)O)cc1OC
mol_4181,COc1ccccc1NC(=O)CC(=O)n1nc(C)c(N=Nc2ccccc2F)c1C
mol_4182,COC(=O)c1cc(C)n(NC(=O)OC(C)(C)C)c1C
mol_4183,OC1=C(c2ccccc2)C2=NCCN2c2ccccc21
mol_4184,O=C(CC(C(=O)c1ccoc1)c1ccco1)c1ccco1
mol_4185,O=C1OC(C(O)CO)C(O)=C1Nc1ccc(S(=O)(=O)c2ncc(NC3=C(O)C(C(O)CO)OC3=O)s2)cc1
mol_4186,Cn1cnc([N+](=O)[O-])c1Sc1nnc[nH]1
mol_4187,O=C(ON=c1c2ccccc2ccc2ccccc12)c1ccccc1
mol_4188,COC(=O)CC1NC(=O)C1C(C)O
mol_4189,O=C(NCC(C(=O)OCc1ccccc1)C(=O)OCc1ccccc1)OCc1ccccc1
mol_4190,CN(C)CCNC(=O)Cc1ccccc1Nc1c(Cl)cccc1Cl
mol_4191,O=[N+]([O-])C(F)(CN(COCN(CC(F)([N+](=O)[O-])[N+](=O)[O-])CC(F)([N+](=O)[O-])[N+](=O)[O-])CC(F)([N+](=O)[O-])[N+](=O)[O-])[N+](=O)[O-]
mol_4192,CC(=C(C(N)=O)C(N)=O)C1C=C(c2cccs2)CC(c2ccc(Cl)cc2)=C1O
mol_4193,CCOC(=O)C1C(c2ccc(O)c(OC)c2)c2c(n[nH]c2O)CC1(C)O
mol_4194,O=C(CCCNc1nc(-c2ccccc2)cs1)c1cccs1
mol_4195,O=[N+]([O-])c1ccc(N2N=C(c3ccc(NCc4nc5ccccc5[nH]4)cc3)CC2c2ccco2)cc1
mol_4196,Cc1cccc(CC(C)(C)C)c1NC(=O)C(=O)C(C(=O)c1ccc2ccccc2c1)C1OC(=O)c2ccccc21
mol_4197,COC(=O)CC1C(C(C)(OC)OC)C(=O)N1[Si](C)(C)C(C)(C)C
mol_4198,Cc1cn(C2CC(OC(c3ccccc3)(c3ccccc3)c3ccccc3)C(CO)O2)c(=O)[nH]c1=O
mol_4199,Cc1ccc(S(=O)(=O)n2nc(Oc3ccc(Cl)c(Cl)c3)[nH]c2=N)cc1
mol_4200,Cc1ccc(NC(Nc2ccc(C)cc2C)=C(C(Cl)=C(Cl)Cl)[N+](=O)[O-])c(C)c1
mol_4201,CC(C)(C)C(=O)C1CC(=O)c2ccccc2C1=O
mol_4202,CCN(CC)CC(=O)NC1c2ccccc2Oc2ccccc21
mol_4203,CCC1(N)C(=O)OCc2c1cc1n(c2=O)Cc2cc3ccccc3nc2-1
mol_4204,Cc1cc2c(=O)cc(-c3ccc(O)cc3)oc2c(C(=O)O)c1C
mol_4205,CC(=O)C(=Cc1ccccc1F)C(=O)c1ccccc1
mol_4206,O=P1(Oc2ccccc2)OCC2SC(c3ccccc3)CC2O1
mol_4207,CC(=O)C(=Cn1c(=S)[nH]c2ccc([N+](=O)[O-])cc21)C(=O)Nc1ccc(Cl)cc1
mol_4208,Nc1ncnc2c1N=CN(Oc1ccccc1)N2
mol_4209,CCCN1C(=O)c2cc(O)nc(O)c2C1C
mol_4210,CNc1nc(OC)c2c(n1)[n+](C)cn2C.[Cl-]
mol_4211,CN(C)c1n2c3cc([N+](=O)[O-])ccc3[n+]3c(N(C)C)n4ccccc4c3c2c2cccc[n+]12.[O-][Cl+3]([O-])([O-])[O-]
mol_4212,O=C(c1ccc(Cl)cc1)N(C(=S)N1CCN(c2ccccn2)CC1)C1CCCCC1
mol_4213,Cc1ccccc1NC(=O)C(=O)C(C#N)c1ccccc1C
mol_4214,O=C1CCC(=O)N2c3ccccc3-c3ccccc3N12
mol_4215,Cl.OCC1NC(CC2OC(CO)C(O)C(O)C2O)C(O)C(O)C1O
mol_4216,CN(C)c1ccc(-c2c(C#N)c(-c3ccccc3)n(NS(=O)(=O)c3ccccc3)c(=O)c2C#N)cc1
mol_4217,COc1ccc(CCNC(=O)Cc2cc(OC)c(OC)cc2CO)cc1OC
mol_4218,COc1ccc(C(OCC2OC(N3CN4C(=NC3=O)N(C(=O)C(C)C)C(OC(=O)C(C)C)C4OC(=O)C(C)C)CC2OP(OC)N(C(C)C)C(C)C)(c2ccccc2)c2ccc(OC)cc2)cc1
mol_4219,c1ccc(CSC(SCc2ccccc2)c2cccc3ccccc23)cc1
mol_4220,CN(C)c1ccc(C=C2Oc3cc(O)ccc3C2=O)cc1
mol_4221,C=O.NNCCc1n[nH]c(=O)n1N
mol_4222,CCN(C(=O)NC(C(=O)NC(CSC)C(=O)NC(C)C(=O)OC)C(C)C)c1ccccc1
mol_4223,C=C(CC(NC(=O)c1ccc(C(CC)Cc2cnc3nc(N)nc(N)c3n2)cc1)C(=O)O)C(=O)O
mol_4224,CC1(C)CC(=O)C2=C(C1)OC1(CC2c2ccc(Cl)cc2)CC(c2ccc(Cl)cc2)C2=C(CC(C)(C)CC2=O)O1
mol_4225,CC(C)CCCC(C)C1CCC2C3CC=C4CC(OC(=O)CCC(=O)NCC[N+](C)(C)CCCS(=O)(=O)[O-])CCC4(C)C3CCC12C
mol_4226,CC1=C(C(=O)NNC(=O)Cc2ccccc2)CC(C(=O)NNC(=O)Cc2ccccc2)=C(C)N1
mol_4227,O=C(O)C1C2CC3C(C2=O)C31
mol_4228,COC(=O)C1=C(C(=O)OC)C2C3CC4C(C13)C42
mol_4229,Br.CN(C)c1nc(=NCc2ccncc2)ss1
mol_4230,CCOC(=O)C(CC(C(=O)OCC)C(=O)OCC)C(=O)OCC
mol_4231,O=[N+]([O-])C(=C1Nc2ccccc2O1)C(Cl)=C(Cl)Cl
mol_4232,c1cnc(NC(Nc2cnccn2)C2CCCCC2)cn1
mol_4233,O=C(O)C1(Cc2ccccc2)Cc2cc3c(cc2C1)CCC3
mol_4234,CCOC(=O)C1C(c2ccccc2)C2(C#N)C(=N)OC1(C)C2(C#N)C#N
mol_4235,CC12C(=O)CC(CC1=O)C2(C)C
mol_4236,CC(C)(NC(=O)OCc1ccccc1)C(=O)NC(Cc1ccccc1)C(=O)O
mol_4237,COc1ccc(C=C2C(=O)N(NC(C)=O)c3ccccc32)cc1
mol_4238,COc1ccc(C(C#N)NCCCCCCNC(C#N)c2ccc(OC)cc2)cc1
mol_4239,Cn1c2ccccc2c2nnc(NCCCO)nc21
mol_4240,Cc1c(CCOC=O)c(=O)nc2[nH]ncn12
mol_4241,NCC1OC(OC2C(CO)OC(OC3C(O)C(N)CC(N)C3OC3OC(CO)C(O)CC3N)C2O)C(N)C(O)C1OC1OC(CO)C(O)C(O)C1O.O=S(=O)(O)O
mol_4242,CCCCCCCCCCCCCCCC[N+](C)(C)Cc1ccccc1
mol_4243,C[N+]1(C)CCC(C#N)(c2ccccc2)CC1
mol_4244,O=c1[nH]c2nn(-c3ccccc3)cc2c(=O)n1OS(=O)(=O)c1ccccc1
mol_4245,O=[N+]([O-])c1cc(Cl)cc2cc(Br)cnc12
mol_4246,Cn1c2ccccc2n2c3ccccc3c(=S)c(C#N)c12
mol_4247,OC(CNc1ccccn1)c1ccccc1
mol_4248,COc1c(C)c(CC=C(C)CCC=C(C)CCC=C(C)CCC=C(C)CCC=C(C)C)c(OC)c(OC)c1OC
mol_4249,CC1(C)SCC(COC(=O)c2ccccc2)S1
mol_4250,O=C1C2C(C(=O)N1O)N(Cc1ccccc1)C(=O)N2Cc1ccccc1
mol_4251,CC(NC(=O)CCS)C(=O)NC(C)C(=O)NC(Cc1c[nH]c2ccccc12)C(=O)NC(Cc1c[nH]cn1)C(=O)NC(CO)C(=O)NC(Cc1c[nH]c2ccccc12)C(=O)NCCCCC(=O)NC(C)C(=O)NC(CCC(N)=O)C(=O)NC(CCCCN)C(=O)NC(C)C(=O)NC(CCCNC(=N)N)C(=O)NC(CCCCN)C(N)=O
mol_4252,CS(=O)C(C1=NOC(c2ccccc2)C1c1ccccc1)C(O)C1COC(C)(C)O1
mol_4253,COc1ccc2c(c1)C13CCCC(C)(C(=O)NC1)C3CC2
mol_4254,CC(C=Cc1ccccc1)=NNC(=S)NN=C(C)C=Cc1ccccc1
mol_4255,CNC1=Nc2ccc(Cl)cc2C2(c3ccccc3)N(C1)OC(=O)N2C.Cl
mol_4256,Cc1ccc(NC(=O)c2ccccc2)c(=O)o1
mol_4257,CC1CCCN(CCSSCCN2CCCC(C)C2)C1
mol_4258,Oc1cccnc1C=NOCc1ccccc1
mol_4259,Cc1cc(N(C)C)ccc1N=Nc1ccc2ncccc2c1
mol_4260,O=C1C(O)=C(CC=C(Cl)Cl)C(=O)c2ccccc21
mol_4261,Cn1c(=O)c2nc(-c3cccnc3)cnc2n(C)c1=O
mol_4262,COc1ccc(-c2ccc(CC(=O)O)cc2)cc1OC
mol_4263,O=C1c2ccccc2C(=O)N1CCCC[PH](c1ccccc1)(c1ccccc1)c1ccccc1
mol_4264,CC(CCCN1CCN(C)CC1)C1CCC2C3CCC4CC(O)CCC4(C)C3CCC12C.Cl
mol_4265,Brc1cccc(-c2nc3ccccc3[nH]2)c1
mol_4266,CN(C)C=NCCN1CCOCC1
mol_4267,O=C1CNc2cc(N3CCN(c4ccccc4)CC3)ccc2N1
mol_4268,N=C(N)NS(=O)(=O)c1ccc(NC(=O)c2cccc3c(Nc4ccc(S(=O)(=O)NC(=N)N)cc4)c4ccccc4nc23)cc1
mol_4269,Cn1c(COC(=O)NC2CCCCC2)c(COC(=O)NC2CCCCC2)c2ccc3ccccc3c21
mol_4270,CC(C)(C)NCC(COc1ccc([N+](=O)[O-])cc1)OP(c1ccccc1)c1ccccc1
mol_4271,O=C(Nc1cccc(C2=NCCN2)c1)Nc1cccc(C2=NCCN2)c1
mol_4272,Cc1nn(C(=O)CC(=O)Nc2ccc(Cl)cc2)c(C)c1N=Nc1ccccc1F
mol_4273,N#Cc1ccc(-c2nc3c(N)nc(-c4ccccc4)nc3o2)cc1
mol_4274,c1ccc2nc3nc4ccccc4nc3nc2c1
mol_4275,O=C1CCCCC1C1(O)C(=O)Nc2cc(F)ccc21
mol_4276,O=C(C=C(Cl)c1cnc(O)nc1O)c1ccccc1
mol_4277,Cc1cc(Cl)cc2c1NC(=O)C2(O)CC(=O)c1ccco1
mol_4278,c1ccc2cc(C3NCCc4nc[nH]c43)ccc2c1
mol_4279,Clc1nc(NC2CCCCC2)nc(NC2CCCCC2)n1
mol_4280,O=S1(=O)OC2(CCCCC2)c2ccccc21
mol_4281,O=S(=O)(c1ccc(I)cc1)c1ccc(I)cc1
mol_4282,COc1ccc2nc3cccc([N+](=O)[O-])c3c(NCCNCCO)c2c1
mol_4283,OCCN=C1c2ccccc2C2C(c3ccccc31)C1c3ccccc3C(=NCCO)c3ccccc3C21
mol_4284,[O+]#C[Mo]12(C#[O+])(C#[O+])[PH](CCP(c3ccccc3)c3ccccc3)(c3ccccc3)CC[PH]1(c1ccccc1)CC[PH]2(c1ccccc1)c1ccccc1
mol_4285,O=C(O)CC(Cl)C(NC(=O)OCc1ccccc1)C(=O)O
mol_4286,O=C(O)CS[As]1SCCS1
mol_4287,CSCC(NP1(=O)SC(NN=C(C)C)=NC1(C)C)C(=O)O
mol_4288,CCOC(=O)C1C2c3ccccc3C(c3ccccc32)C1C(=O)OCC
mol_4289,CCN(CC)CCC(=O)NC1c2ccccc2Oc2c(C)cccc21
mol_4290,Clc1cc2nc3[nH]c4ccccc4c3nc2cc1Cl
mol_4291,O=[N+]([O-])c1ccc(-n2nnc3c(Nc4ccc(Cl)cc4)nnc(O)c32)cc1
mol_4292,COC(=O)c1cc(S(=O)(=O)NC2=NNC(C)CN2)c(S)cc1Cl
mol_4293,COC(=O)c1nsc(OC)c1Cl
mol_4294,O=C(O)C(O)(c1ccccc1)c1ccsc1
mol_4295,O=[N+]([O-])c1ccc(NN=C2C=C(S(=O)(=O)O)c3ccccc3C2=NNc2ccc([N+](=O)[O-])cn2)nc1
mol_4296,O=C1CNc2cc(N3CCN(c4cccc(C(F)(F)F)c4)CC3)ccc2N1
mol_4297,Cc1cc(C)c(C#N)c(SC(=S)NC(=O)c2ccccc2)n1
mol_4298,CN(C)NC1=C([N+](=O)[O-])C=NN(c2ccccc2)C1
mol_4299,CC(=O)NNc1nc(C)c(C(=O)NNC(=O)C(=O)Nc2ccccc2C#N)s1
mol_4300,BrC12C3C4C5C(C(C43)C13OCCO3)C52
mol_4301,Cn1cc(C(=O)C2CCCCC2)ccc1=O
mol_4302,N=C(N)NP(=O)(Oc1ccccc1)Oc1ccccc1
mol_4303,COc1cc2cccc(OC)c(=O)c2c(O)c1OC
mol_4304,CC(C)C(Cl)=NOC(=O)Nc1cccc(C(F)(F)F)c1
mol_4305,CCN1CC2(COC)CCC(O)C34C5CC6C(OC)CC(O)(C5C6O)C(C(OC)C23)C14
mol_4306,CC1C(=O)C2C1CS2(=O)=O
mol_4307,CC(C)(C)OC(=O)N(CCCCNCc1ccc2ccccc2c1)CCCNCc1ccc2ccccc2c1
mol_4308,O=[N+]([O-])c1ccc(C=Cc2cc(-c3ccccc3)nc3ccc4ccccc4c23)cc1
mol_4309,CC(C)COCSCC(NC(=O)CNC(=O)C(Cc1ccccc1)NC(=O)CNC(=O)C(N)CSC(c1ccccc1)(c1ccccc1)c1ccccc1)C(=O)NC(Cc1ccccc1)C(=O)NCC(=O)OC(C)(C)C
mol_4310,O=S(=O)(c1ccccc1)N1CCC1c1ccccc1
mol_4311,Cc1ccnc(NS(=O)(=O)c2ccc(N=Cc3ccccc3O)cc2)n1
mol_4312,N.Nc1nc(O)[n+]2ncn(CCP(=O)(O)O)c2n1
mol_4313,c1ccc(COc2ccc(CC3SCCCS3)cc2)cc1
mol_4314,O=c1cc(-c2ccccc2)oc2cc(O)cc(O)c12
mol_4315,Cc1ccc(NC(=O)CC(=O)n2nc(C)c(N=Nc3ccccc3Cl)c2C)cc1
mol_4316,Nc1ccc(C(=O)NC(=Cc2cccc([N+](=O)[O-])c2)c2nc3ccccc3[nH]2)cc1
mol_4317,COc1ccc(C2C(C#N)=C(S)N(C3OC(COC(C)=O)C(OC(C)=O)C(OC(C)=O)C3OC(C)=O)C(C)=C2C(C)=O)cc1
mol_4318,Cc1ccc(NC(=N)NC#N)cc1
mol_4319,CCCCn1cnc2c(SSc3ncnc4c3ncn4CCCC)ncnc21
mol_4320,Br.CCCCc1c2c(nc3c1CCCC3O)C(=Cc1ccccc1)CCC2
mol_4321,N#CC(c1cc2c(cc1Br)OCO2)N1CCOCC1
mol_4322,CCc1cccc(CC)c1NC(=O)C1=C(C)NC(C)=C(C(=O)Nc2c(CC)cccc2CC)C1c1ccc([N+](=O)[O-])cc1
mol_4323,Fc1nc(Sc2ncnc3[nH]cnc23)nc(-c2c3ccccc3c3sc4ccccc4n23)n1
mol_4324,Cc1ccccc1NC(=O)C(=NNC(N)=S)C(C#N)c1ccccc1
mol_4325,O=C(O)c1ccc(CS(=O)c2ccccc2)c([N+](=O)[O-])c1
mol_4326,O=[N+]([O-])C(=Cc1ccccc1)C(=Cc1ccccc1)[N+](=O)[O-]
mol_4327,Cc1nc2c(O)ncnc2o1
mol_4328,NNC(=O)C(=O)NN=C(CCC(=O)Nc1ccc(Cl)cc1)Cc1nc2ccccc2s1
mol_4329,Cc1ccc(NC(c2ccccc2)P(=O)(c2ccccc2)c2ccccc2)cc1
mol_4330,CCOC(=O)C(F)(F)C(=O)OCC
mol_4331,O=C1c2ccccc2CC12Cc1cc3c(cc1C2=O)CCC3
mol_4332,N#Cc1c2n(c3c(=O)n(-c4ccccc4)c(=S)[nH]c13)CCCCC2
mol_4333,Cc1cc(C)nc(NS(=O)(=O)c2ccc(NN=c3c4ccccc4n(C)c4ccccc34)cc2)n1
mol_4334,O=S1(=O)C2C=CCC1C(c1ccccc1)CC2
mol_4335,Cc1cn(C2CC(ON)C(CO)O2)c(=O)[nH]c1=O
mol_4336,CC#CCCC1CCCCN(C(=O)OC)C1OCC
mol_4337,C=C(C)CS(=O)(=O)O
mol_4338,O=C(N=C1SCCN1C(=O)C(C(F)(F)F)C(F)(F)F)C(C(F)(F)F)C(F)(F)F
mol_4339,CCc1ccccc1NNc1cc(O)nc(O)n1
mol_4340,O=S(=O)(O)c1cccc(N=Nc2cc(S(=O)(=O)O)c3cccnc3c2O)c1.[NaH]
mol_4341,NC(=O)CC(NC(=O)C(Cc1ccccc1)NC(=O)C(CO)NC(=O)C(N)Cc1c[nH]cn1)C(=O)NC(CS)C(=O)NCC(=O)NCC(=O)NC(CCC(=O)O)C(=O)NC(Cc1ccccc1)C(=O)NC(Cc1ccccc1)C(=O)NC(Cc1ccc(O)cc1)C(=O)O
mol_4342,Cc1ccccc1OCC1COC(c2ccc(Cl)cc2)O1
mol_4343,O=c1cc(-c2ccccc2)oc2ccc(O)cc12
mol_4344,C=CC1=CC2(O[Si](C(C)C)(C(C)C)C(C)C)CCC1C(COCc1ccccc1)C2C(=O)O
mol_4345,COP(=O)(OC)OC=C(Cl)Cl
mol_4346,CC(=O)OCC12CC(CC1OC(C)=O)c1ccccc12
mol_4347,CCCCCC1CCCC2C1CCC(CCCCCI)N2C(=O)OCC(Cl)(Cl)Cl
mol_4348,O=C1c2cc3c(cc2NC(c2ccccc2F)C1O)OCO3
mol_4349,O=C1c2cc(Cl)ccc2N=C(NC2CCCC2)C2CSCN12
mol_4350,O=c1oc2c(ccc3occc32)c(N2CCCCC2)c1-c1ccccc1
mol_4351,COC(=O)C1(C#N)C(C)(C)N=C(c2ccccc2)C12CCCCC2
mol_4352,O=C1N2CCN=C2c2ccccc2C1(O)c1ccccc1
mol_4353,COc1ccc(SSc2ccc(OC)cc2C(=O)O)c(C(=O)O)c1
mol_4354,CN(C)c1ccc(C=C2C(=O)OC(C)(C)OC2=O)cc1
mol_4355,CCCc1cc(=O)oc2c(C=O)c(O)cc(O)c12
mol_4356,COC(=O)NN=C(C(=O)Nc1cccc([N+](=O)[O-])c1)c1nc2ccc([N+](=O)[O-])cc2nc1O
mol_4357,Cc1cc(C)n(C2=NS(=O)(=O)c3ccccc3N2C)n1
mol_4358,O=C(Nc1ccc(Cl)cc1)Nc1cccc2nsnc12
mol_4359,CCOC(=O)C(NC(=O)CC)(N1CCN(c2cc3c(cc2F)c(=O)c(C(=O)O)cn3C2CC2)CC1)C(F)(F)F
mol_4360,O=C(c1ccccc1)c1ccc(C(c2c(O)c3ccccc3oc2=O)c2c(O)c3ccccc3oc2=O)cc1
mol_4361,CC1(C)CC(=O)C(=CNC(=S)NCc2ccccc2)C(=O)C1
mol_4362,O=C(C=Cc1ccccc1)c1ccc(Sc2ccccc2)cc1
mol_4363,CC(=O)OCc1cc(OC(C)=O)c2cc3c(OC(C)=O)cccc3c(OC(C)=O)c2c1
mol_4364,O=C(O)C=Cc1ccc(OS(=O)(=O)O)cc1.[KH]
mol_4365,COc1cc(OC)c(C=Cc2cc(C=Cc3c(OC)cc(OC)cc3OC)[n+](C)c3ccccc23)c(OC)c1
mol_4366,CC(=S)NNC(=O)c1ccncc1
mol_4367,O=[N+]([O-])CC12OC3(O)C4C5CC(C6C5C3C61)C42
mol_4368,O=C1C[N+]23CCO[Fe-4]245(O1)OC(=O)C[N+]4(CC3)CC(=O)O5
mol_4369,CC(=O)OCC1OC(n2c(-c3ccc(C)cc3)cc(-c3ccco3)c(C#N)c2=S)C(OC(C)=O)C(OC(C)=O)C1OC(C)=O
mol_4370,Nc1[nH][nH]c(=O)c1N=O
mol_4371,O=S(=O)(c1ccccc1)C1(Sc2ccccc2)CC(Br)C(Br)C1
mol_4372,CC(=O)OCC1On2nnnc2C(OC(C)=O)C(OC(C)=O)C1OC(C)=O
mol_4373,N=C1Nc2cc(Cl)ccc2Sc2nc3ccccc3n21
mol_4374,O=C(O)CCC(=NNc1nsc2ccccc12)c1ccc(Cl)cc1
mol_4375,O=S(=O)(SS(=O)(=O)c1ccccc1)c1ccccc1
mol_4376,CCOC(=O)c1cc2c([nH]1)c(O)cc1c2ccn1Cc1ccccc1
mol_4377,O=C(O)CCSc1nnc(COc2ccc(Cl)cc2)n1-c1ccccc1
mol_4378,Cc1ccc(C(=O)C=Cc2ccco2)cc1
mol_4379,CC(C)c1cc2c(O)c(c1)Cc1cc(C(C)C)cc(c1O)Cc1cc(C(C)C)cc(c1O)Cc1cc(C(C)C)cc(c1O)C2
mol_4380,CC(C)(C)OC(=O)C1C(=CCBr)CN1C(=O)OC(C)(C)C
mol_4381,C=Cc1c(-c2ccccc2)cnc2[nH]c3ccccc3c12
mol_4382,O=[N+]([O-])C=Cc1ccc(O)cc1
mol_4383,O=c1oc(-c2ccccc2)c(-c2ccccc2)c(-c2ccccc2)c1-c1ccccc1
mol_4384,[O+]#C[Mo](C#[O+])(C#[O+])C#[O+].c1ccc(P(CCP(CCP(c2ccccc2)c2ccccc2)c2ccccc2)CCP(c2ccccc2)c2ccccc2)cc1
mol_4385,CCOC(=O)CC(=O)ON(C)C(=O)Cc1ccccc1
mol_4386,Cn1cc2c(n1)c(NN=Cc1ccccc1)nn1nnnc21
mol_4387,COC1CC(C)([N+](=O)[O-])C(O)C(C)O1
mol_4388,O=C(OC1CCN(Cc2ccccc2)C1)C(O)(c1ccccc1)c1ccccc1
mol_4389,COC(=O)C1(C(=O)OC)CC(=O)c2cc3c(cc2-c2c(cc(OC)c(OC)c2OC)C1)OCO3
mol_4390,CC(=NC1C2CC3CC(C2)CC1C3)c1ccc(N=NC2C(=O)NN=C2C)cc1
mol_4391,CC(=O)C(=CNC(=S)Nc1ccc(Cl)c(Cl)c1)C(=O)Nc1ccccc1C
mol_4392,O=C1C2C(C(=O)N1c1ccccc1)C1([N+](=O)[O-])C=C3c4ccccc4N(C(=O)c4ccccc4)C32C2C(=O)N(c3ccccc3)C(=O)C21
mol_4393,CC(=O)Nc1ccc(SS(=O)(=O)c2ccc(NC(C)=O)cc2)cc1
mol_4394,COC(=O)C1(C)CCCC2(C)C3(O)C(C)C(=O)OC(c4ccoc4)C3C(OC(C)=O)C12O
mol_4395,O=C1c2cc3c(cc2CC12Cc1cc4c(cc1C2=O)CCC4)CCC3
mol_4396,COc1cc(C=NNC2=NCCCCN2)ccc1O.I
mol_4397,c1cc(CSSCc2ccncc2)ccn1
mol_4398,O=c1cc(C(F)(F)F)c2cc3c(cc2o1)NCCC3
mol_4399,CC(=O)C1CCC(C)C2CCC3(C)OOC12C(OC=O)O3
mol_4400,CC12CCC(=O)C=C1CCC1C3CCC4(OCC4=O)C3(C)CC(O)C12F
mol_4401,CC1(C)CCCCCC(C)(CCCCCCCCCCCO)C1=O
mol_4402,CCC1(OC(=O)CCC(=O)O)C(=O)OCc2c1cc1n(c2=O)Cc2cc3ccccc3nc2-1.[NaH]
mol_4403,CC(=O)NC1CC2Oc3ccc(C)cc3C(C)(O2)C1O
mol_4404,F[B-](F)(F)F.[H][H-][B-]1([H-][H])[n+]2ccccc2-c2cccc[n+]21
mol_4405,COc1ccc(N=C2C(=Nc3ccc(OC)cc3)N(c3ccccc3[N+](=O)[O-])C(=S)N2c2ccc(OC)cc2)cc1
mol_4406,CSc1nc(NC2OC(COC(C)=O)C(OC(C)=O)C(OC(C)=O)C2OC(C)=O)c(N=C(C)C(C)=O)c(=O)n1C
mol_4407,c1ccc(COCC23CCN(Cc4ccccc4)C(CC(OCc4ccccc4)C2)S3)cc1
mol_4408,O=c1ccn(C2OC(CN(O)CCC3C(CO)OC(n4ccc(=O)[nH]c4=O)C3O)C(O)C2O)c(=O)[nH]1
mol_4409,O=C1c2ccccc2C(=O)C1(c1ccccn1)[N+](=O)[O-]
mol_4410,NNC(=O)C1C(O)CCC2CN3CCc4c([nH]c5ccccc45)C3CC21
mol_4411,Oc1nc2ccc3nc(O)c4ccc1c2c34
mol_4412,Clc1ccc2c(NCCCCN3OC3c3ccccc3)ccnc2c1
mol_4413,COC12OCCN(C)C1=CC(=O)C1=NNC(C)C12
mol_4414,N=C1C(=Cc2ccco2)C(=O)N=C2SC=NN12
mol_4415,CCOC(=O)C(=NNc1cccc(C(F)(F)F)c1)C(N)=C(C#N)C(=O)OCC
mol_4416,O=C(NNc1nc(-c2ccccc2)cs1)C(F)(F)F
mol_4417,O=[N+]([O-])c1ccc(NSc2ccccc2)cc1
mol_4418,CC(C=Cc1ccccc1)=Nc1ccccc1
mol_4419,O=C1C2ON(c3ccccc3)C(c3ccccc3F)C2C(=O)N1c1ccc(Cc2ccc(N3C(=O)C4ON(c5ccccc5)C(c5ccccc5F)C4C3=O)cc2)cc1
mol_4420,N=C1N=C(c2cc(Cl)ccc2O)CC(c2ccccc2)N1
mol_4421,COc1ccc(OC)c2c(OC)cc(C)cc12
mol_4422,O=C(Nc1ccc(N=C(Nc2ccccc2)c2ccccc2)cc1)c1ccc(C(=O)Nc2ccc(N=C(Nc3ccccc3)c3ccccc3)cc2)cc1
mol_4423,CCN(CC)C(=O)CCCCCCCCC1CO1
mol_4424,CON(C)c1nc(N)c(C#N)c(C#N)c1C#N
mol_4425,O=C(O)CN1C(=O)C(=O)c2cc([N+](=O)[O-])ccc21
mol_4426,NC1c2ccccc2Nc2ccccc21
mol_4427,CC[N+]12CC[N+](CC)(CC1)C2.[O-][Cl+3]([O-])([O-])O
mol_4428,Clc1ccc(-c2c3ccc(n3)c(-c3ccc(Cl)cc3)c3ccc([nH]3)c(-c3ccc(Cl)cc3)c3ccc(n3)c(-c3ccc(Cl)cc3)c3ccc2[nH]3)cc1
mol_4429,CC1OC(Oc2c(-c3ccc(O)c(O)c3)oc3cc(O)cc(O)c3c2=O)C(O)C(O)C1O
mol_4430,CC1=CC(O)C(C(O)(C(F)(F)F)C(F)(F)F)C(C)(C)C1
mol_4431,Cc1cc(N=O)ccc1O
mol_4432,Clc1ccccc1CSc1cnnc2ccccc12
mol_4433,O=c1oc2cc(O)ccc2c2oc3cc(O)ccc3c12
mol_4434,Cc1c(COC(=O)NC(C)C)c(COC(=O)NC(C)C)c2n1CS(=O)(=O)C2
mol_4435,Cn1c2c(c(=O)n(C)c1=O)C(C(=O)O)CC(=O)N2
mol_4436,O=C1C2C3SC(c4c3ccc3ccccc43)C2C(=O)N1c1ccccc1
mol_4437,O=[N+]([O-])c1ccccc1S(=O)(=O)Nc1ccccc1
mol_4438,Cc1cccc(C)c1OC(F)(F)c1nc2ccccc2o1
mol_4439,O=C1c2c(Br)sc(Br)c2C(NC(=O)C(F)(F)F)C1Br
mol_4440,COc1ccc(C=C2SC(=S)N(C=C(C#N)C(=O)c3ccc4ccccc4c3)C2=O)cc1OC
mol_4441,CC1=NN2C(=N)C(=Cc3ccco3)C(=O)N=C2S1
mol_4442,CC1=NN(c2ccccc2)C(=O)C1N=Nc1ccc(S(=O)(=O)Nc2cc(C)nc(C)n2)cc1
mol_4443,CCCCC1(NN=C2CCCCC2)C(=O)N(c2ccccc2)N(c2ccccc2)C1=O
mol_4444,N#CC(=Cc1ccccc1)c1cccc(Br)c1
mol_4445,COC1(OC)CC2OC1C1N=NN(C(=O)OC(C)(C)C)C21
mol_4446,O=S1c2ccccc2N=C(c2cccs2)CC1c1ccccc1O
mol_4447,S=C(NN=Cc1ccccn1)N1CCCCC1
mol_4448,CC(=O)c1c(-c2ccc(Cl)cc2)c(C#N)c(=S)n(C2OC(CO)C(O)C(O)C2O)c1C
mol_4449,CCOC(=O)CC1C(C(=O)OCC)=CN2C(=C1C(=O)OCC)Nc1cccc3cccc2c13
mol_4450,O=C(Cn1ccnc1[N+](=O)[O-])NCc1ccccc1
mol_4451,O=c1[nH]c2ccc(CC(=S)N3CCCCC3)cc2s1
mol_4452,[O-]c1c2c(nn1-c1ccc(F)cc1)c1ccccc1c[n+]2Cc1ccccc1
mol_4453,COc1ccc(NS(=O)CCCc2ccccc2)cc1
mol_4454,NC(=S)N=C(c1nc2ccc(Cl)cc2nc1O)C(O)c1ccccc1Cl
mol_4455,CS(=O)(=O)CC1=Nc2nnc(CCCCCCCc3nnc4n3C(=O)C(CS(C)(=O)=O)=N4)n2C1=O
mol_4456,COC(=O)c1ccccc1CC1Cc2cc3c(cc2C1)CCC3
mol_4457,COC1C(O)C(C)OC(OC2C(Oc3cccc4c(O)c5c(=O)oc6ccc(C)c7c(=O)oc(c34)c5c67)OC(C)C3OC(c4ccccc4)OC32)C1O
mol_4458,COc1cc(C2C3=C(N=C4SC(C(C)=O)=C(C)N42)c2ccccc2CC3)cc(OC)c1OC
mol_4459,Br.C=CCN1CC2CN=NC2(C#N)C1
mol_4460,CC(NC(=O)OC(C)(C)C)C(=O)NC(Cc1ccccc1)C(=O)NCC(=O)Oc1c(Cl)c(Cl)c(Cl)c(Cl)c1Cl
mol_4461,O=C(OCc1ccccc1)C(c1ccccc1)=[N+]1C(=S)Nc2ccc([N+](=O)[O-])cc21
mol_4462,COc1ccc(C=C(NC(=O)c2ccccc2)C(=O)NN(C)c2ccnc3cc(Cl)ccc23)cc1OC
mol_4463,Cc1nc(N)nc(N)c1N1CCN(c2ccc(C#N)cc2)CC1
mol_4464,COc1ccc([Sb](Br)(C=C(C)C)(C=C(C)C)C=C(C)C)cc1
mol_4465,Cc1cc(=O)oc2c(C)c(OCCCOc3ccc4c(C)cc(=O)oc4c3C)ccc12
mol_4466,CC(=O)SCC1CCC2(C)C(CCC3C2CCC2(C)C(C(C)CCC(=O)O)CCC32)C1.N
mol_4467,CC1(C)CCCC2(C)C1CCC1CC(O)C3(C)CCC12C3
mol_4468,CCOC(=O)C(NC(=O)c1ccc(N=NN(C)C)cc1)C(C)C
mol_4469,O=C1C(=Cc2ccc(O)c(O)c2)CCC1=Cc1ccc(O)c(O)c1
mol_4470,COP1(=S)OCC(C(C)(C)C)CO1.COP1(=S)OCC(C(C)(C)C)CO1
mol_4471,COC(=O)C(C#N)=Cc1ccco1
mol_4472,CCOc1cc2c[n+](C)c3c4cc(OC)c(OC)cc4ccc3c2cc1OC.[Cl-]
mol_4473,COC(=O)c1c(C#N)[nH]c(-c2ccsc2)c1C(=O)OC
mol_4474,COC(=O)C12CCC(C(=O)OC)(CC1)n1c(=O)n(-c3ccccc3)c(=O)n12
mol_4475,O=C1NCC2=C1CCC1c3ccccc3CCN21
mol_4476,Cc1ccc(S(=O)(=O)NC(=O)Nc2nc(Cl)cc(Cl)n2)cc1
mol_4477,OC(c1ccc(Cl)cc1)(c1ccc(Cl)cc1)c1cncnc1
mol_4478,CC12CCC(=O)N1c1cc(Cl)ccc1N2
mol_4479,CC(Cl)=NOC(=O)Nc1ccc(C)cc1
mol_4480,CC(=O)OC1C=C(C)C(OC(C)=O)CC=C(C)CCC2C(C=CC1=O)C2(C)C
mol_4481,CC(C)(C)C(=O)C=Cc1cccc([N+](=O)[O-])c1
mol_4482,Cc1nc2ccccc2c(=O)n1Cc1nc2ccccc2[nH]1
mol_4483,N#CC(=Cc1cccc(OCc2ccccc2)c1)c1ccc([N+](=O)[O-])cc1
mol_4484,COc1ccc(N(CC(=O)O)S(=O)(=O)c2ccccc2)cc1
mol_4485,CC(C)CCc1n[nH]c(=O)n1N=Cc1ccccc1
mol_4486,O=C(CN1CCCC1=O)CS(=O)(=O)c1ccccc1
mol_4487,C=C1C(C(=O)OC)C2(C)C(C(=O)OC)C(=O)C(C(=O)OC)C2(CCC)C1C(=O)OC
mol_4488,CCOP(=O)(OCC)OC(C#N)c1ccc(-c2ccccc2)cc1
mol_4489,O=C1CCCCC1=Cc1ccc([N+](=O)[O-])cc1
mol_4490,COc1cc2ccc3c4cc(OC)c(OC(C)C)cc4c[n+](C)c3c2cc1OC.[Cl-]
mol_4491,COc1cc(OC)c2c(=O)c(O)c(-c3ccc(OC)c(OC)c3)oc2c1
mol_4492,Cl.N=c1c2ccccc2nc2oc3ccc(Cl)cc3n12
mol_4493,Cc1cc(Br)cc(C)c1NC(=O)C(=O)C(C(=O)c1ccc2ccccc2c1)C1OC(=O)c2ccccc21
mol_4494,Cc1ccc2c(c1)[n+]([O-])c(N)n[n+]2[O-]
mol_4495,Cn1c(NC(=O)C(=O)NC23CC4CC(CC(C4)C2)C3)nc2ccccc21
mol_4496,CN1C(=CC(=O)c2ccccc2)Nc2ccccc21
mol_4497,CC1(C)C(=O)C(=Cc2ccccc2)C(C)(C)C1(C)C
mol_4498,CC(C)N(C(F)=NC(=O)Nc1ccccc1C(F)(F)F)C(C)C
mol_4499,N#CC1(c2ccccc2)CCNCC1
mol_4500,CCCCCCCCCCCCCCCCNc1ccn(C2CC(O)C(COC(c3ccccc3)(c3ccccc3)c3ccc(OC)cc3)O2)c(=O)n1
mol_4501,Cc1ccc(NP(=O)(Oc2ccccc2)N(CCCl)CCCl)cc1
mol_4502,CCCc1c(C(=O)OCC)[nH]c(-c2ccc(-c3[nH]c(C(=O)OCC)c(CCC)c3C(=O)OCC)o2)c1C(=O)OCC
mol_4503,CCC1N2CCCCC2C2c3[nH]c4ccccc4c3CCN21
mol_4504,CC1(CO)NC(C(=O)O)Cc2c1[nH]c1ccccc21
mol_4505,COC(=O)C(O)=C(C(=O)OC)[n+]1cc(Br)cc2ccccc21
mol_4506,CCCCNC1=C2C(=O)NN=C2CO1
mol_4507,Cc1nc(S)c(C#N)c(C)c1C
mol_4508,CC(=O)NCCCCNCCCNC(C)=O.Cl
mol_4509,O=P(c1ccccc1)(c1ccccc1)N1N=NNC1=Cc1ccc(Cl)cc1
mol_4510,COc1cc(OC)nc(-n2c(N)c(C#N)c3ccc([N+](=O)[O-])cc3c2=O)n1
mol_4511,O=P1(C(c2ccccc2)c2ccccc2)OC2CC(Cl)CC(C2)O1
mol_4512,COC12OCC(OC1OCc1ccccc1)C1OC(C)(C)OC12
mol_4513,N#CC(=Cc1ccc(O)c(O)c1)C(N)=O
mol_4514,O=c1[nH]c2cc3c(cc2n2cccc12)oc1ccccc13
mol_4515,CC(=O)NC1=NC(=Cc2cc([N+](=O)[O-])ccc2O)CN1C
mol_4516,O=C(O)c1cc(O)nc(O)n1.[NaH]
mol_4517,C1CN[Co-4]23(N1)(NCCN2)NCCN3
mol_4518,COC(=O)C1CCCCCC2C(CO)=C(C)C(=O)C12
mol_4519,COc1cc(C2C(C(=O)Nc3ccc([N+](=O)[O-])cc3)=C(C)NC(C)=C2C(=O)Nc2ccc([N+](=O)[O-])cc2)ccc1O
mol_4520,COc1ccc(C=C(C2=NC(=O)CS2)c2nc3ccccc3[nH]2)cc1
mol_4521,Cc1cc2c(cc1C)N1Cc3c(ccc(C)c3C)N(C2)C1.Cc1cc2c(cc1C)N1Cc3cc(C)c(C)cc3N(C2)C1
mol_4522,CC(C)OP(=O)(CN(C)C(F)=NC(F)(F)F)OC(C)C
mol_4523,O=C1c2ccccc2C(=O)c2sc(Nc3ccccc3Cl)nc21
mol_4524,Cc1ccc(NC(=O)CC2C(=O)Nc3ccccc3S2=O)cc1C
mol_4525,N=c1[nH]ncs1
mol_4526,Cc1cc(C=O)c(C)c2c1[nH]c1ccccc12
mol_4527,O=C1CSC(c2c[nH]c3ccccc23)N1c1ccc(Cl)cc1Cl
mol_4528,Cc1cccc2c1Sc1ccccc1C2NC(=O)CCN(C)C
mol_4529,CC1=C(c2ccccc2)CON(c2ccccc2)C1
mol_4530,CCc1cccc(CC)c1N1C(=O)C2=C(SCCCS2)C1=O
mol_4531,CC1(C)[N+]([O-])=[N+]([O-])C1(C)O
mol_4532,CC1=CCC2(C#N)CCC1C2O
mol_4533,CC1=NNC(=N)NC1=CC(Sc1ccc(Cl)cc1)c1ccc([N+](=O)[O-])cc1
mol_4534,N=c1[nH]n2cc3c(nc2c1N=Nc1ccc(Cl)cc1)CCCC3
mol_4535,COc1ccc2nc3ccc(OC)cc3c(SCCCl)c2c1
mol_4536,COc1cc2c3cc1Oc1c(OC)c(OC)cc4c1C(Cc1ccc(cc1)Oc1cc(ccc1O)CC3N(C)CC2)N(C)CC4
mol_4537,CC(CN)OC12CC3CC(CC(C3)C1)C2
mol_4538,COc1cc(C(=O)OC2CC(C)=CCC3(C)CCC(O)(C(C)C)C23)ccc1O
mol_4539,COC(=NN=Cc1ccc(OC)c(OC)c1)c1ccncc1
mol_4540,O=C1c2ccccc2SC(O)C2CCCN12
mol_4541,O=S1c2ccc(Cl)cc2CC(SSC2Cc3cc(Cl)ccc3S(=O)c3ccccc32)c2ccccc21
mol_4542,CC1=CNC(C#N)=C(C#N)N=CC(C)=CNC(C#N)=C(C#N)N=C1
mol_4543,CN(C)CCCC12OC(c3ccccc31)C(O)c1ccccc12
mol_4544,O=C(O)c1ccc(Nc2nc3ccc(C(F)(F)F)cc3nc2C(=O)O)cc1
mol_4545,CC1CN1c1c(C(=O)C=Cc2ccc(Cl)cc2)c(-c2ccccc2)nn(C)c1=O
mol_4546,Cc1c(CN2CCOCC2)c(CN2CCOCC2)c(C)n1-c1ccc(Cl)cn1
mol_4547,CN(C)c1ccc(C=C(C#N)C(=O)c2ccccc2)cc1
mol_4548,COc1ccc(NC(=O)CC2SC(Nc3ccccc3C)=NC2=O)c([N+](=O)[O-])c1
mol_4549,CC(C(=O)Oc1ccc2ccccc2c1-c1c(O)ccc2ccccc12)c1ccccc1
mol_4550,Cc1cccc(C)c1NC(=O)CCCC(=O)C1CC(=O)CCC1=O
mol_4551,O=c1nc(NC(c2ccccc2)(c2ccccc2)c2ccccc2)ccn1CCNCCn1ccc(NC(c2ccccc2)(c2ccccc2)c2ccccc2)nc1=O
mol_4552,N[Co-4](N)(N)(N)(O)O.[O-][Cl+3]([O-])([O-])O
mol_4553,NC(=S)NN=C(C(=O)Nc1cccc([N+](=O)[O-])c1)c1nc2ccc([N+](=O)[O-])cc2nc1O
mol_4554,ON=C1CCc2nonc2C1=NNc1ccccc1
mol_4555,O=C(OC1CN2CCC1CC2)C(O)(Cc1ccccc1)C1CC1
mol_4556,CC(=O)OC(Cn1cncn1)(Cn1cncn1)c1ccc(Cl)cc1Cl
mol_4557,CSc1nc(C)c(CCOC(C)=O)c(N=P(c2ccccc2)(c2ccccc2)c2ccccc2)n1
mol_4558,I.S=C(NNC1=NCCCCN1)Nc1ccccc1
mol_4559,Cn1cnc([N+](=O)[O-])c1Sc1nccc(O)n1
mol_4560,COCCNC1CCC(=O)c2[nH]c3ccccc3c21
mol_4561,CCOC(=O)C(=Cn1ccc(=O)[nH]c1=S)C(=O)OCC
mol_4562,COC1OC2=CCC3C(=O)NC(=O)C3C2C(OCc2ccccc2)C1OCc1ccccc1
mol_4563,Nc1nc(N)c(N=O)c(Nc2ccc(Br)c(Br)c2)n1
mol_4564,Cc1ccccc1OP(=S)(Oc1ccccc1C)Oc1ccccc1C
mol_4565,COc1ccc2cc1Oc1ccc(cc1)CC1c3cc(c(OC)cc3CCN1C)Oc1c(OC)c(OC)c(OC)c3c1C(C2)N(C)CC3
mol_4566,COc1ccc2[nH]c3c([N+](=O)[O-])ccc(NCCN(C)C)c3c(=NCCN(C)C)c2c1
mol_4567,O=C(NCCCN1CCN(CCCNC(=O)Nc2ccc(N=Nc3ccccc3)cc2)CC1)Nc1ccc(N=Nc2ccccc2)cc1
mol_4568,CCn1c(=O)c2ncnnc2n(CC)c1=O
mol_4569,Cl.O=C1CCCC1CN1CCCCC1
mol_4570,CCN(CC)C(=S)S[Fe-](SC(=S)N(CC)CC)SC(CC(=O)O)C(=O)O
mol_4571,Nc1ccccc1S(=O)(=O)N(CC(=O)O)c1ccccc1
mol_4572,CCCCN=C(c1ccccc1)N1CCOCC1
mol_4573,CCOP(=O)(OCC)C(C)(CC)NC(=O)C(C(F)(F)F)C(F)(F)F
mol_4574,COc1cc2c(cc1OC)C(CSC)Cc1cc(OC)c(OC)cc1N(C)CCC2
mol_4575,CC1(C)CC(Br)(Cc2ccccc2)C(=O)c2ccccc21
mol_4576,Cn1cc[n+]([Pt-2]2([n+]3ccn(C)c3)NCCN2)c1.[Cl-]
mol_4577,CCN1CCCC(C#N)(c2ccccc2)CC1
mol_4578,COC(=O)C(=O)C1(CCC(C)=O)c2ccccc2-c2c(C)ccc(C)c21
mol_4579,Nc1c(Cl)ncnc1NCCO
mol_4580,O=C(CC1(CC(=O)NCc2ccccc2)OCCO1)NCc1ccccc1
mol_4581,COc1ccc2oc(=N)c(C(=O)NCc3ccccc3)cc2c1
mol_4582,CN1C(=O)C2(C)SSC1(C)C(=O)N2C
mol_4583,Nc1ncnc2c1ncn2C1CC(OC2CCCCO2)C(CO)O1
mol_4584,Cc1c2n(c3ccccc13)CC1CON(C)C21
mol_4585,CC(=O)OC1CCC2C3C(C)CC4=CC(=O)CCC4C3CCC12C
mol_4586,Cc1ccc(S(=O)(=O)C(C#N)=CN2CC(=O)NC2=S)cc1
mol_4587,Nc1n[n+]([O-])c2ccc(Cl)cc2[n+]1[O-]
mol_4588,CN1C(=N)NC(=O)C1=Cc1ccccc1
mol_4589,CC1=NN(C(=O)Cc2ccccc2)C(=O)C1=Cc1ccc(O)cc1
mol_4590,CCC(OCc1ccccc1)C(C)=CCC(C)C=C(CC1(C)OC(=O)N2CCCC21)[Si](C)(C)C
mol_4591,Cc1ccc2nn(-c3ccc(O)cc3)[n+](=O)[c-]2c1
mol_4592,O=C(O)c1c2c(cc3c1CC(Cc1ccccc1)C3=O)CCC2
mol_4593,O=C=Nc1cc(S(=O)(=O)c2ccc(Cl)c(N=C=O)c2)ccc1Cl
mol_4594,Cc1ccc(N2C=Nn3c(nc4sc5c(c4c3=O)CCCC5)C2)cc1
mol_4595,CC(=O)Nc1ccc(C=C2C=Cc3ccccc32)cc1
mol_4596,CN1C(c2ccccc2)N1C
mol_4597,O=c1ccn2c(n1)OC1C(O)C(CO)OC12
mol_4598,O=S1(=O)CCC(Br)c2ccccc2C1
mol_4599,C1CCC2(CC1)SSSC1(CCCCC1)SS2
mol_4600,COC1=C(C)C(=O)C2=C(C1=O)C1C3CC4=C(C(=O)C(OC)=C(C)C4=O)C(CNC(=O)C(C)=O)N3C(C#N)C(C2)N1C
mol_4601,CC(C)(C)C#C[IH2]1OC(=O)c2ccccc21
mol_4602,C(=NNC1=NCCN1)c1c2ccccc2c(C=NNC2=NCCN2)c2ccccc12
mol_4603,CC(C)OC(=O)c1ccc(CCC2=CC(=O)C=CC2=O)cc1
mol_4604,O=c1ccn(C2SC(CO)CC2F)c(=O)[nH]1
mol_4605,O=C(CCCn1ccnc1[N+](=O)[O-])NCCn1cncc1[N+](=O)[O-]
mol_4606,COC(=O)NC(=O)NC(Cc1ccccc1)NC(=O)OCc1ccccc1
mol_4607,c1ccc2c(c1)c1ccccc1n2-n1c2ccccc2c2ccccc21
mol_4608,CC(=O)N(C(C)=O)n1c(Cc2ccc(Cl)cc2)nn(C(C)=O)c1=O
mol_4609,COc1cccc2c1CCc1sc(CN3CCN(C)CC3)nc1-2.Cl
mol_4610,Cc1ccccc1SSc1ccccc1C
mol_4611,COc1ccc(Nc2nc3c(=O)n(C)c(=O)n(C)c3[nH]2)cc1
mol_4612,CN(C)c1nc(N)c(C#N)c(C#N)c1C#N
mol_4613,O=c1c2cc([N+](=O)[O-])ccc2n2n1Cc1ccccc1C2
mol_4614,Cc1cnc(N=c2sc(C)cn2-c2ncc(C)s2)s1
mol_4615,COc1ccccc1C(C(=O)NC1CN2CCC1CC2)c1ccsc1
mol_4616,CCOC(=O)C(=O)C(=CNC(=S)Nc1ccccc1Cl)C(=O)OCC
mol_4617,CCCCCC#COC1CC(C)CCC1C(C)C
mol_4618,O=c1c2c(F)c(F)c(F)c(F)c2sc2nc3ccccc3n12
mol_4619,COC1C=COC2(C)Oc3c(C)c(O)c4c(O)c(cc(OCC(=O)N(C)CCCCC(=O)O)c4c3C2=O)NC(=O)C(C)=CC=CC(C)C(O)C(C)C(O)C(C)C(OC(C)=O)C1C
mol_4620,CN(C)CCCNc1ccc2c(=O)n(CCN(C)C)c(=O)n3c4ccccc4c(=O)c1c23.Cl
mol_4621,CCCC1=NC(C(F)(F)F)(C(F)(F)F)N=C(N2CCOCC2)O1
mol_4622,Cc1oc(C)c2c1C(=O)c1ccccc1C2=O
mol_4623,CC1CN(c2cc3c(cc2F)c(=O)c(C(=O)O)cn3-c2ccc(N3CCN(C)CC3)cn2)CC(C)N1
mol_4624,O=C(NC1C=Nc2ccccc2NC1=O)c1ccc(Cl)cc1
mol_4625,COc1c(O)c2c(=O)cc(OC)c3c4c(OC)cc(=O)c5c(O)c(OC)c(CC(C)O)c(c(c1CC(C)O)c23)c54
mol_4626,CCCCCCCCCCCCCCCCP(=O)([O-])OCC[N+](C)(C)C
mol_4627,C=C1C(=O)C=C2C=C3C(=O)C(C)(C)CC3(O)C12C
mol_4628,Cc1c(S(=O)(=O)c2ccccc2)c(N)n(Cc2ccccc2)c1C
mol_4629,CCCCCC(=Nc1nn[nH]c1C(N)=O)OCC
mol_4630,CC(C)c1ccc(O)c(=O)cc1
mol_4631,CN1c2c(C(=O)NCCCN3CCOCC3)nn(-c3cccc(C(F)(F)F)c3)c2-c2ccccc2S1(=O)=O
mol_4632,N#CCC(=O)NN=Cc1ccc2c(c1)OCO2
mol_4633,COc1ccc(C=CCOC(C)=O)cc1OC
mol_4634,COc1cc2c(c3c1c(=O)c1ccccc1n3C)C=CC1(CCCC1)O2
mol_4635,CC(=O)C1(O)CC2(c3ccccc3)C(=O)C1(c1ccccc1)C(c1ccccc1)=C2c1ccccc1
mol_4636,CCOC(=O)C(=Cc1ccc(OC)cc1)C(=O)c1ccccc1
mol_4637,COc1cccc(N2C(=O)C3CC(C)c4c([nH]c5ccccc45)C3C2=O)c1
mol_4638,CC(C)(CO)NC(=O)c1cccc(C(=O)NC(C)(C)CO)c1Br
mol_4639,CCc1c(C)[nH]c2c1C(=NN=C1CCCc3[nH]c(C)c(CC)c31)CCC2
mol_4640,CC(=O)Oc1ccc(-c2oc3c(C4C=C(C)CC(c5ccc(OC(C)=O)cc5OC(C)=O)C4C(=O)c4ccc(OC(C)=O)c(CC=C(C)C)c4O)c(OC(C)=O)cc(O)c3c(=O)c2CC=C(C)C)c(OC(C)=O)c1
mol_4641,CCOC(=O)Oc1ccc2[nH]c3c(C)cc(N)c(C)c3c2c1
mol_4642,COc1ncc(C#CC(=O)c2ccccc2)c(OC)n1
mol_4643,O=c1c2ccccc2c(=O)c2c1c1c(=O)c3ccccc3c(=O)c1c1c(=O)c3ccccc3c(=O)c21
mol_4644,CC1CCC(O)C=CC(=O)OC(C)C(O)C=CC(=O)O1
mol_4645,COc1ccc(C(C)=NNS(=O)(=O)c2ccc(NC(C)=O)cc2)cc1
mol_4646,Cc1cc(C)n2nc3c4ccsc4ncc3c2n1
mol_4647,O=c1oc2c(-c3c(O)c(=O)oc4ccccc34)cc(O)cc2s1
mol_4648,COC(=O)C(CCCCCCCC(C(=O)OC)C1=Nc2n[nH]c(=N)n2C1=O)C1=Nc2n[nH]c(=N)n2C1=O
mol_4649,N[Co-4](N)(N)(N)(N)[OH+]C(=O)C(=O)[O-].[O-][Cl+3]([O-])([O-])O.[O-][Cl+3]([O-])([O-])O
mol_4650,CC(C)C(NC(=O)C(N)CCC(=O)O)C(=O)O
mol_4651,O=C(O)CCC1c2[nH]c3ccccc3c2CCN1Cc1ccccc1
mol_4652,CCOC(=O)C1CC(C)=C(C)SCCCS1
mol_4653,Cn1nc2c(c(Cl)c1=O)Nc1ccccc1O2
mol_4654,CCC1C(=O)OC2OC(c3ccccc3)(c3ccccc3)NC21
mol_4655,O=C1C(=NO)SC(=S)N1N1CCCCC1
mol_4656,C[N+]1=Cc2ccccc2O[Cu-3]12Oc1ccccc1C=[N+]2C
mol_4657,COc1cc2c(c3c1C=CCO3)C(=O)c1ccccc1C2=O
mol_4658,CCOP(=O)(OCC)C(C#N)=Cc1ccc([N+](=O)[O-])cc1
mol_4659,O=C(O)C(Cl)=C(Cl)C(=O)Nc1cccc(Cl)c1
mol_4660,CCOC(=O)C1CC(C(=O)OCC)(c2ccccc2)CCC1=O
mol_4661,O=C1c2ccccc2-c2cccc3cccc1c23
mol_4662,COC(=O)C=CC(C#N)(C#N)N=Cc1cccs1
mol_4663,CCOC(=O)C(=Cc1ccc(N(C)C)cc1)[Se]c1ccccc1
mol_4664,COc1cccc(N2C(=O)c3c(c4[nH]c5ccccc5c4c4ccc(C(C)(C)C)cc34)C2=O)c1
mol_4665,COc1cc2c(cc1OC)C13CC(=O)N(C(C)=O)N1CCCN3C2=O
mol_4666,Cc1nc2sccn2c1C(=O)NNC(N)=S
mol_4667,CCOC(=O)c1nc(SC)sc1NC(=O)c1ccccc1N
mol_4668,COc1ccc(N=Cc2cc(OC)c(OC)c(OC)c2)cc1
mol_4669,CCC(=O)N(c1ccccc1)C1CCN(CCc2cccs2)CC1
mol_4670,O=C1CSC2=NCC3(NN12)c1ccccc1-c1ccccc13
mol_4671,Cc1cccc(C)c1NC(=O)C(=O)CC(=O)C=Cc1ccccc1
mol_4672,COc1ccc(C=C(C#N)C#N)cc1
mol_4673,C=CCOC(=O)N(C)CC(OC(=O)C(C)(C)C)C1(c2ccc3c(c2)OCO3)C=CC(=O)C=C1
mol_4674,O=C(NCCCl)c1cc(C(F)(F)F)cc(C(F)(F)F)c1
mol_4675,CCOC(=N)n1c(=O)n(C2=NCCN2)c2ccccc21
mol_4676,O=C(NC(=S)Nc1ccc(Cl)c(Cl)c1)c1cccc([N+](=O)[O-])c1
mol_4677,CC1(C)CC2=NO[Se]3=C2C(=NO3)C1
mol_4678,CCOc1cc(NCCCN)c2nc(OCc3ccccc3)ccc2c1
mol_4679,CC1CC(c2ccc([N+](=O)[O-])cc2)=Nc2ccccc2S1=O
mol_4680,CN(C)CCOc1cccc2c1C(=O)c1ccccc1C2=O
mol_4681,COc1ccc(SS(=O)(=O)c2ccc(OC)cc2)cc1
mol_4682,c1ccc2[nH]c(-c3cscn3)nc2c1
mol_4683,Cc1cc(=O)n2c3c(c4c(cc13)c(CO)cc(=O)n4C)OC2
mol_4684,N#CC(=CN1C(=O)CC(=O)NC1=S)c1cccc(Cl)c1
mol_4685,Br.NCCCNC(=O)c1csc(NC(=O)c2csc(NC(=O)CCCN)n2)n1
mol_4686,CC(CC1SCCCS1)=C(C)CC1SCCCS1
mol_4687,Cc1cccc(NC(=S)Nc2ccc(Cl)cc2)n1
mol_4688,CCCCNC(=S)NN=Cc1cccc(C)n1
mol_4689,NS(=O)(=O)c1nnc(NS(=O)(=O)c2ccc(Cl)cc2)s1
mol_4690,CNC(=S)NNC(=O)NP(=O)(NC(=O)NNC(=S)NC)NC(=O)NNC(=S)NC
mol_4691,CCCCCCC=[N+]([O-])CC1OC(n2ccc(=O)[nH]c2=O)C(O[Si](C)(C)C(C)(C)C)C1O[Si](C)(C)C(C)(C)C
mol_4692,O=C1OC2C(O)COC2(O)C1(O)C(C[N+](=O)[O-])c1ccc(Cl)cc1
mol_4693,CC(C)C(=O)NC(C)C(=O)N(Cc1ccc2ccccc2c1)N=O
mol_4694,CCC1Oc2c(CC=C(C)C)c(OC(C)=O)c(C(OC(C)=O)C(C)CC)c3oc(=O)cc1c23
mol_4695,CC1=C(C(=O)Nc2ccccc2)C(c2ccc(C3C(C(=O)Nc4ccccc4)=C(C)NC(C)=C3C(=O)Nc3ccccc3)cc2)C(C(=O)Nc2ccccc2)=C(C)N1
mol_4696,COc1cc(C2SCC(=O)N2c2ccc(-n3c(-c4ccccc4)nc4ccccc4c3=O)cc2)ccc1O
mol_4697,CCC(C)N1CN(c2ccccc2)C2(CCN(CC3COc4ccccc4O3)CC2)C1=O.Cl
mol_4698,O=C1OCCOCCOCCOCCOC(=O)c2cccc1c2
mol_4699,COc1c(OP2(=S)OCC(C)(C)CO2)cnn(C2CCCCC2)c1=O
mol_4700,O=C1c2ccccc2C(=O)c2c(SSc3cccc4c3C(=O)c3ccccc3C4=O)cccc21
mol_4701,COc1cc2c(oc(=O)c3c4occc4cc(OC)c23)c2cccc(OCc3ccccc3)c12
mol_4702,CC(=O)NNc1nc(C)c(C(C=Cc2ccccc2O)=NNC(=O)c2ccncc2)s1
mol_4703,Cn1c(=O)n(C2(C)C[Se]C2)c2ccccc21
mol_4704,Cc1cc(CC2OC3OC(C)(C)OC3C3OC(C)(C)OC23)c2ccccc2n1
mol_4705,O=C(C=Cc1ccc(Cl)c(Cl)c1)c1ccc2ccccc2c1
mol_4706,Cc1cccc(N(CCC#N)S(=O)(=O)c2ccccc2)c1
mol_4707,COc1ccc(N2C(=O)C(=Cc3cccc(Oc4ccccc4)c3)SC2c2ccccc2)cc1
mol_4708,Cc1n2[nH]c(=N)sc2n[n+]1Cc1ccccc1.[Br-]
mol_4709,NS(=O)(=O)c1ccc(NC(=S)NC=C(C(=O)c2ccccc2)C(=O)c2ccccc2)cc1
mol_4710,C#CC1CCCCCC1O
mol_4711,CCOC(=O)C(=Cc1cccc(OC)c1)[Se]c1ccccc1
mol_4712,Nc1nc(O)c2c(ncn2CC(O)COC(=O)c2ccccc2)n1
mol_4713,ON=C(Cc1ccccc1)CC(O)(C(F)(F)F)C(F)(F)F
mol_4714,[N-]=[N+]=Nc1c([N+](=O)[O-])c(=O)n(-c2ccccc2)c2ccccc12
mol_4715,C1CN2C(=N1)N1CCN=C1N1CCN=C21
mol_4716,CC(=O)Oc1ccc(C=CC(=O)OC2CCCCC2OC(=O)C=Cc2ccc(OC(C)=O)c(OC(C)=O)c2)cc1OC(C)=O
mol_4717,COc1ccc2c(c1)C1=NCCN(CCN(C)C)c3ccc([N+](=O)[O-])c(c31)N2
mol_4718,CCCCCCCCCCCCCCCC1=NCCN1C
mol_4719,Clc1ccc(Nc2nn3c(CCCCCCCCc4nnc5sc(Nc6ccc(Cl)cc6)nn45)nnc3s2)cc1
mol_4720,O=C1CSC(c2ccccc2[N+](=O)[O-])N1c1ccc(-c2ccc(-n3c(-c4ccccc4)nc4ccccc4c3=O)cc2)cc1
mol_4721,Cc1nn(C(=O)c2ccc(Cl)cc2)c2c1C(c1ccccc1)SC(=N)N2
mol_4722,C[n+]1c(-c2ccc(C=NNC(=O)c3cncc(C(=O)NN=Cc4ccc(-c5cn6ccccc6[n+]5C)cc4)c3)cc2)cn2ccccc21.Cc1ccc(S(=O)(=O)O)cc1
mol_4723,CCOC(=O)c1c(Br)c(-c2ccc(Br)cc2)c(Br)n1C
mol_4724,Nc1ccc(S(=O)(=O)S(=O)(=O)c2ccc(N)cc2)cc1
mol_4725,N=C(N)NS(=O)(=O)c1ccc(N=c2c3ccccc3n(Cc3ccccc3)c3ccccc23)cc1
mol_4726,CC(C)C1C=C(c2ccccc2)c2ccccc2C1C(C#N)(C#N)C(C)C
mol_4727,COc1cc2c(c(OC)c1OC)C(=O)C1C2N1C(=O)CCCCl
mol_4728,Cc1ccc2c(c1)[nH]c(=S)n2C=C1C(=O)NC(=O)NC1=O
mol_4729,CN(C)NC(=O)NC12CC3CC(CC(C3)C1)C2
mol_4730,C=CCCCC1(C)CCNC1=S
mol_4731,COc1cccc2c(NNc3ccccc3)c3ccc([N+](=O)[O-])cc3nc12
mol_4732,N=C(NC(=N)Nc1cccc(S(=O)(=O)Nc2ncc(Cl)cn2)c1)Nc1ccc(Br)cc1
mol_4733,CCOC(=O)C1(Br)CCN(S(=O)(=O)c2ccc(C)cc2)c2ccccc2C1=O
mol_4734,CC1=NN(c2nc(N)nc(CSc3cc(Cl)c(C)cc3S(N)(=O)=O)n2)C(C)(C)C1
mol_4735,COc1ccc2c3c1OC1C4(OC)CCC5(CC4C(C)=O)C(C2)N(C)CCC315.Cl
mol_4736,O=C(O)c1cc2sc(C(=O)O)cc2s1
mol_4737,COC(=O)C(=NNC(=O)C[N+](C)(C)C)C(C(=O)OC)C(=O)C(=O)Nc1ccccc1C(N)=O.[Cl-]
mol_4738,O=C(Nc1ccc(Cl)c(Cl)c1)OCC#CCOC(=O)Nc1ccc(Cl)c(Cl)c1
mol_4739,CCCCCCCCCCCCCCCC(=O)OC(COC(C)=O)CO[PH](=O)O
mol_4740,CC(=NNc1ccccc1Br)c1cccc(C(C)=NNc2ccccc2Br)n1
mol_4741,CC(=CC(=O)c1ccc(Sc2ccccc2)cc1)c1ccc(Sc2ccccc2)cc1
mol_4742,COc1nc2c(c(=O)n1C)NC1C(N2)OCC(O)C1O
mol_4743,CCOP(OCC)SSCn1nc2ccc3ccccc3n2c1=O
mol_4744,CCOC(=O)C(=Cc1ccc(C#N)cc1)[Se]c1ccccc1
mol_4745,CCOC(=O)C=Cc1ccc(OC)cc1
mol_4746,CCOP(=O)(OCC)Oc1c(OC)c2[nH]c(C(=O)OC)cc2c2c(C(=O)O)c[nH]c12
mol_4747,CC(=NNC(=O)c1ccccc1Nc1ccccc1C(=O)NN=C(C)c1ccc(C)cc1)c1ccc(C)cc1
mol_4748,CC1=CC2c3c(O)cc(-c4cc5ccc(O)cc5o4)cc3OC3(c4ccc(O)cc4O)Oc4cc(O)ccc4C(C1)C23
mol_4749,Cc1ccc(S(=O)(=O)NNC2Oc3cc4c(cc3C(c3ccccc3O)C2C)OCO4)cc1
mol_4750,CC1CC(c2ccc3ccccc3c2)NCCNC(c2ccc3ccccc3c2)CC(C)NCCN1
mol_4751,COC(=O)c1cc(Br)c(C(=O)C(Cl)(Cl)Cl)[nH]1
mol_4752,CCOc1cc2c(cc1O)C(=NN)CC1C2CCC2(C)C(O)CCC12
mol_4753,COc1ccc(C=C2CCS(=O)(=O)c3ccccc3C2=O)cc1
mol_4754,O=C(c1cc(Cl)ccc1Cl)N1CCN(c2ccc(Cl)c(Cl)c2)CC1
mol_4755,CCOC(=O)OC(=S)N(C1CCCCC1)C1CCCCC1
mol_4756,CCOC(=O)C1=CN=C2C(=O)N(c3ccccc3)N(C)C2(C)C1=N
mol_4757,CN(N=Cc1cccc2cccnc12)c1ccccc1
mol_4758,Cn1c(=O)nc2n(-c3ccc(Cl)c(C(F)(F)F)c3)c3ccccc3nc-2c1=O
mol_4759,c1cc(-c2nc(-c3ccncc3)nc(-c3ccncc3)n2)ccn1
mol_4760,CCCN1C(=O)c2cc(O)n(Cc3ccccc3)c(=O)c2C1C
mol_4761,Cc1nc(-c2nc(C)c(C(=O)NNC(=O)C[n+]3ccccc3)s2)sc1C(=O)NNC(=O)C[n+]1ccccc1.[Cl-]
mol_4762,CC1Oc2ccc(C(=O)CC(C(=O)O)c3ccc4c(c3)OCO4)cc2O1
mol_4763,Cc1ccc2ccc3c(O)cc(C)nc3c2n1
mol_4764,N=C(N)NN.O=C(O)O
mol_4765,CC(C=NNC(=S)N1CCCCC1)=NNC(=S)N1CCCCC1
mol_4766,CN1CCC2(CC1)SSC1(CCN(C)CC1)S2
mol_4767,CC(C=NNC(=S)N(C)C)=NNC(=S)N(C)C
mol_4768,CC(=O)NC(C(=O)N1CCCC1C(=O)O)C(C)C
mol_4769,COc1nc2c([nH]c(=N)n2C2OCC(O)C(O)C2O)c(=O)n1C
mol_4770,O=C1CCC2(c3ccccc3)Nc3ncccc3N12
mol_4771,CC(=O)Oc1ccc(C=CC(=O)OC(C)C(C)OC(=O)C=Cc2ccc(OC(C)=O)c(OC(C)=O)c2)cc1OC(C)=O
mol_4772,CSc1[nH]cnc1C(N)=S
mol_4773,Cc1cc(C)c(P2C(=C(O[Si](C(C)C)(C(C)C)C(C)C)C(C)(C)C)C2(c2ccccc2)c2ccccc2)c(C)c1
mol_4774,Cc1ccc(C=NNc2ccccn2)s1
mol_4775,O=C(NCCCCNCCCNC(=O)C(F)(F)F)C(F)(F)F.O=C(O)C(F)(F)F
mol_4776,CCCCOC(=O)c1ccc(NC(=O)C(C)N(CC)CC)cc1
mol_4777,Cc1nn(-c2ccccc2)c2c1S(=O)(=O)c1ccccc1-2
mol_4778,N=c1ccn(C2CC3OCC3O2)c(=O)[nH]1
mol_4779,COc1ccc(CC#CC=CC(=O)NCC(C)C)cc1
mol_4780,Cc1ccc(S(=O)(=O)N2CC(O)(c3ccccc3)C2C)cc1
mol_4781,CC1=CN2C(c3ccc(Cl)cc3)=NON(c3ccc(C)cn3)C2C=C1
mol_4782,NC(=O)[OH+][Co-4](N)(N)(N)(N)N.[IH2+]
mol_4783,Cl.O=C(CCCN1CCC2(CC1)C(=O)NC(=O)N2c1ccccc1)c1ccc(F)cc1
mol_4784,OCCN1CCN(CCC=C2c3ccccc3Sc3ccc(Cl)cc32)CC1
mol_4785,CCCC[N+](CCCC)(CCCC)CCCC.Oc1nc(O)c2c([nH+]1)SC(=C1Sc3[nH+]c(O)nc(O)c3S1)S2
mol_4786,CCCCCC1CCCC2NC(CCCCC3OCCO3)CCC12
mol_4787,CCOC(=O)C1(C)CC(O)C(=O)N1C
mol_4788,COc1cc(C=NNc2nnc3c4ccccc4c4ncccc4c3n2)cc(OC)c1OC
mol_4789,C=CCCCN1C(=O)CCC1=O
mol_4790,COC(=O)C1(C(=O)OC)CC2=C(S(=O)(=O)c3ccccc3)CC(S(=O)(=O)c3ccccc3)C2C1
mol_4791,CCOc1ccc(NC(=O)C2=C(C)NC(C)=C(C(=O)Nc3ccc(OCC)cc3)C2c2ccc(O)c(OC)c2)cc1
mol_4792,COc1ccc(C=CC(=O)Oc2ccc(C=C3CCCCC3=O)cc2)cc1
mol_4793,CCOC(=O)C(CC(C)=Cc1ccccc1)C(=O)OCC
mol_4794,CCOc1ccc(NCc2cc(OC)c(OC)c(OC)c2)cc1
mol_4795,CCCCCCCCCCCCC1=C(OC)C(=O)c2ccc(C)nc2C1=O
mol_4796,Cc1ccc(S(=O)(=O)N2CC2CCCCC=O)cc1
mol_4797,COC(=O)c1cc(C)ccc1C1CN=NC12Cc1cccc(C)c1C2=O
mol_4798,COc1ccc(C=C2NC(=S)N(CN3CCCCC3)C2=O)cc1
mol_4799,O=C1C2ON=C(c3c(Cl)cccc3Cl)C2C(=O)N1c1ccc(Cc2ccc(N3C(=O)C4ON=C(c5c(Cl)cccc5Cl)C4C3=O)cc2)cc1
mol_4800,O=C(C=Cc1ccc(O)c(O)c1)NCCOC(=O)C=Cc1ccc(O)c(O)c1
mol_4801,OCC(O)C(O)C(O)C(O)C1SCCCS1
mol_4802,CCOC(=O)Nc1cc2c(c(N)n1)N=C(c1ccccc1)CO2
mol_4803,O=Nc1ccc(C=C2C(=O)C=CC2=O)cc1
mol_4804,CCOc1cccc2sc(=N)[nH]c12
mol_4805,CC(NC(=O)C(N)CC(=O)O)NC(=O)N(C)C(C)(C)C
mol_4806,Cc1nc2c(N)ncnc2o1
mol_4807,NCc1ccc(O)c(O)c1O
mol_4808,COC(=O)C(Cc1ccccc1)NC(=O)N(CCCN(CCC#N)C(=O)NC(C(=O)OC)C(C)C)c1ccccc1
mol_4809,O=C1C=CC(=CC2SSC=CC23C=CC(=O)C3)C1
mol_4810,c1ccc(COCC2OC3c4ccccc4COC3C2OCc2ccccc2)cc1
mol_4811,O=C1CCC(NC(=O)c2ccccc2)C(=O)N1
mol_4812,OCCNNCCO
mol_4813,O=C(O)CNS(=O)(=O)c1ccc(NC(=O)c2ccc(Cl)cc2)cc1
mol_4814,CCCCN1C(CO)C(O)C(O)C(O)C1CO
mol_4815,Oc1ccc(Cl)cc1-c1nc(S)nc(-c2ccccc2)c1Cl
mol_4816,O=C1Nc2ccccc2C(=O)C1=CNC(=S)NCCc1ccccc1
mol_4817,Cc1ccc2c(c1)[nH]c(=S)n2C=C1C(=O)CC(C)(C)CC1=O
mol_4818,O=C1CS(=O)(=O)C2(CCCCC2)C(=O)N1
mol_4819,O=c1c(-c2ccccc2)c(SCCO)n(-c2ccccc2)c(=S)n1-c1ccccc1
mol_4820,CC(=O)Oc1cc(S(=O)(=O)Nc2nc(=N)[nH][nH]2)c(S)cc1Cl
mol_4821,COc1cc2c(nn1)CCCC2
mol_4822,Cc1cc2c(=O)cc(-c3ccc(Cl)cc3)oc2c(C(=O)O)c1C
mol_4823,CC(=CCNc1ncnc2c1ncn2CCC(=O)OC(C)(C)C)CO
mol_4824,O=C1C2ON3c4ccccc4C(=O)C3(c3ccccc3)C2C(=O)N1c1ccccc1
mol_4825,CC(C)=CCc1c(O)cc(O)c2c1OC(c1cc3c(cc1O)OC(c1ccc(O)cc1)C3c1cc(O)cc(O)c1)CC2=O
mol_4826,CC(C)C1=CC2=CC(=O)C3C(C)(C)CCCC3(C)C2=C(O)C1=O
mol_4827,CCCCCC.CCCCCCCCCCCCOC1OC(COC(C)=O)C(OC(C)=O)C(OC(C)=O)C1OC(C)=O
mol_4828,O=C(OC(=C(N=Nc1ccccc1)c1ccccc1)c1ccccc1)c1ccccc1
mol_4829,COC(=O)C1C(=O)C(C(=O)OC)C2CCC1N2C
mol_4830,CC=CC#CC#CC(O)C(C=CCCCO)OC1OC(CO)C(O)C(O)C1O
mol_4831,Cc1cc(NC2=NCCO2)c2c(c1C)CCCC2
mol_4832,COc1cc2c(c(OC)c1OC)-c1ccc(OC)c(=O)cc1C(NC(=O)COc1ccccc1)CC2
mol_4833,COC1C=COC2(C)Oc3c(C)c(O)c4c(O)c(cc(OCC(=O)N(C)Cc5ccccc5)c4c3C2=O)NC(=O)C(C)=CC=CC(C)C(O)C(C)C(O)C(C)C(OC(C)=O)C1C
mol_4834,Cc1cn(C2CC(N)C(C(=O)O)O2)c(=O)[nH]c1=O
mol_4835,CC(=O)OCC1OC(NC(=S)NN=C2CC(c3ccccc3)Oc3ccccc32)C(OC(C)=O)C(OC(C)=O)C1OC(C)=O
mol_4836,O=C(NNc1ccnc2cc(Cl)ccc12)C(=Cc1ccccc1Cl)NC(=O)c1ccccc1
mol_4837,CCOC(=O)c1c(SC)nc(-c2ccc(Cl)cc2)sc1=N.[O-][Cl+3]([O-])([O-])O
mol_4838,O=C1Oc2cc3c(c4cccc1c24)OCN(c1ccc(Cl)cc1)C3
mol_4839,Cc1ccccc1C1=NC(=Cc2c(O)ccc3ccccc23)C(=O)O1
mol_4840,CC1(C)OC(=O)c2cc(C(=CCCO)c3cc(Cl)c4c(c3)C(=O)OC(C)(C)O4)cc(Cl)c2O1
mol_4841,N#Cc1ccc(C2OCC3CC=CCC3CO2)cc1
mol_4842,Nn1c(Cc2ccc(Cl)cc2)n[nH]c1=O
mol_4843,CN1N=C(c2ccncc2)OC1c1ccc(Cl)c(Cl)c1
mol_4844,CCCCCCOP(=O)(OCCCCCC)OC(C(=O)OC)C(F)(F)F
mol_4845,CCN1C(=O)CSC1=NNC(=O)CSc1nc2ccccc2c(=O)n1CC
mol_4846,O=S1c2ccccc2N=C(c2ccc(Cl)cc2)CC1c1cccs1
mol_4847,Oc1on[n+]2c1Cc1ccccc1C2
mol_4848,NNC(=S)NN=C(c1nc2ccc(Cl)cc2nc1O)C(O)c1ccc(Cl)cc1Cl
mol_4849,CC1=NN(C(=O)CC(=O)Nc2cccc(Cl)c2)C(=O)C1N=Nc1ccc(S(N)(=O)=O)cc1
mol_4850,CCOC(=O)C1=C(C)N(NC(=O)Nc2ccccc2)C2(N)N(NC(=O)Nc3ccccc3)C(C)=C(C(=O)OCC)C12C#N
mol_4851,Fc1cccc(C2SCc3nc4cc5ccccc5cc4n32)c1
mol_4852,C[n+]1c2ccccc2n2c3ccccc3c(NCCc3ccccn3)c(C#N)c21.Cc1ccc(S(=O)(=O)[O-])cc1
mol_4853,Cc1ccc2c(c1)nc1n2C(=N)Nc2ccccc2S1.Cl
mol_4854,Nc1nc(Cl)cc(OCC2(CO)CC(OCc3ccccc3)C2)n1
mol_4855,CCOC(=O)C1C(C)C2(C#N)C(=N)OC1(C)C2(C#N)C#N
mol_4856,COc1cc(C=CC(=NNC(=S)NN)c2sc(NNC(C)=O)nc2C)ccc1O
mol_4857,O=C(O)CC1SC2(C(=O)N(Cc3ccccc3)c3ccccc32)N(c2ccccc2)C1=O
mol_4858,C[N+](C)(C)CC(=O)NN=C(C(=O)Nc1ccc(Cl)cc1)C1C(=N)NN(c2ccccc2)C1=O.[Cl-]
mol_4859,CN(C)Cc1cc(C(=O)C=Cc2ccc(C=CC(=O)c3cc(CN(C)C)c(O)c(CN(C)C)c3)cc2)cc(CN(C)C)c1O.Cl
mol_4860,CC(=O)CC(=O)Nc1ccc(OS(N)(=O)=O)cc1
mol_4861,CCN(CC)CC1CNC(=N)O1
mol_4862,CN(C(=O)Cc1ccccc1)n1cnn(CC(=O)OC(C)(C)C)c1=S
mol_4863,CC12CC(OC1=O)C(=O)c1ccccc12
mol_4864,Nc1nc(Cl)c2ncn(C3C=CC(CO)CC3)c2n1
mol_4865,O=C(NCCN1CCOCC1)c1ccc(I)cc1
mol_4866,COC(=O)c1cc2c(=NO)c3ccccc3sc2o1
mol_4867,CC(=O)Nc1ccc(NC(=O)c2cccc3c(Nc4ccc(S(=O)(=O)Nc5cc(C)on5)cc4)c4ccccc4nc23)cc1
mol_4868,O=c1[nH]c(=O)n(C2CCC(COP(=O)(O)O)O2)cc1Cc1ccccc1
mol_4869,CC(=O)NC(NNC(NC(C)=O)(c1ccccc1)c1ccccc1)(c1ccccc1)c1ccccc1
mol_4870,CC(O[Si](C)(C)C)C1C=CC(C)n2c(=O)n(-c3ccccc3)c(=O)n21
mol_4871,CSc1cc2[n+]3c(c1)-c1cccc[n+]1[Mn+]314([n+]3ccccc3-2)[n+]2ccccc2-c2cc(SC)cc([n+]21)-c1cccc[n+]14.[O-][Cl+3]([O-])([O-])[O-]
mol_4872,ON=C(CC(O)(C(F)(F)F)C(F)(F)F)c1cccc(Cl)c1
mol_4873,CCOC(=O)C[N+]1(C)C2CCC1CC(O)C2
mol_4874,Clc1ccc(SCCCCCCCCCCSc2ccc(Cl)cc2)cc1
mol_4875,S=C(NC1CCCCC1)SSSC(=S)NC1CCCCC1
mol_4876,O=C(NC(Nc1ccc(F)cc1)(C(F)(F)F)C(F)(F)F)C(C(F)(F)F)C(F)(F)F
mol_4877,Cc1nc(Nc2ccccc2[N+](=O)[O-])sc1C(=O)CC(=O)C(=O)Nc1c(C(C)C)cccc1C(C)C
mol_4878,CC(=O)N(C(C)=O)c1ccc(-c2cccs2)oc1=O
mol_4879,COc1ccc2c(c1)C(=O)CC(C(=O)O)C2
mol_4880,COc1cccc2c1C(=O)c1c(O)c3c(c(O)c1C2=O)CC(O)(C(=O)CO)CC3OC1CC(N2CCOCC2C#N)C(O)C(C)O1
mol_4881,CN1C(=O)C(O)CC1c1cccc(C(F)(F)F)c1
mol_4882,C[n+]1c2ccccc2n2c3ccccc3c(NCCCn3ccnc3)c(C#N)c21.Cc1ccc(S(=O)(=O)[O-])cc1
mol_4883,N=S(c1ccccc1[N+](=O)[O-])c1ccccc1[N+](=O)[O-]
mol_4884,Nc1nc(-c2ccccc2)nc2oc(-c3cccs3)nc12
mol_4885,CCOC(=O)c1c(N)sc(C)c1C
mol_4886,COc1ccc(-c2nnc3cc(C)n4nnnc4n23)cc1OC
mol_4887,CSCS(=O)CC(CO)NC(=O)C=Cc1c(C)nc(O)nc1O
mol_4888,CN1CC2CN(Cc3ccccc3)CCN2c2cccnc21
mol_4889,COC(=O)c1ccc2c(c1)CC1(C2)Cc2cc3c(cc2C1)CCC3
mol_4890,CCCN(CCC)C(=O)c1c(Cl)c2cccnc2n2c(C)cnc12
mol_4891,I.O=C(O)c1ccccc1C=NNC1=NCCCCN1
mol_4892,Cc1cn(C(CCO)CCO)c(=O)[nH]c1=O
mol_4893,CCCCCCCCCCNCCSSCc1ccccc1
mol_4894,COC(=O)c1ccc(CSc2ccccc2C(=O)O)cc1
mol_4895,COC(=O)C1=CC(=O)N2CCN=C2S1
mol_4896,[Cl-].[O+]#C[Ru-4]12(C#[O+])(C#[O+])[PH](c3ccccc3)(CC[PH]1(c1ccccc1)c1ccccc1)CC[PH]2(c1ccccc1)c1ccccc1
mol_4897,CCOc1nc(C(=O)O)cc2ccsc12
mol_4898,O=C(OCC(OC(=O)c1ccccc1)C1CC(C2(O)CCCCC2)C(=O)O1)c1ccccc1
mol_4899,CN1CCN(Cc2cc3c(nn2)-c2ccccc2C3=O)CC1
mol_4900,CCN(CC)CCN1C(=O)c2cccc3cccc(c23)C1=O
mol_4901,N=C(N)SCC1OCOC1C1OCOC1CSC(=N)N
mol_4902,O=C1C(=Cc2cccc(F)c2)Cc2ccccc21
mol_4903,CC(C)(C)OC(=O)N1N=CCC1c1ccccc1
mol_4904,CCOC(=O)C1(N=O)CCCCC1=O
mol_4905,Cc1ccc2c(c1)SSc1ccc(C)cc1SS2
mol_4906,CN(C)C(C1=C(O)C(c2ccccc2)N(c2ccccc2)C1=O)N1CCOCC1
mol_4907,N#CCCN(CCC#N)c1ccc(C=C2C=C(c3ccccc3)OC2=O)cc1
mol_4908,CC(=O)Cc1cc(=O)c2c(C)cc(O)c(C3OC(CO)C(O)C(O)C3O)c2o1
mol_4909,O=C(CCCN1CCC(O)(c2ccc(Cl)cc2)CC1)c1ccc(F)cc1
mol_4910,CC(C)(C)CC(C)(C)c1cc2c(O)c(c1)Cc1cc(C(C)(C)CC(C)(C)C)cc(c1O)Cc1cc(C(C)(C)CC(C)(C)C)cc(c1O)Cc1cc(C(C)(C)CC(C)(C)C)cc(c1O)C2
mol_4911,CC1=NC(=Cc2cccc([N+](=O)[O-])c2)C(=O)O1
mol_4912,Nc1nc(S)c2nc[nH]c2n1
mol_4913,CC(CN1CC(=O)NC(=O)C1)N1CC(=O)NC(=O)C1
mol_4914,COc1ccc(C(=NO)c2ccccc2-c2nc3ccccc3c(=O)n2-c2ccc(S(=O)(=O)Nc3ncccn3)cc2)cc1C
mol_4915,CCOc1ccc(N=NC2C(=O)N(C(=O)CC(=O)Nc3ccc(Cl)cc3)N=C2C)cc1
mol_4916,Cc1c2c(cn1C)NC(=O)CN=C2c1ccccc1
mol_4917,Cc1ccc(S(=O)(=O)NN=Cc2c3ccccc3[n+]([O-])c3ccccc23)cc1
mol_4918,N=c1[nH]nnn1CCCl
mol_4919,CC1=NN2C=Nc3c(c(-c4ccc(Cl)cc4)cn3-c3ccc(C)cc3)C2N1
mol_4920,N#CC(=C(Cc1ccc(F)cc1)NP(=O)(c1ccccc1)c1ccccc1)c1ccc(F)cc1
mol_4921,c1ccc2c(c1)oc1cc3c(cc12)ncc1cccn13
mol_4922,COc1cc2nc(NCCCCCNC(=O)c3ccco3)nc(N)c2cc1OC.Cl
mol_4923,CC1OC(n2cc(F)c(=O)[nH]c2=O)C(O[Si](C)(C)C(C)(C)C)C1O[Si](C)(C)C(C)(C)C
mol_4924,O=c1c2sc3nc(NCCN4CCCCC4)ncc3c2ncn1-c1ccccc1
mol_4925,CC1(C)C(=NO)C2(OS(=O)(=O)C(F)(F)F)CCC1C2
mol_4926,COC(=O)c1cc(C(c2cc(C(=O)OC)c(O)cc2C)C(Cl)Cl)c(C)cc1O
mol_4927,CC[PH](CC)(C1=C(O)C(=O)C(Cl)=C(Cl)C1=O)c1ccccc1
mol_4928,CC(=O)OCC1OC(N2C(C)=C(C(C)=O)C(c3ccc(Cl)cc3)C(C#N)=C2S)C(OC(C)=O)C(OC(C)=O)C1OC(C)=O
mol_4929,O=C(C(=C(Br)I)c1ccccc1)c1ccccc1
mol_4930,Cc1nc(N)c2c(n1)C(C)N(C(=O)c1ccccc1)C2
mol_4931,C#CCn1c(=O)c2cc(OC)c(OC)cc2n(CC#C)c1=O
mol_4932,CC(SC(=S)Nc1cccc(F)c1)C(=O)O
mol_4933,CCCC(=O)n1[nH]c(=O)n(-c2ccc(Cl)cc2)c1=O
mol_4934,O=C(c1ccccc1)c1c(-c2ccccc2)sc2nc3ccccc3nc12
mol_4935,O=c1ssc2ccccc12
mol_4936,O=C1C(=C2Nc3cc4c(cc3C2=O)OCO4)Nc2cc3c(cc21)OCO3
mol_4937,ClC1=NN=C(c2c[nH]c3ccccc23)CC1NCc1ccccc1
mol_4938,Cc1cc(S(=O)(=O)NC2=Nc3ccccc3C(c3ccccc3)N2)c(S)cc1Cl
mol_4939,CCc1ccccc1NC(=O)C1=C(C)NC(C)=C(C(=O)Nc2ccccc2CC)C1c1ccc2c(c1)OCO2
mol_4940,CN(C)CCC(C=Cc1ccccc1)=NNc1ccc(Cl)c(Cl)c1.Cl
mol_4941,COC(=O)c1cc(C(c2cc(C(=O)OC)c(O)c(Br)c2C)C(Cl)(Cl)Cl)c(C)c(Br)c1O
mol_4942,Brc1cccc(C=NC23CC4CC(CC(C4)C2)C3)c1
mol_4943,Cl.Nc1ccc(C(c2ccccc2)(c2ccccc2)c2ccccc2)cc1
mol_4944,COC(=O)c1c(CC(Cc2ccc3c(c2)CCCC3)C(=O)O)ccc2c1CCCC2
mol_4945,N#CC(=Cc1ccc2ccccc2c1)C(=O)c1ccccc1
mol_4946,ON=C1CCCC(=NO)C1=NO
mol_4947,O=C1CCCC2=C1CC1=C(CCCC1=O)N2c1ccccc1C(=O)O
mol_4948,COC(=O)C(=NNC(=S)NN)C(C(=O)OC)C(=O)C(=O)Nc1cccc(C(F)(F)F)c1
mol_4949,CN(C)Cc1cc(C=O)cc(CN(C)C)c1O
mol_4950,Cc1cc(C)nc(NS(=O)(=O)c2ccc(NC(=O)c3cccc4c(Nc5ccc(S(=O)(=O)Nc6nc(C)cc(C)n6)cc5)c5ccccc5nc34)cc2)n1
mol_4951,O=S(=O)(OC(=C(c1ccccc1)c1ccccc1)c1ccccc1)C(F)(F)F
mol_4952,Cl.NC(Cc1ccc(OCc2ccccc2)cc1)C(=O)NC(Cc1ccccc1)C(=O)ON1C(=O)CCC1=O
mol_4953,CC(=CC(=O)Nc1ccc2nn[nH]c2c1)Nc1ccc2nn[nH]c2c1
mol_4954,COC1OC(CS(=O)(=O)O)C(O)C(O)C1O.COC1OC(CS(=O)(=O)O)C(O)C(O)C1O
mol_4955,CC(O)C(O)C(O)C(O)c1nc2ccccc2[nH]1
mol_4956,c1ccc2[nH]c(C3CCCCO3)nc2c1
mol_4957,O=C1CCC2(c3ccccc3)Nc3cc(Cl)ccc3N12
mol_4958,N=c1ccn(C2SC(CO)CC2F)c(=O)[nH]1
mol_4959,CC1(C)CN=C(Nc2ccc(Cl)cc2)S1
mol_4960,OCC1(C(F)(F)F)OC(n2cncn2)CC1O
mol_4961,CC(=O)C(=Cn1ccc(=O)[nH]c1=S)C(=O)Nc1ccccc1
mol_4962,N#CCC(=O)Nc1ccccc1O
mol_4963,NC(=O)NNCc1c(-c2ccccc2)no[n+]1[O-]
mol_4964,COC1(OC)CC2C(=O)N(Cc3ccccc3)C1C(S(=O)(=O)c1ccccc1)C2C(C)S(=O)(=O)c1ccccc1
mol_4965,COc1ccc(N2C(=O)C3c4[nH]c5ccc(C)cc5c4C4CCC(C)CC4C3C2=O)cc1
mol_4966,O=C1C([C-]2C(=O)c3ccccc3[N+]2=O)=[N+]([O-])c2ccccc21
mol_4967,CSc1nc(O)c2ncc(C(O)C(O)C(O)CO)nc2n1
mol_4968,CC12CCC(=NOCCN3CCCCC3)C=C1CCC1C2CCC2(C)C(O)CCC12.O=C(O)C(=O)O
mol_4969,CCOP(=O)(OCC)C(C#N)=Cc1ncc[nH]1
mol_4970,Cn1c2c(c3ccccc31)CCN(CCN1CCN(c3ccccc3)CC1)C2=O
mol_4971,c1ccc2c(c1)SC1=[S+][Cu-3]3([S+]=C4Sc5ccccc5N43)N12
mol_4972,O=c1n(CCCN2CCN(c3cccc(Cl)c3)CC2)nc2n1-c1ccc3ccccc3c1SC2
mol_4973,CCOC(=O)c1ccc(CS(=O)(=O)c2ccc(OC)cc2)c([N+](=O)[O-])c1
mol_4974,CC(=O)Nc1ccc(C(=O)NN2C(=O)C(Cl)C2c2ccc(O)cc2)cc1
mol_4975,O=S(O)CCCCSSCC(O)C(O)CSSCCCCS(=O)O.[NaH]
mol_4976,CNC(=O)CNC(=O)C(NC(=O)CNC(=O)C1CCCN1C(=O)C(C)NC(=O)C(NC(=O)OC(C)(C)C)C(C)C)C(C)C
mol_4977,CN1c2ccccc2N(C)C2C1N(C)c1ccccc1N2C
mol_4978,CCSc1nn(-c2c3ccccc3nc3ccccc23)c(=S)s1
mol_4979,COC1C=CC=C(C)C(=O)NC2=CC(=O)C(N)=C(CC(C)CC(OC)C(O)C(C)C=C(C)C1OC(N)=O)C2=O
mol_4980,Cc1ccc(S(=O)(=O)n2ccc(-c3ccc4ccn(S(=O)(=O)c5ccc(C)cc5)c4c3)c2)cc1
mol_4981,O=C(CSc1nnc(-c2ccc(N=Cc3ccc(Cl)cc3)cc2)o1)Nc1ccc([N+](=O)[O-])cc1
mol_4982,COc1ccc(-c2c(C)c(C)nc(O)c2C(=O)O)c(OCc2ccccc2)c1OC
mol_4983,COC(=O)C12OCC34C(CC5C(C)=C(O)C(=O)CC5(C)C3C(O)C1O)OC(=O)C(OC(=O)C=C(C)C(C)C)C24
mol_4984,O=C(O)c1ccc(CS(=O)(=O)c2ccc(Cl)cc2)c([N+](=O)[O-])c1
mol_4985,O=C1Oc2ccccc2C(=O)C1=CN1C(=O)CNC1=S
mol_4986,CC1=C(C#N)C2(C(=O)Nc3ccccc32)C(C#N)=C(C)N1
mol_4987,Oc1cccc(C=Cc2ccncc2)c1
mol_4988,Cc1ccc(N=Nc2c(=N)[nH]n3cc4c(nc23)CCC4)cc1
mol_4989,O=S(=O)(O)c1ccc(-c2nnc(-c3ccccn3)nc2-c2ccc(S(=O)(=O)O)o2)o1.[NaH]
mol_4990,COc1cc(N=NN(C)C)c(C(C)c2c3cc(OC)c(OC)cc3cc[n+]2C)cc1OC.I.[I-]
mol_4991,Cc1ccc(C2=C(c3ccccc3)C(O)(c3ccccc3)C(c3ccccc3)=C2c2ccc(C)cc2)cc1
mol_4992,Cl.O=C(OCCN1CCCCC1)c1cc2ccccc2n1-c1ccccc1
mol_4993,CN(CCO)CNC(=O)C1=C(O)C(N(C)C)C2CC3C(=C(O)C2(O)C1=O)C(=O)c1c(O)cccc1C3(C)O
mol_4994,CCCCCCCCCCCCCCCCOC1OC(CSSCC2OC(OCCCCCCCCCCCCCCCC)C(O)C(O)C2O)C(O)C(O)C1O
mol_4995,CCOC(=O)C(C#N)=Cc1ccc(N(C)C)cc1
mol_4996,O=S(=O)(Sc1ccccc1)c1ccccc1
mol_4997,O=C1CCC2C3CC4N(CCC45c4ccccc4N1C25)CC3=CCBr
mol_4998,O=[N+]([O-])c1ccc(C(Cl)S(=O)(=O)c2ccccc2)cc1
mol_4999,CC(C)c1cccc(C(=O)NCCN(C)C)c1[N+](=O)[O-].Cl
mol_5000,CCCCCCCCCCCC(=O)OC(COC(N)=O)COc1ccc(Cl)cc1
mol_5001,CN1CCC2(CC1)C(=O)N(Cc1ccccc1)C(=O)C2c1ccccc1
mol_5002,O=S(=O)(O)c1ccc(N=Nc2ccc(N=Nc3cccc4ccccc34)c(S(=O)(=O)O)c2)cc1
mol_5003,COc1ccc(Nc2nc3c(N)cc(C(F)(F)F)cc3nc2-c2ccccc2)cc1OC
mol_5004,Cc1nc2[nH]nnn2c(=O)c1CCO
mol_5005,CC1(C)OC2(C=CC1O)CCCCO2
mol_5006,S=C1c2cc(Cl)ccc2N=C(NC2CCCC2)C2CSCN12
mol_5007,c1ccc2c(c1)nc1n2CC2(CS1)CSc1nc3ccccc3n1C2
mol_5008,CC[Sn](CC)(SCCS(=O)(=O)O)SCCS(=O)(=O)O
mol_5009,CC(C)=CCCC(C)C1=C(O)C(=O)C(C)=C(Nc2ccccc2Br)C1=O
mol_5010,CC(CC(=O)Nc1cc(Cl)c(Cl)cc1Cl)=NNS(=O)(=O)c1ccc(C)cc1
mol_5011,CC(=O)OC1(C#N)CC2OC1C1N=NN(C(=O)OC(C)(C)C)C21
mol_5012,CS(=O)(=O)N(CCC#N)c1ccc(C=C2N=C(c3ccccc3Cl)OC2=O)cc1
mol_5013,c1nncn1C12C3C4C5C3C1C5C42
mol_5014,Cc1nn(C(=O)c2ccccc2O)c2c1C(c1ccccc1O)SC(=N)N2
mol_5015,Cc1cc2c(c3ncccc13)OCN(Cc1ccc(Cl)cc1)C2
mol_5016,CCOc1ccc(NC(=O)C(=Cc2ccccc2)C(C)=O)cc1
mol_5017,CCOC(=O)C1=C(NC)OCC1=O
mol_5018,COC1C=COC2(C)Oc3c(C)c(O)c4c(O)c(cc(OCC(=O)N5CC(C)(C)C5)c4c3C2=O)NC(=O)C(C)=CC=CC(C)C(O)C(C)C(O)C(C)C(OC(C)=O)C1C
mol_5019,CNC(=S)SC1=Nc2ccccc2S(=O)(O)=N1
mol_5020,CCOC(=O)C(C#N)=C1SC(C(=O)NN=Cc2ccc(OC)cc2)=C(N)N1c1ccccc1
mol_5021,Cc1csc(NNC(=O)Nc2ccccc2)n1
mol_5022,COC=Cc1ccc2c(c1)OCO2
mol_5023,N#CC1=C(Nc2ccccc2)SC=C(c2ccccc2)N=C1NCc1ccccc1
mol_5024,C1CN[Ni-4]23(N1)(NCCN2)NCCN3.[O-][Cl+3]([O-])([O-])O
mol_5025,CC(N)C(=O)NC1C(C)OC(=O)C2=C(O)CC(O)C(O)C21
mol_5026,CC(CCC(=O)O)C1CCC2C3C(O)CC4CC(O)CCC4(C)C3CC(=O)C12C
mol_5027,CC(=O)OCC1(C)ON=C2CCCCC21
mol_5028,CC(=O)C(=Cc1ccc([N+](=O)[O-])cc1)C(=O)c1ccccc1
mol_5029,Cc1ccc(-c2n[nH]c(=O)[nH]2)cc1
mol_5030,Cc1cc(C)n(-c2nc3ccccc3c(=O)n2-c2ccccc2)n1
mol_5031,CC(=NNC(N)=S)C(CN1CCOCC1)C(C1=C(O)c2ccccc2OC1)c1ccccc1.Cl
mol_5032,NN=C(CC(O)(C(F)(F)Cl)C(F)(F)Cl)CC(O)(C(F)(F)Cl)C(F)(F)Cl
mol_5033,COC(=O)c1cc2c(o1)Sc1ccccc1NC2=O
mol_5034,CC(=O)C(=Cc1cccc(Cl)c1)C(C)=O
mol_5035,CN(NC(=O)Nc1cccc2ccccc12)c1ccccc1
mol_5036,O=C1C=C2CC3C(O)CC2(O1)C1CCCN31
mol_5037,O=C(O)CC1OCC=C2CN3CCC45c6ccccc6NC4C1C2CC35
mol_5038,CC(C(=O)NCCNC(=O)CCCC(=O)N(C)O)C(=O)NCCNC(=O)CCCC(=O)N(C)O
mol_5039,NC(=S)NN=C1CC(c2ccccc2)Nc2ccccc21
mol_5040,Nc1nc(Cl)c(N)c(NCC2(CO)CC2)n1
mol_5041,O=[N+]([O-])c1ccc(S(=O)(=O)c2ccc([N+](=O)[O-])cc2C(F)(F)F)c(C(F)(F)F)c1
mol_5042,OCn1nnc2ccccc21
mol_5043,ON=C1CCc2cc3c(cc21)CCC3
mol_5044,COc1ccc(C(Cl)=C(C#N)c2ccc(OC)c(OC)c2)cc1OC
mol_5045,Oc1nc2ccc(C(F)(F)F)cc2nc1Cc1ccccc1
mol_5046,COP(=O)(OC)C(=Cc1c[nH]cn1)NC=O
mol_5047,Cc1cc(O)c(C=O)c2c1C(=O)Oc1c(CO)c(O)c3c(c1O2)C(O)OC3=O
mol_5048,Cc1nn(C(=O)c2ccncc2)c2c1C(c1ccc(Cl)cc1)SC(=N)N2
mol_5049,CC1=[O+][Mn]23([O+]=C(C)C1)([O+]=C(C)CC(C)=[O+]2)[O+]=C(C)CC(C)=[O+]3
mol_5050,CC1=CC(=O)N(n2c(Cc3ccccc3)n[nH]c2=O)C1=O
mol_5051,CC(C)N(C(=O)C12C3C4C1C1C4(C#N)C3C12C#N)C(C)C
mol_5052,CCOC1N(C2C=CC(CO)O2)C(=O)NC(=O)C1(C)Br
mol_5053,O=C(CCNNC(=O)c1ccncc1)NCc1ccccc1
mol_5054,Clc1ccc2c(Cl)nc(-c3ccccc3)nc2c1
mol_5055,CCOc1ccc(N=Nc2c(-c3ccccc3)nn(C(=O)CC(=O)Nc3ccccc3Cl)c2-c2ccccc2)cc1
mol_5056,N#Cc1cc2c(N)ncnc2nc1N1CCCC1
mol_5057,O=C(O)c1cc(=O)c2[nH]c3ccccc3c2s1
mol_5058,Cc1cn(C2CCC3(CO)CC23)c(=O)[nH]c1=O
mol_5059,Cl.O=C(C=Cc1ccccc1)CCN1CCCC1
mol_5060,Clc1cccc2[nH]ncc12
mol_5061,CN(C)c1cc[n+](-c2nc([N-]C(=O)C(F)(F)F)nc3c2ncn3C2CC(O)C(CO)O2)cc1
mol_5062,COc1ccc(-n2c(C)nc3ccc(NC4OCC(OC(C)=O)C(OC(C)=O)C4OC(C)=O)cc3c2=O)cc1
mol_5063,OCC1C(CO)C2CCC1C2(Cc1ccccc1)Cc1ccccc1
mol_5064,Cc1nc(N(CCO)CCO)nc2c1C(=O)Nc1ccccc1N2
mol_5065,NC(=O)NC(S(=O)(=O)O)S(=O)(=O)O
mol_5066,N#Cc1c(-c2ccc(Cl)cc2)[nH]c(=O)n(C2OC(CO)C(O)C(O)C2O)c1=O
mol_5067,CC(C)CN(CC(C)C)C(=O)C(Br)C(Br)C(=O)O
mol_5068,Clc1ccc(C[PH](c2ccccc2)(c2ccccc2)c2ccccc2)c(Cl)c1
mol_5069,Cc1cc(O)nc(CNC(=O)c2ccc3ccccc3c2)n1
mol_5070,COc1ccc(I)c(CCC(CO)C2=CCC3(CC2)OCCO3)c1
mol_5071,Cc1ccc(C(C#N)=Cc2ccccc2)cc1
mol_5072,O=c1onc2n1-c1ccc(Cl)cc1C(=S)N1CSCC21
mol_5073,CC(=CC(=O)Nn1c(Cc2ccccc2)n[nH]c1=O)C(=O)O
mol_5074,C=CC1ON(C)CCc2cc(OC)c(OC)cc21
mol_5075,O=C(O)c1ccc(CSc2ccccc2C(=O)O)c([N+](=O)[O-])c1
mol_5076,Cc1cc2c3ccccc3n(C)c2c2c1C(=O)c1ccccc1C2=O
mol_5077,CCCc1cc(-c2ccc(-c3cc(CCC)c(C=O)[nH]3)s2)[nH]c1C=O
mol_5078,CCOS(=O)(=O)c1ccc(-c2c3ccc(n3)c(-c3ccc(S(=O)(=O)OCC)cc3)c3ccc([nH]3)c(-c3ccc(S(=O)(=O)OCC)cc3)c3ccc(n3)c(-c3ccc(S(=O)(=O)OCC)cc3)c3ccc2[nH]3)cc1
mol_5079,CC(=O)Oc1c2c(c(CC=C(C)C)c3c1C(=O)C1=CC4CC5C(C)(C)OC(CC=C(C)C(=O)O)(C4=O)C15O3)OC(C)(CCC=C(C)C)C=C2
mol_5080,CCCCCCCCCCCCOC(=N)N1CCOCC1
mol_5081,C[Si](C)(OCCS(=O)(=O)O)C1S(=O)(=O)OCCOS1(=O)=O.[NaH]
mol_5082,O=C(O)C=CSc1ccccc1C(=O)O
mol_5083,CSc1ccc(C=Cc2ccnc3ccccc23)cc1
mol_5084,COP(=O)(OC)C(NC=O)P(=O)(OC)OC
mol_5085,Cc1cc(=O)oc2ccc3c(=O)ccoc3c12
mol_5086,CC(C)S(=O)(=O)ON1C(=O)c2ccc([N+](=O)[O-])cc2C1=O
mol_5087,CCOC(=O)c1ccc(CSc2ccc(N)cc2)c([N+](=O)[O-])c1
mol_5088,C=C(C)C(C(=O)OC)N1C(=O)c2ccccc2C1=O
mol_5089,CC1=CCCC2(C)OC2CC2(C)CC(=O)C(=C(C)C)C2CC1
mol_5090,O=C1N(c2ccccc2)N=C(c2ccccc2)C12CC2
mol_5091,Cn1c(NS(=O)(=O)c2ccccc2)nc2ccccc21
mol_5092,CCOC(=O)C1N(S(=O)(=O)c2ccc(C)cc2)CCC12c1ccccc1N(C(C)=O)C2C(C=CC(=O)OC)=CC(=O)OC
mol_5093,O=C(Nc1ccccc1)ON=C1CCCCC1=Cc1ccccc1
mol_5094,Cn1c(=O)oc(=O)c2ccccc21
mol_5095,CC1(C)OP(=O)(c2ccccc2)C=C1Br
mol_5096,CCCCCCCCCCCCCCCCNc1nc(=O)n(C2CC(N=[N+]=[N-])C(CO)O2)cc1C
mol_5097,COc1nc(OC)n(C)c(=O)c1OP(=O)(OC)OC
mol_5098,COc1ccc(C2C3=C4[OH+][Ge]5([O+]=C4C=C(C(C)C)C=C3)[O+]=C3C=C(C(C)C)C=CC2=C3[OH+]5)cc1
mol_5099,Cc1ccccc1-c1c(N)nc(NC#N)nc1C(=O)Nc1ccccc1
mol_5100,CCn1cc(C(=O)O)c(=O)c2cccc(OC)c21
mol_5101,CC(CO)C1=C(O)C(=O)c2c(ccc3c2CCCC3(C)C)C1=O
mol_5102,CC(O)(C=CC1CC=CC(=O)O1)C(CC(O)C=CC=CC=CCO)OP(=O)(O)O.[NaH]
mol_5103,O=C(O)c1cc2c3nn(-c4ccccc4)c(=O)c-3c[nH]c2s1
mol_5104,Cn1c(=O)[nH]c(=O)c2[nH]c(=O)c(=O)n(C)c21
mol_5105,Cl.Clc1ccc(CCN2CCOCC2)c(Cl)c1
mol_5106,CCCCCCCC=[N+]1[N-]C(c2ccncc2)=[O+][Ni-2]12[O+]=C(c1ccncc1)[N-][N+]2=CCCCCCCC
mol_5107,CN1C=CC(=C[N+](=O)[O-])N(C)C1=O
mol_5108,NNS(=O)(=O)c1ccc(C=C2NC(=O)NC2=O)cc1
mol_5109,CCC(C)(C)C1CCC2c3c([nH]c4ccccc34)C3C(=O)N(c4ccc(OC)cc4)C(=O)C3C2C1
mol_5110,COc1ccc(C(c2c(O)c3ccccc3oc2=O)N2CCCC2)c(OC)c1
mol_5111,CCC1OC2C(CC=C(C)C)=C3OC(C)(O)C(C)(CC)C(OC(C)=O)C3=C3OC(=O)C=C1C32
mol_5112,CCNC(=O)C(O)C1(O)CCC2C3CCC4=CC(=O)C=CC4(C)C3C(O)CC21C
mol_5113,Cc1cccc(C)c1N=O
mol_5114,COc1cc(C2CC3(C)OC(=O)C2CC3C)cc(OC)c1OC
mol_5115,CCCCCCCCCCC#CCC(=O)SCCNC(=O)CCNC(=O)C(O)C(C)(C)COP(=O)(O)OP(=O)(O)OCC1OC(n2cnc3c(N)ncnc32)C(O)C1OP(=O)(O)O
mol_5116,COC(=O)CCCC1(CCCC(=O)OC)CCCCCCCCC(CCCC(=O)OC)(CCCC(=O)OC)C(=O)C1=O
mol_5117,COc1cccc(C=C2C(=O)NC(=O)NC2=O)c1
mol_5118,O=C(NC1CCCCC1)NS(=O)(=O)c1ccc2c(c1)CCC2
mol_5119,CN(C)Cc1cc(N=Nc2ccccc2)ccc1O
mol_5120,Clc1ccc(Nc2nc(Cl)c3nc[nH]c3n2)cc1Cl
mol_5121,C=C1OC(=O)C(=CCCCCCCCCCCCCCCCCC)C1O
mol_5122,CC(C)CCCC(C)C1CCC2C3CC=C4CC(OP(=O)(O)O)CCC4(C)C3CCC12C
mol_5123,O=C(CC(=O)c1ccccc1)CC(O)(c1ccccc1)c1ccccc1
mol_5124,C=CCOC(=O)Cn1cc(C)c(=O)[nH]c1=O
mol_5125,[N-]=[N+]=C(C(=O)N1CCCC1=O)S(=O)(=O)c1ccccc1
mol_5126,C=C1C(=O)C23CC1C(O)C(OC(C)=O)C2C1(C)C(OC(C)=O)CC(OC(C)=O)C(C)(C)C1CC3OC(C)=O
mol_5127,CCOC(=O)c1cc2c(OCc3ccccc3)c(OC)cc3c2c(n1)N(c1ccc(OC)cc1)C(C)C3
mol_5128,O=C1NC(=O)C(=Cc2ccncc2)N1
mol_5129,COc1ccc2c(c1)CCC1C2CCC2(C)OC(=O)CCC12
mol_5130,Cc1nc2ccccc2c(=O)n1Nc1ccc(C(=O)O)cc1
mol_5131,CC(C)c1cccc(C(C)C)c1NC(=O)C(=O)C1CCC2=C(Sc3ccccc3N2)C1=O
mol_5132,Cl.Clc1ccc(CCn2cncn2)c(Cl)c1
mol_5133,CCc1cc(-c2cccc3ccccc23)c(C#N)c(S)n1
mol_5134,CCN(CC)CCNc1cccc2oc3ccc(OS(=O)(=O)c4ccc(C)cc4)cc3c(=O)c12
mol_5135,O=C1NC(=O)C(CN2C(=O)C(=Cc3cccc(O)c3)SC2=S)C(=O)N1
mol_5136,O=C1OC(c2ccccc2)=C2CCC3CCCCN1C23
mol_5137,COc1ccc2nc(O)cc(C)c2c1[N+](=O)[O-]
mol_5138,O=C1NC(=O)N2CCSC2(Cc2ccccc2)N1
mol_5139,CN1C(c2ccccc2)CS(=O)(=O)CS1(=O)=O
mol_5140,CSC1=C(C#N)C(=C(C#N)C#N)NC(C)=C1C(C)=O
mol_5141,COc1ccc(C2c3cc4c(cc3OC3(OC)COC(=O)C23)OCO4)c(OC)c1
mol_5142,CC(=O)O.CN1CC=C(c2c(N)nc(N)nc2O)CC1
mol_5143,COC(=O)c1c(C(=O)OC)c(C(c2ccccc2)c2ccccc2)n(-c2ccccc2)c1Cl
mol_5144,CN(C)S(=O)(=O)c1cc(Cl)cc(Cc2cc(Cl)cc(S(=O)(=O)N(C)C)c2O)c1O
mol_5145,O=C([O-])c1n[nH]c2c1N=[N+](c1ccc(C=Cc3ccc([N+]4=Nc5c(C(=O)[O-])n[nH]c5[OH+][Cu-]4)cc3S(=O)(=O)[O-])c(S(=O)(=O)[O-])c1)[Cu-][OH+]2.[Na+]
mol_5146,C#Cc1ccccc1N1C(=O)C=CC1=O
mol_5147,CN1CCN(CCCN2c3ccccc3Sc3ccc(C(F)(F)F)cc32)CC1.O=C(O)CCC(=O)O
mol_5148,CCCCCCON=Cc1c2c(O)c3c(O)c(C)c4c(c3c1O)C(=O)C(C)(OC=CC(OC)C(C)C(OC(C)=O)C(C)C(O)C(C)C(O)C(C)C=CC=C(C)C(=O)N2)O4
mol_5149,COc1ccc(C2CC3(c4ccccc4)ON=C(c4ccccc4)N3c3ccccc3S2)cc1
mol_5150,CC#CC(OCC)(OCC)OCC
mol_5151,COc1ccc(C2(CC(C)C)CCN(S(=O)(=O)c3ccc(C)cc3)C2)cc1OC
mol_5152,O=[N+]([O-])c1ccc(C2N3CCCCC3C3c4[nH]c5ccccc5c4CCN32)cc1
mol_5153,COc1cc(Oc2c(O)c(C)c(OC)c(C(C)=O)c2O)c(C(C)=O)c(O)c1C
mol_5154,NC1CCCCC1.O=C(O)C1(P(=O)(O)O)CC1
mol_5155,CC(C)C(=O)C=Cc1ccc(Br)cc1
mol_5156,CC(C)(C)c1cc(C2NC(=O)NC2=O)cc(C(C)(C)C)c1O
mol_5157,Nc1ncnc2c1ncn2CC(=O)NCCCCO
mol_5158,O=C1NC(c2cccc(Cl)c2)N2C(=O)NC(c3cccc(Cl)c3)N12
mol_5159,CC1CCC2(O)C(CCCC2(C)C)C1(C)CCc1ccoc1
mol_5160,COC(=O)c1ncn(Cc2ccccc2)c1N
mol_5161,Nc1ccc2nc(Nc3ccc(Cl)c(Cl)c3)cnc2c1
mol_5162,COC(C(O)c1ccc2c(c1)OCO2)P(=O)(c1ccccc1)c1ccccc1
mol_5163,CCOC(=O)C(=Cc1cccc([N+](=O)[O-])c1)[Se]c1ccccc1
mol_5164,CC1=C(C(=O)Nc2ccc([N+](=O)[O-])cc2)C(c2ccco2)C(C(=O)Nc2ccc([N+](=O)[O-])cc2)=C(C)N1
mol_5165,CCOC(=N)N1CCCCC1
mol_5166,CNc1c2c(c3nc4ccccc4c4c3c1N=C4)NCCC2=O
mol_5167,COC1(OC)C2(Cl)C(Cl)=C(Cl)C1(Cl)C1C(=O)C=CC(=O)C12
mol_5168,Fc1ccc(F)c(C=NC23CC4CC(CC(C4)C2)C3)c1
mol_5169,O=C1c2ccccc2C2(O)c3cc4ccccc4cc3OC12O
mol_5170,CC(C)(C)c1cc(Oc2ccc(C#N)c(C#N)c2)cc(C(C)(C)C)c1
mol_5171,COc1cc2ccc1OCc1cccc(n1)COc1ccc(cc1OC)C=Nc1ccc(cc1)-c1ccc(cc1)N=C2
mol_5172,NS(=O)(=O)c1ccc(NC(=O)Nc2cc(C(F)(F)F)ccc2Cl)cc1
mol_5173,CC1=C(CC2C(=O)N(c3ccccc3)S(=O)(=O)NC2C)C(=O)N(c2ccccc2)S(=O)(=O)N1C
mol_5174,CC=C(C)C(=O)N1c2ccccc2CC1c1c(C)[nH]c2ccccc12
mol_5175,Cc1cccc(C(C)O)n1
mol_5176,NC1=C(C(=O)O)C(=O)C(Nc2c(O)cccc2C(=O)O)=CC1=O
mol_5177,O=C1NC(=O)C(COCc2ccccc2)C2=C1SCCC2
mol_5178,CCOC(=CC(=O)OC)NCCc1c[nH]c2ccccc12
mol_5179,COC(=O)C1=C(C(=O)OC)SC(=C(Br)C(=C2SC(C(=O)OC)=C(C(=O)OC)S2)C(=C2SC(C(=O)OC)=C(C(=O)OC)S2)C(Br)=C2SC(C(=O)OC)=C(C(=O)OC)S2)S1
mol_5180,OCC1=CC(O)C2C=COC(OC3OC(CO)C(O)C(O)C3O)C12
mol_5181,CCCC[Sn](CCCC)(CCCC)OC(=O)C(OC)c1ccccc1
mol_5182,CCOC(C)=Nc1cc(OC)cc2c1NC(=O)CCS2
mol_5183,CNc1ncnc2c1ncn2C1C=CC(COS(N)(=O)=O)C1
mol_5184,COC(=N)C(C)C.Cl
mol_5185,COc1ccc(C(=O)C(C(=O)C(=O)NCCCNC(=O)C(=O)C(C(=O)c2ccc(OC)cc2)c2ccc(OC)cc2)c2ccc(OC)cc2)cc1
mol_5186,O=C(Cc1ccc([N+](=O)[O-])cc1)OCC#CCOC(=O)Cc1ccc([N+](=O)[O-])cc1
mol_5187,COc1ccc(-c2csc(=Nc3ccccc3)n2CCCN(C)C)cc1
mol_5188,COc1cccc(C=C2CCCc3ccccc3C2=O)c1
mol_5189,O=c1c2ccccc2c2ccc3c4ccc5c(=O)c6ccccc6c6ccc(c7ccc1c2c73)c4c56
mol_5190,COc1ccc(C2Oc3ccc(O)cc3C2C)cc1OC
mol_5191,O=c1c2cc3c(=O)n4c(cc(-c5ccccc5)c5cc(Cl)ccc54)nc3cc2nc2cc(-c3ccccc3)c3cc(Cl)ccc3n12
mol_5192,COC(=O)c1c(C(=O)OC)c(-c2ccccc2)n(-c2ccccc2)c(=O)c1-c1ccccc1
mol_5193,CC1=CCCC2(C)OC2C2OC(=O)C(C)C2CC1O
mol_5194,COc1ccc(N2C(=O)C3c4[nH]c5ccccc5c4C4CCC(C)CC4C3C2=O)cc1
mol_5195,O=C1CC(C2(O)C(=O)Nc3ccc([N+](=O)[O-])cc32)c2ccccc21
mol_5196,O=[N+]([O-])c1ccc(C=NC23CC4CC(CC(C4)C2)C3)cc1
mol_5197,O=C1C2C3C=C4c5ccccc5N(c5ccccc5)C4(C2C(=O)N1Cc1ccccc1)C1C(=O)N(Cc2ccccc2)C(=O)C31
mol_5198,COc1cc(-c2cc(=O)c3c(OC)c(OC)c(OC)c(OC)c3o2)cc(OC)c1OC
mol_5199,CC=C1CN2CCc3c([nH]c4ccccc34)C2CC1CCO
mol_5200,Cc1c(CCCl)c(=O)n2c([nH]c3ccccc32)c1C#N
mol_5201,Oc1ccc2ccc3c(c2c1)CN(Cc1ccccc1)CO3
mol_5202,COc1ccc(C(=O)CC(c2ccc(OC)c(OC)c2)c2c(O)c3ccccc3oc2=O)cc1OC
mol_5203,O=C1Oc2ccccc2C(=O)C1=CN1C(=O)C(=Cc2ccc3c(c2)OCO3)SC1=S
mol_5204,COC(=O)C1=COC(C)C2CN3CCC4(C(=O)Nc5ccccc54)C3CC12
mol_5205,COc1ccc(C=C2C(=O)Nc3ccccc32)cc1OC
mol_5206,CN(C)c1cc(CNC(Cc2cn(C(c3ccccc3)(c3ccccc3)c3ccccc3)cn2)C(=O)O)nc(CNC(Cc2cn(C(c3ccccc3)(c3ccccc3)c3ccccc3)cn2)C(=O)O)c1
mol_5207,N#CN1CCC=C(c2cc3ccccc3[nH]2)C1
mol_5208,COc1cc2nn(-c3ccccc3)nc2c2nonc12
mol_5209,COC(=O)C(CCS(=O)(=O)CC(=O)C(=O)Nc1cccc(C(C)=O)c1)C(=O)OC
mol_5210,CN(C)c1ccc(-c2nnc3c(c(=O)n(C)c(=O)n3C)[n+]2[O-])cc1
mol_5211,CC(C)(C)C1=NOC2C(NC(=O)c3ccccc3)CCC12
mol_5212,Cc1cc(S(=O)(=O)N=C2N(Cc3ccccc3)CCN2Cc2ccccc2)c(S)cc1Cl
mol_5213,COc1ccccc1OCC(COC(=O)Nc1ccccc1)OC(=O)Nc1ccccc1
mol_5214,CC(C)CC(NC(=O)C(Cc1ccc(O)cc1)NC(=O)C(CO)NC(=O)C(C)NC(=O)C(CCCNC(=N)N)NC(=O)C(CCC(=O)O)NC(=O)C(NC(=O)C(N)CCC(=O)O)C(C)C)C(=O)NC(CO)C(=O)NC(CCCCN)C(=O)O
mol_5215,CCOC(=O)CCN1C(=O)c2c(NC(=O)C(=O)O)cccc2S1(=O)=O
mol_5216,CC(C)(C)c1cc(-c2c3ccc(n3)c(-c3cc(C(C)(C)C)cc(C(C)(C)C)c3)c3ccc([nH]3)c(-c3cc(C(C)(C)C)cc(C(C)(C)C)c3)c3ccc(n3)c(-c3cc(C(C)(C)C)cc(C(C)(C)C)c3)c3ccc2[nH]3)cc(C(C)(C)C)c1
mol_5217,O=C1OC(=O)C2=C1C(c1cccs1)C=C(c1cccnc1)N2c1ccncc1
mol_5218,O=C(O)CN1C(=O)c2ccc(NC(=O)C(=O)O)cc2S1(=O)=O
mol_5219,CC(=O)Oc1ccc(-c2cc3ccc(OC(C)=O)cc3oc2=O)cc1
mol_5220,CC12CCC(C(=O)OC1=O)C(C)(C)O2
mol_5221,O=[N+]([O-])c1ccc(Ic2ccccc2)cc1
mol_5222,O=C(O)C1CC2CC(=O)C1C2
mol_5223,CC(=O)Nc1ccc(C=C(C#N)c2ccccc2)cc1
mol_5224,O=C(Nc1ccc(Cl)cc1)C(=O)C(C(=O)c1ccccc1-c1ccccc1)C1OC(=O)c2ccccc21
mol_5225,CC(=O)N1C(c2[nH]c3ccccc3c2-c2ccccc2)CCN1c1ccccc1
mol_5226,CNCCC=C1c2ccccc2CCc2ccccc21
mol_5227,O=C1CCCc2cc3c(cc21)CC1(C3)Cc2cc3c(cc2C1)C(=O)CCC3
mol_5228,CCOP(=O)(CCn1cnc2c(N)ncnc21)OCC
mol_5229,COc1ccn(C)c(=O)c1C#N
mol_5230,N=C(N)NS(=O)(=O)c1ccc(NC(=O)c2cccc3c(=O)c4ccccc4[nH]c23)cc1
mol_5231,O=C1CC2CCCC(=O)C23CCCC13
mol_5232,CC1=CC(=O)C(=C(C)NCCN(CCNC(C)=C2C(=O)C=C(C)OC2=O)CCNC(C)=C2C(=O)C=C(C)OC2=O)C(=O)O1
mol_5233,CCOC(=O)Cc1nnc2n(-c3ccccc3)c(=O)c3ccccc3n12
mol_5234,OC1C2CCC1C1C3C=CC(C3)C21
mol_5235,O=C(COc1ccc2c(=O)cc(-c3ccccc3)oc2c1)N1CCN(c2ccccc2)CC1
mol_5236,CCCCCCCCCCCCCCCCOCC(Cl)CP(=O)(O)OP(=O)(O)OCC1OC(n2cnc3c(N)ncnc32)C(O)C1O.[NaH]
mol_5237,CC(C)(C)[Si](C)(C)OCC1OC(n2ccc(=O)[nH]c2=O)C(O[Si](C)(C)C(C)(C)C)C1CC=[N+]([O-])CC1OC(n2ccc(=O)[nH]c2=O)C(O[Si](C)(C)C(C)(C)C)C1O[Si](C)(C)C(C)(C)C
mol_5238,Clc1ccc2c(c1)[nH]c1c2nc2sccn21
mol_5239,N#CC(=C(c1ccccc1)c1ccccn1)c1ccc(Cl)cc1
mol_5240,CC1CN2C(=O)C(OC(=O)Nc3cc([N+](=O)[O-])cc([N+](=O)[O-])c3)C3CCC1C32C
mol_5241,O=S(=O)(SC(S(=O)(=O)c1ccccc1)S(=O)(=O)c1ccccc1)c1ccccc1
mol_5242,CN1CCN(c2cc3[nH]c(-c4ccc(Cl)cc4)nc3cc2F)CC1
mol_5243,CCOC(=O)c1nc2ccccc2nc1NCc1cc(OC)c(OC)c(OC)c1
mol_5244,Cc1ccc(S(=O)(=O)NC(=N)N(C)N=O)cc1
mol_5245,Cl.NCCCNCCCCNCCCNCc1c2ccccc2c(CNCCCNCCCCNCCCN)c2ccccc12
mol_5246,Cc1cc(NS(=O)(=O)c2ccc(NO)cc2)no1
mol_5247,Clc1ccc(OCc2nnc(CCCCCCCCc3nnc(COc4ccc(Cl)cc4Cl)n3Nc3ccccc3)n2Nc2ccccc2)c(Cl)c1
mol_5248,CC1=CC(CC2(C)c3c(c4c(C)cccc4oc3=O)OC2C)OC1=O
mol_5249,CC(C)NC(=O)OCc1c(COC(=O)NC(C)C)c(-c2ccc(Cl)c(Cl)c2)n2c1CCC2
mol_5250,COc1ccc2c(c1OC)C1=NCCc3c(OC)c(OC)c(OC)c-2c31
mol_5251,COc1ccc(C23OC2Oc2cc(OC4CCCCO4)ccc2C3=O)cc1
mol_5252,CCC1(COC(NC(=O)c2ccccc2)(C(F)(F)F)C(F)(F)F)COC1
mol_5253,Cc1ccc2c(c1S)C(=O)c1ccccc1C2=O
mol_5254,CCOC(=O)CN=c1nc(SC)sc2c(C(=O)OCC)nc(Sc3ccccc3)n12
mol_5255,c1ccc2c(c1)[nH]c1c2nc2ccccn21
mol_5256,C#CC(O)C=CC(O)CCCC(O)CC#CC(O)C#CCCCCC(O)C=CCCCC(=O)CCCCCCCCCCCCCCCC(O)C(O)C#CC(=O)O
mol_5257,O=[N+]([O-])C1=C(c2ccccc2)SC([N+](=O)[O-])=C(c2ccccc2)S1
mol_5258,COc1ccc2nc(NC(=O)C(=O)NNC(=O)c3ccncc3)sc2c1
mol_5259,C=C1C(OC(=O)C(C)C)C23CC4(O)C5C6(C)CCCC57C(C2CC1(O)C(O)C37)N4C6
mol_5260,CC(=O)c1c(-c2ccc(O)cc2)oc2cc(O)ccc12
mol_5261,CCOC(=O)C1=NN(c2ccccc2)C(=O)C1=CN1C(=O)C(=Cc2cccc(OC)c2O)SC1=S
mol_5262,COC(=O)C1=C2Nc3ccccc3CC23CCN2CCCC(C(C)OC(=O)C=C(C)C)(C1)C23
mol_5263,c1ccc2nc3nc4c(nc3nc2c1)NON4
mol_5264,O=C(O)CC(NC(=O)C(F)(F)F)C(=O)NC(Cc1ccc(O)cc1)C(=O)O
mol_5265,COc1ccc(C2CC(c3ccc4ccccc4c3O)=NN2)cc1OC
mol_5266,NC(CSSCC(N)C(=O)NC(Cc1ccccc1)C(=O)O)C(=O)NC(Cc1ccccc1)C(=O)O
mol_5267,CN1c2ccccc2N(C(=O)c2ccc(Cl)cc2)C(CC(=O)O)c2cccn21
mol_5268,Nc1ncnc2c1ncn2C1SC(CO)C(O)C1O
mol_5269,CCC1CCN=C(Cn2cc(C)c(=O)[nH]c2=O)N1.Cl
mol_5270,CC(Oc1ccc(OCC2CCCCC2)cc1)C(=O)NCCO
mol_5271,Cc1cccc(C)c1NC(=O)CN(CC(C)C)CC(O)COc1ccccc1
mol_5272,O=[N+]([O-])C(Cl)(Cl)C=C(Cl)C(Cl)(Cl)[N+](=O)[O-]
mol_5273,OC1=c2ccccc2=C1O
mol_5274,CN(C)C1C(O)=C(C(=O)NCNc2cccc(C(=O)O)c2C(=O)O)C(=O)C2(O)C(O)=C3C(=O)c4c(O)cccc4C(C)(O)C3CC12
mol_5275,COC(=O)CCC(=O)c1ccc2c(c1)CCC2
mol_5276,COCN(COC)c1nc(CCC(Br)(Br)Br)nc(N(COC)COC)n1
mol_5277,COc1ccc(C2(CN(C)C)COc3cc(OC)c(OC)cc3C2=O)cc1OC
mol_5278,Cc1cccc(Nc2cn(CCOc3ccccc3)c(=O)n(CCOc3ccccc3)c2=O)c1
mol_5279,CCSC1=[N+](SCC)CCCS1
mol_5280,N#CCCN(CCC#N)CCN(CCN(CCC#N)CCC#N)CCN(CCC#N)CCC#N
mol_5281,Cc1ccc(N=Nc2c(=N)[nH]n3cc4c(nc23)CCCC4)cc1
mol_5282,O=C1CN(c2ccccc2)C(=O)C1C(=O)Nc1ccc(Cl)c(Cl)c1
mol_5283,N#Cc1c2n(c(=S)n(-c3ccccc3)c1=N)CCCCCCC2
mol_5284,S=c1[nH]nc(COc2ccc(Cl)cc2)n1-c1ccccc1
mol_5285,CCc1oc2ccccc2c1C(=O)c1ccc(O)cc1
mol_5286,CCCOC1OC(CS(=O)(=O)O)C(OC(C)=O)C(OC(C)=O)C1OC(C)=O.[NaH]
mol_5287,Nc1nc(N)nc(-c2cnc3ccccc3c2)n1
mol_5288,CCCCc1ccc(Nc2cc(=O)n(C)c(=O)[nH]2)cc1
mol_5289,COc1nc2ncc(C(OC(C)=O)C(COC(C)=O)OC(C)=O)nc2c(=O)n1C
mol_5290,COc1ccc2c(c1)c1c3c(ccc4ncn2c43)N(CCN(C)C)CCN=1
mol_5291,NC(Cc1ccc2oc3cc(=O)c4ccccc4c-3nc2c1)C(=O)O.O=[N+]([O-])O
mol_5292,CCOC(=O)CC1NCCc2cc(OC)c(OC)c([N+](=O)[O-])c21
mol_5293,COC1OC(COC(=O)c2ccccc2)CC1F
mol_5294,CC(C)C(Cl)=NOC(=O)Nc1ccc(Br)cc1
mol_5295,CC12CCC(C3NC(=S)NN=C31)C2(C)C
mol_5296,CNC1C(OC2C(OC3C(O)C(O)C(NC(=N)N)C(O)C3NC(=N)N)OC(C)C2(O)C=NNC(N)=S)OC(CO)C(O)C1O.O=S(=O)(O)O
mol_5297,CN(C)C(CN)CC1=C(CC(CN)N(C)C)CCC1
mol_5298,CC1CCC(=Cc2ccc(F)cc2)C(=O)C1=Cc1ccc(F)cc1
mol_5299,CCNc1c(C(=O)N(CC)CC)c(O)nc2ncccc12
mol_5300,S=C1N(c2ccc(Cl)cc2)C2=C(N=Nc3ccccc3Cl)C(=Nc3ccccc3S2)N1c1ccccn1
mol_5301,O=C(Nc1ccccn1)Nc1cc(C(F)(F)F)ccc1Cl
mol_5302,CCCNC(=O)c1ccccc1C(=O)C(Cl)c1ccccc1
mol_5303,c1ccc2c(c1)CCN(C1=NCCO1)C2
mol_5304,O=C(c1ccccc1)C1Nc2cnccc2C2c3ccccc3CC12
mol_5305,c1ccc(N=C2Sc3nc4cccc5cccc(c54)n3C2=Nc2ccccc2)cc1
mol_5306,CC(C)(C)c1ccc(O)c(C(c2ccc([N+](=O)[O-])cc2)c2cc(C(C)(C)C)ccc2O)c1
mol_5307,Cc1cc(C)nc(NS(=O)(=O)c2ccc(NC(=O)c3cccc4c(Nc5ccc(S(N)(=O)=O)cc5)c5ccccc5nc34)cc2)n1
mol_5308,Cc1cc2ncn(C3CCCCO3)c2cc1C
mol_5309,COc1ccc(C2CC(c3c(O)ccc4ccccc34)=NN2C(C)=O)cc1OC
mol_5310,COc1ccc2c(c1)CCC1CC3CC21C=CC3=O
mol_5311,CC1OC(=O)C(O)=C1O
mol_5312,S=C1Cc2c([nH]c3ccccc23)-c2ccccc2N1
mol_5313,C=C(c1nc2ccc(Cl)cc2nc1O)C(O)c1ccc(C(O)C(=O)c2nc3ccc(Cl)cc3nc2O)cc1
mol_5314,CC1(C)Oc2cc(OCc3ccccc3)ccc2C2Oc3cc(OCc4ccccc4)c(O)cc3C21
mol_5315,COC1C(N(C)C)=C(c2ccccc2)C(=O)N2CCc3ccccc3C12
mol_5316,CCCN(CCC)CC(=O)Nc1cccc(Cl)c1C
mol_5317,COc1cc2c(c(OC)c1OC)C1CCCCC1SCC2O
mol_5318,Cc1ccc(S(=O)(=O)O)cc1.N=C(NO)NN=Cc1cc(Br)cc(Br)c1O
mol_5319,CC(=O)N1c2ccccc2C2=NN=C(N(C)C)SC21
mol_5320,CN=C(NC)c1ncn(C2OC(CO)C(O)C2O)n1.Cl
mol_5321,COC1(C)C(=O)N2C1N(C(=O)OC(C)(C)C)CC2(C)C
mol_5322,Cc1cc(C=C2C(=O)NC(=S)NC2=O)c(C)n1-c1ccccc1
mol_5323,Cc1ccc([N+](=O)[O-])cc1C(C#N)=Cc1ccccc1
mol_5324,OCCNc1nnc(NCCO)c2[nH]cnc12
mol_5325,CCOc1ccc(C(Cl)=C(C=O)c2ccc(OC)c(OC)c2)cc1OCC
mol_5326,CC(C)(C)OC(=O)NC(Cc1ccc(O)cn1)C(N)=O
mol_5327,COc1ccc(N=Nc2c(C)c(C#N)c(=S)n(C3OC(CO)C(O)C(O)C3O)c2-c2ccccc2)cc1
mol_5328,COc1ccc(C(C)=C(C#N)C#N)cc1
mol_5329,CCN(CC)C(=O)C1CC(O)CN1C(=O)c1ccc(OC)c(OC)c1
mol_5330,O=S(=O)(NCCSSCCNS(=O)(=O)c1ccc(F)cc1)c1ccc(F)cc1
mol_5331,BrCc1ccc(C[PH](c2ccccc2)(c2ccccc2)c2ccccc2)cc1
mol_5332,OCC(O)C(O)C(O)C(O)c1nc2ccccc2s1
mol_5333,CCOC(=O)C1=NN(c2ccccc2)C(=O)C1=CNC(=S)NCc1ccccc1
mol_5334,CCN(C(=O)NC(C)C(=O)NC(Cc1ccccc1)C(=O)OC)c1ccccc1
mol_5335,CCN(CC)CCC(=O)c1ccc(Sc2ccc(F)cc2)cc1.Cl
mol_5336,COc1ccc(CNC=NC(C#N)=C(N)C#N)cc1OC
mol_5337,CCn1cc(C(=O)O)c(=O)c2cc(Cl)c(-n3cccc3)cc21
mol_5338,CC1(C(=O)Nc2ccc3ccccc3c2)CC2(C)CC(C)(C1)C(O)NC2=O
mol_5339,CCCCCCCCCCCCSC(=S)c1c(C)nn(-c2ccccc2)c1O
mol_5340,COc1ccc2oc(OC)c(CC=C(C)C)c(=O)c2c1C
mol_5341,COP1(=O)OCC(C)(C)CO1
mol_5342,CCn1c(SCC(=O)NNC(=S)NC)nc2ccccc2c1=O
mol_5343,CCOC(=O)C1Sc2c(c(=O)n(C)c3ccccc23)C1=O
mol_5344,Cc1cn(C(=O)NC23CC4CC(CC(C4)C2)C3)c(=O)[nH]c1=O
mol_5345,O=Nc1c2n[nH]c1CCCCCCCCC2
mol_5346,CC1(C)C2C=CC1(C)C1(CC2)OCCO1
mol_5347,COC1OC2COc3ccccc3OC2C(NC#N)C1OC
mol_5348,O=C(C=Cc1c(O)ccc2ccccc12)c1ccc2ccccc2c1
mol_5349,COS(=O)(O)=[OH+].C[n+]1c2ccccc2c(CNC(CCC(N)=O)C(=O)O)c2ccccc21
mol_5350,C=CCc1cc(OC)c(O)c(C(=O)C=Cc2ccc(OC)c(OC)c2)c1
mol_5351,N#CC(=Cn1c(=S)[nH]c2ccc([N+](=O)[O-])cc21)c1nc2ccccc2s1
mol_5352,CCOC(=O)C(Cc1ccc(O)cc1)NC(=O)C(N)CSSCC(N)C(=O)NC(Cc1ccc(O)cc1)C(=O)OCC
mol_5353,Cc1nc2cc(C(=O)NC=O)c3nn[nH]c3c2n1C
mol_5354,COc1nc(O)c2c(n1)NC(c1ccccc1)CC(c1ccc([N+](=O)[O-])cc1)=N2
mol_5355,CCOC(=O)c1ccc(CS(=O)(=O)c2ccc([N+](=O)[O-])cc2)c([N+](=O)[O-])c1
mol_5356,COc1c(OC)c(C2(O)C(=O)N(C)c3ccccc32)c2c(c1C1(O)C(=O)N(C)c3ccccc31)OCO2
mol_5357,CN(C)CCCOc1ccc(C=C2CCCC(=Cc3ccc(OCCCN(C)C)cc3)C2=O)cc1
mol_5358,O=[N+]([O-])c1ccccc1Oc1ccccc1
mol_5359,CCN(CC)CCN1CC(=O)N2Cc3ccccc3CN2C(=O)C1
mol_5360,ON=C1c2ccccc2-c2nc3ccccc3cc21
mol_5361,c1ccc(Cn2cc[n+]3c2[Au-][n+]2ccn(Cc4ccccc4)c2[Au-][n+]2ccn(Cc4ccccc4)c2[Au-]3)cc1
mol_5362,COC(=O)C=Cc1cnc2c(c1)oc(=O)n2C
mol_5363,CCC(C)C(NC(=O)C(CCC(N)=O)NC(=O)C1CCCN1)C(=O)NC(C(=O)NC(CC(C)C)C(=O)NC(Cc1c[nH]c2ccccc12)C(=O)NCC(CCC(N)=O)C(=O)NC(CCCNC(=N)N)C(=O)N1CCCC1C(=O)NC(CC(C)C)C(=O)O)C(C)O
mol_5364,Cc1ccc(C)c(COCCOCn2cc(N3CCOCC3)c(=O)[nH]c2=O)c1
mol_5365,CC(=O)NC1CC(C(C)(C)NC(C)=O)CC=C1C
mol_5366,CNC(=O)N1NC(c2ccccc2)C1c1ccccc1.OB(O)O
mol_5367,CCN(N=C1CC2C=CCN(C2)C(=O)Cc2c1[nH]c1ccccc21)S(=O)(=O)c1ccc(C)cc1
mol_5368,CN1C=CC(C(C(N)=O)c2ccccc2)c2ccccc21
mol_5369,CCOC(=O)C(CC#Cc1ccc(C#CCC(NC(C)=O)C(=O)OCC)cc1)NC(C)=O
mol_5370,N#CCc1nc(-c2cc3ccccc3oc2=O)cs1
mol_5371,OC1C(Cn2nnc(-c3ccccc3)c2-c2ccccc2)OCOC(Cn2nnc(-c3ccccc3)c2-c2ccccc2)C1O
mol_5372,N#Cc1ccc(C=NC23CC4CC(CC(C4)C2)C3)cc1
mol_5373,CSC1=NS(=O)(=O)c2cc(C(=O)NN(C)C(=O)c3cc4c(cc3Cl)SC(SC)=NS4(=O)=O)c(Cl)cc2S1
mol_5374,O=c1cc(-c2ccccc2)c2cc3c(=O)ccoc3cc2o1
mol_5375,O=C(O)C1C2CC(C1C(=O)O)C1C2N1S(=O)(=O)c1ccccc1
mol_5376,NCCCNCCCCN1CC1
mol_5377,COc1c(C)c2nc3ccccc3nc2c2c(O)ccnc12
mol_5378,CN1c2ccccc2C(=O)Nc2cnc(Cl)nc21
mol_5379,C[N+]1(C)CC[N+](C)(C)B1[C-](O)O.[Br-]
mol_5380,CC(=O)OCC1OC(SC2OC(COC(C)=O)C(OC(C)=O)C(OC(C)=O)C2OC(C)=O)C(OC(C)=O)C(OC(C)=O)C1OC(C)=O
mol_5381,C(=C1NC(c2ccccc2)=Nc2ccccc21)c1ccccc1
mol_5382,O=S(=O)(O)OC1CCCCC1Nc1ccccc1
mol_5383,C=CCNC(=S)NNC(=S)NCC=C
mol_5384,O=C(O)C(=Cc1ccc(F)cc1)c1ccccc1
mol_5385,C=CCCON(C(=O)OC(C)(C)C)C(C)(C)C
mol_5386,O=C(O)C1CC2C=CCC(C2)C1
mol_5387,CSC1=Nc2ccccc2N(C)c2c1c(-c1ccccc1)nn2C
mol_5388,COC1OC(Cn2c(C)nc(Br)c2Br)C(O)C(O)C1O
mol_5389,COc1ccc(C2CC(C)=Nc3c(O)nc(S)nc3N2)cc1
mol_5390,O=C1CSC(C(N=Nc2ccc(Cl)cc2)c2nc3ccccc3[nH]2)=N1
mol_5391,O=C(O)Cc1ccc2c(c1)sc1nc(-c3ccc(Br)cc3)cn12
mol_5392,COc1ccc2c(c1)c[n+](C)c1c3cc(OC)c(OC)cc3ccc21.[I-]
mol_5393,COc1cc(C2c3cc4c(cc3C(NS(C)(=O)=O)C3COC(=O)C23)OCO4)cc(OC)c1OC
mol_5394,Cc1cn(C2CC(NC(=O)NO[Si](C)(C)C(C)(C)C)C(CO[Si](C)(C)C(C)(C)C)O2)c(=O)[nH]c1=O
mol_5395,N#CC(C#N)=Cc1ccccc1C(=O)O
mol_5396,CC(=O)NNC(=S)NC=C(C(C)=O)C(=O)Nc1ccc(Cl)cc1
mol_5397,CC(=O)c1cc2c3c(c1)c1cc4c(cc1c(=O)n3CC2)OCO4
mol_5398,CNN=C(C)C(CN1CCCCC1)C(C1=C(O)c2ccccc2OC1)c1ccccc1.Cl
mol_5399,O=C1CSc2cc([N+](=O)[O-])ccc2N1
mol_5400,C[PH](C)(C)[Ir+]12([PH](C)(C)C)([PH](C)(C)C)C3=C1CCC(C1C=Cc4ccccc41)[C-]2CC3
mol_5401,CCOC(=O)CP(=S)(S)c1ccccc1.[NaH]
mol_5402,CC12CN3CC(C)(C1=O)C(=O)C(C)(C3)C2=O
mol_5403,COC(=O)CCC(=O)Nc1cccc(C(F)(F)F)c1
mol_5404,O=C1C=C(N2CCCCC2)c2cnccc2C1=O
mol_5405,O=c1c(-c2ccc(O)cc2)coc2c(O)c(O)ccc12
mol_5406,CCOC(=O)CN1C(=O)C(=O)N(c2ccc(OC)c3ccccc23)C1=O
mol_5407,O=c1[nH]nc(-c2ccc([N+](=O)[O-])cc2)n1N=Cc1ccc([N+](=O)[O-])cc1
mol_5408,Cc1csc2nc3[nH]ncc3c(=O)n12
mol_5409,CC1=CCC2(C)CCC(O)(C(C)C)C2C(OC(=O)c2ccccc2)C1
mol_5410,CCOC(=O)c1ccc(Nc2nc3cc(C(F)(F)F)ccc3nc2C(=O)OCC)cc1
mol_5411,CCC(C)C(NC(=O)C(NC(=O)C(CC(N)=O)NC(=O)CN)C(C)O)C(=O)NC(C(=O)NC(C)C(=O)NC(C(=O)NC(CCC(=O)O)C(=O)NC(CC(C)C)C(=O)NC(CC(=O)O)C(=O)NC(C(=O)NC(Cc1ccc(O)cc1)C(=O)N1CCCC1C(=O)O)C(C)O)C(C)C)C(C)C
mol_5412,COC(=O)C1(C)CCCC2(C)C1CCC1C=C(C)C3CCC12C3
mol_5413,COc1ccc(C(=O)C(C(=O)C(=O)Nc2nc3ccc(OC)cc3s2)c2ccc(OC)cc2)cc1
mol_5414,COC(=O)C=C(C=C1C(C#N)=C(N)N(c2ccc(Cl)cc2)C1(C)C(=CC(=O)OC)C(=O)OC)C(=O)OC
mol_5415,Cc1cc2[nH]c3c4ccccc4[s+]cc3c2cc1C
mol_5416,Cc1cc(C)c(-c2noc(-c3ccc(Cl)cc3)c2C2=NCCCN2)c(C)c1
mol_5417,O=C(O)C(O)C(O)C(=O)O
mol_5418,CNC(=O)CNC(=O)CCC(=O)OC
mol_5419,O=C(CC1C(=O)Nc2ccccc2S1=O)Nc1cccc(Cl)c1
mol_5420,CC(=O)NC1=NC(=Cc2ccc(Cl)cc2)C(=O)N1C=C1C(=O)Oc2ccccc2C1=O
mol_5421,O=C(O)c1ccccc1C(=O)OC1CC2CC1C1OCC21
mol_5422,O=C(O)C12C3C4(C(=O)O)C1C1(C(=O)O)C2C3(C(=O)O)C41
mol_5423,Cc1ccc2c(c1)sc1nnc(Cl)n12
mol_5424,O=C(O)c1ccc[n+](CC(=O)c2ccc(O)c(O)c2)c1
mol_5425,CC(C)C1CCC2(COC(=O)CC(C)(C)CC(=O)O)CCC3(C)C(CCC4C5(C)CCC(OC(=O)CC(C)(C)CC(=O)O)C(C)(C)C5CCC43C)C12
mol_5426,CC(=O)c1cccc(NC(=O)C(=O)c2c(O)c3ccccc3oc2=O)c1
mol_5427,c1ccc(N2N=C3N(c4ccccc4)C2N3c2ccccc2)cc1
mol_5428,CCOC(=O)C1CCC2c3[nH]c4ccccc4c3CCN2C1=O
mol_5429,N#CC12C3C4C5C3C1n1c(=O)n(-c3ccccc3)c(=O)n1C5C42
mol_5430,CC(C)(C)c1ccc(O)c(C(O)c2ccccn2)c1
mol_5431,N#CNC(=N)NP(=O)(Oc1ccccc1)Oc1ccccc1
mol_5432,C=C1CN(S(=O)(=O)c2ccc(C)cc2)CCCN(C2CCCC2)CCCN(S(=O)(=O)c2ccc(C)cc2)C1.Cl
mol_5433,Clc1ccc(-c2cc3nc2c(-c2ccccc2)c2ccc([nH]2)c(-c2ccccc2)c2ccc(n2)c(-c2ccccc2)c2ccc([nH]2)c3-c2ccccc2)cc1
mol_5434,CC(=O)NC(CCCCNC(=O)N(C)N=O)C(=O)NCc1ccccc1
mol_5435,O=CCC1C(=O)CC2CCCC21
mol_5436,O=C1NC(O)c2cc3ccccc3cc2O1
mol_5437,O=C1C=CC(=C(c2ccc(O)cc2)c2c(Br)c(Br)c(Br)c(Br)c2S(=O)(=O)O)C=C1
mol_5438,O=C1C(=Cc2cccc(Oc3ccccc3)c2)SC(c2ccccc2)N1c1ccccc1Cl
mol_5439,CC(=O)OC(C=C1C=CC(=O)O1)COC(=O)c1ccccc1
mol_5440,O=C1OC(c2ccccc2)(c2ccccc2)c2ccsc21
mol_5441,O=C1C(Cl)C(c2ccccc2Cl)N1n1cnc2ccccc2c1=O
mol_5442,COc1ccc(S(=O)(=O)Cc2ccc(C(=O)O)cc2[N+](=O)[O-])cc1
mol_5443,CCn1c(=O)nc2n(-c3ccccc3)c3ccccc3nc-2c1=O
mol_5444,Oc1c(CN2CCCC2)ccc2ccccc12
mol_5445,COC(=O)c1ncn(C(C(=O)OC)C(=O)OC)c1O
mol_5446,COC(OC)c1c2c(O)c3c(O)c(C)c4c(c3c1O)C(=O)C(C)(OC=CC(OC)C(C)C(OC(C)=O)C(C)C(O)C(C)C(O)C(C)C=CC=C(C)C(=O)N2)O4
mol_5447,COc1ccc(C2CC(=O)N3CCCC3N2)cc1
mol_5448,CCOC(=O)C1(C#N)C(C#N)(C#N)C1(C#N)C#N
mol_5449,O=c1[nH][nH]c2c1SCc1ccccc1-2
mol_5450,Cc1noc(C)c1N=Nc1ccc2nonc2c1N
mol_5451,CCOc1ccc(C2OCCC(C)O2)cc1OC
mol_5452,N#CC(C#N)=Cc1cccc(F)c1
mol_5453,C=CC(CCCCCCCC(=O)O)S(=O)(=O)O
mol_5454,COc1cccc2c1OC1(N3CCOCC3)CCCCC1C2C[N+](=O)[O-]
mol_5455,COC(=O)c1ccc(CS(=O)(=O)c2ccccc2)cc1
mol_5456,Cn1c2ccccc2n2c(=O)c(-c3ccc(Cl)cc3)nnc12
mol_5457,CC1(O)C2C3CC4C5C3C1C(O)(C5Br)C42
mol_5458,CCOC(=O)c1nc2cc(C(F)(F)F)ccc2nc1Oc1ccc(F)cc1
mol_5459,Oc1ccc(Cl)cc1-c1nc2ccccc2s1
mol_5460,C#CCn1c2c(c3ccccc3c1=O)C(=O)c1ccccc1-2
mol_5461,Cc1cc(=O)oc2c(CNC(C(=O)O)C(C)O)c(O)ccc12
mol_5462,N#CC(=Cc1cc(Br)c(O)c(Br)c1)c1ccccn1
mol_5463,O=S(=O)(O)SCCCNCCCCCCNCCCSS(=O)(=O)O
mol_5464,COc1ccc2nc(CI)c(CI)nc2c1
mol_5465,CC(=NNC(=O)c1ccncc1)c1sc(-n2nc(-c3ccccc3)cc2-c2ccccc2)nc1C
mol_5466,CC1=C(C(=O)NCc2ccccc2)C(c2ccccc2O)C(C(=O)NCc2ccccc2)=C(C)N1
mol_5467,COC(=O)CSSCC(=O)OC
mol_5468,CCCC[Sn](CCCC)(OC(=O)c1ccc(C)c(N)c1)OC(=O)c1ccc(C)c(N)c1
mol_5469,Cl.NC1CC2C3CCC2C1C3=O
mol_5470,ON=C1CCCc2nonc21
mol_5471,O=C(NC=C1C(=O)Oc2ccccc2C1=O)Nc1ccccc1
mol_5472,COC1=CC(=O)c2nc(COC(C)=O)ccc2C1=O
mol_5473,Br.COc1cc(CN=c2nc(N(C)C)ss2)cc(OC)c1OC
mol_5474,COC1C=COC2(C)Oc3c(C)c(O)c4c(O)c(c(C=NN5C(C)CN(Cc6ccc(NC(C)=O)cc6)CC5C)c(O)c4c3C2=O)NC(=O)C(C)=CC=CC(C)C(O)C(C)C(O)C(C)C(OC(C)=O)C1C
mol_5475,N#CC1=C(N)n2c(sc(=Cc3ccc(Cl)cc3)c2=O)=C(c2nc3ccccc3[nH]2)C1c1ccc(Cl)cc1
mol_5476,Brc1ccc(C2CC3(c4ccccc4)ON=C(c4ccccc4)N3c3ccccc3S2)cc1
mol_5477,CCN(CC)CC(C(C)=O)C(c1ccccc1)c1c(O)c2ccccc2oc1=O.Cl
mol_5478,Cc1cccc(C=NC23CC4CC(CC(C4)C2)C3)c1
mol_5479,N#CC(=CN1CC(=O)NC1=S)c1nc2ccccc2s1
mol_5480,COc1nc2nccnc2c(=O)n1C
mol_5481,CC(=O)OCC1OC(n2c(-c3ccc(N)cc3)cc(-c3ccco3)c(C#N)c2=O)C(OC(C)=O)C(OC(C)=O)C1OC(C)=O
mol_5482,CC1=NC(C)(C)[N+]([O-])=C1
mol_5483,N=C(CS)NC1CCCCC1
mol_5484,CC1=NN2C(=O)C(c3ccccc3)SC2=NC(C)(C)C1
mol_5485,CN(C)NC1=NS(=O)(=O)c2cc3c(cc2S1)N(N(C)C)C(=O)c1cc2c(cc1N(N(C)C)C3=O)SC(NN(C)C)=NS2(=O)=O
mol_5486,Oc1nnc(O)c2ncccc12
mol_5487,COc1cccc2c1OC(c1cccc3ccccc13)C([N+](=O)[O-])=C2
mol_5488,CC1(C)OC(=O)C(=Cc2ccc(O)cc2)C(=O)O1
mol_5489,c1cc2nc(c1)CSCCCCCCCCSC2
mol_5490,CC(=O)OCCCC(NC(=O)OC(C)(C)C)C(=O)NC(CCCOC(C)=O)C(=O)NC(Cc1ccc([N+](=O)[O-])cc1)C(=O)NCC(=O)OCc1ccccc1
mol_5491,Br.NCCOc1c2occc2cc2ccc(=O)oc12
mol_5492,NC1=CC(=O)NC(=O)c2c(c3ccccc3oc2=O)C1
mol_5493,CCCCCCCCCCCCNS(=O)(=O)c1ccc(-c2c3ccc(n3)c(-c3ccc(S(=O)(=O)NCCCCCCCCCCCC)cc3)c3ccc([nH]3)c(-c3ccc(S(=O)(=O)NCCCCCCCCCCCC)cc3)c3ccc(n3)c(-c3ccc(S(=O)(=O)NCCCCCCCCCCCC)cc3)c3ccc2[nH]3)cc1
mol_5494,OCC1CC(F)C(n2cnc3c(NC4CC4)ncnc32)O1
mol_5495,COC(=O)C(C(C[N+](=O)[O-])c1ccccc1)[PH](c1ccccc1)(c1ccccc1)c1ccccc1
mol_5496,Cl.OCC1CCCCN1Cc1nc2cc(Cl)ccc2[nH]1
mol_5497,COc1ccc2c(c1)C(CCN)C(=O)N2.Cl
mol_5498,O=C1C(c2ccc(Cl)cc2)C2CC=CC2N1O
mol_5499,CCOP(=O)(OCC)C(C#N)=CC=Cc1ccco1
mol_5500,CC(C)(C)OC(=O)NC(Cc1ccc(OC(C)(C)C)cc1)C(=O)NC1CCC(C(=O)O)C1
mol_5501,COc1ccc(-c2c(C3=NCCCN3)nnn2-c2ccc(Cl)cc2)cc1
mol_5502,CC(=O)Nc1sccc1S(=O)(=O)c1ccsc1NC(C)=O
mol_5503,Clc1cccc(C2SCc3nc4ccccc4n32)c1Cl
mol_5504,C1CCC(NC2CCCCC2)CC1.CSCCC(NP(=S)(c1ccccc1)c1ccccc1)C(=O)O
mol_5505,CCOC(=O)C(=Cc1ccc(OCc2ccccc2)cc1)P(=O)(OCC)OCC
mol_5506,N=C(N)NS(=O)(=O)c1ccc(NNc2c3ccccc3nc3c(C(=O)Nc4ccc(S(N)(=O)=O)cc4)cccc23)cc1
mol_5507,Cc1cc(N(CCC#N)CCC#N)ccc1C(N=Nc1ccccc1)=NNC(=O)c1cc(Cl)ccc1O
mol_5508,Cc1c([N+](=O)[O-])oc2c1C(=O)NCCC2
mol_5509,O=C1C2C3C=C4c5ccccc5N(c5ccccc5)C4(C2C(=O)N1c1ccc(F)cc1)C1C(=O)N(c2ccc(F)cc2)C(=O)C31
mol_5510,COc1cccc(NC(=O)CC(=O)NNCC(=O)Nc2nnc(-c3ccc(N(CCC#N)S(=O)(=O)c4ccccc4)cc3)s2)c1
mol_5511,Cn1c(C(=O)C=Cc2ccc([N+](=O)[O-])cc2)nc2ccccc21
mol_5512,CCOC(=O)C1Cc2c(ccc(OC)c2OC)C(=O)C1N
mol_5513,N#CC(C#N)=Cc1c(O)ccc2ccccc12
mol_5514,CC(C)=CC1c2[nH]c3ccccc3c2CC(C(=O)O)N1C(=O)OC(C)(C)C(Cl)(Cl)Cl
mol_5515,CCOC(=O)c1c(-c2ccccc2)c(OC)cn1C
mol_5516,COc1cc(O)c(C(C)=O)c(O)c1
mol_5517,CCC(=O)NC(Nc1cccc(F)c1C)(C(F)(F)F)C(F)(F)F
mol_5518,Brc1ccc(-c2ccc3nnnn3n2)s1
mol_5519,C(=Cc1nnnn1-c1ccccc1)Nc1ccccc1
mol_5520,Clc1cccc2[nH]c(-c3ccncc3)nc12
mol_5521,CC(=O)NC(C)c1ccc(N=NN2CCCC2)cc1
mol_5522,CSc1nc(Cl)c2c(n1)Sc1nc3cc4c(cc3n1C2O)OCO4
mol_5523,O=C(c1ccccc1)c1nnn(Cc2ccccc2Cn2nnc(C(=O)c3ccccc3)c2C(=O)c2ccccc2)c1C(=O)c1ccccc1
mol_5524,C#CC(CCCC)OC(=O)NC(C)c1ccccc1
mol_5525,COc1c(-c2ccc3c(c2)OCO3)oc2cc3c(c(OC)c2c1=O)OCO3
mol_5526,COP(=O)(OC)C(=Cc1c[nH]c2ccccc12)C(=O)O
mol_5527,O=C(Nc1ccccc1)n1[nH]c(=O)n(-c2ccccc2)c1=O
mol_5528,CC(=O)OC12c3ccccc3C(c3ccccc31)C1C(=O)N(c3ccccn3)C(=O)C12
mol_5529,CCCC[Sn](CCCC)(CCCC)OC(=O)C(O)c1ccccc1
mol_5530,CC1=C(C(=O)Nc2cccc(Cl)c2)C(c2ccccc2O)C(C(=O)Nc2cccc(Cl)c2)=C(C)N1
mol_5531,COC12C=CC(CC1)C(C)(C)C2OS(C)(=O)=O
mol_5532,O=S(=O)([O-])[OH+][Fe-2]12[N+](=C(c3ccccc3)c3cccc[n+]31)[N-]c1cccc[n+]12
mol_5533,CCc1ccccc1NC(=O)C1=C(C)NC(C)=C(C(=O)Nc2ccccc2CC)C1c1ccccc1Cl
mol_5534,CC(NC(=O)C(C)C(=O)Nc1ccc(C(F)(F)F)cc1)C(N)=O
mol_5535,CC1=NN2C(=O)CSC2=NC(C)(C)C1
mol_5536,O=[N+]([O-])N1CCCS1(=O)=O
mol_5537,Nc1ncnc2c1ncn2C1OC(COP(=O)(O)CP(=O)(O)O)C(O)C1O
mol_5538,Nc1ncnc2c1ncn2C1CCC(=O)C1
mol_5539,CCOC(=O)C1=C(C)NC(C)=C(C(=O)OCC)C1c1ccc([N+](=O)[O-])s1
mol_5540,COc1ccc(CC2COC(=O)C2Cc2ccc(OC)c(OC)c2)cc1OC
mol_5541,NS(=O)(=O)c1cc2c(cc1Cl)=NC(C(=NNC(=O)c1ccncc1)C1C(=O)NC(=O)NC1=O)=NS=2(=O)O
mol_5542,CCOC(=O)c1oc2cc3c(c4c2c1c1ccccc1n4C)C=CC(C)(C)O3
mol_5543,CCOc1ccccc1C=C1NC(=O)NC1=O
mol_5544,Oc1ccccc1-n1nc2ccc3nonc3c2n1
mol_5545,N#CNC1=NC(CCCC(=O)Nc2cccc([N+](=O)[O-])c2)=C(c2nc3ccccc3[nH]2)C(N)N1
mol_5546,CCSc1nc(=S)n(-c2ccccc2)c(C)c1C(C)=O
mol_5547,CCCCCCCN=c1ssc(=O)n1CCCCCCC
mol_5548,COc1cc(C2c3cc4c(cc3OC(N3CCOCC3)C2C)OCO4)cc(OC)c1OC(C)=O
mol_5549,COC1=NS(=O)(=O)C(C)C(C)(C)O1
mol_5550,COC1=C(C)C(=O)C2C(C)C(c3ccc(OC)c(OC)c3)C2C1=O
mol_5551,C#CC(C)(C)Oc1cc(OC)c2c(=O)c3ccccc3n(C)c2c1
mol_5552,C1=C(c2ccccc2)N2CCN=C2S1
mol_5553,CC(C)(CC#N)c1cc(CC(C)(C)c2cc(CC(C)(C)c3cc(C(C)(C)C4(C)OCCO4)no3)no2)no1
mol_5554,COC(=O)C(=O)C(C(=O)C(=O)Nc1ccccc1C(C)=O)c1nc2ccc(C(=O)c3ccccc3)cc2nc1O
mol_5555,C(=NNc1nnc(-c2nnc(NN=Cc3ccccc3)o2)o1)c1ccccc1
mol_5556,CCN(c1cccc(NC(=S)Nc2ccccc2N(CC)c2cc(-c3ccccc3)no2)c1)c1cc(-c2ccccc2)no1
mol_5557,CCCCCCCCCCCCCCCC(=O)ON1C(=S)NC(C)(c2ccccc2)C1=S
mol_5558,CC(=O)OCC(OC(C)=O)C(OC(C)=O)C(C=NNc1nc(O)c2ccccc2n1)=NNc1nc(O)c2ccccc2n1
mol_5559,CC12CCC3C(CCC4c5nonc5CCC43C)C1CCC2=O
mol_5560,C=CCc1cccc(C=NNC(=N)NO)c1O.Cc1ccc(S(=O)(=O)O)cc1
mol_5561,CC(=O)Nc1ccccc1C[PH](c1ccccc1)(c1ccccc1)c1ccccc1
mol_5562,CCCCN(CCCC)CC(C(=O)Nc1ccc([N+](=O)[O-])cc1[N+](=O)[O-])C(C)=NNC(=O)c1ccncc1
mol_5563,COc1ccc(NC2=CC(C)(C(=O)O)OC2=O)cc1
mol_5564,COC(=O)C(Cc1ccccc1)NC(=O)N(CCC#N)CCN(C(=O)NC(Cc1ccccc1)C(=O)OC)c1ccccc1
mol_5565,N=C(Nc1ccccc1)N(c1ccccc1)c1nc(=S)ss1
mol_5566,Cc1ccc(S(=O)(=O)NN=Cc2oc(-c3ccncc3)c(-c3ccncc3)c2[N+](=O)[O-])cc1
mol_5567,O=C(NC(=O)c1cc(-c2ccccc2)n[nH]1)c1ccccc1
mol_5568,CC(C)(c1ccccc1)c1ccc(OC#N)cc1
mol_5569,CCC(=O)C(C)C(=O)C(=O)C(=O)OC
mol_5570,COc1ccccc1C=C1C(=O)N(C(=O)c2ccc(NC(C)=O)cc2)N=C1C
mol_5571,O=C(O)C1C(OCc2ccccc2)C(OCc2ccccc2)CN1C(=O)OCc1ccccc1
mol_5572,C=C(C(=C)N1N=NC2C3CCC(C3)C21)N1N=NC2C3CCC(C3)C21
mol_5573,CC(OC(=O)C(Cc1ccccc1)NC(=O)C(Cc1ccccc1)NC(=O)OC(C)(C)C)C(=O)OCc1ccccc1
mol_5574,O=C1C(=Cc2ccc3c(c2)OCO3)Sc2scc(-c3ccc(O)c(O)c3)[n+]21.[ClH2+]
mol_5575,CCOC(=O)C1C(c2ccc(OC)cc2)C(C(=O)OCC)C(O)(C(F)(F)F)OC1(O)C(F)(F)F
mol_5576,O=C1CCC2(c3ccccc3)Nc3ccncc3N12
mol_5577,O=C(O)C1CSC(C(O)CO)N1
mol_5578,Cc1ccc(-c2n[nH]c(Cc3nc(-c4ccc(C)cc4)n[nH]3)n2)cc1
mol_5579,COC(=O)c1ccc2cc(O)ccc2c1
mol_5580,COc1cc(CC(C(=O)O)C(=O)O)c(OC)cc1CC(C(=O)O)C(=O)O
mol_5581,CC(C)(C)[Si](C)(C)OCC1OC(n2ccc(=O)[nH]c2=O)C(O[Si](C)(C)C(C)(C)C)C12OC2C(=O)NN
mol_5582,O=[As]1(c2ccccc2)c2ccccc2Oc2ccccc21
mol_5583,C[CH-][Tl-]1([CH-]C)[O+]=C(C)[CH-]C(C)=[O+]1
mol_5584,CCOP(=O)(O)C(C)(C)NC
mol_5585,CCOP(=O)(OCC)C(C#N)=Cc1ccsc1
mol_5586,CSc1nc(Nc2ccccc2Cl)c2c(=N)[nH]n(C)c2n1
mol_5587,CC(C)=CCCC(C)C1=C(O)C(=O)C(C)=C(NC(C)c2ccccc2)C1=O
mol_5588,O=C1N=C2NC=NN2C1=O
mol_5589,CC1CCCc2c(CC3CC(=O)NC(=O)C3)nc(N)nc21
mol_5590,Fc1cc(-c2ncc(Cl)cc2Cl)c2cccccc1-2
mol_5591,CC(C)(C)NC(=O)N1N=C(c2ccccc2)C1c1ccccc1
mol_5592,[O+]#C[W]12(C#[O+])(C#[O+])[PH](c3ccccc3)(CC[PH]1(c1ccccc1)c1ccccc1)CC[PH]2(c1ccccc1)c1ccccc1
mol_5593,O=C(CCC(=O)Nc1cccc(Cl)c1)CC(=O)c1ccc(F)cc1
mol_5594,CCCCCCCCCCNCCSSCc1ccc(OC)cc1
mol_5595,C#CCCOC1(OC)N=NC(C)(C)O1
mol_5596,N#CC1=C(C#N)CCC2(C#N)C3C=CC(O3)C2(C#N)CC1
mol_5597,CCOC(=O)c1[nH]cc(C)c1-c1ccc2c(-c3ccccc3)nc3ccccc3n12
mol_5598,O=C1C[N+]23CC[N+]45CC(=O)O[Ni-4]24(O1)(OC(=O)C3)OC(=O)C5
mol_5599,Cc1nnc2n1N=C(c1ccc(-c3ccc([N+](=O)[O-])cc3)o1)CS2
mol_5600,Cn1c(=O)nc2n(-c3cccc(F)c3)c3ccccc3nc-2c1=O
mol_5601,CC1(O)CCC2(C)C3CCCC3C12
mol_5602,O=C1C2C(C(=O)N1c1ccccc1)C1c3ccccc3C2S1(=O)=O
mol_5603,CCCCC1C(=O)N2c3ccccc3-c3ccccc3N2C1=O
mol_5604,CC(=O)O.O=C(CCN1CCCCC1CO)Nc1ccc2c(c1)C(=O)c1ccc(NC(=O)CCN3CCCCC3CO)cc1C2=O
mol_5605,COc1ccc(C2c3ccccc3C3(O)CC2CC(=O)O3)cc1
mol_5606,CN(C)CCC=C1c2ccccc2CCc2ccccc21
mol_5607,N=C(N)NCCCC(NCc1c2ccccc2nc2ccccc12)C(=O)O
mol_5608,COc1cccc(C2=NC(C(C)C)CO2)c1
mol_5609,O=C1Sc2ccc(Cl)cc2C(=O)N2CCSC12
mol_5610,C[N+](C)(C)c1ccc(C=C2C=Cc3ccccc32)cc1
mol_5611,COc1cc2c(cc1OC)C(Cc1ccccc1NC(=O)c1ccc(C(=O)Nc3ccccc3CC3c4cc(OC)c(OC)cc4CCN3C)cc1)N(C)CC2
mol_5612,COC(=O)c1cccc(OC)c1C#Cc1c(OC)cccc1OC
mol_5613,COC(=O)C(C(=NO)C(=O)Nc1ccc(Br)cc1)c1nc2ccccc2nc1O
mol_5614,N=C(CSS(=O)(=O)O)NCC12CC3CC(CC(C3)C1)C2
mol_5615,Cn1ncc2c(Nc3ccc(Cl)cc3)c3ccccc3nc21
mol_5616,COC(=O)c1cccc2cccc(C(=O)N(C)CCN(C)C)c12
mol_5617,O=C(O)Cc1c(-c2ccc([N+](=O)[O-])cc2)c(=O)oc2cc(O)ccc12
mol_5618,O=[N+]([O-])C1C=Nc2ccccc2N=C1
mol_5619,O=C(O)CN1C(=O)c2cccc3cccc(c23)C1=O
mol_5620,COC(=O)C1(CCCCl)CCCN1C(=O)OC(C)(C)C
mol_5621,CCOC(=O)CON=c1c2ccccc2ccc2ccccc12
mol_5622,COC(=O)C12C(=O)C(C)C(=O)C1(C)C(C)=CC1C3(C=O)CCC(OC(C)=O)C(C)(C)C3CCC12C
mol_5623,O=C(O)c1nc(Cl)c(Cl)nc1O
mol_5624,Cc1ccc(C2=[N+]([O-])c3ccccc3C2=O)cc1
mol_5625,O=c1c(-c2nnn[nH]2)cnc2sc3cc(Cl)ccc3n12
mol_5626,CCn1c(=O)c(N=O)c(N)n(CCCO)c1=O
mol_5627,CC(C)(C)c1n[nH]cc1CCC(=O)Nc1ccc(Cl)cc1Cl
mol_5628,CC(C)N(C(=O)c1ccc(NCc2cc(O)ccc2O)cc1)C(C)C
mol_5629,c1ccc(CCC[PH](c2ccccc2)(c2ccccc2)c2ccccc2)cc1
mol_5630,N#CC(NNC(=O)Cc1ccccc1)c1c(O)ccc2ccccc12
mol_5631,Nc1cc(N2CCOCC2)nc(=O)n1-c1ccc(Cl)cc1
mol_5632,Cn1c(=O)cc(CC#N)c2ccccc21
mol_5633,Cc1n[n+](Cc2ccccc2)c2sc(=N)[nH]n12.[Br-]
mol_5634,Cc1cccc(C2=NC(c3ccccc3)C(c3ccccc3)N=C2c2cccc(C)n2)n1
mol_5635,CN(C)c1cc[n+](C2C(=O)c3ccccc3N(c3ccccc3)C2=O)cc1
mol_5636,O=C1c2ccccc2C(=O)N1CC=NNS(=O)(=O)c1ccc(Br)cc1
mol_5637,NNC(=O)CSc1nc2ccccc2c(=O)n1N
mol_5638,CC1c2c(cc(O)n(C)c2=O)C(=O)N1C
mol_5639,O=C1C=C(C2=C(C3=CC(=O)c4ccccc4C3=O)C(=O)c3ccccc3C2=O)C(=O)c2ccccc21
mol_5640,CN(C)c1ccc(N=Nc2ccc3[nH]cnc3c2)cc1
mol_5641,C#CCNC(CSSCC(N)C(=O)O)C(=O)O
mol_5642,CCOC(=O)C12CCC(c3c(C)cccc3C)(O1)C(C(=O)OC)=C2C(=O)OC
mol_5643,CN(CC(=O)O)S(=O)(=O)c1ccc2ccccc2c1
mol_5644,O=C1NC(=O)C2C(OCC3OC2C(O)C3O)C1OCC1CCCCC1
mol_5645,CN1C(=O)CNS1(=O)=O
mol_5646,On1c(-c2ccccc2)c(-c2c(-c3ccccc3)n(O)c3ccccc23)c2ccccc21
mol_5647,Cc1cc2nc3c(C(O)C(O)C(O)CO)nn(-c4ccc(F)cc4)c3nc2cc1C
mol_5648,CN(Cc1cnc2nc(N)nc(N)c2n1)c1ccc(C(=O)NC(CCC(=O)NCCC(P(=O)(O)O)P(=O)(O)O)C(=O)O)cc1.[NaH]
mol_5649,O=[N+]([O-])c1ccc(N=Nc2c(F)cc(NCS(=O)(=O)O)cc2F)cc1
mol_5650,c1ccc(C2ON2CCCN2OC2c2ccccc2)cc1
mol_5651,COCC(C#N)NC1CC(OC2CC(O)(C(=O)CO)Cc3c(O)c4c(c(O)c32)C(=O)c2c(OC)cccc2C4=O)OC(C)C1O
mol_5652,CCOC(=O)C(=C=C=C(c1ccccc1)c1ccccc1)C(=O)OCC
mol_5653,CN(C)CCCNc1c2ccccc2nc2cccc([N+](=O)[O-])c12
mol_5654,CCOC(=O)C1(C(F)(F)F)N=C(CC)OC(N2CCOCC2)=N1
mol_5655,O=C(O)Cn1ccc(=O)c2c([N+](=O)[O-])cccc21.[NaH]
mol_5656,O=C(c1ccc(Cl)cc1)c1ccc(OCCSCCCCCCCCCCSCCOc2ccc(C(=O)c3ccc(Cl)cc3)cc2)cc1
mol_5657,CC(=O)C(=CN1CC(=O)NC1=S)C(=O)Nc1ccccc1C
mol_5658,C=CC(C)(C)NC(C(=O)N1CCCC1c1nc(-c2nc(C(=O)OCC=C(C)C)c(C)o2)c(C)o1)C(C)C
mol_5659,Cc1nc(N)nc(N)c1N1CCN(Cc2ccccc2)CC1
mol_5660,CC1(C)C(=O)C2(N)CCC1C2.Cl
mol_5661,Cc1ccc(C(=O)C=C2Nc3ccc([N+](=O)[O-])cc3NC2=CC(=O)c2ccc(C)cc2)cc1
mol_5662,CN(N=NN(C)c1ccccc1)c1ccccc1
mol_5663,CC(=O)CC1CCC(=O)C=CC(=O)OC(CC(C)=O)CCC(=O)C=CC(=O)O1
mol_5664,CCOC(=O)C(NC(=O)Nc1ccccc1)(Nc1cccc(Cl)c1)C(F)(F)F
mol_5665,O=c1[nH]nc(Cc2ccccc2)n1Nc1ccccc1
mol_5666,CN(C)CCNC(=O)c1cccc2c(Nc3ccc(S(N)(=O)=O)cc3)c3ccccc3nc12
mol_5667,COc1cccc2c1[OH+][Cu-3]1([n+]3ccccc3)[S+]=C(N)[N-][N+]1=C2
mol_5668,O=C(CS)Nc1cccc(O)c1
mol_5669,C1CC2N=C3OCCC3N=C2O1
mol_5670,CN1CC(=Cc2ccco2)c2nc(N)nc(-c3ccco3)c2C1
mol_5671,OCC1CC2C=CCC(C2)C1
mol_5672,O=[N+]([O-])c1ccc(C=Cc2ccc(C=Cc3ccc([N+](=O)[O-])cc3[N+](=O)[O-])cc2)c([N+](=O)[O-])c1
mol_5673,COC1=C(C)C(=O)c2c(c(COC(N)=O)c3n2CC(OC(C)=O)C3OC(C)=O)C1=O
mol_5674,CCCC1OC(=O)c2ccccc2S1
mol_5675,COC(=O)C(Cc1c(-c2[nH]c3ccccc3c2CC(NC(C)=O)C(=O)OC)[nH]c2ccccc12)NC(C)=O
mol_5676,COC(=O)C(C#N)=CSc1ccccc1
mol_5677,CC12CCCC3(CC(=O)C(C)(C)C3C(=O)C1)C2
mol_5678,CC(=O)c1c2c(cc3c1CC1(Cc4cc5c(cc4C1)CCCC5)C3)CCCC2
mol_5679,O=C1CCSc2nc(-c3ccc4c(c3)OCO4)nn21
mol_5680,c1cc2c(cc1NC1=NCCO1)CCCC2
mol_5681,O=C(CCl)N1CCN(c2ccccn2)CC1
mol_5682,COc1cc2c(c(OC)c1)C(C)=NC(C)C2
mol_5683,Cn1c(=O)cc(O)c2ccccc21
mol_5684,O=C1Nc2cccc3c2N(CCC3)C2=C1CCC2
mol_5685,O=C1NC(N2CCCC(CO)C2)=NC1=Cc1ccc(O)cc1
mol_5686,COc1cc2c(cc1OC)[N+]1(C)CCC3OCCC4C[N+]5(C)CCC26C5CC4C3C61
mol_5687,CCCCCCCCCCCCCCNC1=C(OC)C(=O)C(NCCCCCCCCCCCCCC)=C(OC)C1=O
mol_5688,CC1C=CN(N(C)C)C2=C1C(=O)c1cnccc1C2=O
mol_5689,N#Cc1ccc(C(C2C(=O)NC(=O)NC2=O)C2C(=O)NC(=O)NC2=O)cc1
mol_5690,C=CC12CCCCC1CC(=C(O)OC)C(=O)C2
mol_5691,CCCCCC(=O)OCCOCCOCCOCCOCCOCc1ccccc1
mol_5692,Br.CN(C)c1nc(=Nc2ccc3c(c2)OCO3)ss1
mol_5693,CN1CCCCCC(=NO)C(=NO)CCCCC1
mol_5694,O=C(CCC(=O)Nc1ccc(Cl)c(Cl)c1)CC(=O)c1ccc2ccccc2c1
mol_5695,c1ccc(-c2nc3ccccc3nc2SCc2cccnc2)cc1
mol_5696,COc1ccc2nc3nc(-c4ccccc4)c(-c4ccccc4)nc3nc2c1
mol_5697,O=C(O)CCC(=O)OCCNCCOC(=O)CCC(=O)O
mol_5698,COc1c2cc(C(C)(C)C)cc1Cc1cccc(c1O)Cc1cc(C(C)(C)C)cc(c1OC)Cc1cccc(c1O)Cc1cc(C(C)(C)C)cc(c1OC)Cc1cccc(c1O)C2
mol_5699,O=C(CC1(O)C(=O)N(CN2CCCCC2)c2ccccc21)c1ccccc1
mol_5700,C=CCNc1nc2c(s1)C(=O)c1ccccc1C2=O
mol_5701,COC(=O)C12C3C4C5C3(C#N)C1C5(C(=O)OC)C42C(=O)N(C(C)C)C(C)C
mol_5702,CC(Cc1ccccc1)NC1=NCCO1
mol_5703,COS(=O)(=O)O.C[S+](C)c1ccc(Cl)cc1
mol_5704,Cl.OC1CN2CCCC(O)C2C(O)C1O
mol_5705,COC1=C(C2=C(OC)C(=O)c3cc4c(c(O)c3C2=O)C(=O)OC(C)C4)C(=O)c2c(cc3c(c2O)C(=O)OC(C)C3)C1=O
mol_5706,O=C(O)CCCCCCCCCCOc1ccc(I)cc1
mol_5707,N#Cc1ccc(C=C(C(=O)c2ccccc2)c2ccccc2)cc1
mol_5708,CCOC(=O)C(CCC1NC(C(N)=O)Cc2c1[nH]c1ccccc21)C(=O)OCC
mol_5709,CCOCCN(Cc1ccc(CN(CCOCC)C(=O)C(Cl)Cl)cc1)C(=O)C(Cl)Cl
mol_5710,Cc1cc2c(c3nocc13)C(=O)c1ccccc1C2=O
mol_5711,CCCCCCCCCCCCOc1ccc(C(=NNC(=N)N)c2ccccc2)c(O)c1
mol_5712,O=C1Nc2ccccc2C1=NNC(=S)Nc1ccccc1Cl
mol_5713,Nc1ncnc2c1ncn2C(=O)NC12CC3CC(CC(C3)C1)C2
mol_5714,N#CC1C(=O)NC(=O)C1=O
mol_5715,COc1cc(OC)c2ccc(=O)oc2c1
mol_5716,N=C(N)NN=C(c1ccc(F)cc1)C1CC1
mol_5717,Cl.O=C(CCCc1cccc2[nH]c3c(c12)CN(Cc1ccccc1)CC3)c1ccc(F)cc1
mol_5718,CCOC(=O)c1cn(C)c2c1C(=O)C(C(=O)OCC)CCN2C(=O)OCC
mol_5719,CC=CC=Nc1c(C#N)c2n(c1C(=O)Nc1ccccc1)CCCC2
mol_5720,Cc1cc2c(cc1C)[n+]1c(N(C)C)n3ccccc3c1c1c3cccc[n+]3c(N(C)C)n21.[O-][Cl+3]([O-])([O-])[O-]
mol_5721,O=C1C(=Cc2c(O)cc(O)cc2O)C(=O)c2ccccc21
mol_5722,COc1ccc2oc3c(OC)c(OC)c(OC)cc3c(=O)c2c1
mol_5723,NC(CCC(=O)NC(CSc1ccc([N+](=O)[O-])cc1[N+](=O)[O-])C(=O)NCC(=O)O)C(=O)O
mol_5724,COC(=O)NC(S(=O)(=O)O)S(=O)(=O)O
mol_5725,C=CCn1c(=S)[nH]c2c(Cl)cc(Cl)cc2c1=O
mol_5726,Cc1c(N(C)C)ccc2c(=O)c3cccc(CC(=O)O)c3oc12.[NaH]
mol_5727,S=C(Oc1ccccc1)SSC(=S)Oc1ccccc1
mol_5728,COc1ccc(N=Nc2c(-c3ccccc3)nn(C(=O)CC(=O)Nc3ccccc3Cl)c2-c2ccccc2)cc1
mol_5729,C=C1c2nc3ccccc3n2C=C(c2ccc(OC)cc2)N1c1ccccc1
mol_5730,O=S(=O)(Nc1nnc2ccc3ccccc3n12)c1ccc(Cl)cc1S
mol_5731,CCCCNC(=S)SSSC(=S)NCCCC
mol_5732,[N-]=[N+]=NC1=CCCCCC(=O)C1
mol_5733,CN(C)c1ccc(C=C(NC(=O)c2ccccc2)c2nc3c4c(ccc3[nH]2)C(=O)c2ccccc2C4=O)cc1
mol_5734,CC1(C)C2CC(O)C1CCC2=O
mol_5735,C=C1c2ccccc2CCN1CC(=O)CC1C=CCS1(=O)=O
mol_5736,C[N+](C)([O-])CCC=C1c2ccccc2CCc2ccccc21
mol_5737,O=c1scc(-c2ccc(C(F)(F)F)cc2)s1
mol_5738,COc1ccc(C(=O)C(C(=O)CC(=O)Nc2cccc(C(F)(F)F)c2)c2ccc(OC)cc2)cc1
mol_5739,O=C(Cc1nc2ccccc2o1)C(=O)Nc1ccccc1C(F)(F)F
mol_5740,COC(=O)c1ccccc1C=C1Cc2ccc3c(c2C1=O)CCC3
mol_5741,CC(=O)C(=Cc1ccccc1Cl)C(=O)c1ccccc1
mol_5742,CC1=CC2=[N+]3C1=Cc1cc(C)c4n1[Co-2]31n3c(c(C)c(CCC(=O)O)c3=CC3=[N+]1C(=C4)C(C)=C3CCC(=O)O)=C2
mol_5743,CC1(C)C2CCC1(CS(=O)(=O)Nc1ccccc1)C(=O)C2
mol_5744,COC(=O)c1c(CC(Cc2ccc3c(c2)CCCC3)C(=O)OC)ccc2c1CCCC2
mol_5745,CCCCCCCCCCCCCCCCCCCCC(C(=O)OCC)S(=O)(=O)O
mol_5746,C(=CP(c1ccccc1)c1ccccc1)P(C=CP(c1ccccc1)c1ccccc1)c1ccccc1
mol_5747,NCCCc1nonc1C(=O)O
mol_5748,CC(C)c1ccc(C=C2CSCC(=Cc3ccc(C(C)C)cc3)C2=O)cc1
mol_5749,CC(C)(C)CC1=CC(=C2C=C(CC(C)(C)C)C(=O)C(CC(C)(C)C)=C2)C=C(CC(C)(C)C)C1=O
mol_5750,[N-]=[N+]=NC1OC(=O)C(Cl)=C1N=P(c1ccccc1)(c1ccccc1)c1ccccc1
mol_5751,Cn1c(=O)nc2n(-c3ccc(Cl)cc3)c3ccc(Cl)cc3nc-2c1=O
mol_5752,COc1ccc2c3c1OC1C4(OC)CCC5(CC4C(C)(C)O)C(C2)N(C)CCC315
mol_5753,Cc1cc(O)c2c(c1)OC1(C)CCC3C(C)(C)CCCC34COC2C14
mol_5754,COc1ccc(-c2c(C#N)cnc(C)c2C)c(O)c1OC
mol_5755,CC12CCC3C(CCC4=C(O)C(=O)CCC43C)C1CCC(=O)N2
mol_5756,CC(CC(C)C)=NNc1nc(C)cc(O)n1
mol_5757,CCCCNC(=O)Nc1c(C(N)=O)c2n(c1C(=O)OCC)CCCCC2
mol_5758,COC(=O)C1=C(SC)SC2(C(=O)OC)C3C=C(C)C4C(N13)C42C(=O)OC
mol_5759,C[N+](C)([O-])Cc1cccc(NC(=O)c2ccc(C(=O)Nc3cccc(C[N+](C)(C)[O-])c3)cc2)c1
mol_5760,NCCCCC(NC(=O)C(CO)NC(=O)C(N)Cc1c[nH]cn1)C(=O)NC(Cc1ccccc1)C(=O)NC(Cc1c[nH]c2ccccc12)C(=O)NC(Cc1c[nH]c2ccccc12)C(N)=O
mol_5761,CCOC(=O)C1=NN(c2ccccc2)C(=O)C1=Cn1ccc(=O)[nH]c1=S
mol_5762,COC1C=COC2(C)Oc3c(C)c(O)c4c(O)c(c(C=NN5CCOCC5)c(O)c4c3C2=O)NC(=O)C(C)=CC=CC(C)C(O)C(C)C(O)C(C)C(O)C1C
mol_5763,CCCCc1ccc(Nc2nc(Cl)c3ccn(C4CC(Oc5ccc(C)cc5)C(COc5ccc(C)cc5)O4)c3n2)cc1
mol_5764,CN(CCO)c1nc(O)c2c(n1)CCNC2
mol_5765,O=c1[nH]c2nccn2c2c1SCCN2
mol_5766,COc1cc(-c2oc3cc(OC)c(OC)c(OC)c3c(=O)c2OC)cc(OC)c1OC
mol_5767,O=C1O[Pt-2]2(NC3CCCC3N2)OC1=O
mol_5768,COC(=O)C(=Cc1ccc(OC)cc1)C(C(=O)O)=C(C)C
mol_5769,N=C(N)NCCCS(=O)(=O)Nc1ccc(Nc2c3ccccc3nc3cc([N+](=O)[O-])ccc23)cc1
mol_5770,CCc1n[nH]c(-c2ccc(OC)cc2)c1-c1ccccc1O
mol_5771,CCCCCCC1=C(O)C(=O)C(CCCCCC)=C(O)C1=O
mol_5772,CCOC(=O)C(=Cc1ccc(OC)cc1)N(CC)CC
mol_5773,Clc1cc(C(c2cc(Cl)sc2Cl)c2cc(Cl)sc2Cl)c(Cl)s1
mol_5774,CCOP(=O)(OCC)c1ccc[nH]1
mol_5775,COc1cc2c(cc1OC)C(Cc1ccc(O)cc1)N(C)CC2.O=C(O)C(O)c1ccccc1
mol_5776,N#Cc1c(-c2ccccc2)c(C#N)c(=S)n(C2OC(CO)C(O)C(O)C2O)c1O
mol_5777,CCN(CC)C(=O)CCn1cc(F)c(=O)[nH]c1=O
mol_5778,COc1ccc(C(=O)C(CC2C(=O)NC(=O)NC2=O)c2ccc(OC)cc2)cc1
mol_5779,C=CCCCCCCCCC(=O)NCc1ccncc1
mol_5780,O=[N+]([O-])c1ccc(N(CCCl)CCCl)s1
mol_5781,O=[N+]([O-])c1ccccc1S(=O)(=O)c1cc(O)cc2c1NCCC2
mol_5782,CN1CCC2(CC1)C(NC1CCCCC1)=NC(=S)N2c1ccccc1
mol_5783,Cc1nn(-c2ccccc2)c2nc3ccc(Cl)cc3c(-c3ccccc3)c12
mol_5784,CC1CC(O)C2(O)OC3CC4(C=O)C(CC=C5C4CCC4(C)C(C6=CC(=O)OC6)CCC54O)CC3OC2O1
mol_5785,O=C1CCCCCCCCCCC1Sc1ccccc1
mol_5786,N#CCCN(CCCCN(CCC#N)C(=O)Nc1ccccc1)C(=O)Nc1ccccc1
mol_5787,COc1cc2cc3c4c(cc(OC)c(OC)c4c2cc1OC)CCN3C(=O)CCCC(=O)O
mol_5788,Cl.N#CC(=C1CCN(CCCC(=O)c2ccc(F)cc2)CC1)c1ccccc1
mol_5789,O=c1[nH]nc(Cc2ccc(Cl)cc2)n1Nc1ccccc1
mol_5790,Cc1cc(Br)cc(C)c1NC(=O)C(=O)Nn1c(=S)[nH]c2ccccc2c1=O
mol_5791,Fc1sc2c(c1F)C1CCC2C1
mol_5792,CCCCc1ccc(Nc2nc(O)c3ncn(C4OC(COC(C)=O)C(OC(C)=O)C4OC(C)=O)c3n2)cc1
mol_5793,O=C1c2ccccc2CC12Cc1ccccc1C2
mol_5794,COC(C(C)=CC=CC(C)=Cc1coc(C)n1)C(C)C1CC(O)C2(C)OC2C=CC(C)C2CC(CC(=O)O2)CC2OC2C(=O)O1
mol_5795,O=C(NC1CCN(Cc2ccccc2)CC1)c1ccccc1I
mol_5796,Cl.N=c1c2ccccc2nc2oc3ccccc3n12
mol_5797,O=C1Cc2c(-c3ccccc3)cc(-c3ccccc3)nc2-c2ccccc2N1
mol_5798,CCCCn1c(=O)c(N=O)c(N)n(CC)c1=O
mol_5799,O=C(O)c1ccc(C2SCc3nc4ccccc4n32)cc1
mol_5800,Cc1ccc(S(=O)(=O)Nn2c(-c3ccccc3)c(C#N)c(-c3ccc(Cl)cc3)c(C#N)c2=O)cc1
mol_5801,N#Cc1nc(COCc2ccccc2)oc1N
mol_5802,CC(SC(=S)N1CCOCC1)c1cc2oc(=O)n(C)c2cc1Cl
mol_5803,COc1cc(OC)c2nc3occc3c(OC)c2c1
mol_5804,O=C(O)C1(Nc2ccccc2)CCN(Cc2ccccc2)CC1
mol_5805,CCN1C(=O)C(C)C=C(C)C=C1C
mol_5806,O=C(O)C(=CC=Cc1ccccc1)c1csc(-c2nc(C(=CC=Cc3ccccc3)C(=O)O)cs2)n1
mol_5807,Cn1c(=O)c2c(c3cc(O)ccc31)OC(C(C)(C)O)C2
mol_5808,CC1(C)N=c2c(ncn2CCCO)=C(C(N)=O)N1
mol_5809,CC(=Nc1cc(Cl)cc(Cl)c1)c1ccncc1
mol_5810,CSc1ccccc1NC1=NCCO1
mol_5811,COc1cc2c(cc1OC)C(=O)C(=Cc1ccc([N+](=O)[O-])cc1)CC2
mol_5812,O=C(O)C1C(C(=O)O)N2C(c3ccccc3)C(C(=O)O)C(C(=O)O)N2C1c1ccccc1
mol_5813,COC(=O)C1=CCC(n2cc(C)c(=O)[nH]c2=O)CC1
mol_5814,CC1C=CC(Sc2ccccc2)CCC1(C)O
mol_5815,O=[N+]([O-])C(Cl)=C(NCCNC(C(Cl)=C(Cl)Cl)=C(Cl)[N+](=O)[O-])C(Cl)=C(Cl)Cl
mol_5816,O=c1oc2ccccc2c(O)c1C(c1ccc([N+](=O)[O-])cc1)c1c(O)c2ccccc2oc1=O
mol_5817,CC1=NN2C(=NC(C)(C)C1)NN=C2c1ccccc1Cl
mol_5818,CC1CC(C)S(=O)CS1.CC1CC(C)S(=O)CS1
mol_5819,CCCCCCCCCCCON=Cc1c2c(O)c3c(O)c(C)c4c(c3c1O)C(=O)C(C)(OC=CC(OC)C(C)C(OC(C)=O)C(C)C(O)C(C)C(O)C(C)C=CC=C(C)C(=O)N2)O4
mol_5820,CCN(CC)CCNc1ccc2ncn3c4c(OC)ccc(O)c4c(=O)c1c23
mol_5821,Cc1ccc2c(c1)C1(OC(=O)c3ccccc31)c1ccc(F)cc1O2
mol_5822,COc1ccc2nc3c(nc2c1)C(C)(C)C=C3c1ccc(Br)cc1
mol_5823,Cc1cc(C)nc(NC(=S)Nc2ccc(Cl)cc2)c1
mol_5824,N[Pt-2]1(NCCCCCN[Pt-2]2(N)[OH+]C(=O)CC(=O)[OH+]2)[OH+]C(=O)CC(=O)[OH+]1
mol_5825,CC1(C)CC2(S(=O)(=O)c3ccccc3)ON1CC2S(=O)(=O)c1ccccc1
mol_5826,O=C(CSc1nnc(-c2ccc(N=Cc3ccc(Cl)cc3)cc2)o1)Nc1ccc(Cl)cc1Cl
mol_5827,CCOC(=O)CNC(=O)c1nc[nH]c1N=NN(C)C
mol_5828,C[N+](C)(O)CCNC(=O)c1cccc2cc3ccccc3nc12.Cl.[Cl-]
mol_5829,Cc1cccc(C=C2C(=O)NC(=O)NC2=O)c1
mol_5830,O=Nn1cc(-c2cc3ccccc3n2N=O)c2ccccc21
mol_5831,COC(=O)C12CCC(=O)N1C(C(=O)O)Cc1c2[nH]c2ccccc12
mol_5832,CC(C)SC1CC2C(CC1(C)O)C2(C)C
mol_5833,COc1ccc(C=C2C(=O)N(C=C3C(=O)Oc4ccccc4C3=O)C(=NC(C)=O)N2C)cc1OC
mol_5834,Clc1ccc(C(Cc2cccc(Cl)c2)c2c(Cl)nc(N3CCNCC3)nc2Cl)cc1
mol_5835,CN(C)c1ccc(C=C(NC(=O)c2ccccc2)C(=O)Nc2ccccc2C(=O)NCc2ccccc2)cc1
mol_5836,CCCCCCCCOCCS(=O)(=O)O
mol_5837,Cc1nc2cccc(F)c2c(=O)n1-c1nnc(C(F)(F)F)s1
mol_5838,Cc1cccc(C2NC(=O)N3C(c4cccc(C)c4)NC(=O)N23)c1
mol_5839,CC1(C)COC2C(N(Cc3ccccc3)Cc3ccccc3)C(=O)N21
mol_5840,C=CCc1cc(C=C(C#N)C#N)cc(OC)c1O
mol_5841,COc1ccc(C=C2C(=O)N(C(=O)c3ccc(Cl)cc3)N=C2C)cc1OC
mol_5842,CCOC(=O)c1nnsc1NC(=O)Nc1ccc(Cc2ccc(NC(=O)Nc3snnc3C(=O)OCC)cc2)cc1
mol_5843,O=C(C(=Cn1c(=S)[nH]c2ccc([N+](=O)[O-])cc21)C(=O)c1ccccc1)c1ccccc1
mol_5844,c1ccc(CNC2C(c3ccccc3)=NN(c3ccccc3)C2c2ccccc2)cc1
mol_5845,O=C(OCc1ccccc1)N1CC(O)C2OC3OC4(CCCCC4)OC3C21
mol_5846,CCOC(=O)C(C#N)=Cc1ccnc2ccccc12
mol_5847,COc1ccc(C2SC(=N)Nc3c2c(C)nn3C(=O)c2ccncc2)cc1
mol_5848,CC1N(O)C(c2ccccc2)[C-](c2ccccc2)[N+]1=O
mol_5849,CCC12CCCN(Cc3ccccc3)C1c1c([nH]c3ccccc13)C(C(=O)OC)C2.Cl
mol_5850,O=C(O)CCCC[PH](c1ccccc1)(c1ccccc1)c1ccccc1
mol_5851,CC(C)C(C=O)C(O)(C(F)(F)F)C(F)(F)F
mol_5852,CCCCCC(C=CC1CCC(=O)C1)OCOCCOC
mol_5853,COP(=O)(OC)C(=O)c1ccccc1
mol_5854,CC1(C)OC2CN(C(=O)OCc3ccccc3)C(CO)C2O1
mol_5855,C=C1C(=O)OC2C1CCC(C)=C1C(=O)C=C(C)C12
mol_5856,c1ccc([PH]23CC[PH]4(c5ccccc5)CC[PH](c5ccccc5)(c5ccccc5)[Pt-2]24[PH](c2ccccc2)(c2ccccc2)CC3)cc1
mol_5857,CCC=C(C)C(CCC)(CN=O)C(=O)OCC
mol_5858,COc1cc(OC)cc(-n2c(N)c(-c3nc4ccccc4s3)c3ccc([N+](=O)[O-])cc3c2=O)c1
mol_5859,[N-]=[N+]=NCCCCCCCCCCCC(=O)O
mol_5860,COc1ccc(-c2cc[n+]([O-])c(C)c2C)c(OC)c1OC
mol_5861,CC(=O)Oc1ccc(-c2cc3ccccc3oc2=O)cc1
mol_5862,CCOC(=O)Cc1cnc(NC(NC(=O)CC)(C(F)(F)F)C(F)(F)F)s1
mol_5863,CCCN(CCC)C(=O)Cc1c2n(c3ccccc13)Cc1ccccc1-2
mol_5864,COc1nc2ccc(CNc3ccc(C(=O)O)cc3)cc2nc1OC
mol_5865,COC(=O)C1CC2(C)C=CC1N(C(=O)OCc1ccccc1)C2
mol_5866,O=C(O)CN(CCN(CC(=O)O)CC(=O)O)CCN(CC(=O)O)CC(=O)O
mol_5867,Clc1ccc2nncc(N3CC3)c2c1
mol_5868,CSC(Nc1ccccc1)=C1C(=O)N(c2ccccc2)N=C1C
mol_5869,O=C(C[n+]1ccccc1)NN=C(CCC(=O)N(Cc1ccccc1)Cc1ccccc1)CC(=O)c1ccccc1.[Cl-]
mol_5870,CCCC(=O)Oc1cc(OC(=O)CCC)c2c(C)cc(=O)oc2c1
mol_5871,O=C(c1ccco1)C1CC(c2ccc3ccccc3c2O)=NN1c1ccc([N+](=O)[O-])cc1[N+](=O)[O-]
mol_5872,CCN(CC)CCCC(C)Nc1cc(-c2ccccc2)nc2ccccc12.O=P(O)(O)O
mol_5873,C=C(C)c1ccc2c(c1)C(=O)CC1C(C)(C#N)CCCC21C
mol_5874,CCN(CC)C(=S)SS(=O)(=O)c1ccc([N+](=O)[O-])cc1
mol_5875,CCC12C=CCN(C1)C(=O)Cc1c([nH]c3ccccc13)C(=NNC(=O)OC)C2
mol_5876,CC1(C)OCC2OC3(c4nc(C#N)c(N)o4)OC(C)(C)OC3C2O1
mol_5877,Cc1nc(C(N)=S)sc1C(=O)CC(=O)C(=O)Nc1cccc(Cl)c1C
mol_5878,CC(C)C(NC(=O)OC(C)(C)C)C(=O)N(C)C(Cc1ccccc1)C(=O)N(C)C(C(=O)OCc1ccccc1)C(C)C
mol_5879,C=C1C(=O)OC2CC(C)C3C=CC(=O)C3(C)C(OC(=O)CCCC(=O)OC3C4C(=C)C(=O)OC4CC(C)C4C=CC(=O)C43C)C12
mol_5880,C(Cc1ccc2c(c1)OCO2)=NNC1=NCCN1.I
mol_5881,CCCCC(C)(CC=CC1C(O[Si](C)(C)C(C)(C)C)CC(=O)C1C(O)CCCCCC(=O)OC)O[Si](C)(C)C
mol_5882,Cc1c(Cl)cccc1N=NC(=O)NNc1cccc(Cl)c1C
mol_5883,O=C1COC(C(=O)c2ccccc2)C(=O)N1
mol_5884,CCc1cc2c(cc1CCCC(=O)O)CC1(Cc3ccc(C(=O)O)cc3C1)C2
mol_5885,CN(C)c1ccc(C=CC(=O)C(C)(C)C)cc1Br
mol_5886,C=C1CCC2(C)C(C)CCC(O)C2(CCC=C(C)C)C1Cc1c[nH]c2ccccc12
mol_5887,CCCCCCCN(O)CC1OC(n2ccc(=O)[nH]c2=O)C(O)C1O
mol_5888,CC1=NC(=Cc2ccccc2Cl)C(=O)O1
mol_5889,CC12ON=C(c3ccccc3)N1C=CN1C(c3ccccc3)=NOC12
mol_5890,N#CC(=Cc1cccc2ccccc12)c1ccc(Cl)cc1
mol_5891,N#Cc1nc(C=Cc2cccs2)oc1N
mol_5892,CC1=CC(=O)C(C(O)(C(F)(F)F)C(F)(F)F)C(C)(C)C1
mol_5893,CN(CCC#N)c1ccc(C=C(C#N)c2cccc(C(F)(F)F)c2)cc1
mol_5894,Cc1c[nH]c(C(=O)O)c1-c1ccc2c(-c3ccccc3)nc3ccccc3n12
mol_5895,COc1cccc(C=NNC(=O)C[NH+](C)C)c1O.[Cl-]
mol_5896,CCc1c(O)n(-c2ccccc2)c(=S)n(Cc2nc3ccccc3[nH]2)c1=O
mol_5897,O=C(NCCCCCCO)c1cccc2cc3ccccc3nc12
mol_5898,O=C1c2cccc3c([N+](=O)[O-])ccc(c23)C(=O)N1NCCO
mol_5899,CC(C)(C)C(O)CC(O)(C(F)(F)F)C(F)(F)F
mol_5900,Cc1cn(C2CC(O)C(CN=[N+]=[N-])O2)c(=O)[nH]c1=O
mol_5901,CC(C)C1=CC2=CCC3C(C)(CN)CCCC3(C)C2CC1CCN
mol_5902,CC(=O)c1cc(N=Nc2ccc(C=Cc3ccc(N=Nc4cc(O)c5ncccc5c4C(C)=O)cc3S(=O)(=O)O)c(S(=O)(=O)O)c2)c(O)c2ncccc12.[NaH]
mol_5903,COc1ccc2c(c1)c(=O)c1ccccc1n2C=CC(=O)O
mol_5904,CCOC(=O)NC(=O)c1cn(C(CC)COC(=O)NCCCCCCNC(=O)OCC(CC)n2cc(C(=O)NC(=O)OCC)c(=O)[nH]c2=O)c(=O)[nH]c1=O
mol_5905,Cn1cc(C(=O)C[n+]2ccccc2)c2ccccc21.[I-]
mol_5906,O=[N+]([O-])c1ccc2oc(=Nc3ccccc3)c(Nc3ccccc3)nc2c1
mol_5907,CCOP1(=O)N=C(NC#N)N(C)C1(C)C
mol_5908,O=C1NC2c3ccccc3CCC12
mol_5909,CCCCn1c(-c2ccccc2)csc1=NNC(=O)Cn1c(C)nc2ccccc21
mol_5910,COC(=O)c1ccc2c(c1)CC1(C2)Cc2cc3c(cc2C1=O)CCC3
mol_5911,CCN(CC)c1cc2c3c(c1)CCCN3CCC2.Cl
mol_5912,C=C1C2CCC3(CCC4C5(C)CCCC4(CN(CCO)C5)C3C2)C1O
mol_5913,CN(C)C(=O)OC(Cn1cncn1)(Cn1cncn1)c1ccc(Cl)cc1Cl
mol_5914,CC1C(=O)CCC2(C)C(=O)CCCC12O
mol_5915,COc1cc2c3c(c1)nnn3C(=O)C(C)S2
mol_5916,COc1ccc(C(=O)NO)cc1
mol_5917,CC(C)=C=CC(C)(C)NS(=O)(=O)NC(C)(C)C=C=C(C)C
mol_5918,O=c1c2ccc(Cl)cc2oc2c(CNc3ccc(S(=O)(=O)Nc4ncccn4)cc3)cccc12
mol_5919,CC1=C(C(=O)NCC(C)O)CC(C(=O)NCC(C)O)=C(C)N1
mol_5920,O=C(O)C(O[N+](=O)[O-])c1ccccc1
mol_5921,[N-]=[N+]=Nc1nnc(CCCCc2nnc(N=[N+]=[N-])o2)o1
mol_5922,C[N+](C)(C)CC(=O)NN=C(Cc1nc2ccc([N+](=O)[O-])cc2nc1O)C(=O)Nc1cc(C(F)(F)F)ccc1Cl.[Cl-]
mol_5923,CCN(CC)c1ccc2cc(-c3nc(O)c4ccccc4n3)c(=N)oc2c1
mol_5924,O=S1OC(c2ccccc2)(c2ccccc2)C(c2ccccc2)(c2ccccc2)O1
mol_5925,COC(=O)C(C)(C)C(OP(C)(=O)OC)=C(C)C
mol_5926,COC(=O)C1CC2c3ccccc3C1c1ccccc12
mol_5927,FC(F)C(F)(F)N1c2ccccc2Sc2ccccc21
mol_5928,CC1C=CC2(C)CCC(C(C)(C)O)C2C(O)CC(C)(O)C=CC1
mol_5929,Cc1ccc(S(=O)(=O)N=S(C)c2ccc(Cl)cc2)cc1
mol_5930,Nc1cccc2c1-c1c(cccc1[N+](=O)[O-])C2=O
mol_5931,Cc1c(Cl)ccc2c1NC(=O)C2(O)C1Cc2ccccc2C1=O
mol_5932,COc1ccc(-c2coc3cc(OC)cc(O)c3c2=O)cc1
mol_5933,CC(C)(C)C(=O)C(N)C(=O)C(C)(C)C
mol_5934,N#CC(=N)c1ncn(-c2ccc(N)cc2)c1N
mol_5935,COc1ccc2c(NCCCCCCNc3c4ccccc4nc4cc(OC)ccc34)c3ccccc3nc2c1
mol_5936,Nc1c2ccccc2nc2nccnc12
mol_5937,C=C(Br)CNC(=O)Nc1ccc(Cl)c(Cl)c1
mol_5938,Cn1ccc(-c2cn(C)c3ccnn3c2=O)n1
mol_5939,Cc1ccc(C=C2CCCC(CN3CCCCC3)C2=O)cc1.Cl
mol_5940,O=C1C=C(Nc2ccc(Br)cc2)c2ccccc2C1=O
mol_5941,CC1=COC(C)(C=C(C#N)C#N)CC1
mol_5942,Cc1cc(N(CCC#N)S(=O)(=O)c2ccccc2)ccc1C=O
mol_5943,Cc1ccc(NC(=O)CC2C(=O)Nc3ccccc3S2=O)c(C)c1
mol_5944,CC12CC3c4ccccc4CN1C3(c1ccccc1)OC2=O
mol_5945,CCOC(=O)Cc1nc(=O)c2cn(Cc3ccccc3)nc2[nH]1
mol_5946,COc1ccc(C(O)C(=Cn2ccnc2)c2ccccc2)cc1OC
mol_5947,COC(=O)c1ccc(CSc2ccccc2C(=O)OC)cc1
mol_5948,O=C(O)c1ccc2c(c1)CC1(C2)Cc2cc3c(cc2C1=O)CCC3
mol_5949,CC(C)CC(NC(=O)C(CI)Cc1ccccc1)C(=O)Nc1ccccc1
mol_5950,Nc1nc(Cl)cc(NCC2(CO)CCC2)n1
mol_5951,CCOC(=O)CCSS(=O)(=O)c1ccccc1
mol_5952,CC(C)(O)CCC(O)C(C)(O)C1CCC2(O)C3=CC(=O)C4CC(O)C(O)CC4(C)C3CCC12C
mol_5953,COC(=CC(=O)c1ccccc1)C(=O)c1ccccc1
mol_5954,CCN(CC)C(=O)C(C)=O
mol_5955,O=S1(=O)CCc2ccccc2C(Br)C1
mol_5956,Cc1c2ccccc2n[c-](CCl)[n+]1=O
mol_5957,CCCCN(C=O)CCc1ccccc1
mol_5958,COc1cc(CSc2ccc(O)cc2)cc(OC)c1OC
mol_5959,O=C1CSc2ccccc2-n2cccc21
mol_5960,COc1cc(-c2nnc3n2NC=C(C(=O)O)S3)cc(OC)c1OC
mol_5961,CC(=O)Nc1ccc(C=C2NC(=S)N(C=C3C(=O)Oc4ccccc4C3=O)C2=O)cc1
mol_5962,O=C(c1c(O)cc(O)cc1O)C1Cc2ccccc21
mol_5963,Cc1cn(C2CC(NC(=O)NO)C(CO)O2)c(=O)[nH]c1=O
mol_5964,C[N+]1([O-])C2CC(OC(=O)C(CO)c3ccccc3)CC1C1OC12
mol_5965,COc1ccc2[nH]c3c(C)c4ccnc(NCCCN(C)CCCNc5ccc6nnn7c8ccccc8c(=O)c5c67)c4c(C)c3c2c1.CS(=O)(=O)O
mol_5966,COC(=O)CC1(C)C(O)C2OC(C)(C)OC2C1O
mol_5967,CC(=O)NC1C(OCc2ccccc2)OC(CO)C(O)C1OCC(=O)N1CCCC1C(=O)NC(CCC(=O)NCCCCCNc1c2ccccc2nc2cccc([N+](=O)[O-])c12)C(N)=O
mol_5968,COc1cc(C=C(C#N)C(=O)c2ccccc2)ccc1OCc1ccccc1
mol_5969,CCOC(=O)c1cn(CC)c2ccc3ccsc3c2c1=O
mol_5970,O=[N+]([O-])c1cccc2c(Nc3ccc(S(=O)(=O)Nc4nccs4)cc3)c3ccccc3nc12
mol_5971,CC1(C)OC(=O)CC(=O)O1
mol_5972,Cc1c2ccccc2n[c-](CS(=O)(=O)c2ccccc2)[n+]1=O
mol_5973,COc1cc(C=C(NC(=O)c2ccccc2)c2nc3c(O)nc(S)nc3[nH]2)cc(OC)c1OC
mol_5974,COc1ccc(C(C)=NNC(=O)c2ccncc2)cc1OC
mol_5975,CNC(=S)NC(=S)N(C)C
mol_5976,O=S(=O)(O)c1cc(O)c2c(N=Nc3ccc(N=Nc4c(S(=O)(=O)O)cc5cc(Nc6ccccc6)ccc5c4O)c4ccccc34)cc(S(=O)(=O)O)cc2c1
mol_5977,CC1(C)CCOC(=O)C(Cl)CC1Cl
mol_5978,CC1=C(C(=O)NNS(=O)(=O)c2ccc(C)cc2)CC(C(=O)NNS(=O)(=O)c2ccc(C)cc2)=C(C)N1
mol_5979,O=S1(=O)CS(=O)(=O)OCCCCCO1
mol_5980,Cc1c2n(c3ccccc13)CC1C2N(C)OC1(C)C
mol_5981,CCOC(=O)c1c(C)c2c(n1C)CCc1c[nH]nc1-2
mol_5982,CCCCC1CC(c2cccc([N+](=O)[O-])c2)=NO1
mol_5983,O=S(Nc1ccccc1)c1ccc(N2CCOCC2)cc1
mol_5984,C[N+]1=[O+][Cu-5]2345[O+]=[N+](C)[N-]N2c2ccccc2[S+]3CC[S+]4c2ccccc2N5[N-]1
mol_5985,CC1=NNC(=O)C1C1CC(c2c[nH]c3ccccc23)=Nn2c(-c3ccccc3)nnc21
mol_5986,COC(=O)c1noc2c1CSC1=C2CS(=O)(=O)c2ccccc21
mol_5987,O=C1CSC(C=Cc2ccccc2)N1c1ccc(-c2ccc(-n3c(-c4ccccc4)nc4ccccc4c3=O)cc2)cc1
mol_5988,CC(=O)NC(CS)C(=O)[OH+][Pt-2](N)(N)[OH+]C(=O)C(CS)NC(C)=O
mol_5989,O=[N+]([O-])c1ccc(NCCS(=O)(=O)O)c([N+](=O)[O-])c1.[NaH]
mol_5990,COc1ccc(C2NC(=O)N3C(c4ccc(OC)c(OC)c4)NC(=O)N23)cc1OC
mol_5991,O=C1NC(=O)C23C(=O)NC(=O)C12C1C=CC3CC1
mol_5992,COc1cc(CC(=O)O)c(C(=O)c2cccc([N+](=O)[O-])c2)cc1OC
mol_5993,CC(=O)c1cc2cc3c4c(c2oc1=O)CCCN4CCC3
mol_5994,O=C1CC(c2ccco2)NC(=O)N1CCCl
mol_5995,O=P(O)(O)C=C=C1CCCCC1
mol_5996,NCC1OC(OC2C(CO)OC(OC3C(O)C(N)CC(N)C3OC3OC(CN)C(O)C(O)C3N)C2O)C(N)C(O)C1O.O=S(=O)(O)O
mol_5997,N=C1N(N=Cc2ccccn2)C(=Nc2ccccc2)C(=S)N1c1ccccc1
mol_5998,CC(=NNC(N)=O)c1ccc(Cl)cc1
mol_5999,OC12C=CC(CCCC1)O2
mol_6000,COC12CCCC1S(=O)(=O)C2
mol_6001,CCOc1cc2c(cc1C(C)c1ccc(OC)cc1)OCO2
mol_6002,CC=C(C)C=CCC(C)CCC=C(C)C
mol_6003,COC(=O)NN=C(C)C(CN1CCCCC1)C(C1=C(O)c2ccccc2OC1)c1ccccc1.Cl
mol_6004,CCOC(=O)NC(C(=O)OCC)(N1CCN(c2cc3c(cc2F)c(=O)c(C(=O)O)cn3CC)CC1)C(F)(F)F
mol_6005,Nc1cc(S(=O)(=O)O)c(O)c2c1C(=O)c1c(O)c(S(=O)(=O)O)cc(N)c1C2=O
mol_6006,CN(C)CC1CCCC(CN2CCCCC2)C1=O
mol_6007,Cc1cccc(C)c1NC(=O)C(=O)CC(=O)c1sc(Nc2c(C)cccc2C)nc1C
mol_6008,O=c1c2ccccc2c(=O)n2n1P(Cl)CP2Cl
mol_6009,Sc1nnnc2ccccc12
mol_6010,Cc1ccc(S(=O)(=O)NC(=O)C2S(=O)(=O)OCCOS2(=O)=O)cc1
mol_6011,N#Cc1cscc1C#N
mol_6012,COC(=O)c1c(C(=O)OC)c2c(-c3ccccc3)cc3cccc1n32
mol_6013,Sc1ccc2nncc(S)c2c1
mol_6014,N=C1NCC(c2ccccn2)C1c1ccc(F)cc1
mol_6015,Cc1nc2c(S)nncc2[nH]1
mol_6016,CCOC(=O)n1[nH]c(=O)n(-c2ccccc2)c1=O
mol_6017,CC1(C)CC(=O)C2=C(C1)OC1=C(C(=O)CC(C)(C)C1)C2C(O)C(O)C(O)CO
mol_6018,C=CC1(O)CCC(C(C)(C)C)CC1CC(=C)Br
mol_6019,COc1ccc(C2NC3=C(CCCC3)C3(C#N)C(=O)NC(=N)C23C#N)cc1
mol_6020,O=C1C=C(Nc2ccc(Cl)cc2Cl)C(=O)C=C1Nc1ccc(Cl)cc1Cl
mol_6021,Cc1ccc(S(=O)(=O)n2cncc2CO)cc1
mol_6022,CN(C)C(=S)N=c1ssc(=S)n1Cc1ccco1
mol_6023,CCCCC(C#N)C(=O)NC(N)=O
mol_6024,CCOC(=O)C(C)c1nc2c(Cl)c3ncccc3cc2nc1O
mol_6025,Cc1nc(-n2nc(-c3ccccc3)cc2-c2ccccc2)sc1C(C=Cc1ccc([N+](=O)[O-])cc1)=NNC(N)=S
mol_6026,COC(=O)C=Cc1ccc2c(c1)CCC2
mol_6027,CC(=O)OC1(C)C(=O)OC1(C)C(C)=O
mol_6028,CN(C)CC1CCCC1=NOC(=O)c1ccccc1.Cl
mol_6029,COc1ccc(N2C(=O)C3c4[nH]c5cccc(C)c5c4C4CCC(C(C)(C)C)CC4C3C2=O)cc1
mol_6030,O=C(O)c1cc(O)nc(O)c1N=Nc1ccc(C=Cc2ccc(N=Nc3c(C(=O)O)cc(O)nc3O)cc2S(=O)(=O)O)c(S(=O)(=O)O)c1.[NaH]
mol_6031,O=C(NCCCCN(CCCNC(=O)C(F)(F)F)Cc1ccc2ccccc2c1)C(F)(F)F
mol_6032,COC12C(COC(=O)NCCO)C3=C(C(=O)C(C)=C(N)C3=O)N1CC1NC12
mol_6033,COC(=O)c1ccccc1N=C(NC1CCCCCC1)NS(=O)(=O)c1ccc(C)cc1
mol_6034,CCOC(=O)C1=NN(c2ccccc2)C(=O)C1=CNC(C)=S
mol_6035,COC(=O)C(Cc1cn(C(c2ccccc2)(c2ccccc2)c2ccccc2)cn1)NCc1cc(N(C)C)cc(CNC(Cc2cn(C(c3ccccc3)(c3ccccc3)c3ccccc3)cn2)C(=O)OC)n1
mol_6036,COc1cc(NC=O)c2c(c1)SCC(=O)N2
mol_6037,O=c1c2cccnc2ncn1CCCN1CCOCC1
mol_6038,COc1ccccc1C=Cc1ccnc2ccccc12
mol_6039,CCOC(=O)C(=O)C=C(C)Nc1c(O)nc(SC)nc1NC1OCC(OC(C)=O)C(OC(C)=O)C1OC(C)=O
mol_6040,Cc1n[nH]c2nc(=N)[nH]n2c1=O
mol_6041,CCC(=O)OC1C(OC2C(C)C(OC3CC(C)(OC)C(O)C(C)O3)C(C)C(=O)OC(CC)C(C)(O)C(O)C(C)C(=O)C(C)CC2(C)O)OC(C)CC1N(C)C.CCCCCCCCCCCCOS(=O)(=O)O
mol_6042,CC12c3ccccc3C(C)(c3c1ccc1ccccc31)C1C(=O)OC(=O)C12
mol_6043,Nc1ccc(S(=O)(=O)O)cc1[N+](=O)[O-]
mol_6044,COc1ccc(C=c2sc3n(c2=O)C(c2ccccc2)C2(O)CCCCC2N=3)cc1
mol_6045,CCN(CC)C(=O)N1CCN(C=S)CC1
mol_6046,Cc1cnc2c(c1)C(=O)N(c1ccc([N+](=O)[O-])cc1)S2(=O)=O
mol_6047,Nc1nc(Cl)c(C=O)c(NCC2(CO)CC(CCc3ccccc3)C2)n1
mol_6048,CCN1C(=O)C(N2CCCCC2)SC1=CC(=O)O
mol_6049,O=C(NCc1ccc(O)cc1O)c1ccccc1O
mol_6050,O=C(O)C(Cc1ccc2c(c1)CCC2)(Cc1ccc2c(c1)CCC2)C(=O)O
mol_6051,C[N+]1(C)CC(=Cc2ccc(F)cc2)C(=O)C(=Cc2ccc(F)cc2)C1.[I-]
mol_6052,CC(C)(C)[Si](C)(C)OC1C(CC#N)C(CO)OC1n1ccc(=O)[nH]c1=O
mol_6053,O=C(O)c1ccc(S(=O)(=O)c2cccc([N+](=O)[O-])c2)cc1
mol_6054,Cc1ccc(NC(=O)CC(=O)n2nc(C)c(N=Nc3cccc(C)c3)c2C)cc1
mol_6055,N#CC1=C(N)OC(c2ccc([N+](=O)[O-])cc2)C1(C#N)C#N
mol_6056,COc1ccc2c(-c3ccc(OCCN(C)C)cc3)c(Oc3ccccc3)c(=O)oc2c1
mol_6057,CC1C(c2ccccc2O)c2cc3c(cc2OC1N1CCCC1)OCO3
mol_6058,COc1cc(C=CC(=NNC(N)=S)c2sc(NNC(C)=O)nc2C)ccc1O
mol_6059,O=C(NCCCCCCNC(=O)n1cc(F)c(=O)[nH]c1=O)NCCCOCCOCCOCCOCCOCCOCCOCCOCCOCCOCCOCCOCCOCCOCCOCCOCCOCCOCCOCCOCCOCCCNC(=O)C(O)C(O)C(O)C(O)CO
mol_6060,CCOC(=O)C1C(=S)NC(=O)C1C#N
mol_6061,Cc1ccc(-n2c(Cn3nnc(-c4cccnc4)n3)nn(C3OC(COC(=O)c4ccccc4)C(OC(=O)c4ccccc4)C3OC(=O)c3ccccc3)c2=S)cc1
mol_6062,CCOc1ccccc1NC(=NC(=O)CC)SC.I
mol_6063,NCCCN(CCCCN(CCCN)CCCc1ccccc1)CCCc1ccccc1.O=C(O)C(F)(F)F
mol_6064,O=[N+]([O-])C(C=C(Cl)n1nnc2ccccc21)=C(Cl)n1nnc2ccccc21
mol_6065,O=C(C(=CNC(=S)NCc1ccccc1)C(=O)c1ccccc1)c1ccccc1
mol_6066,CC(=O)Oc1ccc2c(c1)Oc1cc(OC(C)=O)ccc1C21OC(=O)c2ccccc21
mol_6067,O=P(c1ccccc1)(c1ccccc1)N1N=NNC1=Cc1ccccc1
mol_6068,COc1cccc(C2NC(=O)c3c([nH][nH]c3=N)S2)c1O
mol_6069,CC(C)OP(=O)(OC(C)C)C(C(C)C)N(C)C(=N)NC#N
mol_6070,COC(=NN=Cc1ccc(Cl)c(Cl)c1)c1ccncc1
mol_6071,O=C1CC2C(O1)C(O)CN1C(=O)c3ccccc3C21
mol_6072,O=C1CSC(c2ccccc2[N+](=O)[O-])N1c1ccc(-n2c(-c3ccccc3)nc3ccccc3c2=O)cc1
mol_6073,COc1ccc(C2C3C(=O)N(c4ccc(Cc5ccc(N6C(=O)C7ON(c8ccccc8)C(c8ccc(OC)cc8)C7C6=O)cc5)cc4)C(=O)C3ON2c2ccccc2)cc1
mol_6074,O=C(O)CCC12CCC3(O)OC(=O)C(CC1C(=O)O)C32
mol_6075,COc1ccc2cc(C(C)C(=O)N3CCOC3=O)ccc2c1
mol_6076,O=S1OCC(CCCl)O1
mol_6077,CCOC(=O)c1ccc(NC(=O)SCCC(=O)O)cc1
mol_6078,COC(=O)C1Cc2ccc(C)cc2C1=O
mol_6079,O=C(CC1CCCN2CCCCC12)N1c2ccccc2Sc2ccc(Cl)cc21
mol_6080,O=C(O)CCC(NC(=O)c1ccc(Oc2nc3ccccc3nc2C(=O)O)cc1)C(=O)O
mol_6081,COc1c2c(c3c(c1CCC(=O)O)OC(C)(C)C=C3)OC(C)(C)C=C2
mol_6082,O=C(CCCN1CC=C(n2c(=O)[nH]c3ccccc32)CC1)c1ccc(F)cc1
mol_6083,N#CC=Cc1cccc(F)c1
mol_6084,ClC1=NSC(Cl)=NS1
mol_6085,CC(=O)N(C)c1ccc2ncccc2c1[N+](=O)[O-]
mol_6086,O=c1oc2ccccc2c2nc(O)c(NC34CC5CC(CC(C5)C3)C4)nc12
mol_6087,C=C=C(CC(CC=C(C)C)(C(C)=O)C(=O)OC(C)(C)C)S(=O)(=O)c1ccccc1
mol_6088,O=C(O)CCCc1ccc2c(c1)C(C(=O)O)CC2
mol_6089,COc1ccc(-c2cc(-c3ccccc3)c3c(n2)-c2ccccc2NC(=O)C3)cc1
mol_6090,O=C1Nc2ccccc2C1S(=O)(=O)c1ccccc1
mol_6091,CCN(CC)CCCNc1ncnc2c1C(c1ccccc1)c1ccccc1-2
mol_6092,CC(=O)Oc1cc2c(cc1OCC(F)(F)F)C1CCC3(C)C(OC(C)=O)CCC3C1CC2=O
mol_6093,Cc1csc2c(=O)n(COCc3ccccc3)c(=O)[nH]c12
mol_6094,CN1N=C(c2ccncc2)OC1c1ccc(C(F)(F)F)cc1
mol_6095,Cn1c(=O)c2ccc(-c3ccc(Br)cc3)nc2n(C)c1=O
mol_6096,COc1ccc(C=NNc2nc(-c3cc4oc(=O)n(C)c4cc3Cl)cs2)cc1OC
mol_6097,O=C(O)c1cc(=O)c2cc(C(=O)c3cccs3)c(Cl)c(Cl)c2o1.[NaH]
mol_6098,CCCCCCCCN(N=Cc1c2c(O)c3c(O)c(C)c4c(c3c1O)C(=O)C(C)(OC=CC(OC)C(C)C(OC(C)=O)C(C)C(O)C(C)C(O)C(C)C=CC=C(C)C(=O)N2)O4)C12CC3CC(CC(C3)C1)C2
mol_6099,COc1ccc2c(c1)C1c3cc(OC)c(OC)cc3CCN1CCC2
mol_6100,Oc1c(C2=NC3CCCCC3N2)ccc2ccccc12
mol_6101,CC1(O)C2OC2C2(CCCO2)C2OC21
mol_6102,OC1c2ccccc2CC12Cc1ccccc1C2
mol_6103,Clc1nc2cc3c(cc2n2cccc12)oc1ccccc13
mol_6104,O=C(O)CC1(CC(=O)Nc2nccs2)CCCCC1
mol_6105,COc1cc(C=C2SC(=S)N(C=Cc3nc4ccccc4nc3O)C2=O)cc(OC)c1OC
mol_6106,CC1C(=O)OC2CC1(C)C1C(=O)C3(O)OC14C(O)(CCC1C3C(O)C=C3CC=CC(=O)C31C)C(=O)OC24C
mol_6107,Oc1nc(S)nc(SCc2c(Cl)c(Cl)c(Cl)c(Cl)c2Cl)n1
mol_6108,O=C1C2ON=C(c3ccccc3[N+](=O)[O-])C2C(=O)N1c1ccc(Cc2ccc(N3C(=O)C4ON=C(c5ccccc5[N+](=O)[O-])C4C3=O)cc2)cc1
mol_6109,CC(C)Oc1c(O)c2c3c(oc(=O)n3C=CC2c2ccccc2F)c1OC(C)C
mol_6110,O=S(=O)(N=S(c1ccc(Cl)cc1)c1ccc(Cl)cc1)c1ccccc1
mol_6111,CCCCCCNC(=O)C(=CC=Cc1ccccc1)NC(=O)c1ccccc1
mol_6112,CC1=NN(C(=O)Cc2ccccc2)C(=O)C1=Cc1ccccc1O
mol_6113,CC(=O)N1CCC23c4ccccc4N(C)C2CC(=O)CC13
mol_6114,COc1cccc2c1[OH+][Pd-2]1(O)[O+]=C(c3ccccc3O)[N-][N+]1=C2
mol_6115,COc1ccc2c(c1)CCc1c-2n(CCN2CCOCC2)c2ccc(OC)cc12
mol_6116,COc1cc(O)c2c(c1)C(=O)C1=C(C2=O)C(O)CC(C)(O)C1
mol_6117,O=C1C=CC(=CC=C2C=CN(CCCCCCCCCCC(=O)NCCCCCCCCCCCC(=O)O)C=C2)C=C1.[KH]
mol_6118,CCOC(C)CCCS(=O)(=O)O
mol_6119,O=C1C=C(N2CC2)C(=O)C=C1N1CC1
mol_6120,COc1ccc2c(ccc3nc(CCC(=O)O)n(C)c(=O)c32)c1
mol_6121,COC(=O)CCC(C)C1CCC2C3CCC4CC5CCC4C3(CO5)C(=O)C(Br)C12C
mol_6122,CCCCCCCCCCCCCCCCCCSCC(COP(=O)(O)OP(=O)(O)O)OC(=O)CCCCCCCCCCCCCCC.[NaH]
mol_6123,O=C(O)c1ccccc1C=NNC1=CS(=O)(=O)C=C1
mol_6124,CCn1ncc2c1nc(-c1ccccc1)c[n+]2[O-]
mol_6125,Oc1ccccc1-c1nnc2n1N=C(c1ccc(-c3ccccc3)cc1)CS2
mol_6126,O=C1C2=C(C(=O)C3=C1C1CCC3C1)C1CCC2C1
mol_6127,NNC(=S)NN=CC(Cl)=C(Cl)C(=O)O
mol_6128,C#CCN(N=O)C(=O)NCCCCC(NC(=O)OCc1ccccc1)C(=O)OCc1ccccc1
mol_6129,O=C(Nc1ccc(Cl)cc1)NS(=O)(=O)c1c(-c2ccccc2)oc2ccccc2c1=O
mol_6130,O=C(CSC(=S)N1CCOCC1)Nc1nc2c(s1)CCCC2
mol_6131,CC(=NNC(=S)Nc1ccc(Cl)cc1)c1cccc(C(C)=NNC(=S)Nc2ccc(Cl)cc2)n1
mol_6132,CCOC(=O)C1=C(C)Nc2ccccc2S1
mol_6133,CCCC(=O)OC1C(C(O)CO)OC2OC(C)(C)OC21
mol_6134,CC1(C)CNCC(C)(O)C(=O)NC(C)(C)CNCC(C)(O)C(=O)N1
mol_6135,CCOP(=O)(OCC)C(C)(C)OC(=O)NC#N
mol_6136,Cc1cc(NCCCCCCCNc2cc(C)nc3cc([N+](=O)[O-])ccc23)c2ccc([N+](=O)[O-])cc2n1
mol_6137,CCC1(O)CC2CN(CCc3c([nH]c4ccccc34)C(C(=O)OC)(c3cc4c(cc3OC)N(C=O)C3C(O)(C(=O)OC)C(OC(C)=O)C5(CC)C=CCN6CCC43C65)C2)C1.O=S(=O)(O)O
mol_6138,COC(=O)n1nnc2ncccc21
mol_6139,CCOP(=O)(C=Cc1ccccc1)OCC
mol_6140,Oc1cccc(-c2cccc(O)n2)n1
mol_6141,CCCCOC(=S)SSC(=S)NCCNC(=S)SSC(=S)OCCCC
mol_6142,N=C(NC(=S)N1CCCCC1)N1CCCCC1
mol_6143,COc1ccc2c(c1)OCC1Cc3cc4c(cc3OC21)OCO4
mol_6144,C[N+](C)(C)CCC[N+](C)(C)CCN1C(=O)c2cccc3cccc(c23)C1=O
mol_6145,CC(C)(CO)CNc1cc(Cl)nc(N)n1
mol_6146,Cc1nc(C)c(C(=O)NNC(=O)C[N+](C)(C)C)cc1C(=O)NNC(=O)C[N+](C)(C)C.[Cl-]
mol_6147,COC(=O)C12C3C4C1C1C2C3C41C(=O)N(C(C)C)C(C)C
mol_6148,C=C(C)C(=O)N1c2ccc(OC)cc2CC1C(=O)OCC
mol_6149,COc1cccc(NC(=O)CC(=O)n2nc(C)c(N=Nc3ccccc3F)c2C)c1
mol_6150,COC(=O)C(Cc1nc2ccccc2nc1O)C(=O)C(=O)Nc1cc(C(F)(F)F)ccc1Cl
mol_6151,CC=CC(CC(O)(C(F)(F)F)C(F)(F)F)=NNC(N)=S
mol_6152,CCCCCCCCCCCCSSC(=S)OC(C)C
mol_6153,CCCCCCCCCCCCCCCCN1CCCCCC1=O
mol_6154,O=[N+]([O-])c1ccc2c(O)nc(-c3ccc(-c4nc(O)c5ccc([N+](=O)[O-])cc5n4)cc3)nc2c1
mol_6155,O=C1NN(C2=NNC3(C(=O)N2)c2ccccc2-c2ccccc23)C(c2ccccc2)=NC1=Cc1ccc(O)cc1
mol_6156,COC=C(C#N)S(=O)(=O)C(C#N)=COC
mol_6157,Cc1cccc(NC(=O)C(=O)C(C(=O)c2ccc3ccccc3c2)C2OC(=O)c3ccccc32)c1C
mol_6158,O=C1C2C=CC(n3[nH]c(=O)n(Cc4ccccc4)c3=O)CC2C(=O)N1c1cccc(Cl)c1
mol_6159,COc1cc(C=C(OC(C)=O)c2ccc3c(c2)OCO3)cc(OC)c1OC
mol_6160,Cc1ccc(OCC2OC(n3cnc4c(Br)nc(Br)nc43)CC2Oc2ccc(C)cc2)cc1
mol_6161,Cc1ccc(OC2CC(n3cnc4c(O)nc(Br)nc43)OC2Oc2ccc(C)cc2)cc1
mol_6162,CC(=O)OCC(=O)C1(O)CCC2C3CC(C)C4=CC(=O)C=CC4(C)C3(Br)C(O)CC21C
mol_6163,Nc1nc(Cl)c(CO)c(NCC2(CO)CCC2)n1
mol_6164,O=C1CN2CC(c3ccccc3)OC2c2ccccc2N1
mol_6165,Clc1cc(Cl)cc(Nc2nc3ccccc3nc2-c2cccs2)c1
mol_6166,Cc1nc2c(nc1C)C(=O)C(Br)=C(N)C2=O
mol_6167,c1ccc2c(c1)c1ccccc1c1nc3c(nc21)CCCC3
mol_6168,N=c1[nH]c(=N)c2cnnn2[nH]1
mol_6169,COc1cc(C=CC(=O)C=Cc2cc(OC)c(OC)c(OC)c2)cc(OC)c1OC
mol_6170,COc1cc(C=C2C(=O)OC(C)(C)OC2=O)cc(OC)c1OC
mol_6171,COC(=O)c1ccc2c(c1)C(O)NC(=O)O2
mol_6172,Cc1ccc(N=Nc2c(C)c(C#N)c(=S)n(C3OC(CO)C(O)C(O)C3O)c2C)cc1
mol_6173,Cc1nc(-c2nc(C)c(C(=O)C=Cc3ccc([N+](=O)[O-])cc3)s2)sc1C(=O)C=Cc1ccc([N+](=O)[O-])cc1
mol_6174,CC1(C)OC(=O)C(=Cc2ccc(F)cc2)C(=O)O1
mol_6175,CC(C)N(C(=O)C12C3(C(=O)OC(C)(C)C)C4C5(C#N)C3C1(C(=O)OC(C)(C)C)C5C42C(=O)OC(C)(C)C)C(C)C
mol_6176,CC1(CCCC2(C)CCNC2=O)OCCO1
mol_6177,C[n+]1cn(C2OC(CO)C(O)C2O)c2[nH+]c(O)nc(O)c21
mol_6178,CCCC(O)S(=O)(=O)O
mol_6179,C=C1CC(CC)(CCN2C(=O)c3ccccc3C2=O)OC1=O
mol_6180,CCCCCCCCCCC(O)C1CCC(C(O)CCC(O)C2CCC(CCCCCCCC(O)CC3=CC(C)OC3=O)O2)O1
mol_6181,Nc1nc(O)c(CCCCc2ccccc2)c(C[PH](c2ccccc2)(c2ccccc2)c2ccccc2)n1
mol_6182,CC12c3c4ccc(C=O)c3Oc3ccc(C=O)c(c31)Oc1c(C=O)ccc(c12)O4
mol_6183,O=C(NNC(=O)c1ccccc1O)c1ccccc1O
mol_6184,Cc1c(N=Nc2ccc(Br)cc2)c(=O)n(-c2ccccc2)c(=O)n1-c1nc2ccccc2[nH]1
mol_6185,O=C(O)C(Cc1ccccc1)N1C(=O)NC(=Cc2ccc(F)cc2)C1=O
mol_6186,O=C1CSC(=Nc2ccccc2F)N1c1ccccc1F
mol_6187,CC(NC1=NCCO1)c1ccccc1Cl
mol_6188,CCCCC1=CC1(C#N)[N+](=O)[O-]
mol_6189,S=C(NCCc1ccccn1)NN=C(c1ccccc1)c1ccccn1
mol_6190,CC1(C)CSCC(C)(C)C2(C=CC=CC=N2)C1=O
mol_6191,c1ccc(OCc2nnc(CCCCCCCCc3nnc(COc4ccccc4)o3)o2)cc1
mol_6192,O=C1CSC(c2ccccc2O)N1c1ccc(-n2c(-c3ccccc3)nc3ccccc3c2=O)cc1
mol_6193,Cc1ccc2c(c1)C(=O)N1CSCC1C(=O)S2
mol_6194,CC(=NNS(=O)(=O)c1ccc([N+](=O)[O-])cc1)c1cccc[n+]1[O-]
mol_6195,N#Cc1cc([N+](=O)[O-])ccc1NC(=O)C(=NN)C(C(=O)c1ccc(Cl)c(Cl)c1)C1OC(=O)c2ccccc21
mol_6196,CCSc1nc2sc(C)c(C)c2c(=O)n1-c1ccc(C(=O)O)cc1
mol_6197,COc1cc([Hg]OC(C)=O)c(OC)c(NC(=O)CC(C)=O)c1[Hg]OC(C)=O
mol_6198,Cc1cn(C2C(O)CC2CO)c(=O)[nH]c1=O
mol_6199,CCSC1=NC(=Cc2ccco2)C(=O)N1
mol_6200,CC1CCC2(OC2(C)C)C(=O)C1
mol_6201,CSc1ccc(NC(=O)Nc2cccc(C)n2)cc1
mol_6202,CC1=CC2=C(C(N)=O)C(=O)OC2(C)C(c2ccccc2)C1
mol_6203,CC(O)C1(CNc2cc(Cl)nc(N)n2)CC(CCc2ccccc2)C1
mol_6204,COc1ccc(C2C3=C(COC3=O)OC(C)(C)Oc3cc4c(cc32)OCO4)cc1OC
mol_6205,CCOC(=O)CCC(NC(=O)N1CCN(c2c(C)nc(C)nc2O)CC1)C(=O)OCC
mol_6206,COc1ccc(C(OCC2OC(n3ccc(NC(=O)c4ccccc4)nc3=O)C(O)C2O)(c2ccccc2)c2ccccc2)cc1
mol_6207,O=c1cc2ccccc2nn1-c1ccccc1Cl
mol_6208,CC#CC(O)(C(=O)OC1CC(C)N(C)C(C)(C)C1)C1CCCC1
mol_6209,CCN(CC)CC(=N)N(CC)c1ccccc1
mol_6210,C=CCC(=S)NCCc1c[nH]c2ccccc12
mol_6211,Br.C(=NNC1=NCCCN1)c1ccc(-c2cn3cc(C=NNC4=NCCCN4)ccc3n2)cc1
mol_6212,CCCN1CC=C(c2cc(C(=O)OCC)[nH]c2-c2cc(C)no2)C1=O
mol_6213,O=c1c2c(no[n+]2[O-])c2ccccc2n1-c1ccccc1
mol_6214,N=C(N)n1nc2c(c1O)CCC2
mol_6215,CC(C)C(CCOS(=O)(=O)O)CCC(C)C1C(O)C(O)C2C1(C)CCC1C2(O)CC(O)C2(O)CC(O)CCC12C.[NaH]
mol_6216,CCOC(=O)c1c[nH]c2cc3c(cc2c1=O)CCS3
mol_6217,C(=Cc1ccccc1)Cn1nc(-c2ccccc2)nc1-c1cnccn1
mol_6218,Nc1c(N=Nc2ccc([N+](=O)[O-])cc2)c(S(=O)(=O)O)cc2cc(S(=O)(=O)O)c(N=Nc3ccc(-c4ccc(N=Nc5ccc(O)cc5)cc4)cc3)c(O)c12
mol_6219,N=c1nc(NC(=O)C(=O)Nc2ccccc2C(N)=O)[nH][nH]1
mol_6220,O=C([OH+][Fe+2]123(C#[O+])(C=C1[CH-]2)[PH](c1ccccc1)(c1ccccc1)CC[PH]3(c1ccccc1)c1ccccc1)C(F)(F)F
mol_6221,CCOC(=O)C(=NNc1ccccc1)N1C(=S)N(C)N=C(C)C=C1S
mol_6222,CCN1OC(C)(C)C2CCC(C)CC21
mol_6223,O=C(CC1Sc2ccccc2NC1=O)Nc1cc(Cl)ccc1Cl
mol_6224,Cc1[nH]cc2c1C(c1ccccc1F)=NCC(=O)N2
mol_6225,CC(C)C(Sc1nc(-c2ccccc2)c(-c2ccccc2)[nH]1)C(=O)NN=Cc1ccc(Cl)cc1
mol_6226,COc1ccc(C2C(C#N)=C(S)N(C3OC(CO)C(O)C(O)C3O)C(c3ccccc3)=C2C(C)=O)cc1
mol_6227,Cn1c2ccc(Cl)cc2c2oc(-c3nnn[nH]3)cc(=O)c21
mol_6228,N#Cc1c(N)c(C(=O)O)nn(-c2cccc(C(F)(F)F)c2)c1=O
mol_6229,CCOC12CC(OC)C3(O)CC(C1C3O)C13C(OC)CC(O)C4(COC)CN(CC)C1C2C(OC)C43
mol_6230,CCOC(=O)c1c[nH]c2c(ccc3nn(C)nc32)c1=O
mol_6231,Cn1c2ccccc2c(=NNc2ccc(C(=O)O)cc2)c2ccccc21
mol_6232,Nc1ncccc1N1C(=O)c2ccccc2C1=O
mol_6233,CC(=O)NC1C(OCc2ccccc2)OC(CO)C(O)C1OC(C)C(=O)NC(C)C(=O)NC(CCC(=O)NCCCNc1c2ccccc2nc2cccc([N+](=O)[O-])c12)C(N)=O
mol_6234,O=c1cc(-c2ccccc2)ss1
mol_6235,O=C1NC(=O)C(=Cc2cccc(O)c2)N1
mol_6236,CC(C)c1cccc2sc(NC(=O)C(=O)C(C#N)c3cccc4ccccc34)nc12
mol_6237,C=C1C(=O)OC2C=C(C)C3OC3C=C(C(=O)OC)C(OC(C)=O)C(OC(=O)C(C)(O)C(C)OC(C)=O)C12
mol_6238,C[N+](C)(C)CC(=O)NN=C(Cc1nc2ccc(Cl)cc2nc1O)C1=Nc2cc(Cl)c(S(N)(=O)=O)cc2S(=O)(O)=N1.[Cl-]
mol_6239,CNN=Cc1c2c(O)c3c(O)c(C)c4c(c3c1O)C(=O)C(C)(OC=CC(OC)C(C)C(OC(C)=O)C(C)C(O)C(C)C(O)C(C)C=CC=C(C)C(=O)N2)O4
mol_6240,CCOC(=O)Cn1c(=O)n(C)c(=O)c2c1ncn2Cc1ccccc1
mol_6241,CC(C)(CN1CCCCC1)C(=O)CC(SCCS(=O)(=O)O)c1ccc(Br)cc1.Cl.[NaH]
mol_6242,C[N+]1(C)CCC(OC(=O)C(O)(c2ccccc2)C2CCCC2)C1
mol_6243,O=C1NC(=O)C(=CN2C(=O)C(=Cc3ccc([N+](=O)[O-])cc3)SC2=S)C(=O)N1
mol_6244,COc1ccc2cc(C(=O)NCCCNC(=O)c3ccc4c(OC)c(OC)ccc4c3)ccc2c1OC
mol_6245,O=CN1CCN(C=O)C(O)C1O
mol_6246,CCOC(=O)NC1CS(=O)(=O)CC1Cl
mol_6247,COc1ccc(C(=O)C(C(=O)CCC(=O)Nc2ccc(C)c(C)c2)c2ccc(OC)cc2)cc1
mol_6248,O=C(O)c1cc(=O)c2c([nH]c3ccccc32)s1
mol_6249,Cc1nc2c(nc1C)C(=O)C(N1CCCCC1)=CC2=O
mol_6250,Cc1c(CCO)c(=O)n2c([nH]c3ccccc32)c1C#N
mol_6251,O=C(NCCCN1CCN(CCCNC(=O)Nc2cc(Cl)ccc2Cl)CC1)Nc1cc(Cl)ccc1Cl
mol_6252,O=C1CC2(Cl)CN3c4ccccc4C(=O)CC3(Cl)CN2c2ccccc21
mol_6253,O=C1c2ccc([N+](=O)[O-])cc2[N+](=O)[C-]1c1ccc([C-]2C(=O)c3ccc([N+](=O)[O-])cc3[N+]2=O)cc1
mol_6254,O=P(Nc1ncccn1)(Oc1ccccc1)Oc1ccccc1
mol_6255,CCOC(=O)C(=Cc1cc(OC)ccc1OC)P(=O)(OCC)OCC
mol_6256,CC(=O)C(=Cc1cccc([N+](=O)[O-])c1)C(C)=O
mol_6257,COc1ccc2c(c1OC)C1N(C)CCc3cc4c(cc3C1(OC)C2=O)OCO4
mol_6258,CC(C)(C)[Si](C)(C)OC(C(=O)OC1C=CCCC1)C(NC(=O)c1ccccc1)c1ccccc1
mol_6259,CNC1=N[N+]2=CCSCC2(C)S1
mol_6260,O=CC1CCCc2ccccc21
mol_6261,O=C(Nc1nccs1)Nc1cc(C(F)(F)F)ccc1Cl
mol_6262,CSC=CC(=O)OC1CC(C)C2(C)Cc3c(C)coc3C(O)C2C1
mol_6263,O=C1CC(NC(=O)C(F)(F)F)c2c(Br)sc(N3CCC(c4ccccc4)CC3)c21
mol_6264,CCOC(=O)c1[nH]c2c(cc(C(=O)C(F)(F)F)c3ccccc32)c1C(F)(F)F
mol_6265,CCC1CCC2C(CCC3(C)C(O[N+](=O)[O-])CCC23)C1C(C)=O
mol_6266,Cc1nc2ccccc2c(=O)n1NC(=O)c1ccccc1[N+](=O)[O-]
mol_6267,NCC1OC(OC2C(CO)OC(OC3C(O)C(N)CC(N)C3OC3OC(CO)C(O)C(O)C3N)C2O)C(N)C(O)C1O.O=S(=O)(O)O
mol_6268,O=S(=O)(ON=C1C=CC(=NOS(=O)(=O)c2ccccc2)C=C1)c1ccccc1
mol_6269,CC12CC(C=O)C(=O)C(O)=C1CCC1C2CCC2(C)C1CCC2(C)O
mol_6270,COC(=O)C1CC(OS(=O)(=O)c2ccc(C)cc2)CN1S(=O)(=O)c1ccc(C)cc1
mol_6271,CC(CC(=O)Nc1ccc(C)cc1C)=NNC(=N)N
mol_6272,COc1ccc(OC)c(CNc2ccc(C(=O)O)cc2)c1
mol_6273,CN(C)CC1CCCC(=Cc2ccc(OC(=O)C=Cc3ccc(Cl)cc3)cc2)C1=O.Cl
mol_6274,CC(C1=CC(=O)c2c(O)ccc(O)c2C1=O)C1=CC(=O)c2c(O)ccc(O)c2C1=O
mol_6275,Cc1csc2nc(-c3cccs3)nn12
mol_6276,N#Cc1cc(C#N)c(N)nc1N
mol_6277,O=C(OCC1CC2C(=O)CCCC2O1)c1ccccc1
mol_6278,COc1cc2c(cc1C)[n+](=O)[c-](C)[c-](C(=O)CC(=NNC(=O)C[N+](C)(C)C)C(=O)Nc1cccc(Cl)c1C)[n+]2=O.[Cl-]
mol_6279,CC(=C(C)c1cc[n+](C)cc1)c1cc[n+](C)cc1.[I-]
mol_6280,COC(=O)c1cccc2cccc(C(=O)Nc3ccc(C)cc3C)c12
mol_6281,O=C(CCN(C(=O)O)S(=O)(=O)c1ccc(NC(=O)c2ccccc2)cc1)NC1CCCCC1
mol_6282,CCc1ccc2c(c1)CC1(C2)Cc2cc3c(cc2C1)C(=O)CC3
mol_6283,CC(=O)NC(CC(C)C(C)=O)C(=O)O
mol_6284,COc1nn(Cc2ccccc2F)c2ccc([N+](=O)[O-])cc12
mol_6285,CCNCCNC(=O)c1ccc(I)cc1.Cl
mol_6286,Cc1ccc(C(=O)N2c3ccccc3N(C)n3cccc3C2CC(=O)O)cc1
mol_6287,O=[N+]([O-])c1cccc(N=Cc2ccc(O)cc2)c1
mol_6288,O=C(O)c1ccc2cc(O)ccc2c1
mol_6289,Cc1nc2c(nc1C)C(=O)C(N)=CC2=O
mol_6290,O=C(O)C1(C(=O)O)CC1(C(=O)O)C(=O)O
mol_6291,Cn1ccc(=NS(=O)(=O)c2ccccc2)cc1
mol_6292,CC1(C)CC(C=Cc2coc3ccc(Cl)cc3c2=O)=C(C#N)C(=O)O1
mol_6293,C=CCOc1cccc(C2(O)c3ccccc3C3=NCCCN32)c1.Cl
mol_6294,C=CCN(CC=C)C(=O)COc1cc2c(O)c3c(O)c(C)c4c(c13)C(=O)C(C)(OC=CC(OC)C(C)C(OC(C)=O)C(C)C(O)C(C)C(O)C(C)C=CC=C(C)C(=O)N2)O4
mol_6295,COc1ccc2c(c1)OCC1(C)c3cc(O)c(OCc4ccccc4)cc3OC21
mol_6296,COC(=O)c1c(C)cccc1C=C1Cc2cc(C)cc(C)c2C1=O
mol_6297,CCOC(=O)C(=O)Nc1c(CC)cccc1C(C)C
mol_6298,Clc1ccc(C2SCc3nc4ccccc4n32)cc1
mol_6299,CN(C)CC(=O)N1CC(COS(C)(=O)=O)c2ccc(O)cc21
mol_6300,O=C(OCCc1ccccc1)c1cc2ccc(O)c(O)c2cn1.O=S(=O)(O)O
mol_6301,CCOC(=O)c1ccc(CS(=O)(=O)c2ccc(OC)cc2)cc1
mol_6302,C(=Cc1ccccc1)C=Nc1ccccc1
mol_6303,O=C(O)C(Cl)=C(Cl)C(=O)c1ccccc1
mol_6304,CC12CCC(C(Nc3cc(C(F)(F)F)cc(C(F)(F)F)c3)C1=O)C2(C)C
mol_6305,CC(=O)OCCCCCn1cnc(C(N)=O)c1N
mol_6306,CN(C)c1ccc(C=c2sc3nc4ccccc4n3c2=O)cc1
mol_6307,CCOC=NC1=C(C#N)C(c2ccc(Cl)cc2)c2c(-c3ccccc3)nn(-c3ccccc3)c2O1
mol_6308,O=C1CCCN1C(=O)CS(=O)(=O)c1ccccc1
mol_6309,c1cc2c3c(c1)Ic1cccc(c1-3)I2
mol_6310,CCOC(=O)c1c(N)sc2c1C(C(=O)OCC)CCC2
mol_6311,C=CC1CN(C(=O)OCC)N(C(=O)OCC)C1CCc1ccccc1
mol_6312,O=C(O)c1ccc(S(=O)(=O)c2ccccc2[N+](=O)[O-])cc1
mol_6313,COC(=O)c1ccccc1NCc1cc(O)ccc1O
mol_6314,CCOC(=O)C(C(=O)c1ccccc1)C(=O)c1ccccc1
mol_6315,Cc1ccc(N2C(N)=C(C#N)C(C#N)(C#N)C2c2ccccc2)cc1
mol_6316,C=C1C(=O)OC2C=CCCCC12
mol_6317,CCC(C)C(NC(=O)CNC(=O)C(Cc1c[nH]cn1)NC(=O)C(NC(=O)C(CS)NC(=O)C(CCC(N)=O)NC(=O)C(NC(=O)C(NC(=O)C(CO)NC(=O)C(NC(=O)C(CC(=O)NC1OC(CO)C(O)C(O)C1NC(C)=O)NC(=O)C(NC(=O)C(CS)NC(=O)C1CCCN1C(=O)CNC(=O)C(NC(=O)CN)C(C)O)C(C)O)C(C)C)C(C)O)C(C)C)C(C)O)C(=O)NC(CCCNC(=N)N)C(N)=O
mol_6318,CCCCS(C)=NS(=O)(=O)c1ccc(C)cc1
mol_6319,OCC12C3C4C5C3C1C5C42
mol_6320,CC(CC(=O)Nc1ccc([N+](=O)[O-])cc1)=NNC(N)=O
mol_6321,CO[PH](OC)(OC)[Ni-2]12[PH](F)(F)N(C)[PH](F)(F)[Ni-2]([PH](OC)(OC)OC)([PH](F)(F)N(C)[PH]1(F)F)[PH](F)(F)N(C)[PH]2(F)F
mol_6322,Cc1cc(C)c(S(=O)(=O)O)c(C)c1.c1ccc2c(c1)C1NC2c2ccccc21
mol_6323,O=C1OC(c2cccs2)Sc2ccccc21
mol_6324,C=C(C)CNC(=S)N(N)c1ccc2ccccc2c1
mol_6325,COc1ccc2c(C)c(CNc3ccccc3)c(=O)oc2c1OC
mol_6326,O=C1c2c(O)cccc2C(C(=O)CCCCC(=O)C2c3cccc(O)c3C(=O)c3c(O)cccc32)c2cccc(O)c21
mol_6327,COC(=O)C(NC(=O)C(C)NC(=O)C1CCCN1C(=O)CNC(=O)C(CO)NC(=O)C(NC(=O)OCc1ccccc1)C(C)O)C(C)O
mol_6328,COC(=O)C1C(=O)CC2C(C(=O)OC)C(=O)CC12
mol_6329,COc1ccc2cc(C(=O)O)ccc2c1OC
mol_6330,c1ccc([PH](CCCCCC[PH](c2ccccc2)(c2ccccc2)c2ccccc2)(c2ccccc2)c2ccccc2)cc1
mol_6331,Cc1ccc(C2=CC(=Cc3ccc(N(CCC#N)CCC#N)cc3)C(=O)O2)cc1C
mol_6332,CCCC[Sn]1(CCCC)ON=C(c2ccccc2)C(c2ccccc2)O1
mol_6333,COc1ccccc1C(C1=C(O)COC1=O)c1cc2c(cc1OC(C)=O)OCO2
mol_6334,FC(F)(F)C(C1=NC(C(F)(F)F)(C(F)(F)F)N=C(N2CCOCC2)O1)C(F)(F)F
mol_6335,C[N+]12CCCCC1CC(=O)CC2
mol_6336,CC(C)CCCC(C)C1CCC2C3CC=C4CC(OCCCCN(O)CCCSC5OC(CO)C(O)C(O)C5O)CCC4(C)C3CCC12C
mol_6337,Cc1nc(Nc2ccc(Cl)c(Cl)c2)sc1C(=O)C=Cc1ccc2c(c1)OCO2
mol_6338,O=c1ccn(C2CC(CO)C(CO)C2)c(=O)[nH]1
mol_6339,N#CC(=Cc1ccc(Br)cc1)c1nc(-c2cc3ccccc3oc2=O)cs1
mol_6340,Cc1nc2ccc(Cl)cc2c(-n2ccnc2)c1CCn1ccnc1
mol_6341,CCC1(OC(=O)CN2CCN(CCO)CC2)C(=O)OCc2c1cc1n(c2=O)Cc2cc3ccccc3nc2-1
mol_6342,COc1cc(CNc2ccc(C)cc2)cc(OC)c1OC.Cl
mol_6343,O=C(CCCN1CCC2(CC1)C(NC1CCCCC1)=NC(=O)N2c1ccccc1)c1ccc(F)cc1
mol_6344,COc1ccc(C=Cc2cc(OC)c(OC)c(OC)c2)cc1OP(=O)(O)O.[NaH]
mol_6345,CC(=S)NC=C(C(N)=O)C(N)=O
mol_6346,C=C1N=CNc2c1ncn2C1OC(COC(=O)CCCCCCCCC(=O)OCC2OC(n3cnc4c(O)ncnc43)C(O)C2O)C(O)C1O
mol_6347,Cc1cc(S(=O)(=O)N=c2nc(Nc3ccccc3)[nH]n2C)c(S)cc1Cl
mol_6348,Cc1nc2ccccc2c(-n2cccn2)c1CCn1cccn1
mol_6349,C=CCCCCCCCCCC=C1CC(O)COC1=O
mol_6350,Cc1ccc(S(=O)(=O)NN=C(c2ccccc2)c2ccsc2C)cc1
mol_6351,COC(=O)C1(NC(=O)c2ccccc2)CC1C=O
mol_6352,C=C(Br)N(CC)CC
mol_6353,O=C(NCCCCN(CCCNC(=O)C(F)(F)F)Cc1ccccc1)C(F)(F)F
mol_6354,CC(CCCOC(c1ccccc1)(c1ccccc1)c1ccccc1)OC(=O)Nc1ccccc1
mol_6355,CC(C)C(C)C=CC(C)C1CC2C3=CC=C4CC(OC5OCC(O)C6OC(=O)C(=O)OC56)CCC4(C)C3CCC2(C)C1
mol_6356,CCC(C=CC1OC(=O)C=CC1C)=CC(C)CC=CC(C)=CC(CO)C(=O)C(C)C(O)C(C)CC(C)=CC(=O)O
mol_6357,Oc1c(Cl)cccc1SSc1cccc(Cl)c1O
mol_6358,C(=Cc1csnn1)c1cccnc1
mol_6359,O=[N+]([O-])c1cc(S(=O)(=O)c2ccc(S)c([N+](=O)[O-])c2)ccc1S
mol_6360,CC1(C)OCC(C2OC(OC(=O)c3ccc([N+](=O)[O-])cc3)C3OC(C)(C)OC23)O1
mol_6361,O=C(Nc1ccc(C2=NCCN2)cc1)c1ccc(C(=O)Nc2ccc(C3=NCCN3)cc2)c(Cl)c1
mol_6362,CN1C(=O)C(=C2SC(=O)N(CN3CCCCC3)C2=O)c2ccccc21
mol_6363,Cc1ccc(S(=O)(=O)OCC2OC(OC3(CO)OC(COS(=O)(=O)c4ccc(C)cc4)C(O)C3O)C(O)C(O)C2O)cc1
mol_6364,CC1=CC(C)(C)SC(SSSC2=NC(C)=CC(C)(C)S2)=N1
mol_6365,C=CCOc1ccccc1N=NC(C#N)=NNc1ccccc1OCC=C
mol_6366,CC(C)=C=CCN(C)Cc1ccccc1.O=C(O)C(=O)O
mol_6367,CC(=O)OCC1OC(n2c(C)cc(-c3ccc(Cl)cc3)c(C#N)c2=S)C(OC(C)=O)C(OC(C)=O)C1OC(C)=O
mol_6368,[O-][Ti-2]12([O-])([O+]=C(c3ccccc3)[CH-]C(c3ccccc3)=[O+]1)[O+]=C(c1ccccc1)[CH-]C(c1ccccc1)=[O+]2
mol_6369,c1ccc2c(c1)[nH]c1c3ccccc3sc21
mol_6370,COc1ccc(OC)c(CCc2ccccc2CC(=O)O)c1
mol_6371,COc1cc(OC)c(C=NNc2nc3ccccc3c(=O)n2-c2ccccc2)c(OC)c1
mol_6372,OC1CCN2CCC(O)C2C1O
mol_6373,OC1(CN2CCCCC2)N=C(c2ccccc2)c2ccsc2-n2cccc21
mol_6374,CC(=O)c1c(O)cc(O)c(-c2c(C)cc(O)c3c2C(=O)c2cccc(O)c2C3=O)c1O
mol_6375,CCOC(=O)C(=O)N1C(C)=C(C(=O)OCC)CC(C(=O)OCC)=C1C
mol_6376,CC1C(=O)CC2C(C)(C)CCCC2(C)C12CCC1(C=COC1)O2
mol_6377,CN(C)c1ccc(C=C(NC(=O)c2ccccc2)C(=O)NC(Cc2c[nH]c3ccccc23)C(=O)O)cc1
mol_6378,Cc1ccc(-c2n[nH]c(=O)n2N)cc1
mol_6379,O=[N+]([O-])c1cccc2nc3ccccc3c(NCCNCCO)c12
mol_6380,CC(=O)C(N=Nc1nc2ccc(Cl)cc2[nH]1)C(C)=O
mol_6381,CCOC(=O)C1=C(N)N(c2ccccc2)C(=C2SC(=S)N(c3ccc(C)cc3)C2=O)S1
mol_6382,Brc1cccc(N=NN2CCCC2)c1
mol_6383,COc1cc(OC)c2c(O)c(S(=O)(=O)c3ccc(C)cc3)c(=O)oc2c1
mol_6384,Cc1cc(-c2ccc(C(=O)C(Cl)(Cl)Cl)[nH]2)on1
mol_6385,COc1cc(C(=O)N2CCOCC2)cc(OC)c1OC
mol_6386,COc1cc2c(c(OC)c1O)-c1ccc(OC)c(=O)cc1C(NC(=O)C(F)(F)F)CC2
mol_6387,O=S1(=O)c2ncn(COCCO)c2N=C2NC(c3ccccc3)=[O+][Ag-][NH+]21
mol_6388,O=C(O)Cc1ccccc1CCc1ccccc1Cl
mol_6389,Cc1cc2nncn2c2nnnn12
mol_6390,CCCCCC#CCOC(=O)C(=[N+]=[N-])P(=O)(c1ccccc1)c1ccccc1
mol_6391,O=C1CN(CCN2CCCCC2)CC(=O)N2Cc3ccccc3CN12
mol_6392,CCCCc1ccc(Nc2nc(Cl)c3ncn(C4CC(Oc5ccc(C)cc5)C(COc5ccc(C)cc5)O4)c3n2)cc1
mol_6393,COc1ccc(C=C2N=C(SC)N(CN3CCOCC3)C2=O)cc1
mol_6394,O=C(C(=Cc1cccc([N+](=O)[O-])c1)c1ccccc1)c1ccccc1
mol_6395,C=C1CN(S(=O)(=O)c2ccc([N+](=O)[O-])cc2)CC(=C)CN(S(=O)(=O)c2ccc([N+](=O)[O-])cc2)CC(=C)CN(S(=O)(=O)c2ccc([N+](=O)[O-])cc2)C1
mol_6396,Nc1ccc(Cl)c(-c2nc3ccccc3[nH]2)c1
mol_6397,CS(=O)(=O)CS(=O)(=O)OCCCl
mol_6398,CCOc1ccc(NC(=O)CC2SC(Nc3ccc(C)cc3C)=NC2=O)cc1
mol_6399,CC(=O)OCC1C(OC(C)=O)CC2OC(=O)CC21
mol_6400,CN1C(=O)OC2CCC=CCCC2C1c1ccccc1
mol_6401,COc1ccc(Cl)cc1C(=O)c1cc(Cl)cc(S(=O)(=O)O)c1OC.N
mol_6402,O=[N+]([O-])c1ccc(Cl)cc1-n1nc(-c2ccccc2)cc1-c1ccccc1
mol_6403,Cc1c(O)c(O)c(C)c(CCN)c1O
mol_6404,O=c1[nH]c2ccccc2c(=O)c2cc3ccccc3cc12
mol_6405,Cl.Clc1cc2nc(C3CCCCO3)[nH]c2cc1Cl
mol_6406,CC1(C)C2CCC1(C)C(NC(=N)CSS(=O)(=O)O)C2
mol_6407,CCOc1ccc(Nc2nc(C)c(C(=O)CC(=O)C(=O)Nc3ccc(Cl)c(C(F)(F)F)c3)s2)cc1
mol_6408,COc1ccc2c(C(=O)O)cc3cc(OC)c(OC)cc3c2c1
mol_6409,CC1(C=O)C(=O)CCC2(C)C3CC(=O)OC3CCC12
mol_6410,NC(CSSCC(N)C(=O)O)C(=O)O
mol_6411,O=NNc1ccc(S(=O)(=O)c2ccccc2)cn1.[NaH]
mol_6412,CC(=O)OC1C(CN=[N+]=[N-])OCOC(CN=[N+]=[N-])C1OC(C)=O
mol_6413,Cl[Pd-4]12([S+]=c3nc[nH]c4[nH]cnc34)([S+]=C3N=CNc4[nH]c[n+]1c43)[S+]=C1N=CNc3[nH]c[n+]2c31
mol_6414,CC(C)=CCN1c2ccc(Cl)cc2NC(=O)CC1C
mol_6415,CC12CCC(O)CC1CCC1C2C(O)CC2(C)C1CCC2(O)C(O)CO
mol_6416,CCOC(=O)C(CSSCC(NC(C)=O)C(=O)OCC)NC(C)=O
mol_6417,O=C(C=Cc1ccccc1)c1c2ccccc2cc2ccccc12
mol_6418,O=C1C=C(N2CC2)C(=O)C(N2CC2)=C1N1CC1
mol_6419,Cl.O=C1C(=Cc2ccc(Cl)cc2)CNCC1=Cc1ccc(Cl)cc1
mol_6420,Clc1nssc1=Nc1nonc1-c1ccccc1
mol_6421,CC1(C)COC(c2cccc(C(=O)c3ccccc3)c2)=N1
mol_6422,CC(C)CC(NC(=O)C(Cc1ccccc1)NC(=O)C1CCCN1C(=O)OCc1ccccc1)C(=O)OC(C)(C)C
mol_6423,COc1ccc2ccccc2c1-c1cccc2ccccc12
mol_6424,C=C(CCCO)C1CCC(C)(O)C1C
mol_6425,COC1=CC23C=CC1C(c1ccccc1)C2=C(C)C(=O)N3C(=O)NC1CCCCC1
mol_6426,C=C=C(C)C(c1ccccc1)N(C)C
mol_6427,O=C(O)C1=C(C(=O)O)N(c2ccncc2)C(c2ccco2)=CC1c1ccccc1[N+](=O)[O-]
mol_6428,CN(C)c1nc(N(C)C)n2c(-c3ccccc3[N+](=O)[O-])nnc2n1
mol_6429,CCOC(=O)C1=NN(c2ccccc2)C(=O)C1=CN1CC(=O)NC1=S
mol_6430,O=C(NCCCCCCNC(=O)n1cc(F)c(=O)[nH]c1=O)NCCCOCCOCCCNC(=O)C(O)C(O)C(O)C(O)CO
mol_6431,CC(CC(=O)Nc1ccc(NC(=O)C(C)=NNS(=O)(=O)c2ccc(C)cc2)cc1)=NNS(=O)(=O)c1ccc(C)cc1
mol_6432,N=C(Nn1c(=S)[nH]c2ccccc2c1=O)Nn1c(=S)[nH]c2ccccc2c1=O
mol_6433,NC(=O)C(=O)NN=C1C(=O)N(c2ccc(Cl)cc2Cl)C(=O)C1C(=O)Nc1ccc(Cl)cc1Cl
mol_6434,CC(N)C(=O)NC(CO)C(=O)NC(Cc1ccc(O)cc1)C(=O)NC(CO)C(=O)NC(C(=O)O)C(C)O
mol_6435,Cc1cc(C)nc(NS(=O)(=O)c2ccc(NNC(=O)c3cccc4c(=O)c5ccccc5[nH]c34)cc2)n1
mol_6436,CC1=[O+][V-]2(=O)([O+]=C(C)C1)[O+]=C(C)CC(C)=[O+]2
mol_6437,Cn1c(=O)n2n(c1=O)Cc1cccc3cccc(c13)C2
mol_6438,CC(NC(C)(C)C)C(=O)c1cccc(Cl)c1
mol_6439,COc1ccc(C2CC(=O)NCCCCNCCCN2)cc1
mol_6440,Cc1cc(N=Nc2ccc(NC(=O)c3ccc(NC(=O)c4ccccc4)cc3)c3ccc(S(=O)(=O)O)cc23)ccc1N=Nc1ccc2c(O)cc(S(=O)(=O)O)cc2c1
mol_6441,CC(=O)c1c2c(cc3c1CC1(C3)Cc3cc4c(c(C(=O)O)c3C1)CCCC4)CCCC2.CC(N)c1ccccc1
mol_6442,N=C(N)SCCCN
mol_6443,Cl.O=C1Nc2ccccc2C12CCNC2Cc1ccccc1
mol_6444,Nc1ccccc1C=Cc1ccnc2ccccc12
mol_6445,N#CC1=C(N)CCSSSC1
mol_6446,COCC(N=CN1CCc2cc(OC)ccc2C1)C(C)C
mol_6447,Cc1cc(C)nc(NS(=O)(=O)c2ccc(Nc3c4ccccc4nc4c(C(=O)NC(CO)(CO)CO)cccc34)cc2)n1
mol_6448,COc1ccc(-c2c3c(nc4nc(SC)nc(SC)c24)CCCC3)cc1OC
mol_6449,O=C1C(=Cc2ccccc2)CN(C(=O)C(F)(F)F)CC1=Cc1ccccc1
mol_6450,OCC(O)C1OC(c2ccco2)OC(CO)C1O
mol_6451,COC(=O)C(=O)C(C(=O)C(=O)Nc1cc([N+](=O)[O-])ccc1C#N)c1nc2ccccc2nc1O
mol_6452,O=CCc1c2c(nc3ccccc13)C(=O)c1ccccc1C2=O
mol_6453,COc1ccc2c(c1)CCC1C2CCC2(C)C(=C=CP(=O)(O)O)CCC12
mol_6454,CC1C(N2CCCC2)=CC(=O)OC1c1ccccc1
mol_6455,C=CCCCCOC1C=CC(O)C(CO)O1
mol_6456,C[Si](C)(C)OC1(C#N)C2C3CC4C2C(=O)C2C4C3C21
mol_6457,C[Sn](C)(C)c1cccc2ccccc12
mol_6458,CCOC(=O)CCC(NC(=O)C(CC(=O)OC)NC(=O)OCc1ccccc1)C(=O)NC(CC(=O)OC)C(=O)NC(CCC(=O)OCC)C(=O)NC(CC(=O)OC)C(=O)NC(CCC(=O)OCC)C(=O)NC(CC(=O)OC)C(=O)NC(CCC(=O)OCC)C(=O)NC(CC(=O)OC)C(=O)NC(CCC(=O)OCC)C(=O)NC(CC(=O)OCC)C(=O)OCC
mol_6459,O=[N+]([O-])c1ccccc1S(=O)NCc1c(Cl)cccc1Cl
mol_6460,Cc1cc(C)c2cnnn2n1
mol_6461,O=C(CNC(=O)OCc1ccccc1)NCCCCC(NC(=O)OCc1ccccc1)C(=O)O
mol_6462,CCOC(=O)C(Cc1cc(=O)n(C)c2ccccc12)=NNc1ccc([N+](=O)[O-])cc1[N+](=O)[O-]
mol_6463,O=S(=O)(c1ccc(Br)cc1)n1c2ccc(Br)cc2c2nc3ccccc3nc21
mol_6464,Cc1ccc2c(c1)-c1[nH]c3ccccc3c1CS2
mol_6465,COC(=NN=Cc1ccccc1F)c1ccncc1
mol_6466,COC(N)=C(C#N)N=Cc1cccs1
mol_6467,O=Cc1cn(CCCCCCCCCCCCn2cc(C=O)c3ccccc32)c2ccccc12
mol_6468,N#Cc1c(S)nc(-c2ccccc2)nc1SCc1ccccc1
mol_6469,CCC(=C(C#N)c1ccc(F)cc1)c1ccc(OCCN(CC)CC)cc1
mol_6470,Cc1cc(Cl)ccc1N1C(=O)C(=O)C(c2nc3ccccc3o2)C(=O)C1=O
mol_6471,COc1cc2c(cc1OC)C(CN)C2
mol_6472,NCCNC(=O)CN(CC(=O)O)C1CCCCC1N(CC(=O)O)CC(=O)O
mol_6473,CCOP(=O)(NC1CCCCC1)OCC
mol_6474,COC(=O)C(CC(=O)Nc1ccc(Cl)c(Cl)c1)C(=O)C(=O)NC1C2CC3CC(C2)CC1C3
mol_6475,Cc1cc(Cl)nc(NC(=O)NP(=O)(Nc2ccccc2)Nc2ccccc2)n1
mol_6476,C#CC1NC(=O)C1N(CC)CC
mol_6477,N#CC1(Cc2ccccc2[N+](=O)[O-])c2ccccc2C2C(N1C(=O)c1ccccc1)C2(Cl)Cl
mol_6478,O=[N+]([O-])c1cc2ccc(N(CCO)CCO)nc2nc1N(CCO)CCO
mol_6479,CC(C)=CCCC(C)C1=C(O)C(=O)C(C)=C(Nc2ccccc2I)C1=O
mol_6480,O=C1N(Cc2ccccc2)C2CS(=O)(=O)CC2N1Cc1ccccc1
mol_6481,COC(=O)CNC(=O)C(CC(C)C)NC(=O)C(CC(C)C)NC(=O)OC(C)(C)C
mol_6482,CC(C)(C)OC(=O)N1Cc2cc(O)ccc2CC1C(=O)O
mol_6483,CC(C=Cc1ccccc1)=NN=C(C)C=Cc1ccccc1
mol_6484,Cc1ccc(S(=O)(=O)Nn2c(S)c(C#N)c(-c3ccc(Cl)cc3)c(C#N)c2=O)cc1
mol_6485,NC1=C(c2ccccc2)C(=O)c2ccccc21
mol_6486,O=C(COc1ccc(Cl)cc1)c1ccccc1
mol_6487,O=C(Nc1cccc(C(=O)NCCCO)c1)C(=Cc1ccccc1)NC(=O)c1ccccc1
mol_6488,NS(=O)(=O)c1cc[n+]([O-])c2ccccc12
mol_6489,CCN(CC)C(C(=O)Nc1c(C)cccc1C)N(CC)CC
mol_6490,O=[N+]([O-])[OH+][Au-3]12[P-](c3ccccc3)(c3ccccc3)[Au-3]1([OH+][N+](=O)[O-])[P-]2(c1ccccc1)c1ccccc1
mol_6491,CC(=NNc1ccc([N+](=O)[O-])cc1[N+](=O)[O-])c1ccccc1
mol_6492,O=c1c(O)c(O)c(=O)c(=O)c1=O.[KH]
mol_6493,Cc1ccc(Nc2sc(C)cc2C#N)c([N+](=O)[O-])c1
mol_6494,CC1(C)OC(C(=O)O)C(C(=O)O)O1
mol_6495,Oc1nc(S)nc2[nH]c(=S)[nH]c12
mol_6496,CCCCNC(=O)CCN(C(=O)O)S(=O)(=O)c1ccc(NC(=O)c2ccccc2)cc1
mol_6497,COC(=O)CC(=O)Nc1sccc1S(=O)(=O)c1ccccc1
mol_6498,COc1cc2c3c(c1)SC(C)C(=O)N3CCN2
mol_6499,CCOC(=O)C(NC(=O)c1ccccc1)(N1CCOCC1)C(F)(F)F
mol_6500,O=C(O)C12CCC(CC1=O)C2
mol_6501,COc1ccc2c(c1O)-c1c(OC)c(OC)cc3c1C(C2)N(C)CC3
mol_6502,Cc1ccc(SSc2ccc(C(C)(C)C)cc2)cc1
mol_6503,NNc1nc(Nc2ccccc2)nc(Nc2ccccc2)n1
mol_6504,CCN(CC)CC(C(=O)Nc1c(C)cccc1C)C(C)=NNC(=O)c1ccncc1
mol_6505,CN1C=Nc2c(ncn2C2CCC(CO)O2)C1O
mol_6506,CCC(=O)ONC(=O)Cn1ccc([N+](=O)[O-])n1
mol_6507,CCCCCOCC(=O)OC
mol_6508,O=C(Nc1ccc(NC2=NCCN2)cc1)c1ccc(C(=O)Nc2ccc(NC3=NCCN3)cc2)c([N+](=O)[O-])c1
mol_6509,Cc1ccc(S(=O)(=O)N(CCC(=O)O)c2ccccc2)cc1
mol_6510,CC(C)(C)c1cc(C=CC(=O)CC(=O)C=Cc2cc(C(C)(C)C)c(O)c(C(C)(C)C)c2)cc(C(C)(C)C)c1O
mol_6511,C1=NN=C2N3CN4CCN5CN6CN7CCN(C3)[Ni-4]457([NH+]12)[NH+]1C=NN=C61
mol_6512,CC12CN3CC(C)(C)[NH+]4C(=O)C(C)(CN5CC(C)(C)[NH+](C1=O)[Ni-2]534)OCCCCCCCCCCOC1(C)CN3CC(C)(C)[NH+]4C(=O)C(C)(CN5CC(C)(C)[NH+](C1=O)[Ni-2]354)OCCCCCCCCCCO2
mol_6513,Cc1ccccc1NS(=O)(=O)c1c(N)ncn1C
mol_6514,c1ccc(CN2CCc3[nH]c4ccccc4c3C2)cc1
mol_6515,CCCN(CCCN)[N+](=O)[N-]O
mol_6516,COC(=O)Cc1ccc2c(c1)Sc1ccc(CC(=O)OC)cc1N2C
mol_6517,S=C(NN=C(c1ccccc1)c1ccccn1)NC1CCCCC1
mol_6518,CCCCCC(=O)Nc1nn[nH]c1C(N)=O
mol_6519,N#CC(C(=NNC(N)=S)C(=O)NC1C2CC3CC(C2)CC1C3)c1ccc(Cl)cc1
mol_6520,Cc1nc(=N)[nH]n1C1OCC(O)C(O)C1O
mol_6521,CC(C)CC(NC(=O)C(Cc1ccc(O)cc1)NC(=O)C(CO)NC(=O)C(N)CCC(=O)O)C(=O)NCC(=O)O
mol_6522,O=C(O)C(Cl)=C(Cl)C=NNC(=O)c1cc2ccccc2cc1O
mol_6523,CCc1n[nH]c(=O)n1NC(=O)C=CC(=O)O
mol_6524,COc1ccc(C(C)NNC(=O)c2ccncc2)cc1F
mol_6525,O=S(=O)(c1ccccc1)C1C(O)CC2OC21
mol_6526,Cc1nc(-n2nc(-c3ccccc3)cc2-c2ccccc2)sc1C(=O)C=Cc1ccc([N+](=O)[O-])cc1
mol_6527,Cc1c2ccccc2n[c-](CS(=O)(=O)CCO)[n+]1=O
mol_6528,CN(C)Cc1cc(N=Nc2ccc(Cl)cc2)cc(CN(C)C)c1O.Cl
mol_6529,N#CC(C(=O)C(=O)Nc1c(Cl)cccc1Cl)c1ccccc1
mol_6530,COc1cc2cnc3c4cc(OCc5ccccc5)ccc4ccc3c2cc1OC
mol_6531,CCCCCCCCCCCCCCCCCC(=O)OCC(CN(C)CCN(C)C)OC(=O)CCCCCCCCCCCCCCCCC
mol_6532,Cc1cc(C)c(-c2c(O)c(O)c(-c3ccccc3)c3ccccc23)c(C)c1
mol_6533,CCOC=C(C)CC1([N+](=O)[O-])C(=O)c2ccccc2C1=O
mol_6534,Cc1ccc(N=NC(C2=NC(=O)CS2)c2nc3ccccc3[nH]2)cc1
mol_6535,COc1cc2cc(C(=O)N3CC(CCl)c4c3cc(N(C)C)c3ccccc43)[nH]c2c(OC)c1OC
mol_6536,CC(C)N(C=C(C#N)C#N)C(C)C
mol_6537,CCCCCCCCS(=O)(=O)O
mol_6538,NN=C1C(=Cc2ccccc2)CCCC1=Cc1ccccc1
mol_6539,N#CC(=Cc1ccccc1)C(=O)Nc1nnc(-c2ccccc2)o1
mol_6540,O=S1(=O)c2ccccc2N(O)C2=NCCN21
mol_6541,O=S1(=O)OC(c2ccc(O)c(Cl)c2)(c2ccc(O)c(Cl)c2)c2ccccc21
mol_6542,COC1OC2=CCC3C(=O)NC(=O)C3C2C(OC)C1OC
mol_6543,CC1C(c2cc(C(C)(C)C)c(O)c(C(C)(C)C)c2)c2cc3c(cc2OC1N1CCOCC1)OCO3
mol_6544,CCN1CCC(O)(C=Cc2cccc(C)c2)C(C(=O)C=Cc2cccc(C)c2)C1.Cl
mol_6545,CCOC(=O)C(=O)Nc1c(C)cccc1CC
mol_6546,O=C1NC(=O)C(=Cc2ccccc2Br)C(=O)N1
mol_6547,Cn1c2ccccc2c2c3c(ccc21)C(=O)N(c1ccccc1)C3=O
mol_6548,c1ccc([Sn]23OCCN(CCO2)CCO3)cc1
mol_6549,O=C1NCC2(CCNCC2)N1
mol_6550,CCOC(=O)c1nc2cc(C(F)(F)F)ccc2nc1Nc1cc(OC)c(OC)c(OC)c1
mol_6551,CCOC(=O)C(=O)Nc1ccc(C)cc1C
mol_6552,CC(c1ccccc1)N1CC(=O)N(C(C)c2ccccc2)C1=O
mol_6553,BrCC[N+]12CC[N+](CCBr)(CC1)C2
mol_6554,Oc1c(Br)cc(Br)cc1C=CNC(=S)NC1CC2CC1C1C=CCC21
mol_6555,CCC1C(=O)OCc2c1cc1n(c2=O)CCC12OCCO2
mol_6556,CC12CCC3C(CCC4c5nn(-c6ccccc6)nc5CCC43C)C1CCC(=O)N2
mol_6557,COC(=O)C(=Cc1ccc(OC)cc1)C(C(=O)O)=C1CCCC1
mol_6558,O=NNc1ccc(S(=O)c2ccccc2)cn1.[NaH]
mol_6559,N#CC1=C(N)OC(c2cccc([N+](=O)[O-])c2)C1(C#N)C#N
mol_6560,Cc1ccc(C2CC3(c4ccccc4)ON=C(c4ccccc4)N3c3ccccc3S2)cc1
mol_6561,CN(C)CCC=C1c2ccccc2C=Cc2ccccc21
mol_6562,N#CC=Cc1ccc2ccccc2c1
mol_6563,C=CC(C)(C)c1cccc2[nH]c3c(c12)CC1CCC2(O)C4=CC(=O)C5OC4(CCC2(C)C31C)OC5(C)C
mol_6564,O=S1(=O)CCCS(=O)(=O)C1CC1S(=O)(=O)CCCS1(=O)=O
mol_6565,CCCC[Sn]1(CCCC)OC(=O)c2cc(I)cc(I)c2O1
mol_6566,CC1=NN(C(=O)CC(=O)Nc2cccc(Cl)c2)C(=O)C1N=Nc1ccc(S(=O)(=O)c2ccc(N=NC3C(=O)N(C(=O)CC(=O)Nc4cccc(Cl)c4)N=C3C)cc2)cc1
mol_6567,O=C(CCCn1cnc([N+](=O)[O-])n1)NCCCn1ccnc1[N+](=O)[O-]
mol_6568,c1ccc2c(c1)NC(C1OC3CCCN3C1C1Nc3ccccc3S1)S2
mol_6569,CN(N)N=Nc1[nH]cnc1C(N)=O
mol_6570,CN1CCN2c3ccccc3CC(C#N)(C#N)C2C1
mol_6571,CSC1=Nc2ccccc2N=C(c2ccccc2)C1
mol_6572,CCOP(=O)(OCC)C(C)(CC)NC(=N)NC#N
mol_6573,COc1ccc(OC)c(NC(=O)CCCC(CC(=O)c2ccc(O)c(OC)c2)=NNC(=O)C[N+](C)(C)C)c1.[Cl-]
mol_6574,COc1ccc2c(c1)C(=O)C1CC(=O)CCC21
mol_6575,CC(=O)OCC1OC(Sc2nc(-c3ccc(C)cc3)c(C#N)c(=O)n2C2OC(COC(C)=O)C(OC(C)=O)C(OC(C)=O)C2OC(C)=O)C(OC(C)=O)C(OC(C)=O)C1OC(C)=O
mol_6576,CC(=O)OC1COC(Nn2c(=O)[nH]c3ccccc3c2=O)C(OC(C)=O)C1OC(C)=O
mol_6577,O=C1NN=C2CCCCCC12
mol_6578,Cc1cccc(-c2nnc(-c3nn(-c4ccccc4)c4nc5ccccc5nc34)o2)c1
mol_6579,Oc1cnc2c(ccc3ccccc32)n1
mol_6580,OC(c1ccccc1)c1cccc(C(O)c2ccccc2)c1
mol_6581,O=c1cnnc2[nH]c3ccccc3n12
mol_6582,O=S(=O)(O)CN(CS(=O)(=O)O)c1nc(N(CS(=O)(=O)O)CS(=O)(=O)O)nc(N(CS(=O)(=O)O)CS(=O)(=O)O)n1
mol_6583,Cc1cccc(C(C)(C)C)c1NC(=O)CC1C(=O)Nc2ccccc2S1=O
mol_6584,Cc1cn(C2OC(C)(CO)C(O)C2O)c(=O)[nH]c1=O
mol_6585,COc1cccc2c1[OH+][Ni-3]1(O)([n+]3ccccc3)[S+]=C(N)[N-][N+]1=C2
mol_6586,O=C1NC(=O)C(=Cc2ccc(S(=O)(=O)NN=CC(O)C(O)C(O)C(O)CO)cc2)N1
mol_6587,CC(=NNC(=S)Nc1ccccc1C)c1ccccn1
mol_6588,COC(=O)C1=C(C(=O)OC)P2(C)(C)SC(=S)N2C1(c1ccccc1)c1ccccc1
mol_6589,NC1=NS(=O)(O)=NC(N)=C1N=Nc1ccccc1
mol_6590,COc1ccc2nc3ccccc3c(NCCCCCN(CCCl)CCCl)c2c1.Cl
mol_6591,COc1c(OC2OC(CO)C(O)C(O)C2O)cc2c(c1OC)-c1ccc(OC)c(=O)cc1C(NC(C)=O)CC2
mol_6592,COc1ccc(C(Nc2nc(O)c3ncn(COCCOP(=O)(OCOC(=O)C(C)(C)C)OCOC(=O)C(C)(C)C)c3n2)(c2ccccc2)c2ccccc2)cc1
mol_6593,CC(=O)OCCOCn1c2ccccc2c2c3c(c4c5ccccc5n(COCCOC(C)=O)c4c21)C(=O)N(Cc1ccccc1)C3=O
mol_6594,CCOc1ccc2ccccc2c1NC1=NCCO1
mol_6595,CCS(=O)c1c2cc(OC)ccc2nc2ccc(OC)cc12
mol_6596,ClC1c2ccccc2C2(c3ccccc3)OOC1(c1ccccc1)O2
mol_6597,O=C(NC(=O)c1cn(CCN2CCNCC2)c(=O)[nH]c1=O)OCc1ccccc1
mol_6598,CCCCCCN(CCCCCC)C(=S)NP(=O)(OCC)OCC
mol_6599,COc1cccc(C2c3cc4c(cc3OC(C)(O)C2C)OCO4)c1O
mol_6600,Cl.Cn1ccnc1CCc1c(Cl)cccc1Cl
mol_6601,O=C(C=C1NC(=O)c2ccccc2N1)c1ccncc1
mol_6602,CC(C)(C)CP(=S)(CCP(CCP(=S)(CC(C)(C)C)CC(C)(C)C)CCP(=S)(CC(C)(C)C)CC(C)(C)C)CC(C)(C)C
mol_6603,Clc1cccc2nncc(N3CC3)c12
mol_6604,CC1(C)C2CC1C(Cc1ccccc1CC1c3cc(-c4ccccn4)ncc3C3CC1C3(C)C)c1cc(-c3ccccn3)ncc12
mol_6605,O=C1OCCOCCOCCOC(=O)c2ccccc2SSc2ccccc21
mol_6606,N=C1NC2=c3ccccc3=C(c3cnccn3)C2(c2cnccn2)c2ccccc21
mol_6607,O=C1NNC2CCCCC2O1
mol_6608,COC1(C)CC2N(C(=O)c3ccccc3)N=C(c3ccccc3)CC2(C)O1
mol_6609,CCOC(=O)C=CSCCNC(=O)OCC
mol_6610,N=C(NN=C(c1ccccc1)c1ccc(N)cc1)C(=N)NN=C(c1ccccc1)c1ccc(N)cc1
mol_6611,COc1ccc(-c2nc3sc(-c4ccc(OC)c(OC)c4)nc3s2)cc1OC
mol_6612,CCCCCn1c(=O)c2c(=O)[nH][nH]c2c2ccccc21
mol_6613,CC1=CCP(=O)(c2ccccc2)C1.CC1=CP(=O)(c2ccccc2)CC1
mol_6614,CCC1(CC)SCc2nc3ccccc3n21
mol_6615,N#CC1(c2ccccc2)CCN(C2(c3ccccc3)CCCCC2)CC1
mol_6616,Cc1c(NC(=S)Nc2ccc([N+](=O)[O-])cc2)c(=O)n(-c2ccccc2)n1C
mol_6617,O=C(SSC(=O)c1ccccc1)c1ccccc1
mol_6618,Cc1cc2c(cc1C)[n+]([O-])c(C(=O)CC(=O)C(=O)Nc1ccccc1C)c(C)[n+]2[O-]
mol_6619,CN(C)N=C(c1nc2ccc(Cl)cc2nc1O)C(O)c1ccc(C(O)C(=NN(C)C)c2nc3ccc(Cl)cc3nc2O)cc1
mol_6620,CC1(C)CCSC(C=Cc2ccccc2)=N1
mol_6621,O=C1CC(=O)Nc2ccccc2N1
mol_6622,Cc1ccc2nc(-c3ccc(N=NNc4ccc(-c5nc6ccc(C)c(S(=O)(=O)O)c6s5)cc4)cc3)sc2c1S(=O)(=O)O
mol_6623,COC(=O)C1Cc2c([nH]c3ccccc23)C(c2ccccc2O)N1Cc1ccccc1
mol_6624,O=S(=O)(O)OCC1OC2OC3C(COS(=O)(=O)O)OC(OC4C(COS(=O)(=O)O)OC(OC5C(COS(=O)(=O)O)OC(OC6C(COS(=O)(=O)O)OC(OC7C(COS(=O)(=O)O)OC(OC8C(COS(=O)(=O)O)OC(OC1C(OS(=O)(=O)O)C2OS(=O)(=O)O)C(OS(=O)(=O)O)C8OS(=O)(=O)O)C(OS(=O)(=O)O)C7OS(=O)(=O)O)C(OS(=O)(=O)O)C6OS(=O)(=O)O)C(OS(=O)(=O)O)C5OS(=O)(=O)O)C(OS(=O)(=O)O)C4OS(=O)(=O)O)C(OS(=O)(=O)O)C3OS(=O)(=O)O
mol_6625,Cc1ccc2c(c1)[nH]c(=S)n2C=C(C#N)C#N
mol_6626,C[n+]1ccccc1C=NO
mol_6627,O=C(CCCCCCCCC(=O)NCC1(c2ccccc2)CCNCC1)NCC1(c2ccccc2)CCNCC1
mol_6628,O=C(O)CSCCCCSCC(=O)O
mol_6629,Cc1nc2cc([N+](=O)[O-])ccc2c(NCCCN(C)C)c1C.Cl
mol_6630,Cc1cccc2c(N)c3cccc(C(=O)NCCCNCCN)c3nc12.Cl
mol_6631,CCCCCCCCCCCCCCCCCC(=O)O.CCN(CC)c1ccc2c(-c3ccccc3C(=O)O)c3ccc(N(CC)CC)cc3[o+]c2c1
mol_6632,Nc1nccc(NCC2(CO)CCC2)n1
mol_6633,C=C1CC(Cn2ccc(=O)[nH]c2=O)(c2ccc(Cl)cc2)OC1=O
mol_6634,COc1cc(CNc2ccc(SC)cc2)cc(OC)c1OC
mol_6635,O=C(Cn1c(=O)oc2ccccc21)N(c1ccccc1)c1ccccc1
mol_6636,O=C1NC2c3c(Br)sc(Br)c3C(=O)C2O1
mol_6637,NC(=S)Nc1cc(Cl)ccc1Cl
mol_6638,CN(C)CCSC(=Nc1ccccc1)N1CCCCC1
mol_6639,CCOCc1cc(=O)c2cc3c(cc2o1)OC(C)(C)CC3
mol_6640,c1ccc(-c2c[se]nn2)cc1
mol_6641,Clc1ccc(-c2c(C3=NCCN3)nnn2-c2ccc(Cl)cc2)cc1
mol_6642,N=C(N)NN=C1C=C(O)C(=NNC(=N)N)C=C1O
mol_6643,CCN(Cc1ccccc1)c1ccc(C=Cc2nccc3ccccc23)cc1
mol_6644,CC1=Nc2ccccc2C12C(c1ccccc1)CC(=O)N1c3ccccc3CC12
mol_6645,Clc1ccc2c(c1)Oc1ccccc1C=N2
mol_6646,Cc1cn(C2OC(CO[Si](C)(C)C(C)(C)C)C(N(C)O[Si](C)(C)C(C)(C)C)C2[Se]c2ccccc2)c(=O)[nH]c1=O
mol_6647,S=C1CC(c2ccccc2)Sc2cc(Cl)ccc2N1
mol_6648,CC(=NOc1cc(Cl)ncn1)c1ccccn1
mol_6649,COc1ccc2cc3[n+](cc2c1OC)CCc1cc2c(cc1-3)OCO2
mol_6650,CCOP(=O)(OCC)C(=Cc1ccccc1)P(=O)(OCC)OCC
mol_6651,COc1cc2c(c3c1C(O)C(C)C(C)O3)C=CC(C)(C)O2
mol_6652,[O-][n+]1onc2c1C(=NO)CCC2
mol_6653,CCN(CC)CCOc1ccc(C=C(C#N)c2ccc(OCCN(CC)CC)cc2)cc1
mol_6654,CC=C(c1cc(Cl)c(OC)c(C(=O)OC)c1)c1cc(Cl)c(OC)c(C(=O)OC)c1
mol_6655,C=CC1C(OC2OC(CO)C(O)C(O)C2O)OC=C(C(=O)OC)C1CC=O
mol_6656,CC1=NN(C(=O)c2ccc(Cl)cc2)C(=O)C1=Cc1cccc([N+](=O)[O-])c1
mol_6657,O=C1c2ccccc2C2(O)Nc3c(ccc4ccccc34)C12O
mol_6658,CCOC(OC1=C(C#N)CCCC1)C(C)[Se]c1ccccc1
mol_6659,CCc1c2c(c(C)n1C)C(c1ccccc1)=NCC(=O)N2
mol_6660,CCc1cccc(CC)c1NC(=NC(=O)c1ccc(Br)cc1)SC.I
mol_6661,O=C1Oc2ccccc2CC1C(=O)c1ccc(Cl)cc1
mol_6662,Nc1ccc([N+](=O)[O-])cc1N=CC=Cc1ccccc1
mol_6663,C=C1C2CCC3C45COC(CC4=O)C(C)(C)C5=C(O)C(=O)C3(C2)C1OC(C)=O
mol_6664,Nc1nc(S)nc2nc3c(c(-c4ccccc4)c12)CCCC3
mol_6665,Cc1nc(N)c(N2CCN(Cc3ccccc3)CC2)c(O)n1
mol_6666,CN(C)CCCNC(=O)c1cc(NC(=O)c2cc(NC(=O)c3cc(NC(=O)CCCn4ccc(CO)c4CO)cn3C)cn2C)cn1C
mol_6667,Cc1cc(N2CCCC2)c([N+](=O)[O-])cc1[N+](=O)[O-]
mol_6668,Cc1csc2[n+]1C(=O)C(=Cc1ccc([N+](=O)[O-])cc1)S2.[Cl-]
mol_6669,O=c1[nH][nH]c(=O)n1Cc1ccccc1Cn1c(=O)[nH][nH]c1=O
mol_6670,S=C1NCCNC(=S)SS1
mol_6671,COc1ccc(C=NNS(=O)(=O)c2ccccc2)cc1
mol_6672,CC(=O)NC(C)(C)C1CCC(C)=C(c2ccccc2)C1
mol_6673,COc1ccc(C(c2c(O)c3ccccc3n(-c3ccccc3)c2=O)c2c(O)c3ccccc3n(-c3ccccc3)c2=O)cc1
mol_6674,O=C(OC1C2CCN(CC2)C1CN1CC=C(c2ccccc2)CC1)C(O)(c1ccccc1)C1CCCC1
mol_6675,Oc1nc(S)nc2[nH]cnc12
mol_6676,CC(=O)N(C(=O)CC(=O)N1N=C(C)C(N=Nc2cccc([N+](=O)[O-])c2)C1=O)c1ccc(Cl)cc1
mol_6677,CN(C(=O)c1ccc(Cl)cc1)C(=S)N1CCN(c2ccccn2)CC1
mol_6678,O=NN1CCCS1(=O)=O
mol_6679,CCOC(=O)C(=C(N)C1OC(COC(c2ccccc2)(c2ccccc2)c2ccccc2)C2OC(C)(C)OC12)C1CC(=O)N(C)C1=O
mol_6680,C=CCCCCOC1C=CC(OC(C)=O)C(COC(C)=O)O1
mol_6681,CN1CCN(C2=C(Cl)C3(OCCS3)C(F)(F)C2(F)F)CC1
mol_6682,CC(=O)OC1(C)CCC2C(C)C(=O)OC2C2C(C)C(O)CC21
mol_6683,O=C(CC(C(=O)c1ccsc1)c1cccs1)c1cccs1
mol_6684,COC(=O)c1ccc(C)cc1CC1Cc2cccc(C)c2C1=O
mol_6685,O=c1c2nn[nH]c2nc2n1CC(c1ccccc1)S2
mol_6686,COC(=O)c1cccc(C)c1C1CN=NC12Cc1cc(C)cc(C)c1C2=O
mol_6687,N#C[IH2]1OC(C(F)(F)F)(C(F)(F)F)c2ccccc21
mol_6688,Cc1nc(N)nc(N)c1CCCc1ccccc1
mol_6689,COC1(C)CP(=O)(OC(C)C)CC(C)=C1Cl
mol_6690,CCOP(=O)(OCC)C(C#N)=Cc1cnc[nH]1
mol_6691,CC(C)OP(=O)(OC(C)C)C(C)(C)O
mol_6692,Cc1cc(O)c2cnncc3c(O)cc(C)c4c(=O)oc5c(CO)c(O)c(C(=O)O)c(cnncc6c(C(=O)O)c(O)c(CO)c7oc(=O)c1c2oc67)c5oc34
mol_6693,COc1cccc(CN2CCN(N=Cc3c4c(O)c5c(O)c(C)c6c(c5c3O)C(=O)C(C)(OC=CC(OC)C(C)C(OC(C)=O)C(C)C(O)C(C)C(O)C(C)C=CC=C(C)C(=O)N4)O6)CC2)c1
mol_6694,CC(=O)Oc1c(OC(C)C)cc(=O)n2ccsc12
mol_6695,COC(=O)C(CCCNC(=N)N[N+](=O)[O-])NC(=O)C(Cc1ccccc1)NC(=O)C1CCCN1C(=O)OCc1ccccc1
mol_6696,N=C(N)SC12CC3CC(CC(C3)C1)C2
mol_6697,O=C(OC1CCC(=C2SCCCS2)C1C1SCCCS1)c1ccccc1
mol_6698,Cc1ncc([N+](=O)[O-])n1CCNC(=O)Cn1c([N+](=O)[O-])cnc1C
mol_6699,CC(C)(C)OC(=O)C1ON2OC(OC3CCCC3(c3ccccc3)c3ccccc3)CC3OC(=O)C1C32
mol_6700,O=c1nc2sc3ccccc3c(=O)n2[nH]1
mol_6701,CCOC(=O)NC(=O)c1cnc(O)nc1O
mol_6702,CC(C)=CCc1c(O)ccc2c1OC1c3ccc(O)c(CC=C(C)C)c3OCC21
mol_6703,COc1cccc2c1[OH+][Co-2]1(O)[O+]=C(c3ccncc3)[N-][N+]1=C2
mol_6704,F.NC(CC(=O)O)C(=O)NC1Cc2ccccc2C1=O
mol_6705,Cc1ccc(S(=O)(=O)OC(F)(F)C(F)(F)F)cc1
mol_6706,Cc1ccc(C)c(N2CC(=NNC(=O)CC#N)C(c3nc4ccccc4s3)C(=O)C2=O)c1
mol_6707,Cl.O=C1CCCC2NCC(c3ccc4c(c3)OCO4)C12
mol_6708,O=C1c2cc3c(cc2CC1Br)CCC3
mol_6709,C=CP(=S)(c1ccccc1)c1ccccc1
mol_6710,O=C1CC2OCC=C3CN4CCC5(C(=O)O)C(N1)C2C3CC45
mol_6711,O=C(O)CN1CCNCCN(CP(=O)(O)O)CC1
mol_6712,Cc1cccc(C=C2CCCCCC2=O)c1
mol_6713,COc1csc(C2CCC3C4CC=C5CC(O)CCC5(C)C4CCC23C)n1
mol_6714,C=C(C)C(=O)OC1CC(COC(C)=O)C2CC=C(CO)C2C2OC(=O)C(=C)C12
mol_6715,CC(=O)C1(N=Nc2ccc(S(=O)(=O)Nc3nccc(C)n3)cc2)CCOC1=O
mol_6716,CC(C)(C)N.OC(O)(C(F)(F)F)C(F)(F)F
mol_6717,CCCCc1c2c(nc3c1CCCC3=O)C(=O)CCC2
mol_6718,CCCCCCCCCCCCCCCCOP(=O)(O)OP(=O)(O)OCC1OC(n2ccc(=N)[nH]c2=O)CC1O.[NaH]
mol_6719,CCOCc1cc(=O)c2c(O)cc3c(c2o1)CCC(C)(C)O3
mol_6720,O=C1C2c3[nH]c4ccccc4c3C3CCSCC3C2C(=O)N1c1ccccc1
mol_6721,COc1ccc(-c2cc3c(nn2)-c2ccccc2C3=O)cc1
mol_6722,COc1cc(C=Cc2ccc3ccccc3n2)cc(OC)c1OC
mol_6723,COC(=O)C1=C2Nc3ccccc3C23CCN(Cc2ccccc2)C3CC1c1ccoc1.Cl
mol_6724,COc1ccc(-c2[nH]c3ccccc3c2CCNS(=O)(=O)c2ccc(C)cc2)cc1
mol_6725,CC1(C)C2CC1C(C(O)C1c3cc(-c4ccccn4)ncc3C3CC1C3(C)C)c1cc(-c3ccccn3)ncc12
mol_6726,Fc1cccc(NC2=NCC(CI)S2)c1
mol_6727,CC(=NNC(=S)NNC(=S)N(C)c1ccccc1)c1ccccn1
mol_6728,CC(=O)Nc1ccc(C(=O)N2N=C(C)C(=Cc3cccc(O)c3)C2=O)cc1
mol_6729,CC1CCC2(C)C3(C)CCC2(OC3=O)C12CC(c1ccoc1)OC2=O
mol_6730,CC(=O)Oc1ccc2c(c1)OC(=Cc1ccc(N(C)C)cc1)C2=O
mol_6731,CCOC(=O)NC(Nc1ccc(F)cc1F)(C(F)(F)F)C(F)(F)F
mol_6732,CC1=CC(=O)N2Cc3cc(Cl)ccc3N=C2N1
mol_6733,O=C(C=Cc1ccccc1Cl)c1ccc(Cl)c(Cl)c1
mol_6734,O=[N+]([O-])c1ccc(-c2nc(O)c3cc(Cl)ccc3n2)cc1
mol_6735,CC(C)(C)[Si](C)(C)OCC1OC(n2ccc(=O)[nH]c2=O)C(CCN(O)CC2OC(n3ccc(=O)[nH]c3=O)C(O[Si](C)(C)C(C)(C)C)C2O[Si](C)(C)C(C)(C)C)C1O[Si](C)(C)C(C)(C)C
mol_6736,COc1cccc(C(=O)Oc2ccc(OS(=O)(=O)c3ccc(C)cc3)cc2)c1C#N
mol_6737,CC1C=CC(O)C2(CO)CC3(CCC12)OCCO3
mol_6738,COC(=O)C(C(=NO)C(=O)Nc1cccc(Cl)c1C)c1cnc2ccccc2n1
mol_6739,Cc1cc(S(=O)(=O)Nc2nc(=N)n(-c3cnc4ccccc4n3)[nH]2)c(S)cc1Cl
mol_6740,CC(C)C(=O)CC(c1ccc(Br)cc1)N1N=C(C(C)C)CC1c1ccc(Br)cc1
mol_6741,COC1=CC(=O)C(Br)=CC1=O
mol_6742,O=C1C2=C(C(c3ccccc3)=C1c1ccccc1)c1ccccc1C1(c3ccccc3)C2=C(O)C(c2ccccc2)=C1c1ccccc1
mol_6743,Cc1[nH]c2ccccc2c1C1Cc2ccccc2N1.Cl
mol_6744,[Na+].c1ccc2c(c1)[SH+][Pb]1([SH+]2)[SH+]c2ccccc2[SH+]1
mol_6745,Nc1nccc2c1ncn2C1OC(CO)C(O)C1O
mol_6746,CC(=CC(=O)OCCCCCCCC(=O)NC1CCCNC1=O)CC1OCC(CC=CC(C)C(C)O)C(O)C1O
mol_6747,NC(CCOCCP(=O)(O)CCC1C=CC=CC1)C(=O)O
mol_6748,NNC(=O)CC(=O)Nc1ccc(Cl)cc1
mol_6749,CC(C=CC=C(C)C=CC1=C(C)C(=O)C(O)CC1(C)C)=CC=CC=C(C)C=CC=C(C)C=CC1=C(C)C(=O)C(O)CC1(C)C
mol_6750,CC(=O)C(=CN1CC(=O)NC1=S)C(=O)Nc1ccc([N+](=O)[O-])cc1
mol_6751,N#CC(=Cc1ccccc1)c1ccccc1
mol_6752,Cc1cc(S(=O)(=O)Nc2nc(N)nc(N(C)C)n2)c(SC(C(=O)O)c2ccccc2)cc1Cl
mol_6753,CC(=Cc1ccccc1)n1c(=O)cc(C)n1C
mol_6754,COc1ccccc1[B-]12OCC[N+]1(CNC(=O)C1=C(O)C(N(C)C)C3CC4C(=C(O)C3(O)C1=O)C(=O)c1c(O)cccc1C4(C)O)CCO2
mol_6755,CCc1oc2ccc(OC)c3ccccc1c23
mol_6756,Cc1ccc(CC(Cc2ccc(C)cc2C(=O)O)C(=O)O)cc1
mol_6757,CCC(O)(COC(N)=O)c1ccccc1
mol_6758,OCC(O)C(OCc1ccccc1)C(NCc1ccccc1)c1cccs1
mol_6759,CN(C)c1ccc(C2=C([O-])c3cc(-[n+]4ccccc4)ccc3C2=O)cc1
mol_6760,CC(=O)Nc1ccc(CNc2cc(=O)n(C)c(=O)[nH]2)cc1
mol_6761,O=C1NC2(C=Cc3c(ccc4ccccc34)O2)Oc2ccccc21
mol_6762,C=C(COC(=O)CC1(CC(=O)O)CCCC1)C1CCC2(COC(=O)CC3(CC(=O)O)CCCC3)CCC3(C)C(CCC4C5(C)CCC(OC(=O)CC6(CC(=O)O)CCCC6)C(C)(C)C5CCC43C)C12
mol_6763,CCCc1ccc(NCc2cc(OC)c(OC)c(OC)c2)cc1.Cl
mol_6764,CC(=O)NC1C(OCC(=O)N2CCCC2C(=O)NC(CCC(=O)NCCCCCNc2ccc([N+](=O)[O-])c3[nH]c4ccccc4c(=O)c23)C(N)=O)C(O)C(CO)OC1(C)OCc1ccccc1
mol_6765,CC(C)=CC[PH](CCCCCC[PH](CC=C(C)C)(c1ccccc1)c1ccccc1)(c1ccccc1)c1ccccc1
mol_6766,COc1cc(C=C2CCCC(=Cc3cc(OC)c(O)c(OC)c3)C2=O)cc(OC)c1O
mol_6767,Cc1cccc2c1Oc1cc(Cl)ccc1C2NC(=O)CCN1CCOCC1.Cl
mol_6768,CN1CCC2(CC1)C(NC1CCCCC1)=NC(=O)N2c1ccccc1.Cl
mol_6769,COc1cc(C2c3cc4c(cc3OC(NNS(=O)(=O)c3ccc(C)cc3)C2C)OCO4)cc(OC)c1O
mol_6770,COC(=O)C1CC(C(=O)OC)c2nc3cc(C)ccc3nc21
mol_6771,N#Cc1ncoc1N
mol_6772,O=C1c2ccccc2CC1C1(O)C(=O)Nc2c(Cl)cc(Cl)cc21
mol_6773,O=C1NC2CCCCC2C12CCCCC2
mol_6774,CC(=NO)c1ccc(OCc2cc(C(F)(F)F)cc(C(F)(F)F)c2)cc1
mol_6775,CC(=O)Nc1ccc(C=Cc2ccc(N=C=S)cc2S(=O)(=O)O)c(S(=O)(=O)O)c1
mol_6776,CC(C)=CCCC(C)C1=C(O)C(=O)C(C)=C(Nc2ccccc2)C1=O
mol_6777,O=C1C2CC(O)C3C(=O)C4CC(O)C1C4C23
mol_6778,CC(C)CNC12CN3CN(CN(C3)C1)C2
mol_6779,O=S(O)CCCSSCCCCSSCCCS(=O)O.[NaH]
mol_6780,CC(C)C(Sc1nc(-c2ccccc2)c(-c2ccccc2)[nH]1)C(=O)NN=Cc1ccc([N+](=O)[O-])cc1
mol_6781,OCC1C=CC(n2cnc3c(O)ncnc32)CC1
mol_6782,COc1ccc(CC2NCCc3cc(OC)c(OC)cc32)cc1
mol_6783,Clc1ccc(-n2nnc(C3=NCCCN3)c2-c2ccccc2)cc1
mol_6784,CS(=O)(=O)c1ccc(C=C2C=Cc3ccccc32)cc1
mol_6785,C1CCNCC1.S=C(S)N1CCCCC1
mol_6786,O=C1C2=C(c3ccccc31)C(c1ccccc1)NC(=S)N2
mol_6787,CCC12CCCN(CCBr)C1c1c(n(C)c3ccccc13)C(C(=O)OC)C2
mol_6788,O=S(=O)(c1ccc(Cl)c(Cl)c1)c1ccc(Cl)c(Cl)c1
mol_6789,Cc1n[nH]c(=O)n1C1CC1
mol_6790,COC(=O)C(=O)C(C(=O)C(=O)Nc1cccc(C(C)=O)c1)c1nc2ccc([N+](=O)[O-])cc2nc1O
mol_6791,C(#CC1(Nc2ccccc2)CCN(Cc2ccccc2)CC1)C1(Nc2ccccc2)CCN(Cc2ccccc2)CC1
mol_6792,Cc1[nH]c2ccccc2c1C(=O)CC1(O)C(=O)Nc2ccccc21
mol_6793,CCCCCCCCCC(O)CC(=O)c1c(O)cccc1O
mol_6794,c1ccc(-c2nc3nc4ccccc4nc3nc2-c2cccnc2)nc1
mol_6795,Cc1nc(N)c(-c2ccccc2)s1
mol_6796,CC(=O)OCC12CC(OC(C)=O)C(C)=CC1OC1C(O)C(O)C2(C)C12CO2
mol_6797,CN(C)CC1C2C=CC(C3CC23)C1CN(C)C
mol_6798,CCCC[Sn](CCCC)(OC(=O)CN)OC(=O)CN
mol_6799,S=C1N=C(Cl)C(=Cc2ccccc2)N1
mol_6800,CC(=O)[OH+][Zn-2]12[OH+]c3c(Cl)cc(Cl)cc3C=[N+]1[N-]c1cccc[n+]12
mol_6801,O=C(O)C1CC1
mol_6802,O=C(O)c1cc2cc3c(cc2c2ccccc12)OCO3
mol_6803,O=C(OCCN=C1c2ccccc2CCc2ccccc21)c1cc([N+](=O)[O-])cc([N+](=O)[O-])c1
mol_6804,O=[N+]([O-])C(=C(NCc1ccccc1)NCc1ccccc1)C(Cl)=C(Cl)Cl
mol_6805,OCCN(CCO)CN(CO)c1nc(N(CO)CN(CCO)CCO)nc(N(CO)CN(CCO)CCO)n1
mol_6806,CCCCCCCCCNC(=N)CSSCC(=N)NCCCCCCCCC
mol_6807,O=C1C(=Cc2cccc(F)c2)CCc2ccccc21
mol_6808,COc1c(C(=O)O)cccc1-c1cccc(C(=O)NCCN(CCNC(=O)c2cccc(-c3cccc(C(=O)O)c3OC)c2OC)CCNC(=O)c2cccc(-c3cccc(C(=O)O)c3OC)c2OC)c1OC
mol_6809,O=C(Nc1cccc2c1C(=O)c1c(NC(=O)c3ccccc3)ccc(Nc3cccc4c3C(=O)c3ccccc3C4=O)c1C2=O)c1ccccc1
mol_6810,NNC(=O)CCc1c[nH]c2ccccc12
mol_6811,O=C1NC23CC=CCC12CCC3
mol_6812,CCCCCCCCCCCCCCCC(=O)NCC(COP(=O)([O-])OCC[N+](C)(C)C)OC
mol_6813,CCC(C)C(NC(=O)CNC(=O)CN)C(=O)NCC(=O)NCC(=O)O
mol_6814,COc1ccc(C2ON(c3cccc(C)n3)CC=C2C)cc1
mol_6815,COc1cc(N)c2c(c1)SC(C)C(=O)N2
mol_6816,Cc1cn(Cc2ccccc2CCO)c(=O)[nH]c1=O
mol_6817,CC(Oc1ccc(OCC2CCCCC2)cc1)C(N)=O
mol_6818,O=C(NC12CC3CCC1CC(C3)C2)C1CCCN1C(=O)OCc1ccccc1
mol_6819,CCOc1ccc(N2C(=O)NC3(c4ccccc4)N(C)C(=O)N(C)C23c2ccccc2)cc1
mol_6820,CC1=[N+]2[N-]C(N3CCCCCC3)=[S+][Cu-3]2(Cl)[n+]2ccccc21
mol_6821,CC1(C)OCC(COC(=O)C=[N+]=[N-])O1
mol_6822,[N-]=[N+]=C(C(=O)OCC#CCOC(=O)C(=[N+]=[N-])S(=O)(=O)c1ccccc1)S(=O)(=O)c1ccccc1
mol_6823,CC1CCCC2(C1)OCC(O)CO2
mol_6824,CC(=O)NC(CS)C(=O)NC(CO)C(=O)NC(CO)C(=O)NC(Cc1c[nH]c2ccccc12)C(=O)N1CCCC1C(=O)NC(CO)C(=O)NC(Cc1c[nH]c2ccccc12)C(=O)NC(Cc1c[nH]cn1)C(=O)NC(CO)C(=O)NC(Cc1c[nH]c2ccccc12)C(=O)NCC(=O)NCC(=O)NC(C)C(=O)NC(CCC(N)=O)C(=O)NC(CCCCN)C(=O)NC(C)C(=O)NC(CCCNC(=N)N)C(=O)NC(CCCCN)C(N)=O
mol_6825,COC(=O)c1oc(-c2ccccc2)c(-c2ccccc2)c1C(=O)OC
mol_6826,CN(C)CCNC(=O)Cn1cnc2cccc([N+](=O)[O-])c2c1=O.Cl
mol_6827,Cc1ccc(Cl)c2c(=O)c3ccc([N+](=O)[O-])cc3sc12
mol_6828,C=C(c1ccccc1)C1ON(C)CCc2cc(OC)c(OC)cc21
mol_6829,CC(C)C(=N)Nc1ccc(Cl)c(Cl)c1
mol_6830,COc1ccc(C2SC(=S)N(Cc3ccc(Cl)cc3)N2Cc2ccc(Cl)cc2)cc1
mol_6831,CCCC[As](CCCC)SC1CCC2(C)C(=CCC3C4CCC(=O)C4(C)CCC32)C1
mol_6832,O=c1oc2ccccc2n1CCN1CCCCC1
mol_6833,COc1cc(C=CC(=O)c2sc(-n3nc(-c4ccccc4)cc3-c3ccccc3)nc2C)ccc1O
mol_6834,CC(=O)C(=Cc1ccco1)C(=O)Nc1ccccc1
mol_6835,Nc1nc(N)c2nc(-c3ccccc3)c(N)nc2n1
mol_6836,CCNC(=S)NN=Cc1cc(OC)ccc1O
mol_6837,CC(C)=CCc1cc(C2COc3cc4c(c(O)c3C2=O)C=CC(C)(C)O4)c(O)cc1O
mol_6838,Nc1ncnc2c1S(=O)(=O)NCN2
mol_6839,CCCCCCCCCCC(OC(C)=O)C1CCC(C2CCC(C(O)CC#CC=CCCCCCCCC3(Sc4ccccc4)CC(C)OC3=O)O2)O1
mol_6840,CN(C)c1ccc(C=C(C#N)c2c(Br)cccc2Br)cc1
mol_6841,FC(F)=C(c1ccc(-c2ccc(Cl)cc2)cc1)C(F)(F)F
mol_6842,COc1cc2c(c(OC)c1OC)C1CCCCC1SCC2=O
mol_6843,CSc1nc2c(=O)oc(-c3ccccc3)nc2s1
mol_6844,C[Si](C)(C)CCOCN(C(=O)C1=CCC2(CC1)OCCO2)c1ccccc1I
mol_6845,O=c1[nH]c(=O)n(COCc2ccccc2)c2ccc([N+](=O)[O-])cc12
mol_6846,O=C1CN(C(=O)c2ccccc2)Cc2[nH]c3ccccc3c21
mol_6847,CCCC1(CC(=O)O)OCCc2c1[nH]c1ccccc21
mol_6848,CCOC(=O)NC(C)(C)CN(CCO)C(=O)OCC
mol_6849,Oc1cc(Cl)cc2cc(Cl)cnc12
mol_6850,CC1OC(=O)C2(CO)N(C)C(=O)C(C)C12O
mol_6851,COc1cc2c(cc1Oc1c(O)c(OC)cc3c1C(C)N(C)CC3)C(C)N(C)CC2
mol_6852,CSc1nc(S)nc2[nH]nc(C)c12
mol_6853,O=[N+]([O-])c1ccc(C2ON=C(c3ccccc3)N2C23CC4CC(CC(C4)C2)C3)cc1
mol_6854,CCC1(N=[N+]=[N-])C(=O)c2ccccc2N(C)C1=O
mol_6855,O=C(CCC(=O)NN=Cc1ccccc1O)NN=Cc1ccccc1O
mol_6856,CCCCSCCC(N)P(=O)(O)O
mol_6857,O=P1(N2CCCCC2)OCC2(CO1)COP(=O)(N1CCCCC1)OC2
mol_6858,O=[N+]([O-])c1ccccc1SS(=O)(=O)c1ccc(Cl)cc1
mol_6859,CCSC1=NC(=Cc2ccccc2O)C(Nc2ccc(C)cc2)=N1
mol_6860,COC(=O)C1Cc2c(OC)ccc(OC)c2CC(C(=O)OC)C1=O
mol_6861,CC12CC(OC(=O)C1(C)O)C(C1(O)CCC3C4CC5OC56C(O)C=CC(=O)C6(C)C4CCC31C)C2
mol_6862,CC1CN=C(N(C(=O)Nc2ccc(Cl)c(Cl)c2)c2ccccc2)S1
mol_6863,c1csc(-c2csc(-c3cccs3)c2)c1
mol_6864,COC1(c2ccccc2)Oc2ccccc2C(=O)C1(O)C[N+](=O)[O-]
mol_6865,Cc1cc2c(cc1C)[n+]([O-])c(C(=O)CC(=NNC(=O)CC#N)C(=O)Nc1ccccc1C(F)(F)F)c(C)[n+]2[O-]
mol_6866,O=C1C(CO)=C(CO)C(=O)c2c(O)ccc(O)c21
mol_6867,CC(C)C(O)(C(=O)OCC1=CC[N+]2([O-])CCC(O)C12)C(C)O
mol_6868,COc1ccc(-c2c(C#N)c(S)nc3c2C(=O)CC(C)(C)C3)cc1
mol_6869,CNC(=O)CN(CC(=O)O)C(=O)NC
mol_6870,O=C1CC2C(=O)NC(=O)C2C(=O)N1
mol_6871,Nc1ncnc2c1ncn2C1OC2(CCSC2)C(O)C1O
mol_6872,N=c1[nH]nc(CCC(=O)Nc2cc(Cl)ccc2Cl)n1N
mol_6873,Cc1cccnc1NC(=S)Nc1ccccc1Cl
mol_6874,CC(=O)OC(C)(C)C=CC(=O)C(C)(O)C1C(O)CC2(C)C3CC=C4C(C=C(O)C(=O)C4(C)C)C3(C)C(=O)CC12C
mol_6875,COc1ccc(OC)c2c3c([nH]c12)C(=O)Nc1nc(N)nc(N)c1C3
mol_6876,O=C1C=C(C2CCCO2)C(=O)c2c(O)ccc(O)c21
mol_6877,COC(=O)C=CCCC#Cc1ccccc1C#CCCC=CC(=O)OC
mol_6878,CNC(=O)OCc1cnc([N+](=O)[O-])n1C
mol_6879,CC(=O)OC1(C)CC(=O)OCC23CCC(C)=CC2OC2CC(OC(=O)C=CC=CC(C(C)O)OCC1O)C3(C)C21CO1
mol_6880,COc1ccc(C(Nc2ccc([N+](=O)[O-])cc2)P(=O)(c2ccccc2)c2ccccc2)cc1
mol_6881,COC(=O)C(C(=O)C(=O)Nc1ccccc1C)c1nc2ccc([N+](=O)[O-])cc2nc1O
mol_6882,CCCCCCC(=O)CC(=NNC(N)=S)C(=O)NC1C2CC3CC(C2)CC1C3
mol_6883,Cc1cn(C2CC(N(O)Cc3ccccc3)C(CO)O2)c(=O)[nH]c1=O
mol_6884,Cc1cc(O)c2c(n1)c1c(c3nc(C)c(O)cc32)Oc2ccccc2O1
mol_6885,CCOP(=O)(Nc1ccc(N(C)C)cc1)OCC
mol_6886,CCOC(=O)CCC(NC(=O)c1ccc(Nc2nc3cc(C(F)(F)F)ccc3nc2-c2ccccc2)cc1)C(=O)OCC
mol_6887,O=[N+]([O-])c1ccc(-n2cccc2)cc1
mol_6888,C=CCC1C(=O)CC2(C)C(CC=C)C(=O)CC12C
mol_6889,C=CCCCN1CCCC(C)C1=S
mol_6890,CC(=O)OC1CCC2C3CCC4C(=O)c5oncc5CC4(C)C3CCC12C
mol_6891,CCCCCCCC(=O)OCC1OC(OC)C(NC(=O)N(CCCl)N=O)C(O)C1O
mol_6892,COc1cc(OC)cc(N(C)Cc2cnc3nc(N)nc(N)c3c2C)c1.Cl
mol_6893,CCOC(=O)C(O)=C1C(=O)N(C)C(=O)C1c1cccc(OC)c1
mol_6894,CC(=O)Nc1ccccc1NC1CC(C)N(c2ccccc2)N1C(C)=O
mol_6895,Nc1nc(O)c2c(n1)NCC(CNc1ccc(C(=O)NC(CCC(=O)O)C(=O)O)cc1)N2C=O
mol_6896,Clc1c2ccccc2[se][n+]1Cc1ccccc1
mol_6897,Cc1cnc2c(c1C)C(=O)c1ccccc1C2=O
mol_6898,Sc1nnc(S)c2[nH]cnc12
mol_6899,Cl.N=c1n(CC(=O)NC23CC4CC(CC(C4)C2)C3)c2ccccc2n1Cc1ccccc1
mol_6900,CC(=O)OCC1(O)CCC23CC1CC2CCC1C(C)(C)CCCC13C
mol_6901,CCCCCCC(C)S(=O)(=O)O
mol_6902,OCc1ccc2c(c1)CC1(C2)Cc2cc3c(cc2C1)CCC3
mol_6903,Cc1cccc(C(C)(C)C)c1NC(=O)CC1Sc2ccccc2NC1=O
mol_6904,O=C1C(=Cc2ccccc2O)Cc2ccccc21
mol_6905,COc1cc2ccnc(C(OC(=O)c3ccccc3)c3ccc(OC)c(OC)c3OC)c2cc1OC
mol_6906,C=C1C(=O)CC23CCCC12CC(OCOC)C3
mol_6907,CCCCCCCC1c2cc3nc(cc3C)cc3[nH]c(cc4nc(cc([nH]2)C1(C)CC(=O)N(C)C)c(C)c4CCC(=O)O)c(CCC(=O)O)c3C
mol_6908,COc1ccc(N2C(=O)C3c4[nH]c5c(C)cccc5c4C4CCC(C(C)(C)C)CC4C3C2=O)cc1
mol_6909,N#CC(=Cc1ccc(Cl)cc1)c1nc(-c2cc3ccccc3oc2=O)cs1
mol_6910,O=C(C[n+]1ccccc1)c1ccc(O)c(O)c1
mol_6911,CC(C#N)NCc1ccccc1
mol_6912,N=c1ccn(C2OC(CO)C(O)C2Br)c(=O)[nH]1
mol_6913,O=C(CC(NC(=O)C(F)(F)F)C(=O)O)OCc1ccccc1
mol_6914,CCCCCC(C=NNc1ccccc1)C(O)(C(F)(F)F)C(F)(F)F
mol_6915,N=C(N)NN=C(c1nc2ccc([N+](=O)[O-])cc2nc1O)C(O)c1ccco1
mol_6916,NC(=S)C1=C(N)Oc2c(c(=O)oc3ccccc23)C1c1ccc(Br)cc1
mol_6917,CC1=CC(=O)c2c(C=O)c(O)c(O)c(C(C)C)c2C1=O
mol_6918,COC1(C(C)(C)C)C=C(C(C)(C)C)P(=O)(O)O1
mol_6919,CCOC(=O)C=CCCCC(N1CCCC1)n1nnc2ccccc21
mol_6920,COC(=O)C(C(=NN)C(=O)Nc1cc(Cl)ccc1Cl)c1nc2ccc([N+](=O)[O-])cc2nc1O
mol_6921,O=C(CNC(=O)c1cnc2ccccc2n1)NCCCNC(=O)CNC(=O)c1cnc2ccccc2n1
mol_6922,CCCC[Sn]1(CCCC)OCC(c2ccccn2)CO1
mol_6923,CCCCc1ccc(C#CC#Cc2ccc(CCCC)s2)s1
mol_6924,O=C(O)C(=O)O.c1ccc(C(CNCCN2CCCCCC2)C2CCCCC2)cc1
mol_6925,Cc1cc(=O)n2ccnc2[nH]1
mol_6926,O=C1C=CC(=O)c2c1c1c(c3c2C2c4ccccc4C3c3ccccc32)C2c3ccccc3C1c1ccccc12
mol_6927,Oc1ccc(O)c(-n2cccn2)c1
mol_6928,CCCCCCCC(=O)c1ccc(O)c(C(=O)Nc2ccc(C(F)(F)F)cc2)c1
mol_6929,O=c1c(SCc2ccccc2)c(N2CCOCC2)cnn1-c1ccccc1
mol_6930,O=C(NNC(=O)c1cccc(C(=O)NNC(=O)c2ccc(Cl)c(Cl)c2)n1)c1ccc(Cl)c(Cl)c1
mol_6931,C=C(C)C1(OC(=O)c2cc([N+](=O)[O-])cc([N+](=O)[O-])c2)CC2CCCCC21
mol_6932,Cc1ccc(S(=O)(=O)NNS(C)(=O)=O)cc1
mol_6933,Cc1nc(O)nc(NN=Cc2ccc(Cl)cc2)c1C(=O)Nc1ccc(Cl)cc1
mol_6934,c1ccc2cc3c(cc2c1)Cn1c-3nc2ccccc21
mol_6935,CN(C)c1ccc(C(=C(c2ccc(N(C)C)cc2)c2ccc(N(C)C)cc2)c2ccc(N(C)C)cc2)cc1
mol_6936,CS1(=O)=NC(=N)c2ccccc21
mol_6937,O=C1O[IH2](C#Cc2ccccc2)c2ccccc21
mol_6938,Cc1cccc(-c2nnc3sc(=Cc4ccc(N(C)C)cc4)c(=O)n23)c1
mol_6939,COc1ccc(NC(=O)C(=O)C(CC2C(=O)NC(=S)NC2=O)C(=O)c2ccc3ccccc3c2)c([N+](=O)[O-])c1
mol_6940,CCOC(=O)c1nc2c(Cl)c3ncccc3cc2nc1O
mol_6941,COc1ccc(C2SC(=Cc3ccccc3)C(=O)N2NC(=O)Cc2ccccc2)cc1
mol_6942,CCc1nc(N)nc(C(=O)NCCNC(=O)c2nc(N)nc(CC)c2C)c1C
mol_6943,N#CC(=Cc1ccc(O)c(O)c1)C(=O)OCc1ccccc1COC(=O)C(C#N)=Cc1ccc(O)c(O)c1
mol_6944,c1ccc2c(c1)ccn2CCc1c[nH]c2ccccc12
mol_6945,Nc1ccc(C(=O)NC(=Cc2cccc([N+](=O)[O-])c2)c2nc3c4c(ccc3[nH]2)C(=O)c2ccccc2C4=O)cc1
mol_6946,N#CCC(=O)N1CCCOCCC1
mol_6947,CC(=O)OCC1OC(n2c(N)c(C#N)c(-c3ccccc3)c(C#N)c2=S)C(OC(C)=O)C(OC(C)=O)C1OC(C)=O
mol_6948,C1SCSCS1
mol_6949,CC(=O)OCC1OC(n2c(=S)[nH]c(-c3ccccc3)c(C#N)c2=O)C(OC(C)=O)C(OC(C)=O)C1OC(C)=O
mol_6950,Cc1ccc(NC(Nc2ccc(C)cc2C)=C(C=C(Cl)[N+](=O)[O-])[N+](=O)[O-])c(C)c1
mol_6951,COC(=O)C(C#N)=CNC(=S)Nc1ccccc1
mol_6952,O=C1NCN(c2ccccc2)C12CCN(Cc1ccccc1)CC2
mol_6953,Nc1ccc(S(=O)(=O)NC(CSSCC(NS(=O)(=O)c2ccc(N)cc2)C(=O)O)C(=O)O)cc1
mol_6954,O=c1c2c([nH]n1-c1nc(O)cc(-c3ccccc3)n1)CCCC2
mol_6955,CN(C)CCNc1c([N+](=O)[O-])sc2ccc(Cl)cc12
mol_6956,CC1=CCN(C2CC(C)C(=O)N2)C1=O
mol_6957,CC#CCCC1CCCCN(C(=O)OC(C)(C)C)C1OCC
mol_6958,NC(=O)NN=C1CC2C3CC4C2C4C13
mol_6959,CCN(CC)CC(C)C(O)(c1ccc(Cl)cc1)C1CCCCC1
mol_6960,CCCCOC(=O)NC(Nc1ccc(S(N)(=O)=O)cc1)(C(F)(F)F)C(F)(F)F
mol_6961,C1=[N+]2c3ccccc3[SH+][Ni-4]234([O+]=C1c1ccco1)[O+]=C(c1ccco1)C=[N+]3c1ccccc1[SH+]4
mol_6962,CC(C)(C)OC(=O)NCC(=O)NC1CC(=NO)c2sccc21
mol_6963,Cc1nnc(NC(=O)c2cc(=O)c3ccccc3o2)s1
mol_6964,COc1cc2c(cc1OC)C1C3CCCCC3CCN1CC2.Cl
mol_6965,CC1=CC2=[N+]3C1=Cc1cc(C)c4n1[Cu-3]31n3c(c(C)c(CCC(=O)O)c3=CC3=[N+]1C(=C4)C(C)=C3CCC(=O)O)=C2
mol_6966,CN(C)c1cccc2c(S(=O)(=O)NCCCCCCCCCCCCNS(=O)(=O)c3cccc4c(N(C)C)cccc34)cccc12
mol_6967,C#CCNC(CCCNC(=N)N)C(=O)O
mol_6968,O=C(O)CC1NC(C(=Cc2ccccc2)NC(=O)c2ccccc2)OC1=O
mol_6969,C[N+](C)(C)CC(=O)NN=C(Cc1cc(=O)oc2cc(O)ccc12)C(=O)Nc1ccc(Cl)cc1.[Cl-]
mol_6970,CCOC(=O)c1ccc(CS(=O)(=O)c2ccc(Cl)cc2)c([N+](=O)[O-])c1
mol_6971,COc1ccc(SCc2cc(OCc3ccccc3)c(OCc3ccccc3)c(OCc3ccccc3)c2)cc1
mol_6972,O=C(c1ccccc1)c1cccc(C(=O)c2ccccc2)c1
mol_6973,NN=c1nc2[nH]o[nH]c-2nc1=NN
mol_6974,CC(C=NNC1=NCCCCN1)=NNC1=NCCCCN1.I
mol_6975,C1COCCOCCOCCOCCOCCO1.Cl[Sn](Cl)(c1ccccc1)c1ccccc1
mol_6976,CN1CCC(OC(=O)Oc2ccccc2)(c2ccccc2)CC1
mol_6977,CCN1CN(c2ccccc2)C2(CCN(CCCSc3ccc(F)cc3)CC2)C1=O.Cl
mol_6978,CC(C)(C)C1CCC2c3c([nH]c4ccccc34)C3C(=O)N(c4ccccc4)C(=O)C3C2C1
mol_6979,CCOC(=O)NN(C(=O)OCC)C(C(=O)C1CCCCC1)N(NC(=O)OCC)C(=O)OCC
mol_6980,NC(=O)NN=C(CC1C(=O)Oc2ccccc21)c1ccccc1O
mol_6981,CN(C)N=Cc1cn(C)c(=O)n(C)c1=O
mol_6982,CC1CNC(=S)SSC(=S)N1
mol_6983,C=CCOc1cc2c(ccc1=O)-c1c(cc(OC)c(OC)c1OC)CCC2NC(C)=O
mol_6984,CN(N=Cc1ccnc2ccccc12)c1c([N+](=O)[O-])cc([N+](=O)[O-])cc1[N+](=O)[O-]
mol_6985,CC(C=CC1=C(C)CCCC1(C)C)=CC=CC(C)=CC=NN=CC=C(C)C=CC=C(C)C=CC1=C(C)CCCC1(C)C
mol_6986,CC(=O)[OH+][Ni-3]12([OH+]C(C)=O)Oc3c(Cl)cc(Cl)cc3C=[N+]1[N-]C(c1ccncc1)=[O+]2
mol_6987,CC(C)N(C(=O)C12C3C4C1C1C2C3C41I)C(C)C
mol_6988,CCCCCCC(=O)C(O)C(O)C(=O)CCCCCCCC(=O)O
mol_6989,O=C1OC(=O)C2C1C(c1ccccc1)N1C3C(=O)OC(=O)C3C(c3ccccc3)N21
mol_6990,CC(C)(C)OC(=O)N(CCNS(=O)(=O)c1cccc2cnccc12)CCC(=O)ON1C(=O)CCC1=O
mol_6991,NC(=O)c1cnc2sc3ccccc3n2c1=O
mol_6992,COc1ccc(OC)c2c(=S)c3ccccc3[nH]c12
mol_6993,N#Cc1c(NC(=S)Nc2ccccc2)sc2c1CCCC2
mol_6994,COc1cccc(NC(S)=C(C(=O)c2ccc(C)cc2)[n+]2ccccc2)c1
mol_6995,COc1ccc(C=Cc2ccc3ccccc3n2)c(OC)c1
mol_6996,COC(=O)C1ON2C(C1C(=O)OC)C(C)(C)N(O)C2(C)C
mol_6997,O=C1C(c2ccccc2)=C(O)c2cccc3cccc1c23
mol_6998,Sc1ccccc1-n1c(-c2ccccc2)ccc1-c1ccccc1
mol_6999,O=C(C=Cc1ccc(O)c(O)c1)OC1CCCCC1OC(=O)C=Cc1ccc(O)c(O)c1
mol_7000,OC1(C#Cc2ccc3c(c2)OCO3)CCCC1NCc1ccccc1
mol_7001,COC1(OC)CC(CO)(CNc2nc(N)nc(Cl)c2C=NO)C1
mol_7002,CC(C)CCCC(C)C1CCC2C3CCC4CC(CCC=C(c5cc(Cl)c(OC(=O)c6ccccc6)c(C(=O)O)c5)c5cc(Cl)c(OC(=O)c6ccccc6)c(C(=O)O)c5)CCC4(C)C3CCC12C.[NaH]
mol_7003,CCOC(=O)c1ccc(N=c2sc3ccccc3nc2Nc2ccc(C(=O)OCC)cc2)cc1
mol_7004,CN(CCO)c1nc(N)cc(O)n1
mol_7005,C=CCOC(=O)NC1C(OC(C)C(NC(=O)OCc2ccccc2)C(=O)OC(C)(C)C)OC(COC(C)=O)C(OC(C)=O)C1OC(C)=O
mol_7006,COC(=O)C(Cc1ccccc1)NP(=O)(O)OCC1OC(n2cc(I)c(=O)[nH]c2=O)CC1O
mol_7007,O=C1C(=Cc2cc(O)c(O)c(O)c2)Oc2cc(O)cc(OC3OC(CO)C(O)C(O)C3O)c21
mol_7008,O=[N+]([O-])c1cc(Cl)ccc1S(=O)(=O)c1ccc(Cl)cc1[N+](=O)[O-]
mol_7009,CC(CC(=O)N(C(C)C)C(C)C)=NNC(=O)c1ccncc1
mol_7010,CCOC(=O)C(Cl)C1(O)Cc2cccc3cccc1c23
mol_7011,COc1ccc(NC(=O)C2C(=O)N(c3ccc(OC)cc3)C(=O)C2=NNC(N)=O)cc1
mol_7012,CC1(CO[N+](=O)[O-])OC(=O)N2CCCC21
mol_7013,COc1cc(C2C(=O)C(Cl)N2Nc2nc(C)cc(O)n2)cc(OC)c1OC
mol_7014,CSC12c3cc(C)n(-c4ccc([N+](=O)[O-])cc4)c3CC(C)(C)CN1C(=O)C2Oc1ccccc1
mol_7015,N=C1NC(=O)C(CC(=O)Nc2ccc(Cl)cc2Cl)S1
mol_7016,CCCCC(N)CSSCC(N)CCCC.Cl
mol_7017,COC(=O)c1cc(=O)n(C)c2ccc(OC)cc12
mol_7018,O=C(CNc1nccs1)Nn1cnc2ccc(S(=O)(=O)Nc3nccs3)cc2c1=O
mol_7019,C=CCOC(=O)C1(C)C(=O)CCC1CCC=CC(C)=O
mol_7020,COc1ccc(C=NNC(N)=O)cc1
mol_7021,c1ccc2c(c1)-c1ccccc1C2NC1=NCCO1
mol_7022,CN1CN(c2ccccc2)C2(CCN(CCCC3(c4cccs4)OCCO3)CC2)C1=O.O=C(O)C=CC(=O)O
mol_7023,S=C(Nc1ccc2cn[nH]c2c1)Nc1ccc2cn[nH]c2c1
mol_7024,CN(C)c1ccc(N=C2C=CC(=C(C#N)C#N)c3ccccc32)cc1
mol_7025,ClC(Cl)(Cl)C1OCOC(C(Cl)(Cl)Cl)OCO1
mol_7026,Nc1ccnc2c1ncn2C1CC(O)C(CO)O1
mol_7027,O=[N+]([O-])c1ccc(Sc2c3ccccc3nc3cc(Cl)ccc23)cc1
mol_7028,COC(=O)C(C=O)=CSc1ccccc1
mol_7029,[O+]#C[Fe-3](C#[O+])(C#[O+])([PH]1(c2ccccc2)C2C=CC=CC1C=C2)[PH]1(c2ccccc2)C2C=CC=CC1C=C2
mol_7030,CC1CCC2C(C)COC3OC4(C)CCC1C32OO4
mol_7031,Cc1ccc(S(=O)(=O)N2CCC(C(=O)O)=Cc3c2[nH]c(=O)n(-c2ccccc2)c3=O)cc1
mol_7032,COC1C=COC2(C)Oc3c(C)c(O)c4c(O)c(cc(OCC(=O)N5CCC(O)(Cc6ccccc6)CC5)c4c3C2=O)NC(=O)C(C)=CC=CC(C)C(O)C(C)C(O)C(C)C(OC(C)=O)C1C
mol_7033,N#CCOc1ccc(C=CC(=O)c2ccc(Cl)cc2)cc1
mol_7034,O=C(NCCCNCCN1C(=O)c2cccc3cc([N+](=O)[O-])cc(c23)C1=O)c1cc(-c2ccccc2)nc2ccccc12
mol_7035,FC(F)(F)c1nc2c(ccc3[nH]c4c(-c5ccccc5)nccc4c32)[nH]1
mol_7036,CSc1nc(N)c2c(n1)NCNS2(=O)=O
mol_7037,O=C1C2C(C(=O)N1c1ccccc1)C1(Br)c3ccccc3C2(Br)C2C(=O)N(c3ccccc3)C(=O)C21
mol_7038,CC(=O)NC1C(=O)N(c2ccccc2)C1c1ccccc1
mol_7039,O=C(NCc1ccc2ccc3cccnc3c2n1)c1ccc[n+](Cc2ccccc2)c1.[Br-]
mol_7040,S=P1(Oc2ccccc2)NNP2(=NP(Cl)(Cl)=NP(Cl)(Cl)=N2)NN1
mol_7041,O=C(C=Cc1ccc(O)c(O)c1)OC(Cc1ccc(O)c(O)c1)C(=O)O
mol_7042,CCOC(=O)C1=NN(c2ccccc2)C(=O)C1=CNC(N)=S
mol_7043,O=c1n(CCCCn2c(=O)n(CC3CS3)c3ccccc32)c2ccccc2n1CC1CS1
mol_7044,Cc1ccc(S(=O)(=O)NN=C(C(=O)Nc2cccc([N+](=O)[O-])c2)c2nc3ccc([N+](=O)[O-])cc3nc2O)cc1
mol_7045,COc1ccc(CCN(C)CCCC2(C#N)c3ccccc3-c3ccccc32)cc1OC
mol_7046,COc1cc(N=Nc2ccccc2)ccc1NCS(=O)(=O)O
mol_7047,CC(C)C(C=Cc1ccc(Cl)c(Cl)c1)=NNC(=O)NN=C(C=Cc1ccc(Cl)c(Cl)c1)C(C)C
mol_7048,CN(C)CCNC(=O)c1cc(NC(=O)c2cc(NC(=O)CCC=C3C4CCC3N=N4)cn2C)cn1C
mol_7049,CSc1nc(O)c(C#N)c(-c2ccc(C)cc2)n1
mol_7050,CCCCNC(C)(C)C(SSSC(C)=O)c1ccco1
mol_7051,CC(=O)OCC1OC(c2nc3ccccc3s2)=CC(OC(C)=O)C1OC(C)=O
mol_7052,CC#CC(O)(C(=O)OC1CN2CCC1CC2)C(C)C
mol_7053,COC(=O)c1c2c(cc3nc4ccccc4nc13)OCO2
mol_7054,O=c1oc2cccnc2n1CCN1CCN(c2ccc(Oc3ccccc3)cc2)CC1
mol_7055,CC[Ge](CC)(CC)OC(=O)C(O[Ge](CC)(CC)CC)c1ccccc1
mol_7056,OCC(O)C(OC1OC(CO)C(O)C(O)C1O)c1nn(-c2ccccc2)c2nc3cc(Cl)ccc3nc12
mol_7057,C=C1CC2OC2(C(=O)OC2CCC3C4CCC5=CC(=O)CCC5(C)C4CCC23C)C1=O
mol_7058,CSC1(SC)CCCCCCCCCCC1
mol_7059,CN(C)c1ccc(C(C#N)NNC(=O)Cc2ccccc2)cc1
mol_7060,c1ccc2c(c1)nc1n2CSC1
mol_7061,COc1cc(CC2Cc3cccc(O)c(=O)c3C(=O)O2)cc(OC)c1OC
mol_7062,C=CCOc1ccc(C2(O)c3ccccc3C3=NCCCN32)cc1
mol_7063,CC(CS)C(=O)N1c2ccccc2CC1C(=O)O
mol_7064,N#CCCN(CCC#N)c1ccc(C=C2N=C(c3ccccc3)N(c3ccccc3)C2=O)cc1
mol_7065,CCOC(=O)c1cc2sc(NC(=O)c3cccs3)nc2o1
mol_7066,CSCCC(NC(=O)OCc1ccccc1)P(=O)(O)c1ccccc1
mol_7067,O=C(NCCCn1ccnc1[N+](=O)[O-])C(=O)NCCCn1ccnc1[N+](=O)[O-]
mol_7068,C1=NN2C(=NC3=C(Cc4ccccc43)C2c2ccccc2)N1
mol_7069,COc1cc(C)c(C=CC(=O)N2C(=O)OCC2c2ccccc2)c(C)c1
mol_7070,CC(=O)[O-].O=[N+]([O-])c1ccc2c(c1)C=[N+]1CC[N+]3=Cc4cc([N+](=O)[O-])ccc4[OH+][Mn+3]13[OH+]2
mol_7071,O=C(O)C1CSC(c2cccs2)N1
mol_7072,O=C1OCc2c1cc1cc3c(cc1c2-c1ccc2c(c1)OCO2)OCO3
mol_7073,CC(=O)Nc1ccc2cc(-c3ccc(Cl)cc3)c3nnnn3c2n1
mol_7074,CS(=O)(=O)OCCN1CCN(C(=O)c2cccc3c(Nc4ccc(S(=O)(=O)NC(=N)N)cc4)c4ccccc4nc23)CC1
mol_7075,c1csc(-c2ccc(-c3ccsc3)s2)c1
mol_7076,COc1ccc(CC2Cc3cc(OC)c(OC)cc3CN2C)cc1.Cl
mol_7077,COc1ccccc1NC(=O)CC(=O)N1N=C(N(c2ccccc2)c2ccccc2)CC1c1ccccc1
mol_7078,O=C(NCCCN1CCN(CCCNC(=O)c2cnc3ccccc3n2)CC1)c1cnc2ccccc2n1
mol_7079,O=C(C=Cc1c(O)ccc2ccccc12)c1ccccc1Cl
mol_7080,COC12C(COC(N)=O)C3=C(C(=O)C(C)=C(N4CCCC4)C3=O)N1CC1NC12
mol_7081,COC(=O)c1ncc2c(O)nc3ccccc3c2c1C(=O)OC
mol_7082,CCC(Oc1c2ccoc2c(OC)c2oc(=O)cc(O)c12)C(=O)O
mol_7083,CC(=NNC(=O)CC(=O)N(C(=O)c1ccccc1Cl)c1ccc(C)cc1)c1cc2ccccc2oc1=O
mol_7084,Cn1c2ccccc2c2nnc(NN=Cc3cccs3)nc21
mol_7085,N=c1ccn2c(n1)OC1C(O)C(CCl)OC12
mol_7086,CCc1c(Cc2ccccc2)n(COCCCO[Si](C)(C)C(C)(C)C)c(=O)[nH]c1=O
mol_7087,COc1ccc(NC(=O)C(=O)NNC(=O)c2sc(NNC(C)=O)nc2C)c([N+](=O)[O-])c1
mol_7088,Cn1c(=O)c2nc(O)c(O)nc2n(C)c1=O
mol_7089,COc1cc(C2C(Cl)C(=O)N2NC(=O)c2ccccc2O)cc(OC)c1OC
mol_7090,COc1ccc2c(c1OC)C(=O)OC2C1c2cc3c(cc2CCN1C)OCO3
mol_7091,CSC1=Nc2ccccc2SC(c2ccccc2)C1c1ccccc1
mol_7092,Cc1ccc(Nc2[c-](C#N)[n+](=O)c3cc(Cl)ccc3[n+]2[O-])cc1
mol_7093,Oc1cnnc2c(Cl)cccc12
mol_7094,N#Cc1nc(Cc2ccccc2)oc1N
mol_7095,O=C(Nc1cccc(F)c1)c1c(O)nc(S)nc1O
mol_7096,COc1cccc(C=C(C(C)=O)C(=O)c2ccccc2)c1
mol_7097,CN(C)c1ccc(C=C2Oc3ccc(Cl)cc3C2=O)cc1
mol_7098,O=C(CCCCCCCCC(=O)N1C(=O)CC(=O)N(c2ccccc2)C1=S)N1C(=O)CC(=O)N(c2ccccc2)C1=S
mol_7099,OC1CN=C2C=CC=CN2C1
mol_7100,CC(=O)O.CNCCNc1ccc2c3c(nn2CCNCCO)-c2c(O)ccc(O)c2C(=O)c13
mol_7101,COc1cc(C2SCC(=O)N2NC(=O)c2ccc(NC(C)=O)cc2)cc(OC)c1OC
mol_7102,CCC(=O)OC1C(C)CC2(OC(C)=O)C1C(OC(C)=O)C13COC(C)(C2OC(C)=O)C1C1C(CC1(C)OC(C)=O)C(OC(=O)c1ccccc1)C3=O
mol_7103,O=C(O[Bi](c1ccccc1)c1ccccc1)c1ccccc1
mol_7104,CN(C)c1ccc(N=Nc2ccc(C=Cc3ccnc4ccccc34)cc2)cc1
mol_7105,C[n+]1c(COc2ccc(C=NNC(=O)c3cccc(C(=O)NN=Cc4ccc(OCc5cn6ccccc6[n+]5C)cc4)c3)cc2)cn2ccccc21.Cc1ccc(S(=O)(=O)O)cc1
mol_7106,O=C(O)CCSC(=O)Nc1cccc(F)c1
mol_7107,O=S1(=O)OCCOS(=O)(=O)C1Cc1nc2ccccc2[nH]1
mol_7108,O=C1Nc2nccnc2C(=O)N2CCCC12
mol_7109,Nc1nc(N)nc(-c2cnccn2)n1
mol_7110,O=C(N=Nc1ccc([N+](=O)[O-])cc1[N+](=O)[O-])NNc1ccc([N+](=O)[O-])cc1[N+](=O)[O-]
mol_7111,CCOC(=O)C(=Cc1ccc(Cl)cc1)P(=O)(OCC)OCC
mol_7112,SC1N=C(c2ccccc2)N2C(S)N=C(c3ccccc3)N12
mol_7113,COC(=O)c1ccc(CSc2ccc(Cl)cc2)cc1
mol_7114,COc1ccc2c(=O)c(-c3ccc(OC)c(OC)c3)c(C)oc2c1
mol_7115,O=C1CC(c2ccsc2)NC(=O)N1CCCl
mol_7116,Cl.O=C1CCCCC1CN(Cc1ccccc1)Cc1ccccc1
mol_7117,Cc1cc(C)c2c(=N)c3ccccc3n(CCCCCCCCn3c4ccccc4c(=N)c4c(C)cc(C)nc43)c2n1.Cl
mol_7118,O=C(NC1CN2CCC1CC2)C(c1ccc(F)cc1)c1ccc(F)cc1
mol_7119,COC(=O)CC1C(C)(C)C(=O)C2CC3=C4CC(=O)OC(c5ccoc5)C4(C)CCC3C1(C)C2=O
mol_7120,COc1ccccc1C(=O)O[Sn](c1ccccc1)(c1ccccc1)c1ccccc1
mol_7121,C=CCOCn1cnc2c(O)nc(N)nc21
mol_7122,CCCn1c2ccccc2c2ccc3c(c21)C(=O)C=CC3=O
mol_7123,COc1ccccc1C1C2=C(COC2=O)Oc2cc3c(cc21)OCO3
mol_7124,O=c1oc2ccccc2c(-c2ccc(O)cc2)c1Oc1ccc(Cl)cc1
mol_7125,COC(=O)c1cccc(COC(=O)c2cc(C(=CCCC3CCC4(C)C(CCC5C4CCC4(C)C(C(C)CCCC(C)C)CCC54)C3)c3cc(Cl)c(OCc4cccc(C(=O)OC)c4)c(C(=O)OCc4cccc(C(=O)OC)c4)c3)cc(Cl)c2OCc2cccc(C(=O)OC)c2)c1
mol_7126,CCOC(=O)C=C1c2ccccc2C(=O)N1CC(=O)OCC
mol_7127,COP1(=O)OCc2cnccc2O1
mol_7128,CCN(CC)Cc1cc(Nc2c3ccccc3nc3c2[nH]c2ccccc23)cc(CN(CC)CC)c1O.Cl
mol_7129,O=C(c1ccccc1[N+](=O)[O-])C(Br)C(Br)c1ccc(Cl)c(Cl)c1
mol_7130,Cc1ccc2nc(CN3CCCC(O)C3)cc(=O)n2c1
mol_7131,CC(C)[Si](OC12CCC(CC1O)CC2C(=O)O)(C(C)C)C(C)C
mol_7132,CC(C)N(O)C(=N)c1ccccc1.Cl
mol_7133,Cc1cc(O)nc(NNC(C#N)c2cccc(O)c2)n1
mol_7134,CC1CCC2(C(=O)O)CCC3(COC(=O)C=Cc4ccc(O)cc4)C(=CCC4C5(C)CCC(O)C(C)(C)C5CCC43C)C2C1C
mol_7135,CN1CC(=Cc2ccc(Cl)cc2)C(=O)C(=Cc2ccc(Cl)cc2)C1.Cl
mol_7136,CC(NC(=O)C(=O)NN=C1CC(c2ccccc2)Sc2ccccc21)c1ccccc1
mol_7137,CON=Cc1c2c(O)c3c(O)c(C)c4c(c3c1O)C(=O)C(C)(OC=CC(OC)C(C)C(OC(C)=O)C(C)C(O)C(C)C(O)C(C)C=CC=C(C)C(=O)N2)O4
mol_7138,c1sc(NC2=NCCO2)c2c1CCCC2
mol_7139,O=C1OCc2nc3cccc4cccc(c43)n21
mol_7140,CC(O)c1ccc(C(O)C(=NNC(=O)c2ccncc2)c2nc3ccc([N+](=O)[O-])cc3nc2O)cc1
mol_7141,CCSc1c2cc(OC)ccc2nc2ccc(OC)cc12
mol_7142,Clc1cccc(-c2sc(-c3ccsc3)cc2Cc2ccsc2)c1
mol_7143,O=C(O)C1C(C(=O)O)C1(Br)CBr
mol_7144,Cl.O=C(C=Cc1ccco1)N1CCN(Cc2ccccc2)CC1
mol_7145,COC(=O)C1(O)C(c2ccccc2)=NC2(C)CCCC21
mol_7146,COC(=O)C(C(=O)C(=O)Nc1cccc(OC)c1)c1cnc2ccccc2n1
mol_7147,COC(=O)C=C(C(=O)OC)c1c2c3c(cc(OC)c(OC)c3c3ccccc13)CCN2C
mol_7148,Cc1ccc2c(c1)CC1(Cc3cc(C)ccc3C1=O)C2=O
mol_7149,C=C1C(=O)OC2CC(C)C3CC(OC)OC(OC)C3(C)CC12
mol_7150,Nc1nc(O)nc(N)c1N=O
mol_7151,COC(=O)C1=CNC(C(=O)OC)=NN1
mol_7152,CC1(c2ccccc2)CC(c2cccc([N+](=O)[O-])c2)=NO1
mol_7153,CCNC(=N)C(C)SS(=O)(=O)O
mol_7154,COc1ccc(C(CC(=O)O)c2ccccc2)cc1
mol_7155,CC(NC(=O)C(C)NC(=O)C(CC(N)=O)NC(=O)CN)C(=O)NC(CO)C(=O)NC(C)C(=O)NC(CCCNC(=N)N)C(N)=O
mol_7156,N#CCCN(CCCN(CCCN(C(=O)Nc1ccccc1)c1ccccc1)C(=O)Nc1ccccc1)C(=O)Nc1ccccc1
mol_7157,CN1CCN(C(=S)N(C(=O)c2ccco2)c2ccccc2)CC1
mol_7158,CCN(CC)C(=O)CC12CCCCC1=Nc1ccccc12
mol_7159,COC1=NC2=CC(=O)c3c(c(O)c(C)c4c3C(=O)C(C)(OC=CC(OC)C(C)C(OC(C)=O)C(C)C(O)C(C)C(O)C(C)C=CC=C1C)O4)C2=O
mol_7160,CC(=O)NC(CO)C(=O)NC(Cc1ccc(O)cc1)C(=O)NCC(N)=O
mol_7161,CCN(C(=O)NC(CC(C)C)C(=O)NCC(=O)OC)c1ccccc1
mol_7162,Cc1ccc(S(=O)OCC23CC4CC(CC(C4)C2)C3)cc1
mol_7163,NC(=S)NN=CC(=CNc1ccccc1)[N+](=O)[O-]
mol_7164,CC[Ge](CC)(CC)OC(=O)C(OC(C)=O)c1ccccc1
mol_7165,CC12C3CCC1C(O)C(=O)N2CC3
mol_7166,CCOC(=O)c1nc2cc(F)c(F)cc2nc1NCc1cc(OC)c(OC)c(OC)c1
mol_7167,N#CC1(C#N)C2CCC=C(Sc3ccccc3)C21
mol_7168,CCOC(=O)C(=Cc1ccc(Br)cc1)C(=O)c1ccccc1
mol_7169,COc1cc(C(=O)NN=CN(C)C)cc(OC)c1OC
mol_7170,O=C(NCCCCNCCCNC(=O)OCc1ccccc1)OCc1ccccc1
mol_7171,CCOC(=O)C(C(=O)OCC)C(NC(=O)Nc1cc(C(F)(F)F)ccc1OC)(C(F)(F)F)C(F)(F)F
mol_7172,CCN(CC)CC(C)(C)C(=O)C=Cc1ccc(C)cc1
mol_7173,N#CC=Cc1ccc(F)cc1
mol_7174,O=C(NCCCNC(=O)c1ccc2cc(O)c(O)cc2c1)c1ccc2cc(O)c(O)cc2c1
mol_7175,O=C(C(=NNc1ccc([N+](=O)[O-])cc1[N+](=O)[O-])NC12CC3CC(CC(C3)C1)C2)C(Br)C(=O)c1ccccc1
mol_7176,CCOC(=O)C(C(=O)OCC)C(C(=O)OCC)(C(=O)OCC)C(C(=O)OCC)C(=O)OCC
mol_7177,NC(CCSSCCC(N)C(=O)O)C(=O)O
mol_7178,CCCCOC1CC2(c3ccc(OC)cc3)C(=O)c3ccccc3N2O1
mol_7179,COc1cccc2c1C(=O)c1ccc3cc(CCl)cc(O)c3c1C2=O
mol_7180,COc1ccc(C(=O)C=Cc2ccc(OCCCOc3ccc(C=CC(=O)c4ccc(OC)c(OC)c4)cc3)cc2)cc1OC
mol_7181,COc1ccc(N=c2ssc3c(=S)ssc23)cc1
mol_7182,CC(C)(C)OC(=O)NC(Cc1ccc(O)cc1)C(=O)NC(CCCCN)C(=O)NC(Cc1ccc(O)cc1)C(=O)NC(CCCCN)C(=O)ON1C(=O)CCC1=O
mol_7183,CC(=O)Oc1c2c(c(OC(C)=O)c3c1C(=O)c1ccccc1C3=O)CCC(C(C)O)=C2
mol_7184,Br.C(=Cc1ccc(-c2cn3cc(C=CC=NNC4=NCCN4)ccc3n2)cc1)C=NNC1=NCCN1
mol_7185,CN(C)CC1CCCC(CN(C)C)C1=NOC(=O)c1ccccc1.Cl
mol_7186,CCOC(=O)CSC(=O)NCCCl
mol_7187,Cc1c2c(cc3c1C(=O)C(O)=C(C(C)CO)C3=O)C(C)(C)CCC2
mol_7188,NCC(=O)NC(CCCC(NC(=O)CN)P(=O)(O)O)P(=O)(O)O
mol_7189,CCCCCCOc1ccc(C(=O)N(C)O)cc1
mol_7190,COc1ccccc1C=C1NC(=S)N(C=C2C(=O)Oc3ccccc3C2=O)C1=O
mol_7191,O=S(O)c1cc(Cl)cc(Cl)c1OCc1ccccc1.[NaH]
mol_7192,O=C1C(=Cc2ccccc2)N=C(c2ccccc2)N1n1c(-c2ccccc2)nc2ccccc2c1=O
mol_7193,Cc1cn(C2CC(O)C(COC(=O)CCCCCCCCCCBr)O2)c(=O)[nH]c1=O
mol_7194,COc1ccc(-c2nnc3c4ccccc4sn23)cc1
mol_7195,CSc1nc(O)c2nccnc2n1
mol_7196,OCC1OC(O)C(N=CC=Cc2ccccc2)C(O)C1O
mol_7197,Brc1ccccc1C=NC12CC3CC(CC(C3)C1)C2
mol_7198,CCC[CH-][N+](=O)C1CC(n2cc(C)c(=O)[nH]c2=O)OC1CO[Si](C)(C)C(C)(C)C
mol_7199,O=C1CSC(=S)N1N1C(=O)CSC1=S
mol_7200,O=C(O)c1nc2sc(C(=O)O)nc2s1
mol_7201,Cc1c2c(n(CCN(C)C)c1C)NN=C(C#N)S2(=O)=O
mol_7202,CCCCC=C(c1cc(Cl)c(OC)c(C(=O)OC)c1)c1cc(Cl)c(OC)c(C(=O)OC)c1
mol_7203,Nc1ccc(C(=O)NN2C(=O)C(Cl)C2c2cc(Br)ccc2O)cc1
mol_7204,CC(CN1C(=O)c2ccccc2C1=O)=NNS(=O)(=O)c1cccc([N+](=O)[O-])c1
mol_7205,CCN(CC)CCOc1ccc(C=C(C#N)c2ccc(N(CC)CC)cc2)cc1
mol_7206,Br.CN1C(C)(C)C(Br)C(=O)C(Br)C1(C)C
mol_7207,C=CC1(C)C=C2C(O)CC3C(C)(C(=O)OC)CCCC3(C)C2CC1
mol_7208,COc1cc2c3c(c1OC)C(=O)C=C3N(S(=O)(=O)c1ccc(C)cc1)CC2
mol_7209,N=C(CSS(=O)(=O)O)NCCc1ccc(O)cc1
mol_7210,CN(C)c1ccc(C=C(NC(=O)c2ccccc2)c2nc3ccccc3c(=O)o2)cc1
mol_7211,O=c1c(=Cc2ccccc2)sc2n1C(c1ccccc1)C1(O)CCCCC1N=2
mol_7212,Cc1ccc(Nc2nc(N)nc(O)c2N=O)cc1
mol_7213,COC(=O)C1C(C(=O)OC)C1(Br)CBr
mol_7214,CCOC(=O)c1sc2nc(-c3ccccc3)nn2c1CBr
mol_7215,Oc1nc2ccccc2c(O)c1-c1ccccc1
mol_7216,CCOC(=O)c1ccc(CS(=O)(=O)c2ccccc2C(=O)OCC)c([N+](=O)[O-])c1
mol_7217,CCc1c(O)nc2ccc(N)cc2c1C
mol_7218,Cc1ccc2c(c1)SCc1c-2[nH]c2ccccc12
mol_7219,CC(=O)Oc1cccc2c1C(=O)C(Br)(Br)CCC2
mol_7220,C=Cc1c(C)c2cc3nc(c4c5nc(cc6[nH]c(cc1[nH]2)c(C)c6CC)c(C)c5C(=O)C4C(=O)O)C(CCC(=O)O)C3C
mol_7221,COC(=O)C1=C(c2ccccc2)ON2C(C)(C)COC12C
mol_7222,CCCCCCCCCCCCCC=CC(OC(=O)c1ccccc1)C(CO)N=[N+]=[N-]
mol_7223,Cc1c(C2(c3cc(C(C)C)c(O)c(CN(CC(=O)O)CC(=O)O)c3C)OS(=O)(=O)c3ccccc32)cc(C(C)C)c(O)c1CN(CC(=O)O)CC(=O)O
mol_7224,CC(C)C(Cl)=NOC(=O)Nc1ccc(S(N)(=O)=O)cc1
mol_7225,CCOc1ccccc1NC(=O)C1=C(C)NC(C)=C(C(=O)Nc2ccccc2OCC)C1c1cccc([N+](=O)[O-])c1
mol_7226,O=S1(=O)c2ccccc2C(O)(c2ccccc2)c2ccccc21
mol_7227,CCOC(=O)CCC1(C(=O)OC)CCCC1=O
mol_7228,Cc1ccc2c3c(c(C)nc2c1)C(=O)c1ccccc1-3
mol_7229,C=CCNC(=O)CN1N=C(c2ccccc2)NN1
mol_7230,CCOc1ccc(N=Cc2cccc3cccnc23)cc1
mol_7231,Oc1ccccc1C=Nc1ccccc1SSc1ccccc1N=Cc1ccccc1O
mol_7232,COc1cc(CC2C(=O)OCC2C(OC(C)=O)c2ccc3c(c2)OCO3)c(Br)c(OC)c1OC
mol_7233,CCCCCCN(CCCCCC)N=Cc1c2c(O)c3c(O)c(C)c4c(c3c1O)C(=O)C(C)(OC=CC(OC)C(C)C(OC(C)=O)C(C)C(O)C(C)C(O)C(C)C=CC=C(C)C(=O)N2)O4
mol_7234,CC(C)(C)NC(=O)CCC1C(C(=O)NC(C)(C)C)C2(Cl)C(Cl)=C(Cl)C1(Cl)C2(Cl)Cl
mol_7235,O=C(CC1(O)C(=O)Nc2c(Cl)cc(Cl)cc21)c1ccc(Br)cc1
mol_7236,COc1cccc2c1OC(=O)C(S(=O)(=O)c1ccccc1)C2
mol_7237,COc1ccc(C(=O)CC2=Nc3nnc(CCCCCCCc4nnc5n4C(=O)C(CC(=O)c4ccc(OC)cc4)=N5)n3C2=O)cc1
mol_7238,Nc1nc(Cl)c2ncn(C3OC(CO)CC3F)c2n1
mol_7239,C=C(C)C1CCC(C)C(O)(C2CC(C(COC(=O)c3ccccc3)OC(=O)c3ccccc3)OC2=O)C1
mol_7240,CC(C)=CCCC(C)=CCCC1(C)C2COC(=O)C21
mol_7241,COCCN1CC(=O)N2Cc3ccccc3CN2C(=O)C1
mol_7242,COC1C=COC2(C)Oc3c(C)c(O)c4c(O)c(c(CNCc5ccccc5)c(O)c4c3C2=O)NC(=O)C(C)=CC=CC(C)C(O)C(C)C(O)C(C)C(OC(C)=O)C1C
mol_7243,COc1ccc(C=C(C(=O)OCC(C)C)c2ccc(OC)c(OC)c2)cc1OC
mol_7244,O=C(O)CCc1ccc(NC(=O)CN(CCO)CCO)cc1
mol_7245,Cc1nc2c(ccc3[nH]c4ccccc4c32)s1
mol_7246,Cc1c(CN=[N+]=[N-])c(C)c(CN=[N+]=[N-])c(C)c1CN=[N+]=[N-]
mol_7247,CN(C)C(=O)Nc1c([N+](=O)[O-])cc(C(F)(F)F)cc1[N+](=O)[O-]
mol_7248,N#CC1(C#N)NC(c2ccsc2)C(C#N)(C#N)NC1c1ccsc1
mol_7249,CC12CCC(=O)C(O)=C1CCC2=O
mol_7250,CCOC(=O)C(C#N)=C1c2ccccc2C(=O)C1(Cl)C(N)=O
mol_7251,CCc1cc(CCC(=O)Nc2c(C)cccc2C)n[nH]1
mol_7252,CSSCc1ccccc1
mol_7253,O=C1CCCCC1=C1C(=O)Nc2cc(F)ccc21
mol_7254,N=C1N(c2ccccc2)C(=O)CC(=O)N1c1ccccc1
mol_7255,O=[N+]([O-])c1ccc(C2OC3CC4C5CCCC5C3C4O2)cc1
mol_7256,IC[P+]1(c2ccccc2)CCCC1.[I-]
mol_7257,Cc1oc2c(C)c3oc(=O)cc(C)c3cc2c1CCl
mol_7258,COc1ccc(C=C(NC(=O)c2ccccc2)c2nc3ccccc3[nH]2)cc1OC
mol_7259,O=C(Nc1nc(O)c2ncn(C3OC(CO)C(O)C3O)c2n1)c1ccccc1
mol_7260,N#CC(c1ccccc1)N(CCOCCOCCN(C(=O)c1ccccc1)C(C#N)c1ccccc1)C(=O)c1ccccc1
mol_7261,CCC1CN2CCc3cc(OC)c(OC)cc3C2CC1CC1c2cc(OC)c(OC)cc2CCN1C(=O)C(Cc1c[nH]c2ccccc12)NC(=O)OC(C)(C)C
mol_7262,Br.O=C1C(CN2CCCCC2)CCCC1CN1CCCCC1
mol_7263,O=[N+]([O-])c1ccc(C(Cl)=Cc2ccc(C=C(Cl)c3ccc([N+](=O)[O-])cc3[N+](=O)[O-])cc2)c([N+](=O)[O-])c1
mol_7264,COC(=O)C1=CC2CC(C=C(c3ccccc3)C(=O)O1)C2
mol_7265,N.O=[N+]([O-])c1ccc(OP(=O)(O)OCC2OC(CP(=O)(O)O)C(O)C2O)cc1
mol_7266,Cc1cc(C)nc(Nc2nc3cc([N+](=O)[O-])ccc3[nH]2)n1
mol_7267,CC(=O)C1(O)Cc2c(O)c3c(c(O)c2C(OC2CC(N)C(O)C(C)O2)C1)C(=O)c1c(OCc2ccccc2)cccc1C3=O
mol_7268,Cc1cc(C)c(N)c(CO)c1
mol_7269,COP1(=S)OCC2CCCC2O1
mol_7270,COc1ccccc1N1C(=O)C(=Cc2cccc(Oc3ccccc3)c2)S(=O)(=O)C1c1ccccc1
mol_7271,CCCCCCCCCCCCCCCCP(=O)(OC)OC
mol_7272,Cc1ccc(C)c(N2C(=O)C(=O)C(c3nc4ccccc4o3)C(=NN)C2=O)c1
mol_7273,CC(=O)Oc1cc(OC(C)=O)c(CC=C(C)C)c(-c2cc3ccc(OC(C)=O)c(CC=C(C)CCC=C(C)C)c3o2)c1
mol_7274,N=C1NN(c2ccccc2)C(=O)C1C(=O)C(=O)Nc1cccc(C(F)(F)F)c1
mol_7275,CC(=O)Nc1cc2ccc(C)[n+]3c2c2c1ccc(C)[n+]2[Cu-3]31[n+]2c(C)ccc3cc(NC(C)=O)c4ccc(C)[n+]1c4c32.O=C1OC(C(O)C[O-])C(O)=C1O
mol_7276,COc1ccc(-n2c(SCC(=O)NC(=O)Nc3ccccc3)nc3c(Br)cc(Br)cc3c2=O)cc1
mol_7277,COC(=O)CC(NC(=O)OCc1ccccc1)C(C(C)=O)C(=O)OCc1ccccc1
mol_7278,O=C(O)CNc1c2ccccc2nc2ccccc12
mol_7279,Cc1n[nH]c2c1NC(=O)OC(C)C2
mol_7280,CCC=CCC=CCC=CCCCCCCCC(=O)OCC
mol_7281,O=C(c1ccc(Cl)cc1)c1ccc(N=[N+]([O-])c2ccc(C(=O)c3ccc(Cl)cc3)cc2)cc1
mol_7282,CCCCCCc1cn(C2CC(O)C(CO)O2)c(=O)[nH]c1=O
mol_7283,CC(=O)C1CC2(c3ccccc3)C(=O)c3ccccc3N2O1
mol_7284,COC(=O)C1CC(C=[N+](C)C)=C(SC)N1C(=O)OCc1ccccc1.[I-]
mol_7285,N#CC(C(=O)C(=O)C(C#N)c1ccc(Br)cc1)c1ccc(Br)cc1
mol_7286,CCc1ccccc1NC(=O)C1=C(C)NC(C)=C(C(=O)Nc2c(CC)cccc2CC)C1c1ccc2c(c1)OCO2
mol_7287,CC(O)C1OC(n2cnc3c(O)nc(N)nc32)C(O)C1O
mol_7288,O=C(N=Nc1cccc(Cl)c1)NNc1cccc(Cl)c1
mol_7289,CCOC(=O)CSc1[nH]c(NC(=S)Nc2ccccc2)c(C(N)=O)c1C(N)=O
mol_7290,ONC1=Nc2ccccc2OCc2cc(Br)c(Br)cc2COc2ccccc2N=C1NO
mol_7291,C=C(C)C1CC=C(C)CCCC2(CCC3=C(CC(C(=C)C)CC=C(C)CCC3)O2)C(=O)C1
mol_7292,O=C(c1ccc(NCN2C(=O)CCC2=O)cc1)c1ccc(NCN2C(=O)CCC2=O)cc1
mol_7293,COC(=O)C1=C(C(=O)OC)C2(c3ccccc3)c3ccccc3C(=O)C1N2C1CCCCC1
mol_7294,CC1OC(OC2C(Oc3c(-c4ccc(O)c(O)c4O)oc4cc(O)ccc4c3=O)OC(CO)C(O)C2O)C(O)C(O)C1O
mol_7295,COCCN1C2=CCCCC2=Nc2c(O)nc(N)nc21
mol_7296,COc1cccc(OC)c1C=NN1C(=O)c2ccccc2C1=O
mol_7297,Cc1cnoc1N=C1C=C(Nc2oncc2C)C(=O)c2ccccc21
mol_7298,O=c1[nH]c(=O)n(C2OC(CO)C(O)C2O)c2ncc(-c3ccc(-c4ccccc4)cc3)nc12
mol_7299,CC(O)C(NC(=O)C(CCCCN)NC(=O)C(CC(=O)O)NC(=O)C(N)Cc1ccccc1)C(=O)NC(CO)C(=O)NC(CC(N)=O)C(=O)NC(CO)C(=O)N1CCCC1C(=O)NC(Cc1ccc(O)cc1)C(=O)NC(Cc1c[nH]cn1)C(=O)NC(Cc1ccccc1)C(=O)O
mol_7300,Cc1ccc(-c2cc(=O)c3cc(C)c(C)c(C(=O)O)c3o2)cc1C
mol_7301,COC(=O)c1cc(O)nc2c1c(=O)n(C)c(=O)n2C
mol_7302,CN(C)C=Nc1ccn(CCO)c(=O)n1
mol_7303,C=C=C(Sc1ccccc1)C(C)(C)OC(C)=O
mol_7304,O=c1c2ccccc2nc(-c2cccc(Cl)c2)n1NC1OC(CO)C(O)C(O)C1O
mol_7305,COc1ccc(N2C(=O)C(=Cc3cc(OC)c(OC)c(OC)c3)SC2c2ccccc2)cc1
mol_7306,N#CC(C#N)=C1CCN2CCCc3cccc1c32
mol_7307,CCCCCC1=CC(=O)C1(Cl)Cl
mol_7308,O=C1N=C2SCCCN2C1(c1ccccc1)c1ccccc1
mol_7309,COc1ccc2c(c1)C(O)(C(F)(F)F)c1cc(C(=O)C(F)(F)F)c3ccccc3c1N2
mol_7310,COc1cc(C2OCC3C(c4ccc(O)c(OC)c4)OCC23)ccc1O
mol_7311,O=C(O)c1nn(-c2ccccc2-c2nnc(O)nc2O)c(=O)[nH]c1=O
mol_7312,COC(=O)C1=C(c2ccccc2)c2ccccc2C(=O)N(C2CCCCC2)C=C1
mol_7313,Sc1nc(S)c2nc[nH]c2n1
mol_7314,Oc1cc(Cc2ccccc2)c(Cc2ccccc2)cc1O
mol_7315,COc1ccc(CCc2ccccc2CC(=O)O)cc1
mol_7316,CC(=O)c1cc(CC2Cc3cc4c(cc3C2=O)CCC4)cc2c1CCC2
mol_7317,CC(=NN)c1ccc2[nH]c3c(C)cc([N+](=O)[O-])c(C)c3c2c1
mol_7318,CN(C)Cc1cc(C(=O)C=Cc2c(F)cccc2Cl)cc(CN(C)C)c1O.Cl
mol_7319,COc1cc2c(cc1O)C1CC(CC3CCCCN31)OC(=O)C=Cc1ccc(O)c-2c1
mol_7320,Oc1ccccc1C1[N+]2=Cc3ccccc3[OH+][Zr]23456([OH+]c2ccccc2C=[N+]13)[OH+]c1ccccc1C=[N+]4C(c1ccccc1O)[N+]5=Cc1ccccc1[OH+]6
mol_7321,CCC(C)C(NC(=O)C(CCCNC(=N)N)NC(=O)C(CC(=O)O)NC(=O)C(Cc1c[nH]cn1)NC(=O)C(N)CC(C)C)C(=O)NC(C(=O)NC(CC(C)C)C(=O)NCC(=O)NC(CC(=O)O)C(=O)O)C(C)CC
mol_7322,CN1c2ccccc2Sc2c(-c3ccccc3)n[nH]c21
mol_7323,Cc1nn(C(=O)CC(=O)Nc2ccccc2Cl)c(C)c1N=Nc1ccccc1F
mol_7324,COC1=C(C2(O)C(=O)N(C)c3ccccc32)C(=O)C(OC)=C(C2(O)C(=O)N(C)c3ccccc32)C1=O
mol_7325,COC(=O)C1=C(C)NC2(C)C(C(=O)OC)CC1C2(C(C)=O)C(C)=O
mol_7326,CCOP(=O)(OCC)C(C#N)Cc1ccco1
mol_7327,COC1OC2COc3ccccc3OC2C(NC(N)=S)C1OC
mol_7328,Cn1c2ccccc2c2ccc3c(c21)C(=O)C=CC3=O
mol_7329,Cc1cc(C)c2c(c1)CC(C)(C)C(=O)OC2=O
mol_7330,Cn1cnc([N+](=O)[O-])c1SC1=NCCS1
mol_7331,COc1cccc(C=[N+]2[N-]C(c3ccncc3)=[O+][Co-4]2(O)(O)([OH+]C(C)=O)[n+]2ccccc2)c1
mol_7332,CCN(CC)C(C)C(=O)Nc1cccc(Cl)c1C
mol_7333,COC(=O)c1ccc(C)cc1CC1Cc2cc(C)ccc2C1=O
mol_7334,CCOC(=O)C(=CNc1ccc(F)c(F)c1)C(=O)OCC
mol_7335,Cc1ccccc1[PH](Cc1ccccc1)(c1ccccc1)c1ccccc1
mol_7336,c1ccc2c(c1)[nH]c1c(N3CCOCC3)nnc(N3CCOCC3)c12
mol_7337,O=C(NCCN(CCNC(=O)c1cccc(O)c1O)CCNC(=O)c1cccc(O)c1O)c1cccc(O)c1O
mol_7338,COc1ccccc1NC(=S)NC=C(C#N)C(=O)c1ccc2ccccc2c1
mol_7339,CCCCCCCCCCCSSCCCCCCCCCCC
mol_7340,COc1cccc2c(Nc3ccc(S(=O)(=O)Nc4ncccn4)cc3)c3ccc([N+](=O)[O-])cc3nc12
mol_7341,O=C1c2ccccc2C(=O)c2c1nnn2-c1ccccc1
mol_7342,CC(=O)Nc1ccc(S(=O)(=O)NCCSSCCNS(=O)(=O)c2ccc(NC(C)=O)cc2)cc1
mol_7343,COc1ccc(-c2[nH]c(=N)n(C)c2SSc2c(-c3ccc(OC)cc3)[nH]c(=N)n2C)cc1.Cl
mol_7344,CCOC(=O)Cc1csc(NC=C2C(=O)Oc3ccccc3C2=O)n1.Cl
mol_7345,COc1ccc2c(c1)CC1COc3cc(OC)ccc3C1O2
mol_7346,O=S(CCCl)c1c2ccccc2nc2ccccc12
mol_7347,Cn1c(NN)nc2ccccc2c1=O
mol_7348,OCCN(CCO)c1ncnc2c1sc(=S)n2-c1ccccc1
mol_7349,COc1c(C)c2c(c(=O)c3c(C)cccc3n2C)c2c1c(=O)c1c(C)cccc1n2C
mol_7350,O=C(Oc1ccc(N=Cc2ccc3c(c2)OCO3)cc1)Oc1ccc(N=Cc2ccc3c(c2)OCO3)cc1
mol_7351,Cc1ccnc(NC(=O)Nc2cc(Cl)ccc2Cl)c1
mol_7352,S=C(C=C1SC(=Nc2ccccc2)C(=Nc2ccccc2)N1c1ccccc1)Nc1ccccc1
mol_7353,O=C1NC(NN=CC(O)C(O)C(O)C(O)CO)=NC1=Cc1ccccc1
mol_7354,CCn1nc(C)c2c1C(=O)NCC(=O)N2
mol_7355,CCN(CC)CC(C(=O)Nc1c(C)cccc1C)C(C)=NNC(N)=S
mol_7356,CN(CC#N)C(=O)Cc1ccc([N+](=O)[O-])cc1
mol_7357,COC1=CC=C2CC(=C1)CCC1C2CCC2(C)C(=O)CCC12
mol_7358,Cc1ccc(NC2=NC(=Cc3ccccc3)C(Cl)=N2)cc1
mol_7359,COc1ccc2c3c([nH]c2c1)CCN(CCCC(=O)c1ccc(F)cc1)C3
mol_7360,CC(=O)OCC1OC(n2c(Br)nc3c2c(=O)n(C)c(=O)n3C)C(OC(C)=O)C1OC(C)=O
mol_7361,O=C(O)c1ccc2c[n+]3ccccc3cc2c1
mol_7362,COn1c2ccccc2c2c1cc1cccc[c-]1[n+]2=O
mol_7363,COc1nc(N(C)C)nc2c1n(C)c[n+]2C.[Cl-]
mol_7364,C=C1CC[N+]2(C)CCCC12
mol_7365,CC(C)(CC1=CC(=O)C=CC1=O)Cc1ccccc1
mol_7366,Cc1nc2c(=O)[nH]c(=O)n(C)c2nc1O.c1ccncc1
mol_7367,CC1(C)CCC2(C(=O)O)C(O)CC3(C)C(=CCC4C5(C)CCC(OS(=O)(=O)O)C(C)(C)C5CCC43C)C2C1.[NaH]
mol_7368,CC1=CC(=O)c2cccc(NC3=NCCO3)c21
mol_7369,Cn1c(=O)ccc2cc(C(=O)c3ccccc3)ccc21
mol_7370,COC(=O)C(Cc1cn(C(C)n2cc(CC(NC(C)=O)C(=O)OC)c3ccccc32)c2ccccc12)NC(C)=O
mol_7371,CC1C(c2ccccc2)=CCON1c1ccccc1
mol_7372,C(=Cc1ccccc1)C=Nc1ccc(CCc2ccc(N=CC=Cc3ccccc3)cc2)cc1
mol_7373,CC1CN(c2ccc(Cl)cc2)CC(C)OC(=O)O1
mol_7374,CC(=S)N(c1ccccc1)c1ccccc1
mol_7375,N#CC(C#N)=Cc1ccc([N+](=O)[O-])cc1
mol_7376,O=C(CN1CCN(Cc2ccccc2)CC1)c1ccc2[nH]c(=O)oc2c1
mol_7377,CN(N=Cc1ccccc1C(=O)O)C1=NCCCCN1.I
mol_7378,CCCCCCCCCCC=CCC(=O)SCCNC(=O)CCNC(=O)C(O)C(C)(C)COP(=O)(O)OP(=O)(O)OCC1OC(n2cnc3c(N)ncnc32)C(O)C1OP(=O)(O)O
mol_7379,CCC12CCC(C#N)N3CCc4c(n(c5ccccc45)C(=O)C1)C32
mol_7380,CN(C)c1ccc(C2CC(=O)CC(c3ccc(N(C)C)cc3)C23C(=O)NC(=O)NC3=O)cc1
mol_7381,N#Cc1ccc(Nc2cnc3cc(N)ccc3n2)cc1
mol_7382,NC(=O)c1ncn(CCN2CCN(C(=O)NCCCCCCNC(=O)N3CCN(CCn4cnc(C(N)=O)c4N)CC3)CC2)c1N
mol_7383,Cc1nn(C(=O)c2ccccc2O)c2c1C(c1ccccc1)SC(=N)N2
mol_7384,CCN(CC)CCCNc1ccc([N+](=O)[O-])c2[nH]c3ccc(OC)cc3c(=N)c12
mol_7385,CC(NC(=O)c1ccccc1)C(=O)N(Cc1ccccc1)Cc1ccccc1
mol_7386,COc1ccc(C2SC(=Cc3ccc(OC)cc3OC)C(=O)N2NC(=O)Cc2ccccc2)cc1
mol_7387,O=C1c2cccc3cccc(c23)C(=O)N1NCCO
mol_7388,Oc1ccc(CCc2nc3ccccc3[nH]2)cc1
mol_7389,CC(C)c1ccc2c(c1)C=C1OC(=O)C3(C)CCCC2(C)C13
mol_7390,COc1ccc2c(c1)-c1c(c3ccccc3n1CCN1CCOCC1)CC2
mol_7391,CCCCCCCc1ccc(OC2OC(COC(C)=O)C(OC(C)=O)C(OC(C)=O)C2OC(C)=O)cc1
mol_7392,COc1ccc(C(C(N)=O)N2CCOCC2)cc1
mol_7393,CC(C)(C)[Si](C)(C)OCC1OC(n2cc(I)c(=N)[nH]c2=O)C(O[Si](C)(C)C(C)(C)C)C1O[Si](C)(C)C(C)(C)C
mol_7394,CN1CCCN2CCN(C)CCCN(CC1)CC2
mol_7395,CSc1nc(Cl)c2c(n1)Sc1nc3ccccc3n1N=C2
mol_7396,Cc1ccc(S(=O)(=O)NC2C(=O)c3ccccc3C(=O)C2n2cnc3ccccc32)cc1
mol_7397,CCOC(=O)C(C#N)=Cc1ccc2c(-c3c(OCC)ccc4cc(C=C(C#N)C(=O)OCC)ccc34)c(OCC)ccc2c1
mol_7398,Nc1ncnc2c1ccn2COC(CO)CO
mol_7399,COc1ccc2c(c1)c1c3n2CCNN=C3CCC1
mol_7400,CSc1nc(O)c(N=C(C)C(C)=O)c(NC2OC(COC(C)=O)C(OC(C)=O)C(OC(C)=O)C2OC(C)=O)n1
mol_7401,ClCCN1CCN(CCCl)[Co-4]123([O+]=C1C=CC=CC=C1[OH+]2)[O+]=C1C=CC=CC=C1[OH+]3.[O-][Cl+3]([O-])([O-])O
mol_7402,O=C(O)CCCCCCCC(=O)O
mol_7403,FC(F)(F)C1(C(F)(F)F)OC(Cl)(Cl)C(Cl)(Cl)O1
mol_7404,CCOC(=O)C(=O)Nc1c(C)cccc1C
mol_7405,Cl.NCCCN1CCN(CCCNc2ccc3ncn4c5ccccc5c(=O)c2c34)CC1
mol_7406,Oc1ccccc1C=NCc1ccco1
mol_7407,CC12CCC3=NCCCN3C1=CCC1C2CCC2(C)C1CCC2(C)O
mol_7408,O=C(ON=C1CCCC1=Cc1ccccc1)c1ccc(Cl)cc1
mol_7409,CC1(C)C2CCC(CN)(C2)C1N.Cl
mol_7410,CC(C)(C)OC(=O)N1CC(O)OC(c2ccccc2)C1c1ccccc1
mol_7411,CC1(C)CCCC2CC2CCC(C)(C)C1=O
mol_7412,C1CC(C2OCOC3COCOC32)OO1
mol_7413,CCCC[Sn]1(CCCC)OCC(C)O1
mol_7414,CC(=O)NC1C(OCC(=O)NCCNc2ccc([N+](=O)[O-])c3[nH]c4ccccc4c(=O)c23)C(O)C(CO)OC1(C)OCc1ccccc1
mol_7415,COc1cc(C=CC(=O)c2c([O-])on[n+]2-c2ccccc2)ccc1O
mol_7416,CC(C)(C)OC(=O)NCCCCC(NC(=O)c1ccccc1)C(N)=O
mol_7417,O=P(O)(O)c1ccccc1Oc1ccccc1
mol_7418,COc1cc(C2NCCC(c3ccccc3)(c3ccccc3)N2)cc(OC)c1OC.Cl
mol_7419,Cc1ccc2c(ccc(C=Cc3cc(C)c4cccnc4c3O)[n+]2C)c1
mol_7420,CC(=O)C(=[N+]=[N-])C(=O)N(C)CCC#N
mol_7421,COC(=O)C(Cc1c[nH]c2ccccc12)NC(=O)C(Cc1c[nH]c2ccccc12)NC(=O)C(Cc1c[nH]c2ccccc12)NC(=O)C(Cc1c[nH]c2ccccc12)NC(=O)OC(C)(C)C
mol_7422,O=C1NC(=O)C2C1c1[nH]c3ccccc3c1C1CCCC12
mol_7423,O=S(=O)(c1ccc(Cl)cc1)S(=O)(=O)c1ccc(Cl)cc1
mol_7424,O=C1C=CC2(CCC23C=CC(=O)O3)O1
mol_7425,COC(=O)C1(CC(=O)OC(C)(C)C)NCCc2c1[nH]c1ccccc21
mol_7426,COc1ccc(Cc2nnc(Nc3ccc(Br)cc3)nc2O)cc1OC
mol_7427,COc1cc(C2C(C(=O)Nc3ccc(Cl)c(Cl)c3)=C(C)NC(C)=C2C(=O)Nc2ccc(Cl)c(Cl)c2)ccc1O
mol_7428,Cc1c(C#N)c(=O)[nH]c(=O)n1CCN1CCN(C(=O)NCCCCCCNC(=O)N2CCN(CCn3c(C)c(C#N)c(=O)[nH]c3=O)CC2)CC1
mol_7429,O=C(NN=CC=Cc1ccccc1)C(O)C(O)C(=O)NN=CC=Cc1ccccc1
mol_7430,CCOC(=O)NC(Nc1cccc(F)c1)(C(F)(F)F)C(F)(F)F
mol_7431,COc1cc2c(cc1OC)CN1CCc3ccccc3CC1C2
mol_7432,O=C(NCCN1CCCC1)c1cn2c(ccc3sc4ccccc4c(=O)c32)n1
mol_7433,Cc1nn(C(=O)c2ccc(Cl)cc2)c2c1C(c1ccc([N+](=O)[O-])cc1)SC(=N)N2
mol_7434,Clc1ccc2nc3c(c(-c4ccccc4)nn3-c3ccccc3)c(-c3ccccc3)c2c1
mol_7435,CC(C)N(C(=O)C12C3C4C5C3C1(C(=O)N(C(C)C)C(C)C)C5(C#N)C42)C(C)C
mol_7436,COC(=O)c1ccc(OCc2ccc3nc(-c4ccccc4)c(Cl)nc3c2)cc1
mol_7437,Cn1c(=O)oc2cc(Br)ccc21
mol_7438,OCC1OC(n2ccc3c(O)ncnc32)C(O)C1O
mol_7439,N#Cc1c(O)c(N=Nc2ccc(Cl)cc2)c(=O)n2c1[nH]c1ccccc12
mol_7440,O=C1C(=Cc2cccc(Cl)c2)CCc2ccccc21
mol_7441,Nc1ccccc1CN1C(=O)c2ccccc2C1=O
mol_7442,CN(C)CC(CC1=C(CC(CN(C)C)N(C)C)CCC1)N(C)C
mol_7443,COC(=O)c1nn(-c2ccccc2)c(=O)cc1N=[N+]=[N-]
mol_7444,CC1CN=C(Nc2cccc(F)c2)S1
mol_7445,CC(C)C(NC(=O)OC(C)(C)C)C(=O)NCC(=O)OCc1ccccc1
mol_7446,CC(=O)OC1CC2OC(Cc3ccccc32)O1
mol_7447,Nc1ncnc2c1ncn2CC1OC(CO)C(CO)O1
mol_7448,NS(=O)(=O)c1nnc(NS(=O)(=O)c2cccc3cccnc23)s1
mol_7449,CN(C)C(=O)C1(c2ccc(Cl)cc2)CCN(CCCC(=O)c2ccc(F)cc2)CC1
mol_7450,COC1=CC(=O)C(OC)=C(C2C(=O)N(C)c3ccccc32)C1=O
mol_7451,COc1c(-c2ccccc2)nc2ccc(Oc3ccccc3)nn12
mol_7452,COc1ccc(C=NNc2nc3ccccc3c(=O)n2-c2ccccc2)cc1
mol_7453,CCOC(=O)c1c(C)c(C)n2c1NC(=O)C2
mol_7454,N#CC1C2C1C1C=CC2n2c(=O)n(-c3ccccc3)c(=O)n21
mol_7455,CC(C1=C(CCN(C)C)Cc2ccccc21)c1ccccn1.O=C(O)C=CC(=O)O
mol_7456,Cc1noc(-c2ccc(C(=O)O)[nH]2)c1Br
mol_7457,O=C(C(=Cc1ccccc1Cl)c1ccccc1)c1ccccc1
mol_7458,CC(C(O)c1ccccc1)N(C)N=Nc1nc2c([nH]1)c(=O)n(C)c(=O)n2C
mol_7459,O=C(Nc1ccc(S(=O)(=O)N=c2ncccn2C(=O)C(C(F)(F)F)C(F)(F)F)cc1)C(C(F)(F)F)C(F)(F)F
mol_7460,c1ccc2c(c1)OCc1nccn1-2
mol_7461,CN(C)N1C(=C(C#N)C#N)C(c2ccccc2)CC1C#N
mol_7462,O=[N+]([O-])c1cccc2[nH][s+]nc12
mol_7463,CCCCCCCCCCCCCCCCCCOc1ccc2c3nc4nc(nc5nc(nc6nc(nc(n3)c2c1)c1cc(OCCCCCCCCCCCCCCCCCC)ccc61)c1ccc(OCCCCCCCCCCCCCCCCCC)cc51)c1cc(OCCCCCCCCCCCCCCCCCC)ccc41
mol_7464,COc1c(Cl)c([Hg]OC(C)=O)c(NCC(C)=O)c(OC)c1[Hg]OC(C)=O
mol_7465,CN(C)C(=N)NC(=S)N(C)C
mol_7466,CCOC(=O)C(=Cc1ccco1)C(=O)c1ccccc1
mol_7467,COc1ccc(N2C(=O)C(=O)C3(CCCCC3)C2=O)c(OC)c1OC
mol_7468,COc1ccc(C2Nc3ccccc3NC3CC(C)(C)CC(=O)C32)cc1
mol_7469,COc1ccccc1C=CC(=O)N1CCC2(CC1)C(=O)N(C)CN2c1ccccc1
mol_7470,C=CCC(N(C)C(=O)C(Cc1ccccc1)NC(=O)OCc1ccccc1)P(=O)(Oc1ccccc1)Oc1ccccc1
mol_7471,NCC=C1C2CC3CC(C2)CC1C3
mol_7472,S=C1NC2=C(CSCC2=Cc2ccc(Cl)cc2)C(c2ccc(Cl)cc2)N1
mol_7473,ClCCCC1COc2ccccc2O1
mol_7474,CC(=Nc1cccc(Cl)c1)c1ccncc1
mol_7475,CON=C(C(=O)[N-]n1cn[n+](CC(=O)OC(C)(C)C)c1)c1csc(NC(c2ccccc2)(c2ccccc2)c2ccccc2)n1
mol_7476,CC1CC(c2ccccc2)=Nc2ccccc2S1(=O)=O
mol_7477,COc1ccc(C(=O)ON=C2CCCCC2=Cc2ccccc2)cc1
mol_7478,COP(=O)(OC)c1nc(P(=O)(OC)OC)nc(P(=O)(OC)OC)n1
mol_7479,COc1ccc(C=C2SC(=Nc3ccccc3)N(NC(=O)Cc3ccccc3)C2=O)cc1
mol_7480,COc1cc(C2C=C(c3ccccc3)Oc3cc4c(cc32)OCO4)cc(OC)c1OC
mol_7481,CCN1CCC(O)(c2ccc(Oc3ccc(F)cc3)cc2)C(C(=O)c2ccc(Oc3ccc(F)cc3)cc2)C1.Cl
mol_7482,COC1C=COC2(C)Oc3c(C)c(O)c4c(O)c(c(C=NN5C(C)CN(Cc6cccc(O)c6)CC5C)c(O)c4c3C2=O)NC(=O)C(C)=CC=CC(C)C(O)C(C)C(O)C(C)C(OC(C)=O)C1C
mol_7483,Cc1c(C=NNC(=O)c2cc(Br)cc(Br)c2O)c(=O)n(-c2ccccc2)n1C
mol_7484,CCOCNC(=N)NC#N
mol_7485,O=C(Nc1ccccc1)c1cc2ccccc2oc1=O
mol_7486,COC1=C(OC)C(=O)C(C(=O)CCCCC(=O)O)=C(C)C1=O
mol_7487,CCOC(=O)C=C1Oc2ccccc2C1(C)O
mol_7488,CNc1ccc(C)cc1S(=O)(=O)c1ccc([N+](=O)[O-])cc1
mol_7489,O=[W](=O)(O)O.[NaH]
mol_7490,OC1CN=C2c3ccccc3C(O)(c3ccc(Cl)cc3)N2C1
mol_7491,Cc1nc2[nH]c(=O)n(OS(=O)(=O)c3ccccc3)c(=O)c2s1
mol_7492,COC(=O)C=CC1CC(CCCOc2ccccc2)OC(c2ccccc2)O1
mol_7493,CNc1cc(OCc2ccccc2)c(OC)cc1C(=O)N1CCCC1CO
mol_7494,CC(=O)N(C)c1ccc(C=C2C=Cc3ccccc32)cc1
mol_7495,O=C(NNC(=O)c1ccncc1)c1ccncc1
mol_7496,CC1(C)CC2(CC(C)(C)c3cc(O)c(O)cc32)c2cc(O)c(O)cc21
mol_7497,O=c1ccn(C2CC(CO)CS(=O)C2)c(=O)[nH]1
mol_7498,CSC1SCC2C(=O)N(C)C(C(C)C)C(=O)OCC(NC(=O)c3cnc4ccccc4n3)C(=O)NC(C)C(=O)N(C)C1C(=O)N(C)C(C(C)C)C(=O)OCC(NC(=O)c1cnc3ccccc3n1)C(=O)NC(C)C(=O)N2C
mol_7499,Nc1nnc2c(n1)[nH]c1ccccc12
mol_7500,O=C1CC(CC(O)C2CCCCC2O)CC(=O)N1
mol_7501,CCOP(=O)(OCC)C(C#N)=Cc1cccc([N+](=O)[O-])c1
mol_7502,O=C1CC2C(CCC23CC3)N1
mol_7503,CCCCCCCCCCCCP(=O)(O)OCC(N)C(=O)O.N
mol_7504,COc1ccc(-c2cc(=O)cc(C(N)=O)o2)cc1
mol_7505,Cc1cc(C)nc(NS(=O)(=O)c2ccc(N=c3c4ccccc4n(Cc4ccccc4)c4ccccc34)cc2)n1
mol_7506,CC1COS(=O)(=O)CS(=O)(=O)O1
mol_7507,O=C(O)CC(NC(=O)C(=Cc1ccccc1O)NC(=O)c1ccccc1)C(=O)O
mol_7508,O=C1c2c(O)ccc(O)c2C(=O)c2c(NCCNCCO)ccc(NCCNCCO)c21
mol_7509,CC(C)OP(=S)(NC(=S)c1ccccc1)OC(C)C.[NaH]
mol_7510,COC(=O)Cc1nc2ccccc2o1
mol_7511,Cc1ccc(C)c(C2=CC(=Cc3ccc(N(CCC#N)CCC#N)cc3)C(=O)O2)c1
mol_7512,O=CC(O)C(O)C(O)C(O)COP(=O)(O)Cc1ccccc1
mol_7513,N=c1[nH]c(=O)n(C2CC(O)C(CO)O2)c2nc(-c3ccc(-c4ccccc4)cc3)cnc12
mol_7514,CCOc1snc(C(Cl)(Cl)Cl)c1Cl
mol_7515,Cc1ccc(NC(=O)CCC(=O)C2CC(=O)CCC2=O)cc1C
mol_7516,COc1cc(N=CN(C)C)c2ncccc2c1
mol_7517,NC(=O)c1ccc2c(c1)C1=NC3=c4ccc(C(N)=O)cc4=C4N=C5c6ccc(C(N)=O)cc6C6=[N+]5[Co-2]5([N+]1=C2N=C1c2cc(C(N)=O)ccc2C(=N6)[NH+]15)[NH+]34
mol_7518,Cc1cc2nc(-c3ccccc3Cl)[nH]c2cc1C
mol_7519,O=C1C(=Cc2ccc(Cl)cc2)Oc2cc(O)ccc21
mol_7520,O=C([OH+][Re+](C#[O+])(C#[O+])(C#[O+])(C#[O+])C#[O+])C(F)(F)C(F)(F)F
mol_7521,CCCCNC(=O)C1=C(C)NC(C)=C(C(=O)NCCCC)C1
mol_7522,O=C(NNC(=S)Nc1ccc(Cl)cc1)C12CC3CC(CC(C3)C1)C2
mol_7523,CCOC(=O)c1cc(C)nc2c1c(=O)n(-c1ccccc1)c(=O)n2CCCCN1CCN(c2ccccc2)CC1
mol_7524,CC[n+]1[b-](C(C)(C)C)n(N=C(C)C(C)(C)C)[b-](C(C)(C)C)[n+]1CC
mol_7525,C=CC1C2=C(C(=O)NCC2)C2OC(O)C3=C(CCNC3=O)C2C1C
mol_7526,O=C1C(=Cc2ccccc2)CCc2ccc([N+](=O)[O-])cc21
mol_7527,CCCCCCCCCCCCCCCCCCNC(=S)NC=C(C(N)=O)C(N)=O
mol_7528,CC(C)(C)OC(=O)NNCC(O)COc1ccccc1
mol_7529,CC(NNC(=S)N1CCN(c2ccccn2)CC1)c1cccc[n+]1[O-]
mol_7530,COc1cc2c(cc1OC)C(C(O)c1ccccc1)NCC2
mol_7531,N#Cc1cc2c(n(NS(=O)(=O)c3ccccc3)c1=O)CCCCC2
mol_7532,Cc1c(Cl)c(=O)oc2cc(OCC(=O)c3ccccc3)ccc12
mol_7533,COc1ccc(N2C(=O)C3c4[nH]c5ccc(C)cc5c4C4CCC(C(C)C)CC4C3C2=O)cc1
mol_7534,CCOC(=O)c1c(NC(=O)CCl)ssc1=S
mol_7535,Cc1nc2c(-c3ccccc3)[nH]c(C)c2c(=O)o1
mol_7536,CC(NC(=O)C(NC(=O)OC(C)(C)C)C(C)C)C(=O)N1CCCC1C(=O)NCC(=O)NC(C(=O)NCC(=O)OCc1ccccc1)C(C)C
mol_7537,CCC1(O)C(=O)OCc2c1cc1n(c2=O)Cc2cc3c(OC)cccc3nc2-1
mol_7538,CCCC[Sn]1(CCCC)OC(=O)c2ccc(C)cc2O1
mol_7539,CCOC(=O)C=C1CCC2(CC1)OCCO2
mol_7540,COc1cc(C(=O)CBr)c(OC)cc1C
mol_7541,CCOP(=O)(OCC)C(=O)C1CC1
mol_7542,CC1(C)CCC2(C(=O)OC3OC(CO)C(O)C(O)C3O)CCC3(CO)C(=CCC4C5(C)CC(O)C(O)C(C)(C(=O)OC6OC(CO)C(O)C(O)C6O)C5CCC43C)C2C1
mol_7543,CC(C=Cc1ccc(N(C)C)cc1)=NNC(=S)NCC(C)C
mol_7544,COCCOCCOCCOc1cccc2c1C(=O)c1cccc(OCCOCCOCCOC)c1C2=O
mol_7545,COc1ccc2nc3c([N+](=O)[O-])ccc4c3c(c2c1)n(CCCN(C)C)c(=S)n4CCCN(C)C.Cl
mol_7546,COc1ccccc1C=CC(=O)C=Cc1ccccc1O
mol_7547,C[Hg]NC(=N)NC#N
mol_7548,CCC12C=CCN(CCc3c([nH]c4ccccc34)C=C1)C2
mol_7549,COc1ccc2nc3cc(Cl)ccc3c(NCCCN(Cc3cc(OC)c(OC)c(OC)c3)Cc3cc(OC)c(OC)c(OC)c3)c2c1
mol_7550,CCc1ccc2c(c1)C(=O)[OH+][Cu-3]13Oc4ccc(CC)cc4C(=O)[OH+][Cu-3](O2)(Oc2ccc(CC)cc2C(=O)[OH+]1)[OH+]C(=O)c1cc(CC)ccc1O3
mol_7551,CC1NC(=O)c2cc(O)nc(O)c21
mol_7552,CC(=O)OCC1OC(n2c(C)c(N=Nc3ccc(Cl)cc3)c(C)c(C#N)c2=S)C(OC(C)=O)C(OC(C)=O)C1OC(C)=O
mol_7553,CC(=O)c1c2c(cc3c1CC1(Cc4ccccc4C1=O)C3)CCC2
mol_7554,CCc1cccc(C(C)CC)c1NC(=O)C(=O)Cc1nc2ccccc2o1
mol_7555,COc1cc(Nc2nc3ccccc3nc2C(=O)O)cc(OC)c1OC
mol_7556,COc1cccc2c1C(=O)C1=C(C2=O)C(O)CC(C)(C)O1
mol_7557,C=C(c1cc(C(=O)OC)c(OC)c(Br)c1C)c1cc(C(=O)OC)c(OC)c(Br)c1C
mol_7558,CCCCCCOc1ccc(C(=N)N(CCCC)CCCC)c2ccccc12
mol_7559,COc1ccc(NC(=S)Nc2c(C)n(C)n(-c3ccccc3)c2=O)cc1
mol_7560,[N-]=[N+]=Nc1cc(=O)oc2ccccc12
mol_7561,Cl.O=C(OCCC1=C2CCN(CC2)C1)C(O)(c1ccccc1)C1CCCC1
mol_7562,COc1ccc(-c2c(C)oc(=O)c(NC(=O)c3ccccc3)c2C)cc1
mol_7563,COc1cc(O)c2c(=O)c3c(OC)c(O)ccc3oc2c1
mol_7564,CC(=CCNc1nc(Cl)nc2nc[nH]c12)CO
mol_7565,CCc1cccc(C(C)C)c1N1C(=O)C(=O)C(c2nc3ccccc3s2)C(=O)C1=O
mol_7566,COC(=O)c1cc2nc(NC(C)=O)sc2n1C
mol_7567,CCOC(=O)C1=C(Nc2ccc(Br)cc2)OCC1=O
mol_7568,Cc1ccccc1NC(=O)C(=O)CC(=O)c1sc(Nc2ccccc2[N+](=O)[O-])nc1C
mol_7569,Nc1cc(Cl)cc(Cl)c1O
mol_7570,Cn1c(N=[N+]=[N-])c([N+](=O)[O-])c(=O)n(C)c1=O
mol_7571,O=S(=O)(O)SCC=CCSS(=O)(=O)O.[NaH]
mol_7572,Nc1ncnc2c1nnn2C1C=CC(COS(N)(=O)=O)C1
mol_7573,CCCCS(=O)(=O)CCC(N)P(=O)(O)O
mol_7574,CC1(C)N=C(c2ccccn2)C(c2ccccn2)=NC1(C)C
mol_7575,CCSC(CCCC1OCC2OC(n3cc(C)c(=O)[nH]c3=O)CC2N1O)SCC
mol_7576,Cc1cc(C)nc(NS(=O)(=O)c2ccc(NCN3C(=O)c4ccccc4C3=O)cc2)n1
mol_7577,Clc1ccc(-c2nn3c(CCCCCCCCc4nnc5sc(-c6ccc(Cl)cc6)nn45)nnc3s2)cc1
mol_7578,N#CC(C(=O)C(N)=O)c1ccccc1Cl
mol_7579,CC1=CC(S)NC(=S)N1
mol_7580,Cc1ccc(S(=O)(=O)NC(C)C(=O)O)cc1
mol_7581,CC(C)Sc1nc(C#N)cc2c1CCCC2
mol_7582,CN(C)CC1CCCCCCCCCCC1=O
mol_7583,CC(C)(C)OC(=O)N1CC(C)(C)N2C(=O)C3(CCCO3)C12
mol_7584,c1ccc2c(c1)Sc1ccccc1C2=C1c2ccccc2Sc2ccccc21
mol_7585,CC(=O)c1nc2ccccc2n1CC(=O)c1ccc(Cl)cc1
mol_7586,C#CCNC(=O)NC(CCCCNC(=O)OCc1ccccc1)C(=O)OCc1ccccc1
mol_7587,CC(=O)CCCCCCCCCCCCC1CCC(C)C(O)N1
mol_7588,Cc1ccc(NC(=O)NC(=O)c2ccc([N+](=O)[O-])cc2[N+](=O)[O-])cc1Oc1ncc(Cl)cn1
mol_7589,C#CCOCC12C=CC(O1)C1COC(=O)C12
mol_7590,O=C(O)c1cc(N=Nc2ccc(N=Nc3ccc(S(=O)(=O)O)cc3)cc2)ccc1O
mol_7591,COc1ccc2nc3cccc([N+](=O)[O-])c3c(NCCNCCN(C)C)c2c1
mol_7592,c1cnc2c(c1)-n1cccc1C1(CCSC1)NN2
mol_7593,O=C(Nc1nc(O)c2c(ncn2CCI)n1)c1ccccc1
mol_7594,[O-]c1c2c(nn1-c1ccc(Cl)cc1)c1ccccc1c[n+]2Cc1ccccc1
mol_7595,N=c1ccn(C2CC(CO)C(CO)C2)c(=O)[nH]1
mol_7596,CC=CC=Cc1cc2cc3c(c(O)c2c(O)n1)C1(CC3)C(=O)c2c(O)c3c(c(O)c2C1=O)C(=O)C(OC)=CC3=O.[KH]
mol_7597,CCCC(O)C(O)c1ccc2c(c1O)C(=O)c1c(OC)cccc1C2=O
mol_7598,Cc1noc2c1N=C(c1cccs1)CC(c1c(Cl)cccc1Cl)C2
mol_7599,COc1ccc(C=c2sc3n(c2=O)NC2(CCC(C)CC2)NN=3)cc1
mol_7600,CC(=O)N1CCCCCC1=O
mol_7601,CC1CCC(O)C(C(O)CC2CC(=O)NC(=O)C2)C1
mol_7602,COc1ccc(OC(CO)CC2COC(C)(C)O2)cc1
mol_7603,CN(C)c1ccc(N=Nc2ccc3c(c2)C(=O)c2ccccc2C3=O)cc1
mol_7604,O=C1CCCc2nc(O)ccc21
mol_7605,Cc1ccc(C)n1-c1ccccc1C1C=Cn2c(=O)oc3c(OC(C)C)c(OC(C)C)c(O)c1c32
mol_7606,CCN(CC)CCN1C(=O)c2cccc3c(N)c(OC)cc(c23)C1=O
mol_7607,CC1=C[PH](CCc2ccccc2)(CCc2ccccc2)C=C1C
mol_7608,O=C(O)CN(c1ccccc1)S(=O)(=O)c1ccccc1[N+](=O)[O-]
mol_7609,O=C(O)c1ccc(P(=O)(O)c2ccc(C(=O)O)cc2Br)c(Br)c1
mol_7610,Nc1nc(O)c2c(n1)[nH][cH-][n+]2=O
mol_7611,O=C(O)CC1CC=CCC1CC(=O)O
mol_7612,CC(=O)c1sc(-c2nc(C)c(C(=O)C=Cc3ccc(C=CC(=O)c4sc(-c5nc(C)c(C(C)=O)s5)nc4C)cc3)s2)nc1C
mol_7613,CN(O)C(=S)c1ccccc1
mol_7614,CC(=NNC(N)=O)c1ccccc1
mol_7615,c1ccc2nocc2c1
mol_7616,C=C(CCCC(C)OC(C)OCC)[Si](C)(C)C
mol_7617,O=C1Cc2c([nH]c3ccccc23)C2(CC3CCCCN13)OCCO2
mol_7618,COc1ccccc1C(O)(c1ccccc1)C(O)(c1ccccc1)c1ccccc1OC
mol_7619,CCc1cc[n+]([Mn](SC#N)(SC#N)([n+]2ccc(CC)cc2)([n+]2ccc(CC)cc2)[n+]2ccc(CC)cc2)cc1
mol_7620,O=C1NC2CSC(CCCCC(=O)N(CCP(c3ccccc3)c3ccccc3)CCP(c3ccccc3)c3ccccc3)C2N1
mol_7621,Cc1csc2nc(-c3ccccc3)c(C=NNC(=O)CN(C)C)n12
mol_7622,Cc1[nH][nH]c(=N)c1C#N
mol_7623,CC(=O)Nc1ccc(S(=O)c2ccc(NC(C)=O)cc2)cc1
mol_7624,O=C1Nc2ccccc2C1(O)Cc1ccccn1
mol_7625,CC1CC(C)(C)N=C(CCC[N+](=O)[O-])O1
mol_7626,CCCCOC(=O)c1cc(C(=CCCC2CCC3(C)C(CCC4C3CCC3(C)C(C(C)CCCC(C)C)CCC43)C2)c2cc(Cl)c(O)c(C(=O)OCCCC)c2)cc(Cl)c1O
mol_7627,OC1COc2ccc(Cl)cc2CSC1
mol_7628,Brc1ccc(N=NN2CCCC2)cc1
mol_7629,NNC1=NC(=Cc2ccco2)C(Cl)=N1
mol_7630,CCCCC(Sc1cc(Cl)c(C)cc1S(=O)(=O)Nc1n[nH]c(=N)[nH]1)C(=O)OC
mol_7631,CC(C)CC(=O)[OH+][Co-4](N)(N)(N)(N)[OH+]C(=O)CC(C)C.[O-][Cl+3]([O-])([O-])O.[O-][Cl+3]([O-])([O-])O
mol_7632,Cn1c(-c2ccccc2)cc(-c2cccs2)c1-c1ccsc1
mol_7633,c1csc([As](O[As](c2cccs2)c2cccs2)c2cccs2)c1
mol_7634,COC(=O)C1CC2C(=O)N(c3ccccc3)C(=O)C2c2c1n(C)c1ccccc21
mol_7635,CC(=O)Nc1nnc2c3ccccc3n(C(C)=O)c2n1
mol_7636,CC12CCC(C(=Nc3ccc([N+](=O)[O-])cc3)C1=O)C2(C)C
mol_7637,C[Si](C)(C)C(CCCCSc1ccccc1)(Sc1ccccc1)Sc1ccccc1
mol_7638,O=C(N=NC(=O)Oc1ccccc1)Oc1ccccc1
mol_7639,CN(C)c1ccc(C=C2C(=O)N(c3ccccc3)N(c3ccccc3)C2=O)cc1
mol_7640,CC(CC(=O)CCCC(=O)Nc1ccc(Cl)cc1Cl)=NNC(=O)CC#N
mol_7641,CCN(CC)CC(=O)Nc1ccc(CO)cc1
mol_7642,CCc1cc(CCC(=O)Nc2c(C)cccc2C)nc(NC#N)n1
mol_7643,Cc1ccc(C2=Nc3cc(C)c(Cl)cc3S(=O)(=O)NN2)cc1
mol_7644,CCOC(=O)NC1=NCC(C)(C)S1
mol_7645,Cc1cc2nc3c(=O)n(C)c(=O)nc-3n(-c3ccc(Cl)cc3)c2cc1C
mol_7646,CCCN(CCCCC(NC(C)=O)C(=O)NCc1ccccc1)C(=O)N(C)N=O
mol_7647,O=C1OC(CC(=O)c2ccc(Cl)cc2)C(Cl)=C1Cl
mol_7648,O=C1OC2CCCC1O2
mol_7649,COC(=O)C1(F)C(=O)NC(=O)NC1O
mol_7650,NC1=C(Cl)C(=O)c2ccccc2C1=O
mol_7651,O=c1cc(N=P(c2ccccc2)(c2ccccc2)c2ccccc2)n(-c2ccccc2)c(=O)n1-c1ccccc1
mol_7652,CC(=O)N1CCOC12N=NC(C)(C)O2
mol_7653,CC(C)(C)c1cc(Cc2ccc(S(C)(=O)=O)cc2)c(O)c(C(C)(C)C)c1
mol_7654,CCCCCCCCCCCCCCCCOP(=O)(O)OCCC=C(c1cc(Cl)c(O)c(C(=O)O)c1)c1cc(Cl)c(O)c(C(=O)O)c1.N
mol_7655,CC1=Nc2nnnn2N=C(C)C1
mol_7656,CCOC(=O)CC1=NC(=NC(=N)N[N+](=O)[O-])SC1
mol_7657,Cc1cc(C)c2c(c1)C(=O)C(=Cc1ccccc1C(=O)O)C2
mol_7658,O=c1nc2sc3ccc4ccccc4c3n2[nH]c1=O
mol_7659,COC(=O)NN=CC(=CNc1ccccc1)[N+](=O)[O-]
mol_7660,CCOC(=O)C1(C(=O)OCC)CC(=O)C2(C1)OCCC1OC(=O)CC12
mol_7661,C=CCOc1ccc(Sc2c(O)cc(-c3ccccc3)oc2=O)c(C(C)(C)C)c1
mol_7662,CCC1(O)CCC2C3CCC4=CC(=O)CCC4C3CCC21CC
mol_7663,COc1cc2c3c(c1OC)C(=NOS(=O)(=O)c1ccc(C)cc1)CC3N(S(=O)(=O)c1ccc(C)cc1)CC2
mol_7664,COc1ccccc1C=CC(=O)c1ccccc(=O)c1O
mol_7665,CSC1=NC(=Cc2ccco2)C(=O)N1CN1CCCCC1
mol_7666,Cc1cccc(NP2(Nc3cccc(C)c3)=NP(Nc3cccc(C)c3)(Nc3cccc(C)c3)=NP(Nc3cccc(C)c3)(Nc3cccc(C)c3)=NP(Nc3cccc(C)c3)(Nc3cccc(C)c3)=N2)c1
mol_7667,C=CC(=O)NC(O)(C(=O)OCC)C(F)(F)F
mol_7668,CC(=O)OCC1OC(n2ccc(=O)[nH]c2=O)C(OC(C)=O)C(OC(C)=O)C1OC(C)=O
mol_7669,CCOC(=O)Nc1cc2c(c(N)n1)N=C(c1ccccc1)CN2
mol_7670,O=C1CC(c2ccc(O)c(O)c2)c2c(cc(O)c3c2OC(c2ccc(O)c(O)c2)C(O)C3)O1
mol_7671,CCOC(=O)C(NCc1cccc(C(F)(F)F)c1)(NC(=O)c1ccccc1)C(F)(F)F
mol_7672,Cc1ccc(C2(O)CC(c3ccc([N+](=O)[O-])o3)=NN2C(=O)COc2ccc(Cl)cc2)cc1
mol_7673,CC(=CCO)CCC1=C(C=O)CC(OC2OCC(O)C(O)C2O)C2C(C)(CO)CCCC12C
mol_7674,CC1(C)Cc2c(C#N)c(N)c3c(c2CO1)C(=O)OC3=O
mol_7675,O=C1Cc2c([nH]c3c(Cl)cccc23)-c2ccccc2N1
mol_7676,COc1cccc2c1[OH+][Ni-4]13(O)([S+]=C(N)[N-][N+]1=C2)[n+]1cccc2ccc4ccc[n+]3c4c21
mol_7677,COC(=O)C=Cc1cc(OC)c2c(c1)C(C(=O)OC)C(c1ccc(O)c(OC)c1)O2
mol_7678,O=C(O)C(SC(=S)c1ccc(C(=S)SC(C(=O)O)c2ccccc2)cc1)c1ccccc1
mol_7679,Clc1ccc(N=Nc2nc3ccccc3nc2N=Nc2ccc(Cl)cc2Cl)c(Cl)c1
mol_7680,COc1cc(C=CC(=NNC(=O)c2ccccc2)c2sc(Nc3ccc(Cl)c(Cl)c3)nc2C)ccc1O
mol_7681,CCCCC(=S)SSC(C)(C)C
mol_7682,C#CC1(O)CCC2C3CCC4=CCCCC4C3CCC21C
mol_7683,CCOC(=O)N1CC2OC(n3cc(C)c(=O)[nH]c3=O)CC2O1
mol_7684,CN(N=Cc1ccccc1Cl)C(c1ccccc1Cl)N(C)N=Cc1ccccc1Cl
mol_7685,CC1(C)N=[N+]([O-])C1(C)C
mol_7686,CSCCC1C(=O)NC(=N)N1C(=O)OCc1ccccc1
mol_7687,O=c1c(Cl)cc2nc3ccccc3sc-2c1Cl
mol_7688,COC(=O)CCC1CCc2c(OC)ccc(O)c2C1=O
mol_7689,CCCC[Ge](CCCC)(CCCC)OC(=O)C(OC(C)=O)c1ccccc1
mol_7690,C#CC1(O)CCC2C3CCC4=CC(=NOC(=O)c5cccc6c(=O)c7ccccc7[nH]c56)CCC4C3CCC21C
mol_7691,C=CCOc1ccc(N)c([N+](=O)[O-])c1
mol_7692,COCOc1ccc(Cn2c(=O)n(C)c(=O)c3c2ncn3C)cc1[N+](=O)[O-]
mol_7693,O=C1NC(=O)C(CC(C(=O)C(=O)Nc2ccccc2Cl)C(=O)c2ccc3ccccc3c2)C(=O)N1
mol_7694,CC12OC(=O)C(C#N)C1(C)C1C(=O)CCCC12
mol_7695,CS(=O)(=O)OCCN1CCN(C(=O)c2ccc(Cl)c3c(Nc4ccc(S(=O)(=O)NC(=N)N)cc4)c4ccccc4nc23)CC1
mol_7696,O=C1C(Cl)N(c2ccc(Cl)cc2Cl)C1c1c[nH]c2ccccc12
mol_7697,Cc1ccc2nc(NC(=O)C(=O)C(C#N)c3ccc(Cl)cc3)sc2c1
mol_7698,Oc1ccccc1-c1n[nH]c(-c2ccccc2O)n1
mol_7699,N#Cc1nc(CCc2nc(C#N)c(N)o2)oc1N
mol_7700,[BrH+][Co-4]12([BrH+])(NCCN1)NCCN2.[O-][Cl+3]([O-])([O-])[OH2+]
mol_7701,Cc1ccc2c(c1)P1c3cc(C)ccc3SP1S2
mol_7702,CCOC(=O)c1cc2c(nc1N)C(=Cc1ccccc1)CCCC2
mol_7703,COC1=CC(=O)C2C(C)C(c3ccccc3)C2(C)C1=O
mol_7704,CN1C(=CN=O)C(C)(C)N(O)C1(C)C
mol_7705,CC(C)C1CCC2(C)CC3C(CO)CC(O)C3C(C)(O)CC=C12
mol_7706,CCCNC1=NC(C)=CSC(Nc2ccccc2)=C1C#N
mol_7707,CC(=O)OC(C)(C)C=CC(=O)C(C)(O)C1C(O)CC2(C)C3CC=C4C(CC(O)C(O)C4(C)C)C3(C)C(=O)CC12C
mol_7708,O=C(O)CN(c1ccc(Cl)cc1)S(=O)(=O)c1ccccc1
mol_7709,CCOC(=O)C1C(c2ccc(Cl)cc2Cl)NC(c2ccc(C)cc2)C(C(=O)OC)S1(=O)=O
mol_7710,CC1NC(=O)C2Cc3ccc(O)c(c3)Oc3cccc(c3)C(O)C(C(=O)N2C)N(C)C(=O)C(C)NC(=O)C(Cc2ccc(O)c(O)c2)N(C)C(=O)C(C)NC1=O
mol_7711,Cc1ccc2nc(-c3ccc(N=Nc4cc(S(=O)(=O)O)c5ccccc5c4O)cc3)sc2c1S(=O)(=O)O
mol_7712,CCOC(=O)NC(OCCN(C)C)(C(F)(F)F)C(F)(F)F
mol_7713,CCOC(=O)Cc1csc2nc(-c3ccccc3)nn12
mol_7714,O=C(OCCOCCOC(=O)c1c[nH]cc1-c1ccccc1)c1c[nH]cc1-c1ccccc1
mol_7715,CS(=O)CC1=NOC(c2ccccc2)C1c1ccccc1
mol_7716,Cl.N=C(N)NN=Cc1c(-c2ccc(Cl)cc2)nc2n1CCS2
mol_7717,Cc1ccc(S(=O)(=O)c2ccc([N+](=O)[O-])o2)cc1
mol_7718,CC(C)(S)C(N)C(=O)O
mol_7719,Cc1cc2[nH]c3c(C#N)c4c(c(=O)n3c2cc1C)CCCC4
mol_7720,CN1C(=O)NC(=O)C(=CNc2ncccn2)C1=O
mol_7721,O=C(O)CSCc1cc2c(O)c(c1)Cc1cc(CSCC(=O)O)cc(c1O)Cc1cc(CSCC(=O)O)cc(c1O)Cc1cc(CSCC(=O)O)cc(c1O)C2
mol_7722,CC(C)(C)NC(=NO)c1ccccc1
mol_7723,COc1cc(OC)c(-c2oc3ccccc3c(=O)c2O)c(OC)c1
mol_7724,O=C(O)CSC(=S)CCCCCCCCCCC(=S)SCC(=O)O
mol_7725,C(=NNC1=NCCN1)c1ccc(-c2cn3cc(C=NNC4=NCCN4)ccc3n2)cc1
mol_7726,Cc1cccc2c1CC(=C1CCc3c(C)cccc31)C2=O
mol_7727,CC1=NC(=Cc2ccco2)C(=O)O1
mol_7728,COC(=O)c1cc(C=C2Cc3cc4c(cc3C2=O)CCC4)cc2c1CCC2
mol_7729,S=C1NC2(CCCCC2)C2=C(CCCC2)S1
mol_7730,O=C(c1ccccc1)C(O)(Cc1ccccc1)c1ccccc1
mol_7731,NC(=O)C(=CNC(=S)c1cccnc1)C(N)=O
mol_7732,CCN(CC)CCCOP(=O)(OCCCN(CC)CC)OCCCN(CC)CC
mol_7733,Cc1nnc2n(c1=O)CCN2C.I
mol_7734,COC(=O)C(CO)NC(=O)CCC(C)=Cc1ccccc1
mol_7735,Cn1c(=O)oc2ccc(S(=O)(=O)Nc3ccc(Cl)cc3[N+](=O)[O-])cc21
mol_7736,CSc1nnc(N(C(C)C)C(C)C)c2nc[nH]c12
mol_7737,CCN(CC)CCNc1ccc(CO)c2oc3ccc(OS(=O)(=O)c4ccc(C)cc4)cc3c(=O)c12
mol_7738,Cc1[nH]cc2c1C(c1ccccc1)=NCC(=O)N2
mol_7739,CNC(=O)Nn1c(SC)nc2ccccc21
mol_7740,CCOC(=O)c1ccc(NC(=O)ON=C(Cl)CCl)cc1
mol_7741,NC(=S)NCC12CC3CC(CC(C3)C1)C2
mol_7742,OC(CBr)C(O)C(O)C(O)CBr
mol_7743,Sc1nnc2c(n1)[nH]c1ccc(Br)cc12
mol_7744,Clc1ccccc1CN1COc2c(cc(Cl)c3cccnc23)C1
mol_7745,CC(=O)N(C(C)=O)c1cnc2c(nc3cc(C)ccn32)c1C
mol_7746,O=c1c2cc(Br)cc(Br)c2[nH]c(=S)n1-c1ccccc1
mol_7747,C=C(C(=O)O)C1CCC2(C)CCCC(C)(O)C2C1
mol_7748,Cc1cc(-c2no[n+]([O-])c2-c2cc(C)sc2S(C)(=O)=O)c(S(C)(=O)=O)s1
mol_7749,COc1c2occc2c(N=Cc2c[nH]c3ccccc23)c2ccc(=O)oc12
mol_7750,O=C(O)CCC(CCC(=O)O)(C(=O)O)c1ccccc1
mol_7751,C[n+]1c2ccccc2n2c3ccccc3c(NCc3ccco3)c(C#N)c21.Cc1ccc(S(=O)(=O)[O-])cc1
mol_7752,CC12CC3(C)SC(C)(CC(C)(S1)S2)S3
mol_7753,O=[N+]([O-])c1ccc(Cl)c([N+](=O)[O-])c1
mol_7754,COc1ccc(N=NC(=NNC(=O)c2cc(Cl)ccc2C(=O)c2ccccc2)c2ccc(N(CCC#N)CCC#N)cc2C)cc1
mol_7755,Nc1ccc(C=C2C=Cc3ccccc32)cc1
mol_7756,O=C1C=C(c2c(O)ccc3ccccc23)c2cc(O)ccc2C1=O
mol_7757,CCOC(=O)c1cn(CC)c2ccc3c(c2c1=O)S(=O)(=O)C=C3
mol_7758,O=C1Nc2ccccc2N=CC1NC(=O)C(c1ccccc1)c1ccccc1
mol_7759,CN(C)CCCN1CCc2c([nH]c3ccccc23)C1c1cccnc1
mol_7760,CCCCC(CC)=NNS(=O)(=O)c1ccc(NC(C)=O)cc1
mol_7761,c1ccc2sc(NCCSSCCNc3nc4ccccc4s3)nc2c1
mol_7762,COC(=O)C(C(=NNC(N)=O)C(=O)Nc1ccc(C)cc1)c1nc2ccc([N+](=O)[O-])cc2nc1O
mol_7763,COc1cc2c(cc1O)C(Cc1ccc(Oc3cc(CC4c5cc(O)c(OC)cc5CCN4C)ccc3O)cc1)N(C)CC2
mol_7764,O=C(O)CCSC(=O)Nc1cccc([N+](=O)[O-])c1
mol_7765,CC1=[O+][Co-4]23(NCC[N+]2(CCCl)CCCl)([O+]=C(C)[C-]1[N+](=O)[O-])[O+]=C(C)[C-]([N+](=O)[O-])C(C)=[O+]3.[O-][Cl+3]([O-])([O-])[O-]
mol_7766,CCOC(=O)C(=Cc1ccc(C#N)cc1)N(CC)CC
mol_7767,Cl.O=C1CCCCCCCCCCC1CN1CCOCC1
mol_7768,COc1cc2c[n+]3ccc4cc(OC)c(OC)cc4c3cc2cc1O
mol_7769,CC(=NNC(=O)C[n+]1ccccc1)C(CN(CC(C)C)CC(C)C)C(=O)Nc1ccc(C)cc1C.[Cl-]
mol_7770,Oc1nnc(O)c2nc3c(nc12)c1nc2c(O)nnc(O)c2nc1c1nc2c(O)nnc(O)c2nc31
mol_7771,Cl.NC1c2c(csc2Br)C(=O)C1O
mol_7772,Cc1ccc(-n2nnc(C#N)c2O)cc1
mol_7773,CN1C(=O)c2cccc3c([N+](=O)[O-])ccc(c23)C1=O
mol_7774,CCCC1=Nn2c(n[nH]c2=S)NN1
mol_7775,O=C1CS(=O)c2ccccc2N1
mol_7776,O=c1nc(NC(c2ccccc2)(c2ccccc2)c2ccccc2)ccn1CCO
mol_7777,CCOC(=O)C(Br)C#N.CCOC(=O)C1(C#N)C(C#N)(C#N)C12CCCCC2
mol_7778,CC(C)C=CC(O)(C(=O)OC1CN2CCC1CC2)c1ccccc1
mol_7779,Nc1ncnc2oc(-c3ccccc3)nc12
mol_7780,NC(=O)C1CC2(C1)CC(C(N)=O)C2
mol_7781,Cc1ccc(NC(=O)CC2SC(Nc3cccc(Cl)c3C)=NC2=O)cc1
mol_7782,COc1ccc(C(CCl)=C(Nc2ccccc2)c2ccc(OC)c(OC)c2)cc1OC.Cl
mol_7783,CCOC(=O)Nc1nc2ccn(C)c2s1
mol_7784,CN(C)C1C(O)=C(C(=O)NCNc2nc(O)c3[nH]nnc3n2)C(=O)C2(O)C(O)=C3C(=O)c4c(O)cccc4C(C)(O)C3CC12
mol_7785,CC(=O)OCC(OC(C)=O)C(OC(C)=O)C(OC(C)=O)C(=O)CNn1c(-c2ccccc2Cl)nc2ccccc2c1=O
mol_7786,Cc1ccc(C2SC(=N)Nc3c2c(C)nn3C(=O)c2ccccc2O)cc1
mol_7787,CCCCCCCCCCCCOP(=O)(O)OP(=O)(O)OCC1OC(n2cc(C)c(=O)[nH]c2=O)CC1O.[NaH]
mol_7788,O=c1[nH]nc(Cc2ccccc2)n1N=Cc1ccc([N+](=O)[O-])cc1
mol_7789,O=c1ccc2ccccc2c2ccccc12
mol_7790,O=C(C=C1Nc2ccc([N+](=O)[O-])cc2N=C1NC12CC3CC(CC(C3)C1)C2)c1ccccc1
mol_7791,O=[N+]([O-])c1c(Cl)cccc1-c1c[nH]c(Cl)c1Cl
mol_7792,Brc1ccc(-c2[nH]c3ccccc3c2N=Nc2ccccc2)cc1
mol_7793,COc1ccc(N=C(Nc2ccc(OC)cc2)C(=Nc2ccc(OC)cc2)Nc2ccc(OC)cc2)cc1
mol_7794,COc1ccc2c(c1)OCC1Cc3ccccc3OC21
mol_7795,CCCCCCC(=O)N1SC(NC(=O)OC)=Nc2ccccc21
mol_7796,CCOC(=O)C(Cl)=C1SN(C(=O)OCC)N=C1C
mol_7797,COc1cc2cc(C(=O)N3CC(CCl)c4ccc([N+](C)(C)Cc5ccc([N+](=O)[O-])cc5)cc43)[nH]c2c(OC)c1OC.[Cl-]
mol_7798,COc1cc2c(c(OC)c1OC)CCc1cnoc1-2
mol_7799,CN1C(c2ccccc2)=C(C#N)C(=O)CC(c2cccs2)N1C
mol_7800,O=C(O)c1ccc(C=Cc2ccc(N=Nc3c(O)cc(O)cc3C(=O)O)cc2C(=O)O)cc1.[NaH]
mol_7801,CC1=NC(=O)C(C)(c2ccccc2)N1CCc1ccccc1
mol_7802,C=C1CC(Cn2ccc(=O)[nH]c2=O)(c2ccc(-c3ccccc3)cc2)OC1=O
mol_7803,COC(=O)c1ccccc1C#CC#Cc1ccccc1C(=O)OC
mol_7804,O=C1C2O[N+](c3ccccc3)=C(c3ccccc3[N+](=O)[O-])C2C(=O)N1c1ccc(Cc2ccc(N3C(=O)C4O[N+](c5ccccc5)=C(c5ccccc5[N+](=O)[O-])C4C3=O)cc2)cc1
mol_7805,CNC(=O)CCNC(=O)CCC(=O)OC
mol_7806,CCN(CC)C(=S)SS(=O)(=O)c1ccccc1[N+](=O)[O-]
mol_7807,O=C1C=CC(=O)c2c(O)cccc21
mol_7808,O=c1[nH]c2ncsc2c(=O)n1OS(=O)(=O)c1ccccc1
mol_7809,COc1ccccc1NC(=O)C(=Cn1c(=S)[nH]c2ccccc21)C(C)=O
mol_7810,O=C1CCCN1CCCN=c1cc2n(-c3ccc(Cl)cc3)c3ccccc3nc-2cc1Nc1ccc(Cl)cc1
mol_7811,C=CC(CCC(C)O)[Si](C)(C)C
mol_7812,CCOC(=O)c1nc2ccc(Cl)cc2c2c1CCO2
mol_7813,N#CC1([N+](=O)[O-])C=C1c1ccccc1
mol_7814,ON=C1C(=Cc2ccccc2)CCCC1C(NO)c1ccccc1
mol_7815,CNc1ccc(C=C2C=Cc3ccccc32)cc1Br
mol_7816,CN1CCN(CCSC2Cc3cc(Cl)ccc3Sc3ccccc32)CC1
mol_7817,CC1=C(C(=O)OC2CC3CCC2(C)C3(C)C)C2Nc3ccccc3N(C)C2O1
mol_7818,O=[N+]([O-])c1ccc(S(=O)(=O)NN=Cc2ccco2)cc1
mol_7819,Nc1ncnc2c1C=C(B(O)O)B(O)N2
mol_7820,CC(CN(C)C)Sc1nnc(SC(C)CN(C)C)s1
mol_7821,C1C[N+]23CCC[N+]4(C1)CC[SH+][Ni-2]24[SH+]CC3
mol_7822,NNC(=S)NN=CC(=CNc1ccccc1)[N+](=O)[O-]
mol_7823,O=c1c(Cl)c(Cl)cnn1CCCl
mol_7824,C=C1C(=O)OC2C1CCC(C)=C1C=CC(=O)C12C
mol_7825,Cc1nc(N)c(N2CCN(CN)CC2)c(O)n1
mol_7826,COc1cc(CC(C)NC(C)=O)cc(OC)c1
mol_7827,O=C(O)CCCCCNC(=O)CCC(CN(CC(=O)OCc1ccccc1)CC(=O)OCc1ccccc1)N(CC(=O)OCc1ccccc1)CC(=O)OCc1ccccc1
mol_7828,COC(=O)C1C2CC3C(C2=O)C31
mol_7829,COC1C=COC2(C)Oc3c(C)c(O)c4c(O)c(c(C=NN5CCCCCCCC5)c(O)c4c3C2=O)NC(=O)C(C)=CC=CC(C)C(O)C(C)C(O)C(C)C(OC(C)=O)C1C
mol_7830,Cc1[nH]c(NC(=O)C(=O)O)c(C#N)c1C
mol_7831,O=c1c2cc(Br)ccc2[nH]c(=S)n1-c1ccc(Br)cc1
mol_7832,CC(=O)Nc1ccc(S(=O)(=O)c2ccc(NC(C)=O)cc2)cc1
mol_7833,CC(C)C1=CC23CCC4C(C)(C(=O)O)CCCC4(C)C2CC1C1C(=O)N(c2cccc(N4C(=O)C5C6CC7C8(C)CCCC(C)(C(=O)O)C8CCC7(C=C6C(C)C)C5C4=O)c2)C(=O)C13.[NaH]
mol_7834,Oc1ccc2ccccc2c1N=Nc1ccsc1
mol_7835,N#Cc1c(N)c(C(=O)Nc2ccc(Cl)cc2)n2c1CCC2
mol_7836,CCOC(=O)CC1C(=O)CC2CC(C)CC(=O)C21CCC#N
mol_7837,Cn1nnnc1SCC1=C(C(=O)O)N2C(=O)C(NC(=O)C(OC=O)c3ccccc3)C2SC1
mol_7838,Cc1cc(N(CCC#N)CCC#N)ccc1C=C(NC(=O)C=Cc1ccccc1)C(N)=O
mol_7839,CC(=O)C1CC=C(C)CC1
mol_7840,COC(=N)CCNC(=O)C(O)C(O)C(=O)NCCC(=N)OC
mol_7841,CCOP(=O)(C=C(Cl)c1ccccc1)OCC
mol_7842,Cl.Nc1ccc2cc3ccc(N)cc3nc2c1
mol_7843,CC(=O)Oc1cc2c(cc1OC(C)=O)C1(C)CCC2(C)c2cc(OC(C)=O)c(OC(C)=O)cc21
mol_7844,CC(=NNC(=S)N1CCCCCC1)c1cccc[n+]1[O-]
mol_7845,OCn1nc2c(C3OCCO3)cc3ccccc3n2c1=S
mol_7846,Cl.O=C(NCCCN1CC2CCCC2C1)C(C1CCCCC1)C1CCCCC1
mol_7847,Nc1nc(Cl)cc(NCC2CC(O)(CO)C2)n1
mol_7848,OC(CC=NNc1ccccc1)(C(F)(F)Cl)C(F)(F)Cl
mol_7849,COc1ccc(-c2[nH]nc3c2CCCc2ccccc2-3)cc1
mol_7850,O=c1c(O)c(O)c1=O
mol_7851,Clc1ccc([S+](c2ccc(Cl)cc2)C(Cl)(Cl)C(Cl)(Cl)Cl)cc1
mol_7852,NC(=O)c1ccc2cc(O)c(O)cc2c1
mol_7853,O=S(=O)([O-])c1ccc([N+]2=Cc3ccccc3[OH+][Co-2]23[OH+]c2ccccc2C=[N+]3c2ccc(S(=O)(=O)[O-])cc2)cc1
mol_7854,CC(C)CCCC(C)C1CCC2C3CCC4CC(OP(=O)(O)OCCC=C(c5cc(Cl)c(O)c(C(=O)O)c5)c5cc(Cl)c(O)c(C(=O)O)c5)CCC4(C)C3CCC12C.N
mol_7855,O=[N+]([O-])c1ccc(C=CC=CC=CC=Cc2ccc(S(=O)(=O)F)cc2Cl)c(Cl)c1
mol_7856,C1CCC(NC2CCCCC2)CC1.COc1ccc(N=NC(=O)NC(CC(C)C)C(=O)NC(C)C(=O)O)cc1
mol_7857,CCCCCCCCCCCC(=O)OCC1OC(n2cc(F)c(=O)[nH]c2=O)C(NC(=O)OCc2ccccc2)C(O)C1O
mol_7858,CC(=O)Nc1ccc(Nc2cc(O)nc(O)n2)cc1
mol_7859,Cc1csc2c(P(=O)(OC(C)C)OC(C)C)c(-c3ccccc3)cn12
mol_7860,Cc1nc(-n2nc(-c3ccccc3)cc2-c2ccccc2)sc1C(=O)C=Cc1ccc(Cl)cc1
mol_7861,COc1c2occc2c(N=Cc2ccncc2)c2ccc(=O)oc12
mol_7862,Clc1ccc(-c2nnc3n2NC(c2ccccc2)S3)c(Cl)c1
mol_7863,N#Cc1nc(-c2ccsc2)oc1N
mol_7864,CCOC(=O)CNC(=O)C(CSSCC(NC(=O)OCc1ccccc1)C(=O)O)NC(=O)OCc1ccccc1
mol_7865,CC1(C)[C-](c2ccccc2)[N+](=O)C(C)(C)N1O
mol_7866,CCOC(=O)C12CC1(C(=O)OCC)C1CCC2C1
mol_7867,COC(=O)c1ncn(C2CCCCC2)c1N
mol_7868,Cc1cc(C)c2cc(N)c(Cl)nc2n1
mol_7869,Cc1cc2c(c(C(N)=O)c1C)-c1cccc(F)c1C2=O
mol_7870,CC1OC(OC23C(=O)CC(C)(O)CC2(O)C=CC2C3=c3oc(-c4ccc(O)cc4)c4c3=C(C(=O)C(C3CC(OC5CCC(OC6CC(O)C(O)C(C)O6)C(C)O5)C(O)C(C)O3)=C4)C2O)CCC1O
mol_7871,CCOC(=O)C(CO)(CC(CO)(C(C)=O)C(=O)OCC)C(C)=O
mol_7872,Cc1c(C)c(C)c2c(c1C)CC2=O
mol_7873,CCn1c(SCC(=O)NNC(=S)Nc2ccc([N+](=O)[O-])cc2)nc2ccccc2c1=O
mol_7874,CC(=S)NC=C1C(=N)NN(c2ccccc2)C1=O
mol_7875,N#Cc1c(Cl)c(C=O)c(=O)n2c1[nH]c1ccccc12
mol_7876,CC(=O)N(CCCCNC(=O)C(F)(F)F)CCCNC(=O)C(F)(F)F
mol_7877,Cc1ccc(S(=O)(=O)NC(CSSCC(NS(=O)(=O)c2ccc(C)cc2)C(=O)OC(C)(C)C)C(=O)OC(C)(C)C)cc1
mol_7878,CCc1n[nH]c(=O)n1-n1c(C)ccc1C
mol_7879,O=C(O)CN(c1ccccc1)S(=O)(=O)c1ccc(Cl)cc1
mol_7880,COC1OC(CO)C(O)C1N
mol_7881,CCCNC(=O)N(C)C(=O)N1N=C(c2ccccc2)C1c1ccccc1
mol_7882,CC1(CO)C(=O)OC12CCCCC2
mol_7883,Cc1ccc2nc(NN=Cc3sccc3C)cc(C)c2c1
mol_7884,COC1OC2COC1(OC)C1OC(C)(C)OC21
mol_7885,Cc1nccn1Cc1c(N)nc(N)nc1O
mol_7886,CCN=C(c1ccc(NC(=O)c2ccc(C(=O)Nc3ccc(C(=NCC)N(CC)CC)cc3)cc2)cc1)N(CC)CC
mol_7887,FC(F)(F)c1cccc(COCCN2CCN(Cc3cccc(C(F)(F)F)c3)CC2)c1
mol_7888,CC1C2Cc3ccc(O)cc3C1(C)CCN2CCC(=O)c1ccccc1
mol_7889,COc1cc(CCCOC(=O)C=Cc2ccc(O)c(O)c2)cc(O)c1O
mol_7890,Cc1cccc(N2C(=O)C3c4[nH]c5ccc(C)cc5c4C4CCC(C(C)(C)C)CC4C3C2=O)c1
mol_7891,Cc1ccc(SC2C(=O)C3CC(OCc4ccccc4)C2(C)C3(C)C)cc1
mol_7892,CCOC(=O)c1cn(CC)c2cc3c(cc2c1=O)SCS3
mol_7893,CCCCOCn1c(=O)[nH]c(=O)c2cc(Br)ccc21
mol_7894,c1ccc2c(c1)oc1ccc3nsnc3c12
mol_7895,O=c1[nH]nc(Cc2ccccc2)n1N=Cc1ccccc1Cl
mol_7896,CC1CC[Si](C)(C)CC12C(=O)NC(=O)NC2=O
mol_7897,CC(Cc1ccccc1)N(C)Cc1nc(C2CCC([N+](=O)[O-])O2)no1
mol_7898,Cc1cn(C2C(CO)C(CO)C2(F)F)c(=O)[nH]c1=O
mol_7899,NNC(=O)C(=O)NN=C1CCCC1C(=O)CCC(=O)Nc1ccc(Cl)cc1
mol_7900,O=C(O)C=CCCCCCCCCC(=O)O
mol_7901,CC(=O)N1OC2(C)c3ccccc3C1(C)c1ccccc12
mol_7902,O=C(Nc1ccn(C2CCC(COC(c3ccccc3)(c3ccccc3)c3ccccc3)O2)c(=O)n1)c1ccccc1
mol_7903,OCC(O)C(O)C(O)c1nc2ccccc2s1
mol_7904,COc1ccc(C(C#N)NC23CC4CC(CC(C4)C2)C3)cc1OC
mol_7905,Cc1cc(C)c(C)c(-n2[nH]c(=O)n(C)c2=O)c1C
mol_7906,NC(=O)NNC(=O)CCn1[nH]c(=O)c(Cl)c(Cl)c1=O
mol_7907,Cc1cc(NS(=O)(=O)c2ccc(Nc3c4ccccc4nc4c(C(=O)NCC#N)cccc34)cc2)no1
mol_7908,Cc1n[nH]c2c1NC(=O)OCC2
mol_7909,C#CCOCn1ccc(=O)[nH]c1=O
mol_7910,O=C(Nc1ccc(-c2ccco2)oc1=O)c1ccccc1
mol_7911,Cc1ccc(C=C2CN(C)CC3=C2NC(=S)NC3c2ccc(C)cc2)cc1.Cl
mol_7912,O=C(Nc1nccs1)c1c(O)nc2sccn2c1=O
mol_7913,Cc1ccc(NC2=NCCS2)c(C)c1
mol_7914,NC(CCCNCc1ccccc1O)C(=O)O
mol_7915,Cn1c(=O)c2c(=O)cc(N)[nH]c2n(C)c1=O
mol_7916,CC(C)(C)[Si](C)(C)OC1C(n2ccc(=O)[nH]c2=O)OC(COC(c2ccccc2)(c2ccccc2)c2ccccc2)C1(CC#N)Sc1ccccc1
mol_7917,CC1CCC2C(C)CC3C4C(C)(C)OC(=O)C4(C)C(=O)C23C1=O
mol_7918,S=C1SCN(C(c2ccccc2)c2ccccc2)CN1C(c1ccccc1)c1ccccc1
mol_7919,CCCCCCNC(=O)C1=C(C)NC(C)=C(C(=O)NCCCCCC)C1
mol_7920,COc1cc(CNc2ccc(C(C)C)cc2)cc(OC)c1OC.Cl
mol_7921,CCN1CC2(COC)CCC(OC(=O)c3ccc(OC)cc3)C34C5CC6C(OC)CC(OC(C)=O)(C5C6OC(C)=O)C(C(OC)C23)C14
mol_7922,Cc1cn(CC2OCC(CO)O2)c(=O)[nH]c1=O
mol_7923,COc1ccc(C2=Nc3cc(C)c(C)cc3NC(c3ccccc3)C2)cc1
mol_7924,O=c1c2c3c(sc2nc2n1N=C(c1ccc(Br)cc1)CS2)CCCC3
mol_7925,CCCCCCC=CCCCCCCCCCC1=CC(=O)C=C(OC)C1=O
mol_7926,O=C(Nc1cccc([N+](=O)[O-])c1)C(=O)C(C(=O)c1ccccc1F)C1OC(=O)C2C=CC=CC21
mol_7927,CSc1ccc(Cc2cc(C(C)(C)C)cc(C(C)(C)C)c2O)cc1
mol_7928,OC1(c2ccc(-c3ccccc3)cc2)c2ccccc2C2=NCCN21
mol_7929,COC(=O)C(=NO)C(C(=O)C=C(C)C)C(=O)C(=O)Nc1ccccc1C
mol_7930,Cn1cnc2ccccc2c1=S
mol_7931,COCC(OC)C(CC=C(C#N)C#N)OC
mol_7932,CCOC(=O)c1c2ccc(C=CC(=O)OC)ccc-2c(C(=O)OCC)c1N
mol_7933,N#CC1(C#N)C2=C(CCCC2)NC(c2ccc(Br)cc2)C1(C#N)C#N
mol_7934,CCC1(C)C=Cc2c(cc(O)c3c(=O)c4ccccc4n(C)c23)O1
mol_7935,COC1=CC(=O)C2(C)C(C1=O)C(C)C2c1ccc(OC)cc1
mol_7936,CCOP(=O)(OCC)C(C#N)=Cc1ccccc1Cl
mol_7937,Cc1oncc1N=C1C=C(O)C(=O)c2ccccc21
mol_7938,S=C1NCCN1C(=S)Nc1ccccc1
mol_7939,CCCOP(=S)(NC(=N)N)OCCC
mol_7940,Cn1c(=O)c2c3oc(=O)cc(O)c3c(=O)n3c2n(c1=O)-c1ccccc1-3
mol_7941,O=[N+]([O-])c1ncn(S(=O)(=O)c2cccc3cccnc23)n1
mol_7942,CCC(c1nc2ccccc2c(=O)n1NC(=O)C(C)(C)C)C1(O)CCCCC1
mol_7943,O=c1oc2ccccc2c(O)c1C(c1cc(OCc2ccccc2)cc(OCc2ccccc2)c1)c1c(O)c2ccccc2oc1=O
mol_7944,O=C(O)C=CC(=O)Nc1ccc(S(=O)(=O)c2ccc(NC(=O)C=CC(=O)O)cc2)cc1
mol_7945,Cc1cc(C)c2c(c1)CC1(Cc3ccc(C)c(C)c3C1=O)C2=O
mol_7946,CC1(C)OC2(C)CCC1C(O)C2N1CCCC1
mol_7947,CC(=S)NC=Cc1c(C(=O)O)cc([N+](=O)[O-])cc1[N+](=O)[O-]
mol_7948,O=c1[nH]c2nc3ccccc3c(=O)n2nc1Cc1ccccc1
mol_7949,CC(CCc1ccccc1)=NNc1ccc([N+](=O)[O-])cc1[N+](=O)[O-]
mol_7950,C1CN2N3CCCC23C1
mol_7951,O=C(CC(C(=O)c1ccsc1)c1ccccc1)c1cccs1
mol_7952,O=C(c1cccnc1)c1cc(-c2ccccn2)c(=O)n2ccccc12
mol_7953,O=C1CCC(c2ccccc2)CCN1
mol_7954,CCOC(=O)CSc1nc(N)c2c(-c3ccccc3)c3c(nc2n1)CCCC3
mol_7955,CCSSC12CCCN1C(=O)C1CCCN1C2=O
mol_7956,CC(=O)C1=C2SCCN2C(=O)CC1
mol_7957,O=C(CC(Cl)C(NC(=O)OCc1ccccc1)C(=O)O)NO
mol_7958,OCCN1c2ccccc2Sc2ccc(Cl)cc21
mol_7959,c1ccc(C2=NCCN2)c(C2=NCCN2)c1
mol_7960,CC(=O)Nc1ccc(N2C(=O)C(=Cc3cccc(Oc4ccccc4)c3)S(=O)(=O)C2c2ccccc2)cc1
mol_7961,O=S1(=O)C2CCCC1C(Cl)CC2
mol_7962,COc1cc2c(cc1OC)C1C(COC(=O)Nc3ccccc3)CN1CC2
mol_7963,CCC1(c2ccc(OC)c(OC)c2)CCN2C(=O)C(O)CC21
mol_7964,Cc1ccc(S(=O)(=O)NN=C(CCN2CCCC2)CC(c2ccccc2)c2c(O)c3ccccc3oc2=O)cc1.Cl
mol_7965,S=C(Nc1ccc2c3c(cccc13)CC2)Nc1ccc2c3c(cccc13)CC2
mol_7966,CCOC(=O)C1N(S(=O)(=O)c2ccc(C)cc2)CCC12C(c1ccc(OC)c(OC)c1)=Nc1ccccc12
mol_7967,COC(=O)C1=C(C(=O)OC)C2(CCCCCC2=O)OC1=O
mol_7968,CC(C)C(O)(C(=O)OCC1=CCN2CCC(O)C12)C(C)O
mol_7969,COC(=O)c1ccccc1C=C1Cc2ccc(C)c(C)c2C1=O
mol_7970,Cc1nonc1C(=O)NN
mol_7971,COc1ccc(C2CC(=O)CC(c3ccc(OC)cc3OC)C23C(=O)c2ccccc2C3=O)c(OC)c1
mol_7972,NC(=O)C(N)C(F)c1ccccc1
mol_7973,O=C(Cn1c2ccc(Br)cc2c2nc3ccccc3nc21)NNC(=O)NC1CCCCC1
mol_7974,COC(=N)C12C(=N)NC(OC)(OC)C1(C#N)C21C(=O)N(c2ccccc2)N=C1C
mol_7975,Cc1cc2ccccc2n1S(=O)(=O)c1ccccc1
mol_7976,N#Cc1ccccc1NC(=O)C(=NNc1ccc([N+](=O)[O-])cc1)C1C(=O)NC(=O)NC1=O
mol_7977,Cc1cc(NS(=O)(=O)c2ccc(NC(=O)c3cccc4cc5ccccc5nc34)cc2)no1
mol_7978,COc1ccc(C2ON(c3ccccn3)CC=C2C)cc1
mol_7979,COc1ccc(C2Oc3cc(OC)ccc3C(=O)C2c2ccccc2)cc1
mol_7980,CC=C1C=[N+]([O-])C2CC1C(C(=O)OC)C13CC(OC)OC21Nc1ccccc13
mol_7981,C=C(C)CCC(=O)C(C)(O)C1C(O)CC2(C)C3CCc4c(cc(OC5OC(CO)C(O)C(O)C5O)c(O)c4C)C3(C)C(=O)CC12C
mol_7982,CCSC(CC(O)C(O)C(O)CO)SCC
mol_7983,Cc1cc(C)c(C(=O)C(=Cc2ccccc2)c2ccccc2)c(C)c1
mol_7984,COC(=O)C1(O)C(c2ccccc2)NC2(C)CCCC21
mol_7985,Cc1cc(OP2(=O)Nc3ccccc3-c3ccccc3N2)ccc1Cl
mol_7986,COC(=O)c1nc(O)c(C#N)c(C(=O)OC)c1C(=O)C=Cc1ccccc1
mol_7987,Cc1nnc2sc3c(Cl)c4nn5c(C)nnc5sc4c(Cl)c3nn12
mol_7988,COc1ccc2c(c1OC)C(C=C(c1ccccc1)c1ccccc1)CN(C)C2
mol_7989,Fc1ccccc1C1CC(C(c2ccccc2)c2ccccc2)=Nc2ccccc2S1
mol_7990,CCOC(=O)c1cccc2c(Nc3ccc(S(=O)(=O)Nc4cc(C)on4)cc3)c3ccccc3nc12
mol_7991,CCN(CC)CCC(=O)c1ccc(Oc2ccccc2)cc1.Cl
mol_7992,COc1ccc(C=C2C(=O)N(C(=O)c3ccc(NC(C)=O)cc3)N=C2C)cc1
mol_7993,CNCc1c(S)ccc2ccccc12
mol_7994,CC1=[N+]2[N-]C(N3CC4CCC(CC4)C3)=[S+][Fe-]2[n+]2nc(C)ccc21
mol_7995,CC(NC(=O)C(=Cc1ccccc1)NC(=O)c1ccccc1)C(=O)O
mol_7996,CC(=O)N1CC2(CN(C(C)=O)CC3(C1)OCCO3)OCCO2
mol_7997,O=C1c2ccccc2C(=O)N1N=Cc1ccc(O)cc1
mol_7998,Oc1nc(N2CCOCC2)nc2cc3ccccc3cc12
mol_7999,CC(=NN)C(C)=NN=C(C)C(C)=NN=C(C)C(C)=NN
mol_8000,C=CC1OC(=O)OC1CO
mol_8001,COc1ccccc1-n1c(C)nc2ccccc2c1=O
mol_8002,COc1ccc(C2SC(=N)Nc3c2c(C)nn3C(=O)c2ccc(Cl)cc2)cc1
mol_8003,Oc1ccc(-c2c3ccccc3c(-c3ccc(OCCBr)cc3)c3ccccc23)cc1
mol_8004,CCOC(=O)CNC(=O)c1cccc2c(Nc3ccc(S(=O)(=O)Nc4cc(C)on4)cc3)c3ccccc3nc12
mol_8005,Cc1cc(C)c(C2=NOC3C(=O)N(c4ccc(Cc5ccc(N6C(=O)C7ON=C(c8c(C)cc(C)cc8C)C7C6=O)cc5)cc4)C(=O)C23)c(C)c1
mol_8006,CCC1CC2CN3CCc4c([nH]c5ccc(OC)cc45)C(CO)(C2)C13
mol_8007,Cc1cccc2c1CC(C1OC(=O)c3c(C)cccc31)C2=O
mol_8008,COc1ccc(C2=NNC(=O)OC2c2ccccc2)cc1
mol_8009,CC(CC(=O)Nc1cccc(Cl)c1C)=NNC(=N)N
mol_8010,CC1(C)NC(c2ccccc2)c2ccsc2-n2cccc21.Cl
mol_8011,CCCCS(=O)(=O)c1ccc(O)c(C(=O)Nc2cccc(C(F)(F)F)c2)c1
mol_8012,O=Cc1cc2sc(C=O)cc2s1
mol_8013,O=c1[nH]c(=O)n(C2OC(CO)C(O)C2O)c(NNc2ccccc2)c1NNc1ccccc1
mol_8014,O=C(Nc1ccc(Cl)cc1C(=O)O)c1ccc([N+](=O)[O-])cc1
mol_8015,Cc1ccc(N2C(=O)C(=C3Sc4c(O)nc(C)nc4N3c3ccccc3)SC2=S)cc1
mol_8016,OCC=CC(OCc1ccccc1)C(C=CCO)OCc1ccccc1
mol_8017,COc1ccc(Br)c(CN2CCc3ccccc32)c1OS(=O)(=O)c1ccc(C)cc1.Cl
mol_8018,COc1ccc(CC(=O)c2cc(OC)c(OC)cc2C)cc1OC
mol_8019,N#CC(=CNC(=S)NN=C1C(=O)Nc2ccccc21)C(N)=O
mol_8020,O=C(OCCO)C1CC2CC1C1(C2)OCCO1
mol_8021,CCC1CN2CCc3cc(OC)c(OC)cc3C2CC1CC1c2cc(OC)c(OC)cc2CCN1C(=O)C(N)Cc1ccccc1.[O-][Cl+3]([O-])([O-])O
mol_8022,O=[N+]([O-])c1ccc(OCCC[PH](c2ccccc2)(c2ccccc2)c2ccccc2)c(Cl)c1
mol_8023,Cc1cnc(C2CCC3C4CC=C5CC(O)CCC5(C)C4CCC23C)s1
mol_8024,COC(=O)c1sc2c(SC#N)c3ccccn3c2c1C
mol_8025,CC1(C)OCC(C(O)C2OC(C)(C)OC2C=NO)O1
mol_8026,COc1cc2c(cc1OC)C(C(=O)c1cccc(OC)c1OC)C(=O)N(C)CC2
mol_8027,COc1ccc(-c2c(C)c(C)nc(Cl)c2C#N)c(OCc2ccccc2)c1OC
mol_8028,CCSc1nc(-c2ccc(OC)cc2)c(C#N)c(=O)n1C1OCC(OC(C)=O)C(OC(C)=O)C1OC(C)=O
mol_8029,COc1ccc2c3c1OC1(C)C4(OC)C=CC5(c6c(O)ccc(O)c64)C(C2)N(C)CCC351
mol_8030,C=C=C(C(=O)OC)S(=O)c1ccccc1[N+](=O)[O-]
mol_8031,COC(=O)c1nc(-c2ccc(Cl)c(Cl)c2)nc2ccc(Cl)cc12
mol_8032,CCCCCCCCCCCCC1NC(=N)NC2(CCCO2)C1C(=O)OC
mol_8033,C[N+]1(C)N=C(c2ccccc2)C=C1O
mol_8034,CN(C)c1ccc(C=C2N=C(c3ccccc3)OC2=O)cc1
mol_8035,CC1=NC(=Cc2ccc(F)cc2)C(=O)O1
mol_8036,CCOC(=O)C(C)c1nc2cc(C(F)(F)F)ccc2nc1O
mol_8037,O=C(O)C(O)=C1C=C(c2ccccc2)c2ccccc21
mol_8038,CCNCCCCNCCCCNCCCCNCCCCNCC.Cl
mol_8039,O=C1NC(=S)NC1=Cc1ccc(Cl)cc1
mol_8040,O=C1C(Cl)N(c2cccc(Cl)c2)C1c1c[nH]c2ccccc12
mol_8041,COc1ccc(NC(=S)Nc2cc(C)cc(C)n2)cc1
mol_8042,CC(O)C(O)C(N)CC=O
mol_8043,c1ccc(C2=NCCc3cc4c(cc32)OCO4)cc1
mol_8044,O=c1ccc2c(O)c3ccoc3cc2o1
mol_8045,c1ccc(CN2CCC3(CC2)SSC2(CCN(Cc4ccccc4)CC2)SS3)cc1
mol_8046,CC12C=CC(=O)C=C1C(F)CC1C3CCC(O)(C(=O)CO)C3(C)CC(O)C12F
mol_8047,CC(C)(Oc1ccc(C(=O)c2ccc(Cl)cc2)cc1Cl)C(=O)Nc1c(Cl)cccc1Cl
mol_8048,CCOC(=O)CN1CC(C2=C(O)CN(CC(=O)OCC)C2=O)=CC1=O
mol_8049,CC1CC(=O)C(CC(=O)O)C1C(C(=O)C(=O)Nc1c(C#N)cccc1[N+](=O)[O-])[N+](=O)[O-]
mol_8050,CCCCC1C(OCOc2ccccc2)COC(=O)N1C(C)c1ccccc1
mol_8051,CCOC(=O)C1Oc2ccc([N+](=O)[O-])c3c2C1(O)CCC3
mol_8052,CC(=O)c1sc2c(c1OC(=O)c1ccccc1)c(=O)n(-c1ccccc1)c(=S)n2-c1ccccc1
mol_8053,CCOC(=O)C(=CNC(=S)Nc1ccc(OCC)cc1)C(=O)c1ccccc1
mol_8054,COc1ccc2c(O)c(Cc3ccc(OC)c(OC)c3)c(=O)oc2c1
mol_8055,COc1cc(OCc2ccc3nc(OC)c(OC)nc3c2)cc(OC)c1OC
mol_8056,O=C1OC(c2ccccc2)=NC1=Cc1ccc2ccccc2c1
mol_8057,COC(=O)C1(Cc2ccc(C)cc2)Cc2c(C)cccc2C1=O
mol_8058,C[N+](C)(N)c1nc(N)c(C#N)c(C#N)c1C#N.[Cl-]
mol_8059,O=C(N=C(Nc1ccccc1)SCSC(=NC(=O)c1ccco1)Nc1ccccc1)c1ccco1
mol_8060,CC1(C)CC(=O)C2=C(C1)Nc1ccccc1S2
mol_8061,COc1ccc(CC2C(=O)OCC2Cc2ccc(OC)c(OC)c2)cc1O
mol_8062,O=C1CCCC1=C1SSC(=C2CCCC2=O)S1
mol_8063,COc1ccc(-c2cc3c(c4cc(OC)ccc24)C(=O)OC3=O)cc1
mol_8064,CC(=O)NC1(C)C(C)C2CC1C(C)C2(C)C
mol_8065,O=C(O)c1c(CC(Cc2ccc3c(c2)CCCC3)C(=O)O)ccc2c1CCCC2
mol_8066,O=C1OCC2(CO1)CC1C=CC2C1
mol_8067,O=c1c(Cl)c(Cl)cnn1-c1ccc([N+](=O)[O-])cc1[N+](=O)[O-]
mol_8068,Cc1cc(C2(c3cc(C)c(O)cc3C)OS(=O)(=O)c3ccccc32)c(C)cc1O
mol_8069,Cn1c(N=[N+]=[N-])cc(=O)n(C)c1=O
mol_8070,O=C(O)c1ccc(-c2ccc(-c3cc(=S)sc(=O)[nH]3)cc2)cc1
mol_8071,CC1(C)CC23CC(C)(C)c4cccc(c42)OCc2ccc4ccc5ccc(nc5c4n2)COc2cccc1c23
mol_8072,CC(C)=CCCC(C)C=CC=C(C)C(=O)CCC1CC[N+]2(C)CCCCC12.[Cl-]
mol_8073,CCOP(=O)(CC(=O)C1CC1)OCC
mol_8074,CCC1C(c2ccccc2)=CCC(C(=O)O)C1C
mol_8075,CC(=O)N1CCN(CCCCN2c3ccccc3Sc3cc(N=[N+]=[N-])ccc32)CC1
mol_8076,COc1cc(C)cc2c(-c3ccc(O)c4c(OC)cc(C)cc34)ccc(O)c12
mol_8077,CCOC(=O)C(Cc1cc(=O)n(C)c2ccccc12)=NNc1ccccc1
mol_8078,O=C1C(Cl)C(c2ccc(O)cc2)N1n1cnc2ccccc2c1=O
mol_8079,N#CC(=CNC(=S)NCc1ccccc1)c1nc2ccccc2s1
mol_8080,CC(C)OP(=O)(OC(C)C)C(=NNc1ccccc1[N+](=O)[O-])NNC(=O)c1ccccc1
mol_8081,CCN(CC)CCNCC(O)CN1CCN(C)CC1
mol_8082,Cc1cc(C)c(NS(=O)c2cccc(C(F)(F)F)c2)c(C)c1
mol_8083,CN1C(=O)C(O)(Cc2nccc3ccccc23)c2ccccc21
mol_8084,O=C1Nc2ccccc2C1=NNc1nc(-c2ccccc2)cs1
mol_8085,COc1ccc(C2(O)CCCCC2)cc1
mol_8086,COc1cccc(N2C(=O)C3CC(CC(C)(C)C)c4c([nH]c5ccccc45)C3C2=O)c1
mol_8087,Cc1cn(C(C)OCCO)c(=O)[nH]c1=O
mol_8088,c1ccc2sc(-c3c4ccccc4cc4c3ccc3ccccc34)cc2c1
mol_8089,Cc1cn(C2CC=C(CO)CC2)c(=O)[nH]c1=O
mol_8090,N#Cc1nc(Nc2ccc([N+](=O)[O-])cc2)sc1N
mol_8091,CCOC(=O)CCC1(C)OCC(COC)O1
mol_8092,Cc1[nH]c2ccc([N+](=O)[O-])cc2c1CC(CC[N+](=O)[O-])[N+](=O)[O-]
mol_8093,Cc1ccc(C(=O)C=Cc2cccc([N+](=O)[O-])c2)cc1
mol_8094,CCOP(=O)(CCCC(O)CNc1nc(N)nc(Cl)c1N=Nc1ccc(Cl)cc1)OCC
mol_8095,COC(=O)c1cncc2c1CC1C3(C(=O)OC)C=NC(C4C(CO)=CCC43)C21C
mol_8096,c1cnc2c(c1)CCc1cc3cccnc3nc1-2
mol_8097,CCOC1C2c3cc4c(cc3CC(C#N)(c3ccccc32)N1C(=O)c1ccccc1)OCO4
mol_8098,O=C(OCCNC(=O)N1CCOCC1)OCCNC(=O)N1CCOCC1
mol_8099,Cl.O=C(NCc1ccccc1)c1cc2ccc(O)c(O)c2cn1
mol_8100,CSc1c(N(C)C)c(=O)c1=S
mol_8101,COc1cc(OC)c(C2c3cc4c(cc3OC(N3CCCC3)C2C)OCO4)c(OC)c1
mol_8102,CC(=Nc1ccc(N(C)C)cc1)c1ccccc1
mol_8103,S=c1sc2nc(Cl)nc(Cl)c2s1
mol_8104,CN(C)CC1CCCCC1=NOC(=O)c1ccc(Cl)cc1.Cl
mol_8105,CNC(=O)NC1ON=C(c2ccccc2)C1C(=O)NC
mol_8106,CC(=O)OCC1=C(CCC#N)N2C(=O)C(NC(=O)Cc3cccs3)C2S(=O)C1
mol_8107,COc1ccc2cc3[n+](cc2c1O)CCc1cc2c(cc1-3)OCO2
mol_8108,O=S(Nc1ccccc1)c1ccc(-c2ccccc2)cc1
mol_8109,O=C(NCCCCCCNC(=O)NCc1ccco1)NCc1ccco1
mol_8110,CCCCCCCCCCCCN(CCCCCCCCCCCC)CC(=O)Nc1ccc(S(=O)(=O)c2ccc(NC(=O)CN(CCCCCCCCCCCC)CCCCCCCCCCCC)cc2)cc1
mol_8111,CC(C)(C)OC(=O)NC(CSCc1ccc(C(=O)c2ccccc2)cc1)C(=O)N1CCN(CCCCN2c3ccccc3Sc3cc(N=[N+]=[N-])ccc32)CC1
mol_8112,O=C(O)CCCc1cc2c(s1)-c1cccc3cccc-2c13
mol_8113,CC(=O)N(C(C)=O)c1nc2c(c(=O)n(C)c(=O)n2C)n1C
mol_8114,N=c1ccn(CC2OCC(CO)O2)c(=O)[nH]1
mol_8115,COc1ccc(OCC(=O)O)c2c1CCCC2=O
mol_8116,CCC12CN3CC(CC(C(=O)OC)(c4cc5c(cc4OC)N(C)C4C(O)(C(=O)OC)C(OC(C)=O)C6(CC)C=CCN7CCC54C76)c4[nH]c5ccccc5c4CC3CC(C)=O)C1O2
mol_8117,CCOC(=O)C1C(=O)c2ccccc2CN1Cc1ccccc1.Cl
mol_8118,CN(C)c1ccc(C=C2C(=O)NC(=O)NC2=O)cc1
mol_8119,CCc1c(O)c2c(c(O)c1C(C)=O)C(=O)c1c(cc(O)c(C(=O)O)c1C(=O)O)C2=O
mol_8120,Cc1ccc2nnn3c(=N)[nH]c(=N)nc3c2c1
mol_8121,CC1=C(C(=O)NNC(=O)C(N)=O)CC(C(=O)NNC(=O)C(N)=O)=C(C)N1
mol_8122,CCNc1nc2c(=O)n(C)c(=O)n(C)c2s1
mol_8123,O=C(CC1(O)C(=O)Nc2ccc(Br)cc21)c1cccc([N+](=O)[O-])c1
mol_8124,Cc1ccc(CS(=O)C(Cl)(Cl)c2ccc(C)cc2)cc1
mol_8125,O=C1OC(=O)C2C1C(c1ccccc1[N+](=O)[O-])C=C(c1ccco1)N2c1ccncc1
mol_8126,CC(C)(C)OC(=O)N(CCCN)CCCCN(CCCN)C(=O)OC(C)(C)C
mol_8127,N#Cc1c(N2CCOCC2)ncn(-c2ccccc2)c1=O
mol_8128,CCOC(=O)c1sc2c(c1OC(=O)c1cccs1)c(=O)n(-c1ccccc1)c(=S)n2-c1ccccc1
mol_8129,O=C(Cc1nc2ccc(C(=O)c3ccccc3)cc2nc1O)C(=O)Nc1ccc(Br)cc1
mol_8130,C=CCn1c(=O)c(-c2ccccc2)c(O)c2ccccc21
mol_8131,Cc1ccc(C)n1N1CCOCC1
mol_8132,[N-]=[N+]=NC1=CC(=O)c2cccc3cccc1c23
mol_8133,CCOC(=O)C1Nc2ccc(Cl)cc2C2CCCC12
mol_8134,CC(=O)OC1CCC2C3CCC4(C)C(=O)CCC4C3C3OC23C1
mol_8135,O=C(O)C=Cc1ccc2c(c1)CC1(Cc3ccccc3C1)C2
mol_8136,Cc1cc(NS(=O)(=O)c2ccc(Nc3c4ccccc4nc4ccccc34)cc2)no1
mol_8137,CCCC(C(=O)OCCN1CCCC12CCCCC2)C1CCCC1
mol_8138,CC1=CC=NN2C(=O)C(C)C2C1
mol_8139,COC1C=COC2(C)Oc3c(C)c(OC(C)=O)c4c(c3C2=O)C(=O)C=C(NC(=O)C(C)=CC=CC(C)C(OC(C)=O)C(C)C(O)C(C)C(OC(C)=O)C1C)C4=O
mol_8140,Cc1ccc(C(CC(=O)C(C)(C)CN2CCCCC2)SCCS(=O)(=O)O)cc1
mol_8141,Cc1ccc(S(=O)(=O)n2c3c(c4ccccc42)CCN2C(=O)C(S(=O)(=O)c4ccccc4)=CCC32)cc1
mol_8142,O=C(CNc1ccccc1[N+](=O)[O-])Nn1cnc2ccc(S(=O)(=O)Nc3ccccc3[N+](=O)[O-])cc2c1=O
mol_8143,C=CCSSC=CCS(=O)CC=C
mol_8144,O=c1ccn(CC2(CO)CCC2)c(=O)[nH]1
mol_8145,Cc1cc(=O)n2c(cc3cccccc32)n1
mol_8146,Cc1cc(O)c2cc3ccc4c5nc(C)cc(O)c5cc5ccc(c2n1)c3c54
mol_8147,CC1(C)OC2OC(CO[Si](C)(C)C(C)(C)C)C(N=[N+]=[N-])C2O1
mol_8148,CSc1ccc(C2OC(=O)c3c2ccc2ccccc32)c(C)c1
mol_8149,[O-][Cl+3]([O-])([O-])O.c1ccc2c(c1)c[s+]c1c3ccccc3[nH]c21
mol_8150,Oc1ccccc1C1SCc2nc3ccccc3n21
mol_8151,COC(=O)c1ccc(NC=C(C#N)c2ccsc2)cc1
mol_8152,C[N+]1=[O+][Co-4]2345[O+]=[N+](C)[N-]N2c2ccccc2[S+]3CC[S+]4c2ccccc2N5[N-]1
mol_8153,CNC(C)C(NC)c1ccccc1.Cl
mol_8154,CSC(c1ccccc1)=[N+]([O-])Cc1ccccc1.I
mol_8155,CCCNC(=N)NC#N
mol_8156,CCOc1ccc(NC(=O)CC2C(=O)Nc3ccccc3S2(=O)=O)cc1
mol_8157,CCCCCCCCCC(=O)NC(Cc1ccc(O)cc1)C(=O)NCCCNCCCCNCCCNC(=O)C(N)CCCNC(=N)N.O=C(O)C(F)(F)F
mol_8158,O=C(O)C=Cc1ccc(Oc2ccccc2C(=O)O)o1
mol_8159,O=C1CSC(c2c[nH]c3ccccc23)N1c1cccc(Cl)c1
mol_8160,CC(=O)Oc1ccc2c3c4nc5ccccc5nc4cc(OC(C)=O)c3n(C)c2c1
mol_8161,COC(=O)C(=NNC(N)=O)C(C(=O)C(=O)Nc1ccc(C)cc1)c1nc2ccc(C(=O)c3ccccc3)cc2nc1O
mol_8162,O=S(=O)(O)OC1CCCC1S(=O)(=O)O
mol_8163,COc1cccc(-c2cc(C(=O)Nc3ccc(Cl)cc3)nc(N)n2)c1
mol_8164,Cc1ccc(C)c(NC(=O)C(=NNC(N)=S)C(C#N)c2ccccc2)c1
mol_8165,COc1ccc(C=c2sc3n(c2=O)NC2(CCCCC2)NN=3)cc1
mol_8166,CN1CCC2(CC1)SCC1C(=O)N(c3ccc(Cl)cc3)C(=O)N12
mol_8167,CCC(C)C1NC(=O)C(CC(C)C)NC(=O)C(C(C)C)NC(=O)C2CSSCC(NC1=O)C(=O)N2
mol_8168,Cc1ccc(S(=O)(=O)C(C#N)=CNC(=S)NN=C2C(=O)Nc3ccccc32)cc1
mol_8169,O=C(O)C(CO)NC(=O)C1C(C(=O)O)C(c2ccccc2[N+](=O)[O-])C=C(c2ccco2)N1c1ccncc1
mol_8170,CCOC(CC1(O)C(=O)N(Cc2ccccc2)c2ccccc21)OCC
mol_8171,CN1C(CC(O)(c2ccccc2)c2ccccc2)CCCC1CC(O)(c1ccccc1)c1ccccc1
mol_8172,COC(=O)NN=C(CCCC(=O)Nc1cccc([N+](=O)[O-])c1)C(C#N)c1ccc(CC#N)cc1
mol_8173,c1ccc(P(c2ccccc2)c2ccc(P(c3ccccc3)c3ccccc3)nn2)cc1
mol_8174,Cc1ccc(S(=O)(=O)N(CCN2C(=O)c3ccccc3C2=O)c2cc3c4c(c2)Oc2cc(N(CCN5C(=O)c6ccccc6C5=O)S(=O)(=O)c5ccc(C)cc5)cc5c2C4(C)c2c(cc(N(CCN4C(=O)c6ccccc6C4=O)S(=O)(=O)c4ccc(C)cc4)cc2O5)O3)cc1
mol_8175,CC1=C2C(=COC(C)C2C)C(O)=C(C(=O)O)C1=O
mol_8176,COS(=O)(O)=[OH+].C[n+]1c2ccccc2c(CNC(CS)C(=O)O)c2ccccc21
mol_8177,COC(=O)C1C(C(C)=O)CCC2C1CCC1(C)C(OC(C)=O)CCC21
mol_8178,Brc1ccc(N2N=NC3C4CC(C5CCCC54)C32)cc1
mol_8179,CCOP(=O)(OCC)C(C#N)=Cc1ccc(CO)o1
mol_8180,CNC1C(O)CC(OC2CC=C(C)CC(C)=CC=CCCC(C)CNC(=O)C=CC=CC2C)OC1C
mol_8181,CNC(=O)CCC(NC(C)=O)C(=O)NC(Cc1ccc(NC(=O)CCCCC(C)=O)cc1)C(=O)NC(CCC(=O)NC)C(=O)NC
mol_8182,O=C1CC(c2ccccc2)Sc2ccccc2N1
mol_8183,CCOC(=O)C1=C(C)C(=Cc2[nH]c(C)c(C(=O)OCC)c2C)N=C1C
mol_8184,CC1=C(c2cc(C(=O)Nc3ccc(Cl)cc3)nc(S)n2)Sc2ccccc2N1
mol_8185,COC1OC(CCC2NC(CO)C(O)C(O)C2O)C(O)C(O)C1O.Cl
mol_8186,OCC1OC(NC(=S)NCSCCC(F)(F)C(F)(F)C(F)(F)C(F)(F)C(F)(F)C(F)(F)F)C(O)C(O)C1O
mol_8187,NNC(=O)CC(=O)N(C(=O)C=Cc1ccccc1)c1ccc(Cl)cc1
mol_8188,Cc1cccc(-c2nc3sc(-c4cccc(C)n4)nc3s2)n1
mol_8189,Cc1cccc(NP2(=O)NCCCN2)c1
mol_8190,O=C1c2ccccc2-c2nc3ccccc3nc21
mol_8191,[CH2-][Tl-]1([CH2-])[O+]=C2C=CC=CC=C2[OH+]1
mol_8192,CN1CC2C(C1=O)C(c1ccccc1)ON2C
mol_8193,O=Nc1ccc(O)cc1Cc1ccccc1
mol_8194,N#CCCN(c1ccc(-c2nnc(NC(=O)CNNC(=O)CC(=O)Nc3ccccc3)s2)cc1)S(=O)(=O)c1ccccc1
mol_8195,COc1ccc2oc(=O)c(CC=C(C)C)c(O)c2c1C
mol_8196,CCOC(=O)NC(S(=O)(=O)O)S(=O)(=O)O
mol_8197,COc1cc2c3c(c1)SCC(=O)N3CCN2
mol_8198,CC(C)Cc1ccc(C(C)C(=O)O)cc1
mol_8199,Cc1ccc(N=Nc2c(C)nn(C(=O)CC(=O)Nc3ccc(Cl)cc3)c2C)cc1C
mol_8200,NNC(=O)C1C2c3ccccc3C(c3ccccc32)C1C(=O)NN
mol_8201,CCCCc1nc(C)oc1C(C)C
mol_8202,Cc1cn(COCCOS(C)(=O)=O)c(=O)[nH]c1=O
mol_8203,S=C(NN=Cc1ccccn1)N1CCCCCC1
mol_8204,CC12CCC3=C(CSC4=C3CSc3ccccc34)C1=CCCC2=O
mol_8205,COc1ccc(C=C(C#N)c2ccc(OC)cc2)cc1
mol_8206,C=C1C(=O)OC2C1CC(O)C(C)(CC)C2C(=C)C=O
mol_8207,CN1[PH](F)(F)[Ni]234[PH](F)(F)N(C)[PH](F)(F)[Ni]([PH]1(F)F)([PH](F)(F)N(C)[PH]2(F)F)([PH](F)(F)N(C)[PH]3(F)F)[PH](F)(F)N(C)[PH]4(F)F
mol_8208,CN(NC(=O)C(=Cc1cc(Cl)cc(Cl)c1O)NC(=O)c1ccccc1)c1cnn(-c2ccccc2)c(=O)c1Cl
mol_8209,S=C(NCCNC(=S)SSC(=S)NNc1ccccc1)SSC(=S)NNc1ccccc1
mol_8210,COc1cccc(C=NNC(=O)C(C)SC(C)C(=O)NN=Cc2cccc(OC)c2)c1
mol_8211,CCCCCCCCCCCC(=O)c1c(O)c2ccccc2oc1=O
mol_8212,COc1[nH]c(C(O)C2OC(C)(C)OCC2O)nc1C#N
mol_8213,O=C(NC1CC(=NO)c2c(Br)sc(Br)c21)C(F)(F)F
mol_8214,CC(=O)SSC12CC3CC(CC(C3)C1)C2
mol_8215,O=[N+]([O-])c1nccn1CC(O)CO
mol_8216,CC(=O)OCC1OC(n2c(C)c(C(C)=O)c(-c3cccc4ccccc34)c(C#N)c2=S)C(OC(C)=O)C(OC(C)=O)C1OC(C)=O
mol_8217,O=C(Cc1ccccc1)NN1C(=O)C(Cl)C1c1ccc(O)cc1
mol_8218,c1cc(-c2cn3ccsc3n2)ccn1
mol_8219,Cc1ccc(S(=O)(=O)NCCN(CCNS(=O)(=O)c2ccc(C)cc2)S(=O)(=O)c2ccc(C)cc2)cc1
mol_8220,CCOC(=O)C(C)c1nc2cc(F)c(N3CCOCC3)cc2nc1O
mol_8221,Clc1cc(Cc2cc(Cl)c(Cl)c3c2OCOC3)c2c(c1Cl)COCO2
mol_8222,COc1cc(CNc2cnc3cc(N)ccc3n2)cc(OC)c1OC
mol_8223,CCCCNC(=S)Nc1nc(C(=O)NNC(=S)NCC)cs1
mol_8224,O=C1Sc2ccc(Cl)cc2C(=O)N2CSCC12
mol_8225,[O+]#C[Mo+2]12345(C#[O+])(C6=C1[C-]2C3=C64)[PH](c1ccccc1)(c1ccccc1)C=C[PH]5(c1ccccc1)c1ccccc1.[O+]#C[Mo]1234(C#[O+])(C#[O+])C5=C1[C-]2C3=C54
mol_8226,CC(CCC1=NCCN1)C1CCC2C3CCC4CC(O)CCC4(C)C3CCC12C
mol_8227,CN1C(CCl)Nc2cc(Cl)c(S(N)(=O)=O)cc2S1(=O)=O
mol_8228,CCOC(=O)c1ccc(CSc2ccccc2)cc1
mol_8229,O=C(O)C(CS)Nc1c2ccccc2nc2ccccc12
mol_8230,N=C(N)Oc1ccc(Cl)cc1
mol_8231,CC(C)C1CC=NN1C(=O)OC(C)(C)C
mol_8232,CCCCCCCCCCCCCCCCCC(=O)NCC(COP(=O)([O-])OCC[N+](C)(C)C)OC
mol_8233,O=C1c2ccccc2-n2nnnc2C2CSCN12
mol_8234,CC(=O)c1c(-c2ccco2)c(C#N)c(=S)n(C2OC(CO)C(O)C(O)C2O)c1-c1ccccc1
mol_8235,CC1NC(=O)c2cc(O)n(C)c(=O)c21
mol_8236,COc1ccccc1NC(=S)NC=C1C(=O)C=C(C)OC1=O
mol_8237,C=CCNC(=O)C=CC(=O)O
mol_8238,COc1ccc(NC(=O)CSc2nc(C)nc3c2sc(=S)n3-c2ccccc2)cc1
mol_8239,COC(=O)c1cc(C#N)[nH]c1-c1ccsc1
mol_8240,Cc1ccc2c(c1)C(=O)C(=C1CCc3ccc(C)cc31)C2
mol_8241,COc1ccc2c(CCNS(=O)(=O)c3ccccc3)c(C(C)=O)[nH]c2c1[N+](=O)[O-]
mol_8242,O=C(O)c1ccccc1C(=O)NC(Cc1c[nH]cn1)C(=O)O
mol_8243,O=P(c1ccccc1)(c1ccccc1)c1ccc2c(c1)OCCOCCOCCOCCO2
mol_8244,N#CC(=CNC(=S)Nc1ccc(Cl)c(Cl)c1)C(N)=O
mol_8245,COc1cc2ccc(CC(N)=O)cc2cc1OC
mol_8246,COC(=O)c1nc2[nH]n(-c3ccccc3)c(=O)c2c2c1CCCCCCCCCC2
mol_8247,Cl.O=C(NCCN1CCCCC1)c1cccc(I)c1
mol_8248,Cc1ccc2c(c1)NC(=O)C(N=[N+]=[N-])(c1ccccc1)C2=O
mol_8249,CC(=O)N(N=Cc1ccc([N+](=O)[O-])cc1)c1ccccc1
mol_8250,CC(=NNC(=O)C(C#N)=Cc1ccc(N(CCC#N)CCC#N)cc1)c1ccccc1
mol_8251,N#CCCN(c1ccc(C=C2N=C(Cc3ccccc3)OC2=O)cc1)S(=O)(=O)c1ccccc1
mol_8252,COc1ccc2c(c1)[n+](=O)[c-](S(=O)(=O)c1ccc(C)cc1)[c-](N)[n+]2=O
mol_8253,O=[N+]([O-])c1ccc(O)c(C=NCC2CCCN3CCCCC23)c1
mol_8254,O=c1ccn(C=C(c2ccccc2)S(=O)Cc2ccccc2)c(=S)[nH]1
mol_8255,COC(=O)Cc1cc(O)c2c(c1O)C(=O)c1ccccc1C2=O
mol_8256,CCC1OC2(C)CC(S(=O)(=O)c3ccccc3O)CC1O2
mol_8257,CC(C)=CCCC(C)=CC=NO
mol_8258,OC1C#CCSCC#CC=C1
mol_8259,CN(CCO)c1nc(O)c2c(n1)CCC2
mol_8260,O=C(c1ccccc1)c1nc2c(Cl)ccc(Cl)c2cc1C(Br)Br
mol_8261,CC1(C)OCC2(CO1)CSCCCSCC1(COC(C)(C)OC1)CSCCCSC2
mol_8262,Cc1ccc(-n2cc(-c3ccc(Cl)cc3)c3c(NN=C4SCC(=O)N4C)ncnc32)cc1
mol_8263,Clc1ccc(C2ON=C(c3ccccc3)N2C23CC4CC(CC(C4)C2)C3)cc1Cl
mol_8264,Cc1c(O)c(OC2OC(CO)C(O)C(O)C2O)cc2c1CCC1C2(C)C(=O)CC2(C)C(C(C)(O)C(O)CCC(C)(C)O)C(O)CC12C
mol_8265,Cc1cn(C2COC(C)(CO)O2)c(=O)[nH]c1=O
mol_8266,O=C1NC(=O)C(Cc2ccccc2Cl)N1
mol_8267,CC1(CCCCO)C=CC(S(=O)(=O)c2ccccc2)CC1
mol_8268,CCOP(=O)(OCC)C(c1ccc(F)cc1)N(C(=O)NC(F)(F)F)c1cccc(C(F)(F)F)c1
mol_8269,CC1(OCc2ccccc2)C(=O)N2C1NCC2(C)C
mol_8270,CCC1(Cc2ccc(OC)c(OC)c2)[CH-][N+](=O)OC(OCc2ccccc2)C1OC(C)=O
mol_8271,CCN(CC)c1cc2oc(=O)cc(C)c2cc1NC(=O)c1cc(N)cc(N)c1
mol_8272,O=C(O)c1cocc1C(=O)O
mol_8273,O=C(CN1CCCCC1)N1CCc2c([nH]c3ccccc23)C1c1cccnc1
mol_8274,Cc1cn(C(CO)OC(CO)CN(O)C2C3CC4CC(C3)CC2C4)c(=O)[nH]c1=O
mol_8275,Cn1cc2c(=O)n(OS(=O)(=O)c3ccccc3)c(=O)nc-2[nH]1
mol_8276,NC(C(=O)O)C(CC(=O)O)c1ccccc1
mol_8277,NN=C1CCN2CCCc3cccc1c32
mol_8278,CC#CC(O)(C(=O)OC1CCC2CCC1N2C)C1CCCC1
mol_8279,COC(=O)C=CC(C#N)(C#N)N=Cc1cccc(OC)c1
mol_8280,CSP(=S)(SC)SC(C)c1ccc(C)cc1
mol_8281,Cl.NCCCNCc1c2ccccc2c(CNCCCN)c2ccccc12
mol_8282,CN(C)C=Nc1ccnc(O)n1.[NaH]
mol_8283,CC1=Nc2ccccc2SC2(C1)C(C1COC(C)(C)O1)OC1OC(C)(C)OC12
mol_8284,C=CC(OCOCC[Si](C)(C)C)C(CC)OC(CCCOC(=O)C(C)(C)C)OC
mol_8285,NNS(=O)(=O)c1ccc(OCC(=O)O)cc1
mol_8286,CCCOc1cnc(C2CCC3C4CC=C5CC(OC(=O)CCC(=O)O)CCC5(C)C4CCC23C)s1
mol_8287,O=C(Nc1ccc(C(=O)Nc2ccc(C3=NCCCN3)cc2)cc1)Nc1ccc(C2=NCCCN2)cc1
mol_8288,CCC(C)C(=O)OC1C(O)C2C(CN3CC(C)CCC3C2(C)O)C2CC34OC5(O)C(OC(=O)C(C)(O)CC)CCC3(C)C5C(OC(C)=O)C(OC(C)=O)C4C21O
mol_8289,Nc1cnc(N2CCN(c3ncc(N)cc3N)CC2)c(N)c1
mol_8290,COC(=O)[CH-][Ge]12[OH+]CCN(CC[OH+]1)CC[OH+]2
mol_8291,Cc1c(N2C(=O)C(=Cc3ccc(N(CCC#N)CCC#N)cc3)N=C2c2ccccc2)c(=O)n(-c2ccccc2)n1C
mol_8292,CCOC(=O)c1nc(SC)sc1NC(=O)c1ccccc1[N+](=O)[O-]
mol_8293,CN1CCN(C(N)=C(C#N)C(=O)Nc2ccc(Cl)cc2)CC1
mol_8294,O=C(O)CNC(=O)OCCCCOC(=O)NCC(=O)O
mol_8295,CCn1c(=O)c2c3cc(OC(C)=O)ccc3oc2c2ccc(OC(C)=O)cc21
mol_8296,COc1nc(N)c(N=O)c(=O)n1C
mol_8297,CCN(CC)Cc1cc(Nc2c3ccccc3nc3c4ccccc4n(C)c23)cc(CN(CC)CC)c1O.Cl
mol_8298,Cc1cc(C)nc(NC(=S)Nc2cccc(Cl)c2)c1
mol_8299,CC1(C)SC2c3ccccc3C(=O)N2C1C(=O)O
mol_8300,C=C1C(OC(=O)C(OC(C)=O)C(c2ccccc2)N(C)C)CC(O)C2(C)C1CC1CC(OC(C)=O)C(C)=C(C(OC(C)=O)C2O)C1(C)C
mol_8301,Cc1nc(C)c(C(=O)NNC(=O)C[n+]2ccccc2)cc1C(=O)NNC(=O)C[n+]1ccccc1.[Cl-]
mol_8302,COC(=O)NC(Nc1ccccn1)(C(F)(F)F)C(F)(F)F
mol_8303,CC1CC2(O)C3CC(F)C4=CC(=O)CCC4(C)C3C(O)CC2(C)C1(O)C(=O)CO
mol_8304,O=C1C2C3CCC(C3)C2S(=O)(=O)C2C3CCC(C3)C12
mol_8305,CCOC(=O)c1sc2c(C(=O)OCC)c3cc(C)ccn3c2c1N
mol_8306,Cc1nc(N)nc(N)c1N1CCNCC1
mol_8307,O=S1(=O)OCCOS(=O)(=O)C1Br
mol_8308,O=C1C2C3CC(C4C5C=CC(C5)C34)C2C2C3CC(C12)C1C2C=CC(C2)C31
mol_8309,O=c1[nH]c(=O)n(C2CC(O)C(CO)C2)cc1C=CBr
mol_8310,Cn1c(COC(=O)NC2CCCCC2)c(COC(=O)NC2CCCCC2)c2ccc3cc(Cl)c(Cl)cc3c21
mol_8311,C1CNCCNCCN1
mol_8312,O=C1N2CCCSC2=NC1(c1ccccc1)c1ccccc1
mol_8313,CCC12C=CCN3CCC4(c5cc(C(c6ccc(OC)cc6)c6cc7ccccc7n6S(=O)(=O)c6ccccc6)c(OC)cc5N(C)C4C(O)(C(=O)OC)C1OC(C)=O)C32
mol_8314,CCOc1cc2c(cc1O)C(=O)CC1C2CCC2(C)C(O)CCC12
mol_8315,CC(=O)Nc1oc(C)c(C)c1S(=O)(=O)c1ccc(Cl)cc1
mol_8316,CCOC(=O)c1cc2sc(NC(=O)c3ccccc3)nc2o1
mol_8317,CC1CCCCC12NC(=O)NC2=O
mol_8318,CCOC1NC(=O)NC(=O)C1(C)Cl
mol_8319,O=S1(=O)OCCOS(=O)(=O)C1I
mol_8320,CC(C)(C)N1OC2(CCCCC2)n2c(=O)c3ccccc3c(=O)n2C1c1ccccc1
mol_8321,CC1(S)CC2C(CC1Sc1ccccc1)C2(C)C
mol_8322,CC1=[N+]2c3ccccc3C(=O)[OH+][Zn-4]2(O)(O)(O)[OH+]c2ccc3c(C)cc(=O)oc3c21
mol_8323,CC(=O)Nc1ccc(S(=O)(=O)NN=CC(=O)O)cc1
mol_8324,CN1CCC(OC(=O)C(O)(c2ccccc2)c2ccns2)CC1
mol_8325,Nc1cc(=O)[nH]c(=S)n1-c1ccc(Cl)cc1
mol_8326,CCOC(=O)CCC(NC(=O)C(CC(=O)OC)NC(=O)C(CC(=O)OC)NC(=O)C(CC(=O)OC)NC(=O)C(CC(=O)OC)NC(=O)OCc1ccccc1)C(=O)NC(CCC(=O)OCC)C(=O)NC(CCC(=O)OCC)C(=O)OCC
mol_8327,N#CC(=CNC(=S)c1ccncc1)C(N)=O
mol_8328,O=C([OH+][Mn+](C#[O+])(C#[O+])(C#[O+])(C#[O+])C#[O+])C(F)(F)C(F)(F)F
mol_8329,O=C(O)c1ccccc1O
mol_8330,COc1cc(O)c2c(c1)C(=O)c1cc3c(c(O)c1C2=O)C(OC1OC(C)C(O)C(O)C1OC)C(OC)C(C)(O)C3=O
mol_8331,Cc1n2[nH]c(=N)sc2n[n+]1CC(=O)c1ccccc1.[Br-]
mol_8332,CCOC(CN(C)C(=O)Nc1cccc2ccccc12)OCC
mol_8333,CC(C)=CCCC(=CCCC(C)=CCCc1ccoc1)C(=O)O
mol_8334,COc1ccc(C(Cl)=Cc2cc(OC)ccc2OC)cc1
mol_8335,CC(=O)Oc1ccn2nc(C)c(Br)c2c1
mol_8336,Cn1c(=O)sc2cc(C(=S)N3CCCCC3)ccc21
mol_8337,O=S(=O)(c1cc(Cl)ccc1Cl)N1CCN(S(=O)(=O)c2cc(Cl)ccc2Cl)CC1
mol_8338,CC(C)CC(NC(=O)C(O)C(N)Cc1ccccc1)C(=O)O
mol_8339,CC=C(CCCCOC1CCCCO1)[Si](C)(C)C
mol_8340,S=c1nnn(C2CCCN2)[nH]1
mol_8341,NC(=O)C(NN=C1c2ccccc2-c2ccccc21)(c1ccccc1)c1ccccc1
mol_8342,O=NN=c1o[n-][n+](CCc2ccccc2)c1Cc1c(=NN=O)o[n-][n+]1CCc1ccccc1
mol_8343,CCN(CC)CCCN=c1c2cc(OC)ccc2[nH]c2c([N+](=O)[O-])ccc(NCCCN(CC)CC)c12
mol_8344,N#CC(C(=O)C(=NNc1nc(=S)[nH]n1N)C(C#N)c1ccc(Cl)cc1)c1ccc(Cl)cc1
mol_8345,Cn1nc(-c2ccccc2)c(C(=O)C=Cc2ccccc2)c(N2CCCC2)c1=O
mol_8346,N=C(N)c1ccc(OCCCOc2ccc(C(=N)N)cc2)cc1
mol_8347,CC(C)=CCC1=C(O)C(C(=O)C(C)C)=C(O)C(CC=C(C)C)(CC=C(C)C)C1=O
mol_8348,Cc1nn2c(=O)c([N+](=O)[O-])c(C=Cc3ccc(F)cc3)nc2s1
mol_8349,C[N+](C)(C)CC(=O)NN=Cc1oc(-c2c(O)ccc3ccccc23)c(-c2c(O)ccc3ccccc23)c1[N+](=O)[O-].[Cl-]
mol_8350,CCc1ccc(C=CC(=O)C2CN(CC)CCC2(O)C=Cc2ccc(CC)cc2)cc1.Cl
mol_8351,CCOC(=O)C(C#N)=Cc1ccc(Br)cc1
mol_8352,COC(=O)C1(CCC(=O)N(C)c2ccccc2)NNC2C(=O)N(c3ccccc3)C(=O)C21
mol_8353,CC(C)(C)[Si](OC1CC(n2cnc3c(N)ncnc32)OC1CO)(c1ccccc1)c1ccccc1
mol_8354,CC12CCC3C(CCC4CC(=CC#N)CCC43C)C1CCC2=CC#N
mol_8355,CC(=COS(=O)(=O)C(F)(F)F)c1ccccc1
mol_8356,COc1ccccc1C1OCC(C)(C)N1C
mol_8357,O=c1cc(-c2ccc(O)cc2)oc2cc(O)cc(O)c12
mol_8358,NC(=S)NN=CC12CC3CC(CC(C3)C1)C2
mol_8359,O=C1c2ccccc2C(=O)C2C1C1C(=O)c3ccccc3C(=O)C21
mol_8360,CCOC(O)=C(c1nc2ccccc2s1)c1ncnc2[nH]cnc12
mol_8361,Cc1cc(C)nc(NS(=O)(=O)c2ccc(Nc3c4ccccc4nc4ncccc34)cc2)n1
mol_8362,OCC1OC(n2nc(-c3ccccc3)nc2-c2cnccn2)C(O)C(O)C1O
mol_8363,CCCCCCN1CCc2c(C)c(C#N)c3nc4ccccc4n3c21
mol_8364,Cc1ccc(S(=O)(=O)NCCSS(=O)(=O)c2ccc(C)cc2)cc1
mol_8365,NN1CCOC1=O
mol_8366,N#CC1=C(N)N2C(=O)C(=Cc3ccccc3O)N=C2S1
mol_8367,Cc1ccc(NC(Sc2ccccc2)=C(C(Cl)=C(Cl)Cl)[N+](=O)[O-])c(C)c1
mol_8368,COc1ccc2c(c1)C(=O)C1NC(=O)NC(=O)C1(Br)N2
mol_8369,COC1C=COC2(C)Oc3c(C)c(O)c4c(O)c(c(C=Nn5cnc6c(ncn6C6OC(CO)C(O)C6O)c5=O)c(O)c4c3C2=O)NC(=O)C(C)=CC=CC(C)C(O)C(C)C(O)C(C)C(OC(C)=O)C1C
mol_8370,Cc1ccc(S(=O)(=O)[O-])cc1.O[Ru+2]123(O)(O)(O)C4=C1CCC2=C3CC4
mol_8371,O=C1NC(=O)C(=Cc2ccc(S(=O)(=O)NN=CC(O)C(O)C(O)CO)cc2)N1
mol_8372,Cc1ccc(C2=NOC(=O)C3CCCCC23)cc1
mol_8373,CC(=O)NC(CSN=Nc1[nH]cnc1C(N)=O)C(=O)O
mol_8374,CC1C(=O)OC2CCC3(C)C(=O)OC4OC5(c6ccoc6)CC1(O)C2(C)C43O5
mol_8375,O=C(C=Cc1ccccc1)c1cc(C(=O)C=Cc2ccccc2)c(O)cc1O
mol_8376,OCCC(N1CCOCC1)C(O)(c1ccccc1)c1ccccc1
mol_8377,Cc1cc(C)nc(NS(=O)(=O)c2ccc(NC(=O)c3cccc4c(Nc5ccc(S(=O)(=O)Nc6nc(C)cc(C)n6)cc5)c5ccc(Cl)cc5nc34)cc2)n1
mol_8378,COc1ccc(CNc2nc3ccccc3nc2-c2cccs2)cc1OC
mol_8379,Cc1c(CO)[n+]([O-])c2ccccc2[n+]1[O-]
mol_8380,COc1cc2cc(C(=O)N3CC(CCl)c4ccc(N5CCN[Cr]567([O+]=C(C)[CH-]C(C)=[O+]6)[O+]=C(C)[CH-]C(C)=[O+]7)cc43)[nH]c2c(OC)c1OC.[O-][Cl+3]([O-])([O-])[O-]
mol_8381,CCc1cccc(C(C)C)c1NC(=O)C(=NNC(N)=O)C(C(=O)OC)c1cnc2ccccc2n1
mol_8382,CC(=NNC(=S)NC1CCCC1)c1ccccn1
mol_8383,O=C(CSc1nnc(-c2ccc(N=Cc3ccc(Cl)cc3)cc2)o1)Nc1cccc(Cl)c1
mol_8384,COc1c(C)cc(Cc2cc(C)c(OC)c(Br)c2)cc1Br
mol_8385,Cn1cnc([N+](=O)[O-])c1Sc1nc2ccccc2s1
mol_8386,COc1cc2ccn3c4cc(OC)c(OC)cc4cc3c2cc1OC
mol_8387,Oc1nc2cc(F)c(F)cc2nc1Cc1ccccc1
mol_8388,COC(=O)C1=C(C(=O)OC)C2CCC1CC2=O
mol_8389,N=C(N)NC(=N)Nc1ccc(Sc2ccc(NC(=N)NC(=N)N)cc2)cc1
mol_8390,O=C(Nc1cccc2ccccc12)Oc1ccccc1C1CCCCC1
mol_8391,COc1cc(C=C2CCC(C)C3=C2NC(=S)NC3c2cc(OC)c(OC)c(OC)c2)cc(OC)c1OC
mol_8392,O=P1(O)C=CC2(CCCC2)O1
mol_8393,CC(=O)OCC1OC(Nc2ccc3nc(C)n(-c4cccc(C)c4)c(=O)c3c2)C(OC(C)=O)C(OC(C)=O)C1OC(C)=O
mol_8394,CC(=O)C(=CNC(N)=S)C(=O)Nc1ccc(Cl)cc1
mol_8395,CC12C(=O)OCC(c3ccccc3)N1C(=O)N(Cc1ccccc1)C2CO
mol_8396,Cc1cnc(C2CCC3C4CC=C5CC(OC(=O)CCC(=O)O)CCC5(C)C4CCC23C)s1
mol_8397,NNc1nnc(CCCCCCCCc2nnc(NN)n2N)n1N
mol_8398,CC1(C)OC(=O)C(=Cc2ccc(Br)cc2)C(=O)O1
mol_8399,CC(=NN=Cc1ccccn1)C(C)=NN=Cc1ccccn1
mol_8400,COC(=O)Nc1cn2ccc(Sc3ccccc3)cc2n1
mol_8401,CCN(CC)CCN=Cc1c(O)c(O)c(C(C)C)c2cc(C)c(-c3c(C)cc4c(C(C)C)c(O)c(O)c(C=NCCN(CC)CC)c4c3O)c(O)c12
mol_8402,Cc1ccc(S(=O)(=O)c2ccc(C)cc2[N+](=O)[O-])cc1
mol_8403,O=C1c2c(O)cccc2C(C(=O)CCCCCC(=O)C2c3cccc(O)c3C(=O)c3c(O)cccc32)c2cccc(O)c21
mol_8404,CN1CC(=O)Nc2c(ncn2C2OC(CO)C(O)C2O)C1=O
mol_8405,CCOC(=O)c1sc(SSc2sc(C(=O)OCC)c(C)c2[N+](=O)[O-])c([N+](=O)[O-])c1C
mol_8406,CCOC(=O)C(Cc1ccc([N+](=O)[O-])cc1)NC(=O)CC1c2ccccc2-c2ccccc21
mol_8407,OC1C=C2CCN3Cc4cc5c(cc4C(C1O)C23)OCO5
mol_8408,CC1c2c(cc(O)n(Cc3ccccc3)c2=O)C(=O)N1Cc1ccccc1
mol_8409,CCOC(=O)C1=CN2C(=NC3CCCCC32)NC1=O
mol_8410,N=c1c2ccccc2sc2nc3ccccc3n12
mol_8411,COc1cc2c(cc1OC)C1=Cc3cc(OC)c(OC)cc3C(C)N1C=C2
mol_8412,Cc1c(N=Nc2ccc(Cl)cc2)c(-c2ccccc2)n(C2OC(CO)C(O)C(O)C2O)c(=S)c1C#N
mol_8413,O=C1CC(=O)N(CCc2ccccc2)S(=O)(=O)N1CCc1ccccc1
mol_8414,CCOC(=O)NC(=O)c1cn(CCN2CCN(C(=O)CCCCCCCCCCNc3ncnc4c3ncn4C3OC(CO)C(O)C3O)CC2)c(=O)[nH]c1=O
mol_8415,O=C(NCCCCCCNC(=O)NC1OCC(O)C(O)C1O)NC1OCC(O)C(O)C1O
mol_8416,CCOC(=O)c1ccc(CS(=O)(=O)c2ccccc2)cc1
mol_8417,Clc1c(Cl)c(Cl)c2nn(C3CCCO3)nc2c1Cl
mol_8418,O=C1CSC(Cc2nc3ccccc3[nH]2)=N1
mol_8419,CN(C)CC1CCC(CN(C)C)C1=O.Cl
mol_8420,O=C(O)C1CC(O)CN1S(=O)(=O)Cc1ccccc1
mol_8421,CNc1nc(N)nc(O)c1N=O
mol_8422,C=CCNC(=S)NC=C(C#N)C(N)=O
mol_8423,CN1C(=O)C(Cl)(C(Cl)(Cl)S(=O)(=O)O)C(=O)c2ccccc21.c1ccncc1
mol_8424,O=C1c2cccc3cccc(c23)C(=O)N1CCNCCN1C(=O)c2cccc3cccc(c23)C1=O
mol_8425,CC(C)(C)N=c1n(C(C)(C)C)oc(=O)n1-c1ccccc1
mol_8426,O=C1NC2(CCCCC2)C2CCCCC(O)C12
mol_8427,Cc1coc2c1CC1(C)C(C)CCCC1C2O
mol_8428,CN(Nc1cc(O)nc(O)n1)c1ccccc1
mol_8429,Cc1c(Cl)ccc2c1NC(=O)C2(O)CC(=O)c1cccc2ccccc12
mol_8430,Cc1nn(-c2nc(O)c3c(n2)CCC3)c(O)c1CCO
mol_8431,COc1cc(N(C)C)c(OC)cc1C=C1C=Cc2ccccc21
mol_8432,CC[N+]1(C)CCC(O)(C=Cc2ccc(OC)cc2)C(C(=O)C=Cc2ccc(OC)cc2)C1.[I-]
mol_8433,CC(=O)c1ccccc1NCC(=O)Nn1cnc2ccc(S(=O)(=O)Nc3ccccc3C(C)=O)cc2c1=O
mol_8434,CC(=O)C(C)C(=O)N1C(=O)OCC12C1CCC(C1)C2(C)C
mol_8435,CCOC(=O)c1c(-c2ccc(OC)c(O)c2)c(C#N)c(=S)n(C2OC(CO)C(O)C(O)C2O)c1-c1ccccc1
mol_8436,COc1c(C)c(O)c2c(=O)cc(-c3ccccc3)oc2c1C
mol_8437,C[N+](C)(C)CC1C2C=CC(C2)C1CO
mol_8438,CCCS(=N)(=O)CCC(N)C(=O)O
mol_8439,C=C1C(OC(=O)C(C)C)C(O)C(=O)C(C)(C)C=CC(C)C(=O)C2(O)CC(C)C(OC(=O)CC)C2C1OC(=O)c1ccccc1
mol_8440,COc1cc(-c2cccs2)sc1-c1cccs1
mol_8441,Cc1cccc(C[PH](c2ccccc2)(c2ccccc2)c2ccccc2)c1
mol_8442,CNC(C)C(N)c1ccccc1.Cl
mol_8443,COc1cc2c(cc1O)C1C(O2)c2cc3c(cc2OC1(C)C)OC(C)(C)CC3
mol_8444,Cc1c(CN2CCCC2)c(O)c2c(=O)c3c(O)c(CN4CCCC4)c(O)c4c5c(O)c(CN6CCCC6)c(O)c6c(=O)c7c(O)c(CN8CCCC8)c(C)c8c1c2c(c34)c(c78)c65
mol_8445,CNNC1=NS(=O)(=O)c2cc(C#N)c(Cl)cc2S1
mol_8446,CN(C)c1cccc2c(S(=O)(=O)NCC(=O)O)cccc12
mol_8447,COC(=O)c1ccccc1C1CN=NC12Cc1c(C)cc(C)cc1C2=O
mol_8448,COC1C=COC2(C)Oc3c(C)c(O)c4c(O)c(c(C=NN5CCCC5)c(O)c4c3C2=O)NC(=O)C(C)=CC=CC(C)C(O)C(C)C(O)C(C)C(OC(C)=O)C1C
mol_8449,COc1c(O)cc2oc(-c3ccc(O)cc3)cc(=O)c2c1O
mol_8450,CC(C)N(C(C)C)[PH]12O[PH]3(N(C(C)C)C(C)C)O[PH](N(C(C)C)C(C)C)(O[PH]4(N(C(C)C)C(C)C)O[PH](N(C(C)C)C(C)C)(O1)[Cr]34(C#[O+])(C#[O+])C#[O+])[Cr]2(C#[O+])(C#[O+])(C#[O+])C#[O+]
mol_8451,COc1cccc(CCNC(=O)Cc2ccccc2CCO)c1
mol_8452,[CH2-][Pd-2]1([CH2-])[N+](c2ccc(C(F)(F)F)cc2)=Cc2cccc[n+]21
mol_8453,CC(=NNC(=O)CC(=O)N(C(=O)c1ccccc1Cl)c1ccc(C)cc1)c1ccc(Cl)cc1
mol_8454,Cc1c(-c2ccccc2)sc(N=Cc2cc(Br)cc(Br)c2O)c1C#N
mol_8455,Cc1nc2ccccc2c(=O)n1N1C2CCCC21
mol_8456,O=C1C(O)=C(CCCCCCCCC2CCCCC2)C(=O)c2ccccc21
mol_8457,CCOC(=O)C1=C(C)N(C2OC(COC(=O)c3ccccc3)C(OC(=O)c3ccccc3)C2OC(=O)c2ccccc2)C(=S)NC1c1ccccc1
mol_8458,Oc1c(Br)cc(Br)cc1-c1[nH]c(Br)c(Br)c1Br
mol_8459,Cc1nc2nc3n(c(=O)c2nc1C)CCS3
mol_8460,CC(C)(C)C1COC2(c3ccccc3)C3CC3C(=O)N12
mol_8461,COC(=O)C(=O)C(CC(=O)Nc1c(C)cccc1C)C(=O)OC
mol_8462,CC(=NNC(=S)Nc1ccc(S(N)(=O)=O)cc1)c1ccccn1
mol_8463,CC(NC(=O)CNC(=O)C(N)CO)C(=O)NC(CCC(=O)O)C(=O)NC(CCCCN)C(=O)N1CCCC1C(=O)NC(CCC(=O)O)C(=O)NC(CCCCN)C(=O)NC(CCC(=O)O)C(=O)NC(CCCNC(=N)N)C(=O)NC(CO)C(=O)NC(Cc1ccc(O)cc1)C(=O)NC(C)C(=O)NC(Cc1cnc[nH]1)C(=O)NC(CO)C(=O)O
mol_8464,C=C(C)c1nc(Oc2ccccc2)nc(Oc2ccccc2)n1
mol_8465,CCCCCCCCCCCCCCCCCC(=O)OCC(COP(=O)(O)OCCNC(=O)CCC(=O)O)OC(=O)CCCCCCCCCCCCCCCCC
mol_8466,CCOC(=O)COc1ccc(S(=O)(=O)c2ccc(OCC(=O)OCC)cc2)cc1
mol_8467,O=C1C(=O)N(c2ccc(Cl)cc2)C(=O)C(=O)C1c1nc2ccccc2o1
mol_8468,O=C1C=C2CC3=CC(=O)C=C(CC4=CC(=O)C=C(CC5=CC(=O)C=C(CC(=C1)C2=O)C5=O)C4=O)C3=O
mol_8469,Fc1cccc(C2SCc3nc4ccccc4n32)c1F
mol_8470,ON=CC(=NO)Nc1ccc(Cc2ccc(NC(C=NO)=NO)cc2)cc1
mol_8471,CC(=O)c1ccc(Cc2ccc(C(C)=O)s2)s1
mol_8472,COc1ccc(-c2nnc(Sc3c([N+](=O)[O-])ncn3C)[nH]2)cc1
mol_8473,CC(=O)OC1CC2(c3ccccc3)C(=O)c3ccccc3N2O1
mol_8474,COc1cc(C2c3cc4c(cc3OC(NNS(=O)(=O)c3ccc(C)cc3)C2C)OCO4)cc(OC)c1OC
mol_8475,O=C1NC(=O)C2(CCCCCC2)N1
mol_8476,CC(=O)N1c2ccccc2C2=NN(C)C(=N)SC21
mol_8477,CC1(C)CC2(C)CC1CC2NC(=O)CCN1CCOCC1
mol_8478,COc1ccc(C2CCC(Cl)(OC)CC2C=O)cc1
mol_8479,COc1c(O)cc2c(c1OC)-c1ccc(SC)c(=O)cc1C(NC(C)=O)CC2
mol_8480,CCOc1ccc(NC(=O)CCC(=O)NN)cc1
mol_8481,Cc1noc(C)c1-n1nc2ccc3nonc3c2n1
mol_8482,O=S1(O)=NN=C(NCc2ccc(Cl)cc2)c2ccccc21
mol_8483,CCC=CCC=CCC=CCC=CCCC(=O)OC(COC(=O)CCCCCCCC=CCC=CCC=CCC)COC1OC(CO)C(O)C(O)C1O
mol_8484,Cc1c(NC(=S)NN)c(=O)n(-c2ccccc2)n1C
mol_8485,COc1cc2c(cc1OC)OC(c1c(OC)ccc(OC)c1O)CC2
mol_8486,Nc1ccc2c(c1)Oc1ccc(N)cc1O2
mol_8487,O=C1c2ccccc2C(=O)N1Cc1ccccc1
mol_8488,CN(C)c1cc(CN(CCSS(=O)c2ccccc2[N+](=O)[O-])S(=O)c2ccccc2[N+](=O)[O-])nc(CN(CCSS(=O)c2ccccc2[N+](=O)[O-])S(=O)c2ccccc2[N+](=O)[O-])c1
mol_8489,CC12CCC(=O)N1c1cccnc1N2
mol_8490,COC(=O)C(C(=O)C(=O)Nc1ccc(OC)cc1[N+](=O)[O-])c1nc2cc(C)c(C)cc2nc1O
mol_8491,O=C(OCCNCCCl)c1ccc2c(c1)OCO2
mol_8492,O=c1c2cnccc2cc2n1CCc1c-2[nH]c2ccccc12
mol_8493,COc1ccc2c(=O)c(-c3ccccc3)c(C)oc2c1
mol_8494,N=c1[nH]cc(Sc2ccccc2C(=O)O)s1
mol_8495,C=C1CCC([N+](=O)[O-])C(C)(N=O)CCC2C1CC2(C)C
mol_8496,O=C1c2cc(O)cc(O)c2C(=O)c2c(O)cc(CO)cc21
mol_8497,O=C1OC2(CC1C1(O)C3CC4CC(C3)CC1C4)C1CC3CC(C1)CC2C3
mol_8498,COc1ccccc1C1(c2ccccc2OC)OC(=O)c2ccccc21
mol_8499,O=C(CC(=O)N(C(=O)c1ccccc1)c1ccc(Cl)cc1)NN=Cc1cc(N=Nc2ccccc2Cl)ccc1O
mol_8500,Oc1ccc(-c2nc(-c3cccnc3)c(-c3ccc(Cl)cc3)[nH]2)cc1O
mol_8501,CC(C)CCCC(C)C1CCC2C3CCC4CC5(CCC4(C)C3CCC12C)NCCCS5
mol_8502,O=C1CN=C(c2ccccn2)c2cc(Cl)ccc2N1
mol_8503,Cc1[nH]n(-c2nc(O)c(C)c(O)n2)c(=O)c1CCO
mol_8504,Cc1c(C)c2ccc3c(C)c(C)c(C)[n+]4c3c2[n+](c1C)[Cu-3]41[n+]2c(C)c(C)c(C)c3ccc4c(C)c(C)c(C)[n+]1c4c32.O=C1OC(C(O)C[O-])C(O)=C1O
mol_8505,Cc1ccc2c(c1)C(c1ccccc1)C1COC(=O)C1O2
mol_8506,O=C(c1cccc(C(=O)c2ccc3c4c(cccc24)C(=O)N(c2ccccc2)C3=O)c1)c1ccc2c3c(cccc13)C(=O)N(c1ccccc1)C2=O
mol_8507,S=C(S)N(Cc1ccccc1)Cc1ccccc1.[NaH]
mol_8508,COc1nc(O)cc(N=P(c2ccccc2)(c2ccccc2)c2ccccc2)n1
mol_8509,COc1ccc(C=NO)cc1OC
mol_8510,CC(C)OC(=O)c1ccc(CCc2cc(O)c(Br)cc2O)cc1
mol_8511,CC(C)(C)OC(=O)NC(Cc1ccc(O)cc1)C(=O)NC(CCCCN)C(=O)O
mol_8512,COc1cc(C=C2C(=O)N(C(=O)c3ccc(Cl)cc3)N=C2C)cc(OC)c1OC
mol_8513,CC(=O)OCC1OC(n2cc(C(F)(F)F)c(=O)[nH]c2=O)CC1OC(C)=O
mol_8514,O=S(=O)(O)c1ccc(SSc2ccc(S(=O)(=O)O)cc2)cc1.[KH]
mol_8515,CCOC(=O)c1nnsc1NN=C(C)C
mol_8516,CCCCCCCCCCCC=C(C(=O)CCCO[Si](C)(C)C(C)(C)C)C(=O)OC
mol_8517,CCOC(=O)CN1C(=O)NC(C)(c2ccccc2)C1=O
mol_8518,CN1C(=O)C(C)(O)c2ccccc21
mol_8519,O=C(c1ccccc1)N1OCCCc2ccccc21
mol_8520,COc1cc(-c2[o+]c3cc(O)cc(OC4OC(CO)C(O)C(O)C4O)c3cc2OC2OC(CO)C(O)C(O)C2O)cc(OC)c1O
mol_8521,COc1ccc(NC(=S)NN=Cc2cccc(C)n2)cc1
mol_8522,Nc1nc(O)cc(NCC2(CO)CCC2)n1
mol_8523,COC(=O)[n+]1cc2c3ccccn3c(N(C)C)[n+]2c2ccccc21.[O-][Cl+3]([O-])([O-])[O-]
mol_8524,O=C(Nc1ccc(Cl)cc1Cl)C(=O)C(C(=O)c1ccc2ccccc2c1)C1OC(=O)c2ccccc21
mol_8525,O=C(N=Nc1ccc(Br)cc1)NNc1ccc(Br)cc1
mol_8526,O=C1C=C(CCC2=CC(=O)c3ccccc3C2=O)C(=O)c2ccccc21
mol_8527,N#CC(=Cc1ccc(F)cc1)C(=O)c1ccccc1
mol_8528,CC1(C)COC2(OC1)C1=NS(=O)(=O)CC13CCC2C3(C)C
mol_8529,CC(=O)OC1CCn2nnc(CO[Si](C)(C)C(C)(C)C)c21
mol_8530,COc1ccc(C2CC(=O)c3c(OC(C)=O)cc(OC(C)=O)cc3O2)cc1OC(C)=O
mol_8531,O=C(C(=O)n1ncc(Cl)c(Cl)c1=O)n1ncc(Cl)c(Cl)c1=O
mol_8532,CC(=O)C1=C(C)NC(C)=C(C(C)=O)C1c1cccc([N+](=O)[O-])c1
mol_8533,NCc1ccccc1-c1c2ccc(n2)c(-c2ccccc2CN)c2ccc([nH]2)c(-c2ccccc2CN)c2ccc(n2)c(-c2ccccc2CN)c2ccc1[nH]2
mol_8534,CCOC(=O)Nc1ccc(C=Cc2ccnc3ccccc23)cc1
mol_8535,CCOC(=O)c1ccc(N[N-][N+](=O)CC2OC(n3ccc(=O)[nH]c3=O)C(O[Si](C)(C)C(C)(C)C)C2O[Si](C)(C)C(C)(C)C)cc1
mol_8536,CC(C)Oc1ccc2c(c1)OCC1Cc3ccccc3OC21
mol_8537,O=[N+]([O-])C=C1c2ccccc2-c2ccccc21
mol_8538,CCCCCCCSCC(O)COC(c1ccccc1)(c1ccccc1)c1ccccc1
mol_8539,Cn1c2ccccc2n2c3ccccc3c(=O)c(C#N)c12
mol_8540,CC(=O)OC(C)(C)CCC(=O)C(C)(O)C1C(O)CC2(C)C3CC=C4C(C)=C(OC5OC(CO)C(O)C(O)C5O)C(=O)CC4C3(C)C(=O)CC12C
mol_8541,CC(=O)N1N=C(c2ccc(N=Nc3c(C)nn(-c4ccccc4)c3C)cc2)OC1c1ccc(Cl)cc1
mol_8542,CS(=O)(=O)Nc1ccc2ccccc2c1-c1c(NS(C)(=O)=O)ccc2ccccc12
mol_8543,Clc1cc2nnn(C3CCCCO3)c2cc1Cl
mol_8544,O=[N+]([O-])c1c(O)c2nonc2c2nn(-c3ccccc3)nc12
mol_8545,Cc1ccc(Cl)c(NC(=O)C(=O)C(C(=O)c2ccncc2)C2OC(=O)c3ccccc32)c1
mol_8546,NC(=O)c1ncn(CC2(CO)CCC2)c1N
mol_8547,I.O=C1Nc2ccccc2C1=NNC1=NCCCCN1
mol_8548,CCCCN(CCCC)C(=O)C(=O)C(C(=O)c1ccc(OC)cc1)c1ccc(OC)cc1
mol_8549,CC(CC1C2CCCC1C2)=NNC(N)=O
mol_8550,COc1cc(OC)c(C2=NOC(n3c4ccccc4c4ccccc43)C2)c(OC)c1
mol_8551,CCOC(=O)C1(C(=O)OCC)CCC(C(OC)OC)C(CC(=O)OC)C1
mol_8552,O=C1CN(c2cccc(Cl)c2)C(=O)CN1CCN1CC(=O)N(c2cccc(Cl)c2)CC1=O
mol_8553,Cc1cc(NS(=O)(=O)c2ccc(NC(=O)c3cccc4c(N)c5ccccc5nc34)cc2)no1
mol_8554,CC1=CC(O)(c2ccc(-c3ccccc3Cl)cc2)OC1=O
mol_8555,CC(Cc1ccccc1)=NNC(N)=S
mol_8556,CCCCCCCCCCCCCC=CC(O)C(CO)NC(=O)CCCCC
mol_8557,CC(=O)NNc1nc(C)c(C(=O)NNC(=O)C(=O)Nc2cccc(C(C)=O)c2)s1
mol_8558,NC(CCCCNCc1ccccc1O)C(=O)O
mol_8559,CC1(C)C2CCC13CS(=O)(=O)N(C(=O)C1CC=CCC1)C3C2
mol_8560,COC(=O)C1(F)C(=O)NC(=O)NC1OC
mol_8561,CCCCc1ccc(N2C(=O)c3cc([N+](=O)[O-])cnc3S2(=O)=O)cc1
mol_8562,O=C1OC(C=Cc2ccccc2)C(=O)C1=O
mol_8563,CC(N)C(=O)NCC(=O)NC(CO)C(=O)NC(CCC(N)=O)C(=O)NC(CCC(=O)O)C(=O)N1CCCC1C(=O)NC(CCCCN)C(=O)NC(CCC(=O)O)C(=O)NC(CCC(N)=O)C(=O)NC(CO)C(=O)NC(CO)C(=O)NC(Cc1ccc(O)cc1)C(=O)NC(CO)C(=O)NC(Cc1cnc[nH]1)C(=O)NC(CO)C(=O)O
mol_8564,Cl.NC12CCC(CC1=O)C2
mol_8565,CCOC(=O)CCn1cnc(=N)[nH]1
mol_8566,O=C1c2cc3c(cc2CC12Cc1cc4c(cc1C2=O)CCC4)CCCC3
mol_8567,O=[N+]([O-])c1cccc(-c2nc3ccccc3[nH]2)c1
mol_8568,COc1cc2cc3cc(-c4ccc(Cl)cc4)c(N4CCN(C)CC4)nc3nc2cc1OC
mol_8569,CCC(C)CC(C)CC(C)C=C(C)C1=C(C)CC(C)(O)O1
mol_8570,CC1(C)C2CCC1(C)C(NC(=O)CCN1CCOCC1)C2
mol_8571,COC(=O)C(=O)C(C#N)c1cccc2ccccc12
mol_8572,COc1c(C)c(CC=C(C)CCC=C(C)CCC=C(C)CCC=C(C)C)c(OC)c2ccccc12
mol_8573,CN1C(=O)Cc2ccccc21
mol_8574,O=C(C=Cc1ccc(O)cc1)CC(=O)C=Cc1ccc(O)cc1
mol_8575,CC1CC[P+](C)(Cc2ccccc2)C1.CC1CC[P+](C)(Cc2ccccc2)C1.[Br-].[Br-]
mol_8576,CC(C)c1ccc(C=C2C=Cc3ccccc32)cc1
mol_8577,O=C(Cc1csc(NN=C2C(=O)Nc3ccccc32)n1)Nc1ccccc1
mol_8578,O=C(O)c1c2c(nc3ccccc13)CCC2
mol_8579,CCC1(C)N(C)C(NC#N)=NP1(=O)O.N
mol_8580,O=C(O)CS[Bi](SCC(=O)O)SCC(=O)O
mol_8581,CC(C)=CCCC(C)C1C(OC2OC(CO)C(O)C(O)C2O)CC2(C)C3CC(=O)C4C(C)(C)C(OC5OC(CO)C(O)C(O)C5O)CCC45CC35CCC12C
mol_8582,COc1cc(C=C2C(=O)N(C(=O)Cc3ccccc3)N=C2C)ccc1O
mol_8583,COc1ccc(S(=O)(=O)O)cc1C(=O)c1cc(S(=O)(=O)O)ccc1OC.N
mol_8584,O=[N+]([O-])c1cccc(C2=NON(c3ncccn3)C3N=CC=CN23)c1
mol_8585,O=[N+]([O-])N=c1nc2scc(-c3ccc([N+](=O)[O-])cc3)n2s1
mol_8586,Cc1nn(C)pc1P(C)(=S)n1nc(N(C)C)np1
mol_8587,Cc1ccc(C=NNc2cc(C)c3ccccc3n2)s1
mol_8588,O=c1nc2[nH]ncn2c2ccccc12
mol_8589,COC(=O)C(CC(C)C)NC(=O)C(C)NC(=O)C(Cc1ccc(OCc2ccccc2)cc1)NC(=O)C(COCc1ccccc1)NC(=O)OC(C)(C)C
mol_8590,Clc1ncnc2c1ncn2CCCCCCCCCCCCn1cnc2c(Cl)ncnc21
mol_8591,O=P1(Nc2ccccc2)NCCCO1
mol_8592,Cc1c(C(=O)CSc2nc3ccccc3[nH]2)c(=O)n(-c2ccccc2)n1C
mol_8593,CC1(C)COC(c2cc3c(cc2Br)OCO3)=N1
mol_8594,NC(=O)c1nnsc1NC=O
mol_8595,CC(=NNC(=O)c1ccccc1)C(C)=NNC(=O)c1ccccc1
mol_8596,Oc1nnc2ccccc2c1Cl
mol_8597,CC(C)(N)CO[P+]([O-])=NC12CC3CC(CC(C3)C1)C2
mol_8598,Cc1nn(C)c2c1C(=O)N(C)CC(=O)N2C
mol_8599,O=C1OC(=O)c2c(O)cc(=O)c(O)cc21
mol_8600,COc1ccc(C23CCC4(OCC(C)(C)CO4)C4CON(OC(OC5CCCCC5C(C)(C)c5ccccc5)C2)C43)cc1OC
mol_8601,CCCCCCCCC(=O)NCCN(CCN)C(=O)CCCCCCCC
mol_8602,Cn1c(=O)c2nncnc2n(C)c1=O
mol_8603,O=S(=O)(O)O.O=[N+]([O-])c1ccc(-c2csc(=[N+]3CCCCC3)s2)cc1
mol_8604,CCCC(C(=O)OCC(C)N1CCCC1(C)C)C1CCCC1
mol_8605,COc1cc(N)ccc1Nc1c2ccccc2nc2ccccc12
mol_8606,Nc1nc2cc(CNc3ccc(C(=O)NC(CCC(=O)O)C(=O)O)cc3)ccc2nc1-c1ccccc1
mol_8607,COc1cc(N=Nc2ccccc2)c2nccc(C)c2c1N
mol_8608,N#CCCC1C(C#N)C2(Cl)CC1(Cl)C(Cl)=C2Cl
mol_8609,Cn1c(=N)[nH]c2c3ccc(O)nc3ccc21
mol_8610,CC(C)=CC(=O)c1c(C(=O)O)nc2ccccc2[n+]1[O-]
mol_8611,CCOC(=O)c1c(SCCO)n(-c2ccccc2)c(=S)n(-c2ccccc2)c1=O
mol_8612,CC(C)C(NC(=O)OCC1c2ccccc2-c2ccccc21)C(=O)NC(CCC(=O)OC(C)(C)C)C(=O)OC(C)(C)C
mol_8613,N#CC(=C1SC(N=Nc2ccc(Cl)cc2)C(=O)N1c1ccccc1)c1nc2ccccc2[nH]1
mol_8614,[N-]=[N+]=NCC1OCOC(CN=[N+]=[N-])C(OCCOCCCl)C1OCCOCCCl
mol_8615,COc1cc(C=C2SC(c3ccccc3)N(c3ccc(NC(C)=O)cc3)C2=O)cc(OC)c1OC
mol_8616,CC(=O)NNc1nc(C)c(C(C=Cc2ccc3c(c2)OCO3)=NNc2ccccc2)s1
mol_8617,O=C(O)C(Cc1ccccc1)NCCN1CCCC1C(=O)O
mol_8618,Cc1ccccc1NC(=O)C=NO
mol_8619,COc1c(OC)c(OC)c2c(=O)cc(-c3ccc4c(c3)OCO4)oc2c1OC
mol_8620,Cc1cccc2c1c(=O)c1c(O)cc(O)cc1n2C
mol_8621,Cl.Oc1ccccc1CNCc1nc2ccccc2[nH]1
mol_8622,COC1C=COC2(C)Oc3c(C)c(O)c4c(O)c(c(C=NN(C)C)c(O)c4c3C2=O)NC(=O)C(C)=CC=CC(C)C(O)C(C)C(O)C(C)C(OC(C)=O)C1C
mol_8623,Cc1ccc(C)c(N2C(=O)C(=O)C(c3nc4ccccc4o3)C(=O)C2=O)c1
mol_8624,CC(C)(C)c1ccc(O)c(C(O)c2cccnc2)c1
mol_8625,NS(=O)(=O)c1ccc(NNc2c3ccccc3nc3ccccc23)cc1
mol_8626,CC(=O)C(=Cc1ccc(-c2ccccc2)cc1)C(=O)c1ccccc1
mol_8627,CCOCC(=O)NC1CCc2cc(OC)c(OC)c(OC)c2-c2ccc(OC)c(=O)cc21
mol_8628,COC1C2=CC=CC=CC2n2c(=O)n(-c3ccccc3)c(=O)n21
mol_8629,CCCCCC=C(c1cc(C)c(OC)c(Br)c1)c1cc(C)c(OC)c(Br)c1
mol_8630,Cc1ccc(SSc2ccc(C)cc2C(=O)O)c(C(=O)O)c1
mol_8631,COc1c(C(C)C)cc(O)c2c1CCC1C(C)=C(C(=O)O)CCC21C
mol_8632,O=C(COC(=O)c1cccc2c(=O)c3ccccc3[nH]c12)Nc1ccc(S(=O)(=O)Nc2ncccn2)cc1
mol_8633,CC1(CO)OC(n2cc(C(=O)NC(=O)OCc3ccccc3)c(=O)[nH]c2=O)CC1O
mol_8634,CC1(OC(=O)c2cc([N+](=O)[O-])cc([N+](=O)[O-])c2)CC2CCCCC21
mol_8635,Cc1ccc(NC(=S)NC=C(C(=O)c2ccccc2)C(=O)c2ccccc2)c(C)c1
mol_8636,O=c1c(O)c(-c2ccccc2)oc2c(CP(=O)(O)O)cccc12
mol_8637,CC1(C)OCC(C(O)C2C=CC(=O)S2)O1
mol_8638,CCOC(=O)C1(N)CCc2[nH][nH]c(=O)c2C1
mol_8639,O=C1CCC2(c3ccc(Cl)cc3)Nc3ccccc3N12
mol_8640,COc1cccc(-c2nccc3c(OCc4ccccc4)c(OC)c(OC)cc23)c1
mol_8641,Nn1c(Cc2ccc([N+](=O)[O-])cc2)n[nH]c1=O
mol_8642,C#CCOC(=O)C=[N+]=[N-]
mol_8643,N#Cc1c(N)[nH]c2ccc(Sc3ccccc3)cc12
mol_8644,Nn1ccc(=O)c2c1-c1ccccc1C(c1ccccc1)c1ccccc1-2
mol_8645,COc1cc(NN=CC#N)cc(OC)c1OC
mol_8646,Cl.O=c1oc2ccccc2c(O)c1C(CC(CCN1CCCC1)=NNc1ccccc1)c1ccccc1
mol_8647,Cl.OC(Cc1cccc2ccccc12)CN1CCC(c2ccccc2)CC1
mol_8648,COc1cc(-c2cc(=O)c3cc(C)c(C)c(C(=O)O)c3o2)cc(OC)c1OC
mol_8649,Cc1ccc2nc(NC(=O)C(=O)C3C(=O)NC(=S)NC3=O)sc2c1
mol_8650,CCCc1nn(C)c(CCC(=O)N(Cc2ccccc2)Cc2ccccc2)c1CC
mol_8651,O=c1oc2ccccc2c(O)c1C(c1ccc2c(c1)OCO2)c1c(O)c2ccccc2oc1=O
mol_8652,CCC(=O)N1C(=O)C(CC)(CC)C(=O)N1C(=O)CC
mol_8653,COCCn1cnc2c(Cl)nc(Nc3ccccc3)nc21
mol_8654,O=c1ncccn1C1OC(CO)C(O)C1F
mol_8655,N#CC(=Cc1ccc[nH]1)P(=O)(O)O
mol_8656,N#CC1=C(N)N(N=Cc2ccco2)C(c2ccco2)C1(C#N)C#N
mol_8657,CC=CC(=O)C#Cc1cnc(OC)nc1OC
mol_8658,COc1ccc2c(CN3CCCCC3CO)cc3cc(OC)c(OC)cc3c2c1
mol_8659,CCC12C=CCN3CCC4(C(=C(C(=O)OC)C1Nc1ccn(C5OC(COC(C)=O)C(OC(C)=O)C5OC(C)=O)c(=O)n1)Nc1ccccc14)C32
mol_8660,Oc1nc2c3ccccc3ccc2c2cc3c(cc12)OCO3
mol_8661,COc1cc(O)c(C(=O)C=Cc2ccc(OC)c(OCc3ccccc3)c2)c(OC)c1
mol_8662,CCOC(=O)C(=CC=CNCCc1c[nH]c2ccccc12)C(=O)OCC
mol_8663,Cc1ccc(C(=O)Nc2ccc(CP(=O)(O)O)cc2CP(=O)(O)O)cc1N
mol_8664,C=C1CC[N+]2(CCCCCC)CCCC12
mol_8665,CC1(C)[C-](C=NO)[N+](=O)C(C)(C)N1O
mol_8666,CC(=O)OC1CCC2(C)C3=CCC4(C)C(C(C)=O)CCC4C34C=CC2(C1)C1C(=O)OC(=O)C14
mol_8667,CC(=O)NNc1nc(C)c(C(C=Cc2ccc(Cl)cc2)=NNS(=O)(=O)c2ccc(C)cc2)s1
mol_8668,BrCC[N+]12CCCN1CCC2.[Br-]
mol_8669,Cc1cc(C)nc(NC(=O)Nc2cccc(C(F)(F)F)c2)c1
mol_8670,COC(=O)c1cc(=O)nc(NN)s1
mol_8671,C=C(Br)CN=CN(C)C
mol_8672,O=Cc1cc([N+](=O)[O-])no1
mol_8673,CC1=NN(C(=O)CC(=O)NC(=O)C=Cc2ccccc2)C(=O)C1N=Nc1ccc([N+](=O)[O-])cc1
mol_8674,CN1CCN(C(N)=C(C#N)C(=O)Nc2ccccc2)CC1
mol_8675,CC(C)(C)OC(=O)NC(Cc1ccc(O)cc1)C(O)=C(C#N)c1c(F)c(F)c(F)c(F)c1F
mol_8676,Cc1ccc(S(=O)S(=O)c2ccc(C)cc2)cc1
mol_8677,Cc1c(C)c(C)c2c(c1C)CC2=NO
mol_8678,O=S1Nc2cccc(C(F)(F)F)c2S1
mol_8679,CC(C)=C(OP1(=S)OCCN1C)C(C)(C)C(=O)N(C)C
mol_8680,COC(=O)C1(O)CC(=O)CCC1c1ccc(OC)cc1
mol_8681,CCCC(=O)n1[nH]c(=O)n(C(C)(C)C)c1=O
mol_8682,COc1ccc(CC2C(=O)NC(=O)NC2=O)cc1OC
mol_8683,O=C(C=C(Nc1ccccc1O)c1ccccc1)C(=O)NC12CC3CC(CC(C3)C1)C2
mol_8684,Br.Cc1nc(Nc2ccc(Cl)cc2Cl)sc1C(=O)Nc1ccccc1
mol_8685,N#CC(NNC(=O)c1ccccc1O)c1ccccc1
mol_8686,CC1CN=C(N(C)C(=O)Nc2ccc(Cl)cc2)S1
mol_8687,O=[N+]([O-])c1ccc2[nH]ncc2c1Cl
mol_8688,Cc1ccc(S(=O)(=O)CC2(Br)Cc3ccccc3C2=O)cc1
mol_8689,C=CC1(CCC(=C[N+](=O)[O-])c2ccc(OC)c(OC)c2)OCC(C)(C)CO1
mol_8690,O=C1NC(=O)C(C(=O)C(=O)Nc2ccc(Cl)cc2Cl)C(=O)N1
mol_8691,CCC=CCC=CCC=CCCCCCCCC(=O)OCC(O)CO
mol_8692,CCNC12CCC(C1)C(C)(C)C2=O.Cl
mol_8693,Cc1cn(C2CC(ONC(N)=O)C(CO[Si](C)(C)C(C)(C)C)O2)c(=O)[nH]c1=O
mol_8694,[O-][n+]1onc2c1CCC(=NO)C2=NNc1ccccc1
mol_8695,O=[N+]([O-])c1cccc(C2CC(c3ccccc3)=Nc3ccccc3S2)c1
mol_8696,O=C1NNC=Nc2ccc(cc2)S(=O)(=O)c2ccc(cc2)N=CNNC1=O
mol_8697,CCc1n[nH]c(=S)n1N=Cc1ccc(-c2ccc([N+](=O)[O-])cc2)o1
mol_8698,CCOC(=O)Cc1cc(O)nc(-n2nc(C)c(CCO)c2O)n1
mol_8699,Cc1cc(N(CCC#N)CCC#N)ccc1C=C(NC(=O)C=Cc1ccccc1)NC(=O)Nc1ccccc1C
mol_8700,CCN(CC)C1Oc2cc3c(cc2C(c2cc(OC)c(OC)c(OC)c2)C1C)OCO3
mol_8701,Cc1coc2c1C(O)C1(C)C(C)CCC(O)C1(O)C2
mol_8702,CCOC(=O)c1sc(SSc2nc(C)c(C(=O)OCC)s2)nc1C
mol_8703,O=C1CCC(N2C(=O)C3C4C=CC(CC4)C3C2=O)C(=O)N1
mol_8704,CCOC(=O)C(C(=S)Nc1ccccc1)=C(N)N1CCCC1
mol_8705,C=Cc1c(C)c2cc3nc(c4c5nc(cc6[nH]c(cc1[nH]2)c(C)c6CC)c(C)c5C(=O)C4C(=O)OC)C(CCC(=O)OCC=C(C)CCCC(C)CCCC(C)CCCC(C)C)C3C
mol_8706,CCOC(=O)NP(=O)(Nc1ccccc1)Nc1ccccc1
mol_8707,COc1ccccc1N1CCN(Cn2c(=O)oc3cccnc32)CC1
mol_8708,CCCCNc1cc(Nc2ccc(Br)cc2)nc(N)n1
mol_8709,O=C1c2cc(-c3ccccc3)cnc2S(=O)(=O)N1c1ccc(Br)cc1
mol_8710,Cc1cc(C)nc(NS(=O)(=O)c2ccc(Nc3nc(-c4cccc([N+](=O)[O-])c4)cs3)cc2)n1
mol_8711,CCOP(=O)(OCC)C(Cc1ccc(OC)cc1)NC(=O)C(CC(C)C)NC(=O)OCc1ccccc1
mol_8712,CN(C)C(=S)NC(=S)Nc1ccc2ccccc2c1
mol_8713,O=C(OCC1OC(n2nc(Cn3nnc(-c4cccnc4)n3)n(-c3cccc4ccccc34)c2=S)C(OC(=O)c2ccccc2)C1OC(=O)c1ccccc1)c1ccccc1
mol_8714,CC(=O)c1nc2ccccc2n1C(C)C(=O)c1ccccc1
mol_8715,CN(CCCNC(=O)c1cn(C)c2c1ccc1ccccc12)CCCNC(=O)c1cn(C)c2c1ccc1ccccc12
mol_8716,COC(=O)C(C#CCCCCC#CC(NC(=O)OCc1ccccc1)(C(=O)OC)C(F)(F)F)(NC(=O)OCc1ccccc1)C(F)(F)F
mol_8717,COc1cc2c(cc1OC)C(Cc1ccccc1CCCl)=NCC2.Cl
mol_8718,O=[n+]1[cH-]nc2ccccc2c1O
mol_8719,CN1c2ccccc2C23CCN4CC=CC5(CCC12CC5)C43
mol_8720,CC1(C)C[N+](C)(C)C2(CCCC2)O1.[O-][Cl+3]([O-])([O-])O
mol_8721,N#CC1=C(O)NC(O)=C(C#N)C12C(=O)Nc1ccccc12
mol_8722,CCN(CC)c1ccc(N=Nc2ccc(-c3nc4cccnc4s3)cc2)cc1
mol_8723,NCCS(=O)(=O)O
mol_8724,Nc1ccc(S(=O)(=O)Nc2cnc3ccccc3n2)cc1
mol_8725,Oc1c(OCc2nnc(CCCCCCCCc3nnc(COc4ccc5ccccc5c4O)n3Nc3ccccc3)n2Nc2ccccc2)ccc2ccccc12
mol_8726,Cc1ccc2c(c1)C1(SC(C)C(=O)N1c1ccc(Br)cc1)C(=O)N2
mol_8727,O=C1CC(c2ccc(Cl)cc2)NC(=O)N1CCCl
mol_8728,Clc1ccc(C2=C(c3ccccc3)C(c3ccc(Cl)cc3)N3C(=NC4CCCCC43)N2)cc1
mol_8729,Cc1ccccc1[B-]12OCC[N+]1(CNC(=O)C1=C(O)C(N(C)C)C3CC4C(=C(O)C3(O)C1=O)C(=O)c1c(O)cccc1C4(C)O)CCO2
mol_8730,CCN(CC)CC(=O)N(CC)c1ccc(C)c(Cl)c1
mol_8731,COC(=O)C=Cc1ccc2c(c1)CC1(C2)Cc2cc3c(cc2C1=O)CCC3
mol_8732,OCCCN(CCO)CCN(CCCO)CCCO
mol_8733,CN(C)NC1=NS(=O)(=O)c2cc3c(=O)n(C)[nH]c3cc2S1
mol_8734,CCOC(=O)c1ccc(CSc2ccccc2C(=O)O)cc1
mol_8735,Cc1nc(O)c2sc(=S)n(-c3ccccc3)c2n1
mol_8736,CCOC(=O)c1ccc(CSc2ccc(N)cc2)cc1
mol_8737,CC(=O)C(=C(Br)I)c1ccccc1
mol_8738,c1cncc(CSc2nc3ccccc3nc2-c2cccs2)c1
mol_8739,O=C(Cn1cc(I)c(C(=O)NCC(O)CO)n1)NCC(O)CO
mol_8740,CCN(CC)CCOc1ccc2c(c1O)C(=O)c1ccccc1C2=O
mol_8741,COC1=CC(=O)C2(C)C(C1=O)C(C)C2c1ccccc1
mol_8742,NC1(C(=O)O)C2CC3CC(C2)CC1C3
mol_8743,CCOC(=O)C(C(=O)c1ccccc1)=[N+]1c2ccccc2N(C)[C-]1C
mol_8744,N=C(N)N=C(C=Cc1ccccc1)CC1OC(=O)c2ccccc21
mol_8745,Cn1c2ccccc2c2nnc(NCCCCO)nc21
mol_8746,O=C(Nc1nc(C23CC4CC(CC(C4)C2)C3)cs1)c1cc2cc(Br)cc(Br)c2oc1=O
mol_8747,Cc1cccc(C)c1N1C(=O)C(=O)C(c2nc3ccccc3s2)C(=NN)C1=O
mol_8748,CCOC(=O)C(=O)Nc1ccc(Cl)c(C(F)(F)F)c1
mol_8749,O=c1oc2cc(O)ccc2c(O)c1C(c1ccccn1)c1c(O)c2ccc(O)cc2oc1=O
mol_8750,COC(=O)C(COC(=O)C=Cc1ccc(OC(C)=O)c(OC(C)=O)c1)OC(=O)C=Cc1ccc(OC(C)=O)c(OC(C)=O)c1
mol_8751,O=c1[nH]c2nc3ccccc3c(=O)n2c1=Cc1ccco1
mol_8752,Cc1cc(O)nc(CNC(=O)c2cccc3ccccc23)n1
mol_8753,CC(=NNC(=S)N1CCN(c2ccccn2)CC1)c1ncccn1
mol_8754,Cc1ccc(C(=O)Nc2ccc(CP(=O)(O)O)cc2CP(=O)(O)O)cc1NC(=O)c1cccc(N)c1
mol_8755,CCCCCCN(CCCCCC)C(F)(F)C(=O)Nc1ccc(S(=O)(=O)c2ccc(NC(=O)C(F)(F)N(CCCCCC)CCCCCC)cc2)cc1
mol_8756,COc1ccc(NC(C(c2ccccc2)S(=O)c2ccc(C)cc2)C(F)(F)F)cc1
mol_8757,CN1CCN(CCSc2nnc(-c3ccc4ccccc4c3)c3ccccc23)CC1
mol_8758,COc1ccc2c(c1)CCN1C3=C(CCC3)C(=O)CC21
mol_8759,CCOC(=O)CC(=O)Nc1cccc2sc3ncccc3c(=O)c12
mol_8760,CCc1c(O)sc2c(c1=O)=C(NCC(C)C)CC(C)(C)N=2
mol_8761,CCOC(=O)C(NC(C)=O)C(c1ccccc1)[Sn](Cl)(c1ccccc1)c1ccccc1
mol_8762,OC1c2ccccc2C(O)C2OC12
mol_8763,C=CC(C)=CC(C)C(=O)CC(O)CC1CC(=O)NC(=O)C1
mol_8764,CCOc1ccnc2c(OC)c(C)c3nc4ccccc4nc3c12
mol_8765,COC1=C(C)C(=O)C(=O)c2cccnc21
mol_8766,O=S1(=O)CC2C3C=CC(O3)C21
mol_8767,COc1cc(C(c2c(O)c3ccccc3oc2=O)N2CCCC2)cc(OC)c1OC
mol_8768,COc1cc(C=CC(=O)c2ccccc2)cc(OC)c1OC
mol_8769,N#Cc1cc2c(cc1Cl)Sc1nccn1S2(=O)=O
mol_8770,CC12CC3(O)OC(O1)C1(COC(=O)c4ccccc4)C3CC21OC1OC(COC(=O)c2cc(O)c(O)c(O)c2)C(O)C(O)C1O
mol_8771,Cc1cccc2c(=O)c3c(O)cc4c(c3n(C)c12)C=CC(C)(C)O4
mol_8772,CSc1nc(O)c2c(n1)NC(c1ccccc1)CC(c1ccc([N+](=O)[O-])cc1)=N2
mol_8773,O=C1NC(=S)SC1=Cc1cccs1
mol_8774,CCCCNC(C)(C)C(SSSC(c1cccs1)C(C)(C)NCCCC)c1cccs1
mol_8775,[N-]=[N+]=Nc1ccccc1C(=O)N1C(=O)c2ccccc2C(=O)N(C(=O)c2ccccc2N=[N+]=[N-])c2ccccc21
mol_8776,CCCNCc1c2c(O)c3c(O)c(C)c4c(c3c1O)C(=O)C(C)(OC=CC(OC)C(C)C(OC(C)=O)C(C)C(O)C(C)C(O)C(C)C=CC=C(C)C(=O)N2)O4
mol_8777,CC1OC(C(C)(C)C)OC(=O)C1C(OC(=O)c1ccccc1)c1cccc2ccccc12
mol_8778,Cl.NC1CC(=O)c2cc(Br)sc21
mol_8779,Cc1ccc(C)c(NC(=O)C(=O)C2C(=N)NN(c3ccccc3)C2=O)c1
mol_8780,NC(=O)C(=O)CC(=O)c1ccccc1NC1=CC(=O)C(=O)c2ccccc21
mol_8781,CCC1(CC(=O)N(C)C)C=CCN(C(=O)Oc2ccccc2)C1
mol_8782,Cc1cc(S(=O)(=O)NC2=NCC(C)(C)CN2)c(S)cc1Cl
mol_8783,OCC1CC1n1cnc2c(O)ncnc21
mol_8784,O=C1CCC(=O)C(C(=O)CCC(=O)Nc2cccc(Cl)c2)C1
mol_8785,COC(=O)C1(CCSc2ccccc2)CCCC1=O
mol_8786,CC(=O)C(C(=O)C(=O)Nc1cc(Cl)c(Cl)cc1Cl)c1csc(=N)[nH]1
mol_8787,CCOC(=O)C(C#N)=Cc1cccc(OC)c1
mol_8788,O=C(c1ccccc1)C12COc3ccccc3C1ON=C2c1ccccc1
mol_8789,O=C1NC(NN=Cc2ccccc2)=NC1=Cc1ccccc1
mol_8790,CN(C)c1ccc(C(c2cc3c(cc2O)OCO3)N2CCOCC2)cc1
mol_8791,Cc1ccc([PH](Cc2ccccc2)(c2ccccc2)c2cccc3ccccc23)cc1
mol_8792,O=C(Nc1nc(O)c2c(ncn2CCNCCn2cnc3nc(NC(=O)c4ccccc4)nc(O)c32)n1)c1ccccc1
mol_8793,COc1cccc(C2c3cc4c(cc3OC(Nc3ccccc3)C2C)OCO4)c1O
mol_8794,O=C1c2c(O)cccc2C(C(=O)CCCC(=O)C2c3cccc(O)c3C(=O)c3c(O)cccc32)c2cccc(O)c21
mol_8795,CC(=O)Oc1c(C)c2c(c3ccccc13)OC(C)(C)C2
mol_8796,O=S(=O)(c1ccccc1)n1c(C(O)c2ccccc2)cc2ccccc21
mol_8797,COc1ccc(C=CC(=O)c2sc(-n3nc(-c4ccccc4)cc3-c3ccccc3)nc2C)cc1
mol_8798,COC(=O)C12C(=O)CC3CCC1C32C(=O)OC
mol_8799,O=C(O)C1CSC(C(O)C(O)C(O)C(O)CO)N1
mol_8800,CC1(C)CC(C)(Br)C(Br)C(=O)C1C(O)(C(F)(F)F)C(F)(F)F
mol_8801,O=C1OC(=Nc2ccccc2Cl)c2ccccc21
mol_8802,CCCCCc1cc(OC(=O)c2c(O)cc(OC)cc2CCCCC)cc(O)c1C(=O)O
mol_8803,Cc1cc(C)c2ccc(N3CCNCC3)nc2n1
mol_8804,CC1(C)OP(=O)(O)C=C1Sc1ccc([N+](=O)[O-])cc1[N+](=O)[O-]
mol_8805,O=Cc1c(O)nc(O)nc1C(=O)O
mol_8806,O=C(O)c1ccc(NC(NC(=O)C(C(F)(F)F)C(F)(F)F)(C(F)(F)F)C(F)(F)F)cc1
mol_8807,O=C(Nc1ccc(Cl)c(C(F)(F)F)c1)C(=O)C(C(=O)C=Cc1ccccc1)C1OC(=O)c2ccccc21
mol_8808,CCC(Cc1ccccc1)C1=NC(C)(C)CC(C)O1
mol_8809,COC(=O)N(CC1C=CCCC1)c1ccccc1I
mol_8810,C1COCCO1.CC(C)NC(=N)NC#N
mol_8811,Cc1cc(=O)oc2cc3c(cc12)Oc1ccccc1O3
mol_8812,Cc1ccccc1-n1c(N)c(-c2nc3ccccc3[nH]2)sc1=S
mol_8813,O=C1NC23CC=CCC12CCCCCC3
mol_8814,CC1OC1C(=O)P(=O)(O)O.[NaH]
mol_8815,COc1cc2c(cc1OC)C(Cl)C(c1ccc(Cl)cc1)=C2Cl
mol_8816,C[n+]1c(-c2ccc(C=NNc3n[nH]c(=S)n3N=Cc3ccc(-c4cn5ccccc5[n+]4C)cc3)cc2)cn2ccccc21
mol_8817,O=C1C2C=CC1C1C(=O)OC(=O)C21
mol_8818,Cc1ccc(S(=O)(=O)N2C(=Cc3ccccc3)C(=O)c3ccccc3-c3ccccc32)cc1
mol_8819,CCOC(=O)NC1CN2CCC1CC2
mol_8820,I.S=C(NNC1=NCCN1)Nc1ccccc1
mol_8821,CCOC(=O)C1(C(=O)OCC)CCCN1C(=O)C(CNC(=O)OC(C)(C)C)NC(=O)OCc1ccccc1
mol_8822,CC(CCO)=NNC(N)=S
mol_8823,COc1ccc(C2=NNC(=O)C2(C)Br)cc1
mol_8824,NNC(=O)C(=O)NN=C1CCCC1C(=O)CCC(=O)Nc1cccc(Cl)c1
mol_8825,O=C1NC2(CCCCC2)NC12CCCCC2
mol_8826,O=Cc1ccc(C=C2C=Cc3ccccc32)cc1
mol_8827,CC(=O)OC1CC2C(=O)CC1(C)C2(C)C
mol_8828,CCCC(=O)c1ccc(=O)n(C)c1
mol_8829,CCCCn1c(-c2ccccc2)csc1=NN=C1C=C(C(C)(C)C)C(=O)C(C(C)(C)C)=C1
mol_8830,OCCCSCCCCSCCCO
mol_8831,Cc1c(N=Nc2ccc([N+](=O)[O-])cc2)nc2scc(-c3ccccc3)n12
mol_8832,COc1nc2c(c(=O)n1C)N(C(C)=O)C1C(N2)OCC(OC(C)=O)C1OC(C)=O
mol_8833,O=C1SC(c2ccccc2)(c2ccccc2)c2cscc21
mol_8834,O=C(C=CC1C(=O)NC(=O)NC1=O)CC(=O)C(=O)Nc1cc(Cl)c(Cl)cc1Cl
mol_8835,C=CCCCC1CCCNC1=O
mol_8836,S=c1[nH]nc(CNc2ccc(-c3n[nH]c(=S)n3-c3ccc(Cl)cc3)cc2)n1-c1ccc(Cl)cc1
mol_8837,CCOc1nc2sc3c(c2c(=O)n1CCSSCCn1c(OCC)nc2sc4c(c2c1=O)CCCC4)CCCC3
mol_8838,CC(C)(C)[Si](C)(C)OC1C(C=NO)OC(n2cnc3c(N)ncnc32)C1O[Si](C)(C)C(C)(C)C
mol_8839,O=S(=O)(O)CC(O)CN(CCO)CCO
mol_8840,Brc1c(C(Br)Br)ccc2ccccc12
mol_8841,O=S1(=O)C(c2ccccc2)=C(O)c2cc3ccccc3nc21
mol_8842,O=S(=O)([O-])[OH+][Fe-2]12Oc3c(Cl)cc(Cl)cc3C=[N+]1[N-]c1cccc[n+]12
mol_8843,COc1ccccc1NC(=O)C1=C(C)NC(C)=C(C(=O)Nc2ccccc2OC)C1C=Cc1ccccc1
mol_8844,CC(C)c1cc(C(C)C)c(B(c2ccccc2)c2ccccc2)c(C(C)C)c1Br
mol_8845,COc1ccc2c(c1)CCC1=C2CCS1(=O)=O
mol_8846,CC1(C)C2CCC1(CS(=O)(=O)O)C(=O)C2.N=C(N)SC(c1ccccc1)C(O)c1ccccc1
mol_8847,COc1cc(Nc2nc3ccccc3nc2-c2cccs2)cc(OC)c1OC
mol_8848,CCNc1cc2c3c(c1)CCCN3CCC2.Cl
mol_8849,CC(C)[Si](OC1=C(C(=O)N(C)c2cccc(Cl)c2)CCCC1)(C(C)C)C(C)C
mol_8850,Cc1cc2c(c3oc(C4(C)OC4C4OC4C)cc(=O)c13)C(=O)c1c(O)c(C3CC(C)(N(C)C)C(O)C(C)O3)cc(C3CC(N(C)C)C(O)C(C)O3)c1C2=O
mol_8851,O=c1[nH]c2ccccc2c(=O)n1N=Cc1ccc(O)cc1
mol_8852,O=S(Nc1ccccc1)c1cccc(Cl)c1
mol_8853,Cc1cc(S(=O)(=O)Nc2nc(Nc3ccc4ccccc4c3)n[nH]2)c(S)cc1Cl
mol_8854,Cc1cc2c(cc1C)[n+](=O)[c-](C#N)c(NCCCN(C)C)[n+]2[O-].Cl
mol_8855,CCCC(CCN)(CCN)[N+](=O)[O-].Cl
mol_8856,Cc1ccc(S(=O)(=O)NN=C2C=CC3(CC2)C(=O)N(C)c2ccccc23)cc1
mol_8857,N=C1N=C2OC3C(O)C(CO)OC3N2CN1
mol_8858,Cc1ccc(N=Nc2c(=N)[nH]n3cc4c(nc23)-c2ccccc2CC4)cc1
mol_8859,Cc1ccc(NC(=O)COC(=O)c2cccc3c(=O)c4ccccc4[nH]c23)cc1
mol_8860,O=c1c(O)c(-c2cc(O)c(O)c(O)c2)oc2cc(O)cc(O)c12
mol_8861,Cc1c(N=Nc2ccc(Br)cc2)c(=O)n(-c2ccccc2)c(=S)n1-c1nc2ccccc2s1
mol_8862,C=C(C)C1CC=C2C(O)CC(O)C(C)C2(C)C1
mol_8863,CC(=O)c1ccc2c3ccccc3c3cccc4sc1c2c43
mol_8864,O=c1[nH]c(=O)n(C2OC(CO)C(O)C2O)c2ncncc12
mol_8865,COC1(Nc2ccc(C=O)cc2)C(=O)c2ccccc2OC1(OC)c1ccc([N+](=O)[O-])cc1
mol_8866,CCCCN(CCCC)CN1C(=O)C(=Cc2ccc(NC(C)=O)cc2)NC1=S
mol_8867,c1ccc(C2=NOC3C4CCC(C4)C23)cc1
mol_8868,CCOc1cc2c(cc1O)C(=NOC)CC1C2CCC2(C)C(O)CCC12
mol_8869,CN1CCN(CCCN2CC(=O)N3Cc4ccccc4CN3C(=O)C2)CC1
mol_8870,O=C(Nc1ccccc1)c1c(O)nc(O)nc1O
mol_8871,Cc1[nH]c(-c2ccccc2)c2nc(N(C)C)oc(=O)c12
mol_8872,O=NN1CN2CN(C1)CN(N=O)C2
mol_8873,COCN1C(=O)C2CCCN2C(=O)c2cc(OC)c(Cc3ccccc3)cc21
mol_8874,O=C1CC(CC(O)C(O)CO)CC(=O)N1
mol_8875,NNc1ccc2cc(S(=O)(=O)O)cc(S(=O)(=O)O)c2c1.[NaH]
mol_8876,COc1ccc2c(c1)c[n+](C)c1c3cc(OC)c(OC)cc3ccc21.[Cl-]
mol_8877,CC1C=C(Sc2ccccc2)C(=O)O1
mol_8878,CC(=O)C(=[N+]=[N-])C(=O)NCC#N
mol_8879,Cc1c2oc(=O)cc(-c3ccccc3)c2cc2c(=O)ccoc12
mol_8880,NC(=S)NC=C1C(=O)CCCC1=O
mol_8881,CN(CCn1cnc2c1c(=O)n(C)c(=O)n2C)C1CCCCC1
mol_8882,Cc1c2ccccc2n[c-](CSCc2ccccc2)[n+]1=O
mol_8883,O=C(O)CSC(=O)Nc1ccc(N=Nc2ccccc2)cc1
mol_8884,COC(=O)C1=C(O)C(C(=O)OC)C2(O)C(C(=O)OC)C(C)C(C)C1C2C(=O)OC
mol_8885,ClC(N=Nc1ccccc1)=NNc1ccccc1
mol_8886,COC(=O)c1c(C)cccc1C=C1Cc2ccc(C)c(C)c2C1=O
mol_8887,COC(=O)C(C#N)=C1NN=NN1CCCN1CCOCC1
mol_8888,CC1CC(=O)N(N(C)C)C(C#N)(C#N)C1(C#N)C#N
mol_8889,CCCCSC(=C(C#N)C(N)=O)c1cc2c([nH]1)CCCC2
mol_8890,COc1ccc(-c2cc(=O)c3c(O)c(O)c(OC)cc3o2)cc1O
mol_8891,Cn1ncc(NCCn2cnc3c2c(=O)n(C)c(=O)n3C)c(Cl)c1=O
mol_8892,[O+]#C[Mo+]1234(C#[O+])(C#[O+])([Mo+]5678(C#[O+])(C#[O+])(C#[O+])C9=C5[C-]6C7=C98)C5=C1[C-]2C3=C54
mol_8893,Cc1oc2c(c1C)S(=O)(=O)C(C#N)C(c1ccccc1)N2
mol_8894,Cc1ccc(C)c(COCCOCn2ccc(=N)[nH]c2=O)c1
mol_8895,CC(=O)C1CC2=C(CCC1=O)CCC1(CC2)OCCO1
mol_8896,CSc1nc(-c2ccccc2)nc(C(C#N)C#N)n1
mol_8897,Cn1cnc([N+](=O)[O-])c1Sc1ccccc1N
mol_8898,Cc1nc(N2N=C(c3ccc(Cl)cc3)CCC2=O)sc1[N+](=O)[O-]
mol_8899,N#Cc1ccc(C=C2C(=O)NC(=O)NC2=O)cc1
mol_8900,C=C1NC(=O)C(CC(C(=O)C(=O)Nc2c(C)cccc2C(C)(C)C)C(=O)c2ccc3ccccc3c2)C(=O)N1
mol_8901,CCN(CC)CCNc1ccc([N+](=O)[O-])c2[nH]c3ccc(OC)cc3c(=N)c12
mol_8902,C=C(C)C1=NC(C)(C)CC1=C(C)C
mol_8903,CC(=O)[OH+][Ni-4]12(O)([O+]=C(c3ccncc3)[N-][N+]1=Cc1ccsc1)[n+]1cccc3ccc4ccc[n+]2c4c31
mol_8904,Cc1ccc(NC(=O)C(=O)Cc2nc3ccccc3o2)c(C)c1
mol_8905,CC(C)c1nsc2c1C(=O)NC(C(C)(C)C)N2
mol_8906,CCC(NC(C)c1ccccc1)C(=O)c1ccc(OCc2ccccc2)c(OCc2ccccc2)c1.Cl
mol_8907,CC(=O)NC1C(OCc2ccccc2)OC(COC(=O)CCCCCNc2ccc([N+](=O)[O-])c3[nH]c4ccc(O)cc4c(=O)c23)C(O)C1OC(C)C(=O)NC(C)C(=O)NC(CCC(=O)OCc1ccccc1)C(N)=O
mol_8908,O=[N+]([O-])c1ccc2nc(C(=NNc3ccccc3)C(O)c3ccccc3Cl)c(O)nc2c1
mol_8909,S=C1CC(N2CCCC2)=Nc2ccccc2N1
mol_8910,NC(Cc1ccc(S(=O)(=O)O)cc1)C(=O)NC(CCCCNC(=O)NCCCCC(NC(=O)C(N)Cc1ccc(S(=O)(=O)O)cc1)C(=O)NC(Cc1ccc(S(=O)(=O)O)cc1)C(=O)O)C(=O)NC(Cc1ccc(S(=O)(=O)O)cc1)C(=O)O.[NaH]
mol_8911,COC(=O)C1=C(C(=O)OC)SC(=C2SC3=C(SC(=C4SCCS4)S3)S2)S1
mol_8912,CC1CC2C(=O)N(c3ccccc3)C(=O)C2c2[nH]c3ccccc3c21
mol_8913,NNC(=O)Cn1c2ccc(Br)cc2c2nc3ccccc3nc21
mol_8914,CC1(C)C2CCC1(C)C(NC(=O)COCCOCC(N)=O)C2
mol_8915,CSCCC(NCc1c(O)ccc2ccc(=O)oc12)C(=O)O
mol_8916,COc1cc(CNCc2cc(OC)c(OC)c(OC)c2)cc(OC)c1OC
mol_8917,Cc1ccc(S(=O)(=O)O[IH2](C#CC(C)(C)C)c2ccccc2)cc1
mol_8918,COc1ccc(C=Cc2ccc3ccccc3n2)cc1OC
mol_8919,S=C(S)N1CCNCC1
mol_8920,O=C(O)CSCCOCCSCC(=O)O
mol_8921,Cn1c(=Nc2ccccc2[N+](=O)[O-])sc2ccccc21
mol_8922,CNC(=O)N(CCC#N)CCN(C(=O)NC)c1ccccc1
mol_8923,Cc1cc2c(C)c(-c3ccccc3)c(=O)oc2c(C#N)c1C
mol_8924,CCN(CC)C(=O)c1c2nc3c(C(=O)N(CC)CC)ccc(C)c3oc-2c(C)c(=O)c1N
mol_8925,N#CCCN(CCC#N)c1ccc(C=C2N=C(c3cc([N+](=O)[O-])ccc3Cl)N(S(=O)(=O)c3ccccc3)C2=O)cc1
mol_8926,N=C(CSSCC(=N)NCCCCCSC12CC3CC(CC(C3)C1)C2)NCCCCCSC12CC3CC(CC(C3)C1)C2.O=S(=O)(O)O
mol_8927,Cc1ccc(NC(=O)OCC(COc2ccc(Cl)cc2Cl)OC(=O)Nc2ccc(C)cc2)cc1
mol_8928,N#Cc1ccc(Cc2ccccn2)cc1Cl
mol_8929,O=C1NC(=S)SC1N=Nc1ccc(S(=O)(=O)Nc2ncccn2)cc1
mol_8930,OC1c2ccccc2CCC1C(O)(C(F)(F)F)C(F)(F)F
mol_8931,O=C(C#Cc1ccccc1)Nc1ccccc1CC(c1c[nH]c2ccccc12)c1c[nH]c2ccccc12
mol_8932,CC(=NNC(=S)NC(C)(C)C)c1ccccn1
mol_8933,CC(C)CCC1(O)OC2CC3C4CCC5=CC(=O)C=CC5(C)C4CCC3(C)C2C1C
mol_8934,CCCCCCC(C=NO)C(C)(O)CCC
mol_8935,O=C1Nc2ccccc2C12CCCC2
mol_8936,CCOC(=O)C1C(=O)CC(O)(c2ccccc2)C(C(=O)OCC)C1c1ccc(OC)cc1
mol_8937,COC1C=COC2(C)Oc3c(C)c(O)c4c(O)c(c(C=NN5CCN(Cc6cccc(C(F)(F)F)c6)CC5)c(O)c4c3C2=O)NC(=O)C(C)=CC=CC(C)C(O)C(C)C(O)C(C)C(OC(C)=O)C1C
mol_8938,C=CCC1(CC(=O)O)CC=CCC12OCCO2
mol_8939,CC(=O)OC12C3OC4(O)CC5(C)C(c6ccoc6)OC6(C(C)C)CC5C(C4)(OC1(O)C(C)=CC3(C)C)C2O6
mol_8940,CC(C)C(Cl)=NOC(=O)Nc1ccccc1F
mol_8941,ON=C1CN2CCC1CC2
mol_8942,CSc1nc(C)c(Br)c(=O)n1C1OC(COC(C)=O)C(OC(C)=O)C(OC(C)=O)C1OC(C)=O
mol_8943,O=C1C[N+]23CC[N+]45CC(=O)O[Cu-5]24(O1)(OC(=O)C3)OC(=O)C5
mol_8944,Cc1c(-c2ccc(N)cc2)c(=O)oc2cc(O)ccc12
mol_8945,COc1ccc(C(=NNC(=O)C(N)=O)C(c2ccc(OC)cc2)C2(O)C(=O)Nc3c(Cl)cccc32)cc1
mol_8946,[Cl-].c1c[n+]([Pt-2]2([n+]3ccsc3)NCCN2)cs1
mol_8947,O=c1[nH]c(=O)n(C2OC(CO)C(O)C2O)c2ccsc12
mol_8948,COc1cc(N=Nc2ccccc2)cc(C=NNC(N)=S)c1O
mol_8949,COc1ccc2c(c1)C(=O)C13CC(C(=O)OCc4ccccc4)C(OC(C)=O)(CCC21)C3
mol_8950,Cc1cccc(NC(=S)Nc2ccccc2Cl)n1
mol_8951,Clc1c(C(Cl)(Cl)Cl)nsc1N1CCCCC1
mol_8952,CCN(CC)CCn1[nH]c(=N)c2nc3cc(Cl)ccc3nc21
mol_8953,CC(C)(C)C1=NC(=P(c2ccccc2)(c2ccccc2)c2ccccc2)C(=O)O1
mol_8954,CC1NC(C(=Cc2ccccc2O)NC(=O)c2ccccc2)OC1=O
mol_8955,N#CC(=Cc1ccc2[nH]ccc2c1)C(N)=C(C#N)C#N
mol_8956,C=C1C(=O)OC2C=C(C)CC(O)C=C(C)CC(OC(=O)C(=CC)COC(C)=O)C12
mol_8957,O=c1[nH]n(CCc2ccccn2)c(=O)c2ccccc12
mol_8958,CC(C)(SSC(C)(C)C1NC(=O)NC1=O)C1NC(=O)NC1=O
mol_8959,O=C(Cc1ccccc1)c1ccc(O)cc1O
mol_8960,COc1cccc(-c2cc(=O)c3cc(C)c(C)c(C(=O)O)c3o2)c1
mol_8961,O=[N+]([O-])O.[N-]=[N+]=[NH+][Co-4](N)(N)(N)(N)[NH+]=[N+]=[N-]
mol_8962,CS(=O)(=O)c1nc2ccc(N3C(=O)c4ccccc4C3=O)cc2s1
mol_8963,CC1CC(Nc2ccc(NC3=CC(=O)OC(C)C3)cc2)=CC(=O)O1
mol_8964,Cc1cn(C(C)OCCN(O)C(N)=O)c(=O)[nH]c1=O
mol_8965,CC1C2CC(CC23OCC(CCl)O3)C1(C)C
mol_8966,CC(CN1C(=O)c2ccccc2C1=O)=NNS(=O)(=O)c1ccccc1
mol_8967,Cc1ccc(C(=O)Nc2ccccc2)cc1N=NN(C)C
mol_8968,O=C1C(=Cc2cccc(Br)c2)C(=O)c2ccccc21
mol_8969,COc1ccccc1NC(=O)C1=C(C)NC(C)=C(C(=O)Nc2ccccc2OC)C1c1ccccc1F
mol_8970,CCOC(=O)c1c(N2CCCC2)nsc1Nc1ccc(F)cc1
mol_8971,CNc1ncnc2nc(C)c(C)nc12
mol_8972,O=[N+]([O-])c1ccc(-c2nc3c(o2)CCC3)cc1
mol_8973,Cc1ccc(N2C(=O)C(=Cc3ccc(N(CCC#N)CCC#N)cc3)N=C2COc2ccccc2)cc1
mol_8974,O=C(OCCN=c1c2ccccc2ccc2ccccc12)c1ccc([N+](=O)[O-])cc1
mol_8975,Cc1cccc2c1CC(=Cc1cccc(C)c1C(=O)O)C2=O
mol_8976,COC(=O)C(=NNC(=S)NN)C(C(=O)C(=O)Nc1ccccc1C(N)=O)c1nc2ccccc2nc1O
mol_8977,CC(=O)OCC1OC(n2c(C)c(N=Nc3ccc(C)cc3)c(C)c(C#N)c2=S)C(OC(C)=O)C(OC(C)=O)C1OC(C)=O
mol_8978,Cc1cc(S)c2cc3c(cc2n1)OCO3
mol_8979,CC(=O)OC(OC(C)=O)n1cc(C=O)c2ccccc21
mol_8980,Cc1ccc(C=NNc2cc(C)c3cccc(C)c3n2)s1
mol_8981,C1CCNC1.O=C1Nc2ccccc2C1=Cc1cc(Cl)cc(Cl)c1O
mol_8982,OC1COC(n2c3ccc(Br)cc3c3ccc4c5ccccc5[nH]c4c32)C(O)C1O
mol_8983,Cc1ccc(S(=O)(=O)Sc2nnnn2C)cc1
mol_8984,COc1cc(CNC(=O)CCCCCCCCCCSSCCCCCCCCCCC(=O)NCc2ccc(O)c(OC)c2)ccc1O
mol_8985,CN(C)c1ccc(S(=O)Nc2ccccc2)cc1
mol_8986,CC(C)C(NC(=O)C1CCCN1C(=O)OCc1ccccc1)C(=O)NN
mol_8987,CC[Sn](CC)(OC(=O)c1ccc(F)cc1)O[Sn](CC)(CC)OC(=O)c1ccc(F)cc1
mol_8988,O=S1(=O)C(c2ccccc2)C(N2CCCCC2)C1C1CC2c3ccccc3C1c1ccccc12
mol_8989,O=C1C=Cc2ncccc2C1=O
mol_8990,CCN(CC)c1ccc2cc(C(=O)Nc3nc(C45CC6CC(CC(C6)C4)C5)cs3)c(=O)oc2c1
mol_8991,CSc1nc(O)cc(NC2OCC(O)C(O)C2O)n1
mol_8992,COC1CCC2(C)C3CCC4C(=CC5C(C)(CO)C(=O)CCC45C)CC3(C)CCC2C1(C)C
mol_8993,CC1(C)Cc2nnsc2C2=C1C(=O)CCS2
mol_8994,COc1ccc(NC(=O)CCC(CC(=O)c2ccco2)=NNC(=O)C(N)=O)cc1
mol_8995,CCOC(=O)C(=Cc1cccc(C#N)c1)C(=O)OCC
mol_8996,O=C1C(O)C2CCCCC23CCCN13
mol_8997,CCOC(=O)N1CC2(C(=O)OC)C=CC1C(C(=O)OC)C2
mol_8998,COc1ccc(-c2cc(=O)c3ccc(O)cc3o2)cc1
mol_8999,CCOc1ccccc1NC(=O)C(=O)C1C(=O)Nc2ccccc2S1=O
mol_9000,CCOC(=O)c1c[nH]c2cc3c(cc2c1=O)CCS3(=O)=O.CCOC(=O)c1c[nH]c2ccc3c(c2c1=O)S(=O)(=O)CC3
mol_9001,CC(C)N(C(=O)C12C3C4C5C3C1(C(=O)O)C5C42)C(C)C
mol_9002,COc1ccc(N=CC=CNc2ccc(OC)cc2)cc1
mol_9003,Nc1cc(O)nc(N)n1
mol_9004,COc1cc(C(=O)CC(CCC(=O)Nc2ccc(Cl)cc2Cl)=NNC(=O)C(N)=O)ccc1O
mol_9005,c1cc2nnc1SCCSCCSCCSc1ccc(nn1)SCCSCCSCCS2
mol_9006,COC(=O)C1=CCC2C(C(=O)OC)CCC2(C)CC(O)=C1C(=O)OC
mol_9007,C=Cc1ccc(CC)cn1
mol_9008,COc1cc(CNC(=S)CCCCCCCCCCC(C)C)ccc1O
mol_9009,COc1ccc(-c2cc(Cc3cccs3)c(O)nn2)cc1
mol_9010,COc1ccc(NS(=O)c2ccccc2OC)cc1
mol_9011,O=C(CC(=O)N1N=C(n2ccc3ccccc32)CC1c1ccccc1)Nc1ccc(Cl)cc1
mol_9012,Nc1ccccc1-c1nc2ccncc2[nH]1
mol_9013,COC(=O)C1(C)CCCC2(C)c3ccccc3C(OO)CC12
mol_9014,Cn1c(=O)c(-c2ccccc2)c(O)c2ccccc21
mol_9015,CCOC(=O)c1cc2c(nc1NCc1ccc(OC)c(OC)c1)C(=Cc1ccccc1)CCCC2
mol_9016,O=C1CN(CCCCl)CC(=O)N2Cc3ccccc3CN12
mol_9017,CC=C(C)C(=O)OC1CC(C)(C)CC2C3=CCC4C56CCC(O)(OC5)C(C)(C)C6CCC4(C)C3(C)CCC12C(=O)O
mol_9018,Br.NCCCCNOCCCN
mol_9019,Cc1ccc(S(=O)(=O)c2c(C)cc(C)cc2C)cc1
mol_9020,Oc1cc(O)c(Oc2cccc(O)c2O)c(O)c1
mol_9021,CCOC(=O)C1(Br)C(c2ccccc2)NC(=O)N(C2OC(COC(=O)c3ccccc3)C(OC(=O)c3ccccc3)C2OC(=O)c2ccccc2)C1(C)Br
mol_9022,CC(C)(C)c1cc2c(OCC=Cc3ccccc3)c(c1)Cc1cc(C(C#N)(OCC=Cc3ccccc3)OCC=Cc3ccccc3)cc(c1OCC=Cc1ccccc1)Cc1cc(C(C)(C)C)cc(c1OCC=Cc1ccccc1)Cc1cc(C(C#N)(OCC=Cc3ccccc3)OCC=Cc3ccccc3)cc(c1OCC=Cc1ccccc1)C2
mol_9023,O=c1c(Cl)c2cc3c(cc2c2ccccc12)nc1cccnc1n3C1CCCCC1
mol_9024,O=C(OCC1CC2C(=O)OCCCC2O1)c1ccccc1
mol_9025,CC1=CC(C)(C)NN1C1=NS(=O)(=O)c2ccccc2N1C
mol_9026,BrC1(Br)C2C=CCCCCC21
mol_9027,COC(=O)C1=C(C(=O)OC)C23CC1C1C(C(=O)OC)=C(C(=O)OC)C12C1C=CC3C2C(=O)OC(=O)C21
mol_9028,COc1ccc(C(=O)C2CCC(C(=O)O)C2)cc1
mol_9029,COC(=O)CNCc1cc(N(C)C)cc(CNCC(=O)OC)n1
mol_9030,O=C1OCCC1C(O)C1c2ccccc2-c2ccccc21
mol_9031,O=C1C(CN(Cc2ccccc2)Cc2ccccc2)CCCC1CN(Cc1ccccc1)Cc1ccccc1
mol_9032,COCCC(NC(=O)C(CC(C)C)NC(=O)OC(C)(C)C)C(=O)OC
mol_9033,N#Cc1[nH]c(=O)n(-c2ccc([N+](=O)[O-])cc2)c1N
mol_9034,O=C(c1ccc(Cl)cc1Cl)N(C(=O)N1CCCCC1)c1ccccc1
mol_9035,O=S1(O)=NN=C(NCc2ccc(Cl)c(Cl)c2)c2ccccc21
mol_9036,C1CCC2(CC1)CCCN2
mol_9037,Brc1ccc(SSc2ccc(Br)cc2)cc1
mol_9038,COC(=O)c1ccccc1N(C(=O)c1ccccc1)c1ccccc1C
mol_9039,C=C1C2CCCC1C1(S(C)(=O)=O)CCCCC21O
mol_9040,Cn1c2ccccc2c2oc(CO)cc(=O)c21
mol_9041,CCOC(=O)C1Nc2ccc(Cl)cc2C2OCCC12
mol_9042,NC(=O)NN=Cc1ccc(Cl)cc1
mol_9043,CC1=CC(=O)C(=CNC(=S)NCCc2ccccc2)C(=O)O1
mol_9044,[N-]=[N+]=N[IH2]1OC(C(F)(F)F)(C(F)(F)F)c2ccccc21
mol_9045,CCCC(=O)NC(Nc1ccc(S(=O)(=O)Nc2ccc(OC)nn2)cc1)(C(F)(F)F)C(F)(F)F
mol_9046,CNC(=S)N(C)C(=S)Nn1c(=O)c(C)nn(C)c1=S
mol_9047,COc1ccc(C=C2CNCC(=Cc3ccc(OC)cc3)C2=O)cc1.Cl
mol_9048,COc1ccc(OC(COCc2ccccc2)CC2COC(C)(C)O2)cc1
mol_9049,O=[N+]([O-])c1ccc2nc(O)c(C(=NNc3ccccc3)C(O)c3ccco3)nc2c1
mol_9050,Cc1cc2oc3ccccc3c(=O)c2c(C)c1Cl
mol_9051,CCc1ccc(C(=NNC(N)=S)C2CC2)cc1
mol_9052,COC(=O)CNC1=NC(=S)N(Cc2ccc(OC)cc2)C12CCCC2
mol_9053,CCCCOC(=O)NC(=O)c1cc2cc(Cl)cc(Cl)c2oc1=O
mol_9054,Cc1sc(NN=C2C(=O)Nc3ccccc32)nc1-c1ccccc1
mol_9055,Clc1nc(Cl)nc(-c2ccccc2)n1
mol_9056,CSc1nc(N)nc(N)n1
mol_9057,c1ccc(-c2[nH]c(-c3ccccc3)c(-c3cnccn3)c2-c2cnccn2)cc1
mol_9058,C[Si](C)(C)C(Br)=CCCN1C(=O)CCC1=O
mol_9059,CCC=C(c1cc(Cl)c(OC)c(C(=O)OC)c1)c1cc(Cl)c(OC)c(C(=O)OC)c1
mol_9060,C1CCCCc2nc3c(nc2CCC1)c1nc2c(nc1c1nc4c(nc31)CCCCCCCC4)CCCCCCCC2
mol_9061,CC1CCC(=[N+](C)[N-]c2ccc([N+](=O)[O-])cc2[N+](=O)[O-])C2CCC(C(C)C(=O)O)C=C12
mol_9062,CCC1(Br)OC1=O
mol_9063,CC(=O)c1cccc(C)c1C(=O)O
mol_9064,CC[n+]1c2ccc(C)cc2nc2c3ccccc3c(N)cc21
mol_9065,CN1NC2=NCCCN2C1=O
mol_9066,CC1=NS(=O)(O)=c2cc(Cl)ccc2=N1
mol_9067,CCCCOC(=O)C(=O)C(=CNC(=S)c1cccnc1)C(=O)C=C(C)C
mol_9068,O=C(CCCCCCCCc1ccc(O)cc1)c1c(O)cccc1O
mol_9069,CN(C)C(=C1c2cc([N+](=O)[O-])ccc2-c2ccc([N+](=O)[O-])cc21)N(C)C
mol_9070,CC(=O)Nc1nc(NC(C)=O)c(N=O)c(NC(C)=O)n1
mol_9071,CC1=C(C(=O)NCCc2ccccc2)CC(C(=O)NCCc2ccccc2)=C(C)N1
mol_9072,C=C([Si](C)(C)C)[Si](C)(C)C
mol_9073,Cl.O=C(CN1C(=O)CC(c2ccccc2)(c2ccccc2)C1=O)N1CCN(CCO)CC1
mol_9074,CCn1cnc2[nH]cc(C#N)c2c1=O
mol_9075,COC=CCCCN(C1CCCCC1)C(C#N)c1ccccc1
mol_9076,CN(C)c1ccc(C=C2Cc3ccccc3C2=O)cc1
mol_9077,CC(CCCC1SCC2NC(=O)NC21)C(=O)O
mol_9078,CC(C)(C)SSCC(N)C(=O)O
mol_9079,[O+]#C[W+2]12345(C#[O+])([OH+][N+]1=C1CCCCC1)C1=C2[C-]3C4=C15
mol_9080,O=C(Cn1c(=O)ccn(C2OC(CO)C(O)C2F)c1=O)c1ccc(F)cc1
mol_9081,CC(=O)Nc1ccc(-n2[nH]c(=O)n(C)c2=O)cc1
mol_9082,COC(=O)c1cc(C(=CCCCCCBr)c2cc(Cl)c(OC)c(C(=O)OC)c2)cc(Cl)c1OC
mol_9083,O=C(c1ccccc1)N1C2CCC1C(C(F)(F)F)=C2C(F)(F)F
mol_9084,O=CC1=CCCN(CCc2c[nH]c3ccccc23)C1
mol_9085,O=C(c1ccncc1)n1nc(-c2ccccc2)c(N=Nc2ccccc2[N+](=O)[O-])c1-c1ccccc1
mol_9086,NS(=O)(=O)c1ccc(NC(=O)c2cccnc2Nc2cccc(Cl)c2)cc1
mol_9087,CCc1ccc(NCc2cc(OC)c(OC)c(OC)c2)cc1.Cl
mol_9088,Nc1c(-c2ccc(Cl)cc2Cl)[n+]([O-])c2ccccc2[n+]1[O-]
mol_9089,CC(=O)OCC1OC(n2c3c(c(-c4cccc5ccccc45)c(C#N)c2=S)CCCC3)C(OC(C)=O)C(OC(C)=O)C1OC(C)=O
mol_9090,CN1C(=O)OC(c2ccc(Cl)cc2)C1=O
mol_9091,COc1cc(C(=O)C(CO)Oc2ccccc2OC)ccc1O
mol_9092,Nn1c(=S)[nH]n2cnnc12
mol_9093,CC1(C)CC(=O)C(C(=O)C(=O)NC2=C(Cl)C(=O)c3ccccc3C2=O)C(=O)C1
mol_9094,COC1OC(C(=O)O)C2OC(C)(C)OC12
mol_9095,C=C(C1(O)CC2C(CCC2(OC)OC)C2c3ccccc3OC21)[Si](C)(C)C
mol_9096,CN(C)CCCNC(=O)c1cc(NC(=O)c2cc(NC(=O)c3cc(NC(=O)c4ccc(C(=O)Nc5cc(C(=O)Nc6cc(C(=O)Nc7cc(C(=O)NCCCN(C)C)n(C)c7)n(C)c6)n(C)c5)nc4)cn3C)cn2C)cn1C
mol_9097,Cc1cc(S(=O)(=O)n2cc[nH]c2=O)c(S)cc1Cl
mol_9098,CCOC(=O)c1nc2c(C)nc(N(C)C)nc2n(C)c1=O
mol_9099,CCOC(=O)C=Cc1cccc(F)c1
mol_9100,CN(O)C(=O)c1ccc(OCc2cccc(Cl)c2)cc1
mol_9101,Cc1cccc2c1C(=O)C(C)(C1(C)Nc3cccc(C)c3C1=O)N2
mol_9102,S=C1C=C(c2ccccc2)Sc2ccccc2N1
mol_9103,COc1ccc(NC(=O)C(=NNC(=O)C[n+]2ccccc2)c2c(O)c3ccc(O)cc3oc2=O)c([N+](=O)[O-])c1.[Cl-]
mol_9104,CC(C)CCCC(C)C1CCC2C3CCC4CC(CCCP(=O)(c5ccccc5)c5ccccc5)CCC4(C)C3CCC12C
mol_9105,CCCCCCCCCCCCOCC1(COCCCCCCCCCCCC)COC(c2ccc(N)cc2)OC1
mol_9106,COc1cccc2c(=O)oc(-c3ccccc3C)nc12
mol_9107,COC(=O)C(O)C(O)(CCC(C)C)C(=O)OC1C(OC)=CC23CCCN2CCc2cc4c(cc2C13)OCO4
mol_9108,CCN=C(NNc1ccc([N+](=O)[O-])cc1)P(=O)(OC(C)C)OC(C)C
mol_9109,O=C(c1ccc([N+](=O)[O-])cc1)N1CCCC1
mol_9110,O=C(NN=Cc1c(-c2ccccc2)no[n+]1[O-])N1CCOCC1
mol_9111,CCN(CC)C(=S)SCCCS(=O)(=O)O
mol_9112,COc1cccc(C(=O)C#Cc2cnc(OC)nc2OC)c1
mol_9113,O=c1oc2nc3ccc(Cl)cc3c(=O)n2c2ccc(Cl)cc12
mol_9114,O=c1cc(N2CCCC2)[nH]c(=O)n1Cc1ccccc1
mol_9115,Cc1cc(C(F)(F)F)cc(-n2[nH]c(NS(=O)(=O)c3cc(C)c(Cl)cc3S)nc2=N)n1
mol_9116,Clc1ccc(C2=Nc3ccccc3SC(c3cccs3)C2)cc1
mol_9117,O=C(Cn1c2ccc(Br)cc2c2nc3ccccc3nc21)N1CCOCC1
mol_9118,CC[N+]1(C2=C([O-])C(F)(F)C2=O)CCCCC1
mol_9119,O=P1(Oc2ccccc2)C(c2ccccc2)C(c2ccccc2)=NN1c1ccccc1
mol_9120,COC(=O)N1c2c(ccc3c2OCO3)C23C4CN5CCCC(CCC12C(=O)OC)(CC4=O)C53
mol_9121,N#Cc1c(Cl)c2cc([N+](=O)[O-])ccc2n2c1nc1ccccc12
mol_9122,CCOC(=O)Cc1nc(C(C#N)=Cc2ccco2)nc(O)c1C#N
mol_9123,Cc1cc(C)c(S(=O)(=O)Sc2nnnn2C)c(C)c1
mol_9124,COC1Nc2nc3ccccc3nc2NC1OC
mol_9125,CN(C)C(=NC#N)N(Cc1ccccc1)Cc1ccccc1
mol_9126,Cc1ccc(C2=Nn3c(nc4sc5c(c4c3=O)CCCC5)SC2)cc1
mol_9127,CC(CCCN1CCOCC1)C1CCC2C3CCC4CC(O)CCC4(C)C3CCC12C.Cl
mol_9128,COc1ccc(C2C(Cl)C(=O)N2c2ccc(OC)cc2)cc1
mol_9129,CCOC(=O)C(C)NC(=O)C(C)NC(=O)C(C)NC(=O)C(C)NC(=O)C(C)NC(=O)C(C)NC(=O)C(C)NC(=O)OCc1ccccc1
mol_9130,CCOC(=O)C1=C(N)N(c2ccccc2)C(=C(C#N)c2nc3ccccc3[nH]2)S1
mol_9131,Cc1cc2c(c3ncccc13)OCN(Cc1ccc(Cl)c(Cl)c1)C2
mol_9132,CCCCCCC(O)CCC1CCCC(C)N1
mol_9133,CCOC(=O)c1nc2ccccc2nc1Oc1cc(OC)cc(OC)c1
mol_9134,CCCCCC=C(c1cc(Cl)c(OC)c(C(=O)OCCC)c1)c1cc(Cl)c(OC)c(C(=O)OCCC)c1
mol_9135,Cn1cccc1C=Cc1cc(Br)c(C=Cc2cccn2C)cc1Br
mol_9136,O=[N+]([O-])c1ccc(OCc2nnc(CCCCCCCCc3nnc(COc4ccc([N+](=O)[O-])cc4)o3)o2)cc1
mol_9137,COC1C=CC=C(C)C(=O)NC2=CC(=O)C(NC3CC3)=C(CC(C)CC(OC)C(O)C(C)C=C(C)C1OC(N)=O)C2=O
mol_9138,CC1(C)CC(O)C2=C(O1)C(=O)c1ncccc1C2=O
mol_9139,CC(C)(C#N)C(C)(C)SSC(C)(C)C(C)(C)C#N
mol_9140,CN(C(=O)C=Cc1ccccc1)C1C2CN3CCC(O2)C13
mol_9141,CC(=N)C(C#N)C(=S)S
mol_9142,CCc1cccc(C(C)C)c1NC(=O)C(=O)CC(=O)c1[c-](C)[n+](=O)c2ccccc2[n+]1[O-]
mol_9143,CC(C)=CCCC(C)=CCOC(=O)N(c1ccccc1)c1ccccc1
mol_9144,Clc1ccc2nc3nc(-c4ccccc4)c(-c4ccccc4)nc3nc2c1
mol_9145,CC(C)N1CC2CC(CN(C(=O)c3ccccc3)C2)C1.[O-][Cl+3]([O-])([O-])O
mol_9146,O=C(O)C12C3C4C1C1C2C3C41C(=O)O
mol_9147,OC1C2CCC3C2CC(C(O)(c2ccccc2)c2ccccc2)C13
mol_9148,CN(C)CCC[n+]1nc2cccc3cccc([nH]1)c32.[Cl-]
mol_9149,Cc1nc(NS(=O)(=O)c2ccc(N)cc2)oc1C
mol_9150,CC(=O)CCCCn1c(=O)c2c(nc(Br)n2C)n(C)c1=O
mol_9151,N#CN(CS(=O)(=O)O)C(=N)N
mol_9152,O=C1OC(=O)C2C3CC(C4N=NN(c5ccccc5)C34)C12
mol_9153,O=c1cc(O)cc2n1CCC2
mol_9154,COC(=O)c1ccccc1C1CN=NC12Cc1ccc3ccccc3c1C2=O
mol_9155,COC(=O)C1=C(OC(C)=O)c2ccccc2CS1
mol_9156,CC(=O)n1[nH]c(=O)n(-c2ccc(Cl)cc2)c1=O
mol_9157,Cc1nc2ccccc2n1C(=O)c1c(F)c(F)c(F)c(F)c1F
mol_9158,O=C(N=Nc1ccccc1)NNc1ccccc1.O=C(NNc1ccccc1)NNc1ccccc1
mol_9159,COc1cc2c(c(OC)c1OC)C(c1ccc3c(c1)OCO3)C1COC(=O)C1C2
mol_9160,COc1cc2cc(C(=O)N3CC(CCl)c4c3cc(N)c3ccccc43)[nH]c2c(OC)c1OC
mol_9161,[O-][n+]1c2ccccc2[n+]([O-])c2c3ccccc3[nH]c21
mol_9162,C=C1C2CCC3(C4CC5C6(C)CCCC5(C(O4)N4CCOC46)C3C2)C1OC(C)=O
mol_9163,COc1ccc2cc1Oc1cc3c(cc1OC)CC[N+](C)(C)C3Cc1ccc(cc1)Oc1c(OC)c(OC)cc3c1C(C2)[N+](C)(C)CC3
mol_9164,COc1ccccc1NC(=O)CC(=O)N1N=C(N2c3ccccc3Sc3ccccc32)CC1c1ccccc1
mol_9165,CSc1nc2c(c(=O)n1C)N=C(c1ccc(Cl)cc1)CC(c1ccccc1)N2
mol_9166,O=C1CC2(CC(O)CO)CC(O1)C(I)CC21OCCO1
mol_9167,Cc1ccc(S(=O)(=O)NC(=O)NCCCSSCCCNC(=O)NS(=O)(=O)c2ccc(C)cc2)cc1
mol_9168,CCOC(=O)NN(C(=O)OCC)C(C(=O)c1ccccc1)N(NC(=O)OCC)C(=O)OCC
mol_9169,Cc1ccc(NC(=O)CC(=O)N2N=C(N(c3ccccc3)c3ccccc3)CC2c2ccccc2)cc1
mol_9170,Cn1c(Nc2ccccc2)c(C=Nc2ccccc2)c(=O)n(C)c1=O
mol_9171,CC(=O)N(CCc1ccccc1)C(C#N)c1ccccc1
mol_9172,CN(C)c1ccc(C(=CC=C2C(=O)c3ccccc3C2=O)c2ccc(N(C)C)cc2)cc1
mol_9173,N#CC1(C#N)C(C#N)(C#N)C12CCCC2
mol_9174,c1scc2c1COCCOCCOCCOCc1cscc1COCCOCCOCCOC2
mol_9175,O=C1C2=Cc3ccccc3OC2(O)Oc2cc(O)ccc21
mol_9176,Cc1c2cccc-2c(OCCO)cc2c1[nH]c1ccccc12
mol_9177,CN(NC(=O)C(=Cc1ccccc1Cl)NC(=O)c1ccccc1)c1cnnc(O)c1Cl
mol_9178,O=[N+]([O-])C=Cc1cc2ccc3ccccc3c2[nH]1
mol_9179,ON=C1COC(C(F)(F)F)(C(F)(F)F)C1
mol_9180,O=C1CC2C(C=CC23CCCC3)N1O
mol_9181,COc1cc(OC)c(-n2[nH]c(=O)n(C)c2=O)c(OC)c1
mol_9182,CC1OC(OCC2OC(Oc3ccc(C4CC(=O)c5c(O)cc(O)cc5O4)cc3O)C(O)C(O)C2O)C(O)C(O)C1O
mol_9183,Cc1c(C)c([N+](=O)[O-])c2c(c1N)C(=O)c1ccccc1C2=O
mol_9184,CCC1ON(C)C2CN(C)C(=O)C12
mol_9185,COc1ccccc1NCc1cccc2c(=O)c3ccc(Cl)cc3oc12
mol_9186,O=C1N=C(S(=O)(=O)O)NNC12c1ccccc1-c1ccccc12
mol_9187,O=C(O)c1nc2ccc(C(F)(F)F)cc2nc1O
mol_9188,CCOc1ccc(NC(=O)C(=O)C(C(=O)c2ccc3ccccc3c2)C2OC(=O)c3ccccc32)cc1
mol_9189,O=C(CSc1nnc(Cc2ccccc2)o1)Nc1cccc(Cl)c1
mol_9190,O=c1cc(CCl)nc2c3ncn(C4OC(CO)C(O)C4O)c3ncn12
mol_9191,COc1ccc(C)cc1NC(=O)C(Br)C(Br)C(=O)O
mol_9192,CC1Cc2c(cc(N)nc2Br)NC1=O
mol_9193,O=c1n(N=S(=O)(c2ccccc2)c2ccccc2)c(=O)n2n1C1C=CC2CC1
mol_9194,C[PH](C)(C)[Ir-3]1([PH](C)(C)C)([PH](C)(C)C)[OH+]C(=O)C2CCCN21.[Cl-]
mol_9195,CC(C)c1cccc(C(C)C)c1O
mol_9196,CC(=O)N1C(=O)CC(c2ccccc2)Sc2ccccc21
mol_9197,O=c1c(OS(=O)(=O)O)c(-c2ccc(OS(=O)(=O)O)c(OS(=O)(=O)O)c2)oc2cc(OS(=O)(=O)O)cc(OS(=O)(=O)O)c12.[KH]
mol_9198,Cc1nc(Nc2ccc(Cl)cc2)sc1C(=O)Nc1cccc2c(O)nnc(O)c12
mol_9199,O=C(O)C=CC(=O)Nc1ccccc1-n1cccc1
mol_9200,O=P1(c2ccccc2)OCC2=C(c3ccccc3)CC2=C1c1ccccc1
mol_9201,O=C(C[PH](c1ccccc1)(c1ccccc1)c1ccccc1)C[PH](c1ccccc1)(c1ccccc1)c1ccccc1
mol_9202,Cc1cc(N(CCC#N)CCC#N)ccc1C(Sc1ccccc1)=C(NC(=O)C=Cc1ccccc1)C(=O)Sc1ccccc1
mol_9203,Cc1cn(C2CC(NO)C(CO[Si](C)(C)C(C)(C)C)O2)c(=O)[nH]c1=O
mol_9204,CC1=CC(=NN(C)C)C(C(O)(C(F)(F)F)C(F)(F)F)C(C)(C)C1
mol_9205,O=C(O)c1ccc(CS(=O)c2ccccc2C(=O)O)c([N+](=O)[O-])c1
mol_9206,N#CC1=C(S)N(C2OC(CO)C(O)C(O)C2O)C(c2ccccc2)=CC1c1cccs1
mol_9207,O=C1NC(=S)NC1C(Cc1ccccc1)c1ccccc1
mol_9208,O=C(Cc1ccccc1)NN=C1C(=O)Nc2ccccc21
mol_9209,Nc1ccc(C(=O)NN2C(=O)C(Cl)C2c2ccccc2Cl)cc1
mol_9210,COC(=O)c1c2c(c(-c3ccccc3)c3c1-c1nc(Cl)ccc1CC3)CCc1ccc(Cl)nc1-2
mol_9211,C[n+]1c(-c2ccc(C=NNC(=O)c3ccc(C(=O)NN=Cc4ccc(-c5cn6ccccc6[n+]5C)cc4)cc3)cc2)cn2ccccc21.Cc1ccc(S(=O)(=O)O)cc1
mol_9212,CCOc1ccc(NC(=O)C(=O)Nn2c(=N)[nH][nH]c2=N)cc1
mol_9213,CCOC(=O)c1c(O)cc(O)nc1N1CCOCC1
mol_9214,COc1cc(C=C2CCC(=Cc3ccc(O)c(OC)c3)C2=O)ccc1O
mol_9215,CCOc1ccc2nc(NC(=O)C3C4CCC(O4)C3C(=O)O)sc2c1
mol_9216,O=C(Sc1c(-c2ccccc2)c(=O)n(-c2ccccc2)c(=S)n1-c1ccccc1)c1ccccc1
mol_9217,COc1cc(C(=O)CC(CCC(=O)Nc2ccc(Cl)cc2Cl)=NNC(=O)C(=O)NN)ccc1O
mol_9218,NC(=O)N1c2ccccc2C=Cc2ccccc21
mol_9219,CC(C)(C)C(=O)C(C#N)C(=O)C(C)(C)C
mol_9220,CN(CCC(N)CC(=O)NC1C=CC(n2ccc(=N)[nH]c2=O)OC1C(=O)O)C(=N)N
mol_9221,CC(C)C1=CC2C3C(=O)NC(=O)C3C1C1C3C(=O)NC(=O)C3C21
mol_9222,COc1ccc(C=NNC(=O)c2ccc(O)c(CN(C)C)c2)cc1.Cl
mol_9223,O=C(Cc1ccccc1)NNc1nc(NNC(=O)c2ccncc2)nc(Nc2ccc(Cl)cc2)n1
mol_9224,N#Cc1c(N)c(-c2ccc(Cl)cc2)c(F)c2ccccc12
mol_9225,Cc1ccc(S(=O)(=O)c2ccc([N+](=O)[O-])cc2)cc1
mol_9226,COc1cc(C=C2SC(c3ccccc3)N(c3cccc([N+](=O)[O-])c3)C2=O)cc(OC)c1OC
mol_9227,Cn1c(=O)nc2n(-c3cc(C(F)(F)F)cc(C(F)(F)F)c3)c3ccccc3nc-2c1=O
mol_9228,C#CC1(O)CCC2C3CCc4cc(Oc5nc(F)nc(-c6c7ccccc7c7sc8ccccc8n67)n5)ccc4C3CCC21C
mol_9229,CCCCCCCCCCCCCCCC=C(c1cc(Br)c(OC)c(C(=O)OC)c1)c1cc(Br)c(OC)c(C(=O)OC)c1
mol_9230,CC(=O)OCC(OC(C)=O)C(OC(C)=O)C(OC(C)=O)C(C=NN(C(C)=O)S(=O)(=O)c1ccc(C=C2NC(=O)NC2=O)cc1)OC(C)=O
mol_9231,Brc1ccccc1C1SCc2nc3ccccc3n21
mol_9232,Oc1nc(Nc2ccc(Cl)cc2)nc2[nH]cnc12
mol_9233,OCCN(CCO)CCn1cnc2c(NCc3ccccc3)ncnc21
mol_9234,NS(=O)(=O)c1ccc(NC(=S)NC=C2C(=O)Nc3ccccc3C2=O)cc1
mol_9235,COc1cccc2c1C1(O)C2CCCC12OCCCO2
mol_9236,COC(=O)c1cc(C(c2cc(C(=O)OC)c(OC)c(Br)c2C)C(Cl)Cl)c(C)c(Br)c1OC
mol_9237,CN(C)CCN1C(=O)C2C3CCC(C)(O3)C2C1=O
mol_9238,c1cn(C23C4C5C6C4C2C6C53)cn1
mol_9239,C#CCCCCCCCCCC=C1CC(O)COC1=O
mol_9240,N#Cc1cc([N+](=O)[O-])ccc1NC(=O)C(F)(F)F
mol_9241,CCN(CC)CCOC(=O)c1ccc(N=NC2Sc3nc4ccccc4n3C2=O)cc1
mol_9242,O=C(CCCCC1CCSS1)N(C(=O)NC1CCCCC1)C1CCCCC1
mol_9243,CCOC(=O)C(=O)Nc1nc2ccc(OC)cc2s1
mol_9244,COc1ccc(C(c2ccc3cccnc3c2O)c2ccc3cccnc3c2O)cc1
mol_9245,C=CCn1c(-c2ccc(Cl)cc2Cl)csc1=Nc1c(C)n(C)n(-c2ccccc2)c1=O.Cl
mol_9246,O=C(O)CSc1nnc(Cc2ccccc2)[nH]1
mol_9247,N#CC1=C2SCCN2C(=O)C(C#N)C12CCCCC2
mol_9248,Cc1cc(C)c(S(=O)(=O)ONC(=O)OC(C)(C)C)c(C)c1
mol_9249,CC(=O)c1c(-c2cccc3ccccc23)c(C#N)c(=S)n(C2OC(CO)C(O)C(O)C2O)c1C
mol_9250,CCN(CC)CCNC(=O)C1COc2ccc(-c3cc(=O)c4ccccc4o3)cc2O1
mol_9251,O=C(O)C(NS(=O)(=O)c1ccc(F)cc1)c1ccccc1
mol_9252,c1ccc([PH]2(c3ccccc3)CC[SH+][Ni-2]23[SH+]CC[PH]3(c2ccccc2)c2ccccc2)cc1
mol_9253,CN1C2c3ccccc3C3C4c5ccccc5C(C31)C(C2[N+](=O)[O-])N4C
mol_9254,O=C(OCCN1CCCC12CCCCC2)C(c1ccccc1)C1C=CCC1
mol_9255,CCOC(=O)c1sc2nc(SC)nc3c2c1NCN3C1CC1
mol_9256,CC(C)CCCC(C)C1CCC2C3CC(O)C4CC(OS(=O)(=O)O)CCC4(C)C3CCC12C.[NaH]
mol_9257,O=C(c1ccco1)N(C(=S)OCc1ccccn1)c1ccccc1
mol_9258,COc1ccc(C=C(C#N)c2ccc(OC)c(OC)c2)cc1
mol_9259,Cc1cn(C2CC(O)C3(CO)CC23)c(=O)[nH]c1=O
mol_9260,COc1cc(C=C(C#N)C(=O)c2ccccc2)cc(OC)c1OC
mol_9261,O=C(N=NC(=O)N1CCCCC1)N1CCCCC1
mol_9262,CCC(C)(C)c1ccc(OCCCCNC(=O)c2ccc3ccccc3c2O)c(C(C)(C)CC)c1
mol_9263,OCCSCCC(=NN=C(CCSCCO)c1ccccc1)c1ccccc1
mol_9264,O=P1(Oc2ccccc2)NNP2(=NP(Cl)(Cl)=NP(Cl)(Cl)=N2)NN1
mol_9265,CC(=O)Nc1ccc(C=NN2C(=O)c3ccccc3C2=O)cc1
mol_9266,NS(=O)(=O)c1ccc(C(=O)O)cc1
mol_9267,CSc1nc2c(S)nc(S)nc2s1
mol_9268,CCC1(Cc2ccc(OC)c(OC)c2)[CH-][N+](=O)OC(OC2CCCCC2c2ccccc2)C1OC(C)=O
mol_9269,Cc1cccc2c(NCCN(C)C)c3cccc(C(=O)NCCN(C)C)c3nc12.Cl
mol_9270,Cc1cc(Cl)ccc1N=NC(=O)NNc1ccc(Cl)cc1C
mol_9271,c1ccc(CN2C3C4N(Cc5ccccc5)C2C2N(Cc5ccccc5)C(C(N2Cc2ccccc2)N4Cc2ccccc2)N3Cc2ccccc2)cc1
mol_9272,O=C1CCCC2C(O)CCCC12
mol_9273,O=[N+]([O-])c1ccc(CN(CCCl)OCCCl)cc1
mol_9274,CNC(=O)OCC1=CC(=O)C(OC)=CC1=O
mol_9275,Fc1ccccc1C1SCc2nc3ncccc3n21
mol_9276,Nc1nc(O)nc2snnc12
mol_9277,CN1CCN(c2ccc(-n3cc(C(=O)O)c(=O)c4cc(F)c(N5CCN(C)CC5)cc43)nc2)CC1
mol_9278,Cc1cc(Cl)nc(Nc2nc3ccccc3[nH]2)n1
mol_9279,O=C(O)COc1ccc(O)c2c1C(=O)CCCC2=O
mol_9280,CC(=NNC(=S)N1CCCCC1)C(C)=NNC(=S)N1CCCCC1
mol_9281,CN(C)Cc1cc(C(=O)C=Cc2ccccc2Cl)cc(CN(C)C)c1O.Cl
mol_9282,COC(CNC(=O)C(C)NC(=O)C(C)NC(=O)c1ccccc1)OC
mol_9283,CCOC(=O)c1c(NC(=S)Nc2ccc(Cl)cc2)sc2c1CCN(C)C2
mol_9284,Brc1ccc(N=Nc2ccc3ccccc3n2)cc1
mol_9285,CC(=O)C1=C(C)N2C(=NC3=C(CCc4ccccc43)C2c2cccc(Br)c2)S1
mol_9286,CCC1(Cc2ccc(OC)c(OC)c2)C(OC(C)=O)C(OC2CCCC2(c2ccccc2)c2ccccc2)ON2OC(C3OCCO3)CC21
mol_9287,C=C(CCCC(C)OCOCCOC)[Si](C)(C)C
mol_9288,COC(=O)C(CC(=O)Nc1ccc(Cl)c(Cl)c1)C(=O)C(=O)Nc1ccc(Cl)c(Cl)c1
mol_9289,O=C(O)CNS(=O)(=O)c1ccc(NC(=O)c2cccc([N+](=O)[O-])c2)cc1
mol_9290,COc1ccc(OC)c(NC(=O)C2=C(C)NC(C)=C(C(=O)Nc3cc(OC)ccc3OC)C2c2ccccc2)c1
mol_9291,COC(=O)C12CCC(CC1=O)C2(C)C
mol_9292,COP(=O)(NN=CC(=O)O)OC
mol_9293,O=C(CCc1n[nH]c(=S)o1)Nc1ccccc1C(F)(F)F
mol_9294,CC(C)(C)C1CCC2c3c([nH]c4ccccc34)C3C(=O)N(c4ccc(F)cc4)C(=O)C3C2C1
mol_9295,CC1(C)N=C([C-](C#N)[N+](=O)C(=O)c2ccccc2)C(C)(C)N1O
mol_9296,CC(=O)Nc1c(C)cc2c(nc3n2CCC3OC(C)=O)c1[N+](=O)[O-]
mol_9297,COc1ccc2c(c1)N(C(C)=O)CN1C(=O)CCC21
mol_9298,N#CCCC1(CCC#N)CCCCCCC(CCC#N)(CCC#N)C(=O)C1=O
mol_9299,COc1cc(C=C2SC(=S)N(C=C3C(=O)C=C(C)OC3=O)C2=O)cc(OC)c1OC
mol_9300,Nc1nc(N)c(-c2ccccc2)c(C(=O)Nc2nccs2)n1
mol_9301,O=C1CCN2CCCC1C2
mol_9302,O=C(Nn1cnn2c(=O)c3ccccc3nc2c1=O)c1ccccc1
mol_9303,CN(C)c1ccc(C=Cc2ccnc3c2ccc2ccccc23)cc1
mol_9304,Cl.O=C1C(CN2CCOCC2)CCCC1CN1CCOCC1
mol_9305,CC(CCc1ccccc1)=NNC(N)=S
mol_9306,CCCCON1CC(OC(C)=O)C(OC(C)=O)C(OC(C)=O)C1
mol_9307,O=c1c(-c2ccccc2)nc2ccccc2n1CC1CCCN2CCCCC12
mol_9308,S=C(SSSSC(=S)N(C1CCCCC1)C1CCCCC1)N(C1CCCCC1)C1CCCCC1
mol_9309,COC(=O)Cc1c2c3n(c(=O)c1-n1[nH]c(=O)n(-c4ccc(Cl)cc4)c1=O)CCN3CCC2
mol_9310,COC(=O)c1c(CC(=O)O)oc2c1CCCC2
mol_9311,O=c1c(-c2c(O)cc(O)c3c2OC(c2ccc(O)cc2)C(O)C3)c(-c2ccc(O)cc2)oc2cc(O)cc(O)c12
mol_9312,COC1=C(C)C(=O)c2nccc(C)c2C1=O
mol_9313,COc1ccc(COCCC(C)OC2OC(CO[Si](C)(C)C(C)(C)C)C(O)C(O)C2O)cc1
mol_9314,CCOc1ccncc1[N+](=O)[O-]
mol_9315,CCCCCCCCCCCCCCCCNC(=O)C(=Cc1ccccc1O)NC(=O)c1ccccc1
mol_9316,CCOC(=O)C(C[Si](C)(C)C)P(=O)(OCC)OCC
mol_9317,CC1(C)C(=O)C(O)=CC2C1=CCC1C2(C)C(=O)CC2(C)C(C(C)(O)C(=O)CC(O)C(C)(C)O)C(O)CC12C
mol_9318,Clc1ccccc1C=C1c2ccccc2-c2nc3ccccc3nc21
mol_9319,Clc1cc2nsnc2c(Cl)n1
mol_9320,O=C(c1nc2ccc([N+](=O)[O-])cc2nc1O)C(O)c1ccc([N+](=O)[O-])cc1
mol_9321,CCOC(=O)C1C(=O)CN2CCc3c([nH]c4ccccc34)C12
mol_9322,CCOC(=O)C1(C)CCCc2sc(N)c(C#N)c21
mol_9323,CCCCCCCCCC1CC(=O)c2c(O)cccc2O1
mol_9324,Cc1nn(C(=O)c2ccncc2)c2c1C(c1cccc([N+](=O)[O-])c1)SC(=N)N2
mol_9325,CN1CN(c2ccccc2)C2(CCN(Cc3nc4ccccc4s3)CC2)C1=O
mol_9326,COc1cc(C2=C(C)C3CN(CC=C3c3ccc(Cl)cc3)C2)c(S(=O)(=O)O)cc1OC
mol_9327,CC(C)(C)CC1=COC(C=O)(CC(C)(C)C)CC1
mol_9328,CCCC(=O)OC1=C(c2ccccc2)Sc2ccccc2-n2cccc21
mol_9329,COC1(O)c2cccc(Cl)c2C(=O)N1C1(C(N)=O)CCCCC1
mol_9330,Cn1c2ccc3cc2c(=S)c2cc(ccc21)OCCOCCOCCOCCOCCOCCO3
mol_9331,NC(=O)C(NN=C(C(=O)c1ccccc1)c1ccccc1)c1ccccc1
mol_9332,Cc1nc(O)c2c(n1)CN(C)CO2
mol_9333,CCOC(=O)NC(C(F)(F)F)(C(F)(F)F)P(=O)(OCC(C)C)OCC(C)C
mol_9334,COc1ccccc1NC(=O)C1=C(C)NC(C)=C(C(=O)Nc2ccccc2OC)C1c1ccccc1OC
mol_9335,O=C(C1C(c2ccccc2)N1C(c1ccccc1)c1ccccc1)C1C(c2ccccc2)N1C(c1ccccc1)c1ccccc1
mol_9336,CN(C)C1CS(=O)(=O)OC2=C1CCc1sccc12
mol_9337,CCN(N=O)C1C2(CCCC2)NC(=O)C12CCCC2
mol_9338,O=C1N=C(NN=Cc2ccccc2)C2(CCCCC2)O1
mol_9339,CCCOc1ccc2[nH]cc(C(COC)c3c[nH]c4ccc(OCCC)cc34)c2c1
mol_9340,O=c1oc2cc(O)ccc2c(O)c1C(c1ccc2ccccc2c1)c1c(O)c2ccc(O)cc2oc1=O
mol_9341,C[N+](C)(C)CC(=O)NC(=O)NN=CC(CC#N)CN(Cc1ccccc1)Cc1ccccc1.[Cl-]
mol_9342,CNC(=O)NCCN1N=C(C)C(=Cc2ccccc2)CC1=O
mol_9343,CCN(CC)c1ccc2cc(-c3csc(-c4ccc(N(C)C)cc4)n3)c(=O)oc2c1
mol_9344,CC(=O)OC12CCCCC1C1(CCCC1)NC2=O
mol_9345,COc1ccc(CN2CCCN(Cc3ccc(OC)cc3)C2c2ccccc2O)cc1
mol_9346,O=C(O)C1C=CCN1C(=O)C1C=CCN1C(=O)C1C=CCN1
mol_9347,O=C1NC2Cc3ccccc3C(C2)O1
mol_9348,COc1ccc2c3c(n(Cc4ccccc4)c(=O)c2c1)-c1cc(OC)c(OC)cc1C3C
mol_9349,CC12CC(Br)(Br)C(=O)C3C1CCCC32
mol_9350,CC1(C)CC[P+](CCCC[P+]2(c3ccccc3)CCC(C)(C)c3ccccc32)(c2ccccc2)c2ccccc21.F[P-](F)(F)(F)(F)F
mol_9351,COCC(=O)C1CCC2C(CCC3(C)C(OC(C)=O)CCC23)C1C(=O)OC
mol_9352,COc1ccc(Br)c(CCCCCCCC(=O)O)c1
mol_9353,BrN1C2c3ccccc3C1c1ccccc12
mol_9354,C=CCc1cccc2cc(C(=O)Nc3nc(C45CC6CC(CC(C6)C4)C5)cs3)c(=O)oc12
mol_9355,OCC1OC(c2cccc3cc(O)c(O)cc23)CC1O
mol_9356,Cc1nc(C)c(N2CCN(Cc3ccccc3)CC2)c(O)n1
mol_9357,Cc1ccc(S(=O)(=O)Nc2ccccc2-c2nc3ccc([N+](=O)[O-])cc3c(=O)o2)cc1
mol_9358,O=C(C=Cc1ccc(OCc2ccccc2)c(OCc2ccccc2)c1)OCc1ccccc1
mol_9359,O=C(Nc1ccn(C2CC(O)C(COC(c3ccccc3)(c3ccccc3)c3ccccc3)O2)c(=O)n1)c1ccccc1
mol_9360,CN(NC(=O)c1ccco1)C1=NCCN1.I
mol_9361,O=C1c2scc(-c3ccc(F)cc3)c2-n2cccc21
mol_9362,O=C(CC(C(=O)c1cccs1)c1cccs1)c1ccccc1Cl
mol_9363,CCOC(=O)C(C)(C)Oc1ccc2c(=O)cc(-c3ccc(Cl)cc3)oc2c1
mol_9364,C=Cc1ccncc1
mol_9365,COC(=O)C1(CC(=O)OCc2ccccc2)NCCc2c1[nH]c1ccccc21
mol_9366,CN(C)CCN(C)CC1COC(C)(C)O1
mol_9367,CCc1c(Cc2[nH]c(Cc3[nH]c(C=O)c(C)c3CC)c(CC)c2CC)[nH]c(C=O)c1C
mol_9368,C=C1CC(C)(COc2cc(=O)oc3ccccc23)OC1=O
mol_9369,NC(=O)C12CC3CC(CC(Br)(C3)C1)C2
mol_9370,O=C(C1OC1c1ccc([N+](=O)[O-])cc1)C12CC3CC(CC(C3)C1)C2
mol_9371,COc1cc(C=CC(C)=O)ccc1OP(=O)(O)O
mol_9372,CCOC(=O)C1N(S(=O)(=O)c2ccc(C)cc2)CCC12C(c1ccc(OC)cc1)NC1CCCCC12
mol_9373,COc1ccccc1NC(=O)CC(=O)NN
mol_9374,O=C(CC(=O)Nc1ccc(C(=O)O)cc1)Nc1ccc(C(=O)O)cc1
mol_9375,Cn1c(=O)c(Cl)c(N=[N+]=[N-])c2ccccc21
mol_9376,CCS(=O)(=O)C1(C#N)CCC1(C#N)S(=O)(=O)CC
mol_9377,O=S(Nc1ccccc1)c1ccc(Cl)cc1
mol_9378,Cc1cccc(NC(=S)Nc2cccc(C)n2)n1
mol_9379,c1ccc2c(c1)nc1nc3c(cn12)CCCC3
mol_9380,COc1cc2c(cc1OC)C1=NN(c3ccccc3)C(=O)C1CC2
mol_9381,NC(=Cc1ccc(C=C(NC(=O)c2ccccc2)c2nc3c([nH]2)C(=O)c2ccccc2C3=O)cc1)c1nc2c([nH]1)C(=O)c1ccccc1C2=O
mol_9382,CC=C1CC(C(=O)OC)N(C(=O)OCc2ccccc2)C1=S
mol_9383,Brc1ccc(C=C2C=Cc3ccccc32)cc1
mol_9384,CC(=O)C(=NNc1ccc(-n2c(C)nc3ccc(Br)cc3c2=O)cc1)C(C)=O
mol_9385,O=c1c(CCO)c(C2CC2)n2n1CCCC2
mol_9386,CC(=O)Nc1ccc2oc(=O)ccc2c1
mol_9387,CC(=O)Nc1cc(S(=O)(=O)O)cc2cc(S(=O)(=O)O)c(N=Nc3ccc(C(=O)Nc4ccc5cc(S(=O)(=O)O)ccc5c4)cc3)c(O)c12
mol_9388,O=C(CCc1nnc2sc(=Cc3ccc([N+](=O)[O-])cc3)c(=O)n12)Nc1ccc(Cl)c(Cl)c1
mol_9389,CC1=C(C(=O)Nc2ccccc2)C(c2ccc3c(c2)OCO3)C(C(=O)Nc2ccccc2)=C(C)N1
mol_9390,NC(=O)C(=CNC(=S)c1ccncc1)C(N)=O
mol_9391,CCCNC(=O)Cn1c2c(c3ccccc31)CCCC2
mol_9392,C#CC1(O)CCCC2=CC(=O)CCC21C
mol_9393,CC1C2CC(C(C3C(=O)C4CC3C(C)(C)C4C)C2=O)C1(C)C
mol_9394,CN(C)S(=O)(=O)C(c1ccccc1)C1(O)CCCCC1
mol_9395,C[Si](C)(C)CCCS(=O)(=O)O
mol_9396,O=C(CC(c1ccccc1)C(Sc1ccccc1)(Sc1ccccc1)Sc1ccccc1)c1ccccc1
mol_9397,CCSSC1(C)C(=O)N2CCCC2C(=O)N1C
mol_9398,COC(=O)Nc1nc2cc(C(=O)C3CC3)ccc2[nH]1
mol_9399,S=C1CCSc2c(ccc3ccccc23)N1
mol_9400,O=C(O)c1ccc(-c2ccc(C(=C(F)F)C(F)(F)F)cc2)cc1
mol_9401,O=C(NC1CCC(=O)N1C(=O)OCc1ccccc1)OCc1ccccc1
mol_9402,CC(=O)O.N=c1ccn2c(n1)OC1C(O)C(CO)OC12
mol_9403,COC(=O)c1cc(C(=CCNC2CCC3(C)C(CCC4C3CCC3(C)C(C(C)CCCC(C)C)CCC43)C2)c2cc(Cl)c(OC)c(C(=O)OC)c2)cc(Cl)c1OC
mol_9404,CC(=O)C(=Cc1cccc(F)c1)C(=O)c1ccccc1
mol_9405,Cc1cc(NS(=O)(=O)c2ccc(NC(=O)COC(=O)c3cccc4c(=O)c5ccccc5[nH]c34)cc2)no1
mol_9406,COc1ccccc1C=C1Sc2scc(-c3ccc(O)c(O)c3)[n+]2C1=O.[Cl-]
mol_9407,CN(C)CCn1c(=O)oc2cc(C(=O)CN3CCOCC3)ccc21
mol_9408,CSc1nc(=O)c(C#N)c(-c2ccccc2)n1C1OC(COC(C)=O)C(OC(C)=O)C(OC(C)=O)C1OC(C)=O
mol_9409,CCC1=CC2CN3CCc4c([nH]c5ccccc45)C(C(=O)OC)(C2)C13.Cl
mol_9410,Nc1c(C(=O)Nc2ccccc2)[n+]([O-])c2ccccc2[n+]1[O-]
mol_9411,CN1CCC(c2ccccc2)C(O)C1
mol_9412,CCN1C(=O)C(=C2SC(c3ccccc3)(c3ccccc3)c3ccccc32)SC1=S
mol_9413,O=[N+]([O-])c1ccc2c(c1)c1nn2CCCCOc2nn(c3ccc([N+](=O)[O-])cc23)CCCCO1
mol_9414,N=C(N)Nc1ccc(-c2ccc(NC(=N)N)cc2)cc1.O=S(=O)(O)O
mol_9415,COc1c(C)c2c(c(C)c1Cl)Oc1c(C=O)c(O)c(Cl)c(C)c1C(=O)O2
mol_9416,Clc1ccc(C(c2ccccc2Cl)C(Cl)Cl)cc1
mol_9417,C[N+](C)(O)CCCNc1ccnc2cccc([N+](=O)[O-])c12.Cl.[Cl-]
mol_9418,CCCCc1c2c(nc3c1CCc1cc4c(nc1-3)-c1nc3c(c(CCCC)c1CC4)CCCC3=Cc1ccccc1)C(=Cc1ccccc1)CCC2
mol_9419,O=S(=O)(O)c1ccc(NN(c2c(O)ccc3ccccc23)S(=O)(=O)O)cc1
mol_9420,O=C(O)Cc1ccc(N2N=C(c3ccccc3)CC2=O)cc1
mol_9421,Cc1nc2ccccc2nc1-c1ccc(N=[N+]([O-])c2ccc(-c3nc4ccccc4nc3C)cc2)cc1
mol_9422,CS(=O)(=O)OCC1OS(=O)OC1COS(C)(=O)=O
mol_9423,O=S1(=O)c2ccccc2C(Nc2ccccc2)N1c1ccccc1
mol_9424,COc1ccc(C=C2CN(C)CC3C2=NN(c2ccccc2)C3c2ccc(OC)cc2)cc1
mol_9425,Cc1cnc(SCCN(C)C)nc1-c1cccs1
mol_9426,Nc1nc(N)c(N=Nc2ccc(S(=O)(=O)NC(=O)c3ccccc3)cc2)c(O)n1
mol_9427,Cc1c(C(=O)CC(=O)C(=O)Nc2cccc(C(F)(F)F)c2)[n+]([O-])c2ccccc2[n+]1[O-]
mol_9428,NN=C1C(=NO)CCc2nonc21
mol_9429,COc1ccc2c(c1)OC1c3ccccc3OCC21
mol_9430,COC(=O)c1c2c(cc3c1CC1(C3)Cc3cc4c(c(C(C)=O)c3C1)CCC4)C=CC2
mol_9431,Oc1ccc2ccccc2c1Br
mol_9432,COc1ccc2c(c1)N(C)CCCC2=O
mol_9433,CCOP(=O)(OCC)C(C#N)=Cc1ccc(C)o1
mol_9434,CC(=O)Nc1ccc(C=C2N=C(c3ccccc3)OC2=O)cc1
mol_9435,COc1ccc2[nH]c3c(c2c1)COc1ccccc1C3=O
mol_9436,C#CCN(Cc1ccc2nc(-c3ccccc3)c(Cl)nc2c1)c1ccc(Cl)c(Cl)c1
mol_9437,CC(=O)C(=CNC(=S)Nc1ccccc1)C(=O)Nc1ccccc1
mol_9438,NC(CCSSCCC(N)C(=O)NCC(=O)O)C(=O)NCC(=O)O
mol_9439,CC(=O)Nc1ccccc1C=Cc1ccccn1
mol_9440,O=C1c2scc(-c3ccc(Cl)cc3)c2-n2cccc21
mol_9441,CCOC(=O)C(=CNc1c(C)n(C)n(-c2ccccc2)c1=O)C(=O)c1ccccc1
mol_9442,CCC1c2ccc3cc(OC)ccc3c2CCC1(C)C(=O)O
mol_9443,CC(=O)NCCCCN(CCCNC(C)=O)C(=O)CNS(=O)(=O)c1cccc2c(N(C)C)cccc12
mol_9444,Nc1ncnc2c1ncn2C1CCC(COS(N)(=O)=O)C1
mol_9445,COC1CCCCC1C(N)C(=O)O.NC(C(=O)O)C1=CCCCC1
mol_9446,CC1CC(=O)C(CC(=O)O)C1C(C(=O)C(=O)Nc1cc(Cl)ccc1Cl)[N+](=O)[O-]
mol_9447,Brc1ccc(N2N=NC3CN(c4ccccc4)CC32)cc1
mol_9448,NS(=O)(=O)c1ccc(NCc2cccc3c(=O)c4ccc(Cl)cc4oc23)cc1
mol_9449,O=[N+]([O-])c1cc(S(=O)(=O)c2ccc(O)c([N+](=O)[O-])c2)ccc1O
mol_9450,CC(C)=CCc1cc2c(cc1O)OCC1c3cc4c(cc3OC21)OCO4
mol_9451,COc1ccc(CCn2cnn3c(=O)c4ccccc4nc3c2=O)cc1OC
mol_9452,COc1ccc(OC)c(C=C2C=Cc3ccccc32)c1
mol_9453,CCN1CC2(COC)C(O)CC(OC)C34C5CC6(O)C(O)C5C(O)(C(O)C6OC)C(C(OC)C23)C14
mol_9454,N#Cc1c(C(N)=O)ncn1Cc1ccccc1
mol_9455,CCOC=CC(C)C1(C(=O)OCC)CCCCC1=O
mol_9456,CCCCC(O)(c1ccccc1)C(O)(c1ccccc1)c1c(F)c(F)c(F)c(F)c1F
mol_9457,COc1cc(C(=O)NC(CCN)(c2ccccc2)c2ccccc2)cc(OC)c1OC
mol_9458,CC(=O)NC1C(CO)OC2OC(C)(C)OC21
mol_9459,COC(=NN1CC1C(F)(F)F)c1ccncc1
mol_9460,Cc1cc(C)c2c(c1)CC2(Cl)Cl
mol_9461,CC(=O)OC12c3ccccc3-c3ccccc3C1C1C(=O)OC(=O)C12
mol_9462,Cc1ccc(C=NNc2cnccn2)s1
mol_9463,CCC[N+]([O-])=Cc1ccc([N+](=O)[O-])o1
mol_9464,CCN(CC)c1ccc2cc3ccc(N(CC)CC)cc3[o+]c2c1
mol_9465,CC(=CC=CC(C)CCCc1ccoc1)CCCC(C)C=C1OC(=O)C(C)=C1O
mol_9466,Cn1c2c(cc(-c3ccccc3)c1=O)COc1ccccc1-2
mol_9467,CCOC(=O)C(=Cc1cccc(OC)c1)N(CC)CC
mol_9468,Cc1nn(C(=O)c2c(O)cccc2Cl)c(C)c1N=Nc1ccccc1
mol_9469,C=CCN(N=O)C(=O)N(CCCC(NC(C)=O)C(=O)NCc1ccccc1)Cc1ccccc1
mol_9470,CC(C)Oc1c(C2(c3ccccc3O)SCCCS2)c(=O)c1=O
mol_9471,Clc1ccc(C2C3COc4ccccc4C3=NN2c2ccccc2)cc1
mol_9472,CN(CCc1ccccn1)C1=[S+][Cu-4]2([ClH+])([ClH+])[N+](=Cc3cccc[n+]32)[N-]1
mol_9473,Cc1ccc(-c2c(C#N)c(-c3ccc([N+](=O)[O-])cc3)c(C#N)c(=O)n2NS(=O)(=O)c2ccccc2)cc1
mol_9474,C=C1CC(CCCl)(c2ccccc2)OC1=O
mol_9475,CCOc1cc2c(c(OCC)c1O)CCC1C2CCC2(C)C(O)CCC12
mol_9476,CCCCCCCCCCCCCCC1OC(=O)c2ccccc21
mol_9477,CC(=O)CC1(OC(=O)C2C(C=C(C)C)C2(C)C)C(=O)Nc2ccccc21
mol_9478,O=c1oc2ccccc2c(O)c1C(c1ccccc1)c1c(O)c2ccccc2oc1=O
mol_9479,COC(=O)C1CCC(=S)N1C(=O)OCc1ccccc1
mol_9480,CC1(C)CS(=O)(=O)CC(C)(C)C(=NN)C1=NN
mol_9481,Cc1c(O)c(OC2OC(CO)C(O)C(O)C2O)cc2c1CCC1C2(C)C(=O)CC2(C)C(C(C)(O)C(=O)CCC(C)(C)O)C(O)CC12C
mol_9482,COc1ccc2c(O)c(Oc3ccccc3)c(=O)oc2c1
mol_9483,CC(=O)OC1(C(C)=O)CCC2C3C=C(Cl)C4=CC(=O)CCC4(C)C3CCC21C
mol_9484,C=C(c1cc(Br)c(OC)c(C(=O)OC)c1)c1cc(Br)c(OC)c(C(=O)OC)c1
mol_9485,Nc1nc(-c2ccco2)cc(-c2ccco2)n1
mol_9486,CCP1(=S)OC(C)CCN1C(C)C
mol_9487,CC1=Nc2ccc([N+](=O)[O-])cc2N=C(C)C1
mol_9488,CC(=O)OC(C)CC[PH](c1ccccc1)(c1ccccc1)c1ccccc1
mol_9489,c1ccc2c(c1)SCC1COCOC21
mol_9490,NNC(=S)SSC(=S)NN
mol_9491,Cc1cc(NS(=O)(=O)c2ccc(N)cc2)sn1
mol_9492,C=C(Br)CN(C(C)=O)C1CCCCC1
mol_9493,O=[N+]([O-])c1ncc(N(CCO)CCO)s1
mol_9494,Cn1c(=O)cc(C=Nc2ccc(-c3ccccc3)cc2)c2ccccc21
mol_9495,C=CC12CN3C4C3C1C1(CCC42)C(=O)N(COCC[Si](C)(C)C)c2ccccc21
mol_9496,CCCc1ccc(OC2OC(CO)C(O)C(O)C2O)cc1.ClC(Cl)Cl
mol_9497,CN(CCO)CC(=O)CC(O)(C(F)(F)F)C(F)(F)F
mol_9498,O=[N+]([O-])c1c(F)c(F)c2c(c1F)Nc1ccccc1S2
mol_9499,O=C(c1ccccc1)c1cccc(C(=O)c2ccccc2)n1
mol_9500,O=C1C=CC(=NN=C(c2ccccc2)c2ccccc2)O1
mol_9501,COc1ccc(-c2nnc(-c3nsc4ccccc34)o2)cc1
mol_9502,C=C(Cc1ccc(O)cc1)C(=C)Cc1ccc(O)cc1
mol_9503,CC(=NNC(=S)N1CCCCCC1)c1ccccn1
mol_9504,O=C(CC1=Nc2nnc(CCCCCCCc3nnc4n3C(=O)C(CC(=O)c3ccc5ccccc5c3)=N4)n2C1=O)c1ccc2ccccc2c1
mol_9505,COc1ccc(C(=O)NNC(=O)c2nsc3ccccc23)cc1
mol_9506,Cc1c(N)c2ccccc2c(=O)n1C
mol_9507,CN1CCC(c2ccccc2)(c2ccccc2)C(O)C1
mol_9508,O=C(c1ccccc1)C(c1ccccc1)C1(O)C(=O)Nc2ccc([N+](=O)[O-])cc21
mol_9509,CC(C)(C)c1ccc(SS(=O)(=O)c2ccc(C(C)(C)C)cc2)cc1
mol_9510,Cc1ccc(-n2cc(-c3ccc(Cl)cc3)c3c(NNC(=S)NCc4ccccc4)ncnc32)cc1
mol_9511,COc1cc2cccc(N=Cc3ccccc3Cl)c2cc1OC
mol_9512,CCOC(=O)CC(C#N)(CC(=O)OCC)C(=O)OCC
mol_9513,CCOC(=O)C(=O)C(=CNC(=S)c1ccncc1)C(=O)OCC
mol_9514,COc1cc(N(CCC#N)CCC#N)ccc1C(N=Nc1ccc([N+](=O)[O-])cc1)=NNC(=O)c1cc(Br)ccc1O
mol_9515,C=C1C(=O)OC2(C)CCC1CC1OC1(C)CCC=C(C)CCC2O
mol_9516,O=C(N=Nc1ccc([N+](=O)[O-])cc1)NNc1ccc([N+](=O)[O-])cc1
mol_9517,C=CCCCCCCCCC(=O)NCC1CC1
mol_9518,c1ccc(Cn2c(-c3ccc(-c4ccccc4)cc3)cc3ccccc32)cc1
mol_9519,CC(Cc1ccccc1)NC(=O)CCNNC(=O)c1ccncc1
mol_9520,N#CC(=Cn1c(=S)[nH]c2ccc([N+](=O)[O-])cc21)C(N)=O
mol_9521,CCOC1CCC(S(=O)c2ccc(C)cc2)=CO1
mol_9522,COC(=O)C(=NNC(N)=O)C(C#N)c1ccccc1
mol_9523,CCC(=C(C#N)C#N)c1cc(OC)c(OC)c(OC)c1
mol_9524,N=c1ccn(C2CC(O)C(COP(=O)(S)OC3CC(n4ccc(=N)[nH]c4=O)OC3CO)O2)c(=O)[nH]1
mol_9525,C[Sn](C)(SCCS(=O)(=O)O)SCCS(=O)(=O)O
mol_9526,O=C(CNc1cccc([N+](=O)[O-])c1)Nn1c(-c2ccccc2)nc2ccccc2c1=O
mol_9527,COC(=O)C(Cc1nc2ccccc2nc1O)C(=O)C(=O)Nc1ccc([N+](=O)[O-])cc1[N+](=O)[O-]
mol_9528,CNCc1cc(OC)ccc1-c1ccc(OC)c(OC)c1OC.Cl
mol_9529,O=C(CC(=O)c1cccc([N+](=O)[O-])c1)C(=O)Nc1nc([N+](=O)[O-])cs1
mol_9530,Cc1c(C)c2c(c(N)c1C#N)C(=O)N(OS(=O)(=O)c1ccccc1)C2=O
mol_9531,COc1ccc(C2(CC(C)O)SCCCS2)cc1
mol_9532,Fc1ccc(NC(=S)NN=Cc2c(Cl)cccc2Cl)cc1
mol_9533,c1ccc([PH](CC[PH](c2ccccc2)(c2ccccc2)c2ccccc2)(c2ccccc2)c2ccccc2)cc1
mol_9534,CCOC(OCC)C(C)=N[N+](C)(C)C
mol_9535,CCCSCC(P(=O)(O)O)P(=O)(O)O.NC1CCCCC1
mol_9536,COc1cc(C=NN=CC=Cc2ccccc2)cc(OC)c1OC
mol_9537,CC(=O)OC1C2CCC1C1C2C2(Cl)C(Cl)=C(Cl)C1(Cl)C2(Cl)Cl
mol_9538,CCOc1ccc(-c2coc3cc(C)c(OCC)c(C)c3c2=O)cc1
mol_9539,CC(C)=CC(C)=[N+]1[OH+][W+2]12345(C#[O+])(C#[O+])C1=C2[C-]3C4=C15
mol_9540,COc1cccc(NC(=O)CC(=O)N2N=C(C)C(N=Nc3ccc(S(=O)(=O)c4ccc(N=NC5C(=O)N(C(=O)CC(=O)Nc6cccc(OC)c6)N=C5C)cc4)cc3)C2=O)c1
mol_9541,CC(=O)N(C(=O)CC(=O)NN=Cc1ccc(Br)c(N(CCC#N)CCC#N)c1)c1ccc(Cl)cc1
mol_9542,COc1ccc2c(=O)c(O)c(-c3ccccc3)oc2c1
mol_9543,CSc1cc(Cl)c(C)cc1S(=O)(=O)n1cc[nH]c1=O
mol_9544,O=c1n(-c2ccccc2)c(=O)n2n1C1CC3c4ccccc4C1C32
mol_9545,CN(C)c1ccc(N=O)c(O)c1
mol_9546,CCOC(=O)c1c(N2CCOCC2)nc(O)c(C(c2ccco2)c2c(O)nc(N3CCOCC3)c(C(=O)OCC)c2O)c1O
mol_9547,O=c1oc2c3ccccc3c3ccccc3c2c2oc3c4ccccc4c4ccccc4c3c12
mol_9548,COc1ccc(C2Oc3cc(O)cc(O)c3C(=O)C2C2C(=O)c3c(O)cc(OC)cc3OC2c2ccc(OC)cc2)cc1
mol_9549,COc1c(C(CC(C)C)OC(C)=O)ccc2c1C(=O)OCc1cc(C)cc(O)c1O2
mol_9550,CC(=O)Oc1ccccc1C(=O)C1c2cccc(O)c2C(=O)c2c(O)cccc21
mol_9551,CS(=O)(=O)CS(=O)CS(=O)CS(=O)CC(NC(=O)CCC(N)C(=O)O)C(=O)O
mol_9552,CN(C)c1ncnc2c1ncn2C1OC(CO)C(O)C1O
mol_9553,COc1ccc2c(c1)c1c(C)c3c[n+](C)ccc3c(C)c1n2C
mol_9554,C1CSCCSCCSCCS1
mol_9555,ClC(Cl)(Cl)C1CCOC1n1nc2ccccc2n1
mol_9556,COC(=O)C(Cc1ccccc1)NC(=O)NC(C)C(=O)NC(C(=O)NC(C=O)Cc1ccccc1)C(C)C
mol_9557,O=C(O)c1ccc(CSc2ccc(Cl)cc2)cc1
mol_9558,CC(=O)NC1C(=O)N(C(COCc2ccccc2)c2ccccc2)C1COC(C)(C)C
mol_9559,O=C(O)C1=C(Cl)c2ccccc2S1(=O)=O
mol_9560,Cc1c(C)c2c(c(N)c1C#N)C(=O)N(CCN1CCNCC1)C2=O
mol_9561,COc1ccc2c(c1)CCCN1CCc3ccccc3C21.Cl
mol_9562,Cc1cc[n+]([Pt-2]([OH+][N+](=O)[O-])([OH+][N+](=O)[O-])[n+]2ccc(C)cc2)cc1
mol_9563,CCCCCCc1cc(C(=O)Nc2cccc(C(F)(F)F)c2)nc(N)n1
mol_9564,CN(C)CCCN1CCC2(CCCCC2)CC1
mol_9565,c1ccc(CC2COC(c3cccs3)=N2)cc1
mol_9566,CON=C(C(=O)OC(=NC1CCCCC1)NC1CCCCC1)c1csc(NC(c2ccccc2)(c2ccccc2)c2ccccc2)n1
mol_9567,CN1C(=O)c2c(c3c4ccccc4n(C4OC(CO)C(O)C(O)C4O)c3c3[nH]c4ccccc4c23)C1=O
mol_9568,Brc1ccccc1C1SCc2nc3ncccc3n21
mol_9569,COc1cc(C=Cc2ccc(O)c(OC)c2)cc(OC)c1
mol_9570,O=c1ccn(C2CC(F)C(CO)S2)c(=O)[nH]1
mol_9571,CC(C)C1CN(C(=O)OCc2ccccc2)C2N1C(=O)C2(C)OCc1ccccc1
mol_9572,CCCCCCCCCC(=O)OC1CN2CCC(O)C2C(O)C1O
mol_9573,COC1C=COC2(C)Oc3c(C)c(O)c4c(c3C2=O)C(=O)C=C(NC(=O)C(C)=CC=CC(C)C(OC=O)C(C)C(O)C(C)C(OC(C)=O)C1C)C4=O
mol_9574,COC(=O)C1=C(O)C(C(=O)OC)C2(O)C(C(=O)OC)C1CC(c1ccccc1)C2C(=O)OC
mol_9575,CCOC(=O)C(=O)Nc1nc2c(OCC)cccc2s1
mol_9576,CC(=O)c1sc(Nc2nnc(-c3ccc(-c4nnc(Nc5nc(C)c(C(C)=O)s5)o4)cc3)o2)nc1C
mol_9577,O=C1NC(=S)NC1=Cc1cccs1
mol_9578,COC(CN1CCOCCOCCOCC1)CN1CCOCCOCCOCC1.[O-][Cl+3]([O-])([O-])O
mol_9579,Nc1c2ccccc2nc2ccccc12
mol_9580,CC(=NNC(=O)CC(=O)Nc1ccccc1Cl)c1cc2cc(N=Nc3ccccc3Cl)ccc2oc1=O
mol_9581,CCCCCCCCCCCCCCCc1cc(O)ccc1N=O
mol_9582,CN1CCCNCCN(CCc2ccccn2)CCCN(C)CC1
mol_9583,N#Cc1nc(C#N)n(S(=O)(=O)c2ccccc2)c1NS(=O)(=O)c1ccccc1
mol_9584,Br.Clc1nc2n(c1C=Cc1cccs1)CCS2
mol_9585,CC(C)=CC(=O)OC1C2C(C)=CC(=O)C(O)C2(C)C2C3(O)OCC24C(CC(=O)OC14)C(C)C3O
mol_9586,CCC(C)C(NC(=O)C(CCCCN)NC(=O)C(CCCCN)NC(=O)C(CC(C)C)NC(=O)C1CCCN1C(=O)C1CCCN1C(=O)C(NC(=O)C(CC(C)C)NC(=O)C(CCCCN)NC(=O)C(CCCNC(=N)N)NC(=O)C(N)C(C)C)C(C)O)C(=O)O
mol_9587,CCOC(=O)Cn1c(=O)cc(C)c2ccccc21
mol_9588,COC1Sc2ccccc2C(=O)N2CCCC12
mol_9589,CC(C)OP(=O)(NC(=S)c1ccccc1)OC(C)C
mol_9590,CN1C(NN)=NS(=O)(=O)c2ccccc21
mol_9591,c1cc2c(c(CC3CO3)c1CC1CO1)OCCOCCOCCOCCO2
mol_9592,C[n+]1ccc(C2=C3C=CC4=[N+]3[Zn-2]35[N+]6=C(C=CC6=C(c6cc[n+](C)cc6)C6=CC=C2[NH+]63)C(c2cc[n+](C)cc2)=C2C=CC(=C4c3cc[n+](C)cc3)[NH+]25)cc1.[I-]
mol_9593,Cc1nc(N)nc(N)c1N1CCN(c2ccc(C(=O)NC(CCC(=O)O)C(=O)O)cc2)CC1
mol_9594,COc1ccc(-c2c3ccccc3c(-c3ccc(OCCCCCBr)cc3)c3ccccc23)cc1
mol_9595,CC(NC(=O)C(N)CC(=O)O)NC(=O)N1CCOCC1
mol_9596,O=c1oc2ccccc2c(O)c1C1=NC(=NN=Cc2ccc(Cl)cc2)SC1
mol_9597,O=C(O)Cn1ccc(=O)c2cc([N+](=O)[O-])ccc21.[NaH]
mol_9598,C[B-]1(C)n2cc(Br)c[n+]2[B-](C)(C)n2cc(Br)c[n+]21
mol_9599,O=C1c2ccccc2SCC2CCCN12
mol_9600,Oc1ccc(-c2csc(NNC3=NCC(=Cc4ccc5c(c4)OCO5)S3)n2)cc1O
mol_9601,N#Cc1cccc(C=C2Cc3ccccc3C2=O)c1
mol_9602,Cc1ccc(S(=O)CC(CF)OCn2cc(C)c(=O)[nH]c2=O)cc1
mol_9603,C=CCOCC1C2CCC3(OCCO3)C21
mol_9604,CC1=[N+]2[N-]C(N3CCCCCC3)=[S+][Fe-3]2(Cl)(Cl)[n+]2ccccc21
mol_9605,CC1=C(C(=O)NC(CC(C)C)C(=O)O)N2C(=O)C(NC(=O)C(N)Cc3ccccc3)C2SC1
mol_9606,COc1cccc(C=NN=Cc2cccc(OC)c2O)c1O
mol_9607,c1csc(-c2ccc(-c3ccc(-c4cccs4)s3)s2)c1
mol_9608,O=C(NCCCNC(=O)c1ccc2c(O)c(O)ccc2c1)c1ccc2c(O)c(O)ccc2c1
mol_9609,O=[N+]([O-])c1cc(Cl)ccc1Sc1ccccc1
mol_9610,COc1ccc(-c2oc3c(CC(=O)O)cccc3c(=O)c2OC)cc1
mol_9611,CC12c3ccc4c(c3C(=O)c3occ(c31)C(O)CC2O)CCC4=O
mol_9612,O=C(CN1CCNCCN(CC(=O)N2CCCCC2)CCNCC1)N1CCCCC1
mol_9613,CCCCN(CCCC)C(=O)C(CC(=O)c1cccc2ccccc12)=NNC(=O)c1cc2ccccc2cc1O
mol_9614,CN1CCC(O)(OC(=O)C(c2ccccc2)C2(O)CCCC2)CC1
mol_9615,CCCCCCCCCCCCCC(=O)NCO
mol_9616,CN(C)C(=S)NN=CC=NNC(=S)N(C)C
mol_9617,CC(=O)OC12CCCCCC1C1(O)C(O)CCCCC21
mol_9618,COc1ccc2c(c1OC)Oc1c(OC)ccc3c1C(C2)NCC3.Cl
mol_9619,Cn1c(=O)n2n(c1=O)C1(CCO)CCC2(CCO)CC1
mol_9620,CCC(C)C(NC(=O)C(CCCC(N)=O)NC(=O)CNC(=O)C(NC(=O)C(NC(=O)C(NC(=O)C(Cc1ccccc1)NC(=O)C(C)NC(=O)C(CCCNC(=N)N)NC(=O)CNC(=O)C1CCCN1C(=O)CNC(=O)C(CCCNC(=N)N)NC(=O)C(CCCC(N)=O)NC(=O)C(NC(=O)C(CCCNC(=N)N)NC(=O)C(NC(=O)C(COC1OC(CO)C(O)C(O)C1NC(C)=O)NC(=O)C(CCCCN)NC(=O)C(CCCNC(=N)N)NC(=O)C(NC(=O)C(CC(N)=O)NC(=O)C(N)CC(N)=O)C(C)O)C(C)CC)C(C)CC)C(C)C)C(C)O)C(C)CC)C(=O)NCC(N)=O
mol_9621,O=C1COC(c2ccccc2O)=NN1CCCl
mol_9622,O=C1C(C=Cc2ccc(Cl)cc2)=NNC2N1N=C1NC(=O)C3(NN12)c1ccccc1-c1ccccc13
mol_9623,CC1CCC2C(C3OC(=O)CC4CCC(C)C43)C(=O)OC(C3=CCCC3)C12
mol_9624,O=C(C=Cc1cc(F)ccc1F)OCCc1ccccc1
mol_9625,FC1=C2C3CCC(C3)C2C1(F)F
mol_9626,Oc1cc(Br)cc2cc(Cl)cnc12
mol_9627,Cc1nc2c(=S)n(C)ncc2[nH]1
mol_9628,O=c1c(O)c(-c2ccc(-c3oc4ccccc4c(=O)c3O)cc2)oc2ccccc12
mol_9629,C=CCNc1nc2c(s1)CCc1cc(OC)c(OC)cc1-2
mol_9630,CC(=O)OC1CCC(C)=CCCC2(C)C(CCC2C(C)C=CC(C)C)c2ccc(cc2C(=O)O)C1
mol_9631,O=C1CSC(c2ccc([N+](=O)[O-])cc2)N1c1ccc(-c2ccc(-n3c(-c4ccccc4)nc4ccccc4c3=O)cc2)cc1
mol_9632,CCOc1ccc(NC(=O)C(=O)NO)cc1
mol_9633,O=c1c(Cl)nsnc1Cl
mol_9634,N=C(NN=CC(O)C(O)C(O)C(O)C(=O)O)C(=N)NN=CC(O)C(O)C(O)C(O)C(=O)O
mol_9635,O=C1NC(=S)NC1C(Cc1ccccc1)c1ccco1
mol_9636,CN(C)CCCNC(=O)CCNC(=O)c1cc(NC(=O)c2cc(NC(=O)c3cc(NC(=O)CCCNC(=O)c4cc(NC(=O)c5cc(NC(=O)c6nccn6C)cn5C)cn4C)cn3C)cn2C)cn1C.O=C(O)C(F)(F)F
mol_9637,Oc1nnc(NNc2ccccc2)c2nnn(C3CCCCC3)c12
mol_9638,O=c1c(F)cn(Cc2c(Cl)cccc2Cl)c(=O)n1Cc1c(Cl)cccc1Cl
mol_9639,O=CC(O)C(O)C(O)C1CNC(=S)O1
mol_9640,CC1OS(=O)(=O)CS(=O)(=O)OC1C
mol_9641,CC1=CC(=O)C(=C(C)C)CC1
mol_9642,Cc1cccc(C)c1NC(=O)C(=O)C(C(=O)c1ccccc1-c1ccccc1)C1OC(=O)c2ccccc21
mol_9643,CC(=O)C=C1Nc2ccccc2-n2nnnc21
mol_9644,CC1(C)CC2C1CCC1(C)CC2(O)CCC1O
mol_9645,CN(C)Cc1c(O)ccc2ccccc12
mol_9646,CCCCc1c(N(C)C)c(OC(C)=O)c(-c2cn(C)c3ccccc23)oc1=O
mol_9647,Cc1cccc(CP(Cc2cccc(C)c2)CC2(Cp3c4ccccc4c4ccccc43)COC2)c1
mol_9648,O=C1OC2C(I)C3C4CCC3C2C14
mol_9649,CCN(CC)CCCC(C)Nc1ccnc2cc(Cl)ccc12.O=P(O)(O)O
mol_9650,C=CCNC(=S)NC=C(C(C)=O)C(=O)Nc1ccc(Cl)cc1
mol_9651,CC(=O)Oc1cccc2c1C(=O)C1CC(O)C(O)C3OC(C)(C)OC2(C)C13
mol_9652,Cc1cccc(C)c1NC(=O)C(C#N)C1=C(Cl)C(=O)c2ccccc2C1=O
mol_9653,O=C1NC(N2CCCC(CO)C2)=NC1=Cc1cccs1
mol_9654,O=S(=O)(SC(Cl)(Cl)Cl)c1cccc(S(=O)(=O)c2cccc(S(=O)(=O)SC(Cl)(Cl)Cl)c2)c1
mol_9655,COc1ccc(C2(C)OC(=O)c3ccccc32)c2ccccc12
mol_9656,COc1c2c(c3c(c1C1OC(C)C(C)O1)CC(C)(C)O3)C(=O)c1ccccc1C2=O
mol_9657,CN(C)CCSC(=Nc1ccccc1)N1C=COC=C1
mol_9658,COc1ccc(S(=O)(=O)N(C)CC(=O)O)cc1
mol_9659,COc1ccc(C=C2N=C(N3CCCCC3)NC2=O)cc1
mol_9660,O=C1Nc2ccccc2C(=O)C1=CNC(=S)NC1CCCCC1
mol_9661,Cc1c(C)c2cc3c(=O)ccoc3c(C)c2oc1=O
mol_9662,CN(C)Cc1cc(C(=O)C=Cc2ccc([N+](=O)[O-])cc2)cc(CN(C)C)c1O.Cl
mol_9663,CC(C)(C)OC(=O)N1CCC(C(=O)O)CC1
mol_9664,O=C(N=C(Nc1ccccc1)SCCSC(=NC(=O)c1cccs1)Nc1ccccc1)c1cccs1
mol_9665,CC1(CC(=O)O)OC2CCCCCC2O1.NCc1ccccc1
mol_9666,c1ccc2c(c1)ccc1c2nc2c3ccccc3[nH]n12
mol_9667,NC(=O)c1ncn(Cc2ccccc2)c1CNC(N)=S
mol_9668,[O-][N+]1=C2CCCC(=NO)C2(O)C2CCCCC21N1CCOCC1
mol_9669,O=S(=O)([O-])[OH+][Fe-2]12Oc3c(Cl)cc(Cl)cc3C=[N+]1[N-]C(c1ccncc1)=[O+]2
mol_9670,C(=CNc1ccc(-c2ccccc2)cc1)C=Nc1ccc(-c2ccccc2)cc1
mol_9671,CC(=O)C(=[N+]=[N-])C(=O)N1CCOC1=O
mol_9672,CCOc1ccccc1N=Nc1ccc2oc(=O)c(C(C)=O)cc2c1
mol_9673,CCOC(=O)COc1cccc2occc(=O)c12
mol_9674,O=C1Nc2ccccc2C1(O)CC(=NO)c1ccc2ccccc2c1
mol_9675,CCSc1ccc(N=[N+]([O-])c2ccc(SCC)c(Cl)c2)cc1Cl
mol_9676,O=C(CCc1nc(=S)[nH][nH]1)Nc1cc(Cl)c(Cl)cc1Cl
mol_9677,O=C(O)CCCCC[n+]1ccccc1.[Br-]
mol_9678,N=C(N)NCCC(O)(P(=O)(O)O)P(=O)(O)O.[NaH]
mol_9679,CSc1nc2c(=O)oc(-c3ccc(Cl)cc3)nc2s1
mol_9680,C=C(Nc1nc2ccc(C)cc2s1)C(=O)C(CC)C(=O)C(CC)CC1C(=O)NC(=O)NC1=O
mol_9681,O=C1c2ccccc2N2OC3C4CCC(C4)C3C12c1ccccc1
mol_9682,NC(CS)C(=O)NCCNCCNc1ccc(NCCNCCNC(=O)C(N)CS)c2c1C(=O)c1c(O)ccc(O)c1C2=O
mol_9683,CCC=CCC=CC1CC(=O)NCCCNCCCCN1
mol_9684,CC(C(N)C(=O)NC(C(=O)O)C1OC(c2cnc(O)nc2O)C(O)C1O)C(O)c1ccc(O)cn1
mol_9685,c1ccc2c(c1)oc1cc3c(cc12)-n1nnnc1-c1cccn1-3
mol_9686,O=S(Cc1ccccc1)C(=Cn1c(=S)[nH]c2ccccc21)c1ccccc1
mol_9687,CC=C(C)C(=O)OC1CCC2(CO2)C2(COC(C)=O)C(OC(C)=O)CC(C)C(C)(CC(O)C3=CC(=O)OC3)C12
mol_9688,COC(=O)c1ccccc1C=C1Cc2cc(C)cc(C)c2C1=O
mol_9689,Cc1noc(NS(=O)(=O)c2ccc(NC(=S)NC=C(C#N)C(N)=O)cc2)c1C
mol_9690,c1ccc([B-]2(c3ccccc3)[OH+]CCc3cccc[n+]32)cc1
mol_9691,O=C(O)CC(NC(=O)C(F)(F)F)C(=O)NC1Cc2ccccc2OC1=O
mol_9692,O=C(O)C1=CN(c2ccncc2)C(c2ccco2)=CC1c1ccccc1[N+](=O)[O-]
mol_9693,COc1cc2c(cc1O)C(CSC)Cc1cc3c(cc1N(C)CC2)OCO3
mol_9694,CC1(C)Oc2ccc3c(=O)c4ccccc4oc3c2C1C(=O)O
mol_9695,Nc1c2c(nc(O)c1N=O)CCC2
mol_9696,Cc1nc2ccc(Cl)cc2c(Cl)c1CCCl
mol_9697,O=C(O)C1C[N+]12C=CC=CC2=O
mol_9698,CC(=O)[OH+][Co-3]12([OH+]C(C)=O)Oc3c(Cl)cc(Cl)cc3C=[N+]1[N-]C(c1ccncc1)=[O+]2
mol_9699,CC1(C)C=CC2=C(O1)C(=O)c1ccccc1C2=O
mol_9700,Nc1nc(NCc2ccccc2)cc(NCc2ccccc2)n1
mol_9701,C(C[PH](c1ccccc1)(c1ccccc1)c1ccccc1)=C(c1ccccc1)c1ccccc1
mol_9702,O=C1c2cccn2-c2ccccc2OC1c1ccc(NC(=S)Nc2ccc(Cl)cn2)cc1
mol_9703,CC1=Nc2ccccc2NC(C)(C)C1
mol_9704,COC1=C(OC)CCC(C(C#N)=Cc2ccc(OC)c(OC)c2)=C1
mol_9705,COC(=O)C1(C(=O)OC)Cc2ccc(C)cc2C2=C1C(=O)c1ccccc1C2=O
mol_9706,Nc1ncnc2c1ncn2C1CCCCC1O
mol_9707,O=P1(c2ccccc2)c2ccccc2-c2ccccc21
mol_9708,COc1cc(C(c2c(O)c3ccccc3oc2=O)c2c(O)c3ccccc3oc2=O)cc(OC)c1OC
mol_9709,N#Cc1nnn(-c2ccccc2)c1O
mol_9710,O=S(Cc1ccccn1)c1nc2ccccc2nc1-c1ccccc1
mol_9711,COc1ccc(Nc2cnc3cc(N)ccc3n2)cc1OC
mol_9712,CC12C(=O)N(CCN)C(=O)C1C1c3ccccc3C2c2ccccc21
mol_9713,C1=C(c2ccccc2)OC(COCc2ccccc2)C(OCc2ccccc2)C1OCc1ccccc1
mol_9714,CCC1COS(=O)(=O)CS(=O)(=O)O1
mol_9715,COc1cc2c(=O)c3ccccc3oc2c(O)c1OC
mol_9716,COC(=O)NN=C(CCN1CCCC1)CC(c1ccccc1)c1c(O)c2ccccc2oc1=O.Cl
mol_9717,CC(NC(=O)CNP(=O)(c1ccccc1)c1ccccc1)C(=O)NC(Cc1ccccc1)C(=O)OCc1ccccc1
mol_9718,CC(=O)Nc1ccc(-c2nnc(SCC(=O)Nc3cccc(Cl)c3)o2)cc1
mol_9719,COC(=O)C(C)N(C)C(=O)C(CC(N)=O)N(C)C(=O)C(Cc1ccccc1)N(C)C(=O)C1CCCN1C(=O)C(C(C)C)N(C)C(=O)C(C(C)C)N(C)C(=O)C(NC(=O)OC(C)(C)C)C(C)C
mol_9720,CCOC(=O)c1ccn2c(c1)c(C#N)c1nc3ccccc3nc12
mol_9721,CCCCCCSCC(OC(C)=O)C(OC(C)=O)C(OC(C)=O)C(COC(C)=O)OC(C)=O
mol_9722,CCC(=O)NC(Nc1ccccc1F)(C(F)(F)F)C(F)(F)F
mol_9723,CCCCC(C(=O)C(=O)Nc1ccccc1CC)C(=O)C(C)C
mol_9724,CC(=CC(=O)OCCCCCCCC(N)=O)C(O)C1OCC(CC=CC(C)C(C)O)C(O)C1O
mol_9725,CCc1n[nH]c(=O)n1N1C(=O)C2CCCCC2C1=O
mol_9726,CC(CN(C)C)Nc1c2ccccc2nc2cccc([N+](=O)[O-])c12
mol_9727,COc1ccc(C2=Nc3c(O)nc(SC)nc3NC(c3ccccc3)C2)cc1
mol_9728,O=C(O)c1cc2ccccc2oc1=O
mol_9729,O=C1c2ccc(S(=O)(=O)O)cc2C(=O)c2cc(S(=O)(=O)O)ccc21
mol_9730,CCCCC(CCCCCC(CCCC)C1NC(C)Cc2cc(OC)c(OC)cc21)C1NC(C)Cc2cc(OC)c(OC)cc21
mol_9731,Cn1c2ccccc2c2oc(-c3nnn[nH]3)cc(=O)c21
mol_9732,CCOC(=O)C1(C(C)C)OC2CCCCCN2C1=O
mol_9733,COc1cc(O)c2c(=O)c(OC)c(-c3ccc4c(c3)OCO4)oc2c1
mol_9734,O=C1CCC(=O)N2CCCCN12
mol_9735,CCSc1ccc2c3c(cccc13)C(=O)N(CCc1ccccn1)C2=O
mol_9736,CN(C)CC1CCCCC(CN(C)C)C1=O.Cl
mol_9737,CCC12CCCN(Cc3ccccc3)C1c1c([nH]c3ccccc13)C(CO)C2
mol_9738,COc1ccc2nc3cc(Cl)ccc3c(Sc3ccc(N)cc3)c2c1
mol_9739,Cc1cccc2c1[nH]c1nc(O)nc(O)c12
mol_9740,NCCn1ccc(NC(c2ccccc2)(c2ccccc2)c2ccccc2)nc1=O
mol_9741,O=c1c2cccnc2ncn1CCCN1CCCCC1
mol_9742,COC(=O)C(Cc1ccccc1)C(=O)NC(CNC(=O)OCc1ccccc1)C(=O)OCc1ccccc1
mol_9743,CC(=O)NC1C(OCC(=O)NC(C)C(=O)NC(CCC(=O)NCCCCCNc2ccc([N+](=O)[O-])c3[nH]c4ccccc4c(=O)c23)C(N)=O)C(O)C(CO)OC1(C)OCc1ccccc1
mol_9744,CC1=C(C#N)C2C(=C(C)N1)C(=N)Nc1ccccc12
mol_9745,O=C1NC(=O)C(=Cc2ccc(S(=O)(=O)NN=Cc3ccccc3)cc2)N1
mol_9746,CC(=O)OC1CCC2(C)C(C1)CC(OC(C)=O)C1C2CCC2(C)C(C(C)CCc3nc4ccccc4[nH]3)CCC12
mol_9747,CCOP1(=O)CC(C)=C(Cl)C(O)C1
mol_9748,N#CCCN(CCC#N)c1ccc(C(=O)NN)cc1
mol_9749,COC1CC(OC2C(C)OC(OC3C(C)OC(OC4C(O)CC(OC5CCC6(C)C(=CCC7(O)C6CC(OC(=O)C=Cc6ccccc6)C6(C)C(O)(C(C)=O)CCC76O)C5)OC4C)CC3OC)CC2OC)OC(C)C1O
mol_9750,COc1ccc2nc3ccc(OC)cc3c(S(=O)Cc3ccc([N+](=O)[O-])cc3)c2c1
mol_9751,O=C1C(=Cc2ccc(Cl)cc2Cl)Sc2scc(-c3cccc([N+](=O)[O-])c3)[n+]21.[Cl-]
mol_9752,CC(=O)NC(=O)CC(=O)c1ccccc1
mol_9753,O=C(CC1(O)C(=O)Nc2c(Cl)cc(Cl)cc21)c1ccc(F)cc1
mol_9754,NCCCCC(NC(=O)C(CS)NC(=O)C(N)Cc1c[nH]cn1)C(=O)NC(Cc1ccccc1)C(=O)NC(Cc1c[nH]c2ccccc12)C(=O)NC(Cc1c[nH]c2ccccc12)C(N)=O
mol_9755,CC1=NN2C(=O)C(C)SC2=NC(C)(C)C1
mol_9756,Cc1cc2c(nn1)-c1ccccc1C2=O
mol_9757,CCCCOC(=O)OC1CCC2(C)CC3CCC2(OO3)C1(C)C
mol_9758,COc1cccc2c1CCc1ccccc1CC2=O
mol_9759,CCOC(=O)C=CCC(C)n1cc(C)c(=O)[nH]c1=O
mol_9760,COc1cccc(NC(C)=C2CCOC2=O)c1
mol_9761,C=CCC=CCC=CCCCCCCCc1cccc(O)c1C(=O)O
mol_9762,COc1c(C2=NC(C(C)C)CO2)ccc2ccccc12
mol_9763,CC=CCP(=O)(c1ccccc1)c1ccccc1
mol_9764,Cn1c(=O)c2c3ccccc3n(C)c2n(C)c1=O
mol_9765,COc1cc(Br)c(C=Nc2cccc3cc(OC)c(OC)cc23)cc1OC
mol_9766,CC1=NS(=O)(=O)NC(C)(C)C1
mol_9767,CCOC(=O)C(C(C)=O)C(CC(=O)OC)NC(=O)OCc1ccccc1
mol_9768,NC(=O)N1N=C2c3ccccc3CCC2C1c1ccccc1
mol_9769,COc1ccc2c(c1)[n+]([O-])c(C(=O)CC(=O)C(=O)Nc1cccc(C)c1C)c(C)[n+]2[O-]
mol_9770,CN(C)c1ccc(C=CC=C2C=Cc3ccccc32)cc1
mol_9771,Cc1ccc2c(c1)C(=O)CC=C(C(=O)O)N2
mol_9772,CC(=O)NNc1nc(C)c(C(=O)NNC(=O)C(=O)Nc2ccc([N+](=O)[O-])cc2[N+](=O)[O-])s1
mol_9773,Nc1nc(O)c2ncn(C3C=CC(O)CC3)c2n1
mol_9774,COC(=O)C1=C2Nc3ccccc3C23CCN(Cc2ccccc2)C3CC1C(O)CO.Cl
mol_9775,Cc1cc(=O)oc2cc(NCS(=O)(=O)O)ccc12
mol_9776,Cc1nc2cc(N=Nc3c(O)ccc4ccccc34)ccc2[nH]1
mol_9777,CN1CSC(=S)N(C)C1
mol_9778,COc1ccc(N2C(=O)C3c4[nH]c5ccccc5c4C4c5ccccc5CC4C3C2=O)cc1
mol_9779,Cc1ccc(-c2sc(-c3ccc(C)cc3)c3c2C2CCC3C2)cc1
mol_9780,COC1(OC)C2(Cl)C(Cl)=C(Cl)C1(Cl)C1c3ccc(C(C)=O)c4cccc(c34)C12
mol_9781,O=S(=O)(O)c1ccc(O)c2ncc(Cl)cc12
mol_9782,Cl.O=C1NC2NC3NC(=O)NC3NC2N1
mol_9783,ClB1NB(Cl)NB(Cl)N1
mol_9784,Br.COc1ccc(-c2csc(=Nc3ccccc3)n2CC(O)c2ccc([N+](=O)[O-])cc2)cc1
mol_9785,NS(=O)(=O)C1CCCCC1C(=O)NNC(=O)C(=O)Nc1n[nH]c(=S)[nH]1
mol_9786,COc1ccc2c(c1)NC(=O)C(O)(Cc1ccccc1)C2=O
mol_9787,CN(C)c1c(-c2ccccc2)cc(-c2ccccc2)nc1O
mol_9788,COc1ccc(NC(=O)c2cc3cc(N=Nc4ccc(Br)cc4)ccc3oc2=O)cc1
mol_9789,N#CC(=Cc1cc(O)c(O)c(O)c1)C(=O)NCCCCNC(=O)C(C#N)=Cc1cc(O)c(O)c(O)c1
mol_9790,CN1CCN(C2=[S+][Cu-3]3([S+]=C(N4CCN(C)CC4)[SH+]3)[SH+]2)CC1
mol_9791,NS(=O)(=O)c1ccc(N=Cc2ccccc2O)cc1
mol_9792,NCCCCCCCCCCC(=O)O
mol_9793,CC1(C)N=c2c(ncn2Cc2ccccc2)=C(C(N)=O)N1
mol_9794,COc1cccc2c(N)c3cccc(C(=O)NCCN(C)C)c3nc12.Cl
mol_9795,CCCC(=O)C(CC)C(CCC(=O)N(Cc1ccccc1)Cc1ccccc1)=NNC(=O)C[N+](C)(C)C.[Cl-]
mol_9796,N#CC(=Cn1c(=S)[nH]c2ccccc21)c1nc2ccccc2s1
mol_9797,N=c1[nH]c2ccc3ccccc3c2[nH]1
mol_9798,CC(=O)C(=Cc1ccc(N(C)C)cc1)c1ccccc1
mol_9799,CC=C1CN2CCc3c([nH]c4ccccc34)C2CC1CC(=O)N(C)C
mol_9800,CC12CCC(C(Nc3ccccn3)C1=O)C2(C)C
mol_9801,CC1(C)C2C3CCC2C2C[S+]1CC23
mol_9802,CN(CC#N)C1CCCC1(O)C=C[Si](C)(C)C
mol_9803,COc1cc2c(c(C3C(=O)N(C)c4ccc(Br)cc43)c1OC)OCO2
mol_9804,COc1ccc(C(=O)N2CCN(c3ccc4c(c3)OCC(=O)N4)CC2)cc1
mol_9805,CCC(=O)C[PH](c1ccccc1)(c1ccccc1)c1ccccc1
mol_9806,CC1=NN(c2ccccc2)C(=O)C1=C1SSC(=C2C(=O)N(c3ccccc3)N=C2C)S1
mol_9807,CCOC(=O)c1ccc(-n2nnc(C(N)=O)c2O)cc1.[NaH]
mol_9808,COc1ccc(C2=CC(=C3C(=O)C=C(C)OC3=O)SS2)cc1
mol_9809,CN1CCc2c(sc(N)c2C#N)C1
mol_9810,CCCCCN(CCCCC)CC(=O)OCC1(C)CCCC2(C)C3CCC(C(C)C)=CC3=CCC12
mol_9811,C#Cc1cccc(N2C(=O)c3c(c(-c4ccccc4)c(-c4ccc(Cc5ccc(-c6c(-c7ccccc7)c7c(c(-c8ccccc8)c6-c6ccccc6)C(=O)N(c6cccc(C#C)c6)C7=O)cc5)cc4)c(-c4ccccc4)c3-c3ccccc3)C2=O)c1
mol_9812,O=C(NN=C(c1ccccc1)c1ccccn1)NC1CCCCC1
mol_9813,Cn1cnc(N)c1S(N)(=O)=O
mol_9814,COc1cccc(OC)c1C(=O)OCc1ccccc1
mol_9815,CN(C)C(=O)CC(C(=O)O)c1c[nH]c2ccccc12
mol_9816,Cn1nnn2c(-c3ccccc3)nnc12
mol_9817,COc1ccc(N=C2C(=S)N(c3ccc(OC)cc3)C(=NS(=O)(=O)c3ccccc3)N2c2ccccc2)cc1
mol_9818,COc1ccc(N2NC(c3ccccc3)(c3ccccc3)C(C)C2=O)cc1
mol_9819,CCOC(=O)c1c(N2CCCC2)nc(O)c(C(c2cccs2)c2c(O)nc(N3CCCC3)c(C(=O)OCC)c2O)c1O
mol_9820,COC(=O)C(C)N(C)C(=O)C(CC(N)=O)N(C)C(=O)C1CCCN1C(=O)C(C(C)C)N(C)C(=O)C(C(C)C)N(C)C(=O)C(Cc1ccccc1)N(C)C(=O)C(NC(=O)OC(C)(C)C)C(C)C
mol_9821,CCOC(=O)C1=NN(c2ccccc2)C(=O)C1=CNC(=S)Nc1ccccc1OC
mol_9822,CN(C)C=Nc1c(C#N)c(CC#N)nn1-c1ccccc1
mol_9823,CN(C)c1ccc(C(=NN)c2ccccc2)cc1
mol_9824,CCCCCCCCCCCc1c(O)c(O)cc2nc3ccc(Sc4ccccc4)cc3nc12
mol_9825,COc1ccc(C2(OC)Oc3ccccc3C(=O)C2(O)OC)cc1OC
mol_9826,N=C(N)NS(=O)(=O)c1ccc(Nc2c3ccccc3nc3c(C(=O)N4CCN(CCO)CC4)cccc23)cc1
mol_9827,O=C(Nc1ccccc1)OCCN=C1c2ccccc2C(Br)C(Br)c2ccccc21
mol_9828,CCS(=O)(=O)O.CN(C)C(=O)c1cccc(COc2ccc(N3C(=N)NC(=N)NC3(C)C)cc2Cl)c1
mol_9829,O=C1C2CC=CCC2C(=O)N1n1c(-c2ccccc2)n[nH]c1=O
mol_9830,CCCn1c(=O)c2nn3c(=O)n(CCC)c(=O)c3nn2c1=O
mol_9831,Cc1cccc(NC(=S)NNC(=O)c2cc(-c3ccccc3)nc3ccccc23)c1
mol_9832,c1cc2c(cnc3cscc32)s1
mol_9833,Nc1nc(Cl)cc(NCC2(CO)CC(c3ccccc3)C2)n1
mol_9834,O=C(C=Cc1ccccc1)C=Cc1ccccc1
mol_9835,O=C1CCC(C(=O)O)C2=C1CCCC2
mol_9836,NS(=O)(=O)c1ccccc1[N+](=O)[O-]
mol_9837,COc1cc(C(=O)CC(O)(C(F)(F)F)C(F)(F)F)cc(OC)c1OC
mol_9838,CCN(CC)CCOC(=O)Cc1cccc2c(=O)cc(-c3ccccc3)oc12
mol_9839,CC(=O)OCCOCn1c2ccccc2c2c3c(c4c5ccccc5n(COCCO)c4c21)C(=O)N(Cc1ccccc1)C3=O
mol_9840,COc1ccc(CN2CCCN(Cc3ccc(OC)cc3)C2c2cc([N+](=O)[O-])ccc2O)cc1
mol_9841,COC(=O)c1cc(C(=O)OC)c(CC(=O)C(=O)Nc2ccc(Cl)c(C(F)(F)F)c2)nc1CC(=O)C(=O)Nc1ccc(Cl)c(C(F)(F)F)c1
mol_9842,CN(C)P(=O)(N(C)C)N(C)C.C[Sn](C)(Cl)Cl
mol_9843,O=[N+]([O-])c1ccc(SSc2ccc([N+](=O)[O-])cc2Cl)c(Cl)c1
mol_9844,CCC(=O)Nc1nc(O)c2ncn(C3OC(COC(=O)CC)C(OC(=O)CC)C3OC(=O)CC)c2n1
mol_9845,O=C1C[N+]2(Cc3ccccc3)CCC1CC2
mol_9846,O=Cc1ccc(-c2ccc(-c3ccc(C=O)s3)o2)s1
mol_9847,c1ccc(C2=c3ccccc3=NC(c3ccccc3)=c3ccccc3=N2)cc1
mol_9848,C(#Cc1ccccc1)SC1=C(c2ccccc2)SC(=C(SC#Cc2ccccc2)c2ccccc2)S1
mol_9849,CC(C)(O)C1CCC23CCCC(=O)C2(C1)C3
mol_9850,Fc1ccccc1C=[N+]1N=C(c2ccncc2)[OH+][Ni-2]12[OH+]C(c1ccncc1)=N[N+]2=Cc1ccccc1F
mol_9851,[Cl-].[N-]=[N+]=[NH+][Co-4](N)(N)(N)(N)[NH+]=[N+]=[N-]
mol_9852,NC(=S)NN=Cc1c(O)nc2ccc(Cl)cc2c1O
mol_9853,COc1ccc(OC(=O)N2CC(=Cc3ccccc3)C(=O)C(=Cc3ccccc3)C2)cc1
mol_9854,COC(=O)C1Cc2c([nH]c3ccccc23)C(c2ccccc2O)N1
mol_9855,COC(=O)c1cc(C(=O)OC)c(CC(=O)C(=O)NC2C3CC4CC(C3)CC2C4)nc1CC(=O)C(=O)NC1C2CC3CC(C2)CC1C3
mol_9856,CCCCOC(=O)C(=O)C(=Cn1c(=S)[nH]c2ccccc21)C(=O)C=C(C)C
mol_9857,COc1cc2c(oc(=O)c3c4occc4cc(OC)c23)c2cccc(O)c12
mol_9858,Nc1nc(O)c(N)c(NCCOCP(=O)(O)O)n1
mol_9859,CC1CCN(CCCCCNC(=O)C(c2ccccc2)C2CCCCC2)CC(C)(C)C1
mol_9860,CN(C)CCNc1ccc2ncnc3c2c1C(=O)c1ccccc1-3
mol_9861,Cc1cn(COCCS(=O)c2ccccc2)c(=O)[nH]c1=O
mol_9862,COC(=O)c1ccc(OCc2ccc3oc(=O)c(-c4ccccc4)nc3c2)cc1
mol_9863,NC1C(CO)CNC1CO
mol_9864,N#Cc1cc2c(n(C3OC(CO)C(O)C(O)C3O)c1=S)CCC2
mol_9865,NNC(=S)NN=C(C(=O)Nc1cccc(O)c1)C1C(=O)NC(=S)NC1=O
mol_9866,Cc1ccc(-c2c3ccc(n3)c(-c3ccc(C)cc3)c3ccc([nH]3)c(-c3ccc(OCC4COC(C)(C)O4)cc3)c3ccc(n3)c(-c3ccc(C)cc3)c3ccc2[nH]3)cc1
mol_9867,O=C1CCC2(c3ccc(Cl)cc3)Nc3cc([N+](=O)[O-])ccc3N12
mol_9868,CCOC(=O)Nc1nn(C)c(=NCc2ccccc2)s1
mol_9869,NC(=O)c1cccc(N=O)c1
mol_9870,NS(=O)(=O)c1nnc(NS(=O)(=O)c2ccc(F)cc2)s1
mol_9871,Cl.OCc1cc2c(cn1)[nH]c1ccc(NCc3ccccc3)cc12
mol_9872,C(=CC(Sc1ccccc1)c1ccccc1)NNC1=NC(c2ccccc2)C(c2ccccc2)=NN1
mol_9873,COc1ccc2c(c1)c1cc(OC)ccc1n2CCCCOc1ccc(-c2c3ccccc3c(-c3ccc(OCCCCn4c5ccc(OC)cc5c5cc(OC)ccc54)cc3)c3ccccc23)cc1
mol_9874,CC1CC(=O)Nc2cc(Cl)ccc2N1C(=O)C1CC1
mol_9875,Clc1cccc(Cl)c1C1CSc2ccccc2N=C1c1ccccc1
mol_9876,CCC(C)c1c(N)o[nH]c1=O
mol_9877,CCCCCC(C)(O)C1=NCCN1
mol_9878,CN(C(=O)C1=CCCCCC1)c1ccccc1Br
mol_9879,c1ccc(C2CN=C(c3ccccn3)C(c3ccccn3)=N2)cc1
mol_9880,N#Cc1c(N)oc(-c2ccc([N+](=O)[O-])cc2)c1C#N
mol_9881,CC1(C)c2ccccc2N2OC3C(=O)N(c4ccccc4)C(=O)C3C21c1ccccc1
mol_9882,COCCCN1CC(=O)N2Cc3ccccc3CN2C(=O)C1
mol_9883,CN(c1ccccc1)C(c1ccccc1)C(O)c1ccccc1
mol_9884,O=c1[nH]c2ncsc2c(=O)n1O
mol_9885,Cc1ccc(C2(O)CC(c3ccc([N+](=O)[O-])o3)=NN2C(=O)COc2ccccc2Cl)cc1
mol_9886,CC(=O)NNC(=N)c1nc2c(n3nc(C)nc13)CCCC2
mol_9887,O=C(O)C1C2CCC(O2)C1C(=O)O
mol_9888,C1=CC(=P(c2ccccc2)(c2ccccc2)c2ccccc2)C=C1
mol_9889,CC12CCC3c4cc(OCC(F)(F)F)c(O)cc4CCC3C1CCC2O
mol_9890,O=C1C(=Cc2ccc([N+](=O)[O-])cc2)Oc2cc(O)ccc21
mol_9891,CCOC(=O)C(NCc1cccc(C(F)(F)F)c1)(NC(=O)CC)C(F)(F)F
mol_9892,CC(=NNC(=S)N1CC2CCC(CC2)C1)c1cccc[n+]1[O-]
mol_9893,Cc1ccc(NC(=O)OCC(COc2ccc(Cl)cc2)OC(=O)Nc2ccc(C)cc2)cc1
mol_9894,CCCC[Sn]1(CCCC)OC(=O)c2cccnc2S1
mol_9895,CCCC[Sn]1(CCCC)ON=Cc2ccccc2O1
mol_9896,O=C1CN(C(=O)C2CCCN2C(=O)C2CCCN2)C(=O)CN1
mol_9897,Oc1cc2cccc[n+]2c2cccc(Cl)c12.[Cl-]
mol_9898,Cc1ccccc1[PH](Cc1ccccc1)(c1ccccc1C)c1ccccc1C
mol_9899,CCC(C)C(NC(=O)CNC(=O)C(Cc1c[nH]c2ccccc12)NC(=O)C(NC(=O)C(NC(=O)C(N)CC(C)C)C(C)O)C(C)C)C(=O)NC(CCCCN)C(=O)NC(CCC(N)=O)C(=O)NC(CC(C)C)C(=O)NC(CCC(N)=O)C(=O)NC(C)C(=O)NC(CCCNC(=N)N)C(N)=O
mol_9900,O=C(Cn1c2ccc(Br)cc2c2nc3ccccc3nc21)NNC(=S)NC1CCCCC1
mol_9901,CC1(C)OC(=S)N(c2ccccc2)C12C=Cc1cc3ccccc3nc1S2
mol_9902,CCCCN(CCCC)CCCOC(=O)c1ccc2oc3ccc(C(=O)OCCCN(CCCC)CCCC)cc3c2c1
mol_9903,Nc1ccc(S(=O)(=O)NNc2nc(N3CCCCC3)nc(N3CCCCC3)n2)cc1
mol_9904,[CH2-][Pd-2]1([CH2-])[N+](C)(C)CC[N+]1(C)C
mol_9905,O=C1c2ccccc2-c2nccc3c2c1nc1ccccc13
mol_9906,COc1ccc(C(=O)C(CN2CCOCC2)CN2CCOCC2)cc1.Cl
mol_9907,N#CC1N(C(=O)c2ccc(F)cc2)c2ccccc2N1C(=O)c1ccc(F)cc1
mol_9908,CCOC(=O)C1CC(C(=O)OCC)c2nc3ccccc3nc21
mol_9909,CC=CCC1(C(C)C)C(=O)NC(=S)NC1=O
mol_9910,CC(=O)NC(=O)C(C(C)=O)c1ccccc1
mol_9911,COC(OC)C(O)C1OC=CC1n1cnc2c(N)ncnc21
mol_9912,CC1(C)C=Cc2c(cc3oc4ccc5c(c4c(=O)c3c2O)C=CC(C)(C)O5)O1
mol_9913,Nc1ncnc2c1ncn2C1C=CC(=O)CC1
mol_9914,Cc1ccc(S(=O)(=O)Nc2ccccc2NS(=O)(=O)c2ccc(C)cc2)cc1
mol_9915,CCc1n[nH]c(=O)n1CCO
mol_9916,CCCCCCCCCCCCCCCCCCOP(O)(=[OH+])OC1CC[N+](C)(C)CC1
mol_9917,CC(C)CC(C(N)=O)C(=O)NC(Cc1ccccc1)NC(=O)CNC(=O)C(C)NC(=O)C(N)Cc1ccc(O)cc1.O=C(O)C(F)(F)F
mol_9918,O=[N+]([O-])c1ccc(NN=C(N=Nc2ccccc2)c2nc3ccccc3[nH]2)c([N+](=O)[O-])c1
mol_9919,COc1ccc(C=C(Cl)c2ccc(OC)c(OC)c2)cc1OC
mol_9920,COc1ccc(C(=O)Nc2ccc(S(=O)(=O)c3ccc(NC(=O)c4ccccc4SSc4ccccc4C(=O)Nc4ccc(S(=O)(=O)c5ccc(NC(=O)c6ccc(OC)cc6)cc5)cc4)cc3)cc2)cc1
mol_9921,[N-]=[N+]=CC(=O)CCC(=O)N(c1ccccc1)c1ccccc1
mol_9922,Sc1nc2c(c(-c3nc(S)nc4c3CCCCC4)n1)CCCCC2
mol_9923,COC(=O)N1CCCCC(CCC#CC[Si](C)(C)C)C1=O
mol_9924,Fc1cccc(F)c1C1SCc2nc3ccccc3n21
mol_9925,CO[IH2]1NC(=O)c2ccccc21
mol_9926,C=CCOc1cc(NC(=S)c2sccc2C)ccc1Cl
mol_9927,COC(=O)C1=NC(=N)N=C(C(=O)OC)C12C(=O)Cc1ccccc12
mol_9928,CON=Cc1cc(NC(=S)c2ccoc2C)ccc1Cl
mol_9929,O=C(Nc1ccc(C2=NCCN2)c(O)c1)c1ccc(C(=O)Nc2ccc(C3=NCCN3)c(O)c2)cc1
mol_9930,O=C(Nc1ccc2c(O)cc(S(=O)(=O)O)cc2c1)Nc1ccc2c(O)c(N=Nc3ccc4cc(S(=O)(=O)O)ccc4c3)c(S(=O)(=O)O)cc2c1
mol_9931,COC(=O)C(C)(C)NC(=O)C(Cc1ccccc1)NC(=O)C(C)(C)NC(=O)OCc1ccccc1
mol_9932,CC1OC(OC2C(O)COC(OC3C(C)OC(OC4C(OC(=O)C56CCC(C)(C)CC5C5=CCC7C8(C)CC(O)C(OC9OC(CO)C(O)C(OC%10OC(CO)C(O)C(O)C%10O)C9O)C(C)(CO)C8CCC7(C)C5(C)CC6)OCC(O)C4O)C(O)C3OC3OCC(O)(CO)C3O)C2O)C(O)C(O)C1O
mol_9933,Cl.Cn1cc(NC(=O)c2cc(NC(=O)CCCCCCCCCC(=O)Nc3cc(C(=O)Nc4cc(C(=O)NCCC(=N)N)n(C)c4)n(C)c3)cn2C)cc1C(=O)NCCC(=N)N
mol_9934,COC(=O)C(Cc1c[nH]c2ccccc12)NP(=O)(O)OCC1OC(n2cc(C)c(=O)[nH]c2=O)CC1N=[N+]=[N-]
mol_9935,COc1ccc(N2C(=O)C3c4[nH]c5ccc(C)cc5c4C4CCC(C(C)(C)C)CC4C3C2=O)cc1
mol_9936,Cn1c(=O)[nH]c2sc3c(c2c1=N)CCCC3
mol_9937,COC1(OC)CCCCC2c3cccc(OC(C)=O)c3C21OC(C)=O
mol_9938,CC(C)C(C(=O)N(C)C(Cc1ccccc1)C(=O)N(C)C(C(=O)N(C)C(C(=O)N1CCCC1C(=O)OC(C)(C)C)C(C)C)C(C)C)N(C)C
mol_9939,C#[N+]CCOP(=O)(OCC1OC(n2cc(C)c(=O)[nH]c2=O)CC1N=[N+]=[N-])OC1CCC2(C)C(=CCC3C2CCC2(C)C(C(C)C=CC(CC)C(C)C)CCC32)C1
mol_9940,O=S(=O)(O)c1cc(N=Nc2cc(S(=O)(=O)O)c3cccnc3c2O)ccc1C(O)C(O)c1ccc(N=Nc2cc(S(=O)(=O)O)c3cccnc3c2O)cc1S(=O)(=O)O.[NaH]
mol_9941,CSCCOC(=O)c1cc(NC(=S)c2ccoc2C)ccc1Cl
mol_9942,CC(=O)Nc1ccc(S(=O)(=O)c2ccc(NC(=O)c3ccccc3SC(=O)CCCC[n+]3ccccc3)cc2)cc1.[Br-]
mol_9943,CC1=C(C(=O)NC(Cc2ccccc2)C(=O)O)N2C(=O)C(NC(=O)C(N)CC(C)C)C2SC1
mol_9944,Cc1cc(C)nc(NS(=O)(=O)c2ccc(Nc3c4ccccc4nc4ccc(C(=O)Nc5ccc(S(=O)(=O)NC(=N)N)cc5)cc34)cc2)n1
mol_9945,Cl.Nc1ccccc1S(=O)(=O)c1ccccc1
mol_9946,CC1(C)CC(=O)C2=C(C1)NC(SSC1=C(C#N)C(c3ccc(F)cc3)C3=C(CC(C)(C)CC3=O)N1)=C(C#N)C2c1ccc(F)cc1
mol_9947,O=S(=O)(O)c1cc(N=Nc2ccc(O)c3ncccc23)ccc1CCc1ccc(N=Nc2ccc(O)c3ncccc23)cc1S(=O)(=O)O.[NaH]
mol_9948,CCC1(CC=C(C)C)Oc2ccccc2-n2cccc2C1=O
mol_9949,Nc1ccc(N=Nc2ccc(-c3ccc(N=Nc4c(S(=O)(=O)O)cc5cc(S(=O)(=O)O)c(N=Nc6ccc([N+](=O)[O-])cc6)c(N)c5c4O)cc3)cc2)c2cc(S(=O)(=O)O)ccc12
mol_9950,C=C1CC2(C)c3ccccc3NC(=O)C12
mol_9951,CNC(=O)c1ccc(NC(=O)Nc2cccc(C3=NCCN3)c2)cc1NC(=O)Nc1cccc(C2=NCCN2)c1
mol_9952,N.O=C(O)c1cc(C(c2ccc(O)c(C(=O)O)c2)c2ccc(O)c(C(=O)O)c2)ccc1O
mol_9953,COc1c(Cl)cc(C(=CCCC2CCC3(C)C(CCC4C3CCC3(C)C(C(C)CCCC(C)C)CCC43)C2)c2cc(Cl)c(OC)c(C(=O)O)c2)cc1C(=O)O.N
mol_9954,Cn1cc(NC(=O)c2cc(NC(=O)Nc3cc(C(=O)Nc4cc(C(=O)Nc5ccc6cc(S(=O)(=O)O)cc(S(=O)(=O)O)c6c5)n(C)c4)n(C)n3)nn2C)cc1C(=O)Nc1ccc2cc(S(=O)(=O)O)cc(S(=O)(=O)O)c2c1.[NaH]
mol_9955,COP(=O)([O-])OC.C[NH+]1C(=N)C=CN(C2CCC(CO)O2)C1=O
mol_9956,CCCCCCCCCCC(c1ccc(O)c(C(=O)O)c1)c1ccc(O)c(C(=O)O)c1.N
mol_9957,CCCc1cc(=O)oc2c3c(c4c(c12)OC(C)(C)C=C4)OC(C)C(C)C3O
mol_9958,Cc1nn(C(=O)c2ccc(Cl)cc2)c2c1C(C=Cc1ccccc1)SC(=N)N2
mol_9959,Cc1cc(N=Nc2ccc(Sc3ccc(N=Nc4ccc(O)c(C(=O)O)c4)cc3)cc2)c(N)c(N=Nc2ccc(N=Nc3ccc(S(=O)(=O)O)cc3)cc2)c1N
mol_9960,Cc1cn(C2CC(N=[N+]=[N-])C(CO)O2)c(=O)[nH]c1=O
mol_9961,CCCc1cc(=O)oc2c3c(cc(OC(C)CC)c12)OC(C)C(C)C3O
mol_9962,O=C(Nc1ccccc1)c1cc(S(=O)(=O)N2CCNC2=O)c(S)cc1Cl
mol_9963,O=C(CNC(=O)Nc1ccc(NC(=O)NCC(=O)Nc2ccc(C3=NCCN3)cc2)cc1)Nc1ccc(C2=NCCN2)cc1
mol_9964,CC(C)CCCC(C)C1CCC2C3CCC4CC(CCC=C(c5cc(Cl)c(OCc6ccccc6C(=O)O)c(C(=O)O)c5)c5cc(Cl)c(OCc6ccccc6C(=O)O)c(C(=O)O)c5)CCC4(C)C3CCC12C
mol_9965,CCCCCCCCCCOCCC(=O)OCC1OC(n2cc(C)c(=O)[nH]c2=O)CC1N=[N+]=[N-]
mol_9966,COc1cc(C2SC(=N)Nc3c2c(C)nn3C(=O)Cc2ccccc2)ccc1O
mol_9967,Clc1cccc(Cl)c1C1SCc2nc3ccccc3n21
mol_9968,O=C1c2ccccc2C2CCC1c1ccccc12
mol_9969,Cc1occc1C(=S)Nc1ccc(Cl)c(C(=O)OCC(F)(F)F)c1
mol_9970,O=C(O)c1ccccc1N=NNc1ccc(C=Cc2ccc(N=NNc3ccccc3C(=O)O)cc2S(=O)(=O)O)c(S(=O)(=O)O)c1.[NaH]
mol_9971,CCNc1ccccc1S(=O)(=O)c1ccccc1[N+](=O)[O-]
mol_9972,C=C1C2CCC3C4(C)CCCC(C)(C(=O)O)C4CCC3(C2)C1OC(C)=O
mol_9973,CCOC(=O)c1c2c(n3ccccc13)C(=O)C(C)(C(=O)OCC)S2
mol_9974,S=c1[nH][nH]c(=S)s1
mol_9975,O=C(Nc1ccc(C2=NCCN2)cc1)c1cccc(C(=O)Nc2ccc(C3=NCCN3)cc2)c1Cl
mol_9976,Cc1occc1C(=S)Nc1ccc(Cl)c(C(=O)OC(C(C)C)C(C)C)c1
mol_9977,Cl.Nc1ncnc2c1ncn2C1OC(CO)CC1F
mol_9978,CCCCCCC(=O)COP(=O)(OCC(=O)CCCCCC)OCC1OC(n2cc(C)c(=O)[nH]c2=O)CC1N=[N+]=[N-]
mol_9979,COc1ccccc1C(=O)c1c(N2CCCCC2)c(=O)c1=O
mol_9980,C[n+]1c(-c2ccc(C=NNC(=S)NN=Cc3ccc(-c4cn5ccccc5[n+]4C)cc3)cc2)cn2ccccc21.Cc1ccc(S(=O)(=O)O)cc1
mol_9981,CC1(C)Oc2ccc3ccc(=S)oc3c2C(OC(=O)C23CCC(C)(C(=O)O2)C3(C)C)C1OC(=O)C12CCC(C)(C(=O)O1)C2(C)C
mol_9982,O=C(C=Cc1cccc(O)c1)C=Cc1cccc(O)c1
mol_9983,COc1ccc(C=C2SC(c3ccc(Cl)cc3)N(NC(=O)CCCCCCCCC(=O)NN3C(=O)C(=Cc4ccc(OC)c(OC)c4)SC3c3ccc(Cl)cc3)C2=O)cc1OC
mol_9984,CC(=O)Nc1ccc(C(=O)NN2C(=O)C(Cl)C2C=Cc2ccccc2)cc1
mol_9985,Cc1cc2[nH]c3nc(=N)nc(NS(=O)(=O)c4cc(C)c(Cl)cc4S)n3c2cc1C
mol_9986,Cl.Cn1cc(C(=O)NCCC(=N)N)cc1NC(=O)C1=[N+](C)C=C(NC(=O)c2cccc(C(=O)NC3=CC(C(=O)Nc4cc(C(=O)NCCC(=N)N)cn4C)=[N+](C)C3)c2)C1
mol_9987,O=C(O)c1cc(N=Nc2ccc(C=Cc3ccc(N=Nc4ccc(O)c(C(=O)O)c4)cc3S(=O)(=O)O)c(S(=O)(=O)O)c2)ccc1O
mol_9988,CCNC(=Nc1cccc(C2=NCCN2)c1)c1ccc(C(=Nc2cccc(C3=NCCN3)c2)NCC)cc1
mol_9989,CCOc1ncn(-c2ccc(NC(=S)NC34CC5CC(CC(C5)C3)C4)cc2)n1
mol_9990,Cc1cn(COCCCO[Si](C)(C)C(C)(C)C)c(=O)[nH]c1=O
mol_9991,NNC(=O)c1ccccc1SSc1ccccc1C(=O)NN
mol_9992,NC(CCC(=O)OCc1ccccc1)C(=O)NC(CCC(=O)OCc1ccccc1)C(=O)O
mol_9993,CSc1c(C#N)c(O)nc(N)c1C(=O)Nc1ccc(C)cc1
mol_9994,CC(=O)Nc1cc(N=Nc2ccc(N=Nc3ccc(NC(=O)c4ccc(N)cc4)cc3C)cc2C)c(S(=O)(=O)O)cc1N=Nc1ccc(C(=O)O)cc1
mol_9995,CC(C=CC=C(C)C(=O)O)=CC=CC=C(C)C=CC=C(C)C(=O)O
mol_9996,Cc1cc(NS(=O)(=O)c2ccc(Nc3c4ccccc4nc4c(C(=O)Nc5ccc(S(=O)(=O)O)cc5)cccc34)cc2)no1
mol_9997,Cc1ccc(C(=O)Nc2ccc(S(=O)(=O)O)c3cc(S(=O)(=O)O)cc(S(=O)(=O)O)c23)cc1NC(=S)Nc1cc(C(=O)Nc2ccc(S(=O)(=O)O)c3cc(S(=O)(=O)O)cc(S(=O)(=O)O)c23)ccc1C.[NaH]
mol_9998,Cn1cc(NC(=O)Nc2cc(C(=O)Nc3cc(C(=O)Nc4ccc5cc(S(=O)(=O)O)cc(S(=O)(=O)O)c5c4)n(C)n3)n(C)c2)cc1C(=O)Nc1cc(C(=O)Nc2ccc3cc(S(=O)(=O)O)cc(S(=O)(=O)O)c3c2)n(C)n1.[KH]
mol_9999,N#CCc1nc(O)c2ccccc2n1
mol_10000,Cc1cn(C2CC(N=[N+]=[N-])C(COC(=O)C3C(C#N)CC4C5CCC6=CC(=O)C=CC6(C)C5C(O)CC43C)O2)c(=O)[nH]c1=O
mol_10001,Cl.Cn1cc(NC(=O)c2cc(NC(=O)CCCCCCCC(=O)Nc3cc(C(=O)Nc4cc(C(=O)NCCC(=N)N)n(C)c4)n(C)c3)cn2C)cc1C(=O)NCCC(=N)N
mol_10002,O=C(Nc1ccc(C=Cc2ccc(NC(=O)c3cc(S(=O)(=O)O)ccc3O)cc2S(=O)(=O)O)c(S(=O)(=O)O)c1)c1cc(S(=O)(=O)O)ccc1O.[NaH]
mol_10003,CCc1c(Cc2ccccc2)n(COCCCO)c(=O)[nH]c1=O
mol_10004,Cc1nn(C(=O)Cc2ccccc2)c2c1C(c1ccc(N(C)C)cc1)SC(=N)N2
mol_10005,Cc1ccc(Nc2cccc3c2C(=O)c2cccc(Nc4ccc(C)cc4S(=O)(=O)O)c2C3=O)c(S(=O)(=O)O)c1
mol_10006,COC(=O)C(Cc1ccccc1)NP(=O)(OC)OCC1OC(n2cc(C)c(=O)[nH]c2=O)CC1N=[N+]=[N-]
mol_10007,CCOC(=O)C(=O)C=P(c1ccccc1)(c1ccccc1)c1ccccc1
mol_10008,O=C(O)c1cccc(S(=O)(=O)NN2C(=O)CSC2c2ccccc2Cl)c1
mol_10009,CCCCc1cc(=O)oc2c3c(c4c(c12)OC(C)(C)CC4)OC(C)C(C)C3O
mol_10010,Cl.c1ccc(CNc2ccc3[nH]c4cnccc4c3c2)cc1
mol_10011,CN=C(N=c1ssc(=NC)n1C)N(C)C.[O-][Cl+3]([O-])([O-])O
mol_10012,COc1ccc(OC)c2c1-c1nnnn1CCC2(C)C
mol_10013,Sc1cc(S)c(S)nn1
mol_10014,FC(F)(Sc1ccccc1)c1nc2ccccc2o1
mol_10015,Cc1c(Cl)c(=O)oc2c3c(ccc12)OC(C)(C)C(OC(=O)C12CCC(C)(C(=O)O1)C2(C)C)C3OC(=O)C12CCC(C)(C(=O)O1)C2(C)C
mol_10016,CCCCCCCCCCCCCCCC(=O)Nc1ccn(C2CCC(COP(=O)(O)OC3CC(n4cc(C)c(=O)[nH]c4=O)OC3CO)O2)c(=O)n1
mol_10017,COc1cc2oc3c(OC)ccc4ccnc(c(=O)c2cc1OC)c43
mol_10018,CSCC(NC(=O)COc1cccc2cnccc12)C(=O)NC(Cc1ccccc1)C(O)C(=O)N1CSCC1C(=O)NC(C)(C)C
mol_10019,CCCCCCC(=O)COP(=O)(OCC(=O)CCCCCC)OCC1C=CC(n2cc(C)c(=O)[nH]c2=O)O1
mol_10020,COc1nc(=O)n(C2CC(N=[N+]=[N-])C(CO)O2)cc1C
mol_10021,CCCCCCCCCCCCC(Br)C(=O)OCC1OC(n2cc(C)c(=O)[nH]c2=O)CC1N=[N+]=[N-]
mol_10022,CC1N=NC([S-])=NC1=O.[Cl-].[Pt]
mol_10023,O=C(O)c1c(F)c(F)c(S)c(F)c1F
mol_10024,CCCCCCCCCCCCCCCC(=O)Nc1ccn(C2CCC(COP(=O)(O)OCC3CCC(n4cnc5c(O)ncnc54)O3)O2)c(=O)n1
mol_10025,NC(=O)c1ccc(NCC2=CC(=O)C=CC2=O)cc1
mol_10026,Cc1ccc(N=Nc2cc(C)c(N)c(N=Nc3ccc(N=Nc4cc(C(=O)O)c(O)c(S(=O)(=O)O)c4)c(C)c3)c2N)cc1
mol_10027,Cc1cc(Cl)cc(S)c1S(=O)(=O)Nc1nnc2c3ccccc3cnn12
mol_10028,CC1SC(c2c(F)cccc2Cl)n2c1nc1ccccc12
mol_10029,CCCCCCCCCC=C(c1cc(Cl)c(OC)c(C(=O)O)c1)c1cc(Cl)c(OC)c(C(=O)O)c1.N
mol_10030,Cl.Nc1cc([As]=O)ccc1O
mol_10031,O=S(=O)(O)c1ccc2c(c1)NN(c1ccc(C=Cc3ccc(N=Nc4ccc(C=Cc5ccc(N6Nc7ccc(S(=O)(=O)O)cc7N6)cc5S(=O)(=O)O)c(S(=O)(=O)O)c4)cc3S(=O)(=O)O)c(S(=O)(=O)O)c1)N2.[NaH]
mol_10032,Fc1ccccc1C1SCc2nc3ccccc3n21
mol_10033,CN1C(=CC=CC=CC=C2C(=O)c3ccccc3C2=O)C(C)(C)c2ccccc21
mol_10034,O=c1[nH]nc(Cc2ccccc2)n1N=Cc1ccncc1
mol_10035,O=S(=O)(O)c1cc(N=Nc2cc(S(=O)(=O)O)c3ccccc3c2O)ccc1C=Cc1ccc(N=Nc2cc(S(=O)(=O)O)c3ccccc3c2O)cc1S(=O)(=O)O.[NaH]
mol_10036,CC(C)=CCOc1cc(NC(=S)c2ccoc2C)ccc1Cl
mol_10037,Cc1cccc(C)c1NC(=O)C(=O)C(c1ccccc1Cl)S(=O)(=O)Cc1ccccc1Cl
mol_10038,Cn1cc(NC(=O)Nc2cc(C(=O)Nc3cc(C(=O)Nc4cc(C(=O)Nc5ccc(P(=O)(O)O)c6cc(P(=O)(O)O)ccc56)n(C)c4)n(C)c3)n(C)c2)cc1C(=O)Nc1cc(C(=O)Nc2cc(C(=O)Nc3ccc(P(=O)(O)O)c4cc(P(=O)(O)O)ccc34)n(C)c2)n(C)c1.[NaH]
mol_10039,[CH2-][Pd-2]1([CH2-])[n+]2cccc3ccc4ccc[n+]1c4c32
mol_10040,O=c1[nH]nc(Cc2ccccc2)n1N=Cc1cccnc1
mol_10041,CC(C)NC1CCCCC2c3cc(F)ccc3C12O.Cl
mol_10042,Cc1cc2c(c3oc(=O)cc(C)c13)C(OC(=O)C13CCC(C)(C(=O)O1)C3(C)C)C(OC(=O)C13CCC(C)(C(=O)O1)C3(C)C)C(C)(C)O2
mol_10043,C=C(C)COc1cc(NC(=S)OC(C)C)ccc1Cl
mol_10044,C[n+]1c(-c2ccc(C=NNc3n[nH]c(=S)n3NN=Cc3ccc(-c4cn5ccccc5[n+]4C)cc3)cc2)cn2ccccc21.[Br-]
mol_10045,Nc1ccc(N=Nc2ccc(CCc3ccc(N=Nc4ccc(N)c5cc(S(=O)(=O)O)ccc45)cc3S(=O)(=O)O)c(S(=O)(=O)O)c2)c2ccc(S(=O)(=O)O)cc12.[NaH]
mol_10046,CN(C)c1ncnc2c1ncn2C1OC(CO)CC1F
mol_10047,Cl.Cn1cc(NC(=O)c2cc(NC(=O)Nc3cc(C(=O)Nc4cc(C(=O)NCCC(=N)N)n(C)c4)n(C)c3)cn2C)cc1C(=O)NCCC(=N)N
mol_10048,COC(=O)CCCC=C(c1cc(F)c(OC)c(C(=O)OC)c1)c1cc(F)c(OC)c(C(=O)OC)c1
mol_10049,CCCCCC=C(c1cc(Br)cc(C(=O)O)c1OC)c1cc(Br)cc(C(=O)O)c1OC.N
mol_10050,COc1cc(N=Nc2cc(NC(C)=O)c(N=Nc3ccc(S(=O)(=O)O)cc3)cc2S(=O)(=O)O)c(C)cc1N=Nc1ccc(NC(=O)c2ccc(N)cc2)cc1C
mol_10051,Oc1ccc2ccccc2c1CN1CCOCC1
mol_10052,C=C(C=CC=C(CO)CCC=C(C)C)C1CCC2(C(CCCO)C(=C(C)C=O)CCC2(C)O)C1O
mol_10053,COC(=O)Cc1cc(O)c(CC=C(C)CCC=C(C)C(O)C(=O)C=C(C)C)cc1O
mol_10054,N.O=C(O)c1cc(Cc2ccc(O)c(C(=O)O)c2)ccc1O
mol_10055,CCCCCCCCCCCCCC(=O)OCC1OC(n2cc(C)c(=O)[nH]c2=O)CC1F
mol_10056,Cc1cn(C2CC(N=[N+]=[N-])C(COC(=O)CCOCCCCCCCCCl)O2)c(=O)[nH]c1=O
mol_10057,Cc1cc(S(=O)(=O)Nc2nc(N)nc(N(C)C)n2)c(S)cc1Cl
mol_10058,C[N+]12CCCc3cc(CO)cc(c31)CCC2
mol_10059,CCC1NC(=O)C(C(O)C(C)C)N(C)C(=O)C(C(C)C)N(C)C(=O)C(CC(C)C)N(C)C(=O)C(CC(C)C)N(C)C(=O)C(C)NC(=O)C(CCCCNC(=O)C(Cc2ccccc2)NC(=O)C(NC(=O)C2CCCN2CC(O)C(Cc2ccccc2)NC(=O)C(CC(N)=O)NC(=O)OCc2ccccc2)C(C)CC)NC(=O)C(CC(C)C)N(C)C(=O)C(C(C)C)NC(=O)C(CC(C)C)N(C)C(=O)C(CO)N(C)C1=O
mol_10060,Cc1nn(C(=O)Cc2ccccc2)c2c1C(c1ccccc1)SC(=N)N2
mol_10061,O=C(OC1CCCCC1)c1cc(NC(=S)c2ccccc2F)ccc1Cl
mol_10062,O=S(=O)(O)c1cc2nc3c4cccc(S(=O)(=O)O)c4c(Nc4ccccc4)cc3[n+](-c3ccccc3)c2cc1Nc1ccccc1
mol_10063,Nc1cc(C(=O)Nc2ccc(C3=NCCN3)cc2)cc(C(=O)Nc2ccc(C3=NCCN3)cc2)c1
mol_10064,Cc1occc1C(=S)Nc1ccc(Cl)c(C(=O)OC(C)C2CC2)c1
mol_10065,Cn1cc(NC(=O)Nc2cc(C(=O)Nc3cc(C(=O)Nc4ccc(S(=O)(=O)O)c5cc(S(=O)(=O)O)cc(S(=O)(=O)O)c45)n(C)c3)n(C)c2)cc1C(=O)Nc1cc(C(=O)Nc2ccc(S(=O)(=O)O)c3cc(S(=O)(=O)O)cc(S(=O)(=O)O)c23)n(C)c1.[NaH]
mol_10066,O=[N+]([O-])c1ccc(C=Cc2ccc(N=Nc3ccc(C=Cc4ccc([N+](=O)[O-])cc4S(=O)(=O)O)c(S(=O)(=O)O)c3)cc2S(=O)(=O)O)c(S(=O)(=O)O)c1
mol_10067,Cc1cc2c(cc1Cl)Sc1nccn1S2(=O)=O
mol_10068,O=C(O)CCSCc1cc(C(=O)Nc2ccc(C=Cc3ccc(NC(=O)c4cc(CSCCC(=O)O)c5cccnc5c4O)cc3S(=O)(=O)O)c(S(=O)(=O)O)c2)c(O)c2ncccc12.[NaH]
mol_10069,O=C1C(=NO)C(c2ccccc2)Oc2ccccc21
mol_10070,CC(C)CCCC(C)C1CCC2C3CCC4CC(CCCC=C(c5cc(Cl)c(O)c(C(=O)O)c5)c5cc(Cl)c(O)c(C(=O)O)c5)CCC4(C)C3CCC12C.N
mol_10071,N.O=C(O)c1cc(C(=C(c2cc(Cl)c(O)c(C(=O)O)c2)c2cc(Cl)c(O)c(C(=O)O)c2)c2cc(Cl)c(O)c(C(=O)O)c2)cc(Cl)c1O
mol_10072,CCOP(=O)(OCC)C(=CNC(=S)c1ccncc1)C(=O)OC
mol_10073,COc1ccc(-c2c(C#N)c(S)nc3c2CCC3)cc1
mol_10074,O=S(=O)(O)c1ccc2cc(N=Nc3cc(S(=O)(=O)O)c4cccnc4c3O)ccc2c1
mol_10075,CC12CCC3C(CCC4CC(CC=C(c5cc(Cl)c(O)c(C(=O)O)c5)c5cc(Cl)c(O)c(C(=O)O)c5)CCC43C)C1CCC2CC=C(c1cc(Cl)c(O)c(C(=O)O)c1)c1cc(Cl)c(O)c(C(=O)O)c1.N
mol_10076,C[N+](C)(C)C.O=S(=O)([O-])c1cc(N=Nc2cc(S(=O)(=O)[O-])c3cccnc3c2O)ccc1C=Cc1ccc(N=Nc2cc(S(=O)(=O)[O-])c3cccnc3c2O)cc1S(=O)(=O)[O-]
mol_10077,CC(=O)n1nc(C)c(-c2onc3ccc(Cl)cc23)c1C
mol_10078,CC(C)CCCC(C)C1CCC2C3CCC4CC(CCC=C(c5cc(Cl)c(OC(=O)C(C)(C)C)c(C(=O)O)c5)c5cc(Cl)c(OC(=O)C(C)(C)C)c(C(=O)O)c5)CCC4(C)C3CCC12C.[NaH]
mol_10079,COP(=O)(C=Cc1cc(C(=O)OCc2ccccc2)n(S(=O)(=O)c2ccccc2)c1)OC
mol_10080,COS(=O)CCOC(=O)c1ccccc1SSc1ccccc1C(=O)OCCS(=O)OC
mol_10081,O=C1CC(=O)NC(NN2C(=O)CSC2C(=O)c2ccco2)=N1
mol_10082,N#Cc1c(S)nc2c(c1C=Cc1ccccc1)CCCCC2
mol_10083,Nc1c(N=Nc2ccc(C=Cc3ccc(N=Nc4cc(S(=O)(=O)O)c5ccccc5c4N)cc3S(=O)(=O)O)c(S(=O)(=O)O)c2)cc(S(=O)(=O)O)c2ccccc12.[NaH]
mol_10084,COC1N(C2CC(N=[N+]=[NH2+])C(CO)O2)C(=O)NC(=O)C1(C)I
mol_10085,Cc1ccccc1N=C1SCC(=O)N1c1ccccc1C
mol_10086,COc1cc(C)cc2c(-c3c(O)cc(O)c4c3CC(C)NC4C)cc(-c3cc(-c4c(O)cc(O)c5c4CC(C)NC5C)c4cc(C)cc(OC)c4c3O)c(O)c12
mol_10087,Cc1cn(C2CC(N=[N+]=[N-])C(COC(=O)CCCCCCCCCCCN=[N+]=[N-])O2)c(=O)[nH]c1=O
mol_10088,CNc1ccccc1S(=O)(=O)c1ccccc1[N+](=O)[O-]
mol_10089,COc1cc(N=Nc2ccc(S(=O)(=O)O)cc2)c(C)cc1N=Nc1cc(S(=O)(=O)O)c(NC(=O)c2ccc(N)cc2)cc1NC(C)=O
mol_10090,Nc1nc(N)c(Br)c(Nc2ccc(Cl)c(Cl)c2)n1
mol_10091,CC(C(=O)c1cc(O)c(O)cc1C(O)(C(F)(F)F)C(F)(F)F)C(O)(C(F)(F)F)C(F)(F)F
mol_10092,O=C(Nc1ccc(CCC2=NCCCN2)cc1)c1ccc(C(=O)Nc2ccc(CCC3=NCCCN3)cc2)cc1
mol_10093,O=C1CSC(c2ccc([N+](=O)[O-])cc2)N1c1nc(-c2ccc3c(c2)CCCC3)cs1
mol_10094,CC1OC(OC2C(O)COC(OC3C(C)OC(OC4C(OC(=O)C56CCC(C)(C)CC5C5=CCC7C8(C)CC(O)C(OC9OC(CO)C(O)C(OC%10OC(CO)C(O)C(O)C%10O)C9O)C(C)(CO)C8CCC7(C)C5(C)CC6)OCC(O)C4O)C(O)C3OC3OCC(O)C(O)C3O)C2O)C(O)C(O)C1O
mol_10095,Cc1cc2ccc(=O)oc2c2c1OC(C)(C)C(OC(=O)C13CCC(C)(C(=O)O1)C3(C)C)C2OC(=O)C12CCC(C)(C(=O)O1)C2(C)C
mol_10096,CC(C)(Cc1ccccc1)Cc1cc(O)ccc1O
mol_10097,CC(=O)Nc1nnc(SSc2nnc(NC(C)=O)s2)s1
mol_10098,CC(C)(C)c1cc(C(P(=O)(O)O)(P(=O)(O)O)P(=O)(O)O)cc(C(C)(C)C)c1O.[NaH]
mol_10099,CCCCCCCCC=CCCCCCCCCOP(=O)(O)OCCC=C(c1cc(Cl)c(O)c(C(=O)O)c1)c1cc(Cl)c(O)c(C(=O)O)c1.N
mol_10100,COc1ccccc1N=Nc1c(S(=O)(=O)O)cc2cc(NC(=O)Nc3ccc4c(O)c(N=Nc5ccc(S(=O)(=O)O)cc5C)c(S(=O)(=O)O)cc4c3)ccc2c1O
mol_10101,CNc1c(Cl)cccc1S(=O)(=O)c1ccccc1[N+](=O)[O-]
mol_10102,Oc1ccc(Cl)cc1C(c1cc(Cl)ccc1O)C(Cl)(Cl)Cl
mol_10103,CC(C)CCCC(C)C1CCC2C3CCC4CC(CCC=C(c5cc(Cl)c(O)c(C(=O)O)c5)c5cc(Cl)c(O)c(C(=O)O)c5)CCC4(C)C3CCC12C.N
mol_10104,N=c1ccn(C=C=CCO)c(=O)[nH]1
mol_10105,CC(=O)c1c(=O)n(-c2ccc(C)cc2)c(O)c2c(=N)[nH][nH]c12
mol_10106,COC(=O)CCCC=C(c1cc(C)c(OC)c(C(=O)OC)c1)c1cc(C)c(OC)c(C(=O)OC)c1
mol_10107,[Cl-].c1ccc([P+](Cc2ccc(C[P+](c3ccccc3)(c3ccccc3)c3ccccc3)s2)(c2ccccc2)c2ccccc2)cc1
mol_10108,O=C1c2c(c3c4ccccc4[nH]c3c3[nH]c4ccccc4c23)C(=O)N1Cc1ccccc1
mol_10109,O=C1OC(c2cccc3ccccc23)c2ccccc21
mol_10110,Cc1cn(C2CC(N=[N+]=[N-])C(COC(=O)CCCCCCCCCCN=[N+]=[N-])O2)c(=O)[nH]c1=O
mol_10111,Cc1cn(C2CC(N=[N+]=[N-])C(COC(=O)CCOCCCCCCCCN=[N+]=[N-])O2)c(=O)[nH]c1=O
mol_10112,Nc1cc(N)c(N=Nc2ccc(C=Cc3ccc(N=Nc4c(N)cc(N)cc4C(=O)O)cc3S(=O)(=O)O)c(S(=O)(=O)O)c2)c(C(=O)O)c1.[NaH]
mol_10113,COc1ccc(-c2nc(-c3cnccn3)n(Cc3ccccc3)n2)cc1
mol_10114,O=C(N=NC(=O)N1CCOCC1)N1CCOCC1
mol_10115,CC(=O)NS(=O)(=O)c1ccc(NC(=O)c2ccccc2SC(=O)CCCC[n+]2ccccc2)cc1.[Br-]
mol_10116,COC1CC(CC2CCC(C)C(C(C)C(=O)O)O2)OC2(OC(C)(C3CCC(C)(C4OC(C5OC(O)(CO)C(C)CC5C)CC4C)O3)CC2C)C1C
mol_10117,COc1c(I)c(OC)c2c(c1I)OC1OCCC21
mol_10118,Cn1cc(NC(=O)Nc2cc(C(=O)Nc3cc(C(=O)Nc4cc(S(=O)(=O)O)c5cc(S(=O)(=O)O)cc(S(=O)(=O)O)c5c4)n(C)c3)n(C)c2)cc1C(=O)Nc1cc(C(=O)Nc2cc(S(=O)(=O)O)c3cc(S(=O)(=O)O)cc(S(=O)(=O)O)c3c2)n(C)c1.[Na+]
mol_10119,C[N+](C)(C)CCOP(=O)(O)OP(=O)([O-])OCC1CCC(n2ccc(=N)[nH]c2=O)O1
mol_10120,Nc1ccc2ccccc2c1N=Nc1ccc(C=Cc2ccc(N=Nc3c(N)ccc4ccccc34)cc2S(=O)(=O)O)c(S(=O)(=O)O)c1
mol_10121,O=S(=O)(O)c1cc(N=Nc2ccc(C=Cc3ccc(N=Nc4cc(S(=O)(=O)O)c5cccnc5c4O)cc3S(=O)(=O)O)c(S(=O)(=O)O)c2)ccc1C=Cc1ccc(N=Nc2cc(S(=O)(=O)O)c3cccnc3c2O)cc1S(=O)(=O)O.[NaH]
mol_10122,N.O=C(O)c1cc(C(=CCCBr)c2cc(Cl)c(O)c(C(=O)O)c2)cc(Cl)c1O
mol_10123,O=C(Nc1ccccc1)OCCN=c1c2ccccc2ccc2ccccc12
mol_10124,O=C(O)c1cc(N=Nc2ccc(C=Cc3ccc(N=Nc4cc(C(=O)O)c(O)c5ccccc45)cc3S(=O)(=O)O)c(S(=O)(=O)O)c2)c2ccccc2c1O.[NaH]
mol_10125,[O-][Cl+3]([O-])([O-])[O-].c1ccn2c(N3CCCC3)[n+]3c4ccccc4n4c(N5CCCC5)[n+]5ccccc5c4c3c2c1
mol_10126,C=CCn1c(=O)c2ccccc2[n+]2c(C)c(C(=O)OCC)sc12.[Cl-]
mol_10127,O=S1(=O)Cc2nc3ccccc3n2C1c1c(F)cccc1F
mol_10128,COc1cccc(-c2nc(-c3cnccn3)n(CC=Cc3ccccc3)n2)c1
mol_10129,Cl.N=C(c1ccc(-c2cn3cc(C(=N)N4CCCC4)ccc3n2)cc1)N1CCCC1
mol_10130,CCCCCC=CCCCC=CCCCCCCOP(=O)(O)OCCC=C(c1cc(Cl)c(O)c(C(=O)O)c1)c1cc(Cl)c(O)c(C(=O)O)c1.N
mol_10131,COc1cc2c(c3oc(=O)ccc13)C(OC(=O)C13CCC(C)(C(=O)O1)C3(C)C)C(OC(=O)C13CCC(C)(C(=O)O1)C3(C)C)C(C)(C)O2
mol_10132,CCOC(=O)N1N=C(c2ccccc2)OC2(N3CCCC3)CCC(C(C)(C)C)CC12
mol_10133,O=C(O)c1ccc(SSc2ccc(C(=O)O)cc2)cc1
mol_10134,NC(=O)c1cccn1Cc1ccccc1SSc1ccccc1Cn1cccc1C(N)=O
mol_10135,O=c1c2cc([N+](=O)[O-])cnc2sn1-c1ccc(Oc2ccccc2)cc1
mol_10136,CNC(=O)SC1=Nc2cc(Cl)ccc2S(=O)(O)=N1
mol_10137,O=C1Nc2ccccc2Sc2ccccc21
mol_10138,Cc1cc(N=Nc2c(N)c(C)cc(N=Nc3ccc(C(N)=O)cc3)c2N)ccc1N=Nc1cc(C(=O)O)c(O)c(S(=O)(=O)O)c1
mol_10139,C=CCc1ccccc1C1CC2(C(=O)OC)OC1C(C(=O)OC)=C2C(=O)OC
mol_10140,COCN1C(=O)CN=C(c2ccccc2)c2cc(NO)ccc21
mol_10141,CCCc1cc(=O)oc2c3c(c4c(c12)OC(C)(C)C=C4)OC(C)C(C)C3OC(C)=O
mol_10142,N=c1ccn(C2CC(F)C(CO)O2)c(=O)[nH]1
mol_10143,CCCCc1ccc(-n2sc3ncc([N+](=O)[O-])cc3c2=O)cc1
mol_10144,Nc1ccc(S(N)(=O)=O)cc1SSc1cc(S(N)(=O)=O)ccc1N
mol_10145,CC(=O)OCCCOCn1c(Cc2ccccc2)c(C)c(=O)[nH]c1=O
mol_10146,C[n+]1c(-c2ccc(C=NNC(=N)NN=Cc3ccc(-c4cn5ccsc5[n+]4C)cc3)cc2)cn2ccsc21.Cl.[Cl-]
mol_10147,COc1cc(C=Nc2cc(Cl)c(N=O)c(Cl)c2)ccc1N(CCCCl)CCCCl
mol_10148,CCCCCCCCCCCCCCCCCCOC(COP(=O)(O)OCC1OC(n2cc(C)c(=O)[nH]c2=O)CC1N=[N+]=[N-])COP(=O)(O)OC1CC(n2cc(C)c(=O)[nH]c2=O)OC1CO
mol_10149,O=C(Nc1ccccc1)N1CCNC1=S
mol_10150,O=C(O)c1cc(Nc2nc(Cl)nc(Cl)n2)ccc1-c1c2ccc(=O)cc-2oc2cc(O)ccc12
mol_10151,Cc1ccc(S(=O)(=O)NN=C2CCC3(O)CC2(C)CCC2C3CC2(C)C)cc1
mol_10152,[N-]=[N+]=N[IH2]1OC(=O)c2ccccc21
mol_10153,Cc1cc(S(=O)(=O)Nc2nnc3c(C(F)(F)F)cc(Cl)cn23)c(S)cc1Cl
mol_10154,Cc1cn(C2CC3C(COC(=O)N3O)O2)c(=O)[nH]c1=O
mol_10155,CCOC(=O)c1ccc(-n2cnc(-c3ccc([N+](=O)[O-])cc3)c2)cc1
mol_10156,CC(=O)NS(=O)(=O)c1ccc(NC(=O)c2ccccc2SC(C)=O)cc1
mol_10157,CCOP(=O)(OCC)C(C#N)=Cc1cccn1N(C)C
mol_10158,O=c1cc2ccccc2nn1Cc1cccc(Cl)c1
mol_10159,Nc1c(S(=O)(=O)O)cc2cc(S(=O)(=O)O)ccc2c1N=Nc1ccc(-c2ccc(N=Nc3c(N)c(S(=O)(=O)O)cc4cc(S(=O)(=O)O)ccc34)c(S(=O)(=O)O)c2)cc1
mol_10160,CCOC(=O)c1c(-c2ccccc2)csc1N
mol_10161,O=C(Nc1ccccc1)c1nn(-c2cc(S(=O)(=O)[O-])c([N+](=O)[O-])cc2Cl)[n+](-c2cc(S(=O)(=O)O)c([N+](=O)[O-])cc2Cl)n1.[NaH]
mol_10162,COc1ccc(C=C(C#N)c2ccc([N+](=O)[O-])cc2)cc1OC
mol_10163,COc1cc(C2SC(=N)Nc3c2c(C)nn3C(=O)Cc2ccccc2)cc(OC)c1OC
mol_10164,CCCCCOCCCCCCCC(=O)OCC1OC(n2cc(C)c(=O)[nH]c2=O)CC1N=[N+]=[N-]
mol_10165,CCOC(=O)c1cc2sc(NC(=O)c3ccco3)nc2o1
mol_10166,[Cl-].c1ccc(-c2cc[n+]3c4c2ccc2c(-c5ccccc5)cc[n+](c24)[Rh-4]324([n+]3ccc(-c5ccccc5)c5ccc6c(-c7ccccc7)cc[n+]2c6c53)[n+]2ccc(-c3ccccc3)c3ccc5c(-c6ccccc6)cc[n+]4c5c32)cc1
mol_10167,Cc1cn(C2CC(ON3C(=O)c4ccccc4C3=O)C(CO)O2)c(=O)[nH]c1=O
mol_10168,C1CCCN(NC2=NCCO2)CC1
mol_10169,CCCCCC=C(c1cc(Br)c(OC)c(C(=O)OC)c1)c1cc(Br)c(OC)c(C(=O)OC)c1
mol_10170,CC(C)=CCN1CC(C)Cn2c(=S)[nH]c3cccc1c32
mol_10171,COC1N(C2CC(N=[N+]=[NH2+])C(CO)O2)C(=O)NC(=O)C1(C)Br
mol_10172,COc1cc2oc(-c3ccc(O)cc3)cc(=O)c2c(OC)c1OC
mol_10173,N=C(N)NS(=O)(=O)c1ccc(NC(=O)c2ccc3nc4ccccc4c(N)c3c2)cc1
mol_10174,C[N+](C)(C)CCOP(=O)(O)OP(O)(=[OH+])OCC1CCC(n2ccc(=N)[nH]c2=O)O1.[LiH]
mol_10175,CCCCCCCCCCCCCCCC(=O)Nc1ccn(C2CCC(COP(=O)(O)OCC3OC(n4ccc(NC(=O)CCCCCCCCCCCCCCC)nc4=O)CC3OP(=O)(O)OCC3OC(n4ccc(NC(=O)CCCCCCCCCCCCCCC)nc4=O)CS3)O2)c(=O)n1
mol_10176,Cc1cc2c(c(=O)o1)C1=S(SC(c3ccccc3)=C1)S2
mol_10177,CN(C)CCSc1cccc(-c2cc(-c3cccc(SCCN(C)C)c3)ncn2)c1
mol_10178,O=S(=O)(O)c1cc(NC(=S)c2ccc3cccnc3c2O)ccc1C=Cc1ccc(NC(=S)c2ccc3cccnc3c2O)cc1S(=O)(=O)O.[NaH]
mol_10179,Cc1c2oc(=O)c(C#N)cc2c2ccccn12
mol_10180,C[n+]1c(-c2ccc(C=NNc3ccnc(NN=Cc4ccc(-c5cn6ccsc6[n+]5C)cc4)n3)cc2)cn2ccsc21.Cc1ccc(S(=O)(=O)O)cc1
mol_10181,O=S(=O)(O)c1cc2ccc1ccc1ccc(cc1S(=O)(=O)O)nnc1ccc(ccc3ccc(cc3S(=O)(=O)O)nn2)c(S(=O)(=O)O)c1
mol_10182,S=C(Nc1ccc2c(c1)oc1ccccc12)c1cccnc1
mol_10183,CCC1CCC2c3c([nH]c4ccccc34)C3C(=O)N(c4ccc(OC)cc4)C(=O)C3C2C1
mol_10184,C=CCn1c(C23CC4CC(CC(C4)C2)C3)n[nH]c1=S
mol_10185,CCCCCCCCCCCCCCCCCCSCC(C)(COP(=O)(O)OP(=O)(O)OCC1OC(n2cc(C)c(=O)[nH]c2=O)CC1N=[N+]=[N-])OC(=O)CCCCCCCCCCCCCCC.[NaH]
mol_10186,Cc1occc1C(=S)Nc1ccc(Cl)c(C(=O)OCC(C)C)c1
mol_10187,COc1ccc(C2CC(=O)c3c(O)cc(OC4OC(COC5OC(C)C(O)C(O)C5O)C(O)C(O)C4O)cc3O2)cc1O
mol_10188,CCOC(=O)C1=CC(C(C)CC(=O)CC(=O)O)CC1
mol_10189,O=C(Nc1ccn(C2CCC(CO)O2)c(=O)n1)c1ccccc1
mol_10190,O=C(Nc1cc(C(=O)Nc2ccc(C3=NCCN3)cc2)cc(C2=NCCN2)c1)c1ccc(C(=O)Nc2cc(C(=O)Nc3ccc(C4=NCCN4)cc3)cc(C3=NCCN3)c2)cc1
mol_10191,Cc1ccc2nc(O)c(-c3cnc(O)nn3)c(O)c2c1
mol_10192,CCC1C(C)C=CN1c1nc(N)nc(NS(=O)(=O)c2cc(C)c(Cl)cc2S)n1
mol_10193,Cc1cc2c(c(S(=O)(=O)c3ccccc3[N+](=O)[O-])c1)NCCC2
mol_10194,CCOC12CC(OC)C3(O)CC(C1C3OCc1ccccc1)C13C(OC)CC(O)C4(COC)CN(CC)C1C2C(OC)C43
mol_10195,C[PH](C)(C)[Ir-3]1([PH](C)(C)C)([PH](C)(C)C)NC(Cc2ccccc2)C(=O)[OH+]1.[Cl-]
mol_10196,Cc1cc(N=Nc2ccc(C(=O)Nc3ccc4cc(S(=O)(=O)O)ccc4c3)cc2)c(N)c(N=Nc2ccc(N=Nc3ccc(O)c(C(=O)O)c3)cc2)c1N
mol_10197,COP(=O)(OC)c1ccc(NCc2cc(O)ccc2O)cc1
mol_10198,CCCCCCC(=O)COP(=O)(OCC(=O)CCCCCC)OCC1CCC(n2cc(C)c(=O)[nH]c2=O)O1
mol_10199,CC1OC(OCC2OC(Oc3c(-c4ccc(O)cc4)oc4cc(OC5OC(C)C(O)C(O)C5O)cc(O)c4c3=O)C(O)C(O)C2O)C(O)C(O)C1O
mol_10200,COc1ccc(N2C(=O)C3c4[nH]c5ccccc5c4C4CCC(C(C)(C)C)CC4C3C2=O)cc1
mol_10201,O=C(Nc1ccc(NC(=O)Nc2cc(C(=O)Nc3ccc(C4=NCCN4)cc3)ccc2C(=O)Nc2ccc(C3=NCCN3)cc2)cc1)Nc1cc(C(=O)Nc2ccc(C3=NCCN3)cc2)ccc1C(=O)Nc1ccc(C2=NCCN2)cc1
mol_10202,CCCCCC=C(c1cc(Br)cc(C(=O)O)c1O)c1cc(Br)cc(C(=O)O)c1O.N
mol_10203,C1=CSSC=CSSC=CSSC=CSS1
mol_10204,O=C(c1c(O)cc(O)cc1O)c1c(-c2ccc(O)cc2)oc2cc(O)c3c(c12)OC(c1ccc(O)cc1)C(O)C3
mol_10205,Nc1ccc(N=Nc2ccc(N=Nc3c(S(=O)(=O)O)cc4cc(S(=O)(=O)O)c(N=Nc5ccc(N=Nc6ccc(N)cc6N)cc5)c(O)c4c3N)cc2)c(N)c1
mol_10206,CC1(Br)C(=O)NC(=O)N(C2CC(F)C(CO)O2)C1N=[N+]=[N-]
mol_10207,CCCCCCCCCCCCCCCCNc1ccn(C2CC(OP(=O)(O)OCC3CCC(n4ccc(=N)[nH]c4=O)O3)C(CO)O2)c(=O)n1
mol_10208,CC(C(=O)O)n1[se]c2ccccc2c1=O
mol_10209,CC1=C(C(=S)Nc2ccc(Cl)c(C(=O)OC(C)C)c2)SCCO1
mol_10210,O=C(Nc1ccc(S(=O)(=O)c2ccc(NS(=O)(=O)Cc3ccccc3[N+](=O)[O-])cc2)cc1)c1ccccc1SSc1ccccc1C(=O)Nc1ccc(S(=O)(=O)c2ccc(NS(=O)(=O)Cc3ccccc3[N+](=O)[O-])cc2)cc1
mol_10211,Cc1c2ccccc2n[c-](CSc2ccccc2N)[n+]1=O
mol_10212,Cc1nn(C(=O)Cc2ccccc2)c2c1C(c1ccc(O)cc1O)SC(=N)N2
mol_10213,CCOC(=O)C(=Cc1ccc(C)cc1)P(=O)(OCC)OCC
mol_10214,Cc1occc1C(=S)Nc1ccc(Cl)c(COC(C)(C)C)c1
mol_10215,COC(=O)c1c(C)cccc1C1CN=NC12Cc1c(C)cccc1C2=O
mol_10216,CCCCCCCCCCCCCCCCCCNc1nc(=O)n(C2CC(O)C(COP(=O)(O)OCC3OC(n4cc(C)c(=O)[nH]c4=O)CC3N=[N+]=[N-])O2)cc1F
mol_10217,O=C(O)c1cc(C=Cc2ccc(N=Nc3c(O)cc(O)cc3C(=O)O)c(C(=O)O)c2)ccc1N=Nc1c(O)cc(O)cc1C(=O)O.[NaH]
mol_10218,O=C1CN=C(c2ccc[nH]2)c2cc(Cl)ccc2N1
mol_10219,CC(=O)C1=C(C)C2=Cc3c(C(C)=O)c(C)c4n3[Fe-3]35(Cl)n6c(c(C)c(CCC(=O)O)c6=CC6=[N+]3C(=C4)C(C)=C6CCC(=O)O)=CC1=[N+]25
mol_10220,COc1cccc2c1[OH+][U+2]1(=O)(=O)(O)(O)(O)[O+]=C(N)[N-][N+]1=C2
mol_10221,CCCCCC=C(c1cc(Cl)c(OC)c(C(=O)OC)c1)c1cc(Cl)c(OC)c(C(=O)OC)c1
mol_10222,CC(C)CCCC(C)C1CCC2C3CCC4CC(CC=C(c5cc(Cl)c(O)c(C(=O)O)c5)c5cc(Cl)c(O)c(C(=O)O)c5)CCC4(C)C3CCC12C.N
mol_10223,CCOP(=O)(OCC)C(C#N)=Cc1cccn1C(C)C
mol_10224,N#CNC1=NCCC(=O)N1CCc1c[nH]c2ccccc12
mol_10225,Cc1noc(NS(=O)(=O)c2ccc(NC(=O)c3ccc4nc5ccccc5c(Nc5ccc(S(=O)(=O)Nc6onc(C)c6C)cc5)c4c3)cc2)c1C
mol_10226,Oc1cccc(C2SCc3nc4ccccc4n32)c1
mol_10227,O=S(=O)(O)c1cc(O)c2c(N=Nc3ccc(Nc4ccccc4)c4c(S(=O)(=O)O)cccc34)cc(S(=O)(=O)O)cc2c1
mol_10228,O=C(O)CC1C(=O)OC2C(COC(=O)c3cc(O)c(O)c(O)c3)OC(OC(=O)c3cc(O)c(O)c(O)c3)C(OC(=O)c3cc(O)c(O)c4c3C1C(O)C(=O)O4)C2OC(=O)c1cc(O)c(O)c(O)c1
mol_10229,Cc1cc(S(=O)(=O)Nc2nnc3cnc4ccccc4n23)c(S)cc1Cl
mol_10230,CN(C)CCCNC(=O)c1cc(NC(=O)c2cc(NC(=O)c3cc(N4C(=O)c5ccccc5C4=O)cn3C)cn2C)cn1C
mol_10231,COc1ccc(-c2cc(=O)c3c(C)cc(O)cc3o2)cc1
mol_10232,CNc1ccc(Cl)cc1S(=O)(=O)c1ccccc1[N+](=O)[O-]
mol_10233,CC(OC(=O)NCn1cc(-c2ccccc2)nn1)c1ccccc1
mol_10234,O=[N+]([O-])c1ccccc1C1SCc2nc3ccccc3n21
mol_10235,CC(C)C(N=C1CC2CCC1(C(=O)Nc1ccccc1O)C2(C)C)c1ccccc1
mol_10236,N=C(N)NS(=O)(=O)c1ccc(NC(=O)c2ccc3nc4ccccc4c(Nc4ccc(S(=O)(=O)NC(=N)N)cc4)c3c2)cc1
mol_10237,COC(c1ccc(O)cc1)C1NC(=O)C(CCC(N)=O)N(C)C(=O)C(CC(C)C)NC(=O)C(CCCNC(=N)N)NC(=O)C(C(C)O)NC(=O)C(NC(=O)C(NC(=O)C(O)C(O)C(CCCNC(=N)N)NC(=O)C(C)NC(=O)C(C)C(O)C(C)CC(C)C)C(C)C(C)C(N)=O)C(C)OC(=O)C(C)N(C)C1=O
mol_10238,N=c1[nH]nc(-c2ccccc2S)o1
mol_10239,N=C(N)NS(=O)(=O)c1ccc(-n2sc3ccccc3c2=O)cc1
mol_10240,CC1OC(OCC2OC(Oc3ccc4c(=O)c(-c5ccc6c(c5)OCO6)coc4c3)C(O)C(O)C2O)C(O)C(O)C1O
mol_10241,C[n+]1ccccc1.O=C(Nc1ccc(S(=O)(=O)c2ccc(NC(=O)c3cc(S(=O)(=O)O)ccc3O)cc2)cc1)c1cc(S(=O)(=O)O)ccc1O.[Cl-].[NaH]
mol_10242,CCOC(=O)C(C(=O)c1ccccc1C(=O)OC)=P(c1ccccc1)(c1ccccc1)c1ccccc1
mol_10243,COC(=O)C1c2c(C)cc3n2C(C=C(C)C3)C1C(=O)OC
mol_10244,CC(C)CCCC(C)C1CCC2C3CCC4CC(CCC=C(c5cc(Br)c(O)c(C(=O)O)c5)c5cc(Br)c(O)c(C(=O)O)c5)CCC4(C)C3CCC12C.N
mol_10245,Cc1cc(NS(=O)(=O)c2ccc(NC(=O)c3cccc4c(Nc5ccc(S(=O)(=O)NC(=N)N)cc5)c5ccccc5nc34)cc2)no1
mol_10246,CC(C)CCCC(C)C1CCC2C3CCC4CC(CCC=C(c5cc(Cl)c(OC(=O)C(C)C)c(C(=O)O)c5)c5cc(Cl)c(OC(=O)C(C)C)c(C(=O)O)c5)CCC4(C)C3CCC12C.[NaH]
mol_10247,CC(C)CCCC(C)C1CCC2C3CCC4CC(CCC=C(c5cc(Cl)c(OCc6ccc(C(=O)O)cc6)c(C(=O)O)c5)c5cc(Cl)c(OCc6ccc(C(=O)O)cc6)c(C(=O)O)c5)CCC4(C)C3CCC12C.[NaH]
mol_10248,Cc1cc(-c2ccc(N=Nc3cc(S(=O)(=O)O)c4ccccc4c3N)c(C)c2)ccc1N=Nc1cc(S(=O)(=O)O)c2ccccc2c1N
mol_10249,C=CCN(CC=C)C(=O)Nc1ccc(C(=O)NN=Cc2cccc(OC)c2OC)cc1
mol_10250,COc1ccc(C(Cl)=C(C=O)c2ccc(OC)c(OC)c2)cc1OC
mol_10251,Cc1cn(C2CC(N=[N+]=[N-])C(COC(=O)CCCCCCCCCCCc3ccccc3)O2)c(=O)[nH]c1=O
mol_10252,CCOC(=O)c1c(N)ssc1=S
mol_10253,CCCCC(C)CCCC1=C(O)C(=CC(=O)O)OC1=O
mol_10254,CCOC(C)OC1CC(n2cc(C)c(=O)[nH]c2=O)OC1CO
mol_10255,COC(=O)c1cc(C(=CCCBr)c2cc(Cl)c(OC)c(C(=O)OC)c2)cc(Cl)c1OC
mol_10256,O=C1Nc2cnc(Cl)nc2Nc2ccc(Cl)cc21
mol_10257,CC(C)C(OC(=O)c1cc(NC(=S)c2ccccc2)ccc1Cl)C(C)C
mol_10258,N=C(Nc1ccc(O)cc1)S(=O)(=O)O
mol_10259,O=C(NCC(=O)N1CCCC1C(=O)OC(=O)C1CCCN1C(=O)CNC(=O)OCc1ccccc1)OCc1ccccc1
mol_10260,CCc1c(Cc2cc(C)cc(C)c2)n(COCCCO)c(=O)[nH]c1=O
mol_10261,O=S(=O)(O)c1cc(N=Nc2ccc(C=Cc3ccc(N=Nc4cc(S(=O)(=O)O)c5cccnc5c4O)cc3)cc2)c(O)c2ncccc12.[NaH]
mol_10262,CNc1cc(C)ccc1S(=O)(=O)c1ccccc1[N+](=O)[O-]
mol_10263,O=C1OC(C2OC(=O)c3cc(O)c(O)c(O)c3-c3c(O)c(O)c4oc(=O)c5c(c(O)c(O)c6oc(=O)c3c4c65)-c3c(cc(O)c(O)c3O)C(=O)OCC2O)C2OC(=O)c3c(c(O)c(O)c(O)c3C2O)-c2c1cc(O)c(O)c2O
mol_10264,CCN1CC(C)Cn2c(=S)[nH]c3cc(Br)cc1c32
mol_10265,CC1CCN(SSc2nc3ccccc3s2)CC1
mol_10266,NS(=O)(=O)c1ccc(NC(=O)c2ccc3nc4ccccc4c(Nc4ccc(S(N)(=O)=O)cc4)c3c2)cc1
mol_10267,Nc1ccc2c(O)c(N=Nc3ccc(N=Nc4ccc(S(=O)(=O)O)cc4)cc3)c(S(=O)(=O)O)cc2c1N=Nc1ccc(N=Nc2ccc(S(=O)(=O)O)cc2)cc1
mol_10268,CCOC(=O)c1cc2c3ccn(Cc4ccccc4)c3c3c(C)noc3c2[nH]1
mol_10269,NCCC=C(c1cc(Cl)c(O)c(C(=O)O)c1)c1cc(Cl)c(O)c(C(=O)O)c1
mol_10270,CC1=C(C(=O)NC(CC(C)C)C(=O)O)N2C(=O)C(NC(=O)C(N)c3ccccc3)C2SC1
mol_10271,O=S(=O)(SC1=NCCN1)c1ccccc1
mol_10272,O=C(CCc1ccc(O)cc1)NCCc1cccc(O)c1
mol_10273,CC(C)=CCN1Cc2cc(Cl)cc3[nH]c(=S)n(c23)CC1C
mol_10274,Cc1ccc(C(=O)Nc2ccc(CP(=O)(O)O)cc2)cc1NC(=O)c1cccc(NC(=O)Nc2cccc(C(=O)Nc3cc(C(=O)Nc4ccc(CP(=O)(O)O)cc4)ccc3C)c2)c1.[NaH]
mol_10275,CCOC(=O)NC(Nc1ncccn1)(C(F)(F)F)C(F)(F)F
mol_10276,CC(C)CCCC(C)C1CCC2C3CCC4CC(CCC=C(c5cc(Cl)c(O)c(C(=O)O)c5)c5cc(Cl)c(O)c(C(=O)O)c5)CCC4(C)C3CCC12C.[NaH]
mol_10277,O=C(NNS(=O)(=O)c1ccccc1)c1csc(NC(=S)NC2CCCCC2)n1
mol_10278,Nc1ccc(N=Nc2ccc(C=Cc3ccc(N=Nc4ccc(N)c5cc(S(=O)(=O)O)ccc45)cc3S(=O)(=O)O)c(S(=O)(=O)O)c2)c2ccc(S(=O)(=O)O)cc12.[NaH]
